sample_id,split,cls,label,group,domain,date,S_mean,S_median,S_max,S_min,S_p90
81dbbe4ca2520471,train,Noise,Noise,Field Noise,Field,unknown_date,9.080512019775341,9.080512019775341,9.080512019775341,9.080512019775341,9.080512019775341
20bfe200070f00f7,train,Noise,Noise,Field Noise,Field,unknown_date,5.749288905712945,5.749288905712945,5.749288905712945,5.749288905712945,5.749288905712945
7abc8f550bbb7f7f,train,Noise,Noise,Field Noise,Field,unknown_date,0.5531567018199155,0.5531567018199155,0.5531567018199155,0.5531567018199155,0.5531567018199155
8908e4968ba2ce5e,train,Noise,Noise,Field Noise,Field,unknown_date,-6.3034175191024815,-6.3034175191024815,-6.3034175191024815,-6.3034175191024815,-6.3034175191024815
92300f2a00fa936c,train,Noise,Noise,Field Noise,Field,unknown_date,11.219202598174647,11.219202598174647,11.219202598174647,11.219202598174647,11.219202598174647
321c5dea1c696187,train,Noise,Noise,Field Noise,Field,unknown_date,-5.86486634268374,-5.86486634268374,-5.86486634268374,-5.86486634268374,-5.86486634268374
ed73b562df269773,train,Noise,Noise,Field Noise,Field,unknown_date,11.219202598174647,11.219202598174647,11.219202598174647,11.219202598174647,11.219202598174647
7ea138b725618702,train,Noise,Noise,Field Noise,Field,unknown_date,5.695190881346342,5.695190881346342,5.695190881346342,5.695190881346342,5.695190881346342
79c7d75f4902c991,train,Noise,Noise,Field Noise,Field,unknown_date,5.695190881346342,5.695190881346342,5.695190881346342,5.695190881346342,5.695190881346342
e4fa510c6c38e45c,train,Noise,Noise,Field Noise,Field,unknown_date,1.0272458467606214,1.0272458467606214,1.0272458467606214,1.0272458467606214,1.0272458467606214
dc585838dcea7a8d,train,Noise,Noise,Field Noise,Field,unknown_date,-6.929495591647012,-6.929495591647012,-6.929495591647012,-6.929495591647012,-6.929495591647012
1e5179d67ab37dd8,train,Noise,Noise,Field Noise,Field,unknown_date,3.4581250517495477,3.4581250517495477,3.4581250517495477,3.4581250517495477,3.4581250517495477
589dc6a3ee0f4ec7,train,Noise,Noise,Field Noise,Field,unknown_date,7.227240733481182,7.227240733481182,7.227240733481182,7.227240733481182,7.227240733481182
5c5b7ae64225334f,train,Noise,Noise,Field Noise,Field,unknown_date,7.825098023702914,7.825098023702914,7.825098023702914,7.825098023702914,7.825098023702914
f47eeecc39250abf,train,Noise,Noise,Field Noise,Field,unknown_date,3.5910602203373685,3.5910602203373685,3.5910602203373685,3.5910602203373685,3.5910602203373685
0d95b3bc32e7ae09,train,Noise,Noise,Field Noise,Field,unknown_date,1.5684576453681665,1.5684576453681665,1.5684576453681665,1.5684576453681665,1.5684576453681665
1c3ea257bad89bc0,train,Noise,Noise,Field Noise,Field,unknown_date,7.435779278730109,7.435779278730109,7.435779278730109,7.435779278730109,7.435779278730109
ed3bb813b41b209c,train,Noise,Noise,Field Noise,Field,unknown_date,5.546432403008225,5.546432403008225,5.546432403008225,5.546432403008225,5.546432403008225
9fa70f9e5fb6706b,train,Noise,Noise,Field Noise,Field,unknown_date,-1.3312859160086514,-1.3312859160086514,-1.3312859160086514,-1.3312859160086514,-1.3312859160086514
8a0346388477f2cc,train,Noise,Noise,Field Noise,Field,unknown_date,-0.1349497541155955,-0.1349497541155955,-0.1349497541155955,-0.1349497541155955,-0.1349497541155955
93863fe081f4668c,train,Noise,Noise,Field Noise,Field,unknown_date,-3.6466227254729517,-3.6466227254729517,-3.6466227254729517,-3.6466227254729517,-3.6466227254729517
44289907ac58e52b,train,Noise,Noise,Field Noise,Field,unknown_date,-4.453371612083629,-4.453371612083629,-4.453371612083629,-4.453371612083629,-4.453371612083629
f0a657cd79c6dfb3,train,Noise,Noise,Field Noise,Field,unknown_date,8.211877429280072,8.211877429280072,8.211877429280072,8.211877429280072,8.211877429280072
8099cff6b2174b8a,train,Noise,Noise,Field Noise,Field,unknown_date,-4.657725970363252,-4.657725970363252,-4.657725970363252,-4.657725970363252,-4.657725970363252
8b2bbda5bc423cb5,train,Noise,Noise,Field Noise,Field,unknown_date,13.397116773280505,13.397116773280505,13.397116773280505,13.397116773280505,13.397116773280505
32305c6a8c4cb526,train,Noise,Noise,Field Noise,Field,unknown_date,4.193776973635215,4.193776973635215,4.193776973635215,4.193776973635215,4.193776973635215
7da44ed9e33ea63d,train,Noise,Noise,Field Noise,Field,unknown_date,3.562461735944588,3.562461735944588,3.562461735944588,3.562461735944588,3.562461735944588
d3349fccd2ba0462,train,Noise,Noise,Field Noise,Field,unknown_date,-1.0347143713123579,-1.0347143713123579,-1.0347143713123579,-1.0347143713123579,-1.0347143713123579
80db5dd67bd66e8c,train,Noise,Noise,Field Noise,Field,unknown_date,-0.89002257754216,-0.89002257754216,-0.89002257754216,-0.89002257754216,-0.89002257754216
a12fa096ea90ca14,test,Noise,Noise,Field Noise,Field,20250213,-4.182967097388243,-4.182967097388243,-4.182967097388243,-4.182967097388243,-4.182967097388243
4bd71b8132ae9d8f,test,Noise,Noise,Field Noise,Field,20250213,-4.769057187089125,-4.769057187089125,-4.769057187089125,-4.769057187089125,-4.769057187089125
c1da5bf4e043d10b,test,Noise,Noise,Field Noise,Field,20250213,-6.167289412014615,-6.167289412014615,-6.167289412014615,-6.167289412014615,-6.167289412014615
a0d05d67380d0b88,test,Noise,Noise,Field Noise,Field,20250213,-6.405684369074528,-6.405684369074528,-6.405684369074528,-6.405684369074528,-6.405684369074528
9b9b9fbc0ac02af7,val,Noise,Noise,Field Noise,Field,20250214,-2.9644713186182514,-2.9644713186182514,-2.9644713186182514,-2.9644713186182514,-2.9644713186182514
adb11e35086c777b,val,Noise,Noise,Field Noise,Field,20250214,-0.6109103513606868,-0.6109103513606868,-0.6109103513606868,-0.6109103513606868,-0.6109103513606868
bfd1d0200f3fc63b,val,Noise,Noise,Field Noise,Field,20250214,-9.199988330583196,-9.199988330583196,-9.199988330583196,-9.199988330583196,-9.199988330583196
248531c2b5f07cde,val,Noise,Noise,Field Noise,Field,20250214,-1.3525524425630095,-1.3525524425630095,-1.3525524425630095,-1.3525524425630095,-1.3525524425630095
c6152ff2f9017add,val,Noise,Noise,Field Noise,Field,20250214,-5.401780870557783,-5.401780870557783,-5.401780870557783,-5.401780870557783,-5.401780870557783
d273edeab6b2cec7,val,Noise,Noise,Field Noise,Field,20250214,-6.517425447506888,-6.517425447506888,-6.517425447506888,-6.517425447506888,-6.517425447506888
7cdcd1cc47785300,val,Noise,Noise,Field Noise,Field,20250210,3.3815905223175298,3.3815905223175298,3.3815905223175298,3.3815905223175298,3.3815905223175298
5b15ca3a75ce29a9,test,Noise,Noise,Field Noise,Field,20250211,1.4787464216979203,1.4787464216979203,1.4787464216979203,1.4787464216979203,1.4787464216979203
9c494da5ac56b307,train,Noise,Noise,Field Noise,Field,20250212,-8.538450851107697,-8.538450851107697,-8.538450851107697,-8.538450851107697,-8.538450851107697
49862578cd12cd8e,train,Noise,Noise,Field Noise,Field,20250212,-3.523962009610919,-3.523962009610919,-3.523962009610919,-3.523962009610919,-3.523962009610919
87747eabc5361536,test,Noise,Noise,Field Noise,Field,20250213,1.792326438641794,1.792326438641794,1.792326438641794,1.792326438641794,1.792326438641794
fd61450c28cacf4b,test,Noise,Noise,Field Noise,Field,20250213,3.875694787718114,3.875694787718114,3.875694787718114,3.875694787718114,3.875694787718114
5dcf44d08416fbe9,val,Noise,Noise,Field Noise,Field,20250210,-0.9151873457886524,-0.9151873457886524,-0.9151873457886524,-0.9151873457886524,-0.9151873457886524
fb1df535efc5f218,train,Noise,Noise,Field Noise,Field,20250207,2.6098829863578388,2.6098829863578388,2.6098829863578388,2.6098829863578388,2.6098829863578388
feb4b96a1e408c71,train,Noise,Noise,Field Noise,Field,20250207,0.6377507680910668,0.6377507680910668,0.6377507680910668,0.6377507680910668,0.6377507680910668
2a188a04afe0efbd,train,Noise,Noise,Field Noise,Field,20250207,0.06047850050315162,0.06047850050315162,0.06047850050315162,0.06047850050315162,0.06047850050315162
11a26a24856d3fae,train,Noise,Noise,Field Noise,Field,20250207,0.7922502605475756,0.7922502605475756,0.7922502605475756,0.7922502605475756,0.7922502605475756
527e95e659f0ed42,train,Noise,Noise,Field Noise,Field,20250207,0.48159972121106875,0.48159972121106875,0.48159972121106875,0.48159972121106875,0.48159972121106875
dd30a8bf6bccb071,train,Noise,Noise,Field Noise,Field,20250207,2.5245332394393145,2.5245332394393145,2.5245332394393145,2.5245332394393145,2.5245332394393145
1b473a87c8311ced,train,Noise,Noise,Field Noise,Field,20250207,1.5252477691904147,1.5252477691904147,1.5252477691904147,1.5252477691904147,1.5252477691904147
c0745a8460604d24,train,Noise,Noise,Field Noise,Field,20250207,3.376862322910746,3.376862322910746,3.376862322910746,3.376862322910746,3.376862322910746
f26db391606dd631,train,Noise,Noise,Field Noise,Field,20250207,2.7152677018099283,2.7152677018099283,2.7152677018099283,2.7152677018099283,2.7152677018099283
afb6ba96f98f00a0,train,Noise,Noise,Field Noise,Field,20250207,1.4217172390591912,1.4217172390591912,1.4217172390591912,1.4217172390591912,1.4217172390591912
8f0d10d5e502c487,train,Noise,Noise,Field Noise,Field,20250207,0.43972166798550916,0.43972166798550916,0.43972166798550916,0.43972166798550916,0.43972166798550916
5a7b66a335d24b6f,train,Noise,Noise,Field Noise,Field,20250207,0.5490300542291919,0.5490300542291919,0.5490300542291919,0.5490300542291919,0.5490300542291919
3abcd41504b589d6,train,Noise,Noise,Field Noise,Field,20250207,1.6084228506109923,1.6084228506109923,1.6084228506109923,1.6084228506109923,1.6084228506109923
dc0d83ca3589c9a0,train,Noise,Noise,Field Noise,Field,20250207,1.2334446326405413,1.2334446326405413,1.2334446326405413,1.2334446326405413,1.2334446326405413
787a91851ed98ea5,train,Noise,Noise,Field Noise,Field,20250207,1.823430163882776,1.823430163882776,1.823430163882776,1.823430163882776,1.823430163882776
efdf8835b6fad8b0,train,Noise,Noise,Field Noise,Field,20250207,2.4961002540265724,2.4961002540265724,2.4961002540265724,2.4961002540265724,2.4961002540265724
427d071e1f9f653b,train,Noise,Noise,Field Noise,Field,20250207,4.105898055741491,4.105898055741491,4.105898055741491,4.105898055741491,4.105898055741491
5106fa385460d6a8,train,Noise,Noise,Field Noise,Field,20250207,2.7510502611413727,2.7510502611413727,2.7510502611413727,2.7510502611413727,2.7510502611413727
16b319f214511877,train,Noise,Noise,Field Noise,Field,20250207,1.6425021611344306,1.6425021611344306,1.6425021611344306,1.6425021611344306,1.6425021611344306
9fc25ab082f0531e,train,Noise,Noise,Field Noise,Field,20250207,1.3956979675844252,1.3956979675844252,1.3956979675844252,1.3956979675844252,1.3956979675844252
e65675cc39959be2,train,Noise,Noise,Field Noise,Field,20250207,-1.4745615738651168,-1.4745615738651168,-1.4745615738651168,-1.4745615738651168,-1.4745615738651168
eb23cddab83d06c9,train,Noise,Noise,Field Noise,Field,20250207,-1.111380088636352,-1.111380088636352,-1.111380088636352,-1.111380088636352,-1.111380088636352
26c2f3fe3f4c8419,train,Noise,Noise,Field Noise,Field,20250207,-0.3492439993992775,-0.3492439993992775,-0.3492439993992775,-0.3492439993992775,-0.3492439993992775
3c3f9174ce7f44ec,train,Noise,Noise,Field Noise,Field,20250207,1.6877190302610217,1.6877190302610217,1.6877190302610217,1.6877190302610217,1.6877190302610217
08b1439c42371a4b,train,Noise,Noise,Field Noise,Field,20250207,1.0831260501167606,1.0831260501167606,1.0831260501167606,1.0831260501167606,1.0831260501167606
0140069b8a6c4c3e,val,Noise,Noise,Field Noise,Field,20250208,1.8425748699898303,1.8425748699898303,1.8425748699898303,1.8425748699898303,1.8425748699898303
bae2946024fcc370,val,Noise,Noise,Field Noise,Field,20250208,1.3316377883459651,1.3316377883459651,1.3316377883459651,1.3316377883459651,1.3316377883459651
881678f8bc96731d,val,Noise,Noise,Field Noise,Field,20250208,-2.589121327825481,-2.589121327825481,-2.589121327825481,-2.589121327825481,-2.589121327825481
0cd7700882ec1d58,val,Noise,Noise,Field Noise,Field,20250208,-2.027472335862683,-2.027472335862683,-2.027472335862683,-2.027472335862683,-2.027472335862683
971325881988265a,val,Noise,Noise,Field Noise,Field,20250208,-1.5778661684113473,-1.5778661684113473,-1.5778661684113473,-1.5778661684113473,-1.5778661684113473
58170d9c700de650,val,Noise,Noise,Field Noise,Field,20250208,-0.8740615792495134,-0.8740615792495134,-0.8740615792495134,-0.8740615792495134,-0.8740615792495134
ec5991e5ef78dca7,val,Noise,Noise,Field Noise,Field,20250208,-0.12832566106726517,-0.12832566106726517,-0.12832566106726517,-0.12832566106726517,-0.12832566106726517
e708d028d6919aab,val,Noise,Noise,Field Noise,Field,20250208,-1.550814171052906,-1.550814171052906,-1.550814171052906,-1.550814171052906,-1.550814171052906
d2e7dfde985af68f,val,Noise,Noise,Field Noise,Field,20250208,-2.226261397927246,-2.226261397927246,-2.226261397927246,-2.226261397927246,-2.226261397927246
2d4170be38805480,val,Noise,Noise,Field Noise,Field,20250208,-2.553514059087796,-2.553514059087796,-2.553514059087796,-2.553514059087796,-2.553514059087796
8465734dfce1d782,val,Noise,Noise,Field Noise,Field,20250208,-2.354624349906814,-2.354624349906814,-2.354624349906814,-2.354624349906814,-2.354624349906814
f43840b34364cf51,val,Noise,Noise,Field Noise,Field,20250208,-1.7879388708496364,-1.7879388708496364,-1.7879388708496364,-1.7879388708496364,-1.7879388708496364
75c25b3a118c5ab8,val,Noise,Noise,Field Noise,Field,20250208,0.032469175196425226,0.032469175196425226,0.032469175196425226,0.032469175196425226,0.032469175196425226
80ded34d32a326c8,val,Noise,Noise,Field Noise,Field,20250208,0.4656713927209779,0.4656713927209779,0.4656713927209779,0.4656713927209779,0.4656713927209779
ad0dd4ad8da3a647,val,Noise,Noise,Field Noise,Field,20250208,1.737977411826705,1.737977411826705,1.737977411826705,1.737977411826705,1.737977411826705
2aff8dc533d9dd4a,val,Noise,Noise,Field Noise,Field,20250208,2.8474389942851133,2.8474389942851133,2.8474389942851133,2.8474389942851133,2.8474389942851133
58f1f3fc4490dc14,val,Noise,Noise,Field Noise,Field,20250208,2.400768619101612,2.400768619101612,2.400768619101612,2.400768619101612,2.400768619101612
970b8468ed9cae4e,train,Noise,Noise,Field Noise,Field,20250209,-6.663772312706087,-6.663772312706087,-6.663772312706087,-6.663772312706087,-6.663772312706087
e007afa520d12ffb,train,Noise,Noise,Field Noise,Field,20250209,-5.532086469794251,-5.532086469794251,-5.532086469794251,-5.532086469794251,-5.532086469794251
de847c7465e9a0ef,train,Noise,Noise,Field Noise,Field,20250209,-4.81880494834337,-4.81880494834337,-4.81880494834337,-4.81880494834337,-4.81880494834337
41c5379fbf1637f3,train,Noise,Noise,Field Noise,Field,20250209,-3.6264343012954043,-3.6264343012954043,-3.6264343012954043,-3.6264343012954043,-3.6264343012954043
f30571af8d2c13cb,train,Noise,Noise,Field Noise,Field,20250209,-2.9001394982443713,-2.9001394982443713,-2.9001394982443713,-2.9001394982443713,-2.9001394982443713
f45b13cc0bba8edd,val,Noise,Noise,Field Noise,Field,20250210,-0.22457150905353274,-0.22457150905353274,-0.22457150905353274,-0.22457150905353274,-0.22457150905353274
1d20aafe2b86518f,val,Noise,Noise,Field Noise,Field,20250210,0.27082333762450617,0.27082333762450617,0.27082333762450617,0.27082333762450617,0.27082333762450617
b9e67fbcc69c4c00,val,Noise,Noise,Field Noise,Field,20250210,-0.2402166613487111,-0.2402166613487111,-0.2402166613487111,-0.2402166613487111,-0.2402166613487111
59a3b2a37d8e00ab,val,Noise,Noise,Field Noise,Field,20250210,-1.7696505905192765,-1.7696505905192765,-1.7696505905192765,-1.7696505905192765,-1.7696505905192765
7ff287f8d10a1fd3,val,Noise,Noise,Field Noise,Field,20250210,-1.54605647446229,-1.54605647446229,-1.54605647446229,-1.54605647446229,-1.54605647446229
b8d1f54efa0ef837,val,Noise,Noise,Field Noise,Field,20250210,-1.3479239285840592,-1.3479239285840592,-1.3479239285840592,-1.3479239285840592,-1.3479239285840592
e8e87513903b7eb8,val,Noise,Noise,Field Noise,Field,20250210,-1.7138362443581272,-1.7138362443581272,-1.7138362443581272,-1.7138362443581272,-1.7138362443581272
86dcfec37f4e040f,val,Noise,Noise,Field Noise,Field,20250210,-2.5048910621516782,-2.5048910621516782,-2.5048910621516782,-2.5048910621516782,-2.5048910621516782
751e00be4fb58617,val,Noise,Noise,Field Noise,Field,20250210,0.5797375996683058,0.5797375996683058,0.5797375996683058,0.5797375996683058,0.5797375996683058
c7cb9f5350a8ea05,val,Noise,Noise,Field Noise,Field,20250210,1.820276174664201,1.820276174664201,1.820276174664201,1.820276174664201,1.820276174664201
ea9a1bd4a6ff42bb,test,Noise,Noise,Field Noise,Field,20250211,1.6520558460949673,1.6520558460949673,1.6520558460949673,1.6520558460949673,1.6520558460949673
37272aff09615ecc,test,Noise,Noise,Field Noise,Field,20250211,2.5337576218234688,2.5337576218234688,2.5337576218234688,2.5337576218234688,2.5337576218234688
1faf2ca8e4c5418e,test,Noise,Noise,Field Noise,Field,20250211,4.156179960518443,4.156179960518443,4.156179960518443,4.156179960518443,4.156179960518443
96718409ccac099f,test,Noise,Noise,Field Noise,Field,20250211,5.352675559944444,5.352675559944444,5.352675559944444,5.352675559944444,5.352675559944444
e2475bfd8cf0c0cc,test,Noise,Noise,Field Noise,Field,20250211,4.2025165580940325,4.2025165580940325,4.2025165580940325,4.2025165580940325,4.2025165580940325
132e9448ab1a8077,train,Noise,Noise,Field Noise,Field,20250212,-0.6921635340056795,-0.6921635340056795,-0.6921635340056795,-0.6921635340056795,-0.6921635340056795
90739ec4d0212483,train,Noise,Noise,Field Noise,Field,20250212,1.7867090065850277,1.7867090065850277,1.7867090065850277,1.7867090065850277,1.7867090065850277
7c456f270e9d6e66,train,Noise,Noise,Field Noise,Field,20250212,1.2908960639547757,1.2908960639547757,1.2908960639547757,1.2908960639547757,1.2908960639547757
75fbd5dcd934674f,train,Noise,Noise,Field Noise,Field,20250212,0.9636285523679788,0.9636285523679788,0.9636285523679788,0.9636285523679788,0.9636285523679788
be30805c35a8d4c4,train,Noise,Noise,Field Noise,Field,20250212,0.40460583706827435,0.40460583706827435,0.40460583706827435,0.40460583706827435,0.40460583706827435
d69655deb402d719,train,Noise,Noise,Field Noise,Field,20250212,0.9403532569121182,0.9403532569121182,0.9403532569121182,0.9403532569121182,0.9403532569121182
024cdb882b83a2c3,test,Noise,Noise,Field Noise,Field,20250213,0.021091902340550917,0.021091902340550917,0.021091902340550917,0.021091902340550917,0.021091902340550917
7988bbb4fd7e5cb6,test,Noise,Noise,Field Noise,Field,20250213,-1.4574403882602098,-1.4574403882602098,-1.4574403882602098,-1.4574403882602098,-1.4574403882602098
b16da765cec4678f,test,Noise,Noise,Field Noise,Field,20250213,-0.2649157928633983,-0.2649157928633983,-0.2649157928633983,-0.2649157928633983,-0.2649157928633983
31b5860d5bc8b3f7,test,Noise,Noise,Field Noise,Field,20250213,0.9747834824078581,0.9747834824078581,0.9747834824078581,0.9747834824078581,0.9747834824078581
e5cd496f4332924c,test,Noise,Noise,Field Noise,Field,20250213,1.7094633925231975,1.7094633925231975,1.7094633925231975,1.7094633925231975,1.7094633925231975
243a4f8060dd8257,train,Noise,Noise,Field Noise,Field,20250207,1.57399303509985,1.57399303509985,1.57399303509985,1.57399303509985,1.57399303509985
953db545133bb954,val,Noise,Noise,Field Noise,Field,20250208,1.275653662497784,1.275653662497784,1.275653662497784,1.275653662497784,1.275653662497784
afab1c67c2712a14,val,Noise,Noise,Field Noise,Field,20250210,4.137775495177127,4.137775495177127,4.137775495177127,4.137775495177127,4.137775495177127
589dd62c9fa95b32,test,Noise,Noise,Field Noise,Field,20250213,-5.60151678840684,-5.60151678840684,-5.60151678840684,-5.60151678840684,-5.60151678840684
4a8764757979c52e,test,Noise,Noise,Field Noise,Field,20250213,-6.016058521521323,-6.016058521521323,-6.016058521521323,-6.016058521521323,-6.016058521521323
2c1f324981b5fc3e,test,Noise,Noise,Field Noise,Field,20250213,-5.24189742131523,-5.24189742131523,-5.24189742131523,-5.24189742131523,-5.24189742131523
f4abbfba1bc5e6c3,test,Noise,Noise,Field Noise,Field,20250213,-5.968334518341379,-5.968334518341379,-5.968334518341379,-5.968334518341379,-5.968334518341379
257eb7545b5a8dbc,test,Noise,Noise,Field Noise,Field,20250217,-2.792003065317374,-2.792003065317374,-2.792003065317374,-2.792003065317374,-2.792003065317374
794a2ad451a34528,train,Noise,Noise,Field Noise,Field,20250207,2.1048681885234606,2.1048681885234606,2.1048681885234606,2.1048681885234606,2.1048681885234606
78f3ca905ce2cc4c,test,Noise,Noise,Field Noise,Field,20250217,-4.526538444205791,-4.526538444205791,-4.526538444205791,-4.526538444205791,-4.526538444205791
9b8e32793e4b2ece,train,Noise,Noise,Field Noise,Field,20250203,-0.27324660101925247,-0.27324660101925247,-0.27324660101925247,-0.27324660101925247,-0.27324660101925247
b8da0c03e6781c68,train,Noise,Noise,Field Noise,Field,20250203,-1.172640578169272,-1.172640578169272,-1.172640578169272,-1.172640578169272,-1.172640578169272
318ee13a0a8cb474,train,Noise,Noise,Field Noise,Field,20250203,0.06826779736825905,0.06826779736825905,0.06826779736825905,0.06826779736825905,0.06826779736825905
4ec63814ddd8c1aa,train,Noise,Noise,Field Noise,Field,20250203,2.579106620696294,2.579106620696294,2.579106620696294,2.579106620696294,2.579106620696294
34e3d09785a517cf,train,Noise,Noise,Field Noise,Field,20250203,4.224306043696812,4.224306043696812,4.224306043696812,4.224306043696812,4.224306043696812
75a27143f4e1002f,train,Noise,Noise,Field Noise,Field,20250203,4.420609733179704,4.420609733179704,4.420609733179704,4.420609733179704,4.420609733179704
ee52d7985b546dba,train,Noise,Noise,Field Noise,Field,20250203,-0.6091209515405271,-0.6091209515405271,-0.6091209515405271,-0.6091209515405271,-0.6091209515405271
e76deb044cb2588c,train,Noise,Noise,Field Noise,Field,20250203,-2.0276052133356366,-2.0276052133356366,-2.0276052133356366,-2.0276052133356366,-2.0276052133356366
99ceb10529af1f72,train,Noise,Noise,Field Noise,Field,20250203,-1.4009375434931997,-1.4009375434931997,-1.4009375434931997,-1.4009375434931997,-1.4009375434931997
fb2137fc20d5b728,train,Noise,Noise,Field Noise,Field,20250203,-0.38300882320588236,-0.38300882320588236,-0.38300882320588236,-0.38300882320588236,-0.38300882320588236
d8ba1045b2fa0d94,train,Noise,Noise,Field Noise,Field,20250203,-0.191974046789257,-0.191974046789257,-0.191974046789257,-0.191974046789257,-0.191974046789257
54cf5e90662e7f9f,train,Noise,Noise,Field Noise,Field,20250203,0.03273955809609852,0.03273955809609852,0.03273955809609852,0.03273955809609852,0.03273955809609852
15b1ac55947638ab,train,Noise,Noise,Field Noise,Field,20250203,0.6146793752875759,0.6146793752875759,0.6146793752875759,0.6146793752875759,0.6146793752875759
a42338527a3ea057,train,Noise,Noise,Field Noise,Field,20250203,1.0406202705045438,1.0406202705045438,1.0406202705045438,1.0406202705045438,1.0406202705045438
42fcace35e22c023,test,Noise,Noise,Field Noise,Field,20250205,-2.277468961852419,-2.277468961852419,-2.277468961852419,-2.277468961852419,-2.277468961852419
651a7756ec8266eb,test,Noise,Noise,Field Noise,Field,20250205,-2.5841204326497103,-2.5841204326497103,-2.5841204326497103,-2.5841204326497103,-2.5841204326497103
dd640a1d4fc62b39,test,Noise,Noise,Field Noise,Field,20250205,-3.5689429288978705,-3.5689429288978705,-3.5689429288978705,-3.5689429288978705,-3.5689429288978705
d1fa1b50eeda20a2,test,Noise,Noise,Field Noise,Field,20250205,-2.4488823788143907,-2.4488823788143907,-2.4488823788143907,-2.4488823788143907,-2.4488823788143907
38343be2c3a11b15,test,Noise,Noise,Field Noise,Field,20250205,-2.2175658278008807,-2.2175658278008807,-2.2175658278008807,-2.2175658278008807,-2.2175658278008807
fe661ebe7632adc4,test,Noise,Noise,Field Noise,Field,20250205,-2.7716421290070183,-2.7716421290070183,-2.7716421290070183,-2.7716421290070183,-2.7716421290070183
f7376060044fad58,train,Noise,Noise,Field Noise,Field,20250203,10.914916001603423,10.914916001603423,10.914916001603423,10.914916001603423,10.914916001603423
80ba043519f7c4f4,test,Noise,Noise,Field Noise,Field,20250206,8.50801893911283,8.50801893911283,8.50801893911283,8.50801893911283,8.50801893911283
bc9fbbdaa7376a05,test,Noise,Noise,Field Noise,Field,20250206,9.063992411296788,9.063992411296788,9.063992411296788,9.063992411296788,9.063992411296788
31a37eaa38c9e393,test,Noise,Noise,Field Noise,Field,20250206,8.271360808138414,8.271360808138414,8.271360808138414,8.271360808138414,8.271360808138414
8dce958239dc022f,test,Noise,Noise,Field Noise,Field,20250206,3.399884365065475,3.399884365065475,3.399884365065475,3.399884365065475,3.399884365065475
d21f135faa9f9d16,test,Noise,Noise,Field Noise,Field,20250206,3.594489826448779,3.594489826448779,3.594489826448779,3.594489826448779,3.594489826448779
6e1415f46570bb06,test,Noise,Noise,Field Noise,Field,20250206,3.5939975713841363,3.5939975713841363,3.5939975713841363,3.5939975713841363,3.5939975713841363
df12f4dfd836a699,test,Noise,Noise,Field Noise,Field,20250206,1.4399394180485956,1.4399394180485956,1.4399394180485956,1.4399394180485956,1.4399394180485956
58cb2776f8413d7d,test,Noise,Noise,Field Noise,Field,20250206,-1.0311102596959358,-1.0311102596959358,-1.0311102596959358,-1.0311102596959358,-1.0311102596959358
9407133636936564,test,Noise,Noise,Field Noise,Field,20250206,0.5746149278005532,0.5746149278005532,0.5746149278005532,0.5746149278005532,0.5746149278005532
bcc2c33abbad34bd,test,Noise,Noise,Field Noise,Field,20250206,2.9247204093210826,2.9247204093210826,2.9247204093210826,2.9247204093210826,2.9247204093210826
496798b8a8ead9a4,test,Noise,Noise,Field Noise,Field,20250206,1.215870059767667,1.215870059767667,1.215870059767667,1.215870059767667,1.215870059767667
2f7468dacaa7a2ef,test,Noise,Noise,Field Noise,Field,20250206,3.295221735301368,3.295221735301368,3.295221735301368,3.295221735301368,3.295221735301368
a149a7adcda57aba,test,Noise,Noise,Field Noise,Field,20250206,4.785193591603985,4.785193591603985,4.785193591603985,4.785193591603985,4.785193591603985
7c5c3b275f24634e,test,Noise,Noise,Field Noise,Field,20250206,7.105631998121794,7.105631998121794,7.105631998121794,7.105631998121794,7.105631998121794
af88c1582bda2654,test,Noise,Noise,Field Noise,Field,20250206,6.248853939248875,6.248853939248875,6.248853939248875,6.248853939248875,6.248853939248875
47694a3c9e2347eb,test,Noise,Noise,Field Noise,Field,20250206,3.512737441774334,3.512737441774334,3.512737441774334,3.512737441774334,3.512737441774334
891879b0ad156991,test,Noise,Noise,Field Noise,Field,20250206,0.3186956749258911,0.3186956749258911,0.3186956749258911,0.3186956749258911,0.3186956749258911
946c724c0111f24e,test,Noise,Noise,Field Noise,Field,20250206,3.1774466720601993,3.1774466720601993,3.1774466720601993,3.1774466720601993,3.1774466720601993
4900eba010a76395,test,Noise,Noise,Field Noise,Field,20250206,3.7494715904778246,3.7494715904778246,3.7494715904778246,3.7494715904778246,3.7494715904778246
2ad34cc162187c6e,test,Noise,Noise,Field Noise,Field,20250206,3.6209051906864005,3.6209051906864005,3.6209051906864005,3.6209051906864005,3.6209051906864005
645a172946775d89,test,Noise,Noise,Field Noise,Field,20250206,2.759076434259299,2.759076434259299,2.759076434259299,2.759076434259299,2.759076434259299
408ccf82bb98ef4c,test,Noise,Noise,Field Noise,Field,20250206,1.911259405960962,1.911259405960962,1.911259405960962,1.911259405960962,1.911259405960962
3b06970b18ad4091,test,Noise,Noise,Field Noise,Field,20250206,1.8023652553289224,1.8023652553289224,1.8023652553289224,1.8023652553289224,1.8023652553289224
cc305a65eabb0f01,test,Noise,Noise,Field Noise,Field,20250213,1.3752082482857588,1.3752082482857588,1.3752082482857588,1.3752082482857588,1.3752082482857588
805301343e588c7f,test,Noise,Noise,Field Noise,Field,20250213,1.7279774016714526,1.7279774016714526,1.7279774016714526,1.7279774016714526,1.7279774016714526
c70263d595801d6a,test,Noise,Noise,Field Noise,Field,20250213,1.664871368223377,1.664871368223377,1.664871368223377,1.664871368223377,1.664871368223377
33a18ecef525143b,test,Noise,Noise,Field Noise,Field,20250213,0.48836016909642055,0.48836016909642055,0.48836016909642055,0.48836016909642055,0.48836016909642055
837c358e948b88e8,test,Noise,Noise,Field Noise,Field,20250213,0.34799870417192125,0.34799870417192125,0.34799870417192125,0.34799870417192125,0.34799870417192125
aae5923839eb1c3b,val,Noise,Noise,Field Noise,Field,20250214,1.1159698468108097,1.1159698468108097,1.1159698468108097,1.1159698468108097,1.1159698468108097
c5ad980dcc370f0c,val,Noise,Noise,Field Noise,Field,20250214,1.4480390480878498,1.4480390480878498,1.4480390480878498,1.4480390480878498,1.4480390480878498
db5a40cc7a70475a,test,Noise,Noise,Field Noise,Field,20250216,-4.1979669350181155,-4.1979669350181155,-4.1979669350181155,-4.1979669350181155,-4.1979669350181155
046ede97f504cf9d,test,Noise,Noise,Field Noise,Field,20250216,-3.7505309104638513,-3.7505309104638513,-3.7505309104638513,-3.7505309104638513,-3.7505309104638513
b5141a1f4232bc99,test,Noise,Noise,Field Noise,Field,20250216,-5.213070578087567,-5.213070578087567,-5.213070578087567,-5.213070578087567,-5.213070578087567
09a2b449dcf8c31d,test,Noise,Noise,Field Noise,Field,20250217,-0.9359633980960282,-0.9359633980960282,-0.9359633980960282,-0.9359633980960282,-0.9359633980960282
6a5f0ee457ce19df,test,Noise,Noise,Field Noise,Field,20250217,-1.0313698290916662,-1.0313698290916662,-1.0313698290916662,-1.0313698290916662,-1.0313698290916662
e91d0792f1fa8de9,test,Noise,Noise,Field Noise,Field,20250217,-2.33713816156952,-2.33713816156952,-2.33713816156952,-2.33713816156952,-2.33713816156952
669ed7b4e538c917,test,Noise,Noise,Field Noise,Field,20250217,-2.880977224410053,-2.880977224410053,-2.880977224410053,-2.880977224410053,-2.880977224410053
59cfb38d28da6696,test,Noise,Noise,Field Noise,Field,20250217,-2.4381557863596726,-2.4381557863596726,-2.4381557863596726,-2.4381557863596726,-2.4381557863596726
d65cdfcd2ad3ed24,test,Noise,Noise,Field Noise,Field,20250217,-4.056429539723126,-4.056429539723126,-4.056429539723126,-4.056429539723126,-4.056429539723126
2a7da90dbdaff44f,test,Noise,Noise,Field Noise,Field,20250217,-3.686837289761826,-3.686837289761826,-3.686837289761826,-3.686837289761826,-3.686837289761826
f08262fd6a80e0b6,test,Noise,Noise,Field Noise,Field,20250217,-4.4246613771266965,-4.4246613771266965,-4.4246613771266965,-4.4246613771266965,-4.4246613771266965
44cbf0c3ea019f72,test,Noise,Noise,Field Noise,Field,20250217,-5.098688865361709,-5.098688865361709,-5.098688865361709,-5.098688865361709,-5.098688865361709
3d621cbe15953fc5,test,Noise,Noise,Field Noise,Field,20250217,-5.853364430718074,-5.853364430718074,-5.853364430718074,-5.853364430718074,-5.853364430718074
7b5ec5d765e743a1,test,Noise,Noise,Field Noise,Field,20250217,-1.8645338787292474,-1.8645338787292474,-1.8645338787292474,-1.8645338787292474,-1.8645338787292474
e00b270191345b3e,test,Noise,Noise,Field Noise,Field,20250217,-1.6488034042288255,-1.6488034042288255,-1.6488034042288255,-1.6488034042288255,-1.6488034042288255
3af13d6d1dc3fbfd,test,Noise,Noise,Field Noise,Field,20250217,-1.6607559622493504,-1.6607559622493504,-1.6607559622493504,-1.6607559622493504,-1.6607559622493504
49dbb7fa94387772,test,Noise,Noise,Field Noise,Field,20250217,-2.1469722653212298,-2.1469722653212298,-2.1469722653212298,-2.1469722653212298,-2.1469722653212298
a91e67050752f478,test,Noise,Noise,Field Noise,Field,20250217,-2.4826799844228464,-2.4826799844228464,-2.4826799844228464,-2.4826799844228464,-2.4826799844228464
726401204f801a13,test,Noise,Noise,Field Noise,Field,20250217,-2.9408310845748815,-2.9408310845748815,-2.9408310845748815,-2.9408310845748815,-2.9408310845748815
7fcdc97cf2021de9,test,Noise,Noise,Field Noise,Field,20250217,-2.6246267856652246,-2.6246267856652246,-2.6246267856652246,-2.6246267856652246,-2.6246267856652246
3a5d596a1c29021f,test,Noise,Noise,Field Noise,Field,20250217,-2.9877749454952607,-2.9877749454952607,-2.9877749454952607,-2.9877749454952607,-2.9877749454952607
956f17d14e388d78,test,Noise,Noise,Field Noise,Field,20250217,-2.3729408658282374,-2.3729408658282374,-2.3729408658282374,-2.3729408658282374,-2.3729408658282374
a1f1562413e0dc97,test,Noise,Noise,Field Noise,Field,20250217,-2.5881060690595916,-2.5881060690595916,-2.5881060690595916,-2.5881060690595916,-2.5881060690595916
4f3a6d8354141c6e,test,Noise,Noise,Field Noise,Field,20250217,-1.9908463186156222,-1.9908463186156222,-1.9908463186156222,-1.9908463186156222,-1.9908463186156222
f79fd8c7becdccee,test,Noise,Noise,Field Noise,Field,20250217,-2.102804532344276,-2.102804532344276,-2.102804532344276,-2.102804532344276,-2.102804532344276
77d7efb8e24fbc5c,test,Noise,Noise,Field Noise,Field,20250217,-1.9522619624163333,-1.9522619624163333,-1.9522619624163333,-1.9522619624163333,-1.9522619624163333
c2e9bf439276b8a8,test,Noise,Noise,Field Noise,Field,20250217,-2.0540959144797064,-2.0540959144797064,-2.0540959144797064,-2.0540959144797064,-2.0540959144797064
763bc4e64bde8ab8,test,Noise,Noise,Field Noise,Field,20250217,-2.254496932555009,-2.254496932555009,-2.254496932555009,-2.254496932555009,-2.254496932555009
90c47885ac859630,train,Noise,Noise,Field Noise,Field,20250219,-0.7153506472093856,-0.7153506472093856,-0.7153506472093856,-0.7153506472093856,-0.7153506472093856
2fa5359e6c12a96d,train,Noise,Noise,Field Noise,Field,20250219,-1.2900280501582166,-1.2900280501582166,-1.2900280501582166,-1.2900280501582166,-1.2900280501582166
a8c11c5cc144b945,train,Noise,Noise,Field Noise,Field,20250219,-0.7939302908550694,-0.7939302908550694,-0.7939302908550694,-0.7939302908550694,-0.7939302908550694
f0ff90efd4670b13,train,Noise,Noise,Field Noise,Field,20250219,-1.1649706565762337,-1.1649706565762337,-1.1649706565762337,-1.1649706565762337,-1.1649706565762337
7eeead391f63a387,train,Noise,Noise,Field Noise,Field,20250219,-1.546038422963612,-1.546038422963612,-1.546038422963612,-1.546038422963612,-1.546038422963612
039ec3feb4fd4ad2,train,Noise,Noise,Field Noise,Field,20250219,-1.8283910449532108,-1.8283910449532108,-1.8283910449532108,-1.8283910449532108,-1.8283910449532108
45d466f91a8692bc,train,Noise,Noise,Field Noise,Field,20250219,-2.229335025838381,-2.229335025838381,-2.229335025838381,-2.229335025838381,-2.229335025838381
a43e57f140404a09,train,Noise,Noise,Field Noise,Field,20250219,-2.093480473097081,-2.093480473097081,-2.093480473097081,-2.093480473097081,-2.093480473097081
3fadd4430948ee99,test,Noise,Noise,Field Noise,Field,20250217,-0.3509335759591714,-0.3509335759591714,-0.3509335759591714,-0.3509335759591714,-0.3509335759591714
0c9ec1c3341e3b3a,test,Noise,Noise,Field Noise,Field,20250217,1.0514682038147924,1.0514682038147924,1.0514682038147924,1.0514682038147924,1.0514682038147924
ced6ef8a2cfb2376,test,Noise,Noise,Field Noise,Field,20250217,2.245787326387884,2.245787326387884,2.245787326387884,2.245787326387884,2.245787326387884
a9fc160fd638a0b9,test,Noise,Noise,Field Noise,Field,20250217,-1.2516018938428086,-1.2516018938428086,-1.2516018938428086,-1.2516018938428086,-1.2516018938428086
e7981fd497a55cb3,test,Noise,Noise,Field Noise,Field,20250217,-1.723339637000823,-1.723339637000823,-1.723339637000823,-1.723339637000823,-1.723339637000823
3619a430ccc2c3c8,test,Noise,Noise,Field Noise,Field,20250211,0.1745507295770352,0.1745507295770352,0.1745507295770352,0.1745507295770352,0.1745507295770352
da8cb6888b679c9d,test,Noise,Noise,Field Noise,Field,20250211,-0.02887852694050963,-0.02887852694050963,-0.02887852694050963,-0.02887852694050963,-0.02887852694050963
0ce0679a25c67faf,test,Noise,Noise,Field Noise,Field,20250211,-0.42112838835875266,-0.42112838835875266,-0.42112838835875266,-0.42112838835875266,-0.42112838835875266
5f4d1bdd9fcebcdb,test,Noise,Noise,Field Noise,Field,20250211,-0.001159476743893606,-0.001159476743893606,-0.001159476743893606,-0.001159476743893606,-0.001159476743893606
450d6b71024d10ab,test,Noise,Noise,Field Noise,Field,20250213,0.11505156331812572,0.11505156331812572,0.11505156331812572,0.11505156331812572,0.11505156331812572
8480390b29cf8a5e,test,Noise,Noise,Field Noise,Field,20250213,-0.5180009954293805,-0.5180009954293805,-0.5180009954293805,-0.5180009954293805,-0.5180009954293805
c366fc20cb24b5db,test,Noise,Noise,Field Noise,Field,20250213,-0.06431021155205663,-0.06431021155205663,-0.06431021155205663,-0.06431021155205663,-0.06431021155205663
bc02290394c39b16,test,Noise,Noise,Field Noise,Field,20250213,-0.08401285142890558,-0.08401285142890558,-0.08401285142890558,-0.08401285142890558,-0.08401285142890558
2752b3641a535ab7,test,Noise,Noise,Field Noise,Field,20250205,2.3890363052683554,2.3890363052683554,2.3890363052683554,2.3890363052683554,2.3890363052683554
5aa12174d7022660,test,Noise,Noise,Field Noise,Field,20250205,0.3013424006941321,0.3013424006941321,0.3013424006941321,0.3013424006941321,0.3013424006941321
0795643c81579511,test,Noise,Noise,Field Noise,Field,20250205,0.2690122946924234,0.2690122946924234,0.2690122946924234,0.2690122946924234,0.2690122946924234
0e983cce5500899f,test,Noise,Noise,Field Noise,Field,20250205,0.5407981049338808,0.5407981049338808,0.5407981049338808,0.5407981049338808,0.5407981049338808
621562a53fc51df5,test,Noise,Noise,Field Noise,Field,20250205,1.0138693315506693,1.0138693315506693,1.0138693315506693,1.0138693315506693,1.0138693315506693
f8a790272ca32e63,test,Noise,Noise,Field Noise,Field,20250205,0.9053240520894548,0.9053240520894548,0.9053240520894548,0.9053240520894548,0.9053240520894548
fa9669af1246fa85,test,Noise,Noise,Field Noise,Field,20250205,1.510876547717512,1.510876547717512,1.510876547717512,1.510876547717512,1.510876547717512
eebeade9522092dd,test,Noise,Noise,Field Noise,Field,20250205,1.3977668883646395,1.3977668883646395,1.3977668883646395,1.3977668883646395,1.3977668883646395
de75f25972fc0416,test,Noise,Noise,Field Noise,Field,20250205,0.8824451516965013,0.8824451516965013,0.8824451516965013,0.8824451516965013,0.8824451516965013
081b46dee4d9d3a3,test,Noise,Noise,Field Noise,Field,20250205,0.7243250609082956,0.7243250609082956,0.7243250609082956,0.7243250609082956,0.7243250609082956
509f451ae08eb0ca,test,Noise,Noise,Field Noise,Field,20250205,0.9435101292751789,0.9435101292751789,0.9435101292751789,0.9435101292751789,0.9435101292751789
19ba0de9aecdd5d2,train,Noise,Noise,Field Noise,Field,20230901,0.823617305417617,0.823617305417617,0.823617305417617,0.823617305417617,0.823617305417617
b3f90fbc6fa1646a,train,Noise,Noise,Field Noise,Field,20230901,3.2964007989734014,3.2964007989734014,3.2964007989734014,3.2964007989734014,3.2964007989734014
0047c05a2b39b603,val,Noise,Noise,Field Noise,Field,20230910,5.0097299372575,5.0097299372575,5.0097299372575,5.0097299372575,5.0097299372575
8342d9e7c9899e10,train,Noise,Noise,Field Noise,Field,20230911,2.489099898434999,2.489099898434999,2.489099898434999,2.489099898434999,2.489099898434999
2ab67b97ae3c9194,train,Noise,Noise,Field Noise,Field,20230911,3.3659981343879846,3.3659981343879846,3.3659981343879846,3.3659981343879846,3.3659981343879846
37fbdc87b2024b6a,train,Noise,Noise,Field Noise,Field,20230914,4.043273403468511,4.043273403468511,4.043273403468511,4.043273403468511,4.043273403468511
7e4ceb4a7556f60d,test,Noise,Noise,Field Noise,Field,20230915,5.345273152525492,5.345273152525492,5.345273152525492,5.345273152525492,5.345273152525492
64b55aab4fab61d8,test,Noise,Noise,Field Noise,Field,20230915,5.154208801027274,5.154208801027274,5.154208801027274,5.154208801027274,5.154208801027274
2547ff64b3d9fec9,test,Noise,Noise,Field Noise,Field,20230915,5.246430493372703,5.246430493372703,5.246430493372703,5.246430493372703,5.246430493372703
369c81711e4c806a,test,Noise,Noise,Field Noise,Field,20230915,8.511359264684657,8.511359264684657,8.511359264684657,8.511359264684657,8.511359264684657
c3b7a8c4d860ef8e,test,Noise,Noise,Field Noise,Field,20230915,8.105697513376345,8.105697513376345,8.105697513376345,8.105697513376345,8.105697513376345
57fe1e31594d86c3,train,Noise,Noise,Field Noise,Field,20230916,7.841120799256957,7.841120799256957,7.841120799256957,7.841120799256957,7.841120799256957
f7cd115baa2d0e2c,train,Noise,Noise,Field Noise,Field,20230916,4.781336594987928,4.781336594987928,4.781336594987928,4.781336594987928,4.781336594987928
550931f67aa1cc36,train,Noise,Noise,Field Noise,Field,20230916,4.2899891532548615,4.2899891532548615,4.2899891532548615,4.2899891532548615,4.2899891532548615
36a1cc61019fa629,val,Noise,Noise,Field Noise,Field,20230918,3.979716523860418,3.979716523860418,3.979716523860418,3.979716523860418,3.979716523860418
3324e210ecc80ab8,val,Noise,Noise,Field Noise,Field,20230920,6.059600459175462,6.059600459175462,6.059600459175462,6.059600459175462,6.059600459175462
128c643476610080,train,Noise,Noise,Field Noise,Field,20230901,9.297259695003635,9.297259695003635,9.297259695003635,9.297259695003635,9.297259695003635
23c2d13b8fdfc4a1,train,Noise,Noise,Field Noise,Field,20230901,9.99983532373005,9.99983532373005,9.99983532373005,9.99983532373005,9.99983532373005
c9def6f021c507d7,test,Noise,Noise,Field Noise,Field,20230903,8.67813446210903,8.67813446210903,8.67813446210903,8.67813446210903,8.67813446210903
d2e6ecac930b8aa0,train,Noise,Noise,Field Noise,Field,20230904,8.791852913902332,8.791852913902332,8.791852913902332,8.791852913902332,8.791852913902332
e4101ef93803add2,val,Noise,Noise,Field Noise,Field,20230905,8.302477609550227,8.302477609550227,8.302477609550227,8.302477609550227,8.302477609550227
c2cf60d225ba03a4,val,Noise,Noise,Field Noise,Field,20230906,8.297547688749797,8.297547688749797,8.297547688749797,8.297547688749797,8.297547688749797
e4f722247249d45b,val,Noise,Noise,Field Noise,Field,20230906,8.158209168188442,8.158209168188442,8.158209168188442,8.158209168188442,8.158209168188442
4ef5f2ccd7691678,train,Noise,Noise,Field Noise,Field,20230911,8.542665710620213,8.542665710620213,8.542665710620213,8.542665710620213,8.542665710620213
ef614ba84844e49f,train,Noise,Noise,Field Noise,Field,20230914,8.181756083971951,8.181756083971951,8.181756083971951,8.181756083971951,8.181756083971951
b5fe28c6d2bfb8fa,val,Noise,Noise,Field Noise,Field,20230918,8.29536120953495,8.29536120953495,8.29536120953495,8.29536120953495,8.29536120953495
3abae7ba0300f547,val,Noise,Noise,Field Noise,Field,20230918,8.27407819223466,8.27407819223466,8.27407819223466,8.27407819223466,8.27407819223466
af1f593c53e43c70,val,Noise,Noise,Field Noise,Field,20231016,8.808832811834556,8.808832811834556,8.808832811834556,8.808832811834556,8.808832811834556
8efaad829f841383,train,Noise,Noise,Field Noise,Field,20230904,6.030508520771512,6.030508520771512,6.030508520771512,6.030508520771512,6.030508520771512
f38e7840ba69f43f,train,Noise,Noise,Field Noise,Field,20230907,11.4854483740828,11.4854483740828,11.4854483740828,11.4854483740828,11.4854483740828
6bf070961c861eb7,test,Noise,Noise,Field Noise,Field,20230908,11.979359134755537,11.979359134755537,11.979359134755537,11.979359134755537,11.979359134755537
6aa453f78dbaa710,val,Noise,Noise,Field Noise,Field,20230910,8.310186415329378,8.310186415329378,8.310186415329378,8.310186415329378,8.310186415329378
5df2e3a8275b15dc,train,Noise,Noise,Field Noise,Field,20230911,9.298246087358041,9.298246087358041,9.298246087358041,9.298246087358041,9.298246087358041
139889ea6dfb8c2d,test,Noise,Noise,Field Noise,Field,20230912,6.617702405813301,6.617702405813301,6.617702405813301,6.617702405813301,6.617702405813301
62c23c3dd82ed7cc,test,Noise,Noise,Field Noise,Field,20230912,8.918782583588962,8.918782583588962,8.918782583588962,8.918782583588962,8.918782583588962
8872e046e589ced9,test,Noise,Noise,Field Noise,Field,20230912,8.671865356120122,8.671865356120122,8.671865356120122,8.671865356120122,8.671865356120122
b3a9079b8a3bd90c,test,Noise,Noise,Field Noise,Field,20230912,6.987546762770567,6.987546762770567,6.987546762770567,6.987546762770567,6.987546762770567
27b2fddfc6a12010,val,Noise,Noise,Field Noise,Field,20230918,7.202824216956839,7.202824216956839,7.202824216956839,7.202824216956839,7.202824216956839
2411bf1a03947c7d,train,Noise,Noise,Field Noise,Field,20230919,8.852388856813244,8.852388856813244,8.852388856813244,8.852388856813244,8.852388856813244
a2027ec9f270b788,test,Noise,Noise,Field Noise,Field,20230922,12.003559650873143,12.003559650873143,12.003559650873143,12.003559650873143,12.003559650873143
8ed8138f98df55f4,test,Noise,Noise,Field Noise,Field,20230923,11.838766256678895,11.838766256678895,11.838766256678895,11.838766256678895,11.838766256678895
e20fb91448c6d2ea,train,Noise,Noise,Field Noise,Field,20230925,9.098190979109651,9.098190979109651,9.098190979109651,9.098190979109651,9.098190979109651
b0a25dca1ef2f132,test,Noise,Noise,Field Noise,Field,20230927,7.49107408811453,7.49107408811453,7.49107408811453,7.49107408811453,7.49107408811453
76f5cbd7ea59d675,test,Noise,Noise,Field Noise,Field,20230927,7.110222664689877,7.110222664689877,7.110222664689877,7.110222664689877,7.110222664689877
40e5a451492a97a5,val,Noise,Noise,Field Noise,Field,20231009,7.011780958927805,7.011780958927805,7.011780958927805,7.011780958927805,7.011780958927805
ddbd4a2c88aaf1b1,val,Noise,Noise,Field Noise,Field,20231009,6.068223341857141,6.068223341857141,6.068223341857141,6.068223341857141,6.068223341857141
330827e50c79fcb0,val,Noise,Noise,Field Noise,Field,20231009,13.30856011384897,13.30856011384897,13.30856011384897,13.30856011384897,13.30856011384897
8ed224e09fa8b49c,test,Noise,Noise,Field Noise,Field,20231010,11.481297564777307,11.481297564777307,11.481297564777307,11.481297564777307,11.481297564777307
d6e2855b51e3e238,train,Noise,Noise,Field Noise,Field,unknown_date,13.240614489755451,13.240614489755451,13.240614489755451,13.240614489755451,13.240614489755451
7f0927a46c0cba49,train,Noise,Noise,Field Noise,Field,unknown_date,13.266074337323136,13.266074337323136,13.266074337323136,13.266074337323136,13.266074337323136
817a9e5af872e1bb,train,Noise,Noise,Field Noise,Field,unknown_date,13.190281152414414,13.190281152414414,13.190281152414414,13.190281152414414,13.190281152414414
cfa6e5f469ca5758,train,Noise,Noise,Field Noise,Field,unknown_date,13.28907288534959,13.28907288534959,13.28907288534959,13.28907288534959,13.28907288534959
7196a14b3ff9920c,train,Noise,Noise,Field Noise,Field,unknown_date,1.72800013613492,1.72800013613492,1.72800013613492,1.72800013613492,1.72800013613492
53e9a933e800ae38,train,Noise,Noise,Field Noise,Field,unknown_date,0.410134099191346,0.410134099191346,0.410134099191346,0.410134099191346,0.410134099191346
989a06a3795716d4,train,Noise,Noise,Field Noise,Field,unknown_date,0.5789055843217632,0.5789055843217632,0.5789055843217632,0.5789055843217632,0.5789055843217632
d8ab5dfd7872649a,train,Noise,Noise,Field Noise,Field,unknown_date,1.1116769907944324,1.1116769907944324,1.1116769907944324,1.1116769907944324,1.1116769907944324
db5e7e8e748f4289,train,Noise,Noise,Field Noise,Field,unknown_date,1.2981957741178185,1.2981957741178185,1.2981957741178185,1.2981957741178185,1.2981957741178185
a77e747fec2ae371,train,Noise,Noise,Field Noise,Field,unknown_date,12.97201454433256,12.97201454433256,12.97201454433256,12.97201454433256,12.97201454433256
3d67cfed7e43221a,train,Noise,Noise,Field Noise,Field,unknown_date,13.139215563677741,13.139215563677741,13.139215563677741,13.139215563677741,13.139215563677741
d855671e7906e4ec,train,Noise,Noise,Field Noise,Field,unknown_date,13.250992602850104,13.250992602850104,13.250992602850104,13.250992602850104,13.250992602850104
d468ab1bb6d3a904,train,Noise,Noise,Field Noise,Field,unknown_date,13.137101685928503,13.137101685928503,13.137101685928503,13.137101685928503,13.137101685928503
1dbd19e2ae04ba2b,train,Noise,Noise,Field Noise,Field,unknown_date,13.1536251681441,13.1536251681441,13.1536251681441,13.1536251681441,13.1536251681441
9e301b9023c3b994,train,Noise,Noise,Field Noise,Field,unknown_date,13.131694372978885,13.131694372978885,13.131694372978885,13.131694372978885,13.131694372978885
c228b4d23b16f637,train,Noise,Noise,Field Noise,Field,unknown_date,13.244461215884659,13.244461215884659,13.244461215884659,13.244461215884659,13.244461215884659
67f65e4d6313b23f,train,Noise,Noise,Field Noise,Field,unknown_date,13.181251414717625,13.181251414717625,13.181251414717625,13.181251414717625,13.181251414717625
a7f91ed25267b2eb,train,Noise,Noise,Field Noise,Field,unknown_date,13.287226377400373,13.287226377400373,13.287226377400373,13.287226377400373,13.287226377400373
d536ab2dc6690e4b,train,Noise,Noise,Field Noise,Field,unknown_date,13.220437187841267,13.220437187841267,13.220437187841267,13.220437187841267,13.220437187841267
fea4281785ac8036,train,Noise,Noise,Field Noise,Field,unknown_date,13.325385225903325,13.325385225903325,13.325385225903325,13.325385225903325,13.325385225903325
1deb9bbf56251391,train,Noise,Noise,Field Noise,Field,unknown_date,13.261569743876667,13.261569743876667,13.261569743876667,13.261569743876667,13.261569743876667
9eb4732b7c5aae40,train,Noise,Noise,Field Noise,Field,unknown_date,13.139355778273341,13.139355778273341,13.139355778273341,13.139355778273341,13.139355778273341
aaeeea5b3b5e492d,train,Noise,Noise,Field Noise,Field,unknown_date,13.20897634009236,13.20897634009236,13.20897634009236,13.20897634009236,13.20897634009236
05a1bb143abc9243,train,Noise,Noise,Field Noise,Field,unknown_date,13.274908380825803,13.274908380825803,13.274908380825803,13.274908380825803,13.274908380825803
701b6ff50a4a088a,train,Noise,Noise,Field Noise,Field,unknown_date,-0.7662035015063253,-0.7662035015063253,-0.7662035015063253,-0.7662035015063253,-0.7662035015063253
04302ea872fd9c22,train,Noise,Noise,Field Noise,Field,unknown_date,-0.13263495442882345,-0.13263495442882345,-0.13263495442882345,-0.13263495442882345,-0.13263495442882345
06175ecd890fb7af,train,Noise,Noise,Field Noise,Field,unknown_date,-2.0488152729815923,-2.0488152729815923,-2.0488152729815923,-2.0488152729815923,-2.0488152729815923
e4db889c65327b60,train,Noise,Noise,Field Noise,Field,unknown_date,-1.5080389313453253,-1.5080389313453253,-1.5080389313453253,-1.5080389313453253,-1.5080389313453253
e637bf57f47d5a42,train,Noise,Noise,Field Noise,Field,unknown_date,-0.5346511626709969,-0.5346511626709969,-0.5346511626709969,-0.5346511626709969,-0.5346511626709969
34acada8a4d93f5c,train,Noise,Noise,Field Noise,Field,unknown_date,-0.2133038377208294,-0.2133038377208294,-0.2133038377208294,-0.2133038377208294,-0.2133038377208294
cc03878bd5813ca8,train,Noise,Noise,Field Noise,Field,unknown_date,-1.9787787330369753,-1.9787787330369753,-1.9787787330369753,-1.9787787330369753,-1.9787787330369753
d63abc7e475b9e12,train,Noise,Noise,Field Noise,Field,unknown_date,-5.272146864131713,-5.272146864131713,-5.272146864131713,-5.272146864131713,-5.272146864131713
fc2dbfc79eb8c82d,train,Noise,Noise,Field Noise,Field,unknown_date,-4.800392213376057,-4.800392213376057,-4.800392213376057,-4.800392213376057,-4.800392213376057
b80888c2b784a837,train,Noise,Noise,Field Noise,Field,unknown_date,-6.128981188926836,-6.128981188926836,-6.128981188926836,-6.128981188926836,-6.128981188926836
1b73a42096e9bcee,train,Noise,Noise,Field Noise,Field,unknown_date,-9.443966608483294,-9.443966608483294,-9.443966608483294,-9.443966608483294,-9.443966608483294
0d6d4fcc0fad030b,train,Noise,Noise,Field Noise,Field,unknown_date,-9.710865498385516,-9.710865498385516,-9.710865498385516,-9.710865498385516,-9.710865498385516
dd68b3bbdf4cbee0,train,Noise,Noise,Field Noise,Field,unknown_date,-4.366594340992862,-4.366594340992862,-4.366594340992862,-4.366594340992862,-4.366594340992862
d4a6fb04652979a8,train,Noise,Noise,Field Noise,Field,unknown_date,-3.0873676258350855,-3.0873676258350855,-3.0873676258350855,-3.0873676258350855,-3.0873676258350855
b66daec5adf91e2b,train,Noise,Noise,Field Noise,Field,unknown_date,-4.791036844152643,-4.791036844152643,-4.791036844152643,-4.791036844152643,-4.791036844152643
7423c25947e11b92,train,Noise,Noise,Field Noise,Field,unknown_date,-5.114944452644679,-5.114944452644679,-5.114944452644679,-5.114944452644679,-5.114944452644679
45ff9440e95bbf97,train,Noise,Noise,Field Noise,Field,unknown_date,-1.490340672907962,-1.490340672907962,-1.490340672907962,-1.490340672907962,-1.490340672907962
99f5b0c93f04e9fa,train,Noise,Noise,Field Noise,Field,unknown_date,-1.8175061378457542,-1.8175061378457542,-1.8175061378457542,-1.8175061378457542,-1.8175061378457542
e11dc347f1b40f37,train,Noise,Noise,Field Noise,Field,unknown_date,8.50980829750384,8.50980829750384,8.50980829750384,8.50980829750384,8.50980829750384
74fa5bf776ecc7b5,train,Noise,Noise,Field Noise,Field,unknown_date,9.451874844566007,9.451874844566007,9.451874844566007,9.451874844566007,9.451874844566007
e6f4b9f433c6eb66,train,Noise,Noise,Field Noise,Field,unknown_date,8.832006573366108,8.832006573366108,8.832006573366108,8.832006573366108,8.832006573366108
c0789301eb57e23e,train,Noise,Noise,Field Noise,Field,unknown_date,8.781794283044274,8.781794283044274,8.781794283044274,8.781794283044274,8.781794283044274
52b1780c949aec89,train,Noise,Noise,Field Noise,Field,unknown_date,6.59951494762071,6.59951494762071,6.59951494762071,6.59951494762071,6.59951494762071
d0f954d39a795067,train,Noise,Noise,Field Noise,Field,unknown_date,5.425742421588559,5.425742421588559,5.425742421588559,5.425742421588559,5.425742421588559
3e2c972051c79442,train,Noise,Noise,Field Noise,Field,unknown_date,11.093123653110364,11.093123653110364,11.093123653110364,11.093123653110364,11.093123653110364
2cd4557b66bbf7a4,train,Noise,Noise,Field Noise,Field,unknown_date,11.368801426166897,11.368801426166897,11.368801426166897,11.368801426166897,11.368801426166897
a868615849e27b9a,train,Noise,Noise,Field Noise,Field,unknown_date,11.247129884837936,11.247129884837936,11.247129884837936,11.247129884837936,11.247129884837936
dfe66124782487e5,train,Noise,Noise,Field Noise,Field,unknown_date,11.288490384236624,11.288490384236624,11.288490384236624,11.288490384236624,11.288490384236624
be53eaac777cc7b7,train,Noise,Noise,Field Noise,Field,unknown_date,11.224470015473887,11.224470015473887,11.224470015473887,11.224470015473887,11.224470015473887
85d54bc50fbc69c7,train,Noise,Noise,Field Noise,Field,unknown_date,11.50850819412408,11.50850819412408,11.50850819412408,11.50850819412408,11.50850819412408
427ef8fdce41e582,train,Noise,Noise,Field Noise,Field,unknown_date,10.498040012148504,10.498040012148504,10.498040012148504,10.498040012148504,10.498040012148504
4effa76de18a6f65,train,Noise,Noise,Field Noise,Field,unknown_date,11.151246670850083,11.151246670850083,11.151246670850083,11.151246670850083,11.151246670850083
12d2902d9fbf99d7,train,Noise,Noise,Field Noise,Field,unknown_date,11.014158576596646,11.014158576596646,11.014158576596646,11.014158576596646,11.014158576596646
f4a7c56d0afc59dc,train,Noise,Noise,Field Noise,Field,unknown_date,11.22124943177803,11.22124943177803,11.22124943177803,11.22124943177803,11.22124943177803
cc04e6a98a9e7069,train,Noise,Noise,Field Noise,Field,unknown_date,10.59466478900426,10.59466478900426,10.59466478900426,10.59466478900426,10.59466478900426
12cbf0c7ac33bd19,train,Noise,Noise,Field Noise,Field,unknown_date,11.03853627004332,11.03853627004332,11.03853627004332,11.03853627004332,11.03853627004332
f7c6ae21894a2e0c,train,Noise,Noise,Field Noise,Field,unknown_date,13.447343586784818,13.447343586784818,13.447343586784818,13.447343586784818,13.447343586784818
ca3264d1c2283b0f,train,Noise,Noise,Field Noise,Field,unknown_date,13.551982563699301,13.551982563699301,13.551982563699301,13.551982563699301,13.551982563699301
502440fc6f6e13e1,train,Noise,Noise,Field Noise,Field,unknown_date,13.766499649021206,13.766499649021206,13.766499649021206,13.766499649021206,13.766499649021206
da44a4b11d378adf,train,Noise,Noise,Field Noise,Field,unknown_date,13.642527646261268,13.642527646261268,13.642527646261268,13.642527646261268,13.642527646261268
5e6793bc6df530e4,train,Noise,Noise,Field Noise,Field,unknown_date,13.827435813385932,13.827435813385932,13.827435813385932,13.827435813385932,13.827435813385932
e54bd953d449fd16,train,Noise,Noise,Field Noise,Field,unknown_date,13.663339250748848,13.663339250748848,13.663339250748848,13.663339250748848,13.663339250748848
ff2d33d9913e6aa4,train,Noise,Noise,Field Noise,Field,unknown_date,13.661142910965008,13.661142910965008,13.661142910965008,13.661142910965008,13.661142910965008
4970d32e19899a11,train,Noise,Noise,Field Noise,Field,unknown_date,13.659180633551951,13.659180633551951,13.659180633551951,13.659180633551951,13.659180633551951
f3aa491a7e84fec2,train,Noise,Noise,Field Noise,Field,unknown_date,13.675980812211534,13.675980812211534,13.675980812211534,13.675980812211534,13.675980812211534
112ecd97e76f9389,train,Noise,Noise,Field Noise,Field,unknown_date,13.62495515036374,13.62495515036374,13.62495515036374,13.62495515036374,13.62495515036374
7478fc32572d8ebb,train,Noise,Noise,Field Noise,Field,unknown_date,13.585207556955417,13.585207556955417,13.585207556955417,13.585207556955417,13.585207556955417
38870896ea92fb7c,train,Noise,Noise,Field Noise,Field,unknown_date,-1.9564605262928119,-1.9564605262928119,-1.9564605262928119,-1.9564605262928119,-1.9564605262928119
300439d8af426e67,train,Noise,Noise,Field Noise,Field,unknown_date,-0.9633512816284409,-0.9633512816284409,-0.9633512816284409,-0.9633512816284409,-0.9633512816284409
f28816bfedb13d1c,train,Noise,Noise,Field Noise,Field,unknown_date,-1.4385307532554954,-1.4385307532554954,-1.4385307532554954,-1.4385307532554954,-1.4385307532554954
276190d7e773e3e4,train,Noise,Noise,Field Noise,Field,unknown_date,-1.2825387090435498,-1.2825387090435498,-1.2825387090435498,-1.2825387090435498,-1.2825387090435498
d8fd43fe61d32f2a,train,Noise,Noise,Field Noise,Field,unknown_date,-1.7892003328600943,-1.7892003328600943,-1.7892003328600943,-1.7892003328600943,-1.7892003328600943
19f0f99e4a34238d,train,Noise,Noise,Field Noise,Field,unknown_date,-1.4172721440430962,-1.4172721440430962,-1.4172721440430962,-1.4172721440430962,-1.4172721440430962
19f53ac754a1c154,train,Noise,Noise,Field Noise,Field,unknown_date,-1.0876225563469362,-1.0876225563469362,-1.0876225563469362,-1.0876225563469362,-1.0876225563469362
2ab249945173f166,train,Noise,Noise,Field Noise,Field,unknown_date,-1.162935533820887,-1.162935533820887,-1.162935533820887,-1.162935533820887,-1.162935533820887
721684133e2d9afa,test,Noise,Noise,Field Noise,Field,20231010,9.692810368746585,9.692810368746585,9.692810368746585,9.692810368746585,9.692810368746585
d645dc5adb59551d,test,Noise,Noise,Field Noise,Field,20231010,9.937932443627886,9.937932443627886,9.937932443627886,9.937932443627886,9.937932443627886
f800955d2b380e7c,test,Noise,Noise,Field Noise,Field,20231010,7.763046323501328,7.763046323501328,7.763046323501328,7.763046323501328,7.763046323501328
8353b30dc246a408,train,Noise,Noise,Field Noise,Field,20230901,5.944498306260954,5.944498306260954,5.944498306260954,5.944498306260954,5.944498306260954
ee72681f80881b12,train,Noise,Noise,Field Noise,Field,20230901,4.799013259706797,4.799013259706797,4.799013259706797,4.799013259706797,4.799013259706797
b0baeae8b18fa3dd,train,Noise,Noise,Field Noise,Field,20230901,4.336056400759134,4.336056400759134,4.336056400759134,4.336056400759134,4.336056400759134
2f4c91db73a43248,train,Noise,Noise,Field Noise,Field,20230901,0.2979253423892523,0.2979253423892523,0.2979253423892523,0.2979253423892523,0.2979253423892523
7d1be0597a86451e,train,Noise,Noise,Field Noise,Field,20230901,1.2261808910810323,1.2261808910810323,1.2261808910810323,1.2261808910810323,1.2261808910810323
3367e774de7482b2,train,Noise,Noise,Field Noise,Field,20230901,2.8359176536309825,2.8359176536309825,2.8359176536309825,2.8359176536309825,2.8359176536309825
c4ee488bfb6dbd8b,train,Noise,Noise,Field Noise,Field,20230901,10.03574598693313,10.03574598693313,10.03574598693313,10.03574598693313,10.03574598693313
330b09ef5d9a5309,test,Noise,Noise,Field Noise,Field,20230902,1.5152535478901186,1.5152535478901186,1.5152535478901186,1.5152535478901186,1.5152535478901186
86c02a067a15fa30,train,Noise,Noise,Field Noise,Field,20230907,9.314420285277595,9.314420285277595,9.314420285277595,9.314420285277595,9.314420285277595
55c4b04d8e24fdee,test,Noise,Noise,Field Noise,Field,20230908,7.394214693134749,7.394214693134749,7.394214693134749,7.394214693134749,7.394214693134749
1c58a524c71b6390,test,Noise,Noise,Field Noise,Field,20230922,11.534187518359715,11.534187518359715,11.534187518359715,11.534187518359715,11.534187518359715
d2bb75cc576843b0,test,Noise,Noise,Field Noise,Field,20230922,5.606112822010068,5.606112822010068,5.606112822010068,5.606112822010068,5.606112822010068
eb495321dc1bb417,test,Noise,Noise,Field Noise,Field,20230922,2.885637880044854,2.885637880044854,2.885637880044854,2.885637880044854,2.885637880044854
16dcf50546719158,train,Noise,Noise,Field Noise,Field,20231017,7.254585980127832,7.254585980127832,7.254585980127832,7.254585980127832,7.254585980127832
76e2d339b097d8f8,train,Noise,Noise,Field Noise,Field,20231017,7.593871611673984,7.593871611673984,7.593871611673984,7.593871611673984,7.593871611673984
87b3e40e58a3cfd8,train,Noise,Noise,Field Noise,Field,20231011,7.392249068388161,7.392249068388161,7.392249068388161,7.392249068388161,7.392249068388161
0cad002942ceb0c5,val,Noise,Noise,Field Noise,Field,20231013,10.458896241288395,10.458896241288395,10.458896241288395,10.458896241288395,10.458896241288395
ae129c31b1c0832a,train,Noise,Noise,Field Noise,Field,20231014,7.998599591629448,7.998599591629448,7.998599591629448,7.998599591629448,7.998599591629448
2acbf5dc28cb85fd,val,Noise,Noise,Field Noise,Field,20230905,3.7806129687663663,3.7806129687663663,3.7806129687663663,3.7806129687663663,3.7806129687663663
8d3f779b3e8ec6e8,train,Noise,Noise,Field Noise,Field,20230907,3.2805241725351024,3.2805241725351024,3.2805241725351024,3.2805241725351024,3.2805241725351024
8652267f9534c4c5,train,Noise,Noise,Field Noise,Field,20230901,6.319722518058015,6.319722518058015,6.319722518058015,6.319722518058015,6.319722518058015
618585de0558a2a1,train,Noise,Noise,Field Noise,Field,20230901,3.5498585598722627,3.5498585598722627,3.5498585598722627,3.5498585598722627,3.5498585598722627
cb06d89e7a972d05,test,Noise,Noise,Field Noise,Field,20230902,0.12758924461755328,0.12758924461755328,0.12758924461755328,0.12758924461755328,0.12758924461755328
f041e45d16e0f171,test,Noise,Noise,Field Noise,Field,20230902,-0.4044277110667025,-0.4044277110667025,-0.4044277110667025,-0.4044277110667025,-0.4044277110667025
c6208835b972346c,val,Noise,Noise,Field Noise,Field,20230905,-0.033852869104002536,-0.033852869104002536,-0.033852869104002536,-0.033852869104002536,-0.033852869104002536
a5962b912a46864d,val,Noise,Noise,Field Noise,Field,20231005,9.675926643154622,9.675926643154622,9.675926643154622,9.675926643154622,9.675926643154622
d517ed9f54bd4404,train,Noise,Noise,Field Noise,Field,20230901,6.45460321670515,6.45460321670515,6.45460321670515,6.45460321670515,6.45460321670515
3659f9824d1dc3eb,test,Noise,Noise,Field Noise,Field,20230902,5.591952419428807,5.591952419428807,5.591952419428807,5.591952419428807,5.591952419428807
b6a81203a693a074,train,Noise,Noise,Field Noise,Field,20230904,6.314848273865954,6.314848273865954,6.314848273865954,6.314848273865954,6.314848273865954
93794cc86d30e2a3,val,Noise,Noise,Field Noise,Field,20230905,5.278641685074778,5.278641685074778,5.278641685074778,5.278641685074778,5.278641685074778
d0f68f9242dc5d81,val,Noise,Noise,Field Noise,Field,20230906,6.608931513314846,6.608931513314846,6.608931513314846,6.608931513314846,6.608931513314846
b06b58235f16d323,test,Noise,Noise,Field Noise,Field,20230912,5.875685721139247,5.875685721139247,5.875685721139247,5.875685721139247,5.875685721139247
dfda1c4e8eddecba,test,Noise,Noise,Field Noise,Field,20230913,7.253711683871908,7.253711683871908,7.253711683871908,7.253711683871908,7.253711683871908
2aa84b77d3de89cb,test,Noise,Noise,Field Noise,Field,20230913,6.629761244477036,6.629761244477036,6.629761244477036,6.629761244477036,6.629761244477036
2bbf9c043359d406,test,Noise,Noise,Field Noise,Field,20230913,5.820763655135062,5.820763655135062,5.820763655135062,5.820763655135062,5.820763655135062
a586e512e869d022,train,Noise,Noise,Field Noise,Field,20230901,5.725638789485188,5.725638789485188,5.725638789485188,5.725638789485188,5.725638789485188
bcbcf5f1574e33fa,test,Noise,Noise,Field Noise,Field,20230902,-0.2656648366512542,-0.2656648366512542,-0.2656648366512542,-0.2656648366512542,-0.2656648366512542
24362295e2d4f83e,test,Noise,Noise,Field Noise,Field,20230902,-0.8701261258355828,-0.8701261258355828,-0.8701261258355828,-0.8701261258355828,-0.8701261258355828
7003d711f5ba2ee1,test,Noise,Noise,Field Noise,Field,20230903,2.000348574157499,2.000348574157499,2.000348574157499,2.000348574157499,2.000348574157499
ac57572c83494398,train,Noise,Noise,Field Noise,Field,20230904,5.25691084665263,5.25691084665263,5.25691084665263,5.25691084665263,5.25691084665263
8e6c4cfe5a52c50c,train,Noise,Noise,Field Noise,Field,20230911,3.1679791832464517,3.1679791832464517,3.1679791832464517,3.1679791832464517,3.1679791832464517
11030131c79bb7a4,train,Noise,Noise,Field Noise,Field,20230901,4.323019945221484,4.323019945221484,4.323019945221484,4.323019945221484,4.323019945221484
785e1f5cb7a645c7,test,Noise,Noise,Field Noise,Field,20231002,3.71342076024213,3.71342076024213,3.71342076024213,3.71342076024213,3.71342076024213
0c7ecfbd750a6a56,train,Noise,Noise,Field Noise,Field,20231018,6.397312861236761,6.397312861236761,6.397312861236761,6.397312861236761,6.397312861236761
15fbb9e3831e3d7e,test,Noise,Noise,Field Noise,Field,20230903,8.643833348745744,8.643833348745744,8.643833348745744,8.643833348745744,8.643833348745744
2fdde4beaa5e0d3a,val,Noise,Noise,Field Noise,Field,20230905,7.819748523283302,7.819748523283302,7.819748523283302,7.819748523283302,7.819748523283302
0404f62d0c05083c,train,Noise,Noise,Field Noise,Field,20230911,8.50620558069679,8.50620558069679,8.50620558069679,8.50620558069679,8.50620558069679
eb3dcb5305a891bc,val,Noise,Noise,Field Noise,Field,20231016,7.964785288068331,7.964785288068331,7.964785288068331,7.964785288068331,7.964785288068331
ec0088466439b99a,val,Noise,Noise,Field Noise,Field,20231016,7.855696253592724,7.855696253592724,7.855696253592724,7.855696253592724,7.855696253592724
086569746f1c32c1,val,Noise,Noise,Field Noise,Field,20231016,7.956938366258896,7.956938366258896,7.956938366258896,7.956938366258896,7.956938366258896
dde71c68e425ec4d,val,Noise,Noise,Field Noise,Field,20231016,6.692669376502054,6.692669376502054,6.692669376502054,6.692669376502054,6.692669376502054
0c9902bd009944d0,train,Noise,Noise,Field Noise,Field,20231018,6.9226527476838,6.9226527476838,6.9226527476838,6.9226527476838,6.9226527476838
00ed5017f66573dc,train,Noise,Noise,Field Noise,Field,20231018,7.181161958196329,7.181161958196329,7.181161958196329,7.181161958196329,7.181161958196329
10d8fbeb6f34644d,train,Noise,Noise,Field Noise,Field,unknown_date,1.6189522357019648,1.6189522357019648,1.6189522357019648,1.6189522357019648,1.6189522357019648
9ee1832c9f07de75,train,Noise,Noise,Field Noise,Field,unknown_date,1.8913347767815836,1.8913347767815836,1.8913347767815836,1.8913347767815836,1.8913347767815836
2fdd6dc792e37b5a,val,Noise,Noise,Field Noise,Field,20230905,2.859415558197071,2.859415558197071,2.859415558197071,2.859415558197071,2.859415558197071
465bd2843a2bbb13,val,Noise,Noise,Field Noise,Field,20230905,3.0994082069774436,3.0994082069774436,3.0994082069774436,3.0994082069774436,3.0994082069774436
1d43560ce9ffccb1,val,Noise,Noise,Field Noise,Field,20230905,3.4854476488895685,3.4854476488895685,3.4854476488895685,3.4854476488895685,3.4854476488895685
732fff371ee9d84b,train,Noise,Noise,Field Noise,Field,20230901,9.007551743852055,9.007551743852055,9.007551743852055,9.007551743852055,9.007551743852055
db0cb72f09949af6,test,Noise,Noise,Field Noise,Field,20230908,0.9928569551719733,0.9928569551719733,0.9928569551719733,0.9928569551719733,0.9928569551719733
36f3ec12f2c6e55b,train,Noise,Noise,Field Noise,Field,20230919,0.5746357846013765,0.5746357846013765,0.5746357846013765,0.5746357846013765,0.5746357846013765
db07554a279e215c,train,Noise,Noise,Field Noise,Field,20230919,-0.9792682830527575,-0.9792682830527575,-0.9792682830527575,-0.9792682830527575,-0.9792682830527575
76a5c9e01bdb5654,val,Noise,Noise,Field Noise,Field,20230920,1.5269350498654433,1.5269350498654433,1.5269350498654433,1.5269350498654433,1.5269350498654433
23d1100d603ec5c5,val,Noise,Noise,Field Noise,Field,20230920,1.4288447286649415,1.4288447286649415,1.4288447286649415,1.4288447286649415,1.4288447286649415
ec50f57e0196f9fb,val,Noise,Noise,Field Noise,Field,20230921,-1.1143123600596851,-1.1143123600596851,-1.1143123600596851,-1.1143123600596851,-1.1143123600596851
e434c566b01dccfe,test,Noise,Noise,Field Noise,Field,20230902,-5.302434928506287,-5.302434928506287,-5.302434928506287,-5.302434928506287,-5.302434928506287
5273da37c0de2d05,test,Noise,Noise,Field Noise,Field,20230922,-2.6680948191936444,-2.6680948191936444,-2.6680948191936444,-2.6680948191936444,-2.6680948191936444
110b22cc2958ea65,test,Noise,Noise,Field Noise,Field,20230922,-2.417445720364217,-2.417445720364217,-2.417445720364217,-2.417445720364217,-2.417445720364217
8d83613c995aa9e0,test,Noise,Noise,Field Noise,Field,20230922,1.519459838792116,1.519459838792116,1.519459838792116,1.519459838792116,1.519459838792116
1272b04e719f1ff9,test,Noise,Noise,Field Noise,Field,20230922,3.8503442898232194,3.8503442898232194,3.8503442898232194,3.8503442898232194,3.8503442898232194
feebfdfeef78ff31,val,Noise,Noise,Field Noise,Field,20231001,-2.8630441979739096,-2.8630441979739096,-2.8630441979739096,-2.8630441979739096,-2.8630441979739096
a63461916858ef0e,val,Noise,Noise,Field Noise,Field,20231001,-2.4735372353329304,-2.4735372353329304,-2.4735372353329304,-2.4735372353329304,-2.4735372353329304
066420e800606cd9,val,Noise,Noise,Field Noise,Field,20231001,0.7523849265997242,0.7523849265997242,0.7523849265997242,0.7523849265997242,0.7523849265997242
74f5e9c52412f458,val,Noise,Noise,Field Noise,Field,20231001,-0.9195795724258318,-0.9195795724258318,-0.9195795724258318,-0.9195795724258318,-0.9195795724258318
6244e8c850185dce,train,Noise,Noise,Field Noise,Field,unknown_date,1.0852220923745648,1.0852220923745648,1.0852220923745648,1.0852220923745648,1.0852220923745648
9400454eed627cfc,test,Noise,Noise,Field Noise,Field,20230902,-8.562089875672314,-8.562089875672314,-8.562089875672314,-8.562089875672314,-8.562089875672314
feeb5dfca67e3967,test,Noise,Noise,Field Noise,Field,20230928,7.317535006656286,7.317535006656286,7.317535006656286,7.317535006656286,7.317535006656286
af2f2a2f8131ac5d,test,Noise,Noise,Field Noise,Field,20231003,5.482679188079359,5.482679188079359,5.482679188079359,5.482679188079359,5.482679188079359
d06899d297140517,val,Noise,Noise,Field Noise,Field,20231008,11.821669276290606,11.821669276290606,11.821669276290606,11.821669276290606,11.821669276290606
b1e4a2a7f890370a,train,Noise,Noise,Field Noise,Field,unknown_date,8.054895716354281,8.054895716354281,8.054895716354281,8.054895716354281,8.054895716354281
c02ecba100f80067,train,Noise,Noise,Field Noise,Field,unknown_date,8.469681875261642,8.469681875261642,8.469681875261642,8.469681875261642,8.469681875261642
3b57306c67cb8ed2,train,Noise,Noise,Field Noise,Field,unknown_date,7.761781231321834,7.761781231321834,7.761781231321834,7.761781231321834,7.761781231321834
2b7c9ed556aa2ab6,train,Noise,Noise,Field Noise,Field,unknown_date,7.250652247544906,7.250652247544906,7.250652247544906,7.250652247544906,7.250652247544906
8088d9d0e91c826e,train,Noise,Noise,Field Noise,Field,unknown_date,7.537755240495585,7.537755240495585,7.537755240495585,7.537755240495585,7.537755240495585
9c88972826aa69d1,train,Noise,Noise,Field Noise,Field,unknown_date,7.85562322002194,7.85562322002194,7.85562322002194,7.85562322002194,7.85562322002194
1ebbc8c9d0c253c5,train,Noise,Noise,Field Noise,Field,unknown_date,7.501783259675818,7.501783259675818,7.501783259675818,7.501783259675818,7.501783259675818
697105f3ce6f1df4,train,Noise,Noise,Field Noise,Field,unknown_date,7.192761082482178,7.192761082482178,7.192761082482178,7.192761082482178,7.192761082482178
3837a362dcef6e5f,train,Noise,Noise,Field Noise,Field,unknown_date,7.600128982665609,7.600128982665609,7.600128982665609,7.600128982665609,7.600128982665609
2f8663c4bddafeeb,train,Noise,Noise,Field Noise,Field,unknown_date,7.6090919513193,7.6090919513193,7.6090919513193,7.6090919513193,7.6090919513193
8680d3c08f92f089,train,Noise,Noise,Field Noise,Field,unknown_date,7.669024463369496,7.669024463369496,7.669024463369496,7.669024463369496,7.669024463369496
618b82c2c3e5d7e0,train,Noise,Noise,Field Noise,Field,unknown_date,7.806289520766484,7.806289520766484,7.806289520766484,7.806289520766484,7.806289520766484
e95be5940c69f07c,train,Noise,Noise,Field Noise,Field,unknown_date,7.995477422582809,7.995477422582809,7.995477422582809,7.995477422582809,7.995477422582809
0b0e5bf1047ada9a,train,Noise,Noise,Field Noise,Field,unknown_date,8.294061446167504,8.294061446167504,8.294061446167504,8.294061446167504,8.294061446167504
00cd084c581944e4,train,Noise,Noise,Field Noise,Field,unknown_date,9.220187563362387,9.220187563362387,9.220187563362387,9.220187563362387,9.220187563362387
832947b6227fb364,train,Noise,Noise,Field Noise,Field,unknown_date,9.514409926989075,9.514409926989075,9.514409926989075,9.514409926989075,9.514409926989075
02ecfd4d87feb9ed,train,Noise,Noise,Field Noise,Field,unknown_date,7.674564715276432,7.674564715276432,7.674564715276432,7.674564715276432,7.674564715276432
4b44ab1897e5def8,train,Noise,Noise,Field Noise,Field,unknown_date,8.425579269600703,8.425579269600703,8.425579269600703,8.425579269600703,8.425579269600703
86a208a2a3f90664,train,Noise,Noise,Field Noise,Field,unknown_date,8.484746031770158,8.484746031770158,8.484746031770158,8.484746031770158,8.484746031770158
0acd3e3d58b4f272,train,Noise,Noise,Field Noise,Field,unknown_date,7.677340739627994,7.677340739627994,7.677340739627994,7.677340739627994,7.677340739627994
1b9b18b0dd3cc129,train,Noise,Noise,Field Noise,Field,unknown_date,8.363633173746052,8.363633173746052,8.363633173746052,8.363633173746052,8.363633173746052
8c356b49d028bd13,train,Noise,Noise,Field Noise,Field,unknown_date,8.31418282019466,8.31418282019466,8.31418282019466,8.31418282019466,8.31418282019466
f8886faf6ae5e41e,train,Noise,Noise,Field Noise,Field,unknown_date,2.6090845805574645,2.6090845805574645,2.6090845805574645,2.6090845805574645,2.6090845805574645
29113acdf8fb777b,train,Noise,Noise,Field Noise,Field,unknown_date,5.245882209946757,5.245882209946757,5.245882209946757,5.245882209946757,5.245882209946757
2bca2655eea906ba,train,Noise,Noise,Field Noise,Field,unknown_date,-10.0500574631522,-10.0500574631522,-10.0500574631522,-10.0500574631522,-10.0500574631522
16bf2a4b9afeb694,train,Noise,Noise,Field Noise,Field,unknown_date,-5.154488928193814,-5.154488928193814,-5.154488928193814,-5.154488928193814,-5.154488928193814
612efabdd9384cdf,train,Noise,Noise,Field Noise,Field,unknown_date,-4.635420058044474,-4.635420058044474,-4.635420058044474,-4.635420058044474,-4.635420058044474
53fec3b22ea6f82c,train,Noise,Noise,Field Noise,Field,unknown_date,-4.106081816806238,-4.106081816806238,-4.106081816806238,-4.106081816806238,-4.106081816806238
c699d61525b57d35,train,Noise,Noise,Field Noise,Field,unknown_date,-2.4399417207319516,-2.4399417207319516,-2.4399417207319516,-2.4399417207319516,-2.4399417207319516
a6e8068ec81578bd,train,Noise,Noise,Field Noise,Field,unknown_date,1.5903323466702766,1.5903323466702766,1.5903323466702766,1.5903323466702766,1.5903323466702766
29d33cbc85ce18ed,train,Noise,Noise,Field Noise,Field,unknown_date,0.8871592014809409,0.8871592014809409,0.8871592014809409,0.8871592014809409,0.8871592014809409
dce7b1a5bf98c616,train,Noise,Noise,Field Noise,Field,unknown_date,1.0298633738142087,1.0298633738142087,1.0298633738142087,1.0298633738142087,1.0298633738142087
97e4ee4cd42e8796,train,Noise,Noise,Field Noise,Field,unknown_date,1.5641045973636878,1.5641045973636878,1.5641045973636878,1.5641045973636878,1.5641045973636878
6998dba9f4e52f57,train,Noise,Noise,Field Noise,Field,unknown_date,1.8385073020377263,1.8385073020377263,1.8385073020377263,1.8385073020377263,1.8385073020377263
cd7f164dd1240a8f,train,Noise,Noise,Field Noise,Field,unknown_date,0.847960825978145,0.847960825978145,0.847960825978145,0.847960825978145,0.847960825978145
77f296c12d31b600,train,Noise,Noise,Field Noise,Field,unknown_date,1.449263160973203,1.449263160973203,1.449263160973203,1.449263160973203,1.449263160973203
9d81cc325e1830b0,train,Noise,Noise,Field Noise,Field,unknown_date,0.9798294923854414,0.9798294923854414,0.9798294923854414,0.9798294923854414,0.9798294923854414
e8bd420f627ad700,train,Noise,Noise,Field Noise,Field,unknown_date,0.8110065636516026,0.8110065636516026,0.8110065636516026,0.8110065636516026,0.8110065636516026
7887ff990a857023,train,Noise,Noise,Field Noise,Field,unknown_date,2.5907603100476706,2.5907603100476706,2.5907603100476706,2.5907603100476706,2.5907603100476706
c7d3b8159fede0d2,train,Noise,Noise,Field Noise,Field,unknown_date,3.0214750606916994,3.0214750606916994,3.0214750606916994,3.0214750606916994,3.0214750606916994
f60bff5382df6785,train,Noise,Noise,Field Noise,Field,unknown_date,2.478763812336105,2.478763812336105,2.478763812336105,2.478763812336105,2.478763812336105
6d578bbe2094383d,train,Noise,Noise,Field Noise,Field,unknown_date,1.6176872449841966,1.6176872449841966,1.6176872449841966,1.6176872449841966,1.6176872449841966
27ec8071ea7506bd,train,Noise,Noise,Field Noise,Field,unknown_date,3.471911397205929,3.471911397205929,3.471911397205929,3.471911397205929,3.471911397205929
418a614edb1e48f5,train,Noise,Noise,Field Noise,Field,unknown_date,2.920601274358809,2.920601274358809,2.920601274358809,2.920601274358809,2.920601274358809
53fc588126d74ff8,train,Noise,Noise,Field Noise,Field,unknown_date,3.8473874333171807,3.8473874333171807,3.8473874333171807,3.8473874333171807,3.8473874333171807
3db17ff1a23419da,train,Noise,Noise,Field Noise,Field,unknown_date,3.599731959261632,3.599731959261632,3.599731959261632,3.599731959261632,3.599731959261632
efdb30a402ab6bb2,train,Noise,Noise,Field Noise,Field,unknown_date,1.4626530076921895,1.4626530076921895,1.4626530076921895,1.4626530076921895,1.4626530076921895
3f091f1fb4f4b145,train,Noise,Noise,Field Noise,Field,unknown_date,2.467076218813233,2.467076218813233,2.467076218813233,2.467076218813233,2.467076218813233
fc3f48a8102c18e1,train,Noise,Noise,Field Noise,Field,unknown_date,2.821392786872039,2.821392786872039,2.821392786872039,2.821392786872039,2.821392786872039
2e3755ed6a421caf,train,Noise,Noise,Field Noise,Field,unknown_date,1.2631597440113325,1.2631597440113325,1.2631597440113325,1.2631597440113325,1.2631597440113325
f12ee67939ca3d62,train,Noise,Noise,Field Noise,Field,unknown_date,-1.5415494250538657,-1.5415494250538657,-1.5415494250538657,-1.5415494250538657,-1.5415494250538657
9946ac0b039f2fd3,train,Noise,Noise,Field Noise,Field,unknown_date,-2.727585437954829,-2.727585437954829,-2.727585437954829,-2.727585437954829,-2.727585437954829
ab0aea8bf3a566b4,train,Noise,Noise,Field Noise,Field,unknown_date,-3.6568147502977553,-3.6568147502977553,-3.6568147502977553,-3.6568147502977553,-3.6568147502977553
d0bf2ce0f9ae854b,train,Noise,Noise,Field Noise,Field,unknown_date,-2.9446830613428787,-2.9446830613428787,-2.9446830613428787,-2.9446830613428787,-2.9446830613428787
d9b887d74b399845,train,Noise,Noise,Field Noise,Field,unknown_date,-0.0385427798883029,-0.0385427798883029,-0.0385427798883029,-0.0385427798883029,-0.0385427798883029
7b6e9cd5d776d92a,train,Noise,Noise,Field Noise,Field,unknown_date,2.109650479959452,2.109650479959452,2.109650479959452,2.109650479959452,2.109650479959452
58649f46cf28596a,train,Noise,Noise,Field Noise,Field,unknown_date,-7.700068373637237,-7.700068373637237,-7.700068373637237,-7.700068373637237,-7.700068373637237
3912ba7fa7fbb8bf,train,Noise,Noise,Field Noise,Field,unknown_date,2.2380529724312854,2.2380529724312854,2.2380529724312854,2.2380529724312854,2.2380529724312854
9df7c23dca312cc8,train,Noise,Noise,Field Noise,Field,unknown_date,8.114897188071936,8.114897188071936,8.114897188071936,8.114897188071936,8.114897188071936
fe3ef3dace813e1f,train,Noise,Noise,Field Noise,Field,unknown_date,2.8144173575052633,2.8144173575052633,2.8144173575052633,2.8144173575052633,2.8144173575052633
d43e9782307e3668,train,Noise,Noise,Field Noise,Field,unknown_date,0.9866639471295855,0.9866639471295855,0.9866639471295855,0.9866639471295855,0.9866639471295855
5ea75b3b28665b27,train,Noise,Noise,Field Noise,Field,unknown_date,7.641103592072994,7.641103592072994,7.641103592072994,7.641103592072994,7.641103592072994
c351cc0046c552c8,train,Noise,Noise,Field Noise,Field,unknown_date,7.481551653201791,7.481551653201791,7.481551653201791,7.481551653201791,7.481551653201791
b10b407ea9527596,train,Noise,Noise,Field Noise,Field,unknown_date,-2.3999331393948182,-2.3999331393948182,-2.3999331393948182,-2.3999331393948182,-2.3999331393948182
41d70a4f528730ee,train,Noise,Noise,Field Noise,Field,unknown_date,-5.410568398385806,-5.410568398385806,-5.410568398385806,-5.410568398385806,-5.410568398385806
67837ef55ae53444,train,Noise,Noise,Field Noise,Field,unknown_date,-0.11983041615090428,-0.11983041615090428,-0.11983041615090428,-0.11983041615090428,-0.11983041615090428
60f059cddcf516df,train,Noise,Noise,Field Noise,Field,unknown_date,-2.514584923601575,-2.514584923601575,-2.514584923601575,-2.514584923601575,-2.514584923601575
c4aecafa996a3723,train,Noise,Noise,Field Noise,Field,unknown_date,-5.716135666665949,-5.716135666665949,-5.716135666665949,-5.716135666665949,-5.716135666665949
1ec586e62c5675b8,train,Noise,Noise,Field Noise,Field,unknown_date,-7.287628770399337,-7.287628770399337,-7.287628770399337,-7.287628770399337,-7.287628770399337
7702527f5a1f3bfc,train,Noise,Noise,Field Noise,Field,unknown_date,-6.783439861508441,-6.783439861508441,-6.783439861508441,-6.783439861508441,-6.783439861508441
9b5fbc4dd191b6c9,train,Noise,Noise,Field Noise,Field,unknown_date,-6.019286258974233,-6.019286258974233,-6.019286258974233,-6.019286258974233,-6.019286258974233
9dc0d28f5572cc52,train,Noise,Noise,Field Noise,Field,unknown_date,-0.0019742912402875845,-0.0019742912402875845,-0.0019742912402875845,-0.0019742912402875845,-0.0019742912402875845
8481e77dcd58c32e,train,Noise,Noise,Field Noise,Field,unknown_date,-3.269388861527858,-3.269388861527858,-3.269388861527858,-3.269388861527858,-3.269388861527858
3bbc3fbb2a1b3779,train,Noise,Noise,Field Noise,Field,unknown_date,4.546708849194914,4.546708849194914,4.546708849194914,4.546708849194914,4.546708849194914
3d1f30c9fe35ba8b,train,Noise,Noise,Field Noise,Field,unknown_date,3.4573580341843346,3.4573580341843346,3.4573580341843346,3.4573580341843346,3.4573580341843346
3e280808650311ff,train,Noise,Noise,Field Noise,Field,unknown_date,2.6377229097252126,2.6377229097252126,2.6377229097252126,2.6377229097252126,2.6377229097252126
4b6ef1c174e4ef5a,train,Noise,Noise,Field Noise,Field,unknown_date,1.8364675679872846,1.8364675679872846,1.8364675679872846,1.8364675679872846,1.8364675679872846
1a727cef2dd68398,train,Noise,Noise,Field Noise,Field,unknown_date,2.660034274482939,2.660034274482939,2.660034274482939,2.660034274482939,2.660034274482939
e5c198adc8ace590,train,Noise,Noise,Field Noise,Field,unknown_date,2.575148147501044,2.575148147501044,2.575148147501044,2.575148147501044,2.575148147501044
fcdfea32e7a88a5b,train,Noise,Noise,Field Noise,Field,unknown_date,4.400630079878837,4.400630079878837,4.400630079878837,4.400630079878837,4.400630079878837
273ae74be4843435,train,Noise,Noise,Field Noise,Field,unknown_date,-5.409393636902095,-5.409393636902095,-5.409393636902095,-5.409393636902095,-5.409393636902095
a9f341076d2c6ac6,train,Noise,Noise,Field Noise,Field,unknown_date,3.7775428746865174,3.7775428746865174,3.7775428746865174,3.7775428746865174,3.7775428746865174
2459660804e42d19,train,Noise,Noise,Field Noise,Field,unknown_date,6.044514717376515,6.044514717376515,6.044514717376515,6.044514717376515,6.044514717376515
16ff9056774275dc,train,Noise,Noise,Field Noise,Field,unknown_date,5.954473595310525,5.954473595310525,5.954473595310525,5.954473595310525,5.954473595310525
f8b983aa5610165b,train,Noise,Noise,Field Noise,Field,unknown_date,5.184681319744062,5.184681319744062,5.184681319744062,5.184681319744062,5.184681319744062
e52260ab71df968b,train,Noise,Noise,Field Noise,Field,unknown_date,5.520838763609191,5.520838763609191,5.520838763609191,5.520838763609191,5.520838763609191
553173dc3bcff53a,train,Noise,Noise,Field Noise,Field,unknown_date,4.739858296265503,4.739858296265503,4.739858296265503,4.739858296265503,4.739858296265503
4feb2a7e2c6c93e5,train,Noise,Noise,Field Noise,Field,unknown_date,6.752039789126492,6.752039789126492,6.752039789126492,6.752039789126492,6.752039789126492
b20867fd279f8588,train,Noise,Noise,Field Noise,Field,unknown_date,4.176710007814421,4.176710007814421,4.176710007814421,4.176710007814421,4.176710007814421
5fc0b92b59a9ffb1,train,Noise,Noise,Field Noise,Field,unknown_date,6.442989949237784,6.442989949237784,6.442989949237784,6.442989949237784,6.442989949237784
36dd3127e56a4916,train,Noise,Noise,Field Noise,Field,unknown_date,5.712300567751392,5.712300567751392,5.712300567751392,5.712300567751392,5.712300567751392
5d7bd0ae8f20713b,train,Noise,Noise,Field Noise,Field,unknown_date,5.226725389489161,5.226725389489161,5.226725389489161,5.226725389489161,5.226725389489161
3f77ba36bef33927,train,Noise,Noise,Field Noise,Field,unknown_date,3.3421043661813954,3.3421043661813954,3.3421043661813954,3.3421043661813954,3.3421043661813954
22fff19114f0cf4a,train,Noise,Noise,Field Noise,Field,unknown_date,5.884394957054461,5.884394957054461,5.884394957054461,5.884394957054461,5.884394957054461
a2a8ca443d6c0b0d,train,Noise,Noise,Field Noise,Field,unknown_date,5.459636668621279,5.459636668621279,5.459636668621279,5.459636668621279,5.459636668621279
6bc75ebb8d0f60ac,train,Noise,Noise,Field Noise,Field,unknown_date,5.229739803933846,5.229739803933846,5.229739803933846,5.229739803933846,5.229739803933846
4e090f96f4732c33,train,Noise,Noise,Field Noise,Field,unknown_date,10.835629124358462,10.835629124358462,10.835629124358462,10.835629124358462,10.835629124358462
0eba3a92bc21f301,train,Noise,Noise,Field Noise,Field,unknown_date,11.250158525903355,11.250158525903355,11.250158525903355,11.250158525903355,11.250158525903355
31675d55aae1681a,train,Noise,Noise,Field Noise,Field,unknown_date,11.312902318890064,11.312902318890064,11.312902318890064,11.312902318890064,11.312902318890064
fc9acf20e18bf9a7,train,Noise,Noise,Field Noise,Field,unknown_date,10.547723148099482,10.547723148099482,10.547723148099482,10.547723148099482,10.547723148099482
b75f4b4131619dc9,train,Noise,Noise,Field Noise,Field,unknown_date,10.588315236317207,10.588315236317207,10.588315236317207,10.588315236317207,10.588315236317207
b7c4d75dd7236d29,train,Noise,Noise,Field Noise,Field,unknown_date,10.429812767954674,10.429812767954674,10.429812767954674,10.429812767954674,10.429812767954674
3aeb18d02416c241,train,Noise,Noise,Field Noise,Field,unknown_date,9.713235567950766,9.713235567950766,9.713235567950766,9.713235567950766,9.713235567950766
a1967c91c314aac1,train,Noise,Noise,Field Noise,Field,unknown_date,-4.452802702436188,-4.452802702436188,-4.452802702436188,-4.452802702436188,-4.452802702436188
55c98f0698db3112,train,Noise,Noise,Field Noise,Field,unknown_date,2.604671940062302,2.604671940062302,2.604671940062302,2.604671940062302,2.604671940062302
6f7803400890ba71,train,Noise,Noise,Field Noise,Field,unknown_date,2.976278122434837,2.976278122434837,2.976278122434837,2.976278122434837,2.976278122434837
e16a7067f8485857,train,Noise,Noise,Field Noise,Field,unknown_date,1.7430669124896507,1.7430669124896507,1.7430669124896507,1.7430669124896507,1.7430669124896507
d7e0926e8223d6db,train,Noise,Noise,Field Noise,Field,unknown_date,1.7269506425807646,1.7269506425807646,1.7269506425807646,1.7269506425807646,1.7269506425807646
b1cc3702f6c40f72,train,Noise,Noise,Field Noise,Field,unknown_date,3.4969072795482745,3.4969072795482745,3.4969072795482745,3.4969072795482745,3.4969072795482745
b69d3d60cfebe4ab,train,Noise,Noise,Field Noise,Field,unknown_date,0.9889982251066707,0.9889982251066707,0.9889982251066707,0.9889982251066707,0.9889982251066707
2abe13208635f716,train,Noise,Noise,Field Noise,Field,unknown_date,3.74104305376752,3.74104305376752,3.74104305376752,3.74104305376752,3.74104305376752
47d7c8e31249ca2a,train,Noise,Noise,Field Noise,Field,unknown_date,5.863431016363356,5.863431016363356,5.863431016363356,5.863431016363356,5.863431016363356
1542aa49a21a9998,train,Noise,Noise,Field Noise,Field,unknown_date,5.368755164568611,5.368755164568611,5.368755164568611,5.368755164568611,5.368755164568611
b637e52628429829,train,Noise,Noise,Field Noise,Field,unknown_date,10.319307371068433,10.319307371068433,10.319307371068433,10.319307371068433,10.319307371068433
753d4ba35e5bbe8a,train,Noise,Noise,Field Noise,Field,unknown_date,11.728591144183104,11.728591144183104,11.728591144183104,11.728591144183104,11.728591144183104
4d0b2457e702b1de,train,Noise,Noise,Field Noise,Field,unknown_date,-0.9865204496817856,-0.9865204496817856,-0.9865204496817856,-0.9865204496817856,-0.9865204496817856
9cb600f558b86d1f,train,Noise,Noise,Field Noise,Field,unknown_date,13.143792078912586,13.143792078912586,13.143792078912586,13.143792078912586,13.143792078912586
dc64571fe1f155ff,train,Noise,Noise,Field Noise,Field,unknown_date,13.047098267214693,13.047098267214693,13.047098267214693,13.047098267214693,13.047098267214693
4f8d3954a14b7218,train,Noise,Noise,Field Noise,Field,unknown_date,13.138606920529195,13.138606920529195,13.138606920529195,13.138606920529195,13.138606920529195
f32da6ad5b9080e1,train,Noise,Noise,Field Noise,Field,unknown_date,13.1344070548863,13.1344070548863,13.1344070548863,13.1344070548863,13.1344070548863
7fca66f90cf98fe7,train,Noise,Noise,Field Noise,Field,unknown_date,13.235008773890758,13.235008773890758,13.235008773890758,13.235008773890758,13.235008773890758
a6887fb82634a7e7,train,Noise,Noise,Field Noise,Field,unknown_date,13.180536169525354,13.180536169525354,13.180536169525354,13.180536169525354,13.180536169525354
17ec6355a168f8b0,train,Noise,Noise,Field Noise,Field,unknown_date,13.161754113138223,13.161754113138223,13.161754113138223,13.161754113138223,13.161754113138223
4ff97921af2ad7f7,train,Noise,Noise,Field Noise,Field,unknown_date,13.101665727027076,13.101665727027076,13.101665727027076,13.101665727027076,13.101665727027076
ef61d196db14f51a,train,Noise,Noise,Field Noise,Field,unknown_date,13.09622649581355,13.09622649581355,13.09622649581355,13.09622649581355,13.09622649581355
1e1ae31740519907,train,Noise,Noise,Field Noise,Field,unknown_date,13.05586524095078,13.05586524095078,13.05586524095078,13.05586524095078,13.05586524095078
4a010cc0e373359f,train,Noise,Noise,Field Noise,Field,unknown_date,13.082394346126197,13.082394346126197,13.082394346126197,13.082394346126197,13.082394346126197
6ab2c3047d552c7f,train,Noise,Noise,Field Noise,Field,unknown_date,13.02286500341382,13.02286500341382,13.02286500341382,13.02286500341382,13.02286500341382
31c3b7ba4d1e736c,train,Noise,Noise,Field Noise,Field,unknown_date,13.04205401229525,13.04205401229525,13.04205401229525,13.04205401229525,13.04205401229525
ba53ade84e7a9edf,train,Noise,Noise,Field Noise,Field,unknown_date,13.16486180648372,13.16486180648372,13.16486180648372,13.16486180648372,13.16486180648372
e27bb97e10dbb17c,train,Noise,Noise,Field Noise,Field,unknown_date,13.094839283711213,13.094839283711213,13.094839283711213,13.094839283711213,13.094839283711213
1238951467278080,train,Noise,Noise,Field Noise,Field,unknown_date,13.04944523038694,13.04944523038694,13.04944523038694,13.04944523038694,13.04944523038694
9a2873dd42cda6b6,train,Noise,Noise,Field Noise,Field,unknown_date,13.142098017417602,13.142098017417602,13.142098017417602,13.142098017417602,13.142098017417602
dbc8d6994ff3c947,train,Noise,Noise,Field Noise,Field,unknown_date,13.12294463101167,13.12294463101167,13.12294463101167,13.12294463101167,13.12294463101167
5a5ecc8b16d1dddc,train,Noise,Noise,Field Noise,Field,unknown_date,13.053745922226014,13.053745922226014,13.053745922226014,13.053745922226014,13.053745922226014
ce7137142a2a1d3c,train,Noise,Noise,Field Noise,Field,unknown_date,13.010785305655983,13.010785305655983,13.010785305655983,13.010785305655983,13.010785305655983
9cc4913880f5be55,train,Noise,Noise,Field Noise,Field,unknown_date,13.006524290028302,13.006524290028302,13.006524290028302,13.006524290028302,13.006524290028302
97e7bd14c71b2f43,train,Noise,Noise,Field Noise,Field,unknown_date,12.990784890621935,12.990784890621935,12.990784890621935,12.990784890621935,12.990784890621935
baf74f2de98713e6,train,Noise,Noise,Field Noise,Field,unknown_date,13.056848323464965,13.056848323464965,13.056848323464965,13.056848323464965,13.056848323464965
6d55b24e4d7a0169,train,Noise,Noise,Field Noise,Field,unknown_date,13.047356366858267,13.047356366858267,13.047356366858267,13.047356366858267,13.047356366858267
df74519ef9873433,train,Noise,Noise,Field Noise,Field,unknown_date,13.032070178007562,13.032070178007562,13.032070178007562,13.032070178007562,13.032070178007562
430436c9c4fee6eb,train,Noise,Noise,Field Noise,Field,unknown_date,13.114243361374193,13.114243361374193,13.114243361374193,13.114243361374193,13.114243361374193
c8a722bb2fe81a46,train,Noise,Noise,Field Noise,Field,unknown_date,12.992639883138096,12.992639883138096,12.992639883138096,12.992639883138096,12.992639883138096
9cad205b8584541b,train,Noise,Noise,Field Noise,Field,unknown_date,13.14851602184051,13.14851602184051,13.14851602184051,13.14851602184051,13.14851602184051
406c872e5f3b8e72,train,Noise,Noise,Field Noise,Field,unknown_date,13.103152208474622,13.103152208474622,13.103152208474622,13.103152208474622,13.103152208474622
d1c5b28642f6835b,train,Noise,Noise,Field Noise,Field,unknown_date,12.405233683816224,12.405233683816224,12.405233683816224,12.405233683816224,12.405233683816224
26f3f1fd32995b55,train,Noise,Noise,Field Noise,Field,unknown_date,12.34487766236101,12.34487766236101,12.34487766236101,12.34487766236101,12.34487766236101
f425f910aac2105b,train,Noise,Noise,Field Noise,Field,unknown_date,12.831853259509128,12.831853259509128,12.831853259509128,12.831853259509128,12.831853259509128
b82c8c189342136d,train,Noise,Noise,Field Noise,Field,unknown_date,12.179175582078368,12.179175582078368,12.179175582078368,12.179175582078368,12.179175582078368
52d0358702f35703,train,Noise,Noise,Field Noise,Field,unknown_date,12.432975059418549,12.432975059418549,12.432975059418549,12.432975059418549,12.432975059418549
10587e228fb47ec2,train,Noise,Noise,Field Noise,Field,unknown_date,12.400786728779526,12.400786728779526,12.400786728779526,12.400786728779526,12.400786728779526
fb3e6f2854a974f1,train,Noise,Noise,Field Noise,Field,unknown_date,12.45205982722553,12.45205982722553,12.45205982722553,12.45205982722553,12.45205982722553
f640277a4906031d,train,Noise,Noise,Field Noise,Field,unknown_date,12.345603649418955,12.345603649418955,12.345603649418955,12.345603649418955,12.345603649418955
062d9a217b2c70ae,train,Noise,Noise,Field Noise,Field,unknown_date,12.832957113924213,12.832957113924213,12.832957113924213,12.832957113924213,12.832957113924213
578bce00a845b7b7,train,Noise,Noise,Field Noise,Field,unknown_date,12.43846085704611,12.43846085704611,12.43846085704611,12.43846085704611,12.43846085704611
bd9346587c820775,train,Noise,Noise,Field Noise,Field,unknown_date,12.838787906311516,12.838787906311516,12.838787906311516,12.838787906311516,12.838787906311516
0c81c23296c3b960,train,Noise,Noise,Field Noise,Field,unknown_date,-0.20636790488188694,-0.20636790488188694,-0.20636790488188694,-0.20636790488188694,-0.20636790488188694
fd1a74bfbfb9e3c3,train,Noise,Noise,Field Noise,Field,unknown_date,-1.3012795498138088,-1.3012795498138088,-1.3012795498138088,-1.3012795498138088,-1.3012795498138088
f096cc9f36f23e81,train,Noise,Noise,Field Noise,Field,unknown_date,-1.0664364163873286,-1.0664364163873286,-1.0664364163873286,-1.0664364163873286,-1.0664364163873286
3285840e0b398946,train,Noise,Noise,Field Noise,Field,unknown_date,-3.0815636936987616,-3.0815636936987616,-3.0815636936987616,-3.0815636936987616,-3.0815636936987616
6cf142a5d3dd7f45,train,Noise,Noise,Field Noise,Field,unknown_date,-0.6248637899752651,-0.6248637899752651,-0.6248637899752651,-0.6248637899752651,-0.6248637899752651
f9b3cb4e1c7c339b,train,Noise,Noise,Field Noise,Field,unknown_date,-0.9573592295342053,-0.9573592295342053,-0.9573592295342053,-0.9573592295342053,-0.9573592295342053
834cbd73629d5b98,train,Noise,Noise,Field Noise,Field,unknown_date,-0.46900170613954373,-0.46900170613954373,-0.46900170613954373,-0.46900170613954373,-0.46900170613954373
96b76c5ddc431495,train,Noise,Noise,Field Noise,Field,unknown_date,-0.6834729273461448,-0.6834729273461448,-0.6834729273461448,-0.6834729273461448,-0.6834729273461448
f376fda8b7389c01,train,Noise,Noise,Field Noise,Field,unknown_date,-2.3068693057330165,-2.3068693057330165,-2.3068693057330165,-2.3068693057330165,-2.3068693057330165
1562d0b85170809e,train,Noise,Noise,Field Noise,Field,unknown_date,-0.9991790719094436,-0.9991790719094436,-0.9991790719094436,-0.9991790719094436,-0.9991790719094436
3159feac5c2f8438,train,Noise,Noise,Field Noise,Field,unknown_date,-1.3010315502892524,-1.3010315502892524,-1.3010315502892524,-1.3010315502892524,-1.3010315502892524
3f79956c1f02b6a6,train,Noise,Noise,Field Noise,Field,unknown_date,-1.1458310273662171,-1.1458310273662171,-1.1458310273662171,-1.1458310273662171,-1.1458310273662171
43aad6ad9da47ac8,train,Noise,Noise,Field Noise,Field,unknown_date,-1.6271740841320046,-1.6271740841320046,-1.6271740841320046,-1.6271740841320046,-1.6271740841320046
7bc14c77fb79be93,train,Noise,Noise,Field Noise,Field,unknown_date,-1.1484314973021643,-1.1484314973021643,-1.1484314973021643,-1.1484314973021643,-1.1484314973021643
749e0426d8119595,train,Noise,Noise,Field Noise,Field,unknown_date,-1.1313700616363587,-1.1313700616363587,-1.1313700616363587,-1.1313700616363587,-1.1313700616363587
ba7007a8df0d14f1,train,Noise,Noise,Field Noise,Field,unknown_date,-0.9711870787348342,-0.9711870787348342,-0.9711870787348342,-0.9711870787348342,-0.9711870787348342
d2624f487e0e96f2,train,Noise,Noise,Field Noise,Field,unknown_date,-1.1582289508054275,-1.1582289508054275,-1.1582289508054275,-1.1582289508054275,-1.1582289508054275
dbc866bfbb1e1cfa,train,Noise,Noise,Field Noise,Field,unknown_date,-1.430319525786711,-1.430319525786711,-1.430319525786711,-1.430319525786711,-1.430319525786711
b5b6a152e8750d0b,train,Noise,Noise,Field Noise,Field,unknown_date,-1.5990159199120733,-1.5990159199120733,-1.5990159199120733,-1.5990159199120733,-1.5990159199120733
b53906ac5240656d,train,Noise,Noise,Field Noise,Field,unknown_date,-1.8504854613103134,-1.8504854613103134,-1.8504854613103134,-1.8504854613103134,-1.8504854613103134
c92df620ee92dd3a,train,Noise,Noise,Field Noise,Field,unknown_date,-0.7900042376925427,-0.7900042376925427,-0.7900042376925427,-0.7900042376925427,-0.7900042376925427
fc6a776cad5bcd1d,train,Noise,Noise,Field Noise,Field,unknown_date,-1.860570214591359,-1.860570214591359,-1.860570214591359,-1.860570214591359,-1.860570214591359
b40d0198b9756f85,train,Noise,Noise,Field Noise,Field,unknown_date,-1.1022955601784439,-1.1022955601784439,-1.1022955601784439,-1.1022955601784439,-1.1022955601784439
daa1c673cfacbbab,train,Noise,Noise,Field Noise,Field,unknown_date,-1.1930010574413927,-1.1930010574413927,-1.1930010574413927,-1.1930010574413927,-1.1930010574413927
e43a70192ca95647,train,Noise,Noise,Field Noise,Field,unknown_date,2.4719602505211924,2.4719602505211924,2.4719602505211924,2.4719602505211924,2.4719602505211924
0b0d2c02d539bd29,train,Noise,Noise,Field Noise,Field,unknown_date,-1.2190423017929888,-1.2190423017929888,-1.2190423017929888,-1.2190423017929888,-1.2190423017929888
32e0502ecd628796,train,Noise,Noise,Field Noise,Field,unknown_date,-1.1113383246693331,-1.1113383246693331,-1.1113383246693331,-1.1113383246693331,-1.1113383246693331
1fee6bce7734cb35,train,Noise,Noise,Field Noise,Field,unknown_date,-0.6299016737511494,-0.6299016737511494,-0.6299016737511494,-0.6299016737511494,-0.6299016737511494
136ce83b4d77955d,train,Noise,Noise,Field Noise,Field,unknown_date,0.8347087547899434,0.8347087547899434,0.8347087547899434,0.8347087547899434,0.8347087547899434
c5f3e74ae4ea2d39,train,Noise,Noise,Field Noise,Field,unknown_date,0.9543407480952908,0.9543407480952908,0.9543407480952908,0.9543407480952908,0.9543407480952908
f24c0ccb5d60e9e6,train,Noise,Noise,Field Noise,Field,unknown_date,-1.25871695206855,-1.25871695206855,-1.25871695206855,-1.25871695206855,-1.25871695206855
44b5b210483ff825,train,Noise,Noise,Field Noise,Field,unknown_date,-1.2119315976157203,-1.2119315976157203,-1.2119315976157203,-1.2119315976157203,-1.2119315976157203
4b706d374032f65e,train,Noise,Noise,Field Noise,Field,unknown_date,-1.1513953183453607,-1.1513953183453607,-1.1513953183453607,-1.1513953183453607,-1.1513953183453607
124b9d7ff52f3661,train,Noise,Noise,Field Noise,Field,unknown_date,-1.0138268759451767,-1.0138268759451767,-1.0138268759451767,-1.0138268759451767,-1.0138268759451767
23ec8b14745fa51f,train,Noise,Noise,Field Noise,Field,unknown_date,-1.0163326525613545,-1.0163326525613545,-1.0163326525613545,-1.0163326525613545,-1.0163326525613545
3847fbdcc65bdd57,train,Noise,Noise,Field Noise,Field,unknown_date,-1.1158495634346908,-1.1158495634346908,-1.1158495634346908,-1.1158495634346908,-1.1158495634346908
66bd2d7f1f580aee,train,Noise,Noise,Field Noise,Field,unknown_date,-1.0800704224497322,-1.0800704224497322,-1.0800704224497322,-1.0800704224497322,-1.0800704224497322
b157a296424f0a88,train,Noise,Noise,Field Noise,Field,unknown_date,-1.0436308260776865,-1.0436308260776865,-1.0436308260776865,-1.0436308260776865,-1.0436308260776865
82c43b37617174e5,train,Noise,Noise,Field Noise,Field,unknown_date,-0.9874171698828214,-0.9874171698828214,-0.9874171698828214,-0.9874171698828214,-0.9874171698828214
aa96d41315dd9b7d,train,Noise,Noise,Field Noise,Field,unknown_date,-1.0573465038104866,-1.0573465038104866,-1.0573465038104866,-1.0573465038104866,-1.0573465038104866
c26aceddc9e7d8b4,train,Noise,Noise,Field Noise,Field,unknown_date,-0.9312881984790877,-0.9312881984790877,-0.9312881984790877,-0.9312881984790877,-0.9312881984790877
1a3010cbbd8b08e5,train,Noise,Noise,Field Noise,Field,unknown_date,-1.0713416766211612,-1.0713416766211612,-1.0713416766211612,-1.0713416766211612,-1.0713416766211612
cdf4db05026c32af,train,Noise,Noise,Field Noise,Field,unknown_date,-1.074549956981814,-1.074549956981814,-1.074549956981814,-1.074549956981814,-1.074549956981814
e8e24af181506862,train,Noise,Noise,Field Noise,Field,unknown_date,-1.1151320608214794,-1.1151320608214794,-1.1151320608214794,-1.1151320608214794,-1.1151320608214794
68dd44c9a2309526,train,Noise,Noise,Field Noise,Field,unknown_date,-1.128471018682058,-1.128471018682058,-1.128471018682058,-1.128471018682058,-1.128471018682058
04a3d2a4210f462a,train,Noise,Noise,Field Noise,Field,unknown_date,-1.0920302908741197,-1.0920302908741197,-1.0920302908741197,-1.0920302908741197,-1.0920302908741197
c6f4ec7eac6c22c9,train,Noise,Noise,Field Noise,Field,unknown_date,-0.9766370092446586,-0.9766370092446586,-0.9766370092446586,-0.9766370092446586,-0.9766370092446586
d124caf9fce177a5,train,Noise,Noise,Field Noise,Field,unknown_date,-0.9938731908347815,-0.9938731908347815,-0.9938731908347815,-0.9938731908347815,-0.9938731908347815
8679af098091053f,train,Noise,Noise,Field Noise,Field,unknown_date,-1.0195150962914132,-1.0195150962914132,-1.0195150962914132,-1.0195150962914132,-1.0195150962914132
ce77f39b82d3fc31,train,Noise,Noise,Field Noise,Field,unknown_date,-1.4809388127389322,-1.4809388127389322,-1.4809388127389322,-1.4809388127389322,-1.4809388127389322
aadfcbbb4839d8a1,train,Noise,Noise,Field Noise,Field,unknown_date,-1.0500535934392996,-1.0500535934392996,-1.0500535934392996,-1.0500535934392996,-1.0500535934392996
30638bde95d0136b,train,Noise,Noise,Field Noise,Field,unknown_date,-0.9618686940200893,-0.9618686940200893,-0.9618686940200893,-0.9618686940200893,-0.9618686940200893
0c065fddb0199136,train,Noise,Noise,Field Noise,Field,unknown_date,-1.3284053598701684,-1.3284053598701684,-1.3284053598701684,-1.3284053598701684,-1.3284053598701684
8541c5401f9d2e83,train,Noise,Noise,Field Noise,Field,unknown_date,-1.0051563282764109,-1.0051563282764109,-1.0051563282764109,-1.0051563282764109,-1.0051563282764109
e10f89724681ea62,train,Noise,Noise,Field Noise,Field,unknown_date,-0.9834147060098664,-0.9834147060098664,-0.9834147060098664,-0.9834147060098664,-0.9834147060098664
f242680cae8a8ed4,train,Noise,Noise,Field Noise,Field,unknown_date,-1.2902291748064796,-1.2902291748064796,-1.2902291748064796,-1.2902291748064796,-1.2902291748064796
73454e7bfc085f31,train,Noise,Noise,Field Noise,Field,unknown_date,-1.4675522753205614,-1.4675522753205614,-1.4675522753205614,-1.4675522753205614,-1.4675522753205614
d3badf0fb898f3b1,train,Noise,Noise,Field Noise,Field,unknown_date,-1.1575275799115765,-1.1575275799115765,-1.1575275799115765,-1.1575275799115765,-1.1575275799115765
0e9ab03b2c92c716,train,Noise,Noise,Field Noise,Field,unknown_date,-1.160050587734629,-1.160050587734629,-1.160050587734629,-1.160050587734629,-1.160050587734629
5379fe519f5566a6,train,Noise,Noise,Field Noise,Field,unknown_date,-1.1549039716398575,-1.1549039716398575,-1.1549039716398575,-1.1549039716398575,-1.1549039716398575
a1d69ec70bcd9b29,train,Noise,Noise,Field Noise,Field,unknown_date,-1.2772477261252888,-1.2772477261252888,-1.2772477261252888,-1.2772477261252888,-1.2772477261252888
7376db02d8e6e30e,train,Noise,Noise,Field Noise,Field,unknown_date,-1.027626249562477,-1.027626249562477,-1.027626249562477,-1.027626249562477,-1.027626249562477
483457bcd9177d04,train,Noise,Noise,Field Noise,Field,unknown_date,-1.1726244992125334,-1.1726244992125334,-1.1726244992125334,-1.1726244992125334,-1.1726244992125334
4193266b280c5859,train,Noise,Noise,Field Noise,Field,unknown_date,-1.1933774407734212,-1.1933774407734212,-1.1933774407734212,-1.1933774407734212,-1.1933774407734212
33737b1263ab1319,train,Noise,Noise,Field Noise,Field,unknown_date,-1.1461056358893176,-1.1461056358893176,-1.1461056358893176,-1.1461056358893176,-1.1461056358893176
ae35ebc2b1de3648,train,Noise,Noise,Field Noise,Field,unknown_date,-1.3257483297752932,-1.3257483297752932,-1.3257483297752932,-1.3257483297752932,-1.3257483297752932
8879d487511cc368,train,Noise,Noise,Field Noise,Field,unknown_date,-1.2490690549267898,-1.2490690549267898,-1.2490690549267898,-1.2490690549267898,-1.2490690549267898
a25998cd0dbd6aaa,train,Noise,Noise,Field Noise,Field,unknown_date,-2.022787044810041,-2.022787044810041,-2.022787044810041,-2.022787044810041,-2.022787044810041
34ea31b91530917f,train,Noise,Noise,Field Noise,Field,unknown_date,9.925564772390292,9.925564772390292,9.925564772390292,9.925564772390292,9.925564772390292
b82b2bb8e3042b16,train,Noise,Noise,Field Noise,Field,unknown_date,1.4283557085470875,1.4283557085470875,1.4283557085470875,1.4283557085470875,1.4283557085470875
06da8eeede77219d,train,Noise,Noise,Field Noise,Field,unknown_date,-6.1293454174672775,-6.1293454174672775,-6.1293454174672775,-6.1293454174672775,-6.1293454174672775
c7017f02b24e74bb,train,Noise,Noise,Field Noise,Field,unknown_date,-4.63669879490476,-4.63669879490476,-4.63669879490476,-4.63669879490476,-4.63669879490476
c2f4672acdd72fb8,train,Noise,Noise,Field Noise,Field,unknown_date,-4.221392555122414,-4.221392555122414,-4.221392555122414,-4.221392555122414,-4.221392555122414
33585cd1f7467ca9,train,Noise,Noise,Field Noise,Field,unknown_date,-2.397554066003849,-2.397554066003849,-2.397554066003849,-2.397554066003849,-2.397554066003849
fddd0f72517c3278,train,Noise,Noise,Field Noise,Field,unknown_date,1.5700876722096524,1.5700876722096524,1.5700876722096524,1.5700876722096524,1.5700876722096524
a0064deadcc46df3,train,Noise,Noise,Field Noise,Field,unknown_date,5.919706694834829,5.919706694834829,5.919706694834829,5.919706694834829,5.919706694834829
45dc1035d278aef2,train,Noise,Noise,Field Noise,Field,unknown_date,2.8497990555687096,2.8497990555687096,2.8497990555687096,2.8497990555687096,2.8497990555687096
7b68eab2330dc4b2,train,Noise,Noise,Field Noise,Field,unknown_date,5.3583619365351325,5.3583619365351325,5.3583619365351325,5.3583619365351325,5.3583619365351325
b7f63e094e899dbb,train,Noise,Noise,Field Noise,Field,unknown_date,5.685875728214974,5.685875728214974,5.685875728214974,5.685875728214974,5.685875728214974
196afbe139852268,train,Noise,Noise,Field Noise,Field,unknown_date,5.734016597006061,5.734016597006061,5.734016597006061,5.734016597006061,5.734016597006061
d1e29a019d226193,train,Noise,Noise,Field Noise,Field,unknown_date,12.766056662088921,12.766056662088921,12.766056662088921,12.766056662088921,12.766056662088921
e25aa59d6d310702,train,Noise,Noise,Field Noise,Field,unknown_date,12.103125413042136,12.103125413042136,12.103125413042136,12.103125413042136,12.103125413042136
bed97cc356d0d183,train,Noise,Noise,Field Noise,Field,unknown_date,12.878154232728392,12.878154232728392,12.878154232728392,12.878154232728392,12.878154232728392
6a0f9da82fc4dd4b,train,Noise,Noise,Field Noise,Field,unknown_date,12.07848669667851,12.07848669667851,12.07848669667851,12.07848669667851,12.07848669667851
6cffc6a670a3ae5f,train,Noise,Noise,Field Noise,Field,unknown_date,12.677173104860024,12.677173104860024,12.677173104860024,12.677173104860024,12.677173104860024
ea151e32c1d28eab,train,Noise,Noise,Field Noise,Field,unknown_date,12.300204952668082,12.300204952668082,12.300204952668082,12.300204952668082,12.300204952668082
e2ea45470858d2b4,train,Noise,Noise,Field Noise,Field,unknown_date,5.539639521420646,5.539639521420646,5.539639521420646,5.539639521420646,5.539639521420646
45a191169f4029df,train,Noise,Noise,Field Noise,Field,unknown_date,1.4237232733308076,1.4237232733308076,1.4237232733308076,1.4237232733308076,1.4237232733308076
7692f19b2866e0d6,train,Noise,Noise,Field Noise,Field,unknown_date,12.081526980297767,12.081526980297767,12.081526980297767,12.081526980297767,12.081526980297767
6247747551c39f55,train,Noise,Noise,Field Noise,Field,unknown_date,10.538184814586963,10.538184814586963,10.538184814586963,10.538184814586963,10.538184814586963
067a7f0a8354e2b1,train,Noise,Noise,Field Noise,Field,unknown_date,11.038429595887763,11.038429595887763,11.038429595887763,11.038429595887763,11.038429595887763
723420f566a92783,train,Noise,Noise,Field Noise,Field,unknown_date,4.489261477948467,4.489261477948467,4.489261477948467,4.489261477948467,4.489261477948467
1737576a3887f2ab,train,Noise,Noise,Field Noise,Field,unknown_date,4.8893529550934645,4.8893529550934645,4.8893529550934645,4.8893529550934645,4.8893529550934645
a6bc42f816a9e477,train,Noise,Noise,Field Noise,Field,unknown_date,2.1867628994531643,2.1867628994531643,2.1867628994531643,2.1867628994531643,2.1867628994531643
001568d14bfb264d,train,Noise,Noise,Field Noise,Field,unknown_date,2.099601552268517,2.099601552268517,2.099601552268517,2.099601552268517,2.099601552268517
84685eaa80704a1a,train,Noise,Noise,Field Noise,Field,unknown_date,10.633371272593152,10.633371272593152,10.633371272593152,10.633371272593152,10.633371272593152
45b35eabb8db3f03,train,Noise,Noise,Field Noise,Field,unknown_date,10.78221009859736,10.78221009859736,10.78221009859736,10.78221009859736,10.78221009859736
0485a2a024f8d2fc,train,Noise,Noise,Field Noise,Field,unknown_date,11.032640339239009,11.032640339239009,11.032640339239009,11.032640339239009,11.032640339239009
00b727195f9c1b69,train,Noise,Noise,Field Noise,Field,unknown_date,1.4942694762445292,1.4942694762445292,1.4942694762445292,1.4942694762445292,1.4942694762445292
aa2901679f7d0a2e,train,Noise,Noise,Field Noise,Field,unknown_date,10.135688106209678,10.135688106209678,10.135688106209678,10.135688106209678,10.135688106209678
1284e77e210e2a38,train,Noise,Noise,Field Noise,Field,unknown_date,-0.22301943820654202,-0.22301943820654202,-0.22301943820654202,-0.22301943820654202,-0.22301943820654202
807dc653536aa228,train,Noise,Noise,Field Noise,Field,unknown_date,0.24370919881816633,0.24370919881816633,0.24370919881816633,0.24370919881816633,0.24370919881816633
09786fa8d6e7a506,train,Noise,Noise,Field Noise,Field,unknown_date,-0.18274737211405068,-0.18274737211405068,-0.18274737211405068,-0.18274737211405068,-0.18274737211405068
eaf4ae916a5f4eb9,train,Noise,Noise,Field Noise,Field,unknown_date,-2.2935806244813364,-2.2935806244813364,-2.2935806244813364,-2.2935806244813364,-2.2935806244813364
e77726fb18811c39,train,Noise,Noise,Field Noise,Field,unknown_date,1.1467550451058344,1.1467550451058344,1.1467550451058344,1.1467550451058344,1.1467550451058344
cde946d16b862060,train,Noise,Noise,Field Noise,Field,unknown_date,11.644577858281188,11.644577858281188,11.644577858281188,11.644577858281188,11.644577858281188
ea62377c4309d1d0,train,Noise,Noise,Field Noise,Field,unknown_date,12.226228881689863,12.226228881689863,12.226228881689863,12.226228881689863,12.226228881689863
91e113d90e10a658,train,Noise,Noise,Field Noise,Field,unknown_date,12.039696552013304,12.039696552013304,12.039696552013304,12.039696552013304,12.039696552013304
12dd322e7e08776a,train,Noise,Noise,Field Noise,Field,unknown_date,11.391228645146363,11.391228645146363,11.391228645146363,11.391228645146363,11.391228645146363
779387ab287e2737,train,Noise,Noise,Field Noise,Field,unknown_date,11.183537298445835,11.183537298445835,11.183537298445835,11.183537298445835,11.183537298445835
42c0db3d61bf128d,train,Noise,Noise,Field Noise,Field,unknown_date,11.45844341220021,11.45844341220021,11.45844341220021,11.45844341220021,11.45844341220021
0ebf148bc7f8ce0c,train,Noise,Noise,Field Noise,Field,unknown_date,11.477565618975277,11.477565618975277,11.477565618975277,11.477565618975277,11.477565618975277
d1846f9b91dcf1a7,train,Noise,Noise,Field Noise,Field,unknown_date,10.44161648204701,10.44161648204701,10.44161648204701,10.44161648204701,10.44161648204701
ac0f02930b8e5a1f,train,Noise,Noise,Field Noise,Field,unknown_date,10.678988573052784,10.678988573052784,10.678988573052784,10.678988573052784,10.678988573052784
041ae2cd3f93f54d,train,Noise,Noise,Field Noise,Field,unknown_date,-2.654463765059077,-2.654463765059077,-2.654463765059077,-2.654463765059077,-2.654463765059077
79d4de435823c25f,train,Noise,Noise,Field Noise,Field,unknown_date,-3.814956318933163,-3.814956318933163,-3.814956318933163,-3.814956318933163,-3.814956318933163
13acd94ccc9bdd5e,train,Noise,Noise,Field Noise,Field,unknown_date,-2.6524440307976107,-2.6524440307976107,-2.6524440307976107,-2.6524440307976107,-2.6524440307976107
89c6e499658a1ef0,train,Noise,Noise,Field Noise,Field,unknown_date,-2.787483705197012,-2.787483705197012,-2.787483705197012,-2.787483705197012,-2.787483705197012
11cf8ed215ebd899,train,Noise,Noise,Field Noise,Field,unknown_date,0.4844870586373702,0.4844870586373702,0.4844870586373702,0.4844870586373702,0.4844870586373702
d41dd7ff2ba57cf5,train,Noise,Noise,Field Noise,Field,unknown_date,-1.463907061622237,-1.463907061622237,-1.463907061622237,-1.463907061622237,-1.463907061622237
6d4c373eb4b519a4,train,Noise,Noise,Field Noise,Field,unknown_date,12.22954731213401,12.22954731213401,12.22954731213401,12.22954731213401,12.22954731213401
7c768ff6b8555516,train,Noise,Noise,Field Noise,Field,unknown_date,9.38066981584931,9.38066981584931,9.38066981584931,9.38066981584931,9.38066981584931
5d98fc8f3f16ce49,train,Noise,Noise,Field Noise,Field,unknown_date,9.274961371884423,9.274961371884423,9.274961371884423,9.274961371884423,9.274961371884423
a474b6277be44090,train,Noise,Noise,Field Noise,Field,unknown_date,8.67012828462704,8.67012828462704,8.67012828462704,8.67012828462704,8.67012828462704
cdcb4286d24807ea,train,Noise,Noise,Field Noise,Field,unknown_date,8.29337716189059,8.29337716189059,8.29337716189059,8.29337716189059,8.29337716189059
9180a423bc93abc8,train,Noise,Noise,Field Noise,Field,unknown_date,11.133498919914004,11.133498919914004,11.133498919914004,11.133498919914004,11.133498919914004
52fb3e3f5116fe61,train,Noise,Noise,Field Noise,Field,unknown_date,11.03979563298926,11.03979563298926,11.03979563298926,11.03979563298926,11.03979563298926
62595cb8a0ac149f,train,Noise,Noise,Field Noise,Field,unknown_date,0.03960389674389475,0.03960389674389475,0.03960389674389475,0.03960389674389475,0.03960389674389475
3677e883898b03df,train,Noise,Noise,Field Noise,Field,unknown_date,3.903388902470226,3.903388902470226,3.903388902470226,3.903388902470226,3.903388902470226
e9682a4b67985762,train,Noise,Noise,Field Noise,Field,unknown_date,3.3989207165517215,3.3989207165517215,3.3989207165517215,3.3989207165517215,3.3989207165517215
1d8b7dc535ed83ac,train,Noise,Noise,Field Noise,Field,unknown_date,3.2270983528846244,3.2270983528846244,3.2270983528846244,3.2270983528846244,3.2270983528846244
2a3c657bfe0bd66e,train,Noise,Noise,Field Noise,Field,unknown_date,-0.340234989928625,-0.340234989928625,-0.340234989928625,-0.340234989928625,-0.340234989928625
17c73f78609ee931,train,Noise,Noise,Field Noise,Field,unknown_date,1.0981803061057267,1.0981803061057267,1.0981803061057267,1.0981803061057267,1.0981803061057267
8e481657563f232b,train,Noise,Noise,Field Noise,Field,unknown_date,6.623666317862093,6.623666317862093,6.623666317862093,6.623666317862093,6.623666317862093
c40d832afe67e5f2,train,Noise,Noise,Field Noise,Field,unknown_date,-1.6390941243876114,-1.6390941243876114,-1.6390941243876114,-1.6390941243876114,-1.6390941243876114
94e76d9c2546db84,train,Noise,Noise,Field Noise,Field,unknown_date,-7.88653690804766,-7.88653690804766,-7.88653690804766,-7.88653690804766,-7.88653690804766
c7b61b5a6341a8b4,train,Noise,Noise,Field Noise,Field,unknown_date,7.010442099157743,7.010442099157743,7.010442099157743,7.010442099157743,7.010442099157743
f3a37a5d9d270c7e,train,Noise,Noise,Field Noise,Field,unknown_date,8.687787991743548,8.687787991743548,8.687787991743548,8.687787991743548,8.687787991743548
f2e770f70dd3735f,train,Noise,Noise,Field Noise,Field,unknown_date,9.97341609362272,9.97341609362272,9.97341609362272,9.97341609362272,9.97341609362272
8895e8b91eab3f06,train,Noise,Noise,Field Noise,Field,unknown_date,9.408564780949206,9.408564780949206,9.408564780949206,9.408564780949206,9.408564780949206
6bcbd997c10fd14b,train,Noise,Noise,Field Noise,Field,unknown_date,5.941003593684442,5.941003593684442,5.941003593684442,5.941003593684442,5.941003593684442
2d0634e251e1fa5d,train,Noise,Noise,Field Noise,Field,unknown_date,4.944301459786217,4.944301459786217,4.944301459786217,4.944301459786217,4.944301459786217
bf05a8324f82d0d2,train,Noise,Noise,Field Noise,Field,unknown_date,8.52797963433396,8.52797963433396,8.52797963433396,8.52797963433396,8.52797963433396
0de0d12bd5a85f15,train,Noise,Noise,Field Noise,Field,unknown_date,0.1784314732211847,0.1784314732211847,0.1784314732211847,0.1784314732211847,0.1784314732211847
eef5290c4a491099,train,Noise,Noise,Field Noise,Field,unknown_date,0.7514091371710627,0.7514091371710627,0.7514091371710627,0.7514091371710627,0.7514091371710627
141a9fb419c3d9ce,train,Noise,Noise,Field Noise,Field,unknown_date,3.9689243691025027,3.9689243691025027,3.9689243691025027,3.9689243691025027,3.9689243691025027
467da51d44d017ca,train,Noise,Noise,Field Noise,Field,unknown_date,-2.0021417247688973,-2.0021417247688973,-2.0021417247688973,-2.0021417247688973,-2.0021417247688973
a301e3fc7b9f027c,train,Noise,Noise,Field Noise,Field,unknown_date,-2.387768776368276,-2.387768776368276,-2.387768776368276,-2.387768776368276,-2.387768776368276
a30205fdc9fc9c30,train,Noise,Noise,Field Noise,Field,unknown_date,3.173084889799746,3.173084889799746,3.173084889799746,3.173084889799746,3.173084889799746
f291bc9f92c19288,train,Noise,Noise,Field Noise,Field,unknown_date,10.317646283457165,10.317646283457165,10.317646283457165,10.317646283457165,10.317646283457165
0cc891c5a2c22d17,train,Noise,Noise,Field Noise,Field,unknown_date,-6.339335914065813,-6.339335914065813,-6.339335914065813,-6.339335914065813,-6.339335914065813
9e625908b01b31a3,train,Noise,Noise,Field Noise,Field,unknown_date,9.923988160440018,9.923988160440018,9.923988160440018,9.923988160440018,9.923988160440018
3d5f47a3ac17f5af,train,Noise,Noise,Field Noise,Field,unknown_date,3.8632744428715995,3.8632744428715995,3.8632744428715995,3.8632744428715995,3.8632744428715995
b1bd35a410e2aaa8,train,Noise,Noise,Field Noise,Field,unknown_date,2.2109281789892634,2.2109281789892634,2.2109281789892634,2.2109281789892634,2.2109281789892634
0f57e638177c91d6,train,Noise,Noise,Field Noise,Field,unknown_date,9.406489411166987,9.406489411166987,9.406489411166987,9.406489411166987,9.406489411166987
8b317a01d41b36c8,train,Noise,Noise,Field Noise,Field,unknown_date,-5.27593650238515,-5.27593650238515,-5.27593650238515,-5.27593650238515,-5.27593650238515
c4e8a17705c9471f,train,Noise,Noise,Field Noise,Field,unknown_date,1.5146691082844015,1.5146691082844015,1.5146691082844015,1.5146691082844015,1.5146691082844015
751c822b2ddff60e,train,Noise,Noise,Field Noise,Field,unknown_date,-4.563902310886476,-4.563902310886476,-4.563902310886476,-4.563902310886476,-4.563902310886476
ef15a0ed67c0796d,train,Noise,Noise,Field Noise,Field,unknown_date,6.340092530153967,6.340092530153967,6.340092530153967,6.340092530153967,6.340092530153967
00735a963743eb60,train,Noise,Noise,Field Noise,Field,unknown_date,5.072718026397403,5.072718026397403,5.072718026397403,5.072718026397403,5.072718026397403
a544434e650e1055,train,Noise,Noise,Field Noise,Field,unknown_date,0.4274200544226687,0.4274200544226687,0.4274200544226687,0.4274200544226687,0.4274200544226687
6bd6cbdbd6297d34,train,Noise,Noise,Field Noise,Field,unknown_date,0.10464021986619088,0.10464021986619088,0.10464021986619088,0.10464021986619088,0.10464021986619088
ed0a1b4f01b3ce0b,train,Noise,Noise,Field Noise,Field,unknown_date,3.971370324704189,3.971370324704189,3.971370324704189,3.971370324704189,3.971370324704189
15819c9c849cda84,train,Noise,Noise,Field Noise,Field,unknown_date,4.501063016740325,4.501063016740325,4.501063016740325,4.501063016740325,4.501063016740325
229708181ced27d8,train,Noise,Noise,Field Noise,Field,unknown_date,-0.8937322064191147,-0.8937322064191147,-0.8937322064191147,-0.8937322064191147,-0.8937322064191147
7ce787c8c375d462,train,Noise,Noise,Field Noise,Field,unknown_date,8.748834629701438,8.748834629701438,8.748834629701438,8.748834629701438,8.748834629701438
8732ee3d359509bd,train,Noise,Noise,Field Noise,Field,unknown_date,10.784539266516063,10.784539266516063,10.784539266516063,10.784539266516063,10.784539266516063
002471f3fcbacb0f,train,Noise,Noise,Field Noise,Field,unknown_date,0.3181279241918258,0.3181279241918258,0.3181279241918258,0.3181279241918258,0.3181279241918258
457ef32e7552ff13,train,Noise,Noise,Field Noise,Field,unknown_date,0.6669446546750635,0.6669446546750635,0.6669446546750635,0.6669446546750635,0.6669446546750635
6a4a3c4f95e0ef4c,train,Noise,Noise,Field Noise,Field,unknown_date,2.0882784728154107,2.0882784728154107,2.0882784728154107,2.0882784728154107,2.0882784728154107
1fd0d595cabbdf49,train,Noise,Noise,Field Noise,Field,unknown_date,0.6851578348217373,0.6851578348217373,0.6851578348217373,0.6851578348217373,0.6851578348217373
341cb1129761fbc7,train,Noise,Noise,Field Noise,Field,unknown_date,-2.97522412310623,-2.97522412310623,-2.97522412310623,-2.97522412310623,-2.97522412310623
93f5e8e2b6fb6ff6,train,Noise,Noise,Field Noise,Field,unknown_date,11.757795638257141,11.757795638257141,11.757795638257141,11.757795638257141,11.757795638257141
8cd084a08a280100,train,Noise,Noise,Field Noise,Field,unknown_date,2.7067811871204484,2.7067811871204484,2.7067811871204484,2.7067811871204484,2.7067811871204484
c5a62b787341064a,train,Noise,Noise,Field Noise,Field,unknown_date,-6.3034175191024815,-6.3034175191024815,-6.3034175191024815,-6.3034175191024815,-6.3034175191024815
aedd2974c89027c7,train,Noise,Noise,Field Noise,Field,unknown_date,-0.9438993130377176,-0.9438993130377176,-0.9438993130377176,-0.9438993130377176,-0.9438993130377176
7fc7670e7fa23174,train,Noise,Noise,Field Noise,Field,unknown_date,4.973013263589728,4.973013263589728,4.973013263589728,4.973013263589728,4.973013263589728
cef70fcafdfb19e2,train,Noise,Noise,Field Noise,Field,unknown_date,2.714670664082007,2.714670664082007,2.714670664082007,2.714670664082007,2.714670664082007
26b6619b874271d6,train,Noise,Noise,Field Noise,Field,unknown_date,-0.2721036982742433,-0.2721036982742433,-0.2721036982742433,-0.2721036982742433,-0.2721036982742433
d13697b9a095c20e,train,Noise,Noise,Field Noise,Field,unknown_date,-3.8107192447397296,-3.8107192447397296,-3.8107192447397296,-3.8107192447397296,-3.8107192447397296
30e59175922d1359,train,Noise,Noise,Field Noise,Field,unknown_date,-1.1283364609475548,-1.1283364609475548,-1.1283364609475548,-1.1283364609475548,-1.1283364609475548
ebc5faceb39b5e94,train,Noise,Noise,Field Noise,Field,unknown_date,6.200680987836708,6.200680987836708,6.200680987836708,6.200680987836708,6.200680987836708
c3bc3683ad11d1c5,train,Noise,Noise,Field Noise,Field,unknown_date,-0.4448334790767978,-0.4448334790767978,-0.4448334790767978,-0.4448334790767978,-0.4448334790767978
5c5cd74b54ea1e4d,train,Noise,Noise,Field Noise,Field,unknown_date,1.689537611730671,1.689537611730671,1.689537611730671,1.689537611730671,1.689537611730671
c2dee7f91f0b6d3c,train,Noise,Noise,Field Noise,Field,unknown_date,5.494900855289515,5.494900855289515,5.494900855289515,5.494900855289515,5.494900855289515
fc4d392f0514ce88,train,Noise,Noise,Field Noise,Field,unknown_date,-8.672927241352085,-8.672927241352085,-8.672927241352085,-8.672927241352085,-8.672927241352085
957abc00bdd79933,train,Noise,Noise,Field Noise,Field,unknown_date,-8.531046709707738,-8.531046709707738,-8.531046709707738,-8.531046709707738,-8.531046709707738
1dcc1b1dda42fcde,train,Noise,Noise,Field Noise,Field,unknown_date,3.9323388162938784,3.9323388162938784,3.9323388162938784,3.9323388162938784,3.9323388162938784
5b59e6bc903d2d77,train,Noise,Noise,Field Noise,Field,unknown_date,11.135268320100494,11.135268320100494,11.135268320100494,11.135268320100494,11.135268320100494
4c69e9047c3687bb,train,Noise,Noise,Field Noise,Field,unknown_date,1.4891117279377069,1.4891117279377069,1.4891117279377069,1.4891117279377069,1.4891117279377069
b4e1393b567db0a7,train,Noise,Noise,Field Noise,Field,unknown_date,-2.9301014841103523,-2.9301014841103523,-2.9301014841103523,-2.9301014841103523,-2.9301014841103523
9a601316fbab5235,train,Noise,Noise,Field Noise,Field,unknown_date,8.480307025079213,8.480307025079213,8.480307025079213,8.480307025079213,8.480307025079213
2d292f3c6cbccb49,train,Noise,Noise,Field Noise,Field,unknown_date,-1.3482511055422144,-1.3482511055422144,-1.3482511055422144,-1.3482511055422144,-1.3482511055422144
5ac930c22962359d,train,Noise,Noise,Field Noise,Field,unknown_date,5.651671358035173,5.651671358035173,5.651671358035173,5.651671358035173,5.651671358035173
239e01b7d50314d5,train,Noise,Noise,Field Noise,Field,unknown_date,-0.7544364767094045,-0.7544364767094045,-0.7544364767094045,-0.7544364767094045,-0.7544364767094045
034899569be3cb26,train,Noise,Noise,Field Noise,Field,unknown_date,0.19404011998526904,0.19404011998526904,0.19404011998526904,0.19404011998526904,0.19404011998526904
f47e8daf6678a080,train,Noise,Noise,Field Noise,Field,unknown_date,0.6259185735078461,0.6259185735078461,0.6259185735078461,0.6259185735078461,0.6259185735078461
bf951361d142f163,train,Noise,Noise,Field Noise,Field,unknown_date,10.038027453708253,10.038027453708253,10.038027453708253,10.038027453708253,10.038027453708253
fddc90ee481e96d6,train,Noise,Noise,Field Noise,Field,unknown_date,2.459174620060068,2.459174620060068,2.459174620060068,2.459174620060068,2.459174620060068
9f0451f21f1a8439,train,Noise,Noise,Field Noise,Field,unknown_date,-0.23584825297534273,-0.23584825297534273,-0.23584825297534273,-0.23584825297534273,-0.23584825297534273
3654037937fb9248,train,Noise,Noise,Field Noise,Field,unknown_date,6.6990919204667065,6.6990919204667065,6.6990919204667065,6.6990919204667065,6.6990919204667065
89475594ea35c1fa,train,Noise,Noise,Field Noise,Field,unknown_date,5.028455080795022,5.028455080795022,5.028455080795022,5.028455080795022,5.028455080795022
0d9df5189589ccb7,train,Noise,Noise,Field Noise,Field,unknown_date,-3.5894893724600045,-3.5894893724600045,-3.5894893724600045,-3.5894893724600045,-3.5894893724600045
901f3b5e40c85e45,train,Noise,Noise,Field Noise,Field,unknown_date,1.9780551709962566,1.9780551709962566,1.9780551709962566,1.9780551709962566,1.9780551709962566
01d834b201436cc2,train,Noise,Noise,Field Noise,Field,unknown_date,4.449435127584593,4.449435127584593,4.449435127584593,4.449435127584593,4.449435127584593
63bad5b1cb902a11,train,Noise,Noise,Field Noise,Field,unknown_date,7.568952538980895,7.568952538980895,7.568952538980895,7.568952538980895,7.568952538980895
e8ce4c9e92730004,train,Noise,Noise,Field Noise,Field,unknown_date,-1.636280655971479,-1.636280655971479,-1.636280655971479,-1.636280655971479,-1.636280655971479
1da17e91acbf15fd,train,Noise,Noise,Field Noise,Field,unknown_date,0.9767250166290751,0.9767250166290751,0.9767250166290751,0.9767250166290751,0.9767250166290751
df6f195c31df9beb,train,Noise,Noise,Field Noise,Field,unknown_date,-2.1074605767145247,-2.1074605767145247,-2.1074605767145247,-2.1074605767145247,-2.1074605767145247
43721aa19c54008f,train,Noise,Noise,Field Noise,Field,unknown_date,2.1294286787152714,2.1294286787152714,2.1294286787152714,2.1294286787152714,2.1294286787152714
a5963026bb601f29,train,Noise,Noise,Field Noise,Field,unknown_date,9.901160345633656,9.901160345633656,9.901160345633656,9.901160345633656,9.901160345633656
8096219367bcab79,train,Noise,Noise,Field Noise,Field,unknown_date,4.632550527062179,4.632550527062179,4.632550527062179,4.632550527062179,4.632550527062179
ed99465fa85c4cac,train,Noise,Noise,Field Noise,Field,unknown_date,-6.594271887651004,-6.594271887651004,-6.594271887651004,-6.594271887651004,-6.594271887651004
3b2df06d87c9570b,train,Noise,Noise,Field Noise,Field,unknown_date,3.848946589046662,3.848946589046662,3.848946589046662,3.848946589046662,3.848946589046662
d7b68437e6bf0c45,train,Noise,Noise,Field Noise,Field,unknown_date,3.3089985162653193,3.3089985162653193,3.3089985162653193,3.3089985162653193,3.3089985162653193
138a90ea1e8c51d8,train,Noise,Noise,Field Noise,Field,unknown_date,4.196777761475289,4.196777761475289,4.196777761475289,4.196777761475289,4.196777761475289
b0214e9c2c7e6f9d,train,Noise,Noise,Field Noise,Field,unknown_date,5.24977997966792,5.24977997966792,5.24977997966792,5.24977997966792,5.24977997966792
74d3f7042a96df5b,train,Noise,Noise,Field Noise,Field,unknown_date,6.546405389510511,6.546405389510511,6.546405389510511,6.546405389510511,6.546405389510511
0ed0546f71d3eb27,train,Noise,Noise,Field Noise,Field,unknown_date,-0.9832385983543972,-0.9832385983543972,-0.9832385983543972,-0.9832385983543972,-0.9832385983543972
9d91098a3991e6de,train,Noise,Noise,Field Noise,Field,unknown_date,1.294616884902954,1.294616884902954,1.294616884902954,1.294616884902954,1.294616884902954
eb336bf89e4fdd4c,train,Noise,Noise,Field Noise,Field,unknown_date,1.9447378471418801,1.9447378471418801,1.9447378471418801,1.9447378471418801,1.9447378471418801
ff8440744f4a3262,train,Noise,Noise,Field Noise,Field,unknown_date,6.470243225030529,6.470243225030529,6.470243225030529,6.470243225030529,6.470243225030529
704acfda0269041f,train,Noise,Noise,Field Noise,Field,unknown_date,3.4409081585428822,3.4409081585428822,3.4409081585428822,3.4409081585428822,3.4409081585428822
2408071a43a7de94,train,Noise,Noise,Field Noise,Field,unknown_date,2.7193955598703,2.7193955598703,2.7193955598703,2.7193955598703,2.7193955598703
aa90f9c47727a037,train,Noise,Noise,Field Noise,Field,unknown_date,7.596591503238557,7.596591503238557,7.596591503238557,7.596591503238557,7.596591503238557
111d78ffcfb72804,train,Noise,Noise,Field Noise,Field,unknown_date,7.629489810174569,7.629489810174569,7.629489810174569,7.629489810174569,7.629489810174569
376aefbf43228067,train,Noise,Noise,Field Noise,Field,unknown_date,-7.426178794411101,-7.426178794411101,-7.426178794411101,-7.426178794411101,-7.426178794411101
d19c46417301ea09,train,Noise,Noise,Field Noise,Field,unknown_date,-1.5343866988371389,-1.5343866988371389,-1.5343866988371389,-1.5343866988371389,-1.5343866988371389
2c97bc48f525424f,train,Noise,Noise,Field Noise,Field,unknown_date,3.155445543550499,3.155445543550499,3.155445543550499,3.155445543550499,3.155445543550499
c86c99ce6335adbe,train,Noise,Noise,Field Noise,Field,unknown_date,-3.0174890928432774,-3.0174890928432774,-3.0174890928432774,-3.0174890928432774,-3.0174890928432774
3b0d975a3c13d774,train,Noise,Noise,Field Noise,Field,unknown_date,9.425014108834354,9.425014108834354,9.425014108834354,9.425014108834354,9.425014108834354
0b9cf4ddff8bea51,train,Noise,Noise,Field Noise,Field,unknown_date,-10.15163034711528,-10.15163034711528,-10.15163034711528,-10.15163034711528,-10.15163034711528
c434023e4935750e,train,Noise,Noise,Field Noise,Field,unknown_date,1.4826978976780465,1.4826978976780465,1.4826978976780465,1.4826978976780465,1.4826978976780465
1ecef12ee420216f,train,Noise,Noise,Field Noise,Field,unknown_date,2.05983674897643,2.05983674897643,2.05983674897643,2.05983674897643,2.05983674897643
52614fca70e46b16,train,Noise,Noise,Field Noise,Field,unknown_date,-10.276710691028761,-10.276710691028761,-10.276710691028761,-10.276710691028761,-10.276710691028761
6620733e9f4e1218,train,Noise,Noise,Field Noise,Field,unknown_date,5.345193383047786,5.345193383047786,5.345193383047786,5.345193383047786,5.345193383047786
bdaae1b1a853e234,train,Noise,Noise,Field Noise,Field,unknown_date,7.4472572726493524,7.4472572726493524,7.4472572726493524,7.4472572726493524,7.4472572726493524
00c5c9534e5b054b,train,Noise,Noise,Field Noise,Field,unknown_date,9.135838728612269,9.135838728612269,9.135838728612269,9.135838728612269,9.135838728612269
c1603704398c8e46,train,Noise,Noise,Field Noise,Field,unknown_date,7.447778125936509,7.447778125936509,7.447778125936509,7.447778125936509,7.447778125936509
356b3df2b31151e5,train,Noise,Noise,Field Noise,Field,unknown_date,-11.273314059308063,-11.273314059308063,-11.273314059308063,-11.273314059308063,-11.273314059308063
2d8c184320168e8f,train,Noise,Noise,Field Noise,Field,unknown_date,7.3690478042723555,7.3690478042723555,7.3690478042723555,7.3690478042723555,7.3690478042723555
f0e422d432db6acf,train,Noise,Noise,Field Noise,Field,unknown_date,7.117904839020578,7.117904839020578,7.117904839020578,7.117904839020578,7.117904839020578
31406f1e5c84d8d5,train,Noise,Noise,Field Noise,Field,20240527,6.571523356379717,6.571523356379717,6.571523356379717,6.571523356379717,6.571523356379717
b7439748cbb8cf8a,train,Noise,Noise,Field Noise,Field,20240527,7.371661380249948,7.371661380249948,7.371661380249948,7.371661380249948,7.371661380249948
7003ef7e1211c51e,train,Noise,Noise,Field Noise,Field,20240527,7.839231087382764,7.839231087382764,7.839231087382764,7.839231087382764,7.839231087382764
22a31d2665f2d725,train,Noise,Noise,Field Noise,Field,20240527,7.740489665384834,7.740489665384834,7.740489665384834,7.740489665384834,7.740489665384834
8545a012b64bfa8a,train,Noise,Noise,Field Noise,Field,20240527,6.828830832848045,6.828830832848045,6.828830832848045,6.828830832848045,6.828830832848045
f9def65566de470d,train,Noise,Noise,Field Noise,Field,20240527,7.289409096176456,7.289409096176456,7.289409096176456,7.289409096176456,7.289409096176456
04d989413ae82a35,train,Noise,Noise,Field Noise,Field,20240527,6.755025379259093,6.755025379259093,6.755025379259093,6.755025379259093,6.755025379259093
0449ec6e0a42eb6c,train,Noise,Noise,Field Noise,Field,20240527,7.435301836154592,7.435301836154592,7.435301836154592,7.435301836154592,7.435301836154592
d46ea693bfab4038,train,Noise,Noise,Field Noise,Field,20240527,7.092836204538349,7.092836204538349,7.092836204538349,7.092836204538349,7.092836204538349
6ab71d8671e0bdbf,train,Noise,Noise,Field Noise,Field,20240527,7.592193861390802,7.592193861390802,7.592193861390802,7.592193861390802,7.592193861390802
3db62a70ab4fe750,train,Noise,Noise,Field Noise,Field,20240527,6.938534809552635,6.938534809552635,6.938534809552635,6.938534809552635,6.938534809552635
d3396fa0c0c28cde,train,Noise,Noise,Field Noise,Field,20240527,7.079933946407181,7.079933946407181,7.079933946407181,7.079933946407181,7.079933946407181
13add92bdd56b5ba,train,Noise,Noise,Field Noise,Field,20240527,7.330680049684958,7.330680049684958,7.330680049684958,7.330680049684958,7.330680049684958
88aa720983393979,train,Noise,Noise,Field Noise,Field,20240527,7.467774080468272,7.467774080468272,7.467774080468272,7.467774080468272,7.467774080468272
8cc6f8ae1319cdcd,val,Noise,Noise,Field Noise,Field,20241020,6.873339133179699,6.873339133179699,6.873339133179699,6.873339133179699,6.873339133179699
3be02ff34ccb1c2f,val,Noise,Noise,Field Noise,Field,20241020,6.903268561102726,6.903268561102726,6.903268561102726,6.903268561102726,6.903268561102726
96ddc0a8a0e9abeb,val,Noise,Noise,Field Noise,Field,20241020,6.811210165248136,6.811210165248136,6.811210165248136,6.811210165248136,6.811210165248136
dea12c90941c31a3,val,Noise,Noise,Field Noise,Field,20241020,6.647593400859632,6.647593400859632,6.647593400859632,6.647593400859632,6.647593400859632
b288a998892a527a,train,Noise,Noise,Field Noise,Field,20241021,6.218755463233,6.218755463233,6.218755463233,6.218755463233,6.218755463233
34e7a26ebc907405,train,Noise,Noise,Field Noise,Field,20241021,6.5725153657772095,6.5725153657772095,6.5725153657772095,6.5725153657772095,6.5725153657772095
17b1991261da06f1,train,Noise,Noise,Field Noise,Field,20241021,6.6089809476895365,6.6089809476895365,6.6089809476895365,6.6089809476895365,6.6089809476895365
1e7cf68658ad92ea,train,Noise,Noise,Field Noise,Field,20241021,6.589684295369098,6.589684295369098,6.589684295369098,6.589684295369098,6.589684295369098
e169f4afbbfcb90d,train,Noise,Noise,Field Noise,Field,20241021,6.518814763809248,6.518814763809248,6.518814763809248,6.518814763809248,6.518814763809248
97cf9f9eab556238,train,Noise,Noise,Field Noise,Field,20241021,6.609549860748327,6.609549860748327,6.609549860748327,6.609549860748327,6.609549860748327
bc48602a89ce0926,train,Noise,Noise,Field Noise,Field,20241021,6.9883825317911175,6.9883825317911175,6.9883825317911175,6.9883825317911175,6.9883825317911175
1cd1b5f8cbdf1eb7,train,Noise,Noise,Field Noise,Field,20241021,6.982271140751754,6.982271140751754,6.982271140751754,6.982271140751754,6.982271140751754
e52bbbcfeae9949f,train,Noise,Noise,Field Noise,Field,20241021,6.473781669135473,6.473781669135473,6.473781669135473,6.473781669135473,6.473781669135473
0e9bbf7650e344be,train,Noise,Noise,Field Noise,Field,20241021,6.1929370616263135,6.1929370616263135,6.1929370616263135,6.1929370616263135,6.1929370616263135
fc6c104a908d5c20,train,Noise,Noise,Field Noise,Field,20241021,6.202162599323541,6.202162599323541,6.202162599323541,6.202162599323541,6.202162599323541
3b23658d12644ac4,train,Noise,Noise,Field Noise,Field,20241021,6.397043035020001,6.397043035020001,6.397043035020001,6.397043035020001,6.397043035020001
b52c1b0f4e624035,train,Noise,Noise,Field Noise,Field,20241021,6.381165405579425,6.381165405579425,6.381165405579425,6.381165405579425,6.381165405579425
0fe1cb5fab7d135e,train,Noise,Noise,Field Noise,Field,20241021,6.619882545424526,6.619882545424526,6.619882545424526,6.619882545424526,6.619882545424526
354617c7ecb438e1,train,Noise,Noise,Field Noise,Field,20241021,6.6755909411041126,6.6755909411041126,6.6755909411041126,6.6755909411041126,6.6755909411041126
d8fa6c79aa0f3459,train,Noise,Noise,Field Noise,Field,20241021,6.666237775582485,6.666237775582485,6.666237775582485,6.666237775582485,6.666237775582485
7efdd9f0fd2717f2,train,Noise,Noise,Field Noise,Field,20241021,7.283547317518858,7.283547317518858,7.283547317518858,7.283547317518858,7.283547317518858
9493459278416c27,train,Noise,Noise,Field Noise,Field,20241021,6.7923863771650925,6.7923863771650925,6.7923863771650925,6.7923863771650925,6.7923863771650925
fa4187ce20350b9a,train,Noise,Noise,Field Noise,Field,20241021,6.6282794901198905,6.6282794901198905,6.6282794901198905,6.6282794901198905,6.6282794901198905
6713c0afc11a5702,train,Noise,Noise,Field Noise,Field,20241021,6.502934657621157,6.502934657621157,6.502934657621157,6.502934657621157,6.502934657621157
09ae387a65b7509c,train,Noise,Noise,Field Noise,Field,20241021,6.546422059170645,6.546422059170645,6.546422059170645,6.546422059170645,6.546422059170645
ed23bd63553bb610,train,Noise,Noise,Field Noise,Field,20241021,6.626160836120652,6.626160836120652,6.626160836120652,6.626160836120652,6.626160836120652
02f213ee3eaae262,train,Noise,Noise,Field Noise,Field,20241021,6.574837189786764,6.574837189786764,6.574837189786764,6.574837189786764,6.574837189786764
d05ddc01ae8a9ae5,train,Noise,Noise,Field Noise,Field,20241021,6.720212812527107,6.720212812527107,6.720212812527107,6.720212812527107,6.720212812527107
c7f9b38aac538fb7,train,Noise,Noise,Field Noise,Field,20241021,6.570440205539366,6.570440205539366,6.570440205539366,6.570440205539366,6.570440205539366
2f7fae980b539ebf,train,Noise,Noise,Field Noise,Field,20241021,6.970089823261986,6.970089823261986,6.970089823261986,6.970089823261986,6.970089823261986
51335c650720b16c,train,Noise,Noise,Field Noise,Field,20241021,6.8689724402653995,6.8689724402653995,6.8689724402653995,6.8689724402653995,6.8689724402653995
7b9ef13c0f0628be,train,Noise,Noise,Field Noise,Field,20241021,6.527938648617693,6.527938648617693,6.527938648617693,6.527938648617693,6.527938648617693
e1f24769e7a0fcf4,train,Noise,Noise,Field Noise,Field,20241021,6.833388955762382,6.833388955762382,6.833388955762382,6.833388955762382,6.833388955762382
ce983dee28d888fd,train,Noise,Noise,Field Noise,Field,20241021,6.606460641152347,6.606460641152347,6.606460641152347,6.606460641152347,6.606460641152347
1b4efbc1f443330c,train,Noise,Noise,Field Noise,Field,20241021,6.620738377699093,6.620738377699093,6.620738377699093,6.620738377699093,6.620738377699093
aa57b8962804342e,train,Noise,Noise,Field Noise,Field,20241021,7.334436563724529,7.334436563724529,7.334436563724529,7.334436563724529,7.334436563724529
9601fcdb8c2b904b,train,Noise,Noise,Field Noise,Field,20241021,7.276090033517223,7.276090033517223,7.276090033517223,7.276090033517223,7.276090033517223
fd0c20927031e645,train,Noise,Noise,Field Noise,Field,20241021,7.121510241172777,7.121510241172777,7.121510241172777,7.121510241172777,7.121510241172777
eae986bd18b8b1ab,train,Noise,Noise,Field Noise,Field,20241021,7.320908948446192,7.320908948446192,7.320908948446192,7.320908948446192,7.320908948446192
a2a723eb5a18b5ce,train,Noise,Noise,Field Noise,Field,20241021,6.850342894885877,6.850342894885877,6.850342894885877,6.850342894885877,6.850342894885877
aa8a17b7ee06d915,train,Noise,Noise,Field Noise,Field,20241021,7.072271858706939,7.072271858706939,7.072271858706939,7.072271858706939,7.072271858706939
ebba7c4e1add7992,train,Noise,Noise,Field Noise,Field,20241021,6.703412156037839,6.703412156037839,6.703412156037839,6.703412156037839,6.703412156037839
44b78d0ec4559599,train,Noise,Noise,Field Noise,Field,20241021,6.920807604418428,6.920807604418428,6.920807604418428,6.920807604418428,6.920807604418428
2b19f574cc511718,train,Noise,Noise,Field Noise,Field,20241021,6.820515440003858,6.820515440003858,6.820515440003858,6.820515440003858,6.820515440003858
fab543fdb99f6ea5,train,Noise,Noise,Field Noise,Field,20241021,6.484264293331247,6.484264293331247,6.484264293331247,6.484264293331247,6.484264293331247
cbd4a33f11ebcd16,train,Noise,Noise,Field Noise,Field,20241021,6.963450037245661,6.963450037245661,6.963450037245661,6.963450037245661,6.963450037245661
0eace51d7c833d4b,train,Noise,Noise,Field Noise,Field,20241021,7.010141585853745,7.010141585853745,7.010141585853745,7.010141585853745,7.010141585853745
9259a612c36edf7e,train,Noise,Noise,Field Noise,Field,20241021,7.416681478235141,7.416681478235141,7.416681478235141,7.416681478235141,7.416681478235141
2655e4c2f6507a88,train,Noise,Noise,Field Noise,Field,20241021,7.415181602429474,7.415181602429474,7.415181602429474,7.415181602429474,7.415181602429474
2fb21772cf8eea5a,train,Noise,Noise,Field Noise,Field,20241021,6.946766191256655,6.946766191256655,6.946766191256655,6.946766191256655,6.946766191256655
53d000ca9cb0a845,train,Noise,Noise,Field Noise,Field,20241021,6.996386597047723,6.996386597047723,6.996386597047723,6.996386597047723,6.996386597047723
0490210ca168eb67,train,Noise,Noise,Field Noise,Field,20241021,7.303490191579862,7.303490191579862,7.303490191579862,7.303490191579862,7.303490191579862
18f72d19b6d090c9,train,Noise,Noise,Field Noise,Field,20241021,7.3505254243293585,7.3505254243293585,7.3505254243293585,7.3505254243293585,7.3505254243293585
8ea7126f35d4df64,train,Noise,Noise,Field Noise,Field,20241021,7.306450787167541,7.306450787167541,7.306450787167541,7.306450787167541,7.306450787167541
4aef81b14bf3c3f1,train,Noise,Noise,Field Noise,Field,20241021,6.951321128549803,6.951321128549803,6.951321128549803,6.951321128549803,6.951321128549803
f3ee241b66c51f5f,train,Noise,Noise,Field Noise,Field,20241021,6.667264819730466,6.667264819730466,6.667264819730466,6.667264819730466,6.667264819730466
1d21e820df124af0,train,Noise,Noise,Field Noise,Field,20241021,7.037728687067725,7.037728687067725,7.037728687067725,7.037728687067725,7.037728687067725
2bf4a85686a25f93,train,Noise,Noise,Field Noise,Field,20241021,7.341903453858093,7.341903453858093,7.341903453858093,7.341903453858093,7.341903453858093
ccc78ff9885e1c9e,train,Noise,Noise,Field Noise,Field,20241021,7.7281661250221765,7.7281661250221765,7.7281661250221765,7.7281661250221765,7.7281661250221765
805f4289742c9a72,train,Noise,Noise,Field Noise,Field,20241021,4.717658702693288,4.717658702693288,4.717658702693288,4.717658702693288,4.717658702693288
5818f6d9444c39d9,train,Noise,Noise,Field Noise,Field,20241021,4.873564695830797,4.873564695830797,4.873564695830797,4.873564695830797,4.873564695830797
033820c1cb6a2e9a,train,Noise,Noise,Field Noise,Field,20241021,4.796396795082745,4.796396795082745,4.796396795082745,4.796396795082745,4.796396795082745
5d770ba1f029d31f,train,Noise,Noise,Field Noise,Field,20241021,6.3912406168797595,6.3912406168797595,6.3912406168797595,6.3912406168797595,6.3912406168797595
a31ee1c962302fa0,train,Noise,Noise,Field Noise,Field,20241021,7.283216334910858,7.283216334910858,7.283216334910858,7.283216334910858,7.283216334910858
48ba1a719c261369,train,Noise,Noise,Field Noise,Field,20241021,7.138226910406443,7.138226910406443,7.138226910406443,7.138226910406443,7.138226910406443
b9943804b888e683,train,Noise,Noise,Field Noise,Field,20241021,6.916259454285223,6.916259454285223,6.916259454285223,6.916259454285223,6.916259454285223
dafb3dd8852aa26a,train,Noise,Noise,Field Noise,Field,20241021,6.890020166919637,6.890020166919637,6.890020166919637,6.890020166919637,6.890020166919637
f429813534832f0d,train,Noise,Noise,Field Noise,Field,20241021,7.25094712389931,7.25094712389931,7.25094712389931,7.25094712389931,7.25094712389931
8835a88ba173f4e9,train,Noise,Noise,Field Noise,Field,20241021,6.6299390127377595,6.6299390127377595,6.6299390127377595,6.6299390127377595,6.6299390127377595
ad755f5380a294af,train,Noise,Noise,Field Noise,Field,20241021,6.706272019597716,6.706272019597716,6.706272019597716,6.706272019597716,6.706272019597716
d04875ba95e79c15,train,Noise,Noise,Field Noise,Field,20241021,6.48259487961564,6.48259487961564,6.48259487961564,6.48259487961564,6.48259487961564
a5740bc7e1121abc,train,Noise,Noise,Field Noise,Field,20241021,6.941356032588111,6.941356032588111,6.941356032588111,6.941356032588111,6.941356032588111
2e4007a425ba404f,train,Noise,Noise,Field Noise,Field,20241021,6.410468873462168,6.410468873462168,6.410468873462168,6.410468873462168,6.410468873462168
41c16b447aa93389,train,Noise,Noise,Field Noise,Field,20241021,7.107195030015257,7.107195030015257,7.107195030015257,7.107195030015257,7.107195030015257
03751e1c73153b1c,train,Noise,Noise,Field Noise,Field,20241021,7.269145326988266,7.269145326988266,7.269145326988266,7.269145326988266,7.269145326988266
6aaf771770214590,train,Noise,Noise,Field Noise,Field,20241021,6.75478464720204,6.75478464720204,6.75478464720204,6.75478464720204,6.75478464720204
c898a378426390b3,train,Noise,Noise,Field Noise,Field,20241021,7.77221269310849,7.77221269310849,7.77221269310849,7.77221269310849,7.77221269310849
0fde3333e66e97da,train,Noise,Noise,Field Noise,Field,20241021,5.791716298262017,5.791716298262017,5.791716298262017,5.791716298262017,5.791716298262017
b193c7340c22430a,train,Noise,Noise,Field Noise,Field,20241021,7.883262850302845,7.883262850302845,7.883262850302845,7.883262850302845,7.883262850302845
d5bd7b4609baf19d,val,Noise,Noise,Field Noise,Field,20241022,3.4922095160022195,3.4922095160022195,3.4922095160022195,3.4922095160022195,3.4922095160022195
6943c0d776b20170,val,Noise,Noise,Field Noise,Field,20241022,2.542431011420188,2.542431011420188,2.542431011420188,2.542431011420188,2.542431011420188
bf0ff4db47fc99ee,val,Noise,Noise,Field Noise,Field,20241022,1.9228487793082465,1.9228487793082465,1.9228487793082465,1.9228487793082465,1.9228487793082465
825639ed4b2c76f5,val,Noise,Noise,Field Noise,Field,20241022,2.117291080884563,2.117291080884563,2.117291080884563,2.117291080884563,2.117291080884563
923bd5dcdf56b323,val,Noise,Noise,Field Noise,Field,20241022,3.047044175851328,3.047044175851328,3.047044175851328,3.047044175851328,3.047044175851328
c8e7427cb67d97d0,val,Noise,Noise,Field Noise,Field,20241022,2.308852296723412,2.308852296723412,2.308852296723412,2.308852296723412,2.308852296723412
bf398fe3dd3eadaf,val,Noise,Noise,Field Noise,Field,20241022,2.424602213041563,2.424602213041563,2.424602213041563,2.424602213041563,2.424602213041563
c52e8c4a0fcabcfa,val,Noise,Noise,Field Noise,Field,20241022,2.7516331760790926,2.7516331760790926,2.7516331760790926,2.7516331760790926,2.7516331760790926
88c74e0adb7ee15c,val,Noise,Noise,Field Noise,Field,20241022,2.4020921228755103,2.4020921228755103,2.4020921228755103,2.4020921228755103,2.4020921228755103
3257d77f1505d20c,val,Noise,Noise,Field Noise,Field,20241022,2.1432035564526544,2.1432035564526544,2.1432035564526544,2.1432035564526544,2.1432035564526544
67b5afee3c47e505,val,Noise,Noise,Field Noise,Field,20241022,2.4223035722295627,2.4223035722295627,2.4223035722295627,2.4223035722295627,2.4223035722295627
8c6ed27e9aecc538,val,Noise,Noise,Field Noise,Field,20241022,2.6100122461207604,2.6100122461207604,2.6100122461207604,2.6100122461207604,2.6100122461207604
1826004176515106,val,Noise,Noise,Field Noise,Field,20241022,2.9821105699614616,2.9821105699614616,2.9821105699614616,2.9821105699614616,2.9821105699614616
7653dec7d6a6df0c,val,Noise,Noise,Field Noise,Field,20241022,2.6602772227631455,2.6602772227631455,2.6602772227631455,2.6602772227631455,2.6602772227631455
c9689d5f780899d6,val,Noise,Noise,Field Noise,Field,20241022,2.797545643377468,2.797545643377468,2.797545643377468,2.797545643377468,2.797545643377468
ad7f485b274c1656,val,Noise,Noise,Field Noise,Field,20241022,1.8682211775198798,1.8682211775198798,1.8682211775198798,1.8682211775198798,1.8682211775198798
3fbdaab44cae88d0,val,Noise,Noise,Field Noise,Field,20241022,2.242041786651807,2.242041786651807,2.242041786651807,2.242041786651807,2.242041786651807
a8da88c8ef549e6d,val,Noise,Noise,Field Noise,Field,20241022,1.8656170207568703,1.8656170207568703,1.8656170207568703,1.8656170207568703,1.8656170207568703
8cf2b4093d11c057,val,Noise,Noise,Field Noise,Field,20241022,1.7122204492141346,1.7122204492141346,1.7122204492141346,1.7122204492141346,1.7122204492141346
7d1a981806435cf9,val,Noise,Noise,Field Noise,Field,20241022,2.1107235588242563,2.1107235588242563,2.1107235588242563,2.1107235588242563,2.1107235588242563
4caaba9ae834a596,val,Noise,Noise,Field Noise,Field,20241022,1.5577636032415194,1.5577636032415194,1.5577636032415194,1.5577636032415194,1.5577636032415194
62747e24d8e37357,val,Noise,Noise,Field Noise,Field,20241022,0.5797158697859537,0.5797158697859537,0.5797158697859537,0.5797158697859537,0.5797158697859537
668fef3fb5a8a65b,val,Noise,Noise,Field Noise,Field,20241022,0.3253631133214796,0.3253631133214796,0.3253631133214796,0.3253631133214796,0.3253631133214796
dba7722d4619ee42,val,Noise,Noise,Field Noise,Field,20241022,1.4311604777064018,1.4311604777064018,1.4311604777064018,1.4311604777064018,1.4311604777064018
6639de3d64eae680,val,Noise,Noise,Field Noise,Field,20241022,0.9840646835390778,0.9840646835390778,0.9840646835390778,0.9840646835390778,0.9840646835390778
a3d50ea59c93717e,val,Noise,Noise,Field Noise,Field,20241022,1.0482718473282535,1.0482718473282535,1.0482718473282535,1.0482718473282535,1.0482718473282535
de40e8ac01a44d6e,val,Noise,Noise,Field Noise,Field,20241022,1.388127587406725,1.388127587406725,1.388127587406725,1.388127587406725,1.388127587406725
549a171f025a3508,val,Noise,Noise,Field Noise,Field,20241022,0.5437460027968175,0.5437460027968175,0.5437460027968175,0.5437460027968175,0.5437460027968175
23f6aa3491166fc1,val,Noise,Noise,Field Noise,Field,20241022,0.5908831116830164,0.5908831116830164,0.5908831116830164,0.5908831116830164,0.5908831116830164
903de8573fe4d13c,val,Noise,Noise,Field Noise,Field,20241022,0.18711765502725441,0.18711765502725441,0.18711765502725441,0.18711765502725441,0.18711765502725441
baac5fe59cf290a4,val,Noise,Noise,Field Noise,Field,20241022,0.4976319196041068,0.4976319196041068,0.4976319196041068,0.4976319196041068,0.4976319196041068
b34c461e44d1bd9d,val,Noise,Noise,Field Noise,Field,20241022,0.9208467539962291,0.9208467539962291,0.9208467539962291,0.9208467539962291,0.9208467539962291
28e6d3df5e64b235,val,Noise,Noise,Field Noise,Field,20241022,1.0365043303647141,1.0365043303647141,1.0365043303647141,1.0365043303647141,1.0365043303647141
5ae814f0bca854b2,val,Noise,Noise,Field Noise,Field,20241022,0.5932075543958497,0.5932075543958497,0.5932075543958497,0.5932075543958497,0.5932075543958497
51f29f824f41a956,val,Noise,Noise,Field Noise,Field,20241022,1.44483005028904,1.44483005028904,1.44483005028904,1.44483005028904,1.44483005028904
0ab2a4fd9c20eb72,val,Noise,Noise,Field Noise,Field,20241022,0.30054514676328026,0.30054514676328026,0.30054514676328026,0.30054514676328026,0.30054514676328026
f9bef07ca0a0820e,val,Noise,Noise,Field Noise,Field,20241022,1.2355162721260138,1.2355162721260138,1.2355162721260138,1.2355162721260138,1.2355162721260138
a2cc2dc402e48bd0,val,Noise,Noise,Field Noise,Field,20241022,0.9854320607316023,0.9854320607316023,0.9854320607316023,0.9854320607316023,0.9854320607316023
7c0848d77e946f70,val,Noise,Noise,Field Noise,Field,20241022,0.8356429495382551,0.8356429495382551,0.8356429495382551,0.8356429495382551,0.8356429495382551
bb63b065c140a0bd,val,Noise,Noise,Field Noise,Field,20241022,0.8778396301277738,0.8778396301277738,0.8778396301277738,0.8778396301277738,0.8778396301277738
281dfa9efea1e6da,val,Noise,Noise,Field Noise,Field,20241022,0.861675993783674,0.861675993783674,0.861675993783674,0.861675993783674,0.861675993783674
7245b39a7b5f1da4,val,Noise,Noise,Field Noise,Field,20241022,0.863892133408326,0.863892133408326,0.863892133408326,0.863892133408326,0.863892133408326
a4acc0579b3efb0f,val,Noise,Noise,Field Noise,Field,20241022,1.5944704985848652,1.5944704985848652,1.5944704985848652,1.5944704985848652,1.5944704985848652
8574e6181691c2e0,val,Noise,Noise,Field Noise,Field,20241022,1.849851157292811,1.849851157292811,1.849851157292811,1.849851157292811,1.849851157292811
0a144075a77521ce,val,Noise,Noise,Field Noise,Field,20241022,2.5949418239738495,2.5949418239738495,2.5949418239738495,2.5949418239738495,2.5949418239738495
6d917226fba954a7,val,Noise,Noise,Field Noise,Field,20241022,1.6179512072467652,1.6179512072467652,1.6179512072467652,1.6179512072467652,1.6179512072467652
bb3933b8c4cc1a98,val,Noise,Noise,Field Noise,Field,20241022,1.4345678856149977,1.4345678856149977,1.4345678856149977,1.4345678856149977,1.4345678856149977
abec491b53e1d5ae,val,Noise,Noise,Field Noise,Field,20241022,1.6309235604130095,1.6309235604130095,1.6309235604130095,1.6309235604130095,1.6309235604130095
c0a67143e0fbbd68,val,Noise,Noise,Field Noise,Field,20241022,1.8663978395206815,1.8663978395206815,1.8663978395206815,1.8663978395206815,1.8663978395206815
10a64767d08d54a2,val,Noise,Noise,Field Noise,Field,20241022,1.2549805317352618,1.2549805317352618,1.2549805317352618,1.2549805317352618,1.2549805317352618
8bfecfebd7ef9086,val,Noise,Noise,Field Noise,Field,20241022,1.7422743689916462,1.7422743689916462,1.7422743689916462,1.7422743689916462,1.7422743689916462
d46efda169be7d7a,val,Noise,Noise,Field Noise,Field,20241022,3.477925973782117,3.477925973782117,3.477925973782117,3.477925973782117,3.477925973782117
c1508be449a69c3e,val,Noise,Noise,Field Noise,Field,20241022,2.8572247601388288,2.8572247601388288,2.8572247601388288,2.8572247601388288,2.8572247601388288
5f62177e3ec53e90,val,Noise,Noise,Field Noise,Field,20241022,1.6595134083225531,1.6595134083225531,1.6595134083225531,1.6595134083225531,1.6595134083225531
9133f26abc35eb6b,val,Noise,Noise,Field Noise,Field,20241022,1.9950935077787832,1.9950935077787832,1.9950935077787832,1.9950935077787832,1.9950935077787832
3e7ed27d8da11232,val,Noise,Noise,Field Noise,Field,20241022,1.3259971164946975,1.3259971164946975,1.3259971164946975,1.3259971164946975,1.3259971164946975
da5e24efdf0b87dd,val,Noise,Noise,Field Noise,Field,20241022,1.8075954167791757,1.8075954167791757,1.8075954167791757,1.8075954167791757,1.8075954167791757
e5382f49b6c7bb17,val,Noise,Noise,Field Noise,Field,20241022,1.597622955264569,1.597622955264569,1.597622955264569,1.597622955264569,1.597622955264569
fda7300ea06b28de,val,Noise,Noise,Field Noise,Field,20241022,1.671358838056971,1.671358838056971,1.671358838056971,1.671358838056971,1.671358838056971
dca07bc5006bdd87,val,Noise,Noise,Field Noise,Field,20241022,1.7351842804301416,1.7351842804301416,1.7351842804301416,1.7351842804301416,1.7351842804301416
1242721ae2c43b95,val,Noise,Noise,Field Noise,Field,20241022,1.618292021302702,1.618292021302702,1.618292021302702,1.618292021302702,1.618292021302702
cd935c837c327aa4,val,Noise,Noise,Field Noise,Field,20241022,1.2648187400073887,1.2648187400073887,1.2648187400073887,1.2648187400073887,1.2648187400073887
32de0e5d8c7444e4,val,Noise,Noise,Field Noise,Field,20241023,4.819979144912823,4.819979144912823,4.819979144912823,4.819979144912823,4.819979144912823
b76478c9f725a93b,val,Noise,Noise,Field Noise,Field,20241023,4.9229544167152,4.9229544167152,4.9229544167152,4.9229544167152,4.9229544167152
7b4c1f35325d193b,val,Noise,Noise,Field Noise,Field,20241023,5.124976340871175,5.124976340871175,5.124976340871175,5.124976340871175,5.124976340871175
18627a2c1085a920,val,Noise,Noise,Field Noise,Field,20241023,4.949968420322243,4.949968420322243,4.949968420322243,4.949968420322243,4.949968420322243
0543f825abd6697c,val,Noise,Noise,Field Noise,Field,20241023,4.616968205633091,4.616968205633091,4.616968205633091,4.616968205633091,4.616968205633091
21e3a75be90e066c,val,Noise,Noise,Field Noise,Field,20241023,4.201752164544111,4.201752164544111,4.201752164544111,4.201752164544111,4.201752164544111
2df59f8645b91f91,val,Noise,Noise,Field Noise,Field,20241023,4.2726941261882025,4.2726941261882025,4.2726941261882025,4.2726941261882025,4.2726941261882025
7eee563bff06bdbb,val,Noise,Noise,Field Noise,Field,20241023,3.6557513651619526,3.6557513651619526,3.6557513651619526,3.6557513651619526,3.6557513651619526
ef7490a2502bfc91,val,Noise,Noise,Field Noise,Field,20241023,4.221693703098108,4.221693703098108,4.221693703098108,4.221693703098108,4.221693703098108
67369a083b891259,val,Noise,Noise,Field Noise,Field,20241023,4.616812786615418,4.616812786615418,4.616812786615418,4.616812786615418,4.616812786615418
1aad17acb5fa35e1,val,Noise,Noise,Field Noise,Field,20241023,4.815262291947036,4.815262291947036,4.815262291947036,4.815262291947036,4.815262291947036
923cb3144c0745f5,val,Noise,Noise,Field Noise,Field,20241023,4.470338729618602,4.470338729618602,4.470338729618602,4.470338729618602,4.470338729618602
125c9ed68244b8a8,val,Noise,Noise,Field Noise,Field,20241023,4.022115267645528,4.022115267645528,4.022115267645528,4.022115267645528,4.022115267645528
a7cd457542f01ba4,val,Noise,Noise,Field Noise,Field,20241023,12.751443194891053,12.751443194891053,12.751443194891053,12.751443194891053,12.751443194891053
977415b59cd90a00,train,PD,Corona,Field PD,Field,20231011,-3.558545800269833,-3.558545800269833,-3.558545800269833,-3.558545800269833,-3.558545800269833
abe119b4623f1349,train,PD,Corona,Field PD,Field,20231011,-3.1223887807217494,-3.1223887807217494,-3.1223887807217494,-3.1223887807217494,-3.1223887807217494
71b5c442b04d55d2,train,PD,Corona,Field PD,Field,20231011,-5.532617004963868,-5.532617004963868,-5.532617004963868,-5.532617004963868,-5.532617004963868
810b7df07bbaa3c7,train,PD,Corona,Field PD,Field,20231011,-5.731381901837068,-5.731381901837068,-5.731381901837068,-5.731381901837068,-5.731381901837068
6fbe6d583ab20836,train,PD,Corona,Field PD,Field,20231011,-6.804693903890083,-6.804693903890083,-6.804693903890083,-6.804693903890083,-6.804693903890083
11b959c90955203f,train,PD,Corona,Field PD,Field,20231011,-5.634788943519993,-5.634788943519993,-5.634788943519993,-5.634788943519993,-5.634788943519993
edb122f4e2afb8db,test,PD,Corona,Field PD,Field,20231023,-2.37831828367257,-2.37831828367257,-2.37831828367257,-2.37831828367257,-2.37831828367257
0dfac41eb1b50eae,test,PD,Corona,Field PD,Field,20231023,-6.0620572941017485,-6.0620572941017485,-6.0620572941017485,-6.0620572941017485,-6.0620572941017485
2a8f40085d19e769,test,PD,Corona,Field PD,Field,20231023,-5.398843267637062,-5.398843267637062,-5.398843267637062,-5.398843267637062,-5.398843267637062
a84fe20ce88c5fd2,test,PD,Corona,Field PD,Field,20231023,-3.840616936515005,-3.840616936515005,-3.840616936515005,-3.840616936515005,-3.840616936515005
96bb9b1481031827,test,PD,Corona,Field PD,Field,20231023,-4.200164071117229,-4.200164071117229,-4.200164071117229,-4.200164071117229,-4.200164071117229
cfc56fb7c351c6a8,test,PD,Corona,Field PD,Field,20231023,-4.955212967756438,-4.955212967756438,-4.955212967756438,-4.955212967756438,-4.955212967756438
af930aef24ef2648,val,PD,Corona,Field PD,Field,20220226,5.441531620937894,5.441531620937894,5.441531620937894,5.441531620937894,5.441531620937894
921be16eb538a020,train,PD,Corona,Field PD,Field,unknown_date,-3.427959500234273,-3.427959500234273,-3.427959500234273,-3.427959500234273,-3.427959500234273
c25b4461dc3b6970,train,PD,Corona,Field PD,Field,unknown_date,-3.5198089339178296,-3.5198089339178296,-3.5198089339178296,-3.5198089339178296,-3.5198089339178296
3692e729188a2b5f,train,PD,Corona,Field PD,Field,unknown_date,-3.7278891894791784,-3.7278891894791784,-3.7278891894791784,-3.7278891894791784,-3.7278891894791784
b6bafb51ec289087,train,PD,Corona,Field PD,Field,unknown_date,-3.6473932650511074,-3.6473932650511074,-3.6473932650511074,-3.6473932650511074,-3.6473932650511074
7ecc0ed73f4a40d2,train,PD,Corona,Field PD,Field,unknown_date,-4.07675354769934,-4.07675354769934,-4.07675354769934,-4.07675354769934,-4.07675354769934
9d62d17ff0b300e8,train,PD,Corona,Field PD,Field,unknown_date,-3.650830883972631,-3.650830883972631,-3.650830883972631,-3.650830883972631,-3.650830883972631
b6e4084f405d9798,train,PD,Corona,Field PD,Field,unknown_date,-4.27547513619794,-4.27547513619794,-4.27547513619794,-4.27547513619794,-4.27547513619794
76042779b994af4a,train,PD,Corona,Field PD,Field,unknown_date,-4.334554125972481,-4.334554125972481,-4.334554125972481,-4.334554125972481,-4.334554125972481
015bf74e1ee8ee73,train,PD,Corona,Field PD,Field,unknown_date,-4.613669469875724,-4.613669469875724,-4.613669469875724,-4.613669469875724,-4.613669469875724
551b08d5e2970029,train,PD,Corona,Field PD,Field,unknown_date,-4.312661640597241,-4.312661640597241,-4.312661640597241,-4.312661640597241,-4.312661640597241
730c9ddfa17fcbc8,train,PD,Corona,Field PD,Field,unknown_date,-4.226296520519803,-4.226296520519803,-4.226296520519803,-4.226296520519803,-4.226296520519803
dae1b401a803c5a5,train,PD,Corona,Field PD,Field,unknown_date,-4.2101221310316745,-4.2101221310316745,-4.2101221310316745,-4.2101221310316745,-4.2101221310316745
69d9417cf23fca4d,train,PD,Corona,Field PD,Field,unknown_date,-4.1141685629012485,-4.1141685629012485,-4.1141685629012485,-4.1141685629012485,-4.1141685629012485
66b6092f3ad2b4a8,train,PD,Corona,Field PD,Field,unknown_date,-3.6584579385342693,-3.6584579385342693,-3.6584579385342693,-3.6584579385342693,-3.6584579385342693
a90fe56f0afbcd8b,train,PD,Corona,Field PD,Field,unknown_date,-3.9103162840472336,-3.9103162840472336,-3.9103162840472336,-3.9103162840472336,-3.9103162840472336
06efbf7dbfc5977b,train,PD,Corona,Field PD,Field,unknown_date,-3.659836433638624,-3.659836433638624,-3.659836433638624,-3.659836433638624,-3.659836433638624
b5f943034e73376a,train,PD,Corona,Field PD,Field,unknown_date,-3.3384055530829926,-3.3384055530829926,-3.3384055530829926,-3.3384055530829926,-3.3384055530829926
1da03da3854c62a6,train,PD,Corona,Field PD,Field,unknown_date,-3.2444369029183235,-3.2444369029183235,-3.2444369029183235,-3.2444369029183235,-3.2444369029183235
230fd3d91e5c8abe,train,PD,Corona,Field PD,Field,unknown_date,-3.1703400604740324,-3.1703400604740324,-3.1703400604740324,-3.1703400604740324,-3.1703400604740324
c81abfc8603585f7,train,PD,Corona,Field PD,Field,unknown_date,5.251420175825899,5.251420175825899,5.251420175825899,5.251420175825899,5.251420175825899
5d1fc600c7a79e67,train,PD,Floating,Field PD,Field,20231017,-5.794983200337157,-5.794983200337157,-5.794983200337157,-5.794983200337157,-5.794983200337157
56ddf40bbc8260f2,val,PD,Floating,Field PD,Field,20231001,-9.317375447572772,-9.317375447572772,-9.317375447572772,-9.317375447572772,-9.317375447572772
4cb38c417d058d73,train,PD,Floating,Field PD,Field,20231018,-5.8292869189702685,-5.8292869189702685,-5.8292869189702685,-5.8292869189702685,-5.8292869189702685
aa6c913ae254e8f5,train,PD,Floating,Field PD,Field,unknown_date,13.271589865617926,13.271589865617926,13.271589865617926,13.271589865617926,13.271589865617926
836789467d9b8dee,train,PD,Floating,Field PD,Field,unknown_date,-3.64038158006187,-3.64038158006187,-3.64038158006187,-3.64038158006187,-3.64038158006187
3f181fcd1645214a,train,PD,Floating,Field PD,Field,unknown_date,-8.28519664325475,-8.28519664325475,-8.28519664325475,-8.28519664325475,-8.28519664325475
a7c1c9ffcfa9f7ce,train,PD,Floating,Field PD,Field,unknown_date,-13.543248709968225,-13.543248709968225,-13.543248709968225,-13.543248709968225,-13.543248709968225
8e011532245f68f8,train,PD,Floating,Field PD,Field,unknown_date,-3.9735890813435617,-3.9735890813435617,-3.9735890813435617,-3.9735890813435617,-3.9735890813435617
297dcabcb4f00f1b,train,PD,Floating,Field PD,Field,unknown_date,-11.820386605334036,-11.820386605334036,-11.820386605334036,-11.820386605334036,-11.820386605334036
59dac452112c8144,train,PD,Floating,Field PD,Field,unknown_date,-7.757954948008006,-7.757954948008006,-7.757954948008006,-7.757954948008006,-7.757954948008006
97e3883f059fa43a,train,PD,Floating,Field PD,Field,unknown_date,0.11053438192229237,0.11053438192229237,0.11053438192229237,0.11053438192229237,0.11053438192229237
7e232668d5b02a04,train,PD,Floating,Field PD,Field,unknown_date,-7.692966771562681,-7.692966771562681,-7.692966771562681,-7.692966771562681,-7.692966771562681
bff157ebab681196,train,PD,Floating,Field PD,Field,unknown_date,-7.757954948008006,-7.757954948008006,-7.757954948008006,-7.757954948008006,-7.757954948008006
8252a51104f40eaf,train,PD,Floating,Field PD,Field,unknown_date,-9.677474031506534,-9.677474031506534,-9.677474031506534,-9.677474031506534,-9.677474031506534
c37e180bb3e32466,train,PD,Floating,Field PD,Field,unknown_date,-10.39553962576494,-10.39553962576494,-10.39553962576494,-10.39553962576494,-10.39553962576494
b8c869c859041718,train,PD,Floating,Field PD,Field,unknown_date,6.288409341913962,6.288409341913962,6.288409341913962,6.288409341913962,6.288409341913962
c7e6d39c513e0834,train,PD,Floating,Field PD,Field,unknown_date,2.2163632770244845,2.2163632770244845,2.2163632770244845,2.2163632770244845,2.2163632770244845
5cfe4e0ce8731d05,train,PD,Floating,Field PD,Field,unknown_date,-0.964180566837257,-0.964180566837257,-0.964180566837257,-0.964180566837257,-0.964180566837257
22342b245a3c574b,train,PD,Floating,Field PD,Field,unknown_date,2.4503495807298776,2.4503495807298776,2.4503495807298776,2.4503495807298776,2.4503495807298776
3b0f42bd90315c3e,train,PD,Floating,Field PD,Field,20190323,-5.36881591980945,-5.36881591980945,-5.36881591980945,-5.36881591980945,-5.36881591980945
c21940b6a6efcfe9,val,PD,Floating,Field PD,Field,20190331,-8.710496958367514,-8.710496958367514,-8.710496958367514,-8.710496958367514,-8.710496958367514
11134be3bde0d983,test,PD,Floating,Field PD,Field,20190403,-9.807136051834192,-9.807136051834192,-9.807136051834192,-9.807136051834192,-9.807136051834192
67c9b61aac3e9187,train,PD,Floating,Field PD,Field,20190323,-5.032140686619101,-5.032140686619101,-5.032140686619101,-5.032140686619101,-5.032140686619101
06deab1f1f50d547,test,PD,Floating,Field PD,Field,20190327,-2.7975792163470317,-2.7975792163470317,-2.7975792163470317,-2.7975792163470317,-2.7975792163470317
f750ca2d83db96ef,val,PD,Floating,Field PD,Field,20190401,2.4083896394937057,2.4083896394937057,2.4083896394937057,2.4083896394937057,2.4083896394937057
cabc2745a923bc1c,train,PD,Floating,Field PD,Field,20210603,-11.083821647123571,-11.083821647123571,-11.083821647123571,-11.083821647123571,-11.083821647123571
2b67d0b613393ab2,test,PD,Floating,Field PD,Field,20210605,-13.282479157715386,-13.282479157715386,-13.282479157715386,-13.282479157715386,-13.282479157715386
b8c808f04d4063fc,test,PD,Floating,Field PD,Field,20210605,-14.797567599401134,-14.797567599401134,-14.797567599401134,-14.797567599401134,-14.797567599401134
8dd0040e4c007b60,train,PD,Floating,Field PD,Field,unknown_date,9.416328938539664,9.416328938539664,9.416328938539664,9.416328938539664,9.416328938539664
fef636810fa49fe7,train,PD,Floating,Field PD,Field,20250203,-6.779345168034482,-6.779345168034482,-6.779345168034482,-6.779345168034482,-6.779345168034482
d8ef9400ba3c8020,train,PD,Floating,Field PD,Field,20231011,-10.904055173769734,-10.904055173769734,-10.904055173769734,-10.904055173769734,-10.904055173769734
6fb2e581b3afeb41,train,PD,Floating,Field PD,Field,20231011,-10.603705575159694,-10.603705575159694,-10.603705575159694,-10.603705575159694,-10.603705575159694
26090c0bc0789c42,train,PD,Floating,Field PD,Field,20231012,-3.764496854747591,-3.764496854747591,-3.764496854747591,-3.764496854747591,-3.764496854747591
f2d948bb20de9985,train,PD,Floating,Field PD,Field,20231012,-3.5811587652056005,-3.5811587652056005,-3.5811587652056005,-3.5811587652056005,-3.5811587652056005
bec6308b8e91f8d8,train,PD,Floating,Field PD,Field,20210325,-0.044454622212953154,-0.044454622212953154,-0.044454622212953154,-0.044454622212953154,-0.044454622212953154
382902825cd7291d,train,PD,Floating,Field PD,Field,20210325,-3.4203856165046886,-3.4203856165046886,-3.4203856165046886,-3.4203856165046886,-3.4203856165046886
0f91b9d54c6219ac,train,PD,Floating,Field PD,Field,20210325,-3.637350883940144,-3.637350883940144,-3.637350883940144,-3.637350883940144,-3.637350883940144
110662a677985190,train,PD,Floating,Field PD,Field,20210325,-4.58752403606951,-4.58752403606951,-4.58752403606951,-4.58752403606951,-4.58752403606951
a549e161dda30ca7,train,PD,Floating,Field PD,Field,20210325,-4.741717145081083,-4.741717145081083,-4.741717145081083,-4.741717145081083,-4.741717145081083
11ce1e5f41f37819,train,PD,Floating,Field PD,Field,20210325,-4.0101801855507375,-4.0101801855507375,-4.0101801855507375,-4.0101801855507375,-4.0101801855507375
3b13fbea67c20575,train,PD,Floating,Field PD,Field,20210325,-3.6139395120484608,-3.6139395120484608,-3.6139395120484608,-3.6139395120484608,-3.6139395120484608
82b12a655cdf7252,train,PD,Floating,Field PD,Field,20210325,0.22746827301708095,0.22746827301708095,0.22746827301708095,0.22746827301708095,0.22746827301708095
f57312d85df7df34,train,PD,Floating,Field PD,Field,20210325,-0.2519704658974149,-0.2519704658974149,-0.2519704658974149,-0.2519704658974149,-0.2519704658974149
c57571df5f14ef59,train,PD,Floating,Field PD,Field,20210325,0.03159703574422679,0.03159703574422679,0.03159703574422679,0.03159703574422679,0.03159703574422679
c5e229cf5c55bcf5,train,PD,Floating,Field PD,Field,20210326,6.694735310105244,6.694735310105244,6.694735310105244,6.694735310105244,6.694735310105244
f276e995ecc3237b,train,PD,Floating,Field PD,Field,20200216,-11.281723924233063,-11.281723924233063,-11.281723924233063,-11.281723924233063,-11.281723924233063
a2ad82936700ed97,train,PD,Floating,Field PD,Field,20200216,-11.081688766453482,-11.081688766453482,-11.081688766453482,-11.081688766453482,-11.081688766453482
caffe39b02efc645,train,PD,Floating,Field PD,Field,20200216,-8.265789361744623,-8.265789361744623,-8.265789361744623,-8.265789361744623,-8.265789361744623
033c770dbe5f08eb,train,PD,Floating,Field PD,Field,20200216,-11.618377810587134,-11.618377810587134,-11.618377810587134,-11.618377810587134,-11.618377810587134
8a5ae3f5178c369f,val,PD,Floating,Field PD,Field,20210405,-4.367502172164848,-4.367502172164848,-4.367502172164848,-4.367502172164848,-4.367502172164848
6e3c340e6227e54c,test,PD,Floating,Field PD,Field,20210104,1.6685821800199676,1.6685821800199676,1.6685821800199676,1.6685821800199676,1.6685821800199676
f2de0a1488c9174a,test,PD,Floating,Field PD,Field,20210104,3.641503749575861,3.641503749575861,3.641503749575861,3.641503749575861,3.641503749575861
004be058f7d6cfed,test,PD,Floating,Field PD,Field,20210104,5.089211154509286,5.089211154509286,5.089211154509286,5.089211154509286,5.089211154509286
3d08f8a7c24afebc,test,PD,Floating,Field PD,Field,20210104,4.077242480437775,4.077242480437775,4.077242480437775,4.077242480437775,4.077242480437775
f7fddaa8f157690e,test,PD,Floating,Field PD,Field,20210104,1.4840468744487225,1.4840468744487225,1.4840468744487225,1.4840468744487225,1.4840468744487225
05330ea757a968f2,val,PD,Floating,Field PD,Field,20210506,13.510487474497353,13.510487474497353,13.510487474497353,13.510487474497353,13.510487474497353
9ca0981ec3736732,val,PD,Floating,Field PD,Field,20230401,7.905633861322286,7.905633861322286,7.905633861322286,7.905633861322286,7.905633861322286
8d750faf420dfb6f,val,PD,Floating,Field PD,Field,20230401,6.241818983110875,6.241818983110875,6.241818983110875,6.241818983110875,6.241818983110875
202c0949fddea68b,train,PD,Floating,Field PD,Field,20230402,8.266058196605101,8.266058196605101,8.266058196605101,8.266058196605101,8.266058196605101
17a2f9d69087ac22,train,PD,Floating,Field PD,Field,20230402,8.739304595183043,8.739304595183043,8.739304595183043,8.739304595183043,8.739304595183043
3d8f779967dbb03c,train,PD,Floating,Field PD,Field,20230402,5.6572032425849486,5.6572032425849486,5.6572032425849486,5.6572032425849486,5.6572032425849486
544be3b9c54e2e72,train,PD,Floating,Field PD,Field,20230402,7.9099531179378175,7.9099531179378175,7.9099531179378175,7.9099531179378175,7.9099531179378175
74ff19c918088ada,train,PD,Floating,Field PD,Field,20230403,5.546722591547429,5.546722591547429,5.546722591547429,5.546722591547429,5.546722591547429
fb911893426bb01b,train,PD,Floating,Field PD,Field,20230403,8.046731667475001,8.046731667475001,8.046731667475001,8.046731667475001,8.046731667475001
44c7839381042f32,test,PD,Floating,Field PD,Field,20230404,5.515851096629014,5.515851096629014,5.515851096629014,5.515851096629014,5.515851096629014
87d3c9188877bafb,test,PD,Floating,Field PD,Field,20230404,5.641669507553935,5.641669507553935,5.641669507553935,5.641669507553935,5.641669507553935
032d431664ff8ea2,test,PD,Floating,Field PD,Field,20230404,8.230804679502555,8.230804679502555,8.230804679502555,8.230804679502555,8.230804679502555
370178b4f7a08d88,train,PD,Floating,Field PD,Field,20230405,8.537905970492943,8.537905970492943,8.537905970492943,8.537905970492943,8.537905970492943
1662489c20e0497d,train,PD,Floating,Field PD,Field,20230405,8.697273491235336,8.697273491235336,8.697273491235336,8.697273491235336,8.697273491235336
47b46b6b550a79e7,test,PD,Floating,Field PD,Field,20230409,9.301448407869117,9.301448407869117,9.301448407869117,9.301448407869117,9.301448407869117
8d1801a49cf87673,test,PD,Floating,Field PD,Field,20230409,6.934759943734932,6.934759943734932,6.934759943734932,6.934759943734932,6.934759943734932
04e2927af50f8d74,val,PD,Floating,Field PD,Field,20230417,5.357746293067827,5.357746293067827,5.357746293067827,5.357746293067827,5.357746293067827
705a975c1b33dc2b,train,PD,Floating,Field PD,Field,20230422,8.095836084788317,8.095836084788317,8.095836084788317,8.095836084788317,8.095836084788317
bf106a35858f5051,test,PD,Floating,Field PD,Field,20230426,7.539777915589852,7.539777915589852,7.539777915589852,7.539777915589852,7.539777915589852
7ab4bd6d977b080e,val,PD,Floating,Field PD,Field,20230427,8.03783962762732,8.03783962762732,8.03783962762732,8.03783962762732,8.03783962762732
ad383d89045c81cf,test,PD,Floating,Field PD,Field,20230501,7.385580316725921,7.385580316725921,7.385580316725921,7.385580316725921,7.385580316725921
2ac8218d90bf5997,test,PD,Floating,Field PD,Field,20230503,4.826362008361926,4.826362008361926,4.826362008361926,4.826362008361926,4.826362008361926
0aa277f5ced49941,train,PD,Floating,Field PD,Field,unknown_date,-3.8811484851830755,-3.8811484851830755,-3.8811484851830755,-3.8811484851830755,-3.8811484851830755
ce93707bc4019e76,train,PD,Floating,Field PD,Field,unknown_date,-2.6487984999442062,-2.6487984999442062,-2.6487984999442062,-2.6487984999442062,-2.6487984999442062
42e45eb595eb8a3d,train,PD,Floating,Field PD,Field,unknown_date,-4.755758395224845,-4.755758395224845,-4.755758395224845,-4.755758395224845,-4.755758395224845
674a87bb7585709b,train,PD,Floating,Field PD,Field,unknown_date,-8.122537142022196,-8.122537142022196,-8.122537142022196,-8.122537142022196,-8.122537142022196
082b1d613d8516d1,train,PD,Floating,Field PD,Field,unknown_date,-9.43797072583422,-9.43797072583422,-9.43797072583422,-9.43797072583422,-9.43797072583422
de4546fd300102cc,train,PD,Floating,Field PD,Field,unknown_date,-8.060779688392898,-8.060779688392898,-8.060779688392898,-8.060779688392898,-8.060779688392898
b71222d1ec677516,train,PD,Floating,Field PD,Field,unknown_date,-14.131121040083258,-14.131121040083258,-14.131121040083258,-14.131121040083258,-14.131121040083258
558e4cd70e7ad4a4,train,PD,Floating,Field PD,Field,unknown_date,-14.878122201869218,-14.878122201869218,-14.878122201869218,-14.878122201869218,-14.878122201869218
71682be62d18f0f8,train,PD,Floating,Field PD,Field,unknown_date,-13.689537126036782,-13.689537126036782,-13.689537126036782,-13.689537126036782,-13.689537126036782
0bc6d5603a1512d4,train,PD,Floating,Field PD,Field,unknown_date,-15.26607644867866,-15.26607644867866,-15.26607644867866,-15.26607644867866,-15.26607644867866
ea867f896271ac0f,train,PD,Floating,Field PD,Field,unknown_date,-5.909367435734104,-5.909367435734104,-5.909367435734104,-5.909367435734104,-5.909367435734104
8e10eaa04d6fc764,train,PD,Floating,Field PD,Field,unknown_date,-14.442686294057665,-14.442686294057665,-14.442686294057665,-14.442686294057665,-14.442686294057665
22bb2414ca420be5,train,PD,Floating,Field PD,Field,unknown_date,-12.863994070911502,-12.863994070911502,-12.863994070911502,-12.863994070911502,-12.863994070911502
3a5c549a710f8b35,train,PD,Floating,Field PD,Field,unknown_date,-13.658923480363427,-13.658923480363427,-13.658923480363427,-13.658923480363427,-13.658923480363427
ea74130c2899d78b,train,PD,Floating,Field PD,Field,unknown_date,-12.181473283135546,-12.181473283135546,-12.181473283135546,-12.181473283135546,-12.181473283135546
dfee50bd748f92f9,train,PD,Floating,Field PD,Field,unknown_date,2.387909123948731,2.387909123948731,2.387909123948731,2.387909123948731,2.387909123948731
905c4778df584220,train,PD,Floating,Field PD,Field,unknown_date,3.4442793193078103,3.4442793193078103,3.4442793193078103,3.4442793193078103,3.4442793193078103
1faba984c321104e,train,PD,Floating,Field PD,Field,unknown_date,3.50924116329449,3.50924116329449,3.50924116329449,3.50924116329449,3.50924116329449
9d74de6292007ea0,train,PD,Floating,Field PD,Field,unknown_date,2.7478759382749445,2.7478759382749445,2.7478759382749445,2.7478759382749445,2.7478759382749445
bb11f1ac118e83f9,train,PD,Floating,Field PD,Field,unknown_date,3.5978127263045963,3.5978127263045963,3.5978127263045963,3.5978127263045963,3.5978127263045963
9c2461cf2002d6cd,train,PD,Floating,Field PD,Field,unknown_date,11.081048110322229,11.081048110322229,11.081048110322229,11.081048110322229,11.081048110322229
69b51196d385c803,train,PD,Floating,Field PD,Field,unknown_date,6.9483374213992875,6.9483374213992875,6.9483374213992875,6.9483374213992875,6.9483374213992875
02fd3bc274f1db69,train,PD,Floating,Field PD,Field,unknown_date,1.9652331539772945,1.9652331539772945,1.9652331539772945,1.9652331539772945,1.9652331539772945
45472d513dd2ed3f,train,PD,Floating,Field PD,Field,unknown_date,7.913716963567651,7.913716963567651,7.913716963567651,7.913716963567651,7.913716963567651
1cf8d5daa9e956f1,train,PD,Floating,Field PD,Field,unknown_date,3.7002950020491028,3.7002950020491028,3.7002950020491028,3.7002950020491028,3.7002950020491028
fc3d62683f04601c,train,PD,Floating,Field PD,Field,unknown_date,11.867130269343193,11.867130269343193,11.867130269343193,11.867130269343193,11.867130269343193
80103d43d17da672,train,PD,Floating,Field PD,Field,unknown_date,1.7345487370492663,1.7345487370492663,1.7345487370492663,1.7345487370492663,1.7345487370492663
f0bfc7dcefdfd602,train,PD,Floating,Field PD,Field,unknown_date,-8.422060816379314,-8.422060816379314,-8.422060816379314,-8.422060816379314,-8.422060816379314
9e4ff7fe1f2e9710,train,PD,Floating,Field PD,Field,unknown_date,-9.793710972107874,-9.793710972107874,-9.793710972107874,-9.793710972107874,-9.793710972107874
27620fcc531fb408,train,PD,Floating,Field PD,Field,unknown_date,-12.375884536936795,-12.375884536936795,-12.375884536936795,-12.375884536936795,-12.375884536936795
48dcff1918b3fa2f,train,PD,Floating,Field PD,Field,unknown_date,-8.14662233537122,-8.14662233537122,-8.14662233537122,-8.14662233537122,-8.14662233537122
67f73c24ad8df22e,train,PD,Floating,Field PD,Field,unknown_date,-13.585069139109862,-13.585069139109862,-13.585069139109862,-13.585069139109862,-13.585069139109862
8e550581d4569410,train,PD,Floating,Field PD,Field,unknown_date,-12.127189373664066,-12.127189373664066,-12.127189373664066,-12.127189373664066,-12.127189373664066
8770d4ef431751a4,train,PD,Floating,Field PD,Field,unknown_date,-0.03179877520145169,-0.03179877520145169,-0.03179877520145169,-0.03179877520145169,-0.03179877520145169
0c29c10484cc1e80,train,PD,Floating,Field PD,Field,unknown_date,-9.380453587634435,-9.380453587634435,-9.380453587634435,-9.380453587634435,-9.380453587634435
eaff981536903037,train,PD,Floating,Field PD,Field,unknown_date,-10.278368412683776,-10.278368412683776,-10.278368412683776,-10.278368412683776,-10.278368412683776
3995b58fe80c5e13,train,PD,Floating,Field PD,Field,unknown_date,-9.795858829382666,-9.795858829382666,-9.795858829382666,-9.795858829382666,-9.795858829382666
a27014c4fcaa8a29,train,PD,Floating,Field PD,Field,unknown_date,8.020597527144147,8.020597527144147,8.020597527144147,8.020597527144147,8.020597527144147
2e6ac55704f0a37a,train,PD,Floating,Field PD,Field,unknown_date,-2.2293330814239454,-2.2293330814239454,-2.2293330814239454,-2.2293330814239454,-2.2293330814239454
987bd0fc4b7689ba,train,PD,Floating,Field PD,Field,unknown_date,-3.2975416645870155,-3.2975416645870155,-3.2975416645870155,-3.2975416645870155,-3.2975416645870155
ec16cf090ee61c8f,train,PD,Floating,Field PD,Field,unknown_date,11.4518849305326,11.4518849305326,11.4518849305326,11.4518849305326,11.4518849305326
3d269e6526532130,train,PD,Floating,Field PD,Field,unknown_date,10.638656191807357,10.638656191807357,10.638656191807357,10.638656191807357,10.638656191807357
07e965d9ce6d745d,train,PD,Floating,Field PD,Field,unknown_date,12.126903439126437,12.126903439126437,12.126903439126437,12.126903439126437,12.126903439126437
5ba02b77200cd26d,train,PD,Floating,Field PD,Field,unknown_date,13.200309335315112,13.200309335315112,13.200309335315112,13.200309335315112,13.200309335315112
9c0125807fd65d19,train,PD,Floating,Field PD,Field,unknown_date,11.368564638396037,11.368564638396037,11.368564638396037,11.368564638396037,11.368564638396037
7b886c9131927637,train,PD,Floating,Field PD,Field,unknown_date,8.7939838443138,8.7939838443138,8.7939838443138,8.7939838443138,8.7939838443138
e34b56c252c1852b,train,PD,Floating,Field PD,Field,unknown_date,9.898168219321136,9.898168219321136,9.898168219321136,9.898168219321136,9.898168219321136
96e97984176f0e6b,train,PD,Floating,Field PD,Field,unknown_date,9.658497308736493,9.658497308736493,9.658497308736493,9.658497308736493,9.658497308736493
2ebf5b72e7d6c386,train,Noise,Noise,Field PD,Field,20250203,-7.683792841739802,-7.683792841739802,-7.683792841739802,-7.683792841739802,-7.683792841739802
80c6c413ee217dd2,train,Noise,Noise,Field PD,Field,20250203,-7.349525122716685,-7.349525122716685,-7.349525122716685,-7.349525122716685,-7.349525122716685
a500b1b72fc9c06a,train,Noise,Noise,Field PD,Field,20250203,-5.546836914923901,-5.546836914923901,-5.546836914923901,-5.546836914923901,-5.546836914923901
2c05afd3b43b4b2a,train,Noise,Noise,Field PD,Field,20250203,-5.634957242673266,-5.634957242673266,-5.634957242673266,-5.634957242673266,-5.634957242673266
1049fce6cc040bec,train,Noise,Noise,Field PD,Field,20250203,-5.302276901752236,-5.302276901752236,-5.302276901752236,-5.302276901752236,-5.302276901752236
a1b56d2971b8579f,train,Noise,Noise,Field PD,Field,unknown_date,1.5641916428498455,1.5641916428498455,1.5641916428498455,1.5641916428498455,1.5641916428498455
c4c5422115a79551,train,Noise,Noise,Field PD,Field,unknown_date,9.190004115066529,9.190004115066529,9.190004115066529,9.190004115066529,9.190004115066529
b896cc4a9206a94c,train,Noise,Noise,Field PD,Field,unknown_date,0.5120357710470778,0.5120357710470778,0.5120357710470778,0.5120357710470778,0.5120357710470778
b1229d78554f91b8,train,Noise,Noise,Field PD,Field,unknown_date,-3.290794041739886,-3.290794041739886,-3.290794041739886,-3.290794041739886,-3.290794041739886
7a6490177b5a4f35,train,Noise,Noise,Field PD,Field,unknown_date,11.472055315282319,11.472055315282319,11.472055315282319,11.472055315282319,11.472055315282319
4d5697153bc54ece,train,Noise,Noise,Field PD,Field,unknown_date,-10.699273857194612,-10.699273857194612,-10.699273857194612,-10.699273857194612,-10.699273857194612
ea65bdcc659add2a,train,Noise,Noise,Field PD,Field,unknown_date,2.1449922401696284,2.1449922401696284,2.1449922401696284,2.1449922401696284,2.1449922401696284
6719ef54e9f49de2,train,Noise,Noise,Field PD,Field,unknown_date,4.361084805860216,4.361084805860216,4.361084805860216,4.361084805860216,4.361084805860216
e7f1157626444979,train,PD,Particle,Field PD,Field,20231011,-1.4329925044197047,-1.4329925044197047,-1.4329925044197047,-1.4329925044197047,-1.4329925044197047
f2021947c2d93831,train,PD,Particle,Field PD,Field,20231011,-1.4355516698948536,-1.4355516698948536,-1.4355516698948536,-1.4355516698948536,-1.4355516698948536
496eb91d6b42fcfd,test,PD,Particle,Field PD,Field,20220427,-0.5873997614658766,-0.5873997614658766,-0.5873997614658766,-0.5873997614658766,-0.5873997614658766
ecc5fc543921386d,train,PD,Void,Field PD,Field,unknown_date,-8.400866468626873,-8.400866468626873,-8.400866468626873,-8.400866468626873,-8.400866468626873
3583a21032ad0334,train,PD,Void,Field PD,Field,unknown_date,1.320385532277129,1.320385532277129,1.320385532277129,1.320385532277129,1.320385532277129
59596e96bc6ee6db,train,PD,Void,Field PD,Field,unknown_date,-1.7015334986740172,-1.7015334986740172,-1.7015334986740172,-1.7015334986740172,-1.7015334986740172
55ea94e57c8ca0b7,train,PD,Void,Field PD,Field,unknown_date,-11.035113355328946,-11.035113355328946,-11.035113355328946,-11.035113355328946,-11.035113355328946
260b7fd65404fa98,train,PD,Void,Field PD,Field,unknown_date,-4.838627362701558,-4.838627362701558,-4.838627362701558,-4.838627362701558,-4.838627362701558
49b76579dac633c4,train,PD,Void,Field PD,Field,unknown_date,5.601682364172291,5.601682364172291,5.601682364172291,5.601682364172291,5.601682364172291
0079e7b5bb0f0237,train,PD,Void,Field PD,Field,unknown_date,-6.839496953168364,-6.839496953168364,-6.839496953168364,-6.839496953168364,-6.839496953168364
1a3727915e83c55c,train,PD,Void,Field PD,Field,unknown_date,-10.558154726073298,-10.558154726073298,-10.558154726073298,-10.558154726073298,-10.558154726073298
508cb3d574c98d90,train,PD,Void,Field PD,Field,unknown_date,-11.585487854731639,-11.585487854731639,-11.585487854731639,-11.585487854731639,-11.585487854731639
d29ceb9c30cb0f98,train,PD,Void,Field PD,Field,unknown_date,-11.569452777817745,-11.569452777817745,-11.569452777817745,-11.569452777817745,-11.569452777817745
ccb6019684ba9fce,train,PD,Void,Field PD,Field,unknown_date,-8.81801149904409,-8.81801149904409,-8.81801149904409,-8.81801149904409,-8.81801149904409
49f50993d69e9ff1,train,PD,Void,Field PD,Field,unknown_date,-9.488245671934052,-9.488245671934052,-9.488245671934052,-9.488245671934052,-9.488245671934052
9c3b255f8f003dac,train,PD,Void,Field PD,Field,unknown_date,-9.932196703953323,-9.932196703953323,-9.932196703953323,-9.932196703953323,-9.932196703953323
c5e06f9698e7ed5d,train,PD,Void,Field PD,Field,unknown_date,-11.722141174509332,-11.722141174509332,-11.722141174509332,-11.722141174509332,-11.722141174509332
0c39873a19ce5929,train,PD,Void,Field PD,Field,unknown_date,-4.509859048565346,-4.509859048565346,-4.509859048565346,-4.509859048565346,-4.509859048565346
c441f0d705ad5408,train,PD,Void,Field PD,Field,unknown_date,-2.8598771039803665,-2.8598771039803665,-2.8598771039803665,-2.8598771039803665,-2.8598771039803665
9be2b9b16a5f3de5,train,PD,Void,Field PD,Field,unknown_date,-7.013255358190236,-7.013255358190236,-7.013255358190236,-7.013255358190236,-7.013255358190236
5bd76735f4938e01,train,PD,Void,Field PD,Field,unknown_date,12.165736292717753,12.165736292717753,12.165736292717753,12.165736292717753,12.165736292717753
fb15cd02c1f5ec69,train,PD,Void,Field PD,Field,20220108,-6.025978002775773,-6.025978002775773,-6.025978002775773,-6.025978002775773,-6.025978002775773
7a6a284e0be3e5e6,train,PD,Void,Field PD,Field,20220104,9.681903896587286,9.681903896587286,9.681903896587286,9.681903896587286,9.681903896587286
ed6af34d3794aeac,train,PD,Void,Field PD,Field,20220108,-7.655288538203976,-7.655288538203976,-7.655288538203976,-7.655288538203976,-7.655288538203976
8c78ef8eaaf68d7e,val,PD,Void,Field PD,Field,20220115,-7.085053327242747,-7.085053327242747,-7.085053327242747,-7.085053327242747,-7.085053327242747
a28022a118b494c2,train,PD,Void,Field PD,Field,20220119,11.600768366932385,11.600768366932385,11.600768366932385,11.600768366932385,11.600768366932385
996ef98d0ad6fb39,train,PD,Void,Field PD,Field,20220119,11.835607578305172,11.835607578305172,11.835607578305172,11.835607578305172,11.835607578305172
131283e2dabe9428,train,PD,Void,Field PD,Field,20220119,11.373631392448011,11.373631392448011,11.373631392448011,11.373631392448011,11.373631392448011
b10b00f2d3b19e02,train,PD,Void,Field PD,Field,20220119,11.427199793129432,11.427199793129432,11.427199793129432,11.427199793129432,11.427199793129432
2543be97cf30dfbf,train,PD,Void,Field PD,Field,20220119,12.54461829934477,12.54461829934477,12.54461829934477,12.54461829934477,12.54461829934477
36f22644ad2e3368,train,PD,Void,Field PD,Field,20220119,7.294330450552657,7.294330450552657,7.294330450552657,7.294330450552657,7.294330450552657
7b258fb0bc962e5d,train,PD,Void,Field PD,Field,20220119,11.72281260478016,11.72281260478016,11.72281260478016,11.72281260478016,11.72281260478016
75f8a87071c1b762,train,PD,Void,Field PD,Field,20220120,11.431625883471881,11.431625883471881,11.431625883471881,11.431625883471881,11.431625883471881
ac563a71d3b35c63,train,PD,Void,Field PD,Field,20220120,8.231565318832203,8.231565318832203,8.231565318832203,8.231565318832203,8.231565318832203
75db0e18b9affdf7,train,PD,Void,Field PD,Field,20220120,6.488400753818468,6.488400753818468,6.488400753818468,6.488400753818468,6.488400753818468
04d2d59509a3bd23,train,PD,Void,Field PD,Field,20220120,6.969076071224606,6.969076071224606,6.969076071224606,6.969076071224606,6.969076071224606
dc1045677f301dc6,train,PD,Void,Field PD,Field,20220120,7.424643768730874,7.424643768730874,7.424643768730874,7.424643768730874,7.424643768730874
e4dbaa227c1243b6,train,PD,Void,Field PD,Field,20220120,7.190572707818809,7.190572707818809,7.190572707818809,7.190572707818809,7.190572707818809
5153f39258ba6ca7,train,PD,Void,Field PD,Field,20220120,9.782723396702096,9.782723396702096,9.782723396702096,9.782723396702096,9.782723396702096
7690d47ffb0c03d8,train,PD,Void,Field PD,Field,20210603,-11.240574521560802,-11.240574521560802,-11.240574521560802,-11.240574521560802,-11.240574521560802
77bac80f41dd8ff3,train,PD,Void,Field PD,Field,20220120,4.14604463097173,4.14604463097173,4.14604463097173,4.14604463097173,4.14604463097173
e21d5c226464e1d5,train,PD,Void,Field PD,Field,20210603,-13.320080659877021,-13.320080659877021,-13.320080659877021,-13.320080659877021,-13.320080659877021
af350056f7a7069e,val,PD,Void,Field PD,Field,20220203,8.687951897285132,8.687951897285132,8.687951897285132,8.687951897285132,8.687951897285132
428122c7ebb1c712,train,PD,Void,Field PD,Field,20210603,-13.190977264523767,-13.190977264523767,-13.190977264523767,-13.190977264523767,-13.190977264523767
d897fac81243fd20,val,PD,Void,Field PD,Field,20220203,10.708589718440102,10.708589718440102,10.708589718440102,10.708589718440102,10.708589718440102
694b37f1d0f42df7,train,PD,Void,Field PD,Field,20210603,-13.629087954146712,-13.629087954146712,-13.629087954146712,-13.629087954146712,-13.629087954146712
86c365f8bdaf675d,val,PD,Void,Field PD,Field,20220203,13.397297532867718,13.397297532867718,13.397297532867718,13.397297532867718,13.397297532867718
aac4ce001a9f2e1b,val,PD,Void,Field PD,Field,20220203,13.431437358905868,13.431437358905868,13.431437358905868,13.431437358905868,13.431437358905868
55859469ad1e8d92,train,PD,Void,Field PD,Field,20210603,-11.201048662076715,-11.201048662076715,-11.201048662076715,-11.201048662076715,-11.201048662076715
479c7669ccb81bd2,val,PD,Void,Field PD,Field,20220203,12.91067415423467,12.91067415423467,12.91067415423467,12.91067415423467,12.91067415423467
a50b30ebf41e88f1,train,PD,Void,Field PD,Field,20210603,-12.513138938996235,-12.513138938996235,-12.513138938996235,-12.513138938996235,-12.513138938996235
586f00287a3f69d3,val,PD,Void,Field PD,Field,20220204,13.372601729100168,13.372601729100168,13.372601729100168,13.372601729100168,13.372601729100168
5bc754ff371909c7,train,PD,Void,Field PD,Field,20210603,-13.442792629455084,-13.442792629455084,-13.442792629455084,-13.442792629455084,-13.442792629455084
1d140c74acd56b1d,val,PD,Void,Field PD,Field,20220204,13.042435039343985,13.042435039343985,13.042435039343985,13.042435039343985,13.042435039343985
641de3880c80389e,train,PD,Void,Field PD,Field,20210603,-13.386625917249631,-13.386625917249631,-13.386625917249631,-13.386625917249631,-13.386625917249631
e2aabc089be3f6e8,train,PD,Void,Field PD,Field,20220426,3.098972955825415,3.098972955825415,3.098972955825415,3.098972955825415,3.098972955825415
a20e36c70672a4da,train,PD,Void,Field PD,Field,20210603,-13.265651780298569,-13.265651780298569,-13.265651780298569,-13.265651780298569,-13.265651780298569
d5d86585083fe17f,train,PD,Void,Field PD,Field,20220426,3.466441302284542,3.466441302284542,3.466441302284542,3.466441302284542,3.466441302284542
1887cbb323a5df3b,train,PD,Void,Field PD,Field,20210603,-13.767195896076544,-13.767195896076544,-13.767195896076544,-13.767195896076544,-13.767195896076544
d3dafa88548d6ff0,train,PD,Void,Field PD,Field,20220426,4.661759664050361,4.661759664050361,4.661759664050361,4.661759664050361,4.661759664050361
d194016533f01f20,val,PD,Void,Field PD,Field,20210604,-8.68260489150169,-8.68260489150169,-8.68260489150169,-8.68260489150169,-8.68260489150169
bf00e2826c22130c,train,PD,Void,Field PD,Field,20220426,4.495569010290307,4.495569010290307,4.495569010290307,4.495569010290307,4.495569010290307
15441e46b1811e62,val,PD,Void,Field PD,Field,20210604,-7.4976380553671405,-7.4976380553671405,-7.4976380553671405,-7.4976380553671405,-7.4976380553671405
68a8ad575a3e11fb,train,PD,Void,Field PD,Field,20220426,4.161844184854948,4.161844184854948,4.161844184854948,4.161844184854948,4.161844184854948
9b0fe87bba48b0db,val,PD,Void,Field PD,Field,20210604,-12.608301984907357,-12.608301984907357,-12.608301984907357,-12.608301984907357,-12.608301984907357
fbf1e90ec939d0c1,train,PD,Void,Field PD,Field,20220426,3.7168498790239948,3.7168498790239948,3.7168498790239948,3.7168498790239948,3.7168498790239948
b73db3beef2b4771,val,PD,Void,Field PD,Field,20210604,-12.043699170251244,-12.043699170251244,-12.043699170251244,-12.043699170251244,-12.043699170251244
9e74405e52e3a806,train,PD,Void,Field PD,Field,20220426,3.899562269820507,3.899562269820507,3.899562269820507,3.899562269820507,3.899562269820507
905911b720ceb2ee,train,PD,Void,Field PD,Field,20220426,1.5899020254821687,1.5899020254821687,1.5899020254821687,1.5899020254821687,1.5899020254821687
f9a16c3d0eb96c91,val,PD,Void,Field PD,Field,20210604,-14.515127094529632,-14.515127094529632,-14.515127094529632,-14.515127094529632,-14.515127094529632
e2062b894a057388,train,PD,Void,Field PD,Field,20220426,0.6382508704155825,0.6382508704155825,0.6382508704155825,0.6382508704155825,0.6382508704155825
c7474064a37a0ed5,val,PD,Void,Field PD,Field,20210604,-12.807010401536715,-12.807010401536715,-12.807010401536715,-12.807010401536715,-12.807010401536715
d1e4f0cce669fdf2,train,PD,Void,Field PD,Field,20220426,1.721144622335788,1.721144622335788,1.721144622335788,1.721144622335788,1.721144622335788
8b949edfc0da02da,train,PD,Void,Field PD,Field,20220426,2.292004738646275,2.292004738646275,2.292004738646275,2.292004738646275,2.292004738646275
103679f6b843f102,train,PD,Void,Field PD,Field,20220426,2.7260390241724597,2.7260390241724597,2.7260390241724597,2.7260390241724597,2.7260390241724597
de20d384fd9f0e65,test,PD,Void,Field PD,Field,20210605,-11.334099790582059,-11.334099790582059,-11.334099790582059,-11.334099790582059,-11.334099790582059
1e7bcdc6b089bf0e,train,PD,Void,Field PD,Field,20220426,0.997515544687948,0.997515544687948,0.997515544687948,0.997515544687948,0.997515544687948
825158c2d64fe5b9,train,PD,Void,Field PD,Field,20220426,-0.5717816050630198,-0.5717816050630198,-0.5717816050630198,-0.5717816050630198,-0.5717816050630198
2f15120639c50051,train,PD,Void,Field PD,Field,20220426,0.5073079713037227,0.5073079713037227,0.5073079713037227,0.5073079713037227,0.5073079713037227
85e5f03e74f5857d,test,PD,Void,Field PD,Field,20210605,-8.58692658793197,-8.58692658793197,-8.58692658793197,-8.58692658793197,-8.58692658793197
cbcfc256c0b317ab,train,PD,Void,Field PD,Field,20220426,-0.3523159951480057,-0.3523159951480057,-0.3523159951480057,-0.3523159951480057,-0.3523159951480057
26c0fbe0be79d90e,train,PD,Void,Field PD,Field,20220426,-0.2171136871032049,-0.2171136871032049,-0.2171136871032049,-0.2171136871032049,-0.2171136871032049
63c279c38f1b5e06,train,PD,Void,Field PD,Field,20220426,0.8490375873801721,0.8490375873801721,0.8490375873801721,0.8490375873801721,0.8490375873801721
edc1ea505670f016,train,PD,Void,Field PD,Field,20250203,-5.7933473127321236,-5.7933473127321236,-5.7933473127321236,-5.7933473127321236,-5.7933473127321236
802ab606a7314c08,train,PD,Void,Field PD,Field,20250203,-4.877736359455838,-4.877736359455838,-4.877736359455838,-4.877736359455838,-4.877736359455838
04e05c07fb8b350f,test,PD,Void,Field PD,Field,20210605,-10.519458360251747,-10.519458360251747,-10.519458360251747,-10.519458360251747,-10.519458360251747
e456b623d71f593c,test,PD,Void,Field PD,Field,20220427,1.8292665469832219,1.8292665469832219,1.8292665469832219,1.8292665469832219,1.8292665469832219
9283c46f17a7545b,test,PD,Void,Field PD,Field,20220427,2.2212073561242924,2.2212073561242924,2.2212073561242924,2.2212073561242924,2.2212073561242924
d05936eb690f9c00,test,PD,Void,Field PD,Field,20210605,-9.10087371908287,-9.10087371908287,-9.10087371908287,-9.10087371908287,-9.10087371908287
d35c9c27cc92e1b2,train,PD,Void,Field PD,Field,20231011,-12.254499790583523,-12.254499790583523,-12.254499790583523,-12.254499790583523,-12.254499790583523
62d822581ed63bcc,train,PD,Void,Field PD,Field,20231011,-13.791028523804798,-13.791028523804798,-13.791028523804798,-13.791028523804798,-13.791028523804798
bf283b3903cb5c5a,train,PD,Void,Field PD,Field,20231011,-9.18962095346464,-9.18962095346464,-9.18962095346464,-9.18962095346464,-9.18962095346464
9a4df9ad3af80e63,train,PD,Void,Field PD,Field,20231011,-9.725758075490475,-9.725758075490475,-9.725758075490475,-9.725758075490475,-9.725758075490475
4a167ab6f5cf5a4c,train,PD,Void,Field PD,Field,20231011,-0.5831166188267076,-0.5831166188267076,-0.5831166188267076,-0.5831166188267076,-0.5831166188267076
03b0f52d9f891665,train,PD,Void,Field PD,Field,20231011,1.3239187295599777,1.3239187295599777,1.3239187295599777,1.3239187295599777,1.3239187295599777
18fffddccf1b3b31,train,PD,Void,Field PD,Field,20231011,-0.7715730446861286,-0.7715730446861286,-0.7715730446861286,-0.7715730446861286,-0.7715730446861286
8dde3178684bd54a,train,PD,Void,Field PD,Field,20231011,-1.6565286557534478,-1.6565286557534478,-1.6565286557534478,-1.6565286557534478,-1.6565286557534478
33166ce915884282,train,PD,Void,Field PD,Field,20231011,-3.0670825163063284,-3.0670825163063284,-3.0670825163063284,-3.0670825163063284,-3.0670825163063284
a87d3fff3d33f6e3,train,PD,Void,Field PD,Field,20231011,-1.2251972640662245,-1.2251972640662245,-1.2251972640662245,-1.2251972640662245,-1.2251972640662245
1c378e32193abd43,train,PD,Void,Field PD,Field,20231011,-7.480766270510912,-7.480766270510912,-7.480766270510912,-7.480766270510912,-7.480766270510912
6f36ae5daecc0d4f,train,PD,Void,Field PD,Field,20231011,-7.3899387640695124,-7.3899387640695124,-7.3899387640695124,-7.3899387640695124,-7.3899387640695124
cdba986c7f4f92dc,train,PD,Void,Field PD,Field,20231011,-6.775720653023534,-6.775720653023534,-6.775720653023534,-6.775720653023534,-6.775720653023534
e71f5598ef8dec03,train,PD,Void,Field PD,Field,20231011,-5.642483870860154,-5.642483870860154,-5.642483870860154,-5.642483870860154,-5.642483870860154
6e7c043aa521bc87,train,PD,Void,Field PD,Field,20231011,-5.0763528181194815,-5.0763528181194815,-5.0763528181194815,-5.0763528181194815,-5.0763528181194815
129ec883028f99ac,train,PD,Void,Field PD,Field,20231011,-5.800440394577876,-5.800440394577876,-5.800440394577876,-5.800440394577876,-5.800440394577876
fe1aa82dbc31b458,train,PD,Void,Field PD,Field,20231011,-4.471783771350928,-4.471783771350928,-4.471783771350928,-4.471783771350928,-4.471783771350928
1089e478426c9bb7,train,PD,Void,Field PD,Field,20231011,-3.8478359306176273,-3.8478359306176273,-3.8478359306176273,-3.8478359306176273,-3.8478359306176273
fbc798d24f718088,train,PD,Void,Field PD,Field,20231011,-6.137716895883727,-6.137716895883727,-6.137716895883727,-6.137716895883727,-6.137716895883727
32030b1d03ce1139,train,PD,Void,Field PD,Field,20231011,-5.352748400823749,-5.352748400823749,-5.352748400823749,-5.352748400823749,-5.352748400823749
71be94e25610c0a3,train,PD,Void,Field PD,Field,20231011,-9.464994043476928,-9.464994043476928,-9.464994043476928,-9.464994043476928,-9.464994043476928
5ef845f3d4d69ba0,train,PD,Void,Field PD,Field,20231011,-7.630512979107145,-7.630512979107145,-7.630512979107145,-7.630512979107145,-7.630512979107145
ad79e4f04b42eebe,train,PD,Void,Field PD,Field,20231011,-7.078556773579386,-7.078556773579386,-7.078556773579386,-7.078556773579386,-7.078556773579386
ca27b4aea180f620,train,PD,Void,Field PD,Field,20231011,-6.522542071968452,-6.522542071968452,-6.522542071968452,-6.522542071968452,-6.522542071968452
348f558d0b706c33,train,PD,Void,Field PD,Field,20231011,7.004296569485987,7.004296569485987,7.004296569485987,7.004296569485987,7.004296569485987
ce1884ad3f527f18,train,PD,Void,Field PD,Field,20231011,7.184266096323981,7.184266096323981,7.184266096323981,7.184266096323981,7.184266096323981
fd633c10c4194e51,train,PD,Void,Field PD,Field,20231012,-0.5425085275738084,-0.5425085275738084,-0.5425085275738084,-0.5425085275738084,-0.5425085275738084
fe4dfe8a08673d73,train,PD,Void,Field PD,Field,20231012,-7.782180130851479,-7.782180130851479,-7.782180130851479,-7.782180130851479,-7.782180130851479
9b1b97e0c8d0811f,train,PD,Void,Field PD,Field,20231012,-3.1928180500083414,-3.1928180500083414,-3.1928180500083414,-3.1928180500083414,-3.1928180500083414
ec25c557e6a27730,train,PD,Void,Field PD,Field,20231012,-1.454275076092685,-1.454275076092685,-1.454275076092685,-1.454275076092685,-1.454275076092685
b87363bceaecad4f,train,PD,Void,Field PD,Field,20231012,-0.679471062748064,-0.679471062748064,-0.679471062748064,-0.679471062748064,-0.679471062748064
31ebe78086756fd2,train,PD,Void,Field PD,Field,20231012,-0.44288958836636994,-0.44288958836636994,-0.44288958836636994,-0.44288958836636994,-0.44288958836636994
62690b96298f41e2,train,PD,Void,Field PD,Field,20231012,1.7843121306766392,1.7843121306766392,1.7843121306766392,1.7843121306766392,1.7843121306766392
c5a5b29088363718,train,PD,Void,Field PD,Field,20231012,-1.4201698881682283,-1.4201698881682283,-1.4201698881682283,-1.4201698881682283,-1.4201698881682283
e118bc201050a430,train,PD,Void,Field PD,Field,20231012,-2.1616434501026376,-2.1616434501026376,-2.1616434501026376,-2.1616434501026376,-2.1616434501026376
4578ae824347473c,train,PD,Void,Field PD,Field,20231012,0.07112136373495304,0.07112136373495304,0.07112136373495304,0.07112136373495304,0.07112136373495304
0ec2a8528df37d34,train,PD,Void,Field PD,Field,20231012,0.5891093063774946,0.5891093063774946,0.5891093063774946,0.5891093063774946,0.5891093063774946
b742d3b3cc37a3c9,train,PD,Void,Field PD,Field,20231012,-3.6207654898440467,-3.6207654898440467,-3.6207654898440467,-3.6207654898440467,-3.6207654898440467
f480f3f5bb808f66,train,PD,Void,Field PD,Field,20231012,-5.467747371296902,-5.467747371296902,-5.467747371296902,-5.467747371296902,-5.467747371296902
24b87f5f86254d59,train,PD,Void,Field PD,Field,20231012,-2.319277510554919,-2.319277510554919,-2.319277510554919,-2.319277510554919,-2.319277510554919
9439caeb1d632dbb,train,PD,Void,Field PD,Field,20231012,-2.993562977359261,-2.993562977359261,-2.993562977359261,-2.993562977359261,-2.993562977359261
39b07f6589673f75,test,PD,Void,Field PD,Field,20220427,2.601665813257185,2.601665813257185,2.601665813257185,2.601665813257185,2.601665813257185
cddb1008dbe133e4,test,PD,Void,Field PD,Field,20220427,2.5328379291881777,2.5328379291881777,2.5328379291881777,2.5328379291881777,2.5328379291881777
4dac615858e8348b,val,PD,Void,Field PD,Field,20220226,4.060177977223191,4.060177977223191,4.060177977223191,4.060177977223191,4.060177977223191
ee59ee1c5663de20,test,PD,Void,Field PD,Field,20220427,0.703838961745225,0.703838961745225,0.703838961745225,0.703838961745225,0.703838961745225
13c1077fa4596fd2,test,PD,Void,Field PD,Field,20220427,0.2729870184374956,0.2729870184374956,0.2729870184374956,0.2729870184374956,0.2729870184374956
710ffd2d4f8a99d3,test,PD,Void,Field PD,Field,20220427,1.907835139765191,1.907835139765191,1.907835139765191,1.907835139765191,1.907835139765191
06beecf737098cfe,val,PD,Void,Field PD,Field,20220226,-1.741370252370615,-1.741370252370615,-1.741370252370615,-1.741370252370615,-1.741370252370615
4887abdd51d29d30,test,PD,Void,Field PD,Field,20220427,1.7002049246957682,1.7002049246957682,1.7002049246957682,1.7002049246957682,1.7002049246957682
37c3891d862b2ba4,test,PD,Void,Field PD,Field,20220427,1.0408980349825487,1.0408980349825487,1.0408980349825487,1.0408980349825487,1.0408980349825487
037f56d1bca43e38,test,PD,Void,Field PD,Field,20220427,1.2624324156526008,1.2624324156526008,1.2624324156526008,1.2624324156526008,1.2624324156526008
5377bde8fd533872,test,PD,Void,Field PD,Field,20220427,0.9343933223128804,0.9343933223128804,0.9343933223128804,0.9343933223128804,0.9343933223128804
ad7937a06edb7415,test,PD,Void,Field PD,Field,20220427,-0.02329248061736866,-0.02329248061736866,-0.02329248061736866,-0.02329248061736866,-0.02329248061736866
2fa550bc18238a5e,test,PD,Void,Field PD,Field,20220427,0.7123257541401884,0.7123257541401884,0.7123257541401884,0.7123257541401884,0.7123257541401884
fe7404bf7e5c08ef,test,PD,Void,Field PD,Field,20220427,0.10790674460825667,0.10790674460825667,0.10790674460825667,0.10790674460825667,0.10790674460825667
39f25e73161ae770,test,PD,Void,Field PD,Field,20220427,-0.2858336046722725,-0.2858336046722725,-0.2858336046722725,-0.2858336046722725,-0.2858336046722725
40d1f9a8a0a99d15,test,PD,Void,Field PD,Field,20220427,0.2239912671964932,0.2239912671964932,0.2239912671964932,0.2239912671964932,0.2239912671964932
8d2a5a2d98a1ee08,test,PD,Void,Field PD,Field,20220506,3.7122528287561813,3.7122528287561813,3.7122528287561813,3.7122528287561813,3.7122528287561813
16c35fda6602cfb7,test,PD,Void,Field PD,Field,20220506,3.5959148591150107,3.5959148591150107,3.5959148591150107,3.5959148591150107,3.5959148591150107
067f7f855f8da133,test,PD,Void,Field PD,Field,20220506,2.271501161050214,2.271501161050214,2.271501161050214,2.271501161050214,2.271501161050214
c5f3521579af0b8d,train,PD,Void,Field PD,Field,20220715,9.17397988841842,9.17397988841842,9.17397988841842,9.17397988841842,9.17397988841842
563ffc5cfac0ac47,train,PD,Void,Field PD,Field,20220715,9.402620086003926,9.402620086003926,9.402620086003926,9.402620086003926,9.402620086003926
58bf95c192f7c5ab,train,PD,Void,Field PD,Field,20220715,9.34795944980163,9.34795944980163,9.34795944980163,9.34795944980163,9.34795944980163
d42575f324c51db8,train,PD,Void,Field PD,Field,20220715,7.384583473861554,7.384583473861554,7.384583473861554,7.384583473861554,7.384583473861554
e72d3756221a6c8c,train,PD,Void,Field PD,Field,20220715,4.7714104506685135,4.7714104506685135,4.7714104506685135,4.7714104506685135,4.7714104506685135
c052404844698234,train,PD,Void,Field PD,Field,20220715,4.791590650624334,4.791590650624334,4.791590650624334,4.791590650624334,4.791590650624334
4b98a72cb6a2b090,val,PD,Void,Field PD,Field,20220226,0.5269275824331601,0.5269275824331601,0.5269275824331601,0.5269275824331601,0.5269275824331601
ee3bcc1bd65ca546,train,PD,Void,Field PD,Field,20220715,4.973366266828828,4.973366266828828,4.973366266828828,4.973366266828828,4.973366266828828
0e16e7df1f1be307,train,PD,Void,Field PD,Field,20220715,3.67405321846498,3.67405321846498,3.67405321846498,3.67405321846498,3.67405321846498
247c5174665313d7,val,PD,Void,Field PD,Field,20220226,-0.8781641678426695,-0.8781641678426695,-0.8781641678426695,-0.8781641678426695,-0.8781641678426695
fdea3dde3a0c993a,val,PD,Void,Field PD,Field,20220226,-3.5095668571068757,-3.5095668571068757,-3.5095668571068757,-3.5095668571068757,-3.5095668571068757
2491b7a9b3b56e96,val,PD,Void,Field PD,Field,20220226,-0.14208671650364835,-0.14208671650364835,-0.14208671650364835,-0.14208671650364835,-0.14208671650364835
579374c5fc347bed,val,PD,Void,Field PD,Field,20220226,-0.159198065830239,-0.159198065830239,-0.159198065830239,-0.159198065830239,-0.159198065830239
675bea631a5074c4,val,PD,Void,Field PD,Field,20220226,-3.615901866651342,-3.615901866651342,-3.615901866651342,-3.615901866651342,-3.615901866651342
e6ccd4ca33fed746,val,PD,Void,Field PD,Field,20220226,-1.9833479400699332,-1.9833479400699332,-1.9833479400699332,-1.9833479400699332,-1.9833479400699332
42840d827af11902,val,PD,Void,Field PD,Field,20220226,2.74979003187444,2.74979003187444,2.74979003187444,2.74979003187444,2.74979003187444
967cb5b3b0afb73a,train,PD,Void,Field PD,Field,unknown_date,5.272784659472919,5.272784659472919,5.272784659472919,5.272784659472919,5.272784659472919
a571a0b69a1b8a58,test,PD,Void,Field PD,Field,20210221,2.9243849866744114,2.9243849866744114,2.9243849866744114,2.9243849866744114,2.9243849866744114
2ebbb7790d6719fb,val,PD,Void,Field PD,Field,20210604,-12.514695288092398,-12.514695288092398,-12.514695288092398,-12.514695288092398,-12.514695288092398
2f7ac09fd69dffdd,test,PD,Void,Field PD,Field,20210605,-8.871134925796468,-8.871134925796468,-8.871134925796468,-8.871134925796468,-8.871134925796468
9b9ef6266643077a,test,PD,Void,Field PD,Field,20210605,-9.387064975127672,-9.387064975127672,-9.387064975127672,-9.387064975127672,-9.387064975127672
2a633c9a0158d5fc,test,PD,Void,Field PD,Field,20210605,-8.610692014226856,-8.610692014226856,-8.610692014226856,-8.610692014226856,-8.610692014226856
43b245550a9410d4,test,PD,Void,Field PD,Field,20210605,-10.034799099954967,-10.034799099954967,-10.034799099954967,-10.034799099954967,-10.034799099954967
21ad5d1589f0c279,test,PD,Void,Field PD,Field,20210605,-9.956751589742765,-9.956751589742765,-9.956751589742765,-9.956751589742765,-9.956751589742765
54384379676245aa,test,PD,Void,Field PD,Field,20210605,-10.831883762990316,-10.831883762990316,-10.831883762990316,-10.831883762990316,-10.831883762990316
42e927a2b2ce40e8,val,PD,Void,Field PD,Field,20220226,-1.9517875405945802,-1.9517875405945802,-1.9517875405945802,-1.9517875405945802,-1.9517875405945802
2c7837f4706c2176,val,PD,Void,Field PD,Field,20220226,4.874116110258342,4.874116110258342,4.874116110258342,4.874116110258342,4.874116110258342
09abe9f494c606f9,val,PD,Void,Field PD,Field,20220226,3.5808357169077567,3.5808357169077567,3.5808357169077567,3.5808357169077567,3.5808357169077567
f4befa76d1f20eb0,val,PD,Void,Field PD,Field,20220226,-2.0847355544358948,-2.0847355544358948,-2.0847355544358948,-2.0847355544358948,-2.0847355544358948
2782f7401c6baf8d,val,PD,Void,Field PD,Field,20220226,0.7355303235584358,0.7355303235584358,0.7355303235584358,0.7355303235584358,0.7355303235584358
46f1d1c7e24eec74,val,PD,Void,Field PD,Field,20220226,4.322681009199556,4.322681009199556,4.322681009199556,4.322681009199556,4.322681009199556
9c7e0aeb0dbb858f,val,PD,Void,Field PD,Field,20220226,2.910385944796957,2.910385944796957,2.910385944796957,2.910385944796957,2.910385944796957
dcb3b492f2e39bbe,val,PD,Void,Field PD,Field,20220226,-0.6856036398286562,-0.6856036398286562,-0.6856036398286562,-0.6856036398286562,-0.6856036398286562
51adb0bcef267cc4,val,PD,Void,Field PD,Field,20220226,-0.40418329572952416,-0.40418329572952416,-0.40418329572952416,-0.40418329572952416,-0.40418329572952416
84c75c8b387f8c94,val,PD,Void,Field PD,Field,20220226,-2.6861514326574536,-2.6861514326574536,-2.6861514326574536,-2.6861514326574536,-2.6861514326574536
d37e9a5a7ed7b92d,val,PD,Void,Field PD,Field,20220226,3.517055122463944,3.517055122463944,3.517055122463944,3.517055122463944,3.517055122463944
b2ee4fb11be73a61,val,PD,Void,Field PD,Field,20220226,4.4809479267728705,4.4809479267728705,4.4809479267728705,4.4809479267728705,4.4809479267728705
6f3dbb5b624eaf3f,val,PD,Void,Field PD,Field,20220226,0.08327655042998572,0.08327655042998572,0.08327655042998572,0.08327655042998572,0.08327655042998572
85605dbf5a0b47a5,val,PD,Void,Field PD,Field,20220226,2.6384618335427774,2.6384618335427774,2.6384618335427774,2.6384618335427774,2.6384618335427774
1e1b2d071b080497,val,PD,Void,Field PD,Field,20220226,6.980077814829372,6.980077814829372,6.980077814829372,6.980077814829372,6.980077814829372
b1300678d2b572df,val,PD,Void,Field PD,Field,20220226,-0.7842081091849735,-0.7842081091849735,-0.7842081091849735,-0.7842081091849735,-0.7842081091849735
11afe6c61a14d980,val,PD,Void,Field PD,Field,20220226,0.11040959136398953,0.11040959136398953,0.11040959136398953,0.11040959136398953,0.11040959136398953
875a62d95bd5e1f9,val,PD,Void,Field PD,Field,20220226,-2.536184005785003,-2.536184005785003,-2.536184005785003,-2.536184005785003,-2.536184005785003
968f8966748ff9ee,val,PD,Void,Field PD,Field,20220226,-1.89080362977856,-1.89080362977856,-1.89080362977856,-1.89080362977856,-1.89080362977856
727bef28cde5c05d,val,PD,Void,Field PD,Field,20220226,-2.8421548017763314,-2.8421548017763314,-2.8421548017763314,-2.8421548017763314,-2.8421548017763314
85e77b4bee113997,val,PD,Void,Field PD,Field,20220226,-0.8862706863450285,-0.8862706863450285,-0.8862706863450285,-0.8862706863450285,-0.8862706863450285
adad4d861a993daf,val,PD,Void,Field PD,Field,20220226,3.874273396743604,3.874273396743604,3.874273396743604,3.874273396743604,3.874273396743604
a8ddc3f07a552064,val,PD,Void,Field PD,Field,20220226,0.8798761032336984,0.8798761032336984,0.8798761032336984,0.8798761032336984,0.8798761032336984
6c08443ad8be20ca,val,PD,Void,Field PD,Field,20220226,4.468442698903658,4.468442698903658,4.468442698903658,4.468442698903658,4.468442698903658
62c6c7f7062560c2,val,PD,Void,Field PD,Field,20220226,-0.14208793510260875,-0.14208793510260875,-0.14208793510260875,-0.14208793510260875,-0.14208793510260875
da77eb8c7b51c94f,val,PD,Void,Field PD,Field,20220226,0.47713220692187974,0.47713220692187974,0.47713220692187974,0.47713220692187974,0.47713220692187974
ba2d684d114ff635,val,PD,Void,Field PD,Field,20220226,-1.9943939103054618,-1.9943939103054618,-1.9943939103054618,-1.9943939103054618,-1.9943939103054618
d11a683f813cfd1e,train,PD,Void,Field PD,Field,unknown_date,3.5516360849634765,3.5516360849634765,3.5516360849634765,3.5516360849634765,3.5516360849634765
5ea4e84e17f6f670,train,PD,Void,Field PD,Field,unknown_date,4.645055077416799,4.645055077416799,4.645055077416799,4.645055077416799,4.645055077416799
3c76b557024bb3c1,train,PD,Void,Field PD,Field,unknown_date,7.886136704755458,7.886136704755458,7.886136704755458,7.886136704755458,7.886136704755458
af83091f3e5820f7,train,PD,Void,Field PD,Field,unknown_date,8.09153343893928,8.09153343893928,8.09153343893928,8.09153343893928,8.09153343893928
5e206df500d5ea45,train,PD,Void,Field PD,Field,unknown_date,1.112062251106991,1.112062251106991,1.112062251106991,1.112062251106991,1.112062251106991
6e90c5ea939d219b,train,PD,Void,Field PD,Field,unknown_date,2.332251437093234,2.332251437093234,2.332251437093234,2.332251437093234,2.332251437093234
c33b1898f337f93a,train,PD,Void,Field PD,Field,unknown_date,0.15957678527048813,0.15957678527048813,0.15957678527048813,0.15957678527048813,0.15957678527048813
403cd76ebd39b6ce,train,PD,Void,Field PD,Field,unknown_date,1.8472079281376637,1.8472079281376637,1.8472079281376637,1.8472079281376637,1.8472079281376637
d98a94d1ca40894e,train,PD,Void,Field PD,Field,unknown_date,1.5675226618847375,1.5675226618847375,1.5675226618847375,1.5675226618847375,1.5675226618847375
1b677bd6ee23c382,train,PD,Void,Field PD,Field,unknown_date,2.456875182648673,2.456875182648673,2.456875182648673,2.456875182648673,2.456875182648673
c3e3ed21799b9524,train,PD,Void,Field PD,Field,unknown_date,0.5017434522352744,0.5017434522352744,0.5017434522352744,0.5017434522352744,0.5017434522352744
8e74aa21704857cc,train,PD,Void,Field PD,Field,unknown_date,0.1425304615328855,0.1425304615328855,0.1425304615328855,0.1425304615328855,0.1425304615328855
76bb5f7e8b52fb13,train,PD,Void,Field PD,Field,unknown_date,0.2750896240825256,0.2750896240825256,0.2750896240825256,0.2750896240825256,0.2750896240825256
51370a633d965282,train,PD,Void,Field PD,Field,unknown_date,1.111371523113121,1.111371523113121,1.111371523113121,1.111371523113121,1.111371523113121
944268a748742019,train,PD,Void,Field PD,Field,unknown_date,1.1242163607347493,1.1242163607347493,1.1242163607347493,1.1242163607347493,1.1242163607347493
6d4baf1dbe41f199,train,PD,Void,Field PD,Field,unknown_date,0.16759325052359486,0.16759325052359486,0.16759325052359486,0.16759325052359486,0.16759325052359486
0382cce67366ef2c,train,PD,Void,Field PD,Field,unknown_date,1.4961817656586192,1.4961817656586192,1.4961817656586192,1.4961817656586192,1.4961817656586192
be4a9fb1fc20bbde,train,PD,Void,Field PD,Field,unknown_date,1.2601207467781848,1.2601207467781848,1.2601207467781848,1.2601207467781848,1.2601207467781848
033ab11f6d7648a7,train,PD,Void,Field PD,Field,unknown_date,1.5480335044092328,1.5480335044092328,1.5480335044092328,1.5480335044092328,1.5480335044092328
80d428f3f1d26a09,train,PD,Void,Field PD,Field,unknown_date,1.5381999829594406,1.5381999829594406,1.5381999829594406,1.5381999829594406,1.5381999829594406
66245ccd58b40c92,train,PD,Void,Field PD,Field,unknown_date,0.9501102442121407,0.9501102442121407,0.9501102442121407,0.9501102442121407,0.9501102442121407
714ef4a3948ada17,train,PD,Void,Field PD,Field,unknown_date,0.45726073819631097,0.45726073819631097,0.45726073819631097,0.45726073819631097,0.45726073819631097
15e590f1775e3dd1,train,PD,Void,Field PD,Field,unknown_date,2.5525158344921124,2.5525158344921124,2.5525158344921124,2.5525158344921124,2.5525158344921124
fd98e06b511e8b13,train,PD,Void,Field PD,Field,unknown_date,1.2215718868284284,1.2215718868284284,1.2215718868284284,1.2215718868284284,1.2215718868284284
3f440b5953c05c77,train,PD,Void,Field PD,Field,unknown_date,-4.467161924914905,-4.467161924914905,-4.467161924914905,-4.467161924914905,-4.467161924914905
c719295c3d4eb83b,train,PD,Void,Field PD,Field,unknown_date,-0.29558121943534843,-0.29558121943534843,-0.29558121943534843,-0.29558121943534843,-0.29558121943534843
2c8b1638daad092e,train,PD,Void,Field PD,Field,unknown_date,-3.594018242353826,-3.594018242353826,-3.594018242353826,-3.594018242353826,-3.594018242353826
208ba238e479fb10,train,PD,Void,Field PD,Field,unknown_date,-0.38787685151199014,-0.38787685151199014,-0.38787685151199014,-0.38787685151199014,-0.38787685151199014
8ec2298ceb4d9609,train,PD,Void,Field PD,Field,unknown_date,-0.9178460402374355,-0.9178460402374355,-0.9178460402374355,-0.9178460402374355,-0.9178460402374355
8a1639fd00feb062,train,PD,Void,Field PD,Field,unknown_date,-0.08472615752249624,-0.08472615752249624,-0.08472615752249624,-0.08472615752249624,-0.08472615752249624
5c8601d34b62c276,train,PD,Void,Field PD,Field,unknown_date,1.532294291369226,1.532294291369226,1.532294291369226,1.532294291369226,1.532294291369226
fd86697d676bf1b3,train,PD,Void,Field PD,Field,unknown_date,-9.351871490759095,-9.351871490759095,-9.351871490759095,-9.351871490759095,-9.351871490759095
d639a63649cb2e42,train,PD,Void,Field PD,Field,unknown_date,-8.791677818393097,-8.791677818393097,-8.791677818393097,-8.791677818393097,-8.791677818393097
ddecf77babbd56ce,train,PD,Void,Field PD,Field,unknown_date,-6.988683771601416,-6.988683771601416,-6.988683771601416,-6.988683771601416,-6.988683771601416
e0d41d4cd6d966dd,train,PD,Void,Field PD,Field,unknown_date,-7.2868528746558425,-7.2868528746558425,-7.2868528746558425,-7.2868528746558425,-7.2868528746558425
2aa0b3ac000b9416,train,PD,Void,Field PD,Field,unknown_date,-6.037077922824807,-6.037077922824807,-6.037077922824807,-6.037077922824807,-6.037077922824807
71bebb37c642fbc1,train,PD,Void,Field PD,Field,unknown_date,-0.08077713969512956,-0.08077713969512956,-0.08077713969512956,-0.08077713969512956,-0.08077713969512956
7f814bb4227f7a0c,train,PD,Void,Field PD,Field,unknown_date,-13.04818211868104,-13.04818211868104,-13.04818211868104,-13.04818211868104,-13.04818211868104
92ac17bfe76d60f2,train,PD,Void,Field PD,Field,unknown_date,-6.4293039361815545,-6.4293039361815545,-6.4293039361815545,-6.4293039361815545,-6.4293039361815545
865d932b3b16532a,train,PD,Void,Field PD,Field,unknown_date,-3.004700028861002,-3.004700028861002,-3.004700028861002,-3.004700028861002,-3.004700028861002
0ed667da1a0290a7,train,PD,Void,Field PD,Field,unknown_date,-2.4789087117507833,-2.4789087117507833,-2.4789087117507833,-2.4789087117507833,-2.4789087117507833
228583faddc81a52,train,PD,Void,Field PD,Field,unknown_date,-2.56338331625512,-2.56338331625512,-2.56338331625512,-2.56338331625512,-2.56338331625512
d0ec3db3898884ad,train,PD,Void,Field PD,Field,unknown_date,-7.011275029075108,-7.011275029075108,-7.011275029075108,-7.011275029075108,-7.011275029075108
43a4a04d6b3e77b8,train,PD,Void,Field PD,Field,unknown_date,-7.827029337761147,-7.827029337761147,-7.827029337761147,-7.827029337761147,-7.827029337761147
b861eb9336941e8f,train,PD,Void,Field PD,Field,unknown_date,-5.428346383964282,-5.428346383964282,-5.428346383964282,-5.428346383964282,-5.428346383964282
e7bde5c8ee9f8086,train,PD,Void,Field PD,Field,unknown_date,-5.446949956765138,-5.446949956765138,-5.446949956765138,-5.446949956765138,-5.446949956765138
3f2ae4888b839387,train,PD,Void,Field PD,Field,unknown_date,-9.378294007291785,-9.378294007291785,-9.378294007291785,-9.378294007291785,-9.378294007291785
4a54ab4738a8167b,train,PD,Void,Field PD,Field,unknown_date,-4.516053956473257,-4.516053956473257,-4.516053956473257,-4.516053956473257,-4.516053956473257
9a2c22837c476587,train,PD,Void,Field PD,Field,unknown_date,-3.9504262226676587,-3.9504262226676587,-3.9504262226676587,-3.9504262226676587,-3.9504262226676587
0a08c43d9d0e7b42,train,PD,Void,Field PD,Field,unknown_date,-5.082092671598787,-5.082092671598787,-5.082092671598787,-5.082092671598787,-5.082092671598787
150243a2ca07352f,train,PD,Void,Field PD,Field,unknown_date,-5.201234687700719,-5.201234687700719,-5.201234687700719,-5.201234687700719,-5.201234687700719
ef12635c28281617,train,PD,Void,Field PD,Field,unknown_date,-3.676336617350195,-3.676336617350195,-3.676336617350195,-3.676336617350195,-3.676336617350195
a7fa831f0160b6ad,train,PD,Void,Field PD,Field,unknown_date,-5.90940261697898,-5.90940261697898,-5.90940261697898,-5.90940261697898,-5.90940261697898
2a68041bcf284758,train,PD,Void,Field PD,Field,unknown_date,-8.136831116635548,-8.136831116635548,-8.136831116635548,-8.136831116635548,-8.136831116635548
79dbde85544b6881,train,PD,Void,Field PD,Field,unknown_date,-8.777149915571016,-8.777149915571016,-8.777149915571016,-8.777149915571016,-8.777149915571016
9d63c63d265541ee,train,PD,Void,Field PD,Field,unknown_date,-9.557763720623178,-9.557763720623178,-9.557763720623178,-9.557763720623178,-9.557763720623178
cff9156ac38db2ce,train,PD,Void,Field PD,Field,unknown_date,-10.028310550376759,-10.028310550376759,-10.028310550376759,-10.028310550376759,-10.028310550376759
96bc18ec46c86f83,train,PD,Void,Field PD,Field,unknown_date,-8.482246007964036,-8.482246007964036,-8.482246007964036,-8.482246007964036,-8.482246007964036
70d04df5befb841c,train,PD,Void,Field PD,Field,unknown_date,-4.6630392330441595,-4.6630392330441595,-4.6630392330441595,-4.6630392330441595,-4.6630392330441595
192db13e8c2cdb6a,train,PD,Void,Field PD,Field,unknown_date,-9.992796204013658,-9.992796204013658,-9.992796204013658,-9.992796204013658,-9.992796204013658
4b3b446199e2eaa6,train,PD,Void,Field PD,Field,unknown_date,-5.64851790251214,-5.64851790251214,-5.64851790251214,-5.64851790251214,-5.64851790251214
1d3383d234d85ed5,train,PD,Void,Field PD,Field,unknown_date,-10.982609050531067,-10.982609050531067,-10.982609050531067,-10.982609050531067,-10.982609050531067
21bf76e93743536e,train,PD,Void,Field PD,Field,unknown_date,-2.96946688168309,-2.96946688168309,-2.96946688168309,-2.96946688168309,-2.96946688168309
11a00e5c28e8c3dc,train,PD,Void,Field PD,Field,unknown_date,2.6919329291372946,2.6919329291372946,2.6919329291372946,2.6919329291372946,2.6919329291372946
9f8ada065e3d1eb3,train,PD,Void,Field PD,Field,unknown_date,-0.5037273666598736,-0.5037273666598736,-0.5037273666598736,-0.5037273666598736,-0.5037273666598736
962ab2fbd2f16d3c,train,PD,Void,Field PD,Field,unknown_date,-1.4056525792922798,-1.4056525792922798,-1.4056525792922798,-1.4056525792922798,-1.4056525792922798
102686eb0cc9a199,train,PD,Void,Field PD,Field,unknown_date,1.2314978752135914,1.2314978752135914,1.2314978752135914,1.2314978752135914,1.2314978752135914
e6093f630503afac,train,PD,Void,Field PD,Field,unknown_date,1.1461853729537381,1.1461853729537381,1.1461853729537381,1.1461853729537381,1.1461853729537381
ea2b0edbeed978f1,train,PD,Void,Field PD,Field,unknown_date,-5.619820652615289,-5.619820652615289,-5.619820652615289,-5.619820652615289,-5.619820652615289
d3762ee1b5ef55ac,train,PD,Void,Field PD,Field,unknown_date,0.8071064974324713,0.8071064974324713,0.8071064974324713,0.8071064974324713,0.8071064974324713
d96700ce832db0dc,train,PD,Void,Field PD,Field,unknown_date,2.1793475022700193,2.1793475022700193,2.1793475022700193,2.1793475022700193,2.1793475022700193
fae5f77e5fdddd5f,train,PD,Void,Field PD,Field,unknown_date,-10.353532590833296,-10.353532590833296,-10.353532590833296,-10.353532590833296,-10.353532590833296
34824892fccfa8a4,train,PD,Void,Field PD,Field,unknown_date,-2.3685833006770594,-2.3685833006770594,-2.3685833006770594,-2.3685833006770594,-2.3685833006770594
2668ec81d3e15523,train,PD,Void,Field PD,Field,unknown_date,-1.411697720042838,-1.411697720042838,-1.411697720042838,-1.411697720042838,-1.411697720042838
2ea9d13832fcbac0,train,PD,Void,Field PD,Field,unknown_date,-10.373230946784993,-10.373230946784993,-10.373230946784993,-10.373230946784993,-10.373230946784993
6cacb59a3fa8adb9,train,PD,Void,Field PD,Field,unknown_date,-7.832755409390458,-7.832755409390458,-7.832755409390458,-7.832755409390458,-7.832755409390458
2f4e9d39fea452f8,train,PD,Void,Field PD,Field,unknown_date,-1.3349549208742815,-1.3349549208742815,-1.3349549208742815,-1.3349549208742815,-1.3349549208742815
5ae38b07111ae995,test,PD,Void,Field PD,Field,20230930,2.750647235776686,2.750647235776686,2.750647235776686,2.750647235776686,2.750647235776686
f7897c678ed714e4,test,PD,Void,Field PD,Field,20230930,2.999634700393198,2.999634700393198,2.999634700393198,2.999634700393198,2.999634700393198
8f148e9c5b2b2234,test,PD,Void,Field PD,Field,20230930,2.749949254177917,2.749949254177917,2.749949254177917,2.749949254177917,2.749949254177917
4e235266804b0122,test,PD,Void,Field PD,Field,20230930,3.0065666131776823,3.0065666131776823,3.0065666131776823,3.0065666131776823,3.0065666131776823
dd067f8c6f2c7e69,test,PD,Void,Field PD,Field,20230930,3.433746302469334,3.433746302469334,3.433746302469334,3.433746302469334,3.433746302469334
21008b2081f01c87,test,PD,Void,Field PD,Field,20230930,2.320739216055152,2.320739216055152,2.320739216055152,2.320739216055152,2.320739216055152
13867283b37292d3,test,PD,Void,Field PD,Field,20230930,3.788100412364848,3.788100412364848,3.788100412364848,3.788100412364848,3.788100412364848
15aedeff93d9a733,test,PD,Void,Field PD,Field,20230930,4.1608822645070855,4.1608822645070855,4.1608822645070855,4.1608822645070855,4.1608822645070855
394729747bed9865,test,PD,Void,Field PD,Field,20231002,4.040415227076558,4.040415227076558,4.040415227076558,4.040415227076558,4.040415227076558
783e4af2e966d6dc,test,PD,Void,Field PD,Field,20231002,3.8461062486882582,3.8461062486882582,3.8461062486882582,3.8461062486882582,3.8461062486882582
41bd15367f00bc95,val,PD,Void,Field PD,Field,20231005,3.923905857818694,3.923905857818694,3.923905857818694,3.923905857818694,3.923905857818694
2d1a84fc1cfd4bed,val,PD,Void,Field PD,Field,20231005,3.7671185584164597,3.7671185584164597,3.7671185584164597,3.7671185584164597,3.7671185584164597
23ecd44987d18264,val,PD,Void,Field PD,Field,20231006,3.941714498816692,3.941714498816692,3.941714498816692,3.941714498816692,3.941714498816692
79490986300a7ad4,val,PD,Void,Field PD,Field,20231006,3.7050821055668397,3.7050821055668397,3.7050821055668397,3.7050821055668397,3.7050821055668397
6b2457394066ed66,val,PD,Void,Field PD,Field,20231006,3.981522740307753,3.981522740307753,3.981522740307753,3.981522740307753,3.981522740307753
e2b498bb19e1712e,test,PD,Void,Field PD,Field,20231007,3.940542686790373,3.940542686790373,3.940542686790373,3.940542686790373,3.940542686790373
93685eec067fba8f,test,PD,Void,Field PD,Field,20231007,4.288319801138423,4.288319801138423,4.288319801138423,4.288319801138423,4.288319801138423
a9baa9397d8831f3,test,PD,Void,Field PD,Field,20231007,4.468217368487535,4.468217368487535,4.468217368487535,4.468217368487535,4.468217368487535
cd89e86ab90f34f4,test,PD,Void,Field PD,Field,20231007,4.477112438747216,4.477112438747216,4.477112438747216,4.477112438747216,4.477112438747216
6ac6c760a22b2a15,test,PD,Void,Field PD,Field,20231007,5.133361634443302,5.133361634443302,5.133361634443302,5.133361634443302,5.133361634443302
1a291312b6136adb,test,PD,Void,Field PD,Field,20231007,4.726431309638215,4.726431309638215,4.726431309638215,4.726431309638215,4.726431309638215
9ac254fd1d974a7c,test,PD,Void,Field PD,Field,20231007,5.471606076369174,5.471606076369174,5.471606076369174,5.471606076369174,5.471606076369174
99937e1509f4acf4,test,PD,Void,Field PD,Field,20231007,5.231546297764643,5.231546297764643,5.231546297764643,5.231546297764643,5.231546297764643
eb0aedb0dffbc6f0,test,PD,Void,Field PD,Field,20231007,4.6934583238415275,4.6934583238415275,4.6934583238415275,4.6934583238415275,4.6934583238415275
4ead9a81ad5b37f2,train,PD,Void,Field PD,Field,20231011,5.071856259585298,5.071856259585298,5.071856259585298,5.071856259585298,5.071856259585298
82f3fd66221f109e,train,PD,Void,Field PD,Field,20231011,4.764318353490186,4.764318353490186,4.764318353490186,4.764318353490186,4.764318353490186
6a6c58179580f64c,train,PD,Void,Field PD,Field,20231011,5.272433573779535,5.272433573779535,5.272433573779535,5.272433573779535,5.272433573779535
3870703b4979ab20,train,PD,Void,Field PD,Field,20231011,5.3834388344912245,5.3834388344912245,5.3834388344912245,5.3834388344912245,5.3834388344912245
f3ff9a339b088c99,train,PD,Void,Field PD,Field,20231011,5.1052421644122585,5.1052421644122585,5.1052421644122585,5.1052421644122585,5.1052421644122585
80a5d95ff5236a11,train,PD,Void,Field PD,Field,20231011,5.1708267356750355,5.1708267356750355,5.1708267356750355,5.1708267356750355,5.1708267356750355
866d9c8ec5bd18e2,train,PD,Void,Field PD,Field,20231011,4.807194162971443,4.807194162971443,4.807194162971443,4.807194162971443,4.807194162971443
deabae23813099d4,train,PD,Void,Field PD,Field,20231011,4.643683489733773,4.643683489733773,4.643683489733773,4.643683489733773,4.643683489733773
4ff1bcc0b36802b6,test,PD,Void,Field PD,Field,20231107,6.835923315692915,6.835923315692915,6.835923315692915,6.835923315692915,6.835923315692915
947555dfda46ab33,test,PD,Void,Field PD,Field,20231107,6.340140972951698,6.340140972951698,6.340140972951698,6.340140972951698,6.340140972951698
edb27a4f20eb66e5,train,PD,Void,Field PD,Field,20231122,5.1527978135639625,5.1527978135639625,5.1527978135639625,5.1527978135639625,5.1527978135639625
51abd75ad11b235a,train,PD,Void,Field PD,Field,20231122,5.119317094103234,5.119317094103234,5.119317094103234,5.119317094103234,5.119317094103234
85982d1c1de01fe5,train,PD,Void,Field PD,Field,20231122,4.871224947664125,4.871224947664125,4.871224947664125,4.871224947664125,4.871224947664125
f060c705461fd302,train,PD,Void,Field PD,Field,20231122,4.858862623316689,4.858862623316689,4.858862623316689,4.858862623316689,4.858862623316689
118ebda7254c5d97,train,PD,Void,Field PD,Field,20231122,5.110728180905543,5.110728180905543,5.110728180905543,5.110728180905543,5.110728180905543
a387cddf5121a6f3,train,PD,Void,Field PD,Field,20231122,4.644427484199973,4.644427484199973,4.644427484199973,4.644427484199973,4.644427484199973
1bfc8547be5a544c,train,PD,Void,Field PD,Field,20231122,5.115271648661016,5.115271648661016,5.115271648661016,5.115271648661016,5.115271648661016
1113be4062fed4fb,train,PD,Void,Field PD,Field,20231122,5.055123175025498,5.055123175025498,5.055123175025498,5.055123175025498,5.055123175025498
dd3d530da9ea36ed,train,PD,Void,Field PD,Field,20231122,4.708619488194225,4.708619488194225,4.708619488194225,4.708619488194225,4.708619488194225
e6f23dff4e0fd2a2,train,PD,Void,Field PD,Field,20231122,5.169031151575345,5.169031151575345,5.169031151575345,5.169031151575345,5.169031151575345
644eccbfa4ed335b,train,PD,Void,Field PD,Field,20231122,4.949626598935847,4.949626598935847,4.949626598935847,4.949626598935847,4.949626598935847
b76f3dcf6aee47a3,train,PD,Void,Field PD,Field,20231122,5.430683795122677,5.430683795122677,5.430683795122677,5.430683795122677,5.430683795122677
cd44ebca63e48b87,train,PD,Void,Field PD,Field,20231122,5.126210063645718,5.126210063645718,5.126210063645718,5.126210063645718,5.126210063645718
a239c83bfe09c410,train,PD,Void,Field PD,Field,20231122,4.689779369833145,4.689779369833145,4.689779369833145,4.689779369833145,4.689779369833145
ac6e4c1f731915d5,train,PD,Void,Field PD,Field,20231122,4.999426470079571,4.999426470079571,4.999426470079571,4.999426470079571,4.999426470079571
44cff9eb8a85a238,train,PD,Void,Field PD,Field,20231122,5.019201726480109,5.019201726480109,5.019201726480109,5.019201726480109,5.019201726480109
f5a376394ea47801,train,PD,Void,Field PD,Field,20231122,5.283121612605662,5.283121612605662,5.283121612605662,5.283121612605662,5.283121612605662
c428cafb8cb77cfa,train,PD,Void,Field PD,Field,20231122,4.792056454982985,4.792056454982985,4.792056454982985,4.792056454982985,4.792056454982985
13431e62f730bffe,train,PD,Void,Field PD,Field,20231122,5.120492312522417,5.120492312522417,5.120492312522417,5.120492312522417,5.120492312522417
6c937cffd188cc1f,train,PD,Void,Field PD,Field,20231122,5.401394083723535,5.401394083723535,5.401394083723535,5.401394083723535,5.401394083723535
ac5980075f643955,val,PD,Void,Field PD,Field,20240307,18.55909368078767,18.55909368078767,18.55909368078767,18.55909368078767,18.55909368078767
bde67b70d7d73952,val,PD,Void,Field PD,Field,20240307,15.34615922234326,15.34615922234326,15.34615922234326,15.34615922234326,15.34615922234326
708a5073f1590ede,val,PD,Void,Field PD,Field,20240307,18.531676893627434,18.531676893627434,18.531676893627434,18.531676893627434,18.531676893627434
49afec9a7a62a289,val,PD,Void,Field PD,Field,20240307,16.90228540486629,16.90228540486629,16.90228540486629,16.90228540486629,16.90228540486629
ca08479276caf989,val,PD,Void,Field PD,Field,20240307,15.766543048860768,15.766543048860768,15.766543048860768,15.766543048860768,15.766543048860768
313842cea6171794,val,PD,Void,Field PD,Field,20240307,0.8899585211685235,0.8899585211685235,0.8899585211685235,0.8899585211685235,0.8899585211685235
dcfd93185206c114,val,PD,Void,Field PD,Field,20240308,11.053303905863885,11.053303905863885,11.053303905863885,11.053303905863885,11.053303905863885
d33c3b3d5f009285,val,PD,Void,Field PD,Field,20240308,11.200406218235628,11.200406218235628,11.200406218235628,11.200406218235628,11.200406218235628
30ebdde0f13e7858,train,Noise,Noise,Lab Noise,Lab,unknown_date,-0.07558013120494733,-0.07558013120494733,-0.07558013120494733,-0.07558013120494733,-0.07558013120494733
579d52e9877751d7,train,Noise,Noise,Lab Noise,Lab,unknown_date,-0.06618827706758879,-0.06618827706758879,-0.06618827706758879,-0.06618827706758879,-0.06618827706758879
7208db96ff6d8722,train,Noise,Noise,Lab Noise,Lab,unknown_date,0.5499577083872627,0.5499577083872627,0.5499577083872627,0.5499577083872627,0.5499577083872627
70a2f9f8df4fd3ea,train,Noise,Noise,Lab Noise,Lab,unknown_date,1.801968422524304,1.801968422524304,1.801968422524304,1.801968422524304,1.801968422524304
87251036db8864f4,train,Noise,Noise,Lab Noise,Lab,unknown_date,11.021690813113956,11.021690813113956,11.021690813113956,11.021690813113956,11.021690813113956
3e5bdf9c70a98327,train,Noise,Noise,Lab Noise,Lab,unknown_date,-0.6584105765325265,-0.6584105765325265,-0.6584105765325265,-0.6584105765325265,-0.6584105765325265
c062a553c7a41ec9,train,Noise,Noise,Lab Noise,Lab,unknown_date,-0.3668363644440191,-0.3668363644440191,-0.3668363644440191,-0.3668363644440191,-0.3668363644440191
41f18a8daaa3c16b,train,Noise,Noise,Lab Noise,Lab,unknown_date,-0.5381699852668369,-0.5381699852668369,-0.5381699852668369,-0.5381699852668369,-0.5381699852668369
ba3d6dee00c58880,train,Noise,Noise,Lab Noise,Lab,unknown_date,-1.2332291996630032,-1.2332291996630032,-1.2332291996630032,-1.2332291996630032,-1.2332291996630032
9a17f6b0858600b6,train,Noise,Noise,Lab Noise,Lab,unknown_date,-0.5790697609631748,-0.5790697609631748,-0.5790697609631748,-0.5790697609631748,-0.5790697609631748
702c3d23d46c9195,train,Noise,Noise,Lab Noise,Lab,20150723,8.496095956910242,8.496095956910242,8.496095956910242,8.496095956910242,8.496095956910242
9a3cc2591a8a2e2c,train,Noise,Noise,Lab Noise,Lab,20150723,-0.028744992048387985,-0.028744992048387985,-0.028744992048387985,-0.028744992048387985,-0.028744992048387985
5dd7054c6dd9bbe2,train,Noise,Noise,Lab Noise,Lab,20150723,4.372550256723972,4.372550256723972,4.372550256723972,4.372550256723972,4.372550256723972
bb8b690bb0c88035,train,Noise,Noise,Lab Noise,Lab,20150723,4.862438500902813,4.862438500902813,4.862438500902813,4.862438500902813,4.862438500902813
6c0fc2ee6d3c2398,train,Noise,Noise,Lab Noise,Lab,20150724,3.9098078172300923,3.9098078172300923,3.9098078172300923,3.9098078172300923,3.9098078172300923
980778740f04a540,train,Noise,Noise,Lab Noise,Lab,20150724,2.556081346898053,2.556081346898053,2.556081346898053,2.556081346898053,2.556081346898053
f83f91737d315a8f,train,Noise,Noise,Lab Noise,Lab,20150724,1.3888383784754756,1.3888383784754756,1.3888383784754756,1.3888383784754756,1.3888383784754756
6c322b4cf94a36bf,train,Noise,Noise,Lab Noise,Lab,20150724,1.6282865969637736,1.6282865969637736,1.6282865969637736,1.6282865969637736,1.6282865969637736
b92847c17efff3f8,train,Noise,Noise,Lab Noise,Lab,20150724,1.7383787990618393,1.7383787990618393,1.7383787990618393,1.7383787990618393,1.7383787990618393
20ceaecd9694eecb,train,Noise,Noise,Lab Noise,Lab,20150724,1.8163399246766665,1.8163399246766665,1.8163399246766665,1.8163399246766665,1.8163399246766665
cd6e88a4bef5d029,train,Noise,Noise,Lab Noise,Lab,20150724,1.4891304095434603,1.4891304095434603,1.4891304095434603,1.4891304095434603,1.4891304095434603
628c14e417528b81,train,Noise,Noise,Lab Noise,Lab,20150724,1.5677696416415574,1.5677696416415574,1.5677696416415574,1.5677696416415574,1.5677696416415574
c17d07f6247fc1f7,train,Noise,Noise,Lab Noise,Lab,20150724,1.531896102375386,1.531896102375386,1.531896102375386,1.531896102375386,1.531896102375386
e1115fb9eab08571,train,Noise,Noise,Lab Noise,Lab,20150724,1.2147969813178228,1.2147969813178228,1.2147969813178228,1.2147969813178228,1.2147969813178228
73d286ae964d689d,train,Noise,Noise,Lab Noise,Lab,20150724,1.0886221644445606,1.0886221644445606,1.0886221644445606,1.0886221644445606,1.0886221644445606
828caa686b2bc85a,train,Noise,Noise,Lab Noise,Lab,20150724,1.3024886197923555,1.3024886197923555,1.3024886197923555,1.3024886197923555,1.3024886197923555
c9271d329bca3f9e,train,Noise,Noise,Lab Noise,Lab,20150724,1.470006641256974,1.470006641256974,1.470006641256974,1.470006641256974,1.470006641256974
a7c5c51db99f2099,train,Noise,Noise,Lab Noise,Lab,20150724,0.6840406893166238,0.6840406893166238,0.6840406893166238,0.6840406893166238,0.6840406893166238
050f0fc4f5999a1b,train,Noise,Noise,Lab Noise,Lab,20150724,0.1196722627600062,0.1196722627600062,0.1196722627600062,0.1196722627600062,0.1196722627600062
8ecdf354693a60ff,train,Noise,Noise,Lab Noise,Lab,20150724,-0.14951606471593504,-0.14951606471593504,-0.14951606471593504,-0.14951606471593504,-0.14951606471593504
2c5547cb797f4a06,train,Noise,Noise,Lab Noise,Lab,20150724,0.0535525500144054,0.0535525500144054,0.0535525500144054,0.0535525500144054,0.0535525500144054
c72f14f720220524,train,Noise,Noise,Lab Noise,Lab,20150724,-0.14539299007872408,-0.14539299007872408,-0.14539299007872408,-0.14539299007872408,-0.14539299007872408
d953af76941e9126,train,Noise,Noise,Lab Noise,Lab,20150724,0.007687525290168473,0.007687525290168473,0.007687525290168473,0.007687525290168473,0.007687525290168473
05454ec1ded87bd2,train,Noise,Noise,Lab Noise,Lab,20150724,-0.006007942247194364,-0.006007942247194364,-0.006007942247194364,-0.006007942247194364,-0.006007942247194364
720e9c678f087317,train,Noise,Noise,Lab Noise,Lab,20150724,-0.17458134726853203,-0.17458134726853203,-0.17458134726853203,-0.17458134726853203,-0.17458134726853203
504ef493a2a9cea0,train,Noise,Noise,Lab Noise,Lab,20150724,0.131420044275405,0.131420044275405,0.131420044275405,0.131420044275405,0.131420044275405
b1688031254eb7fd,train,Noise,Noise,Lab Noise,Lab,20150724,-0.4038618318363598,-0.4038618318363598,-0.4038618318363598,-0.4038618318363598,-0.4038618318363598
c554f7bfa1fcd844,train,Noise,Noise,Lab Noise,Lab,20150724,-0.3504357042504447,-0.3504357042504447,-0.3504357042504447,-0.3504357042504447,-0.3504357042504447
4416a3dfecab87d7,train,Noise,Noise,Lab Noise,Lab,20150724,-0.45736986692233916,-0.45736986692233916,-0.45736986692233916,-0.45736986692233916,-0.45736986692233916
08c970fab0a8a778,train,Noise,Noise,Lab Noise,Lab,20150724,-0.49069801966929205,-0.49069801966929205,-0.49069801966929205,-0.49069801966929205,-0.49069801966929205
c3843c8bab2fc7ab,train,Noise,Noise,Lab Noise,Lab,20150724,-0.7898293899240247,-0.7898293899240247,-0.7898293899240247,-0.7898293899240247,-0.7898293899240247
a09a9caee8e02e0f,train,Noise,Noise,Lab Noise,Lab,20150724,-0.8030431127248363,-0.8030431127248363,-0.8030431127248363,-0.8030431127248363,-0.8030431127248363
ef479a0392b6b31d,train,Noise,Noise,Lab Noise,Lab,20150724,-0.8575349699994561,-0.8575349699994561,-0.8575349699994561,-0.8575349699994561,-0.8575349699994561
4c8bf85c2176acc1,train,Noise,Noise,Lab Noise,Lab,20150724,-0.8307560859422694,-0.8307560859422694,-0.8307560859422694,-0.8307560859422694,-0.8307560859422694
f2b8bf30772a3c15,train,Noise,Noise,Lab Noise,Lab,20150724,1.213206886954806,1.213206886954806,1.213206886954806,1.213206886954806,1.213206886954806
0e3ef95345288e4f,train,Noise,Noise,Lab Noise,Lab,20150724,3.729261964786124,3.729261964786124,3.729261964786124,3.729261964786124,3.729261964786124
f1feb7a173b2b5cd,train,Noise,Noise,Lab Noise,Lab,20150724,3.6462641100718285,3.6462641100718285,3.6462641100718285,3.6462641100718285,3.6462641100718285
75f193b06b9dc69a,train,Noise,Noise,Lab Noise,Lab,20150724,3.6490082938670767,3.6490082938670767,3.6490082938670767,3.6490082938670767,3.6490082938670767
4d58a2f667099cac,train,Noise,Noise,Lab Noise,Lab,20150724,3.668244169289174,3.668244169289174,3.668244169289174,3.668244169289174,3.668244169289174
4870b5977100b5da,train,Noise,Noise,Lab Noise,Lab,20150724,4.325730476382711,4.325730476382711,4.325730476382711,4.325730476382711,4.325730476382711
cfe23a48a6bdee5b,train,Noise,Noise,Lab Noise,Lab,20150724,3.2161713019742604,3.2161713019742604,3.2161713019742604,3.2161713019742604,3.2161713019742604
d98339ad1fbf8711,train,Noise,Noise,Lab Noise,Lab,20150724,1.971503638208028,1.971503638208028,1.971503638208028,1.971503638208028,1.971503638208028
380612b50af4c39b,train,Noise,Noise,Lab Noise,Lab,20150724,1.5464903397187184,1.5464903397187184,1.5464903397187184,1.5464903397187184,1.5464903397187184
324bc796d7f1c4c5,train,Noise,Noise,Lab Noise,Lab,20150724,0.184422507757656,0.184422507757656,0.184422507757656,0.184422507757656,0.184422507757656
dd3450bb1ce7642e,train,Noise,Noise,Lab Noise,Lab,20150724,-0.160873786264915,-0.160873786264915,-0.160873786264915,-0.160873786264915,-0.160873786264915
995da59129374a44,train,Noise,Noise,Lab Noise,Lab,20150724,3.100701206192944,3.100701206192944,3.100701206192944,3.100701206192944,3.100701206192944
c63047cfd8e5672f,train,Noise,Noise,Lab Noise,Lab,20150724,3.0925184781619564,3.0925184781619564,3.0925184781619564,3.0925184781619564,3.0925184781619564
1854f6a194d4d93f,train,Noise,Noise,Lab Noise,Lab,20150724,1.9963473218769012,1.9963473218769012,1.9963473218769012,1.9963473218769012,1.9963473218769012
e8718f4f074f6e32,train,Noise,Noise,Lab Noise,Lab,20150724,1.6115253098873863,1.6115253098873863,1.6115253098873863,1.6115253098873863,1.6115253098873863
45cbec58025bb0ff,train,Noise,Noise,Lab Noise,Lab,20150724,-0.6361163617042385,-0.6361163617042385,-0.6361163617042385,-0.6361163617042385,-0.6361163617042385
df411709bb0136fd,train,Noise,Noise,Lab Noise,Lab,20150724,-0.9398386788996085,-0.9398386788996085,-0.9398386788996085,-0.9398386788996085,-0.9398386788996085
bbe1d3d7d26cca46,train,Noise,Noise,Lab Noise,Lab,20150724,4.792298395359754,4.792298395359754,4.792298395359754,4.792298395359754,4.792298395359754
ab26fa8ec1eea766,train,Noise,Noise,Lab Noise,Lab,20150724,5.564584955332751,5.564584955332751,5.564584955332751,5.564584955332751,5.564584955332751
0141913eaea5b3cf,train,Noise,Noise,Lab Noise,Lab,20150724,5.512592586080442,5.512592586080442,5.512592586080442,5.512592586080442,5.512592586080442
bd8c7501e20e9984,train,Noise,Noise,Lab Noise,Lab,20150724,4.7343814810525355,4.7343814810525355,4.7343814810525355,4.7343814810525355,4.7343814810525355
3e6cb60e5e4dc3fa,train,Noise,Noise,Lab Noise,Lab,20150724,-1.263642571599668,-1.263642571599668,-1.263642571599668,-1.263642571599668,-1.263642571599668
8c49588a1544bc3f,train,Noise,Noise,Lab Noise,Lab,20150724,10.633887883935586,10.633887883935586,10.633887883935586,10.633887883935586,10.633887883935586
8b09a0a126c65882,train,Noise,Noise,Lab Noise,Lab,20150724,-0.48704957987420094,-0.48704957987420094,-0.48704957987420094,-0.48704957987420094,-0.48704957987420094
5a9651b018abaaed,train,Noise,Noise,Lab Noise,Lab,20150724,-1.2092896966565903,-1.2092896966565903,-1.2092896966565903,-1.2092896966565903,-1.2092896966565903
c1287f085daeae0b,train,Noise,Noise,Lab Noise,Lab,20150724,-0.5384744098799796,-0.5384744098799796,-0.5384744098799796,-0.5384744098799796,-0.5384744098799796
6471616b75aa56ce,train,Noise,Noise,Lab Noise,Lab,20150724,-0.461143131495545,-0.461143131495545,-0.461143131495545,-0.461143131495545,-0.461143131495545
6a79c92b865a8cb0,train,Noise,Noise,Lab Noise,Lab,20150724,-0.7320424793749769,-0.7320424793749769,-0.7320424793749769,-0.7320424793749769,-0.7320424793749769
36e5a40f2ae72e35,train,Noise,Noise,Lab Noise,Lab,20150724,-0.8186884145950115,-0.8186884145950115,-0.8186884145950115,-0.8186884145950115,-0.8186884145950115
bcb57df996d1d9f0,train,Noise,Noise,Lab Noise,Lab,20150724,-0.8684698208278565,-0.8684698208278565,-0.8684698208278565,-0.8684698208278565,-0.8684698208278565
1a654485452c6615,train,Noise,Noise,Lab Noise,Lab,20150724,-0.6529392727410901,-0.6529392727410901,-0.6529392727410901,-0.6529392727410901,-0.6529392727410901
dd4d4707064a954d,train,Noise,Noise,Lab Noise,Lab,20150724,0.07164653906672669,0.07164653906672669,0.07164653906672669,0.07164653906672669,0.07164653906672669
8b2db6e9e5a2492f,train,Noise,Noise,Lab Noise,Lab,20150724,-1.082301939641237,-1.082301939641237,-1.082301939641237,-1.082301939641237,-1.082301939641237
e878c612be5920dc,train,Noise,Noise,Lab Noise,Lab,20150724,-0.5021775550154217,-0.5021775550154217,-0.5021775550154217,-0.5021775550154217,-0.5021775550154217
5e74904db41de1fb,train,Noise,Noise,Lab Noise,Lab,20150724,-1.5583274628048454,-1.5583274628048454,-1.5583274628048454,-1.5583274628048454,-1.5583274628048454
31e87ab1b7c96b15,train,Noise,Noise,Lab Noise,Lab,20151210,0.3002456693931457,0.3002456693931457,0.3002456693931457,0.3002456693931457,0.3002456693931457
30ce99acf67ca5b0,train,Noise,Noise,Lab Noise,Lab,20151210,0.5220723561839868,0.5220723561839868,0.5220723561839868,0.5220723561839868,0.5220723561839868
ee0663a1cd6db404,train,Noise,Noise,Lab Noise,Lab,20151210,1.6698281284335614,1.6698281284335614,1.6698281284335614,1.6698281284335614,1.6698281284335614
86444a3adea5fef0,train,Noise,Noise,Lab Noise,Lab,20151210,2.4586574358567823,2.4586574358567823,2.4586574358567823,2.4586574358567823,2.4586574358567823
67067f414328e7cc,train,Noise,Noise,Lab Noise,Lab,20151224,9.630951052021684,9.630951052021684,9.630951052021684,9.630951052021684,9.630951052021684
65d9febb5beda411,train,Noise,Noise,Lab Noise,Lab,20151224,8.192227023086968,8.192227023086968,8.192227023086968,8.192227023086968,8.192227023086968
9e51a433201e1aa5,train,Noise,Noise,Lab Noise,Lab,20151224,0.0020421714457636853,0.0020421714457636853,0.0020421714457636853,0.0020421714457636853,0.0020421714457636853
6f4bfcbb28b76419,train,Noise,Noise,Lab Noise,Lab,20151224,0.24371589967191198,0.24371589967191198,0.24371589967191198,0.24371589967191198,0.24371589967191198
cfd86d4c1fd911b9,train,Noise,Noise,Lab Noise,Lab,20151224,4.945565843882726,4.945565843882726,4.945565843882726,4.945565843882726,4.945565843882726
df85f85f348595d4,train,Noise,Noise,Lab Noise,Lab,20151224,7.350159933287481,7.350159933287481,7.350159933287481,7.350159933287481,7.350159933287481
77ac3c3a87270c04,train,Noise,Noise,Lab Noise,Lab,20151224,1.7239819951063886,1.7239819951063886,1.7239819951063886,1.7239819951063886,1.7239819951063886
12e31a2ea78d1713,train,Noise,Noise,Lab Noise,Lab,20151224,10.575076111045046,10.575076111045046,10.575076111045046,10.575076111045046,10.575076111045046
98e21d6e50b09e8b,train,Noise,Noise,Lab Noise,Lab,20151224,10.697715736864641,10.697715736864641,10.697715736864641,10.697715736864641,10.697715736864641
b492d8db6d9d43bb,train,Noise,Noise,Lab Noise,Lab,20151224,10.477649614899791,10.477649614899791,10.477649614899791,10.477649614899791,10.477649614899791
640a959eba53bb39,train,Noise,Noise,Lab Noise,Lab,20151224,10.528551748160222,10.528551748160222,10.528551748160222,10.528551748160222,10.528551748160222
bbc3f41c6b96cbf0,train,Noise,Noise,Lab Noise,Lab,20151224,6.610658986493533,6.610658986493533,6.610658986493533,6.610658986493533,6.610658986493533
e2b4eab8ea8e0ee4,train,Noise,Noise,Lab Noise,Lab,20151224,9.747989255860698,9.747989255860698,9.747989255860698,9.747989255860698,9.747989255860698
8e81433988191912,train,Noise,Noise,Lab Noise,Lab,20151224,10.024159701252836,10.024159701252836,10.024159701252836,10.024159701252836,10.024159701252836
e2ea9b277c965b09,train,Noise,Noise,Lab Noise,Lab,20151224,3.317409601569037,3.317409601569037,3.317409601569037,3.317409601569037,3.317409601569037
401c8ff1639a9efe,train,Noise,Noise,Lab Noise,Lab,20151224,9.219394750948403,9.219394750948403,9.219394750948403,9.219394750948403,9.219394750948403
426d948307f0693b,train,Noise,Noise,Lab Noise,Lab,20151224,9.176843160867659,9.176843160867659,9.176843160867659,9.176843160867659,9.176843160867659
d0526b4a8db969bc,train,Noise,Noise,Lab Noise,Lab,20151224,9.677374934998099,9.677374934998099,9.677374934998099,9.677374934998099,9.677374934998099
0a1d17053e6b17f6,train,Noise,Noise,Lab Noise,Lab,20151224,9.27353064581822,9.27353064581822,9.27353064581822,9.27353064581822,9.27353064581822
636c69db932e8f13,train,Noise,Noise,Lab Noise,Lab,20151224,8.741956493988482,8.741956493988482,8.741956493988482,8.741956493988482,8.741956493988482
260df4f2a1a28528,train,Noise,Noise,Lab Noise,Lab,20151224,9.281938495605235,9.281938495605235,9.281938495605235,9.281938495605235,9.281938495605235
9926ef04cf06c802,train,Noise,Noise,Lab Noise,Lab,20151224,3.637272545017683,3.637272545017683,3.637272545017683,3.637272545017683,3.637272545017683
518bd8801cf80e99,train,Noise,Noise,Lab Noise,Lab,20151224,5.601275711745668,5.601275711745668,5.601275711745668,5.601275711745668,5.601275711745668
85f47db08bec6970,train,Noise,Noise,Lab Noise,Lab,20151224,0.4368347958618699,0.4368347958618699,0.4368347958618699,0.4368347958618699,0.4368347958618699
1ac847778ebc5784,train,Noise,Noise,Lab Noise,Lab,20160607,-0.8246602639038869,-0.8246602639038869,-0.8246602639038869,-0.8246602639038869,-0.8246602639038869
299f60d58530a2e3,train,Noise,Noise,Lab Noise,Lab,20160607,-1.2127535376210439,-1.2127535376210439,-1.2127535376210439,-1.2127535376210439,-1.2127535376210439
051c6e9fdc436442,train,Noise,Noise,Lab Noise,Lab,20160607,-1.2901140492788254,-1.2901140492788254,-1.2901140492788254,-1.2901140492788254,-1.2901140492788254
8ce700877caef928,train,Noise,Noise,Lab Noise,Lab,20160607,-0.632428636444125,-0.632428636444125,-0.632428636444125,-0.632428636444125,-0.632428636444125
2992ac2c2353e73d,train,Noise,Noise,Lab Noise,Lab,20160607,-1.0619968815862286,-1.0619968815862286,-1.0619968815862286,-1.0619968815862286,-1.0619968815862286
89a634b509360c2b,train,Noise,Noise,Lab Noise,Lab,20160607,-1.2121011424076649,-1.2121011424076649,-1.2121011424076649,-1.2121011424076649,-1.2121011424076649
d35ca4701da6bb13,train,Noise,Noise,Lab Noise,Lab,20160607,-1.1545959198819276,-1.1545959198819276,-1.1545959198819276,-1.1545959198819276,-1.1545959198819276
bd8e66770087f5de,train,Noise,Noise,Lab Noise,Lab,20160607,-0.862956025063685,-0.862956025063685,-0.862956025063685,-0.862956025063685,-0.862956025063685
6402dfcb6a289a0e,train,Noise,Noise,Lab Noise,Lab,20160607,-1.1027408741816043,-1.1027408741816043,-1.1027408741816043,-1.1027408741816043,-1.1027408741816043
26e72bb7a0adbf02,train,Noise,Noise,Lab Noise,Lab,20160607,-0.7686632316621171,-0.7686632316621171,-0.7686632316621171,-0.7686632316621171,-0.7686632316621171
197aef53671adfab,train,Noise,Noise,Lab Noise,Lab,20160607,-1.0361028977579423,-1.0361028977579423,-1.0361028977579423,-1.0361028977579423,-1.0361028977579423
6bc08c558519a56a,train,Noise,Noise,Lab Noise,Lab,20160607,-0.5691036154744094,-0.5691036154744094,-0.5691036154744094,-0.5691036154744094,-0.5691036154744094
387d56c59ea0b5bb,train,Noise,Noise,Lab Noise,Lab,20160607,-1.1455979673478804,-1.1455979673478804,-1.1455979673478804,-1.1455979673478804,-1.1455979673478804
517cdc0b6eddeec0,train,Noise,Noise,Lab Noise,Lab,20160607,-1.4567382575277392,-1.4567382575277392,-1.4567382575277392,-1.4567382575277392,-1.4567382575277392
eb8b71a609c5143e,train,Noise,Noise,Lab Noise,Lab,20160607,-1.0277775116094983,-1.0277775116094983,-1.0277775116094983,-1.0277775116094983,-1.0277775116094983
29af74cbc5f0cf05,train,Noise,Noise,Lab Noise,Lab,20160607,-1.1013929200462638,-1.1013929200462638,-1.1013929200462638,-1.1013929200462638,-1.1013929200462638
e222d69e096d3f9c,train,Noise,Noise,Lab Noise,Lab,20160607,-1.2302887428752385,-1.2302887428752385,-1.2302887428752385,-1.2302887428752385,-1.2302887428752385
d12e485cfb251148,train,Noise,Noise,Lab Noise,Lab,20160607,-0.9546501502708153,-0.9546501502708153,-0.9546501502708153,-0.9546501502708153,-0.9546501502708153
7f1b8cff2b120806,train,Noise,Noise,Lab Noise,Lab,20160607,-0.5864708710097064,-0.5864708710097064,-0.5864708710097064,-0.5864708710097064,-0.5864708710097064
feb5ffaab670ae92,train,Noise,Noise,Lab Noise,Lab,20160607,-0.9338573725632724,-0.9338573725632724,-0.9338573725632724,-0.9338573725632724,-0.9338573725632724
485790c4cf8aed4a,train,Noise,Noise,Lab Noise,Lab,20160607,-0.5047284378679855,-0.5047284378679855,-0.5047284378679855,-0.5047284378679855,-0.5047284378679855
818be87b7fe463c1,train,Noise,Noise,Lab Noise,Lab,20160607,-0.9192325492860238,-0.9192325492860238,-0.9192325492860238,-0.9192325492860238,-0.9192325492860238
7d8c440c52d222fe,train,Noise,Noise,Lab Noise,Lab,20160607,-0.6787413867264664,-0.6787413867264664,-0.6787413867264664,-0.6787413867264664,-0.6787413867264664
fdc7cbcedbea7755,train,Noise,Noise,Lab Noise,Lab,20160608,8.505355024074012,8.505355024074012,8.505355024074012,8.505355024074012,8.505355024074012
a6f32982e6f94d39,train,Noise,Noise,Lab Noise,Lab,20160608,10.650269119289405,10.650269119289405,10.650269119289405,10.650269119289405,10.650269119289405
0ea907e0b449e1c4,train,Noise,Noise,Lab Noise,Lab,20160608,10.49283842844207,10.49283842844207,10.49283842844207,10.49283842844207,10.49283842844207
f08a3b0c0bc237ec,train,Noise,Noise,Lab Noise,Lab,20160608,10.490815665850596,10.490815665850596,10.490815665850596,10.490815665850596,10.490815665850596
89e5e51b0cd025a2,train,Noise,Noise,Lab Noise,Lab,20160608,10.512748918807633,10.512748918807633,10.512748918807633,10.512748918807633,10.512748918807633
2b5a918896211e1e,train,Noise,Noise,Lab Noise,Lab,20160608,10.536000402976926,10.536000402976926,10.536000402976926,10.536000402976926,10.536000402976926
9718dffeb3ed894c,train,Noise,Noise,Lab Noise,Lab,20160608,10.371732220968319,10.371732220968319,10.371732220968319,10.371732220968319,10.371732220968319
60c6a607c5d1e7b9,train,Noise,Noise,Lab Noise,Lab,20160608,10.40587107594395,10.40587107594395,10.40587107594395,10.40587107594395,10.40587107594395
84ac305ea5f981a6,train,Noise,Noise,Lab Noise,Lab,20160608,10.185262842227676,10.185262842227676,10.185262842227676,10.185262842227676,10.185262842227676
63e5c178bbf211c6,train,Noise,Noise,Lab Noise,Lab,20160608,7.814814067566668,7.814814067566668,7.814814067566668,7.814814067566668,7.814814067566668
60b44ebb50e3123c,train,Noise,Noise,Lab Noise,Lab,unknown_date,0.2046741529130145,0.2046741529130145,0.2046741529130145,0.2046741529130145,0.2046741529130145
02f4bb7b47ed9639,train,Noise,Noise,Lab Noise,Lab,unknown_date,1.3602687710958676,1.3602687710958676,1.3602687710958676,1.3602687710958676,1.3602687710958676
407fd8c5eae48590,train,Noise,Noise,Lab Noise,Lab,unknown_date,0.888903511242054,0.888903511242054,0.888903511242054,0.888903511242054,0.888903511242054
17371ce5ab246c9d,train,Noise,Noise,Lab Noise,Lab,unknown_date,0.6968406980318331,0.6968406980318331,0.6968406980318331,0.6968406980318331,0.6968406980318331
25e23d2292847dde,train,Noise,Noise,Lab Noise,Lab,unknown_date,0.9140391874113245,0.9140391874113245,0.9140391874113245,0.9140391874113245,0.9140391874113245
762a6d46f474f139,train,Noise,Noise,Lab Noise,Lab,unknown_date,4.315097436210294,4.315097436210294,4.315097436210294,4.315097436210294,4.315097436210294
f95d739807c4ac6b,train,PD,Corona,Lab PD,Lab,20240912,-5.707835237085817,-5.707835237085817,-5.707835237085817,-5.707835237085817,-5.707835237085817
ca80d9be4ba6163c,train,PD,Corona,Lab PD,Lab,20240912,-2.2335926510381228,-2.2335926510381228,-2.2335926510381228,-2.2335926510381228,-2.2335926510381228
b06cd84d94556860,train,PD,Corona,Lab PD,Lab,20240912,-5.459330447516734,-5.459330447516734,-5.459330447516734,-5.459330447516734,-5.459330447516734
d5337385f5f6eff3,train,PD,Corona,Lab PD,Lab,20240912,-4.702294959924046,-4.702294959924046,-4.702294959924046,-4.702294959924046,-4.702294959924046
5d470d67ace7e305,train,PD,Corona,Lab PD,Lab,20240912,-2.4552042061077515,-2.4552042061077515,-2.4552042061077515,-2.4552042061077515,-2.4552042061077515
90f7ab87d1caab19,train,PD,Corona,Lab PD,Lab,20240912,-2.505525924034856,-2.505525924034856,-2.505525924034856,-2.505525924034856,-2.505525924034856
bf7d1ad9d00e8ce6,train,PD,Corona,Lab PD,Lab,20240912,-3.6114349716894765,-3.6114349716894765,-3.6114349716894765,-3.6114349716894765,-3.6114349716894765
63a321af72fb2d3e,train,PD,Corona,Lab PD,Lab,20240912,-1.7998989273283286,-1.7998989273283286,-1.7998989273283286,-1.7998989273283286,-1.7998989273283286
c5e1c4177cafcd96,train,PD,Corona,Lab PD,Lab,20240912,-4.692971606060098,-4.692971606060098,-4.692971606060098,-4.692971606060098,-4.692971606060098
3707407c5379ae8e,train,PD,Corona,Lab PD,Lab,20240912,-4.001239559396666,-4.001239559396666,-4.001239559396666,-4.001239559396666,-4.001239559396666
80d2c15a0568f6b1,train,PD,Corona,Lab PD,Lab,20240912,-6.36864691459968,-6.36864691459968,-6.36864691459968,-6.36864691459968,-6.36864691459968
98d1874c93f9b83b,train,PD,Corona,Lab PD,Lab,20240912,-6.32991547349971,-6.32991547349971,-6.32991547349971,-6.32991547349971,-6.32991547349971
6671840401609084,train,PD,Corona,Lab PD,Lab,20240912,-3.625158878212602,-3.625158878212602,-3.625158878212602,-3.625158878212602,-3.625158878212602
238db5985cb70c76,train,PD,Corona,Lab PD,Lab,20240912,-3.965798766368181,-3.965798766368181,-3.965798766368181,-3.965798766368181,-3.965798766368181
0263afc1184c1da7,train,PD,Corona,Lab PD,Lab,20240912,-4.709358252068171,-4.709358252068171,-4.709358252068171,-4.709358252068171,-4.709358252068171
17c1f13dfda0faf6,train,PD,Corona,Lab PD,Lab,20240912,-2.169866231127756,-2.169866231127756,-2.169866231127756,-2.169866231127756,-2.169866231127756
270135e8c7d65028,train,PD,Corona,Lab PD,Lab,20240912,-4.139927679283829,-4.139927679283829,-4.139927679283829,-4.139927679283829,-4.139927679283829
ddac13b934da211b,train,PD,Corona,Lab PD,Lab,20240912,-6.377093606559235,-6.377093606559235,-6.377093606559235,-6.377093606559235,-6.377093606559235
cdb40f031afebe26,train,PD,Corona,Lab PD,Lab,20240912,-5.229619812778019,-5.229619812778019,-5.229619812778019,-5.229619812778019,-5.229619812778019
f81b6357b11ab156,train,PD,Corona,Lab PD,Lab,20240912,0.04499340625893922,0.04499340625893922,0.04499340625893922,0.04499340625893922,0.04499340625893922
103159772e4b7b1d,train,PD,Corona,Lab PD,Lab,20240912,-2.164242523175318,-2.164242523175318,-2.164242523175318,-2.164242523175318,-2.164242523175318
babde03c13fab300,train,PD,Corona,Lab PD,Lab,20240912,-6.070612542215457,-6.070612542215457,-6.070612542215457,-6.070612542215457,-6.070612542215457
bf773aadec15bba5,train,PD,Corona,Lab PD,Lab,20240912,-5.14987359032088,-5.14987359032088,-5.14987359032088,-5.14987359032088,-5.14987359032088
9e1230e1784fe4dc,train,PD,Corona,Lab PD,Lab,20240912,0.6715816834034882,0.6715816834034882,0.6715816834034882,0.6715816834034882,0.6715816834034882
0fc8325580fd52b1,train,PD,Corona,Lab PD,Lab,20240912,-5.252230446640908,-5.252230446640908,-5.252230446640908,-5.252230446640908,-5.252230446640908
7bac88b1dd19010d,train,PD,Corona,Lab PD,Lab,unknown_date,6.335290113238559,6.335290113238559,6.335290113238559,6.335290113238559,6.335290113238559
808efed2b327d252,train,PD,Corona,Lab PD,Lab,unknown_date,6.637211792530918,6.637211792530918,6.637211792530918,6.637211792530918,6.637211792530918
03799c0d98bc4b9b,train,PD,Corona,Lab PD,Lab,unknown_date,-5.869715632034627,-5.869715632034627,-5.869715632034627,-5.869715632034627,-5.869715632034627
8c24e0888d963616,train,PD,Corona,Lab PD,Lab,unknown_date,-5.9409942545422325,-5.9409942545422325,-5.9409942545422325,-5.9409942545422325,-5.9409942545422325
e18cd3eb1f70afa4,train,PD,Corona,Lab PD,Lab,unknown_date,-6.2575749207873415,-6.2575749207873415,-6.2575749207873415,-6.2575749207873415,-6.2575749207873415
87b2988abd774250,train,PD,Corona,Lab PD,Lab,unknown_date,-6.062689996329652,-6.062689996329652,-6.062689996329652,-6.062689996329652,-6.062689996329652
e4f0c883af9138ae,train,PD,Corona,Lab PD,Lab,unknown_date,-5.440536815570411,-5.440536815570411,-5.440536815570411,-5.440536815570411,-5.440536815570411
162fb151f981d382,train,PD,Corona,Lab PD,Lab,unknown_date,-5.642267327820214,-5.642267327820214,-5.642267327820214,-5.642267327820214,-5.642267327820214
f3f255fab8e0ffe5,train,PD,Corona,Lab PD,Lab,unknown_date,-2.69003045226971,-2.69003045226971,-2.69003045226971,-2.69003045226971,-2.69003045226971
b6c5d2bdcccd2c8b,train,PD,Corona,Lab PD,Lab,unknown_date,-2.4472819654412206,-2.4472819654412206,-2.4472819654412206,-2.4472819654412206,-2.4472819654412206
9d2f73e47a2800be,train,PD,Corona,Lab PD,Lab,unknown_date,-2.4872826901557517,-2.4872826901557517,-2.4872826901557517,-2.4872826901557517,-2.4872826901557517
e8f72a708589d526,train,PD,Corona,Lab PD,Lab,unknown_date,-1.9421631250516391,-1.9421631250516391,-1.9421631250516391,-1.9421631250516391,-1.9421631250516391
ef9fd82621306689,train,PD,Corona,Lab PD,Lab,unknown_date,-7.149855485445059,-7.149855485445059,-7.149855485445059,-7.149855485445059,-7.149855485445059
397cb24bdbf714ac,train,PD,Corona,Lab PD,Lab,unknown_date,-7.630892101422717,-7.630892101422717,-7.630892101422717,-7.630892101422717,-7.630892101422717
e2f279941a5bc4ea,train,PD,Corona,Lab PD,Lab,unknown_date,-7.581639690234596,-7.581639690234596,-7.581639690234596,-7.581639690234596,-7.581639690234596
99f864f849a0beb6,train,PD,Corona,Lab PD,Lab,unknown_date,-7.9443889557342615,-7.9443889557342615,-7.9443889557342615,-7.9443889557342615,-7.9443889557342615
845bb0ee336b5d46,train,PD,Corona,Lab PD,Lab,unknown_date,-8.461999823283193,-8.461999823283193,-8.461999823283193,-8.461999823283193,-8.461999823283193
e703bc8818f5376c,train,PD,Corona,Lab PD,Lab,unknown_date,-1.8823980762960417,-1.8823980762960417,-1.8823980762960417,-1.8823980762960417,-1.8823980762960417
2beb4bb1829a027e,train,PD,Corona,Lab PD,Lab,unknown_date,-3.5320814113176233,-3.5320814113176233,-3.5320814113176233,-3.5320814113176233,-3.5320814113176233
bdcc5d0881be73a8,train,PD,Corona,Lab PD,Lab,unknown_date,-3.716834460381797,-3.716834460381797,-3.716834460381797,-3.716834460381797,-3.716834460381797
b0b63799073e81fa,train,PD,Corona,Lab PD,Lab,unknown_date,-3.0164047371911877,-3.0164047371911877,-3.0164047371911877,-3.0164047371911877,-3.0164047371911877
9389bd2ee53e1e2f,train,PD,Corona,Lab PD,Lab,unknown_date,-3.3857705415839945,-3.3857705415839945,-3.3857705415839945,-3.3857705415839945,-3.3857705415839945
a50e11494328f2d2,train,PD,Corona,Lab PD,Lab,unknown_date,-7.706470229029037,-7.706470229029037,-7.706470229029037,-7.706470229029037,-7.706470229029037
a3b5975741afe0af,train,PD,Corona,Lab PD,Lab,unknown_date,-9.593082610037754,-9.593082610037754,-9.593082610037754,-9.593082610037754,-9.593082610037754
d92a22f5870b3893,train,PD,Corona,Lab PD,Lab,unknown_date,-9.920788512691914,-9.920788512691914,-9.920788512691914,-9.920788512691914,-9.920788512691914
e4f88ed28e310c1a,train,PD,Corona,Lab PD,Lab,unknown_date,-10.198613536280675,-10.198613536280675,-10.198613536280675,-10.198613536280675,-10.198613536280675
85a378384a8022c3,train,PD,Corona,Lab PD,Lab,unknown_date,-9.366010455623481,-9.366010455623481,-9.366010455623481,-9.366010455623481,-9.366010455623481
2fbb90fca601c29c,train,PD,Corona,Lab PD,Lab,unknown_date,-4.612149413308174,-4.612149413308174,-4.612149413308174,-4.612149413308174,-4.612149413308174
993d93bac958545f,train,PD,Corona,Lab PD,Lab,unknown_date,-4.606751146358334,-4.606751146358334,-4.606751146358334,-4.606751146358334,-4.606751146358334
0fbebf6ebf6811a8,train,PD,Corona,Lab PD,Lab,unknown_date,-4.2694222820222905,-4.2694222820222905,-4.2694222820222905,-4.2694222820222905,-4.2694222820222905
92c5c9ebb1630ee5,train,PD,Corona,Lab PD,Lab,unknown_date,-2.7577644907488406,-2.7577644907488406,-2.7577644907488406,-2.7577644907488406,-2.7577644907488406
69e996002e3691d4,train,PD,Corona,Lab PD,Lab,unknown_date,-2.488328308201062,-2.488328308201062,-2.488328308201062,-2.488328308201062,-2.488328308201062
0172c90f6bc43807,train,PD,Corona,Lab PD,Lab,unknown_date,-2.3880260177850516,-2.3880260177850516,-2.3880260177850516,-2.3880260177850516,-2.3880260177850516
3b0ffa8f7647e024,train,PD,Corona,Lab PD,Lab,unknown_date,-8.448738172852046,-8.448738172852046,-8.448738172852046,-8.448738172852046,-8.448738172852046
25e816dd6a7a5c86,train,PD,Corona,Lab PD,Lab,unknown_date,-8.818819221087267,-8.818819221087267,-8.818819221087267,-8.818819221087267,-8.818819221087267
9cb4763ff8a88749,train,PD,Corona,Lab PD,Lab,unknown_date,-8.617397838593035,-8.617397838593035,-8.617397838593035,-8.617397838593035,-8.617397838593035
2d89c6ef9d7b96ff,train,PD,Corona,Lab PD,Lab,unknown_date,-6.470510045249682,-6.470510045249682,-6.470510045249682,-6.470510045249682,-6.470510045249682
74b2065e5efc7226,train,PD,Corona,Lab PD,Lab,unknown_date,-7.478431421577767,-7.478431421577767,-7.478431421577767,-7.478431421577767,-7.478431421577767
e687b6722ab635d4,train,PD,Corona,Lab PD,Lab,unknown_date,-3.4952098648449805,-3.4952098648449805,-3.4952098648449805,-3.4952098648449805,-3.4952098648449805
731076c47bb26f27,train,PD,Corona,Lab PD,Lab,unknown_date,-3.8255084076691546,-3.8255084076691546,-3.8255084076691546,-3.8255084076691546,-3.8255084076691546
90aafcf9103a8649,train,PD,Corona,Lab PD,Lab,unknown_date,-4.7296454054180685,-4.7296454054180685,-4.7296454054180685,-4.7296454054180685,-4.7296454054180685
576432eedf46adff,train,PD,Corona,Lab PD,Lab,unknown_date,-4.417883168033569,-4.417883168033569,-4.417883168033569,-4.417883168033569,-4.417883168033569
578c0dcfa3622ed5,train,PD,Corona,Lab PD,Lab,unknown_date,-6.474796219975758,-6.474796219975758,-6.474796219975758,-6.474796219975758,-6.474796219975758
7adab29df2cf4369,train,PD,Corona,Lab PD,Lab,unknown_date,-4.983451853717327,-4.983451853717327,-4.983451853717327,-4.983451853717327,-4.983451853717327
ebc002a877edb74c,train,PD,Corona,Lab PD,Lab,unknown_date,-5.102194551184397,-5.102194551184397,-5.102194551184397,-5.102194551184397,-5.102194551184397
c6c26b761d1ccc2c,train,PD,Corona,Lab PD,Lab,unknown_date,-4.648164490255937,-4.648164490255937,-4.648164490255937,-4.648164490255937,-4.648164490255937
27e9afa929135512,train,PD,Corona,Lab PD,Lab,unknown_date,-5.2612657564031196,-5.2612657564031196,-5.2612657564031196,-5.2612657564031196,-5.2612657564031196
cbf5e72536451544,train,PD,Corona,Lab PD,Lab,unknown_date,-5.626645098971267,-5.626645098971267,-5.626645098971267,-5.626645098971267,-5.626645098971267
2db9a43dba2682a8,train,PD,Corona,Lab PD,Lab,unknown_date,-4.831251476774469,-4.831251476774469,-4.831251476774469,-4.831251476774469,-4.831251476774469
ef0f94e7ccaa9de0,train,PD,Corona,Lab PD,Lab,unknown_date,-5.679698699229647,-5.679698699229647,-5.679698699229647,-5.679698699229647,-5.679698699229647
f121d4519e355ec7,train,PD,Corona,Lab PD,Lab,unknown_date,-5.578277824781523,-5.578277824781523,-5.578277824781523,-5.578277824781523,-5.578277824781523
61e03063233349dc,train,PD,Corona,Lab PD,Lab,unknown_date,-5.230146855923493,-5.230146855923493,-5.230146855923493,-5.230146855923493,-5.230146855923493
397f34da4a29f499,train,PD,Corona,Lab PD,Lab,unknown_date,-4.376822957615708,-4.376822957615708,-4.376822957615708,-4.376822957615708,-4.376822957615708
664c801b1fcf57e1,train,PD,Corona,Lab PD,Lab,unknown_date,-4.086297808876985,-4.086297808876985,-4.086297808876985,-4.086297808876985,-4.086297808876985
4e183d95d1aaf68a,train,PD,Corona,Lab PD,Lab,unknown_date,-4.424554972601122,-4.424554972601122,-4.424554972601122,-4.424554972601122,-4.424554972601122
14573bee235211c6,train,PD,Corona,Lab PD,Lab,unknown_date,-4.099666856299315,-4.099666856299315,-4.099666856299315,-4.099666856299315,-4.099666856299315
b00df7efa041c2d4,train,PD,Corona,Lab PD,Lab,unknown_date,-4.280132104880536,-4.280132104880536,-4.280132104880536,-4.280132104880536,-4.280132104880536
beeaed827ea0118c,train,PD,Corona,Lab PD,Lab,unknown_date,-2.3243126420526394,-2.3243126420526394,-2.3243126420526394,-2.3243126420526394,-2.3243126420526394
8650307f03f3368c,train,PD,Corona,Lab PD,Lab,unknown_date,-5.139222567754899,-5.139222567754899,-5.139222567754899,-5.139222567754899,-5.139222567754899
c895d05c37d69bb8,train,PD,Corona,Lab PD,Lab,unknown_date,-5.690873462903923,-5.690873462903923,-5.690873462903923,-5.690873462903923,-5.690873462903923
5af90a2b99acf193,train,PD,Corona,Lab PD,Lab,unknown_date,0.3103728519461768,0.3103728519461768,0.3103728519461768,0.3103728519461768,0.3103728519461768
008912ce1689ee32,train,PD,Corona,Lab PD,Lab,unknown_date,1.41195436956788,1.41195436956788,1.41195436956788,1.41195436956788,1.41195436956788
044211217b14f462,train,PD,Corona,Lab PD,Lab,unknown_date,-2.3443504812989744,-2.3443504812989744,-2.3443504812989744,-2.3443504812989744,-2.3443504812989744
f7e4604f64b4af28,train,PD,Corona,Lab PD,Lab,unknown_date,-1.4025547950791832,-1.4025547950791832,-1.4025547950791832,-1.4025547950791832,-1.4025547950791832
d8936c6f1ab2fb68,train,PD,Corona,Lab PD,Lab,unknown_date,-1.1951310741773327,-1.1951310741773327,-1.1951310741773327,-1.1951310741773327,-1.1951310741773327
acafdcbdba34fb9b,train,PD,Corona,Lab PD,Lab,unknown_date,-1.4870323562835566,-1.4870323562835566,-1.4870323562835566,-1.4870323562835566,-1.4870323562835566
5c73234aed4a241a,train,PD,Corona,Lab PD,Lab,unknown_date,-1.4855595602134244,-1.4855595602134244,-1.4855595602134244,-1.4855595602134244,-1.4855595602134244
584dfc279a6da63a,train,PD,Corona,Lab PD,Lab,unknown_date,-3.3189407437193523,-3.3189407437193523,-3.3189407437193523,-3.3189407437193523,-3.3189407437193523
fc72291b5239056f,train,PD,Corona,Lab PD,Lab,unknown_date,-2.331162836685678,-2.331162836685678,-2.331162836685678,-2.331162836685678,-2.331162836685678
1ff74f6c43b34c30,train,PD,Corona,Lab PD,Lab,unknown_date,-2.6932946007203356,-2.6932946007203356,-2.6932946007203356,-2.6932946007203356,-2.6932946007203356
fb1bcfccd5e18f18,train,PD,Corona,Lab PD,Lab,unknown_date,-2.6156144294564996,-2.6156144294564996,-2.6156144294564996,-2.6156144294564996,-2.6156144294564996
2bd4d40fbfe0b4ae,train,PD,Corona,Lab PD,Lab,unknown_date,-2.837961364213484,-2.837961364213484,-2.837961364213484,-2.837961364213484,-2.837961364213484
2f66eca5cc60254a,train,PD,Corona,Lab PD,Lab,20150723,-12.836799321889345,-12.836799321889345,-12.836799321889345,-12.836799321889345,-12.836799321889345
99139bfc85711b8d,train,PD,Corona,Lab PD,Lab,20150723,-11.355329296804598,-11.355329296804598,-11.355329296804598,-11.355329296804598,-11.355329296804598
e0b73af4dd47cb1b,train,PD,Corona,Lab PD,Lab,20150723,-11.604206954497357,-11.604206954497357,-11.604206954497357,-11.604206954497357,-11.604206954497357
43adf6351df807cc,train,PD,Corona,Lab PD,Lab,20150723,-9.506974357218539,-9.506974357218539,-9.506974357218539,-9.506974357218539,-9.506974357218539
78002afc07f41c5a,train,PD,Corona,Lab PD,Lab,20150723,-9.910396644693506,-9.910396644693506,-9.910396644693506,-9.910396644693506,-9.910396644693506
570bc666a46d4d3a,train,PD,Corona,Lab PD,Lab,20150723,2.239389957578936,2.239389957578936,2.239389957578936,2.239389957578936,2.239389957578936
6bb519f4dc5835c1,train,PD,Corona,Lab PD,Lab,20150723,4.278949913561657,4.278949913561657,4.278949913561657,4.278949913561657,4.278949913561657
459d07be96a212d6,train,PD,Corona,Lab PD,Lab,20150723,3.613899035757939,3.613899035757939,3.613899035757939,3.613899035757939,3.613899035757939
be2335d1be2e610f,train,PD,Corona,Lab PD,Lab,20150723,4.19196772623404,4.19196772623404,4.19196772623404,4.19196772623404,4.19196772623404
39b6fb0795841d0d,train,PD,Corona,Lab PD,Lab,20150723,3.8100305290835266,3.8100305290835266,3.8100305290835266,3.8100305290835266,3.8100305290835266
b030ddbcac92ee13,train,PD,Corona,Lab PD,Lab,20150723,3.7545361946225313,3.7545361946225313,3.7545361946225313,3.7545361946225313,3.7545361946225313
7d3c44a9863da386,train,PD,Corona,Lab PD,Lab,20150723,3.9264961312192987,3.9264961312192987,3.9264961312192987,3.9264961312192987,3.9264961312192987
e70d2b3692584fb2,train,PD,Corona,Lab PD,Lab,20150723,-3.2519523665316683,-3.2519523665316683,-3.2519523665316683,-3.2519523665316683,-3.2519523665316683
8031f3c924abe380,train,PD,Corona,Lab PD,Lab,20150723,-10.235534909638432,-10.235534909638432,-10.235534909638432,-10.235534909638432,-10.235534909638432
c76ff07fd002c1a0,train,PD,Corona,Lab PD,Lab,20150723,-10.961821981788034,-10.961821981788034,-10.961821981788034,-10.961821981788034,-10.961821981788034
5cb2a91bab7c2bd3,train,PD,Corona,Lab PD,Lab,20150723,-9.673071814464492,-9.673071814464492,-9.673071814464492,-9.673071814464492,-9.673071814464492
548e26455f5682ec,train,PD,Corona,Lab PD,Lab,20150723,-6.503572007846515,-6.503572007846515,-6.503572007846515,-6.503572007846515,-6.503572007846515
2efaa434169b3160,train,PD,Corona,Lab PD,Lab,20150723,-9.376184693356834,-9.376184693356834,-9.376184693356834,-9.376184693356834,-9.376184693356834
3b1534a8eaeb0017,train,PD,Corona,Lab PD,Lab,20150723,-9.962868164300119,-9.962868164300119,-9.962868164300119,-9.962868164300119,-9.962868164300119
fd31d854926960aa,train,PD,Corona,Lab PD,Lab,20150723,-5.766282119939092,-5.766282119939092,-5.766282119939092,-5.766282119939092,-5.766282119939092
c2db855cbcdb8227,train,PD,Corona,Lab PD,Lab,20150724,-8.898038292272503,-8.898038292272503,-8.898038292272503,-8.898038292272503,-8.898038292272503
cea0f3e76000e984,train,PD,Corona,Lab PD,Lab,20150724,-9.296554381260762,-9.296554381260762,-9.296554381260762,-9.296554381260762,-9.296554381260762
9c1e6199615c478c,train,PD,Corona,Lab PD,Lab,20150724,-9.792838062170688,-9.792838062170688,-9.792838062170688,-9.792838062170688,-9.792838062170688
f9c17102587cd2a6,train,PD,Corona,Lab PD,Lab,20150724,-4.36302524980502,-4.36302524980502,-4.36302524980502,-4.36302524980502,-4.36302524980502
5ef89e2796901fa3,train,PD,Corona,Lab PD,Lab,20150724,-6.1382232137499955,-6.1382232137499955,-6.1382232137499955,-6.1382232137499955,-6.1382232137499955
ca76f95dd36a0c37,train,PD,Corona,Lab PD,Lab,20150724,-7.321328456029818,-7.321328456029818,-7.321328456029818,-7.321328456029818,-7.321328456029818
d9ff1a51ea5d2484,train,PD,Corona,Lab PD,Lab,20150724,-11.825049974852178,-11.825049974852178,-11.825049974852178,-11.825049974852178,-11.825049974852178
85f0a03db1988533,train,PD,Corona,Lab PD,Lab,20150724,-7.749894169383225,-7.749894169383225,-7.749894169383225,-7.749894169383225,-7.749894169383225
c213844e18ed93e8,train,PD,Corona,Lab PD,Lab,20150724,-6.793970070988095,-6.793970070988095,-6.793970070988095,-6.793970070988095,-6.793970070988095
d08ef267d536fe91,train,PD,Corona,Lab PD,Lab,20150724,-7.0008962116522895,-7.0008962116522895,-7.0008962116522895,-7.0008962116522895,-7.0008962116522895
755b5261f546c898,train,PD,Corona,Lab PD,Lab,20150724,-11.758891372254297,-11.758891372254297,-11.758891372254297,-11.758891372254297,-11.758891372254297
f2de7f547cd01a24,train,PD,Corona,Lab PD,Lab,20150724,-12.264007805000176,-12.264007805000176,-12.264007805000176,-12.264007805000176,-12.264007805000176
d660aca063409e0a,train,PD,Corona,Lab PD,Lab,20150724,-8.997219560835262,-8.997219560835262,-8.997219560835262,-8.997219560835262,-8.997219560835262
0063a66020eef28c,train,PD,Corona,Lab PD,Lab,20150724,-8.427245185258897,-8.427245185258897,-8.427245185258897,-8.427245185258897,-8.427245185258897
d13e589f82226969,train,PD,Corona,Lab PD,Lab,20150724,-7.46929478902797,-7.46929478902797,-7.46929478902797,-7.46929478902797,-7.46929478902797
d583f51e90d92b07,train,PD,Corona,Lab PD,Lab,20150724,-5.195981306187967,-5.195981306187967,-5.195981306187967,-5.195981306187967,-5.195981306187967
9b8b2f9b6b8e8066,train,PD,Corona,Lab PD,Lab,20150724,-5.422166556679976,-5.422166556679976,-5.422166556679976,-5.422166556679976,-5.422166556679976
fcda6bea5f5a6040,train,PD,Corona,Lab PD,Lab,20150724,-6.560058076327337,-6.560058076327337,-6.560058076327337,-6.560058076327337,-6.560058076327337
45920b451ce87bf7,train,PD,Corona,Lab PD,Lab,20150724,-6.395064265114897,-6.395064265114897,-6.395064265114897,-6.395064265114897,-6.395064265114897
c622399aec282928,train,PD,Corona,Lab PD,Lab,20150724,-11.009669842125447,-11.009669842125447,-11.009669842125447,-11.009669842125447,-11.009669842125447
c30365a91d8abc65,train,PD,Corona,Lab PD,Lab,20150724,-9.506207486458521,-9.506207486458521,-9.506207486458521,-9.506207486458521,-9.506207486458521
aa8f0afa4edcf11f,train,PD,Corona,Lab PD,Lab,20150724,-6.703075297018785,-6.703075297018785,-6.703075297018785,-6.703075297018785,-6.703075297018785
422d4b8655ad0571,train,PD,Corona,Lab PD,Lab,20150724,-6.813723463151149,-6.813723463151149,-6.813723463151149,-6.813723463151149,-6.813723463151149
2d9c8e4f1ed90a3e,train,PD,Corona,Lab PD,Lab,20150724,-7.403265174884609,-7.403265174884609,-7.403265174884609,-7.403265174884609,-7.403265174884609
cc48c217b315bc99,train,PD,Corona,Lab PD,Lab,20150724,-2.41109546837221,-2.41109546837221,-2.41109546837221,-2.41109546837221,-2.41109546837221
51132358108e9056,train,PD,Corona,Lab PD,Lab,20150724,-4.286732289290278,-4.286732289290278,-4.286732289290278,-4.286732289290278,-4.286732289290278
3b32c5a17a0079e1,train,PD,Corona,Lab PD,Lab,20150724,-4.5374852780584405,-4.5374852780584405,-4.5374852780584405,-4.5374852780584405,-4.5374852780584405
171a5a3ebe22f403,train,PD,Corona,Lab PD,Lab,20150724,-5.97370301159016,-5.97370301159016,-5.97370301159016,-5.97370301159016,-5.97370301159016
969bee0df4c4ee4a,train,PD,Corona,Lab PD,Lab,20150724,-6.5985345095818815,-6.5985345095818815,-6.5985345095818815,-6.5985345095818815,-6.5985345095818815
f1825c905f4b4d20,train,PD,Corona,Lab PD,Lab,20150724,-7.250133207793695,-7.250133207793695,-7.250133207793695,-7.250133207793695,-7.250133207793695
695cb79c1af21c11,train,PD,Corona,Lab PD,Lab,20150724,1.4156841673932803,1.4156841673932803,1.4156841673932803,1.4156841673932803,1.4156841673932803
d35d899127c2bf28,train,PD,Corona,Lab PD,Lab,20150724,0.843037531297,0.843037531297,0.843037531297,0.843037531297,0.843037531297
616ec74c4ec26bc6,train,PD,Corona,Lab PD,Lab,20150724,4.168512469869,4.168512469869,4.168512469869,4.168512469869,4.168512469869
a8efbe443e54bc33,train,PD,Corona,Lab PD,Lab,20150724,4.486227622924275,4.486227622924275,4.486227622924275,4.486227622924275,4.486227622924275
61db86c07052b8a7,train,PD,Corona,Lab PD,Lab,20150724,1.6403454341888164,1.6403454341888164,1.6403454341888164,1.6403454341888164,1.6403454341888164
bd34645fc414a3cc,train,PD,Corona,Lab PD,Lab,20150724,3.1890968914869973,3.1890968914869973,3.1890968914869973,3.1890968914869973,3.1890968914869973
44e3517f5c8a8ea1,train,PD,Corona,Lab PD,Lab,20150724,3.1132539333094655,3.1132539333094655,3.1132539333094655,3.1132539333094655,3.1132539333094655
4671567c75515ba9,train,PD,Corona,Lab PD,Lab,20150724,-5.026799924322738,-5.026799924322738,-5.026799924322738,-5.026799924322738,-5.026799924322738
643765f89e64851c,train,PD,Corona,Lab PD,Lab,20151106,-8.689685442785134,-8.689685442785134,-8.689685442785134,-8.689685442785134,-8.689685442785134
5dd2848be82dee18,train,PD,Corona,Lab PD,Lab,20151106,-9.256143052180235,-9.256143052180235,-9.256143052180235,-9.256143052180235,-9.256143052180235
a0803b26c053322e,train,PD,Corona,Lab PD,Lab,20151106,-9.085566193701595,-9.085566193701595,-9.085566193701595,-9.085566193701595,-9.085566193701595
2567ea8b1459fcce,train,PD,Corona,Lab PD,Lab,20151106,-9.218331119309369,-9.218331119309369,-9.218331119309369,-9.218331119309369,-9.218331119309369
88361299eb24b9a8,train,PD,Corona,Lab PD,Lab,20151106,-9.288102256542757,-9.288102256542757,-9.288102256542757,-9.288102256542757,-9.288102256542757
cdcece99ef56d82b,train,PD,Corona,Lab PD,Lab,20151106,-9.765455681746644,-9.765455681746644,-9.765455681746644,-9.765455681746644,-9.765455681746644
369f40de5743a556,train,PD,Corona,Lab PD,Lab,20151106,-5.3913669062048655,-5.3913669062048655,-5.3913669062048655,-5.3913669062048655,-5.3913669062048655
433048a2e39e527d,train,PD,Corona,Lab PD,Lab,20151106,-6.475712942935296,-6.475712942935296,-6.475712942935296,-6.475712942935296,-6.475712942935296
52bc82cbc99195cb,train,PD,Corona,Lab PD,Lab,20151106,-7.222281210539315,-7.222281210539315,-7.222281210539315,-7.222281210539315,-7.222281210539315
c921eae8552ad373,train,PD,Corona,Lab PD,Lab,20151106,-7.969370773100508,-7.969370773100508,-7.969370773100508,-7.969370773100508,-7.969370773100508
0c9c51ca07bff816,train,PD,Corona,Lab PD,Lab,20151106,-7.950174028638152,-7.950174028638152,-7.950174028638152,-7.950174028638152,-7.950174028638152
fd78931c8de494c7,train,PD,Corona,Lab PD,Lab,20151106,-6.607431068951151,-6.607431068951151,-6.607431068951151,-6.607431068951151,-6.607431068951151
f7d1e89d803ba585,train,PD,Corona,Lab PD,Lab,20151106,-6.71768925981749,-6.71768925981749,-6.71768925981749,-6.71768925981749,-6.71768925981749
7f0d5cfd9dc82995,train,PD,Corona,Lab PD,Lab,20151106,-5.967365362673014,-5.967365362673014,-5.967365362673014,-5.967365362673014,-5.967365362673014
cf8d847e1dadd20c,train,PD,Corona,Lab PD,Lab,20151106,-2.512489587005895,-2.512489587005895,-2.512489587005895,-2.512489587005895,-2.512489587005895
1cb8766953954f75,train,PD,Corona,Lab PD,Lab,20151106,-4.592196588656321,-4.592196588656321,-4.592196588656321,-4.592196588656321,-4.592196588656321
296020cd032c039f,train,PD,Corona,Lab PD,Lab,20151106,-4.999241313354645,-4.999241313354645,-4.999241313354645,-4.999241313354645,-4.999241313354645
ab8f3ac1f4cdd9e9,train,PD,Corona,Lab PD,Lab,20151106,-5.922012858333915,-5.922012858333915,-5.922012858333915,-5.922012858333915,-5.922012858333915
269d435148e42ad1,train,PD,Corona,Lab PD,Lab,20151106,-6.284375947378919,-6.284375947378919,-6.284375947378919,-6.284375947378919,-6.284375947378919
804478e8a3494436,train,PD,Corona,Lab PD,Lab,20151106,-7.042028472446702,-7.042028472446702,-7.042028472446702,-7.042028472446702,-7.042028472446702
14fca6f41a505ffb,train,PD,Corona,Lab PD,Lab,20151106,-7.723216890503636,-7.723216890503636,-7.723216890503636,-7.723216890503636,-7.723216890503636
112fd69e2cb40d58,train,PD,Corona,Lab PD,Lab,20151106,-6.00185890121665,-6.00185890121665,-6.00185890121665,-6.00185890121665,-6.00185890121665
f1110870d76c975b,train,PD,Corona,Lab PD,Lab,20151106,-5.698558911478813,-5.698558911478813,-5.698558911478813,-5.698558911478813,-5.698558911478813
1b56de791ca65521,train,PD,Corona,Lab PD,Lab,20151106,-8.228698256450457,-8.228698256450457,-8.228698256450457,-8.228698256450457,-8.228698256450457
225b98a8452e2334,train,PD,Corona,Lab PD,Lab,20151106,-2.4482355551519532,-2.4482355551519532,-2.4482355551519532,-2.4482355551519532,-2.4482355551519532
bf272864f15a1e26,train,PD,Corona,Lab PD,Lab,20151106,-8.620633176158876,-8.620633176158876,-8.620633176158876,-8.620633176158876,-8.620633176158876
a1186650f913cf47,train,PD,Corona,Lab PD,Lab,20151210,-3.633921188956407,-3.633921188956407,-3.633921188956407,-3.633921188956407,-3.633921188956407
51d3dcb281591d40,train,PD,Corona,Lab PD,Lab,20151210,-4.290530348224138,-4.290530348224138,-4.290530348224138,-4.290530348224138,-4.290530348224138
b9f2c75b3a94f633,train,PD,Corona,Lab PD,Lab,20151224,-1.7270488484312523,-1.7270488484312523,-1.7270488484312523,-1.7270488484312523,-1.7270488484312523
ca55853e74b16d67,train,PD,Corona,Lab PD,Lab,20151224,-1.1657017317809704,-1.1657017317809704,-1.1657017317809704,-1.1657017317809704,-1.1657017317809704
ec5ab038bab76e0b,train,PD,Corona,Lab PD,Lab,20151224,-4.45210759208814,-4.45210759208814,-4.45210759208814,-4.45210759208814,-4.45210759208814
492ee647848233c0,train,PD,Corona,Lab PD,Lab,20151224,-1.7848912602637057,-1.7848912602637057,-1.7848912602637057,-1.7848912602637057,-1.7848912602637057
b751695d4096dadb,train,PD,Corona,Lab PD,Lab,20151224,-2.3668621022670493,-2.3668621022670493,-2.3668621022670493,-2.3668621022670493,-2.3668621022670493
02f5342e2dcd4622,train,PD,Corona,Lab PD,Lab,20151224,-5.142974463044624,-5.142974463044624,-5.142974463044624,-5.142974463044624,-5.142974463044624
c2c89e53cf7f9443,train,PD,Corona,Lab PD,Lab,20151224,-6.304358026050295,-6.304358026050295,-6.304358026050295,-6.304358026050295,-6.304358026050295
4b48dd98b25fc2ad,train,PD,Corona,Lab PD,Lab,20151224,-6.355886962747576,-6.355886962747576,-6.355886962747576,-6.355886962747576,-6.355886962747576
d50f446e3818459c,train,PD,Corona,Lab PD,Lab,20151224,-5.13760633804614,-5.13760633804614,-5.13760633804614,-5.13760633804614,-5.13760633804614
5fd3c9596dbb5d91,train,PD,Corona,Lab PD,Lab,20151224,-5.445514822567915,-5.445514822567915,-5.445514822567915,-5.445514822567915,-5.445514822567915
7d0c1dd4fe778f89,train,PD,Corona,Lab PD,Lab,20151224,-6.275549942210063,-6.275549942210063,-6.275549942210063,-6.275549942210063,-6.275549942210063
4f67caae29129762,train,PD,Corona,Lab PD,Lab,20151224,-2.954385740169471,-2.954385740169471,-2.954385740169471,-2.954385740169471,-2.954385740169471
8d3c677f429f9028,train,PD,Corona,Lab PD,Lab,20151224,-4.5083886245232065,-4.5083886245232065,-4.5083886245232065,-4.5083886245232065,-4.5083886245232065
13031db39a23ad24,train,PD,Corona,Lab PD,Lab,20151224,-4.866711180051169,-4.866711180051169,-4.866711180051169,-4.866711180051169,-4.866711180051169
40bcb5c6fd8aeb74,train,PD,Corona,Lab PD,Lab,20151224,-4.244592299008303,-4.244592299008303,-4.244592299008303,-4.244592299008303,-4.244592299008303
36d7c62d70b7a7d3,train,PD,Corona,Lab PD,Lab,20151224,-0.8053905097922325,-0.8053905097922325,-0.8053905097922325,-0.8053905097922325,-0.8053905097922325
914bf29fe003ec45,train,PD,Corona,Lab PD,Lab,20151224,-5.5278811115629765,-5.5278811115629765,-5.5278811115629765,-5.5278811115629765,-5.5278811115629765
c6aa652b8c502022,train,PD,Corona,Lab PD,Lab,20151224,0.012138665371992374,0.012138665371992374,0.012138665371992374,0.012138665371992374,0.012138665371992374
e58478284996a2c3,train,PD,Corona,Lab PD,Lab,20151224,-8.280016952902542,-8.280016952902542,-8.280016952902542,-8.280016952902542,-8.280016952902542
635af96f49975d66,train,PD,Corona,Lab PD,Lab,20151224,-2.312778772367299,-2.312778772367299,-2.312778772367299,-2.312778772367299,-2.312778772367299
0768c4c9aca50c46,train,PD,Corona,Lab PD,Lab,20151224,-4.823650027041538,-4.823650027041538,-4.823650027041538,-4.823650027041538,-4.823650027041538
1509f095b991e5d3,train,PD,Corona,Lab PD,Lab,20151224,-3.840138550935251,-3.840138550935251,-3.840138550935251,-3.840138550935251,-3.840138550935251
fc55b76314b25153,train,PD,Corona,Lab PD,Lab,20151224,-3.1018287777481035,-3.1018287777481035,-3.1018287777481035,-3.1018287777481035,-3.1018287777481035
a3bfcee9631ae452,train,PD,Corona,Lab PD,Lab,20151224,-10.297014871762286,-10.297014871762286,-10.297014871762286,-10.297014871762286,-10.297014871762286
208f34c9b1a06a7b,train,PD,Corona,Lab PD,Lab,20151224,-10.620856329019702,-10.620856329019702,-10.620856329019702,-10.620856329019702,-10.620856329019702
d67e9e651decccac,train,PD,Corona,Lab PD,Lab,20151224,-5.198567698633298,-5.198567698633298,-5.198567698633298,-5.198567698633298,-5.198567698633298
b1dc98722bf081cb,train,PD,Corona,Lab PD,Lab,20151224,-1.3116313437178917,-1.3116313437178917,-1.3116313437178917,-1.3116313437178917,-1.3116313437178917
98cacea19120d8c0,train,PD,Corona,Lab PD,Lab,20151224,-8.064763363127923,-8.064763363127923,-8.064763363127923,-8.064763363127923,-8.064763363127923
2947aab1dcea741d,train,PD,Corona,Lab PD,Lab,20151224,-6.790821908320893,-6.790821908320893,-6.790821908320893,-6.790821908320893,-6.790821908320893
0e62d677d212d0cd,train,PD,Corona,Lab PD,Lab,20151224,-5.284616795227123,-5.284616795227123,-5.284616795227123,-5.284616795227123,-5.284616795227123
48c8bcab3cf66059,train,PD,Corona,Lab PD,Lab,20160607,-4.707428328748719,-4.707428328748719,-4.707428328748719,-4.707428328748719,-4.707428328748719
5ed2246013f5580c,train,PD,Corona,Lab PD,Lab,20160607,-8.515767693066124,-8.515767693066124,-8.515767693066124,-8.515767693066124,-8.515767693066124
57327a6ac95f3b56,train,PD,Corona,Lab PD,Lab,20160607,-3.598023745561065,-3.598023745561065,-3.598023745561065,-3.598023745561065,-3.598023745561065
9e62f4d1f4132def,train,PD,Corona,Lab PD,Lab,20160607,-6.177434803752206,-6.177434803752206,-6.177434803752206,-6.177434803752206,-6.177434803752206
6c91dcd115802089,train,PD,Corona,Lab PD,Lab,20160607,0.7838530824633381,0.7838530824633381,0.7838530824633381,0.7838530824633381,0.7838530824633381
0c6ab0283b33848f,train,PD,Corona,Lab PD,Lab,20160607,-6.485014283203924,-6.485014283203924,-6.485014283203924,-6.485014283203924,-6.485014283203924
5a7a5bc8e87866c9,train,PD,Corona,Lab PD,Lab,20160607,-1.2964674790517847,-1.2964674790517847,-1.2964674790517847,-1.2964674790517847,-1.2964674790517847
0b38616905380041,train,PD,Corona,Lab PD,Lab,20160607,-7.896396754198861,-7.896396754198861,-7.896396754198861,-7.896396754198861,-7.896396754198861
0014ab117e2e4389,train,PD,Corona,Lab PD,Lab,20160607,-9.374399317995966,-9.374399317995966,-9.374399317995966,-9.374399317995966,-9.374399317995966
58ee7990f94181e7,train,PD,Corona,Lab PD,Lab,20160607,0.2052606240883108,0.2052606240883108,0.2052606240883108,0.2052606240883108,0.2052606240883108
584801a8b2e513ac,train,PD,Corona,Lab PD,Lab,20160607,-6.267786433216337,-6.267786433216337,-6.267786433216337,-6.267786433216337,-6.267786433216337
42ad0fb1bdf06ecb,train,PD,Corona,Lab PD,Lab,20160607,-1.1028474095816492,-1.1028474095816492,-1.1028474095816492,-1.1028474095816492,-1.1028474095816492
2ed6e4965873664d,train,PD,Corona,Lab PD,Lab,20160607,0.02042551407362936,0.02042551407362936,0.02042551407362936,0.02042551407362936,0.02042551407362936
52a4c1f8c14f8181,train,PD,Corona,Lab PD,Lab,20160607,-5.61015739239695,-5.61015739239695,-5.61015739239695,-5.61015739239695,-5.61015739239695
988f9b2ac0db7e97,train,PD,Corona,Lab PD,Lab,20160607,-2.020775716188382,-2.020775716188382,-2.020775716188382,-2.020775716188382,-2.020775716188382
4015ec7db4fa1211,train,PD,Corona,Lab PD,Lab,20160607,1.5020331884127245,1.5020331884127245,1.5020331884127245,1.5020331884127245,1.5020331884127245
f5f56b85723c2d3b,train,PD,Corona,Lab PD,Lab,20160607,-4.885130380989693,-4.885130380989693,-4.885130380989693,-4.885130380989693,-4.885130380989693
7ab29d70acbd6ab6,train,PD,Corona,Lab PD,Lab,20160607,-1.3888972192615654,-1.3888972192615654,-1.3888972192615654,-1.3888972192615654,-1.3888972192615654
d8fda66e9a251b25,train,PD,Corona,Lab PD,Lab,20160607,-3.688086425456376,-3.688086425456376,-3.688086425456376,-3.688086425456376,-3.688086425456376
3bc7627b4700a1db,train,PD,Corona,Lab PD,Lab,20160607,1.021808812688505,1.021808812688505,1.021808812688505,1.021808812688505,1.021808812688505
c00e4c9c92593f79,train,PD,Corona,Lab PD,Lab,20160607,-8.883792860584975,-8.883792860584975,-8.883792860584975,-8.883792860584975,-8.883792860584975
5f2f2b3fbd0755c5,train,PD,Corona,Lab PD,Lab,20160607,-7.649087631375387,-7.649087631375387,-7.649087631375387,-7.649087631375387,-7.649087631375387
49587c2a57dc9257,train,PD,Corona,Lab PD,Lab,20160607,-2.7332748972487764,-2.7332748972487764,-2.7332748972487764,-2.7332748972487764,-2.7332748972487764
5212695ff62b600b,train,PD,Corona,Lab PD,Lab,20160607,-8.304024792645038,-8.304024792645038,-8.304024792645038,-8.304024792645038,-8.304024792645038
3dd72d7d1663c466,train,PD,Corona,Lab PD,Lab,20160607,-7.7663385896211,-7.7663385896211,-7.7663385896211,-7.7663385896211,-7.7663385896211
b7158b94d1410bd6,train,PD,Corona,Lab PD,Lab,20160607,-1.7488934487019492,-1.7488934487019492,-1.7488934487019492,-1.7488934487019492,-1.7488934487019492
74bf3f141668e45e,train,PD,Corona,Lab PD,Lab,20160607,-7.320846587280684,-7.320846587280684,-7.320846587280684,-7.320846587280684,-7.320846587280684
df6c43bcfa574a2a,train,PD,Corona,Lab PD,Lab,20160607,-7.476073552245765,-7.476073552245765,-7.476073552245765,-7.476073552245765,-7.476073552245765
79768d4e8a9bb2cc,train,PD,Corona,Lab PD,Lab,20160607,-1.4965621049936715,-1.4965621049936715,-1.4965621049936715,-1.4965621049936715,-1.4965621049936715
1617a1fd075fc6bd,train,PD,Corona,Lab PD,Lab,20160607,-6.936930234369811,-6.936930234369811,-6.936930234369811,-6.936930234369811,-6.936930234369811
b4d6998fe655c6a6,train,PD,Corona,Lab PD,Lab,20160607,-7.4180296013357605,-7.4180296013357605,-7.4180296013357605,-7.4180296013357605,-7.4180296013357605
6b8561aba7fa4f5a,train,PD,Corona,Lab PD,Lab,20160607,-0.8044021970387689,-0.8044021970387689,-0.8044021970387689,-0.8044021970387689,-0.8044021970387689
7b6862ae5a878905,train,PD,Corona,Lab PD,Lab,20160607,-6.3897352332905655,-6.3897352332905655,-6.3897352332905655,-6.3897352332905655,-6.3897352332905655
097364f95618061d,train,PD,Corona,Lab PD,Lab,20160607,-7.641303938257806,-7.641303938257806,-7.641303938257806,-7.641303938257806,-7.641303938257806
33071a04aac5ba3e,train,PD,Corona,Lab PD,Lab,20160607,-0.921185179036172,-0.921185179036172,-0.921185179036172,-0.921185179036172,-0.921185179036172
f2b0d5b091713f59,train,PD,Corona,Lab PD,Lab,20160607,-9.089702023708995,-9.089702023708995,-9.089702023708995,-9.089702023708995,-9.089702023708995
14646f6a8216c464,train,PD,Corona,Lab PD,Lab,20160607,-11.09034029088238,-11.09034029088238,-11.09034029088238,-11.09034029088238,-11.09034029088238
7e3096d00c26cc8d,train,PD,Corona,Lab PD,Lab,20160607,-2.673152502955901,-2.673152502955901,-2.673152502955901,-2.673152502955901,-2.673152502955901
f8a97eb7c92dca45,train,PD,Corona,Lab PD,Lab,20160607,-6.368599051940933,-6.368599051940933,-6.368599051940933,-6.368599051940933,-6.368599051940933
505fa22371d91c0d,train,PD,Corona,Lab PD,Lab,20160607,-8.550583719004777,-8.550583719004777,-8.550583719004777,-8.550583719004777,-8.550583719004777
0bf22ac9998c2097,train,PD,Corona,Lab PD,Lab,20160607,-3.2103294418217274,-3.2103294418217274,-3.2103294418217274,-3.2103294418217274,-3.2103294418217274
c82f64a561030c30,train,PD,Corona,Lab PD,Lab,20160607,-6.4062983258117185,-6.4062983258117185,-6.4062983258117185,-6.4062983258117185,-6.4062983258117185
468edff07760ca81,train,PD,Corona,Lab PD,Lab,20160607,-8.589556480343035,-8.589556480343035,-8.589556480343035,-8.589556480343035,-8.589556480343035
98e79fa9b78ac429,train,PD,Corona,Lab PD,Lab,20160607,-1.9017260854378435,-1.9017260854378435,-1.9017260854378435,-1.9017260854378435,-1.9017260854378435
ba872e4a8bbcac36,train,PD,Corona,Lab PD,Lab,20160607,-6.311598951414922,-6.311598951414922,-6.311598951414922,-6.311598951414922,-6.311598951414922
f32bba06979e92e0,train,PD,Corona,Lab PD,Lab,unknown_date,-7.69039616416525,-7.69039616416525,-7.69039616416525,-7.69039616416525,-7.69039616416525
2e70ba83ad1282f5,train,PD,Corona,Lab PD,Lab,unknown_date,-7.556686330553639,-7.556686330553639,-7.556686330553639,-7.556686330553639,-7.556686330553639
3c216c778bcf0aaa,train,PD,Corona,Lab PD,Lab,unknown_date,-3.5889789701029855,-3.5889789701029855,-3.5889789701029855,-3.5889789701029855,-3.5889789701029855
f443c9f9ec1aea91,train,PD,Corona,Lab PD,Lab,unknown_date,1.8884465293886876,1.8884465293886876,1.8884465293886876,1.8884465293886876,1.8884465293886876
8c99873c8239bc41,train,PD,Corona,Lab PD,Lab,unknown_date,-2.943950646822792,-2.943950646822792,-2.943950646822792,-2.943950646822792,-2.943950646822792
ab7c69d7046bd86c,train,PD,Corona,Lab PD,Lab,unknown_date,-3.0888799629584724,-3.0888799629584724,-3.0888799629584724,-3.0888799629584724,-3.0888799629584724
a15cc3fc095814e7,train,PD,Corona,Lab PD,Lab,unknown_date,-3.1477827031718277,-3.1477827031718277,-3.1477827031718277,-3.1477827031718277,-3.1477827031718277
233648054a8be520,train,PD,Corona,Lab PD,Lab,unknown_date,-3.3000217248065695,-3.3000217248065695,-3.3000217248065695,-3.3000217248065695,-3.3000217248065695
cfd16c3b9ecf4b09,train,PD,Corona,Lab PD,Lab,unknown_date,-3.5676987923619237,-3.5676987923619237,-3.5676987923619237,-3.5676987923619237,-3.5676987923619237
952e6c4703703241,train,PD,Corona,Lab PD,Lab,unknown_date,-3.3677644251470937,-3.3677644251470937,-3.3677644251470937,-3.3677644251470937,-3.3677644251470937
b92cb5c880820ef8,train,PD,Corona,Lab PD,Lab,unknown_date,-3.4809953099541744,-3.4809953099541744,-3.4809953099541744,-3.4809953099541744,-3.4809953099541744
d91204800cf00194,train,PD,Corona,Lab PD,Lab,unknown_date,0.8076174930838533,0.8076174930838533,0.8076174930838533,0.8076174930838533,0.8076174930838533
def70ce73b2991e2,train,PD,Corona,Lab PD,Lab,unknown_date,-5.35238516347291,-5.35238516347291,-5.35238516347291,-5.35238516347291,-5.35238516347291
c8e560ebf77333ca,train,PD,Corona,Lab PD,Lab,unknown_date,-6.029363569276299,-6.029363569276299,-6.029363569276299,-6.029363569276299,-6.029363569276299
9478d64c515c9a9d,train,PD,Corona,Lab PD,Lab,unknown_date,-5.883555443415744,-5.883555443415744,-5.883555443415744,-5.883555443415744,-5.883555443415744
2dd4bf023d29b9a3,train,PD,Corona,Lab PD,Lab,unknown_date,2.1191257398027865,2.1191257398027865,2.1191257398027865,2.1191257398027865,2.1191257398027865
adc6314cd04b5718,train,PD,Corona,Lab PD,Lab,unknown_date,0.1352169964063421,0.1352169964063421,0.1352169964063421,0.1352169964063421,0.1352169964063421
c7455a7adf48081d,train,PD,Corona,Lab PD,Lab,unknown_date,-1.618476359629188,-1.618476359629188,-1.618476359629188,-1.618476359629188,-1.618476359629188
ed12da7f3ee52525,train,PD,Corona,Lab PD,Lab,unknown_date,-1.9499005267499534,-1.9499005267499534,-1.9499005267499534,-1.9499005267499534,-1.9499005267499534
f0869fef87844aa9,train,PD,Corona,Lab PD,Lab,unknown_date,-1.4107687673343179,-1.4107687673343179,-1.4107687673343179,-1.4107687673343179,-1.4107687673343179
d0a88531782b4b10,train,PD,Corona,Lab PD,Lab,unknown_date,-2.075058861964175,-2.075058861964175,-2.075058861964175,-2.075058861964175,-2.075058861964175
eed5af662a6691a2,train,PD,Corona,Lab PD,Lab,unknown_date,-1.6207455816793441,-1.6207455816793441,-1.6207455816793441,-1.6207455816793441,-1.6207455816793441
30405246670fe7c8,train,PD,Corona,Lab PD,Lab,unknown_date,-1.5077460518512495,-1.5077460518512495,-1.5077460518512495,-1.5077460518512495,-1.5077460518512495
b674efbfbefedce3,train,PD,Corona,Lab PD,Lab,unknown_date,-4.206417998720241,-4.206417998720241,-4.206417998720241,-4.206417998720241,-4.206417998720241
6d3fd05e30f525eb,train,PD,Corona,Lab PD,Lab,unknown_date,-3.8931378825832255,-3.8931378825832255,-3.8931378825832255,-3.8931378825832255,-3.8931378825832255
b9d9cb3cb1af3ff6,train,PD,Corona,Lab PD,Lab,unknown_date,-2.3744068857605143,-2.3744068857605143,-2.3744068857605143,-2.3744068857605143,-2.3744068857605143
3278edbf94eb214a,train,PD,Corona,Lab PD,Lab,unknown_date,-2.7270955538008295,-2.7270955538008295,-2.7270955538008295,-2.7270955538008295,-2.7270955538008295
1191af87130b0df7,train,PD,Corona,Lab PD,Lab,unknown_date,-1.3819483834323378,-1.3819483834323378,-1.3819483834323378,-1.3819483834323378,-1.3819483834323378
243f8296203b6211,train,PD,Corona,Lab PD,Lab,unknown_date,8.77167113111322,8.77167113111322,8.77167113111322,8.77167113111322,8.77167113111322
621372930768011a,train,PD,Corona,Lab PD,Lab,unknown_date,8.909376908796563,8.909376908796563,8.909376908796563,8.909376908796563,8.909376908796563
14dcb23e235611b1,train,PD,Floating,Lab PD,Lab,20240912,-1.3408119260378157,-1.3408119260378157,-1.3408119260378157,-1.3408119260378157,-1.3408119260378157
e5f5db9f85bc155b,train,PD,Floating,Lab PD,Lab,20240912,-2.5731939533173573,-2.5731939533173573,-2.5731939533173573,-2.5731939533173573,-2.5731939533173573
a84da7b118c6a62a,train,PD,Floating,Lab PD,Lab,20240912,-0.12418695372923594,-0.12418695372923594,-0.12418695372923594,-0.12418695372923594,-0.12418695372923594
5f2115bcf7b817fa,train,PD,Floating,Lab PD,Lab,20240912,-0.3299088385924591,-0.3299088385924591,-0.3299088385924591,-0.3299088385924591,-0.3299088385924591
287652e042271dce,train,PD,Floating,Lab PD,Lab,20240912,-0.6493021463510331,-0.6493021463510331,-0.6493021463510331,-0.6493021463510331,-0.6493021463510331
abd4422685ed4b45,train,PD,Floating,Lab PD,Lab,20240912,-3.3917650150029033,-3.3917650150029033,-3.3917650150029033,-3.3917650150029033,-3.3917650150029033
c048dd55e6ad2208,train,PD,Floating,Lab PD,Lab,20240912,-5.586542102388464,-5.586542102388464,-5.586542102388464,-5.586542102388464,-5.586542102388464
85fb3a8d39973e53,train,PD,Floating,Lab PD,Lab,20240912,5.8849194857540965,5.8849194857540965,5.8849194857540965,5.8849194857540965,5.8849194857540965
986a91a2e8e6b561,train,PD,Floating,Lab PD,Lab,20240912,-3.1499401495685504,-3.1499401495685504,-3.1499401495685504,-3.1499401495685504,-3.1499401495685504
732cf09997ecc831,train,PD,Floating,Lab PD,Lab,20240912,-3.5050235085235073,-3.5050235085235073,-3.5050235085235073,-3.5050235085235073,-3.5050235085235073
740bf4c225444dc8,train,PD,Floating,Lab PD,Lab,20240912,-6.879573620608852,-6.879573620608852,-6.879573620608852,-6.879573620608852,-6.879573620608852
ecb1255113b0c75d,train,PD,Floating,Lab PD,Lab,20240912,-5.300820615660399,-5.300820615660399,-5.300820615660399,-5.300820615660399,-5.300820615660399
f1843865b89881fc,train,PD,Floating,Lab PD,Lab,20240912,-3.188129195545258,-3.188129195545258,-3.188129195545258,-3.188129195545258,-3.188129195545258
fe2288dfc1052679,train,PD,Floating,Lab PD,Lab,20240912,-5.227271478117274,-5.227271478117274,-5.227271478117274,-5.227271478117274,-5.227271478117274
1e41f6197aedb9da,train,PD,Floating,Lab PD,Lab,20240912,3.8947082634189023,3.8947082634189023,3.8947082634189023,3.8947082634189023,3.8947082634189023
4b2eb9244a4d6023,train,PD,Floating,Lab PD,Lab,20240912,-5.948584252518685,-5.948584252518685,-5.948584252518685,-5.948584252518685,-5.948584252518685
19bea6e21f08d8b7,train,PD,Floating,Lab PD,Lab,20240912,-3.665927924056035,-3.665927924056035,-3.665927924056035,-3.665927924056035,-3.665927924056035
839fae35306dfa21,train,PD,Floating,Lab PD,Lab,20240912,-1.7510655820116767,-1.7510655820116767,-1.7510655820116767,-1.7510655820116767,-1.7510655820116767
709d769d7e357359,train,PD,Floating,Lab PD,Lab,20240912,-2.1487168425095717,-2.1487168425095717,-2.1487168425095717,-2.1487168425095717,-2.1487168425095717
9d04ea72c1da983e,train,PD,Floating,Lab PD,Lab,20240912,-4.051566855680164,-4.051566855680164,-4.051566855680164,-4.051566855680164,-4.051566855680164
18d8b63b8300b742,train,PD,Floating,Lab PD,Lab,unknown_date,-8.056259379599709,-8.056259379599709,-8.056259379599709,-8.056259379599709,-8.056259379599709
549fb05985d3b782,train,PD,Floating,Lab PD,Lab,unknown_date,-8.72741973411658,-8.72741973411658,-8.72741973411658,-8.72741973411658,-8.72741973411658
f009da89905bc781,train,PD,Floating,Lab PD,Lab,unknown_date,-6.507161329658189,-6.507161329658189,-6.507161329658189,-6.507161329658189,-6.507161329658189
d84c0f1b0f597e2a,train,PD,Floating,Lab PD,Lab,unknown_date,-10.217576167095757,-10.217576167095757,-10.217576167095757,-10.217576167095757,-10.217576167095757
c194c92175bc8e8f,train,PD,Floating,Lab PD,Lab,unknown_date,-9.785427277881737,-9.785427277881737,-9.785427277881737,-9.785427277881737,-9.785427277881737
57fb071074ad53c5,train,PD,Floating,Lab PD,Lab,unknown_date,-13.971296510384633,-13.971296510384633,-13.971296510384633,-13.971296510384633,-13.971296510384633
e6c9dad8e2dbd46a,train,PD,Floating,Lab PD,Lab,unknown_date,-13.714699284037295,-13.714699284037295,-13.714699284037295,-13.714699284037295,-13.714699284037295
f5063a3f07539f72,train,PD,Floating,Lab PD,Lab,unknown_date,-11.18306061131861,-11.18306061131861,-11.18306061131861,-11.18306061131861,-11.18306061131861
e2e143d65120d679,train,PD,Floating,Lab PD,Lab,unknown_date,-11.016586644991179,-11.016586644991179,-11.016586644991179,-11.016586644991179,-11.016586644991179
715a4e3a6dc51d10,train,PD,Floating,Lab PD,Lab,unknown_date,-10.09704391964371,-10.09704391964371,-10.09704391964371,-10.09704391964371,-10.09704391964371
f177b8ba659011f2,train,PD,Floating,Lab PD,Lab,unknown_date,-4.696747023581565,-4.696747023581565,-4.696747023581565,-4.696747023581565,-4.696747023581565
2a30ae181faf0147,train,PD,Floating,Lab PD,Lab,unknown_date,-5.329392717976731,-5.329392717976731,-5.329392717976731,-5.329392717976731,-5.329392717976731
2f47df54f08e9cb3,train,PD,Floating,Lab PD,Lab,unknown_date,-4.78947981288837,-4.78947981288837,-4.78947981288837,-4.78947981288837,-4.78947981288837
590c15528933c234,train,PD,Floating,Lab PD,Lab,unknown_date,-4.134736035758749,-4.134736035758749,-4.134736035758749,-4.134736035758749,-4.134736035758749
38e1dfd4e7d463b4,train,PD,Floating,Lab PD,Lab,unknown_date,-3.8299664867481162,-3.8299664867481162,-3.8299664867481162,-3.8299664867481162,-3.8299664867481162
c04dc24349843bac,train,PD,Floating,Lab PD,Lab,unknown_date,-4.240332867152812,-4.240332867152812,-4.240332867152812,-4.240332867152812,-4.240332867152812
120ba5126b00a0c5,train,PD,Floating,Lab PD,Lab,unknown_date,-4.794897299094163,-4.794897299094163,-4.794897299094163,-4.794897299094163,-4.794897299094163
ddd6b93098db874e,train,PD,Floating,Lab PD,Lab,unknown_date,-4.705090904269074,-4.705090904269074,-4.705090904269074,-4.705090904269074,-4.705090904269074
04bbb5e2aa9ddbc6,train,PD,Floating,Lab PD,Lab,unknown_date,-4.357613609048684,-4.357613609048684,-4.357613609048684,-4.357613609048684,-4.357613609048684
db5305fe49470ff8,train,PD,Floating,Lab PD,Lab,unknown_date,-4.9365785351577856,-4.9365785351577856,-4.9365785351577856,-4.9365785351577856,-4.9365785351577856
e784786ed778f4d1,train,PD,Floating,Lab PD,Lab,unknown_date,-4.345679718114297,-4.345679718114297,-4.345679718114297,-4.345679718114297,-4.345679718114297
922a74766c75dad3,train,PD,Floating,Lab PD,Lab,unknown_date,-4.436000456515586,-4.436000456515586,-4.436000456515586,-4.436000456515586,-4.436000456515586
4230f084147fe66e,train,PD,Floating,Lab PD,Lab,unknown_date,-4.149144912655501,-4.149144912655501,-4.149144912655501,-4.149144912655501,-4.149144912655501
298bb96184ddc5f1,train,PD,Floating,Lab PD,Lab,unknown_date,-5.45100098081204,-5.45100098081204,-5.45100098081204,-5.45100098081204,-5.45100098081204
1ebde1426205c3fe,train,PD,Floating,Lab PD,Lab,unknown_date,1.294775450293173,1.294775450293173,1.294775450293173,1.294775450293173,1.294775450293173
a177d3bf32e1d35b,train,PD,Floating,Lab PD,Lab,unknown_date,5.678456253639368,5.678456253639368,5.678456253639368,5.678456253639368,5.678456253639368
b559ac7bc6d5635f,train,PD,Floating,Lab PD,Lab,unknown_date,-5.052725909423259,-5.052725909423259,-5.052725909423259,-5.052725909423259,-5.052725909423259
10006aa588d1ae8a,train,PD,Floating,Lab PD,Lab,unknown_date,-4.494940005342244,-4.494940005342244,-4.494940005342244,-4.494940005342244,-4.494940005342244
5ea5f0cb332bebfb,train,PD,Floating,Lab PD,Lab,unknown_date,-3.6606241179456447,-3.6606241179456447,-3.6606241179456447,-3.6606241179456447,-3.6606241179456447
b535234284762836,train,PD,Floating,Lab PD,Lab,unknown_date,-4.515887110150572,-4.515887110150572,-4.515887110150572,-4.515887110150572,-4.515887110150572
8e9fde581968e88a,train,PD,Floating,Lab PD,Lab,20150723,-8.308604360659217,-8.308604360659217,-8.308604360659217,-8.308604360659217,-8.308604360659217
5b15a6f9eac98a06,train,PD,Floating,Lab PD,Lab,20150723,-5.580112573980131,-5.580112573980131,-5.580112573980131,-5.580112573980131,-5.580112573980131
2431a66d45210845,train,PD,Floating,Lab PD,Lab,20150723,-1.1104587997685904,-1.1104587997685904,-1.1104587997685904,-1.1104587997685904,-1.1104587997685904
cc01cb83dc596102,train,PD,Floating,Lab PD,Lab,20150724,-4.069274757294124,-4.069274757294124,-4.069274757294124,-4.069274757294124,-4.069274757294124
d867b488e6bbe544,train,PD,Floating,Lab PD,Lab,20150724,-7.821850260768343,-7.821850260768343,-7.821850260768343,-7.821850260768343,-7.821850260768343
12ac1204ecbc6df5,train,PD,Floating,Lab PD,Lab,20150724,-9.014354979775476,-9.014354979775476,-9.014354979775476,-9.014354979775476,-9.014354979775476
d26248d3b0a8ecc5,train,PD,Floating,Lab PD,Lab,20150724,-11.030729902730059,-11.030729902730059,-11.030729902730059,-11.030729902730059,-11.030729902730059
679f047e873fe824,train,PD,Floating,Lab PD,Lab,20150724,-8.213860852704855,-8.213860852704855,-8.213860852704855,-8.213860852704855,-8.213860852704855
7187dd4a9ece4f3a,train,PD,Floating,Lab PD,Lab,20150724,-6.420863815535483,-6.420863815535483,-6.420863815535483,-6.420863815535483,-6.420863815535483
620809829d685c95,train,PD,Floating,Lab PD,Lab,20150724,-7.364178670822895,-7.364178670822895,-7.364178670822895,-7.364178670822895,-7.364178670822895
ca52f1671d6778d1,train,PD,Floating,Lab PD,Lab,20150724,-0.5624194269899476,-0.5624194269899476,-0.5624194269899476,-0.5624194269899476,-0.5624194269899476
3750260ea45708b5,train,PD,Floating,Lab PD,Lab,20150724,-10.100780292466737,-10.100780292466737,-10.100780292466737,-10.100780292466737,-10.100780292466737
2fa0305ec021c955,train,PD,Floating,Lab PD,Lab,20150724,-4.222679230964786,-4.222679230964786,-4.222679230964786,-4.222679230964786,-4.222679230964786
fe0a5e1ba45369f1,train,PD,Floating,Lab PD,Lab,20150724,-6.2473183270195705,-6.2473183270195705,-6.2473183270195705,-6.2473183270195705,-6.2473183270195705
31c3b507a259b225,train,PD,Floating,Lab PD,Lab,20150724,-7.705681572435367,-7.705681572435367,-7.705681572435367,-7.705681572435367,-7.705681572435367
c63bc41568f09db7,train,PD,Floating,Lab PD,Lab,20150724,-7.928648037238361,-7.928648037238361,-7.928648037238361,-7.928648037238361,-7.928648037238361
ae4cf8c1eda3e5ba,train,PD,Floating,Lab PD,Lab,20150724,-3.8483742747013423,-3.8483742747013423,-3.8483742747013423,-3.8483742747013423,-3.8483742747013423
ad6712ba1ce61b7e,train,PD,Floating,Lab PD,Lab,20150724,-3.4094554402965684,-3.4094554402965684,-3.4094554402965684,-3.4094554402965684,-3.4094554402965684
86540320b8498b2c,train,PD,Floating,Lab PD,Lab,20150724,-8.517725203977818,-8.517725203977818,-8.517725203977818,-8.517725203977818,-8.517725203977818
a406c37c12953149,train,PD,Floating,Lab PD,Lab,20150724,-6.626276784555074,-6.626276784555074,-6.626276784555074,-6.626276784555074,-6.626276784555074
8921ca48a10d3c3d,train,PD,Floating,Lab PD,Lab,20150724,-7.047174599974483,-7.047174599974483,-7.047174599974483,-7.047174599974483,-7.047174599974483
a9715438aa895fe7,train,PD,Floating,Lab PD,Lab,20150724,-6.933092373690016,-6.933092373690016,-6.933092373690016,-6.933092373690016,-6.933092373690016
485f703944f88d0c,train,PD,Floating,Lab PD,Lab,20150724,-6.932951696118437,-6.932951696118437,-6.932951696118437,-6.932951696118437,-6.932951696118437
34d3338665ede193,train,PD,Floating,Lab PD,Lab,20150724,-7.052276718167263,-7.052276718167263,-7.052276718167263,-7.052276718167263,-7.052276718167263
82f97c70fc55363c,train,PD,Floating,Lab PD,Lab,20150724,-6.062496577120925,-6.062496577120925,-6.062496577120925,-6.062496577120925,-6.062496577120925
977092bb47ca6a03,train,PD,Floating,Lab PD,Lab,20150724,-4.902559741656432,-4.902559741656432,-4.902559741656432,-4.902559741656432,-4.902559741656432
6d4cf56222c552c6,train,PD,Floating,Lab PD,Lab,20150724,-6.920723388711963,-6.920723388711963,-6.920723388711963,-6.920723388711963,-6.920723388711963
0f83bfda172e2119,train,PD,Floating,Lab PD,Lab,20150724,-7.388256941807413,-7.388256941807413,-7.388256941807413,-7.388256941807413,-7.388256941807413
b523f3e72106d2b5,train,PD,Floating,Lab PD,Lab,20150724,-9.612843109501014,-9.612843109501014,-9.612843109501014,-9.612843109501014,-9.612843109501014
a03cd3018ce594d3,train,PD,Floating,Lab PD,Lab,20150724,-12.771877666242261,-12.771877666242261,-12.771877666242261,-12.771877666242261,-12.771877666242261
fbaf0e1b57f8ef1b,train,PD,Floating,Lab PD,Lab,20150724,-9.929170517736921,-9.929170517736921,-9.929170517736921,-9.929170517736921,-9.929170517736921
1a0bf88308680fe2,train,PD,Floating,Lab PD,Lab,20150724,-9.526005329328854,-9.526005329328854,-9.526005329328854,-9.526005329328854,-9.526005329328854
b9b50644f714b1f4,train,PD,Floating,Lab PD,Lab,20150724,-2.320588416498424,-2.320588416498424,-2.320588416498424,-2.320588416498424,-2.320588416498424
e847a958a1f96404,train,PD,Floating,Lab PD,Lab,20150724,-3.8250209874393555,-3.8250209874393555,-3.8250209874393555,-3.8250209874393555,-3.8250209874393555
bdb687777bd5a8b5,train,PD,Floating,Lab PD,Lab,20150724,-5.95377915137513,-5.95377915137513,-5.95377915137513,-5.95377915137513,-5.95377915137513
9f3255b88e528c44,train,PD,Floating,Lab PD,Lab,20150724,-8.439130383053197,-8.439130383053197,-8.439130383053197,-8.439130383053197,-8.439130383053197
17a1b1a11f5e65fe,train,PD,Floating,Lab PD,Lab,20150724,-7.718787734727982,-7.718787734727982,-7.718787734727982,-7.718787734727982,-7.718787734727982
bc6a3422fc5f4951,train,PD,Floating,Lab PD,Lab,20150724,-8.630965906363684,-8.630965906363684,-8.630965906363684,-8.630965906363684,-8.630965906363684
342241b7ad4443ac,train,PD,Floating,Lab PD,Lab,20150724,-9.32176430261265,-9.32176430261265,-9.32176430261265,-9.32176430261265,-9.32176430261265
670bc7196b90d697,train,PD,Floating,Lab PD,Lab,20150724,-9.737736299009057,-9.737736299009057,-9.737736299009057,-9.737736299009057,-9.737736299009057
444b5eaacc4383bc,train,PD,Floating,Lab PD,Lab,20150724,-8.553080564111553,-8.553080564111553,-8.553080564111553,-8.553080564111553,-8.553080564111553
ecf08953c8075ae8,train,PD,Floating,Lab PD,Lab,20150724,-10.135526722486802,-10.135526722486802,-10.135526722486802,-10.135526722486802,-10.135526722486802
e0560a0fd238cd44,train,PD,Floating,Lab PD,Lab,20150724,-9.36230815659087,-9.36230815659087,-9.36230815659087,-9.36230815659087,-9.36230815659087
ac3c6b2a634d8613,train,PD,Floating,Lab PD,Lab,20150724,-11.162817845558436,-11.162817845558436,-11.162817845558436,-11.162817845558436,-11.162817845558436
584a48e1c83dacce,train,PD,Floating,Lab PD,Lab,20150724,-4.738448781561036,-4.738448781561036,-4.738448781561036,-4.738448781561036,-4.738448781561036
700fcd501bf07a58,train,PD,Floating,Lab PD,Lab,20150724,-4.2921918830160735,-4.2921918830160735,-4.2921918830160735,-4.2921918830160735,-4.2921918830160735
6e727dc9b756f1a6,train,PD,Floating,Lab PD,Lab,20150724,-3.271936023403768,-3.271936023403768,-3.271936023403768,-3.271936023403768,-3.271936023403768
35bb54207db664d7,train,PD,Floating,Lab PD,Lab,20150724,-2.4180401136982113,-2.4180401136982113,-2.4180401136982113,-2.4180401136982113,-2.4180401136982113
30e411692f6d3b54,train,PD,Floating,Lab PD,Lab,20150724,-2.390125250944674,-2.390125250944674,-2.390125250944674,-2.390125250944674,-2.390125250944674
06c768d8a6c20a83,train,PD,Floating,Lab PD,Lab,20151210,-14.880592261893867,-14.880592261893867,-14.880592261893867,-14.880592261893867,-14.880592261893867
df00ab6578b258d2,train,PD,Floating,Lab PD,Lab,20151210,-4.031150563908511,-4.031150563908511,-4.031150563908511,-4.031150563908511,-4.031150563908511
183819f7d30f5c85,train,PD,Floating,Lab PD,Lab,20151210,-11.949281970987272,-11.949281970987272,-11.949281970987272,-11.949281970987272,-11.949281970987272
300c94601b35e04d,train,PD,Floating,Lab PD,Lab,20151210,-14.496412818349455,-14.496412818349455,-14.496412818349455,-14.496412818349455,-14.496412818349455
53d3bcd058d3539e,train,PD,Floating,Lab PD,Lab,20151210,-12.658484284594437,-12.658484284594437,-12.658484284594437,-12.658484284594437,-12.658484284594437
34416ff885fbeff6,train,PD,Floating,Lab PD,Lab,20151210,-8.411841190728637,-8.411841190728637,-8.411841190728637,-8.411841190728637,-8.411841190728637
add389e68c0b2b2b,train,PD,Floating,Lab PD,Lab,20151210,-10.81389593744882,-10.81389593744882,-10.81389593744882,-10.81389593744882,-10.81389593744882
5245e08b5e3702df,train,PD,Floating,Lab PD,Lab,20151210,-12.296981205142117,-12.296981205142117,-12.296981205142117,-12.296981205142117,-12.296981205142117
721cf53f7ba0ff8f,train,PD,Floating,Lab PD,Lab,20151210,-15.941377446819416,-15.941377446819416,-15.941377446819416,-15.941377446819416,-15.941377446819416
58735553d274f7cb,train,PD,Floating,Lab PD,Lab,20151224,1.2913888453750815,1.2913888453750815,1.2913888453750815,1.2913888453750815,1.2913888453750815
27d99d06c78134ca,train,PD,Floating,Lab PD,Lab,20151224,-1.9592907027295894,-1.9592907027295894,-1.9592907027295894,-1.9592907027295894,-1.9592907027295894
e054e0758bc152bd,train,PD,Floating,Lab PD,Lab,20151224,7.888901445120553,7.888901445120553,7.888901445120553,7.888901445120553,7.888901445120553
8487a38d0d634493,train,PD,Floating,Lab PD,Lab,20151224,-9.171751714126458,-9.171751714126458,-9.171751714126458,-9.171751714126458,-9.171751714126458
ed6a7daa7642d9ea,train,PD,Floating,Lab PD,Lab,20151224,-8.035867729388087,-8.035867729388087,-8.035867729388087,-8.035867729388087,-8.035867729388087
3e13ffa3307c4ed0,train,PD,Floating,Lab PD,Lab,20151224,-5.7800442239903305,-5.7800442239903305,-5.7800442239903305,-5.7800442239903305,-5.7800442239903305
3e339e3500c003c7,train,PD,Floating,Lab PD,Lab,20151224,-13.23569098893941,-13.23569098893941,-13.23569098893941,-13.23569098893941,-13.23569098893941
ae16622f29041b61,train,PD,Floating,Lab PD,Lab,20151224,-3.395708021369046,-3.395708021369046,-3.395708021369046,-3.395708021369046,-3.395708021369046
6f974ac0e4cf30b1,train,PD,Floating,Lab PD,Lab,20151224,-12.127272446667916,-12.127272446667916,-12.127272446667916,-12.127272446667916,-12.127272446667916
73e7d5fe32f470b4,train,PD,Floating,Lab PD,Lab,20151224,-4.447511604092,-4.447511604092,-4.447511604092,-4.447511604092,-4.447511604092
e72b5ffd50611f0f,train,PD,Floating,Lab PD,Lab,20151224,-7.303683983194958,-7.303683983194958,-7.303683983194958,-7.303683983194958,-7.303683983194958
11bdafe34919556a,train,PD,Floating,Lab PD,Lab,20151224,1.9927059814716017,1.9927059814716017,1.9927059814716017,1.9927059814716017,1.9927059814716017
5778740597b38955,train,PD,Floating,Lab PD,Lab,20151224,1.556801720586833,1.556801720586833,1.556801720586833,1.556801720586833,1.556801720586833
37e7e8f6fb46989d,train,PD,Floating,Lab PD,Lab,20151224,4.443227717662921,4.443227717662921,4.443227717662921,4.443227717662921,4.443227717662921
818258f17d6154be,train,PD,Floating,Lab PD,Lab,20151224,4.914469351062593,4.914469351062593,4.914469351062593,4.914469351062593,4.914469351062593
b2306db668ffabab,train,PD,Floating,Lab PD,Lab,20151224,0.5132057138603443,0.5132057138603443,0.5132057138603443,0.5132057138603443,0.5132057138603443
03c1612d726cce6a,train,PD,Floating,Lab PD,Lab,20151224,6.793676013735649,6.793676013735649,6.793676013735649,6.793676013735649,6.793676013735649
3f021f4e26ad465b,train,PD,Floating,Lab PD,Lab,20151224,2.6499075929591527,2.6499075929591527,2.6499075929591527,2.6499075929591527,2.6499075929591527
c4642d87c87563d5,train,PD,Floating,Lab PD,Lab,20151224,-1.244366049984194,-1.244366049984194,-1.244366049984194,-1.244366049984194,-1.244366049984194
b79512565d5a53e1,train,PD,Floating,Lab PD,Lab,20151224,9.196112149622024,9.196112149622024,9.196112149622024,9.196112149622024,9.196112149622024
6fe76db4b809e66e,train,PD,Floating,Lab PD,Lab,20151224,-0.28834023010500687,-0.28834023010500687,-0.28834023010500687,-0.28834023010500687,-0.28834023010500687
ab701e8a3be663db,train,PD,Floating,Lab PD,Lab,20151224,10.257799606944104,10.257799606944104,10.257799606944104,10.257799606944104,10.257799606944104
1ade9869c1b12175,train,PD,Floating,Lab PD,Lab,20151224,1.2931282645307647,1.2931282645307647,1.2931282645307647,1.2931282645307647,1.2931282645307647
91c25f08d9cde9c7,train,PD,Floating,Lab PD,Lab,20151224,8.182764031370056,8.182764031370056,8.182764031370056,8.182764031370056,8.182764031370056
62a52ec1e12ae052,train,PD,Floating,Lab PD,Lab,20151224,2.3247057558736515,2.3247057558736515,2.3247057558736515,2.3247057558736515,2.3247057558736515
0c98d4607b4750ea,train,PD,Floating,Lab PD,Lab,20151224,2.650313731849735,2.650313731849735,2.650313731849735,2.650313731849735,2.650313731849735
421c5bdb8b602590,train,PD,Floating,Lab PD,Lab,20151224,6.583631391677557,6.583631391677557,6.583631391677557,6.583631391677557,6.583631391677557
902c7c35e6cb24ee,train,PD,Floating,Lab PD,Lab,20151224,-2.685386304991539,-2.685386304991539,-2.685386304991539,-2.685386304991539,-2.685386304991539
87f012ee99af45ea,train,PD,Floating,Lab PD,Lab,20151224,2.9953930966186135,2.9953930966186135,2.9953930966186135,2.9953930966186135,2.9953930966186135
2d53017050cd7013,train,PD,Floating,Lab PD,Lab,20160607,-13.834346089379494,-13.834346089379494,-13.834346089379494,-13.834346089379494,-13.834346089379494
6a8ec88665bccb82,train,PD,Floating,Lab PD,Lab,20160607,-4.19458287760385,-4.19458287760385,-4.19458287760385,-4.19458287760385,-4.19458287760385
fef64897a4a61dad,train,PD,Floating,Lab PD,Lab,20160607,-2.421804055646419,-2.421804055646419,-2.421804055646419,-2.421804055646419,-2.421804055646419
66044d4de90885ad,train,PD,Floating,Lab PD,Lab,20160607,-6.871804009947056,-6.871804009947056,-6.871804009947056,-6.871804009947056,-6.871804009947056
f3fe42d986d86dd5,train,PD,Floating,Lab PD,Lab,20160607,-1.7332026737052644,-1.7332026737052644,-1.7332026737052644,-1.7332026737052644,-1.7332026737052644
550085f22ee57a7e,train,PD,Floating,Lab PD,Lab,20160607,-2.9421836145115776,-2.9421836145115776,-2.9421836145115776,-2.9421836145115776,-2.9421836145115776
f8854f628877917e,train,PD,Floating,Lab PD,Lab,20160607,-10.780980686152873,-10.780980686152873,-10.780980686152873,-10.780980686152873,-10.780980686152873
0fae1b043900edf7,train,PD,Floating,Lab PD,Lab,20160607,-7.124854651440359,-7.124854651440359,-7.124854651440359,-7.124854651440359,-7.124854651440359
ff00d81c784ac8a7,train,PD,Floating,Lab PD,Lab,20160607,-9.275887589016776,-9.275887589016776,-9.275887589016776,-9.275887589016776,-9.275887589016776
ae7005a20106ae4f,train,PD,Floating,Lab PD,Lab,20160607,-5.7089144407127606,-5.7089144407127606,-5.7089144407127606,-5.7089144407127606,-5.7089144407127606
37afb066045075a3,train,PD,Floating,Lab PD,Lab,20160607,-2.9451361299605594,-2.9451361299605594,-2.9451361299605594,-2.9451361299605594,-2.9451361299605594
2653886fcc514715,train,PD,Floating,Lab PD,Lab,20160607,-3.9592102185485203,-3.9592102185485203,-3.9592102185485203,-3.9592102185485203,-3.9592102185485203
c18e88970d02be33,train,PD,Floating,Lab PD,Lab,20160607,-9.41005500746681,-9.41005500746681,-9.41005500746681,-9.41005500746681,-9.41005500746681
7563b18146b80bb5,train,PD,Floating,Lab PD,Lab,20160607,-6.358803054860715,-6.358803054860715,-6.358803054860715,-6.358803054860715,-6.358803054860715
991d87bd249e86d8,train,PD,Floating,Lab PD,Lab,20160607,-4.5216260730584,-4.5216260730584,-4.5216260730584,-4.5216260730584,-4.5216260730584
b1a712ce8e84f05e,train,PD,Floating,Lab PD,Lab,20160607,-13.314377636737447,-13.314377636737447,-13.314377636737447,-13.314377636737447,-13.314377636737447
830afe4a2656069b,train,PD,Floating,Lab PD,Lab,20160607,-9.492118150861472,-9.492118150861472,-9.492118150861472,-9.492118150861472,-9.492118150861472
d91e4512fc2336c9,train,PD,Floating,Lab PD,Lab,20160607,-8.717772386278824,-8.717772386278824,-8.717772386278824,-8.717772386278824,-8.717772386278824
7ebae18133955247,train,PD,Floating,Lab PD,Lab,20160607,-10.444225028418288,-10.444225028418288,-10.444225028418288,-10.444225028418288,-10.444225028418288
a9af35cf8d0f9a62,train,PD,Floating,Lab PD,Lab,20160607,-8.362868219329755,-8.362868219329755,-8.362868219329755,-8.362868219329755,-8.362868219329755
96c073b7294edc9b,train,PD,Floating,Lab PD,Lab,20160607,-8.16721482605712,-8.16721482605712,-8.16721482605712,-8.16721482605712,-8.16721482605712
73df859484b72c70,train,PD,Floating,Lab PD,Lab,20160607,-6.552511930958104,-6.552511930958104,-6.552511930958104,-6.552511930958104,-6.552511930958104
d856d27e632497c0,train,PD,Floating,Lab PD,Lab,20160607,-5.967140550918856,-5.967140550918856,-5.967140550918856,-5.967140550918856,-5.967140550918856
db6d6cfe9cff2a46,train,PD,Floating,Lab PD,Lab,20160607,-13.636558782698756,-13.636558782698756,-13.636558782698756,-13.636558782698756,-13.636558782698756
881fd808156771e8,train,PD,Floating,Lab PD,Lab,20160607,-7.003636458774906,-7.003636458774906,-7.003636458774906,-7.003636458774906,-7.003636458774906
548fa3c0c6ea1619,train,PD,Floating,Lab PD,Lab,20160607,1.9673833601688386,1.9673833601688386,1.9673833601688386,1.9673833601688386,1.9673833601688386
69313ba3cef87848,train,PD,Floating,Lab PD,Lab,20160607,3.576385063693408,3.576385063693408,3.576385063693408,3.576385063693408,3.576385063693408
9cd1fb52a794fe48,train,PD,Floating,Lab PD,Lab,20160607,-7.455231973656296,-7.455231973656296,-7.455231973656296,-7.455231973656296,-7.455231973656296
b80f118ac009cc13,train,PD,Floating,Lab PD,Lab,20160607,2.0274735250045666,2.0274735250045666,2.0274735250045666,2.0274735250045666,2.0274735250045666
f193f36750e00bee,train,PD,Floating,Lab PD,Lab,20160607,2.953691059657075,2.953691059657075,2.953691059657075,2.953691059657075,2.953691059657075
e1c091bf1221712e,train,PD,Floating,Lab PD,Lab,20160607,-5.963467657174405,-5.963467657174405,-5.963467657174405,-5.963467657174405,-5.963467657174405
8997ad234b3c8e3f,train,PD,Floating,Lab PD,Lab,20160607,1.1486801794491726,1.1486801794491726,1.1486801794491726,1.1486801794491726,1.1486801794491726
8786add935e296c9,train,PD,Floating,Lab PD,Lab,20160607,3.1070391307525256,3.1070391307525256,3.1070391307525256,3.1070391307525256,3.1070391307525256
3dd2d3662afb4d22,train,PD,Floating,Lab PD,Lab,20160607,-5.057512794935462,-5.057512794935462,-5.057512794935462,-5.057512794935462,-5.057512794935462
42d1ae764012ccd2,train,PD,Floating,Lab PD,Lab,20160607,-4.876661411306571,-4.876661411306571,-4.876661411306571,-4.876661411306571,-4.876661411306571
1209cd11218e8840,train,PD,Floating,Lab PD,Lab,20160607,-3.5994586568789657,-3.5994586568789657,-3.5994586568789657,-3.5994586568789657,-3.5994586568789657
74c94aba2a4cdf58,train,PD,Floating,Lab PD,Lab,20160607,-7.962773044164095,-7.962773044164095,-7.962773044164095,-7.962773044164095,-7.962773044164095
e94a49e26026f606,train,PD,Floating,Lab PD,Lab,20160607,-1.5476829095006792,-1.5476829095006792,-1.5476829095006792,-1.5476829095006792,-1.5476829095006792
727471c16f047e02,train,PD,Floating,Lab PD,Lab,20160607,-1.2405762079874307,-1.2405762079874307,-1.2405762079874307,-1.2405762079874307,-1.2405762079874307
216f3504d0609878,train,PD,Floating,Lab PD,Lab,20160607,-6.871557056582333,-6.871557056582333,-6.871557056582333,-6.871557056582333,-6.871557056582333
06b050889d84aac6,train,PD,Floating,Lab PD,Lab,20160607,-13.425485219036887,-13.425485219036887,-13.425485219036887,-13.425485219036887,-13.425485219036887
adff3c80b64401a7,train,PD,Floating,Lab PD,Lab,20160607,-15.406116832801985,-15.406116832801985,-15.406116832801985,-15.406116832801985,-15.406116832801985
b27535762ad2f100,train,PD,Floating,Lab PD,Lab,20160607,-6.115089820524119,-6.115089820524119,-6.115089820524119,-6.115089820524119,-6.115089820524119
70de5e7530220069,train,PD,Floating,Lab PD,Lab,20160607,-12.30665678394277,-12.30665678394277,-12.30665678394277,-12.30665678394277,-12.30665678394277
2a2e55bc3bfd53fa,train,PD,Floating,Lab PD,Lab,20160607,-11.0772226440927,-11.0772226440927,-11.0772226440927,-11.0772226440927,-11.0772226440927
8c15ae4b3940de4e,train,PD,Floating,Lab PD,Lab,20160607,-6.197339616172876,-6.197339616172876,-6.197339616172876,-6.197339616172876,-6.197339616172876
836f1aeb04497627,train,PD,Floating,Lab PD,Lab,20160607,-9.977731010793093,-9.977731010793093,-9.977731010793093,-9.977731010793093,-9.977731010793093
786802e3bf69f54c,train,PD,Floating,Lab PD,Lab,20160607,-9.975808650656262,-9.975808650656262,-9.975808650656262,-9.975808650656262,-9.975808650656262
89eaadf74ec61f14,train,PD,Floating,Lab PD,Lab,20160607,-8.028077575842708,-8.028077575842708,-8.028077575842708,-8.028077575842708,-8.028077575842708
3c323291969e447d,train,PD,Floating,Lab PD,Lab,20160607,-11.977906174909037,-11.977906174909037,-11.977906174909037,-11.977906174909037,-11.977906174909037
f554110171e91f67,train,PD,Floating,Lab PD,Lab,20160607,-10.769357231135587,-10.769357231135587,-10.769357231135587,-10.769357231135587,-10.769357231135587
21b2cd88d8583515,train,PD,Floating,Lab PD,Lab,20160607,-6.952713821628649,-6.952713821628649,-6.952713821628649,-6.952713821628649,-6.952713821628649
32384f6b2fa9d513,train,PD,Floating,Lab PD,Lab,20160607,-5.837101517793144,-5.837101517793144,-5.837101517793144,-5.837101517793144,-5.837101517793144
08e23a8f4dcb8701,train,PD,Floating,Lab PD,Lab,20160607,-7.179612405180592,-7.179612405180592,-7.179612405180592,-7.179612405180592,-7.179612405180592
544a93338496e643,train,PD,Floating,Lab PD,Lab,20160607,-5.136487121527345,-5.136487121527345,-5.136487121527345,-5.136487121527345,-5.136487121527345
65f3560134e8d38f,train,PD,Floating,Lab PD,Lab,20160607,-8.157248994169109,-8.157248994169109,-8.157248994169109,-8.157248994169109,-8.157248994169109
484618772a3aace1,train,PD,Floating,Lab PD,Lab,20160607,-6.890911642405115,-6.890911642405115,-6.890911642405115,-6.890911642405115,-6.890911642405115
ea0302fb06be1b83,train,PD,Floating,Lab PD,Lab,20160607,-7.256647337730595,-7.256647337730595,-7.256647337730595,-7.256647337730595,-7.256647337730595
e2f8d6e307e49387,train,PD,Floating,Lab PD,Lab,20160607,-6.354855914899105,-6.354855914899105,-6.354855914899105,-6.354855914899105,-6.354855914899105
c53d53ba40a57145,train,PD,Floating,Lab PD,Lab,20160607,-6.0020521356151875,-6.0020521356151875,-6.0020521356151875,-6.0020521356151875,-6.0020521356151875
66f0d60386ab80ad,train,PD,Floating,Lab PD,Lab,20160607,-6.130067583901699,-6.130067583901699,-6.130067583901699,-6.130067583901699,-6.130067583901699
dca8e09a7f6137f3,train,PD,Floating,Lab PD,Lab,20160607,-6.986540664030912,-6.986540664030912,-6.986540664030912,-6.986540664030912,-6.986540664030912
cefd287b57af7dfe,train,PD,Floating,Lab PD,Lab,20160607,-6.844192247765903,-6.844192247765903,-6.844192247765903,-6.844192247765903,-6.844192247765903
834e0304cefc17d1,train,PD,Floating,Lab PD,Lab,20160607,-5.238096168218384,-5.238096168218384,-5.238096168218384,-5.238096168218384,-5.238096168218384
a77dcb88c8dfac6e,train,PD,Floating,Lab PD,Lab,20160607,-6.152423102694854,-6.152423102694854,-6.152423102694854,-6.152423102694854,-6.152423102694854
6e9ac5ec57f28cfa,train,PD,Floating,Lab PD,Lab,20160607,-7.60487723752874,-7.60487723752874,-7.60487723752874,-7.60487723752874,-7.60487723752874
3826ddfdcf3e7e0c,train,PD,Floating,Lab PD,Lab,20160607,-7.221489446165741,-7.221489446165741,-7.221489446165741,-7.221489446165741,-7.221489446165741
cbf6ecfc7805e6bf,train,PD,Floating,Lab PD,Lab,20160607,-8.426301100666194,-8.426301100666194,-8.426301100666194,-8.426301100666194,-8.426301100666194
dc7d5b49ade36c9d,train,PD,Floating,Lab PD,Lab,20160607,-5.38210143005125,-5.38210143005125,-5.38210143005125,-5.38210143005125,-5.38210143005125
dc3a47460ecf857b,train,PD,Floating,Lab PD,Lab,20160607,-1.6068242537215838,-1.6068242537215838,-1.6068242537215838,-1.6068242537215838,-1.6068242537215838
78aaa2092210c259,train,PD,Floating,Lab PD,Lab,20160607,1.076870227939878,1.076870227939878,1.076870227939878,1.076870227939878,1.076870227939878
095fefc81892cf75,train,PD,Floating,Lab PD,Lab,20160607,-7.540295309273134,-7.540295309273134,-7.540295309273134,-7.540295309273134,-7.540295309273134
e117b9dedbbcdb57,train,PD,Floating,Lab PD,Lab,20160607,-6.961470600855961,-6.961470600855961,-6.961470600855961,-6.961470600855961,-6.961470600855961
6f096909ee2dbf1a,train,PD,Floating,Lab PD,Lab,20160607,-7.368587729257769,-7.368587729257769,-7.368587729257769,-7.368587729257769,-7.368587729257769
3afaa4e30d94f323,train,PD,Floating,Lab PD,Lab,20160607,-6.2809521650735505,-6.2809521650735505,-6.2809521650735505,-6.2809521650735505,-6.2809521650735505
2a217634b5ec14b5,train,PD,Floating,Lab PD,Lab,20160607,-5.626971598419175,-5.626971598419175,-5.626971598419175,-5.626971598419175,-5.626971598419175
a371cf55dfd536a0,train,PD,Floating,Lab PD,Lab,20160607,-4.120526469747858,-4.120526469747858,-4.120526469747858,-4.120526469747858,-4.120526469747858
149ffeea74398362,train,PD,Floating,Lab PD,Lab,20160608,-7.369844288381472,-7.369844288381472,-7.369844288381472,-7.369844288381472,-7.369844288381472
cf445c72a26f63f4,train,PD,Floating,Lab PD,Lab,20160608,-7.002384466006134,-7.002384466006134,-7.002384466006134,-7.002384466006134,-7.002384466006134
c3d20fd54bb6b92f,train,PD,Floating,Lab PD,Lab,20160608,-6.209620935324892,-6.209620935324892,-6.209620935324892,-6.209620935324892,-6.209620935324892
ef9acb8c1cc4127e,train,PD,Floating,Lab PD,Lab,20160608,-5.649708723377984,-5.649708723377984,-5.649708723377984,-5.649708723377984,-5.649708723377984
cd5798b4be6ff0ad,train,PD,Floating,Lab PD,Lab,20160608,-8.457763865514096,-8.457763865514096,-8.457763865514096,-8.457763865514096,-8.457763865514096
597e085f7dfb8fd9,train,PD,Floating,Lab PD,Lab,20160608,-7.6944710708515345,-7.6944710708515345,-7.6944710708515345,-7.6944710708515345,-7.6944710708515345
c08f7ffead5303b4,train,PD,Floating,Lab PD,Lab,20160608,-6.303426828842362,-6.303426828842362,-6.303426828842362,-6.303426828842362,-6.303426828842362
2d4ffaabf4abcdf6,train,PD,Floating,Lab PD,Lab,20160608,-6.36801559109108,-6.36801559109108,-6.36801559109108,-6.36801559109108,-6.36801559109108
4d9e3d63686b993c,train,PD,Floating,Lab PD,Lab,20160608,-10.12121905716819,-10.12121905716819,-10.12121905716819,-10.12121905716819,-10.12121905716819
aba851fe8cb2ddcd,train,PD,Floating,Lab PD,Lab,20160608,-7.36807213328207,-7.36807213328207,-7.36807213328207,-7.36807213328207,-7.36807213328207
03b0a38d9eefc3fc,train,PD,Floating,Lab PD,Lab,20160608,-7.862317133741101,-7.862317133741101,-7.862317133741101,-7.862317133741101,-7.862317133741101
5654c98e7ba2dcfa,train,PD,Floating,Lab PD,Lab,20160608,-5.880222616503119,-5.880222616503119,-5.880222616503119,-5.880222616503119,-5.880222616503119
fc2cbdc58792163e,train,PD,Floating,Lab PD,Lab,20160608,-11.89543383040467,-11.89543383040467,-11.89543383040467,-11.89543383040467,-11.89543383040467
6c6c8f95bc9daeaa,train,PD,Floating,Lab PD,Lab,20160608,-8.549927022697688,-8.549927022697688,-8.549927022697688,-8.549927022697688,-8.549927022697688
ba61ab3ebf0cbe8d,train,PD,Floating,Lab PD,Lab,20160608,-8.618062341059385,-8.618062341059385,-8.618062341059385,-8.618062341059385,-8.618062341059385
0091c10e5bfef409,train,PD,Floating,Lab PD,Lab,20160608,-7.100271160269841,-7.100271160269841,-7.100271160269841,-7.100271160269841,-7.100271160269841
477a67a894bb9431,train,PD,Floating,Lab PD,Lab,20160608,-3.035771153284486,-3.035771153284486,-3.035771153284486,-3.035771153284486,-3.035771153284486
abc1618900246f37,train,PD,Floating,Lab PD,Lab,20160608,-4.902771899230402,-4.902771899230402,-4.902771899230402,-4.902771899230402,-4.902771899230402
c092069e723af847,train,PD,Floating,Lab PD,Lab,20160608,-4.543398199065692,-4.543398199065692,-4.543398199065692,-4.543398199065692,-4.543398199065692
d74810c1b9d10d65,train,PD,Floating,Lab PD,Lab,20160608,-2.9919168489063566,-2.9919168489063566,-2.9919168489063566,-2.9919168489063566,-2.9919168489063566
c85df574e1ca2081,train,PD,Floating,Lab PD,Lab,20160608,-5.025756404638102,-5.025756404638102,-5.025756404638102,-5.025756404638102,-5.025756404638102
93bdd831789353f3,train,PD,Floating,Lab PD,Lab,20160608,-4.767664407109692,-4.767664407109692,-4.767664407109692,-4.767664407109692,-4.767664407109692
4b5e7e3f731ecf3e,train,PD,Floating,Lab PD,Lab,20160608,-3.737351339435989,-3.737351339435989,-3.737351339435989,-3.737351339435989,-3.737351339435989
487044016f9d3d59,train,PD,Floating,Lab PD,Lab,20160608,-2.2052518514549178,-2.2052518514549178,-2.2052518514549178,-2.2052518514549178,-2.2052518514549178
fd55b9a86c188f4f,train,PD,Floating,Lab PD,Lab,20160608,-6.482850408932464,-6.482850408932464,-6.482850408932464,-6.482850408932464,-6.482850408932464
1db39f2979b7310d,train,PD,Floating,Lab PD,Lab,20160608,-7.3061445222575685,-7.3061445222575685,-7.3061445222575685,-7.3061445222575685,-7.3061445222575685
4a315fe103cfcc78,train,PD,Floating,Lab PD,Lab,20160608,-5.65060629030512,-5.65060629030512,-5.65060629030512,-5.65060629030512,-5.65060629030512
01107ea4ea9402b2,train,PD,Floating,Lab PD,Lab,20160608,-3.7429312832419015,-3.7429312832419015,-3.7429312832419015,-3.7429312832419015,-3.7429312832419015
b55ae927bb743900,train,PD,Floating,Lab PD,Lab,20160608,-11.881625353977228,-11.881625353977228,-11.881625353977228,-11.881625353977228,-11.881625353977228
d3a8e20c58484d80,train,PD,Floating,Lab PD,Lab,20160608,-7.142919274808037,-7.142919274808037,-7.142919274808037,-7.142919274808037,-7.142919274808037
96bf4e4f2cef777c,train,PD,Floating,Lab PD,Lab,20160608,-6.5208432506735505,-6.5208432506735505,-6.5208432506735505,-6.5208432506735505,-6.5208432506735505
8399916af50860bd,train,PD,Floating,Lab PD,Lab,20160608,-5.891800218854087,-5.891800218854087,-5.891800218854087,-5.891800218854087,-5.891800218854087
7685f23a424afa42,train,PD,Floating,Lab PD,Lab,unknown_date,-5.571781052987944,-5.571781052987944,-5.571781052987944,-5.571781052987944,-5.571781052987944
e8ff9dfa8ce6a49c,train,PD,Floating,Lab PD,Lab,unknown_date,-6.176214511377168,-6.176214511377168,-6.176214511377168,-6.176214511377168,-6.176214511377168
e4050b9e212a6cb5,train,PD,Floating,Lab PD,Lab,unknown_date,-7.266652398978906,-7.266652398978906,-7.266652398978906,-7.266652398978906,-7.266652398978906
70570bd18a2236a3,train,PD,Floating,Lab PD,Lab,unknown_date,-6.060537064219517,-6.060537064219517,-6.060537064219517,-6.060537064219517,-6.060537064219517
f5522de63af99e07,train,PD,Floating,Lab PD,Lab,unknown_date,-9.074143505412565,-9.074143505412565,-9.074143505412565,-9.074143505412565,-9.074143505412565
8433480f7d1d6a31,train,PD,Floating,Lab PD,Lab,unknown_date,6.054741220819004,6.054741220819004,6.054741220819004,6.054741220819004,6.054741220819004
a2e163f101379f64,train,PD,Floating,Lab PD,Lab,unknown_date,-5.960640969460684,-5.960640969460684,-5.960640969460684,-5.960640969460684,-5.960640969460684
8a52670c42d541ae,train,PD,Floating,Lab PD,Lab,unknown_date,-6.772716543863382,-6.772716543863382,-6.772716543863382,-6.772716543863382,-6.772716543863382
569c558e0fb839ca,train,PD,Floating,Lab PD,Lab,unknown_date,-5.725504030997257,-5.725504030997257,-5.725504030997257,-5.725504030997257,-5.725504030997257
c363c57f11160011,train,PD,Floating,Lab PD,Lab,unknown_date,-5.804301992779216,-5.804301992779216,-5.804301992779216,-5.804301992779216,-5.804301992779216
75865bd85a81d9d2,train,PD,Floating,Lab PD,Lab,unknown_date,-3.4529094016679664,-3.4529094016679664,-3.4529094016679664,-3.4529094016679664,-3.4529094016679664
3e4bd366ca2878c3,train,PD,Floating,Lab PD,Lab,unknown_date,0.30860070843041854,0.30860070843041854,0.30860070843041854,0.30860070843041854,0.30860070843041854
11610200adc6d265,train,PD,Floating,Lab PD,Lab,unknown_date,2.3522202283049545,2.3522202283049545,2.3522202283049545,2.3522202283049545,2.3522202283049545
f6b1873b5ac3071c,train,PD,Floating,Lab PD,Lab,unknown_date,1.5618180591885924,1.5618180591885924,1.5618180591885924,1.5618180591885924,1.5618180591885924
15066757e16817d8,train,PD,Floating,Lab PD,Lab,unknown_date,2.252724356516218,2.252724356516218,2.252724356516218,2.252724356516218,2.252724356516218
b1bf04e3b078ec69,train,PD,Floating,Lab PD,Lab,unknown_date,0.2748304768145857,0.2748304768145857,0.2748304768145857,0.2748304768145857,0.2748304768145857
c740789c2f0bba8b,train,PD,Floating,Lab PD,Lab,unknown_date,-1.2561251590426536,-1.2561251590426536,-1.2561251590426536,-1.2561251590426536,-1.2561251590426536
e7e3bf9b3426a15c,train,PD,Floating,Lab PD,Lab,unknown_date,-0.15172823485085019,-0.15172823485085019,-0.15172823485085019,-0.15172823485085019,-0.15172823485085019
516bda4b02335138,train,PD,Floating,Lab PD,Lab,unknown_date,0.5501428183076627,0.5501428183076627,0.5501428183076627,0.5501428183076627,0.5501428183076627
045866fe70cdcab0,train,PD,Floating,Lab PD,Lab,unknown_date,-0.07810439179883844,-0.07810439179883844,-0.07810439179883844,-0.07810439179883844,-0.07810439179883844
cc046324dfba2a9e,train,PD,Floating,Lab PD,Lab,unknown_date,1.3506381412818342,1.3506381412818342,1.3506381412818342,1.3506381412818342,1.3506381412818342
5cdf6e1ebe7712a5,train,PD,Floating,Lab PD,Lab,unknown_date,0.8874421578652374,0.8874421578652374,0.8874421578652374,0.8874421578652374,0.8874421578652374
da9e0b6e90dfce36,train,PD,Floating,Lab PD,Lab,unknown_date,-0.5312937089261354,-0.5312937089261354,-0.5312937089261354,-0.5312937089261354,-0.5312937089261354
4d2015d69f106bc9,train,PD,Floating,Lab PD,Lab,unknown_date,14.26256982769683,14.26256982769683,14.26256982769683,14.26256982769683,14.26256982769683
7b87b1ee32b3f3bf,train,PD,Floating,Lab PD,Lab,unknown_date,15.556360941761042,15.556360941761042,15.556360941761042,15.556360941761042,15.556360941761042
c152d919f658835c,train,PD,Floating,Lab PD,Lab,unknown_date,16.252797818256894,16.252797818256894,16.252797818256894,16.252797818256894,16.252797818256894
1f936d693befa53f,train,PD,Floating,Lab PD,Lab,unknown_date,16.287635710507956,16.287635710507956,16.287635710507956,16.287635710507956,16.287635710507956
7fa02e566b91381d,train,PD,Floating,Lab PD,Lab,unknown_date,15.898092827300708,15.898092827300708,15.898092827300708,15.898092827300708,15.898092827300708
186987e4232aeb4c,train,PD,Floating,Lab PD,Lab,unknown_date,16.156449743082916,16.156449743082916,16.156449743082916,16.156449743082916,16.156449743082916
2fb5f2ade9c0a6bf,train,PD,Floating,Lab PD,Lab,unknown_date,15.854934043502368,15.854934043502368,15.854934043502368,15.854934043502368,15.854934043502368
ee576470e71c66a1,train,Noise,Noise,Lab PD,Lab,unknown_date,10.071492123470016,10.071492123470016,10.071492123470016,10.071492123470016,10.071492123470016
9f4c8a13dd0ce299,train,Noise,Noise,Lab PD,Lab,unknown_date,7.97733131312291,7.97733131312291,7.97733131312291,7.97733131312291,7.97733131312291
456ad83851f8e1e6,train,Noise,Noise,Lab PD,Lab,unknown_date,8.222027752605356,8.222027752605356,8.222027752605356,8.222027752605356,8.222027752605356
41978eca3e9e094e,train,Noise,Noise,Lab PD,Lab,unknown_date,6.608745481760451,6.608745481760451,6.608745481760451,6.608745481760451,6.608745481760451
120ec420643dfe9a,train,Noise,Noise,Lab PD,Lab,unknown_date,8.480795373888341,8.480795373888341,8.480795373888341,8.480795373888341,8.480795373888341
582e32f187e8ea80,train,Noise,Noise,Lab PD,Lab,unknown_date,-3.6306983890903375,-3.6306983890903375,-3.6306983890903375,-3.6306983890903375,-3.6306983890903375
ab352e3a7a2c37c8,train,Noise,Noise,Lab PD,Lab,unknown_date,-3.456571325798574,-3.456571325798574,-3.456571325798574,-3.456571325798574,-3.456571325798574
e43e4896fbb34396,train,Noise,Noise,Lab PD,Lab,unknown_date,-3.807207840642512,-3.807207840642512,-3.807207840642512,-3.807207840642512,-3.807207840642512
7a4ca097159465b1,train,Noise,Noise,Lab PD,Lab,unknown_date,-3.7073785190359274,-3.7073785190359274,-3.7073785190359274,-3.7073785190359274,-3.7073785190359274
8043741ce693c2bc,train,Noise,Noise,Lab PD,Lab,unknown_date,-3.6036311624891297,-3.6036311624891297,-3.6036311624891297,-3.6036311624891297,-3.6036311624891297
02a4d77011696bef,train,PD,Particle,Lab PD,Lab,unknown_date,0.19152980562594735,0.19152980562594735,0.19152980562594735,0.19152980562594735,0.19152980562594735
b96361c638eb058f,train,PD,Particle,Lab PD,Lab,unknown_date,-3.857584037131083,-3.857584037131083,-3.857584037131083,-3.857584037131083,-3.857584037131083
e95b4b3be594ea56,train,PD,Particle,Lab PD,Lab,unknown_date,-4.08359330815729,-4.08359330815729,-4.08359330815729,-4.08359330815729,-4.08359330815729
2d24db42d115b71b,train,PD,Particle,Lab PD,Lab,unknown_date,-3.8848505083169655,-3.8848505083169655,-3.8848505083169655,-3.8848505083169655,-3.8848505083169655
5a1bb938f8f3b40b,train,PD,Particle,Lab PD,Lab,unknown_date,-3.6914159196705683,-3.6914159196705683,-3.6914159196705683,-3.6914159196705683,-3.6914159196705683
6da661c53911d0f7,train,PD,Particle,Lab PD,Lab,unknown_date,-2.440081172845588,-2.440081172845588,-2.440081172845588,-2.440081172845588,-2.440081172845588
3d902dc6b6cb170b,train,PD,Particle,Lab PD,Lab,unknown_date,-3.9218476185991307,-3.9218476185991307,-3.9218476185991307,-3.9218476185991307,-3.9218476185991307
cd331148f0ed12bb,train,PD,Particle,Lab PD,Lab,unknown_date,-4.318086596592416,-4.318086596592416,-4.318086596592416,-4.318086596592416,-4.318086596592416
d76e01e28940f24b,train,PD,Particle,Lab PD,Lab,unknown_date,-4.047792062769918,-4.047792062769918,-4.047792062769918,-4.047792062769918,-4.047792062769918
0abc71e52190e52e,train,PD,Particle,Lab PD,Lab,unknown_date,-4.509321406143563,-4.509321406143563,-4.509321406143563,-4.509321406143563,-4.509321406143563
4cc69984b1e15246,train,PD,Particle,Lab PD,Lab,unknown_date,-4.754790631083978,-4.754790631083978,-4.754790631083978,-4.754790631083978,-4.754790631083978
90dd83efa99c5b4e,train,PD,Particle,Lab PD,Lab,unknown_date,-4.203983162189843,-4.203983162189843,-4.203983162189843,-4.203983162189843,-4.203983162189843
7eba8c5fdc8dd013,train,PD,Particle,Lab PD,Lab,unknown_date,-3.525708940494475,-3.525708940494475,-3.525708940494475,-3.525708940494475,-3.525708940494475
033fe180796ae41e,train,PD,Particle,Lab PD,Lab,unknown_date,-3.4224414564195627,-3.4224414564195627,-3.4224414564195627,-3.4224414564195627,-3.4224414564195627
35e53e87d9590444,train,PD,Particle,Lab PD,Lab,unknown_date,-3.462966840792866,-3.462966840792866,-3.462966840792866,-3.462966840792866,-3.462966840792866
c7686241fb775c14,train,PD,Particle,Lab PD,Lab,unknown_date,-3.082813628874135,-3.082813628874135,-3.082813628874135,-3.082813628874135,-3.082813628874135
708b5b18732cb766,train,PD,Particle,Lab PD,Lab,unknown_date,-3.8591082416427653,-3.8591082416427653,-3.8591082416427653,-3.8591082416427653,-3.8591082416427653
eef18533520f1547,train,PD,Particle,Lab PD,Lab,unknown_date,-3.105293952353634,-3.105293952353634,-3.105293952353634,-3.105293952353634,-3.105293952353634
e5c108a033ad31a4,train,PD,Particle,Lab PD,Lab,unknown_date,-2.3487422433337457,-2.3487422433337457,-2.3487422433337457,-2.3487422433337457,-2.3487422433337457
ce46713454a2a1f0,train,PD,Particle,Lab PD,Lab,unknown_date,-2.4227105596138756,-2.4227105596138756,-2.4227105596138756,-2.4227105596138756,-2.4227105596138756
7c9ab08e84437a40,train,PD,Particle,Lab PD,Lab,unknown_date,-1.8537588817116344,-1.8537588817116344,-1.8537588817116344,-1.8537588817116344,-1.8537588817116344
c3b82d5738fb0c2f,train,PD,Particle,Lab PD,Lab,unknown_date,-1.8508447347656727,-1.8508447347656727,-1.8508447347656727,-1.8508447347656727,-1.8508447347656727
dbdbe4eab89431bd,train,PD,Particle,Lab PD,Lab,unknown_date,-2.5713820136306182,-2.5713820136306182,-2.5713820136306182,-2.5713820136306182,-2.5713820136306182
cd3076f5a551ff1a,train,PD,Particle,Lab PD,Lab,unknown_date,-1.2732795243104196,-1.2732795243104196,-1.2732795243104196,-1.2732795243104196,-1.2732795243104196
df31e4c0b7034c47,train,PD,Particle,Lab PD,Lab,unknown_date,-1.3821934024236953,-1.3821934024236953,-1.3821934024236953,-1.3821934024236953,-1.3821934024236953
74d17bf4fbfd712d,train,PD,Particle,Lab PD,Lab,20150723,-2.0849723844155434,-2.0849723844155434,-2.0849723844155434,-2.0849723844155434,-2.0849723844155434
be6253dbab91939b,train,PD,Particle,Lab PD,Lab,20150723,-0.4684456647152615,-0.4684456647152615,-0.4684456647152615,-0.4684456647152615,-0.4684456647152615
b0a9232b6b0a5fab,train,PD,Particle,Lab PD,Lab,20150723,-1.680476802128993,-1.680476802128993,-1.680476802128993,-1.680476802128993,-1.680476802128993
58e27bf1faac116d,train,PD,Particle,Lab PD,Lab,20150723,-2.3462922592746978,-2.3462922592746978,-2.3462922592746978,-2.3462922592746978,-2.3462922592746978
5f2cda38772e9101,train,PD,Particle,Lab PD,Lab,20150723,-2.749086786475896,-2.749086786475896,-2.749086786475896,-2.749086786475896,-2.749086786475896
520bb60c91d99da3,train,PD,Particle,Lab PD,Lab,20150723,-2.0645640161343515,-2.0645640161343515,-2.0645640161343515,-2.0645640161343515,-2.0645640161343515
6d3ec0536610592f,train,PD,Particle,Lab PD,Lab,20150723,-2.144662613614436,-2.144662613614436,-2.144662613614436,-2.144662613614436,-2.144662613614436
56b2f8f5ca24cdb5,train,PD,Particle,Lab PD,Lab,20150723,-2.359107371502187,-2.359107371502187,-2.359107371502187,-2.359107371502187,-2.359107371502187
6207590c6ddfad21,train,PD,Particle,Lab PD,Lab,20150723,-2.5225944433405374,-2.5225944433405374,-2.5225944433405374,-2.5225944433405374,-2.5225944433405374
c8d494db6e96ae62,train,PD,Particle,Lab PD,Lab,20150723,-2.057933977382099,-2.057933977382099,-2.057933977382099,-2.057933977382099,-2.057933977382099
cdb9878a3a62d1d3,train,PD,Particle,Lab PD,Lab,20150723,-2.948416263156279,-2.948416263156279,-2.948416263156279,-2.948416263156279,-2.948416263156279
94f8ebbdeac48d41,train,PD,Particle,Lab PD,Lab,20150723,-1.9093242243826225,-1.9093242243826225,-1.9093242243826225,-1.9093242243826225,-1.9093242243826225
10631eeda2e2cb4b,train,PD,Particle,Lab PD,Lab,20150723,-1.5443804447389908,-1.5443804447389908,-1.5443804447389908,-1.5443804447389908,-1.5443804447389908
4212fc1838a10b14,train,PD,Particle,Lab PD,Lab,20150723,-2.759024259838874,-2.759024259838874,-2.759024259838874,-2.759024259838874,-2.759024259838874
8d9ec01980047e98,train,PD,Particle,Lab PD,Lab,20150723,-2.421746791570431,-2.421746791570431,-2.421746791570431,-2.421746791570431,-2.421746791570431
8613099635394451,train,PD,Particle,Lab PD,Lab,20150723,-2.326860275258955,-2.326860275258955,-2.326860275258955,-2.326860275258955,-2.326860275258955
7e75bb8c03be2ded,train,PD,Particle,Lab PD,Lab,20150723,-2.4355942464892024,-2.4355942464892024,-2.4355942464892024,-2.4355942464892024,-2.4355942464892024
475a5cc56e77a257,train,PD,Particle,Lab PD,Lab,20150723,-1.6721050957545458,-1.6721050957545458,-1.6721050957545458,-1.6721050957545458,-1.6721050957545458
db02c09e51f64f67,train,PD,Particle,Lab PD,Lab,20150723,-1.917688798654254,-1.917688798654254,-1.917688798654254,-1.917688798654254,-1.917688798654254
349696d7631b8d0e,train,PD,Particle,Lab PD,Lab,20150723,-2.319427878666488,-2.319427878666488,-2.319427878666488,-2.319427878666488,-2.319427878666488
a4b48081e35f1344,train,PD,Particle,Lab PD,Lab,20150723,-2.1458570455225967,-2.1458570455225967,-2.1458570455225967,-2.1458570455225967,-2.1458570455225967
5d3eedb20e54a82a,train,PD,Particle,Lab PD,Lab,20150723,-1.969434711914431,-1.969434711914431,-1.969434711914431,-1.969434711914431,-1.969434711914431
bd07238f4b9ea4f1,train,PD,Particle,Lab PD,Lab,20150723,-2.6979549945543226,-2.6979549945543226,-2.6979549945543226,-2.6979549945543226,-2.6979549945543226
2bb76a3feb49a6d7,train,PD,Particle,Lab PD,Lab,20150723,-1.8869221001164362,-1.8869221001164362,-1.8869221001164362,-1.8869221001164362,-1.8869221001164362
2313ec7e98c1fd67,train,PD,Particle,Lab PD,Lab,20150723,-2.1547251724574323,-2.1547251724574323,-2.1547251724574323,-2.1547251724574323,-2.1547251724574323
14e11d52872da858,train,PD,Particle,Lab PD,Lab,20150723,-2.249938326070861,-2.249938326070861,-2.249938326070861,-2.249938326070861,-2.249938326070861
87ebcbdc8f01876f,train,PD,Particle,Lab PD,Lab,20150723,-1.2499294377267276,-1.2499294377267276,-1.2499294377267276,-1.2499294377267276,-1.2499294377267276
ecfd78b4fd97eba4,train,PD,Particle,Lab PD,Lab,20150723,-2.057389640375945,-2.057389640375945,-2.057389640375945,-2.057389640375945,-2.057389640375945
f42f7738a62b9aa7,train,PD,Particle,Lab PD,Lab,20150723,-1.5384167748234994,-1.5384167748234994,-1.5384167748234994,-1.5384167748234994,-1.5384167748234994
1730d73b670a81a7,train,PD,Particle,Lab PD,Lab,20150723,-2.7719241394500855,-2.7719241394500855,-2.7719241394500855,-2.7719241394500855,-2.7719241394500855
6f56ff3a4497be8f,train,PD,Particle,Lab PD,Lab,20150723,-1.7919475978697523,-1.7919475978697523,-1.7919475978697523,-1.7919475978697523,-1.7919475978697523
09c77134a6736ced,train,PD,Particle,Lab PD,Lab,20150723,-2.22631700775959,-2.22631700775959,-2.22631700775959,-2.22631700775959,-2.22631700775959
68e996d4c9cbfea4,train,PD,Particle,Lab PD,Lab,20150724,-3.231681181486479,-3.231681181486479,-3.231681181486479,-3.231681181486479,-3.231681181486479
50f61fbacf03799a,train,PD,Particle,Lab PD,Lab,20150724,-3.1149377642373537,-3.1149377642373537,-3.1149377642373537,-3.1149377642373537,-3.1149377642373537
28e22092ae434383,train,PD,Particle,Lab PD,Lab,20150724,-1.766040691308035,-1.766040691308035,-1.766040691308035,-1.766040691308035,-1.766040691308035
18d41dc2b91296be,train,PD,Particle,Lab PD,Lab,20150724,-2.3977646553240177,-2.3977646553240177,-2.3977646553240177,-2.3977646553240177,-2.3977646553240177
82788e73515480a5,train,PD,Particle,Lab PD,Lab,20150724,-1.8765270900957702,-1.8765270900957702,-1.8765270900957702,-1.8765270900957702,-1.8765270900957702
821d3cd0da74c33f,train,PD,Particle,Lab PD,Lab,20150724,-2.3932693991597205,-2.3932693991597205,-2.3932693991597205,-2.3932693991597205,-2.3932693991597205
449f87dbfd9398d6,train,PD,Particle,Lab PD,Lab,20150724,-2.487608474538746,-2.487608474538746,-2.487608474538746,-2.487608474538746,-2.487608474538746
bd9f657bc66ea0d9,train,PD,Particle,Lab PD,Lab,20150724,-0.8532895252621913,-0.8532895252621913,-0.8532895252621913,-0.8532895252621913,-0.8532895252621913
3840418e449a4a7a,train,PD,Particle,Lab PD,Lab,20150724,-2.2236189552850476,-2.2236189552850476,-2.2236189552850476,-2.2236189552850476,-2.2236189552850476
c1b4097663f1de80,train,PD,Particle,Lab PD,Lab,20150724,-3.9073177129930343,-3.9073177129930343,-3.9073177129930343,-3.9073177129930343,-3.9073177129930343
5df4cb0dcbf452f5,train,PD,Particle,Lab PD,Lab,20150724,-3.2880823176409137,-3.2880823176409137,-3.2880823176409137,-3.2880823176409137,-3.2880823176409137
aa1dbdc090cab405,train,PD,Particle,Lab PD,Lab,20150724,-1.939353232765935,-1.939353232765935,-1.939353232765935,-1.939353232765935,-1.939353232765935
af4de4cec2246f9a,train,PD,Particle,Lab PD,Lab,20150724,-2.638380269201381,-2.638380269201381,-2.638380269201381,-2.638380269201381,-2.638380269201381
63de64812343db96,train,PD,Particle,Lab PD,Lab,20150724,-2.4383310561849214,-2.4383310561849214,-2.4383310561849214,-2.4383310561849214,-2.4383310561849214
de662ad9259d3b54,train,PD,Particle,Lab PD,Lab,20150724,-2.8876565153421225,-2.8876565153421225,-2.8876565153421225,-2.8876565153421225,-2.8876565153421225
1caa8df3ee3b8d3c,train,PD,Particle,Lab PD,Lab,20150724,-0.6813794287707111,-0.6813794287707111,-0.6813794287707111,-0.6813794287707111,-0.6813794287707111
eff135365adb228f,train,PD,Particle,Lab PD,Lab,20150724,-1.3821762713547567,-1.3821762713547567,-1.3821762713547567,-1.3821762713547567,-1.3821762713547567
5702b89b36cf3d71,train,PD,Particle,Lab PD,Lab,20150724,-1.596213303156178,-1.596213303156178,-1.596213303156178,-1.596213303156178,-1.596213303156178
bfde77a62816e7f1,train,PD,Particle,Lab PD,Lab,20150724,-1.6976245221148378,-1.6976245221148378,-1.6976245221148378,-1.6976245221148378,-1.6976245221148378
878ea9646817b077,train,PD,Particle,Lab PD,Lab,20150724,-1.5567499311055961,-1.5567499311055961,-1.5567499311055961,-1.5567499311055961,-1.5567499311055961
5b3230cbec978b18,train,PD,Particle,Lab PD,Lab,20150724,-1.5351366844281227,-1.5351366844281227,-1.5351366844281227,-1.5351366844281227,-1.5351366844281227
941684a9f97af1a6,train,PD,Particle,Lab PD,Lab,20150724,-1.88551075558415,-1.88551075558415,-1.88551075558415,-1.88551075558415,-1.88551075558415
041b0b55b2c5c41b,train,PD,Particle,Lab PD,Lab,20150724,-2.3239237745058148,-2.3239237745058148,-2.3239237745058148,-2.3239237745058148,-2.3239237745058148
6a4f1239a312f3b6,train,PD,Particle,Lab PD,Lab,20150724,-2.1249732400892896,-2.1249732400892896,-2.1249732400892896,-2.1249732400892896,-2.1249732400892896
f4e73fdf49f31454,train,PD,Particle,Lab PD,Lab,20150724,-1.8570114866678544,-1.8570114866678544,-1.8570114866678544,-1.8570114866678544,-1.8570114866678544
2841c3500f58a4ab,train,PD,Particle,Lab PD,Lab,20150724,-1.1956774036675881,-1.1956774036675881,-1.1956774036675881,-1.1956774036675881,-1.1956774036675881
9dc2c2b5fc24fe5c,train,PD,Particle,Lab PD,Lab,20151106,-1.6809228578758066,-1.6809228578758066,-1.6809228578758066,-1.6809228578758066,-1.6809228578758066
9ce90c4ddaef61de,train,PD,Particle,Lab PD,Lab,20151106,-1.5410433577879026,-1.5410433577879026,-1.5410433577879026,-1.5410433577879026,-1.5410433577879026
d9e781c602526ae8,train,PD,Particle,Lab PD,Lab,20151106,-2.081186232330401,-2.081186232330401,-2.081186232330401,-2.081186232330401,-2.081186232330401
0e13918e3eaa9cc8,train,PD,Particle,Lab PD,Lab,20151106,-1.8263527329964102,-1.8263527329964102,-1.8263527329964102,-1.8263527329964102,-1.8263527329964102
124c5a565a08580a,train,PD,Particle,Lab PD,Lab,20151106,-1.5768121316147354,-1.5768121316147354,-1.5768121316147354,-1.5768121316147354,-1.5768121316147354
128b6d3297df969b,train,PD,Particle,Lab PD,Lab,20151106,-1.36590359201759,-1.36590359201759,-1.36590359201759,-1.36590359201759,-1.36590359201759
2198989bf74f1e70,train,PD,Particle,Lab PD,Lab,20151106,-2.3010247950566214,-2.3010247950566214,-2.3010247950566214,-2.3010247950566214,-2.3010247950566214
62ff833ff67831c1,train,PD,Particle,Lab PD,Lab,20151106,-2.10629408084343,-2.10629408084343,-2.10629408084343,-2.10629408084343,-2.10629408084343
ed5cd4cf4ebf06bc,train,PD,Particle,Lab PD,Lab,20151210,-1.0432265802025285,-1.0432265802025285,-1.0432265802025285,-1.0432265802025285,-1.0432265802025285
57b913cabda31614,train,PD,Particle,Lab PD,Lab,20151210,-1.221668409469487,-1.221668409469487,-1.221668409469487,-1.221668409469487,-1.221668409469487
c9e6d71fd4edf39e,train,PD,Particle,Lab PD,Lab,20151210,-2.0634510975566265,-2.0634510975566265,-2.0634510975566265,-2.0634510975566265,-2.0634510975566265
3794d757aea96cda,train,PD,Particle,Lab PD,Lab,20151210,-1.02226247984958,-1.02226247984958,-1.02226247984958,-1.02226247984958,-1.02226247984958
cb84365a1a73ac0e,train,PD,Particle,Lab PD,Lab,20151210,-1.139608336837675,-1.139608336837675,-1.139608336837675,-1.139608336837675,-1.139608336837675
53bed7a9b9c33055,train,PD,Particle,Lab PD,Lab,20151210,-1.3327564733544772,-1.3327564733544772,-1.3327564733544772,-1.3327564733544772,-1.3327564733544772
a7f746139916ecf0,train,PD,Particle,Lab PD,Lab,20151210,-1.264684229366921,-1.264684229366921,-1.264684229366921,-1.264684229366921,-1.264684229366921
c13a856f5afb0c6e,train,PD,Particle,Lab PD,Lab,20151224,-5.394497083572631,-5.394497083572631,-5.394497083572631,-5.394497083572631,-5.394497083572631
63efded6d1cb95d8,train,PD,Particle,Lab PD,Lab,20151224,-1.5733430664373458,-1.5733430664373458,-1.5733430664373458,-1.5733430664373458,-1.5733430664373458
20dcc76c0bc03721,train,PD,Particle,Lab PD,Lab,20151224,-1.8528523014176876,-1.8528523014176876,-1.8528523014176876,-1.8528523014176876,-1.8528523014176876
4af540eee6b77065,train,PD,Particle,Lab PD,Lab,20151224,-3.2335506388889392,-3.2335506388889392,-3.2335506388889392,-3.2335506388889392,-3.2335506388889392
7b017b58a9586409,train,PD,Particle,Lab PD,Lab,20151224,-1.7558377082830372,-1.7558377082830372,-1.7558377082830372,-1.7558377082830372,-1.7558377082830372
f8e5e8eb71b87693,train,PD,Particle,Lab PD,Lab,20151224,-1.2684981724256232,-1.2684981724256232,-1.2684981724256232,-1.2684981724256232,-1.2684981724256232
a455457d2eb38a7e,train,PD,Particle,Lab PD,Lab,20151224,-1.3401843282733932,-1.3401843282733932,-1.3401843282733932,-1.3401843282733932,-1.3401843282733932
7d3102fe0dc6da93,train,PD,Particle,Lab PD,Lab,20151224,-2.0552643681649094,-2.0552643681649094,-2.0552643681649094,-2.0552643681649094,-2.0552643681649094
3d1f96b4ade161ac,train,PD,Particle,Lab PD,Lab,20151224,-1.6517002736970703,-1.6517002736970703,-1.6517002736970703,-1.6517002736970703,-1.6517002736970703
e8b18246a1b24131,train,PD,Particle,Lab PD,Lab,20151224,-2.252544338987768,-2.252544338987768,-2.252544338987768,-2.252544338987768,-2.252544338987768
090cee838cc2f863,train,PD,Particle,Lab PD,Lab,20151224,-3.549250023665678,-3.549250023665678,-3.549250023665678,-3.549250023665678,-3.549250023665678
8fef38be311f51b8,train,PD,Particle,Lab PD,Lab,20151224,-2.33055428461887,-2.33055428461887,-2.33055428461887,-2.33055428461887,-2.33055428461887
9f24dc643bdcba4d,train,PD,Particle,Lab PD,Lab,20151224,-1.677239958628931,-1.677239958628931,-1.677239958628931,-1.677239958628931,-1.677239958628931
e12a88882000681c,train,PD,Particle,Lab PD,Lab,20151224,-1.648574623799604,-1.648574623799604,-1.648574623799604,-1.648574623799604,-1.648574623799604
36c315ef16bfa52f,train,PD,Particle,Lab PD,Lab,20151224,-1.8765504706805665,-1.8765504706805665,-1.8765504706805665,-1.8765504706805665,-1.8765504706805665
93b6c593f15f6332,train,PD,Particle,Lab PD,Lab,20151224,-0.3713850793580491,-0.3713850793580491,-0.3713850793580491,-0.3713850793580491,-0.3713850793580491
c09ec782c34fdebd,train,PD,Particle,Lab PD,Lab,20160607,-3.9795969962263626,-3.9795969962263626,-3.9795969962263626,-3.9795969962263626,-3.9795969962263626
eda3aa06035707e5,train,PD,Particle,Lab PD,Lab,20160607,-1.3289292387462837,-1.3289292387462837,-1.3289292387462837,-1.3289292387462837,-1.3289292387462837
dd34dc28725f731a,train,PD,Particle,Lab PD,Lab,20160607,-1.7759900375854318,-1.7759900375854318,-1.7759900375854318,-1.7759900375854318,-1.7759900375854318
7e43916c2ae73e6d,train,PD,Particle,Lab PD,Lab,20160607,-1.824566687490936,-1.824566687490936,-1.824566687490936,-1.824566687490936,-1.824566687490936
2be63271e1f9a16e,train,PD,Particle,Lab PD,Lab,20160607,-0.9959196948499329,-0.9959196948499329,-0.9959196948499329,-0.9959196948499329,-0.9959196948499329
537c26c509fd9fe2,train,PD,Particle,Lab PD,Lab,20160607,-1.8330404302537744,-1.8330404302537744,-1.8330404302537744,-1.8330404302537744,-1.8330404302537744
9bffae5e692a0cd1,train,PD,Particle,Lab PD,Lab,20160607,-1.951954141942494,-1.951954141942494,-1.951954141942494,-1.951954141942494,-1.951954141942494
d6b557ad4be17abc,train,PD,Particle,Lab PD,Lab,20160607,-1.8662740934830708,-1.8662740934830708,-1.8662740934830708,-1.8662740934830708,-1.8662740934830708
4ae0e4b5a66cc35d,train,PD,Particle,Lab PD,Lab,20160607,-1.204301677793513,-1.204301677793513,-1.204301677793513,-1.204301677793513,-1.204301677793513
67384c8cee6fb5d5,train,PD,Particle,Lab PD,Lab,20160607,-2.008149731524062,-2.008149731524062,-2.008149731524062,-2.008149731524062,-2.008149731524062
75098c2e5204b205,train,PD,Particle,Lab PD,Lab,20160607,-2.1718987358394912,-2.1718987358394912,-2.1718987358394912,-2.1718987358394912,-2.1718987358394912
84ca23825729b0d4,train,PD,Particle,Lab PD,Lab,20160607,-1.2686927968224104,-1.2686927968224104,-1.2686927968224104,-1.2686927968224104,-1.2686927968224104
961dcd4caf2f3477,train,PD,Particle,Lab PD,Lab,20160607,-1.5891725208543441,-1.5891725208543441,-1.5891725208543441,-1.5891725208543441,-1.5891725208543441
6246ca9e9fa734ee,train,PD,Particle,Lab PD,Lab,20160607,-1.9598216000075688,-1.9598216000075688,-1.9598216000075688,-1.9598216000075688,-1.9598216000075688
b84ab7f77a3c7bb6,train,PD,Particle,Lab PD,Lab,20160607,-1.3353001948491787,-1.3353001948491787,-1.3353001948491787,-1.3353001948491787,-1.3353001948491787
5f482952789e9007,train,PD,Particle,Lab PD,Lab,20160607,-2.0804282998159316,-2.0804282998159316,-2.0804282998159316,-2.0804282998159316,-2.0804282998159316
e457ac0ea472e9e4,train,PD,Particle,Lab PD,Lab,20160607,-1.9681516502066838,-1.9681516502066838,-1.9681516502066838,-1.9681516502066838,-1.9681516502066838
7ad562538294270b,train,PD,Particle,Lab PD,Lab,20160607,-0.9478273413012701,-0.9478273413012701,-0.9478273413012701,-0.9478273413012701,-0.9478273413012701
2aa11a8b7d8de830,train,PD,Particle,Lab PD,Lab,20160607,-1.701768429563991,-1.701768429563991,-1.701768429563991,-1.701768429563991,-1.701768429563991
cdfd305eb3822e6d,train,PD,Particle,Lab PD,Lab,20160607,-1.5876582179661174,-1.5876582179661174,-1.5876582179661174,-1.5876582179661174,-1.5876582179661174
b121402749da6d79,train,PD,Particle,Lab PD,Lab,20160607,-0.9780297234177429,-0.9780297234177429,-0.9780297234177429,-0.9780297234177429,-0.9780297234177429
c2a49183a51417b9,train,PD,Particle,Lab PD,Lab,20160607,-1.4598943182998863,-1.4598943182998863,-1.4598943182998863,-1.4598943182998863,-1.4598943182998863
8fd60ab310f1c1f4,train,PD,Particle,Lab PD,Lab,20160607,-1.4892249960024753,-1.4892249960024753,-1.4892249960024753,-1.4892249960024753,-1.4892249960024753
9c3fb6bf98405143,train,PD,Particle,Lab PD,Lab,20160607,-1.015582489378815,-1.015582489378815,-1.015582489378815,-1.015582489378815,-1.015582489378815
bc2463b2b9953ef7,train,PD,Particle,Lab PD,Lab,20160607,-1.7653367697448328,-1.7653367697448328,-1.7653367697448328,-1.7653367697448328,-1.7653367697448328
f00222462fb6443b,train,PD,Particle,Lab PD,Lab,20160607,-1.4938226983403382,-1.4938226983403382,-1.4938226983403382,-1.4938226983403382,-1.4938226983403382
c91c616a5368e91a,train,PD,Particle,Lab PD,Lab,20160607,-0.9310065542132193,-0.9310065542132193,-0.9310065542132193,-0.9310065542132193,-0.9310065542132193
2b143e6f47fab797,train,PD,Particle,Lab PD,Lab,20160607,-1.4843489124304714,-1.4843489124304714,-1.4843489124304714,-1.4843489124304714,-1.4843489124304714
8f6633cc5ca5f6a1,train,PD,Particle,Lab PD,Lab,20160607,-1.2957205794748585,-1.2957205794748585,-1.2957205794748585,-1.2957205794748585,-1.2957205794748585
bcf24e7ea768d0df,train,PD,Particle,Lab PD,Lab,20160607,-0.4915596633884398,-0.4915596633884398,-0.4915596633884398,-0.4915596633884398,-0.4915596633884398
626f8748af449595,train,PD,Particle,Lab PD,Lab,20160607,-1.6686456825289913,-1.6686456825289913,-1.6686456825289913,-1.6686456825289913,-1.6686456825289913
b2e2c56325ffdec4,train,PD,Particle,Lab PD,Lab,20160607,-1.4067990216103645,-1.4067990216103645,-1.4067990216103645,-1.4067990216103645,-1.4067990216103645
6a2e164fd07191a6,train,PD,Particle,Lab PD,Lab,20160607,-1.3808827401460828,-1.3808827401460828,-1.3808827401460828,-1.3808827401460828,-1.3808827401460828
e79d9f22d470a019,train,PD,Particle,Lab PD,Lab,20160607,-1.3378213833727965,-1.3378213833727965,-1.3378213833727965,-1.3378213833727965,-1.3378213833727965
2e986900bb82b2ad,train,PD,Particle,Lab PD,Lab,20160607,-1.7322421275901299,-1.7322421275901299,-1.7322421275901299,-1.7322421275901299,-1.7322421275901299
bf26b9df940f9941,train,PD,Particle,Lab PD,Lab,20160607,-1.702163179808144,-1.702163179808144,-1.702163179808144,-1.702163179808144,-1.702163179808144
e15971d07fa4204b,train,PD,Particle,Lab PD,Lab,20160607,-1.9693727085157207,-1.9693727085157207,-1.9693727085157207,-1.9693727085157207,-1.9693727085157207
0dd8b43a6a2991df,train,PD,Particle,Lab PD,Lab,20160607,-1.414761488522764,-1.414761488522764,-1.414761488522764,-1.414761488522764,-1.414761488522764
0dddab4d15b241df,train,PD,Particle,Lab PD,Lab,20160608,-1.171859897087577,-1.171859897087577,-1.171859897087577,-1.171859897087577,-1.171859897087577
06bde3f422d3c588,train,PD,Particle,Lab PD,Lab,20160608,-1.5882556010763764,-1.5882556010763764,-1.5882556010763764,-1.5882556010763764,-1.5882556010763764
a2c5c9683ccdd05d,train,PD,Particle,Lab PD,Lab,20160608,-1.9345514128575836,-1.9345514128575836,-1.9345514128575836,-1.9345514128575836,-1.9345514128575836
ca5f3e76f1ae0340,train,PD,Particle,Lab PD,Lab,20160608,-1.451894092235701,-1.451894092235701,-1.451894092235701,-1.451894092235701,-1.451894092235701
2f0c7f37cfe5334f,train,PD,Particle,Lab PD,Lab,20160608,-1.420656142621537,-1.420656142621537,-1.420656142621537,-1.420656142621537,-1.420656142621537
f66ffc03158596c5,train,PD,Particle,Lab PD,Lab,20160608,-1.9426178509085883,-1.9426178509085883,-1.9426178509085883,-1.9426178509085883,-1.9426178509085883
faa7e4e23d21db33,train,PD,Particle,Lab PD,Lab,20160608,-2.0700795889067365,-2.0700795889067365,-2.0700795889067365,-2.0700795889067365,-2.0700795889067365
a606b831d404ec6d,train,PD,Particle,Lab PD,Lab,20160608,-1.506593268870068,-1.506593268870068,-1.506593268870068,-1.506593268870068,-1.506593268870068
fabde579d39d9db4,train,PD,Particle,Lab PD,Lab,20160608,-1.490693200001779,-1.490693200001779,-1.490693200001779,-1.490693200001779,-1.490693200001779
74cc49fe66c3a5a3,train,PD,Particle,Lab PD,Lab,20160608,-1.8485039726188681,-1.8485039726188681,-1.8485039726188681,-1.8485039726188681,-1.8485039726188681
88c9d4281f887a33,train,PD,Particle,Lab PD,Lab,20160608,-1.311957504415922,-1.311957504415922,-1.311957504415922,-1.311957504415922,-1.311957504415922
a7cea687ca9affb3,train,PD,Particle,Lab PD,Lab,20160608,-0.9515150572457767,-0.9515150572457767,-0.9515150572457767,-0.9515150572457767,-0.9515150572457767
19b90cd81231f80a,train,PD,Particle,Lab PD,Lab,20160608,-1.7627073177319268,-1.7627073177319268,-1.7627073177319268,-1.7627073177319268,-1.7627073177319268
8800148ff5abb0e0,train,PD,Particle,Lab PD,Lab,20160608,-1.97097938492508,-1.97097938492508,-1.97097938492508,-1.97097938492508,-1.97097938492508
fca1198b30dea1e6,train,PD,Particle,Lab PD,Lab,20160608,-1.8367425114220275,-1.8367425114220275,-1.8367425114220275,-1.8367425114220275,-1.8367425114220275
0f97c742b047cf55,train,PD,Particle,Lab PD,Lab,20160608,-1.5173230778945026,-1.5173230778945026,-1.5173230778945026,-1.5173230778945026,-1.5173230778945026
eefe776a2593a8d9,train,PD,Particle,Lab PD,Lab,20160608,-2.20849322866966,-2.20849322866966,-2.20849322866966,-2.20849322866966,-2.20849322866966
5fdb1172929b7413,train,PD,Particle,Lab PD,Lab,20160608,-1.8855954273154723,-1.8855954273154723,-1.8855954273154723,-1.8855954273154723,-1.8855954273154723
3c4530b779a9210e,train,PD,Particle,Lab PD,Lab,20160608,-1.8135030536274268,-1.8135030536274268,-1.8135030536274268,-1.8135030536274268,-1.8135030536274268
b429134940c18933,train,PD,Particle,Lab PD,Lab,20160608,-1.836642054828868,-1.836642054828868,-1.836642054828868,-1.836642054828868,-1.836642054828868
01fb59b5c6284e87,train,PD,Particle,Lab PD,Lab,20160608,-1.3290942686236082,-1.3290942686236082,-1.3290942686236082,-1.3290942686236082,-1.3290942686236082
e67f5b393309201b,train,PD,Particle,Lab PD,Lab,20160608,-1.878555095060955,-1.878555095060955,-1.878555095060955,-1.878555095060955,-1.878555095060955
b8124ff9f25e5431,train,PD,Particle,Lab PD,Lab,20160608,-1.8725169544056257,-1.8725169544056257,-1.8725169544056257,-1.8725169544056257,-1.8725169544056257
8d43f97de38b6ace,train,PD,Particle,Lab PD,Lab,20160608,-1.4889639160704604,-1.4889639160704604,-1.4889639160704604,-1.4889639160704604,-1.4889639160704604
585fefa6551aeea7,train,PD,Particle,Lab PD,Lab,20160608,-1.86573096722746,-1.86573096722746,-1.86573096722746,-1.86573096722746,-1.86573096722746
a6598ad280665e81,train,PD,Particle,Lab PD,Lab,20160608,-1.4267049884842304,-1.4267049884842304,-1.4267049884842304,-1.4267049884842304,-1.4267049884842304
ad944111b542b00f,train,PD,Particle,Lab PD,Lab,20160608,-1.4108535028038034,-1.4108535028038034,-1.4108535028038034,-1.4108535028038034,-1.4108535028038034
afb78f6d00aa606e,train,PD,Particle,Lab PD,Lab,20160608,-1.6980355313271147,-1.6980355313271147,-1.6980355313271147,-1.6980355313271147,-1.6980355313271147
cd372f7a050b40ba,train,PD,Particle,Lab PD,Lab,20160608,-1.8525402988682025,-1.8525402988682025,-1.8525402988682025,-1.8525402988682025,-1.8525402988682025
a05dd694b34633a3,train,PD,Particle,Lab PD,Lab,20160608,-1.8410636460343248,-1.8410636460343248,-1.8410636460343248,-1.8410636460343248,-1.8410636460343248
0d122309135e9ef0,train,PD,Particle,Lab PD,Lab,20160608,-1.4615436194184053,-1.4615436194184053,-1.4615436194184053,-1.4615436194184053,-1.4615436194184053
b15b945762ae2d13,train,PD,Particle,Lab PD,Lab,20160608,-1.490163663897869,-1.490163663897869,-1.490163663897869,-1.490163663897869,-1.490163663897869
d05490e1e4c68a57,train,PD,Particle,Lab PD,Lab,20160608,-1.296308602111763,-1.296308602111763,-1.296308602111763,-1.296308602111763,-1.296308602111763
ac3ed4553e928ff8,train,PD,Particle,Lab PD,Lab,20160608,-1.4710380455879672,-1.4710380455879672,-1.4710380455879672,-1.4710380455879672,-1.4710380455879672
a738d920f4c33a57,train,PD,Particle,Lab PD,Lab,20160608,-1.7342912027200263,-1.7342912027200263,-1.7342912027200263,-1.7342912027200263,-1.7342912027200263
ffa2a056b79b34b9,train,PD,Particle,Lab PD,Lab,20160608,-1.340079882924723,-1.340079882924723,-1.340079882924723,-1.340079882924723,-1.340079882924723
64b9cd156a8f2ea3,train,PD,Particle,Lab PD,Lab,20160608,-1.4977591187072505,-1.4977591187072505,-1.4977591187072505,-1.4977591187072505,-1.4977591187072505
4c5ff72120093750,train,PD,Particle,Lab PD,Lab,20160608,-1.3115504072339839,-1.3115504072339839,-1.3115504072339839,-1.3115504072339839,-1.3115504072339839
c6d8a9e1bb4b33b7,train,PD,Particle,Lab PD,Lab,20160608,-1.375784188568547,-1.375784188568547,-1.375784188568547,-1.375784188568547,-1.375784188568547
7d887f06773d10d3,train,PD,Particle,Lab PD,Lab,20160608,-3.0612819575612704,-3.0612819575612704,-3.0612819575612704,-3.0612819575612704,-3.0612819575612704
37b2c90119fa4c94,train,PD,Particle,Lab PD,Lab,20160608,-3.509389332990736,-3.509389332990736,-3.509389332990736,-3.509389332990736,-3.509389332990736
aafa03a0dc1fe4fa,train,PD,Particle,Lab PD,Lab,20160608,-3.271801721690757,-3.271801721690757,-3.271801721690757,-3.271801721690757,-3.271801721690757
bc9b66146c33b33a,train,PD,Particle,Lab PD,Lab,20160608,-3.203770288702515,-3.203770288702515,-3.203770288702515,-3.203770288702515,-3.203770288702515
0773808513d582f3,train,PD,Particle,Lab PD,Lab,20160608,-0.37288650145769964,-0.37288650145769964,-0.37288650145769964,-0.37288650145769964,-0.37288650145769964
933e519646e0716f,train,PD,Particle,Lab PD,Lab,20160608,-3.435678612826507,-3.435678612826507,-3.435678612826507,-3.435678612826507,-3.435678612826507
b03f55b1778840e6,train,PD,Particle,Lab PD,Lab,20211027,-4.151905397083468,-4.151905397083468,-4.151905397083468,-4.151905397083468,-4.151905397083468
f30dde8fc077b441,train,PD,Particle,Lab PD,Lab,20211027,-5.222055419947168,-5.222055419947168,-5.222055419947168,-5.222055419947168,-5.222055419947168
c889ac65710f31e4,train,PD,Particle,Lab PD,Lab,20211027,-3.077536566419923,-3.077536566419923,-3.077536566419923,-3.077536566419923,-3.077536566419923
8cce0a41e52752e5,train,PD,Particle,Lab PD,Lab,20211027,-3.2522319081329556,-3.2522319081329556,-3.2522319081329556,-3.2522319081329556,-3.2522319081329556
9d969cc6176e69be,train,PD,Particle,Lab PD,Lab,20211027,-4.1804541802772945,-4.1804541802772945,-4.1804541802772945,-4.1804541802772945,-4.1804541802772945
1b7f1fcfe84af99b,train,PD,Particle,Lab PD,Lab,20211027,-2.7484310248674007,-2.7484310248674007,-2.7484310248674007,-2.7484310248674007,-2.7484310248674007
541a6ceaf71153e8,train,PD,Particle,Lab PD,Lab,20211027,-5.727367088462422,-5.727367088462422,-5.727367088462422,-5.727367088462422,-5.727367088462422
add6b0a988611531,train,PD,Particle,Lab PD,Lab,20211027,-4.212150604877493,-4.212150604877493,-4.212150604877493,-4.212150604877493,-4.212150604877493
a066d84b9eaa5449,train,PD,Particle,Lab PD,Lab,20211027,-1.9331611422776191,-1.9331611422776191,-1.9331611422776191,-1.9331611422776191,-1.9331611422776191
d0af9140cbcde8db,train,PD,Particle,Lab PD,Lab,20211027,-4.016422732213755,-4.016422732213755,-4.016422732213755,-4.016422732213755,-4.016422732213755
32b4fdd3463cfc7a,train,PD,Particle,Lab PD,Lab,20211027,-4.58967270685433,-4.58967270685433,-4.58967270685433,-4.58967270685433,-4.58967270685433
002f0cb46ffd7da4,train,PD,Particle,Lab PD,Lab,20211027,-3.959471193836677,-3.959471193836677,-3.959471193836677,-3.959471193836677,-3.959471193836677
2b33204158a96ece,train,PD,Particle,Lab PD,Lab,20211027,-5.245375332425702,-5.245375332425702,-5.245375332425702,-5.245375332425702,-5.245375332425702
589d70ecb0dac35e,train,PD,Particle,Lab PD,Lab,20211027,-3.194083437321453,-3.194083437321453,-3.194083437321453,-3.194083437321453,-3.194083437321453
b9a72841b377255c,train,PD,Particle,Lab PD,Lab,20211027,-4.73419612008604,-4.73419612008604,-4.73419612008604,-4.73419612008604,-4.73419612008604
2bfb2ad8d128affd,train,PD,Particle,Lab PD,Lab,20211027,-3.9191115397699434,-3.9191115397699434,-3.9191115397699434,-3.9191115397699434,-3.9191115397699434
657131c39c55c7cd,train,PD,Particle,Lab PD,Lab,20211027,-4.809255431225992,-4.809255431225992,-4.809255431225992,-4.809255431225992,-4.809255431225992
1506223df47be275,train,PD,Particle,Lab PD,Lab,20211027,-3.4106895051137514,-3.4106895051137514,-3.4106895051137514,-3.4106895051137514,-3.4106895051137514
ce56a828f4ae7ca8,train,PD,Particle,Lab PD,Lab,20211027,-3.7968860795917294,-3.7968860795917294,-3.7968860795917294,-3.7968860795917294,-3.7968860795917294
777922c0c39bfdb2,train,PD,Particle,Lab PD,Lab,20211027,-3.761526298969727,-3.761526298969727,-3.761526298969727,-3.761526298969727,-3.761526298969727
1d32a03c3b8801e5,train,PD,Particle,Lab PD,Lab,20211027,-3.142817741101382,-3.142817741101382,-3.142817741101382,-3.142817741101382,-3.142817741101382
3f718da601031d84,train,PD,Particle,Lab PD,Lab,20211027,-3.719913317311544,-3.719913317311544,-3.719913317311544,-3.719913317311544,-3.719913317311544
6cebb17381cc5a7f,train,PD,Particle,Lab PD,Lab,20211027,-2.7561792563092524,-2.7561792563092524,-2.7561792563092524,-2.7561792563092524,-2.7561792563092524
384c1df4c2602288,train,PD,Particle,Lab PD,Lab,20211027,-4.4141032721522535,-4.4141032721522535,-4.4141032721522535,-4.4141032721522535,-4.4141032721522535
cd62aaff75c6cb95,train,PD,Particle,Lab PD,Lab,20211027,-4.225829662741475,-4.225829662741475,-4.225829662741475,-4.225829662741475,-4.225829662741475
56dece57f3bde1d7,train,PD,Particle,Lab PD,Lab,20211027,-3.6527536169327703,-3.6527536169327703,-3.6527536169327703,-3.6527536169327703,-3.6527536169327703
c83402851cee2c5d,train,PD,Particle,Lab PD,Lab,20211027,-2.9614551377945233,-2.9614551377945233,-2.9614551377945233,-2.9614551377945233,-2.9614551377945233
6bf611bd32c49904,train,PD,Particle,Lab PD,Lab,20211027,-3.486864631503778,-3.486864631503778,-3.486864631503778,-3.486864631503778,-3.486864631503778
2949dc0c630c4579,train,PD,Particle,Lab PD,Lab,20211027,-4.049809039718646,-4.049809039718646,-4.049809039718646,-4.049809039718646,-4.049809039718646
025402f7f6029c84,train,PD,Particle,Lab PD,Lab,20211027,-5.910112404773912,-5.910112404773912,-5.910112404773912,-5.910112404773912,-5.910112404773912
d9ad6cb1b9a04b73,train,PD,Particle,Lab PD,Lab,20211027,-4.432552065229643,-4.432552065229643,-4.432552065229643,-4.432552065229643,-4.432552065229643
81b0ea40133be371,train,PD,Particle,Lab PD,Lab,20211027,-3.950705456134827,-3.950705456134827,-3.950705456134827,-3.950705456134827,-3.950705456134827
0f3932f0b313350f,train,PD,Particle,Lab PD,Lab,20211027,-3.764331632488883,-3.764331632488883,-3.764331632488883,-3.764331632488883,-3.764331632488883
085e400497616eea,train,PD,Particle,Lab PD,Lab,20211027,-3.299213381505389,-3.299213381505389,-3.299213381505389,-3.299213381505389,-3.299213381505389
40228955a7b91b90,train,PD,Particle,Lab PD,Lab,20211027,-3.322772453711025,-3.322772453711025,-3.322772453711025,-3.322772453711025,-3.322772453711025
3fa29809ea54cebe,train,PD,Particle,Lab PD,Lab,20211027,-5.77933696887186,-5.77933696887186,-5.77933696887186,-5.77933696887186,-5.77933696887186
ca15f11903e9d5aa,train,PD,Particle,Lab PD,Lab,20211027,-4.605047256944772,-4.605047256944772,-4.605047256944772,-4.605047256944772,-4.605047256944772
f58650a67efbef36,train,PD,Particle,Lab PD,Lab,20211027,-3.6746222610423587,-3.6746222610423587,-3.6746222610423587,-3.6746222610423587,-3.6746222610423587
75637e2a1865d3f0,train,PD,Particle,Lab PD,Lab,20211027,-5.87233870337446,-5.87233870337446,-5.87233870337446,-5.87233870337446,-5.87233870337446
2cfd47cb72373302,train,PD,Particle,Lab PD,Lab,20211027,-3.1606311349260423,-3.1606311349260423,-3.1606311349260423,-3.1606311349260423,-3.1606311349260423
23080e03ed6b0f38,train,PD,Particle,Lab PD,Lab,20211027,-3.9074946999088738,-3.9074946999088738,-3.9074946999088738,-3.9074946999088738,-3.9074946999088738
fe3203badefb7637,train,PD,Particle,Lab PD,Lab,20211027,-3.5755980552586095,-3.5755980552586095,-3.5755980552586095,-3.5755980552586095,-3.5755980552586095
8803a25e5806af31,train,PD,Particle,Lab PD,Lab,20211027,-3.5669458742376747,-3.5669458742376747,-3.5669458742376747,-3.5669458742376747,-3.5669458742376747
55d7c59b9aaf87f4,train,PD,Particle,Lab PD,Lab,20211027,-5.71991938829099,-5.71991938829099,-5.71991938829099,-5.71991938829099,-5.71991938829099
a78b5805c0382bb1,train,PD,Particle,Lab PD,Lab,20211027,-2.7960654460152483,-2.7960654460152483,-2.7960654460152483,-2.7960654460152483,-2.7960654460152483
47c30b811b464969,train,PD,Particle,Lab PD,Lab,20211027,-4.295544566499316,-4.295544566499316,-4.295544566499316,-4.295544566499316,-4.295544566499316
ed8b69ef2cb482c2,train,PD,Particle,Lab PD,Lab,20211027,-5.432446874902453,-5.432446874902453,-5.432446874902453,-5.432446874902453,-5.432446874902453
62775a242ec5e1ea,train,PD,Particle,Lab PD,Lab,20211027,-5.569881263681367,-5.569881263681367,-5.569881263681367,-5.569881263681367,-5.569881263681367
5119f047f273b295,train,PD,Particle,Lab PD,Lab,20211027,-2.7380141794941295,-2.7380141794941295,-2.7380141794941295,-2.7380141794941295,-2.7380141794941295
cb99aa5cf725d1ad,train,PD,Particle,Lab PD,Lab,20211027,-1.7886002682419075,-1.7886002682419075,-1.7886002682419075,-1.7886002682419075,-1.7886002682419075
7e010d7c84f2ac28,train,PD,Particle,Lab PD,Lab,20211027,-1.2548506140245692,-1.2548506140245692,-1.2548506140245692,-1.2548506140245692,-1.2548506140245692
04df85b00a332214,train,PD,Particle,Lab PD,Lab,20211027,1.7342074359345858,1.7342074359345858,1.7342074359345858,1.7342074359345858,1.7342074359345858
3dce3e2ba31a5761,train,PD,Particle,Lab PD,Lab,20211027,0.639553191611931,0.639553191611931,0.639553191611931,0.639553191611931,0.639553191611931
029583c7524e996e,train,PD,Particle,Lab PD,Lab,20211027,1.2113174169697594,1.2113174169697594,1.2113174169697594,1.2113174169697594,1.2113174169697594
ce568e9e4243bbdb,train,PD,Particle,Lab PD,Lab,20211027,1.2585574517190352,1.2585574517190352,1.2585574517190352,1.2585574517190352,1.2585574517190352
b70730a8909f68f7,train,PD,Particle,Lab PD,Lab,20211027,1.553979242012666,1.553979242012666,1.553979242012666,1.553979242012666,1.553979242012666
abb66d6f7acd4c07,train,PD,Particle,Lab PD,Lab,20211027,-0.867140786643894,-0.867140786643894,-0.867140786643894,-0.867140786643894,-0.867140786643894
5861a977256e53e5,train,PD,Particle,Lab PD,Lab,20211027,1.2159966723010065,1.2159966723010065,1.2159966723010065,1.2159966723010065,1.2159966723010065
018cc000a847b7b9,train,PD,Particle,Lab PD,Lab,20211027,-3.7854421456248133,-3.7854421456248133,-3.7854421456248133,-3.7854421456248133,-3.7854421456248133
c237b377fa467101,train,PD,Particle,Lab PD,Lab,20211027,-3.9206483121816404,-3.9206483121816404,-3.9206483121816404,-3.9206483121816404,-3.9206483121816404
2030f9e6eaa32df1,train,PD,Particle,Lab PD,Lab,20211027,-2.162881332790164,-2.162881332790164,-2.162881332790164,-2.162881332790164,-2.162881332790164
5c994361e2c271a3,train,PD,Particle,Lab PD,Lab,20211027,-2.9608648589264135,-2.9608648589264135,-2.9608648589264135,-2.9608648589264135,-2.9608648589264135
cfde753a22be76aa,train,PD,Particle,Lab PD,Lab,20211027,-2.7785970036597263,-2.7785970036597263,-2.7785970036597263,-2.7785970036597263,-2.7785970036597263
c6b0f3c3ca7ca183,train,PD,Particle,Lab PD,Lab,20211027,-2.109766175787186,-2.109766175787186,-2.109766175787186,-2.109766175787186,-2.109766175787186
18ebe9521a8508d1,train,PD,Particle,Lab PD,Lab,20211027,-3.581465570517814,-3.581465570517814,-3.581465570517814,-3.581465570517814,-3.581465570517814
5c99925e669444fc,train,PD,Particle,Lab PD,Lab,20211027,-4.774709443327765,-4.774709443327765,-4.774709443327765,-4.774709443327765,-4.774709443327765
687e2b988c3cb1f8,train,PD,Particle,Lab PD,Lab,20211027,-3.7829153653065006,-3.7829153653065006,-3.7829153653065006,-3.7829153653065006,-3.7829153653065006
eb2f6d831990ad65,train,PD,Particle,Lab PD,Lab,20211027,-2.9612545488460924,-2.9612545488460924,-2.9612545488460924,-2.9612545488460924,-2.9612545488460924
545b34d4d6764664,train,PD,Particle,Lab PD,Lab,20211027,-3.368688903291094,-3.368688903291094,-3.368688903291094,-3.368688903291094,-3.368688903291094
387198fcae4839b3,train,PD,Particle,Lab PD,Lab,20211027,-3.4777543682201326,-3.4777543682201326,-3.4777543682201326,-3.4777543682201326,-3.4777543682201326
b2ee2815b3dd2863,train,PD,Particle,Lab PD,Lab,20211027,-2.848294641942239,-2.848294641942239,-2.848294641942239,-2.848294641942239,-2.848294641942239
88783d723322d7cf,train,PD,Particle,Lab PD,Lab,20211027,-2.875879057567996,-2.875879057567996,-2.875879057567996,-2.875879057567996,-2.875879057567996
211c6867b836a3db,train,PD,Particle,Lab PD,Lab,20211027,-2.5085977100450663,-2.5085977100450663,-2.5085977100450663,-2.5085977100450663,-2.5085977100450663
8f259b2e9ceb2aa1,train,PD,Particle,Lab PD,Lab,20211027,-3.345585623619712,-3.345585623619712,-3.345585623619712,-3.345585623619712,-3.345585623619712
04e2cd1396c51a43,train,PD,Particle,Lab PD,Lab,20211027,-4.169795090860951,-4.169795090860951,-4.169795090860951,-4.169795090860951,-4.169795090860951
58d228b6543dc777,train,PD,Particle,Lab PD,Lab,20211027,-4.874237959764017,-4.874237959764017,-4.874237959764017,-4.874237959764017,-4.874237959764017
cfaf4c31fb11d632,train,PD,Particle,Lab PD,Lab,20211027,-5.184896909366884,-5.184896909366884,-5.184896909366884,-5.184896909366884,-5.184896909366884
875a3cc54f2eeb69,train,PD,Particle,Lab PD,Lab,20211027,-4.000810221903635,-4.000810221903635,-4.000810221903635,-4.000810221903635,-4.000810221903635
a9f10abd0cb88727,train,PD,Particle,Lab PD,Lab,20211027,-5.917096968074205,-5.917096968074205,-5.917096968074205,-5.917096968074205,-5.917096968074205
8da1aa9880f3dbe1,train,PD,Particle,Lab PD,Lab,20211027,-4.13557487762543,-4.13557487762543,-4.13557487762543,-4.13557487762543,-4.13557487762543
6c0dfcb73b6604f2,train,PD,Particle,Lab PD,Lab,20211027,-4.05987534409546,-4.05987534409546,-4.05987534409546,-4.05987534409546,-4.05987534409546
0ce8f55980216d83,train,PD,Particle,Lab PD,Lab,20211027,-3.409434195821092,-3.409434195821092,-3.409434195821092,-3.409434195821092,-3.409434195821092
bf9b72cbef487954,train,PD,Particle,Lab PD,Lab,20211027,-3.386816614133025,-3.386816614133025,-3.386816614133025,-3.386816614133025,-3.386816614133025
21566c3a973e1737,train,PD,Particle,Lab PD,Lab,20211027,-1.721788791555916,-1.721788791555916,-1.721788791555916,-1.721788791555916,-1.721788791555916
807a64e2d5160aaf,train,PD,Particle,Lab PD,Lab,20211027,-3.5787484431146623,-3.5787484431146623,-3.5787484431146623,-3.5787484431146623,-3.5787484431146623
121eaeb6434695d7,train,PD,Particle,Lab PD,Lab,20211027,-4.417829502629587,-4.417829502629587,-4.417829502629587,-4.417829502629587,-4.417829502629587
7bb04c839ef79da4,train,PD,Particle,Lab PD,Lab,20211027,-5.216247585232885,-5.216247585232885,-5.216247585232885,-5.216247585232885,-5.216247585232885
fc7a979210d310bd,train,PD,Particle,Lab PD,Lab,20211027,-3.8496876586573308,-3.8496876586573308,-3.8496876586573308,-3.8496876586573308,-3.8496876586573308
ea53c62649640915,train,PD,Particle,Lab PD,Lab,20211027,-3.5308007745352654,-3.5308007745352654,-3.5308007745352654,-3.5308007745352654,-3.5308007745352654
3fbf64cbdfe68c11,train,PD,Particle,Lab PD,Lab,20211027,-3.7083892324391172,-3.7083892324391172,-3.7083892324391172,-3.7083892324391172,-3.7083892324391172
27048388de551759,train,PD,Particle,Lab PD,Lab,20211027,-4.057268194310499,-4.057268194310499,-4.057268194310499,-4.057268194310499,-4.057268194310499
f8d7e991530750cc,train,PD,Particle,Lab PD,Lab,20211027,-3.1388852565856595,-3.1388852565856595,-3.1388852565856595,-3.1388852565856595,-3.1388852565856595
9710ca5c1950a926,train,PD,Particle,Lab PD,Lab,20211027,-3.235301662111464,-3.235301662111464,-3.235301662111464,-3.235301662111464,-3.235301662111464
8f0a0244dbc1d2bf,train,PD,Particle,Lab PD,Lab,20211027,-2.669065532212869,-2.669065532212869,-2.669065532212869,-2.669065532212869,-2.669065532212869
785b5319ae1b0abf,train,PD,Particle,Lab PD,Lab,20211027,-4.164326413916434,-4.164326413916434,-4.164326413916434,-4.164326413916434,-4.164326413916434
fb7dbe3918a91f03,train,PD,Particle,Lab PD,Lab,20211027,-3.9326157569493674,-3.9326157569493674,-3.9326157569493674,-3.9326157569493674,-3.9326157569493674
289aba55bcebc9a6,train,PD,Particle,Lab PD,Lab,20211027,-2.260986174231501,-2.260986174231501,-2.260986174231501,-2.260986174231501,-2.260986174231501
3583ecb0b6b38cdc,train,PD,Particle,Lab PD,Lab,20211027,-2.4466184646412046,-2.4466184646412046,-2.4466184646412046,-2.4466184646412046,-2.4466184646412046
b4a1127937a75ed9,train,PD,Particle,Lab PD,Lab,20211027,-2.384826707457975,-2.384826707457975,-2.384826707457975,-2.384826707457975,-2.384826707457975
ee30276defdb0889,train,PD,Particle,Lab PD,Lab,20211027,-3.583856597979782,-3.583856597979782,-3.583856597979782,-3.583856597979782,-3.583856597979782
c3099cce8bdfa6ac,train,PD,Particle,Lab PD,Lab,20211027,-2.7289023856855437,-2.7289023856855437,-2.7289023856855437,-2.7289023856855437,-2.7289023856855437
123949047498c616,train,PD,Particle,Lab PD,Lab,20211027,-3.409702548663539,-3.409702548663539,-3.409702548663539,-3.409702548663539,-3.409702548663539
78369ebd100291b4,train,PD,Particle,Lab PD,Lab,20211027,-3.7500732348318095,-3.7500732348318095,-3.7500732348318095,-3.7500732348318095,-3.7500732348318095
d37d7d2344282236,train,PD,Particle,Lab PD,Lab,20211027,-3.7209715436225537,-3.7209715436225537,-3.7209715436225537,-3.7209715436225537,-3.7209715436225537
3ad0b54f756c95d9,train,PD,Particle,Lab PD,Lab,20211027,-1.7618447741469865,-1.7618447741469865,-1.7618447741469865,-1.7618447741469865,-1.7618447741469865
5772f992643a4b82,train,PD,Particle,Lab PD,Lab,20211027,-2.565513953406807,-2.565513953406807,-2.565513953406807,-2.565513953406807,-2.565513953406807
4abe24816fffccef,train,PD,Particle,Lab PD,Lab,20211027,-4.072350186142273,-4.072350186142273,-4.072350186142273,-4.072350186142273,-4.072350186142273
ff79d8b3c069aaab,train,PD,Particle,Lab PD,Lab,20211027,-4.702870792320496,-4.702870792320496,-4.702870792320496,-4.702870792320496,-4.702870792320496
85599cdcf95beaf6,train,PD,Particle,Lab PD,Lab,20211027,-4.154596753236078,-4.154596753236078,-4.154596753236078,-4.154596753236078,-4.154596753236078
a7cddc9cd793f5d7,train,PD,Particle,Lab PD,Lab,20211027,-2.124657516455308,-2.124657516455308,-2.124657516455308,-2.124657516455308,-2.124657516455308
9795d6971c737c7d,train,PD,Particle,Lab PD,Lab,20211027,-3.4841385824727666,-3.4841385824727666,-3.4841385824727666,-3.4841385824727666,-3.4841385824727666
8cc16b819f02bcc5,train,PD,Particle,Lab PD,Lab,20211027,-3.6981258004866646,-3.6981258004866646,-3.6981258004866646,-3.6981258004866646,-3.6981258004866646
ae7f8d3ceed3ad95,train,PD,Particle,Lab PD,Lab,20211027,-4.326647146196095,-4.326647146196095,-4.326647146196095,-4.326647146196095,-4.326647146196095
4731a93a96e2a712,train,PD,Particle,Lab PD,Lab,20211027,-4.341432800466947,-4.341432800466947,-4.341432800466947,-4.341432800466947,-4.341432800466947
f96f57fe2c8a4ed4,train,PD,Void,Lab PD,Lab,20240912,-1.8458546069514021,-1.8458546069514021,-1.8458546069514021,-1.8458546069514021,-1.8458546069514021
3ea1ba08d7226ca9,train,PD,Void,Lab PD,Lab,20240912,-1.1994816842165008,-1.1994816842165008,-1.1994816842165008,-1.1994816842165008,-1.1994816842165008
54b2893bd7e53cda,train,PD,Void,Lab PD,Lab,20240912,-2.4900559542662393,-2.4900559542662393,-2.4900559542662393,-2.4900559542662393,-2.4900559542662393
ae77b27dfeba9ba4,train,PD,Void,Lab PD,Lab,20240912,-1.847936290857234,-1.847936290857234,-1.847936290857234,-1.847936290857234,-1.847936290857234
e0f25b835349b69e,train,PD,Void,Lab PD,Lab,20240912,-2.712440318995103,-2.712440318995103,-2.712440318995103,-2.712440318995103,-2.712440318995103
2345949826795285,train,PD,Void,Lab PD,Lab,20240912,-3.4881380103122694,-3.4881380103122694,-3.4881380103122694,-3.4881380103122694,-3.4881380103122694
456073c3e8eaf47a,train,PD,Void,Lab PD,Lab,20240912,-2.551468772286782,-2.551468772286782,-2.551468772286782,-2.551468772286782,-2.551468772286782
57c29f92bdc2d7af,train,PD,Void,Lab PD,Lab,20240912,-2.5053558940737304,-2.5053558940737304,-2.5053558940737304,-2.5053558940737304,-2.5053558940737304
f8d43537f203b6f4,train,PD,Void,Lab PD,Lab,20240912,-3.77691662177174,-3.77691662177174,-3.77691662177174,-3.77691662177174,-3.77691662177174
7996706c803dbf2e,train,PD,Void,Lab PD,Lab,20240912,-2.1058648335507755,-2.1058648335507755,-2.1058648335507755,-2.1058648335507755,-2.1058648335507755
7eb19f7da9814c0b,train,PD,Void,Lab PD,Lab,20240912,-2.4724529436401426,-2.4724529436401426,-2.4724529436401426,-2.4724529436401426,-2.4724529436401426
b564ffb870ec67c7,train,PD,Void,Lab PD,Lab,20240912,-1.5129506847475973,-1.5129506847475973,-1.5129506847475973,-1.5129506847475973,-1.5129506847475973
f7501284483fba06,train,PD,Void,Lab PD,Lab,20240912,-2.1674889023481967,-2.1674889023481967,-2.1674889023481967,-2.1674889023481967,-2.1674889023481967
3bf07e09d420562f,train,PD,Void,Lab PD,Lab,20240912,0.13385970135069414,0.13385970135069414,0.13385970135069414,0.13385970135069414,0.13385970135069414
1f1e1e1e47dd32bb,train,PD,Void,Lab PD,Lab,20240912,-1.498447488501819,-1.498447488501819,-1.498447488501819,-1.498447488501819,-1.498447488501819
f500397323683b44,train,PD,Void,Lab PD,Lab,20240912,-4.183643311230689,-4.183643311230689,-4.183643311230689,-4.183643311230689,-4.183643311230689
bceaf5af85d97e46,train,PD,Void,Lab PD,Lab,20240912,-3.6597717332230175,-3.6597717332230175,-3.6597717332230175,-3.6597717332230175,-3.6597717332230175
1e76a9b7805f6fe1,train,PD,Void,Lab PD,Lab,20240912,-3.5073893884952625,-3.5073893884952625,-3.5073893884952625,-3.5073893884952625,-3.5073893884952625
0abb67a28225af33,train,PD,Void,Lab PD,Lab,20240912,-4.203945539316763,-4.203945539316763,-4.203945539316763,-4.203945539316763,-4.203945539316763
c2392f1d207c436c,train,PD,Void,Lab PD,Lab,20240912,-4.310419128792674,-4.310419128792674,-4.310419128792674,-4.310419128792674,-4.310419128792674
e7998c46a7611616,train,PD,Void,Lab PD,Lab,20240912,-7.419946071205089,-7.419946071205089,-7.419946071205089,-7.419946071205089,-7.419946071205089
a66b707a145280d7,train,PD,Void,Lab PD,Lab,20240912,-6.748696602099528,-6.748696602099528,-6.748696602099528,-6.748696602099528,-6.748696602099528
04d1bf0f066827bb,train,PD,Void,Lab PD,Lab,20240912,-6.227924013860502,-6.227924013860502,-6.227924013860502,-6.227924013860502,-6.227924013860502
620e3509986533b3,train,PD,Void,Lab PD,Lab,20240912,-7.663500541761863,-7.663500541761863,-7.663500541761863,-7.663500541761863,-7.663500541761863
8a50a90e2ab6112f,train,PD,Void,Lab PD,Lab,20240912,-7.622696895409831,-7.622696895409831,-7.622696895409831,-7.622696895409831,-7.622696895409831
70044ade1f5d47e7,train,PD,Void,Lab PD,Lab,20240912,-5.353257029949432,-5.353257029949432,-5.353257029949432,-5.353257029949432,-5.353257029949432
d9c0bcf83d6a3f0c,train,PD,Void,Lab PD,Lab,20240912,-4.538809239375105,-4.538809239375105,-4.538809239375105,-4.538809239375105,-4.538809239375105
93cc1d7e9515669a,train,PD,Void,Lab PD,Lab,20240912,-6.012389535359972,-6.012389535359972,-6.012389535359972,-6.012389535359972,-6.012389535359972
4c210ab3740056c6,train,PD,Void,Lab PD,Lab,20240912,-5.323778084276171,-5.323778084276171,-5.323778084276171,-5.323778084276171,-5.323778084276171
da1ea1a05891e243,train,PD,Void,Lab PD,Lab,20240912,-1.8976600719794128,-1.8976600719794128,-1.8976600719794128,-1.8976600719794128,-1.8976600719794128
95ea5bfcd4dc5e5f,train,PD,Void,Lab PD,Lab,unknown_date,0.9798538372354795,0.9798538372354795,0.9798538372354795,0.9798538372354795,0.9798538372354795
48dae5dd3ec934e4,train,PD,Void,Lab PD,Lab,unknown_date,3.9478802825111314,3.9478802825111314,3.9478802825111314,3.9478802825111314,3.9478802825111314
8b71a8e4ca52cfd8,train,PD,Void,Lab PD,Lab,unknown_date,5.754353221334725,5.754353221334725,5.754353221334725,5.754353221334725,5.754353221334725
07ea126f3564e39d,train,PD,Void,Lab PD,Lab,unknown_date,6.51764988132024,6.51764988132024,6.51764988132024,6.51764988132024,6.51764988132024
d26daa1b9df832ff,train,PD,Void,Lab PD,Lab,unknown_date,6.320868197446055,6.320868197446055,6.320868197446055,6.320868197446055,6.320868197446055
bb692648fd76a5c2,train,PD,Void,Lab PD,Lab,unknown_date,6.477726781610652,6.477726781610652,6.477726781610652,6.477726781610652,6.477726781610652
af345d0d55f1f6e7,train,PD,Void,Lab PD,Lab,unknown_date,8.140747859879648,8.140747859879648,8.140747859879648,8.140747859879648,8.140747859879648
0e2cf495a8c53d8b,train,PD,Void,Lab PD,Lab,unknown_date,7.262569176626409,7.262569176626409,7.262569176626409,7.262569176626409,7.262569176626409
90e2540a5dac6cf8,train,PD,Void,Lab PD,Lab,unknown_date,5.988149273320275,5.988149273320275,5.988149273320275,5.988149273320275,5.988149273320275
d0b3e3901c079e62,train,PD,Void,Lab PD,Lab,unknown_date,6.241427526596546,6.241427526596546,6.241427526596546,6.241427526596546,6.241427526596546
bb84fa2590ecd03f,train,PD,Void,Lab PD,Lab,unknown_date,-11.533948075651743,-11.533948075651743,-11.533948075651743,-11.533948075651743,-11.533948075651743
747dec083d671b06,train,PD,Void,Lab PD,Lab,unknown_date,-11.583520396371519,-11.583520396371519,-11.583520396371519,-11.583520396371519,-11.583520396371519
703b9c9ac28cbeda,train,PD,Void,Lab PD,Lab,unknown_date,-7.801126469157435,-7.801126469157435,-7.801126469157435,-7.801126469157435,-7.801126469157435
24c05724212ef108,train,PD,Void,Lab PD,Lab,unknown_date,-8.39781559168361,-8.39781559168361,-8.39781559168361,-8.39781559168361,-8.39781559168361
018060a1f34d3230,train,PD,Void,Lab PD,Lab,unknown_date,-9.418272451980389,-9.418272451980389,-9.418272451980389,-9.418272451980389,-9.418272451980389
82a32e1213b09782,train,PD,Void,Lab PD,Lab,unknown_date,-8.339126301351278,-8.339126301351278,-8.339126301351278,-8.339126301351278,-8.339126301351278
daaf25be034eeba3,train,PD,Void,Lab PD,Lab,unknown_date,-8.567221782103296,-8.567221782103296,-8.567221782103296,-8.567221782103296,-8.567221782103296
ed162b96e642a5dd,train,PD,Void,Lab PD,Lab,unknown_date,-9.814438526854133,-9.814438526854133,-9.814438526854133,-9.814438526854133,-9.814438526854133
6400fdcf3f7f621f,train,PD,Void,Lab PD,Lab,unknown_date,-11.01535880469315,-11.01535880469315,-11.01535880469315,-11.01535880469315,-11.01535880469315
a8daf4add6f5f209,train,PD,Void,Lab PD,Lab,unknown_date,-11.516913259379535,-11.516913259379535,-11.516913259379535,-11.516913259379535,-11.516913259379535
dba6c4eb98a9fa49,train,PD,Void,Lab PD,Lab,unknown_date,-4.471583328850883,-4.471583328850883,-4.471583328850883,-4.471583328850883,-4.471583328850883
0ca1c3ed6261b5fa,train,PD,Void,Lab PD,Lab,unknown_date,-2.91487282513323,-2.91487282513323,-2.91487282513323,-2.91487282513323,-2.91487282513323
9d1604dd0cf6a9a8,train,PD,Void,Lab PD,Lab,unknown_date,-2.0533713725513323,-2.0533713725513323,-2.0533713725513323,-2.0533713725513323,-2.0533713725513323
8d87585bbd4333ab,train,PD,Void,Lab PD,Lab,unknown_date,-1.8938218760946697,-1.8938218760946697,-1.8938218760946697,-1.8938218760946697,-1.8938218760946697
9077b5ab149f209a,train,PD,Void,Lab PD,Lab,unknown_date,-2.7877396053592918,-2.7877396053592918,-2.7877396053592918,-2.7877396053592918,-2.7877396053592918
3afd8e11dc68f6ae,train,PD,Void,Lab PD,Lab,unknown_date,-5.524212560890021,-5.524212560890021,-5.524212560890021,-5.524212560890021,-5.524212560890021
8bbac228147acb4f,train,PD,Void,Lab PD,Lab,unknown_date,-3.7412606208206114,-3.7412606208206114,-3.7412606208206114,-3.7412606208206114,-3.7412606208206114
bfe8317f42a30d2f,train,PD,Void,Lab PD,Lab,unknown_date,-3.6947499757377216,-3.6947499757377216,-3.6947499757377216,-3.6947499757377216,-3.6947499757377216
dbf249dfe3947535,train,PD,Void,Lab PD,Lab,unknown_date,-4.607712005623853,-4.607712005623853,-4.607712005623853,-4.607712005623853,-4.607712005623853
b20b558563d857e0,train,PD,Void,Lab PD,Lab,unknown_date,-4.205954291872146,-4.205954291872146,-4.205954291872146,-4.205954291872146,-4.205954291872146
c98ca53c42a02594,train,PD,Void,Lab PD,Lab,unknown_date,-9.487962328940128,-9.487962328940128,-9.487962328940128,-9.487962328940128,-9.487962328940128
89f08be7fabeea3a,train,PD,Void,Lab PD,Lab,unknown_date,-12.995972343234826,-12.995972343234826,-12.995972343234826,-12.995972343234826,-12.995972343234826
e8cfe33f46ab436a,train,PD,Void,Lab PD,Lab,unknown_date,-14.242755739571649,-14.242755739571649,-14.242755739571649,-14.242755739571649,-14.242755739571649
980026651f5ad1ba,train,PD,Void,Lab PD,Lab,unknown_date,-13.409421505106707,-13.409421505106707,-13.409421505106707,-13.409421505106707,-13.409421505106707
3f97cfdc7f9be0be,train,PD,Void,Lab PD,Lab,unknown_date,-11.976434416148805,-11.976434416148805,-11.976434416148805,-11.976434416148805,-11.976434416148805
12890519a0dcab66,train,PD,Void,Lab PD,Lab,unknown_date,-13.173486117946283,-13.173486117946283,-13.173486117946283,-13.173486117946283,-13.173486117946283
44be844486a393c4,train,PD,Void,Lab PD,Lab,unknown_date,-9.995713285061896,-9.995713285061896,-9.995713285061896,-9.995713285061896,-9.995713285061896
8a0e26716c7fb738,train,PD,Void,Lab PD,Lab,unknown_date,-9.400567596002098,-9.400567596002098,-9.400567596002098,-9.400567596002098,-9.400567596002098
a0a32e0c623a9009,train,PD,Void,Lab PD,Lab,unknown_date,-7.075297340270026,-7.075297340270026,-7.075297340270026,-7.075297340270026,-7.075297340270026
9a0bd2ad4ae38e02,train,PD,Void,Lab PD,Lab,unknown_date,-8.103823418836754,-8.103823418836754,-8.103823418836754,-8.103823418836754,-8.103823418836754
dc8bed335b6df098,train,PD,Void,Lab PD,Lab,unknown_date,-11.368429871818662,-11.368429871818662,-11.368429871818662,-11.368429871818662,-11.368429871818662
49b0ec7bd20970ab,train,PD,Void,Lab PD,Lab,unknown_date,-8.584183226536148,-8.584183226536148,-8.584183226536148,-8.584183226536148,-8.584183226536148
e2c8d6d4c8253315,train,PD,Void,Lab PD,Lab,unknown_date,-13.613080878593095,-13.613080878593095,-13.613080878593095,-13.613080878593095,-13.613080878593095
0c2989ab2c07a5c4,train,PD,Void,Lab PD,Lab,unknown_date,-12.91319283160513,-12.91319283160513,-12.91319283160513,-12.91319283160513,-12.91319283160513
03ae032589240651,train,PD,Void,Lab PD,Lab,unknown_date,-10.06801503824228,-10.06801503824228,-10.06801503824228,-10.06801503824228,-10.06801503824228
8b64e6582cd9b105,train,PD,Void,Lab PD,Lab,unknown_date,-3.426208170688163,-3.426208170688163,-3.426208170688163,-3.426208170688163,-3.426208170688163
9070754ed8718071,train,PD,Void,Lab PD,Lab,unknown_date,-2.94939385959583,-2.94939385959583,-2.94939385959583,-2.94939385959583,-2.94939385959583
a540a66eaf9f40e9,train,PD,Void,Lab PD,Lab,unknown_date,-5.00019064244529,-5.00019064244529,-5.00019064244529,-5.00019064244529,-5.00019064244529
56751936b524ab7a,train,PD,Void,Lab PD,Lab,unknown_date,-4.088229565714954,-4.088229565714954,-4.088229565714954,-4.088229565714954,-4.088229565714954
2e39dc78c98cfb74,train,PD,Void,Lab PD,Lab,unknown_date,-2.583809150298201,-2.583809150298201,-2.583809150298201,-2.583809150298201,-2.583809150298201
d697273e7ade84aa,train,PD,Void,Lab PD,Lab,unknown_date,-11.595531101120457,-11.595531101120457,-11.595531101120457,-11.595531101120457,-11.595531101120457
e9b0e8e386c0f2aa,train,PD,Void,Lab PD,Lab,unknown_date,-10.23560534294424,-10.23560534294424,-10.23560534294424,-10.23560534294424,-10.23560534294424
7ca5ae099e330a63,train,PD,Void,Lab PD,Lab,unknown_date,-8.44294928850114,-8.44294928850114,-8.44294928850114,-8.44294928850114,-8.44294928850114
1e420344bbcc755f,train,PD,Void,Lab PD,Lab,unknown_date,-11.748916052532152,-11.748916052532152,-11.748916052532152,-11.748916052532152,-11.748916052532152
269fd25d9bd9a7ea,train,PD,Void,Lab PD,Lab,unknown_date,-12.0630116771041,-12.0630116771041,-12.0630116771041,-12.0630116771041,-12.0630116771041
7438f8b5ee571fd8,train,PD,Void,Lab PD,Lab,unknown_date,-1.4451238523344827,-1.4451238523344827,-1.4451238523344827,-1.4451238523344827,-1.4451238523344827
fc79bf262aec16a1,train,PD,Void,Lab PD,Lab,unknown_date,-3.749019213756135,-3.749019213756135,-3.749019213756135,-3.749019213756135,-3.749019213756135
b42b51037c7a8dfa,train,PD,Void,Lab PD,Lab,unknown_date,-3.922551746166384,-3.922551746166384,-3.922551746166384,-3.922551746166384,-3.922551746166384
3148c0e364a6a6f5,train,PD,Void,Lab PD,Lab,unknown_date,-3.6323862079025275,-3.6323862079025275,-3.6323862079025275,-3.6323862079025275,-3.6323862079025275
15f10c237a2c46b5,train,PD,Void,Lab PD,Lab,unknown_date,-3.458868097299149,-3.458868097299149,-3.458868097299149,-3.458868097299149,-3.458868097299149
18fbd1417747e498,train,PD,Void,Lab PD,Lab,unknown_date,0.060689993221480165,0.060689993221480165,0.060689993221480165,0.060689993221480165,0.060689993221480165
476928b0f263e8ba,train,PD,Void,Lab PD,Lab,unknown_date,-3.8348513485563487,-3.8348513485563487,-3.8348513485563487,-3.8348513485563487,-3.8348513485563487
50cb72f934732568,train,PD,Void,Lab PD,Lab,unknown_date,-4.553095514072666,-4.553095514072666,-4.553095514072666,-4.553095514072666,-4.553095514072666
ae1671195adfbc88,train,PD,Void,Lab PD,Lab,unknown_date,-5.50341418512177,-5.50341418512177,-5.50341418512177,-5.50341418512177,-5.50341418512177
406cbfe283093904,train,PD,Void,Lab PD,Lab,unknown_date,-7.881863654146727,-7.881863654146727,-7.881863654146727,-7.881863654146727,-7.881863654146727
c6b92ba72ba66fbe,train,PD,Void,Lab PD,Lab,unknown_date,-1.7543772111299063,-1.7543772111299063,-1.7543772111299063,-1.7543772111299063,-1.7543772111299063
a827404d575b80ef,train,PD,Void,Lab PD,Lab,unknown_date,-10.859838343649976,-10.859838343649976,-10.859838343649976,-10.859838343649976,-10.859838343649976
8815c3885dbb07d1,train,PD,Void,Lab PD,Lab,unknown_date,-6.9476601226531045,-6.9476601226531045,-6.9476601226531045,-6.9476601226531045,-6.9476601226531045
150295379dbf43d8,train,PD,Void,Lab PD,Lab,unknown_date,-4.736813735503297,-4.736813735503297,-4.736813735503297,-4.736813735503297,-4.736813735503297
633f73c4b9ddcf4d,train,PD,Void,Lab PD,Lab,unknown_date,-5.298503081255724,-5.298503081255724,-5.298503081255724,-5.298503081255724,-5.298503081255724
8244854ccb8b4023,train,PD,Void,Lab PD,Lab,unknown_date,-7.056111271892,-7.056111271892,-7.056111271892,-7.056111271892,-7.056111271892
82860a7107dd50b6,train,PD,Void,Lab PD,Lab,unknown_date,-4.905973869697952,-4.905973869697952,-4.905973869697952,-4.905973869697952,-4.905973869697952
5ca63beb79089cbd,train,PD,Void,Lab PD,Lab,unknown_date,-4.785768581776502,-4.785768581776502,-4.785768581776502,-4.785768581776502,-4.785768581776502
1e3f140bcf27168f,train,PD,Void,Lab PD,Lab,unknown_date,-5.149563612198861,-5.149563612198861,-5.149563612198861,-5.149563612198861,-5.149563612198861
2fd9cef669598089,train,PD,Void,Lab PD,Lab,unknown_date,-4.504828813470397,-4.504828813470397,-4.504828813470397,-4.504828813470397,-4.504828813470397
1413c6efa38cf98c,train,PD,Void,Lab PD,Lab,unknown_date,-5.194249007347693,-5.194249007347693,-5.194249007347693,-5.194249007347693,-5.194249007347693
57623c723846c65a,train,PD,Void,Lab PD,Lab,unknown_date,-8.852403754107783,-8.852403754107783,-8.852403754107783,-8.852403754107783,-8.852403754107783
01bb961f944e9018,train,PD,Void,Lab PD,Lab,unknown_date,-7.1171420475874925,-7.1171420475874925,-7.1171420475874925,-7.1171420475874925,-7.1171420475874925
b5f7234184dc7462,train,PD,Void,Lab PD,Lab,unknown_date,-7.994785150741308,-7.994785150741308,-7.994785150741308,-7.994785150741308,-7.994785150741308
17bf1af5f1de095d,train,PD,Void,Lab PD,Lab,unknown_date,-7.815959971273408,-7.815959971273408,-7.815959971273408,-7.815959971273408,-7.815959971273408
34657b6b8ea25609,train,PD,Void,Lab PD,Lab,unknown_date,-8.721600203618706,-8.721600203618706,-8.721600203618706,-8.721600203618706,-8.721600203618706
7ab9f306036c25ac,train,PD,Void,Lab PD,Lab,unknown_date,-9.772724700803792,-9.772724700803792,-9.772724700803792,-9.772724700803792,-9.772724700803792
cedbb327338111bd,train,PD,Void,Lab PD,Lab,unknown_date,-9.971190461922617,-9.971190461922617,-9.971190461922617,-9.971190461922617,-9.971190461922617
60748dc732b8e649,train,PD,Void,Lab PD,Lab,unknown_date,-11.17004409335263,-11.17004409335263,-11.17004409335263,-11.17004409335263,-11.17004409335263
4cb38774133e09e4,train,PD,Void,Lab PD,Lab,unknown_date,-11.645561830920514,-11.645561830920514,-11.645561830920514,-11.645561830920514,-11.645561830920514
fc386b2f2affed02,train,PD,Void,Lab PD,Lab,unknown_date,-11.966904709731281,-11.966904709731281,-11.966904709731281,-11.966904709731281,-11.966904709731281
8e9c30b4d823272b,train,PD,Void,Lab PD,Lab,unknown_date,-0.6368695476813997,-0.6368695476813997,-0.6368695476813997,-0.6368695476813997,-0.6368695476813997
2c630389cf34d47c,train,PD,Void,Lab PD,Lab,unknown_date,-2.0013289194942487,-2.0013289194942487,-2.0013289194942487,-2.0013289194942487,-2.0013289194942487
81a34254c9b5f71f,train,PD,Void,Lab PD,Lab,unknown_date,-3.1209259612421647,-3.1209259612421647,-3.1209259612421647,-3.1209259612421647,-3.1209259612421647
da535f7b25a39f80,train,PD,Void,Lab PD,Lab,unknown_date,-2.386175415967884,-2.386175415967884,-2.386175415967884,-2.386175415967884,-2.386175415967884
a7f674ea3b615272,train,PD,Void,Lab PD,Lab,unknown_date,-2.554620436011322,-2.554620436011322,-2.554620436011322,-2.554620436011322,-2.554620436011322
f8665b2d60a0b1db,train,PD,Void,Lab PD,Lab,unknown_date,-6.163071416545243,-6.163071416545243,-6.163071416545243,-6.163071416545243,-6.163071416545243
530949cd5d2b8e11,train,PD,Void,Lab PD,Lab,unknown_date,-6.633077576642265,-6.633077576642265,-6.633077576642265,-6.633077576642265,-6.633077576642265
11fb64fde5226491,train,PD,Void,Lab PD,Lab,unknown_date,-5.592014069172372,-5.592014069172372,-5.592014069172372,-5.592014069172372,-5.592014069172372
f60435a082303cf8,train,PD,Void,Lab PD,Lab,unknown_date,-5.0031319189422305,-5.0031319189422305,-5.0031319189422305,-5.0031319189422305,-5.0031319189422305
f410a9dbdb2ebd6c,train,PD,Void,Lab PD,Lab,unknown_date,-3.065938367209693,-3.065938367209693,-3.065938367209693,-3.065938367209693,-3.065938367209693
d8d6d4cc45a6f2c5,train,PD,Void,Lab PD,Lab,unknown_date,-4.389784060652325,-4.389784060652325,-4.389784060652325,-4.389784060652325,-4.389784060652325
5076f49efed3244e,train,PD,Void,Lab PD,Lab,unknown_date,-3.663536813972396,-3.663536813972396,-3.663536813972396,-3.663536813972396,-3.663536813972396
91c0d15328172a7c,train,PD,Void,Lab PD,Lab,unknown_date,-4.216536895501839,-4.216536895501839,-4.216536895501839,-4.216536895501839,-4.216536895501839
0437970ae6b4cf56,train,PD,Void,Lab PD,Lab,unknown_date,-3.7699669647210428,-3.7699669647210428,-3.7699669647210428,-3.7699669647210428,-3.7699669647210428
05d0d468106e23be,train,PD,Void,Lab PD,Lab,unknown_date,-4.293822277039979,-4.293822277039979,-4.293822277039979,-4.293822277039979,-4.293822277039979
cf6b9d38249e09cd,train,PD,Void,Lab PD,Lab,unknown_date,-2.6582881744984483,-2.6582881744984483,-2.6582881744984483,-2.6582881744984483,-2.6582881744984483
b166e703567dafdd,train,PD,Void,Lab PD,Lab,unknown_date,-3.79680082091798,-3.79680082091798,-3.79680082091798,-3.79680082091798,-3.79680082091798
7269bccf11836e3d,train,PD,Void,Lab PD,Lab,unknown_date,-2.5996798937825965,-2.5996798937825965,-2.5996798937825965,-2.5996798937825965,-2.5996798937825965
4f68d8cbb77b4bcb,train,PD,Void,Lab PD,Lab,unknown_date,-3.4899863490721614,-3.4899863490721614,-3.4899863490721614,-3.4899863490721614,-3.4899863490721614
2344e46e5bac1913,train,PD,Void,Lab PD,Lab,unknown_date,-2.323017150677501,-2.323017150677501,-2.323017150677501,-2.323017150677501,-2.323017150677501
7fc65522d8b3ad2b,train,PD,Void,Lab PD,Lab,unknown_date,-4.2931512185584,-4.2931512185584,-4.2931512185584,-4.2931512185584,-4.2931512185584
58df0eb557fec0ed,train,PD,Void,Lab PD,Lab,unknown_date,-0.49050545151980174,-0.49050545151980174,-0.49050545151980174,-0.49050545151980174,-0.49050545151980174
17b37ea2afc8a2f5,train,PD,Void,Lab PD,Lab,unknown_date,-2.117919214347662,-2.117919214347662,-2.117919214347662,-2.117919214347662,-2.117919214347662
ef7fb97fb66055a7,train,PD,Void,Lab PD,Lab,unknown_date,-0.7144281429058701,-0.7144281429058701,-0.7144281429058701,-0.7144281429058701,-0.7144281429058701
f7e743b6be91585f,train,PD,Void,Lab PD,Lab,unknown_date,-0.5960081263217667,-0.5960081263217667,-0.5960081263217667,-0.5960081263217667,-0.5960081263217667
44cb3f64cbb5d54d,train,PD,Void,Lab PD,Lab,unknown_date,-3.4753641535675825,-3.4753641535675825,-3.4753641535675825,-3.4753641535675825,-3.4753641535675825
805f7769820d21f7,train,PD,Void,Lab PD,Lab,unknown_date,-1.8232247967143564,-1.8232247967143564,-1.8232247967143564,-1.8232247967143564,-1.8232247967143564
13e8fee70ebd32d4,train,PD,Void,Lab PD,Lab,unknown_date,-5.0112670428908395,-5.0112670428908395,-5.0112670428908395,-5.0112670428908395,-5.0112670428908395
fbdddcd3d554b018,train,PD,Void,Lab PD,Lab,unknown_date,-5.3501571225530835,-5.3501571225530835,-5.3501571225530835,-5.3501571225530835,-5.3501571225530835
ea2a1d48e57d473c,train,PD,Void,Lab PD,Lab,unknown_date,-6.243472110421175,-6.243472110421175,-6.243472110421175,-6.243472110421175,-6.243472110421175
5ce52fdbc3f6010c,train,PD,Void,Lab PD,Lab,unknown_date,-3.0922631286880105,-3.0922631286880105,-3.0922631286880105,-3.0922631286880105,-3.0922631286880105
cd49b8ca2f429f54,train,PD,Void,Lab PD,Lab,unknown_date,-5.955787762646281,-5.955787762646281,-5.955787762646281,-5.955787762646281,-5.955787762646281
8d436637d17bfbe2,train,PD,Void,Lab PD,Lab,unknown_date,-4.0939636077543895,-4.0939636077543895,-4.0939636077543895,-4.0939636077543895,-4.0939636077543895
a321e11e920e4b39,train,PD,Void,Lab PD,Lab,unknown_date,-4.6724515824631965,-4.6724515824631965,-4.6724515824631965,-4.6724515824631965,-4.6724515824631965
86715b0e2643f8ff,train,PD,Void,Lab PD,Lab,unknown_date,-4.744613276592041,-4.744613276592041,-4.744613276592041,-4.744613276592041,-4.744613276592041
f47993c330986c27,train,PD,Void,Lab PD,Lab,unknown_date,-2.1050209877940134,-2.1050209877940134,-2.1050209877940134,-2.1050209877940134,-2.1050209877940134
d4ea1bdd77fbba7e,train,PD,Void,Lab PD,Lab,unknown_date,-1.3387188197318594,-1.3387188197318594,-1.3387188197318594,-1.3387188197318594,-1.3387188197318594
7c1422c2e40f0b23,train,PD,Void,Lab PD,Lab,unknown_date,-3.1074463652903965,-3.1074463652903965,-3.1074463652903965,-3.1074463652903965,-3.1074463652903965
57141ef9fe54cf2b,train,PD,Void,Lab PD,Lab,unknown_date,-3.408181571075577,-3.408181571075577,-3.408181571075577,-3.408181571075577,-3.408181571075577
b278842892f6b7d0,train,PD,Void,Lab PD,Lab,unknown_date,-2.229077727259039,-2.229077727259039,-2.229077727259039,-2.229077727259039,-2.229077727259039
e0d47c8dee1c2b9b,train,PD,Void,Lab PD,Lab,unknown_date,-3.24789360224705,-3.24789360224705,-3.24789360224705,-3.24789360224705,-3.24789360224705
49dd32e2be6bbea3,train,PD,Void,Lab PD,Lab,unknown_date,-3.5226712530677844,-3.5226712530677844,-3.5226712530677844,-3.5226712530677844,-3.5226712530677844
1bf3f336e17f05e8,train,PD,Void,Lab PD,Lab,unknown_date,-3.2505729993583046,-3.2505729993583046,-3.2505729993583046,-3.2505729993583046,-3.2505729993583046
564bdf87a81f93ac,train,PD,Void,Lab PD,Lab,unknown_date,-3.379017062834123,-3.379017062834123,-3.379017062834123,-3.379017062834123,-3.379017062834123
43684b0e54a5b670,train,PD,Void,Lab PD,Lab,unknown_date,-3.5794375353310244,-3.5794375353310244,-3.5794375353310244,-3.5794375353310244,-3.5794375353310244
34e1434394538f0a,train,PD,Void,Lab PD,Lab,unknown_date,1.5940809250852652,1.5940809250852652,1.5940809250852652,1.5940809250852652,1.5940809250852652
7e7a5f196b4b914a,train,PD,Void,Lab PD,Lab,unknown_date,0.45846942465691143,0.45846942465691143,0.45846942465691143,0.45846942465691143,0.45846942465691143
9d571ebe7486c3dc,train,PD,Void,Lab PD,Lab,unknown_date,1.0781318689320045,1.0781318689320045,1.0781318689320045,1.0781318689320045,1.0781318689320045
b2019276f67acf33,train,PD,Void,Lab PD,Lab,unknown_date,-0.27314634510339175,-0.27314634510339175,-0.27314634510339175,-0.27314634510339175,-0.27314634510339175
f6ef600eeb1d1f55,train,PD,Void,Lab PD,Lab,unknown_date,-1.0508119609240367,-1.0508119609240367,-1.0508119609240367,-1.0508119609240367,-1.0508119609240367
51ab34772e68a714,train,PD,Void,Lab PD,Lab,20150723,1.46657956733452,1.46657956733452,1.46657956733452,1.46657956733452,1.46657956733452
6c8fa603c5f72f4b,train,PD,Void,Lab PD,Lab,20150723,-1.513219583795376,-1.513219583795376,-1.513219583795376,-1.513219583795376,-1.513219583795376
df213808345f295b,train,PD,Void,Lab PD,Lab,20150723,1.336699523958714,1.336699523958714,1.336699523958714,1.336699523958714,1.336699523958714
31323f2ec5af1ec7,train,PD,Void,Lab PD,Lab,20150723,-4.474623473334049,-4.474623473334049,-4.474623473334049,-4.474623473334049,-4.474623473334049
c4a787681d83a624,train,PD,Void,Lab PD,Lab,20150723,-9.139107056060851,-9.139107056060851,-9.139107056060851,-9.139107056060851,-9.139107056060851
8fbef96c6ec633c2,train,PD,Void,Lab PD,Lab,20150723,-12.266179090298735,-12.266179090298735,-12.266179090298735,-12.266179090298735,-12.266179090298735
56b1a39cb34307ae,train,PD,Void,Lab PD,Lab,20150723,-10.955370072742696,-10.955370072742696,-10.955370072742696,-10.955370072742696,-10.955370072742696
90cb73cd1eceaa07,train,PD,Void,Lab PD,Lab,20150723,-10.179870565877408,-10.179870565877408,-10.179870565877408,-10.179870565877408,-10.179870565877408
f1dd8237ace0fa0b,train,PD,Void,Lab PD,Lab,20150723,-11.38421278541044,-11.38421278541044,-11.38421278541044,-11.38421278541044,-11.38421278541044
29e8b3c8ad4b0128,train,PD,Void,Lab PD,Lab,20150723,-11.661058375418406,-11.661058375418406,-11.661058375418406,-11.661058375418406,-11.661058375418406
99e806df10ea83be,train,PD,Void,Lab PD,Lab,20150723,-10.009522564238551,-10.009522564238551,-10.009522564238551,-10.009522564238551,-10.009522564238551
308a740df87fd772,train,PD,Void,Lab PD,Lab,20150723,-12.424710943189211,-12.424710943189211,-12.424710943189211,-12.424710943189211,-12.424710943189211
817b609504173c41,train,PD,Void,Lab PD,Lab,20150723,-13.576022383155092,-13.576022383155092,-13.576022383155092,-13.576022383155092,-13.576022383155092
c5bfba09e120085c,train,PD,Void,Lab PD,Lab,20150724,-12.20325605966407,-12.20325605966407,-12.20325605966407,-12.20325605966407,-12.20325605966407
cbde59b4fff0ec82,train,PD,Void,Lab PD,Lab,20150724,-11.189201179574638,-11.189201179574638,-11.189201179574638,-11.189201179574638,-11.189201179574638
a0be7da75176a316,train,PD,Void,Lab PD,Lab,20150724,-12.294999043227172,-12.294999043227172,-12.294999043227172,-12.294999043227172,-12.294999043227172
2a24e76dd6a2b4c0,train,PD,Void,Lab PD,Lab,20150724,-10.879108463294699,-10.879108463294699,-10.879108463294699,-10.879108463294699,-10.879108463294699
fa9473e92eee7a8b,train,PD,Void,Lab PD,Lab,20150724,-12.128652680210152,-12.128652680210152,-12.128652680210152,-12.128652680210152,-12.128652680210152
5030ee2cca4f8ec2,train,PD,Void,Lab PD,Lab,20150724,-12.287829428242162,-12.287829428242162,-12.287829428242162,-12.287829428242162,-12.287829428242162
742eb4d756472472,train,PD,Void,Lab PD,Lab,20150724,-12.119721244482108,-12.119721244482108,-12.119721244482108,-12.119721244482108,-12.119721244482108
918d6f9d10896682,train,PD,Void,Lab PD,Lab,20150724,-8.04131766044793,-8.04131766044793,-8.04131766044793,-8.04131766044793,-8.04131766044793
c7a3098779c409dd,train,PD,Void,Lab PD,Lab,20150724,-8.687845101893785,-8.687845101893785,-8.687845101893785,-8.687845101893785,-8.687845101893785
cb2e31fc51614f3e,train,PD,Void,Lab PD,Lab,20150724,-8.073202886160786,-8.073202886160786,-8.073202886160786,-8.073202886160786,-8.073202886160786
0102c22d62a9e3bd,train,PD,Void,Lab PD,Lab,20150724,-7.616695376459859,-7.616695376459859,-7.616695376459859,-7.616695376459859,-7.616695376459859
eff606a918007e97,train,PD,Void,Lab PD,Lab,20150724,-8.355805701633074,-8.355805701633074,-8.355805701633074,-8.355805701633074,-8.355805701633074
dedef170f194e239,train,PD,Void,Lab PD,Lab,20150724,-7.485248871398923,-7.485248871398923,-7.485248871398923,-7.485248871398923,-7.485248871398923
2338e738807db174,train,PD,Void,Lab PD,Lab,20150724,-12.322528425247185,-12.322528425247185,-12.322528425247185,-12.322528425247185,-12.322528425247185
00621327816c8404,train,PD,Void,Lab PD,Lab,20150724,-13.27444244363015,-13.27444244363015,-13.27444244363015,-13.27444244363015,-13.27444244363015
636f671d18b1f0cd,train,PD,Void,Lab PD,Lab,20150724,-13.459406216941304,-13.459406216941304,-13.459406216941304,-13.459406216941304,-13.459406216941304
3bc78e8e3c253227,train,PD,Void,Lab PD,Lab,20150724,-12.79593481067036,-12.79593481067036,-12.79593481067036,-12.79593481067036,-12.79593481067036
150d0e28f0a934cf,train,PD,Void,Lab PD,Lab,20150724,-13.139576806885259,-13.139576806885259,-13.139576806885259,-13.139576806885259,-13.139576806885259
112e5af6be86de79,train,PD,Void,Lab PD,Lab,20150724,-12.507403413741159,-12.507403413741159,-12.507403413741159,-12.507403413741159,-12.507403413741159
343e2d608cb97198,train,PD,Void,Lab PD,Lab,20150724,-9.035217673423745,-9.035217673423745,-9.035217673423745,-9.035217673423745,-9.035217673423745
1a223719cbff308c,train,PD,Void,Lab PD,Lab,20150724,-8.2707871115458,-8.2707871115458,-8.2707871115458,-8.2707871115458,-8.2707871115458
645d093b1d170e72,train,PD,Void,Lab PD,Lab,20150724,-8.655187191248743,-8.655187191248743,-8.655187191248743,-8.655187191248743,-8.655187191248743
4d468f13ed38c175,train,PD,Void,Lab PD,Lab,20150724,-8.80471779131851,-8.80471779131851,-8.80471779131851,-8.80471779131851,-8.80471779131851
3ebc27b4a8a35c3b,train,PD,Void,Lab PD,Lab,20150724,-12.033784501596188,-12.033784501596188,-12.033784501596188,-12.033784501596188,-12.033784501596188
ef128d020cc78419,train,PD,Void,Lab PD,Lab,20150724,-10.773110351558657,-10.773110351558657,-10.773110351558657,-10.773110351558657,-10.773110351558657
29e2fc9f8df5d35f,train,PD,Void,Lab PD,Lab,20150724,-10.792111746844142,-10.792111746844142,-10.792111746844142,-10.792111746844142,-10.792111746844142
3f5caa8e3d26e732,train,PD,Void,Lab PD,Lab,20150724,-10.908136976831258,-10.908136976831258,-10.908136976831258,-10.908136976831258,-10.908136976831258
e23764f7091fe097,train,PD,Void,Lab PD,Lab,20150724,-12.578446744646328,-12.578446744646328,-12.578446744646328,-12.578446744646328,-12.578446744646328
ed98c23ff6044394,train,PD,Void,Lab PD,Lab,20150724,-11.249270109406027,-11.249270109406027,-11.249270109406027,-11.249270109406027,-11.249270109406027
2fd0787550510056,train,PD,Void,Lab PD,Lab,20150724,-8.71707610410131,-8.71707610410131,-8.71707610410131,-8.71707610410131,-8.71707610410131
7cc9d2e39cba7248,train,PD,Void,Lab PD,Lab,20150724,-4.8872518796424345,-4.8872518796424345,-4.8872518796424345,-4.8872518796424345,-4.8872518796424345
4f8c9de8dab8d68b,train,PD,Void,Lab PD,Lab,20150724,-7.941860383772934,-7.941860383772934,-7.941860383772934,-7.941860383772934,-7.941860383772934
f215f33cb92f43b7,train,PD,Void,Lab PD,Lab,20150724,-8.958479086954085,-8.958479086954085,-8.958479086954085,-8.958479086954085,-8.958479086954085
cb7d7e3ffccbe4f3,train,PD,Void,Lab PD,Lab,20150724,-9.972810821611176,-9.972810821611176,-9.972810821611176,-9.972810821611176,-9.972810821611176
e14e806110ccb5c5,train,PD,Void,Lab PD,Lab,20150724,-10.075482070438184,-10.075482070438184,-10.075482070438184,-10.075482070438184,-10.075482070438184
ae1945038b972cdd,train,PD,Void,Lab PD,Lab,20150724,-9.165777485664634,-9.165777485664634,-9.165777485664634,-9.165777485664634,-9.165777485664634
8be9bfc077392836,train,PD,Void,Lab PD,Lab,20150724,-9.263913541441752,-9.263913541441752,-9.263913541441752,-9.263913541441752,-9.263913541441752
46a623f58c0fbbef,train,PD,Void,Lab PD,Lab,20150724,-8.870870328822917,-8.870870328822917,-8.870870328822917,-8.870870328822917,-8.870870328822917
dbbfd7bb9105af6c,train,PD,Void,Lab PD,Lab,20150724,-10.612202537663507,-10.612202537663507,-10.612202537663507,-10.612202537663507,-10.612202537663507
c908a59e2cdc7acd,train,PD,Void,Lab PD,Lab,20150724,-10.938939806271762,-10.938939806271762,-10.938939806271762,-10.938939806271762,-10.938939806271762
889e82710ec0fc02,train,PD,Void,Lab PD,Lab,20150724,-9.668087788085714,-9.668087788085714,-9.668087788085714,-9.668087788085714,-9.668087788085714
ef3859417ed88ff1,train,PD,Void,Lab PD,Lab,20150724,-9.952738541941827,-9.952738541941827,-9.952738541941827,-9.952738541941827,-9.952738541941827
66e18192275e3a33,train,PD,Void,Lab PD,Lab,20150724,-9.82783371408155,-9.82783371408155,-9.82783371408155,-9.82783371408155,-9.82783371408155
7efa77df3c9b02f3,train,PD,Void,Lab PD,Lab,20150724,-10.93337110078285,-10.93337110078285,-10.93337110078285,-10.93337110078285,-10.93337110078285
f8cc7de098ad4a90,train,PD,Void,Lab PD,Lab,20150724,-13.008079094003676,-13.008079094003676,-13.008079094003676,-13.008079094003676,-13.008079094003676
fb40cdd35bb7f070,train,PD,Void,Lab PD,Lab,20150724,-8.69224800977075,-8.69224800977075,-8.69224800977075,-8.69224800977075,-8.69224800977075
8a746d6b7b876374,train,PD,Void,Lab PD,Lab,20150724,-8.499940895925306,-8.499940895925306,-8.499940895925306,-8.499940895925306,-8.499940895925306
1691447ca1b9b3d9,train,PD,Void,Lab PD,Lab,20150724,-7.258300173289747,-7.258300173289747,-7.258300173289747,-7.258300173289747,-7.258300173289747
3e973b0d04454421,train,PD,Void,Lab PD,Lab,20150724,-4.512833739224675,-4.512833739224675,-4.512833739224675,-4.512833739224675,-4.512833739224675
153eb0e3c7fdcaec,train,PD,Void,Lab PD,Lab,20150724,-8.308105717108816,-8.308105717108816,-8.308105717108816,-8.308105717108816,-8.308105717108816
87dcc03f2f8677b1,train,PD,Void,Lab PD,Lab,20150724,-6.179087293907088,-6.179087293907088,-6.179087293907088,-6.179087293907088,-6.179087293907088
a17d4adc0d05d2a7,train,PD,Void,Lab PD,Lab,20150724,-2.9453286719001426,-2.9453286719001426,-2.9453286719001426,-2.9453286719001426,-2.9453286719001426
b43e14a725107614,train,PD,Void,Lab PD,Lab,20150724,-9.129017441700881,-9.129017441700881,-9.129017441700881,-9.129017441700881,-9.129017441700881
9bef7efce8ffb982,train,PD,Void,Lab PD,Lab,20150724,-7.87672251662471,-7.87672251662471,-7.87672251662471,-7.87672251662471,-7.87672251662471
12a7e707abb57191,train,PD,Void,Lab PD,Lab,20150724,-14.52960313060143,-14.52960313060143,-14.52960313060143,-14.52960313060143,-14.52960313060143
dee8d872d53eb69a,train,PD,Void,Lab PD,Lab,20150724,-10.356991291365347,-10.356991291365347,-10.356991291365347,-10.356991291365347,-10.356991291365347
d323e8a27325a9b7,train,PD,Void,Lab PD,Lab,20150724,-12.497185166261502,-12.497185166261502,-12.497185166261502,-12.497185166261502,-12.497185166261502
0e66bfe3ce7019a3,train,PD,Void,Lab PD,Lab,20150724,-13.828101643197257,-13.828101643197257,-13.828101643197257,-13.828101643197257,-13.828101643197257
d47129fb6614b392,train,PD,Void,Lab PD,Lab,20150724,-13.683688143357855,-13.683688143357855,-13.683688143357855,-13.683688143357855,-13.683688143357855
73b369d56a2f07c7,train,PD,Void,Lab PD,Lab,20150724,-10.920489557658783,-10.920489557658783,-10.920489557658783,-10.920489557658783,-10.920489557658783
2a1011dcb8a12e7c,train,PD,Void,Lab PD,Lab,20150724,-10.705464876768012,-10.705464876768012,-10.705464876768012,-10.705464876768012,-10.705464876768012
e9c77b822e4387b9,train,PD,Void,Lab PD,Lab,20150724,-14.14676716740226,-14.14676716740226,-14.14676716740226,-14.14676716740226,-14.14676716740226
1600a6941c316f2d,train,PD,Void,Lab PD,Lab,20150724,-10.927758103829433,-10.927758103829433,-10.927758103829433,-10.927758103829433,-10.927758103829433
035efdea56fada3c,train,PD,Void,Lab PD,Lab,20150724,-13.001845390417003,-13.001845390417003,-13.001845390417003,-13.001845390417003,-13.001845390417003
449b80e32f6dbd63,train,PD,Void,Lab PD,Lab,20150724,-14.17318397819389,-14.17318397819389,-14.17318397819389,-14.17318397819389,-14.17318397819389
f58cbdba069e1414,train,PD,Void,Lab PD,Lab,20150724,-11.598977228768511,-11.598977228768511,-11.598977228768511,-11.598977228768511,-11.598977228768511
1b09ebd27c99b548,train,PD,Void,Lab PD,Lab,20150724,-13.293915177914414,-13.293915177914414,-13.293915177914414,-13.293915177914414,-13.293915177914414
2ab036194bf6b439,train,PD,Void,Lab PD,Lab,20150724,-13.566868972853243,-13.566868972853243,-13.566868972853243,-13.566868972853243,-13.566868972853243
110514308c37ceb3,train,PD,Void,Lab PD,Lab,20150724,-6.24477069220778,-6.24477069220778,-6.24477069220778,-6.24477069220778,-6.24477069220778
2a32ad573a4faad6,train,PD,Void,Lab PD,Lab,20150724,-12.604959386207973,-12.604959386207973,-12.604959386207973,-12.604959386207973,-12.604959386207973
fa843333c9fd6c99,train,PD,Void,Lab PD,Lab,20150724,-10.375956954323414,-10.375956954323414,-10.375956954323414,-10.375956954323414,-10.375956954323414
b28bd7d1c0c436c2,train,PD,Void,Lab PD,Lab,20150724,-6.607691777508535,-6.607691777508535,-6.607691777508535,-6.607691777508535,-6.607691777508535
1d847d244a423b7e,train,PD,Void,Lab PD,Lab,20150724,-10.575067970068481,-10.575067970068481,-10.575067970068481,-10.575067970068481,-10.575067970068481
2fecec3bd373061e,train,PD,Void,Lab PD,Lab,20150724,-9.494488656670384,-9.494488656670384,-9.494488656670384,-9.494488656670384,-9.494488656670384
c1ebdc8e4b61e0dd,train,PD,Void,Lab PD,Lab,20150724,-11.500089131229856,-11.500089131229856,-11.500089131229856,-11.500089131229856,-11.500089131229856
ce042bc7a56c64b2,train,PD,Void,Lab PD,Lab,20151106,-4.504404815348217,-4.504404815348217,-4.504404815348217,-4.504404815348217,-4.504404815348217
5043986519e67c1e,train,PD,Void,Lab PD,Lab,20151106,-9.198100069070058,-9.198100069070058,-9.198100069070058,-9.198100069070058,-9.198100069070058
e0d2e331301b2994,train,PD,Void,Lab PD,Lab,20151106,-9.615537476232873,-9.615537476232873,-9.615537476232873,-9.615537476232873,-9.615537476232873
b81098b894950363,train,PD,Void,Lab PD,Lab,20151106,-9.747227239705637,-9.747227239705637,-9.747227239705637,-9.747227239705637,-9.747227239705637
3663daf043796fa8,train,PD,Void,Lab PD,Lab,20151106,-10.810748757872723,-10.810748757872723,-10.810748757872723,-10.810748757872723,-10.810748757872723
947cee724d738b51,train,PD,Void,Lab PD,Lab,20151106,-10.516065638636888,-10.516065638636888,-10.516065638636888,-10.516065638636888,-10.516065638636888
3964cf3681d5223a,train,PD,Void,Lab PD,Lab,20151210,-11.774414471052381,-11.774414471052381,-11.774414471052381,-11.774414471052381,-11.774414471052381
d45c218f30ea7bc4,train,PD,Void,Lab PD,Lab,20151210,-11.654923962533474,-11.654923962533474,-11.654923962533474,-11.654923962533474,-11.654923962533474
2d2b764acb42ecd8,train,PD,Void,Lab PD,Lab,20151210,-12.53999223145658,-12.53999223145658,-12.53999223145658,-12.53999223145658,-12.53999223145658
3434d6836c7d4a22,train,PD,Void,Lab PD,Lab,20151210,-9.419529126717322,-9.419529126717322,-9.419529126717322,-9.419529126717322,-9.419529126717322
ddd5a0c20cf351f2,train,PD,Void,Lab PD,Lab,20151210,-8.769918591562202,-8.769918591562202,-8.769918591562202,-8.769918591562202,-8.769918591562202
ec1a827aac50f8d9,train,PD,Void,Lab PD,Lab,20151210,-12.485164612184803,-12.485164612184803,-12.485164612184803,-12.485164612184803,-12.485164612184803
5d2f37d60d9b3355,train,PD,Void,Lab PD,Lab,20151210,-9.430846582632682,-9.430846582632682,-9.430846582632682,-9.430846582632682,-9.430846582632682
993a3abd6bfd5c29,train,PD,Void,Lab PD,Lab,20151210,-5.46524481244785,-5.46524481244785,-5.46524481244785,-5.46524481244785,-5.46524481244785
9be31383c5cee03c,train,PD,Void,Lab PD,Lab,20151210,-13.423509873555702,-13.423509873555702,-13.423509873555702,-13.423509873555702,-13.423509873555702
3faf063845430cca,train,PD,Void,Lab PD,Lab,20151210,-12.81234041255889,-12.81234041255889,-12.81234041255889,-12.81234041255889,-12.81234041255889
a780cd46a6cebee7,train,PD,Void,Lab PD,Lab,20151224,-5.911735593805901,-5.911735593805901,-5.911735593805901,-5.911735593805901,-5.911735593805901
ecbc83595c9a89bd,train,PD,Void,Lab PD,Lab,20151224,6.457610486594518,6.457610486594518,6.457610486594518,6.457610486594518,6.457610486594518
27383cfa13e3e5ff,train,PD,Void,Lab PD,Lab,20151224,3.393739788897193,3.393739788897193,3.393739788897193,3.393739788897193,3.393739788897193
754548717a3ce53c,train,PD,Void,Lab PD,Lab,20151224,3.9435182710530228,3.9435182710530228,3.9435182710530228,3.9435182710530228,3.9435182710530228
07c899c413bd57e2,train,PD,Void,Lab PD,Lab,20151224,9.01218044690168,9.01218044690168,9.01218044690168,9.01218044690168,9.01218044690168
39e6bab50c22a917,train,PD,Void,Lab PD,Lab,20151224,2.8248753184838904,2.8248753184838904,2.8248753184838904,2.8248753184838904,2.8248753184838904
f03f804b8aa17d3a,train,PD,Void,Lab PD,Lab,20151224,1.508235258755434,1.508235258755434,1.508235258755434,1.508235258755434,1.508235258755434
d0ce47e95838b3a0,train,PD,Void,Lab PD,Lab,20151224,7.1957257810642545,7.1957257810642545,7.1957257810642545,7.1957257810642545,7.1957257810642545
7d0133b43a9c3252,train,PD,Void,Lab PD,Lab,20151224,1.8141098058633816,1.8141098058633816,1.8141098058633816,1.8141098058633816,1.8141098058633816
997c16d4dc6bc25d,train,PD,Void,Lab PD,Lab,20151224,-2.472742450057382,-2.472742450057382,-2.472742450057382,-2.472742450057382,-2.472742450057382
2cff0c2067cd4a11,train,PD,Void,Lab PD,Lab,20151224,-2.497895616865918,-2.497895616865918,-2.497895616865918,-2.497895616865918,-2.497895616865918
5238dc869e23958e,train,PD,Void,Lab PD,Lab,20151224,0.47775439246370865,0.47775439246370865,0.47775439246370865,0.47775439246370865,0.47775439246370865
ae8a5f4be254ef38,train,PD,Void,Lab PD,Lab,20151224,5.262352976073018,5.262352976073018,5.262352976073018,5.262352976073018,5.262352976073018
c8a35286e0dc2835,train,PD,Void,Lab PD,Lab,20151224,-2.3834340854330662,-2.3834340854330662,-2.3834340854330662,-2.3834340854330662,-2.3834340854330662
57d8942f1bc901ef,train,PD,Void,Lab PD,Lab,20151224,5.701988727093308,5.701988727093308,5.701988727093308,5.701988727093308,5.701988727093308
85f851c93963a1ba,train,PD,Void,Lab PD,Lab,20151224,-4.584050007978533,-4.584050007978533,-4.584050007978533,-4.584050007978533,-4.584050007978533
3acfe0bab0d1e8c2,train,PD,Void,Lab PD,Lab,20151224,2.6191193409002693,2.6191193409002693,2.6191193409002693,2.6191193409002693,2.6191193409002693
caf62f5e2bccab6c,train,PD,Void,Lab PD,Lab,20151224,-2.7029492066398575,-2.7029492066398575,-2.7029492066398575,-2.7029492066398575,-2.7029492066398575
581bac3259290cbe,train,PD,Void,Lab PD,Lab,20151224,-2.235922502044154,-2.235922502044154,-2.235922502044154,-2.235922502044154,-2.235922502044154
4d6cbe3e038beb60,train,PD,Void,Lab PD,Lab,20151224,-3.9467419965123085,-3.9467419965123085,-3.9467419965123085,-3.9467419965123085,-3.9467419965123085
d48fdfe22fb4bac8,train,PD,Void,Lab PD,Lab,20151224,-4.208843504297747,-4.208843504297747,-4.208843504297747,-4.208843504297747,-4.208843504297747
159e0ce0d5bb9c18,train,PD,Void,Lab PD,Lab,20151224,-2.8212256933341706,-2.8212256933341706,-2.8212256933341706,-2.8212256933341706,-2.8212256933341706
762bc0f3722477aa,train,PD,Void,Lab PD,Lab,20151224,-4.690363419478629,-4.690363419478629,-4.690363419478629,-4.690363419478629,-4.690363419478629
e31213bba060464f,train,PD,Void,Lab PD,Lab,20151224,-2.5557608520879,-2.5557608520879,-2.5557608520879,-2.5557608520879,-2.5557608520879
6e8a1d320fc9cdc3,train,PD,Void,Lab PD,Lab,20151224,-1.9846863908194692,-1.9846863908194692,-1.9846863908194692,-1.9846863908194692,-1.9846863908194692
be566fdaedd6c92f,train,PD,Void,Lab PD,Lab,20151224,-2.027187327788468,-2.027187327788468,-2.027187327788468,-2.027187327788468,-2.027187327788468
777b67bb306eab62,train,PD,Void,Lab PD,Lab,20151224,-3.1296807725811533,-3.1296807725811533,-3.1296807725811533,-3.1296807725811533,-3.1296807725811533
03f9673ed19d74e4,train,PD,Void,Lab PD,Lab,20151224,-1.1519818748137993,-1.1519818748137993,-1.1519818748137993,-1.1519818748137993,-1.1519818748137993
f8a0dccb524f8bf7,train,PD,Void,Lab PD,Lab,20151224,0.1262662999393882,0.1262662999393882,0.1262662999393882,0.1262662999393882,0.1262662999393882
b6f5511f908c1ae7,train,PD,Void,Lab PD,Lab,20160607,-3.591372794811207,-3.591372794811207,-3.591372794811207,-3.591372794811207,-3.591372794811207
68e8c5eb8c85e4c3,train,PD,Void,Lab PD,Lab,20160607,2.864916855018407,2.864916855018407,2.864916855018407,2.864916855018407,2.864916855018407
4c0659afba10505c,train,PD,Void,Lab PD,Lab,20160607,-2.1827055883766775,-2.1827055883766775,-2.1827055883766775,-2.1827055883766775,-2.1827055883766775
02a891dd302f6c91,train,PD,Void,Lab PD,Lab,20160607,-2.809398205332343,-2.809398205332343,-2.809398205332343,-2.809398205332343,-2.809398205332343
19c9e61e59a5400b,train,PD,Void,Lab PD,Lab,20160607,1.3274075451383567,1.3274075451383567,1.3274075451383567,1.3274075451383567,1.3274075451383567
ad8e645b66dd4039,train,PD,Void,Lab PD,Lab,20160607,-0.9585354490693732,-0.9585354490693732,-0.9585354490693732,-0.9585354490693732,-0.9585354490693732
6a678b481534159f,train,PD,Void,Lab PD,Lab,20160607,-3.1920167477607464,-3.1920167477607464,-3.1920167477607464,-3.1920167477607464,-3.1920167477607464
61ecf68e6dd0403e,train,PD,Void,Lab PD,Lab,20160607,0.2484680423534229,0.2484680423534229,0.2484680423534229,0.2484680423534229,0.2484680423534229
97e9110d8cfbca61,train,PD,Void,Lab PD,Lab,20160607,-5.406246288083281,-5.406246288083281,-5.406246288083281,-5.406246288083281,-5.406246288083281
ca642b76f62bb696,train,PD,Void,Lab PD,Lab,20160607,-7.196621055606926,-7.196621055606926,-7.196621055606926,-7.196621055606926,-7.196621055606926
b910d45c1a427647,train,PD,Void,Lab PD,Lab,20160607,-0.14318677712626027,-0.14318677712626027,-0.14318677712626027,-0.14318677712626027,-0.14318677712626027
206464f041e361c5,train,PD,Void,Lab PD,Lab,20160607,-5.360428739330182,-5.360428739330182,-5.360428739330182,-5.360428739330182,-5.360428739330182
6a07f8b8efaf93e6,train,PD,Void,Lab PD,Lab,20160607,-5.0457048542211425,-5.0457048542211425,-5.0457048542211425,-5.0457048542211425,-5.0457048542211425
eb18a05b7a3cd22e,train,PD,Void,Lab PD,Lab,20160607,0.5193742518780482,0.5193742518780482,0.5193742518780482,0.5193742518780482,0.5193742518780482
694342eb147c3bf9,train,PD,Void,Lab PD,Lab,20160607,-5.5893814199869425,-5.5893814199869425,-5.5893814199869425,-5.5893814199869425,-5.5893814199869425
5b004c16465e73fc,train,PD,Void,Lab PD,Lab,20160607,-6.394842151335254,-6.394842151335254,-6.394842151335254,-6.394842151335254,-6.394842151335254
f4b6c3596146c635,train,PD,Void,Lab PD,Lab,20160607,0.18460184549621772,0.18460184549621772,0.18460184549621772,0.18460184549621772,0.18460184549621772
e1f4900a57af31bc,train,PD,Void,Lab PD,Lab,20160607,-6.01981162392741,-6.01981162392741,-6.01981162392741,-6.01981162392741,-6.01981162392741
edfb405b4436baad,train,PD,Void,Lab PD,Lab,20160607,-5.14257325539343,-5.14257325539343,-5.14257325539343,-5.14257325539343,-5.14257325539343
676081d784e77ff9,train,PD,Void,Lab PD,Lab,20160607,-11.57749789325478,-11.57749789325478,-11.57749789325478,-11.57749789325478,-11.57749789325478
b06e4b3227801cb4,train,PD,Void,Lab PD,Lab,20160607,-14.138117768258049,-14.138117768258049,-14.138117768258049,-14.138117768258049,-14.138117768258049
4024c782d6483821,train,PD,Void,Lab PD,Lab,20160607,-8.249154544019447,-8.249154544019447,-8.249154544019447,-8.249154544019447,-8.249154544019447
27b9012d7cacbfc6,train,PD,Void,Lab PD,Lab,20160607,-9.331723906406069,-9.331723906406069,-9.331723906406069,-9.331723906406069,-9.331723906406069
441f905751835eec,train,PD,Void,Lab PD,Lab,20160607,-11.383088406803502,-11.383088406803502,-11.383088406803502,-11.383088406803502,-11.383088406803502
0fa6740bfca579aa,train,PD,Void,Lab PD,Lab,20160607,-8.395635812515103,-8.395635812515103,-8.395635812515103,-8.395635812515103,-8.395635812515103
d1db56f15e30921c,train,PD,Void,Lab PD,Lab,20160607,-8.644961407101029,-8.644961407101029,-8.644961407101029,-8.644961407101029,-8.644961407101029
490aaf6ee21507ae,train,PD,Void,Lab PD,Lab,20160607,-9.258139076059066,-9.258139076059066,-9.258139076059066,-9.258139076059066,-9.258139076059066
63385eaf348ff920,train,PD,Void,Lab PD,Lab,20160607,-2.08585772621392,-2.08585772621392,-2.08585772621392,-2.08585772621392,-2.08585772621392
44f9b8c8fff88b81,train,PD,Void,Lab PD,Lab,20160607,-7.488191733725849,-7.488191733725849,-7.488191733725849,-7.488191733725849,-7.488191733725849
6420becda9109455,train,PD,Void,Lab PD,Lab,20160607,-7.763621403338519,-7.763621403338519,-7.763621403338519,-7.763621403338519,-7.763621403338519
37a3dbd3a76171ce,train,PD,Void,Lab PD,Lab,20160607,-2.265565453744216,-2.265565453744216,-2.265565453744216,-2.265565453744216,-2.265565453744216
0d7e1cdeb65c093c,train,PD,Void,Lab PD,Lab,20160607,-6.707048419459959,-6.707048419459959,-6.707048419459959,-6.707048419459959,-6.707048419459959
0c38fe95cd6392e2,train,PD,Void,Lab PD,Lab,20160607,-3.7036417878945826,-3.7036417878945826,-3.7036417878945826,-3.7036417878945826,-3.7036417878945826
03af5944b5af227d,train,PD,Void,Lab PD,Lab,20160607,-3.406664767579315,-3.406664767579315,-3.406664767579315,-3.406664767579315,-3.406664767579315
775114d0aba87817,train,PD,Void,Lab PD,Lab,20160607,-4.996813671214724,-4.996813671214724,-4.996813671214724,-4.996813671214724,-4.996813671214724
f1e83b169cf32e85,train,PD,Void,Lab PD,Lab,20160607,-4.454932473448835,-4.454932473448835,-4.454932473448835,-4.454932473448835,-4.454932473448835
eec3f108ab616808,train,PD,Void,Lab PD,Lab,20160607,-1.7376388362120991,-1.7376388362120991,-1.7376388362120991,-1.7376388362120991,-1.7376388362120991
57a3366a100f5eb1,train,PD,Void,Lab PD,Lab,20160607,-0.15968572105411738,-0.15968572105411738,-0.15968572105411738,-0.15968572105411738,-0.15968572105411738
42dec103b34d05c7,train,PD,Void,Lab PD,Lab,20160607,-1.1887306929821264,-1.1887306929821264,-1.1887306929821264,-1.1887306929821264,-1.1887306929821264
49a185fe0f3f75fe,train,PD,Void,Lab PD,Lab,20160607,-0.10096385432365196,-0.10096385432365196,-0.10096385432365196,-0.10096385432365196,-0.10096385432365196
73be268004fe5eab,train,PD,Void,Lab PD,Lab,20160607,0.14910626380782332,0.14910626380782332,0.14910626380782332,0.14910626380782332,0.14910626380782332
d9561b943ce0d810,train,PD,Void,Lab PD,Lab,20160607,-3.7976208206833206,-3.7976208206833206,-3.7976208206833206,-3.7976208206833206,-3.7976208206833206
2ae5cc9f6dafaeba,train,PD,Void,Lab PD,Lab,20160607,-3.628229362880667,-3.628229362880667,-3.628229362880667,-3.628229362880667,-3.628229362880667
f40f0cb3cd9f344b,train,PD,Void,Lab PD,Lab,20160607,1.2097643178831845,1.2097643178831845,1.2097643178831845,1.2097643178831845,1.2097643178831845
08231624edb288c6,train,PD,Void,Lab PD,Lab,20160607,-2.107570807085196,-2.107570807085196,-2.107570807085196,-2.107570807085196,-2.107570807085196
61606ec0ccf77d2e,train,PD,Void,Lab PD,Lab,20160607,-3.048557430292867,-3.048557430292867,-3.048557430292867,-3.048557430292867,-3.048557430292867
31aaaa7bc08a2ff9,train,PD,Void,Lab PD,Lab,20160607,0.20292664475394417,0.20292664475394417,0.20292664475394417,0.20292664475394417,0.20292664475394417
e3a917ffed3d7b82,train,PD,Void,Lab PD,Lab,20160607,-3.2068216956859317,-3.2068216956859317,-3.2068216956859317,-3.2068216956859317,-3.2068216956859317
889a53b2105b91bc,train,PD,Void,Lab PD,Lab,20160607,2.40907140095333,2.40907140095333,2.40907140095333,2.40907140095333,2.40907140095333
c341f5b1f70ead35,train,PD,Void,Lab PD,Lab,20160607,-1.7231875668919514,-1.7231875668919514,-1.7231875668919514,-1.7231875668919514,-1.7231875668919514
4712022cfa4729c3,train,PD,Void,Lab PD,Lab,20160607,-1.326236854009693,-1.326236854009693,-1.326236854009693,-1.326236854009693,-1.326236854009693
b74fae713e814876,train,PD,Void,Lab PD,Lab,20160607,-0.26048985667704017,-0.26048985667704017,-0.26048985667704017,-0.26048985667704017,-0.26048985667704017
dd6116a3a5ab696f,train,PD,Void,Lab PD,Lab,20160607,-0.7206383282439788,-0.7206383282439788,-0.7206383282439788,-0.7206383282439788,-0.7206383282439788
2fe5b4aa89f0170c,train,PD,Void,Lab PD,Lab,20160607,-4.879631435401649,-4.879631435401649,-4.879631435401649,-4.879631435401649,-4.879631435401649
41860e33ddee4a08,train,PD,Void,Lab PD,Lab,20160607,-0.8206990169339292,-0.8206990169339292,-0.8206990169339292,-0.8206990169339292,-0.8206990169339292
fb1d596fa35260cb,train,PD,Void,Lab PD,Lab,20160607,-7.306811252806824,-7.306811252806824,-7.306811252806824,-7.306811252806824,-7.306811252806824
32bde353de89eeb2,train,PD,Void,Lab PD,Lab,20160607,-2.675835583900522,-2.675835583900522,-2.675835583900522,-2.675835583900522,-2.675835583900522
2232408eacd406f2,train,PD,Void,Lab PD,Lab,20160607,-4.646679834474405,-4.646679834474405,-4.646679834474405,-4.646679834474405,-4.646679834474405
ef3e62c659264845,train,PD,Void,Lab PD,Lab,20160607,-5.967384720851356,-5.967384720851356,-5.967384720851356,-5.967384720851356,-5.967384720851356
5cccbdcc0ab1b614,train,PD,Void,Lab PD,Lab,20160607,-5.897235258888216,-5.897235258888216,-5.897235258888216,-5.897235258888216,-5.897235258888216
a65f3cc30ab7639a,train,PD,Void,Lab PD,Lab,20160607,-7.869074809722321,-7.869074809722321,-7.869074809722321,-7.869074809722321,-7.869074809722321
7d3943c506800431,train,PD,Void,Lab PD,Lab,20160607,-1.4101943168261926,-1.4101943168261926,-1.4101943168261926,-1.4101943168261926,-1.4101943168261926
ebcc2260fb89d9c2,train,PD,Void,Lab PD,Lab,20160607,-6.137243483408639,-6.137243483408639,-6.137243483408639,-6.137243483408639,-6.137243483408639
b38edae1c74ebda3,train,PD,Void,Lab PD,Lab,20160607,-7.842320805132644,-7.842320805132644,-7.842320805132644,-7.842320805132644,-7.842320805132644
2cf17d21dd36a3b0,train,PD,Void,Lab PD,Lab,20160607,-2.7513971658288554,-2.7513971658288554,-2.7513971658288554,-2.7513971658288554,-2.7513971658288554
49cdb82a521e8ef6,train,PD,Void,Lab PD,Lab,20160607,-5.2441876606932,-5.2441876606932,-5.2441876606932,-5.2441876606932,-5.2441876606932
e2a0b25833ea5dc2,train,PD,Void,Lab PD,Lab,20160607,-6.851129777223591,-6.851129777223591,-6.851129777223591,-6.851129777223591,-6.851129777223591
a9b08eaa6c1da2ee,train,PD,Void,Lab PD,Lab,20160607,-4.233825825586905,-4.233825825586905,-4.233825825586905,-4.233825825586905,-4.233825825586905
3b5147e897009573,train,PD,Void,Lab PD,Lab,20160607,-6.526223476303258,-6.526223476303258,-6.526223476303258,-6.526223476303258,-6.526223476303258
1fbdec13116b776b,train,PD,Void,Lab PD,Lab,20160607,-10.477753563342759,-10.477753563342759,-10.477753563342759,-10.477753563342759,-10.477753563342759
22781ea1e1b11122,train,PD,Void,Lab PD,Lab,20160607,-2.9266691004864356,-2.9266691004864356,-2.9266691004864356,-2.9266691004864356,-2.9266691004864356
55fb4088617e04d0,train,PD,Void,Lab PD,Lab,20160607,-6.888248712013436,-6.888248712013436,-6.888248712013436,-6.888248712013436,-6.888248712013436
3d03431399e8443e,train,PD,Void,Lab PD,Lab,20160608,-3.7406752892154884,-3.7406752892154884,-3.7406752892154884,-3.7406752892154884,-3.7406752892154884
3c3dcb912ce62340,train,PD,Void,Lab PD,Lab,20160608,-2.942102852784256,-2.942102852784256,-2.942102852784256,-2.942102852784256,-2.942102852784256
571da10fe92f64df,train,PD,Void,Lab PD,Lab,20160608,-7.064801463243626,-7.064801463243626,-7.064801463243626,-7.064801463243626,-7.064801463243626
0347337629b72767,train,PD,Void,Lab PD,Lab,20160608,-8.027685599880911,-8.027685599880911,-8.027685599880911,-8.027685599880911,-8.027685599880911
95a5544633afccba,train,PD,Void,Lab PD,Lab,20160608,-0.7278449721574844,-0.7278449721574844,-0.7278449721574844,-0.7278449721574844,-0.7278449721574844
4cb26f9e32a2f514,train,PD,Void,Lab PD,Lab,20160608,1.3405549956457037,1.3405549956457037,1.3405549956457037,1.3405549956457037,1.3405549956457037
2591cc129c9610cd,train,PD,Void,Lab PD,Lab,20160608,0.7485552509791091,0.7485552509791091,0.7485552509791091,0.7485552509791091,0.7485552509791091
a57d3dc5495bed01,train,PD,Void,Lab PD,Lab,20160608,-3.4957434334171467,-3.4957434334171467,-3.4957434334171467,-3.4957434334171467,-3.4957434334171467
230a8ce4c23d21e9,train,PD,Void,Lab PD,Lab,20160608,-4.520866929220134,-4.520866929220134,-4.520866929220134,-4.520866929220134,-4.520866929220134
3fed45ac7dd4c05d,train,PD,Void,Lab PD,Lab,20160608,-4.9287858346877655,-4.9287858346877655,-4.9287858346877655,-4.9287858346877655,-4.9287858346877655
ec8344c8da4d885b,train,PD,Void,Lab PD,Lab,20160608,-4.763682168818093,-4.763682168818093,-4.763682168818093,-4.763682168818093,-4.763682168818093
c86a37f575a3ddaa,train,PD,Void,Lab PD,Lab,20160608,-8.132361174317161,-8.132361174317161,-8.132361174317161,-8.132361174317161,-8.132361174317161
1ef27ef24fa7dad0,train,PD,Void,Lab PD,Lab,20160608,-5.936042250887141,-5.936042250887141,-5.936042250887141,-5.936042250887141,-5.936042250887141
6510a55bb5d73912,train,PD,Void,Lab PD,Lab,20160608,-5.027600880999685,-5.027600880999685,-5.027600880999685,-5.027600880999685,-5.027600880999685
02b10600b1cc8902,train,PD,Void,Lab PD,Lab,20160608,-4.641483148053879,-4.641483148053879,-4.641483148053879,-4.641483148053879,-4.641483148053879
9618d68a21d6d3bb,train,PD,Void,Lab PD,Lab,20160608,-8.04697812843672,-8.04697812843672,-8.04697812843672,-8.04697812843672,-8.04697812843672
1bea6f82bd139b8d,train,PD,Void,Lab PD,Lab,20160608,-4.585879305755967,-4.585879305755967,-4.585879305755967,-4.585879305755967,-4.585879305755967
db70a90cb7b3e2c5,train,PD,Void,Lab PD,Lab,20160608,-4.8007586890288145,-4.8007586890288145,-4.8007586890288145,-4.8007586890288145,-4.8007586890288145
a535bdd774cbf7b7,train,PD,Void,Lab PD,Lab,20160608,-8.344185215742144,-8.344185215742144,-8.344185215742144,-8.344185215742144,-8.344185215742144
50ee4d59c5a05243,train,PD,Void,Lab PD,Lab,20160608,-3.6361635371949603,-3.6361635371949603,-3.6361635371949603,-3.6361635371949603,-3.6361635371949603
05ddfa2cb331c58f,train,PD,Void,Lab PD,Lab,20160608,-4.395319393018056,-4.395319393018056,-4.395319393018056,-4.395319393018056,-4.395319393018056
e702a30de2c5d363,train,PD,Void,Lab PD,Lab,20160608,-7.218132025557765,-7.218132025557765,-7.218132025557765,-7.218132025557765,-7.218132025557765
cdee9470479bcf59,train,PD,Void,Lab PD,Lab,20160608,-11.651964610943736,-11.651964610943736,-11.651964610943736,-11.651964610943736,-11.651964610943736
fb153e0414e89ba9,train,PD,Void,Lab PD,Lab,20160608,-2.5682718503116035,-2.5682718503116035,-2.5682718503116035,-2.5682718503116035,-2.5682718503116035
c40d3f5a6da0032b,train,PD,Void,Lab PD,Lab,20160608,-3.623111521534412,-3.623111521534412,-3.623111521534412,-3.623111521534412,-3.623111521534412
7b917fc12291e3b3,train,PD,Void,Lab PD,Lab,20160608,5.8534838659449235,5.8534838659449235,5.8534838659449235,5.8534838659449235,5.8534838659449235
c56aa0dd34b8a60e,train,PD,Void,Lab PD,Lab,20160608,-0.4832985661909426,-0.4832985661909426,-0.4832985661909426,-0.4832985661909426,-0.4832985661909426
50d50eb61c232330,train,PD,Void,Lab PD,Lab,20160608,-2.809073047281604,-2.809073047281604,-2.809073047281604,-2.809073047281604,-2.809073047281604
a3248772b716d83e,train,PD,Void,Lab PD,Lab,20160608,-4.445238887741944,-4.445238887741944,-4.445238887741944,-4.445238887741944,-4.445238887741944
e9d1f9d5494b9753,train,PD,Void,Lab PD,Lab,20160608,-0.29256424186883123,-0.29256424186883123,-0.29256424186883123,-0.29256424186883123,-0.29256424186883123
dd7e6ec35825d327,train,PD,Void,Lab PD,Lab,20160608,-2.411755528137725,-2.411755528137725,-2.411755528137725,-2.411755528137725,-2.411755528137725
dc86cf30251f646a,train,PD,Void,Lab PD,Lab,20160608,-3.9060750001282827,-3.9060750001282827,-3.9060750001282827,-3.9060750001282827,-3.9060750001282827
b97d7933e64d7d62,train,PD,Void,Lab PD,Lab,20160608,-7.417094446683848,-7.417094446683848,-7.417094446683848,-7.417094446683848,-7.417094446683848
f541270001b87173,train,PD,Void,Lab PD,Lab,20160608,-3.8873568074762446,-3.8873568074762446,-3.8873568074762446,-3.8873568074762446,-3.8873568074762446
8074cdc80725edea,train,PD,Void,Lab PD,Lab,20160608,-6.3501000859900785,-6.3501000859900785,-6.3501000859900785,-6.3501000859900785,-6.3501000859900785
c751c2816a3ac3e4,train,PD,Void,Lab PD,Lab,20160608,-7.044516210989151,-7.044516210989151,-7.044516210989151,-7.044516210989151,-7.044516210989151
61ef06edd703a1a8,train,PD,Void,Lab PD,Lab,20160608,-10.327021205907386,-10.327021205907386,-10.327021205907386,-10.327021205907386,-10.327021205907386
632c9536ad44efb5,train,PD,Void,Lab PD,Lab,20160608,-4.374285532080336,-4.374285532080336,-4.374285532080336,-4.374285532080336,-4.374285532080336
1bea5923e4645cdb,train,PD,Void,Lab PD,Lab,20160608,-5.325954232246604,-5.325954232246604,-5.325954232246604,-5.325954232246604,-5.325954232246604
a3b351f48b4ddd01,train,PD,Void,Lab PD,Lab,20160608,-6.007377483698946,-6.007377483698946,-6.007377483698946,-6.007377483698946,-6.007377483698946
87a2597dc12ca715,train,PD,Void,Lab PD,Lab,20160608,-8.123946523116842,-8.123946523116842,-8.123946523116842,-8.123946523116842,-8.123946523116842
2e57a807a3b8ac1b,train,PD,Void,Lab PD,Lab,20160608,-5.4660283388364235,-5.4660283388364235,-5.4660283388364235,-5.4660283388364235,-5.4660283388364235
4ab5fc371ca0fbe9,train,PD,Void,Lab PD,Lab,20160608,-4.358264815785354,-4.358264815785354,-4.358264815785354,-4.358264815785354,-4.358264815785354
eedc9912bdb1c5e9,train,PD,Void,Lab PD,Lab,20160608,-2.304639536159968,-2.304639536159968,-2.304639536159968,-2.304639536159968,-2.304639536159968
73e46064f73f9c43,train,PD,Void,Lab PD,Lab,20160608,-0.8450727165372598,-0.8450727165372598,-0.8450727165372598,-0.8450727165372598,-0.8450727165372598
dac199a7502bddc8,train,PD,Void,Lab PD,Lab,20160608,-5.6915935220176515,-5.6915935220176515,-5.6915935220176515,-5.6915935220176515,-5.6915935220176515
e8061c1938207516,train,PD,Void,Lab PD,Lab,20160608,-6.899897787199322,-6.899897787199322,-6.899897787199322,-6.899897787199322,-6.899897787199322
2600bcd4aa9afd44,train,PD,Void,Lab PD,Lab,20160608,-10.480314686781782,-10.480314686781782,-10.480314686781782,-10.480314686781782,-10.480314686781782
e1774fdc9cdefff6,train,PD,Void,Lab PD,Lab,20160608,-2.515885477520449,-2.515885477520449,-2.515885477520449,-2.515885477520449,-2.515885477520449
fc3c77f58b0e2891,train,PD,Void,Lab PD,Lab,20160608,-4.603451673419542,-4.603451673419542,-4.603451673419542,-4.603451673419542,-4.603451673419542
6cc3edb4f150c9a2,train,PD,Void,Lab PD,Lab,20160608,-8.186640202862108,-8.186640202862108,-8.186640202862108,-8.186640202862108,-8.186640202862108
be1d563b97d75609,train,PD,Void,Lab PD,Lab,20160608,-11.429681625904841,-11.429681625904841,-11.429681625904841,-11.429681625904841,-11.429681625904841
fb036bbcdfb8979c,train,PD,Void,Lab PD,Lab,20160608,4.621806396100155,4.621806396100155,4.621806396100155,4.621806396100155,4.621806396100155
1fbae17918161be9,train,PD,Void,Lab PD,Lab,20160608,2.288534911335347,2.288534911335347,2.288534911335347,2.288534911335347,2.288534911335347
c95da34a6eaf2bd0,train,PD,Void,Lab PD,Lab,20160608,-0.21888861187854047,-0.21888861187854047,-0.21888861187854047,-0.21888861187854047,-0.21888861187854047
d1b84263e5e4297a,train,PD,Void,Lab PD,Lab,20160608,2.008095728467609,2.008095728467609,2.008095728467609,2.008095728467609,2.008095728467609
99f598b628bb256c,train,PD,Void,Lab PD,Lab,20160608,-0.984256633343449,-0.984256633343449,-0.984256633343449,-0.984256633343449,-0.984256633343449
a8476da6d0b31a27,train,PD,Void,Lab PD,Lab,20160608,-5.134106726941134,-5.134106726941134,-5.134106726941134,-5.134106726941134,-5.134106726941134
1865f8814ee9e6f4,train,PD,Void,Lab PD,Lab,20160608,-7.648279334116502,-7.648279334116502,-7.648279334116502,-7.648279334116502,-7.648279334116502
07cf05e9c19942d3,train,PD,Void,Lab PD,Lab,20160608,-6.837961693336474,-6.837961693336474,-6.837961693336474,-6.837961693336474,-6.837961693336474
cf0861e1fcc316cd,train,PD,Void,Lab PD,Lab,20160608,-7.313212449950342,-7.313212449950342,-7.313212449950342,-7.313212449950342,-7.313212449950342
0b44275d611a5760,train,PD,Void,Lab PD,Lab,20160608,-10.28857521247106,-10.28857521247106,-10.28857521247106,-10.28857521247106,-10.28857521247106
475443bc3f776b35,train,PD,Void,Lab PD,Lab,20160608,-5.414284343635046,-5.414284343635046,-5.414284343635046,-5.414284343635046,-5.414284343635046
791e14c34ec443c5,train,PD,Void,Lab PD,Lab,20160608,-5.273474634242596,-5.273474634242596,-5.273474634242596,-5.273474634242596,-5.273474634242596
b8bc917d278962ab,train,PD,Void,Lab PD,Lab,20160608,-5.177334572607407,-5.177334572607407,-5.177334572607407,-5.177334572607407,-5.177334572607407
4da2538389a3b3da,train,PD,Void,Lab PD,Lab,20160608,-6.584439776731259,-6.584439776731259,-6.584439776731259,-6.584439776731259,-6.584439776731259
79d54303905ffb98,train,PD,Void,Lab PD,Lab,20160608,-3.201774735257043,-3.201774735257043,-3.201774735257043,-3.201774735257043,-3.201774735257043
9e9dd544da4f83fa,train,PD,Void,Lab PD,Lab,20160608,-2.42846842303733,-2.42846842303733,-2.42846842303733,-2.42846842303733,-2.42846842303733
9e6eb32470f821ce,train,PD,Void,Lab PD,Lab,20160608,3.091862883563067,3.091862883563067,3.091862883563067,3.091862883563067,3.091862883563067
8a92aab404ce97c6,train,PD,Void,Lab PD,Lab,20160608,2.2543911726458177,2.2543911726458177,2.2543911726458177,2.2543911726458177,2.2543911726458177
8665dfcbc8808005,train,PD,Void,Lab PD,Lab,20160608,-0.052252169664598114,-0.052252169664598114,-0.052252169664598114,-0.052252169664598114,-0.052252169664598114
0fdde75396bc5184,train,PD,Void,Lab PD,Lab,20160608,1.3289183508109943,1.3289183508109943,1.3289183508109943,1.3289183508109943,1.3289183508109943
942955ca79927058,train,PD,Void,Lab PD,Lab,20160608,1.356532564322407,1.356532564322407,1.356532564322407,1.356532564322407,1.356532564322407
10a385f21fb32016,train,PD,Void,Lab PD,Lab,20160608,-1.579356341810577,-1.579356341810577,-1.579356341810577,-1.579356341810577,-1.579356341810577
28f0a9296a110a4c,train,PD,Void,Lab PD,Lab,20160608,0.28103942179399155,0.28103942179399155,0.28103942179399155,0.28103942179399155,0.28103942179399155
e6507af9e8e3202c,train,PD,Void,Lab PD,Lab,20160608,-2.518148486067428,-2.518148486067428,-2.518148486067428,-2.518148486067428,-2.518148486067428
50f26aeba2f297f0,train,PD,Void,Lab PD,Lab,20160608,-3.5674253956676054,-3.5674253956676054,-3.5674253956676054,-3.5674253956676054,-3.5674253956676054
7e9ace586b3e7d34,train,PD,Void,Lab PD,Lab,20160608,0.35435830764622267,0.35435830764622267,0.35435830764622267,0.35435830764622267,0.35435830764622267
024a640a121fcbea,train,PD,Void,Lab PD,Lab,20160608,-2.3976857244795404,-2.3976857244795404,-2.3976857244795404,-2.3976857244795404,-2.3976857244795404
fa0565cb302a57b9,train,PD,Void,Lab PD,Lab,20160608,-3.140527970725607,-3.140527970725607,-3.140527970725607,-3.140527970725607,-3.140527970725607
7576a620c6e6303d,train,PD,Void,Lab PD,Lab,20160608,-2.0011011658475226,-2.0011011658475226,-2.0011011658475226,-2.0011011658475226,-2.0011011658475226
4ac883614ceabf94,train,PD,Void,Lab PD,Lab,20160608,-2.7324396491819414,-2.7324396491819414,-2.7324396491819414,-2.7324396491819414,-2.7324396491819414
0fbaedc67eaccd90,train,PD,Void,Lab PD,Lab,20160608,1.3076545591861475,1.3076545591861475,1.3076545591861475,1.3076545591861475,1.3076545591861475
cbd208cbe07513d9,train,PD,Void,Lab PD,Lab,20160608,-4.105861905815274,-4.105861905815274,-4.105861905815274,-4.105861905815274,-4.105861905815274
290e4865161c80d6,train,PD,Void,Lab PD,Lab,20160608,-7.5214285875188125,-7.5214285875188125,-7.5214285875188125,-7.5214285875188125,-7.5214285875188125
00ce90272c37ef67,train,PD,Void,Lab PD,Lab,20160608,-0.5093173439015146,-0.5093173439015146,-0.5093173439015146,-0.5093173439015146,-0.5093173439015146
38baf2120f3756ae,train,PD,Void,Lab PD,Lab,20160608,-2.045141913305585,-2.045141913305585,-2.045141913305585,-2.045141913305585,-2.045141913305585
5299878181ff6d36,train,PD,Void,Lab PD,Lab,20160608,-4.003339440987787,-4.003339440987787,-4.003339440987787,-4.003339440987787,-4.003339440987787
e78643f6eaeb14b6,train,PD,Void,Lab PD,Lab,20160608,-2.7363979900073048,-2.7363979900073048,-2.7363979900073048,-2.7363979900073048,-2.7363979900073048
65097aea25ff678f,train,PD,Void,Lab PD,Lab,20160608,-2.1311832976758502,-2.1311832976758502,-2.1311832976758502,-2.1311832976758502,-2.1311832976758502
85b7da745bcf19f3,train,PD,Void,Lab PD,Lab,20160608,-1.282001668099479,-1.282001668099479,-1.282001668099479,-1.282001668099479,-1.282001668099479
a24fe96f30075b06,train,PD,Void,Lab PD,Lab,20160608,-0.6742237856372668,-0.6742237856372668,-0.6742237856372668,-0.6742237856372668,-0.6742237856372668
7d32c184920851de,train,PD,Void,Lab PD,Lab,20160608,-3.5134778846807784,-3.5134778846807784,-3.5134778846807784,-3.5134778846807784,-3.5134778846807784
966506085caf8c25,train,PD,Void,Lab PD,Lab,20160608,-8.381092353520472,-8.381092353520472,-8.381092353520472,-8.381092353520472,-8.381092353520472
b2a9ddde193c5771,train,PD,Void,Lab PD,Lab,20160608,-7.634941561303094,-7.634941561303094,-7.634941561303094,-7.634941561303094,-7.634941561303094
11eedea457541203,train,PD,Void,Lab PD,Lab,20160608,-1.7725544804099158,-1.7725544804099158,-1.7725544804099158,-1.7725544804099158,-1.7725544804099158
68c8d402d2af0ef8,train,PD,Void,Lab PD,Lab,20160608,-4.395663204216049,-4.395663204216049,-4.395663204216049,-4.395663204216049,-4.395663204216049
321c79123f8739de,train,PD,Void,Lab PD,Lab,20160608,-6.357126271715742,-6.357126271715742,-6.357126271715742,-6.357126271715742,-6.357126271715742
c6bbd91ebfd5ae40,train,PD,Void,Lab PD,Lab,20160608,1.482092046109102,1.482092046109102,1.482092046109102,1.482092046109102,1.482092046109102
e0a7af4d7ec0e42a,train,PD,Void,Lab PD,Lab,20160608,-3.2694868718647,-3.2694868718647,-3.2694868718647,-3.2694868718647,-3.2694868718647
da544387199eaf18,train,PD,Void,Lab PD,Lab,20160608,-9.064835781978218,-9.064835781978218,-9.064835781978218,-9.064835781978218,-9.064835781978218
ce65ab05457aaa3c,train,PD,Void,Lab PD,Lab,20160608,-8.09274611303858,-8.09274611303858,-8.09274611303858,-8.09274611303858,-8.09274611303858
6b64a9caf0dbec0b,train,PD,Void,Lab PD,Lab,20160608,-5.707119241281077,-5.707119241281077,-5.707119241281077,-5.707119241281077,-5.707119241281077
b19efc20b57aab30,train,PD,Void,Lab PD,Lab,20160608,-5.315478391800646,-5.315478391800646,-5.315478391800646,-5.315478391800646,-5.315478391800646
a76e0ad745814b14,train,PD,Void,Lab PD,Lab,20160608,-9.494341745495248,-9.494341745495248,-9.494341745495248,-9.494341745495248,-9.494341745495248
f2ae59924dcdad16,train,PD,Void,Lab PD,Lab,20160608,-7.03440186932292,-7.03440186932292,-7.03440186932292,-7.03440186932292,-7.03440186932292
1f6b6655acf96cf4,train,PD,Void,Lab PD,Lab,20160608,-3.154743472591889,-3.154743472591889,-3.154743472591889,-3.154743472591889,-3.154743472591889
785f81eb123bbe4d,train,PD,Void,Lab PD,Lab,20160608,-4.220994188372025,-4.220994188372025,-4.220994188372025,-4.220994188372025,-4.220994188372025
bc01a1a56ad4d7c0,train,PD,Void,Lab PD,Lab,20160608,-7.395886668859525,-7.395886668859525,-7.395886668859525,-7.395886668859525,-7.395886668859525
0a60a4ccf8a8172f,train,PD,Void,Lab PD,Lab,20160608,-3.0591306889019023,-3.0591306889019023,-3.0591306889019023,-3.0591306889019023,-3.0591306889019023
7772196a38e2ac6e,train,PD,Void,Lab PD,Lab,20160608,-1.8307139273793496,-1.8307139273793496,-1.8307139273793496,-1.8307139273793496,-1.8307139273793496
c76d752692189cfa,train,PD,Void,Lab PD,Lab,20160608,-5.508379651907603,-5.508379651907603,-5.508379651907603,-5.508379651907603,-5.508379651907603
3f4d0e9391be5893,train,PD,Void,Lab PD,Lab,20160608,-6.537340240760109,-6.537340240760109,-6.537340240760109,-6.537340240760109,-6.537340240760109
94b7ce75e882592c,train,PD,Void,Lab PD,Lab,20160608,-6.12809459268729,-6.12809459268729,-6.12809459268729,-6.12809459268729,-6.12809459268729
8f1d410e5c76829a,train,PD,Void,Lab PD,Lab,20160608,-7.417065872927282,-7.417065872927282,-7.417065872927282,-7.417065872927282,-7.417065872927282
7adfa3c361d9fb64,train,PD,Void,Lab PD,Lab,20160608,-6.4966508410239285,-6.4966508410239285,-6.4966508410239285,-6.4966508410239285,-6.4966508410239285
1ae9cd7993b8a738,train,PD,Void,Lab PD,Lab,20160608,-6.177024407710835,-6.177024407710835,-6.177024407710835,-6.177024407710835,-6.177024407710835
9e5ce7ed9b3f0393,train,PD,Void,Lab PD,Lab,20160608,-6.228237612801884,-6.228237612801884,-6.228237612801884,-6.228237612801884,-6.228237612801884
706ac2f745be8ec2,train,PD,Void,Lab PD,Lab,20160608,-10.631671481676712,-10.631671481676712,-10.631671481676712,-10.631671481676712,-10.631671481676712
e5ef9a23a10a3626,train,PD,Void,Lab PD,Lab,20160608,-4.83385468162426,-4.83385468162426,-4.83385468162426,-4.83385468162426,-4.83385468162426
89deff8db884a405,train,PD,Void,Lab PD,Lab,20160608,-4.4999980537986914,-4.4999980537986914,-4.4999980537986914,-4.4999980537986914,-4.4999980537986914
283adce61f56bfae,train,PD,Void,Lab PD,Lab,20160608,-5.1584481592732345,-5.1584481592732345,-5.1584481592732345,-5.1584481592732345,-5.1584481592732345
dede5a6b8a304c76,train,PD,Void,Lab PD,Lab,20160608,-7.335277218802645,-7.335277218802645,-7.335277218802645,-7.335277218802645,-7.335277218802645
4b9c07e0223a50e8,train,PD,Void,Lab PD,Lab,20160608,-3.387359709613804,-3.387359709613804,-3.387359709613804,-3.387359709613804,-3.387359709613804
1a6b29430dafaebd,train,PD,Void,Lab PD,Lab,20160608,-4.610142995777409,-4.610142995777409,-4.610142995777409,-4.610142995777409,-4.610142995777409
5b59cc6c7cef6304,train,PD,Void,Lab PD,Lab,20160608,-3.5901288391327952,-3.5901288391327952,-3.5901288391327952,-3.5901288391327952,-3.5901288391327952
f98fc34ef22ddad1,train,PD,Void,Lab PD,Lab,20160608,-4.625430588862198,-4.625430588862198,-4.625430588862198,-4.625430588862198,-4.625430588862198
dbbb86837cdcc604,train,PD,Void,Lab PD,Lab,20160608,-7.551953734160364,-7.551953734160364,-7.551953734160364,-7.551953734160364,-7.551953734160364
18d375753bb2ebd9,train,PD,Void,Lab PD,Lab,20160608,-3.042726702976779,-3.042726702976779,-3.042726702976779,-3.042726702976779,-3.042726702976779
8424b1e4d12ca8ba,train,PD,Void,Lab PD,Lab,20160608,-2.4644730426002255,-2.4644730426002255,-2.4644730426002255,-2.4644730426002255,-2.4644730426002255
399fd11e5496ea0d,train,PD,Void,Lab PD,Lab,20160608,-4.258583135989895,-4.258583135989895,-4.258583135989895,-4.258583135989895,-4.258583135989895
48e8030bd0e9bbaf,train,PD,Void,Lab PD,Lab,20160608,-4.078076188626476,-4.078076188626476,-4.078076188626476,-4.078076188626476,-4.078076188626476
114000437f5c36ef,train,PD,Void,Lab PD,Lab,20160608,-2.7272179383177075,-2.7272179383177075,-2.7272179383177075,-2.7272179383177075,-2.7272179383177075
edb25a2d7b771ca1,train,PD,Void,Lab PD,Lab,20160608,-4.502536566243776,-4.502536566243776,-4.502536566243776,-4.502536566243776,-4.502536566243776
d183443917d9338d,train,PD,Void,Lab PD,Lab,20160608,-6.400921836004457,-6.400921836004457,-6.400921836004457,-6.400921836004457,-6.400921836004457
bd9a552f3b6dabaf,train,PD,Void,Lab PD,Lab,20160608,-5.672598635120625,-5.672598635120625,-5.672598635120625,-5.672598635120625,-5.672598635120625
2fa875d4af9c0c13,train,PD,Void,Lab PD,Lab,20160608,-4.80149016568771,-4.80149016568771,-4.80149016568771,-4.80149016568771,-4.80149016568771
179d94ca2b8e2e25,train,PD,Void,Lab PD,Lab,20160608,-2.3564876527052547,-2.3564876527052547,-2.3564876527052547,-2.3564876527052547,-2.3564876527052547
962d1049d7fac8ba,train,PD,Void,Lab PD,Lab,20160608,-4.1935919090161065,-4.1935919090161065,-4.1935919090161065,-4.1935919090161065,-4.1935919090161065
6a24830979bbd972,train,PD,Void,Lab PD,Lab,unknown_date,-5.336056666417889,-5.336056666417889,-5.336056666417889,-5.336056666417889,-5.336056666417889
ca7abe84258f3aef,train,PD,Void,Lab PD,Lab,unknown_date,-6.163587883038289,-6.163587883038289,-6.163587883038289,-6.163587883038289,-6.163587883038289
c199b24224b1aa9f,train,PD,Void,Lab PD,Lab,unknown_date,-6.652098692041648,-6.652098692041648,-6.652098692041648,-6.652098692041648,-6.652098692041648
359decb6b06db6e6,train,PD,Void,Lab PD,Lab,unknown_date,-6.409626351029509,-6.409626351029509,-6.409626351029509,-6.409626351029509,-6.409626351029509
37ec760b17a3f666,train,PD,Void,Lab PD,Lab,unknown_date,-5.065584065320998,-5.065584065320998,-5.065584065320998,-5.065584065320998,-5.065584065320998
be476b041b5fe5fe,train,PD,Void,Lab PD,Lab,unknown_date,-1.676533281126666,-1.676533281126666,-1.676533281126666,-1.676533281126666,-1.676533281126666
1358c8f24a081f44,train,PD,Void,Lab PD,Lab,unknown_date,-5.026093029449221,-5.026093029449221,-5.026093029449221,-5.026093029449221,-5.026093029449221
6736392c38530f5d,train,PD,Void,Lab PD,Lab,unknown_date,-5.606377197835002,-5.606377197835002,-5.606377197835002,-5.606377197835002,-5.606377197835002
8f49a20a4a029936,train,PD,Void,Lab PD,Lab,unknown_date,-5.278080330877543,-5.278080330877543,-5.278080330877543,-5.278080330877543,-5.278080330877543
45fb8ebcf2e1bb2e,train,PD,Void,Lab PD,Lab,unknown_date,-4.126922285157143,-4.126922285157143,-4.126922285157143,-4.126922285157143,-4.126922285157143
01f7e9f73116ac02,train,PD,Void,Lab PD,Lab,unknown_date,-9.792429885857985,-9.792429885857985,-9.792429885857985,-9.792429885857985,-9.792429885857985
bb641e34b6eb2097,train,PD,Void,Lab PD,Lab,unknown_date,-2.5333149231209333,-2.5333149231209333,-2.5333149231209333,-2.5333149231209333,-2.5333149231209333
4d171f85bd4f60e1,train,PD,Void,Lab PD,Lab,unknown_date,-4.816236384195008,-4.816236384195008,-4.816236384195008,-4.816236384195008,-4.816236384195008
4c28631d4212735a,train,PD,Void,Lab PD,Lab,unknown_date,-7.962004702392793,-7.962004702392793,-7.962004702392793,-7.962004702392793,-7.962004702392793
718e061455ccb2b0,train,PD,Void,Lab PD,Lab,unknown_date,-4.58594085625576,-4.58594085625576,-4.58594085625576,-4.58594085625576,-4.58594085625576
c39f957905ef45b8,train,PD,Void,Lab PD,Lab,unknown_date,-4.668737281821919,-4.668737281821919,-4.668737281821919,-4.668737281821919,-4.668737281821919
e6ad979655730a39,train,PD,Void,Lab PD,Lab,unknown_date,-4.776003412205014,-4.776003412205014,-4.776003412205014,-4.776003412205014,-4.776003412205014
3f2accee35b3c597,train,PD,Void,Lab PD,Lab,unknown_date,-7.292789067319852,-7.292789067319852,-7.292789067319852,-7.292789067319852,-7.292789067319852
9537af560ff55b3d,train,PD,Void,Lab PD,Lab,unknown_date,-4.38652550263226,-4.38652550263226,-4.38652550263226,-4.38652550263226,-4.38652550263226
834c84b3b99ec1dd,train,PD,Void,Lab PD,Lab,unknown_date,-0.879497061549344,-0.879497061549344,-0.879497061549344,-0.879497061549344,-0.879497061549344
07182dd031d3b312,train,PD,Void,Lab PD,Lab,unknown_date,-3.9300706546358946,-3.9300706546358946,-3.9300706546358946,-3.9300706546358946,-3.9300706546358946
89b4bc39699ecdcf,train,PD,Void,Lab PD,Lab,unknown_date,-3.4465382309712815,-3.4465382309712815,-3.4465382309712815,-3.4465382309712815,-3.4465382309712815
70f7d661906a98b4,train,PD,Void,Lab PD,Lab,unknown_date,-3.587334727528372,-3.587334727528372,-3.587334727528372,-3.587334727528372,-3.587334727528372
9c2b2f2692f5abff,train,PD,Void,Lab PD,Lab,unknown_date,-3.879796100619508,-3.879796100619508,-3.879796100619508,-3.879796100619508,-3.879796100619508
564191eb7fa8e166,train,PD,Void,Lab PD,Lab,unknown_date,-2.322750371476272,-2.322750371476272,-2.322750371476272,-2.322750371476272,-2.322750371476272
1bd941f6b209140a,train,PD,Void,Lab PD,Lab,unknown_date,-7.853918931313295,-7.853918931313295,-7.853918931313295,-7.853918931313295,-7.853918931313295
c201a0f4b0d4acc8,train,PD,Void,Lab PD,Lab,unknown_date,-4.1587763321654485,-4.1587763321654485,-4.1587763321654485,-4.1587763321654485,-4.1587763321654485
302d139824a5e72b,train,PD,Void,Lab PD,Lab,unknown_date,-2.934952905231034,-2.934952905231034,-2.934952905231034,-2.934952905231034,-2.934952905231034
f4bcb71981743f5f,train,PD,Void,Lab PD,Lab,unknown_date,-7.682852892118312,-7.682852892118312,-7.682852892118312,-7.682852892118312,-7.682852892118312
b266aefd7df883ca,train,PD,Void,Lab PD,Lab,unknown_date,-3.3418035109046933,-3.3418035109046933,-3.3418035109046933,-3.3418035109046933,-3.3418035109046933
6b356a7e9471f828,train,PD,Void,Lab PD,Lab,unknown_date,-2.2376009262631795,-2.2376009262631795,-2.2376009262631795,-2.2376009262631795,-2.2376009262631795
9624e783df726816,train,PD,Void,Lab PD,Lab,unknown_date,-3.2145752012205815,-3.2145752012205815,-3.2145752012205815,-3.2145752012205815,-3.2145752012205815
138aa20fe8f5402d,train,PD,Void,Lab PD,Lab,unknown_date,-7.151779084784167,-7.151779084784167,-7.151779084784167,-7.151779084784167,-7.151779084784167
6516e0fed01f6611,train,PD,Void,Lab PD,Lab,unknown_date,-6.755144529103234,-6.755144529103234,-6.755144529103234,-6.755144529103234,-6.755144529103234
828827ae078a189d,train,PD,Void,Lab PD,Lab,unknown_date,-8.005958817517168,-8.005958817517168,-8.005958817517168,-8.005958817517168,-8.005958817517168
f082e615c50c1772,train,PD,Void,Lab PD,Lab,unknown_date,-8.133437336143533,-8.133437336143533,-8.133437336143533,-8.133437336143533,-8.133437336143533
1b32dfbd59915ca9,train,PD,Void,Lab PD,Lab,unknown_date,-4.024105086697986,-4.024105086697986,-4.024105086697986,-4.024105086697986,-4.024105086697986
44ce39dda4041358,train,PD,Void,Lab PD,Lab,unknown_date,4.274429724399607,4.274429724399607,4.274429724399607,4.274429724399607,4.274429724399607
813748fc2e4d83c9,train,PD,Void,Lab PD,Lab,unknown_date,4.074259300396163,4.074259300396163,4.074259300396163,4.074259300396163,4.074259300396163
c89931d2ea9b3ff1,train,PD,Void,Lab PD,Lab,unknown_date,4.423609009537364,4.423609009537364,4.423609009537364,4.423609009537364,4.423609009537364
10465dd9f5e26fa1,train,PD,Void,Lab PD,Lab,unknown_date,4.786725294860633,4.786725294860633,4.786725294860633,4.786725294860633,4.786725294860633
c81e32745d3c8e59,train,PD,Void,Lab PD,Lab,unknown_date,4.261940841209828,4.261940841209828,4.261940841209828,4.261940841209828,4.261940841209828
e6101ce6e82cf059,train,PD,Void,Lab PD,Lab,unknown_date,4.605611857292353,4.605611857292353,4.605611857292353,4.605611857292353,4.605611857292353
ff92d218ce249d7a,train,PD,Void,Lab PD,Lab,unknown_date,4.6253418971339135,4.6253418971339135,4.6253418971339135,4.6253418971339135,4.6253418971339135
7a5f3f53c0187982,train,PD,Void,Lab PD,Lab,unknown_date,4.762601975427691,4.762601975427691,4.762601975427691,4.762601975427691,4.762601975427691
0e3d53516eb2091b,train,PD,Void,Lab PD,Lab,unknown_date,6.1422728731048135,6.1422728731048135,6.1422728731048135,6.1422728731048135,6.1422728731048135
3e5e6f0f3928f8a6,train,PD,Void,Lab PD,Lab,unknown_date,7.330558553412452,7.330558553412452,7.330558553412452,7.330558553412452,7.330558553412452
f51b7ed4059e5d04,train,PD,Void,Lab PD,Lab,unknown_date,7.6478456236173855,7.6478456236173855,7.6478456236173855,7.6478456236173855,7.6478456236173855
606dbb10e2a9fd6a,train,PD,Void,Lab PD,Lab,unknown_date,7.363393629843655,7.363393629843655,7.363393629843655,7.363393629843655,7.363393629843655
312834409915c517,train,PD,Void,Lab PD,Lab,unknown_date,7.264427461247465,7.264427461247465,7.264427461247465,7.264427461247465,7.264427461247465
