image_path,sample_id,window_idx,domain,label
train/pd/0014ab117e2e4389_w06.png,0014ab117e2e4389,6,Lab,Corona
train/pd/0014ab117e2e4389_w14.png,0014ab117e2e4389,14,Lab,Corona
train/pd/0014ab117e2e4389_w16.png,0014ab117e2e4389,16,Lab,Corona
train/pd/0014ab117e2e4389_w17.png,0014ab117e2e4389,17,Lab,Corona
train/pd/0014ab117e2e4389_w20.png,0014ab117e2e4389,20,Lab,Corona
train/pd/0014ab117e2e4389_w22.png,0014ab117e2e4389,22,Lab,Corona
train/pd/0014ab117e2e4389_w24.png,0014ab117e2e4389,24,Lab,Corona
train/pd/0014ab117e2e4389_w27.png,0014ab117e2e4389,27,Lab,Corona
train/pd/002f0cb46ffd7da4_w00.png,002f0cb46ffd7da4,0,Lab,Particle
train/pd/002f0cb46ffd7da4_w06.png,002f0cb46ffd7da4,6,Lab,Particle
train/pd/002f0cb46ffd7da4_w09.png,002f0cb46ffd7da4,9,Lab,Particle
train/pd/002f0cb46ffd7da4_w11.png,002f0cb46ffd7da4,11,Lab,Particle
train/pd/002f0cb46ffd7da4_w15.png,002f0cb46ffd7da4,15,Lab,Particle
train/pd/002f0cb46ffd7da4_w17.png,002f0cb46ffd7da4,17,Lab,Particle
train/pd/002f0cb46ffd7da4_w26.png,002f0cb46ffd7da4,26,Lab,Particle
train/pd/002f0cb46ffd7da4_w27.png,002f0cb46ffd7da4,27,Lab,Particle
train/pd/00621327816c8404_w00.png,00621327816c8404,0,Lab,Void
train/pd/00621327816c8404_w06.png,00621327816c8404,6,Lab,Void
train/pd/00621327816c8404_w11.png,00621327816c8404,11,Lab,Void
train/pd/00621327816c8404_w12.png,00621327816c8404,12,Lab,Void
train/pd/00621327816c8404_w13.png,00621327816c8404,13,Lab,Void
train/pd/00621327816c8404_w14.png,00621327816c8404,14,Lab,Void
train/pd/00621327816c8404_w21.png,00621327816c8404,21,Lab,Void
train/pd/00621327816c8404_w23.png,00621327816c8404,23,Lab,Void
train/pd/0063a66020eef28c_w01.png,0063a66020eef28c,1,Lab,Corona
train/pd/0063a66020eef28c_w05.png,0063a66020eef28c,5,Lab,Corona
train/pd/0063a66020eef28c_w06.png,0063a66020eef28c,6,Lab,Corona
train/pd/0063a66020eef28c_w13.png,0063a66020eef28c,13,Lab,Corona
train/pd/0063a66020eef28c_w14.png,0063a66020eef28c,14,Lab,Corona
train/pd/0063a66020eef28c_w19.png,0063a66020eef28c,19,Lab,Corona
train/pd/0063a66020eef28c_w23.png,0063a66020eef28c,23,Lab,Corona
train/pd/0063a66020eef28c_w24.png,0063a66020eef28c,24,Lab,Corona
train/pd/0079e7b5bb0f0237_w02.png,0079e7b5bb0f0237,2,Field,Void
train/pd/0079e7b5bb0f0237_w06.png,0079e7b5bb0f0237,6,Field,Void
train/pd/0079e7b5bb0f0237_w11.png,0079e7b5bb0f0237,11,Field,Void
train/pd/0079e7b5bb0f0237_w12.png,0079e7b5bb0f0237,12,Field,Void
train/pd/0079e7b5bb0f0237_w15.png,0079e7b5bb0f0237,15,Field,Void
train/pd/0079e7b5bb0f0237_w17.png,0079e7b5bb0f0237,17,Field,Void
train/pd/0079e7b5bb0f0237_w19.png,0079e7b5bb0f0237,19,Field,Void
train/pd/0079e7b5bb0f0237_w24.png,0079e7b5bb0f0237,24,Field,Void
train/pd/008912ce1689ee32_w01.png,008912ce1689ee32,1,Lab,Corona
train/pd/008912ce1689ee32_w05.png,008912ce1689ee32,5,Lab,Corona
train/pd/008912ce1689ee32_w06.png,008912ce1689ee32,6,Lab,Corona
train/pd/008912ce1689ee32_w07.png,008912ce1689ee32,7,Lab,Corona
train/pd/008912ce1689ee32_w11.png,008912ce1689ee32,11,Lab,Corona
train/pd/008912ce1689ee32_w12.png,008912ce1689ee32,12,Lab,Corona
train/pd/008912ce1689ee32_w18.png,008912ce1689ee32,18,Lab,Corona
train/pd/008912ce1689ee32_w24.png,008912ce1689ee32,24,Lab,Corona
train/pd/0091c10e5bfef409_w07.png,0091c10e5bfef409,7,Lab,Floating
train/pd/0091c10e5bfef409_w08.png,0091c10e5bfef409,8,Lab,Floating
train/pd/0091c10e5bfef409_w09.png,0091c10e5bfef409,9,Lab,Floating
train/pd/0091c10e5bfef409_w11.png,0091c10e5bfef409,11,Lab,Floating
train/pd/0091c10e5bfef409_w16.png,0091c10e5bfef409,16,Lab,Floating
train/pd/0091c10e5bfef409_w18.png,0091c10e5bfef409,18,Lab,Floating
train/pd/0091c10e5bfef409_w21.png,0091c10e5bfef409,21,Lab,Floating
train/pd/0091c10e5bfef409_w22.png,0091c10e5bfef409,22,Lab,Floating
train/pd/00ce90272c37ef67_w06.png,00ce90272c37ef67,6,Lab,Void
train/pd/00ce90272c37ef67_w08.png,00ce90272c37ef67,8,Lab,Void
train/pd/00ce90272c37ef67_w09.png,00ce90272c37ef67,9,Lab,Void
train/pd/00ce90272c37ef67_w11.png,00ce90272c37ef67,11,Lab,Void
train/pd/00ce90272c37ef67_w13.png,00ce90272c37ef67,13,Lab,Void
train/pd/00ce90272c37ef67_w14.png,00ce90272c37ef67,14,Lab,Void
train/pd/00ce90272c37ef67_w15.png,00ce90272c37ef67,15,Lab,Void
train/pd/00ce90272c37ef67_w25.png,00ce90272c37ef67,25,Lab,Void
train/pd/0102c22d62a9e3bd_w00.png,0102c22d62a9e3bd,0,Lab,Void
train/pd/0102c22d62a9e3bd_w05.png,0102c22d62a9e3bd,5,Lab,Void
train/pd/0102c22d62a9e3bd_w06.png,0102c22d62a9e3bd,6,Lab,Void
train/pd/0102c22d62a9e3bd_w14.png,0102c22d62a9e3bd,14,Lab,Void
train/pd/0102c22d62a9e3bd_w18.png,0102c22d62a9e3bd,18,Lab,Void
train/pd/0102c22d62a9e3bd_w23.png,0102c22d62a9e3bd,23,Lab,Void
train/pd/0102c22d62a9e3bd_w26.png,0102c22d62a9e3bd,26,Lab,Void
train/pd/0102c22d62a9e3bd_w27.png,0102c22d62a9e3bd,27,Lab,Void
train/pd/01107ea4ea9402b2_w01.png,01107ea4ea9402b2,1,Lab,Floating
train/pd/01107ea4ea9402b2_w08.png,01107ea4ea9402b2,8,Lab,Floating
train/pd/01107ea4ea9402b2_w10.png,01107ea4ea9402b2,10,Lab,Floating
train/pd/01107ea4ea9402b2_w11.png,01107ea4ea9402b2,11,Lab,Floating
train/pd/01107ea4ea9402b2_w12.png,01107ea4ea9402b2,12,Lab,Floating
train/pd/01107ea4ea9402b2_w14.png,01107ea4ea9402b2,14,Lab,Floating
train/pd/01107ea4ea9402b2_w23.png,01107ea4ea9402b2,23,Lab,Floating
train/pd/01107ea4ea9402b2_w24.png,01107ea4ea9402b2,24,Lab,Floating
train/pd/015bf74e1ee8ee73_w00.png,015bf74e1ee8ee73,0,Field,Corona
train/pd/015bf74e1ee8ee73_w01.png,015bf74e1ee8ee73,1,Field,Corona
train/pd/015bf74e1ee8ee73_w02.png,015bf74e1ee8ee73,2,Field,Corona
train/pd/015bf74e1ee8ee73_w07.png,015bf74e1ee8ee73,7,Field,Corona
train/pd/015bf74e1ee8ee73_w11.png,015bf74e1ee8ee73,11,Field,Corona
train/pd/015bf74e1ee8ee73_w16.png,015bf74e1ee8ee73,16,Field,Corona
train/pd/015bf74e1ee8ee73_w18.png,015bf74e1ee8ee73,18,Field,Corona
train/pd/015bf74e1ee8ee73_w24.png,015bf74e1ee8ee73,24,Field,Corona
train/pd/0172c90f6bc43807_w01.png,0172c90f6bc43807,1,Lab,Corona
train/pd/0172c90f6bc43807_w02.png,0172c90f6bc43807,2,Lab,Corona
train/pd/0172c90f6bc43807_w04.png,0172c90f6bc43807,4,Lab,Corona
train/pd/0172c90f6bc43807_w11.png,0172c90f6bc43807,11,Lab,Corona
train/pd/0172c90f6bc43807_w14.png,0172c90f6bc43807,14,Lab,Corona
train/pd/0172c90f6bc43807_w17.png,0172c90f6bc43807,17,Lab,Corona
train/pd/0172c90f6bc43807_w21.png,0172c90f6bc43807,21,Lab,Corona
train/pd/0172c90f6bc43807_w26.png,0172c90f6bc43807,26,Lab,Corona
train/pd/018060a1f34d3230_w04.png,018060a1f34d3230,4,Lab,Void
train/pd/018060a1f34d3230_w05.png,018060a1f34d3230,5,Lab,Void
train/pd/018060a1f34d3230_w10.png,018060a1f34d3230,10,Lab,Void
train/pd/018060a1f34d3230_w12.png,018060a1f34d3230,12,Lab,Void
train/pd/018060a1f34d3230_w13.png,018060a1f34d3230,13,Lab,Void
train/pd/018060a1f34d3230_w21.png,018060a1f34d3230,21,Lab,Void
train/pd/018060a1f34d3230_w22.png,018060a1f34d3230,22,Lab,Void
train/pd/018060a1f34d3230_w24.png,018060a1f34d3230,24,Lab,Void
train/pd/018cc000a847b7b9_w01.png,018cc000a847b7b9,1,Lab,Particle
train/pd/018cc000a847b7b9_w03.png,018cc000a847b7b9,3,Lab,Particle
train/pd/018cc000a847b7b9_w10.png,018cc000a847b7b9,10,Lab,Particle
train/pd/018cc000a847b7b9_w11.png,018cc000a847b7b9,11,Lab,Particle
train/pd/018cc000a847b7b9_w15.png,018cc000a847b7b9,15,Lab,Particle
train/pd/018cc000a847b7b9_w19.png,018cc000a847b7b9,19,Lab,Particle
train/pd/018cc000a847b7b9_w23.png,018cc000a847b7b9,23,Lab,Particle
train/pd/018cc000a847b7b9_w26.png,018cc000a847b7b9,26,Lab,Particle
train/pd/01bb961f944e9018_w01.png,01bb961f944e9018,1,Lab,Void
train/pd/01bb961f944e9018_w02.png,01bb961f944e9018,2,Lab,Void
train/pd/01bb961f944e9018_w04.png,01bb961f944e9018,4,Lab,Void
train/pd/01bb961f944e9018_w12.png,01bb961f944e9018,12,Lab,Void
train/pd/01bb961f944e9018_w17.png,01bb961f944e9018,17,Lab,Void
train/pd/01bb961f944e9018_w18.png,01bb961f944e9018,18,Lab,Void
train/pd/01bb961f944e9018_w19.png,01bb961f944e9018,19,Lab,Void
train/pd/01bb961f944e9018_w23.png,01bb961f944e9018,23,Lab,Void
train/pd/01f7e9f73116ac02_w00.png,01f7e9f73116ac02,0,Lab,Void
train/pd/01f7e9f73116ac02_w04.png,01f7e9f73116ac02,4,Lab,Void
train/pd/01f7e9f73116ac02_w05.png,01f7e9f73116ac02,5,Lab,Void
train/pd/01f7e9f73116ac02_w07.png,01f7e9f73116ac02,7,Lab,Void
train/pd/01f7e9f73116ac02_w11.png,01f7e9f73116ac02,11,Lab,Void
train/pd/01f7e9f73116ac02_w12.png,01f7e9f73116ac02,12,Lab,Void
train/pd/01f7e9f73116ac02_w16.png,01f7e9f73116ac02,16,Lab,Void
train/pd/01f7e9f73116ac02_w19.png,01f7e9f73116ac02,19,Lab,Void
train/pd/01fb59b5c6284e87_w04.png,01fb59b5c6284e87,4,Lab,Particle
train/pd/01fb59b5c6284e87_w06.png,01fb59b5c6284e87,6,Lab,Particle
train/pd/01fb59b5c6284e87_w13.png,01fb59b5c6284e87,13,Lab,Particle
train/pd/01fb59b5c6284e87_w15.png,01fb59b5c6284e87,15,Lab,Particle
train/pd/01fb59b5c6284e87_w17.png,01fb59b5c6284e87,17,Lab,Particle
train/pd/01fb59b5c6284e87_w19.png,01fb59b5c6284e87,19,Lab,Particle
train/pd/01fb59b5c6284e87_w21.png,01fb59b5c6284e87,21,Lab,Particle
train/pd/01fb59b5c6284e87_w25.png,01fb59b5c6284e87,25,Lab,Particle
train/pd/024a640a121fcbea_w01.png,024a640a121fcbea,1,Lab,Void
train/pd/024a640a121fcbea_w04.png,024a640a121fcbea,4,Lab,Void
train/pd/024a640a121fcbea_w05.png,024a640a121fcbea,5,Lab,Void
train/pd/024a640a121fcbea_w08.png,024a640a121fcbea,8,Lab,Void
train/pd/024a640a121fcbea_w10.png,024a640a121fcbea,10,Lab,Void
train/pd/024a640a121fcbea_w19.png,024a640a121fcbea,19,Lab,Void
train/pd/024a640a121fcbea_w24.png,024a640a121fcbea,24,Lab,Void
train/pd/024a640a121fcbea_w27.png,024a640a121fcbea,27,Lab,Void
train/pd/025402f7f6029c84_w01.png,025402f7f6029c84,1,Lab,Particle
train/pd/025402f7f6029c84_w03.png,025402f7f6029c84,3,Lab,Particle
train/pd/025402f7f6029c84_w12.png,025402f7f6029c84,12,Lab,Particle
train/pd/025402f7f6029c84_w14.png,025402f7f6029c84,14,Lab,Particle
train/pd/025402f7f6029c84_w15.png,025402f7f6029c84,15,Lab,Particle
train/pd/025402f7f6029c84_w16.png,025402f7f6029c84,16,Lab,Particle
train/pd/025402f7f6029c84_w18.png,025402f7f6029c84,18,Lab,Particle
train/pd/025402f7f6029c84_w19.png,025402f7f6029c84,19,Lab,Particle
train/pd/0263afc1184c1da7_w03.png,0263afc1184c1da7,3,Lab,Corona
train/pd/0263afc1184c1da7_w06.png,0263afc1184c1da7,6,Lab,Corona
train/pd/0263afc1184c1da7_w08.png,0263afc1184c1da7,8,Lab,Corona
train/pd/0263afc1184c1da7_w14.png,0263afc1184c1da7,14,Lab,Corona
train/pd/0263afc1184c1da7_w18.png,0263afc1184c1da7,18,Lab,Corona
train/pd/0263afc1184c1da7_w22.png,0263afc1184c1da7,22,Lab,Corona
train/pd/0263afc1184c1da7_w26.png,0263afc1184c1da7,26,Lab,Corona
train/pd/0263afc1184c1da7_w27.png,0263afc1184c1da7,27,Lab,Corona
train/pd/029583c7524e996e_w05.png,029583c7524e996e,5,Lab,Particle
train/pd/029583c7524e996e_w07.png,029583c7524e996e,7,Lab,Particle
train/pd/029583c7524e996e_w11.png,029583c7524e996e,11,Lab,Particle
train/pd/029583c7524e996e_w13.png,029583c7524e996e,13,Lab,Particle
train/pd/029583c7524e996e_w18.png,029583c7524e996e,18,Lab,Particle
train/pd/029583c7524e996e_w19.png,029583c7524e996e,19,Lab,Particle
train/pd/029583c7524e996e_w23.png,029583c7524e996e,23,Lab,Particle
train/pd/029583c7524e996e_w26.png,029583c7524e996e,26,Lab,Particle
train/pd/02a4d77011696bef_w05.png,02a4d77011696bef,5,Lab,Particle
train/pd/02a4d77011696bef_w08.png,02a4d77011696bef,8,Lab,Particle
train/pd/02a4d77011696bef_w14.png,02a4d77011696bef,14,Lab,Particle
train/pd/02a4d77011696bef_w16.png,02a4d77011696bef,16,Lab,Particle
train/pd/02a4d77011696bef_w18.png,02a4d77011696bef,18,Lab,Particle
train/pd/02a4d77011696bef_w21.png,02a4d77011696bef,21,Lab,Particle
train/pd/02a4d77011696bef_w22.png,02a4d77011696bef,22,Lab,Particle
train/pd/02a4d77011696bef_w27.png,02a4d77011696bef,27,Lab,Particle
train/pd/02a891dd302f6c91_w06.png,02a891dd302f6c91,6,Lab,Void
train/pd/02a891dd302f6c91_w08.png,02a891dd302f6c91,8,Lab,Void
train/pd/02a891dd302f6c91_w11.png,02a891dd302f6c91,11,Lab,Void
train/pd/02a891dd302f6c91_w12.png,02a891dd302f6c91,12,Lab,Void
train/pd/02a891dd302f6c91_w16.png,02a891dd302f6c91,16,Lab,Void
train/pd/02a891dd302f6c91_w19.png,02a891dd302f6c91,19,Lab,Void
train/pd/02a891dd302f6c91_w22.png,02a891dd302f6c91,22,Lab,Void
train/pd/02a891dd302f6c91_w26.png,02a891dd302f6c91,26,Lab,Void
train/pd/02b10600b1cc8902_w04.png,02b10600b1cc8902,4,Lab,Void
train/pd/02b10600b1cc8902_w09.png,02b10600b1cc8902,9,Lab,Void
train/pd/02b10600b1cc8902_w13.png,02b10600b1cc8902,13,Lab,Void
train/pd/02b10600b1cc8902_w15.png,02b10600b1cc8902,15,Lab,Void
train/pd/02b10600b1cc8902_w17.png,02b10600b1cc8902,17,Lab,Void
train/pd/02b10600b1cc8902_w18.png,02b10600b1cc8902,18,Lab,Void
train/pd/02b10600b1cc8902_w21.png,02b10600b1cc8902,21,Lab,Void
train/pd/02b10600b1cc8902_w23.png,02b10600b1cc8902,23,Lab,Void
train/pd/02f5342e2dcd4622_w01.png,02f5342e2dcd4622,1,Lab,Corona
train/pd/02f5342e2dcd4622_w08.png,02f5342e2dcd4622,8,Lab,Corona
train/pd/02f5342e2dcd4622_w13.png,02f5342e2dcd4622,13,Lab,Corona
train/pd/02f5342e2dcd4622_w14.png,02f5342e2dcd4622,14,Lab,Corona
train/pd/02f5342e2dcd4622_w16.png,02f5342e2dcd4622,16,Lab,Corona
train/pd/02f5342e2dcd4622_w19.png,02f5342e2dcd4622,19,Lab,Corona
train/pd/02f5342e2dcd4622_w20.png,02f5342e2dcd4622,20,Lab,Corona
train/pd/02f5342e2dcd4622_w26.png,02f5342e2dcd4622,26,Lab,Corona
train/pd/02fd3bc274f1db69_w00.png,02fd3bc274f1db69,0,Field,Floating
train/pd/02fd3bc274f1db69_w08.png,02fd3bc274f1db69,8,Field,Floating
train/pd/02fd3bc274f1db69_w10.png,02fd3bc274f1db69,10,Field,Floating
train/pd/02fd3bc274f1db69_w12.png,02fd3bc274f1db69,12,Field,Floating
train/pd/02fd3bc274f1db69_w17.png,02fd3bc274f1db69,17,Field,Floating
train/pd/02fd3bc274f1db69_w20.png,02fd3bc274f1db69,20,Field,Floating
train/pd/02fd3bc274f1db69_w24.png,02fd3bc274f1db69,24,Field,Floating
train/pd/02fd3bc274f1db69_w25.png,02fd3bc274f1db69,25,Field,Floating
train/pd/033ab11f6d7648a7_w12.png,033ab11f6d7648a7,12,Field,Void
train/pd/033ab11f6d7648a7_w13.png,033ab11f6d7648a7,13,Field,Void
train/pd/033ab11f6d7648a7_w16.png,033ab11f6d7648a7,16,Field,Void
train/pd/033ab11f6d7648a7_w18.png,033ab11f6d7648a7,18,Field,Void
train/pd/033ab11f6d7648a7_w19.png,033ab11f6d7648a7,19,Field,Void
train/pd/033ab11f6d7648a7_w22.png,033ab11f6d7648a7,22,Field,Void
train/pd/033ab11f6d7648a7_w24.png,033ab11f6d7648a7,24,Field,Void
train/pd/033ab11f6d7648a7_w26.png,033ab11f6d7648a7,26,Field,Void
train/pd/033c770dbe5f08eb_w00.png,033c770dbe5f08eb,0,Field,Floating
train/pd/033c770dbe5f08eb_w02.png,033c770dbe5f08eb,2,Field,Floating
train/pd/033c770dbe5f08eb_w07.png,033c770dbe5f08eb,7,Field,Floating
train/pd/033c770dbe5f08eb_w09.png,033c770dbe5f08eb,9,Field,Floating
train/pd/033c770dbe5f08eb_w10.png,033c770dbe5f08eb,10,Field,Floating
train/pd/033c770dbe5f08eb_w12.png,033c770dbe5f08eb,12,Field,Floating
train/pd/033c770dbe5f08eb_w24.png,033c770dbe5f08eb,24,Field,Floating
train/pd/033c770dbe5f08eb_w27.png,033c770dbe5f08eb,27,Field,Floating
train/pd/033fe180796ae41e_w06.png,033fe180796ae41e,6,Lab,Particle
train/pd/033fe180796ae41e_w08.png,033fe180796ae41e,8,Lab,Particle
train/pd/033fe180796ae41e_w10.png,033fe180796ae41e,10,Lab,Particle
train/pd/033fe180796ae41e_w13.png,033fe180796ae41e,13,Lab,Particle
train/pd/033fe180796ae41e_w14.png,033fe180796ae41e,14,Lab,Particle
train/pd/033fe180796ae41e_w16.png,033fe180796ae41e,16,Lab,Particle
train/pd/033fe180796ae41e_w17.png,033fe180796ae41e,17,Lab,Particle
train/pd/033fe180796ae41e_w26.png,033fe180796ae41e,26,Lab,Particle
train/pd/0347337629b72767_w00.png,0347337629b72767,0,Lab,Void
train/pd/0347337629b72767_w01.png,0347337629b72767,1,Lab,Void
train/pd/0347337629b72767_w04.png,0347337629b72767,4,Lab,Void
train/pd/0347337629b72767_w16.png,0347337629b72767,16,Lab,Void
train/pd/0347337629b72767_w19.png,0347337629b72767,19,Lab,Void
train/pd/0347337629b72767_w20.png,0347337629b72767,20,Lab,Void
train/pd/0347337629b72767_w24.png,0347337629b72767,24,Lab,Void
train/pd/0347337629b72767_w25.png,0347337629b72767,25,Lab,Void
train/pd/035efdea56fada3c_w01.png,035efdea56fada3c,1,Lab,Void
train/pd/035efdea56fada3c_w08.png,035efdea56fada3c,8,Lab,Void
train/pd/035efdea56fada3c_w10.png,035efdea56fada3c,10,Lab,Void
train/pd/035efdea56fada3c_w11.png,035efdea56fada3c,11,Lab,Void
train/pd/035efdea56fada3c_w15.png,035efdea56fada3c,15,Lab,Void
train/pd/035efdea56fada3c_w16.png,035efdea56fada3c,16,Lab,Void
train/pd/035efdea56fada3c_w17.png,035efdea56fada3c,17,Lab,Void
train/pd/035efdea56fada3c_w23.png,035efdea56fada3c,23,Lab,Void
train/pd/03799c0d98bc4b9b_w00.png,03799c0d98bc4b9b,0,Lab,Corona
train/pd/03799c0d98bc4b9b_w02.png,03799c0d98bc4b9b,2,Lab,Corona
train/pd/03799c0d98bc4b9b_w10.png,03799c0d98bc4b9b,10,Lab,Corona
train/pd/03799c0d98bc4b9b_w20.png,03799c0d98bc4b9b,20,Lab,Corona
train/pd/03799c0d98bc4b9b_w21.png,03799c0d98bc4b9b,21,Lab,Corona
train/pd/03799c0d98bc4b9b_w22.png,03799c0d98bc4b9b,22,Lab,Corona
train/pd/03799c0d98bc4b9b_w25.png,03799c0d98bc4b9b,25,Lab,Corona
train/pd/03799c0d98bc4b9b_w27.png,03799c0d98bc4b9b,27,Lab,Corona
train/pd/0382cce67366ef2c_w02.png,0382cce67366ef2c,2,Field,Void
train/pd/0382cce67366ef2c_w04.png,0382cce67366ef2c,4,Field,Void
train/pd/0382cce67366ef2c_w08.png,0382cce67366ef2c,8,Field,Void
train/pd/0382cce67366ef2c_w12.png,0382cce67366ef2c,12,Field,Void
train/pd/0382cce67366ef2c_w16.png,0382cce67366ef2c,16,Field,Void
train/pd/0382cce67366ef2c_w20.png,0382cce67366ef2c,20,Field,Void
train/pd/0382cce67366ef2c_w22.png,0382cce67366ef2c,22,Field,Void
train/pd/0382cce67366ef2c_w26.png,0382cce67366ef2c,26,Field,Void
train/pd/03ae032589240651_w02.png,03ae032589240651,2,Lab,Void
train/pd/03ae032589240651_w03.png,03ae032589240651,3,Lab,Void
train/pd/03ae032589240651_w07.png,03ae032589240651,7,Lab,Void
train/pd/03ae032589240651_w12.png,03ae032589240651,12,Lab,Void
train/pd/03ae032589240651_w14.png,03ae032589240651,14,Lab,Void
train/pd/03ae032589240651_w18.png,03ae032589240651,18,Lab,Void
train/pd/03ae032589240651_w20.png,03ae032589240651,20,Lab,Void
train/pd/03ae032589240651_w23.png,03ae032589240651,23,Lab,Void
train/pd/03af5944b5af227d_w01.png,03af5944b5af227d,1,Lab,Void
train/pd/03af5944b5af227d_w03.png,03af5944b5af227d,3,Lab,Void
train/pd/03af5944b5af227d_w04.png,03af5944b5af227d,4,Lab,Void
train/pd/03af5944b5af227d_w09.png,03af5944b5af227d,9,Lab,Void
train/pd/03af5944b5af227d_w13.png,03af5944b5af227d,13,Lab,Void
train/pd/03af5944b5af227d_w16.png,03af5944b5af227d,16,Lab,Void
train/pd/03af5944b5af227d_w21.png,03af5944b5af227d,21,Lab,Void
train/pd/03af5944b5af227d_w24.png,03af5944b5af227d,24,Lab,Void
train/pd/03b0a38d9eefc3fc_w01.png,03b0a38d9eefc3fc,1,Lab,Floating
train/pd/03b0a38d9eefc3fc_w02.png,03b0a38d9eefc3fc,2,Lab,Floating
train/pd/03b0a38d9eefc3fc_w05.png,03b0a38d9eefc3fc,5,Lab,Floating
train/pd/03b0a38d9eefc3fc_w10.png,03b0a38d9eefc3fc,10,Lab,Floating
train/pd/03b0a38d9eefc3fc_w11.png,03b0a38d9eefc3fc,11,Lab,Floating
train/pd/03b0a38d9eefc3fc_w13.png,03b0a38d9eefc3fc,13,Lab,Floating
train/pd/03b0a38d9eefc3fc_w21.png,03b0a38d9eefc3fc,21,Lab,Floating
train/pd/03b0a38d9eefc3fc_w27.png,03b0a38d9eefc3fc,27,Lab,Floating
train/pd/03b0f52d9f891665_w03.png,03b0f52d9f891665,3,Field,Void
train/pd/03b0f52d9f891665_w04.png,03b0f52d9f891665,4,Field,Void
train/pd/03b0f52d9f891665_w13.png,03b0f52d9f891665,13,Field,Void
train/pd/03b0f52d9f891665_w17.png,03b0f52d9f891665,17,Field,Void
train/pd/03b0f52d9f891665_w18.png,03b0f52d9f891665,18,Field,Void
train/pd/03b0f52d9f891665_w19.png,03b0f52d9f891665,19,Field,Void
train/pd/03b0f52d9f891665_w26.png,03b0f52d9f891665,26,Field,Void
train/pd/03b0f52d9f891665_w27.png,03b0f52d9f891665,27,Field,Void
train/pd/03c1612d726cce6a_w05.png,03c1612d726cce6a,5,Lab,Floating
train/pd/03c1612d726cce6a_w08.png,03c1612d726cce6a,8,Lab,Floating
train/pd/03c1612d726cce6a_w10.png,03c1612d726cce6a,10,Lab,Floating
train/pd/03c1612d726cce6a_w13.png,03c1612d726cce6a,13,Lab,Floating
train/pd/03c1612d726cce6a_w14.png,03c1612d726cce6a,14,Lab,Floating
train/pd/03c1612d726cce6a_w17.png,03c1612d726cce6a,17,Lab,Floating
train/pd/03c1612d726cce6a_w19.png,03c1612d726cce6a,19,Lab,Floating
train/pd/03c1612d726cce6a_w24.png,03c1612d726cce6a,24,Lab,Floating
train/pd/03f9673ed19d74e4_w00.png,03f9673ed19d74e4,0,Lab,Void
train/pd/03f9673ed19d74e4_w02.png,03f9673ed19d74e4,2,Lab,Void
train/pd/03f9673ed19d74e4_w06.png,03f9673ed19d74e4,6,Lab,Void
train/pd/03f9673ed19d74e4_w08.png,03f9673ed19d74e4,8,Lab,Void
train/pd/03f9673ed19d74e4_w09.png,03f9673ed19d74e4,9,Lab,Void
train/pd/03f9673ed19d74e4_w12.png,03f9673ed19d74e4,12,Lab,Void
train/pd/03f9673ed19d74e4_w23.png,03f9673ed19d74e4,23,Lab,Void
train/pd/03f9673ed19d74e4_w24.png,03f9673ed19d74e4,24,Lab,Void
train/pd/041b0b55b2c5c41b_w01.png,041b0b55b2c5c41b,1,Lab,Particle
train/pd/041b0b55b2c5c41b_w03.png,041b0b55b2c5c41b,3,Lab,Particle
train/pd/041b0b55b2c5c41b_w04.png,041b0b55b2c5c41b,4,Lab,Particle
train/pd/041b0b55b2c5c41b_w07.png,041b0b55b2c5c41b,7,Lab,Particle
train/pd/041b0b55b2c5c41b_w10.png,041b0b55b2c5c41b,10,Lab,Particle
train/pd/041b0b55b2c5c41b_w14.png,041b0b55b2c5c41b,14,Lab,Particle
train/pd/041b0b55b2c5c41b_w23.png,041b0b55b2c5c41b,23,Lab,Particle
train/pd/041b0b55b2c5c41b_w25.png,041b0b55b2c5c41b,25,Lab,Particle
train/pd/0437970ae6b4cf56_w01.png,0437970ae6b4cf56,1,Lab,Void
train/pd/0437970ae6b4cf56_w04.png,0437970ae6b4cf56,4,Lab,Void
train/pd/0437970ae6b4cf56_w08.png,0437970ae6b4cf56,8,Lab,Void
train/pd/0437970ae6b4cf56_w14.png,0437970ae6b4cf56,14,Lab,Void
train/pd/0437970ae6b4cf56_w19.png,0437970ae6b4cf56,19,Lab,Void
train/pd/0437970ae6b4cf56_w24.png,0437970ae6b4cf56,24,Lab,Void
train/pd/0437970ae6b4cf56_w25.png,0437970ae6b4cf56,25,Lab,Void
train/pd/0437970ae6b4cf56_w26.png,0437970ae6b4cf56,26,Lab,Void
train/pd/044211217b14f462_w00.png,044211217b14f462,0,Lab,Corona
train/pd/044211217b14f462_w05.png,044211217b14f462,5,Lab,Corona
train/pd/044211217b14f462_w08.png,044211217b14f462,8,Lab,Corona
train/pd/044211217b14f462_w10.png,044211217b14f462,10,Lab,Corona
train/pd/044211217b14f462_w18.png,044211217b14f462,18,Lab,Corona
train/pd/044211217b14f462_w19.png,044211217b14f462,19,Lab,Corona
train/pd/044211217b14f462_w21.png,044211217b14f462,21,Lab,Corona
train/pd/044211217b14f462_w27.png,044211217b14f462,27,Lab,Corona
train/pd/045866fe70cdcab0_w04.png,045866fe70cdcab0,4,Lab,Floating
train/pd/045866fe70cdcab0_w05.png,045866fe70cdcab0,5,Lab,Floating
train/pd/045866fe70cdcab0_w08.png,045866fe70cdcab0,8,Lab,Floating
train/pd/045866fe70cdcab0_w09.png,045866fe70cdcab0,9,Lab,Floating
train/pd/045866fe70cdcab0_w11.png,045866fe70cdcab0,11,Lab,Floating
train/pd/045866fe70cdcab0_w12.png,045866fe70cdcab0,12,Lab,Floating
train/pd/045866fe70cdcab0_w22.png,045866fe70cdcab0,22,Lab,Floating
train/pd/045866fe70cdcab0_w26.png,045866fe70cdcab0,26,Lab,Floating
train/pd/04bbb5e2aa9ddbc6_w07.png,04bbb5e2aa9ddbc6,7,Lab,Floating
train/pd/04bbb5e2aa9ddbc6_w09.png,04bbb5e2aa9ddbc6,9,Lab,Floating
train/pd/04bbb5e2aa9ddbc6_w13.png,04bbb5e2aa9ddbc6,13,Lab,Floating
train/pd/04bbb5e2aa9ddbc6_w14.png,04bbb5e2aa9ddbc6,14,Lab,Floating
train/pd/04bbb5e2aa9ddbc6_w15.png,04bbb5e2aa9ddbc6,15,Lab,Floating
train/pd/04bbb5e2aa9ddbc6_w21.png,04bbb5e2aa9ddbc6,21,Lab,Floating
train/pd/04bbb5e2aa9ddbc6_w24.png,04bbb5e2aa9ddbc6,24,Lab,Floating
train/pd/04bbb5e2aa9ddbc6_w25.png,04bbb5e2aa9ddbc6,25,Lab,Floating
train/pd/04d1bf0f066827bb_w00.png,04d1bf0f066827bb,0,Lab,Void
train/pd/04d1bf0f066827bb_w06.png,04d1bf0f066827bb,6,Lab,Void
train/pd/04d1bf0f066827bb_w07.png,04d1bf0f066827bb,7,Lab,Void
train/pd/04d1bf0f066827bb_w12.png,04d1bf0f066827bb,12,Lab,Void
train/pd/04d1bf0f066827bb_w17.png,04d1bf0f066827bb,17,Lab,Void
train/pd/04d1bf0f066827bb_w20.png,04d1bf0f066827bb,20,Lab,Void
train/pd/04d1bf0f066827bb_w24.png,04d1bf0f066827bb,24,Lab,Void
train/pd/04d1bf0f066827bb_w25.png,04d1bf0f066827bb,25,Lab,Void
train/pd/04d2d59509a3bd23_w01.png,04d2d59509a3bd23,1,Field,Void
train/pd/04d2d59509a3bd23_w06.png,04d2d59509a3bd23,6,Field,Void
train/pd/04d2d59509a3bd23_w08.png,04d2d59509a3bd23,8,Field,Void
train/pd/04d2d59509a3bd23_w10.png,04d2d59509a3bd23,10,Field,Void
train/pd/04d2d59509a3bd23_w11.png,04d2d59509a3bd23,11,Field,Void
train/pd/04d2d59509a3bd23_w16.png,04d2d59509a3bd23,16,Field,Void
train/pd/04d2d59509a3bd23_w25.png,04d2d59509a3bd23,25,Field,Void
train/pd/04d2d59509a3bd23_w26.png,04d2d59509a3bd23,26,Field,Void
train/pd/04df85b00a332214_w00.png,04df85b00a332214,0,Lab,Particle
train/pd/04df85b00a332214_w03.png,04df85b00a332214,3,Lab,Particle
train/pd/04df85b00a332214_w06.png,04df85b00a332214,6,Lab,Particle
train/pd/04df85b00a332214_w14.png,04df85b00a332214,14,Lab,Particle
train/pd/04df85b00a332214_w15.png,04df85b00a332214,15,Lab,Particle
train/pd/04df85b00a332214_w16.png,04df85b00a332214,16,Lab,Particle
train/pd/04df85b00a332214_w19.png,04df85b00a332214,19,Lab,Particle
train/pd/04df85b00a332214_w26.png,04df85b00a332214,26,Lab,Particle
train/pd/04e2cd1396c51a43_w06.png,04e2cd1396c51a43,6,Lab,Particle
train/pd/04e2cd1396c51a43_w09.png,04e2cd1396c51a43,9,Lab,Particle
train/pd/04e2cd1396c51a43_w10.png,04e2cd1396c51a43,10,Lab,Particle
train/pd/04e2cd1396c51a43_w12.png,04e2cd1396c51a43,12,Lab,Particle
train/pd/04e2cd1396c51a43_w13.png,04e2cd1396c51a43,13,Lab,Particle
train/pd/04e2cd1396c51a43_w17.png,04e2cd1396c51a43,17,Lab,Particle
train/pd/04e2cd1396c51a43_w21.png,04e2cd1396c51a43,21,Lab,Particle
train/pd/04e2cd1396c51a43_w26.png,04e2cd1396c51a43,26,Lab,Particle
train/pd/05d0d468106e23be_w09.png,05d0d468106e23be,9,Lab,Void
train/pd/05d0d468106e23be_w10.png,05d0d468106e23be,10,Lab,Void
train/pd/05d0d468106e23be_w11.png,05d0d468106e23be,11,Lab,Void
train/pd/05d0d468106e23be_w14.png,05d0d468106e23be,14,Lab,Void
train/pd/05d0d468106e23be_w16.png,05d0d468106e23be,16,Lab,Void
train/pd/05d0d468106e23be_w17.png,05d0d468106e23be,17,Lab,Void
train/pd/05d0d468106e23be_w18.png,05d0d468106e23be,18,Lab,Void
train/pd/05d0d468106e23be_w23.png,05d0d468106e23be,23,Lab,Void
train/pd/05ddfa2cb331c58f_w01.png,05ddfa2cb331c58f,1,Lab,Void
train/pd/05ddfa2cb331c58f_w04.png,05ddfa2cb331c58f,4,Lab,Void
train/pd/05ddfa2cb331c58f_w05.png,05ddfa2cb331c58f,5,Lab,Void
train/pd/05ddfa2cb331c58f_w06.png,05ddfa2cb331c58f,6,Lab,Void
train/pd/05ddfa2cb331c58f_w11.png,05ddfa2cb331c58f,11,Lab,Void
train/pd/05ddfa2cb331c58f_w12.png,05ddfa2cb331c58f,12,Lab,Void
train/pd/05ddfa2cb331c58f_w14.png,05ddfa2cb331c58f,14,Lab,Void
train/pd/05ddfa2cb331c58f_w22.png,05ddfa2cb331c58f,22,Lab,Void
train/pd/06b050889d84aac6_w04.png,06b050889d84aac6,4,Lab,Floating
train/pd/06b050889d84aac6_w06.png,06b050889d84aac6,6,Lab,Floating
train/pd/06b050889d84aac6_w12.png,06b050889d84aac6,12,Lab,Floating
train/pd/06b050889d84aac6_w13.png,06b050889d84aac6,13,Lab,Floating
train/pd/06b050889d84aac6_w17.png,06b050889d84aac6,17,Lab,Floating
train/pd/06b050889d84aac6_w19.png,06b050889d84aac6,19,Lab,Floating
train/pd/06b050889d84aac6_w25.png,06b050889d84aac6,25,Lab,Floating
train/pd/06b050889d84aac6_w26.png,06b050889d84aac6,26,Lab,Floating
train/pd/06bde3f422d3c588_w00.png,06bde3f422d3c588,0,Lab,Particle
train/pd/06bde3f422d3c588_w05.png,06bde3f422d3c588,5,Lab,Particle
train/pd/06bde3f422d3c588_w08.png,06bde3f422d3c588,8,Lab,Particle
train/pd/06bde3f422d3c588_w11.png,06bde3f422d3c588,11,Lab,Particle
train/pd/06bde3f422d3c588_w16.png,06bde3f422d3c588,16,Lab,Particle
train/pd/06bde3f422d3c588_w18.png,06bde3f422d3c588,18,Lab,Particle
train/pd/06bde3f422d3c588_w23.png,06bde3f422d3c588,23,Lab,Particle
train/pd/06bde3f422d3c588_w25.png,06bde3f422d3c588,25,Lab,Particle
train/pd/06c768d8a6c20a83_w03.png,06c768d8a6c20a83,3,Lab,Floating
train/pd/06c768d8a6c20a83_w05.png,06c768d8a6c20a83,5,Lab,Floating
train/pd/06c768d8a6c20a83_w08.png,06c768d8a6c20a83,8,Lab,Floating
train/pd/06c768d8a6c20a83_w14.png,06c768d8a6c20a83,14,Lab,Floating
train/pd/06c768d8a6c20a83_w16.png,06c768d8a6c20a83,16,Lab,Floating
train/pd/06c768d8a6c20a83_w18.png,06c768d8a6c20a83,18,Lab,Floating
train/pd/06c768d8a6c20a83_w21.png,06c768d8a6c20a83,21,Lab,Floating
train/pd/06c768d8a6c20a83_w27.png,06c768d8a6c20a83,27,Lab,Floating
train/pd/06efbf7dbfc5977b_w01.png,06efbf7dbfc5977b,1,Field,Corona
train/pd/06efbf7dbfc5977b_w03.png,06efbf7dbfc5977b,3,Field,Corona
train/pd/06efbf7dbfc5977b_w05.png,06efbf7dbfc5977b,5,Field,Corona
train/pd/06efbf7dbfc5977b_w09.png,06efbf7dbfc5977b,9,Field,Corona
train/pd/06efbf7dbfc5977b_w11.png,06efbf7dbfc5977b,11,Field,Corona
train/pd/06efbf7dbfc5977b_w12.png,06efbf7dbfc5977b,12,Field,Corona
train/pd/06efbf7dbfc5977b_w18.png,06efbf7dbfc5977b,18,Field,Corona
train/pd/06efbf7dbfc5977b_w22.png,06efbf7dbfc5977b,22,Field,Corona
train/pd/07182dd031d3b312_w01.png,07182dd031d3b312,1,Lab,Void
train/pd/07182dd031d3b312_w02.png,07182dd031d3b312,2,Lab,Void
train/pd/07182dd031d3b312_w03.png,07182dd031d3b312,3,Lab,Void
train/pd/07182dd031d3b312_w04.png,07182dd031d3b312,4,Lab,Void
train/pd/07182dd031d3b312_w05.png,07182dd031d3b312,5,Lab,Void
train/pd/07182dd031d3b312_w11.png,07182dd031d3b312,11,Lab,Void
train/pd/07182dd031d3b312_w17.png,07182dd031d3b312,17,Lab,Void
train/pd/07182dd031d3b312_w22.png,07182dd031d3b312,22,Lab,Void
train/pd/0768c4c9aca50c46_w09.png,0768c4c9aca50c46,9,Lab,Corona
train/pd/0768c4c9aca50c46_w11.png,0768c4c9aca50c46,11,Lab,Corona
train/pd/0768c4c9aca50c46_w15.png,0768c4c9aca50c46,15,Lab,Corona
train/pd/0768c4c9aca50c46_w17.png,0768c4c9aca50c46,17,Lab,Corona
train/pd/0768c4c9aca50c46_w20.png,0768c4c9aca50c46,20,Lab,Corona
train/pd/0768c4c9aca50c46_w21.png,0768c4c9aca50c46,21,Lab,Corona
train/pd/0768c4c9aca50c46_w23.png,0768c4c9aca50c46,23,Lab,Corona
train/pd/0768c4c9aca50c46_w24.png,0768c4c9aca50c46,24,Lab,Corona
train/pd/0773808513d582f3_w01.png,0773808513d582f3,1,Lab,Particle
train/pd/0773808513d582f3_w03.png,0773808513d582f3,3,Lab,Particle
train/pd/0773808513d582f3_w04.png,0773808513d582f3,4,Lab,Particle
train/pd/0773808513d582f3_w06.png,0773808513d582f3,6,Lab,Particle
train/pd/0773808513d582f3_w12.png,0773808513d582f3,12,Lab,Particle
train/pd/0773808513d582f3_w14.png,0773808513d582f3,14,Lab,Particle
train/pd/0773808513d582f3_w16.png,0773808513d582f3,16,Lab,Particle
train/pd/0773808513d582f3_w27.png,0773808513d582f3,27,Lab,Particle
train/pd/07c899c413bd57e2_w07.png,07c899c413bd57e2,7,Lab,Void
train/pd/07c899c413bd57e2_w12.png,07c899c413bd57e2,12,Lab,Void
train/pd/07c899c413bd57e2_w16.png,07c899c413bd57e2,16,Lab,Void
train/pd/07c899c413bd57e2_w17.png,07c899c413bd57e2,17,Lab,Void
train/pd/07c899c413bd57e2_w19.png,07c899c413bd57e2,19,Lab,Void
train/pd/07c899c413bd57e2_w20.png,07c899c413bd57e2,20,Lab,Void
train/pd/07c899c413bd57e2_w21.png,07c899c413bd57e2,21,Lab,Void
train/pd/07c899c413bd57e2_w27.png,07c899c413bd57e2,27,Lab,Void
train/pd/07cf05e9c19942d3_w00.png,07cf05e9c19942d3,0,Lab,Void
train/pd/07cf05e9c19942d3_w03.png,07cf05e9c19942d3,3,Lab,Void
train/pd/07cf05e9c19942d3_w04.png,07cf05e9c19942d3,4,Lab,Void
train/pd/07cf05e9c19942d3_w15.png,07cf05e9c19942d3,15,Lab,Void
train/pd/07cf05e9c19942d3_w17.png,07cf05e9c19942d3,17,Lab,Void
train/pd/07cf05e9c19942d3_w18.png,07cf05e9c19942d3,18,Lab,Void
train/pd/07cf05e9c19942d3_w21.png,07cf05e9c19942d3,21,Lab,Void
train/pd/07cf05e9c19942d3_w25.png,07cf05e9c19942d3,25,Lab,Void
train/pd/07e965d9ce6d745d_w02.png,07e965d9ce6d745d,2,Field,Floating
train/pd/07e965d9ce6d745d_w05.png,07e965d9ce6d745d,5,Field,Floating
train/pd/07e965d9ce6d745d_w08.png,07e965d9ce6d745d,8,Field,Floating
train/pd/07e965d9ce6d745d_w13.png,07e965d9ce6d745d,13,Field,Floating
train/pd/07e965d9ce6d745d_w14.png,07e965d9ce6d745d,14,Field,Floating
train/pd/07e965d9ce6d745d_w19.png,07e965d9ce6d745d,19,Field,Floating
train/pd/07e965d9ce6d745d_w20.png,07e965d9ce6d745d,20,Field,Floating
train/pd/07e965d9ce6d745d_w27.png,07e965d9ce6d745d,27,Field,Floating
train/pd/07ea126f3564e39d_w07.png,07ea126f3564e39d,7,Lab,Void
train/pd/07ea126f3564e39d_w09.png,07ea126f3564e39d,9,Lab,Void
train/pd/07ea126f3564e39d_w14.png,07ea126f3564e39d,14,Lab,Void
train/pd/07ea126f3564e39d_w17.png,07ea126f3564e39d,17,Lab,Void
train/pd/07ea126f3564e39d_w21.png,07ea126f3564e39d,21,Lab,Void
train/pd/07ea126f3564e39d_w23.png,07ea126f3564e39d,23,Lab,Void
train/pd/07ea126f3564e39d_w24.png,07ea126f3564e39d,24,Lab,Void
train/pd/07ea126f3564e39d_w26.png,07ea126f3564e39d,26,Lab,Void
train/pd/08231624edb288c6_w00.png,08231624edb288c6,0,Lab,Void
train/pd/08231624edb288c6_w03.png,08231624edb288c6,3,Lab,Void
train/pd/08231624edb288c6_w13.png,08231624edb288c6,13,Lab,Void
train/pd/08231624edb288c6_w18.png,08231624edb288c6,18,Lab,Void
train/pd/08231624edb288c6_w20.png,08231624edb288c6,20,Lab,Void
train/pd/08231624edb288c6_w21.png,08231624edb288c6,21,Lab,Void
train/pd/08231624edb288c6_w24.png,08231624edb288c6,24,Lab,Void
train/pd/08231624edb288c6_w25.png,08231624edb288c6,25,Lab,Void
train/pd/082b1d613d8516d1_w00.png,082b1d613d8516d1,0,Field,Floating
train/pd/082b1d613d8516d1_w01.png,082b1d613d8516d1,1,Field,Floating
train/pd/082b1d613d8516d1_w03.png,082b1d613d8516d1,3,Field,Floating
train/pd/082b1d613d8516d1_w07.png,082b1d613d8516d1,7,Field,Floating
train/pd/082b1d613d8516d1_w18.png,082b1d613d8516d1,18,Field,Floating
train/pd/082b1d613d8516d1_w19.png,082b1d613d8516d1,19,Field,Floating
train/pd/082b1d613d8516d1_w20.png,082b1d613d8516d1,20,Field,Floating
train/pd/082b1d613d8516d1_w26.png,082b1d613d8516d1,26,Field,Floating
train/pd/085e400497616eea_w02.png,085e400497616eea,2,Lab,Particle
train/pd/085e400497616eea_w03.png,085e400497616eea,3,Lab,Particle
train/pd/085e400497616eea_w04.png,085e400497616eea,4,Lab,Particle
train/pd/085e400497616eea_w06.png,085e400497616eea,6,Lab,Particle
train/pd/085e400497616eea_w08.png,085e400497616eea,8,Lab,Particle
train/pd/085e400497616eea_w16.png,085e400497616eea,16,Lab,Particle
train/pd/085e400497616eea_w20.png,085e400497616eea,20,Lab,Particle
train/pd/085e400497616eea_w22.png,085e400497616eea,22,Lab,Particle
train/pd/08e23a8f4dcb8701_w01.png,08e23a8f4dcb8701,1,Lab,Floating
train/pd/08e23a8f4dcb8701_w02.png,08e23a8f4dcb8701,2,Lab,Floating
train/pd/08e23a8f4dcb8701_w03.png,08e23a8f4dcb8701,3,Lab,Floating
train/pd/08e23a8f4dcb8701_w09.png,08e23a8f4dcb8701,9,Lab,Floating
train/pd/08e23a8f4dcb8701_w13.png,08e23a8f4dcb8701,13,Lab,Floating
train/pd/08e23a8f4dcb8701_w16.png,08e23a8f4dcb8701,16,Lab,Floating
train/pd/08e23a8f4dcb8701_w25.png,08e23a8f4dcb8701,25,Lab,Floating
train/pd/08e23a8f4dcb8701_w27.png,08e23a8f4dcb8701,27,Lab,Floating
train/pd/090cee838cc2f863_w01.png,090cee838cc2f863,1,Lab,Particle
train/pd/090cee838cc2f863_w02.png,090cee838cc2f863,2,Lab,Particle
train/pd/090cee838cc2f863_w04.png,090cee838cc2f863,4,Lab,Particle
train/pd/090cee838cc2f863_w05.png,090cee838cc2f863,5,Lab,Particle
train/pd/090cee838cc2f863_w07.png,090cee838cc2f863,7,Lab,Particle
train/pd/090cee838cc2f863_w15.png,090cee838cc2f863,15,Lab,Particle
train/pd/090cee838cc2f863_w18.png,090cee838cc2f863,18,Lab,Particle
train/pd/090cee838cc2f863_w20.png,090cee838cc2f863,20,Lab,Particle
train/pd/095fefc81892cf75_w04.png,095fefc81892cf75,4,Lab,Floating
train/pd/095fefc81892cf75_w08.png,095fefc81892cf75,8,Lab,Floating
train/pd/095fefc81892cf75_w09.png,095fefc81892cf75,9,Lab,Floating
train/pd/095fefc81892cf75_w12.png,095fefc81892cf75,12,Lab,Floating
train/pd/095fefc81892cf75_w13.png,095fefc81892cf75,13,Lab,Floating
train/pd/095fefc81892cf75_w16.png,095fefc81892cf75,16,Lab,Floating
train/pd/095fefc81892cf75_w17.png,095fefc81892cf75,17,Lab,Floating
train/pd/095fefc81892cf75_w19.png,095fefc81892cf75,19,Lab,Floating
train/pd/097364f95618061d_w03.png,097364f95618061d,3,Lab,Corona
train/pd/097364f95618061d_w06.png,097364f95618061d,6,Lab,Corona
train/pd/097364f95618061d_w10.png,097364f95618061d,10,Lab,Corona
train/pd/097364f95618061d_w11.png,097364f95618061d,11,Lab,Corona
train/pd/097364f95618061d_w12.png,097364f95618061d,12,Lab,Corona
train/pd/097364f95618061d_w17.png,097364f95618061d,17,Lab,Corona
train/pd/097364f95618061d_w19.png,097364f95618061d,19,Lab,Corona
train/pd/097364f95618061d_w21.png,097364f95618061d,21,Lab,Corona
train/pd/09c77134a6736ced_w06.png,09c77134a6736ced,6,Lab,Particle
train/pd/09c77134a6736ced_w07.png,09c77134a6736ced,7,Lab,Particle
train/pd/09c77134a6736ced_w09.png,09c77134a6736ced,9,Lab,Particle
train/pd/09c77134a6736ced_w15.png,09c77134a6736ced,15,Lab,Particle
train/pd/09c77134a6736ced_w17.png,09c77134a6736ced,17,Lab,Particle
train/pd/09c77134a6736ced_w18.png,09c77134a6736ced,18,Lab,Particle
train/pd/09c77134a6736ced_w22.png,09c77134a6736ced,22,Lab,Particle
train/pd/09c77134a6736ced_w23.png,09c77134a6736ced,23,Lab,Particle
train/pd/0a08c43d9d0e7b42_w01.png,0a08c43d9d0e7b42,1,Field,Void
train/pd/0a08c43d9d0e7b42_w07.png,0a08c43d9d0e7b42,7,Field,Void
train/pd/0a08c43d9d0e7b42_w10.png,0a08c43d9d0e7b42,10,Field,Void
train/pd/0a08c43d9d0e7b42_w14.png,0a08c43d9d0e7b42,14,Field,Void
train/pd/0a08c43d9d0e7b42_w16.png,0a08c43d9d0e7b42,16,Field,Void
train/pd/0a08c43d9d0e7b42_w19.png,0a08c43d9d0e7b42,19,Field,Void
train/pd/0a08c43d9d0e7b42_w21.png,0a08c43d9d0e7b42,21,Field,Void
train/pd/0a08c43d9d0e7b42_w23.png,0a08c43d9d0e7b42,23,Field,Void
train/pd/0a60a4ccf8a8172f_w01.png,0a60a4ccf8a8172f,1,Lab,Void
train/pd/0a60a4ccf8a8172f_w06.png,0a60a4ccf8a8172f,6,Lab,Void
train/pd/0a60a4ccf8a8172f_w08.png,0a60a4ccf8a8172f,8,Lab,Void
train/pd/0a60a4ccf8a8172f_w15.png,0a60a4ccf8a8172f,15,Lab,Void
train/pd/0a60a4ccf8a8172f_w17.png,0a60a4ccf8a8172f,17,Lab,Void
train/pd/0a60a4ccf8a8172f_w19.png,0a60a4ccf8a8172f,19,Lab,Void
train/pd/0a60a4ccf8a8172f_w24.png,0a60a4ccf8a8172f,24,Lab,Void
train/pd/0a60a4ccf8a8172f_w26.png,0a60a4ccf8a8172f,26,Lab,Void
train/pd/0aa277f5ced49941_w02.png,0aa277f5ced49941,2,Field,Floating
train/pd/0aa277f5ced49941_w04.png,0aa277f5ced49941,4,Field,Floating
train/pd/0aa277f5ced49941_w05.png,0aa277f5ced49941,5,Field,Floating
train/pd/0aa277f5ced49941_w07.png,0aa277f5ced49941,7,Field,Floating
train/pd/0aa277f5ced49941_w10.png,0aa277f5ced49941,10,Field,Floating
train/pd/0aa277f5ced49941_w15.png,0aa277f5ced49941,15,Field,Floating
train/pd/0aa277f5ced49941_w17.png,0aa277f5ced49941,17,Field,Floating
train/pd/0aa277f5ced49941_w20.png,0aa277f5ced49941,20,Field,Floating
train/pd/0abb67a28225af33_w00.png,0abb67a28225af33,0,Lab,Void
train/pd/0abb67a28225af33_w01.png,0abb67a28225af33,1,Lab,Void
train/pd/0abb67a28225af33_w04.png,0abb67a28225af33,4,Lab,Void
train/pd/0abb67a28225af33_w05.png,0abb67a28225af33,5,Lab,Void
train/pd/0abb67a28225af33_w11.png,0abb67a28225af33,11,Lab,Void
train/pd/0abb67a28225af33_w14.png,0abb67a28225af33,14,Lab,Void
train/pd/0abb67a28225af33_w16.png,0abb67a28225af33,16,Lab,Void
train/pd/0abb67a28225af33_w22.png,0abb67a28225af33,22,Lab,Void
train/pd/0abc71e52190e52e_w00.png,0abc71e52190e52e,0,Lab,Particle
train/pd/0abc71e52190e52e_w03.png,0abc71e52190e52e,3,Lab,Particle
train/pd/0abc71e52190e52e_w09.png,0abc71e52190e52e,9,Lab,Particle
train/pd/0abc71e52190e52e_w14.png,0abc71e52190e52e,14,Lab,Particle
train/pd/0abc71e52190e52e_w15.png,0abc71e52190e52e,15,Lab,Particle
train/pd/0abc71e52190e52e_w16.png,0abc71e52190e52e,16,Lab,Particle
train/pd/0abc71e52190e52e_w17.png,0abc71e52190e52e,17,Lab,Particle
train/pd/0abc71e52190e52e_w18.png,0abc71e52190e52e,18,Lab,Particle
train/pd/0b38616905380041_w03.png,0b38616905380041,3,Lab,Corona
train/pd/0b38616905380041_w08.png,0b38616905380041,8,Lab,Corona
train/pd/0b38616905380041_w11.png,0b38616905380041,11,Lab,Corona
train/pd/0b38616905380041_w13.png,0b38616905380041,13,Lab,Corona
train/pd/0b38616905380041_w16.png,0b38616905380041,16,Lab,Corona
train/pd/0b38616905380041_w22.png,0b38616905380041,22,Lab,Corona
train/pd/0b38616905380041_w23.png,0b38616905380041,23,Lab,Corona
train/pd/0b38616905380041_w27.png,0b38616905380041,27,Lab,Corona
train/pd/0b44275d611a5760_w07.png,0b44275d611a5760,7,Lab,Void
train/pd/0b44275d611a5760_w08.png,0b44275d611a5760,8,Lab,Void
train/pd/0b44275d611a5760_w09.png,0b44275d611a5760,9,Lab,Void
train/pd/0b44275d611a5760_w10.png,0b44275d611a5760,10,Lab,Void
train/pd/0b44275d611a5760_w17.png,0b44275d611a5760,17,Lab,Void
train/pd/0b44275d611a5760_w23.png,0b44275d611a5760,23,Lab,Void
train/pd/0b44275d611a5760_w25.png,0b44275d611a5760,25,Lab,Void
train/pd/0b44275d611a5760_w26.png,0b44275d611a5760,26,Lab,Void
train/pd/0bc6d5603a1512d4_w01.png,0bc6d5603a1512d4,1,Field,Floating
train/pd/0bc6d5603a1512d4_w04.png,0bc6d5603a1512d4,4,Field,Floating
train/pd/0bc6d5603a1512d4_w10.png,0bc6d5603a1512d4,10,Field,Floating
train/pd/0bc6d5603a1512d4_w11.png,0bc6d5603a1512d4,11,Field,Floating
train/pd/0bc6d5603a1512d4_w13.png,0bc6d5603a1512d4,13,Field,Floating
train/pd/0bc6d5603a1512d4_w23.png,0bc6d5603a1512d4,23,Field,Floating
train/pd/0bc6d5603a1512d4_w24.png,0bc6d5603a1512d4,24,Field,Floating
train/pd/0bc6d5603a1512d4_w25.png,0bc6d5603a1512d4,25,Field,Floating
train/pd/0bf22ac9998c2097_w07.png,0bf22ac9998c2097,7,Lab,Corona
train/pd/0bf22ac9998c2097_w10.png,0bf22ac9998c2097,10,Lab,Corona
train/pd/0bf22ac9998c2097_w12.png,0bf22ac9998c2097,12,Lab,Corona
train/pd/0bf22ac9998c2097_w13.png,0bf22ac9998c2097,13,Lab,Corona
train/pd/0bf22ac9998c2097_w14.png,0bf22ac9998c2097,14,Lab,Corona
train/pd/0bf22ac9998c2097_w17.png,0bf22ac9998c2097,17,Lab,Corona
train/pd/0bf22ac9998c2097_w18.png,0bf22ac9998c2097,18,Lab,Corona
train/pd/0bf22ac9998c2097_w21.png,0bf22ac9998c2097,21,Lab,Corona
train/pd/0c2989ab2c07a5c4_w03.png,0c2989ab2c07a5c4,3,Lab,Void
train/pd/0c2989ab2c07a5c4_w09.png,0c2989ab2c07a5c4,9,Lab,Void
train/pd/0c2989ab2c07a5c4_w13.png,0c2989ab2c07a5c4,13,Lab,Void
train/pd/0c2989ab2c07a5c4_w18.png,0c2989ab2c07a5c4,18,Lab,Void
train/pd/0c2989ab2c07a5c4_w19.png,0c2989ab2c07a5c4,19,Lab,Void
train/pd/0c2989ab2c07a5c4_w20.png,0c2989ab2c07a5c4,20,Lab,Void
train/pd/0c2989ab2c07a5c4_w23.png,0c2989ab2c07a5c4,23,Lab,Void
train/pd/0c2989ab2c07a5c4_w25.png,0c2989ab2c07a5c4,25,Lab,Void
train/pd/0c29c10484cc1e80_w00.png,0c29c10484cc1e80,0,Field,Floating
train/pd/0c29c10484cc1e80_w02.png,0c29c10484cc1e80,2,Field,Floating
train/pd/0c29c10484cc1e80_w03.png,0c29c10484cc1e80,3,Field,Floating
train/pd/0c29c10484cc1e80_w08.png,0c29c10484cc1e80,8,Field,Floating
train/pd/0c29c10484cc1e80_w12.png,0c29c10484cc1e80,12,Field,Floating
train/pd/0c29c10484cc1e80_w20.png,0c29c10484cc1e80,20,Field,Floating
train/pd/0c29c10484cc1e80_w21.png,0c29c10484cc1e80,21,Field,Floating
train/pd/0c29c10484cc1e80_w27.png,0c29c10484cc1e80,27,Field,Floating
train/pd/0c38fe95cd6392e2_w01.png,0c38fe95cd6392e2,1,Lab,Void
train/pd/0c38fe95cd6392e2_w03.png,0c38fe95cd6392e2,3,Lab,Void
train/pd/0c38fe95cd6392e2_w07.png,0c38fe95cd6392e2,7,Lab,Void
train/pd/0c38fe95cd6392e2_w08.png,0c38fe95cd6392e2,8,Lab,Void
train/pd/0c38fe95cd6392e2_w09.png,0c38fe95cd6392e2,9,Lab,Void
train/pd/0c38fe95cd6392e2_w13.png,0c38fe95cd6392e2,13,Lab,Void
train/pd/0c38fe95cd6392e2_w14.png,0c38fe95cd6392e2,14,Lab,Void
train/pd/0c38fe95cd6392e2_w18.png,0c38fe95cd6392e2,18,Lab,Void
train/pd/0c39873a19ce5929_w00.png,0c39873a19ce5929,0,Field,Void
train/pd/0c39873a19ce5929_w10.png,0c39873a19ce5929,10,Field,Void
train/pd/0c39873a19ce5929_w11.png,0c39873a19ce5929,11,Field,Void
train/pd/0c39873a19ce5929_w13.png,0c39873a19ce5929,13,Field,Void
train/pd/0c39873a19ce5929_w15.png,0c39873a19ce5929,15,Field,Void
train/pd/0c39873a19ce5929_w16.png,0c39873a19ce5929,16,Field,Void
train/pd/0c39873a19ce5929_w19.png,0c39873a19ce5929,19,Field,Void
train/pd/0c39873a19ce5929_w22.png,0c39873a19ce5929,22,Field,Void
train/pd/0c6ab0283b33848f_w01.png,0c6ab0283b33848f,1,Lab,Corona
train/pd/0c6ab0283b33848f_w03.png,0c6ab0283b33848f,3,Lab,Corona
train/pd/0c6ab0283b33848f_w04.png,0c6ab0283b33848f,4,Lab,Corona
train/pd/0c6ab0283b33848f_w05.png,0c6ab0283b33848f,5,Lab,Corona
train/pd/0c6ab0283b33848f_w12.png,0c6ab0283b33848f,12,Lab,Corona
train/pd/0c6ab0283b33848f_w21.png,0c6ab0283b33848f,21,Lab,Corona
train/pd/0c6ab0283b33848f_w25.png,0c6ab0283b33848f,25,Lab,Corona
train/pd/0c6ab0283b33848f_w27.png,0c6ab0283b33848f,27,Lab,Corona
train/pd/0c98d4607b4750ea_w08.png,0c98d4607b4750ea,8,Lab,Floating
train/pd/0c98d4607b4750ea_w14.png,0c98d4607b4750ea,14,Lab,Floating
train/pd/0c98d4607b4750ea_w16.png,0c98d4607b4750ea,16,Lab,Floating
train/pd/0c98d4607b4750ea_w17.png,0c98d4607b4750ea,17,Lab,Floating
train/pd/0c98d4607b4750ea_w18.png,0c98d4607b4750ea,18,Lab,Floating
train/pd/0c98d4607b4750ea_w19.png,0c98d4607b4750ea,19,Lab,Floating
train/pd/0c98d4607b4750ea_w26.png,0c98d4607b4750ea,26,Lab,Floating
train/pd/0c98d4607b4750ea_w27.png,0c98d4607b4750ea,27,Lab,Floating
train/pd/0c9c51ca07bff816_w00.png,0c9c51ca07bff816,0,Lab,Corona
train/pd/0c9c51ca07bff816_w07.png,0c9c51ca07bff816,7,Lab,Corona
train/pd/0c9c51ca07bff816_w17.png,0c9c51ca07bff816,17,Lab,Corona
train/pd/0c9c51ca07bff816_w18.png,0c9c51ca07bff816,18,Lab,Corona
train/pd/0c9c51ca07bff816_w19.png,0c9c51ca07bff816,19,Lab,Corona
train/pd/0c9c51ca07bff816_w21.png,0c9c51ca07bff816,21,Lab,Corona
train/pd/0c9c51ca07bff816_w24.png,0c9c51ca07bff816,24,Lab,Corona
train/pd/0c9c51ca07bff816_w25.png,0c9c51ca07bff816,25,Lab,Corona
train/pd/0ca1c3ed6261b5fa_w00.png,0ca1c3ed6261b5fa,0,Lab,Void
train/pd/0ca1c3ed6261b5fa_w02.png,0ca1c3ed6261b5fa,2,Lab,Void
train/pd/0ca1c3ed6261b5fa_w07.png,0ca1c3ed6261b5fa,7,Lab,Void
train/pd/0ca1c3ed6261b5fa_w09.png,0ca1c3ed6261b5fa,9,Lab,Void
train/pd/0ca1c3ed6261b5fa_w10.png,0ca1c3ed6261b5fa,10,Lab,Void
train/pd/0ca1c3ed6261b5fa_w11.png,0ca1c3ed6261b5fa,11,Lab,Void
train/pd/0ca1c3ed6261b5fa_w19.png,0ca1c3ed6261b5fa,19,Lab,Void
train/pd/0ca1c3ed6261b5fa_w24.png,0ca1c3ed6261b5fa,24,Lab,Void
train/pd/0ce8f55980216d83_w04.png,0ce8f55980216d83,4,Lab,Particle
train/pd/0ce8f55980216d83_w08.png,0ce8f55980216d83,8,Lab,Particle
train/pd/0ce8f55980216d83_w09.png,0ce8f55980216d83,9,Lab,Particle
train/pd/0ce8f55980216d83_w10.png,0ce8f55980216d83,10,Lab,Particle
train/pd/0ce8f55980216d83_w12.png,0ce8f55980216d83,12,Lab,Particle
train/pd/0ce8f55980216d83_w15.png,0ce8f55980216d83,15,Lab,Particle
train/pd/0ce8f55980216d83_w17.png,0ce8f55980216d83,17,Lab,Particle
train/pd/0ce8f55980216d83_w27.png,0ce8f55980216d83,27,Lab,Particle
train/pd/0d122309135e9ef0_w00.png,0d122309135e9ef0,0,Lab,Particle
train/pd/0d122309135e9ef0_w09.png,0d122309135e9ef0,9,Lab,Particle
train/pd/0d122309135e9ef0_w14.png,0d122309135e9ef0,14,Lab,Particle
train/pd/0d122309135e9ef0_w15.png,0d122309135e9ef0,15,Lab,Particle
train/pd/0d122309135e9ef0_w16.png,0d122309135e9ef0,16,Lab,Particle
train/pd/0d122309135e9ef0_w18.png,0d122309135e9ef0,18,Lab,Particle
train/pd/0d122309135e9ef0_w20.png,0d122309135e9ef0,20,Lab,Particle
train/pd/0d122309135e9ef0_w24.png,0d122309135e9ef0,24,Lab,Particle
train/pd/0d7e1cdeb65c093c_w02.png,0d7e1cdeb65c093c,2,Lab,Void
train/pd/0d7e1cdeb65c093c_w09.png,0d7e1cdeb65c093c,9,Lab,Void
train/pd/0d7e1cdeb65c093c_w14.png,0d7e1cdeb65c093c,14,Lab,Void
train/pd/0d7e1cdeb65c093c_w18.png,0d7e1cdeb65c093c,18,Lab,Void
train/pd/0d7e1cdeb65c093c_w20.png,0d7e1cdeb65c093c,20,Lab,Void
train/pd/0d7e1cdeb65c093c_w21.png,0d7e1cdeb65c093c,21,Lab,Void
train/pd/0d7e1cdeb65c093c_w24.png,0d7e1cdeb65c093c,24,Lab,Void
train/pd/0d7e1cdeb65c093c_w25.png,0d7e1cdeb65c093c,25,Lab,Void
train/pd/0dd8b43a6a2991df_w01.png,0dd8b43a6a2991df,1,Lab,Particle
train/pd/0dd8b43a6a2991df_w03.png,0dd8b43a6a2991df,3,Lab,Particle
train/pd/0dd8b43a6a2991df_w08.png,0dd8b43a6a2991df,8,Lab,Particle
train/pd/0dd8b43a6a2991df_w09.png,0dd8b43a6a2991df,9,Lab,Particle
train/pd/0dd8b43a6a2991df_w10.png,0dd8b43a6a2991df,10,Lab,Particle
train/pd/0dd8b43a6a2991df_w11.png,0dd8b43a6a2991df,11,Lab,Particle
train/pd/0dd8b43a6a2991df_w16.png,0dd8b43a6a2991df,16,Lab,Particle
train/pd/0dd8b43a6a2991df_w23.png,0dd8b43a6a2991df,23,Lab,Particle
train/pd/0dddab4d15b241df_w00.png,0dddab4d15b241df,0,Lab,Particle
train/pd/0dddab4d15b241df_w04.png,0dddab4d15b241df,4,Lab,Particle
train/pd/0dddab4d15b241df_w05.png,0dddab4d15b241df,5,Lab,Particle
train/pd/0dddab4d15b241df_w10.png,0dddab4d15b241df,10,Lab,Particle
train/pd/0dddab4d15b241df_w15.png,0dddab4d15b241df,15,Lab,Particle
train/pd/0dddab4d15b241df_w16.png,0dddab4d15b241df,16,Lab,Particle
train/pd/0dddab4d15b241df_w26.png,0dddab4d15b241df,26,Lab,Particle
train/pd/0dddab4d15b241df_w27.png,0dddab4d15b241df,27,Lab,Particle
train/pd/0e13918e3eaa9cc8_w00.png,0e13918e3eaa9cc8,0,Lab,Particle
train/pd/0e13918e3eaa9cc8_w02.png,0e13918e3eaa9cc8,2,Lab,Particle
train/pd/0e13918e3eaa9cc8_w04.png,0e13918e3eaa9cc8,4,Lab,Particle
train/pd/0e13918e3eaa9cc8_w08.png,0e13918e3eaa9cc8,8,Lab,Particle
train/pd/0e13918e3eaa9cc8_w13.png,0e13918e3eaa9cc8,13,Lab,Particle
train/pd/0e13918e3eaa9cc8_w15.png,0e13918e3eaa9cc8,15,Lab,Particle
train/pd/0e13918e3eaa9cc8_w21.png,0e13918e3eaa9cc8,21,Lab,Particle
train/pd/0e13918e3eaa9cc8_w23.png,0e13918e3eaa9cc8,23,Lab,Particle
train/pd/0e16e7df1f1be307_w02.png,0e16e7df1f1be307,2,Field,Void
train/pd/0e16e7df1f1be307_w03.png,0e16e7df1f1be307,3,Field,Void
train/pd/0e16e7df1f1be307_w04.png,0e16e7df1f1be307,4,Field,Void
train/pd/0e16e7df1f1be307_w06.png,0e16e7df1f1be307,6,Field,Void
train/pd/0e16e7df1f1be307_w13.png,0e16e7df1f1be307,13,Field,Void
train/pd/0e16e7df1f1be307_w15.png,0e16e7df1f1be307,15,Field,Void
train/pd/0e16e7df1f1be307_w16.png,0e16e7df1f1be307,16,Field,Void
train/pd/0e16e7df1f1be307_w21.png,0e16e7df1f1be307,21,Field,Void
train/pd/0e2cf495a8c53d8b_w02.png,0e2cf495a8c53d8b,2,Lab,Void
train/pd/0e2cf495a8c53d8b_w07.png,0e2cf495a8c53d8b,7,Lab,Void
train/pd/0e2cf495a8c53d8b_w11.png,0e2cf495a8c53d8b,11,Lab,Void
train/pd/0e2cf495a8c53d8b_w12.png,0e2cf495a8c53d8b,12,Lab,Void
train/pd/0e2cf495a8c53d8b_w16.png,0e2cf495a8c53d8b,16,Lab,Void
train/pd/0e2cf495a8c53d8b_w17.png,0e2cf495a8c53d8b,17,Lab,Void
train/pd/0e2cf495a8c53d8b_w20.png,0e2cf495a8c53d8b,20,Lab,Void
train/pd/0e2cf495a8c53d8b_w23.png,0e2cf495a8c53d8b,23,Lab,Void
train/pd/0e3d53516eb2091b_w04.png,0e3d53516eb2091b,4,Lab,Void
train/pd/0e3d53516eb2091b_w06.png,0e3d53516eb2091b,6,Lab,Void
train/pd/0e3d53516eb2091b_w09.png,0e3d53516eb2091b,9,Lab,Void
train/pd/0e3d53516eb2091b_w10.png,0e3d53516eb2091b,10,Lab,Void
train/pd/0e3d53516eb2091b_w12.png,0e3d53516eb2091b,12,Lab,Void
train/pd/0e3d53516eb2091b_w14.png,0e3d53516eb2091b,14,Lab,Void
train/pd/0e3d53516eb2091b_w18.png,0e3d53516eb2091b,18,Lab,Void
train/pd/0e3d53516eb2091b_w20.png,0e3d53516eb2091b,20,Lab,Void
train/pd/0e62d677d212d0cd_w00.png,0e62d677d212d0cd,0,Lab,Corona
train/pd/0e62d677d212d0cd_w05.png,0e62d677d212d0cd,5,Lab,Corona
train/pd/0e62d677d212d0cd_w09.png,0e62d677d212d0cd,9,Lab,Corona
train/pd/0e62d677d212d0cd_w18.png,0e62d677d212d0cd,18,Lab,Corona
train/pd/0e62d677d212d0cd_w19.png,0e62d677d212d0cd,19,Lab,Corona
train/pd/0e62d677d212d0cd_w20.png,0e62d677d212d0cd,20,Lab,Corona
train/pd/0e62d677d212d0cd_w22.png,0e62d677d212d0cd,22,Lab,Corona
train/pd/0e62d677d212d0cd_w23.png,0e62d677d212d0cd,23,Lab,Corona
train/pd/0e66bfe3ce7019a3_w01.png,0e66bfe3ce7019a3,1,Lab,Void
train/pd/0e66bfe3ce7019a3_w04.png,0e66bfe3ce7019a3,4,Lab,Void
train/pd/0e66bfe3ce7019a3_w06.png,0e66bfe3ce7019a3,6,Lab,Void
train/pd/0e66bfe3ce7019a3_w07.png,0e66bfe3ce7019a3,7,Lab,Void
train/pd/0e66bfe3ce7019a3_w08.png,0e66bfe3ce7019a3,8,Lab,Void
train/pd/0e66bfe3ce7019a3_w23.png,0e66bfe3ce7019a3,23,Lab,Void
train/pd/0e66bfe3ce7019a3_w25.png,0e66bfe3ce7019a3,25,Lab,Void
train/pd/0e66bfe3ce7019a3_w27.png,0e66bfe3ce7019a3,27,Lab,Void
train/pd/0ec2a8528df37d34_w01.png,0ec2a8528df37d34,1,Field,Void
train/pd/0ec2a8528df37d34_w08.png,0ec2a8528df37d34,8,Field,Void
train/pd/0ec2a8528df37d34_w11.png,0ec2a8528df37d34,11,Field,Void
train/pd/0ec2a8528df37d34_w12.png,0ec2a8528df37d34,12,Field,Void
train/pd/0ec2a8528df37d34_w16.png,0ec2a8528df37d34,16,Field,Void
train/pd/0ec2a8528df37d34_w20.png,0ec2a8528df37d34,20,Field,Void
train/pd/0ec2a8528df37d34_w21.png,0ec2a8528df37d34,21,Field,Void
train/pd/0ec2a8528df37d34_w25.png,0ec2a8528df37d34,25,Field,Void
train/pd/0ed667da1a0290a7_w01.png,0ed667da1a0290a7,1,Field,Void
train/pd/0ed667da1a0290a7_w03.png,0ed667da1a0290a7,3,Field,Void
train/pd/0ed667da1a0290a7_w06.png,0ed667da1a0290a7,6,Field,Void
train/pd/0ed667da1a0290a7_w10.png,0ed667da1a0290a7,10,Field,Void
train/pd/0ed667da1a0290a7_w15.png,0ed667da1a0290a7,15,Field,Void
train/pd/0ed667da1a0290a7_w17.png,0ed667da1a0290a7,17,Field,Void
train/pd/0ed667da1a0290a7_w22.png,0ed667da1a0290a7,22,Field,Void
train/pd/0ed667da1a0290a7_w23.png,0ed667da1a0290a7,23,Field,Void
train/pd/0f3932f0b313350f_w00.png,0f3932f0b313350f,0,Lab,Particle
train/pd/0f3932f0b313350f_w01.png,0f3932f0b313350f,1,Lab,Particle
train/pd/0f3932f0b313350f_w02.png,0f3932f0b313350f,2,Lab,Particle
train/pd/0f3932f0b313350f_w04.png,0f3932f0b313350f,4,Lab,Particle
train/pd/0f3932f0b313350f_w11.png,0f3932f0b313350f,11,Lab,Particle
train/pd/0f3932f0b313350f_w17.png,0f3932f0b313350f,17,Lab,Particle
train/pd/0f3932f0b313350f_w20.png,0f3932f0b313350f,20,Lab,Particle
train/pd/0f3932f0b313350f_w27.png,0f3932f0b313350f,27,Lab,Particle
train/pd/0f83bfda172e2119_w03.png,0f83bfda172e2119,3,Lab,Floating
train/pd/0f83bfda172e2119_w07.png,0f83bfda172e2119,7,Lab,Floating
train/pd/0f83bfda172e2119_w10.png,0f83bfda172e2119,10,Lab,Floating
train/pd/0f83bfda172e2119_w11.png,0f83bfda172e2119,11,Lab,Floating
train/pd/0f83bfda172e2119_w14.png,0f83bfda172e2119,14,Lab,Floating
train/pd/0f83bfda172e2119_w15.png,0f83bfda172e2119,15,Lab,Floating
train/pd/0f83bfda172e2119_w17.png,0f83bfda172e2119,17,Lab,Floating
train/pd/0f83bfda172e2119_w21.png,0f83bfda172e2119,21,Lab,Floating
train/pd/0f91b9d54c6219ac_w00.png,0f91b9d54c6219ac,0,Field,Floating
train/pd/0f91b9d54c6219ac_w02.png,0f91b9d54c6219ac,2,Field,Floating
train/pd/0f91b9d54c6219ac_w08.png,0f91b9d54c6219ac,8,Field,Floating
train/pd/0f91b9d54c6219ac_w09.png,0f91b9d54c6219ac,9,Field,Floating
train/pd/0f91b9d54c6219ac_w15.png,0f91b9d54c6219ac,15,Field,Floating
train/pd/0f91b9d54c6219ac_w22.png,0f91b9d54c6219ac,22,Field,Floating
train/pd/0f91b9d54c6219ac_w23.png,0f91b9d54c6219ac,23,Field,Floating
train/pd/0f91b9d54c6219ac_w27.png,0f91b9d54c6219ac,27,Field,Floating
train/pd/0f97c742b047cf55_w03.png,0f97c742b047cf55,3,Lab,Particle
train/pd/0f97c742b047cf55_w04.png,0f97c742b047cf55,4,Lab,Particle
train/pd/0f97c742b047cf55_w06.png,0f97c742b047cf55,6,Lab,Particle
train/pd/0f97c742b047cf55_w07.png,0f97c742b047cf55,7,Lab,Particle
train/pd/0f97c742b047cf55_w08.png,0f97c742b047cf55,8,Lab,Particle
train/pd/0f97c742b047cf55_w11.png,0f97c742b047cf55,11,Lab,Particle
train/pd/0f97c742b047cf55_w15.png,0f97c742b047cf55,15,Lab,Particle
train/pd/0f97c742b047cf55_w22.png,0f97c742b047cf55,22,Lab,Particle
train/pd/0fa6740bfca579aa_w03.png,0fa6740bfca579aa,3,Lab,Void
train/pd/0fa6740bfca579aa_w04.png,0fa6740bfca579aa,4,Lab,Void
train/pd/0fa6740bfca579aa_w09.png,0fa6740bfca579aa,9,Lab,Void
train/pd/0fa6740bfca579aa_w11.png,0fa6740bfca579aa,11,Lab,Void
train/pd/0fa6740bfca579aa_w13.png,0fa6740bfca579aa,13,Lab,Void
train/pd/0fa6740bfca579aa_w14.png,0fa6740bfca579aa,14,Lab,Void
train/pd/0fa6740bfca579aa_w24.png,0fa6740bfca579aa,24,Lab,Void
train/pd/0fa6740bfca579aa_w25.png,0fa6740bfca579aa,25,Lab,Void
train/pd/0fae1b043900edf7_w08.png,0fae1b043900edf7,8,Lab,Floating
train/pd/0fae1b043900edf7_w10.png,0fae1b043900edf7,10,Lab,Floating
train/pd/0fae1b043900edf7_w11.png,0fae1b043900edf7,11,Lab,Floating
train/pd/0fae1b043900edf7_w13.png,0fae1b043900edf7,13,Lab,Floating
train/pd/0fae1b043900edf7_w15.png,0fae1b043900edf7,15,Lab,Floating
train/pd/0fae1b043900edf7_w17.png,0fae1b043900edf7,17,Lab,Floating
train/pd/0fae1b043900edf7_w20.png,0fae1b043900edf7,20,Lab,Floating
train/pd/0fae1b043900edf7_w26.png,0fae1b043900edf7,26,Lab,Floating
train/pd/0fbaedc67eaccd90_w07.png,0fbaedc67eaccd90,7,Lab,Void
train/pd/0fbaedc67eaccd90_w09.png,0fbaedc67eaccd90,9,Lab,Void
train/pd/0fbaedc67eaccd90_w14.png,0fbaedc67eaccd90,14,Lab,Void
train/pd/0fbaedc67eaccd90_w15.png,0fbaedc67eaccd90,15,Lab,Void
train/pd/0fbaedc67eaccd90_w17.png,0fbaedc67eaccd90,17,Lab,Void
train/pd/0fbaedc67eaccd90_w20.png,0fbaedc67eaccd90,20,Lab,Void
train/pd/0fbaedc67eaccd90_w22.png,0fbaedc67eaccd90,22,Lab,Void
train/pd/0fbaedc67eaccd90_w25.png,0fbaedc67eaccd90,25,Lab,Void
train/pd/0fbebf6ebf6811a8_w01.png,0fbebf6ebf6811a8,1,Lab,Corona
train/pd/0fbebf6ebf6811a8_w07.png,0fbebf6ebf6811a8,7,Lab,Corona
train/pd/0fbebf6ebf6811a8_w08.png,0fbebf6ebf6811a8,8,Lab,Corona
train/pd/0fbebf6ebf6811a8_w14.png,0fbebf6ebf6811a8,14,Lab,Corona
train/pd/0fbebf6ebf6811a8_w15.png,0fbebf6ebf6811a8,15,Lab,Corona
train/pd/0fbebf6ebf6811a8_w18.png,0fbebf6ebf6811a8,18,Lab,Corona
train/pd/0fbebf6ebf6811a8_w26.png,0fbebf6ebf6811a8,26,Lab,Corona
train/pd/0fbebf6ebf6811a8_w27.png,0fbebf6ebf6811a8,27,Lab,Corona
train/pd/0fc8325580fd52b1_w02.png,0fc8325580fd52b1,2,Lab,Corona
train/pd/0fc8325580fd52b1_w07.png,0fc8325580fd52b1,7,Lab,Corona
train/pd/0fc8325580fd52b1_w12.png,0fc8325580fd52b1,12,Lab,Corona
train/pd/0fc8325580fd52b1_w17.png,0fc8325580fd52b1,17,Lab,Corona
train/pd/0fc8325580fd52b1_w20.png,0fc8325580fd52b1,20,Lab,Corona
train/pd/0fc8325580fd52b1_w21.png,0fc8325580fd52b1,21,Lab,Corona
train/pd/0fc8325580fd52b1_w23.png,0fc8325580fd52b1,23,Lab,Corona
train/pd/0fc8325580fd52b1_w27.png,0fc8325580fd52b1,27,Lab,Corona
train/pd/0fdde75396bc5184_w01.png,0fdde75396bc5184,1,Lab,Void
train/pd/0fdde75396bc5184_w08.png,0fdde75396bc5184,8,Lab,Void
train/pd/0fdde75396bc5184_w10.png,0fdde75396bc5184,10,Lab,Void
train/pd/0fdde75396bc5184_w15.png,0fdde75396bc5184,15,Lab,Void
train/pd/0fdde75396bc5184_w16.png,0fdde75396bc5184,16,Lab,Void
train/pd/0fdde75396bc5184_w18.png,0fdde75396bc5184,18,Lab,Void
train/pd/0fdde75396bc5184_w20.png,0fdde75396bc5184,20,Lab,Void
train/pd/0fdde75396bc5184_w26.png,0fdde75396bc5184,26,Lab,Void
train/pd/10006aa588d1ae8a_w01.png,10006aa588d1ae8a,1,Lab,Floating
train/pd/10006aa588d1ae8a_w06.png,10006aa588d1ae8a,6,Lab,Floating
train/pd/10006aa588d1ae8a_w08.png,10006aa588d1ae8a,8,Lab,Floating
train/pd/10006aa588d1ae8a_w09.png,10006aa588d1ae8a,9,Lab,Floating
train/pd/10006aa588d1ae8a_w13.png,10006aa588d1ae8a,13,Lab,Floating
train/pd/10006aa588d1ae8a_w18.png,10006aa588d1ae8a,18,Lab,Floating
train/pd/10006aa588d1ae8a_w24.png,10006aa588d1ae8a,24,Lab,Floating
train/pd/10006aa588d1ae8a_w25.png,10006aa588d1ae8a,25,Lab,Floating
train/pd/102686eb0cc9a199_w00.png,102686eb0cc9a199,0,Field,Void
train/pd/102686eb0cc9a199_w03.png,102686eb0cc9a199,3,Field,Void
train/pd/102686eb0cc9a199_w05.png,102686eb0cc9a199,5,Field,Void
train/pd/102686eb0cc9a199_w07.png,102686eb0cc9a199,7,Field,Void
train/pd/102686eb0cc9a199_w14.png,102686eb0cc9a199,14,Field,Void
train/pd/102686eb0cc9a199_w20.png,102686eb0cc9a199,20,Field,Void
train/pd/102686eb0cc9a199_w21.png,102686eb0cc9a199,21,Field,Void
train/pd/102686eb0cc9a199_w25.png,102686eb0cc9a199,25,Field,Void
train/pd/103159772e4b7b1d_w04.png,103159772e4b7b1d,4,Lab,Corona
train/pd/103159772e4b7b1d_w05.png,103159772e4b7b1d,5,Lab,Corona
train/pd/103159772e4b7b1d_w10.png,103159772e4b7b1d,10,Lab,Corona
train/pd/103159772e4b7b1d_w14.png,103159772e4b7b1d,14,Lab,Corona
train/pd/103159772e4b7b1d_w16.png,103159772e4b7b1d,16,Lab,Corona
train/pd/103159772e4b7b1d_w18.png,103159772e4b7b1d,18,Lab,Corona
train/pd/103159772e4b7b1d_w24.png,103159772e4b7b1d,24,Lab,Corona
train/pd/103159772e4b7b1d_w25.png,103159772e4b7b1d,25,Lab,Corona
train/pd/103679f6b843f102_w02.png,103679f6b843f102,2,Field,Void
train/pd/103679f6b843f102_w08.png,103679f6b843f102,8,Field,Void
train/pd/103679f6b843f102_w12.png,103679f6b843f102,12,Field,Void
train/pd/103679f6b843f102_w15.png,103679f6b843f102,15,Field,Void
train/pd/103679f6b843f102_w18.png,103679f6b843f102,18,Field,Void
train/pd/103679f6b843f102_w23.png,103679f6b843f102,23,Field,Void
train/pd/103679f6b843f102_w24.png,103679f6b843f102,24,Field,Void
train/pd/103679f6b843f102_w26.png,103679f6b843f102,26,Field,Void
train/pd/10465dd9f5e26fa1_w03.png,10465dd9f5e26fa1,3,Lab,Void
train/pd/10465dd9f5e26fa1_w09.png,10465dd9f5e26fa1,9,Lab,Void
train/pd/10465dd9f5e26fa1_w12.png,10465dd9f5e26fa1,12,Lab,Void
train/pd/10465dd9f5e26fa1_w14.png,10465dd9f5e26fa1,14,Lab,Void
train/pd/10465dd9f5e26fa1_w16.png,10465dd9f5e26fa1,16,Lab,Void
train/pd/10465dd9f5e26fa1_w18.png,10465dd9f5e26fa1,18,Lab,Void
train/pd/10465dd9f5e26fa1_w22.png,10465dd9f5e26fa1,22,Lab,Void
train/pd/10465dd9f5e26fa1_w26.png,10465dd9f5e26fa1,26,Lab,Void
train/pd/10631eeda2e2cb4b_w02.png,10631eeda2e2cb4b,2,Lab,Particle
train/pd/10631eeda2e2cb4b_w14.png,10631eeda2e2cb4b,14,Lab,Particle
train/pd/10631eeda2e2cb4b_w19.png,10631eeda2e2cb4b,19,Lab,Particle
train/pd/10631eeda2e2cb4b_w20.png,10631eeda2e2cb4b,20,Lab,Particle
train/pd/10631eeda2e2cb4b_w21.png,10631eeda2e2cb4b,21,Lab,Particle
train/pd/10631eeda2e2cb4b_w22.png,10631eeda2e2cb4b,22,Lab,Particle
train/pd/10631eeda2e2cb4b_w25.png,10631eeda2e2cb4b,25,Lab,Particle
train/pd/10631eeda2e2cb4b_w27.png,10631eeda2e2cb4b,27,Lab,Particle
train/pd/1089e478426c9bb7_w00.png,1089e478426c9bb7,0,Field,Void
train/pd/1089e478426c9bb7_w07.png,1089e478426c9bb7,7,Field,Void
train/pd/1089e478426c9bb7_w09.png,1089e478426c9bb7,9,Field,Void
train/pd/1089e478426c9bb7_w10.png,1089e478426c9bb7,10,Field,Void
train/pd/1089e478426c9bb7_w16.png,1089e478426c9bb7,16,Field,Void
train/pd/1089e478426c9bb7_w22.png,1089e478426c9bb7,22,Field,Void
train/pd/1089e478426c9bb7_w26.png,1089e478426c9bb7,26,Field,Void
train/pd/1089e478426c9bb7_w27.png,1089e478426c9bb7,27,Field,Void
train/pd/10a385f21fb32016_w06.png,10a385f21fb32016,6,Lab,Void
train/pd/10a385f21fb32016_w11.png,10a385f21fb32016,11,Lab,Void
train/pd/10a385f21fb32016_w12.png,10a385f21fb32016,12,Lab,Void
train/pd/10a385f21fb32016_w19.png,10a385f21fb32016,19,Lab,Void
train/pd/10a385f21fb32016_w20.png,10a385f21fb32016,20,Lab,Void
train/pd/10a385f21fb32016_w21.png,10a385f21fb32016,21,Lab,Void
train/pd/10a385f21fb32016_w22.png,10a385f21fb32016,22,Lab,Void
train/pd/10a385f21fb32016_w26.png,10a385f21fb32016,26,Lab,Void
train/pd/110514308c37ceb3_w04.png,110514308c37ceb3,4,Lab,Void
train/pd/110514308c37ceb3_w10.png,110514308c37ceb3,10,Lab,Void
train/pd/110514308c37ceb3_w11.png,110514308c37ceb3,11,Lab,Void
train/pd/110514308c37ceb3_w14.png,110514308c37ceb3,14,Lab,Void
train/pd/110514308c37ceb3_w17.png,110514308c37ceb3,17,Lab,Void
train/pd/110514308c37ceb3_w18.png,110514308c37ceb3,18,Lab,Void
train/pd/110514308c37ceb3_w19.png,110514308c37ceb3,19,Lab,Void
train/pd/110514308c37ceb3_w25.png,110514308c37ceb3,25,Lab,Void
train/pd/110662a677985190_w02.png,110662a677985190,2,Field,Floating
train/pd/110662a677985190_w03.png,110662a677985190,3,Field,Floating
train/pd/110662a677985190_w04.png,110662a677985190,4,Field,Floating
train/pd/110662a677985190_w10.png,110662a677985190,10,Field,Floating
train/pd/110662a677985190_w11.png,110662a677985190,11,Field,Floating
train/pd/110662a677985190_w13.png,110662a677985190,13,Field,Floating
train/pd/110662a677985190_w16.png,110662a677985190,16,Field,Floating
train/pd/110662a677985190_w18.png,110662a677985190,18,Field,Floating
train/pd/1113be4062fed4fb_w00.png,1113be4062fed4fb,0,Field,Void
train/pd/1113be4062fed4fb_w01.png,1113be4062fed4fb,1,Field,Void
train/pd/1113be4062fed4fb_w05.png,1113be4062fed4fb,5,Field,Void
train/pd/1113be4062fed4fb_w09.png,1113be4062fed4fb,9,Field,Void
train/pd/1113be4062fed4fb_w10.png,1113be4062fed4fb,10,Field,Void
train/pd/1113be4062fed4fb_w14.png,1113be4062fed4fb,14,Field,Void
train/pd/1113be4062fed4fb_w17.png,1113be4062fed4fb,17,Field,Void
train/pd/1113be4062fed4fb_w22.png,1113be4062fed4fb,22,Field,Void
train/pd/112e5af6be86de79_w01.png,112e5af6be86de79,1,Lab,Void
train/pd/112e5af6be86de79_w02.png,112e5af6be86de79,2,Lab,Void
train/pd/112e5af6be86de79_w04.png,112e5af6be86de79,4,Lab,Void
train/pd/112e5af6be86de79_w07.png,112e5af6be86de79,7,Lab,Void
train/pd/112e5af6be86de79_w10.png,112e5af6be86de79,10,Lab,Void
train/pd/112e5af6be86de79_w11.png,112e5af6be86de79,11,Lab,Void
train/pd/112e5af6be86de79_w14.png,112e5af6be86de79,14,Lab,Void
train/pd/112e5af6be86de79_w21.png,112e5af6be86de79,21,Lab,Void
train/pd/112fd69e2cb40d58_w02.png,112fd69e2cb40d58,2,Lab,Corona
train/pd/112fd69e2cb40d58_w04.png,112fd69e2cb40d58,4,Lab,Corona
train/pd/112fd69e2cb40d58_w06.png,112fd69e2cb40d58,6,Lab,Corona
train/pd/112fd69e2cb40d58_w09.png,112fd69e2cb40d58,9,Lab,Corona
train/pd/112fd69e2cb40d58_w12.png,112fd69e2cb40d58,12,Lab,Corona
train/pd/112fd69e2cb40d58_w14.png,112fd69e2cb40d58,14,Lab,Corona
train/pd/112fd69e2cb40d58_w22.png,112fd69e2cb40d58,22,Lab,Corona
train/pd/112fd69e2cb40d58_w25.png,112fd69e2cb40d58,25,Lab,Corona
train/pd/114000437f5c36ef_w01.png,114000437f5c36ef,1,Lab,Void
train/pd/114000437f5c36ef_w03.png,114000437f5c36ef,3,Lab,Void
train/pd/114000437f5c36ef_w04.png,114000437f5c36ef,4,Lab,Void
train/pd/114000437f5c36ef_w05.png,114000437f5c36ef,5,Lab,Void
train/pd/114000437f5c36ef_w10.png,114000437f5c36ef,10,Lab,Void
train/pd/114000437f5c36ef_w13.png,114000437f5c36ef,13,Lab,Void
train/pd/114000437f5c36ef_w17.png,114000437f5c36ef,17,Lab,Void
train/pd/114000437f5c36ef_w19.png,114000437f5c36ef,19,Lab,Void
train/pd/11610200adc6d265_w02.png,11610200adc6d265,2,Lab,Floating
train/pd/11610200adc6d265_w03.png,11610200adc6d265,3,Lab,Floating
train/pd/11610200adc6d265_w04.png,11610200adc6d265,4,Lab,Floating
train/pd/11610200adc6d265_w11.png,11610200adc6d265,11,Lab,Floating
train/pd/11610200adc6d265_w16.png,11610200adc6d265,16,Lab,Floating
train/pd/11610200adc6d265_w17.png,11610200adc6d265,17,Lab,Floating
train/pd/11610200adc6d265_w21.png,11610200adc6d265,21,Lab,Floating
train/pd/11610200adc6d265_w22.png,11610200adc6d265,22,Lab,Floating
train/pd/118ebda7254c5d97_w02.png,118ebda7254c5d97,2,Field,Void
train/pd/118ebda7254c5d97_w04.png,118ebda7254c5d97,4,Field,Void
train/pd/118ebda7254c5d97_w07.png,118ebda7254c5d97,7,Field,Void
train/pd/118ebda7254c5d97_w11.png,118ebda7254c5d97,11,Field,Void
train/pd/118ebda7254c5d97_w16.png,118ebda7254c5d97,16,Field,Void
train/pd/118ebda7254c5d97_w23.png,118ebda7254c5d97,23,Field,Void
train/pd/118ebda7254c5d97_w24.png,118ebda7254c5d97,24,Field,Void
train/pd/118ebda7254c5d97_w26.png,118ebda7254c5d97,26,Field,Void
train/pd/1191af87130b0df7_w01.png,1191af87130b0df7,1,Lab,Corona
train/pd/1191af87130b0df7_w02.png,1191af87130b0df7,2,Lab,Corona
train/pd/1191af87130b0df7_w03.png,1191af87130b0df7,3,Lab,Corona
train/pd/1191af87130b0df7_w04.png,1191af87130b0df7,4,Lab,Corona
train/pd/1191af87130b0df7_w08.png,1191af87130b0df7,8,Lab,Corona
train/pd/1191af87130b0df7_w09.png,1191af87130b0df7,9,Lab,Corona
train/pd/1191af87130b0df7_w16.png,1191af87130b0df7,16,Lab,Corona
train/pd/1191af87130b0df7_w24.png,1191af87130b0df7,24,Lab,Corona
train/pd/11a00e5c28e8c3dc_w00.png,11a00e5c28e8c3dc,0,Field,Void
train/pd/11a00e5c28e8c3dc_w02.png,11a00e5c28e8c3dc,2,Field,Void
train/pd/11a00e5c28e8c3dc_w09.png,11a00e5c28e8c3dc,9,Field,Void
train/pd/11a00e5c28e8c3dc_w17.png,11a00e5c28e8c3dc,17,Field,Void
train/pd/11a00e5c28e8c3dc_w23.png,11a00e5c28e8c3dc,23,Field,Void
train/pd/11a00e5c28e8c3dc_w24.png,11a00e5c28e8c3dc,24,Field,Void
train/pd/11a00e5c28e8c3dc_w25.png,11a00e5c28e8c3dc,25,Field,Void
train/pd/11a00e5c28e8c3dc_w26.png,11a00e5c28e8c3dc,26,Field,Void
train/pd/11b959c90955203f_w00.png,11b959c90955203f,0,Field,Corona
train/pd/11b959c90955203f_w02.png,11b959c90955203f,2,Field,Corona
train/pd/11b959c90955203f_w03.png,11b959c90955203f,3,Field,Corona
train/pd/11b959c90955203f_w12.png,11b959c90955203f,12,Field,Corona
train/pd/11b959c90955203f_w13.png,11b959c90955203f,13,Field,Corona
train/pd/11b959c90955203f_w17.png,11b959c90955203f,17,Field,Corona
train/pd/11b959c90955203f_w20.png,11b959c90955203f,20,Field,Corona
train/pd/11b959c90955203f_w21.png,11b959c90955203f,21,Field,Corona
train/pd/11bdafe34919556a_w02.png,11bdafe34919556a,2,Lab,Floating
train/pd/11bdafe34919556a_w03.png,11bdafe34919556a,3,Lab,Floating
train/pd/11bdafe34919556a_w04.png,11bdafe34919556a,4,Lab,Floating
train/pd/11bdafe34919556a_w05.png,11bdafe34919556a,5,Lab,Floating
train/pd/11bdafe34919556a_w09.png,11bdafe34919556a,9,Lab,Floating
train/pd/11bdafe34919556a_w14.png,11bdafe34919556a,14,Lab,Floating
train/pd/11bdafe34919556a_w18.png,11bdafe34919556a,18,Lab,Floating
train/pd/11bdafe34919556a_w27.png,11bdafe34919556a,27,Lab,Floating
train/pd/11ce1e5f41f37819_w00.png,11ce1e5f41f37819,0,Field,Floating
train/pd/11ce1e5f41f37819_w03.png,11ce1e5f41f37819,3,Field,Floating
train/pd/11ce1e5f41f37819_w08.png,11ce1e5f41f37819,8,Field,Floating
train/pd/11ce1e5f41f37819_w14.png,11ce1e5f41f37819,14,Field,Floating
train/pd/11ce1e5f41f37819_w17.png,11ce1e5f41f37819,17,Field,Floating
train/pd/11ce1e5f41f37819_w21.png,11ce1e5f41f37819,21,Field,Floating
train/pd/11ce1e5f41f37819_w23.png,11ce1e5f41f37819,23,Field,Floating
train/pd/11ce1e5f41f37819_w24.png,11ce1e5f41f37819,24,Field,Floating
train/pd/11eedea457541203_w12.png,11eedea457541203,12,Lab,Void
train/pd/11eedea457541203_w14.png,11eedea457541203,14,Lab,Void
train/pd/11eedea457541203_w17.png,11eedea457541203,17,Lab,Void
train/pd/11eedea457541203_w18.png,11eedea457541203,18,Lab,Void
train/pd/11eedea457541203_w20.png,11eedea457541203,20,Lab,Void
train/pd/11eedea457541203_w23.png,11eedea457541203,23,Lab,Void
train/pd/11eedea457541203_w25.png,11eedea457541203,25,Lab,Void
train/pd/11eedea457541203_w26.png,11eedea457541203,26,Lab,Void
train/pd/11fb64fde5226491_w02.png,11fb64fde5226491,2,Lab,Void
train/pd/11fb64fde5226491_w04.png,11fb64fde5226491,4,Lab,Void
train/pd/11fb64fde5226491_w06.png,11fb64fde5226491,6,Lab,Void
train/pd/11fb64fde5226491_w08.png,11fb64fde5226491,8,Lab,Void
train/pd/11fb64fde5226491_w18.png,11fb64fde5226491,18,Lab,Void
train/pd/11fb64fde5226491_w19.png,11fb64fde5226491,19,Lab,Void
train/pd/11fb64fde5226491_w21.png,11fb64fde5226491,21,Lab,Void
train/pd/11fb64fde5226491_w25.png,11fb64fde5226491,25,Lab,Void
train/pd/1209cd11218e8840_w06.png,1209cd11218e8840,6,Lab,Floating
train/pd/1209cd11218e8840_w07.png,1209cd11218e8840,7,Lab,Floating
train/pd/1209cd11218e8840_w08.png,1209cd11218e8840,8,Lab,Floating
train/pd/1209cd11218e8840_w10.png,1209cd11218e8840,10,Lab,Floating
train/pd/1209cd11218e8840_w20.png,1209cd11218e8840,20,Lab,Floating
train/pd/1209cd11218e8840_w22.png,1209cd11218e8840,22,Lab,Floating
train/pd/1209cd11218e8840_w23.png,1209cd11218e8840,23,Lab,Floating
train/pd/1209cd11218e8840_w27.png,1209cd11218e8840,27,Lab,Floating
train/pd/120ba5126b00a0c5_w05.png,120ba5126b00a0c5,5,Lab,Floating
train/pd/120ba5126b00a0c5_w06.png,120ba5126b00a0c5,6,Lab,Floating
train/pd/120ba5126b00a0c5_w08.png,120ba5126b00a0c5,8,Lab,Floating
train/pd/120ba5126b00a0c5_w10.png,120ba5126b00a0c5,10,Lab,Floating
train/pd/120ba5126b00a0c5_w17.png,120ba5126b00a0c5,17,Lab,Floating
train/pd/120ba5126b00a0c5_w18.png,120ba5126b00a0c5,18,Lab,Floating
train/pd/120ba5126b00a0c5_w25.png,120ba5126b00a0c5,25,Lab,Floating
train/pd/120ba5126b00a0c5_w26.png,120ba5126b00a0c5,26,Lab,Floating
train/pd/121eaeb6434695d7_w07.png,121eaeb6434695d7,7,Lab,Particle
train/pd/121eaeb6434695d7_w08.png,121eaeb6434695d7,8,Lab,Particle
train/pd/121eaeb6434695d7_w12.png,121eaeb6434695d7,12,Lab,Particle
train/pd/121eaeb6434695d7_w13.png,121eaeb6434695d7,13,Lab,Particle
train/pd/121eaeb6434695d7_w14.png,121eaeb6434695d7,14,Lab,Particle
train/pd/121eaeb6434695d7_w20.png,121eaeb6434695d7,20,Lab,Particle
train/pd/121eaeb6434695d7_w24.png,121eaeb6434695d7,24,Lab,Particle
train/pd/121eaeb6434695d7_w26.png,121eaeb6434695d7,26,Lab,Particle
train/pd/123949047498c616_w07.png,123949047498c616,7,Lab,Particle
train/pd/123949047498c616_w09.png,123949047498c616,9,Lab,Particle
train/pd/123949047498c616_w11.png,123949047498c616,11,Lab,Particle
train/pd/123949047498c616_w12.png,123949047498c616,12,Lab,Particle
train/pd/123949047498c616_w14.png,123949047498c616,14,Lab,Particle
train/pd/123949047498c616_w17.png,123949047498c616,17,Lab,Particle
train/pd/123949047498c616_w20.png,123949047498c616,20,Lab,Particle
train/pd/123949047498c616_w27.png,123949047498c616,27,Lab,Particle
train/pd/124c5a565a08580a_w01.png,124c5a565a08580a,1,Lab,Particle
train/pd/124c5a565a08580a_w07.png,124c5a565a08580a,7,Lab,Particle
train/pd/124c5a565a08580a_w08.png,124c5a565a08580a,8,Lab,Particle
train/pd/124c5a565a08580a_w11.png,124c5a565a08580a,11,Lab,Particle
train/pd/124c5a565a08580a_w15.png,124c5a565a08580a,15,Lab,Particle
train/pd/124c5a565a08580a_w16.png,124c5a565a08580a,16,Lab,Particle
train/pd/124c5a565a08580a_w26.png,124c5a565a08580a,26,Lab,Particle
train/pd/124c5a565a08580a_w27.png,124c5a565a08580a,27,Lab,Particle
train/pd/12890519a0dcab66_w02.png,12890519a0dcab66,2,Lab,Void
train/pd/12890519a0dcab66_w04.png,12890519a0dcab66,4,Lab,Void
train/pd/12890519a0dcab66_w05.png,12890519a0dcab66,5,Lab,Void
train/pd/12890519a0dcab66_w06.png,12890519a0dcab66,6,Lab,Void
train/pd/12890519a0dcab66_w12.png,12890519a0dcab66,12,Lab,Void
train/pd/12890519a0dcab66_w16.png,12890519a0dcab66,16,Lab,Void
train/pd/12890519a0dcab66_w20.png,12890519a0dcab66,20,Lab,Void
train/pd/12890519a0dcab66_w24.png,12890519a0dcab66,24,Lab,Void
train/pd/128b6d3297df969b_w00.png,128b6d3297df969b,0,Lab,Particle
train/pd/128b6d3297df969b_w01.png,128b6d3297df969b,1,Lab,Particle
train/pd/128b6d3297df969b_w08.png,128b6d3297df969b,8,Lab,Particle
train/pd/128b6d3297df969b_w09.png,128b6d3297df969b,9,Lab,Particle
train/pd/128b6d3297df969b_w13.png,128b6d3297df969b,13,Lab,Particle
train/pd/128b6d3297df969b_w17.png,128b6d3297df969b,17,Lab,Particle
train/pd/128b6d3297df969b_w20.png,128b6d3297df969b,20,Lab,Particle
train/pd/128b6d3297df969b_w22.png,128b6d3297df969b,22,Lab,Particle
train/pd/129ec883028f99ac_w01.png,129ec883028f99ac,1,Field,Void
train/pd/129ec883028f99ac_w04.png,129ec883028f99ac,4,Field,Void
train/pd/129ec883028f99ac_w06.png,129ec883028f99ac,6,Field,Void
train/pd/129ec883028f99ac_w16.png,129ec883028f99ac,16,Field,Void
train/pd/129ec883028f99ac_w19.png,129ec883028f99ac,19,Field,Void
train/pd/129ec883028f99ac_w23.png,129ec883028f99ac,23,Field,Void
train/pd/129ec883028f99ac_w26.png,129ec883028f99ac,26,Field,Void
train/pd/129ec883028f99ac_w27.png,129ec883028f99ac,27,Field,Void
train/pd/12a7e707abb57191_w00.png,12a7e707abb57191,0,Lab,Void
train/pd/12a7e707abb57191_w05.png,12a7e707abb57191,5,Lab,Void
train/pd/12a7e707abb57191_w06.png,12a7e707abb57191,6,Lab,Void
train/pd/12a7e707abb57191_w08.png,12a7e707abb57191,8,Lab,Void
train/pd/12a7e707abb57191_w12.png,12a7e707abb57191,12,Lab,Void
train/pd/12a7e707abb57191_w15.png,12a7e707abb57191,15,Lab,Void
train/pd/12a7e707abb57191_w19.png,12a7e707abb57191,19,Lab,Void
train/pd/12a7e707abb57191_w24.png,12a7e707abb57191,24,Lab,Void
train/pd/12ac1204ecbc6df5_w00.png,12ac1204ecbc6df5,0,Lab,Floating
train/pd/12ac1204ecbc6df5_w01.png,12ac1204ecbc6df5,1,Lab,Floating
train/pd/12ac1204ecbc6df5_w02.png,12ac1204ecbc6df5,2,Lab,Floating
train/pd/12ac1204ecbc6df5_w08.png,12ac1204ecbc6df5,8,Lab,Floating
train/pd/12ac1204ecbc6df5_w11.png,12ac1204ecbc6df5,11,Lab,Floating
train/pd/12ac1204ecbc6df5_w15.png,12ac1204ecbc6df5,15,Lab,Floating
train/pd/12ac1204ecbc6df5_w19.png,12ac1204ecbc6df5,19,Lab,Floating
train/pd/12ac1204ecbc6df5_w24.png,12ac1204ecbc6df5,24,Lab,Floating
train/pd/13031db39a23ad24_w01.png,13031db39a23ad24,1,Lab,Corona
train/pd/13031db39a23ad24_w05.png,13031db39a23ad24,5,Lab,Corona
train/pd/13031db39a23ad24_w08.png,13031db39a23ad24,8,Lab,Corona
train/pd/13031db39a23ad24_w15.png,13031db39a23ad24,15,Lab,Corona
train/pd/13031db39a23ad24_w17.png,13031db39a23ad24,17,Lab,Corona
train/pd/13031db39a23ad24_w22.png,13031db39a23ad24,22,Lab,Corona
train/pd/13031db39a23ad24_w24.png,13031db39a23ad24,24,Lab,Corona
train/pd/13031db39a23ad24_w26.png,13031db39a23ad24,26,Lab,Corona
train/pd/131283e2dabe9428_w01.png,131283e2dabe9428,1,Field,Void
train/pd/131283e2dabe9428_w03.png,131283e2dabe9428,3,Field,Void
train/pd/131283e2dabe9428_w05.png,131283e2dabe9428,5,Field,Void
train/pd/131283e2dabe9428_w07.png,131283e2dabe9428,7,Field,Void
train/pd/131283e2dabe9428_w12.png,131283e2dabe9428,12,Field,Void
train/pd/131283e2dabe9428_w13.png,131283e2dabe9428,13,Field,Void
train/pd/131283e2dabe9428_w18.png,131283e2dabe9428,18,Field,Void
train/pd/131283e2dabe9428_w20.png,131283e2dabe9428,20,Field,Void
train/pd/13431e62f730bffe_w01.png,13431e62f730bffe,1,Field,Void
train/pd/13431e62f730bffe_w04.png,13431e62f730bffe,4,Field,Void
train/pd/13431e62f730bffe_w06.png,13431e62f730bffe,6,Field,Void
train/pd/13431e62f730bffe_w07.png,13431e62f730bffe,7,Field,Void
train/pd/13431e62f730bffe_w11.png,13431e62f730bffe,11,Field,Void
train/pd/13431e62f730bffe_w21.png,13431e62f730bffe,21,Field,Void
train/pd/13431e62f730bffe_w26.png,13431e62f730bffe,26,Field,Void
train/pd/13431e62f730bffe_w27.png,13431e62f730bffe,27,Field,Void
train/pd/1358c8f24a081f44_w01.png,1358c8f24a081f44,1,Lab,Void
train/pd/1358c8f24a081f44_w04.png,1358c8f24a081f44,4,Lab,Void
train/pd/1358c8f24a081f44_w06.png,1358c8f24a081f44,6,Lab,Void
train/pd/1358c8f24a081f44_w08.png,1358c8f24a081f44,8,Lab,Void
train/pd/1358c8f24a081f44_w21.png,1358c8f24a081f44,21,Lab,Void
train/pd/1358c8f24a081f44_w24.png,1358c8f24a081f44,24,Lab,Void
train/pd/1358c8f24a081f44_w26.png,1358c8f24a081f44,26,Lab,Void
train/pd/1358c8f24a081f44_w27.png,1358c8f24a081f44,27,Lab,Void
train/pd/138aa20fe8f5402d_w04.png,138aa20fe8f5402d,4,Lab,Void
train/pd/138aa20fe8f5402d_w06.png,138aa20fe8f5402d,6,Lab,Void
train/pd/138aa20fe8f5402d_w08.png,138aa20fe8f5402d,8,Lab,Void
train/pd/138aa20fe8f5402d_w09.png,138aa20fe8f5402d,9,Lab,Void
train/pd/138aa20fe8f5402d_w11.png,138aa20fe8f5402d,11,Lab,Void
train/pd/138aa20fe8f5402d_w13.png,138aa20fe8f5402d,13,Lab,Void
train/pd/138aa20fe8f5402d_w26.png,138aa20fe8f5402d,26,Lab,Void
train/pd/138aa20fe8f5402d_w27.png,138aa20fe8f5402d,27,Lab,Void
train/pd/13e8fee70ebd32d4_w00.png,13e8fee70ebd32d4,0,Lab,Void
train/pd/13e8fee70ebd32d4_w03.png,13e8fee70ebd32d4,3,Lab,Void
train/pd/13e8fee70ebd32d4_w07.png,13e8fee70ebd32d4,7,Lab,Void
train/pd/13e8fee70ebd32d4_w10.png,13e8fee70ebd32d4,10,Lab,Void
train/pd/13e8fee70ebd32d4_w19.png,13e8fee70ebd32d4,19,Lab,Void
train/pd/13e8fee70ebd32d4_w23.png,13e8fee70ebd32d4,23,Lab,Void
train/pd/13e8fee70ebd32d4_w25.png,13e8fee70ebd32d4,25,Lab,Void
train/pd/13e8fee70ebd32d4_w26.png,13e8fee70ebd32d4,26,Lab,Void
train/pd/1413c6efa38cf98c_w07.png,1413c6efa38cf98c,7,Lab,Void
train/pd/1413c6efa38cf98c_w11.png,1413c6efa38cf98c,11,Lab,Void
train/pd/1413c6efa38cf98c_w12.png,1413c6efa38cf98c,12,Lab,Void
train/pd/1413c6efa38cf98c_w15.png,1413c6efa38cf98c,15,Lab,Void
train/pd/1413c6efa38cf98c_w18.png,1413c6efa38cf98c,18,Lab,Void
train/pd/1413c6efa38cf98c_w19.png,1413c6efa38cf98c,19,Lab,Void
train/pd/1413c6efa38cf98c_w21.png,1413c6efa38cf98c,21,Lab,Void
train/pd/1413c6efa38cf98c_w22.png,1413c6efa38cf98c,22,Lab,Void
train/pd/14573bee235211c6_w12.png,14573bee235211c6,12,Lab,Corona
train/pd/14573bee235211c6_w13.png,14573bee235211c6,13,Lab,Corona
train/pd/14573bee235211c6_w15.png,14573bee235211c6,15,Lab,Corona
train/pd/14573bee235211c6_w19.png,14573bee235211c6,19,Lab,Corona
train/pd/14573bee235211c6_w20.png,14573bee235211c6,20,Lab,Corona
train/pd/14573bee235211c6_w23.png,14573bee235211c6,23,Lab,Corona
train/pd/14573bee235211c6_w25.png,14573bee235211c6,25,Lab,Corona
train/pd/14573bee235211c6_w27.png,14573bee235211c6,27,Lab,Corona
train/pd/14646f6a8216c464_w02.png,14646f6a8216c464,2,Lab,Corona
train/pd/14646f6a8216c464_w03.png,14646f6a8216c464,3,Lab,Corona
train/pd/14646f6a8216c464_w16.png,14646f6a8216c464,16,Lab,Corona
train/pd/14646f6a8216c464_w18.png,14646f6a8216c464,18,Lab,Corona
train/pd/14646f6a8216c464_w19.png,14646f6a8216c464,19,Lab,Corona
train/pd/14646f6a8216c464_w24.png,14646f6a8216c464,24,Lab,Corona
train/pd/14646f6a8216c464_w25.png,14646f6a8216c464,25,Lab,Corona
train/pd/14646f6a8216c464_w27.png,14646f6a8216c464,27,Lab,Corona
train/pd/149ffeea74398362_w06.png,149ffeea74398362,6,Lab,Floating
train/pd/149ffeea74398362_w09.png,149ffeea74398362,9,Lab,Floating
train/pd/149ffeea74398362_w10.png,149ffeea74398362,10,Lab,Floating
train/pd/149ffeea74398362_w12.png,149ffeea74398362,12,Lab,Floating
train/pd/149ffeea74398362_w17.png,149ffeea74398362,17,Lab,Floating
train/pd/149ffeea74398362_w18.png,149ffeea74398362,18,Lab,Floating
train/pd/149ffeea74398362_w24.png,149ffeea74398362,24,Lab,Floating
train/pd/149ffeea74398362_w25.png,149ffeea74398362,25,Lab,Floating
train/pd/14dcb23e235611b1_w07.png,14dcb23e235611b1,7,Lab,Floating
train/pd/14dcb23e235611b1_w10.png,14dcb23e235611b1,10,Lab,Floating
train/pd/14dcb23e235611b1_w14.png,14dcb23e235611b1,14,Lab,Floating
train/pd/14dcb23e235611b1_w15.png,14dcb23e235611b1,15,Lab,Floating
train/pd/14dcb23e235611b1_w19.png,14dcb23e235611b1,19,Lab,Floating
train/pd/14dcb23e235611b1_w23.png,14dcb23e235611b1,23,Lab,Floating
train/pd/14dcb23e235611b1_w25.png,14dcb23e235611b1,25,Lab,Floating
train/pd/14dcb23e235611b1_w27.png,14dcb23e235611b1,27,Lab,Floating
train/pd/14e11d52872da858_w02.png,14e11d52872da858,2,Lab,Particle
train/pd/14e11d52872da858_w04.png,14e11d52872da858,4,Lab,Particle
train/pd/14e11d52872da858_w06.png,14e11d52872da858,6,Lab,Particle
train/pd/14e11d52872da858_w07.png,14e11d52872da858,7,Lab,Particle
train/pd/14e11d52872da858_w08.png,14e11d52872da858,8,Lab,Particle
train/pd/14e11d52872da858_w11.png,14e11d52872da858,11,Lab,Particle
train/pd/14e11d52872da858_w12.png,14e11d52872da858,12,Lab,Particle
train/pd/14e11d52872da858_w14.png,14e11d52872da858,14,Lab,Particle
train/pd/14fca6f41a505ffb_w05.png,14fca6f41a505ffb,5,Lab,Corona
train/pd/14fca6f41a505ffb_w08.png,14fca6f41a505ffb,8,Lab,Corona
train/pd/14fca6f41a505ffb_w09.png,14fca6f41a505ffb,9,Lab,Corona
train/pd/14fca6f41a505ffb_w10.png,14fca6f41a505ffb,10,Lab,Corona
train/pd/14fca6f41a505ffb_w19.png,14fca6f41a505ffb,19,Lab,Corona
train/pd/14fca6f41a505ffb_w20.png,14fca6f41a505ffb,20,Lab,Corona
train/pd/14fca6f41a505ffb_w22.png,14fca6f41a505ffb,22,Lab,Corona
train/pd/14fca6f41a505ffb_w26.png,14fca6f41a505ffb,26,Lab,Corona
train/pd/150243a2ca07352f_w00.png,150243a2ca07352f,0,Field,Void
train/pd/150243a2ca07352f_w13.png,150243a2ca07352f,13,Field,Void
train/pd/150243a2ca07352f_w15.png,150243a2ca07352f,15,Field,Void
train/pd/150243a2ca07352f_w17.png,150243a2ca07352f,17,Field,Void
train/pd/150243a2ca07352f_w18.png,150243a2ca07352f,18,Field,Void
train/pd/150243a2ca07352f_w19.png,150243a2ca07352f,19,Field,Void
train/pd/150243a2ca07352f_w23.png,150243a2ca07352f,23,Field,Void
train/pd/150243a2ca07352f_w26.png,150243a2ca07352f,26,Field,Void
train/pd/150295379dbf43d8_w01.png,150295379dbf43d8,1,Lab,Void
train/pd/150295379dbf43d8_w02.png,150295379dbf43d8,2,Lab,Void
train/pd/150295379dbf43d8_w12.png,150295379dbf43d8,12,Lab,Void
train/pd/150295379dbf43d8_w13.png,150295379dbf43d8,13,Lab,Void
train/pd/150295379dbf43d8_w14.png,150295379dbf43d8,14,Lab,Void
train/pd/150295379dbf43d8_w16.png,150295379dbf43d8,16,Lab,Void
train/pd/150295379dbf43d8_w17.png,150295379dbf43d8,17,Lab,Void
train/pd/150295379dbf43d8_w22.png,150295379dbf43d8,22,Lab,Void
train/pd/1506223df47be275_w00.png,1506223df47be275,0,Lab,Particle
train/pd/1506223df47be275_w04.png,1506223df47be275,4,Lab,Particle
train/pd/1506223df47be275_w05.png,1506223df47be275,5,Lab,Particle
train/pd/1506223df47be275_w06.png,1506223df47be275,6,Lab,Particle
train/pd/1506223df47be275_w08.png,1506223df47be275,8,Lab,Particle
train/pd/1506223df47be275_w12.png,1506223df47be275,12,Lab,Particle
train/pd/1506223df47be275_w23.png,1506223df47be275,23,Lab,Particle
train/pd/1506223df47be275_w25.png,1506223df47be275,25,Lab,Particle
train/pd/15066757e16817d8_w03.png,15066757e16817d8,3,Lab,Floating
train/pd/15066757e16817d8_w05.png,15066757e16817d8,5,Lab,Floating
train/pd/15066757e16817d8_w10.png,15066757e16817d8,10,Lab,Floating
train/pd/15066757e16817d8_w14.png,15066757e16817d8,14,Lab,Floating
train/pd/15066757e16817d8_w15.png,15066757e16817d8,15,Lab,Floating
train/pd/15066757e16817d8_w21.png,15066757e16817d8,21,Lab,Floating
train/pd/15066757e16817d8_w24.png,15066757e16817d8,24,Lab,Floating
train/pd/15066757e16817d8_w25.png,15066757e16817d8,25,Lab,Floating
train/pd/1509f095b991e5d3_w10.png,1509f095b991e5d3,10,Lab,Corona
train/pd/1509f095b991e5d3_w11.png,1509f095b991e5d3,11,Lab,Corona
train/pd/1509f095b991e5d3_w15.png,1509f095b991e5d3,15,Lab,Corona
train/pd/1509f095b991e5d3_w16.png,1509f095b991e5d3,16,Lab,Corona
train/pd/1509f095b991e5d3_w17.png,1509f095b991e5d3,17,Lab,Corona
train/pd/1509f095b991e5d3_w19.png,1509f095b991e5d3,19,Lab,Corona
train/pd/1509f095b991e5d3_w20.png,1509f095b991e5d3,20,Lab,Corona
train/pd/1509f095b991e5d3_w23.png,1509f095b991e5d3,23,Lab,Corona
train/pd/150d0e28f0a934cf_w00.png,150d0e28f0a934cf,0,Lab,Void
train/pd/150d0e28f0a934cf_w02.png,150d0e28f0a934cf,2,Lab,Void
train/pd/150d0e28f0a934cf_w05.png,150d0e28f0a934cf,5,Lab,Void
train/pd/150d0e28f0a934cf_w08.png,150d0e28f0a934cf,8,Lab,Void
train/pd/150d0e28f0a934cf_w11.png,150d0e28f0a934cf,11,Lab,Void
train/pd/150d0e28f0a934cf_w14.png,150d0e28f0a934cf,14,Lab,Void
train/pd/150d0e28f0a934cf_w21.png,150d0e28f0a934cf,21,Lab,Void
train/pd/150d0e28f0a934cf_w25.png,150d0e28f0a934cf,25,Lab,Void
train/pd/153eb0e3c7fdcaec_w05.png,153eb0e3c7fdcaec,5,Lab,Void
train/pd/153eb0e3c7fdcaec_w08.png,153eb0e3c7fdcaec,8,Lab,Void
train/pd/153eb0e3c7fdcaec_w09.png,153eb0e3c7fdcaec,9,Lab,Void
train/pd/153eb0e3c7fdcaec_w10.png,153eb0e3c7fdcaec,10,Lab,Void
train/pd/153eb0e3c7fdcaec_w16.png,153eb0e3c7fdcaec,16,Lab,Void
train/pd/153eb0e3c7fdcaec_w17.png,153eb0e3c7fdcaec,17,Lab,Void
train/pd/153eb0e3c7fdcaec_w18.png,153eb0e3c7fdcaec,18,Lab,Void
train/pd/153eb0e3c7fdcaec_w21.png,153eb0e3c7fdcaec,21,Lab,Void
train/pd/159e0ce0d5bb9c18_w04.png,159e0ce0d5bb9c18,4,Lab,Void
train/pd/159e0ce0d5bb9c18_w06.png,159e0ce0d5bb9c18,6,Lab,Void
train/pd/159e0ce0d5bb9c18_w12.png,159e0ce0d5bb9c18,12,Lab,Void
train/pd/159e0ce0d5bb9c18_w13.png,159e0ce0d5bb9c18,13,Lab,Void
train/pd/159e0ce0d5bb9c18_w18.png,159e0ce0d5bb9c18,18,Lab,Void
train/pd/159e0ce0d5bb9c18_w19.png,159e0ce0d5bb9c18,19,Lab,Void
train/pd/159e0ce0d5bb9c18_w22.png,159e0ce0d5bb9c18,22,Lab,Void
train/pd/159e0ce0d5bb9c18_w23.png,159e0ce0d5bb9c18,23,Lab,Void
train/pd/15e590f1775e3dd1_w02.png,15e590f1775e3dd1,2,Field,Void
train/pd/15e590f1775e3dd1_w06.png,15e590f1775e3dd1,6,Field,Void
train/pd/15e590f1775e3dd1_w07.png,15e590f1775e3dd1,7,Field,Void
train/pd/15e590f1775e3dd1_w08.png,15e590f1775e3dd1,8,Field,Void
train/pd/15e590f1775e3dd1_w10.png,15e590f1775e3dd1,10,Field,Void
train/pd/15e590f1775e3dd1_w11.png,15e590f1775e3dd1,11,Field,Void
train/pd/15e590f1775e3dd1_w20.png,15e590f1775e3dd1,20,Field,Void
train/pd/15e590f1775e3dd1_w22.png,15e590f1775e3dd1,22,Field,Void
train/pd/15f10c237a2c46b5_w01.png,15f10c237a2c46b5,1,Lab,Void
train/pd/15f10c237a2c46b5_w05.png,15f10c237a2c46b5,5,Lab,Void
train/pd/15f10c237a2c46b5_w10.png,15f10c237a2c46b5,10,Lab,Void
train/pd/15f10c237a2c46b5_w12.png,15f10c237a2c46b5,12,Lab,Void
train/pd/15f10c237a2c46b5_w13.png,15f10c237a2c46b5,13,Lab,Void
train/pd/15f10c237a2c46b5_w15.png,15f10c237a2c46b5,15,Lab,Void
train/pd/15f10c237a2c46b5_w20.png,15f10c237a2c46b5,20,Lab,Void
train/pd/15f10c237a2c46b5_w22.png,15f10c237a2c46b5,22,Lab,Void
train/pd/1600a6941c316f2d_w01.png,1600a6941c316f2d,1,Lab,Void
train/pd/1600a6941c316f2d_w03.png,1600a6941c316f2d,3,Lab,Void
train/pd/1600a6941c316f2d_w06.png,1600a6941c316f2d,6,Lab,Void
train/pd/1600a6941c316f2d_w09.png,1600a6941c316f2d,9,Lab,Void
train/pd/1600a6941c316f2d_w17.png,1600a6941c316f2d,17,Lab,Void
train/pd/1600a6941c316f2d_w18.png,1600a6941c316f2d,18,Lab,Void
train/pd/1600a6941c316f2d_w25.png,1600a6941c316f2d,25,Lab,Void
train/pd/1600a6941c316f2d_w27.png,1600a6941c316f2d,27,Lab,Void
train/pd/1617a1fd075fc6bd_w00.png,1617a1fd075fc6bd,0,Lab,Corona
train/pd/1617a1fd075fc6bd_w03.png,1617a1fd075fc6bd,3,Lab,Corona
train/pd/1617a1fd075fc6bd_w05.png,1617a1fd075fc6bd,5,Lab,Corona
train/pd/1617a1fd075fc6bd_w14.png,1617a1fd075fc6bd,14,Lab,Corona
train/pd/1617a1fd075fc6bd_w16.png,1617a1fd075fc6bd,16,Lab,Corona
train/pd/1617a1fd075fc6bd_w20.png,1617a1fd075fc6bd,20,Lab,Corona
train/pd/1617a1fd075fc6bd_w22.png,1617a1fd075fc6bd,22,Lab,Corona
train/pd/1617a1fd075fc6bd_w26.png,1617a1fd075fc6bd,26,Lab,Corona
train/pd/162fb151f981d382_w02.png,162fb151f981d382,2,Lab,Corona
train/pd/162fb151f981d382_w07.png,162fb151f981d382,7,Lab,Corona
train/pd/162fb151f981d382_w08.png,162fb151f981d382,8,Lab,Corona
train/pd/162fb151f981d382_w09.png,162fb151f981d382,9,Lab,Corona
train/pd/162fb151f981d382_w19.png,162fb151f981d382,19,Lab,Corona
train/pd/162fb151f981d382_w22.png,162fb151f981d382,22,Lab,Corona
train/pd/162fb151f981d382_w24.png,162fb151f981d382,24,Lab,Corona
train/pd/162fb151f981d382_w25.png,162fb151f981d382,25,Lab,Corona
train/pd/1662489c20e0497d_w05.png,1662489c20e0497d,5,Field,Floating
train/pd/1662489c20e0497d_w07.png,1662489c20e0497d,7,Field,Floating
train/pd/1662489c20e0497d_w10.png,1662489c20e0497d,10,Field,Floating
train/pd/1662489c20e0497d_w14.png,1662489c20e0497d,14,Field,Floating
train/pd/1662489c20e0497d_w17.png,1662489c20e0497d,17,Field,Floating
train/pd/1662489c20e0497d_w22.png,1662489c20e0497d,22,Field,Floating
train/pd/1662489c20e0497d_w25.png,1662489c20e0497d,25,Field,Floating
train/pd/1662489c20e0497d_w26.png,1662489c20e0497d,26,Field,Floating
train/pd/1691447ca1b9b3d9_w00.png,1691447ca1b9b3d9,0,Lab,Void
train/pd/1691447ca1b9b3d9_w06.png,1691447ca1b9b3d9,6,Lab,Void
train/pd/1691447ca1b9b3d9_w08.png,1691447ca1b9b3d9,8,Lab,Void
train/pd/1691447ca1b9b3d9_w09.png,1691447ca1b9b3d9,9,Lab,Void
train/pd/1691447ca1b9b3d9_w13.png,1691447ca1b9b3d9,13,Lab,Void
train/pd/1691447ca1b9b3d9_w23.png,1691447ca1b9b3d9,23,Lab,Void
train/pd/1691447ca1b9b3d9_w24.png,1691447ca1b9b3d9,24,Lab,Void
train/pd/1691447ca1b9b3d9_w25.png,1691447ca1b9b3d9,25,Lab,Void
train/pd/171a5a3ebe22f403_w03.png,171a5a3ebe22f403,3,Lab,Corona
train/pd/171a5a3ebe22f403_w09.png,171a5a3ebe22f403,9,Lab,Corona
train/pd/171a5a3ebe22f403_w12.png,171a5a3ebe22f403,12,Lab,Corona
train/pd/171a5a3ebe22f403_w16.png,171a5a3ebe22f403,16,Lab,Corona
train/pd/171a5a3ebe22f403_w17.png,171a5a3ebe22f403,17,Lab,Corona
train/pd/171a5a3ebe22f403_w20.png,171a5a3ebe22f403,20,Lab,Corona
train/pd/171a5a3ebe22f403_w24.png,171a5a3ebe22f403,24,Lab,Corona
train/pd/171a5a3ebe22f403_w26.png,171a5a3ebe22f403,26,Lab,Corona
train/pd/1730d73b670a81a7_w02.png,1730d73b670a81a7,2,Lab,Particle
train/pd/1730d73b670a81a7_w03.png,1730d73b670a81a7,3,Lab,Particle
train/pd/1730d73b670a81a7_w12.png,1730d73b670a81a7,12,Lab,Particle
train/pd/1730d73b670a81a7_w18.png,1730d73b670a81a7,18,Lab,Particle
train/pd/1730d73b670a81a7_w19.png,1730d73b670a81a7,19,Lab,Particle
train/pd/1730d73b670a81a7_w22.png,1730d73b670a81a7,22,Lab,Particle
train/pd/1730d73b670a81a7_w23.png,1730d73b670a81a7,23,Lab,Particle
train/pd/1730d73b670a81a7_w26.png,1730d73b670a81a7,26,Lab,Particle
train/pd/179d94ca2b8e2e25_w03.png,179d94ca2b8e2e25,3,Lab,Void
train/pd/179d94ca2b8e2e25_w05.png,179d94ca2b8e2e25,5,Lab,Void
train/pd/179d94ca2b8e2e25_w08.png,179d94ca2b8e2e25,8,Lab,Void
train/pd/179d94ca2b8e2e25_w13.png,179d94ca2b8e2e25,13,Lab,Void
train/pd/179d94ca2b8e2e25_w14.png,179d94ca2b8e2e25,14,Lab,Void
train/pd/179d94ca2b8e2e25_w15.png,179d94ca2b8e2e25,15,Lab,Void
train/pd/179d94ca2b8e2e25_w21.png,179d94ca2b8e2e25,21,Lab,Void
train/pd/179d94ca2b8e2e25_w27.png,179d94ca2b8e2e25,27,Lab,Void
train/pd/17a1b1a11f5e65fe_w01.png,17a1b1a11f5e65fe,1,Lab,Floating
train/pd/17a1b1a11f5e65fe_w04.png,17a1b1a11f5e65fe,4,Lab,Floating
train/pd/17a1b1a11f5e65fe_w07.png,17a1b1a11f5e65fe,7,Lab,Floating
train/pd/17a1b1a11f5e65fe_w09.png,17a1b1a11f5e65fe,9,Lab,Floating
train/pd/17a1b1a11f5e65fe_w10.png,17a1b1a11f5e65fe,10,Lab,Floating
train/pd/17a1b1a11f5e65fe_w15.png,17a1b1a11f5e65fe,15,Lab,Floating
train/pd/17a1b1a11f5e65fe_w24.png,17a1b1a11f5e65fe,24,Lab,Floating
train/pd/17a1b1a11f5e65fe_w25.png,17a1b1a11f5e65fe,25,Lab,Floating
train/pd/17a2f9d69087ac22_w03.png,17a2f9d69087ac22,3,Field,Floating
train/pd/17a2f9d69087ac22_w05.png,17a2f9d69087ac22,5,Field,Floating
train/pd/17a2f9d69087ac22_w08.png,17a2f9d69087ac22,8,Field,Floating
train/pd/17a2f9d69087ac22_w10.png,17a2f9d69087ac22,10,Field,Floating
train/pd/17a2f9d69087ac22_w13.png,17a2f9d69087ac22,13,Field,Floating
train/pd/17a2f9d69087ac22_w15.png,17a2f9d69087ac22,15,Field,Floating
train/pd/17a2f9d69087ac22_w23.png,17a2f9d69087ac22,23,Field,Floating
train/pd/17a2f9d69087ac22_w25.png,17a2f9d69087ac22,25,Field,Floating
train/pd/17b37ea2afc8a2f5_w05.png,17b37ea2afc8a2f5,5,Lab,Void
train/pd/17b37ea2afc8a2f5_w07.png,17b37ea2afc8a2f5,7,Lab,Void
train/pd/17b37ea2afc8a2f5_w11.png,17b37ea2afc8a2f5,11,Lab,Void
train/pd/17b37ea2afc8a2f5_w13.png,17b37ea2afc8a2f5,13,Lab,Void
train/pd/17b37ea2afc8a2f5_w18.png,17b37ea2afc8a2f5,18,Lab,Void
train/pd/17b37ea2afc8a2f5_w19.png,17b37ea2afc8a2f5,19,Lab,Void
train/pd/17b37ea2afc8a2f5_w20.png,17b37ea2afc8a2f5,20,Lab,Void
train/pd/17b37ea2afc8a2f5_w21.png,17b37ea2afc8a2f5,21,Lab,Void
train/pd/17bf1af5f1de095d_w02.png,17bf1af5f1de095d,2,Lab,Void
train/pd/17bf1af5f1de095d_w07.png,17bf1af5f1de095d,7,Lab,Void
train/pd/17bf1af5f1de095d_w08.png,17bf1af5f1de095d,8,Lab,Void
train/pd/17bf1af5f1de095d_w12.png,17bf1af5f1de095d,12,Lab,Void
train/pd/17bf1af5f1de095d_w20.png,17bf1af5f1de095d,20,Lab,Void
train/pd/17bf1af5f1de095d_w23.png,17bf1af5f1de095d,23,Lab,Void
train/pd/17bf1af5f1de095d_w25.png,17bf1af5f1de095d,25,Lab,Void
train/pd/17bf1af5f1de095d_w27.png,17bf1af5f1de095d,27,Lab,Void
train/pd/17c1f13dfda0faf6_w01.png,17c1f13dfda0faf6,1,Lab,Corona
train/pd/17c1f13dfda0faf6_w05.png,17c1f13dfda0faf6,5,Lab,Corona
train/pd/17c1f13dfda0faf6_w06.png,17c1f13dfda0faf6,6,Lab,Corona
train/pd/17c1f13dfda0faf6_w09.png,17c1f13dfda0faf6,9,Lab,Corona
train/pd/17c1f13dfda0faf6_w17.png,17c1f13dfda0faf6,17,Lab,Corona
train/pd/17c1f13dfda0faf6_w21.png,17c1f13dfda0faf6,21,Lab,Corona
train/pd/17c1f13dfda0faf6_w25.png,17c1f13dfda0faf6,25,Lab,Corona
train/pd/17c1f13dfda0faf6_w26.png,17c1f13dfda0faf6,26,Lab,Corona
train/pd/183819f7d30f5c85_w02.png,183819f7d30f5c85,2,Lab,Floating
train/pd/183819f7d30f5c85_w05.png,183819f7d30f5c85,5,Lab,Floating
train/pd/183819f7d30f5c85_w07.png,183819f7d30f5c85,7,Lab,Floating
train/pd/183819f7d30f5c85_w08.png,183819f7d30f5c85,8,Lab,Floating
train/pd/183819f7d30f5c85_w14.png,183819f7d30f5c85,14,Lab,Floating
train/pd/183819f7d30f5c85_w15.png,183819f7d30f5c85,15,Lab,Floating
train/pd/183819f7d30f5c85_w23.png,183819f7d30f5c85,23,Lab,Floating
train/pd/183819f7d30f5c85_w25.png,183819f7d30f5c85,25,Lab,Floating
train/pd/1865f8814ee9e6f4_w02.png,1865f8814ee9e6f4,2,Lab,Void
train/pd/1865f8814ee9e6f4_w04.png,1865f8814ee9e6f4,4,Lab,Void
train/pd/1865f8814ee9e6f4_w05.png,1865f8814ee9e6f4,5,Lab,Void
train/pd/1865f8814ee9e6f4_w14.png,1865f8814ee9e6f4,14,Lab,Void
train/pd/1865f8814ee9e6f4_w15.png,1865f8814ee9e6f4,15,Lab,Void
train/pd/1865f8814ee9e6f4_w17.png,1865f8814ee9e6f4,17,Lab,Void
train/pd/1865f8814ee9e6f4_w19.png,1865f8814ee9e6f4,19,Lab,Void
train/pd/1865f8814ee9e6f4_w26.png,1865f8814ee9e6f4,26,Lab,Void
train/pd/186987e4232aeb4c_w03.png,186987e4232aeb4c,3,Lab,Floating
train/pd/186987e4232aeb4c_w06.png,186987e4232aeb4c,6,Lab,Floating
train/pd/186987e4232aeb4c_w10.png,186987e4232aeb4c,10,Lab,Floating
train/pd/186987e4232aeb4c_w14.png,186987e4232aeb4c,14,Lab,Floating
train/pd/186987e4232aeb4c_w15.png,186987e4232aeb4c,15,Lab,Floating
train/pd/186987e4232aeb4c_w17.png,186987e4232aeb4c,17,Lab,Floating
train/pd/186987e4232aeb4c_w25.png,186987e4232aeb4c,25,Lab,Floating
train/pd/186987e4232aeb4c_w27.png,186987e4232aeb4c,27,Lab,Floating
train/pd/1887cbb323a5df3b_w01.png,1887cbb323a5df3b,1,Field,Void
train/pd/1887cbb323a5df3b_w04.png,1887cbb323a5df3b,4,Field,Void
train/pd/1887cbb323a5df3b_w05.png,1887cbb323a5df3b,5,Field,Void
train/pd/1887cbb323a5df3b_w06.png,1887cbb323a5df3b,6,Field,Void
train/pd/1887cbb323a5df3b_w19.png,1887cbb323a5df3b,19,Field,Void
train/pd/1887cbb323a5df3b_w21.png,1887cbb323a5df3b,21,Field,Void
train/pd/1887cbb323a5df3b_w24.png,1887cbb323a5df3b,24,Field,Void
train/pd/1887cbb323a5df3b_w26.png,1887cbb323a5df3b,26,Field,Void
train/pd/18d375753bb2ebd9_w11.png,18d375753bb2ebd9,11,Lab,Void
train/pd/18d375753bb2ebd9_w14.png,18d375753bb2ebd9,14,Lab,Void
train/pd/18d375753bb2ebd9_w15.png,18d375753bb2ebd9,15,Lab,Void
train/pd/18d375753bb2ebd9_w18.png,18d375753bb2ebd9,18,Lab,Void
train/pd/18d375753bb2ebd9_w21.png,18d375753bb2ebd9,21,Lab,Void
train/pd/18d375753bb2ebd9_w22.png,18d375753bb2ebd9,22,Lab,Void
train/pd/18d375753bb2ebd9_w24.png,18d375753bb2ebd9,24,Lab,Void
train/pd/18d375753bb2ebd9_w26.png,18d375753bb2ebd9,26,Lab,Void
train/pd/18d41dc2b91296be_w03.png,18d41dc2b91296be,3,Lab,Particle
train/pd/18d41dc2b91296be_w08.png,18d41dc2b91296be,8,Lab,Particle
train/pd/18d41dc2b91296be_w09.png,18d41dc2b91296be,9,Lab,Particle
train/pd/18d41dc2b91296be_w10.png,18d41dc2b91296be,10,Lab,Particle
train/pd/18d41dc2b91296be_w15.png,18d41dc2b91296be,15,Lab,Particle
train/pd/18d41dc2b91296be_w18.png,18d41dc2b91296be,18,Lab,Particle
train/pd/18d41dc2b91296be_w25.png,18d41dc2b91296be,25,Lab,Particle
train/pd/18d41dc2b91296be_w26.png,18d41dc2b91296be,26,Lab,Particle
train/pd/18d8b63b8300b742_w01.png,18d8b63b8300b742,1,Lab,Floating
train/pd/18d8b63b8300b742_w03.png,18d8b63b8300b742,3,Lab,Floating
train/pd/18d8b63b8300b742_w07.png,18d8b63b8300b742,7,Lab,Floating
train/pd/18d8b63b8300b742_w16.png,18d8b63b8300b742,16,Lab,Floating
train/pd/18d8b63b8300b742_w18.png,18d8b63b8300b742,18,Lab,Floating
train/pd/18d8b63b8300b742_w20.png,18d8b63b8300b742,20,Lab,Floating
train/pd/18d8b63b8300b742_w22.png,18d8b63b8300b742,22,Lab,Floating
train/pd/18d8b63b8300b742_w24.png,18d8b63b8300b742,24,Lab,Floating
train/pd/18ebe9521a8508d1_w00.png,18ebe9521a8508d1,0,Lab,Particle
train/pd/18ebe9521a8508d1_w01.png,18ebe9521a8508d1,1,Lab,Particle
train/pd/18ebe9521a8508d1_w02.png,18ebe9521a8508d1,2,Lab,Particle
train/pd/18ebe9521a8508d1_w03.png,18ebe9521a8508d1,3,Lab,Particle
train/pd/18ebe9521a8508d1_w16.png,18ebe9521a8508d1,16,Lab,Particle
train/pd/18ebe9521a8508d1_w17.png,18ebe9521a8508d1,17,Lab,Particle
train/pd/18ebe9521a8508d1_w18.png,18ebe9521a8508d1,18,Lab,Particle
train/pd/18ebe9521a8508d1_w23.png,18ebe9521a8508d1,23,Lab,Particle
train/pd/18fbd1417747e498_w04.png,18fbd1417747e498,4,Lab,Void
train/pd/18fbd1417747e498_w05.png,18fbd1417747e498,5,Lab,Void
train/pd/18fbd1417747e498_w08.png,18fbd1417747e498,8,Lab,Void
train/pd/18fbd1417747e498_w09.png,18fbd1417747e498,9,Lab,Void
train/pd/18fbd1417747e498_w12.png,18fbd1417747e498,12,Lab,Void
train/pd/18fbd1417747e498_w17.png,18fbd1417747e498,17,Lab,Void
train/pd/18fbd1417747e498_w19.png,18fbd1417747e498,19,Lab,Void
train/pd/18fbd1417747e498_w25.png,18fbd1417747e498,25,Lab,Void
train/pd/18fffddccf1b3b31_w00.png,18fffddccf1b3b31,0,Field,Void
train/pd/18fffddccf1b3b31_w03.png,18fffddccf1b3b31,3,Field,Void
train/pd/18fffddccf1b3b31_w07.png,18fffddccf1b3b31,7,Field,Void
train/pd/18fffddccf1b3b31_w11.png,18fffddccf1b3b31,11,Field,Void
train/pd/18fffddccf1b3b31_w15.png,18fffddccf1b3b31,15,Field,Void
train/pd/18fffddccf1b3b31_w18.png,18fffddccf1b3b31,18,Field,Void
train/pd/18fffddccf1b3b31_w20.png,18fffddccf1b3b31,20,Field,Void
train/pd/18fffddccf1b3b31_w26.png,18fffddccf1b3b31,26,Field,Void
train/pd/192db13e8c2cdb6a_w01.png,192db13e8c2cdb6a,1,Field,Void
train/pd/192db13e8c2cdb6a_w04.png,192db13e8c2cdb6a,4,Field,Void
train/pd/192db13e8c2cdb6a_w09.png,192db13e8c2cdb6a,9,Field,Void
train/pd/192db13e8c2cdb6a_w11.png,192db13e8c2cdb6a,11,Field,Void
train/pd/192db13e8c2cdb6a_w13.png,192db13e8c2cdb6a,13,Field,Void
train/pd/192db13e8c2cdb6a_w14.png,192db13e8c2cdb6a,14,Field,Void
train/pd/192db13e8c2cdb6a_w16.png,192db13e8c2cdb6a,16,Field,Void
train/pd/192db13e8c2cdb6a_w22.png,192db13e8c2cdb6a,22,Field,Void
train/pd/19b90cd81231f80a_w01.png,19b90cd81231f80a,1,Lab,Particle
train/pd/19b90cd81231f80a_w03.png,19b90cd81231f80a,3,Lab,Particle
train/pd/19b90cd81231f80a_w08.png,19b90cd81231f80a,8,Lab,Particle
train/pd/19b90cd81231f80a_w11.png,19b90cd81231f80a,11,Lab,Particle
train/pd/19b90cd81231f80a_w14.png,19b90cd81231f80a,14,Lab,Particle
train/pd/19b90cd81231f80a_w15.png,19b90cd81231f80a,15,Lab,Particle
train/pd/19b90cd81231f80a_w23.png,19b90cd81231f80a,23,Lab,Particle
train/pd/19b90cd81231f80a_w24.png,19b90cd81231f80a,24,Lab,Particle
train/pd/19bea6e21f08d8b7_w00.png,19bea6e21f08d8b7,0,Lab,Floating
train/pd/19bea6e21f08d8b7_w03.png,19bea6e21f08d8b7,3,Lab,Floating
train/pd/19bea6e21f08d8b7_w05.png,19bea6e21f08d8b7,5,Lab,Floating
train/pd/19bea6e21f08d8b7_w10.png,19bea6e21f08d8b7,10,Lab,Floating
train/pd/19bea6e21f08d8b7_w15.png,19bea6e21f08d8b7,15,Lab,Floating
train/pd/19bea6e21f08d8b7_w18.png,19bea6e21f08d8b7,18,Lab,Floating
train/pd/19bea6e21f08d8b7_w21.png,19bea6e21f08d8b7,21,Lab,Floating
train/pd/19bea6e21f08d8b7_w24.png,19bea6e21f08d8b7,24,Lab,Floating
train/pd/19c9e61e59a5400b_w01.png,19c9e61e59a5400b,1,Lab,Void
train/pd/19c9e61e59a5400b_w05.png,19c9e61e59a5400b,5,Lab,Void
train/pd/19c9e61e59a5400b_w09.png,19c9e61e59a5400b,9,Lab,Void
train/pd/19c9e61e59a5400b_w18.png,19c9e61e59a5400b,18,Lab,Void
train/pd/19c9e61e59a5400b_w19.png,19c9e61e59a5400b,19,Lab,Void
train/pd/19c9e61e59a5400b_w20.png,19c9e61e59a5400b,20,Lab,Void
train/pd/19c9e61e59a5400b_w22.png,19c9e61e59a5400b,22,Lab,Void
train/pd/19c9e61e59a5400b_w27.png,19c9e61e59a5400b,27,Lab,Void
train/pd/1a0bf88308680fe2_w00.png,1a0bf88308680fe2,0,Lab,Floating
train/pd/1a0bf88308680fe2_w01.png,1a0bf88308680fe2,1,Lab,Floating
train/pd/1a0bf88308680fe2_w04.png,1a0bf88308680fe2,4,Lab,Floating
train/pd/1a0bf88308680fe2_w06.png,1a0bf88308680fe2,6,Lab,Floating
train/pd/1a0bf88308680fe2_w12.png,1a0bf88308680fe2,12,Lab,Floating
train/pd/1a0bf88308680fe2_w13.png,1a0bf88308680fe2,13,Lab,Floating
train/pd/1a0bf88308680fe2_w19.png,1a0bf88308680fe2,19,Lab,Floating
train/pd/1a0bf88308680fe2_w26.png,1a0bf88308680fe2,26,Lab,Floating
train/pd/1a223719cbff308c_w04.png,1a223719cbff308c,4,Lab,Void
train/pd/1a223719cbff308c_w07.png,1a223719cbff308c,7,Lab,Void
train/pd/1a223719cbff308c_w11.png,1a223719cbff308c,11,Lab,Void
train/pd/1a223719cbff308c_w14.png,1a223719cbff308c,14,Lab,Void
train/pd/1a223719cbff308c_w17.png,1a223719cbff308c,17,Lab,Void
train/pd/1a223719cbff308c_w21.png,1a223719cbff308c,21,Lab,Void
train/pd/1a223719cbff308c_w25.png,1a223719cbff308c,25,Lab,Void
train/pd/1a223719cbff308c_w26.png,1a223719cbff308c,26,Lab,Void
train/pd/1a3727915e83c55c_w05.png,1a3727915e83c55c,5,Field,Void
train/pd/1a3727915e83c55c_w07.png,1a3727915e83c55c,7,Field,Void
train/pd/1a3727915e83c55c_w09.png,1a3727915e83c55c,9,Field,Void
train/pd/1a3727915e83c55c_w11.png,1a3727915e83c55c,11,Field,Void
train/pd/1a3727915e83c55c_w14.png,1a3727915e83c55c,14,Field,Void
train/pd/1a3727915e83c55c_w22.png,1a3727915e83c55c,22,Field,Void
train/pd/1a3727915e83c55c_w25.png,1a3727915e83c55c,25,Field,Void
train/pd/1a3727915e83c55c_w27.png,1a3727915e83c55c,27,Field,Void
train/pd/1a6b29430dafaebd_w01.png,1a6b29430dafaebd,1,Lab,Void
train/pd/1a6b29430dafaebd_w02.png,1a6b29430dafaebd,2,Lab,Void
train/pd/1a6b29430dafaebd_w03.png,1a6b29430dafaebd,3,Lab,Void
train/pd/1a6b29430dafaebd_w09.png,1a6b29430dafaebd,9,Lab,Void
train/pd/1a6b29430dafaebd_w10.png,1a6b29430dafaebd,10,Lab,Void
train/pd/1a6b29430dafaebd_w14.png,1a6b29430dafaebd,14,Lab,Void
train/pd/1a6b29430dafaebd_w20.png,1a6b29430dafaebd,20,Lab,Void
train/pd/1a6b29430dafaebd_w26.png,1a6b29430dafaebd,26,Lab,Void
train/pd/1ade9869c1b12175_w00.png,1ade9869c1b12175,0,Lab,Floating
train/pd/1ade9869c1b12175_w03.png,1ade9869c1b12175,3,Lab,Floating
train/pd/1ade9869c1b12175_w13.png,1ade9869c1b12175,13,Lab,Floating
train/pd/1ade9869c1b12175_w15.png,1ade9869c1b12175,15,Lab,Floating
train/pd/1ade9869c1b12175_w16.png,1ade9869c1b12175,16,Lab,Floating
train/pd/1ade9869c1b12175_w21.png,1ade9869c1b12175,21,Lab,Floating
train/pd/1ade9869c1b12175_w25.png,1ade9869c1b12175,25,Lab,Floating
train/pd/1ade9869c1b12175_w26.png,1ade9869c1b12175,26,Lab,Floating
train/pd/1ae9cd7993b8a738_w01.png,1ae9cd7993b8a738,1,Lab,Void
train/pd/1ae9cd7993b8a738_w03.png,1ae9cd7993b8a738,3,Lab,Void
train/pd/1ae9cd7993b8a738_w04.png,1ae9cd7993b8a738,4,Lab,Void
train/pd/1ae9cd7993b8a738_w06.png,1ae9cd7993b8a738,6,Lab,Void
train/pd/1ae9cd7993b8a738_w09.png,1ae9cd7993b8a738,9,Lab,Void
train/pd/1ae9cd7993b8a738_w11.png,1ae9cd7993b8a738,11,Lab,Void
train/pd/1ae9cd7993b8a738_w13.png,1ae9cd7993b8a738,13,Lab,Void
train/pd/1ae9cd7993b8a738_w25.png,1ae9cd7993b8a738,25,Lab,Void
train/pd/1b09ebd27c99b548_w03.png,1b09ebd27c99b548,3,Lab,Void
train/pd/1b09ebd27c99b548_w04.png,1b09ebd27c99b548,4,Lab,Void
train/pd/1b09ebd27c99b548_w12.png,1b09ebd27c99b548,12,Lab,Void
train/pd/1b09ebd27c99b548_w15.png,1b09ebd27c99b548,15,Lab,Void
train/pd/1b09ebd27c99b548_w16.png,1b09ebd27c99b548,16,Lab,Void
train/pd/1b09ebd27c99b548_w21.png,1b09ebd27c99b548,21,Lab,Void
train/pd/1b09ebd27c99b548_w23.png,1b09ebd27c99b548,23,Lab,Void
train/pd/1b09ebd27c99b548_w24.png,1b09ebd27c99b548,24,Lab,Void
train/pd/1b32dfbd59915ca9_w02.png,1b32dfbd59915ca9,2,Lab,Void
train/pd/1b32dfbd59915ca9_w04.png,1b32dfbd59915ca9,4,Lab,Void
train/pd/1b32dfbd59915ca9_w05.png,1b32dfbd59915ca9,5,Lab,Void
train/pd/1b32dfbd59915ca9_w09.png,1b32dfbd59915ca9,9,Lab,Void
train/pd/1b32dfbd59915ca9_w10.png,1b32dfbd59915ca9,10,Lab,Void
train/pd/1b32dfbd59915ca9_w11.png,1b32dfbd59915ca9,11,Lab,Void
train/pd/1b32dfbd59915ca9_w17.png,1b32dfbd59915ca9,17,Lab,Void
train/pd/1b32dfbd59915ca9_w26.png,1b32dfbd59915ca9,26,Lab,Void
train/pd/1b56de791ca65521_w02.png,1b56de791ca65521,2,Lab,Corona
train/pd/1b56de791ca65521_w06.png,1b56de791ca65521,6,Lab,Corona
train/pd/1b56de791ca65521_w12.png,1b56de791ca65521,12,Lab,Corona
train/pd/1b56de791ca65521_w15.png,1b56de791ca65521,15,Lab,Corona
train/pd/1b56de791ca65521_w20.png,1b56de791ca65521,20,Lab,Corona
train/pd/1b56de791ca65521_w22.png,1b56de791ca65521,22,Lab,Corona
train/pd/1b56de791ca65521_w23.png,1b56de791ca65521,23,Lab,Corona
train/pd/1b56de791ca65521_w24.png,1b56de791ca65521,24,Lab,Corona
train/pd/1b677bd6ee23c382_w00.png,1b677bd6ee23c382,0,Field,Void
train/pd/1b677bd6ee23c382_w02.png,1b677bd6ee23c382,2,Field,Void
train/pd/1b677bd6ee23c382_w11.png,1b677bd6ee23c382,11,Field,Void
train/pd/1b677bd6ee23c382_w15.png,1b677bd6ee23c382,15,Field,Void
train/pd/1b677bd6ee23c382_w16.png,1b677bd6ee23c382,16,Field,Void
train/pd/1b677bd6ee23c382_w18.png,1b677bd6ee23c382,18,Field,Void
train/pd/1b677bd6ee23c382_w25.png,1b677bd6ee23c382,25,Field,Void
train/pd/1b677bd6ee23c382_w26.png,1b677bd6ee23c382,26,Field,Void
train/pd/1b7f1fcfe84af99b_w04.png,1b7f1fcfe84af99b,4,Lab,Particle
train/pd/1b7f1fcfe84af99b_w05.png,1b7f1fcfe84af99b,5,Lab,Particle
train/pd/1b7f1fcfe84af99b_w11.png,1b7f1fcfe84af99b,11,Lab,Particle
train/pd/1b7f1fcfe84af99b_w14.png,1b7f1fcfe84af99b,14,Lab,Particle
train/pd/1b7f1fcfe84af99b_w15.png,1b7f1fcfe84af99b,15,Lab,Particle
train/pd/1b7f1fcfe84af99b_w16.png,1b7f1fcfe84af99b,16,Lab,Particle
train/pd/1b7f1fcfe84af99b_w18.png,1b7f1fcfe84af99b,18,Lab,Particle
train/pd/1b7f1fcfe84af99b_w23.png,1b7f1fcfe84af99b,23,Lab,Particle
train/pd/1bd941f6b209140a_w00.png,1bd941f6b209140a,0,Lab,Void
train/pd/1bd941f6b209140a_w02.png,1bd941f6b209140a,2,Lab,Void
train/pd/1bd941f6b209140a_w05.png,1bd941f6b209140a,5,Lab,Void
train/pd/1bd941f6b209140a_w18.png,1bd941f6b209140a,18,Lab,Void
train/pd/1bd941f6b209140a_w22.png,1bd941f6b209140a,22,Lab,Void
train/pd/1bd941f6b209140a_w23.png,1bd941f6b209140a,23,Lab,Void
train/pd/1bd941f6b209140a_w25.png,1bd941f6b209140a,25,Lab,Void
train/pd/1bd941f6b209140a_w27.png,1bd941f6b209140a,27,Lab,Void
train/pd/1bea5923e4645cdb_w03.png,1bea5923e4645cdb,3,Lab,Void
train/pd/1bea5923e4645cdb_w04.png,1bea5923e4645cdb,4,Lab,Void
train/pd/1bea5923e4645cdb_w08.png,1bea5923e4645cdb,8,Lab,Void
train/pd/1bea5923e4645cdb_w12.png,1bea5923e4645cdb,12,Lab,Void
train/pd/1bea5923e4645cdb_w16.png,1bea5923e4645cdb,16,Lab,Void
train/pd/1bea5923e4645cdb_w20.png,1bea5923e4645cdb,20,Lab,Void
train/pd/1bea5923e4645cdb_w24.png,1bea5923e4645cdb,24,Lab,Void
train/pd/1bea5923e4645cdb_w27.png,1bea5923e4645cdb,27,Lab,Void
train/pd/1bea6f82bd139b8d_w00.png,1bea6f82bd139b8d,0,Lab,Void
train/pd/1bea6f82bd139b8d_w02.png,1bea6f82bd139b8d,2,Lab,Void
train/pd/1bea6f82bd139b8d_w03.png,1bea6f82bd139b8d,3,Lab,Void
train/pd/1bea6f82bd139b8d_w04.png,1bea6f82bd139b8d,4,Lab,Void
train/pd/1bea6f82bd139b8d_w07.png,1bea6f82bd139b8d,7,Lab,Void
train/pd/1bea6f82bd139b8d_w10.png,1bea6f82bd139b8d,10,Lab,Void
train/pd/1bea6f82bd139b8d_w20.png,1bea6f82bd139b8d,20,Lab,Void
train/pd/1bea6f82bd139b8d_w26.png,1bea6f82bd139b8d,26,Lab,Void
train/pd/1bf3f336e17f05e8_w01.png,1bf3f336e17f05e8,1,Lab,Void
train/pd/1bf3f336e17f05e8_w08.png,1bf3f336e17f05e8,8,Lab,Void
train/pd/1bf3f336e17f05e8_w12.png,1bf3f336e17f05e8,12,Lab,Void
train/pd/1bf3f336e17f05e8_w15.png,1bf3f336e17f05e8,15,Lab,Void
train/pd/1bf3f336e17f05e8_w17.png,1bf3f336e17f05e8,17,Lab,Void
train/pd/1bf3f336e17f05e8_w18.png,1bf3f336e17f05e8,18,Lab,Void
train/pd/1bf3f336e17f05e8_w19.png,1bf3f336e17f05e8,19,Lab,Void
train/pd/1bf3f336e17f05e8_w26.png,1bf3f336e17f05e8,26,Lab,Void
train/pd/1bfc8547be5a544c_w02.png,1bfc8547be5a544c,2,Field,Void
train/pd/1bfc8547be5a544c_w04.png,1bfc8547be5a544c,4,Field,Void
train/pd/1bfc8547be5a544c_w07.png,1bfc8547be5a544c,7,Field,Void
train/pd/1bfc8547be5a544c_w09.png,1bfc8547be5a544c,9,Field,Void
train/pd/1bfc8547be5a544c_w12.png,1bfc8547be5a544c,12,Field,Void
train/pd/1bfc8547be5a544c_w14.png,1bfc8547be5a544c,14,Field,Void
train/pd/1bfc8547be5a544c_w24.png,1bfc8547be5a544c,24,Field,Void
train/pd/1bfc8547be5a544c_w27.png,1bfc8547be5a544c,27,Field,Void
train/pd/1c378e32193abd43_w08.png,1c378e32193abd43,8,Field,Void
train/pd/1c378e32193abd43_w10.png,1c378e32193abd43,10,Field,Void
train/pd/1c378e32193abd43_w12.png,1c378e32193abd43,12,Field,Void
train/pd/1c378e32193abd43_w15.png,1c378e32193abd43,15,Field,Void
train/pd/1c378e32193abd43_w16.png,1c378e32193abd43,16,Field,Void
train/pd/1c378e32193abd43_w17.png,1c378e32193abd43,17,Field,Void
train/pd/1c378e32193abd43_w24.png,1c378e32193abd43,24,Field,Void
train/pd/1c378e32193abd43_w26.png,1c378e32193abd43,26,Field,Void
train/pd/1caa8df3ee3b8d3c_w00.png,1caa8df3ee3b8d3c,0,Lab,Particle
train/pd/1caa8df3ee3b8d3c_w04.png,1caa8df3ee3b8d3c,4,Lab,Particle
train/pd/1caa8df3ee3b8d3c_w07.png,1caa8df3ee3b8d3c,7,Lab,Particle
train/pd/1caa8df3ee3b8d3c_w11.png,1caa8df3ee3b8d3c,11,Lab,Particle
train/pd/1caa8df3ee3b8d3c_w15.png,1caa8df3ee3b8d3c,15,Lab,Particle
train/pd/1caa8df3ee3b8d3c_w17.png,1caa8df3ee3b8d3c,17,Lab,Particle
train/pd/1caa8df3ee3b8d3c_w21.png,1caa8df3ee3b8d3c,21,Lab,Particle
train/pd/1caa8df3ee3b8d3c_w24.png,1caa8df3ee3b8d3c,24,Lab,Particle
train/pd/1cb8766953954f75_w02.png,1cb8766953954f75,2,Lab,Corona
train/pd/1cb8766953954f75_w06.png,1cb8766953954f75,6,Lab,Corona
train/pd/1cb8766953954f75_w14.png,1cb8766953954f75,14,Lab,Corona
train/pd/1cb8766953954f75_w15.png,1cb8766953954f75,15,Lab,Corona
train/pd/1cb8766953954f75_w16.png,1cb8766953954f75,16,Lab,Corona
train/pd/1cb8766953954f75_w17.png,1cb8766953954f75,17,Lab,Corona
train/pd/1cb8766953954f75_w19.png,1cb8766953954f75,19,Lab,Corona
train/pd/1cb8766953954f75_w21.png,1cb8766953954f75,21,Lab,Corona
train/pd/1cf8d5daa9e956f1_w01.png,1cf8d5daa9e956f1,1,Field,Floating
train/pd/1cf8d5daa9e956f1_w02.png,1cf8d5daa9e956f1,2,Field,Floating
train/pd/1cf8d5daa9e956f1_w04.png,1cf8d5daa9e956f1,4,Field,Floating
train/pd/1cf8d5daa9e956f1_w10.png,1cf8d5daa9e956f1,10,Field,Floating
train/pd/1cf8d5daa9e956f1_w15.png,1cf8d5daa9e956f1,15,Field,Floating
train/pd/1cf8d5daa9e956f1_w20.png,1cf8d5daa9e956f1,20,Field,Floating
train/pd/1cf8d5daa9e956f1_w21.png,1cf8d5daa9e956f1,21,Field,Floating
train/pd/1cf8d5daa9e956f1_w24.png,1cf8d5daa9e956f1,24,Field,Floating
train/pd/1d32a03c3b8801e5_w02.png,1d32a03c3b8801e5,2,Lab,Particle
train/pd/1d32a03c3b8801e5_w09.png,1d32a03c3b8801e5,9,Lab,Particle
train/pd/1d32a03c3b8801e5_w12.png,1d32a03c3b8801e5,12,Lab,Particle
train/pd/1d32a03c3b8801e5_w13.png,1d32a03c3b8801e5,13,Lab,Particle
train/pd/1d32a03c3b8801e5_w14.png,1d32a03c3b8801e5,14,Lab,Particle
train/pd/1d32a03c3b8801e5_w20.png,1d32a03c3b8801e5,20,Lab,Particle
train/pd/1d32a03c3b8801e5_w21.png,1d32a03c3b8801e5,21,Lab,Particle
train/pd/1d32a03c3b8801e5_w22.png,1d32a03c3b8801e5,22,Lab,Particle
train/pd/1d3383d234d85ed5_w02.png,1d3383d234d85ed5,2,Field,Void
train/pd/1d3383d234d85ed5_w08.png,1d3383d234d85ed5,8,Field,Void
train/pd/1d3383d234d85ed5_w10.png,1d3383d234d85ed5,10,Field,Void
train/pd/1d3383d234d85ed5_w13.png,1d3383d234d85ed5,13,Field,Void
train/pd/1d3383d234d85ed5_w14.png,1d3383d234d85ed5,14,Field,Void
train/pd/1d3383d234d85ed5_w20.png,1d3383d234d85ed5,20,Field,Void
train/pd/1d3383d234d85ed5_w23.png,1d3383d234d85ed5,23,Field,Void
train/pd/1d3383d234d85ed5_w27.png,1d3383d234d85ed5,27,Field,Void
train/pd/1d847d244a423b7e_w01.png,1d847d244a423b7e,1,Lab,Void
train/pd/1d847d244a423b7e_w02.png,1d847d244a423b7e,2,Lab,Void
train/pd/1d847d244a423b7e_w07.png,1d847d244a423b7e,7,Lab,Void
train/pd/1d847d244a423b7e_w09.png,1d847d244a423b7e,9,Lab,Void
train/pd/1d847d244a423b7e_w17.png,1d847d244a423b7e,17,Lab,Void
train/pd/1d847d244a423b7e_w21.png,1d847d244a423b7e,21,Lab,Void
train/pd/1d847d244a423b7e_w22.png,1d847d244a423b7e,22,Lab,Void
train/pd/1d847d244a423b7e_w24.png,1d847d244a423b7e,24,Lab,Void
train/pd/1da03da3854c62a6_w01.png,1da03da3854c62a6,1,Field,Corona
train/pd/1da03da3854c62a6_w02.png,1da03da3854c62a6,2,Field,Corona
train/pd/1da03da3854c62a6_w03.png,1da03da3854c62a6,3,Field,Corona
train/pd/1da03da3854c62a6_w08.png,1da03da3854c62a6,8,Field,Corona
train/pd/1da03da3854c62a6_w09.png,1da03da3854c62a6,9,Field,Corona
train/pd/1da03da3854c62a6_w12.png,1da03da3854c62a6,12,Field,Corona
train/pd/1da03da3854c62a6_w24.png,1da03da3854c62a6,24,Field,Corona
train/pd/1da03da3854c62a6_w26.png,1da03da3854c62a6,26,Field,Corona
train/pd/1db39f2979b7310d_w03.png,1db39f2979b7310d,3,Lab,Floating
train/pd/1db39f2979b7310d_w04.png,1db39f2979b7310d,4,Lab,Floating
train/pd/1db39f2979b7310d_w06.png,1db39f2979b7310d,6,Lab,Floating
train/pd/1db39f2979b7310d_w10.png,1db39f2979b7310d,10,Lab,Floating
train/pd/1db39f2979b7310d_w11.png,1db39f2979b7310d,11,Lab,Floating
train/pd/1db39f2979b7310d_w12.png,1db39f2979b7310d,12,Lab,Floating
train/pd/1db39f2979b7310d_w21.png,1db39f2979b7310d,21,Lab,Floating
train/pd/1db39f2979b7310d_w23.png,1db39f2979b7310d,23,Lab,Floating
train/pd/1e3f140bcf27168f_w00.png,1e3f140bcf27168f,0,Lab,Void
train/pd/1e3f140bcf27168f_w05.png,1e3f140bcf27168f,5,Lab,Void
train/pd/1e3f140bcf27168f_w09.png,1e3f140bcf27168f,9,Lab,Void
train/pd/1e3f140bcf27168f_w15.png,1e3f140bcf27168f,15,Lab,Void
train/pd/1e3f140bcf27168f_w17.png,1e3f140bcf27168f,17,Lab,Void
train/pd/1e3f140bcf27168f_w19.png,1e3f140bcf27168f,19,Lab,Void
train/pd/1e3f140bcf27168f_w20.png,1e3f140bcf27168f,20,Lab,Void
train/pd/1e3f140bcf27168f_w22.png,1e3f140bcf27168f,22,Lab,Void
train/pd/1e41f6197aedb9da_w01.png,1e41f6197aedb9da,1,Lab,Floating
train/pd/1e41f6197aedb9da_w07.png,1e41f6197aedb9da,7,Lab,Floating
train/pd/1e41f6197aedb9da_w08.png,1e41f6197aedb9da,8,Lab,Floating
train/pd/1e41f6197aedb9da_w09.png,1e41f6197aedb9da,9,Lab,Floating
train/pd/1e41f6197aedb9da_w12.png,1e41f6197aedb9da,12,Lab,Floating
train/pd/1e41f6197aedb9da_w13.png,1e41f6197aedb9da,13,Lab,Floating
train/pd/1e41f6197aedb9da_w18.png,1e41f6197aedb9da,18,Lab,Floating
train/pd/1e41f6197aedb9da_w21.png,1e41f6197aedb9da,21,Lab,Floating
train/pd/1e420344bbcc755f_w00.png,1e420344bbcc755f,0,Lab,Void
train/pd/1e420344bbcc755f_w01.png,1e420344bbcc755f,1,Lab,Void
train/pd/1e420344bbcc755f_w03.png,1e420344bbcc755f,3,Lab,Void
train/pd/1e420344bbcc755f_w04.png,1e420344bbcc755f,4,Lab,Void
train/pd/1e420344bbcc755f_w08.png,1e420344bbcc755f,8,Lab,Void
train/pd/1e420344bbcc755f_w15.png,1e420344bbcc755f,15,Lab,Void
train/pd/1e420344bbcc755f_w17.png,1e420344bbcc755f,17,Lab,Void
train/pd/1e420344bbcc755f_w20.png,1e420344bbcc755f,20,Lab,Void
train/pd/1e76a9b7805f6fe1_w02.png,1e76a9b7805f6fe1,2,Lab,Void
train/pd/1e76a9b7805f6fe1_w03.png,1e76a9b7805f6fe1,3,Lab,Void
train/pd/1e76a9b7805f6fe1_w04.png,1e76a9b7805f6fe1,4,Lab,Void
train/pd/1e76a9b7805f6fe1_w07.png,1e76a9b7805f6fe1,7,Lab,Void
train/pd/1e76a9b7805f6fe1_w11.png,1e76a9b7805f6fe1,11,Lab,Void
train/pd/1e76a9b7805f6fe1_w16.png,1e76a9b7805f6fe1,16,Lab,Void
train/pd/1e76a9b7805f6fe1_w22.png,1e76a9b7805f6fe1,22,Lab,Void
train/pd/1e76a9b7805f6fe1_w26.png,1e76a9b7805f6fe1,26,Lab,Void
train/pd/1e7bcdc6b089bf0e_w05.png,1e7bcdc6b089bf0e,5,Field,Void
train/pd/1e7bcdc6b089bf0e_w07.png,1e7bcdc6b089bf0e,7,Field,Void
train/pd/1e7bcdc6b089bf0e_w09.png,1e7bcdc6b089bf0e,9,Field,Void
train/pd/1e7bcdc6b089bf0e_w10.png,1e7bcdc6b089bf0e,10,Field,Void
train/pd/1e7bcdc6b089bf0e_w15.png,1e7bcdc6b089bf0e,15,Field,Void
train/pd/1e7bcdc6b089bf0e_w16.png,1e7bcdc6b089bf0e,16,Field,Void
train/pd/1e7bcdc6b089bf0e_w22.png,1e7bcdc6b089bf0e,22,Field,Void
train/pd/1e7bcdc6b089bf0e_w23.png,1e7bcdc6b089bf0e,23,Field,Void
train/pd/1ebde1426205c3fe_w00.png,1ebde1426205c3fe,0,Lab,Floating
train/pd/1ebde1426205c3fe_w05.png,1ebde1426205c3fe,5,Lab,Floating
train/pd/1ebde1426205c3fe_w10.png,1ebde1426205c3fe,10,Lab,Floating
train/pd/1ebde1426205c3fe_w11.png,1ebde1426205c3fe,11,Lab,Floating
train/pd/1ebde1426205c3fe_w15.png,1ebde1426205c3fe,15,Lab,Floating
train/pd/1ebde1426205c3fe_w20.png,1ebde1426205c3fe,20,Lab,Floating
train/pd/1ebde1426205c3fe_w25.png,1ebde1426205c3fe,25,Lab,Floating
train/pd/1ebde1426205c3fe_w26.png,1ebde1426205c3fe,26,Lab,Floating
train/pd/1ef27ef24fa7dad0_w06.png,1ef27ef24fa7dad0,6,Lab,Void
train/pd/1ef27ef24fa7dad0_w07.png,1ef27ef24fa7dad0,7,Lab,Void
train/pd/1ef27ef24fa7dad0_w09.png,1ef27ef24fa7dad0,9,Lab,Void
train/pd/1ef27ef24fa7dad0_w12.png,1ef27ef24fa7dad0,12,Lab,Void
train/pd/1ef27ef24fa7dad0_w14.png,1ef27ef24fa7dad0,14,Lab,Void
train/pd/1ef27ef24fa7dad0_w21.png,1ef27ef24fa7dad0,21,Lab,Void
train/pd/1ef27ef24fa7dad0_w22.png,1ef27ef24fa7dad0,22,Lab,Void
train/pd/1ef27ef24fa7dad0_w27.png,1ef27ef24fa7dad0,27,Lab,Void
train/pd/1f1e1e1e47dd32bb_w03.png,1f1e1e1e47dd32bb,3,Lab,Void
train/pd/1f1e1e1e47dd32bb_w04.png,1f1e1e1e47dd32bb,4,Lab,Void
train/pd/1f1e1e1e47dd32bb_w07.png,1f1e1e1e47dd32bb,7,Lab,Void
train/pd/1f1e1e1e47dd32bb_w08.png,1f1e1e1e47dd32bb,8,Lab,Void
train/pd/1f1e1e1e47dd32bb_w14.png,1f1e1e1e47dd32bb,14,Lab,Void
train/pd/1f1e1e1e47dd32bb_w17.png,1f1e1e1e47dd32bb,17,Lab,Void
train/pd/1f1e1e1e47dd32bb_w19.png,1f1e1e1e47dd32bb,19,Lab,Void
train/pd/1f1e1e1e47dd32bb_w24.png,1f1e1e1e47dd32bb,24,Lab,Void
train/pd/1f6b6655acf96cf4_w00.png,1f6b6655acf96cf4,0,Lab,Void
train/pd/1f6b6655acf96cf4_w01.png,1f6b6655acf96cf4,1,Lab,Void
train/pd/1f6b6655acf96cf4_w07.png,1f6b6655acf96cf4,7,Lab,Void
train/pd/1f6b6655acf96cf4_w10.png,1f6b6655acf96cf4,10,Lab,Void
train/pd/1f6b6655acf96cf4_w13.png,1f6b6655acf96cf4,13,Lab,Void
train/pd/1f6b6655acf96cf4_w21.png,1f6b6655acf96cf4,21,Lab,Void
train/pd/1f6b6655acf96cf4_w24.png,1f6b6655acf96cf4,24,Lab,Void
train/pd/1f6b6655acf96cf4_w25.png,1f6b6655acf96cf4,25,Lab,Void
train/pd/1f936d693befa53f_w00.png,1f936d693befa53f,0,Lab,Floating
train/pd/1f936d693befa53f_w01.png,1f936d693befa53f,1,Lab,Floating
train/pd/1f936d693befa53f_w04.png,1f936d693befa53f,4,Lab,Floating
train/pd/1f936d693befa53f_w12.png,1f936d693befa53f,12,Lab,Floating
train/pd/1f936d693befa53f_w21.png,1f936d693befa53f,21,Lab,Floating
train/pd/1f936d693befa53f_w23.png,1f936d693befa53f,23,Lab,Floating
train/pd/1f936d693befa53f_w24.png,1f936d693befa53f,24,Lab,Floating
train/pd/1f936d693befa53f_w25.png,1f936d693befa53f,25,Lab,Floating
train/pd/1faba984c321104e_w04.png,1faba984c321104e,4,Field,Floating
train/pd/1faba984c321104e_w09.png,1faba984c321104e,9,Field,Floating
train/pd/1faba984c321104e_w10.png,1faba984c321104e,10,Field,Floating
train/pd/1faba984c321104e_w11.png,1faba984c321104e,11,Field,Floating
train/pd/1faba984c321104e_w17.png,1faba984c321104e,17,Field,Floating
train/pd/1faba984c321104e_w20.png,1faba984c321104e,20,Field,Floating
train/pd/1faba984c321104e_w25.png,1faba984c321104e,25,Field,Floating
train/pd/1faba984c321104e_w26.png,1faba984c321104e,26,Field,Floating
train/pd/1fbae17918161be9_w03.png,1fbae17918161be9,3,Lab,Void
train/pd/1fbae17918161be9_w05.png,1fbae17918161be9,5,Lab,Void
train/pd/1fbae17918161be9_w06.png,1fbae17918161be9,6,Lab,Void
train/pd/1fbae17918161be9_w12.png,1fbae17918161be9,12,Lab,Void
train/pd/1fbae17918161be9_w20.png,1fbae17918161be9,20,Lab,Void
train/pd/1fbae17918161be9_w22.png,1fbae17918161be9,22,Lab,Void
train/pd/1fbae17918161be9_w24.png,1fbae17918161be9,24,Lab,Void
train/pd/1fbae17918161be9_w27.png,1fbae17918161be9,27,Lab,Void
train/pd/1fbdec13116b776b_w06.png,1fbdec13116b776b,6,Lab,Void
train/pd/1fbdec13116b776b_w07.png,1fbdec13116b776b,7,Lab,Void
train/pd/1fbdec13116b776b_w08.png,1fbdec13116b776b,8,Lab,Void
train/pd/1fbdec13116b776b_w09.png,1fbdec13116b776b,9,Lab,Void
train/pd/1fbdec13116b776b_w15.png,1fbdec13116b776b,15,Lab,Void
train/pd/1fbdec13116b776b_w17.png,1fbdec13116b776b,17,Lab,Void
train/pd/1fbdec13116b776b_w18.png,1fbdec13116b776b,18,Lab,Void
train/pd/1fbdec13116b776b_w22.png,1fbdec13116b776b,22,Lab,Void
train/pd/1ff74f6c43b34c30_w01.png,1ff74f6c43b34c30,1,Lab,Corona
train/pd/1ff74f6c43b34c30_w04.png,1ff74f6c43b34c30,4,Lab,Corona
train/pd/1ff74f6c43b34c30_w09.png,1ff74f6c43b34c30,9,Lab,Corona
train/pd/1ff74f6c43b34c30_w12.png,1ff74f6c43b34c30,12,Lab,Corona
train/pd/1ff74f6c43b34c30_w13.png,1ff74f6c43b34c30,13,Lab,Corona
train/pd/1ff74f6c43b34c30_w18.png,1ff74f6c43b34c30,18,Lab,Corona
train/pd/1ff74f6c43b34c30_w20.png,1ff74f6c43b34c30,20,Lab,Corona
train/pd/1ff74f6c43b34c30_w24.png,1ff74f6c43b34c30,24,Lab,Corona
train/pd/202c0949fddea68b_w00.png,202c0949fddea68b,0,Field,Floating
train/pd/202c0949fddea68b_w04.png,202c0949fddea68b,4,Field,Floating
train/pd/202c0949fddea68b_w11.png,202c0949fddea68b,11,Field,Floating
train/pd/202c0949fddea68b_w15.png,202c0949fddea68b,15,Field,Floating
train/pd/202c0949fddea68b_w16.png,202c0949fddea68b,16,Field,Floating
train/pd/202c0949fddea68b_w19.png,202c0949fddea68b,19,Field,Floating
train/pd/202c0949fddea68b_w20.png,202c0949fddea68b,20,Field,Floating
train/pd/202c0949fddea68b_w21.png,202c0949fddea68b,21,Field,Floating
train/pd/2030f9e6eaa32df1_w00.png,2030f9e6eaa32df1,0,Lab,Particle
train/pd/2030f9e6eaa32df1_w01.png,2030f9e6eaa32df1,1,Lab,Particle
train/pd/2030f9e6eaa32df1_w07.png,2030f9e6eaa32df1,7,Lab,Particle
train/pd/2030f9e6eaa32df1_w12.png,2030f9e6eaa32df1,12,Lab,Particle
train/pd/2030f9e6eaa32df1_w15.png,2030f9e6eaa32df1,15,Lab,Particle
train/pd/2030f9e6eaa32df1_w18.png,2030f9e6eaa32df1,18,Lab,Particle
train/pd/2030f9e6eaa32df1_w25.png,2030f9e6eaa32df1,25,Lab,Particle
train/pd/2030f9e6eaa32df1_w27.png,2030f9e6eaa32df1,27,Lab,Particle
train/pd/206464f041e361c5_w01.png,206464f041e361c5,1,Lab,Void
train/pd/206464f041e361c5_w05.png,206464f041e361c5,5,Lab,Void
train/pd/206464f041e361c5_w07.png,206464f041e361c5,7,Lab,Void
train/pd/206464f041e361c5_w12.png,206464f041e361c5,12,Lab,Void
train/pd/206464f041e361c5_w14.png,206464f041e361c5,14,Lab,Void
train/pd/206464f041e361c5_w17.png,206464f041e361c5,17,Lab,Void
train/pd/206464f041e361c5_w22.png,206464f041e361c5,22,Lab,Void
train/pd/206464f041e361c5_w26.png,206464f041e361c5,26,Lab,Void
train/pd/208ba238e479fb10_w07.png,208ba238e479fb10,7,Field,Void
train/pd/208ba238e479fb10_w13.png,208ba238e479fb10,13,Field,Void
train/pd/208ba238e479fb10_w18.png,208ba238e479fb10,18,Field,Void
train/pd/208ba238e479fb10_w19.png,208ba238e479fb10,19,Field,Void
train/pd/208ba238e479fb10_w21.png,208ba238e479fb10,21,Field,Void
train/pd/208ba238e479fb10_w23.png,208ba238e479fb10,23,Field,Void
train/pd/208ba238e479fb10_w26.png,208ba238e479fb10,26,Field,Void
train/pd/208ba238e479fb10_w27.png,208ba238e479fb10,27,Field,Void
train/pd/208f34c9b1a06a7b_w00.png,208f34c9b1a06a7b,0,Lab,Corona
train/pd/208f34c9b1a06a7b_w04.png,208f34c9b1a06a7b,4,Lab,Corona
train/pd/208f34c9b1a06a7b_w05.png,208f34c9b1a06a7b,5,Lab,Corona
train/pd/208f34c9b1a06a7b_w13.png,208f34c9b1a06a7b,13,Lab,Corona
train/pd/208f34c9b1a06a7b_w16.png,208f34c9b1a06a7b,16,Lab,Corona
train/pd/208f34c9b1a06a7b_w18.png,208f34c9b1a06a7b,18,Lab,Corona
train/pd/208f34c9b1a06a7b_w25.png,208f34c9b1a06a7b,25,Lab,Corona
train/pd/208f34c9b1a06a7b_w27.png,208f34c9b1a06a7b,27,Lab,Corona
train/pd/20dcc76c0bc03721_w01.png,20dcc76c0bc03721,1,Lab,Particle
train/pd/20dcc76c0bc03721_w03.png,20dcc76c0bc03721,3,Lab,Particle
train/pd/20dcc76c0bc03721_w05.png,20dcc76c0bc03721,5,Lab,Particle
train/pd/20dcc76c0bc03721_w06.png,20dcc76c0bc03721,6,Lab,Particle
train/pd/20dcc76c0bc03721_w08.png,20dcc76c0bc03721,8,Lab,Particle
train/pd/20dcc76c0bc03721_w23.png,20dcc76c0bc03721,23,Lab,Particle
train/pd/20dcc76c0bc03721_w24.png,20dcc76c0bc03721,24,Lab,Particle
train/pd/20dcc76c0bc03721_w27.png,20dcc76c0bc03721,27,Lab,Particle
train/pd/211c6867b836a3db_w00.png,211c6867b836a3db,0,Lab,Particle
train/pd/211c6867b836a3db_w01.png,211c6867b836a3db,1,Lab,Particle
train/pd/211c6867b836a3db_w08.png,211c6867b836a3db,8,Lab,Particle
train/pd/211c6867b836a3db_w19.png,211c6867b836a3db,19,Lab,Particle
train/pd/211c6867b836a3db_w21.png,211c6867b836a3db,21,Lab,Particle
train/pd/211c6867b836a3db_w22.png,211c6867b836a3db,22,Lab,Particle
train/pd/211c6867b836a3db_w23.png,211c6867b836a3db,23,Lab,Particle
train/pd/211c6867b836a3db_w26.png,211c6867b836a3db,26,Lab,Particle
train/pd/21566c3a973e1737_w00.png,21566c3a973e1737,0,Lab,Particle
train/pd/21566c3a973e1737_w03.png,21566c3a973e1737,3,Lab,Particle
train/pd/21566c3a973e1737_w06.png,21566c3a973e1737,6,Lab,Particle
train/pd/21566c3a973e1737_w07.png,21566c3a973e1737,7,Lab,Particle
train/pd/21566c3a973e1737_w19.png,21566c3a973e1737,19,Lab,Particle
train/pd/21566c3a973e1737_w20.png,21566c3a973e1737,20,Lab,Particle
train/pd/21566c3a973e1737_w22.png,21566c3a973e1737,22,Lab,Particle
train/pd/21566c3a973e1737_w23.png,21566c3a973e1737,23,Lab,Particle
train/pd/216f3504d0609878_w03.png,216f3504d0609878,3,Lab,Floating
train/pd/216f3504d0609878_w04.png,216f3504d0609878,4,Lab,Floating
train/pd/216f3504d0609878_w06.png,216f3504d0609878,6,Lab,Floating
train/pd/216f3504d0609878_w08.png,216f3504d0609878,8,Lab,Floating
train/pd/216f3504d0609878_w17.png,216f3504d0609878,17,Lab,Floating
train/pd/216f3504d0609878_w18.png,216f3504d0609878,18,Lab,Floating
train/pd/216f3504d0609878_w19.png,216f3504d0609878,19,Lab,Floating
train/pd/216f3504d0609878_w22.png,216f3504d0609878,22,Lab,Floating
train/pd/2198989bf74f1e70_w00.png,2198989bf74f1e70,0,Lab,Particle
train/pd/2198989bf74f1e70_w03.png,2198989bf74f1e70,3,Lab,Particle
train/pd/2198989bf74f1e70_w05.png,2198989bf74f1e70,5,Lab,Particle
train/pd/2198989bf74f1e70_w08.png,2198989bf74f1e70,8,Lab,Particle
train/pd/2198989bf74f1e70_w22.png,2198989bf74f1e70,22,Lab,Particle
train/pd/2198989bf74f1e70_w23.png,2198989bf74f1e70,23,Lab,Particle
train/pd/2198989bf74f1e70_w25.png,2198989bf74f1e70,25,Lab,Particle
train/pd/2198989bf74f1e70_w26.png,2198989bf74f1e70,26,Lab,Particle
train/pd/21b2cd88d8583515_w01.png,21b2cd88d8583515,1,Lab,Floating
train/pd/21b2cd88d8583515_w06.png,21b2cd88d8583515,6,Lab,Floating
train/pd/21b2cd88d8583515_w09.png,21b2cd88d8583515,9,Lab,Floating
train/pd/21b2cd88d8583515_w14.png,21b2cd88d8583515,14,Lab,Floating
train/pd/21b2cd88d8583515_w22.png,21b2cd88d8583515,22,Lab,Floating
train/pd/21b2cd88d8583515_w24.png,21b2cd88d8583515,24,Lab,Floating
train/pd/21b2cd88d8583515_w26.png,21b2cd88d8583515,26,Lab,Floating
train/pd/21b2cd88d8583515_w27.png,21b2cd88d8583515,27,Lab,Floating
train/pd/21bf76e93743536e_w03.png,21bf76e93743536e,3,Field,Void
train/pd/21bf76e93743536e_w04.png,21bf76e93743536e,4,Field,Void
train/pd/21bf76e93743536e_w06.png,21bf76e93743536e,6,Field,Void
train/pd/21bf76e93743536e_w07.png,21bf76e93743536e,7,Field,Void
train/pd/21bf76e93743536e_w09.png,21bf76e93743536e,9,Field,Void
train/pd/21bf76e93743536e_w15.png,21bf76e93743536e,15,Field,Void
train/pd/21bf76e93743536e_w20.png,21bf76e93743536e,20,Field,Void
train/pd/21bf76e93743536e_w25.png,21bf76e93743536e,25,Field,Void
train/pd/2232408eacd406f2_w04.png,2232408eacd406f2,4,Lab,Void
train/pd/2232408eacd406f2_w05.png,2232408eacd406f2,5,Lab,Void
train/pd/2232408eacd406f2_w08.png,2232408eacd406f2,8,Lab,Void
train/pd/2232408eacd406f2_w10.png,2232408eacd406f2,10,Lab,Void
train/pd/2232408eacd406f2_w12.png,2232408eacd406f2,12,Lab,Void
train/pd/2232408eacd406f2_w15.png,2232408eacd406f2,15,Lab,Void
train/pd/2232408eacd406f2_w21.png,2232408eacd406f2,21,Lab,Void
train/pd/2232408eacd406f2_w25.png,2232408eacd406f2,25,Lab,Void
train/pd/22342b245a3c574b_w02.png,22342b245a3c574b,2,Field,Floating
train/pd/22342b245a3c574b_w04.png,22342b245a3c574b,4,Field,Floating
train/pd/22342b245a3c574b_w07.png,22342b245a3c574b,7,Field,Floating
train/pd/22342b245a3c574b_w13.png,22342b245a3c574b,13,Field,Floating
train/pd/22342b245a3c574b_w14.png,22342b245a3c574b,14,Field,Floating
train/pd/22342b245a3c574b_w15.png,22342b245a3c574b,15,Field,Floating
train/pd/22342b245a3c574b_w24.png,22342b245a3c574b,24,Field,Floating
train/pd/22342b245a3c574b_w27.png,22342b245a3c574b,27,Field,Floating
train/pd/225b98a8452e2334_w00.png,225b98a8452e2334,0,Lab,Corona
train/pd/225b98a8452e2334_w06.png,225b98a8452e2334,6,Lab,Corona
train/pd/225b98a8452e2334_w13.png,225b98a8452e2334,13,Lab,Corona
train/pd/225b98a8452e2334_w14.png,225b98a8452e2334,14,Lab,Corona
train/pd/225b98a8452e2334_w18.png,225b98a8452e2334,18,Lab,Corona
train/pd/225b98a8452e2334_w21.png,225b98a8452e2334,21,Lab,Corona
train/pd/225b98a8452e2334_w22.png,225b98a8452e2334,22,Lab,Corona
train/pd/225b98a8452e2334_w26.png,225b98a8452e2334,26,Lab,Corona
train/pd/22781ea1e1b11122_w00.png,22781ea1e1b11122,0,Lab,Void
train/pd/22781ea1e1b11122_w02.png,22781ea1e1b11122,2,Lab,Void
train/pd/22781ea1e1b11122_w05.png,22781ea1e1b11122,5,Lab,Void
train/pd/22781ea1e1b11122_w09.png,22781ea1e1b11122,9,Lab,Void
train/pd/22781ea1e1b11122_w12.png,22781ea1e1b11122,12,Lab,Void
train/pd/22781ea1e1b11122_w15.png,22781ea1e1b11122,15,Lab,Void
train/pd/22781ea1e1b11122_w23.png,22781ea1e1b11122,23,Lab,Void
train/pd/22781ea1e1b11122_w26.png,22781ea1e1b11122,26,Lab,Void
train/pd/228583faddc81a52_w04.png,228583faddc81a52,4,Field,Void
train/pd/228583faddc81a52_w09.png,228583faddc81a52,9,Field,Void
train/pd/228583faddc81a52_w10.png,228583faddc81a52,10,Field,Void
train/pd/228583faddc81a52_w11.png,228583faddc81a52,11,Field,Void
train/pd/228583faddc81a52_w13.png,228583faddc81a52,13,Field,Void
train/pd/228583faddc81a52_w17.png,228583faddc81a52,17,Field,Void
train/pd/228583faddc81a52_w20.png,228583faddc81a52,20,Field,Void
train/pd/228583faddc81a52_w26.png,228583faddc81a52,26,Field,Void
train/pd/22bb2414ca420be5_w02.png,22bb2414ca420be5,2,Field,Floating
train/pd/22bb2414ca420be5_w06.png,22bb2414ca420be5,6,Field,Floating
train/pd/22bb2414ca420be5_w10.png,22bb2414ca420be5,10,Field,Floating
train/pd/22bb2414ca420be5_w11.png,22bb2414ca420be5,11,Field,Floating
train/pd/22bb2414ca420be5_w15.png,22bb2414ca420be5,15,Field,Floating
train/pd/22bb2414ca420be5_w16.png,22bb2414ca420be5,16,Field,Floating
train/pd/22bb2414ca420be5_w17.png,22bb2414ca420be5,17,Field,Floating
train/pd/22bb2414ca420be5_w23.png,22bb2414ca420be5,23,Field,Floating
train/pd/23080e03ed6b0f38_w05.png,23080e03ed6b0f38,5,Lab,Particle
train/pd/23080e03ed6b0f38_w06.png,23080e03ed6b0f38,6,Lab,Particle
train/pd/23080e03ed6b0f38_w09.png,23080e03ed6b0f38,9,Lab,Particle
train/pd/23080e03ed6b0f38_w10.png,23080e03ed6b0f38,10,Lab,Particle
train/pd/23080e03ed6b0f38_w12.png,23080e03ed6b0f38,12,Lab,Particle
train/pd/23080e03ed6b0f38_w16.png,23080e03ed6b0f38,16,Lab,Particle
train/pd/23080e03ed6b0f38_w19.png,23080e03ed6b0f38,19,Lab,Particle
train/pd/23080e03ed6b0f38_w27.png,23080e03ed6b0f38,27,Lab,Particle
train/pd/230a8ce4c23d21e9_w01.png,230a8ce4c23d21e9,1,Lab,Void
train/pd/230a8ce4c23d21e9_w06.png,230a8ce4c23d21e9,6,Lab,Void
train/pd/230a8ce4c23d21e9_w10.png,230a8ce4c23d21e9,10,Lab,Void
train/pd/230a8ce4c23d21e9_w14.png,230a8ce4c23d21e9,14,Lab,Void
train/pd/230a8ce4c23d21e9_w16.png,230a8ce4c23d21e9,16,Lab,Void
train/pd/230a8ce4c23d21e9_w25.png,230a8ce4c23d21e9,25,Lab,Void
train/pd/230a8ce4c23d21e9_w26.png,230a8ce4c23d21e9,26,Lab,Void
train/pd/230a8ce4c23d21e9_w27.png,230a8ce4c23d21e9,27,Lab,Void
train/pd/230fd3d91e5c8abe_w00.png,230fd3d91e5c8abe,0,Field,Corona
train/pd/230fd3d91e5c8abe_w02.png,230fd3d91e5c8abe,2,Field,Corona
train/pd/230fd3d91e5c8abe_w07.png,230fd3d91e5c8abe,7,Field,Corona
train/pd/230fd3d91e5c8abe_w08.png,230fd3d91e5c8abe,8,Field,Corona
train/pd/230fd3d91e5c8abe_w10.png,230fd3d91e5c8abe,10,Field,Corona
train/pd/230fd3d91e5c8abe_w13.png,230fd3d91e5c8abe,13,Field,Corona
train/pd/230fd3d91e5c8abe_w20.png,230fd3d91e5c8abe,20,Field,Corona
train/pd/230fd3d91e5c8abe_w27.png,230fd3d91e5c8abe,27,Field,Corona
train/pd/2313ec7e98c1fd67_w01.png,2313ec7e98c1fd67,1,Lab,Particle
train/pd/2313ec7e98c1fd67_w02.png,2313ec7e98c1fd67,2,Lab,Particle
train/pd/2313ec7e98c1fd67_w04.png,2313ec7e98c1fd67,4,Lab,Particle
train/pd/2313ec7e98c1fd67_w06.png,2313ec7e98c1fd67,6,Lab,Particle
train/pd/2313ec7e98c1fd67_w08.png,2313ec7e98c1fd67,8,Lab,Particle
train/pd/2313ec7e98c1fd67_w14.png,2313ec7e98c1fd67,14,Lab,Particle
train/pd/2313ec7e98c1fd67_w15.png,2313ec7e98c1fd67,15,Lab,Particle
train/pd/2313ec7e98c1fd67_w25.png,2313ec7e98c1fd67,25,Lab,Particle
train/pd/233648054a8be520_w08.png,233648054a8be520,8,Lab,Corona
train/pd/233648054a8be520_w09.png,233648054a8be520,9,Lab,Corona
train/pd/233648054a8be520_w18.png,233648054a8be520,18,Lab,Corona
train/pd/233648054a8be520_w20.png,233648054a8be520,20,Lab,Corona
train/pd/233648054a8be520_w21.png,233648054a8be520,21,Lab,Corona
train/pd/233648054a8be520_w24.png,233648054a8be520,24,Lab,Corona
train/pd/233648054a8be520_w26.png,233648054a8be520,26,Lab,Corona
train/pd/233648054a8be520_w27.png,233648054a8be520,27,Lab,Corona
train/pd/2338e738807db174_w00.png,2338e738807db174,0,Lab,Void
train/pd/2338e738807db174_w07.png,2338e738807db174,7,Lab,Void
train/pd/2338e738807db174_w09.png,2338e738807db174,9,Lab,Void
train/pd/2338e738807db174_w11.png,2338e738807db174,11,Lab,Void
train/pd/2338e738807db174_w13.png,2338e738807db174,13,Lab,Void
train/pd/2338e738807db174_w15.png,2338e738807db174,15,Lab,Void
train/pd/2338e738807db174_w20.png,2338e738807db174,20,Lab,Void
train/pd/2338e738807db174_w27.png,2338e738807db174,27,Lab,Void
train/pd/2344e46e5bac1913_w02.png,2344e46e5bac1913,2,Lab,Void
train/pd/2344e46e5bac1913_w05.png,2344e46e5bac1913,5,Lab,Void
train/pd/2344e46e5bac1913_w10.png,2344e46e5bac1913,10,Lab,Void
train/pd/2344e46e5bac1913_w14.png,2344e46e5bac1913,14,Lab,Void
train/pd/2344e46e5bac1913_w15.png,2344e46e5bac1913,15,Lab,Void
train/pd/2344e46e5bac1913_w16.png,2344e46e5bac1913,16,Lab,Void
train/pd/2344e46e5bac1913_w18.png,2344e46e5bac1913,18,Lab,Void
train/pd/2344e46e5bac1913_w19.png,2344e46e5bac1913,19,Lab,Void
train/pd/2345949826795285_w00.png,2345949826795285,0,Lab,Void
train/pd/2345949826795285_w05.png,2345949826795285,5,Lab,Void
train/pd/2345949826795285_w06.png,2345949826795285,6,Lab,Void
train/pd/2345949826795285_w07.png,2345949826795285,7,Lab,Void
train/pd/2345949826795285_w09.png,2345949826795285,9,Lab,Void
train/pd/2345949826795285_w12.png,2345949826795285,12,Lab,Void
train/pd/2345949826795285_w17.png,2345949826795285,17,Lab,Void
train/pd/2345949826795285_w21.png,2345949826795285,21,Lab,Void
train/pd/238db5985cb70c76_w01.png,238db5985cb70c76,1,Lab,Corona
train/pd/238db5985cb70c76_w04.png,238db5985cb70c76,4,Lab,Corona
train/pd/238db5985cb70c76_w11.png,238db5985cb70c76,11,Lab,Corona
train/pd/238db5985cb70c76_w12.png,238db5985cb70c76,12,Lab,Corona
train/pd/238db5985cb70c76_w15.png,238db5985cb70c76,15,Lab,Corona
train/pd/238db5985cb70c76_w18.png,238db5985cb70c76,18,Lab,Corona
train/pd/238db5985cb70c76_w19.png,238db5985cb70c76,19,Lab,Corona
train/pd/238db5985cb70c76_w24.png,238db5985cb70c76,24,Lab,Corona
train/pd/2431a66d45210845_w00.png,2431a66d45210845,0,Lab,Floating
train/pd/2431a66d45210845_w01.png,2431a66d45210845,1,Lab,Floating
train/pd/2431a66d45210845_w02.png,2431a66d45210845,2,Lab,Floating
train/pd/2431a66d45210845_w09.png,2431a66d45210845,9,Lab,Floating
train/pd/2431a66d45210845_w18.png,2431a66d45210845,18,Lab,Floating
train/pd/2431a66d45210845_w19.png,2431a66d45210845,19,Lab,Floating
train/pd/2431a66d45210845_w22.png,2431a66d45210845,22,Lab,Floating
train/pd/2431a66d45210845_w24.png,2431a66d45210845,24,Lab,Floating
train/pd/243f8296203b6211_w04.png,243f8296203b6211,4,Lab,Corona
train/pd/243f8296203b6211_w07.png,243f8296203b6211,7,Lab,Corona
train/pd/243f8296203b6211_w08.png,243f8296203b6211,8,Lab,Corona
train/pd/243f8296203b6211_w09.png,243f8296203b6211,9,Lab,Corona
train/pd/243f8296203b6211_w11.png,243f8296203b6211,11,Lab,Corona
train/pd/243f8296203b6211_w18.png,243f8296203b6211,18,Lab,Corona
train/pd/243f8296203b6211_w22.png,243f8296203b6211,22,Lab,Corona
train/pd/243f8296203b6211_w27.png,243f8296203b6211,27,Lab,Corona
train/pd/24b87f5f86254d59_w00.png,24b87f5f86254d59,0,Field,Void
train/pd/24b87f5f86254d59_w08.png,24b87f5f86254d59,8,Field,Void
train/pd/24b87f5f86254d59_w10.png,24b87f5f86254d59,10,Field,Void
train/pd/24b87f5f86254d59_w14.png,24b87f5f86254d59,14,Field,Void
train/pd/24b87f5f86254d59_w15.png,24b87f5f86254d59,15,Field,Void
train/pd/24b87f5f86254d59_w18.png,24b87f5f86254d59,18,Field,Void
train/pd/24b87f5f86254d59_w23.png,24b87f5f86254d59,23,Field,Void
train/pd/24b87f5f86254d59_w25.png,24b87f5f86254d59,25,Field,Void
train/pd/24c05724212ef108_w01.png,24c05724212ef108,1,Lab,Void
train/pd/24c05724212ef108_w04.png,24c05724212ef108,4,Lab,Void
train/pd/24c05724212ef108_w05.png,24c05724212ef108,5,Lab,Void
train/pd/24c05724212ef108_w11.png,24c05724212ef108,11,Lab,Void
train/pd/24c05724212ef108_w14.png,24c05724212ef108,14,Lab,Void
train/pd/24c05724212ef108_w22.png,24c05724212ef108,22,Lab,Void
train/pd/24c05724212ef108_w25.png,24c05724212ef108,25,Lab,Void
train/pd/24c05724212ef108_w26.png,24c05724212ef108,26,Lab,Void
train/pd/2543be97cf30dfbf_w02.png,2543be97cf30dfbf,2,Field,Void
train/pd/2543be97cf30dfbf_w08.png,2543be97cf30dfbf,8,Field,Void
train/pd/2543be97cf30dfbf_w11.png,2543be97cf30dfbf,11,Field,Void
train/pd/2543be97cf30dfbf_w12.png,2543be97cf30dfbf,12,Field,Void
train/pd/2543be97cf30dfbf_w13.png,2543be97cf30dfbf,13,Field,Void
train/pd/2543be97cf30dfbf_w21.png,2543be97cf30dfbf,21,Field,Void
train/pd/2543be97cf30dfbf_w23.png,2543be97cf30dfbf,23,Field,Void
train/pd/2543be97cf30dfbf_w25.png,2543be97cf30dfbf,25,Field,Void
train/pd/2567ea8b1459fcce_w03.png,2567ea8b1459fcce,3,Lab,Corona
train/pd/2567ea8b1459fcce_w08.png,2567ea8b1459fcce,8,Lab,Corona
train/pd/2567ea8b1459fcce_w11.png,2567ea8b1459fcce,11,Lab,Corona
train/pd/2567ea8b1459fcce_w12.png,2567ea8b1459fcce,12,Lab,Corona
train/pd/2567ea8b1459fcce_w15.png,2567ea8b1459fcce,15,Lab,Corona
train/pd/2567ea8b1459fcce_w18.png,2567ea8b1459fcce,18,Lab,Corona
train/pd/2567ea8b1459fcce_w21.png,2567ea8b1459fcce,21,Lab,Corona
train/pd/2567ea8b1459fcce_w27.png,2567ea8b1459fcce,27,Lab,Corona
train/pd/2591cc129c9610cd_w06.png,2591cc129c9610cd,6,Lab,Void
train/pd/2591cc129c9610cd_w12.png,2591cc129c9610cd,12,Lab,Void
train/pd/2591cc129c9610cd_w14.png,2591cc129c9610cd,14,Lab,Void
train/pd/2591cc129c9610cd_w17.png,2591cc129c9610cd,17,Lab,Void
train/pd/2591cc129c9610cd_w18.png,2591cc129c9610cd,18,Lab,Void
train/pd/2591cc129c9610cd_w20.png,2591cc129c9610cd,20,Lab,Void
train/pd/2591cc129c9610cd_w25.png,2591cc129c9610cd,25,Lab,Void
train/pd/2591cc129c9610cd_w27.png,2591cc129c9610cd,27,Lab,Void
train/pd/25e816dd6a7a5c86_w00.png,25e816dd6a7a5c86,0,Lab,Corona
train/pd/25e816dd6a7a5c86_w01.png,25e816dd6a7a5c86,1,Lab,Corona
train/pd/25e816dd6a7a5c86_w04.png,25e816dd6a7a5c86,4,Lab,Corona
train/pd/25e816dd6a7a5c86_w06.png,25e816dd6a7a5c86,6,Lab,Corona
train/pd/25e816dd6a7a5c86_w13.png,25e816dd6a7a5c86,13,Lab,Corona
train/pd/25e816dd6a7a5c86_w16.png,25e816dd6a7a5c86,16,Lab,Corona
train/pd/25e816dd6a7a5c86_w18.png,25e816dd6a7a5c86,18,Lab,Corona
train/pd/25e816dd6a7a5c86_w20.png,25e816dd6a7a5c86,20,Lab,Corona
train/pd/2600bcd4aa9afd44_w00.png,2600bcd4aa9afd44,0,Lab,Void
train/pd/2600bcd4aa9afd44_w03.png,2600bcd4aa9afd44,3,Lab,Void
train/pd/2600bcd4aa9afd44_w04.png,2600bcd4aa9afd44,4,Lab,Void
train/pd/2600bcd4aa9afd44_w06.png,2600bcd4aa9afd44,6,Lab,Void
train/pd/2600bcd4aa9afd44_w09.png,2600bcd4aa9afd44,9,Lab,Void
train/pd/2600bcd4aa9afd44_w16.png,2600bcd4aa9afd44,16,Lab,Void
train/pd/2600bcd4aa9afd44_w20.png,2600bcd4aa9afd44,20,Lab,Void
train/pd/2600bcd4aa9afd44_w26.png,2600bcd4aa9afd44,26,Lab,Void
train/pd/26090c0bc0789c42_w07.png,26090c0bc0789c42,7,Field,Floating
train/pd/26090c0bc0789c42_w08.png,26090c0bc0789c42,8,Field,Floating
train/pd/26090c0bc0789c42_w09.png,26090c0bc0789c42,9,Field,Floating
train/pd/26090c0bc0789c42_w10.png,26090c0bc0789c42,10,Field,Floating
train/pd/26090c0bc0789c42_w17.png,26090c0bc0789c42,17,Field,Floating
train/pd/26090c0bc0789c42_w18.png,26090c0bc0789c42,18,Field,Floating
train/pd/26090c0bc0789c42_w24.png,26090c0bc0789c42,24,Field,Floating
train/pd/26090c0bc0789c42_w27.png,26090c0bc0789c42,27,Field,Floating
train/pd/260b7fd65404fa98_w00.png,260b7fd65404fa98,0,Field,Void
train/pd/260b7fd65404fa98_w01.png,260b7fd65404fa98,1,Field,Void
train/pd/260b7fd65404fa98_w06.png,260b7fd65404fa98,6,Field,Void
train/pd/260b7fd65404fa98_w07.png,260b7fd65404fa98,7,Field,Void
train/pd/260b7fd65404fa98_w09.png,260b7fd65404fa98,9,Field,Void
train/pd/260b7fd65404fa98_w13.png,260b7fd65404fa98,13,Field,Void
train/pd/260b7fd65404fa98_w14.png,260b7fd65404fa98,14,Field,Void
train/pd/260b7fd65404fa98_w23.png,260b7fd65404fa98,23,Field,Void
train/pd/2653886fcc514715_w08.png,2653886fcc514715,8,Lab,Floating
train/pd/2653886fcc514715_w11.png,2653886fcc514715,11,Lab,Floating
train/pd/2653886fcc514715_w14.png,2653886fcc514715,14,Lab,Floating
train/pd/2653886fcc514715_w15.png,2653886fcc514715,15,Lab,Floating
train/pd/2653886fcc514715_w18.png,2653886fcc514715,18,Lab,Floating
train/pd/2653886fcc514715_w20.png,2653886fcc514715,20,Lab,Floating
train/pd/2653886fcc514715_w21.png,2653886fcc514715,21,Lab,Floating
train/pd/2653886fcc514715_w24.png,2653886fcc514715,24,Lab,Floating
train/pd/2668ec81d3e15523_w02.png,2668ec81d3e15523,2,Field,Void
train/pd/2668ec81d3e15523_w09.png,2668ec81d3e15523,9,Field,Void
train/pd/2668ec81d3e15523_w12.png,2668ec81d3e15523,12,Field,Void
train/pd/2668ec81d3e15523_w13.png,2668ec81d3e15523,13,Field,Void
train/pd/2668ec81d3e15523_w17.png,2668ec81d3e15523,17,Field,Void
train/pd/2668ec81d3e15523_w21.png,2668ec81d3e15523,21,Field,Void
train/pd/2668ec81d3e15523_w24.png,2668ec81d3e15523,24,Field,Void
train/pd/2668ec81d3e15523_w25.png,2668ec81d3e15523,25,Field,Void
train/pd/269d435148e42ad1_w00.png,269d435148e42ad1,0,Lab,Corona
train/pd/269d435148e42ad1_w01.png,269d435148e42ad1,1,Lab,Corona
train/pd/269d435148e42ad1_w02.png,269d435148e42ad1,2,Lab,Corona
train/pd/269d435148e42ad1_w08.png,269d435148e42ad1,8,Lab,Corona
train/pd/269d435148e42ad1_w17.png,269d435148e42ad1,17,Lab,Corona
train/pd/269d435148e42ad1_w21.png,269d435148e42ad1,21,Lab,Corona
train/pd/269d435148e42ad1_w22.png,269d435148e42ad1,22,Lab,Corona
train/pd/269d435148e42ad1_w26.png,269d435148e42ad1,26,Lab,Corona
train/pd/269fd25d9bd9a7ea_w01.png,269fd25d9bd9a7ea,1,Lab,Void
train/pd/269fd25d9bd9a7ea_w03.png,269fd25d9bd9a7ea,3,Lab,Void
train/pd/269fd25d9bd9a7ea_w05.png,269fd25d9bd9a7ea,5,Lab,Void
train/pd/269fd25d9bd9a7ea_w11.png,269fd25d9bd9a7ea,11,Lab,Void
train/pd/269fd25d9bd9a7ea_w15.png,269fd25d9bd9a7ea,15,Lab,Void
train/pd/269fd25d9bd9a7ea_w19.png,269fd25d9bd9a7ea,19,Lab,Void
train/pd/269fd25d9bd9a7ea_w23.png,269fd25d9bd9a7ea,23,Lab,Void
train/pd/269fd25d9bd9a7ea_w25.png,269fd25d9bd9a7ea,25,Lab,Void
train/pd/26c0fbe0be79d90e_w00.png,26c0fbe0be79d90e,0,Field,Void
train/pd/26c0fbe0be79d90e_w08.png,26c0fbe0be79d90e,8,Field,Void
train/pd/26c0fbe0be79d90e_w13.png,26c0fbe0be79d90e,13,Field,Void
train/pd/26c0fbe0be79d90e_w15.png,26c0fbe0be79d90e,15,Field,Void
train/pd/26c0fbe0be79d90e_w17.png,26c0fbe0be79d90e,17,Field,Void
train/pd/26c0fbe0be79d90e_w24.png,26c0fbe0be79d90e,24,Field,Void
train/pd/26c0fbe0be79d90e_w25.png,26c0fbe0be79d90e,25,Field,Void
train/pd/26c0fbe0be79d90e_w27.png,26c0fbe0be79d90e,27,Field,Void
train/pd/270135e8c7d65028_w02.png,270135e8c7d65028,2,Lab,Corona
train/pd/270135e8c7d65028_w05.png,270135e8c7d65028,5,Lab,Corona
train/pd/270135e8c7d65028_w07.png,270135e8c7d65028,7,Lab,Corona
train/pd/270135e8c7d65028_w09.png,270135e8c7d65028,9,Lab,Corona
train/pd/270135e8c7d65028_w11.png,270135e8c7d65028,11,Lab,Corona
train/pd/270135e8c7d65028_w25.png,270135e8c7d65028,25,Lab,Corona
train/pd/270135e8c7d65028_w26.png,270135e8c7d65028,26,Lab,Corona
train/pd/270135e8c7d65028_w27.png,270135e8c7d65028,27,Lab,Corona
train/pd/27048388de551759_w00.png,27048388de551759,0,Lab,Particle
train/pd/27048388de551759_w05.png,27048388de551759,5,Lab,Particle
train/pd/27048388de551759_w07.png,27048388de551759,7,Lab,Particle
train/pd/27048388de551759_w08.png,27048388de551759,8,Lab,Particle
train/pd/27048388de551759_w16.png,27048388de551759,16,Lab,Particle
train/pd/27048388de551759_w17.png,27048388de551759,17,Lab,Particle
train/pd/27048388de551759_w19.png,27048388de551759,19,Lab,Particle
train/pd/27048388de551759_w23.png,27048388de551759,23,Lab,Particle
train/pd/27383cfa13e3e5ff_w03.png,27383cfa13e3e5ff,3,Lab,Void
train/pd/27383cfa13e3e5ff_w06.png,27383cfa13e3e5ff,6,Lab,Void
train/pd/27383cfa13e3e5ff_w12.png,27383cfa13e3e5ff,12,Lab,Void
train/pd/27383cfa13e3e5ff_w13.png,27383cfa13e3e5ff,13,Lab,Void
train/pd/27383cfa13e3e5ff_w16.png,27383cfa13e3e5ff,16,Lab,Void
train/pd/27383cfa13e3e5ff_w24.png,27383cfa13e3e5ff,24,Lab,Void
train/pd/27383cfa13e3e5ff_w26.png,27383cfa13e3e5ff,26,Lab,Void
train/pd/27383cfa13e3e5ff_w27.png,27383cfa13e3e5ff,27,Lab,Void
train/pd/27620fcc531fb408_w05.png,27620fcc531fb408,5,Field,Floating
train/pd/27620fcc531fb408_w07.png,27620fcc531fb408,7,Field,Floating
train/pd/27620fcc531fb408_w11.png,27620fcc531fb408,11,Field,Floating
train/pd/27620fcc531fb408_w15.png,27620fcc531fb408,15,Field,Floating
train/pd/27620fcc531fb408_w16.png,27620fcc531fb408,16,Field,Floating
train/pd/27620fcc531fb408_w18.png,27620fcc531fb408,18,Field,Floating
train/pd/27620fcc531fb408_w22.png,27620fcc531fb408,22,Field,Floating
train/pd/27620fcc531fb408_w26.png,27620fcc531fb408,26,Field,Floating
train/pd/27b9012d7cacbfc6_w02.png,27b9012d7cacbfc6,2,Lab,Void
train/pd/27b9012d7cacbfc6_w04.png,27b9012d7cacbfc6,4,Lab,Void
train/pd/27b9012d7cacbfc6_w06.png,27b9012d7cacbfc6,6,Lab,Void
train/pd/27b9012d7cacbfc6_w08.png,27b9012d7cacbfc6,8,Lab,Void
train/pd/27b9012d7cacbfc6_w11.png,27b9012d7cacbfc6,11,Lab,Void
train/pd/27b9012d7cacbfc6_w14.png,27b9012d7cacbfc6,14,Lab,Void
train/pd/27b9012d7cacbfc6_w19.png,27b9012d7cacbfc6,19,Lab,Void
train/pd/27b9012d7cacbfc6_w22.png,27b9012d7cacbfc6,22,Lab,Void
train/pd/27d99d06c78134ca_w00.png,27d99d06c78134ca,0,Lab,Floating
train/pd/27d99d06c78134ca_w13.png,27d99d06c78134ca,13,Lab,Floating
train/pd/27d99d06c78134ca_w15.png,27d99d06c78134ca,15,Lab,Floating
train/pd/27d99d06c78134ca_w18.png,27d99d06c78134ca,18,Lab,Floating
train/pd/27d99d06c78134ca_w19.png,27d99d06c78134ca,19,Lab,Floating
train/pd/27d99d06c78134ca_w23.png,27d99d06c78134ca,23,Lab,Floating
train/pd/27d99d06c78134ca_w25.png,27d99d06c78134ca,25,Lab,Floating
train/pd/27d99d06c78134ca_w26.png,27d99d06c78134ca,26,Lab,Floating
train/pd/27e9afa929135512_w01.png,27e9afa929135512,1,Lab,Corona
train/pd/27e9afa929135512_w06.png,27e9afa929135512,6,Lab,Corona
train/pd/27e9afa929135512_w15.png,27e9afa929135512,15,Lab,Corona
train/pd/27e9afa929135512_w16.png,27e9afa929135512,16,Lab,Corona
train/pd/27e9afa929135512_w18.png,27e9afa929135512,18,Lab,Corona
train/pd/27e9afa929135512_w20.png,27e9afa929135512,20,Lab,Corona
train/pd/27e9afa929135512_w21.png,27e9afa929135512,21,Lab,Corona
train/pd/27e9afa929135512_w26.png,27e9afa929135512,26,Lab,Corona
train/pd/283adce61f56bfae_w01.png,283adce61f56bfae,1,Lab,Void
train/pd/283adce61f56bfae_w03.png,283adce61f56bfae,3,Lab,Void
train/pd/283adce61f56bfae_w06.png,283adce61f56bfae,6,Lab,Void
train/pd/283adce61f56bfae_w16.png,283adce61f56bfae,16,Lab,Void
train/pd/283adce61f56bfae_w20.png,283adce61f56bfae,20,Lab,Void
train/pd/283adce61f56bfae_w21.png,283adce61f56bfae,21,Lab,Void
train/pd/283adce61f56bfae_w24.png,283adce61f56bfae,24,Lab,Void
train/pd/283adce61f56bfae_w25.png,283adce61f56bfae,25,Lab,Void
train/pd/2841c3500f58a4ab_w09.png,2841c3500f58a4ab,9,Lab,Particle
train/pd/2841c3500f58a4ab_w13.png,2841c3500f58a4ab,13,Lab,Particle
train/pd/2841c3500f58a4ab_w14.png,2841c3500f58a4ab,14,Lab,Particle
train/pd/2841c3500f58a4ab_w15.png,2841c3500f58a4ab,15,Lab,Particle
train/pd/2841c3500f58a4ab_w19.png,2841c3500f58a4ab,19,Lab,Particle
train/pd/2841c3500f58a4ab_w20.png,2841c3500f58a4ab,20,Lab,Particle
train/pd/2841c3500f58a4ab_w23.png,2841c3500f58a4ab,23,Lab,Particle
train/pd/2841c3500f58a4ab_w26.png,2841c3500f58a4ab,26,Lab,Particle
train/pd/287652e042271dce_w07.png,287652e042271dce,7,Lab,Floating
train/pd/287652e042271dce_w10.png,287652e042271dce,10,Lab,Floating
train/pd/287652e042271dce_w11.png,287652e042271dce,11,Lab,Floating
train/pd/287652e042271dce_w17.png,287652e042271dce,17,Lab,Floating
train/pd/287652e042271dce_w22.png,287652e042271dce,22,Lab,Floating
train/pd/287652e042271dce_w23.png,287652e042271dce,23,Lab,Floating
train/pd/287652e042271dce_w26.png,287652e042271dce,26,Lab,Floating
train/pd/287652e042271dce_w27.png,287652e042271dce,27,Lab,Floating
train/pd/289aba55bcebc9a6_w02.png,289aba55bcebc9a6,2,Lab,Particle
train/pd/289aba55bcebc9a6_w05.png,289aba55bcebc9a6,5,Lab,Particle
train/pd/289aba55bcebc9a6_w06.png,289aba55bcebc9a6,6,Lab,Particle
train/pd/289aba55bcebc9a6_w08.png,289aba55bcebc9a6,8,Lab,Particle
train/pd/289aba55bcebc9a6_w10.png,289aba55bcebc9a6,10,Lab,Particle
train/pd/289aba55bcebc9a6_w19.png,289aba55bcebc9a6,19,Lab,Particle
train/pd/289aba55bcebc9a6_w24.png,289aba55bcebc9a6,24,Lab,Particle
train/pd/289aba55bcebc9a6_w25.png,289aba55bcebc9a6,25,Lab,Particle
train/pd/28e22092ae434383_w02.png,28e22092ae434383,2,Lab,Particle
train/pd/28e22092ae434383_w03.png,28e22092ae434383,3,Lab,Particle
train/pd/28e22092ae434383_w07.png,28e22092ae434383,7,Lab,Particle
train/pd/28e22092ae434383_w13.png,28e22092ae434383,13,Lab,Particle
train/pd/28e22092ae434383_w15.png,28e22092ae434383,15,Lab,Particle
train/pd/28e22092ae434383_w16.png,28e22092ae434383,16,Lab,Particle
train/pd/28e22092ae434383_w17.png,28e22092ae434383,17,Lab,Particle
train/pd/28e22092ae434383_w22.png,28e22092ae434383,22,Lab,Particle
train/pd/28f0a9296a110a4c_w01.png,28f0a9296a110a4c,1,Lab,Void
train/pd/28f0a9296a110a4c_w07.png,28f0a9296a110a4c,7,Lab,Void
train/pd/28f0a9296a110a4c_w08.png,28f0a9296a110a4c,8,Lab,Void
train/pd/28f0a9296a110a4c_w10.png,28f0a9296a110a4c,10,Lab,Void
train/pd/28f0a9296a110a4c_w13.png,28f0a9296a110a4c,13,Lab,Void
train/pd/28f0a9296a110a4c_w18.png,28f0a9296a110a4c,18,Lab,Void
train/pd/28f0a9296a110a4c_w23.png,28f0a9296a110a4c,23,Lab,Void
train/pd/28f0a9296a110a4c_w24.png,28f0a9296a110a4c,24,Lab,Void
train/pd/290e4865161c80d6_w01.png,290e4865161c80d6,1,Lab,Void
train/pd/290e4865161c80d6_w04.png,290e4865161c80d6,4,Lab,Void
train/pd/290e4865161c80d6_w05.png,290e4865161c80d6,5,Lab,Void
train/pd/290e4865161c80d6_w08.png,290e4865161c80d6,8,Lab,Void
train/pd/290e4865161c80d6_w13.png,290e4865161c80d6,13,Lab,Void
train/pd/290e4865161c80d6_w14.png,290e4865161c80d6,14,Lab,Void
train/pd/290e4865161c80d6_w15.png,290e4865161c80d6,15,Lab,Void
train/pd/290e4865161c80d6_w26.png,290e4865161c80d6,26,Lab,Void
train/pd/2947aab1dcea741d_w04.png,2947aab1dcea741d,4,Lab,Corona
train/pd/2947aab1dcea741d_w11.png,2947aab1dcea741d,11,Lab,Corona
train/pd/2947aab1dcea741d_w13.png,2947aab1dcea741d,13,Lab,Corona
train/pd/2947aab1dcea741d_w18.png,2947aab1dcea741d,18,Lab,Corona
train/pd/2947aab1dcea741d_w22.png,2947aab1dcea741d,22,Lab,Corona
train/pd/2947aab1dcea741d_w23.png,2947aab1dcea741d,23,Lab,Corona
train/pd/2947aab1dcea741d_w24.png,2947aab1dcea741d,24,Lab,Corona
train/pd/2947aab1dcea741d_w27.png,2947aab1dcea741d,27,Lab,Corona
train/pd/2949dc0c630c4579_w00.png,2949dc0c630c4579,0,Lab,Particle
train/pd/2949dc0c630c4579_w04.png,2949dc0c630c4579,4,Lab,Particle
train/pd/2949dc0c630c4579_w10.png,2949dc0c630c4579,10,Lab,Particle
train/pd/2949dc0c630c4579_w11.png,2949dc0c630c4579,11,Lab,Particle
train/pd/2949dc0c630c4579_w14.png,2949dc0c630c4579,14,Lab,Particle
train/pd/2949dc0c630c4579_w19.png,2949dc0c630c4579,19,Lab,Particle
train/pd/2949dc0c630c4579_w21.png,2949dc0c630c4579,21,Lab,Particle
train/pd/2949dc0c630c4579_w23.png,2949dc0c630c4579,23,Lab,Particle
train/pd/296020cd032c039f_w01.png,296020cd032c039f,1,Lab,Corona
train/pd/296020cd032c039f_w03.png,296020cd032c039f,3,Lab,Corona
train/pd/296020cd032c039f_w04.png,296020cd032c039f,4,Lab,Corona
train/pd/296020cd032c039f_w08.png,296020cd032c039f,8,Lab,Corona
train/pd/296020cd032c039f_w16.png,296020cd032c039f,16,Lab,Corona
train/pd/296020cd032c039f_w20.png,296020cd032c039f,20,Lab,Corona
train/pd/296020cd032c039f_w22.png,296020cd032c039f,22,Lab,Corona
train/pd/296020cd032c039f_w24.png,296020cd032c039f,24,Lab,Corona
train/pd/297dcabcb4f00f1b_w07.png,297dcabcb4f00f1b,7,Field,Floating
train/pd/297dcabcb4f00f1b_w18.png,297dcabcb4f00f1b,18,Field,Floating
train/pd/297dcabcb4f00f1b_w21.png,297dcabcb4f00f1b,21,Field,Floating
train/pd/297dcabcb4f00f1b_w22.png,297dcabcb4f00f1b,22,Field,Floating
train/pd/297dcabcb4f00f1b_w23.png,297dcabcb4f00f1b,23,Field,Floating
train/pd/297dcabcb4f00f1b_w25.png,297dcabcb4f00f1b,25,Field,Floating
train/pd/297dcabcb4f00f1b_w26.png,297dcabcb4f00f1b,26,Field,Floating
train/pd/297dcabcb4f00f1b_w27.png,297dcabcb4f00f1b,27,Field,Floating
train/pd/298bb96184ddc5f1_w01.png,298bb96184ddc5f1,1,Lab,Floating
train/pd/298bb96184ddc5f1_w10.png,298bb96184ddc5f1,10,Lab,Floating
train/pd/298bb96184ddc5f1_w13.png,298bb96184ddc5f1,13,Lab,Floating
train/pd/298bb96184ddc5f1_w14.png,298bb96184ddc5f1,14,Lab,Floating
train/pd/298bb96184ddc5f1_w16.png,298bb96184ddc5f1,16,Lab,Floating
train/pd/298bb96184ddc5f1_w19.png,298bb96184ddc5f1,19,Lab,Floating
train/pd/298bb96184ddc5f1_w23.png,298bb96184ddc5f1,23,Lab,Floating
train/pd/298bb96184ddc5f1_w27.png,298bb96184ddc5f1,27,Lab,Floating
train/pd/29e2fc9f8df5d35f_w00.png,29e2fc9f8df5d35f,0,Lab,Void
train/pd/29e2fc9f8df5d35f_w02.png,29e2fc9f8df5d35f,2,Lab,Void
train/pd/29e2fc9f8df5d35f_w03.png,29e2fc9f8df5d35f,3,Lab,Void
train/pd/29e2fc9f8df5d35f_w09.png,29e2fc9f8df5d35f,9,Lab,Void
train/pd/29e2fc9f8df5d35f_w16.png,29e2fc9f8df5d35f,16,Lab,Void
train/pd/29e2fc9f8df5d35f_w20.png,29e2fc9f8df5d35f,20,Lab,Void
train/pd/29e2fc9f8df5d35f_w24.png,29e2fc9f8df5d35f,24,Lab,Void
train/pd/29e2fc9f8df5d35f_w27.png,29e2fc9f8df5d35f,27,Lab,Void
train/pd/29e8b3c8ad4b0128_w01.png,29e8b3c8ad4b0128,1,Lab,Void
train/pd/29e8b3c8ad4b0128_w07.png,29e8b3c8ad4b0128,7,Lab,Void
train/pd/29e8b3c8ad4b0128_w10.png,29e8b3c8ad4b0128,10,Lab,Void
train/pd/29e8b3c8ad4b0128_w12.png,29e8b3c8ad4b0128,12,Lab,Void
train/pd/29e8b3c8ad4b0128_w15.png,29e8b3c8ad4b0128,15,Lab,Void
train/pd/29e8b3c8ad4b0128_w16.png,29e8b3c8ad4b0128,16,Lab,Void
train/pd/29e8b3c8ad4b0128_w25.png,29e8b3c8ad4b0128,25,Lab,Void
train/pd/29e8b3c8ad4b0128_w27.png,29e8b3c8ad4b0128,27,Lab,Void
train/pd/2a1011dcb8a12e7c_w04.png,2a1011dcb8a12e7c,4,Lab,Void
train/pd/2a1011dcb8a12e7c_w06.png,2a1011dcb8a12e7c,6,Lab,Void
train/pd/2a1011dcb8a12e7c_w10.png,2a1011dcb8a12e7c,10,Lab,Void
train/pd/2a1011dcb8a12e7c_w13.png,2a1011dcb8a12e7c,13,Lab,Void
train/pd/2a1011dcb8a12e7c_w15.png,2a1011dcb8a12e7c,15,Lab,Void
train/pd/2a1011dcb8a12e7c_w19.png,2a1011dcb8a12e7c,19,Lab,Void
train/pd/2a1011dcb8a12e7c_w23.png,2a1011dcb8a12e7c,23,Lab,Void
train/pd/2a1011dcb8a12e7c_w26.png,2a1011dcb8a12e7c,26,Lab,Void
train/pd/2a217634b5ec14b5_w00.png,2a217634b5ec14b5,0,Lab,Floating
train/pd/2a217634b5ec14b5_w03.png,2a217634b5ec14b5,3,Lab,Floating
train/pd/2a217634b5ec14b5_w05.png,2a217634b5ec14b5,5,Lab,Floating
train/pd/2a217634b5ec14b5_w06.png,2a217634b5ec14b5,6,Lab,Floating
train/pd/2a217634b5ec14b5_w10.png,2a217634b5ec14b5,10,Lab,Floating
train/pd/2a217634b5ec14b5_w23.png,2a217634b5ec14b5,23,Lab,Floating
train/pd/2a217634b5ec14b5_w24.png,2a217634b5ec14b5,24,Lab,Floating
train/pd/2a217634b5ec14b5_w25.png,2a217634b5ec14b5,25,Lab,Floating
train/pd/2a24e76dd6a2b4c0_w02.png,2a24e76dd6a2b4c0,2,Lab,Void
train/pd/2a24e76dd6a2b4c0_w06.png,2a24e76dd6a2b4c0,6,Lab,Void
train/pd/2a24e76dd6a2b4c0_w08.png,2a24e76dd6a2b4c0,8,Lab,Void
train/pd/2a24e76dd6a2b4c0_w11.png,2a24e76dd6a2b4c0,11,Lab,Void
train/pd/2a24e76dd6a2b4c0_w12.png,2a24e76dd6a2b4c0,12,Lab,Void
train/pd/2a24e76dd6a2b4c0_w15.png,2a24e76dd6a2b4c0,15,Lab,Void
train/pd/2a24e76dd6a2b4c0_w25.png,2a24e76dd6a2b4c0,25,Lab,Void
train/pd/2a24e76dd6a2b4c0_w26.png,2a24e76dd6a2b4c0,26,Lab,Void
train/pd/2a2e55bc3bfd53fa_w00.png,2a2e55bc3bfd53fa,0,Lab,Floating
train/pd/2a2e55bc3bfd53fa_w01.png,2a2e55bc3bfd53fa,1,Lab,Floating
train/pd/2a2e55bc3bfd53fa_w05.png,2a2e55bc3bfd53fa,5,Lab,Floating
train/pd/2a2e55bc3bfd53fa_w07.png,2a2e55bc3bfd53fa,7,Lab,Floating
train/pd/2a2e55bc3bfd53fa_w11.png,2a2e55bc3bfd53fa,11,Lab,Floating
train/pd/2a2e55bc3bfd53fa_w16.png,2a2e55bc3bfd53fa,16,Lab,Floating
train/pd/2a2e55bc3bfd53fa_w18.png,2a2e55bc3bfd53fa,18,Lab,Floating
train/pd/2a2e55bc3bfd53fa_w26.png,2a2e55bc3bfd53fa,26,Lab,Floating
train/pd/2a30ae181faf0147_w01.png,2a30ae181faf0147,1,Lab,Floating
train/pd/2a30ae181faf0147_w07.png,2a30ae181faf0147,7,Lab,Floating
train/pd/2a30ae181faf0147_w10.png,2a30ae181faf0147,10,Lab,Floating
train/pd/2a30ae181faf0147_w15.png,2a30ae181faf0147,15,Lab,Floating
train/pd/2a30ae181faf0147_w16.png,2a30ae181faf0147,16,Lab,Floating
train/pd/2a30ae181faf0147_w17.png,2a30ae181faf0147,17,Lab,Floating
train/pd/2a30ae181faf0147_w25.png,2a30ae181faf0147,25,Lab,Floating
train/pd/2a30ae181faf0147_w27.png,2a30ae181faf0147,27,Lab,Floating
train/pd/2a32ad573a4faad6_w01.png,2a32ad573a4faad6,1,Lab,Void
train/pd/2a32ad573a4faad6_w10.png,2a32ad573a4faad6,10,Lab,Void
train/pd/2a32ad573a4faad6_w12.png,2a32ad573a4faad6,12,Lab,Void
train/pd/2a32ad573a4faad6_w13.png,2a32ad573a4faad6,13,Lab,Void
train/pd/2a32ad573a4faad6_w20.png,2a32ad573a4faad6,20,Lab,Void
train/pd/2a32ad573a4faad6_w22.png,2a32ad573a4faad6,22,Lab,Void
train/pd/2a32ad573a4faad6_w23.png,2a32ad573a4faad6,23,Lab,Void
train/pd/2a32ad573a4faad6_w27.png,2a32ad573a4faad6,27,Lab,Void
train/pd/2a68041bcf284758_w04.png,2a68041bcf284758,4,Field,Void
train/pd/2a68041bcf284758_w05.png,2a68041bcf284758,5,Field,Void
train/pd/2a68041bcf284758_w10.png,2a68041bcf284758,10,Field,Void
train/pd/2a68041bcf284758_w15.png,2a68041bcf284758,15,Field,Void
train/pd/2a68041bcf284758_w16.png,2a68041bcf284758,16,Field,Void
train/pd/2a68041bcf284758_w18.png,2a68041bcf284758,18,Field,Void
train/pd/2a68041bcf284758_w19.png,2a68041bcf284758,19,Field,Void
train/pd/2a68041bcf284758_w21.png,2a68041bcf284758,21,Field,Void
train/pd/2aa0b3ac000b9416_w00.png,2aa0b3ac000b9416,0,Field,Void
train/pd/2aa0b3ac000b9416_w01.png,2aa0b3ac000b9416,1,Field,Void
train/pd/2aa0b3ac000b9416_w05.png,2aa0b3ac000b9416,5,Field,Void
train/pd/2aa0b3ac000b9416_w08.png,2aa0b3ac000b9416,8,Field,Void
train/pd/2aa0b3ac000b9416_w12.png,2aa0b3ac000b9416,12,Field,Void
train/pd/2aa0b3ac000b9416_w15.png,2aa0b3ac000b9416,15,Field,Void
train/pd/2aa0b3ac000b9416_w16.png,2aa0b3ac000b9416,16,Field,Void
train/pd/2aa0b3ac000b9416_w26.png,2aa0b3ac000b9416,26,Field,Void
train/pd/2aa11a8b7d8de830_w00.png,2aa11a8b7d8de830,0,Lab,Particle
train/pd/2aa11a8b7d8de830_w04.png,2aa11a8b7d8de830,4,Lab,Particle
train/pd/2aa11a8b7d8de830_w09.png,2aa11a8b7d8de830,9,Lab,Particle
train/pd/2aa11a8b7d8de830_w12.png,2aa11a8b7d8de830,12,Lab,Particle
train/pd/2aa11a8b7d8de830_w14.png,2aa11a8b7d8de830,14,Lab,Particle
train/pd/2aa11a8b7d8de830_w20.png,2aa11a8b7d8de830,20,Lab,Particle
train/pd/2aa11a8b7d8de830_w26.png,2aa11a8b7d8de830,26,Lab,Particle
train/pd/2aa11a8b7d8de830_w27.png,2aa11a8b7d8de830,27,Lab,Particle
train/pd/2ab036194bf6b439_w02.png,2ab036194bf6b439,2,Lab,Void
train/pd/2ab036194bf6b439_w06.png,2ab036194bf6b439,6,Lab,Void
train/pd/2ab036194bf6b439_w07.png,2ab036194bf6b439,7,Lab,Void
train/pd/2ab036194bf6b439_w08.png,2ab036194bf6b439,8,Lab,Void
train/pd/2ab036194bf6b439_w09.png,2ab036194bf6b439,9,Lab,Void
train/pd/2ab036194bf6b439_w10.png,2ab036194bf6b439,10,Lab,Void
train/pd/2ab036194bf6b439_w20.png,2ab036194bf6b439,20,Lab,Void
train/pd/2ab036194bf6b439_w25.png,2ab036194bf6b439,25,Lab,Void
train/pd/2ae5cc9f6dafaeba_w02.png,2ae5cc9f6dafaeba,2,Lab,Void
train/pd/2ae5cc9f6dafaeba_w03.png,2ae5cc9f6dafaeba,3,Lab,Void
train/pd/2ae5cc9f6dafaeba_w04.png,2ae5cc9f6dafaeba,4,Lab,Void
train/pd/2ae5cc9f6dafaeba_w12.png,2ae5cc9f6dafaeba,12,Lab,Void
train/pd/2ae5cc9f6dafaeba_w13.png,2ae5cc9f6dafaeba,13,Lab,Void
train/pd/2ae5cc9f6dafaeba_w14.png,2ae5cc9f6dafaeba,14,Lab,Void
train/pd/2ae5cc9f6dafaeba_w16.png,2ae5cc9f6dafaeba,16,Lab,Void
train/pd/2ae5cc9f6dafaeba_w18.png,2ae5cc9f6dafaeba,18,Lab,Void
train/pd/2b143e6f47fab797_w07.png,2b143e6f47fab797,7,Lab,Particle
train/pd/2b143e6f47fab797_w10.png,2b143e6f47fab797,10,Lab,Particle
train/pd/2b143e6f47fab797_w12.png,2b143e6f47fab797,12,Lab,Particle
train/pd/2b143e6f47fab797_w15.png,2b143e6f47fab797,15,Lab,Particle
train/pd/2b143e6f47fab797_w19.png,2b143e6f47fab797,19,Lab,Particle
train/pd/2b143e6f47fab797_w20.png,2b143e6f47fab797,20,Lab,Particle
train/pd/2b143e6f47fab797_w23.png,2b143e6f47fab797,23,Lab,Particle
train/pd/2b143e6f47fab797_w26.png,2b143e6f47fab797,26,Lab,Particle
train/pd/2b33204158a96ece_w00.png,2b33204158a96ece,0,Lab,Particle
train/pd/2b33204158a96ece_w01.png,2b33204158a96ece,1,Lab,Particle
train/pd/2b33204158a96ece_w02.png,2b33204158a96ece,2,Lab,Particle
train/pd/2b33204158a96ece_w05.png,2b33204158a96ece,5,Lab,Particle
train/pd/2b33204158a96ece_w06.png,2b33204158a96ece,6,Lab,Particle
train/pd/2b33204158a96ece_w15.png,2b33204158a96ece,15,Lab,Particle
train/pd/2b33204158a96ece_w19.png,2b33204158a96ece,19,Lab,Particle
train/pd/2b33204158a96ece_w22.png,2b33204158a96ece,22,Lab,Particle
train/pd/2bb76a3feb49a6d7_w03.png,2bb76a3feb49a6d7,3,Lab,Particle
train/pd/2bb76a3feb49a6d7_w06.png,2bb76a3feb49a6d7,6,Lab,Particle
train/pd/2bb76a3feb49a6d7_w10.png,2bb76a3feb49a6d7,10,Lab,Particle
train/pd/2bb76a3feb49a6d7_w14.png,2bb76a3feb49a6d7,14,Lab,Particle
train/pd/2bb76a3feb49a6d7_w21.png,2bb76a3feb49a6d7,21,Lab,Particle
train/pd/2bb76a3feb49a6d7_w23.png,2bb76a3feb49a6d7,23,Lab,Particle
train/pd/2bb76a3feb49a6d7_w24.png,2bb76a3feb49a6d7,24,Lab,Particle
train/pd/2bb76a3feb49a6d7_w25.png,2bb76a3feb49a6d7,25,Lab,Particle
train/pd/2bd4d40fbfe0b4ae_w00.png,2bd4d40fbfe0b4ae,0,Lab,Corona
train/pd/2bd4d40fbfe0b4ae_w01.png,2bd4d40fbfe0b4ae,1,Lab,Corona
train/pd/2bd4d40fbfe0b4ae_w04.png,2bd4d40fbfe0b4ae,4,Lab,Corona
train/pd/2bd4d40fbfe0b4ae_w08.png,2bd4d40fbfe0b4ae,8,Lab,Corona
train/pd/2bd4d40fbfe0b4ae_w09.png,2bd4d40fbfe0b4ae,9,Lab,Corona
train/pd/2bd4d40fbfe0b4ae_w11.png,2bd4d40fbfe0b4ae,11,Lab,Corona
train/pd/2bd4d40fbfe0b4ae_w23.png,2bd4d40fbfe0b4ae,23,Lab,Corona
train/pd/2bd4d40fbfe0b4ae_w26.png,2bd4d40fbfe0b4ae,26,Lab,Corona
train/pd/2be63271e1f9a16e_w01.png,2be63271e1f9a16e,1,Lab,Particle
train/pd/2be63271e1f9a16e_w09.png,2be63271e1f9a16e,9,Lab,Particle
train/pd/2be63271e1f9a16e_w11.png,2be63271e1f9a16e,11,Lab,Particle
train/pd/2be63271e1f9a16e_w13.png,2be63271e1f9a16e,13,Lab,Particle
train/pd/2be63271e1f9a16e_w14.png,2be63271e1f9a16e,14,Lab,Particle
train/pd/2be63271e1f9a16e_w15.png,2be63271e1f9a16e,15,Lab,Particle
train/pd/2be63271e1f9a16e_w20.png,2be63271e1f9a16e,20,Lab,Particle
train/pd/2be63271e1f9a16e_w22.png,2be63271e1f9a16e,22,Lab,Particle
train/pd/2beb4bb1829a027e_w03.png,2beb4bb1829a027e,3,Lab,Corona
train/pd/2beb4bb1829a027e_w05.png,2beb4bb1829a027e,5,Lab,Corona
train/pd/2beb4bb1829a027e_w09.png,2beb4bb1829a027e,9,Lab,Corona
train/pd/2beb4bb1829a027e_w11.png,2beb4bb1829a027e,11,Lab,Corona
train/pd/2beb4bb1829a027e_w12.png,2beb4bb1829a027e,12,Lab,Corona
train/pd/2beb4bb1829a027e_w13.png,2beb4bb1829a027e,13,Lab,Corona
train/pd/2beb4bb1829a027e_w14.png,2beb4bb1829a027e,14,Lab,Corona
train/pd/2beb4bb1829a027e_w18.png,2beb4bb1829a027e,18,Lab,Corona
train/pd/2bfb2ad8d128affd_w04.png,2bfb2ad8d128affd,4,Lab,Particle
train/pd/2bfb2ad8d128affd_w05.png,2bfb2ad8d128affd,5,Lab,Particle
train/pd/2bfb2ad8d128affd_w11.png,2bfb2ad8d128affd,11,Lab,Particle
train/pd/2bfb2ad8d128affd_w12.png,2bfb2ad8d128affd,12,Lab,Particle
train/pd/2bfb2ad8d128affd_w19.png,2bfb2ad8d128affd,19,Lab,Particle
train/pd/2bfb2ad8d128affd_w20.png,2bfb2ad8d128affd,20,Lab,Particle
train/pd/2bfb2ad8d128affd_w25.png,2bfb2ad8d128affd,25,Lab,Particle
train/pd/2bfb2ad8d128affd_w27.png,2bfb2ad8d128affd,27,Lab,Particle
train/pd/2c630389cf34d47c_w00.png,2c630389cf34d47c,0,Lab,Void
train/pd/2c630389cf34d47c_w03.png,2c630389cf34d47c,3,Lab,Void
train/pd/2c630389cf34d47c_w07.png,2c630389cf34d47c,7,Lab,Void
train/pd/2c630389cf34d47c_w09.png,2c630389cf34d47c,9,Lab,Void
train/pd/2c630389cf34d47c_w10.png,2c630389cf34d47c,10,Lab,Void
train/pd/2c630389cf34d47c_w15.png,2c630389cf34d47c,15,Lab,Void
train/pd/2c630389cf34d47c_w21.png,2c630389cf34d47c,21,Lab,Void
train/pd/2c630389cf34d47c_w23.png,2c630389cf34d47c,23,Lab,Void
train/pd/2c8b1638daad092e_w00.png,2c8b1638daad092e,0,Field,Void
train/pd/2c8b1638daad092e_w04.png,2c8b1638daad092e,4,Field,Void
train/pd/2c8b1638daad092e_w08.png,2c8b1638daad092e,8,Field,Void
train/pd/2c8b1638daad092e_w14.png,2c8b1638daad092e,14,Field,Void
train/pd/2c8b1638daad092e_w15.png,2c8b1638daad092e,15,Field,Void
train/pd/2c8b1638daad092e_w16.png,2c8b1638daad092e,16,Field,Void
train/pd/2c8b1638daad092e_w20.png,2c8b1638daad092e,20,Field,Void
train/pd/2c8b1638daad092e_w26.png,2c8b1638daad092e,26,Field,Void
train/pd/2cf17d21dd36a3b0_w03.png,2cf17d21dd36a3b0,3,Lab,Void
train/pd/2cf17d21dd36a3b0_w11.png,2cf17d21dd36a3b0,11,Lab,Void
train/pd/2cf17d21dd36a3b0_w14.png,2cf17d21dd36a3b0,14,Lab,Void
train/pd/2cf17d21dd36a3b0_w17.png,2cf17d21dd36a3b0,17,Lab,Void
train/pd/2cf17d21dd36a3b0_w20.png,2cf17d21dd36a3b0,20,Lab,Void
train/pd/2cf17d21dd36a3b0_w21.png,2cf17d21dd36a3b0,21,Lab,Void
train/pd/2cf17d21dd36a3b0_w22.png,2cf17d21dd36a3b0,22,Lab,Void
train/pd/2cf17d21dd36a3b0_w23.png,2cf17d21dd36a3b0,23,Lab,Void
train/pd/2cfd47cb72373302_w05.png,2cfd47cb72373302,5,Lab,Particle
train/pd/2cfd47cb72373302_w07.png,2cfd47cb72373302,7,Lab,Particle
train/pd/2cfd47cb72373302_w11.png,2cfd47cb72373302,11,Lab,Particle
train/pd/2cfd47cb72373302_w15.png,2cfd47cb72373302,15,Lab,Particle
train/pd/2cfd47cb72373302_w20.png,2cfd47cb72373302,20,Lab,Particle
train/pd/2cfd47cb72373302_w22.png,2cfd47cb72373302,22,Lab,Particle
train/pd/2cfd47cb72373302_w23.png,2cfd47cb72373302,23,Lab,Particle
train/pd/2cfd47cb72373302_w25.png,2cfd47cb72373302,25,Lab,Particle
train/pd/2cff0c2067cd4a11_w08.png,2cff0c2067cd4a11,8,Lab,Void
train/pd/2cff0c2067cd4a11_w09.png,2cff0c2067cd4a11,9,Lab,Void
train/pd/2cff0c2067cd4a11_w12.png,2cff0c2067cd4a11,12,Lab,Void
train/pd/2cff0c2067cd4a11_w15.png,2cff0c2067cd4a11,15,Lab,Void
train/pd/2cff0c2067cd4a11_w16.png,2cff0c2067cd4a11,16,Lab,Void
train/pd/2cff0c2067cd4a11_w20.png,2cff0c2067cd4a11,20,Lab,Void
train/pd/2cff0c2067cd4a11_w22.png,2cff0c2067cd4a11,22,Lab,Void
train/pd/2cff0c2067cd4a11_w25.png,2cff0c2067cd4a11,25,Lab,Void
train/pd/2d24db42d115b71b_w00.png,2d24db42d115b71b,0,Lab,Particle
train/pd/2d24db42d115b71b_w02.png,2d24db42d115b71b,2,Lab,Particle
train/pd/2d24db42d115b71b_w03.png,2d24db42d115b71b,3,Lab,Particle
train/pd/2d24db42d115b71b_w06.png,2d24db42d115b71b,6,Lab,Particle
train/pd/2d24db42d115b71b_w09.png,2d24db42d115b71b,9,Lab,Particle
train/pd/2d24db42d115b71b_w11.png,2d24db42d115b71b,11,Lab,Particle
train/pd/2d24db42d115b71b_w21.png,2d24db42d115b71b,21,Lab,Particle
train/pd/2d24db42d115b71b_w25.png,2d24db42d115b71b,25,Lab,Particle
train/pd/2d2b764acb42ecd8_w02.png,2d2b764acb42ecd8,2,Lab,Void
train/pd/2d2b764acb42ecd8_w04.png,2d2b764acb42ecd8,4,Lab,Void
train/pd/2d2b764acb42ecd8_w06.png,2d2b764acb42ecd8,6,Lab,Void
train/pd/2d2b764acb42ecd8_w07.png,2d2b764acb42ecd8,7,Lab,Void
train/pd/2d2b764acb42ecd8_w08.png,2d2b764acb42ecd8,8,Lab,Void
train/pd/2d2b764acb42ecd8_w11.png,2d2b764acb42ecd8,11,Lab,Void
train/pd/2d2b764acb42ecd8_w16.png,2d2b764acb42ecd8,16,Lab,Void
train/pd/2d2b764acb42ecd8_w18.png,2d2b764acb42ecd8,18,Lab,Void
train/pd/2d4ffaabf4abcdf6_w01.png,2d4ffaabf4abcdf6,1,Lab,Floating
train/pd/2d4ffaabf4abcdf6_w04.png,2d4ffaabf4abcdf6,4,Lab,Floating
train/pd/2d4ffaabf4abcdf6_w05.png,2d4ffaabf4abcdf6,5,Lab,Floating
train/pd/2d4ffaabf4abcdf6_w08.png,2d4ffaabf4abcdf6,8,Lab,Floating
train/pd/2d4ffaabf4abcdf6_w09.png,2d4ffaabf4abcdf6,9,Lab,Floating
train/pd/2d4ffaabf4abcdf6_w10.png,2d4ffaabf4abcdf6,10,Lab,Floating
train/pd/2d4ffaabf4abcdf6_w15.png,2d4ffaabf4abcdf6,15,Lab,Floating
train/pd/2d4ffaabf4abcdf6_w17.png,2d4ffaabf4abcdf6,17,Lab,Floating
train/pd/2d53017050cd7013_w01.png,2d53017050cd7013,1,Lab,Floating
train/pd/2d53017050cd7013_w06.png,2d53017050cd7013,6,Lab,Floating
train/pd/2d53017050cd7013_w08.png,2d53017050cd7013,8,Lab,Floating
train/pd/2d53017050cd7013_w09.png,2d53017050cd7013,9,Lab,Floating
train/pd/2d53017050cd7013_w13.png,2d53017050cd7013,13,Lab,Floating
train/pd/2d53017050cd7013_w22.png,2d53017050cd7013,22,Lab,Floating
train/pd/2d53017050cd7013_w23.png,2d53017050cd7013,23,Lab,Floating
train/pd/2d53017050cd7013_w27.png,2d53017050cd7013,27,Lab,Floating
train/pd/2d89c6ef9d7b96ff_w02.png,2d89c6ef9d7b96ff,2,Lab,Corona
train/pd/2d89c6ef9d7b96ff_w07.png,2d89c6ef9d7b96ff,7,Lab,Corona
train/pd/2d89c6ef9d7b96ff_w09.png,2d89c6ef9d7b96ff,9,Lab,Corona
train/pd/2d89c6ef9d7b96ff_w14.png,2d89c6ef9d7b96ff,14,Lab,Corona
train/pd/2d89c6ef9d7b96ff_w15.png,2d89c6ef9d7b96ff,15,Lab,Corona
train/pd/2d89c6ef9d7b96ff_w19.png,2d89c6ef9d7b96ff,19,Lab,Corona
train/pd/2d89c6ef9d7b96ff_w22.png,2d89c6ef9d7b96ff,22,Lab,Corona
train/pd/2d89c6ef9d7b96ff_w24.png,2d89c6ef9d7b96ff,24,Lab,Corona
train/pd/2d9c8e4f1ed90a3e_w00.png,2d9c8e4f1ed90a3e,0,Lab,Corona
train/pd/2d9c8e4f1ed90a3e_w02.png,2d9c8e4f1ed90a3e,2,Lab,Corona
train/pd/2d9c8e4f1ed90a3e_w11.png,2d9c8e4f1ed90a3e,11,Lab,Corona
train/pd/2d9c8e4f1ed90a3e_w14.png,2d9c8e4f1ed90a3e,14,Lab,Corona
train/pd/2d9c8e4f1ed90a3e_w22.png,2d9c8e4f1ed90a3e,22,Lab,Corona
train/pd/2d9c8e4f1ed90a3e_w23.png,2d9c8e4f1ed90a3e,23,Lab,Corona
train/pd/2d9c8e4f1ed90a3e_w26.png,2d9c8e4f1ed90a3e,26,Lab,Corona
train/pd/2d9c8e4f1ed90a3e_w27.png,2d9c8e4f1ed90a3e,27,Lab,Corona
train/pd/2db9a43dba2682a8_w03.png,2db9a43dba2682a8,3,Lab,Corona
train/pd/2db9a43dba2682a8_w09.png,2db9a43dba2682a8,9,Lab,Corona
train/pd/2db9a43dba2682a8_w12.png,2db9a43dba2682a8,12,Lab,Corona
train/pd/2db9a43dba2682a8_w15.png,2db9a43dba2682a8,15,Lab,Corona
train/pd/2db9a43dba2682a8_w16.png,2db9a43dba2682a8,16,Lab,Corona
train/pd/2db9a43dba2682a8_w18.png,2db9a43dba2682a8,18,Lab,Corona
train/pd/2db9a43dba2682a8_w19.png,2db9a43dba2682a8,19,Lab,Corona
train/pd/2db9a43dba2682a8_w21.png,2db9a43dba2682a8,21,Lab,Corona
train/pd/2dd4bf023d29b9a3_w01.png,2dd4bf023d29b9a3,1,Lab,Corona
train/pd/2dd4bf023d29b9a3_w06.png,2dd4bf023d29b9a3,6,Lab,Corona
train/pd/2dd4bf023d29b9a3_w08.png,2dd4bf023d29b9a3,8,Lab,Corona
train/pd/2dd4bf023d29b9a3_w09.png,2dd4bf023d29b9a3,9,Lab,Corona
train/pd/2dd4bf023d29b9a3_w13.png,2dd4bf023d29b9a3,13,Lab,Corona
train/pd/2dd4bf023d29b9a3_w21.png,2dd4bf023d29b9a3,21,Lab,Corona
train/pd/2dd4bf023d29b9a3_w23.png,2dd4bf023d29b9a3,23,Lab,Corona
train/pd/2dd4bf023d29b9a3_w26.png,2dd4bf023d29b9a3,26,Lab,Corona
train/pd/2e39dc78c98cfb74_w01.png,2e39dc78c98cfb74,1,Lab,Void
train/pd/2e39dc78c98cfb74_w02.png,2e39dc78c98cfb74,2,Lab,Void
train/pd/2e39dc78c98cfb74_w04.png,2e39dc78c98cfb74,4,Lab,Void
train/pd/2e39dc78c98cfb74_w05.png,2e39dc78c98cfb74,5,Lab,Void
train/pd/2e39dc78c98cfb74_w06.png,2e39dc78c98cfb74,6,Lab,Void
train/pd/2e39dc78c98cfb74_w12.png,2e39dc78c98cfb74,12,Lab,Void
train/pd/2e39dc78c98cfb74_w15.png,2e39dc78c98cfb74,15,Lab,Void
train/pd/2e39dc78c98cfb74_w24.png,2e39dc78c98cfb74,24,Lab,Void
train/pd/2e57a807a3b8ac1b_w01.png,2e57a807a3b8ac1b,1,Lab,Void
train/pd/2e57a807a3b8ac1b_w04.png,2e57a807a3b8ac1b,4,Lab,Void
train/pd/2e57a807a3b8ac1b_w11.png,2e57a807a3b8ac1b,11,Lab,Void
train/pd/2e57a807a3b8ac1b_w16.png,2e57a807a3b8ac1b,16,Lab,Void
train/pd/2e57a807a3b8ac1b_w18.png,2e57a807a3b8ac1b,18,Lab,Void
train/pd/2e57a807a3b8ac1b_w19.png,2e57a807a3b8ac1b,19,Lab,Void
train/pd/2e57a807a3b8ac1b_w21.png,2e57a807a3b8ac1b,21,Lab,Void
train/pd/2e57a807a3b8ac1b_w26.png,2e57a807a3b8ac1b,26,Lab,Void
train/pd/2e6ac55704f0a37a_w03.png,2e6ac55704f0a37a,3,Field,Floating
train/pd/2e6ac55704f0a37a_w04.png,2e6ac55704f0a37a,4,Field,Floating
train/pd/2e6ac55704f0a37a_w05.png,2e6ac55704f0a37a,5,Field,Floating
train/pd/2e6ac55704f0a37a_w11.png,2e6ac55704f0a37a,11,Field,Floating
train/pd/2e6ac55704f0a37a_w17.png,2e6ac55704f0a37a,17,Field,Floating
train/pd/2e6ac55704f0a37a_w18.png,2e6ac55704f0a37a,18,Field,Floating
train/pd/2e6ac55704f0a37a_w20.png,2e6ac55704f0a37a,20,Field,Floating
train/pd/2e6ac55704f0a37a_w21.png,2e6ac55704f0a37a,21,Field,Floating
train/pd/2e70ba83ad1282f5_w03.png,2e70ba83ad1282f5,3,Lab,Corona
train/pd/2e70ba83ad1282f5_w10.png,2e70ba83ad1282f5,10,Lab,Corona
train/pd/2e70ba83ad1282f5_w13.png,2e70ba83ad1282f5,13,Lab,Corona
train/pd/2e70ba83ad1282f5_w14.png,2e70ba83ad1282f5,14,Lab,Corona
train/pd/2e70ba83ad1282f5_w16.png,2e70ba83ad1282f5,16,Lab,Corona
train/pd/2e70ba83ad1282f5_w17.png,2e70ba83ad1282f5,17,Lab,Corona
train/pd/2e70ba83ad1282f5_w21.png,2e70ba83ad1282f5,21,Lab,Corona
train/pd/2e70ba83ad1282f5_w25.png,2e70ba83ad1282f5,25,Lab,Corona
train/pd/2e986900bb82b2ad_w02.png,2e986900bb82b2ad,2,Lab,Particle
train/pd/2e986900bb82b2ad_w03.png,2e986900bb82b2ad,3,Lab,Particle
train/pd/2e986900bb82b2ad_w05.png,2e986900bb82b2ad,5,Lab,Particle
train/pd/2e986900bb82b2ad_w09.png,2e986900bb82b2ad,9,Lab,Particle
train/pd/2e986900bb82b2ad_w14.png,2e986900bb82b2ad,14,Lab,Particle
train/pd/2e986900bb82b2ad_w16.png,2e986900bb82b2ad,16,Lab,Particle
train/pd/2e986900bb82b2ad_w23.png,2e986900bb82b2ad,23,Lab,Particle
train/pd/2e986900bb82b2ad_w24.png,2e986900bb82b2ad,24,Lab,Particle
train/pd/2ea9d13832fcbac0_w00.png,2ea9d13832fcbac0,0,Field,Void
train/pd/2ea9d13832fcbac0_w05.png,2ea9d13832fcbac0,5,Field,Void
train/pd/2ea9d13832fcbac0_w06.png,2ea9d13832fcbac0,6,Field,Void
train/pd/2ea9d13832fcbac0_w12.png,2ea9d13832fcbac0,12,Field,Void
train/pd/2ea9d13832fcbac0_w14.png,2ea9d13832fcbac0,14,Field,Void
train/pd/2ea9d13832fcbac0_w17.png,2ea9d13832fcbac0,17,Field,Void
train/pd/2ea9d13832fcbac0_w21.png,2ea9d13832fcbac0,21,Field,Void
train/pd/2ea9d13832fcbac0_w23.png,2ea9d13832fcbac0,23,Field,Void
train/pd/2ed6e4965873664d_w06.png,2ed6e4965873664d,6,Lab,Corona
train/pd/2ed6e4965873664d_w08.png,2ed6e4965873664d,8,Lab,Corona
train/pd/2ed6e4965873664d_w10.png,2ed6e4965873664d,10,Lab,Corona
train/pd/2ed6e4965873664d_w12.png,2ed6e4965873664d,12,Lab,Corona
train/pd/2ed6e4965873664d_w13.png,2ed6e4965873664d,13,Lab,Corona
train/pd/2ed6e4965873664d_w16.png,2ed6e4965873664d,16,Lab,Corona
train/pd/2ed6e4965873664d_w17.png,2ed6e4965873664d,17,Lab,Corona
train/pd/2ed6e4965873664d_w22.png,2ed6e4965873664d,22,Lab,Corona
train/pd/2efaa434169b3160_w01.png,2efaa434169b3160,1,Lab,Corona
train/pd/2efaa434169b3160_w02.png,2efaa434169b3160,2,Lab,Corona
train/pd/2efaa434169b3160_w08.png,2efaa434169b3160,8,Lab,Corona
train/pd/2efaa434169b3160_w12.png,2efaa434169b3160,12,Lab,Corona
train/pd/2efaa434169b3160_w14.png,2efaa434169b3160,14,Lab,Corona
train/pd/2efaa434169b3160_w15.png,2efaa434169b3160,15,Lab,Corona
train/pd/2efaa434169b3160_w19.png,2efaa434169b3160,19,Lab,Corona
train/pd/2efaa434169b3160_w27.png,2efaa434169b3160,27,Lab,Corona
train/pd/2f0c7f37cfe5334f_w01.png,2f0c7f37cfe5334f,1,Lab,Particle
train/pd/2f0c7f37cfe5334f_w02.png,2f0c7f37cfe5334f,2,Lab,Particle
train/pd/2f0c7f37cfe5334f_w08.png,2f0c7f37cfe5334f,8,Lab,Particle
train/pd/2f0c7f37cfe5334f_w10.png,2f0c7f37cfe5334f,10,Lab,Particle
train/pd/2f0c7f37cfe5334f_w11.png,2f0c7f37cfe5334f,11,Lab,Particle
train/pd/2f0c7f37cfe5334f_w12.png,2f0c7f37cfe5334f,12,Lab,Particle
train/pd/2f0c7f37cfe5334f_w18.png,2f0c7f37cfe5334f,18,Lab,Particle
train/pd/2f0c7f37cfe5334f_w27.png,2f0c7f37cfe5334f,27,Lab,Particle
train/pd/2f15120639c50051_w05.png,2f15120639c50051,5,Field,Void
train/pd/2f15120639c50051_w08.png,2f15120639c50051,8,Field,Void
train/pd/2f15120639c50051_w15.png,2f15120639c50051,15,Field,Void
train/pd/2f15120639c50051_w17.png,2f15120639c50051,17,Field,Void
train/pd/2f15120639c50051_w21.png,2f15120639c50051,21,Field,Void
train/pd/2f15120639c50051_w22.png,2f15120639c50051,22,Field,Void
train/pd/2f15120639c50051_w26.png,2f15120639c50051,26,Field,Void
train/pd/2f15120639c50051_w27.png,2f15120639c50051,27,Field,Void
train/pd/2f47df54f08e9cb3_w04.png,2f47df54f08e9cb3,4,Lab,Floating
train/pd/2f47df54f08e9cb3_w06.png,2f47df54f08e9cb3,6,Lab,Floating
train/pd/2f47df54f08e9cb3_w09.png,2f47df54f08e9cb3,9,Lab,Floating
train/pd/2f47df54f08e9cb3_w12.png,2f47df54f08e9cb3,12,Lab,Floating
train/pd/2f47df54f08e9cb3_w18.png,2f47df54f08e9cb3,18,Lab,Floating
train/pd/2f47df54f08e9cb3_w22.png,2f47df54f08e9cb3,22,Lab,Floating
train/pd/2f47df54f08e9cb3_w24.png,2f47df54f08e9cb3,24,Lab,Floating
train/pd/2f47df54f08e9cb3_w27.png,2f47df54f08e9cb3,27,Lab,Floating
train/pd/2f4e9d39fea452f8_w01.png,2f4e9d39fea452f8,1,Field,Void
train/pd/2f4e9d39fea452f8_w04.png,2f4e9d39fea452f8,4,Field,Void
train/pd/2f4e9d39fea452f8_w06.png,2f4e9d39fea452f8,6,Field,Void
train/pd/2f4e9d39fea452f8_w07.png,2f4e9d39fea452f8,7,Field,Void
train/pd/2f4e9d39fea452f8_w09.png,2f4e9d39fea452f8,9,Field,Void
train/pd/2f4e9d39fea452f8_w15.png,2f4e9d39fea452f8,15,Field,Void
train/pd/2f4e9d39fea452f8_w19.png,2f4e9d39fea452f8,19,Field,Void
train/pd/2f4e9d39fea452f8_w20.png,2f4e9d39fea452f8,20,Field,Void
train/pd/2f66eca5cc60254a_w04.png,2f66eca5cc60254a,4,Lab,Corona
train/pd/2f66eca5cc60254a_w11.png,2f66eca5cc60254a,11,Lab,Corona
train/pd/2f66eca5cc60254a_w12.png,2f66eca5cc60254a,12,Lab,Corona
train/pd/2f66eca5cc60254a_w13.png,2f66eca5cc60254a,13,Lab,Corona
train/pd/2f66eca5cc60254a_w14.png,2f66eca5cc60254a,14,Lab,Corona
train/pd/2f66eca5cc60254a_w15.png,2f66eca5cc60254a,15,Lab,Corona
train/pd/2f66eca5cc60254a_w17.png,2f66eca5cc60254a,17,Lab,Corona
train/pd/2f66eca5cc60254a_w20.png,2f66eca5cc60254a,20,Lab,Corona
train/pd/2fa0305ec021c955_w00.png,2fa0305ec021c955,0,Lab,Floating
train/pd/2fa0305ec021c955_w01.png,2fa0305ec021c955,1,Lab,Floating
train/pd/2fa0305ec021c955_w04.png,2fa0305ec021c955,4,Lab,Floating
train/pd/2fa0305ec021c955_w06.png,2fa0305ec021c955,6,Lab,Floating
train/pd/2fa0305ec021c955_w11.png,2fa0305ec021c955,11,Lab,Floating
train/pd/2fa0305ec021c955_w17.png,2fa0305ec021c955,17,Lab,Floating
train/pd/2fa0305ec021c955_w20.png,2fa0305ec021c955,20,Lab,Floating
train/pd/2fa0305ec021c955_w22.png,2fa0305ec021c955,22,Lab,Floating
train/pd/2fa875d4af9c0c13_w03.png,2fa875d4af9c0c13,3,Lab,Void
train/pd/2fa875d4af9c0c13_w04.png,2fa875d4af9c0c13,4,Lab,Void
train/pd/2fa875d4af9c0c13_w05.png,2fa875d4af9c0c13,5,Lab,Void
train/pd/2fa875d4af9c0c13_w08.png,2fa875d4af9c0c13,8,Lab,Void
train/pd/2fa875d4af9c0c13_w09.png,2fa875d4af9c0c13,9,Lab,Void
train/pd/2fa875d4af9c0c13_w11.png,2fa875d4af9c0c13,11,Lab,Void
train/pd/2fa875d4af9c0c13_w17.png,2fa875d4af9c0c13,17,Lab,Void
train/pd/2fa875d4af9c0c13_w21.png,2fa875d4af9c0c13,21,Lab,Void
train/pd/2fb5f2ade9c0a6bf_w10.png,2fb5f2ade9c0a6bf,10,Lab,Floating
train/pd/2fb5f2ade9c0a6bf_w15.png,2fb5f2ade9c0a6bf,15,Lab,Floating
train/pd/2fb5f2ade9c0a6bf_w16.png,2fb5f2ade9c0a6bf,16,Lab,Floating
train/pd/2fb5f2ade9c0a6bf_w18.png,2fb5f2ade9c0a6bf,18,Lab,Floating
train/pd/2fb5f2ade9c0a6bf_w19.png,2fb5f2ade9c0a6bf,19,Lab,Floating
train/pd/2fb5f2ade9c0a6bf_w20.png,2fb5f2ade9c0a6bf,20,Lab,Floating
train/pd/2fb5f2ade9c0a6bf_w25.png,2fb5f2ade9c0a6bf,25,Lab,Floating
train/pd/2fb5f2ade9c0a6bf_w27.png,2fb5f2ade9c0a6bf,27,Lab,Floating
train/pd/2fbb90fca601c29c_w04.png,2fbb90fca601c29c,4,Lab,Corona
train/pd/2fbb90fca601c29c_w05.png,2fbb90fca601c29c,5,Lab,Corona
train/pd/2fbb90fca601c29c_w09.png,2fbb90fca601c29c,9,Lab,Corona
train/pd/2fbb90fca601c29c_w11.png,2fbb90fca601c29c,11,Lab,Corona
train/pd/2fbb90fca601c29c_w14.png,2fbb90fca601c29c,14,Lab,Corona
train/pd/2fbb90fca601c29c_w15.png,2fbb90fca601c29c,15,Lab,Corona
train/pd/2fbb90fca601c29c_w24.png,2fbb90fca601c29c,24,Lab,Corona
train/pd/2fbb90fca601c29c_w27.png,2fbb90fca601c29c,27,Lab,Corona
train/pd/2fd0787550510056_w00.png,2fd0787550510056,0,Lab,Void
train/pd/2fd0787550510056_w04.png,2fd0787550510056,4,Lab,Void
train/pd/2fd0787550510056_w06.png,2fd0787550510056,6,Lab,Void
train/pd/2fd0787550510056_w08.png,2fd0787550510056,8,Lab,Void
train/pd/2fd0787550510056_w16.png,2fd0787550510056,16,Lab,Void
train/pd/2fd0787550510056_w19.png,2fd0787550510056,19,Lab,Void
train/pd/2fd0787550510056_w20.png,2fd0787550510056,20,Lab,Void
train/pd/2fd0787550510056_w25.png,2fd0787550510056,25,Lab,Void
train/pd/2fd9cef669598089_w07.png,2fd9cef669598089,7,Lab,Void
train/pd/2fd9cef669598089_w10.png,2fd9cef669598089,10,Lab,Void
train/pd/2fd9cef669598089_w12.png,2fd9cef669598089,12,Lab,Void
train/pd/2fd9cef669598089_w15.png,2fd9cef669598089,15,Lab,Void
train/pd/2fd9cef669598089_w17.png,2fd9cef669598089,17,Lab,Void
train/pd/2fd9cef669598089_w18.png,2fd9cef669598089,18,Lab,Void
train/pd/2fd9cef669598089_w20.png,2fd9cef669598089,20,Lab,Void
train/pd/2fd9cef669598089_w23.png,2fd9cef669598089,23,Lab,Void
train/pd/2fe5b4aa89f0170c_w03.png,2fe5b4aa89f0170c,3,Lab,Void
train/pd/2fe5b4aa89f0170c_w07.png,2fe5b4aa89f0170c,7,Lab,Void
train/pd/2fe5b4aa89f0170c_w10.png,2fe5b4aa89f0170c,10,Lab,Void
train/pd/2fe5b4aa89f0170c_w15.png,2fe5b4aa89f0170c,15,Lab,Void
train/pd/2fe5b4aa89f0170c_w19.png,2fe5b4aa89f0170c,19,Lab,Void
train/pd/2fe5b4aa89f0170c_w20.png,2fe5b4aa89f0170c,20,Lab,Void
train/pd/2fe5b4aa89f0170c_w23.png,2fe5b4aa89f0170c,23,Lab,Void
train/pd/2fe5b4aa89f0170c_w27.png,2fe5b4aa89f0170c,27,Lab,Void
train/pd/2fecec3bd373061e_w00.png,2fecec3bd373061e,0,Lab,Void
train/pd/2fecec3bd373061e_w02.png,2fecec3bd373061e,2,Lab,Void
train/pd/2fecec3bd373061e_w06.png,2fecec3bd373061e,6,Lab,Void
train/pd/2fecec3bd373061e_w10.png,2fecec3bd373061e,10,Lab,Void
train/pd/2fecec3bd373061e_w11.png,2fecec3bd373061e,11,Lab,Void
train/pd/2fecec3bd373061e_w13.png,2fecec3bd373061e,13,Lab,Void
train/pd/2fecec3bd373061e_w20.png,2fecec3bd373061e,20,Lab,Void
train/pd/2fecec3bd373061e_w21.png,2fecec3bd373061e,21,Lab,Void
train/pd/300c94601b35e04d_w01.png,300c94601b35e04d,1,Lab,Floating
train/pd/300c94601b35e04d_w05.png,300c94601b35e04d,5,Lab,Floating
train/pd/300c94601b35e04d_w08.png,300c94601b35e04d,8,Lab,Floating
train/pd/300c94601b35e04d_w10.png,300c94601b35e04d,10,Lab,Floating
train/pd/300c94601b35e04d_w15.png,300c94601b35e04d,15,Lab,Floating
train/pd/300c94601b35e04d_w19.png,300c94601b35e04d,19,Lab,Floating
train/pd/300c94601b35e04d_w20.png,300c94601b35e04d,20,Lab,Floating
train/pd/300c94601b35e04d_w21.png,300c94601b35e04d,21,Lab,Floating
train/pd/302d139824a5e72b_w02.png,302d139824a5e72b,2,Lab,Void
train/pd/302d139824a5e72b_w04.png,302d139824a5e72b,4,Lab,Void
train/pd/302d139824a5e72b_w06.png,302d139824a5e72b,6,Lab,Void
train/pd/302d139824a5e72b_w09.png,302d139824a5e72b,9,Lab,Void
train/pd/302d139824a5e72b_w12.png,302d139824a5e72b,12,Lab,Void
train/pd/302d139824a5e72b_w19.png,302d139824a5e72b,19,Lab,Void
train/pd/302d139824a5e72b_w24.png,302d139824a5e72b,24,Lab,Void
train/pd/302d139824a5e72b_w26.png,302d139824a5e72b,26,Lab,Void
train/pd/30405246670fe7c8_w01.png,30405246670fe7c8,1,Lab,Corona
train/pd/30405246670fe7c8_w07.png,30405246670fe7c8,7,Lab,Corona
train/pd/30405246670fe7c8_w19.png,30405246670fe7c8,19,Lab,Corona
train/pd/30405246670fe7c8_w22.png,30405246670fe7c8,22,Lab,Corona
train/pd/30405246670fe7c8_w23.png,30405246670fe7c8,23,Lab,Corona
train/pd/30405246670fe7c8_w24.png,30405246670fe7c8,24,Lab,Corona
train/pd/30405246670fe7c8_w26.png,30405246670fe7c8,26,Lab,Corona
train/pd/30405246670fe7c8_w27.png,30405246670fe7c8,27,Lab,Corona
train/pd/308a740df87fd772_w01.png,308a740df87fd772,1,Lab,Void
train/pd/308a740df87fd772_w03.png,308a740df87fd772,3,Lab,Void
train/pd/308a740df87fd772_w04.png,308a740df87fd772,4,Lab,Void
train/pd/308a740df87fd772_w09.png,308a740df87fd772,9,Lab,Void
train/pd/308a740df87fd772_w16.png,308a740df87fd772,16,Lab,Void
train/pd/308a740df87fd772_w18.png,308a740df87fd772,18,Lab,Void
train/pd/308a740df87fd772_w20.png,308a740df87fd772,20,Lab,Void
train/pd/308a740df87fd772_w22.png,308a740df87fd772,22,Lab,Void
train/pd/30e411692f6d3b54_w00.png,30e411692f6d3b54,0,Lab,Floating
train/pd/30e411692f6d3b54_w03.png,30e411692f6d3b54,3,Lab,Floating
train/pd/30e411692f6d3b54_w11.png,30e411692f6d3b54,11,Lab,Floating
train/pd/30e411692f6d3b54_w13.png,30e411692f6d3b54,13,Lab,Floating
train/pd/30e411692f6d3b54_w14.png,30e411692f6d3b54,14,Lab,Floating
train/pd/30e411692f6d3b54_w20.png,30e411692f6d3b54,20,Lab,Floating
train/pd/30e411692f6d3b54_w22.png,30e411692f6d3b54,22,Lab,Floating
train/pd/30e411692f6d3b54_w23.png,30e411692f6d3b54,23,Lab,Floating
train/pd/312834409915c517_w03.png,312834409915c517,3,Lab,Void
train/pd/312834409915c517_w05.png,312834409915c517,5,Lab,Void
train/pd/312834409915c517_w06.png,312834409915c517,6,Lab,Void
train/pd/312834409915c517_w07.png,312834409915c517,7,Lab,Void
train/pd/312834409915c517_w09.png,312834409915c517,9,Lab,Void
train/pd/312834409915c517_w11.png,312834409915c517,11,Lab,Void
train/pd/312834409915c517_w17.png,312834409915c517,17,Lab,Void
train/pd/312834409915c517_w18.png,312834409915c517,18,Lab,Void
train/pd/31323f2ec5af1ec7_w01.png,31323f2ec5af1ec7,1,Lab,Void
train/pd/31323f2ec5af1ec7_w05.png,31323f2ec5af1ec7,5,Lab,Void
train/pd/31323f2ec5af1ec7_w12.png,31323f2ec5af1ec7,12,Lab,Void
train/pd/31323f2ec5af1ec7_w16.png,31323f2ec5af1ec7,16,Lab,Void
train/pd/31323f2ec5af1ec7_w17.png,31323f2ec5af1ec7,17,Lab,Void
train/pd/31323f2ec5af1ec7_w20.png,31323f2ec5af1ec7,20,Lab,Void
train/pd/31323f2ec5af1ec7_w26.png,31323f2ec5af1ec7,26,Lab,Void
train/pd/31323f2ec5af1ec7_w27.png,31323f2ec5af1ec7,27,Lab,Void
train/pd/3148c0e364a6a6f5_w03.png,3148c0e364a6a6f5,3,Lab,Void
train/pd/3148c0e364a6a6f5_w04.png,3148c0e364a6a6f5,4,Lab,Void
train/pd/3148c0e364a6a6f5_w05.png,3148c0e364a6a6f5,5,Lab,Void
train/pd/3148c0e364a6a6f5_w06.png,3148c0e364a6a6f5,6,Lab,Void
train/pd/3148c0e364a6a6f5_w19.png,3148c0e364a6a6f5,19,Lab,Void
train/pd/3148c0e364a6a6f5_w20.png,3148c0e364a6a6f5,20,Lab,Void
train/pd/3148c0e364a6a6f5_w22.png,3148c0e364a6a6f5,22,Lab,Void
train/pd/3148c0e364a6a6f5_w23.png,3148c0e364a6a6f5,23,Lab,Void
train/pd/31aaaa7bc08a2ff9_w01.png,31aaaa7bc08a2ff9,1,Lab,Void
train/pd/31aaaa7bc08a2ff9_w04.png,31aaaa7bc08a2ff9,4,Lab,Void
train/pd/31aaaa7bc08a2ff9_w11.png,31aaaa7bc08a2ff9,11,Lab,Void
train/pd/31aaaa7bc08a2ff9_w15.png,31aaaa7bc08a2ff9,15,Lab,Void
train/pd/31aaaa7bc08a2ff9_w16.png,31aaaa7bc08a2ff9,16,Lab,Void
train/pd/31aaaa7bc08a2ff9_w19.png,31aaaa7bc08a2ff9,19,Lab,Void
train/pd/31aaaa7bc08a2ff9_w20.png,31aaaa7bc08a2ff9,20,Lab,Void
train/pd/31aaaa7bc08a2ff9_w25.png,31aaaa7bc08a2ff9,25,Lab,Void
train/pd/31c3b507a259b225_w00.png,31c3b507a259b225,0,Lab,Floating
train/pd/31c3b507a259b225_w01.png,31c3b507a259b225,1,Lab,Floating
train/pd/31c3b507a259b225_w03.png,31c3b507a259b225,3,Lab,Floating
train/pd/31c3b507a259b225_w10.png,31c3b507a259b225,10,Lab,Floating
train/pd/31c3b507a259b225_w14.png,31c3b507a259b225,14,Lab,Floating
train/pd/31c3b507a259b225_w16.png,31c3b507a259b225,16,Lab,Floating
train/pd/31c3b507a259b225_w18.png,31c3b507a259b225,18,Lab,Floating
train/pd/31c3b507a259b225_w20.png,31c3b507a259b225,20,Lab,Floating
train/pd/31ebe78086756fd2_w02.png,31ebe78086756fd2,2,Field,Void
train/pd/31ebe78086756fd2_w07.png,31ebe78086756fd2,7,Field,Void
train/pd/31ebe78086756fd2_w10.png,31ebe78086756fd2,10,Field,Void
train/pd/31ebe78086756fd2_w11.png,31ebe78086756fd2,11,Field,Void
train/pd/31ebe78086756fd2_w20.png,31ebe78086756fd2,20,Field,Void
train/pd/31ebe78086756fd2_w21.png,31ebe78086756fd2,21,Field,Void
train/pd/31ebe78086756fd2_w24.png,31ebe78086756fd2,24,Field,Void
train/pd/31ebe78086756fd2_w25.png,31ebe78086756fd2,25,Field,Void
train/pd/32030b1d03ce1139_w05.png,32030b1d03ce1139,5,Field,Void
train/pd/32030b1d03ce1139_w06.png,32030b1d03ce1139,6,Field,Void
train/pd/32030b1d03ce1139_w08.png,32030b1d03ce1139,8,Field,Void
train/pd/32030b1d03ce1139_w09.png,32030b1d03ce1139,9,Field,Void
train/pd/32030b1d03ce1139_w10.png,32030b1d03ce1139,10,Field,Void
train/pd/32030b1d03ce1139_w16.png,32030b1d03ce1139,16,Field,Void
train/pd/32030b1d03ce1139_w23.png,32030b1d03ce1139,23,Field,Void
train/pd/32030b1d03ce1139_w24.png,32030b1d03ce1139,24,Field,Void
train/pd/321c79123f8739de_w09.png,321c79123f8739de,9,Lab,Void
train/pd/321c79123f8739de_w10.png,321c79123f8739de,10,Lab,Void
train/pd/321c79123f8739de_w15.png,321c79123f8739de,15,Lab,Void
train/pd/321c79123f8739de_w18.png,321c79123f8739de,18,Lab,Void
train/pd/321c79123f8739de_w20.png,321c79123f8739de,20,Lab,Void
train/pd/321c79123f8739de_w22.png,321c79123f8739de,22,Lab,Void
train/pd/321c79123f8739de_w25.png,321c79123f8739de,25,Lab,Void
train/pd/321c79123f8739de_w27.png,321c79123f8739de,27,Lab,Void
train/pd/32384f6b2fa9d513_w06.png,32384f6b2fa9d513,6,Lab,Floating
train/pd/32384f6b2fa9d513_w08.png,32384f6b2fa9d513,8,Lab,Floating
train/pd/32384f6b2fa9d513_w11.png,32384f6b2fa9d513,11,Lab,Floating
train/pd/32384f6b2fa9d513_w13.png,32384f6b2fa9d513,13,Lab,Floating
train/pd/32384f6b2fa9d513_w14.png,32384f6b2fa9d513,14,Lab,Floating
train/pd/32384f6b2fa9d513_w24.png,32384f6b2fa9d513,24,Lab,Floating
train/pd/32384f6b2fa9d513_w25.png,32384f6b2fa9d513,25,Lab,Floating
train/pd/32384f6b2fa9d513_w27.png,32384f6b2fa9d513,27,Lab,Floating
train/pd/3278edbf94eb214a_w01.png,3278edbf94eb214a,1,Lab,Corona
train/pd/3278edbf94eb214a_w05.png,3278edbf94eb214a,5,Lab,Corona
train/pd/3278edbf94eb214a_w08.png,3278edbf94eb214a,8,Lab,Corona
train/pd/3278edbf94eb214a_w11.png,3278edbf94eb214a,11,Lab,Corona
train/pd/3278edbf94eb214a_w13.png,3278edbf94eb214a,13,Lab,Corona
train/pd/3278edbf94eb214a_w19.png,3278edbf94eb214a,19,Lab,Corona
train/pd/3278edbf94eb214a_w22.png,3278edbf94eb214a,22,Lab,Corona
train/pd/3278edbf94eb214a_w26.png,3278edbf94eb214a,26,Lab,Corona
train/pd/32b4fdd3463cfc7a_w01.png,32b4fdd3463cfc7a,1,Lab,Particle
train/pd/32b4fdd3463cfc7a_w02.png,32b4fdd3463cfc7a,2,Lab,Particle
train/pd/32b4fdd3463cfc7a_w07.png,32b4fdd3463cfc7a,7,Lab,Particle
train/pd/32b4fdd3463cfc7a_w14.png,32b4fdd3463cfc7a,14,Lab,Particle
train/pd/32b4fdd3463cfc7a_w15.png,32b4fdd3463cfc7a,15,Lab,Particle
train/pd/32b4fdd3463cfc7a_w17.png,32b4fdd3463cfc7a,17,Lab,Particle
train/pd/32b4fdd3463cfc7a_w19.png,32b4fdd3463cfc7a,19,Lab,Particle
train/pd/32b4fdd3463cfc7a_w26.png,32b4fdd3463cfc7a,26,Lab,Particle
train/pd/32bde353de89eeb2_w02.png,32bde353de89eeb2,2,Lab,Void
train/pd/32bde353de89eeb2_w03.png,32bde353de89eeb2,3,Lab,Void
train/pd/32bde353de89eeb2_w04.png,32bde353de89eeb2,4,Lab,Void
train/pd/32bde353de89eeb2_w09.png,32bde353de89eeb2,9,Lab,Void
train/pd/32bde353de89eeb2_w10.png,32bde353de89eeb2,10,Lab,Void
train/pd/32bde353de89eeb2_w13.png,32bde353de89eeb2,13,Lab,Void
train/pd/32bde353de89eeb2_w16.png,32bde353de89eeb2,16,Lab,Void
train/pd/32bde353de89eeb2_w21.png,32bde353de89eeb2,21,Lab,Void
train/pd/33071a04aac5ba3e_w04.png,33071a04aac5ba3e,4,Lab,Corona
train/pd/33071a04aac5ba3e_w06.png,33071a04aac5ba3e,6,Lab,Corona
train/pd/33071a04aac5ba3e_w17.png,33071a04aac5ba3e,17,Lab,Corona
train/pd/33071a04aac5ba3e_w21.png,33071a04aac5ba3e,21,Lab,Corona
train/pd/33071a04aac5ba3e_w22.png,33071a04aac5ba3e,22,Lab,Corona
train/pd/33071a04aac5ba3e_w23.png,33071a04aac5ba3e,23,Lab,Corona
train/pd/33071a04aac5ba3e_w26.png,33071a04aac5ba3e,26,Lab,Corona
train/pd/33071a04aac5ba3e_w27.png,33071a04aac5ba3e,27,Lab,Corona
train/pd/33166ce915884282_w02.png,33166ce915884282,2,Field,Void
train/pd/33166ce915884282_w04.png,33166ce915884282,4,Field,Void
train/pd/33166ce915884282_w15.png,33166ce915884282,15,Field,Void
train/pd/33166ce915884282_w17.png,33166ce915884282,17,Field,Void
train/pd/33166ce915884282_w18.png,33166ce915884282,18,Field,Void
train/pd/33166ce915884282_w22.png,33166ce915884282,22,Field,Void
train/pd/33166ce915884282_w23.png,33166ce915884282,23,Field,Void
train/pd/33166ce915884282_w25.png,33166ce915884282,25,Field,Void
train/pd/342241b7ad4443ac_w02.png,342241b7ad4443ac,2,Lab,Floating
train/pd/342241b7ad4443ac_w07.png,342241b7ad4443ac,7,Lab,Floating
train/pd/342241b7ad4443ac_w10.png,342241b7ad4443ac,10,Lab,Floating
train/pd/342241b7ad4443ac_w13.png,342241b7ad4443ac,13,Lab,Floating
train/pd/342241b7ad4443ac_w14.png,342241b7ad4443ac,14,Lab,Floating
train/pd/342241b7ad4443ac_w21.png,342241b7ad4443ac,21,Lab,Floating
train/pd/342241b7ad4443ac_w24.png,342241b7ad4443ac,24,Lab,Floating
train/pd/342241b7ad4443ac_w25.png,342241b7ad4443ac,25,Lab,Floating
train/pd/3434d6836c7d4a22_w06.png,3434d6836c7d4a22,6,Lab,Void
train/pd/3434d6836c7d4a22_w08.png,3434d6836c7d4a22,8,Lab,Void
train/pd/3434d6836c7d4a22_w10.png,3434d6836c7d4a22,10,Lab,Void
train/pd/3434d6836c7d4a22_w13.png,3434d6836c7d4a22,13,Lab,Void
train/pd/3434d6836c7d4a22_w15.png,3434d6836c7d4a22,15,Lab,Void
train/pd/3434d6836c7d4a22_w21.png,3434d6836c7d4a22,21,Lab,Void
train/pd/3434d6836c7d4a22_w23.png,3434d6836c7d4a22,23,Lab,Void
train/pd/3434d6836c7d4a22_w24.png,3434d6836c7d4a22,24,Lab,Void
train/pd/343e2d608cb97198_w00.png,343e2d608cb97198,0,Lab,Void
train/pd/343e2d608cb97198_w02.png,343e2d608cb97198,2,Lab,Void
train/pd/343e2d608cb97198_w06.png,343e2d608cb97198,6,Lab,Void
train/pd/343e2d608cb97198_w07.png,343e2d608cb97198,7,Lab,Void
train/pd/343e2d608cb97198_w15.png,343e2d608cb97198,15,Lab,Void
train/pd/343e2d608cb97198_w21.png,343e2d608cb97198,21,Lab,Void
train/pd/343e2d608cb97198_w23.png,343e2d608cb97198,23,Lab,Void
train/pd/343e2d608cb97198_w25.png,343e2d608cb97198,25,Lab,Void
train/pd/34416ff885fbeff6_w01.png,34416ff885fbeff6,1,Lab,Floating
train/pd/34416ff885fbeff6_w05.png,34416ff885fbeff6,5,Lab,Floating
train/pd/34416ff885fbeff6_w08.png,34416ff885fbeff6,8,Lab,Floating
train/pd/34416ff885fbeff6_w12.png,34416ff885fbeff6,12,Lab,Floating
train/pd/34416ff885fbeff6_w15.png,34416ff885fbeff6,15,Lab,Floating
train/pd/34416ff885fbeff6_w19.png,34416ff885fbeff6,19,Lab,Floating
train/pd/34416ff885fbeff6_w21.png,34416ff885fbeff6,21,Lab,Floating
train/pd/34416ff885fbeff6_w27.png,34416ff885fbeff6,27,Lab,Floating
train/pd/34657b6b8ea25609_w00.png,34657b6b8ea25609,0,Lab,Void
train/pd/34657b6b8ea25609_w01.png,34657b6b8ea25609,1,Lab,Void
train/pd/34657b6b8ea25609_w05.png,34657b6b8ea25609,5,Lab,Void
train/pd/34657b6b8ea25609_w12.png,34657b6b8ea25609,12,Lab,Void
train/pd/34657b6b8ea25609_w19.png,34657b6b8ea25609,19,Lab,Void
train/pd/34657b6b8ea25609_w21.png,34657b6b8ea25609,21,Lab,Void
train/pd/34657b6b8ea25609_w26.png,34657b6b8ea25609,26,Lab,Void
train/pd/34657b6b8ea25609_w27.png,34657b6b8ea25609,27,Lab,Void
train/pd/34824892fccfa8a4_w00.png,34824892fccfa8a4,0,Field,Void
train/pd/34824892fccfa8a4_w10.png,34824892fccfa8a4,10,Field,Void
train/pd/34824892fccfa8a4_w13.png,34824892fccfa8a4,13,Field,Void
train/pd/34824892fccfa8a4_w16.png,34824892fccfa8a4,16,Field,Void
train/pd/34824892fccfa8a4_w19.png,34824892fccfa8a4,19,Field,Void
train/pd/34824892fccfa8a4_w23.png,34824892fccfa8a4,23,Field,Void
train/pd/34824892fccfa8a4_w24.png,34824892fccfa8a4,24,Field,Void
train/pd/34824892fccfa8a4_w27.png,34824892fccfa8a4,27,Field,Void
train/pd/348f558d0b706c33_w05.png,348f558d0b706c33,5,Field,Void
train/pd/348f558d0b706c33_w06.png,348f558d0b706c33,6,Field,Void
train/pd/348f558d0b706c33_w08.png,348f558d0b706c33,8,Field,Void
train/pd/348f558d0b706c33_w09.png,348f558d0b706c33,9,Field,Void
train/pd/348f558d0b706c33_w12.png,348f558d0b706c33,12,Field,Void
train/pd/348f558d0b706c33_w13.png,348f558d0b706c33,13,Field,Void
train/pd/348f558d0b706c33_w19.png,348f558d0b706c33,19,Field,Void
train/pd/348f558d0b706c33_w21.png,348f558d0b706c33,21,Field,Void
train/pd/349696d7631b8d0e_w01.png,349696d7631b8d0e,1,Lab,Particle
train/pd/349696d7631b8d0e_w04.png,349696d7631b8d0e,4,Lab,Particle
train/pd/349696d7631b8d0e_w06.png,349696d7631b8d0e,6,Lab,Particle
train/pd/349696d7631b8d0e_w07.png,349696d7631b8d0e,7,Lab,Particle
train/pd/349696d7631b8d0e_w12.png,349696d7631b8d0e,12,Lab,Particle
train/pd/349696d7631b8d0e_w20.png,349696d7631b8d0e,20,Lab,Particle
train/pd/349696d7631b8d0e_w23.png,349696d7631b8d0e,23,Lab,Particle
train/pd/349696d7631b8d0e_w25.png,349696d7631b8d0e,25,Lab,Particle
train/pd/34d3338665ede193_w03.png,34d3338665ede193,3,Lab,Floating
train/pd/34d3338665ede193_w04.png,34d3338665ede193,4,Lab,Floating
train/pd/34d3338665ede193_w09.png,34d3338665ede193,9,Lab,Floating
train/pd/34d3338665ede193_w12.png,34d3338665ede193,12,Lab,Floating
train/pd/34d3338665ede193_w13.png,34d3338665ede193,13,Lab,Floating
train/pd/34d3338665ede193_w14.png,34d3338665ede193,14,Lab,Floating
train/pd/34d3338665ede193_w17.png,34d3338665ede193,17,Lab,Floating
train/pd/34d3338665ede193_w19.png,34d3338665ede193,19,Lab,Floating
train/pd/34e1434394538f0a_w14.png,34e1434394538f0a,14,Lab,Void
train/pd/34e1434394538f0a_w15.png,34e1434394538f0a,15,Lab,Void
train/pd/34e1434394538f0a_w17.png,34e1434394538f0a,17,Lab,Void
train/pd/34e1434394538f0a_w20.png,34e1434394538f0a,20,Lab,Void
train/pd/34e1434394538f0a_w22.png,34e1434394538f0a,22,Lab,Void
train/pd/34e1434394538f0a_w25.png,34e1434394538f0a,25,Lab,Void
train/pd/34e1434394538f0a_w26.png,34e1434394538f0a,26,Lab,Void
train/pd/34e1434394538f0a_w27.png,34e1434394538f0a,27,Lab,Void
train/pd/3583a21032ad0334_w06.png,3583a21032ad0334,6,Field,Void
train/pd/3583a21032ad0334_w10.png,3583a21032ad0334,10,Field,Void
train/pd/3583a21032ad0334_w11.png,3583a21032ad0334,11,Field,Void
train/pd/3583a21032ad0334_w14.png,3583a21032ad0334,14,Field,Void
train/pd/3583a21032ad0334_w15.png,3583a21032ad0334,15,Field,Void
train/pd/3583a21032ad0334_w21.png,3583a21032ad0334,21,Field,Void
train/pd/3583a21032ad0334_w24.png,3583a21032ad0334,24,Field,Void
train/pd/3583a21032ad0334_w25.png,3583a21032ad0334,25,Field,Void
train/pd/3583ecb0b6b38cdc_w01.png,3583ecb0b6b38cdc,1,Lab,Particle
train/pd/3583ecb0b6b38cdc_w02.png,3583ecb0b6b38cdc,2,Lab,Particle
train/pd/3583ecb0b6b38cdc_w07.png,3583ecb0b6b38cdc,7,Lab,Particle
train/pd/3583ecb0b6b38cdc_w10.png,3583ecb0b6b38cdc,10,Lab,Particle
train/pd/3583ecb0b6b38cdc_w13.png,3583ecb0b6b38cdc,13,Lab,Particle
train/pd/3583ecb0b6b38cdc_w16.png,3583ecb0b6b38cdc,16,Lab,Particle
train/pd/3583ecb0b6b38cdc_w19.png,3583ecb0b6b38cdc,19,Lab,Particle
train/pd/3583ecb0b6b38cdc_w27.png,3583ecb0b6b38cdc,27,Lab,Particle
train/pd/359decb6b06db6e6_w00.png,359decb6b06db6e6,0,Lab,Void
train/pd/359decb6b06db6e6_w01.png,359decb6b06db6e6,1,Lab,Void
train/pd/359decb6b06db6e6_w06.png,359decb6b06db6e6,6,Lab,Void
train/pd/359decb6b06db6e6_w08.png,359decb6b06db6e6,8,Lab,Void
train/pd/359decb6b06db6e6_w17.png,359decb6b06db6e6,17,Lab,Void
train/pd/359decb6b06db6e6_w18.png,359decb6b06db6e6,18,Lab,Void
train/pd/359decb6b06db6e6_w23.png,359decb6b06db6e6,23,Lab,Void
train/pd/359decb6b06db6e6_w24.png,359decb6b06db6e6,24,Lab,Void
train/pd/35bb54207db664d7_w00.png,35bb54207db664d7,0,Lab,Floating
train/pd/35bb54207db664d7_w01.png,35bb54207db664d7,1,Lab,Floating
train/pd/35bb54207db664d7_w06.png,35bb54207db664d7,6,Lab,Floating
train/pd/35bb54207db664d7_w09.png,35bb54207db664d7,9,Lab,Floating
train/pd/35bb54207db664d7_w18.png,35bb54207db664d7,18,Lab,Floating
train/pd/35bb54207db664d7_w19.png,35bb54207db664d7,19,Lab,Floating
train/pd/35bb54207db664d7_w21.png,35bb54207db664d7,21,Lab,Floating
train/pd/35bb54207db664d7_w27.png,35bb54207db664d7,27,Lab,Floating
train/pd/35e53e87d9590444_w00.png,35e53e87d9590444,0,Lab,Particle
train/pd/35e53e87d9590444_w04.png,35e53e87d9590444,4,Lab,Particle
train/pd/35e53e87d9590444_w05.png,35e53e87d9590444,5,Lab,Particle
train/pd/35e53e87d9590444_w10.png,35e53e87d9590444,10,Lab,Particle
train/pd/35e53e87d9590444_w11.png,35e53e87d9590444,11,Lab,Particle
train/pd/35e53e87d9590444_w18.png,35e53e87d9590444,18,Lab,Particle
train/pd/35e53e87d9590444_w21.png,35e53e87d9590444,21,Lab,Particle
train/pd/35e53e87d9590444_w24.png,35e53e87d9590444,24,Lab,Particle
train/pd/3663daf043796fa8_w04.png,3663daf043796fa8,4,Lab,Void
train/pd/3663daf043796fa8_w08.png,3663daf043796fa8,8,Lab,Void
train/pd/3663daf043796fa8_w09.png,3663daf043796fa8,9,Lab,Void
train/pd/3663daf043796fa8_w12.png,3663daf043796fa8,12,Lab,Void
train/pd/3663daf043796fa8_w14.png,3663daf043796fa8,14,Lab,Void
train/pd/3663daf043796fa8_w19.png,3663daf043796fa8,19,Lab,Void
train/pd/3663daf043796fa8_w21.png,3663daf043796fa8,21,Lab,Void
train/pd/3663daf043796fa8_w25.png,3663daf043796fa8,25,Lab,Void
train/pd/3692e729188a2b5f_w00.png,3692e729188a2b5f,0,Field,Corona
train/pd/3692e729188a2b5f_w01.png,3692e729188a2b5f,1,Field,Corona
train/pd/3692e729188a2b5f_w03.png,3692e729188a2b5f,3,Field,Corona
train/pd/3692e729188a2b5f_w07.png,3692e729188a2b5f,7,Field,Corona
train/pd/3692e729188a2b5f_w08.png,3692e729188a2b5f,8,Field,Corona
train/pd/3692e729188a2b5f_w09.png,3692e729188a2b5f,9,Field,Corona
train/pd/3692e729188a2b5f_w13.png,3692e729188a2b5f,13,Field,Corona
train/pd/3692e729188a2b5f_w23.png,3692e729188a2b5f,23,Field,Corona
train/pd/369f40de5743a556_w01.png,369f40de5743a556,1,Lab,Corona
train/pd/369f40de5743a556_w02.png,369f40de5743a556,2,Lab,Corona
train/pd/369f40de5743a556_w04.png,369f40de5743a556,4,Lab,Corona
train/pd/369f40de5743a556_w10.png,369f40de5743a556,10,Lab,Corona
train/pd/369f40de5743a556_w14.png,369f40de5743a556,14,Lab,Corona
train/pd/369f40de5743a556_w16.png,369f40de5743a556,16,Lab,Corona
train/pd/369f40de5743a556_w17.png,369f40de5743a556,17,Lab,Corona
train/pd/369f40de5743a556_w27.png,369f40de5743a556,27,Lab,Corona
train/pd/36c315ef16bfa52f_w00.png,36c315ef16bfa52f,0,Lab,Particle
train/pd/36c315ef16bfa52f_w03.png,36c315ef16bfa52f,3,Lab,Particle
train/pd/36c315ef16bfa52f_w05.png,36c315ef16bfa52f,5,Lab,Particle
train/pd/36c315ef16bfa52f_w08.png,36c315ef16bfa52f,8,Lab,Particle
train/pd/36c315ef16bfa52f_w17.png,36c315ef16bfa52f,17,Lab,Particle
train/pd/36c315ef16bfa52f_w19.png,36c315ef16bfa52f,19,Lab,Particle
train/pd/36c315ef16bfa52f_w25.png,36c315ef16bfa52f,25,Lab,Particle
train/pd/36c315ef16bfa52f_w26.png,36c315ef16bfa52f,26,Lab,Particle
train/pd/36d7c62d70b7a7d3_w06.png,36d7c62d70b7a7d3,6,Lab,Corona
train/pd/36d7c62d70b7a7d3_w09.png,36d7c62d70b7a7d3,9,Lab,Corona
train/pd/36d7c62d70b7a7d3_w10.png,36d7c62d70b7a7d3,10,Lab,Corona
train/pd/36d7c62d70b7a7d3_w11.png,36d7c62d70b7a7d3,11,Lab,Corona
train/pd/36d7c62d70b7a7d3_w14.png,36d7c62d70b7a7d3,14,Lab,Corona
train/pd/36d7c62d70b7a7d3_w15.png,36d7c62d70b7a7d3,15,Lab,Corona
train/pd/36d7c62d70b7a7d3_w20.png,36d7c62d70b7a7d3,20,Lab,Corona
train/pd/36d7c62d70b7a7d3_w25.png,36d7c62d70b7a7d3,25,Lab,Corona
train/pd/36f22644ad2e3368_w04.png,36f22644ad2e3368,4,Field,Void
train/pd/36f22644ad2e3368_w07.png,36f22644ad2e3368,7,Field,Void
train/pd/36f22644ad2e3368_w10.png,36f22644ad2e3368,10,Field,Void
train/pd/36f22644ad2e3368_w15.png,36f22644ad2e3368,15,Field,Void
train/pd/36f22644ad2e3368_w18.png,36f22644ad2e3368,18,Field,Void
train/pd/36f22644ad2e3368_w19.png,36f22644ad2e3368,19,Field,Void
train/pd/36f22644ad2e3368_w21.png,36f22644ad2e3368,21,Field,Void
train/pd/36f22644ad2e3368_w22.png,36f22644ad2e3368,22,Field,Void
train/pd/370178b4f7a08d88_w00.png,370178b4f7a08d88,0,Field,Floating
train/pd/370178b4f7a08d88_w06.png,370178b4f7a08d88,6,Field,Floating
train/pd/370178b4f7a08d88_w08.png,370178b4f7a08d88,8,Field,Floating
train/pd/370178b4f7a08d88_w11.png,370178b4f7a08d88,11,Field,Floating
train/pd/370178b4f7a08d88_w13.png,370178b4f7a08d88,13,Field,Floating
train/pd/370178b4f7a08d88_w15.png,370178b4f7a08d88,15,Field,Floating
train/pd/370178b4f7a08d88_w16.png,370178b4f7a08d88,16,Field,Floating
train/pd/370178b4f7a08d88_w27.png,370178b4f7a08d88,27,Field,Floating
train/pd/3707407c5379ae8e_w06.png,3707407c5379ae8e,6,Lab,Corona
train/pd/3707407c5379ae8e_w07.png,3707407c5379ae8e,7,Lab,Corona
train/pd/3707407c5379ae8e_w11.png,3707407c5379ae8e,11,Lab,Corona
train/pd/3707407c5379ae8e_w13.png,3707407c5379ae8e,13,Lab,Corona
train/pd/3707407c5379ae8e_w17.png,3707407c5379ae8e,17,Lab,Corona
train/pd/3707407c5379ae8e_w23.png,3707407c5379ae8e,23,Lab,Corona
train/pd/3707407c5379ae8e_w26.png,3707407c5379ae8e,26,Lab,Corona
train/pd/3707407c5379ae8e_w27.png,3707407c5379ae8e,27,Lab,Corona
train/pd/3750260ea45708b5_w03.png,3750260ea45708b5,3,Lab,Floating
train/pd/3750260ea45708b5_w06.png,3750260ea45708b5,6,Lab,Floating
train/pd/3750260ea45708b5_w10.png,3750260ea45708b5,10,Lab,Floating
train/pd/3750260ea45708b5_w11.png,3750260ea45708b5,11,Lab,Floating
train/pd/3750260ea45708b5_w13.png,3750260ea45708b5,13,Lab,Floating
train/pd/3750260ea45708b5_w22.png,3750260ea45708b5,22,Lab,Floating
train/pd/3750260ea45708b5_w23.png,3750260ea45708b5,23,Lab,Floating
train/pd/3750260ea45708b5_w27.png,3750260ea45708b5,27,Lab,Floating
train/pd/3794d757aea96cda_w04.png,3794d757aea96cda,4,Lab,Particle
train/pd/3794d757aea96cda_w07.png,3794d757aea96cda,7,Lab,Particle
train/pd/3794d757aea96cda_w11.png,3794d757aea96cda,11,Lab,Particle
train/pd/3794d757aea96cda_w13.png,3794d757aea96cda,13,Lab,Particle
train/pd/3794d757aea96cda_w14.png,3794d757aea96cda,14,Lab,Particle
train/pd/3794d757aea96cda_w17.png,3794d757aea96cda,17,Lab,Particle
train/pd/3794d757aea96cda_w19.png,3794d757aea96cda,19,Lab,Particle
train/pd/3794d757aea96cda_w24.png,3794d757aea96cda,24,Lab,Particle
train/pd/37a3dbd3a76171ce_w00.png,37a3dbd3a76171ce,0,Lab,Void
train/pd/37a3dbd3a76171ce_w03.png,37a3dbd3a76171ce,3,Lab,Void
train/pd/37a3dbd3a76171ce_w09.png,37a3dbd3a76171ce,9,Lab,Void
train/pd/37a3dbd3a76171ce_w10.png,37a3dbd3a76171ce,10,Lab,Void
train/pd/37a3dbd3a76171ce_w12.png,37a3dbd3a76171ce,12,Lab,Void
train/pd/37a3dbd3a76171ce_w15.png,37a3dbd3a76171ce,15,Lab,Void
train/pd/37a3dbd3a76171ce_w18.png,37a3dbd3a76171ce,18,Lab,Void
train/pd/37a3dbd3a76171ce_w26.png,37a3dbd3a76171ce,26,Lab,Void
train/pd/37afb066045075a3_w01.png,37afb066045075a3,1,Lab,Floating
train/pd/37afb066045075a3_w03.png,37afb066045075a3,3,Lab,Floating
train/pd/37afb066045075a3_w12.png,37afb066045075a3,12,Lab,Floating
train/pd/37afb066045075a3_w16.png,37afb066045075a3,16,Lab,Floating
train/pd/37afb066045075a3_w20.png,37afb066045075a3,20,Lab,Floating
train/pd/37afb066045075a3_w24.png,37afb066045075a3,24,Lab,Floating
train/pd/37afb066045075a3_w26.png,37afb066045075a3,26,Lab,Floating
train/pd/37afb066045075a3_w27.png,37afb066045075a3,27,Lab,Floating
train/pd/37b2c90119fa4c94_w01.png,37b2c90119fa4c94,1,Lab,Particle
train/pd/37b2c90119fa4c94_w05.png,37b2c90119fa4c94,5,Lab,Particle
train/pd/37b2c90119fa4c94_w07.png,37b2c90119fa4c94,7,Lab,Particle
train/pd/37b2c90119fa4c94_w12.png,37b2c90119fa4c94,12,Lab,Particle
train/pd/37b2c90119fa4c94_w15.png,37b2c90119fa4c94,15,Lab,Particle
train/pd/37b2c90119fa4c94_w22.png,37b2c90119fa4c94,22,Lab,Particle
train/pd/37b2c90119fa4c94_w23.png,37b2c90119fa4c94,23,Lab,Particle
train/pd/37b2c90119fa4c94_w25.png,37b2c90119fa4c94,25,Lab,Particle
train/pd/37e7e8f6fb46989d_w03.png,37e7e8f6fb46989d,3,Lab,Floating
train/pd/37e7e8f6fb46989d_w04.png,37e7e8f6fb46989d,4,Lab,Floating
train/pd/37e7e8f6fb46989d_w07.png,37e7e8f6fb46989d,7,Lab,Floating
train/pd/37e7e8f6fb46989d_w08.png,37e7e8f6fb46989d,8,Lab,Floating
train/pd/37e7e8f6fb46989d_w12.png,37e7e8f6fb46989d,12,Lab,Floating
train/pd/37e7e8f6fb46989d_w22.png,37e7e8f6fb46989d,22,Lab,Floating
train/pd/37e7e8f6fb46989d_w25.png,37e7e8f6fb46989d,25,Lab,Floating
train/pd/37e7e8f6fb46989d_w26.png,37e7e8f6fb46989d,26,Lab,Floating
train/pd/37ec760b17a3f666_w02.png,37ec760b17a3f666,2,Lab,Void
train/pd/37ec760b17a3f666_w03.png,37ec760b17a3f666,3,Lab,Void
train/pd/37ec760b17a3f666_w06.png,37ec760b17a3f666,6,Lab,Void
train/pd/37ec760b17a3f666_w11.png,37ec760b17a3f666,11,Lab,Void
train/pd/37ec760b17a3f666_w21.png,37ec760b17a3f666,21,Lab,Void
train/pd/37ec760b17a3f666_w22.png,37ec760b17a3f666,22,Lab,Void
train/pd/37ec760b17a3f666_w25.png,37ec760b17a3f666,25,Lab,Void
train/pd/37ec760b17a3f666_w27.png,37ec760b17a3f666,27,Lab,Void
train/pd/3826ddfdcf3e7e0c_w02.png,3826ddfdcf3e7e0c,2,Lab,Floating
train/pd/3826ddfdcf3e7e0c_w10.png,3826ddfdcf3e7e0c,10,Lab,Floating
train/pd/3826ddfdcf3e7e0c_w12.png,3826ddfdcf3e7e0c,12,Lab,Floating
train/pd/3826ddfdcf3e7e0c_w13.png,3826ddfdcf3e7e0c,13,Lab,Floating
train/pd/3826ddfdcf3e7e0c_w17.png,3826ddfdcf3e7e0c,17,Lab,Floating
train/pd/3826ddfdcf3e7e0c_w18.png,3826ddfdcf3e7e0c,18,Lab,Floating
train/pd/3826ddfdcf3e7e0c_w19.png,3826ddfdcf3e7e0c,19,Lab,Floating
train/pd/3826ddfdcf3e7e0c_w27.png,3826ddfdcf3e7e0c,27,Lab,Floating
train/pd/382902825cd7291d_w03.png,382902825cd7291d,3,Field,Floating
train/pd/382902825cd7291d_w08.png,382902825cd7291d,8,Field,Floating
train/pd/382902825cd7291d_w10.png,382902825cd7291d,10,Field,Floating
train/pd/382902825cd7291d_w12.png,382902825cd7291d,12,Field,Floating
train/pd/382902825cd7291d_w17.png,382902825cd7291d,17,Field,Floating
train/pd/382902825cd7291d_w18.png,382902825cd7291d,18,Field,Floating
train/pd/382902825cd7291d_w21.png,382902825cd7291d,21,Field,Floating
train/pd/382902825cd7291d_w25.png,382902825cd7291d,25,Field,Floating
train/pd/3840418e449a4a7a_w00.png,3840418e449a4a7a,0,Lab,Particle
train/pd/3840418e449a4a7a_w05.png,3840418e449a4a7a,5,Lab,Particle
train/pd/3840418e449a4a7a_w07.png,3840418e449a4a7a,7,Lab,Particle
train/pd/3840418e449a4a7a_w14.png,3840418e449a4a7a,14,Lab,Particle
train/pd/3840418e449a4a7a_w20.png,3840418e449a4a7a,20,Lab,Particle
train/pd/3840418e449a4a7a_w21.png,3840418e449a4a7a,21,Lab,Particle
train/pd/3840418e449a4a7a_w25.png,3840418e449a4a7a,25,Lab,Particle
train/pd/3840418e449a4a7a_w26.png,3840418e449a4a7a,26,Lab,Particle
train/pd/384c1df4c2602288_w01.png,384c1df4c2602288,1,Lab,Particle
train/pd/384c1df4c2602288_w13.png,384c1df4c2602288,13,Lab,Particle
train/pd/384c1df4c2602288_w17.png,384c1df4c2602288,17,Lab,Particle
train/pd/384c1df4c2602288_w20.png,384c1df4c2602288,20,Lab,Particle
train/pd/384c1df4c2602288_w21.png,384c1df4c2602288,21,Lab,Particle
train/pd/384c1df4c2602288_w22.png,384c1df4c2602288,22,Lab,Particle
train/pd/384c1df4c2602288_w23.png,384c1df4c2602288,23,Lab,Particle
train/pd/384c1df4c2602288_w26.png,384c1df4c2602288,26,Lab,Particle
train/pd/3870703b4979ab20_w01.png,3870703b4979ab20,1,Field,Void
train/pd/3870703b4979ab20_w04.png,3870703b4979ab20,4,Field,Void
train/pd/3870703b4979ab20_w08.png,3870703b4979ab20,8,Field,Void
train/pd/3870703b4979ab20_w10.png,3870703b4979ab20,10,Field,Void
train/pd/3870703b4979ab20_w20.png,3870703b4979ab20,20,Field,Void
train/pd/3870703b4979ab20_w22.png,3870703b4979ab20,22,Field,Void
train/pd/3870703b4979ab20_w25.png,3870703b4979ab20,25,Field,Void
train/pd/3870703b4979ab20_w26.png,3870703b4979ab20,26,Field,Void
train/pd/387198fcae4839b3_w04.png,387198fcae4839b3,4,Lab,Particle
train/pd/387198fcae4839b3_w09.png,387198fcae4839b3,9,Lab,Particle
train/pd/387198fcae4839b3_w10.png,387198fcae4839b3,10,Lab,Particle
train/pd/387198fcae4839b3_w14.png,387198fcae4839b3,14,Lab,Particle
train/pd/387198fcae4839b3_w22.png,387198fcae4839b3,22,Lab,Particle
train/pd/387198fcae4839b3_w23.png,387198fcae4839b3,23,Lab,Particle
train/pd/387198fcae4839b3_w25.png,387198fcae4839b3,25,Lab,Particle
train/pd/387198fcae4839b3_w26.png,387198fcae4839b3,26,Lab,Particle
train/pd/38baf2120f3756ae_w02.png,38baf2120f3756ae,2,Lab,Void
train/pd/38baf2120f3756ae_w05.png,38baf2120f3756ae,5,Lab,Void
train/pd/38baf2120f3756ae_w07.png,38baf2120f3756ae,7,Lab,Void
train/pd/38baf2120f3756ae_w14.png,38baf2120f3756ae,14,Lab,Void
train/pd/38baf2120f3756ae_w16.png,38baf2120f3756ae,16,Lab,Void
train/pd/38baf2120f3756ae_w17.png,38baf2120f3756ae,17,Lab,Void
train/pd/38baf2120f3756ae_w20.png,38baf2120f3756ae,20,Lab,Void
train/pd/38baf2120f3756ae_w21.png,38baf2120f3756ae,21,Lab,Void
train/pd/38e1dfd4e7d463b4_w02.png,38e1dfd4e7d463b4,2,Lab,Floating
train/pd/38e1dfd4e7d463b4_w08.png,38e1dfd4e7d463b4,8,Lab,Floating
train/pd/38e1dfd4e7d463b4_w09.png,38e1dfd4e7d463b4,9,Lab,Floating
train/pd/38e1dfd4e7d463b4_w10.png,38e1dfd4e7d463b4,10,Lab,Floating
train/pd/38e1dfd4e7d463b4_w14.png,38e1dfd4e7d463b4,14,Lab,Floating
train/pd/38e1dfd4e7d463b4_w21.png,38e1dfd4e7d463b4,21,Lab,Floating
train/pd/38e1dfd4e7d463b4_w24.png,38e1dfd4e7d463b4,24,Lab,Floating
train/pd/38e1dfd4e7d463b4_w27.png,38e1dfd4e7d463b4,27,Lab,Floating
train/pd/3964cf3681d5223a_w00.png,3964cf3681d5223a,0,Lab,Void
train/pd/3964cf3681d5223a_w02.png,3964cf3681d5223a,2,Lab,Void
train/pd/3964cf3681d5223a_w03.png,3964cf3681d5223a,3,Lab,Void
train/pd/3964cf3681d5223a_w05.png,3964cf3681d5223a,5,Lab,Void
train/pd/3964cf3681d5223a_w10.png,3964cf3681d5223a,10,Lab,Void
train/pd/3964cf3681d5223a_w16.png,3964cf3681d5223a,16,Lab,Void
train/pd/3964cf3681d5223a_w20.png,3964cf3681d5223a,20,Lab,Void
train/pd/3964cf3681d5223a_w24.png,3964cf3681d5223a,24,Lab,Void
train/pd/397cb24bdbf714ac_w00.png,397cb24bdbf714ac,0,Lab,Corona
train/pd/397cb24bdbf714ac_w02.png,397cb24bdbf714ac,2,Lab,Corona
train/pd/397cb24bdbf714ac_w05.png,397cb24bdbf714ac,5,Lab,Corona
train/pd/397cb24bdbf714ac_w08.png,397cb24bdbf714ac,8,Lab,Corona
train/pd/397cb24bdbf714ac_w09.png,397cb24bdbf714ac,9,Lab,Corona
train/pd/397cb24bdbf714ac_w20.png,397cb24bdbf714ac,20,Lab,Corona
train/pd/397cb24bdbf714ac_w22.png,397cb24bdbf714ac,22,Lab,Corona
train/pd/397cb24bdbf714ac_w24.png,397cb24bdbf714ac,24,Lab,Corona
train/pd/397f34da4a29f499_w01.png,397f34da4a29f499,1,Lab,Corona
train/pd/397f34da4a29f499_w09.png,397f34da4a29f499,9,Lab,Corona
train/pd/397f34da4a29f499_w11.png,397f34da4a29f499,11,Lab,Corona
train/pd/397f34da4a29f499_w12.png,397f34da4a29f499,12,Lab,Corona
train/pd/397f34da4a29f499_w14.png,397f34da4a29f499,14,Lab,Corona
train/pd/397f34da4a29f499_w15.png,397f34da4a29f499,15,Lab,Corona
train/pd/397f34da4a29f499_w26.png,397f34da4a29f499,26,Lab,Corona
train/pd/397f34da4a29f499_w27.png,397f34da4a29f499,27,Lab,Corona
train/pd/3995b58fe80c5e13_w05.png,3995b58fe80c5e13,5,Field,Floating
train/pd/3995b58fe80c5e13_w12.png,3995b58fe80c5e13,12,Field,Floating
train/pd/3995b58fe80c5e13_w13.png,3995b58fe80c5e13,13,Field,Floating
train/pd/3995b58fe80c5e13_w16.png,3995b58fe80c5e13,16,Field,Floating
train/pd/3995b58fe80c5e13_w17.png,3995b58fe80c5e13,17,Field,Floating
train/pd/3995b58fe80c5e13_w19.png,3995b58fe80c5e13,19,Field,Floating
train/pd/3995b58fe80c5e13_w21.png,3995b58fe80c5e13,21,Field,Floating
train/pd/3995b58fe80c5e13_w22.png,3995b58fe80c5e13,22,Field,Floating
train/pd/399fd11e5496ea0d_w05.png,399fd11e5496ea0d,5,Lab,Void
train/pd/399fd11e5496ea0d_w06.png,399fd11e5496ea0d,6,Lab,Void
train/pd/399fd11e5496ea0d_w09.png,399fd11e5496ea0d,9,Lab,Void
train/pd/399fd11e5496ea0d_w11.png,399fd11e5496ea0d,11,Lab,Void
train/pd/399fd11e5496ea0d_w13.png,399fd11e5496ea0d,13,Lab,Void
train/pd/399fd11e5496ea0d_w16.png,399fd11e5496ea0d,16,Lab,Void
train/pd/399fd11e5496ea0d_w18.png,399fd11e5496ea0d,18,Lab,Void
train/pd/399fd11e5496ea0d_w22.png,399fd11e5496ea0d,22,Lab,Void
train/pd/39b6fb0795841d0d_w03.png,39b6fb0795841d0d,3,Lab,Corona
train/pd/39b6fb0795841d0d_w04.png,39b6fb0795841d0d,4,Lab,Corona
train/pd/39b6fb0795841d0d_w05.png,39b6fb0795841d0d,5,Lab,Corona
train/pd/39b6fb0795841d0d_w07.png,39b6fb0795841d0d,7,Lab,Corona
train/pd/39b6fb0795841d0d_w08.png,39b6fb0795841d0d,8,Lab,Corona
train/pd/39b6fb0795841d0d_w10.png,39b6fb0795841d0d,10,Lab,Corona
train/pd/39b6fb0795841d0d_w13.png,39b6fb0795841d0d,13,Lab,Corona
train/pd/39b6fb0795841d0d_w19.png,39b6fb0795841d0d,19,Lab,Corona
train/pd/39e6bab50c22a917_w01.png,39e6bab50c22a917,1,Lab,Void
train/pd/39e6bab50c22a917_w02.png,39e6bab50c22a917,2,Lab,Void
train/pd/39e6bab50c22a917_w07.png,39e6bab50c22a917,7,Lab,Void
train/pd/39e6bab50c22a917_w11.png,39e6bab50c22a917,11,Lab,Void
train/pd/39e6bab50c22a917_w19.png,39e6bab50c22a917,19,Lab,Void
train/pd/39e6bab50c22a917_w20.png,39e6bab50c22a917,20,Lab,Void
train/pd/39e6bab50c22a917_w21.png,39e6bab50c22a917,21,Lab,Void
train/pd/39e6bab50c22a917_w23.png,39e6bab50c22a917,23,Lab,Void
train/pd/3a5c549a710f8b35_w01.png,3a5c549a710f8b35,1,Field,Floating
train/pd/3a5c549a710f8b35_w03.png,3a5c549a710f8b35,3,Field,Floating
train/pd/3a5c549a710f8b35_w15.png,3a5c549a710f8b35,15,Field,Floating
train/pd/3a5c549a710f8b35_w17.png,3a5c549a710f8b35,17,Field,Floating
train/pd/3a5c549a710f8b35_w18.png,3a5c549a710f8b35,18,Field,Floating
train/pd/3a5c549a710f8b35_w20.png,3a5c549a710f8b35,20,Field,Floating
train/pd/3a5c549a710f8b35_w22.png,3a5c549a710f8b35,22,Field,Floating
train/pd/3a5c549a710f8b35_w23.png,3a5c549a710f8b35,23,Field,Floating
train/pd/3acfe0bab0d1e8c2_w01.png,3acfe0bab0d1e8c2,1,Lab,Void
train/pd/3acfe0bab0d1e8c2_w02.png,3acfe0bab0d1e8c2,2,Lab,Void
train/pd/3acfe0bab0d1e8c2_w06.png,3acfe0bab0d1e8c2,6,Lab,Void
train/pd/3acfe0bab0d1e8c2_w14.png,3acfe0bab0d1e8c2,14,Lab,Void
train/pd/3acfe0bab0d1e8c2_w15.png,3acfe0bab0d1e8c2,15,Lab,Void
train/pd/3acfe0bab0d1e8c2_w20.png,3acfe0bab0d1e8c2,20,Lab,Void
train/pd/3acfe0bab0d1e8c2_w22.png,3acfe0bab0d1e8c2,22,Lab,Void
train/pd/3acfe0bab0d1e8c2_w25.png,3acfe0bab0d1e8c2,25,Lab,Void
train/pd/3ad0b54f756c95d9_w09.png,3ad0b54f756c95d9,9,Lab,Particle
train/pd/3ad0b54f756c95d9_w11.png,3ad0b54f756c95d9,11,Lab,Particle
train/pd/3ad0b54f756c95d9_w12.png,3ad0b54f756c95d9,12,Lab,Particle
train/pd/3ad0b54f756c95d9_w16.png,3ad0b54f756c95d9,16,Lab,Particle
train/pd/3ad0b54f756c95d9_w18.png,3ad0b54f756c95d9,18,Lab,Particle
train/pd/3ad0b54f756c95d9_w23.png,3ad0b54f756c95d9,23,Lab,Particle
train/pd/3ad0b54f756c95d9_w25.png,3ad0b54f756c95d9,25,Lab,Particle
train/pd/3ad0b54f756c95d9_w26.png,3ad0b54f756c95d9,26,Lab,Particle
train/pd/3afaa4e30d94f323_w02.png,3afaa4e30d94f323,2,Lab,Floating
train/pd/3afaa4e30d94f323_w04.png,3afaa4e30d94f323,4,Lab,Floating
train/pd/3afaa4e30d94f323_w05.png,3afaa4e30d94f323,5,Lab,Floating
train/pd/3afaa4e30d94f323_w08.png,3afaa4e30d94f323,8,Lab,Floating
train/pd/3afaa4e30d94f323_w10.png,3afaa4e30d94f323,10,Lab,Floating
train/pd/3afaa4e30d94f323_w18.png,3afaa4e30d94f323,18,Lab,Floating
train/pd/3afaa4e30d94f323_w24.png,3afaa4e30d94f323,24,Lab,Floating
train/pd/3afaa4e30d94f323_w26.png,3afaa4e30d94f323,26,Lab,Floating
train/pd/3afd8e11dc68f6ae_w05.png,3afd8e11dc68f6ae,5,Lab,Void
train/pd/3afd8e11dc68f6ae_w07.png,3afd8e11dc68f6ae,7,Lab,Void
train/pd/3afd8e11dc68f6ae_w10.png,3afd8e11dc68f6ae,10,Lab,Void
train/pd/3afd8e11dc68f6ae_w12.png,3afd8e11dc68f6ae,12,Lab,Void
train/pd/3afd8e11dc68f6ae_w16.png,3afd8e11dc68f6ae,16,Lab,Void
train/pd/3afd8e11dc68f6ae_w17.png,3afd8e11dc68f6ae,17,Lab,Void
train/pd/3afd8e11dc68f6ae_w23.png,3afd8e11dc68f6ae,23,Lab,Void
train/pd/3afd8e11dc68f6ae_w25.png,3afd8e11dc68f6ae,25,Lab,Void
train/pd/3b0f42bd90315c3e_w01.png,3b0f42bd90315c3e,1,Field,Floating
train/pd/3b0f42bd90315c3e_w02.png,3b0f42bd90315c3e,2,Field,Floating
train/pd/3b0f42bd90315c3e_w05.png,3b0f42bd90315c3e,5,Field,Floating
train/pd/3b0f42bd90315c3e_w11.png,3b0f42bd90315c3e,11,Field,Floating
train/pd/3b0f42bd90315c3e_w17.png,3b0f42bd90315c3e,17,Field,Floating
train/pd/3b0f42bd90315c3e_w20.png,3b0f42bd90315c3e,20,Field,Floating
train/pd/3b0f42bd90315c3e_w21.png,3b0f42bd90315c3e,21,Field,Floating
train/pd/3b0f42bd90315c3e_w24.png,3b0f42bd90315c3e,24,Field,Floating
train/pd/3b0ffa8f7647e024_w00.png,3b0ffa8f7647e024,0,Lab,Corona
train/pd/3b0ffa8f7647e024_w03.png,3b0ffa8f7647e024,3,Lab,Corona
train/pd/3b0ffa8f7647e024_w07.png,3b0ffa8f7647e024,7,Lab,Corona
train/pd/3b0ffa8f7647e024_w08.png,3b0ffa8f7647e024,8,Lab,Corona
train/pd/3b0ffa8f7647e024_w09.png,3b0ffa8f7647e024,9,Lab,Corona
train/pd/3b0ffa8f7647e024_w10.png,3b0ffa8f7647e024,10,Lab,Corona
train/pd/3b0ffa8f7647e024_w16.png,3b0ffa8f7647e024,16,Lab,Corona
train/pd/3b0ffa8f7647e024_w20.png,3b0ffa8f7647e024,20,Lab,Corona
train/pd/3b13fbea67c20575_w08.png,3b13fbea67c20575,8,Field,Floating
train/pd/3b13fbea67c20575_w10.png,3b13fbea67c20575,10,Field,Floating
train/pd/3b13fbea67c20575_w12.png,3b13fbea67c20575,12,Field,Floating
train/pd/3b13fbea67c20575_w14.png,3b13fbea67c20575,14,Field,Floating
train/pd/3b13fbea67c20575_w15.png,3b13fbea67c20575,15,Field,Floating
train/pd/3b13fbea67c20575_w19.png,3b13fbea67c20575,19,Field,Floating
train/pd/3b13fbea67c20575_w26.png,3b13fbea67c20575,26,Field,Floating
train/pd/3b13fbea67c20575_w27.png,3b13fbea67c20575,27,Field,Floating
train/pd/3b1534a8eaeb0017_w02.png,3b1534a8eaeb0017,2,Lab,Corona
train/pd/3b1534a8eaeb0017_w04.png,3b1534a8eaeb0017,4,Lab,Corona
train/pd/3b1534a8eaeb0017_w08.png,3b1534a8eaeb0017,8,Lab,Corona
train/pd/3b1534a8eaeb0017_w09.png,3b1534a8eaeb0017,9,Lab,Corona
train/pd/3b1534a8eaeb0017_w14.png,3b1534a8eaeb0017,14,Lab,Corona
train/pd/3b1534a8eaeb0017_w17.png,3b1534a8eaeb0017,17,Lab,Corona
train/pd/3b1534a8eaeb0017_w21.png,3b1534a8eaeb0017,21,Lab,Corona
train/pd/3b1534a8eaeb0017_w25.png,3b1534a8eaeb0017,25,Lab,Corona
train/pd/3b32c5a17a0079e1_w02.png,3b32c5a17a0079e1,2,Lab,Corona
train/pd/3b32c5a17a0079e1_w03.png,3b32c5a17a0079e1,3,Lab,Corona
train/pd/3b32c5a17a0079e1_w10.png,3b32c5a17a0079e1,10,Lab,Corona
train/pd/3b32c5a17a0079e1_w11.png,3b32c5a17a0079e1,11,Lab,Corona
train/pd/3b32c5a17a0079e1_w21.png,3b32c5a17a0079e1,21,Lab,Corona
train/pd/3b32c5a17a0079e1_w23.png,3b32c5a17a0079e1,23,Lab,Corona
train/pd/3b32c5a17a0079e1_w26.png,3b32c5a17a0079e1,26,Lab,Corona
train/pd/3b32c5a17a0079e1_w27.png,3b32c5a17a0079e1,27,Lab,Corona
train/pd/3b5147e897009573_w02.png,3b5147e897009573,2,Lab,Void
train/pd/3b5147e897009573_w03.png,3b5147e897009573,3,Lab,Void
train/pd/3b5147e897009573_w12.png,3b5147e897009573,12,Lab,Void
train/pd/3b5147e897009573_w20.png,3b5147e897009573,20,Lab,Void
train/pd/3b5147e897009573_w21.png,3b5147e897009573,21,Lab,Void
train/pd/3b5147e897009573_w22.png,3b5147e897009573,22,Lab,Void
train/pd/3b5147e897009573_w25.png,3b5147e897009573,25,Lab,Void
train/pd/3b5147e897009573_w26.png,3b5147e897009573,26,Lab,Void
train/pd/3bc7627b4700a1db_w00.png,3bc7627b4700a1db,0,Lab,Corona
train/pd/3bc7627b4700a1db_w01.png,3bc7627b4700a1db,1,Lab,Corona
train/pd/3bc7627b4700a1db_w03.png,3bc7627b4700a1db,3,Lab,Corona
train/pd/3bc7627b4700a1db_w09.png,3bc7627b4700a1db,9,Lab,Corona
train/pd/3bc7627b4700a1db_w10.png,3bc7627b4700a1db,10,Lab,Corona
train/pd/3bc7627b4700a1db_w16.png,3bc7627b4700a1db,16,Lab,Corona
train/pd/3bc7627b4700a1db_w17.png,3bc7627b4700a1db,17,Lab,Corona
train/pd/3bc7627b4700a1db_w27.png,3bc7627b4700a1db,27,Lab,Corona
train/pd/3bc78e8e3c253227_w04.png,3bc78e8e3c253227,4,Lab,Void
train/pd/3bc78e8e3c253227_w07.png,3bc78e8e3c253227,7,Lab,Void
train/pd/3bc78e8e3c253227_w08.png,3bc78e8e3c253227,8,Lab,Void
train/pd/3bc78e8e3c253227_w09.png,3bc78e8e3c253227,9,Lab,Void
train/pd/3bc78e8e3c253227_w12.png,3bc78e8e3c253227,12,Lab,Void
train/pd/3bc78e8e3c253227_w13.png,3bc78e8e3c253227,13,Lab,Void
train/pd/3bc78e8e3c253227_w22.png,3bc78e8e3c253227,22,Lab,Void
train/pd/3bc78e8e3c253227_w23.png,3bc78e8e3c253227,23,Lab,Void
train/pd/3bf07e09d420562f_w00.png,3bf07e09d420562f,0,Lab,Void
train/pd/3bf07e09d420562f_w01.png,3bf07e09d420562f,1,Lab,Void
train/pd/3bf07e09d420562f_w06.png,3bf07e09d420562f,6,Lab,Void
train/pd/3bf07e09d420562f_w08.png,3bf07e09d420562f,8,Lab,Void
train/pd/3bf07e09d420562f_w13.png,3bf07e09d420562f,13,Lab,Void
train/pd/3bf07e09d420562f_w15.png,3bf07e09d420562f,15,Lab,Void
train/pd/3bf07e09d420562f_w17.png,3bf07e09d420562f,17,Lab,Void
train/pd/3bf07e09d420562f_w24.png,3bf07e09d420562f,24,Lab,Void
train/pd/3c216c778bcf0aaa_w00.png,3c216c778bcf0aaa,0,Lab,Corona
train/pd/3c216c778bcf0aaa_w03.png,3c216c778bcf0aaa,3,Lab,Corona
train/pd/3c216c778bcf0aaa_w06.png,3c216c778bcf0aaa,6,Lab,Corona
train/pd/3c216c778bcf0aaa_w07.png,3c216c778bcf0aaa,7,Lab,Corona
train/pd/3c216c778bcf0aaa_w17.png,3c216c778bcf0aaa,17,Lab,Corona
train/pd/3c216c778bcf0aaa_w24.png,3c216c778bcf0aaa,24,Lab,Corona
train/pd/3c216c778bcf0aaa_w25.png,3c216c778bcf0aaa,25,Lab,Corona
train/pd/3c216c778bcf0aaa_w27.png,3c216c778bcf0aaa,27,Lab,Corona
train/pd/3c323291969e447d_w02.png,3c323291969e447d,2,Lab,Floating
train/pd/3c323291969e447d_w04.png,3c323291969e447d,4,Lab,Floating
train/pd/3c323291969e447d_w08.png,3c323291969e447d,8,Lab,Floating
train/pd/3c323291969e447d_w13.png,3c323291969e447d,13,Lab,Floating
train/pd/3c323291969e447d_w15.png,3c323291969e447d,15,Lab,Floating
train/pd/3c323291969e447d_w17.png,3c323291969e447d,17,Lab,Floating
train/pd/3c323291969e447d_w19.png,3c323291969e447d,19,Lab,Floating
train/pd/3c323291969e447d_w23.png,3c323291969e447d,23,Lab,Floating
train/pd/3c3dcb912ce62340_w01.png,3c3dcb912ce62340,1,Lab,Void
train/pd/3c3dcb912ce62340_w02.png,3c3dcb912ce62340,2,Lab,Void
train/pd/3c3dcb912ce62340_w09.png,3c3dcb912ce62340,9,Lab,Void
train/pd/3c3dcb912ce62340_w12.png,3c3dcb912ce62340,12,Lab,Void
train/pd/3c3dcb912ce62340_w17.png,3c3dcb912ce62340,17,Lab,Void
train/pd/3c3dcb912ce62340_w22.png,3c3dcb912ce62340,22,Lab,Void
train/pd/3c3dcb912ce62340_w24.png,3c3dcb912ce62340,24,Lab,Void
train/pd/3c3dcb912ce62340_w27.png,3c3dcb912ce62340,27,Lab,Void
train/pd/3c4530b779a9210e_w02.png,3c4530b779a9210e,2,Lab,Particle
train/pd/3c4530b779a9210e_w03.png,3c4530b779a9210e,3,Lab,Particle
train/pd/3c4530b779a9210e_w06.png,3c4530b779a9210e,6,Lab,Particle
train/pd/3c4530b779a9210e_w09.png,3c4530b779a9210e,9,Lab,Particle
train/pd/3c4530b779a9210e_w11.png,3c4530b779a9210e,11,Lab,Particle
train/pd/3c4530b779a9210e_w16.png,3c4530b779a9210e,16,Lab,Particle
train/pd/3c4530b779a9210e_w24.png,3c4530b779a9210e,24,Lab,Particle
train/pd/3c4530b779a9210e_w27.png,3c4530b779a9210e,27,Lab,Particle
train/pd/3c76b557024bb3c1_w02.png,3c76b557024bb3c1,2,Field,Void
train/pd/3c76b557024bb3c1_w04.png,3c76b557024bb3c1,4,Field,Void
train/pd/3c76b557024bb3c1_w05.png,3c76b557024bb3c1,5,Field,Void
train/pd/3c76b557024bb3c1_w08.png,3c76b557024bb3c1,8,Field,Void
train/pd/3c76b557024bb3c1_w13.png,3c76b557024bb3c1,13,Field,Void
train/pd/3c76b557024bb3c1_w15.png,3c76b557024bb3c1,15,Field,Void
train/pd/3c76b557024bb3c1_w17.png,3c76b557024bb3c1,17,Field,Void
train/pd/3c76b557024bb3c1_w24.png,3c76b557024bb3c1,24,Field,Void
train/pd/3d03431399e8443e_w02.png,3d03431399e8443e,2,Lab,Void
train/pd/3d03431399e8443e_w04.png,3d03431399e8443e,4,Lab,Void
train/pd/3d03431399e8443e_w06.png,3d03431399e8443e,6,Lab,Void
train/pd/3d03431399e8443e_w11.png,3d03431399e8443e,11,Lab,Void
train/pd/3d03431399e8443e_w14.png,3d03431399e8443e,14,Lab,Void
train/pd/3d03431399e8443e_w19.png,3d03431399e8443e,19,Lab,Void
train/pd/3d03431399e8443e_w20.png,3d03431399e8443e,20,Lab,Void
train/pd/3d03431399e8443e_w23.png,3d03431399e8443e,23,Lab,Void
train/pd/3d1f96b4ade161ac_w03.png,3d1f96b4ade161ac,3,Lab,Particle
train/pd/3d1f96b4ade161ac_w08.png,3d1f96b4ade161ac,8,Lab,Particle
train/pd/3d1f96b4ade161ac_w09.png,3d1f96b4ade161ac,9,Lab,Particle
train/pd/3d1f96b4ade161ac_w11.png,3d1f96b4ade161ac,11,Lab,Particle
train/pd/3d1f96b4ade161ac_w20.png,3d1f96b4ade161ac,20,Lab,Particle
train/pd/3d1f96b4ade161ac_w23.png,3d1f96b4ade161ac,23,Lab,Particle
train/pd/3d1f96b4ade161ac_w26.png,3d1f96b4ade161ac,26,Lab,Particle
train/pd/3d1f96b4ade161ac_w27.png,3d1f96b4ade161ac,27,Lab,Particle
train/pd/3d269e6526532130_w02.png,3d269e6526532130,2,Field,Floating
train/pd/3d269e6526532130_w08.png,3d269e6526532130,8,Field,Floating
train/pd/3d269e6526532130_w09.png,3d269e6526532130,9,Field,Floating
train/pd/3d269e6526532130_w15.png,3d269e6526532130,15,Field,Floating
train/pd/3d269e6526532130_w21.png,3d269e6526532130,21,Field,Floating
train/pd/3d269e6526532130_w23.png,3d269e6526532130,23,Field,Floating
train/pd/3d269e6526532130_w24.png,3d269e6526532130,24,Field,Floating
train/pd/3d269e6526532130_w25.png,3d269e6526532130,25,Field,Floating
train/pd/3d8f779967dbb03c_w01.png,3d8f779967dbb03c,1,Field,Floating
train/pd/3d8f779967dbb03c_w03.png,3d8f779967dbb03c,3,Field,Floating
train/pd/3d8f779967dbb03c_w10.png,3d8f779967dbb03c,10,Field,Floating
train/pd/3d8f779967dbb03c_w11.png,3d8f779967dbb03c,11,Field,Floating
train/pd/3d8f779967dbb03c_w16.png,3d8f779967dbb03c,16,Field,Floating
train/pd/3d8f779967dbb03c_w19.png,3d8f779967dbb03c,19,Field,Floating
train/pd/3d8f779967dbb03c_w22.png,3d8f779967dbb03c,22,Field,Floating
train/pd/3d8f779967dbb03c_w27.png,3d8f779967dbb03c,27,Field,Floating
train/pd/3d902dc6b6cb170b_w04.png,3d902dc6b6cb170b,4,Lab,Particle
train/pd/3d902dc6b6cb170b_w06.png,3d902dc6b6cb170b,6,Lab,Particle
train/pd/3d902dc6b6cb170b_w07.png,3d902dc6b6cb170b,7,Lab,Particle
train/pd/3d902dc6b6cb170b_w08.png,3d902dc6b6cb170b,8,Lab,Particle
train/pd/3d902dc6b6cb170b_w09.png,3d902dc6b6cb170b,9,Lab,Particle
train/pd/3d902dc6b6cb170b_w10.png,3d902dc6b6cb170b,10,Lab,Particle
train/pd/3d902dc6b6cb170b_w13.png,3d902dc6b6cb170b,13,Lab,Particle
train/pd/3d902dc6b6cb170b_w15.png,3d902dc6b6cb170b,15,Lab,Particle
train/pd/3dce3e2ba31a5761_w03.png,3dce3e2ba31a5761,3,Lab,Particle
train/pd/3dce3e2ba31a5761_w07.png,3dce3e2ba31a5761,7,Lab,Particle
train/pd/3dce3e2ba31a5761_w12.png,3dce3e2ba31a5761,12,Lab,Particle
train/pd/3dce3e2ba31a5761_w13.png,3dce3e2ba31a5761,13,Lab,Particle
train/pd/3dce3e2ba31a5761_w15.png,3dce3e2ba31a5761,15,Lab,Particle
train/pd/3dce3e2ba31a5761_w18.png,3dce3e2ba31a5761,18,Lab,Particle
train/pd/3dce3e2ba31a5761_w19.png,3dce3e2ba31a5761,19,Lab,Particle
train/pd/3dce3e2ba31a5761_w26.png,3dce3e2ba31a5761,26,Lab,Particle
train/pd/3dd2d3662afb4d22_w00.png,3dd2d3662afb4d22,0,Lab,Floating
train/pd/3dd2d3662afb4d22_w04.png,3dd2d3662afb4d22,4,Lab,Floating
train/pd/3dd2d3662afb4d22_w05.png,3dd2d3662afb4d22,5,Lab,Floating
train/pd/3dd2d3662afb4d22_w10.png,3dd2d3662afb4d22,10,Lab,Floating
train/pd/3dd2d3662afb4d22_w15.png,3dd2d3662afb4d22,15,Lab,Floating
train/pd/3dd2d3662afb4d22_w20.png,3dd2d3662afb4d22,20,Lab,Floating
train/pd/3dd2d3662afb4d22_w22.png,3dd2d3662afb4d22,22,Lab,Floating
train/pd/3dd2d3662afb4d22_w25.png,3dd2d3662afb4d22,25,Lab,Floating
train/pd/3dd72d7d1663c466_w03.png,3dd72d7d1663c466,3,Lab,Corona
train/pd/3dd72d7d1663c466_w11.png,3dd72d7d1663c466,11,Lab,Corona
train/pd/3dd72d7d1663c466_w12.png,3dd72d7d1663c466,12,Lab,Corona
train/pd/3dd72d7d1663c466_w19.png,3dd72d7d1663c466,19,Lab,Corona
train/pd/3dd72d7d1663c466_w22.png,3dd72d7d1663c466,22,Lab,Corona
train/pd/3dd72d7d1663c466_w25.png,3dd72d7d1663c466,25,Lab,Corona
train/pd/3dd72d7d1663c466_w26.png,3dd72d7d1663c466,26,Lab,Corona
train/pd/3dd72d7d1663c466_w27.png,3dd72d7d1663c466,27,Lab,Corona
train/pd/3e13ffa3307c4ed0_w09.png,3e13ffa3307c4ed0,9,Lab,Floating
train/pd/3e13ffa3307c4ed0_w10.png,3e13ffa3307c4ed0,10,Lab,Floating
train/pd/3e13ffa3307c4ed0_w11.png,3e13ffa3307c4ed0,11,Lab,Floating
train/pd/3e13ffa3307c4ed0_w12.png,3e13ffa3307c4ed0,12,Lab,Floating
train/pd/3e13ffa3307c4ed0_w17.png,3e13ffa3307c4ed0,17,Lab,Floating
train/pd/3e13ffa3307c4ed0_w19.png,3e13ffa3307c4ed0,19,Lab,Floating
train/pd/3e13ffa3307c4ed0_w21.png,3e13ffa3307c4ed0,21,Lab,Floating
train/pd/3e13ffa3307c4ed0_w22.png,3e13ffa3307c4ed0,22,Lab,Floating
train/pd/3e339e3500c003c7_w03.png,3e339e3500c003c7,3,Lab,Floating
train/pd/3e339e3500c003c7_w14.png,3e339e3500c003c7,14,Lab,Floating
train/pd/3e339e3500c003c7_w15.png,3e339e3500c003c7,15,Lab,Floating
train/pd/3e339e3500c003c7_w16.png,3e339e3500c003c7,16,Lab,Floating
train/pd/3e339e3500c003c7_w17.png,3e339e3500c003c7,17,Lab,Floating
train/pd/3e339e3500c003c7_w19.png,3e339e3500c003c7,19,Lab,Floating
train/pd/3e339e3500c003c7_w24.png,3e339e3500c003c7,24,Lab,Floating
train/pd/3e339e3500c003c7_w26.png,3e339e3500c003c7,26,Lab,Floating
train/pd/3e4bd366ca2878c3_w01.png,3e4bd366ca2878c3,1,Lab,Floating
train/pd/3e4bd366ca2878c3_w02.png,3e4bd366ca2878c3,2,Lab,Floating
train/pd/3e4bd366ca2878c3_w08.png,3e4bd366ca2878c3,8,Lab,Floating
train/pd/3e4bd366ca2878c3_w13.png,3e4bd366ca2878c3,13,Lab,Floating
train/pd/3e4bd366ca2878c3_w14.png,3e4bd366ca2878c3,14,Lab,Floating
train/pd/3e4bd366ca2878c3_w21.png,3e4bd366ca2878c3,21,Lab,Floating
train/pd/3e4bd366ca2878c3_w22.png,3e4bd366ca2878c3,22,Lab,Floating
train/pd/3e4bd366ca2878c3_w27.png,3e4bd366ca2878c3,27,Lab,Floating
train/pd/3e5e6f0f3928f8a6_w02.png,3e5e6f0f3928f8a6,2,Lab,Void
train/pd/3e5e6f0f3928f8a6_w05.png,3e5e6f0f3928f8a6,5,Lab,Void
train/pd/3e5e6f0f3928f8a6_w09.png,3e5e6f0f3928f8a6,9,Lab,Void
train/pd/3e5e6f0f3928f8a6_w10.png,3e5e6f0f3928f8a6,10,Lab,Void
train/pd/3e5e6f0f3928f8a6_w16.png,3e5e6f0f3928f8a6,16,Lab,Void
train/pd/3e5e6f0f3928f8a6_w19.png,3e5e6f0f3928f8a6,19,Lab,Void
train/pd/3e5e6f0f3928f8a6_w25.png,3e5e6f0f3928f8a6,25,Lab,Void
train/pd/3e5e6f0f3928f8a6_w26.png,3e5e6f0f3928f8a6,26,Lab,Void
train/pd/3e973b0d04454421_w00.png,3e973b0d04454421,0,Lab,Void
train/pd/3e973b0d04454421_w03.png,3e973b0d04454421,3,Lab,Void
train/pd/3e973b0d04454421_w05.png,3e973b0d04454421,5,Lab,Void
train/pd/3e973b0d04454421_w09.png,3e973b0d04454421,9,Lab,Void
train/pd/3e973b0d04454421_w13.png,3e973b0d04454421,13,Lab,Void
train/pd/3e973b0d04454421_w16.png,3e973b0d04454421,16,Lab,Void
train/pd/3e973b0d04454421_w18.png,3e973b0d04454421,18,Lab,Void
train/pd/3e973b0d04454421_w21.png,3e973b0d04454421,21,Lab,Void
train/pd/3ea1ba08d7226ca9_w00.png,3ea1ba08d7226ca9,0,Lab,Void
train/pd/3ea1ba08d7226ca9_w08.png,3ea1ba08d7226ca9,8,Lab,Void
train/pd/3ea1ba08d7226ca9_w09.png,3ea1ba08d7226ca9,9,Lab,Void
train/pd/3ea1ba08d7226ca9_w10.png,3ea1ba08d7226ca9,10,Lab,Void
train/pd/3ea1ba08d7226ca9_w13.png,3ea1ba08d7226ca9,13,Lab,Void
train/pd/3ea1ba08d7226ca9_w19.png,3ea1ba08d7226ca9,19,Lab,Void
train/pd/3ea1ba08d7226ca9_w21.png,3ea1ba08d7226ca9,21,Lab,Void
train/pd/3ea1ba08d7226ca9_w27.png,3ea1ba08d7226ca9,27,Lab,Void
train/pd/3ebc27b4a8a35c3b_w02.png,3ebc27b4a8a35c3b,2,Lab,Void
train/pd/3ebc27b4a8a35c3b_w04.png,3ebc27b4a8a35c3b,4,Lab,Void
train/pd/3ebc27b4a8a35c3b_w06.png,3ebc27b4a8a35c3b,6,Lab,Void
train/pd/3ebc27b4a8a35c3b_w14.png,3ebc27b4a8a35c3b,14,Lab,Void
train/pd/3ebc27b4a8a35c3b_w15.png,3ebc27b4a8a35c3b,15,Lab,Void
train/pd/3ebc27b4a8a35c3b_w17.png,3ebc27b4a8a35c3b,17,Lab,Void
train/pd/3ebc27b4a8a35c3b_w18.png,3ebc27b4a8a35c3b,18,Lab,Void
train/pd/3ebc27b4a8a35c3b_w19.png,3ebc27b4a8a35c3b,19,Lab,Void
train/pd/3f021f4e26ad465b_w03.png,3f021f4e26ad465b,3,Lab,Floating
train/pd/3f021f4e26ad465b_w12.png,3f021f4e26ad465b,12,Lab,Floating
train/pd/3f021f4e26ad465b_w13.png,3f021f4e26ad465b,13,Lab,Floating
train/pd/3f021f4e26ad465b_w15.png,3f021f4e26ad465b,15,Lab,Floating
train/pd/3f021f4e26ad465b_w18.png,3f021f4e26ad465b,18,Lab,Floating
train/pd/3f021f4e26ad465b_w23.png,3f021f4e26ad465b,23,Lab,Floating
train/pd/3f021f4e26ad465b_w24.png,3f021f4e26ad465b,24,Lab,Floating
train/pd/3f021f4e26ad465b_w27.png,3f021f4e26ad465b,27,Lab,Floating
train/pd/3f181fcd1645214a_w03.png,3f181fcd1645214a,3,Field,Floating
train/pd/3f181fcd1645214a_w04.png,3f181fcd1645214a,4,Field,Floating
train/pd/3f181fcd1645214a_w06.png,3f181fcd1645214a,6,Field,Floating
train/pd/3f181fcd1645214a_w14.png,3f181fcd1645214a,14,Field,Floating
train/pd/3f181fcd1645214a_w16.png,3f181fcd1645214a,16,Field,Floating
train/pd/3f181fcd1645214a_w18.png,3f181fcd1645214a,18,Field,Floating
train/pd/3f181fcd1645214a_w22.png,3f181fcd1645214a,22,Field,Floating
train/pd/3f181fcd1645214a_w24.png,3f181fcd1645214a,24,Field,Floating
train/pd/3f2accee35b3c597_w00.png,3f2accee35b3c597,0,Lab,Void
train/pd/3f2accee35b3c597_w04.png,3f2accee35b3c597,4,Lab,Void
train/pd/3f2accee35b3c597_w07.png,3f2accee35b3c597,7,Lab,Void
train/pd/3f2accee35b3c597_w09.png,3f2accee35b3c597,9,Lab,Void
train/pd/3f2accee35b3c597_w11.png,3f2accee35b3c597,11,Lab,Void
train/pd/3f2accee35b3c597_w13.png,3f2accee35b3c597,13,Lab,Void
train/pd/3f2accee35b3c597_w24.png,3f2accee35b3c597,24,Lab,Void
train/pd/3f2accee35b3c597_w27.png,3f2accee35b3c597,27,Lab,Void
train/pd/3f2ae4888b839387_w02.png,3f2ae4888b839387,2,Field,Void
train/pd/3f2ae4888b839387_w04.png,3f2ae4888b839387,4,Field,Void
train/pd/3f2ae4888b839387_w08.png,3f2ae4888b839387,8,Field,Void
train/pd/3f2ae4888b839387_w14.png,3f2ae4888b839387,14,Field,Void
train/pd/3f2ae4888b839387_w18.png,3f2ae4888b839387,18,Field,Void
train/pd/3f2ae4888b839387_w23.png,3f2ae4888b839387,23,Field,Void
train/pd/3f2ae4888b839387_w26.png,3f2ae4888b839387,26,Field,Void
train/pd/3f2ae4888b839387_w27.png,3f2ae4888b839387,27,Field,Void
train/pd/3f440b5953c05c77_w03.png,3f440b5953c05c77,3,Field,Void
train/pd/3f440b5953c05c77_w06.png,3f440b5953c05c77,6,Field,Void
train/pd/3f440b5953c05c77_w09.png,3f440b5953c05c77,9,Field,Void
train/pd/3f440b5953c05c77_w10.png,3f440b5953c05c77,10,Field,Void
train/pd/3f440b5953c05c77_w13.png,3f440b5953c05c77,13,Field,Void
train/pd/3f440b5953c05c77_w16.png,3f440b5953c05c77,16,Field,Void
train/pd/3f440b5953c05c77_w17.png,3f440b5953c05c77,17,Field,Void
train/pd/3f440b5953c05c77_w21.png,3f440b5953c05c77,21,Field,Void
train/pd/3f4d0e9391be5893_w06.png,3f4d0e9391be5893,6,Lab,Void
train/pd/3f4d0e9391be5893_w08.png,3f4d0e9391be5893,8,Lab,Void
train/pd/3f4d0e9391be5893_w09.png,3f4d0e9391be5893,9,Lab,Void
train/pd/3f4d0e9391be5893_w10.png,3f4d0e9391be5893,10,Lab,Void
train/pd/3f4d0e9391be5893_w12.png,3f4d0e9391be5893,12,Lab,Void
train/pd/3f4d0e9391be5893_w14.png,3f4d0e9391be5893,14,Lab,Void
train/pd/3f4d0e9391be5893_w21.png,3f4d0e9391be5893,21,Lab,Void
train/pd/3f4d0e9391be5893_w22.png,3f4d0e9391be5893,22,Lab,Void
train/pd/3f5caa8e3d26e732_w01.png,3f5caa8e3d26e732,1,Lab,Void
train/pd/3f5caa8e3d26e732_w06.png,3f5caa8e3d26e732,6,Lab,Void
train/pd/3f5caa8e3d26e732_w09.png,3f5caa8e3d26e732,9,Lab,Void
train/pd/3f5caa8e3d26e732_w13.png,3f5caa8e3d26e732,13,Lab,Void
train/pd/3f5caa8e3d26e732_w14.png,3f5caa8e3d26e732,14,Lab,Void
train/pd/3f5caa8e3d26e732_w15.png,3f5caa8e3d26e732,15,Lab,Void
train/pd/3f5caa8e3d26e732_w19.png,3f5caa8e3d26e732,19,Lab,Void
train/pd/3f5caa8e3d26e732_w25.png,3f5caa8e3d26e732,25,Lab,Void
train/pd/3f718da601031d84_w03.png,3f718da601031d84,3,Lab,Particle
train/pd/3f718da601031d84_w04.png,3f718da601031d84,4,Lab,Particle
train/pd/3f718da601031d84_w05.png,3f718da601031d84,5,Lab,Particle
train/pd/3f718da601031d84_w13.png,3f718da601031d84,13,Lab,Particle
train/pd/3f718da601031d84_w17.png,3f718da601031d84,17,Lab,Particle
train/pd/3f718da601031d84_w21.png,3f718da601031d84,21,Lab,Particle
train/pd/3f718da601031d84_w25.png,3f718da601031d84,25,Lab,Particle
train/pd/3f718da601031d84_w26.png,3f718da601031d84,26,Lab,Particle
train/pd/3f97cfdc7f9be0be_w01.png,3f97cfdc7f9be0be,1,Lab,Void
train/pd/3f97cfdc7f9be0be_w02.png,3f97cfdc7f9be0be,2,Lab,Void
train/pd/3f97cfdc7f9be0be_w04.png,3f97cfdc7f9be0be,4,Lab,Void
train/pd/3f97cfdc7f9be0be_w05.png,3f97cfdc7f9be0be,5,Lab,Void
train/pd/3f97cfdc7f9be0be_w06.png,3f97cfdc7f9be0be,6,Lab,Void
train/pd/3f97cfdc7f9be0be_w10.png,3f97cfdc7f9be0be,10,Lab,Void
train/pd/3f97cfdc7f9be0be_w16.png,3f97cfdc7f9be0be,16,Lab,Void
train/pd/3f97cfdc7f9be0be_w18.png,3f97cfdc7f9be0be,18,Lab,Void
train/pd/3fa29809ea54cebe_w03.png,3fa29809ea54cebe,3,Lab,Particle
train/pd/3fa29809ea54cebe_w07.png,3fa29809ea54cebe,7,Lab,Particle
train/pd/3fa29809ea54cebe_w09.png,3fa29809ea54cebe,9,Lab,Particle
train/pd/3fa29809ea54cebe_w14.png,3fa29809ea54cebe,14,Lab,Particle
train/pd/3fa29809ea54cebe_w20.png,3fa29809ea54cebe,20,Lab,Particle
train/pd/3fa29809ea54cebe_w21.png,3fa29809ea54cebe,21,Lab,Particle
train/pd/3fa29809ea54cebe_w23.png,3fa29809ea54cebe,23,Lab,Particle
train/pd/3fa29809ea54cebe_w24.png,3fa29809ea54cebe,24,Lab,Particle
train/pd/3faf063845430cca_w00.png,3faf063845430cca,0,Lab,Void
train/pd/3faf063845430cca_w01.png,3faf063845430cca,1,Lab,Void
train/pd/3faf063845430cca_w05.png,3faf063845430cca,5,Lab,Void
train/pd/3faf063845430cca_w06.png,3faf063845430cca,6,Lab,Void
train/pd/3faf063845430cca_w10.png,3faf063845430cca,10,Lab,Void
train/pd/3faf063845430cca_w11.png,3faf063845430cca,11,Lab,Void
train/pd/3faf063845430cca_w18.png,3faf063845430cca,18,Lab,Void
train/pd/3faf063845430cca_w21.png,3faf063845430cca,21,Lab,Void
train/pd/3fbf64cbdfe68c11_w00.png,3fbf64cbdfe68c11,0,Lab,Particle
train/pd/3fbf64cbdfe68c11_w03.png,3fbf64cbdfe68c11,3,Lab,Particle
train/pd/3fbf64cbdfe68c11_w04.png,3fbf64cbdfe68c11,4,Lab,Particle
train/pd/3fbf64cbdfe68c11_w05.png,3fbf64cbdfe68c11,5,Lab,Particle
train/pd/3fbf64cbdfe68c11_w09.png,3fbf64cbdfe68c11,9,Lab,Particle
train/pd/3fbf64cbdfe68c11_w10.png,3fbf64cbdfe68c11,10,Lab,Particle
train/pd/3fbf64cbdfe68c11_w12.png,3fbf64cbdfe68c11,12,Lab,Particle
train/pd/3fbf64cbdfe68c11_w19.png,3fbf64cbdfe68c11,19,Lab,Particle
train/pd/3fed45ac7dd4c05d_w01.png,3fed45ac7dd4c05d,1,Lab,Void
train/pd/3fed45ac7dd4c05d_w08.png,3fed45ac7dd4c05d,8,Lab,Void
train/pd/3fed45ac7dd4c05d_w12.png,3fed45ac7dd4c05d,12,Lab,Void
train/pd/3fed45ac7dd4c05d_w13.png,3fed45ac7dd4c05d,13,Lab,Void
train/pd/3fed45ac7dd4c05d_w14.png,3fed45ac7dd4c05d,14,Lab,Void
train/pd/3fed45ac7dd4c05d_w15.png,3fed45ac7dd4c05d,15,Lab,Void
train/pd/3fed45ac7dd4c05d_w21.png,3fed45ac7dd4c05d,21,Lab,Void
train/pd/3fed45ac7dd4c05d_w25.png,3fed45ac7dd4c05d,25,Lab,Void
train/pd/4015ec7db4fa1211_w00.png,4015ec7db4fa1211,0,Lab,Corona
train/pd/4015ec7db4fa1211_w01.png,4015ec7db4fa1211,1,Lab,Corona
train/pd/4015ec7db4fa1211_w02.png,4015ec7db4fa1211,2,Lab,Corona
train/pd/4015ec7db4fa1211_w05.png,4015ec7db4fa1211,5,Lab,Corona
train/pd/4015ec7db4fa1211_w09.png,4015ec7db4fa1211,9,Lab,Corona
train/pd/4015ec7db4fa1211_w19.png,4015ec7db4fa1211,19,Lab,Corona
train/pd/4015ec7db4fa1211_w21.png,4015ec7db4fa1211,21,Lab,Corona
train/pd/4015ec7db4fa1211_w24.png,4015ec7db4fa1211,24,Lab,Corona
train/pd/40228955a7b91b90_w00.png,40228955a7b91b90,0,Lab,Particle
train/pd/40228955a7b91b90_w02.png,40228955a7b91b90,2,Lab,Particle
train/pd/40228955a7b91b90_w03.png,40228955a7b91b90,3,Lab,Particle
train/pd/40228955a7b91b90_w09.png,40228955a7b91b90,9,Lab,Particle
train/pd/40228955a7b91b90_w12.png,40228955a7b91b90,12,Lab,Particle
train/pd/40228955a7b91b90_w22.png,40228955a7b91b90,22,Lab,Particle
train/pd/40228955a7b91b90_w24.png,40228955a7b91b90,24,Lab,Particle
train/pd/40228955a7b91b90_w26.png,40228955a7b91b90,26,Lab,Particle
train/pd/4024c782d6483821_w05.png,4024c782d6483821,5,Lab,Void
train/pd/4024c782d6483821_w06.png,4024c782d6483821,6,Lab,Void
train/pd/4024c782d6483821_w11.png,4024c782d6483821,11,Lab,Void
train/pd/4024c782d6483821_w12.png,4024c782d6483821,12,Lab,Void
train/pd/4024c782d6483821_w14.png,4024c782d6483821,14,Lab,Void
train/pd/4024c782d6483821_w16.png,4024c782d6483821,16,Lab,Void
train/pd/4024c782d6483821_w18.png,4024c782d6483821,18,Lab,Void
train/pd/4024c782d6483821_w19.png,4024c782d6483821,19,Lab,Void
train/pd/403cd76ebd39b6ce_w00.png,403cd76ebd39b6ce,0,Field,Void
train/pd/403cd76ebd39b6ce_w01.png,403cd76ebd39b6ce,1,Field,Void
train/pd/403cd76ebd39b6ce_w10.png,403cd76ebd39b6ce,10,Field,Void
train/pd/403cd76ebd39b6ce_w11.png,403cd76ebd39b6ce,11,Field,Void
train/pd/403cd76ebd39b6ce_w14.png,403cd76ebd39b6ce,14,Field,Void
train/pd/403cd76ebd39b6ce_w15.png,403cd76ebd39b6ce,15,Field,Void
train/pd/403cd76ebd39b6ce_w18.png,403cd76ebd39b6ce,18,Field,Void
train/pd/403cd76ebd39b6ce_w26.png,403cd76ebd39b6ce,26,Field,Void
train/pd/406cbfe283093904_w01.png,406cbfe283093904,1,Lab,Void
train/pd/406cbfe283093904_w04.png,406cbfe283093904,4,Lab,Void
train/pd/406cbfe283093904_w08.png,406cbfe283093904,8,Lab,Void
train/pd/406cbfe283093904_w14.png,406cbfe283093904,14,Lab,Void
train/pd/406cbfe283093904_w20.png,406cbfe283093904,20,Lab,Void
train/pd/406cbfe283093904_w22.png,406cbfe283093904,22,Lab,Void
train/pd/406cbfe283093904_w25.png,406cbfe283093904,25,Lab,Void
train/pd/406cbfe283093904_w26.png,406cbfe283093904,26,Lab,Void
train/pd/40bcb5c6fd8aeb74_w00.png,40bcb5c6fd8aeb74,0,Lab,Corona
train/pd/40bcb5c6fd8aeb74_w12.png,40bcb5c6fd8aeb74,12,Lab,Corona
train/pd/40bcb5c6fd8aeb74_w14.png,40bcb5c6fd8aeb74,14,Lab,Corona
train/pd/40bcb5c6fd8aeb74_w15.png,40bcb5c6fd8aeb74,15,Lab,Corona
train/pd/40bcb5c6fd8aeb74_w16.png,40bcb5c6fd8aeb74,16,Lab,Corona
train/pd/40bcb5c6fd8aeb74_w21.png,40bcb5c6fd8aeb74,21,Lab,Corona
train/pd/40bcb5c6fd8aeb74_w25.png,40bcb5c6fd8aeb74,25,Lab,Corona
train/pd/40bcb5c6fd8aeb74_w26.png,40bcb5c6fd8aeb74,26,Lab,Corona
train/pd/41860e33ddee4a08_w02.png,41860e33ddee4a08,2,Lab,Void
train/pd/41860e33ddee4a08_w03.png,41860e33ddee4a08,3,Lab,Void
train/pd/41860e33ddee4a08_w06.png,41860e33ddee4a08,6,Lab,Void
train/pd/41860e33ddee4a08_w17.png,41860e33ddee4a08,17,Lab,Void
train/pd/41860e33ddee4a08_w18.png,41860e33ddee4a08,18,Lab,Void
train/pd/41860e33ddee4a08_w19.png,41860e33ddee4a08,19,Lab,Void
train/pd/41860e33ddee4a08_w24.png,41860e33ddee4a08,24,Lab,Void
train/pd/41860e33ddee4a08_w25.png,41860e33ddee4a08,25,Lab,Void
train/pd/4212fc1838a10b14_w00.png,4212fc1838a10b14,0,Lab,Particle
train/pd/4212fc1838a10b14_w02.png,4212fc1838a10b14,2,Lab,Particle
train/pd/4212fc1838a10b14_w07.png,4212fc1838a10b14,7,Lab,Particle
train/pd/4212fc1838a10b14_w12.png,4212fc1838a10b14,12,Lab,Particle
train/pd/4212fc1838a10b14_w15.png,4212fc1838a10b14,15,Lab,Particle
train/pd/4212fc1838a10b14_w18.png,4212fc1838a10b14,18,Lab,Particle
train/pd/4212fc1838a10b14_w19.png,4212fc1838a10b14,19,Lab,Particle
train/pd/4212fc1838a10b14_w21.png,4212fc1838a10b14,21,Lab,Particle
train/pd/421c5bdb8b602590_w00.png,421c5bdb8b602590,0,Lab,Floating
train/pd/421c5bdb8b602590_w06.png,421c5bdb8b602590,6,Lab,Floating
train/pd/421c5bdb8b602590_w09.png,421c5bdb8b602590,9,Lab,Floating
train/pd/421c5bdb8b602590_w14.png,421c5bdb8b602590,14,Lab,Floating
train/pd/421c5bdb8b602590_w17.png,421c5bdb8b602590,17,Lab,Floating
train/pd/421c5bdb8b602590_w20.png,421c5bdb8b602590,20,Lab,Floating
train/pd/421c5bdb8b602590_w24.png,421c5bdb8b602590,24,Lab,Floating
train/pd/421c5bdb8b602590_w25.png,421c5bdb8b602590,25,Lab,Floating
train/pd/422d4b8655ad0571_w01.png,422d4b8655ad0571,1,Lab,Corona
train/pd/422d4b8655ad0571_w02.png,422d4b8655ad0571,2,Lab,Corona
train/pd/422d4b8655ad0571_w09.png,422d4b8655ad0571,9,Lab,Corona
train/pd/422d4b8655ad0571_w14.png,422d4b8655ad0571,14,Lab,Corona
train/pd/422d4b8655ad0571_w15.png,422d4b8655ad0571,15,Lab,Corona
train/pd/422d4b8655ad0571_w16.png,422d4b8655ad0571,16,Lab,Corona
train/pd/422d4b8655ad0571_w21.png,422d4b8655ad0571,21,Lab,Corona
train/pd/422d4b8655ad0571_w25.png,422d4b8655ad0571,25,Lab,Corona
train/pd/4230f084147fe66e_w00.png,4230f084147fe66e,0,Lab,Floating
train/pd/4230f084147fe66e_w04.png,4230f084147fe66e,4,Lab,Floating
train/pd/4230f084147fe66e_w05.png,4230f084147fe66e,5,Lab,Floating
train/pd/4230f084147fe66e_w18.png,4230f084147fe66e,18,Lab,Floating
train/pd/4230f084147fe66e_w23.png,4230f084147fe66e,23,Lab,Floating
train/pd/4230f084147fe66e_w25.png,4230f084147fe66e,25,Lab,Floating
train/pd/4230f084147fe66e_w26.png,4230f084147fe66e,26,Lab,Floating
train/pd/4230f084147fe66e_w27.png,4230f084147fe66e,27,Lab,Floating
train/pd/428122c7ebb1c712_w01.png,428122c7ebb1c712,1,Field,Void
train/pd/428122c7ebb1c712_w02.png,428122c7ebb1c712,2,Field,Void
train/pd/428122c7ebb1c712_w03.png,428122c7ebb1c712,3,Field,Void
train/pd/428122c7ebb1c712_w06.png,428122c7ebb1c712,6,Field,Void
train/pd/428122c7ebb1c712_w07.png,428122c7ebb1c712,7,Field,Void
train/pd/428122c7ebb1c712_w17.png,428122c7ebb1c712,17,Field,Void
train/pd/428122c7ebb1c712_w20.png,428122c7ebb1c712,20,Field,Void
train/pd/428122c7ebb1c712_w26.png,428122c7ebb1c712,26,Field,Void
train/pd/42ad0fb1bdf06ecb_w04.png,42ad0fb1bdf06ecb,4,Lab,Corona
train/pd/42ad0fb1bdf06ecb_w06.png,42ad0fb1bdf06ecb,6,Lab,Corona
train/pd/42ad0fb1bdf06ecb_w07.png,42ad0fb1bdf06ecb,7,Lab,Corona
train/pd/42ad0fb1bdf06ecb_w17.png,42ad0fb1bdf06ecb,17,Lab,Corona
train/pd/42ad0fb1bdf06ecb_w19.png,42ad0fb1bdf06ecb,19,Lab,Corona
train/pd/42ad0fb1bdf06ecb_w20.png,42ad0fb1bdf06ecb,20,Lab,Corona
train/pd/42ad0fb1bdf06ecb_w21.png,42ad0fb1bdf06ecb,21,Lab,Corona
train/pd/42ad0fb1bdf06ecb_w23.png,42ad0fb1bdf06ecb,23,Lab,Corona
train/pd/42d1ae764012ccd2_w05.png,42d1ae764012ccd2,5,Lab,Floating
train/pd/42d1ae764012ccd2_w10.png,42d1ae764012ccd2,10,Lab,Floating
train/pd/42d1ae764012ccd2_w14.png,42d1ae764012ccd2,14,Lab,Floating
train/pd/42d1ae764012ccd2_w16.png,42d1ae764012ccd2,16,Lab,Floating
train/pd/42d1ae764012ccd2_w18.png,42d1ae764012ccd2,18,Lab,Floating
train/pd/42d1ae764012ccd2_w20.png,42d1ae764012ccd2,20,Lab,Floating
train/pd/42d1ae764012ccd2_w23.png,42d1ae764012ccd2,23,Lab,Floating
train/pd/42d1ae764012ccd2_w27.png,42d1ae764012ccd2,27,Lab,Floating
train/pd/42dec103b34d05c7_w03.png,42dec103b34d05c7,3,Lab,Void
train/pd/42dec103b34d05c7_w09.png,42dec103b34d05c7,9,Lab,Void
train/pd/42dec103b34d05c7_w12.png,42dec103b34d05c7,12,Lab,Void
train/pd/42dec103b34d05c7_w14.png,42dec103b34d05c7,14,Lab,Void
train/pd/42dec103b34d05c7_w16.png,42dec103b34d05c7,16,Lab,Void
train/pd/42dec103b34d05c7_w18.png,42dec103b34d05c7,18,Lab,Void
train/pd/42dec103b34d05c7_w21.png,42dec103b34d05c7,21,Lab,Void
train/pd/42dec103b34d05c7_w24.png,42dec103b34d05c7,24,Lab,Void
train/pd/42e45eb595eb8a3d_w01.png,42e45eb595eb8a3d,1,Field,Floating
train/pd/42e45eb595eb8a3d_w02.png,42e45eb595eb8a3d,2,Field,Floating
train/pd/42e45eb595eb8a3d_w05.png,42e45eb595eb8a3d,5,Field,Floating
train/pd/42e45eb595eb8a3d_w09.png,42e45eb595eb8a3d,9,Field,Floating
train/pd/42e45eb595eb8a3d_w11.png,42e45eb595eb8a3d,11,Field,Floating
train/pd/42e45eb595eb8a3d_w13.png,42e45eb595eb8a3d,13,Field,Floating
train/pd/42e45eb595eb8a3d_w16.png,42e45eb595eb8a3d,16,Field,Floating
train/pd/42e45eb595eb8a3d_w24.png,42e45eb595eb8a3d,24,Field,Floating
train/pd/433048a2e39e527d_w00.png,433048a2e39e527d,0,Lab,Corona
train/pd/433048a2e39e527d_w04.png,433048a2e39e527d,4,Lab,Corona
train/pd/433048a2e39e527d_w05.png,433048a2e39e527d,5,Lab,Corona
train/pd/433048a2e39e527d_w08.png,433048a2e39e527d,8,Lab,Corona
train/pd/433048a2e39e527d_w13.png,433048a2e39e527d,13,Lab,Corona
train/pd/433048a2e39e527d_w18.png,433048a2e39e527d,18,Lab,Corona
train/pd/433048a2e39e527d_w26.png,433048a2e39e527d,26,Lab,Corona
train/pd/433048a2e39e527d_w27.png,433048a2e39e527d,27,Lab,Corona
train/pd/43684b0e54a5b670_w01.png,43684b0e54a5b670,1,Lab,Void
train/pd/43684b0e54a5b670_w04.png,43684b0e54a5b670,4,Lab,Void
train/pd/43684b0e54a5b670_w05.png,43684b0e54a5b670,5,Lab,Void
train/pd/43684b0e54a5b670_w11.png,43684b0e54a5b670,11,Lab,Void
train/pd/43684b0e54a5b670_w13.png,43684b0e54a5b670,13,Lab,Void
train/pd/43684b0e54a5b670_w15.png,43684b0e54a5b670,15,Lab,Void
train/pd/43684b0e54a5b670_w23.png,43684b0e54a5b670,23,Lab,Void
train/pd/43684b0e54a5b670_w26.png,43684b0e54a5b670,26,Lab,Void
train/pd/43a4a04d6b3e77b8_w06.png,43a4a04d6b3e77b8,6,Field,Void
train/pd/43a4a04d6b3e77b8_w08.png,43a4a04d6b3e77b8,8,Field,Void
train/pd/43a4a04d6b3e77b8_w09.png,43a4a04d6b3e77b8,9,Field,Void
train/pd/43a4a04d6b3e77b8_w11.png,43a4a04d6b3e77b8,11,Field,Void
train/pd/43a4a04d6b3e77b8_w13.png,43a4a04d6b3e77b8,13,Field,Void
train/pd/43a4a04d6b3e77b8_w16.png,43a4a04d6b3e77b8,16,Field,Void
train/pd/43a4a04d6b3e77b8_w19.png,43a4a04d6b3e77b8,19,Field,Void
train/pd/43a4a04d6b3e77b8_w27.png,43a4a04d6b3e77b8,27,Field,Void
train/pd/43adf6351df807cc_w00.png,43adf6351df807cc,0,Lab,Corona
train/pd/43adf6351df807cc_w02.png,43adf6351df807cc,2,Lab,Corona
train/pd/43adf6351df807cc_w07.png,43adf6351df807cc,7,Lab,Corona
train/pd/43adf6351df807cc_w08.png,43adf6351df807cc,8,Lab,Corona
train/pd/43adf6351df807cc_w11.png,43adf6351df807cc,11,Lab,Corona
train/pd/43adf6351df807cc_w15.png,43adf6351df807cc,15,Lab,Corona
train/pd/43adf6351df807cc_w19.png,43adf6351df807cc,19,Lab,Corona
train/pd/43adf6351df807cc_w26.png,43adf6351df807cc,26,Lab,Corona
train/pd/441f905751835eec_w00.png,441f905751835eec,0,Lab,Void
train/pd/441f905751835eec_w03.png,441f905751835eec,3,Lab,Void
train/pd/441f905751835eec_w08.png,441f905751835eec,8,Lab,Void
train/pd/441f905751835eec_w09.png,441f905751835eec,9,Lab,Void
train/pd/441f905751835eec_w11.png,441f905751835eec,11,Lab,Void
train/pd/441f905751835eec_w13.png,441f905751835eec,13,Lab,Void
train/pd/441f905751835eec_w19.png,441f905751835eec,19,Lab,Void
train/pd/441f905751835eec_w26.png,441f905751835eec,26,Lab,Void
train/pd/444b5eaacc4383bc_w01.png,444b5eaacc4383bc,1,Lab,Floating
train/pd/444b5eaacc4383bc_w03.png,444b5eaacc4383bc,3,Lab,Floating
train/pd/444b5eaacc4383bc_w12.png,444b5eaacc4383bc,12,Lab,Floating
train/pd/444b5eaacc4383bc_w15.png,444b5eaacc4383bc,15,Lab,Floating
train/pd/444b5eaacc4383bc_w18.png,444b5eaacc4383bc,18,Lab,Floating
train/pd/444b5eaacc4383bc_w20.png,444b5eaacc4383bc,20,Lab,Floating
train/pd/444b5eaacc4383bc_w22.png,444b5eaacc4383bc,22,Lab,Floating
train/pd/444b5eaacc4383bc_w25.png,444b5eaacc4383bc,25,Lab,Floating
train/pd/449b80e32f6dbd63_w03.png,449b80e32f6dbd63,3,Lab,Void
train/pd/449b80e32f6dbd63_w05.png,449b80e32f6dbd63,5,Lab,Void
train/pd/449b80e32f6dbd63_w06.png,449b80e32f6dbd63,6,Lab,Void
train/pd/449b80e32f6dbd63_w07.png,449b80e32f6dbd63,7,Lab,Void
train/pd/449b80e32f6dbd63_w11.png,449b80e32f6dbd63,11,Lab,Void
train/pd/449b80e32f6dbd63_w15.png,449b80e32f6dbd63,15,Lab,Void
train/pd/449b80e32f6dbd63_w18.png,449b80e32f6dbd63,18,Lab,Void
train/pd/449b80e32f6dbd63_w25.png,449b80e32f6dbd63,25,Lab,Void
train/pd/449f87dbfd9398d6_w00.png,449f87dbfd9398d6,0,Lab,Particle
train/pd/449f87dbfd9398d6_w05.png,449f87dbfd9398d6,5,Lab,Particle
train/pd/449f87dbfd9398d6_w12.png,449f87dbfd9398d6,12,Lab,Particle
train/pd/449f87dbfd9398d6_w15.png,449f87dbfd9398d6,15,Lab,Particle
train/pd/449f87dbfd9398d6_w21.png,449f87dbfd9398d6,21,Lab,Particle
train/pd/449f87dbfd9398d6_w23.png,449f87dbfd9398d6,23,Lab,Particle
train/pd/449f87dbfd9398d6_w25.png,449f87dbfd9398d6,25,Lab,Particle
train/pd/449f87dbfd9398d6_w27.png,449f87dbfd9398d6,27,Lab,Particle
train/pd/44be844486a393c4_w06.png,44be844486a393c4,6,Lab,Void
train/pd/44be844486a393c4_w08.png,44be844486a393c4,8,Lab,Void
train/pd/44be844486a393c4_w09.png,44be844486a393c4,9,Lab,Void
train/pd/44be844486a393c4_w10.png,44be844486a393c4,10,Lab,Void
train/pd/44be844486a393c4_w15.png,44be844486a393c4,15,Lab,Void
train/pd/44be844486a393c4_w16.png,44be844486a393c4,16,Lab,Void
train/pd/44be844486a393c4_w17.png,44be844486a393c4,17,Lab,Void
train/pd/44be844486a393c4_w26.png,44be844486a393c4,26,Lab,Void
train/pd/44cb3f64cbb5d54d_w00.png,44cb3f64cbb5d54d,0,Lab,Void
train/pd/44cb3f64cbb5d54d_w03.png,44cb3f64cbb5d54d,3,Lab,Void
train/pd/44cb3f64cbb5d54d_w04.png,44cb3f64cbb5d54d,4,Lab,Void
train/pd/44cb3f64cbb5d54d_w08.png,44cb3f64cbb5d54d,8,Lab,Void
train/pd/44cb3f64cbb5d54d_w10.png,44cb3f64cbb5d54d,10,Lab,Void
train/pd/44cb3f64cbb5d54d_w12.png,44cb3f64cbb5d54d,12,Lab,Void
train/pd/44cb3f64cbb5d54d_w20.png,44cb3f64cbb5d54d,20,Lab,Void
train/pd/44cb3f64cbb5d54d_w21.png,44cb3f64cbb5d54d,21,Lab,Void
train/pd/44ce39dda4041358_w01.png,44ce39dda4041358,1,Lab,Void
train/pd/44ce39dda4041358_w11.png,44ce39dda4041358,11,Lab,Void
train/pd/44ce39dda4041358_w13.png,44ce39dda4041358,13,Lab,Void
train/pd/44ce39dda4041358_w18.png,44ce39dda4041358,18,Lab,Void
train/pd/44ce39dda4041358_w19.png,44ce39dda4041358,19,Lab,Void
train/pd/44ce39dda4041358_w21.png,44ce39dda4041358,21,Lab,Void
train/pd/44ce39dda4041358_w25.png,44ce39dda4041358,25,Lab,Void
train/pd/44ce39dda4041358_w26.png,44ce39dda4041358,26,Lab,Void
train/pd/44cff9eb8a85a238_w00.png,44cff9eb8a85a238,0,Field,Void
train/pd/44cff9eb8a85a238_w03.png,44cff9eb8a85a238,3,Field,Void
train/pd/44cff9eb8a85a238_w05.png,44cff9eb8a85a238,5,Field,Void
train/pd/44cff9eb8a85a238_w07.png,44cff9eb8a85a238,7,Field,Void
train/pd/44cff9eb8a85a238_w08.png,44cff9eb8a85a238,8,Field,Void
train/pd/44cff9eb8a85a238_w14.png,44cff9eb8a85a238,14,Field,Void
train/pd/44cff9eb8a85a238_w15.png,44cff9eb8a85a238,15,Field,Void
train/pd/44cff9eb8a85a238_w16.png,44cff9eb8a85a238,16,Field,Void
train/pd/44e3517f5c8a8ea1_w01.png,44e3517f5c8a8ea1,1,Lab,Corona
train/pd/44e3517f5c8a8ea1_w08.png,44e3517f5c8a8ea1,8,Lab,Corona
train/pd/44e3517f5c8a8ea1_w10.png,44e3517f5c8a8ea1,10,Lab,Corona
train/pd/44e3517f5c8a8ea1_w11.png,44e3517f5c8a8ea1,11,Lab,Corona
train/pd/44e3517f5c8a8ea1_w12.png,44e3517f5c8a8ea1,12,Lab,Corona
train/pd/44e3517f5c8a8ea1_w16.png,44e3517f5c8a8ea1,16,Lab,Corona
train/pd/44e3517f5c8a8ea1_w17.png,44e3517f5c8a8ea1,17,Lab,Corona
train/pd/44e3517f5c8a8ea1_w21.png,44e3517f5c8a8ea1,21,Lab,Corona
train/pd/44f9b8c8fff88b81_w03.png,44f9b8c8fff88b81,3,Lab,Void
train/pd/44f9b8c8fff88b81_w10.png,44f9b8c8fff88b81,10,Lab,Void
train/pd/44f9b8c8fff88b81_w12.png,44f9b8c8fff88b81,12,Lab,Void
train/pd/44f9b8c8fff88b81_w15.png,44f9b8c8fff88b81,15,Lab,Void
train/pd/44f9b8c8fff88b81_w18.png,44f9b8c8fff88b81,18,Lab,Void
train/pd/44f9b8c8fff88b81_w20.png,44f9b8c8fff88b81,20,Lab,Void
train/pd/44f9b8c8fff88b81_w24.png,44f9b8c8fff88b81,24,Lab,Void
train/pd/44f9b8c8fff88b81_w26.png,44f9b8c8fff88b81,26,Lab,Void
train/pd/45472d513dd2ed3f_w01.png,45472d513dd2ed3f,1,Field,Floating
train/pd/45472d513dd2ed3f_w11.png,45472d513dd2ed3f,11,Field,Floating
train/pd/45472d513dd2ed3f_w12.png,45472d513dd2ed3f,12,Field,Floating
train/pd/45472d513dd2ed3f_w19.png,45472d513dd2ed3f,19,Field,Floating
train/pd/45472d513dd2ed3f_w20.png,45472d513dd2ed3f,20,Field,Floating
train/pd/45472d513dd2ed3f_w21.png,45472d513dd2ed3f,21,Field,Floating
train/pd/45472d513dd2ed3f_w23.png,45472d513dd2ed3f,23,Field,Floating
train/pd/45472d513dd2ed3f_w27.png,45472d513dd2ed3f,27,Field,Floating
train/pd/456073c3e8eaf47a_w01.png,456073c3e8eaf47a,1,Lab,Void
train/pd/456073c3e8eaf47a_w02.png,456073c3e8eaf47a,2,Lab,Void
train/pd/456073c3e8eaf47a_w03.png,456073c3e8eaf47a,3,Lab,Void
train/pd/456073c3e8eaf47a_w06.png,456073c3e8eaf47a,6,Lab,Void
train/pd/456073c3e8eaf47a_w08.png,456073c3e8eaf47a,8,Lab,Void
train/pd/456073c3e8eaf47a_w17.png,456073c3e8eaf47a,17,Lab,Void
train/pd/456073c3e8eaf47a_w23.png,456073c3e8eaf47a,23,Lab,Void
train/pd/456073c3e8eaf47a_w26.png,456073c3e8eaf47a,26,Lab,Void
train/pd/4578ae824347473c_w09.png,4578ae824347473c,9,Field,Void
train/pd/4578ae824347473c_w11.png,4578ae824347473c,11,Field,Void
train/pd/4578ae824347473c_w13.png,4578ae824347473c,13,Field,Void
train/pd/4578ae824347473c_w15.png,4578ae824347473c,15,Field,Void
train/pd/4578ae824347473c_w16.png,4578ae824347473c,16,Field,Void
train/pd/4578ae824347473c_w19.png,4578ae824347473c,19,Field,Void
train/pd/4578ae824347473c_w25.png,4578ae824347473c,25,Field,Void
train/pd/4578ae824347473c_w26.png,4578ae824347473c,26,Field,Void
train/pd/45920b451ce87bf7_w07.png,45920b451ce87bf7,7,Lab,Corona
train/pd/45920b451ce87bf7_w08.png,45920b451ce87bf7,8,Lab,Corona
train/pd/45920b451ce87bf7_w09.png,45920b451ce87bf7,9,Lab,Corona
train/pd/45920b451ce87bf7_w12.png,45920b451ce87bf7,12,Lab,Corona
train/pd/45920b451ce87bf7_w17.png,45920b451ce87bf7,17,Lab,Corona
train/pd/45920b451ce87bf7_w23.png,45920b451ce87bf7,23,Lab,Corona
train/pd/45920b451ce87bf7_w24.png,45920b451ce87bf7,24,Lab,Corona
train/pd/45920b451ce87bf7_w25.png,45920b451ce87bf7,25,Lab,Corona
train/pd/459d07be96a212d6_w04.png,459d07be96a212d6,4,Lab,Corona
train/pd/459d07be96a212d6_w05.png,459d07be96a212d6,5,Lab,Corona
train/pd/459d07be96a212d6_w15.png,459d07be96a212d6,15,Lab,Corona
train/pd/459d07be96a212d6_w16.png,459d07be96a212d6,16,Lab,Corona
train/pd/459d07be96a212d6_w17.png,459d07be96a212d6,17,Lab,Corona
train/pd/459d07be96a212d6_w19.png,459d07be96a212d6,19,Lab,Corona
train/pd/459d07be96a212d6_w20.png,459d07be96a212d6,20,Lab,Corona
train/pd/459d07be96a212d6_w25.png,459d07be96a212d6,25,Lab,Corona
train/pd/45fb8ebcf2e1bb2e_w00.png,45fb8ebcf2e1bb2e,0,Lab,Void
train/pd/45fb8ebcf2e1bb2e_w12.png,45fb8ebcf2e1bb2e,12,Lab,Void
train/pd/45fb8ebcf2e1bb2e_w15.png,45fb8ebcf2e1bb2e,15,Lab,Void
train/pd/45fb8ebcf2e1bb2e_w16.png,45fb8ebcf2e1bb2e,16,Lab,Void
train/pd/45fb8ebcf2e1bb2e_w17.png,45fb8ebcf2e1bb2e,17,Lab,Void
train/pd/45fb8ebcf2e1bb2e_w20.png,45fb8ebcf2e1bb2e,20,Lab,Void
train/pd/45fb8ebcf2e1bb2e_w21.png,45fb8ebcf2e1bb2e,21,Lab,Void
train/pd/45fb8ebcf2e1bb2e_w22.png,45fb8ebcf2e1bb2e,22,Lab,Void
train/pd/4671567c75515ba9_w02.png,4671567c75515ba9,2,Lab,Corona
train/pd/4671567c75515ba9_w04.png,4671567c75515ba9,4,Lab,Corona
train/pd/4671567c75515ba9_w08.png,4671567c75515ba9,8,Lab,Corona
train/pd/4671567c75515ba9_w10.png,4671567c75515ba9,10,Lab,Corona
train/pd/4671567c75515ba9_w11.png,4671567c75515ba9,11,Lab,Corona
train/pd/4671567c75515ba9_w12.png,4671567c75515ba9,12,Lab,Corona
train/pd/4671567c75515ba9_w14.png,4671567c75515ba9,14,Lab,Corona
train/pd/4671567c75515ba9_w15.png,4671567c75515ba9,15,Lab,Corona
train/pd/468edff07760ca81_w02.png,468edff07760ca81,2,Lab,Corona
train/pd/468edff07760ca81_w11.png,468edff07760ca81,11,Lab,Corona
train/pd/468edff07760ca81_w15.png,468edff07760ca81,15,Lab,Corona
train/pd/468edff07760ca81_w19.png,468edff07760ca81,19,Lab,Corona
train/pd/468edff07760ca81_w20.png,468edff07760ca81,20,Lab,Corona
train/pd/468edff07760ca81_w23.png,468edff07760ca81,23,Lab,Corona
train/pd/468edff07760ca81_w25.png,468edff07760ca81,25,Lab,Corona
train/pd/468edff07760ca81_w27.png,468edff07760ca81,27,Lab,Corona
train/pd/46a623f58c0fbbef_w00.png,46a623f58c0fbbef,0,Lab,Void
train/pd/46a623f58c0fbbef_w02.png,46a623f58c0fbbef,2,Lab,Void
train/pd/46a623f58c0fbbef_w06.png,46a623f58c0fbbef,6,Lab,Void
train/pd/46a623f58c0fbbef_w08.png,46a623f58c0fbbef,8,Lab,Void
train/pd/46a623f58c0fbbef_w09.png,46a623f58c0fbbef,9,Lab,Void
train/pd/46a623f58c0fbbef_w18.png,46a623f58c0fbbef,18,Lab,Void
train/pd/46a623f58c0fbbef_w22.png,46a623f58c0fbbef,22,Lab,Void
train/pd/46a623f58c0fbbef_w26.png,46a623f58c0fbbef,26,Lab,Void
train/pd/4712022cfa4729c3_w06.png,4712022cfa4729c3,6,Lab,Void
train/pd/4712022cfa4729c3_w08.png,4712022cfa4729c3,8,Lab,Void
train/pd/4712022cfa4729c3_w11.png,4712022cfa4729c3,11,Lab,Void
train/pd/4712022cfa4729c3_w14.png,4712022cfa4729c3,14,Lab,Void
train/pd/4712022cfa4729c3_w19.png,4712022cfa4729c3,19,Lab,Void
train/pd/4712022cfa4729c3_w20.png,4712022cfa4729c3,20,Lab,Void
train/pd/4712022cfa4729c3_w24.png,4712022cfa4729c3,24,Lab,Void
train/pd/4712022cfa4729c3_w25.png,4712022cfa4729c3,25,Lab,Void
train/pd/4731a93a96e2a712_w01.png,4731a93a96e2a712,1,Lab,Particle
train/pd/4731a93a96e2a712_w02.png,4731a93a96e2a712,2,Lab,Particle
train/pd/4731a93a96e2a712_w04.png,4731a93a96e2a712,4,Lab,Particle
train/pd/4731a93a96e2a712_w09.png,4731a93a96e2a712,9,Lab,Particle
train/pd/4731a93a96e2a712_w16.png,4731a93a96e2a712,16,Lab,Particle
train/pd/4731a93a96e2a712_w17.png,4731a93a96e2a712,17,Lab,Particle
train/pd/4731a93a96e2a712_w19.png,4731a93a96e2a712,19,Lab,Particle
train/pd/4731a93a96e2a712_w25.png,4731a93a96e2a712,25,Lab,Particle
train/pd/475443bc3f776b35_w00.png,475443bc3f776b35,0,Lab,Void
train/pd/475443bc3f776b35_w06.png,475443bc3f776b35,6,Lab,Void
train/pd/475443bc3f776b35_w10.png,475443bc3f776b35,10,Lab,Void
train/pd/475443bc3f776b35_w13.png,475443bc3f776b35,13,Lab,Void
train/pd/475443bc3f776b35_w14.png,475443bc3f776b35,14,Lab,Void
train/pd/475443bc3f776b35_w17.png,475443bc3f776b35,17,Lab,Void
train/pd/475443bc3f776b35_w18.png,475443bc3f776b35,18,Lab,Void
train/pd/475443bc3f776b35_w20.png,475443bc3f776b35,20,Lab,Void
train/pd/475a5cc56e77a257_w04.png,475a5cc56e77a257,4,Lab,Particle
train/pd/475a5cc56e77a257_w13.png,475a5cc56e77a257,13,Lab,Particle
train/pd/475a5cc56e77a257_w14.png,475a5cc56e77a257,14,Lab,Particle
train/pd/475a5cc56e77a257_w17.png,475a5cc56e77a257,17,Lab,Particle
train/pd/475a5cc56e77a257_w18.png,475a5cc56e77a257,18,Lab,Particle
train/pd/475a5cc56e77a257_w19.png,475a5cc56e77a257,19,Lab,Particle
train/pd/475a5cc56e77a257_w21.png,475a5cc56e77a257,21,Lab,Particle
train/pd/475a5cc56e77a257_w27.png,475a5cc56e77a257,27,Lab,Particle
train/pd/476928b0f263e8ba_w02.png,476928b0f263e8ba,2,Lab,Void
train/pd/476928b0f263e8ba_w05.png,476928b0f263e8ba,5,Lab,Void
train/pd/476928b0f263e8ba_w10.png,476928b0f263e8ba,10,Lab,Void
train/pd/476928b0f263e8ba_w15.png,476928b0f263e8ba,15,Lab,Void
train/pd/476928b0f263e8ba_w19.png,476928b0f263e8ba,19,Lab,Void
train/pd/476928b0f263e8ba_w21.png,476928b0f263e8ba,21,Lab,Void
train/pd/476928b0f263e8ba_w23.png,476928b0f263e8ba,23,Lab,Void
train/pd/476928b0f263e8ba_w27.png,476928b0f263e8ba,27,Lab,Void
train/pd/477a67a894bb9431_w03.png,477a67a894bb9431,3,Lab,Floating
train/pd/477a67a894bb9431_w14.png,477a67a894bb9431,14,Lab,Floating
train/pd/477a67a894bb9431_w15.png,477a67a894bb9431,15,Lab,Floating
train/pd/477a67a894bb9431_w18.png,477a67a894bb9431,18,Lab,Floating
train/pd/477a67a894bb9431_w20.png,477a67a894bb9431,20,Lab,Floating
train/pd/477a67a894bb9431_w24.png,477a67a894bb9431,24,Lab,Floating
train/pd/477a67a894bb9431_w25.png,477a67a894bb9431,25,Lab,Floating
train/pd/477a67a894bb9431_w27.png,477a67a894bb9431,27,Lab,Floating
train/pd/47c30b811b464969_w00.png,47c30b811b464969,0,Lab,Particle
train/pd/47c30b811b464969_w03.png,47c30b811b464969,3,Lab,Particle
train/pd/47c30b811b464969_w05.png,47c30b811b464969,5,Lab,Particle
train/pd/47c30b811b464969_w08.png,47c30b811b464969,8,Lab,Particle
train/pd/47c30b811b464969_w16.png,47c30b811b464969,16,Lab,Particle
train/pd/47c30b811b464969_w23.png,47c30b811b464969,23,Lab,Particle
train/pd/47c30b811b464969_w25.png,47c30b811b464969,25,Lab,Particle
train/pd/47c30b811b464969_w26.png,47c30b811b464969,26,Lab,Particle
train/pd/484618772a3aace1_w01.png,484618772a3aace1,1,Lab,Floating
train/pd/484618772a3aace1_w07.png,484618772a3aace1,7,Lab,Floating
train/pd/484618772a3aace1_w09.png,484618772a3aace1,9,Lab,Floating
train/pd/484618772a3aace1_w10.png,484618772a3aace1,10,Lab,Floating
train/pd/484618772a3aace1_w16.png,484618772a3aace1,16,Lab,Floating
train/pd/484618772a3aace1_w19.png,484618772a3aace1,19,Lab,Floating
train/pd/484618772a3aace1_w21.png,484618772a3aace1,21,Lab,Floating
train/pd/484618772a3aace1_w23.png,484618772a3aace1,23,Lab,Floating
train/pd/485f703944f88d0c_w03.png,485f703944f88d0c,3,Lab,Floating
train/pd/485f703944f88d0c_w05.png,485f703944f88d0c,5,Lab,Floating
train/pd/485f703944f88d0c_w07.png,485f703944f88d0c,7,Lab,Floating
train/pd/485f703944f88d0c_w08.png,485f703944f88d0c,8,Lab,Floating
train/pd/485f703944f88d0c_w11.png,485f703944f88d0c,11,Lab,Floating
train/pd/485f703944f88d0c_w15.png,485f703944f88d0c,15,Lab,Floating
train/pd/485f703944f88d0c_w23.png,485f703944f88d0c,23,Lab,Floating
train/pd/485f703944f88d0c_w25.png,485f703944f88d0c,25,Lab,Floating
train/pd/487044016f9d3d59_w05.png,487044016f9d3d59,5,Lab,Floating
train/pd/487044016f9d3d59_w08.png,487044016f9d3d59,8,Lab,Floating
train/pd/487044016f9d3d59_w11.png,487044016f9d3d59,11,Lab,Floating
train/pd/487044016f9d3d59_w16.png,487044016f9d3d59,16,Lab,Floating
train/pd/487044016f9d3d59_w21.png,487044016f9d3d59,21,Lab,Floating
train/pd/487044016f9d3d59_w23.png,487044016f9d3d59,23,Lab,Floating
train/pd/487044016f9d3d59_w26.png,487044016f9d3d59,26,Lab,Floating
train/pd/487044016f9d3d59_w27.png,487044016f9d3d59,27,Lab,Floating
train/pd/48c8bcab3cf66059_w02.png,48c8bcab3cf66059,2,Lab,Corona
train/pd/48c8bcab3cf66059_w04.png,48c8bcab3cf66059,4,Lab,Corona
train/pd/48c8bcab3cf66059_w05.png,48c8bcab3cf66059,5,Lab,Corona
train/pd/48c8bcab3cf66059_w09.png,48c8bcab3cf66059,9,Lab,Corona
train/pd/48c8bcab3cf66059_w11.png,48c8bcab3cf66059,11,Lab,Corona
train/pd/48c8bcab3cf66059_w16.png,48c8bcab3cf66059,16,Lab,Corona
train/pd/48c8bcab3cf66059_w23.png,48c8bcab3cf66059,23,Lab,Corona
train/pd/48c8bcab3cf66059_w24.png,48c8bcab3cf66059,24,Lab,Corona
train/pd/48dae5dd3ec934e4_w02.png,48dae5dd3ec934e4,2,Lab,Void
train/pd/48dae5dd3ec934e4_w05.png,48dae5dd3ec934e4,5,Lab,Void
train/pd/48dae5dd3ec934e4_w06.png,48dae5dd3ec934e4,6,Lab,Void
train/pd/48dae5dd3ec934e4_w11.png,48dae5dd3ec934e4,11,Lab,Void
train/pd/48dae5dd3ec934e4_w14.png,48dae5dd3ec934e4,14,Lab,Void
train/pd/48dae5dd3ec934e4_w22.png,48dae5dd3ec934e4,22,Lab,Void
train/pd/48dae5dd3ec934e4_w23.png,48dae5dd3ec934e4,23,Lab,Void
train/pd/48dae5dd3ec934e4_w27.png,48dae5dd3ec934e4,27,Lab,Void
train/pd/48dcff1918b3fa2f_w04.png,48dcff1918b3fa2f,4,Field,Floating
train/pd/48dcff1918b3fa2f_w06.png,48dcff1918b3fa2f,6,Field,Floating
train/pd/48dcff1918b3fa2f_w07.png,48dcff1918b3fa2f,7,Field,Floating
train/pd/48dcff1918b3fa2f_w08.png,48dcff1918b3fa2f,8,Field,Floating
train/pd/48dcff1918b3fa2f_w10.png,48dcff1918b3fa2f,10,Field,Floating
train/pd/48dcff1918b3fa2f_w12.png,48dcff1918b3fa2f,12,Field,Floating
train/pd/48dcff1918b3fa2f_w15.png,48dcff1918b3fa2f,15,Field,Floating
train/pd/48dcff1918b3fa2f_w17.png,48dcff1918b3fa2f,17,Field,Floating
train/pd/48e8030bd0e9bbaf_w02.png,48e8030bd0e9bbaf,2,Lab,Void
train/pd/48e8030bd0e9bbaf_w05.png,48e8030bd0e9bbaf,5,Lab,Void
train/pd/48e8030bd0e9bbaf_w06.png,48e8030bd0e9bbaf,6,Lab,Void
train/pd/48e8030bd0e9bbaf_w08.png,48e8030bd0e9bbaf,8,Lab,Void
train/pd/48e8030bd0e9bbaf_w10.png,48e8030bd0e9bbaf,10,Lab,Void
train/pd/48e8030bd0e9bbaf_w19.png,48e8030bd0e9bbaf,19,Lab,Void
train/pd/48e8030bd0e9bbaf_w21.png,48e8030bd0e9bbaf,21,Lab,Void
train/pd/48e8030bd0e9bbaf_w22.png,48e8030bd0e9bbaf,22,Lab,Void
train/pd/490aaf6ee21507ae_w03.png,490aaf6ee21507ae,3,Lab,Void
train/pd/490aaf6ee21507ae_w10.png,490aaf6ee21507ae,10,Lab,Void
train/pd/490aaf6ee21507ae_w12.png,490aaf6ee21507ae,12,Lab,Void
train/pd/490aaf6ee21507ae_w15.png,490aaf6ee21507ae,15,Lab,Void
train/pd/490aaf6ee21507ae_w19.png,490aaf6ee21507ae,19,Lab,Void
train/pd/490aaf6ee21507ae_w21.png,490aaf6ee21507ae,21,Lab,Void
train/pd/490aaf6ee21507ae_w26.png,490aaf6ee21507ae,26,Lab,Void
train/pd/490aaf6ee21507ae_w27.png,490aaf6ee21507ae,27,Lab,Void
train/pd/492ee647848233c0_w01.png,492ee647848233c0,1,Lab,Corona
train/pd/492ee647848233c0_w02.png,492ee647848233c0,2,Lab,Corona
train/pd/492ee647848233c0_w06.png,492ee647848233c0,6,Lab,Corona
train/pd/492ee647848233c0_w07.png,492ee647848233c0,7,Lab,Corona
train/pd/492ee647848233c0_w10.png,492ee647848233c0,10,Lab,Corona
train/pd/492ee647848233c0_w21.png,492ee647848233c0,21,Lab,Corona
train/pd/492ee647848233c0_w24.png,492ee647848233c0,24,Lab,Corona
train/pd/492ee647848233c0_w25.png,492ee647848233c0,25,Lab,Corona
train/pd/49587c2a57dc9257_w03.png,49587c2a57dc9257,3,Lab,Corona
train/pd/49587c2a57dc9257_w05.png,49587c2a57dc9257,5,Lab,Corona
train/pd/49587c2a57dc9257_w06.png,49587c2a57dc9257,6,Lab,Corona
train/pd/49587c2a57dc9257_w10.png,49587c2a57dc9257,10,Lab,Corona
train/pd/49587c2a57dc9257_w12.png,49587c2a57dc9257,12,Lab,Corona
train/pd/49587c2a57dc9257_w16.png,49587c2a57dc9257,16,Lab,Corona
train/pd/49587c2a57dc9257_w17.png,49587c2a57dc9257,17,Lab,Corona
train/pd/49587c2a57dc9257_w20.png,49587c2a57dc9257,20,Lab,Corona
train/pd/49a185fe0f3f75fe_w03.png,49a185fe0f3f75fe,3,Lab,Void
train/pd/49a185fe0f3f75fe_w05.png,49a185fe0f3f75fe,5,Lab,Void
train/pd/49a185fe0f3f75fe_w06.png,49a185fe0f3f75fe,6,Lab,Void
train/pd/49a185fe0f3f75fe_w09.png,49a185fe0f3f75fe,9,Lab,Void
train/pd/49a185fe0f3f75fe_w11.png,49a185fe0f3f75fe,11,Lab,Void
train/pd/49a185fe0f3f75fe_w16.png,49a185fe0f3f75fe,16,Lab,Void
train/pd/49a185fe0f3f75fe_w21.png,49a185fe0f3f75fe,21,Lab,Void
train/pd/49a185fe0f3f75fe_w26.png,49a185fe0f3f75fe,26,Lab,Void
train/pd/49b0ec7bd20970ab_w01.png,49b0ec7bd20970ab,1,Lab,Void
train/pd/49b0ec7bd20970ab_w10.png,49b0ec7bd20970ab,10,Lab,Void
train/pd/49b0ec7bd20970ab_w11.png,49b0ec7bd20970ab,11,Lab,Void
train/pd/49b0ec7bd20970ab_w16.png,49b0ec7bd20970ab,16,Lab,Void
train/pd/49b0ec7bd20970ab_w17.png,49b0ec7bd20970ab,17,Lab,Void
train/pd/49b0ec7bd20970ab_w19.png,49b0ec7bd20970ab,19,Lab,Void
train/pd/49b0ec7bd20970ab_w21.png,49b0ec7bd20970ab,21,Lab,Void
train/pd/49b0ec7bd20970ab_w24.png,49b0ec7bd20970ab,24,Lab,Void
train/pd/49b76579dac633c4_w02.png,49b76579dac633c4,2,Field,Void
train/pd/49b76579dac633c4_w06.png,49b76579dac633c4,6,Field,Void
train/pd/49b76579dac633c4_w10.png,49b76579dac633c4,10,Field,Void
train/pd/49b76579dac633c4_w11.png,49b76579dac633c4,11,Field,Void
train/pd/49b76579dac633c4_w12.png,49b76579dac633c4,12,Field,Void
train/pd/49b76579dac633c4_w14.png,49b76579dac633c4,14,Field,Void
train/pd/49b76579dac633c4_w25.png,49b76579dac633c4,25,Field,Void
train/pd/49b76579dac633c4_w26.png,49b76579dac633c4,26,Field,Void
train/pd/49cdb82a521e8ef6_w01.png,49cdb82a521e8ef6,1,Lab,Void
train/pd/49cdb82a521e8ef6_w06.png,49cdb82a521e8ef6,6,Lab,Void
train/pd/49cdb82a521e8ef6_w09.png,49cdb82a521e8ef6,9,Lab,Void
train/pd/49cdb82a521e8ef6_w11.png,49cdb82a521e8ef6,11,Lab,Void
train/pd/49cdb82a521e8ef6_w12.png,49cdb82a521e8ef6,12,Lab,Void
train/pd/49cdb82a521e8ef6_w13.png,49cdb82a521e8ef6,13,Lab,Void
train/pd/49cdb82a521e8ef6_w25.png,49cdb82a521e8ef6,25,Lab,Void
train/pd/49cdb82a521e8ef6_w27.png,49cdb82a521e8ef6,27,Lab,Void
train/pd/49dd32e2be6bbea3_w03.png,49dd32e2be6bbea3,3,Lab,Void
train/pd/49dd32e2be6bbea3_w04.png,49dd32e2be6bbea3,4,Lab,Void
train/pd/49dd32e2be6bbea3_w10.png,49dd32e2be6bbea3,10,Lab,Void
train/pd/49dd32e2be6bbea3_w14.png,49dd32e2be6bbea3,14,Lab,Void
train/pd/49dd32e2be6bbea3_w17.png,49dd32e2be6bbea3,17,Lab,Void
train/pd/49dd32e2be6bbea3_w19.png,49dd32e2be6bbea3,19,Lab,Void
train/pd/49dd32e2be6bbea3_w20.png,49dd32e2be6bbea3,20,Lab,Void
train/pd/49dd32e2be6bbea3_w24.png,49dd32e2be6bbea3,24,Lab,Void
train/pd/49f50993d69e9ff1_w06.png,49f50993d69e9ff1,6,Field,Void
train/pd/49f50993d69e9ff1_w12.png,49f50993d69e9ff1,12,Field,Void
train/pd/49f50993d69e9ff1_w13.png,49f50993d69e9ff1,13,Field,Void
train/pd/49f50993d69e9ff1_w17.png,49f50993d69e9ff1,17,Field,Void
train/pd/49f50993d69e9ff1_w21.png,49f50993d69e9ff1,21,Field,Void
train/pd/49f50993d69e9ff1_w22.png,49f50993d69e9ff1,22,Field,Void
train/pd/49f50993d69e9ff1_w25.png,49f50993d69e9ff1,25,Field,Void
train/pd/49f50993d69e9ff1_w26.png,49f50993d69e9ff1,26,Field,Void
train/pd/4a167ab6f5cf5a4c_w08.png,4a167ab6f5cf5a4c,8,Field,Void
train/pd/4a167ab6f5cf5a4c_w10.png,4a167ab6f5cf5a4c,10,Field,Void
train/pd/4a167ab6f5cf5a4c_w11.png,4a167ab6f5cf5a4c,11,Field,Void
train/pd/4a167ab6f5cf5a4c_w12.png,4a167ab6f5cf5a4c,12,Field,Void
train/pd/4a167ab6f5cf5a4c_w13.png,4a167ab6f5cf5a4c,13,Field,Void
train/pd/4a167ab6f5cf5a4c_w22.png,4a167ab6f5cf5a4c,22,Field,Void
train/pd/4a167ab6f5cf5a4c_w23.png,4a167ab6f5cf5a4c,23,Field,Void
train/pd/4a167ab6f5cf5a4c_w24.png,4a167ab6f5cf5a4c,24,Field,Void
train/pd/4a315fe103cfcc78_w02.png,4a315fe103cfcc78,2,Lab,Floating
train/pd/4a315fe103cfcc78_w07.png,4a315fe103cfcc78,7,Lab,Floating
train/pd/4a315fe103cfcc78_w10.png,4a315fe103cfcc78,10,Lab,Floating
train/pd/4a315fe103cfcc78_w12.png,4a315fe103cfcc78,12,Lab,Floating
train/pd/4a315fe103cfcc78_w14.png,4a315fe103cfcc78,14,Lab,Floating
train/pd/4a315fe103cfcc78_w17.png,4a315fe103cfcc78,17,Lab,Floating
train/pd/4a315fe103cfcc78_w20.png,4a315fe103cfcc78,20,Lab,Floating
train/pd/4a315fe103cfcc78_w22.png,4a315fe103cfcc78,22,Lab,Floating
train/pd/4a54ab4738a8167b_w00.png,4a54ab4738a8167b,0,Field,Void
train/pd/4a54ab4738a8167b_w02.png,4a54ab4738a8167b,2,Field,Void
train/pd/4a54ab4738a8167b_w12.png,4a54ab4738a8167b,12,Field,Void
train/pd/4a54ab4738a8167b_w13.png,4a54ab4738a8167b,13,Field,Void
train/pd/4a54ab4738a8167b_w16.png,4a54ab4738a8167b,16,Field,Void
train/pd/4a54ab4738a8167b_w17.png,4a54ab4738a8167b,17,Field,Void
train/pd/4a54ab4738a8167b_w25.png,4a54ab4738a8167b,25,Field,Void
train/pd/4a54ab4738a8167b_w26.png,4a54ab4738a8167b,26,Field,Void
train/pd/4ab5fc371ca0fbe9_w02.png,4ab5fc371ca0fbe9,2,Lab,Void
train/pd/4ab5fc371ca0fbe9_w05.png,4ab5fc371ca0fbe9,5,Lab,Void
train/pd/4ab5fc371ca0fbe9_w08.png,4ab5fc371ca0fbe9,8,Lab,Void
train/pd/4ab5fc371ca0fbe9_w13.png,4ab5fc371ca0fbe9,13,Lab,Void
train/pd/4ab5fc371ca0fbe9_w16.png,4ab5fc371ca0fbe9,16,Lab,Void
train/pd/4ab5fc371ca0fbe9_w22.png,4ab5fc371ca0fbe9,22,Lab,Void
train/pd/4ab5fc371ca0fbe9_w23.png,4ab5fc371ca0fbe9,23,Lab,Void
train/pd/4ab5fc371ca0fbe9_w25.png,4ab5fc371ca0fbe9,25,Lab,Void
train/pd/4abe24816fffccef_w01.png,4abe24816fffccef,1,Lab,Particle
train/pd/4abe24816fffccef_w05.png,4abe24816fffccef,5,Lab,Particle
train/pd/4abe24816fffccef_w08.png,4abe24816fffccef,8,Lab,Particle
train/pd/4abe24816fffccef_w10.png,4abe24816fffccef,10,Lab,Particle
train/pd/4abe24816fffccef_w13.png,4abe24816fffccef,13,Lab,Particle
train/pd/4abe24816fffccef_w17.png,4abe24816fffccef,17,Lab,Particle
train/pd/4abe24816fffccef_w20.png,4abe24816fffccef,20,Lab,Particle
train/pd/4abe24816fffccef_w21.png,4abe24816fffccef,21,Lab,Particle
train/pd/4ac883614ceabf94_w04.png,4ac883614ceabf94,4,Lab,Void
train/pd/4ac883614ceabf94_w08.png,4ac883614ceabf94,8,Lab,Void
train/pd/4ac883614ceabf94_w09.png,4ac883614ceabf94,9,Lab,Void
train/pd/4ac883614ceabf94_w11.png,4ac883614ceabf94,11,Lab,Void
train/pd/4ac883614ceabf94_w19.png,4ac883614ceabf94,19,Lab,Void
train/pd/4ac883614ceabf94_w21.png,4ac883614ceabf94,21,Lab,Void
train/pd/4ac883614ceabf94_w22.png,4ac883614ceabf94,22,Lab,Void
train/pd/4ac883614ceabf94_w27.png,4ac883614ceabf94,27,Lab,Void
train/pd/4ae0e4b5a66cc35d_w06.png,4ae0e4b5a66cc35d,6,Lab,Particle
train/pd/4ae0e4b5a66cc35d_w09.png,4ae0e4b5a66cc35d,9,Lab,Particle
train/pd/4ae0e4b5a66cc35d_w14.png,4ae0e4b5a66cc35d,14,Lab,Particle
train/pd/4ae0e4b5a66cc35d_w22.png,4ae0e4b5a66cc35d,22,Lab,Particle
train/pd/4ae0e4b5a66cc35d_w23.png,4ae0e4b5a66cc35d,23,Lab,Particle
train/pd/4ae0e4b5a66cc35d_w25.png,4ae0e4b5a66cc35d,25,Lab,Particle
train/pd/4ae0e4b5a66cc35d_w26.png,4ae0e4b5a66cc35d,26,Lab,Particle
train/pd/4ae0e4b5a66cc35d_w27.png,4ae0e4b5a66cc35d,27,Lab,Particle
train/pd/4af540eee6b77065_w06.png,4af540eee6b77065,6,Lab,Particle
train/pd/4af540eee6b77065_w09.png,4af540eee6b77065,9,Lab,Particle
train/pd/4af540eee6b77065_w10.png,4af540eee6b77065,10,Lab,Particle
train/pd/4af540eee6b77065_w11.png,4af540eee6b77065,11,Lab,Particle
train/pd/4af540eee6b77065_w12.png,4af540eee6b77065,12,Lab,Particle
train/pd/4af540eee6b77065_w14.png,4af540eee6b77065,14,Lab,Particle
train/pd/4af540eee6b77065_w23.png,4af540eee6b77065,23,Lab,Particle
train/pd/4af540eee6b77065_w24.png,4af540eee6b77065,24,Lab,Particle
train/pd/4b2eb9244a4d6023_w01.png,4b2eb9244a4d6023,1,Lab,Floating
train/pd/4b2eb9244a4d6023_w03.png,4b2eb9244a4d6023,3,Lab,Floating
train/pd/4b2eb9244a4d6023_w06.png,4b2eb9244a4d6023,6,Lab,Floating
train/pd/4b2eb9244a4d6023_w07.png,4b2eb9244a4d6023,7,Lab,Floating
train/pd/4b2eb9244a4d6023_w09.png,4b2eb9244a4d6023,9,Lab,Floating
train/pd/4b2eb9244a4d6023_w10.png,4b2eb9244a4d6023,10,Lab,Floating
train/pd/4b2eb9244a4d6023_w11.png,4b2eb9244a4d6023,11,Lab,Floating
train/pd/4b2eb9244a4d6023_w24.png,4b2eb9244a4d6023,24,Lab,Floating
train/pd/4b3b446199e2eaa6_w01.png,4b3b446199e2eaa6,1,Field,Void
train/pd/4b3b446199e2eaa6_w02.png,4b3b446199e2eaa6,2,Field,Void
train/pd/4b3b446199e2eaa6_w04.png,4b3b446199e2eaa6,4,Field,Void
train/pd/4b3b446199e2eaa6_w10.png,4b3b446199e2eaa6,10,Field,Void
train/pd/4b3b446199e2eaa6_w17.png,4b3b446199e2eaa6,17,Field,Void
train/pd/4b3b446199e2eaa6_w20.png,4b3b446199e2eaa6,20,Field,Void
train/pd/4b3b446199e2eaa6_w22.png,4b3b446199e2eaa6,22,Field,Void
train/pd/4b3b446199e2eaa6_w27.png,4b3b446199e2eaa6,27,Field,Void
train/pd/4b48dd98b25fc2ad_w00.png,4b48dd98b25fc2ad,0,Lab,Corona
train/pd/4b48dd98b25fc2ad_w03.png,4b48dd98b25fc2ad,3,Lab,Corona
train/pd/4b48dd98b25fc2ad_w04.png,4b48dd98b25fc2ad,4,Lab,Corona
train/pd/4b48dd98b25fc2ad_w07.png,4b48dd98b25fc2ad,7,Lab,Corona
train/pd/4b48dd98b25fc2ad_w19.png,4b48dd98b25fc2ad,19,Lab,Corona
train/pd/4b48dd98b25fc2ad_w23.png,4b48dd98b25fc2ad,23,Lab,Corona
train/pd/4b48dd98b25fc2ad_w25.png,4b48dd98b25fc2ad,25,Lab,Corona
train/pd/4b48dd98b25fc2ad_w26.png,4b48dd98b25fc2ad,26,Lab,Corona
train/pd/4b5e7e3f731ecf3e_w05.png,4b5e7e3f731ecf3e,5,Lab,Floating
train/pd/4b5e7e3f731ecf3e_w06.png,4b5e7e3f731ecf3e,6,Lab,Floating
train/pd/4b5e7e3f731ecf3e_w11.png,4b5e7e3f731ecf3e,11,Lab,Floating
train/pd/4b5e7e3f731ecf3e_w13.png,4b5e7e3f731ecf3e,13,Lab,Floating
train/pd/4b5e7e3f731ecf3e_w19.png,4b5e7e3f731ecf3e,19,Lab,Floating
train/pd/4b5e7e3f731ecf3e_w21.png,4b5e7e3f731ecf3e,21,Lab,Floating
train/pd/4b5e7e3f731ecf3e_w25.png,4b5e7e3f731ecf3e,25,Lab,Floating
train/pd/4b5e7e3f731ecf3e_w26.png,4b5e7e3f731ecf3e,26,Lab,Floating
train/pd/4b9c07e0223a50e8_w00.png,4b9c07e0223a50e8,0,Lab,Void
train/pd/4b9c07e0223a50e8_w04.png,4b9c07e0223a50e8,4,Lab,Void
train/pd/4b9c07e0223a50e8_w08.png,4b9c07e0223a50e8,8,Lab,Void
train/pd/4b9c07e0223a50e8_w15.png,4b9c07e0223a50e8,15,Lab,Void
train/pd/4b9c07e0223a50e8_w16.png,4b9c07e0223a50e8,16,Lab,Void
train/pd/4b9c07e0223a50e8_w19.png,4b9c07e0223a50e8,19,Lab,Void
train/pd/4b9c07e0223a50e8_w22.png,4b9c07e0223a50e8,22,Lab,Void
train/pd/4b9c07e0223a50e8_w25.png,4b9c07e0223a50e8,25,Lab,Void
train/pd/4c0659afba10505c_w07.png,4c0659afba10505c,7,Lab,Void
train/pd/4c0659afba10505c_w14.png,4c0659afba10505c,14,Lab,Void
train/pd/4c0659afba10505c_w18.png,4c0659afba10505c,18,Lab,Void
train/pd/4c0659afba10505c_w19.png,4c0659afba10505c,19,Lab,Void
train/pd/4c0659afba10505c_w23.png,4c0659afba10505c,23,Lab,Void
train/pd/4c0659afba10505c_w24.png,4c0659afba10505c,24,Lab,Void
train/pd/4c0659afba10505c_w25.png,4c0659afba10505c,25,Lab,Void
train/pd/4c0659afba10505c_w27.png,4c0659afba10505c,27,Lab,Void
train/pd/4c210ab3740056c6_w07.png,4c210ab3740056c6,7,Lab,Void
train/pd/4c210ab3740056c6_w10.png,4c210ab3740056c6,10,Lab,Void
train/pd/4c210ab3740056c6_w12.png,4c210ab3740056c6,12,Lab,Void
train/pd/4c210ab3740056c6_w14.png,4c210ab3740056c6,14,Lab,Void
train/pd/4c210ab3740056c6_w17.png,4c210ab3740056c6,17,Lab,Void
train/pd/4c210ab3740056c6_w18.png,4c210ab3740056c6,18,Lab,Void
train/pd/4c210ab3740056c6_w19.png,4c210ab3740056c6,19,Lab,Void
train/pd/4c210ab3740056c6_w24.png,4c210ab3740056c6,24,Lab,Void
train/pd/4c28631d4212735a_w02.png,4c28631d4212735a,2,Lab,Void
train/pd/4c28631d4212735a_w06.png,4c28631d4212735a,6,Lab,Void
train/pd/4c28631d4212735a_w08.png,4c28631d4212735a,8,Lab,Void
train/pd/4c28631d4212735a_w11.png,4c28631d4212735a,11,Lab,Void
train/pd/4c28631d4212735a_w12.png,4c28631d4212735a,12,Lab,Void
train/pd/4c28631d4212735a_w16.png,4c28631d4212735a,16,Lab,Void
train/pd/4c28631d4212735a_w24.png,4c28631d4212735a,24,Lab,Void
train/pd/4c28631d4212735a_w26.png,4c28631d4212735a,26,Lab,Void
train/pd/4c5ff72120093750_w00.png,4c5ff72120093750,0,Lab,Particle
train/pd/4c5ff72120093750_w04.png,4c5ff72120093750,4,Lab,Particle
train/pd/4c5ff72120093750_w07.png,4c5ff72120093750,7,Lab,Particle
train/pd/4c5ff72120093750_w14.png,4c5ff72120093750,14,Lab,Particle
train/pd/4c5ff72120093750_w16.png,4c5ff72120093750,16,Lab,Particle
train/pd/4c5ff72120093750_w21.png,4c5ff72120093750,21,Lab,Particle
train/pd/4c5ff72120093750_w22.png,4c5ff72120093750,22,Lab,Particle
train/pd/4c5ff72120093750_w24.png,4c5ff72120093750,24,Lab,Particle
train/pd/4cb26f9e32a2f514_w01.png,4cb26f9e32a2f514,1,Lab,Void
train/pd/4cb26f9e32a2f514_w04.png,4cb26f9e32a2f514,4,Lab,Void
train/pd/4cb26f9e32a2f514_w05.png,4cb26f9e32a2f514,5,Lab,Void
train/pd/4cb26f9e32a2f514_w12.png,4cb26f9e32a2f514,12,Lab,Void
train/pd/4cb26f9e32a2f514_w14.png,4cb26f9e32a2f514,14,Lab,Void
train/pd/4cb26f9e32a2f514_w17.png,4cb26f9e32a2f514,17,Lab,Void
train/pd/4cb26f9e32a2f514_w20.png,4cb26f9e32a2f514,20,Lab,Void
train/pd/4cb26f9e32a2f514_w24.png,4cb26f9e32a2f514,24,Lab,Void
train/pd/4cb38774133e09e4_w01.png,4cb38774133e09e4,1,Lab,Void
train/pd/4cb38774133e09e4_w03.png,4cb38774133e09e4,3,Lab,Void
train/pd/4cb38774133e09e4_w05.png,4cb38774133e09e4,5,Lab,Void
train/pd/4cb38774133e09e4_w07.png,4cb38774133e09e4,7,Lab,Void
train/pd/4cb38774133e09e4_w11.png,4cb38774133e09e4,11,Lab,Void
train/pd/4cb38774133e09e4_w12.png,4cb38774133e09e4,12,Lab,Void
train/pd/4cb38774133e09e4_w15.png,4cb38774133e09e4,15,Lab,Void
train/pd/4cb38774133e09e4_w19.png,4cb38774133e09e4,19,Lab,Void
train/pd/4cb38c417d058d73_w00.png,4cb38c417d058d73,0,Field,Floating
train/pd/4cb38c417d058d73_w03.png,4cb38c417d058d73,3,Field,Floating
train/pd/4cb38c417d058d73_w06.png,4cb38c417d058d73,6,Field,Floating
train/pd/4cb38c417d058d73_w09.png,4cb38c417d058d73,9,Field,Floating
train/pd/4cb38c417d058d73_w15.png,4cb38c417d058d73,15,Field,Floating
train/pd/4cb38c417d058d73_w17.png,4cb38c417d058d73,17,Field,Floating
train/pd/4cb38c417d058d73_w18.png,4cb38c417d058d73,18,Field,Floating
train/pd/4cb38c417d058d73_w27.png,4cb38c417d058d73,27,Field,Floating
train/pd/4cc69984b1e15246_w01.png,4cc69984b1e15246,1,Lab,Particle
train/pd/4cc69984b1e15246_w05.png,4cc69984b1e15246,5,Lab,Particle
train/pd/4cc69984b1e15246_w17.png,4cc69984b1e15246,17,Lab,Particle
train/pd/4cc69984b1e15246_w18.png,4cc69984b1e15246,18,Lab,Particle
train/pd/4cc69984b1e15246_w20.png,4cc69984b1e15246,20,Lab,Particle
train/pd/4cc69984b1e15246_w22.png,4cc69984b1e15246,22,Lab,Particle
train/pd/4cc69984b1e15246_w25.png,4cc69984b1e15246,25,Lab,Particle
train/pd/4cc69984b1e15246_w27.png,4cc69984b1e15246,27,Lab,Particle
train/pd/4d171f85bd4f60e1_w00.png,4d171f85bd4f60e1,0,Lab,Void
train/pd/4d171f85bd4f60e1_w01.png,4d171f85bd4f60e1,1,Lab,Void
train/pd/4d171f85bd4f60e1_w03.png,4d171f85bd4f60e1,3,Lab,Void
train/pd/4d171f85bd4f60e1_w09.png,4d171f85bd4f60e1,9,Lab,Void
train/pd/4d171f85bd4f60e1_w12.png,4d171f85bd4f60e1,12,Lab,Void
train/pd/4d171f85bd4f60e1_w17.png,4d171f85bd4f60e1,17,Lab,Void
train/pd/4d171f85bd4f60e1_w18.png,4d171f85bd4f60e1,18,Lab,Void
train/pd/4d171f85bd4f60e1_w24.png,4d171f85bd4f60e1,24,Lab,Void
train/pd/4d2015d69f106bc9_w02.png,4d2015d69f106bc9,2,Lab,Floating
train/pd/4d2015d69f106bc9_w08.png,4d2015d69f106bc9,8,Lab,Floating
train/pd/4d2015d69f106bc9_w10.png,4d2015d69f106bc9,10,Lab,Floating
train/pd/4d2015d69f106bc9_w14.png,4d2015d69f106bc9,14,Lab,Floating
train/pd/4d2015d69f106bc9_w15.png,4d2015d69f106bc9,15,Lab,Floating
train/pd/4d2015d69f106bc9_w17.png,4d2015d69f106bc9,17,Lab,Floating
train/pd/4d2015d69f106bc9_w19.png,4d2015d69f106bc9,19,Lab,Floating
train/pd/4d2015d69f106bc9_w22.png,4d2015d69f106bc9,22,Lab,Floating
train/pd/4d468f13ed38c175_w01.png,4d468f13ed38c175,1,Lab,Void
train/pd/4d468f13ed38c175_w02.png,4d468f13ed38c175,2,Lab,Void
train/pd/4d468f13ed38c175_w04.png,4d468f13ed38c175,4,Lab,Void
train/pd/4d468f13ed38c175_w10.png,4d468f13ed38c175,10,Lab,Void
train/pd/4d468f13ed38c175_w11.png,4d468f13ed38c175,11,Lab,Void
train/pd/4d468f13ed38c175_w14.png,4d468f13ed38c175,14,Lab,Void
train/pd/4d468f13ed38c175_w15.png,4d468f13ed38c175,15,Lab,Void
train/pd/4d468f13ed38c175_w25.png,4d468f13ed38c175,25,Lab,Void
train/pd/4d6cbe3e038beb60_w02.png,4d6cbe3e038beb60,2,Lab,Void
train/pd/4d6cbe3e038beb60_w05.png,4d6cbe3e038beb60,5,Lab,Void
train/pd/4d6cbe3e038beb60_w08.png,4d6cbe3e038beb60,8,Lab,Void
train/pd/4d6cbe3e038beb60_w09.png,4d6cbe3e038beb60,9,Lab,Void
train/pd/4d6cbe3e038beb60_w10.png,4d6cbe3e038beb60,10,Lab,Void
train/pd/4d6cbe3e038beb60_w16.png,4d6cbe3e038beb60,16,Lab,Void
train/pd/4d6cbe3e038beb60_w20.png,4d6cbe3e038beb60,20,Lab,Void
train/pd/4d6cbe3e038beb60_w27.png,4d6cbe3e038beb60,27,Lab,Void
train/pd/4d9e3d63686b993c_w04.png,4d9e3d63686b993c,4,Lab,Floating
train/pd/4d9e3d63686b993c_w11.png,4d9e3d63686b993c,11,Lab,Floating
train/pd/4d9e3d63686b993c_w13.png,4d9e3d63686b993c,13,Lab,Floating
train/pd/4d9e3d63686b993c_w15.png,4d9e3d63686b993c,15,Lab,Floating
train/pd/4d9e3d63686b993c_w19.png,4d9e3d63686b993c,19,Lab,Floating
train/pd/4d9e3d63686b993c_w21.png,4d9e3d63686b993c,21,Lab,Floating
train/pd/4d9e3d63686b993c_w24.png,4d9e3d63686b993c,24,Lab,Floating
train/pd/4d9e3d63686b993c_w25.png,4d9e3d63686b993c,25,Lab,Floating
train/pd/4da2538389a3b3da_w06.png,4da2538389a3b3da,6,Lab,Void
train/pd/4da2538389a3b3da_w08.png,4da2538389a3b3da,8,Lab,Void
train/pd/4da2538389a3b3da_w11.png,4da2538389a3b3da,11,Lab,Void
train/pd/4da2538389a3b3da_w19.png,4da2538389a3b3da,19,Lab,Void
train/pd/4da2538389a3b3da_w20.png,4da2538389a3b3da,20,Lab,Void
train/pd/4da2538389a3b3da_w24.png,4da2538389a3b3da,24,Lab,Void
train/pd/4da2538389a3b3da_w26.png,4da2538389a3b3da,26,Lab,Void
train/pd/4da2538389a3b3da_w27.png,4da2538389a3b3da,27,Lab,Void
train/pd/4e183d95d1aaf68a_w03.png,4e183d95d1aaf68a,3,Lab,Corona
train/pd/4e183d95d1aaf68a_w06.png,4e183d95d1aaf68a,6,Lab,Corona
train/pd/4e183d95d1aaf68a_w08.png,4e183d95d1aaf68a,8,Lab,Corona
train/pd/4e183d95d1aaf68a_w11.png,4e183d95d1aaf68a,11,Lab,Corona
train/pd/4e183d95d1aaf68a_w13.png,4e183d95d1aaf68a,13,Lab,Corona
train/pd/4e183d95d1aaf68a_w14.png,4e183d95d1aaf68a,14,Lab,Corona
train/pd/4e183d95d1aaf68a_w16.png,4e183d95d1aaf68a,16,Lab,Corona
train/pd/4e183d95d1aaf68a_w17.png,4e183d95d1aaf68a,17,Lab,Corona
train/pd/4ead9a81ad5b37f2_w00.png,4ead9a81ad5b37f2,0,Field,Void
train/pd/4ead9a81ad5b37f2_w06.png,4ead9a81ad5b37f2,6,Field,Void
train/pd/4ead9a81ad5b37f2_w08.png,4ead9a81ad5b37f2,8,Field,Void
train/pd/4ead9a81ad5b37f2_w11.png,4ead9a81ad5b37f2,11,Field,Void
train/pd/4ead9a81ad5b37f2_w16.png,4ead9a81ad5b37f2,16,Field,Void
train/pd/4ead9a81ad5b37f2_w18.png,4ead9a81ad5b37f2,18,Field,Void
train/pd/4ead9a81ad5b37f2_w23.png,4ead9a81ad5b37f2,23,Field,Void
train/pd/4ead9a81ad5b37f2_w26.png,4ead9a81ad5b37f2,26,Field,Void
train/pd/4f67caae29129762_w01.png,4f67caae29129762,1,Lab,Corona
train/pd/4f67caae29129762_w02.png,4f67caae29129762,2,Lab,Corona
train/pd/4f67caae29129762_w05.png,4f67caae29129762,5,Lab,Corona
train/pd/4f67caae29129762_w06.png,4f67caae29129762,6,Lab,Corona
train/pd/4f67caae29129762_w17.png,4f67caae29129762,17,Lab,Corona
train/pd/4f67caae29129762_w21.png,4f67caae29129762,21,Lab,Corona
train/pd/4f67caae29129762_w24.png,4f67caae29129762,24,Lab,Corona
train/pd/4f67caae29129762_w27.png,4f67caae29129762,27,Lab,Corona
train/pd/4f68d8cbb77b4bcb_w06.png,4f68d8cbb77b4bcb,6,Lab,Void
train/pd/4f68d8cbb77b4bcb_w15.png,4f68d8cbb77b4bcb,15,Lab,Void
train/pd/4f68d8cbb77b4bcb_w16.png,4f68d8cbb77b4bcb,16,Lab,Void
train/pd/4f68d8cbb77b4bcb_w17.png,4f68d8cbb77b4bcb,17,Lab,Void
train/pd/4f68d8cbb77b4bcb_w19.png,4f68d8cbb77b4bcb,19,Lab,Void
train/pd/4f68d8cbb77b4bcb_w20.png,4f68d8cbb77b4bcb,20,Lab,Void
train/pd/4f68d8cbb77b4bcb_w23.png,4f68d8cbb77b4bcb,23,Lab,Void
train/pd/4f68d8cbb77b4bcb_w27.png,4f68d8cbb77b4bcb,27,Lab,Void
train/pd/4f8c9de8dab8d68b_w00.png,4f8c9de8dab8d68b,0,Lab,Void
train/pd/4f8c9de8dab8d68b_w03.png,4f8c9de8dab8d68b,3,Lab,Void
train/pd/4f8c9de8dab8d68b_w05.png,4f8c9de8dab8d68b,5,Lab,Void
train/pd/4f8c9de8dab8d68b_w07.png,4f8c9de8dab8d68b,7,Lab,Void
train/pd/4f8c9de8dab8d68b_w11.png,4f8c9de8dab8d68b,11,Lab,Void
train/pd/4f8c9de8dab8d68b_w12.png,4f8c9de8dab8d68b,12,Lab,Void
train/pd/4f8c9de8dab8d68b_w23.png,4f8c9de8dab8d68b,23,Lab,Void
train/pd/4f8c9de8dab8d68b_w25.png,4f8c9de8dab8d68b,25,Lab,Void
train/pd/5030ee2cca4f8ec2_w01.png,5030ee2cca4f8ec2,1,Lab,Void
train/pd/5030ee2cca4f8ec2_w02.png,5030ee2cca4f8ec2,2,Lab,Void
train/pd/5030ee2cca4f8ec2_w06.png,5030ee2cca4f8ec2,6,Lab,Void
train/pd/5030ee2cca4f8ec2_w10.png,5030ee2cca4f8ec2,10,Lab,Void
train/pd/5030ee2cca4f8ec2_w11.png,5030ee2cca4f8ec2,11,Lab,Void
train/pd/5030ee2cca4f8ec2_w20.png,5030ee2cca4f8ec2,20,Lab,Void
train/pd/5030ee2cca4f8ec2_w24.png,5030ee2cca4f8ec2,24,Lab,Void
train/pd/5030ee2cca4f8ec2_w27.png,5030ee2cca4f8ec2,27,Lab,Void
train/pd/5043986519e67c1e_w03.png,5043986519e67c1e,3,Lab,Void
train/pd/5043986519e67c1e_w09.png,5043986519e67c1e,9,Lab,Void
train/pd/5043986519e67c1e_w16.png,5043986519e67c1e,16,Lab,Void
train/pd/5043986519e67c1e_w19.png,5043986519e67c1e,19,Lab,Void
train/pd/5043986519e67c1e_w21.png,5043986519e67c1e,21,Lab,Void
train/pd/5043986519e67c1e_w23.png,5043986519e67c1e,23,Lab,Void
train/pd/5043986519e67c1e_w25.png,5043986519e67c1e,25,Lab,Void
train/pd/5043986519e67c1e_w27.png,5043986519e67c1e,27,Lab,Void
train/pd/505fa22371d91c0d_w03.png,505fa22371d91c0d,3,Lab,Corona
train/pd/505fa22371d91c0d_w04.png,505fa22371d91c0d,4,Lab,Corona
train/pd/505fa22371d91c0d_w06.png,505fa22371d91c0d,6,Lab,Corona
train/pd/505fa22371d91c0d_w07.png,505fa22371d91c0d,7,Lab,Corona
train/pd/505fa22371d91c0d_w08.png,505fa22371d91c0d,8,Lab,Corona
train/pd/505fa22371d91c0d_w13.png,505fa22371d91c0d,13,Lab,Corona
train/pd/505fa22371d91c0d_w15.png,505fa22371d91c0d,15,Lab,Corona
train/pd/505fa22371d91c0d_w18.png,505fa22371d91c0d,18,Lab,Corona
train/pd/5076f49efed3244e_w04.png,5076f49efed3244e,4,Lab,Void
train/pd/5076f49efed3244e_w10.png,5076f49efed3244e,10,Lab,Void
train/pd/5076f49efed3244e_w14.png,5076f49efed3244e,14,Lab,Void
train/pd/5076f49efed3244e_w15.png,5076f49efed3244e,15,Lab,Void
train/pd/5076f49efed3244e_w18.png,5076f49efed3244e,18,Lab,Void
train/pd/5076f49efed3244e_w19.png,5076f49efed3244e,19,Lab,Void
train/pd/5076f49efed3244e_w22.png,5076f49efed3244e,22,Lab,Void
train/pd/5076f49efed3244e_w25.png,5076f49efed3244e,25,Lab,Void
train/pd/508cb3d574c98d90_w00.png,508cb3d574c98d90,0,Field,Void
train/pd/508cb3d574c98d90_w01.png,508cb3d574c98d90,1,Field,Void
train/pd/508cb3d574c98d90_w10.png,508cb3d574c98d90,10,Field,Void
train/pd/508cb3d574c98d90_w11.png,508cb3d574c98d90,11,Field,Void
train/pd/508cb3d574c98d90_w19.png,508cb3d574c98d90,19,Field,Void
train/pd/508cb3d574c98d90_w21.png,508cb3d574c98d90,21,Field,Void
train/pd/508cb3d574c98d90_w22.png,508cb3d574c98d90,22,Field,Void
train/pd/508cb3d574c98d90_w23.png,508cb3d574c98d90,23,Field,Void
train/pd/50cb72f934732568_w00.png,50cb72f934732568,0,Lab,Void
train/pd/50cb72f934732568_w01.png,50cb72f934732568,1,Lab,Void
train/pd/50cb72f934732568_w02.png,50cb72f934732568,2,Lab,Void
train/pd/50cb72f934732568_w06.png,50cb72f934732568,6,Lab,Void
train/pd/50cb72f934732568_w09.png,50cb72f934732568,9,Lab,Void
train/pd/50cb72f934732568_w12.png,50cb72f934732568,12,Lab,Void
train/pd/50cb72f934732568_w13.png,50cb72f934732568,13,Lab,Void
train/pd/50cb72f934732568_w26.png,50cb72f934732568,26,Lab,Void
train/pd/50d50eb61c232330_w02.png,50d50eb61c232330,2,Lab,Void
train/pd/50d50eb61c232330_w05.png,50d50eb61c232330,5,Lab,Void
train/pd/50d50eb61c232330_w08.png,50d50eb61c232330,8,Lab,Void
train/pd/50d50eb61c232330_w09.png,50d50eb61c232330,9,Lab,Void
train/pd/50d50eb61c232330_w12.png,50d50eb61c232330,12,Lab,Void
train/pd/50d50eb61c232330_w16.png,50d50eb61c232330,16,Lab,Void
train/pd/50d50eb61c232330_w17.png,50d50eb61c232330,17,Lab,Void
train/pd/50d50eb61c232330_w19.png,50d50eb61c232330,19,Lab,Void
train/pd/50ee4d59c5a05243_w02.png,50ee4d59c5a05243,2,Lab,Void
train/pd/50ee4d59c5a05243_w06.png,50ee4d59c5a05243,6,Lab,Void
train/pd/50ee4d59c5a05243_w08.png,50ee4d59c5a05243,8,Lab,Void
train/pd/50ee4d59c5a05243_w13.png,50ee4d59c5a05243,13,Lab,Void
train/pd/50ee4d59c5a05243_w15.png,50ee4d59c5a05243,15,Lab,Void
train/pd/50ee4d59c5a05243_w18.png,50ee4d59c5a05243,18,Lab,Void
train/pd/50ee4d59c5a05243_w19.png,50ee4d59c5a05243,19,Lab,Void
train/pd/50ee4d59c5a05243_w26.png,50ee4d59c5a05243,26,Lab,Void
train/pd/50f26aeba2f297f0_w05.png,50f26aeba2f297f0,5,Lab,Void
train/pd/50f26aeba2f297f0_w06.png,50f26aeba2f297f0,6,Lab,Void
train/pd/50f26aeba2f297f0_w10.png,50f26aeba2f297f0,10,Lab,Void
train/pd/50f26aeba2f297f0_w13.png,50f26aeba2f297f0,13,Lab,Void
train/pd/50f26aeba2f297f0_w15.png,50f26aeba2f297f0,15,Lab,Void
train/pd/50f26aeba2f297f0_w20.png,50f26aeba2f297f0,20,Lab,Void
train/pd/50f26aeba2f297f0_w24.png,50f26aeba2f297f0,24,Lab,Void
train/pd/50f26aeba2f297f0_w27.png,50f26aeba2f297f0,27,Lab,Void
train/pd/50f61fbacf03799a_w07.png,50f61fbacf03799a,7,Lab,Particle
train/pd/50f61fbacf03799a_w08.png,50f61fbacf03799a,8,Lab,Particle
train/pd/50f61fbacf03799a_w09.png,50f61fbacf03799a,9,Lab,Particle
train/pd/50f61fbacf03799a_w12.png,50f61fbacf03799a,12,Lab,Particle
train/pd/50f61fbacf03799a_w14.png,50f61fbacf03799a,14,Lab,Particle
train/pd/50f61fbacf03799a_w15.png,50f61fbacf03799a,15,Lab,Particle
train/pd/50f61fbacf03799a_w17.png,50f61fbacf03799a,17,Lab,Particle
train/pd/50f61fbacf03799a_w24.png,50f61fbacf03799a,24,Lab,Particle
train/pd/51132358108e9056_w03.png,51132358108e9056,3,Lab,Corona
train/pd/51132358108e9056_w15.png,51132358108e9056,15,Lab,Corona
train/pd/51132358108e9056_w16.png,51132358108e9056,16,Lab,Corona
train/pd/51132358108e9056_w17.png,51132358108e9056,17,Lab,Corona
train/pd/51132358108e9056_w22.png,51132358108e9056,22,Lab,Corona
train/pd/51132358108e9056_w24.png,51132358108e9056,24,Lab,Corona
train/pd/51132358108e9056_w26.png,51132358108e9056,26,Lab,Corona
train/pd/51132358108e9056_w27.png,51132358108e9056,27,Lab,Corona
train/pd/5119f047f273b295_w02.png,5119f047f273b295,2,Lab,Particle
train/pd/5119f047f273b295_w06.png,5119f047f273b295,6,Lab,Particle
train/pd/5119f047f273b295_w09.png,5119f047f273b295,9,Lab,Particle
train/pd/5119f047f273b295_w14.png,5119f047f273b295,14,Lab,Particle
train/pd/5119f047f273b295_w18.png,5119f047f273b295,18,Lab,Particle
train/pd/5119f047f273b295_w19.png,5119f047f273b295,19,Lab,Particle
train/pd/5119f047f273b295_w24.png,5119f047f273b295,24,Lab,Particle
train/pd/5119f047f273b295_w27.png,5119f047f273b295,27,Lab,Particle
train/pd/51370a633d965282_w01.png,51370a633d965282,1,Field,Void
train/pd/51370a633d965282_w07.png,51370a633d965282,7,Field,Void
train/pd/51370a633d965282_w08.png,51370a633d965282,8,Field,Void
train/pd/51370a633d965282_w14.png,51370a633d965282,14,Field,Void
train/pd/51370a633d965282_w17.png,51370a633d965282,17,Field,Void
train/pd/51370a633d965282_w22.png,51370a633d965282,22,Field,Void
train/pd/51370a633d965282_w24.png,51370a633d965282,24,Field,Void
train/pd/51370a633d965282_w26.png,51370a633d965282,26,Field,Void
train/pd/5153f39258ba6ca7_w01.png,5153f39258ba6ca7,1,Field,Void
train/pd/5153f39258ba6ca7_w03.png,5153f39258ba6ca7,3,Field,Void
train/pd/5153f39258ba6ca7_w04.png,5153f39258ba6ca7,4,Field,Void
train/pd/5153f39258ba6ca7_w09.png,5153f39258ba6ca7,9,Field,Void
train/pd/5153f39258ba6ca7_w15.png,5153f39258ba6ca7,15,Field,Void
train/pd/5153f39258ba6ca7_w22.png,5153f39258ba6ca7,22,Field,Void
train/pd/5153f39258ba6ca7_w23.png,5153f39258ba6ca7,23,Field,Void
train/pd/5153f39258ba6ca7_w27.png,5153f39258ba6ca7,27,Field,Void
train/pd/516bda4b02335138_w05.png,516bda4b02335138,5,Lab,Floating
train/pd/516bda4b02335138_w06.png,516bda4b02335138,6,Lab,Floating
train/pd/516bda4b02335138_w09.png,516bda4b02335138,9,Lab,Floating
train/pd/516bda4b02335138_w11.png,516bda4b02335138,11,Lab,Floating
train/pd/516bda4b02335138_w15.png,516bda4b02335138,15,Lab,Floating
train/pd/516bda4b02335138_w24.png,516bda4b02335138,24,Lab,Floating
train/pd/516bda4b02335138_w25.png,516bda4b02335138,25,Lab,Floating
train/pd/516bda4b02335138_w27.png,516bda4b02335138,27,Lab,Floating
train/pd/51ab34772e68a714_w02.png,51ab34772e68a714,2,Lab,Void
train/pd/51ab34772e68a714_w04.png,51ab34772e68a714,4,Lab,Void
train/pd/51ab34772e68a714_w05.png,51ab34772e68a714,5,Lab,Void
train/pd/51ab34772e68a714_w11.png,51ab34772e68a714,11,Lab,Void
train/pd/51ab34772e68a714_w13.png,51ab34772e68a714,13,Lab,Void
train/pd/51ab34772e68a714_w15.png,51ab34772e68a714,15,Lab,Void
train/pd/51ab34772e68a714_w18.png,51ab34772e68a714,18,Lab,Void
train/pd/51ab34772e68a714_w26.png,51ab34772e68a714,26,Lab,Void
train/pd/51abd75ad11b235a_w04.png,51abd75ad11b235a,4,Field,Void
train/pd/51abd75ad11b235a_w05.png,51abd75ad11b235a,5,Field,Void
train/pd/51abd75ad11b235a_w08.png,51abd75ad11b235a,8,Field,Void
train/pd/51abd75ad11b235a_w09.png,51abd75ad11b235a,9,Field,Void
train/pd/51abd75ad11b235a_w19.png,51abd75ad11b235a,19,Field,Void
train/pd/51abd75ad11b235a_w20.png,51abd75ad11b235a,20,Field,Void
train/pd/51abd75ad11b235a_w21.png,51abd75ad11b235a,21,Field,Void
train/pd/51abd75ad11b235a_w26.png,51abd75ad11b235a,26,Field,Void
train/pd/51d3dcb281591d40_w02.png,51d3dcb281591d40,2,Lab,Corona
train/pd/51d3dcb281591d40_w07.png,51d3dcb281591d40,7,Lab,Corona
train/pd/51d3dcb281591d40_w08.png,51d3dcb281591d40,8,Lab,Corona
train/pd/51d3dcb281591d40_w09.png,51d3dcb281591d40,9,Lab,Corona
train/pd/51d3dcb281591d40_w11.png,51d3dcb281591d40,11,Lab,Corona
train/pd/51d3dcb281591d40_w12.png,51d3dcb281591d40,12,Lab,Corona
train/pd/51d3dcb281591d40_w17.png,51d3dcb281591d40,17,Lab,Corona
train/pd/51d3dcb281591d40_w27.png,51d3dcb281591d40,27,Lab,Corona
train/pd/520bb60c91d99da3_w03.png,520bb60c91d99da3,3,Lab,Particle
train/pd/520bb60c91d99da3_w06.png,520bb60c91d99da3,6,Lab,Particle
train/pd/520bb60c91d99da3_w09.png,520bb60c91d99da3,9,Lab,Particle
train/pd/520bb60c91d99da3_w12.png,520bb60c91d99da3,12,Lab,Particle
train/pd/520bb60c91d99da3_w13.png,520bb60c91d99da3,13,Lab,Particle
train/pd/520bb60c91d99da3_w19.png,520bb60c91d99da3,19,Lab,Particle
train/pd/520bb60c91d99da3_w20.png,520bb60c91d99da3,20,Lab,Particle
train/pd/520bb60c91d99da3_w24.png,520bb60c91d99da3,24,Lab,Particle
train/pd/5212695ff62b600b_w02.png,5212695ff62b600b,2,Lab,Corona
train/pd/5212695ff62b600b_w05.png,5212695ff62b600b,5,Lab,Corona
train/pd/5212695ff62b600b_w06.png,5212695ff62b600b,6,Lab,Corona
train/pd/5212695ff62b600b_w21.png,5212695ff62b600b,21,Lab,Corona
train/pd/5212695ff62b600b_w22.png,5212695ff62b600b,22,Lab,Corona
train/pd/5212695ff62b600b_w25.png,5212695ff62b600b,25,Lab,Corona
train/pd/5212695ff62b600b_w26.png,5212695ff62b600b,26,Lab,Corona
train/pd/5212695ff62b600b_w27.png,5212695ff62b600b,27,Lab,Corona
train/pd/5238dc869e23958e_w03.png,5238dc869e23958e,3,Lab,Void
train/pd/5238dc869e23958e_w08.png,5238dc869e23958e,8,Lab,Void
train/pd/5238dc869e23958e_w17.png,5238dc869e23958e,17,Lab,Void
train/pd/5238dc869e23958e_w18.png,5238dc869e23958e,18,Lab,Void
train/pd/5238dc869e23958e_w19.png,5238dc869e23958e,19,Lab,Void
train/pd/5238dc869e23958e_w20.png,5238dc869e23958e,20,Lab,Void
train/pd/5238dc869e23958e_w24.png,5238dc869e23958e,24,Lab,Void
train/pd/5238dc869e23958e_w27.png,5238dc869e23958e,27,Lab,Void
train/pd/5245e08b5e3702df_w01.png,5245e08b5e3702df,1,Lab,Floating
train/pd/5245e08b5e3702df_w03.png,5245e08b5e3702df,3,Lab,Floating
train/pd/5245e08b5e3702df_w16.png,5245e08b5e3702df,16,Lab,Floating
train/pd/5245e08b5e3702df_w19.png,5245e08b5e3702df,19,Lab,Floating
train/pd/5245e08b5e3702df_w22.png,5245e08b5e3702df,22,Lab,Floating
train/pd/5245e08b5e3702df_w24.png,5245e08b5e3702df,24,Lab,Floating
train/pd/5245e08b5e3702df_w26.png,5245e08b5e3702df,26,Lab,Floating
train/pd/5245e08b5e3702df_w27.png,5245e08b5e3702df,27,Lab,Floating
train/pd/5299878181ff6d36_w01.png,5299878181ff6d36,1,Lab,Void
train/pd/5299878181ff6d36_w05.png,5299878181ff6d36,5,Lab,Void
train/pd/5299878181ff6d36_w06.png,5299878181ff6d36,6,Lab,Void
train/pd/5299878181ff6d36_w18.png,5299878181ff6d36,18,Lab,Void
train/pd/5299878181ff6d36_w21.png,5299878181ff6d36,21,Lab,Void
train/pd/5299878181ff6d36_w23.png,5299878181ff6d36,23,Lab,Void
train/pd/5299878181ff6d36_w24.png,5299878181ff6d36,24,Lab,Void
train/pd/5299878181ff6d36_w26.png,5299878181ff6d36,26,Lab,Void
train/pd/52a4c1f8c14f8181_w00.png,52a4c1f8c14f8181,0,Lab,Corona
train/pd/52a4c1f8c14f8181_w02.png,52a4c1f8c14f8181,2,Lab,Corona
train/pd/52a4c1f8c14f8181_w07.png,52a4c1f8c14f8181,7,Lab,Corona
train/pd/52a4c1f8c14f8181_w08.png,52a4c1f8c14f8181,8,Lab,Corona
train/pd/52a4c1f8c14f8181_w17.png,52a4c1f8c14f8181,17,Lab,Corona
train/pd/52a4c1f8c14f8181_w22.png,52a4c1f8c14f8181,22,Lab,Corona
train/pd/52a4c1f8c14f8181_w25.png,52a4c1f8c14f8181,25,Lab,Corona
train/pd/52a4c1f8c14f8181_w27.png,52a4c1f8c14f8181,27,Lab,Corona
train/pd/52bc82cbc99195cb_w06.png,52bc82cbc99195cb,6,Lab,Corona
train/pd/52bc82cbc99195cb_w11.png,52bc82cbc99195cb,11,Lab,Corona
train/pd/52bc82cbc99195cb_w12.png,52bc82cbc99195cb,12,Lab,Corona
train/pd/52bc82cbc99195cb_w15.png,52bc82cbc99195cb,15,Lab,Corona
train/pd/52bc82cbc99195cb_w18.png,52bc82cbc99195cb,18,Lab,Corona
train/pd/52bc82cbc99195cb_w23.png,52bc82cbc99195cb,23,Lab,Corona
train/pd/52bc82cbc99195cb_w25.png,52bc82cbc99195cb,25,Lab,Corona
train/pd/52bc82cbc99195cb_w27.png,52bc82cbc99195cb,27,Lab,Corona
train/pd/530949cd5d2b8e11_w01.png,530949cd5d2b8e11,1,Lab,Void
train/pd/530949cd5d2b8e11_w02.png,530949cd5d2b8e11,2,Lab,Void
train/pd/530949cd5d2b8e11_w06.png,530949cd5d2b8e11,6,Lab,Void
train/pd/530949cd5d2b8e11_w08.png,530949cd5d2b8e11,8,Lab,Void
train/pd/530949cd5d2b8e11_w11.png,530949cd5d2b8e11,11,Lab,Void
train/pd/530949cd5d2b8e11_w13.png,530949cd5d2b8e11,13,Lab,Void
train/pd/530949cd5d2b8e11_w21.png,530949cd5d2b8e11,21,Lab,Void
train/pd/530949cd5d2b8e11_w22.png,530949cd5d2b8e11,22,Lab,Void
train/pd/537c26c509fd9fe2_w01.png,537c26c509fd9fe2,1,Lab,Particle
train/pd/537c26c509fd9fe2_w02.png,537c26c509fd9fe2,2,Lab,Particle
train/pd/537c26c509fd9fe2_w07.png,537c26c509fd9fe2,7,Lab,Particle
train/pd/537c26c509fd9fe2_w08.png,537c26c509fd9fe2,8,Lab,Particle
train/pd/537c26c509fd9fe2_w10.png,537c26c509fd9fe2,10,Lab,Particle
train/pd/537c26c509fd9fe2_w20.png,537c26c509fd9fe2,20,Lab,Particle
train/pd/537c26c509fd9fe2_w25.png,537c26c509fd9fe2,25,Lab,Particle
train/pd/537c26c509fd9fe2_w26.png,537c26c509fd9fe2,26,Lab,Particle
train/pd/53bed7a9b9c33055_w07.png,53bed7a9b9c33055,7,Lab,Particle
train/pd/53bed7a9b9c33055_w08.png,53bed7a9b9c33055,8,Lab,Particle
train/pd/53bed7a9b9c33055_w09.png,53bed7a9b9c33055,9,Lab,Particle
train/pd/53bed7a9b9c33055_w10.png,53bed7a9b9c33055,10,Lab,Particle
train/pd/53bed7a9b9c33055_w11.png,53bed7a9b9c33055,11,Lab,Particle
train/pd/53bed7a9b9c33055_w19.png,53bed7a9b9c33055,19,Lab,Particle
train/pd/53bed7a9b9c33055_w20.png,53bed7a9b9c33055,20,Lab,Particle
train/pd/53bed7a9b9c33055_w22.png,53bed7a9b9c33055,22,Lab,Particle
train/pd/53d3bcd058d3539e_w05.png,53d3bcd058d3539e,5,Lab,Floating
train/pd/53d3bcd058d3539e_w10.png,53d3bcd058d3539e,10,Lab,Floating
train/pd/53d3bcd058d3539e_w13.png,53d3bcd058d3539e,13,Lab,Floating
train/pd/53d3bcd058d3539e_w15.png,53d3bcd058d3539e,15,Lab,Floating
train/pd/53d3bcd058d3539e_w17.png,53d3bcd058d3539e,17,Lab,Floating
train/pd/53d3bcd058d3539e_w19.png,53d3bcd058d3539e,19,Lab,Floating
train/pd/53d3bcd058d3539e_w20.png,53d3bcd058d3539e,20,Lab,Floating
train/pd/53d3bcd058d3539e_w24.png,53d3bcd058d3539e,24,Lab,Floating
train/pd/541a6ceaf71153e8_w05.png,541a6ceaf71153e8,5,Lab,Particle
train/pd/541a6ceaf71153e8_w10.png,541a6ceaf71153e8,10,Lab,Particle
train/pd/541a6ceaf71153e8_w14.png,541a6ceaf71153e8,14,Lab,Particle
train/pd/541a6ceaf71153e8_w20.png,541a6ceaf71153e8,20,Lab,Particle
train/pd/541a6ceaf71153e8_w21.png,541a6ceaf71153e8,21,Lab,Particle
train/pd/541a6ceaf71153e8_w22.png,541a6ceaf71153e8,22,Lab,Particle
train/pd/541a6ceaf71153e8_w24.png,541a6ceaf71153e8,24,Lab,Particle
train/pd/541a6ceaf71153e8_w27.png,541a6ceaf71153e8,27,Lab,Particle
train/pd/544a93338496e643_w03.png,544a93338496e643,3,Lab,Floating
train/pd/544a93338496e643_w04.png,544a93338496e643,4,Lab,Floating
train/pd/544a93338496e643_w05.png,544a93338496e643,5,Lab,Floating
train/pd/544a93338496e643_w09.png,544a93338496e643,9,Lab,Floating
train/pd/544a93338496e643_w11.png,544a93338496e643,11,Lab,Floating
train/pd/544a93338496e643_w18.png,544a93338496e643,18,Lab,Floating
train/pd/544a93338496e643_w21.png,544a93338496e643,21,Lab,Floating
train/pd/544a93338496e643_w23.png,544a93338496e643,23,Lab,Floating
train/pd/544be3b9c54e2e72_w03.png,544be3b9c54e2e72,3,Field,Floating
train/pd/544be3b9c54e2e72_w04.png,544be3b9c54e2e72,4,Field,Floating
train/pd/544be3b9c54e2e72_w10.png,544be3b9c54e2e72,10,Field,Floating
train/pd/544be3b9c54e2e72_w11.png,544be3b9c54e2e72,11,Field,Floating
train/pd/544be3b9c54e2e72_w12.png,544be3b9c54e2e72,12,Field,Floating
train/pd/544be3b9c54e2e72_w13.png,544be3b9c54e2e72,13,Field,Floating
train/pd/544be3b9c54e2e72_w15.png,544be3b9c54e2e72,15,Field,Floating
train/pd/544be3b9c54e2e72_w20.png,544be3b9c54e2e72,20,Field,Floating
train/pd/545b34d4d6764664_w01.png,545b34d4d6764664,1,Lab,Particle
train/pd/545b34d4d6764664_w06.png,545b34d4d6764664,6,Lab,Particle
train/pd/545b34d4d6764664_w12.png,545b34d4d6764664,12,Lab,Particle
train/pd/545b34d4d6764664_w15.png,545b34d4d6764664,15,Lab,Particle
train/pd/545b34d4d6764664_w16.png,545b34d4d6764664,16,Lab,Particle
train/pd/545b34d4d6764664_w18.png,545b34d4d6764664,18,Lab,Particle
train/pd/545b34d4d6764664_w20.png,545b34d4d6764664,20,Lab,Particle
train/pd/545b34d4d6764664_w26.png,545b34d4d6764664,26,Lab,Particle
train/pd/548e26455f5682ec_w04.png,548e26455f5682ec,4,Lab,Corona
train/pd/548e26455f5682ec_w06.png,548e26455f5682ec,6,Lab,Corona
train/pd/548e26455f5682ec_w10.png,548e26455f5682ec,10,Lab,Corona
train/pd/548e26455f5682ec_w18.png,548e26455f5682ec,18,Lab,Corona
train/pd/548e26455f5682ec_w19.png,548e26455f5682ec,19,Lab,Corona
train/pd/548e26455f5682ec_w20.png,548e26455f5682ec,20,Lab,Corona
train/pd/548e26455f5682ec_w26.png,548e26455f5682ec,26,Lab,Corona
train/pd/548e26455f5682ec_w27.png,548e26455f5682ec,27,Lab,Corona
train/pd/548fa3c0c6ea1619_w00.png,548fa3c0c6ea1619,0,Lab,Floating
train/pd/548fa3c0c6ea1619_w09.png,548fa3c0c6ea1619,9,Lab,Floating
train/pd/548fa3c0c6ea1619_w12.png,548fa3c0c6ea1619,12,Lab,Floating
train/pd/548fa3c0c6ea1619_w14.png,548fa3c0c6ea1619,14,Lab,Floating
train/pd/548fa3c0c6ea1619_w17.png,548fa3c0c6ea1619,17,Lab,Floating
train/pd/548fa3c0c6ea1619_w19.png,548fa3c0c6ea1619,19,Lab,Floating
train/pd/548fa3c0c6ea1619_w23.png,548fa3c0c6ea1619,23,Lab,Floating
train/pd/548fa3c0c6ea1619_w25.png,548fa3c0c6ea1619,25,Lab,Floating
train/pd/549fb05985d3b782_w07.png,549fb05985d3b782,7,Lab,Floating
train/pd/549fb05985d3b782_w08.png,549fb05985d3b782,8,Lab,Floating
train/pd/549fb05985d3b782_w11.png,549fb05985d3b782,11,Lab,Floating
train/pd/549fb05985d3b782_w15.png,549fb05985d3b782,15,Lab,Floating
train/pd/549fb05985d3b782_w17.png,549fb05985d3b782,17,Lab,Floating
train/pd/549fb05985d3b782_w22.png,549fb05985d3b782,22,Lab,Floating
train/pd/549fb05985d3b782_w25.png,549fb05985d3b782,25,Lab,Floating
train/pd/549fb05985d3b782_w26.png,549fb05985d3b782,26,Lab,Floating
train/pd/54b2893bd7e53cda_w02.png,54b2893bd7e53cda,2,Lab,Void
train/pd/54b2893bd7e53cda_w03.png,54b2893bd7e53cda,3,Lab,Void
train/pd/54b2893bd7e53cda_w07.png,54b2893bd7e53cda,7,Lab,Void
train/pd/54b2893bd7e53cda_w09.png,54b2893bd7e53cda,9,Lab,Void
train/pd/54b2893bd7e53cda_w10.png,54b2893bd7e53cda,10,Lab,Void
train/pd/54b2893bd7e53cda_w16.png,54b2893bd7e53cda,16,Lab,Void
train/pd/54b2893bd7e53cda_w18.png,54b2893bd7e53cda,18,Lab,Void
train/pd/54b2893bd7e53cda_w20.png,54b2893bd7e53cda,20,Lab,Void
train/pd/550085f22ee57a7e_w01.png,550085f22ee57a7e,1,Lab,Floating
train/pd/550085f22ee57a7e_w06.png,550085f22ee57a7e,6,Lab,Floating
train/pd/550085f22ee57a7e_w09.png,550085f22ee57a7e,9,Lab,Floating
train/pd/550085f22ee57a7e_w10.png,550085f22ee57a7e,10,Lab,Floating
train/pd/550085f22ee57a7e_w12.png,550085f22ee57a7e,12,Lab,Floating
train/pd/550085f22ee57a7e_w15.png,550085f22ee57a7e,15,Lab,Floating
train/pd/550085f22ee57a7e_w20.png,550085f22ee57a7e,20,Lab,Floating
train/pd/550085f22ee57a7e_w26.png,550085f22ee57a7e,26,Lab,Floating
train/pd/551b08d5e2970029_w04.png,551b08d5e2970029,4,Field,Corona
train/pd/551b08d5e2970029_w16.png,551b08d5e2970029,16,Field,Corona
train/pd/551b08d5e2970029_w18.png,551b08d5e2970029,18,Field,Corona
train/pd/551b08d5e2970029_w19.png,551b08d5e2970029,19,Field,Corona
train/pd/551b08d5e2970029_w20.png,551b08d5e2970029,20,Field,Corona
train/pd/551b08d5e2970029_w21.png,551b08d5e2970029,21,Field,Corona
train/pd/551b08d5e2970029_w25.png,551b08d5e2970029,25,Field,Corona
train/pd/551b08d5e2970029_w27.png,551b08d5e2970029,27,Field,Corona
train/pd/55859469ad1e8d92_w12.png,55859469ad1e8d92,12,Field,Void
train/pd/55859469ad1e8d92_w13.png,55859469ad1e8d92,13,Field,Void
train/pd/55859469ad1e8d92_w15.png,55859469ad1e8d92,15,Field,Void
train/pd/55859469ad1e8d92_w18.png,55859469ad1e8d92,18,Field,Void
train/pd/55859469ad1e8d92_w19.png,55859469ad1e8d92,19,Field,Void
train/pd/55859469ad1e8d92_w22.png,55859469ad1e8d92,22,Field,Void
train/pd/55859469ad1e8d92_w23.png,55859469ad1e8d92,23,Field,Void
train/pd/55859469ad1e8d92_w24.png,55859469ad1e8d92,24,Field,Void
train/pd/558e4cd70e7ad4a4_w03.png,558e4cd70e7ad4a4,3,Field,Floating
train/pd/558e4cd70e7ad4a4_w04.png,558e4cd70e7ad4a4,4,Field,Floating
train/pd/558e4cd70e7ad4a4_w08.png,558e4cd70e7ad4a4,8,Field,Floating
train/pd/558e4cd70e7ad4a4_w13.png,558e4cd70e7ad4a4,13,Field,Floating
train/pd/558e4cd70e7ad4a4_w17.png,558e4cd70e7ad4a4,17,Field,Floating
train/pd/558e4cd70e7ad4a4_w19.png,558e4cd70e7ad4a4,19,Field,Floating
train/pd/558e4cd70e7ad4a4_w22.png,558e4cd70e7ad4a4,22,Field,Floating
train/pd/558e4cd70e7ad4a4_w27.png,558e4cd70e7ad4a4,27,Field,Floating
train/pd/55d7c59b9aaf87f4_w00.png,55d7c59b9aaf87f4,0,Lab,Particle
train/pd/55d7c59b9aaf87f4_w10.png,55d7c59b9aaf87f4,10,Lab,Particle
train/pd/55d7c59b9aaf87f4_w15.png,55d7c59b9aaf87f4,15,Lab,Particle
train/pd/55d7c59b9aaf87f4_w16.png,55d7c59b9aaf87f4,16,Lab,Particle
train/pd/55d7c59b9aaf87f4_w19.png,55d7c59b9aaf87f4,19,Lab,Particle
train/pd/55d7c59b9aaf87f4_w21.png,55d7c59b9aaf87f4,21,Lab,Particle
train/pd/55d7c59b9aaf87f4_w22.png,55d7c59b9aaf87f4,22,Lab,Particle
train/pd/55d7c59b9aaf87f4_w26.png,55d7c59b9aaf87f4,26,Lab,Particle
train/pd/55ea94e57c8ca0b7_w03.png,55ea94e57c8ca0b7,3,Field,Void
train/pd/55ea94e57c8ca0b7_w07.png,55ea94e57c8ca0b7,7,Field,Void
train/pd/55ea94e57c8ca0b7_w09.png,55ea94e57c8ca0b7,9,Field,Void
train/pd/55ea94e57c8ca0b7_w10.png,55ea94e57c8ca0b7,10,Field,Void
train/pd/55ea94e57c8ca0b7_w16.png,55ea94e57c8ca0b7,16,Field,Void
train/pd/55ea94e57c8ca0b7_w18.png,55ea94e57c8ca0b7,18,Field,Void
train/pd/55ea94e57c8ca0b7_w21.png,55ea94e57c8ca0b7,21,Field,Void
train/pd/55ea94e57c8ca0b7_w23.png,55ea94e57c8ca0b7,23,Field,Void
train/pd/55fb4088617e04d0_w00.png,55fb4088617e04d0,0,Lab,Void
train/pd/55fb4088617e04d0_w01.png,55fb4088617e04d0,1,Lab,Void
train/pd/55fb4088617e04d0_w03.png,55fb4088617e04d0,3,Lab,Void
train/pd/55fb4088617e04d0_w09.png,55fb4088617e04d0,9,Lab,Void
train/pd/55fb4088617e04d0_w10.png,55fb4088617e04d0,10,Lab,Void
train/pd/55fb4088617e04d0_w18.png,55fb4088617e04d0,18,Lab,Void
train/pd/55fb4088617e04d0_w19.png,55fb4088617e04d0,19,Lab,Void
train/pd/55fb4088617e04d0_w23.png,55fb4088617e04d0,23,Lab,Void
train/pd/563ffc5cfac0ac47_w05.png,563ffc5cfac0ac47,5,Field,Void
train/pd/563ffc5cfac0ac47_w09.png,563ffc5cfac0ac47,9,Field,Void
train/pd/563ffc5cfac0ac47_w11.png,563ffc5cfac0ac47,11,Field,Void
train/pd/563ffc5cfac0ac47_w12.png,563ffc5cfac0ac47,12,Field,Void
train/pd/563ffc5cfac0ac47_w16.png,563ffc5cfac0ac47,16,Field,Void
train/pd/563ffc5cfac0ac47_w17.png,563ffc5cfac0ac47,17,Field,Void
train/pd/563ffc5cfac0ac47_w21.png,563ffc5cfac0ac47,21,Field,Void
train/pd/563ffc5cfac0ac47_w27.png,563ffc5cfac0ac47,27,Field,Void
train/pd/564191eb7fa8e166_w02.png,564191eb7fa8e166,2,Lab,Void
train/pd/564191eb7fa8e166_w03.png,564191eb7fa8e166,3,Lab,Void
train/pd/564191eb7fa8e166_w07.png,564191eb7fa8e166,7,Lab,Void
train/pd/564191eb7fa8e166_w11.png,564191eb7fa8e166,11,Lab,Void
train/pd/564191eb7fa8e166_w12.png,564191eb7fa8e166,12,Lab,Void
train/pd/564191eb7fa8e166_w15.png,564191eb7fa8e166,15,Lab,Void
train/pd/564191eb7fa8e166_w23.png,564191eb7fa8e166,23,Lab,Void
train/pd/564191eb7fa8e166_w24.png,564191eb7fa8e166,24,Lab,Void
train/pd/564bdf87a81f93ac_w04.png,564bdf87a81f93ac,4,Lab,Void
train/pd/564bdf87a81f93ac_w05.png,564bdf87a81f93ac,5,Lab,Void
train/pd/564bdf87a81f93ac_w10.png,564bdf87a81f93ac,10,Lab,Void
train/pd/564bdf87a81f93ac_w12.png,564bdf87a81f93ac,12,Lab,Void
train/pd/564bdf87a81f93ac_w18.png,564bdf87a81f93ac,18,Lab,Void
train/pd/564bdf87a81f93ac_w21.png,564bdf87a81f93ac,21,Lab,Void
train/pd/564bdf87a81f93ac_w22.png,564bdf87a81f93ac,22,Lab,Void
train/pd/564bdf87a81f93ac_w23.png,564bdf87a81f93ac,23,Lab,Void
train/pd/5654c98e7ba2dcfa_w03.png,5654c98e7ba2dcfa,3,Lab,Floating
train/pd/5654c98e7ba2dcfa_w04.png,5654c98e7ba2dcfa,4,Lab,Floating
train/pd/5654c98e7ba2dcfa_w08.png,5654c98e7ba2dcfa,8,Lab,Floating
train/pd/5654c98e7ba2dcfa_w11.png,5654c98e7ba2dcfa,11,Lab,Floating
train/pd/5654c98e7ba2dcfa_w12.png,5654c98e7ba2dcfa,12,Lab,Floating
train/pd/5654c98e7ba2dcfa_w18.png,5654c98e7ba2dcfa,18,Lab,Floating
train/pd/5654c98e7ba2dcfa_w23.png,5654c98e7ba2dcfa,23,Lab,Floating
train/pd/5654c98e7ba2dcfa_w26.png,5654c98e7ba2dcfa,26,Lab,Floating
train/pd/56751936b524ab7a_w01.png,56751936b524ab7a,1,Lab,Void
train/pd/56751936b524ab7a_w02.png,56751936b524ab7a,2,Lab,Void
train/pd/56751936b524ab7a_w07.png,56751936b524ab7a,7,Lab,Void
train/pd/56751936b524ab7a_w11.png,56751936b524ab7a,11,Lab,Void
train/pd/56751936b524ab7a_w13.png,56751936b524ab7a,13,Lab,Void
train/pd/56751936b524ab7a_w14.png,56751936b524ab7a,14,Lab,Void
train/pd/56751936b524ab7a_w15.png,56751936b524ab7a,15,Lab,Void
train/pd/56751936b524ab7a_w19.png,56751936b524ab7a,19,Lab,Void
train/pd/569c558e0fb839ca_w00.png,569c558e0fb839ca,0,Lab,Floating
train/pd/569c558e0fb839ca_w06.png,569c558e0fb839ca,6,Lab,Floating
train/pd/569c558e0fb839ca_w13.png,569c558e0fb839ca,13,Lab,Floating
train/pd/569c558e0fb839ca_w14.png,569c558e0fb839ca,14,Lab,Floating
train/pd/569c558e0fb839ca_w15.png,569c558e0fb839ca,15,Lab,Floating
train/pd/569c558e0fb839ca_w16.png,569c558e0fb839ca,16,Lab,Floating
train/pd/569c558e0fb839ca_w17.png,569c558e0fb839ca,17,Lab,Floating
train/pd/569c558e0fb839ca_w27.png,569c558e0fb839ca,27,Lab,Floating
train/pd/56b1a39cb34307ae_w00.png,56b1a39cb34307ae,0,Lab,Void
train/pd/56b1a39cb34307ae_w03.png,56b1a39cb34307ae,3,Lab,Void
train/pd/56b1a39cb34307ae_w08.png,56b1a39cb34307ae,8,Lab,Void
train/pd/56b1a39cb34307ae_w10.png,56b1a39cb34307ae,10,Lab,Void
train/pd/56b1a39cb34307ae_w11.png,56b1a39cb34307ae,11,Lab,Void
train/pd/56b1a39cb34307ae_w12.png,56b1a39cb34307ae,12,Lab,Void
train/pd/56b1a39cb34307ae_w14.png,56b1a39cb34307ae,14,Lab,Void
train/pd/56b1a39cb34307ae_w21.png,56b1a39cb34307ae,21,Lab,Void
train/pd/56b2f8f5ca24cdb5_w05.png,56b2f8f5ca24cdb5,5,Lab,Particle
train/pd/56b2f8f5ca24cdb5_w07.png,56b2f8f5ca24cdb5,7,Lab,Particle
train/pd/56b2f8f5ca24cdb5_w08.png,56b2f8f5ca24cdb5,8,Lab,Particle
train/pd/56b2f8f5ca24cdb5_w13.png,56b2f8f5ca24cdb5,13,Lab,Particle
train/pd/56b2f8f5ca24cdb5_w14.png,56b2f8f5ca24cdb5,14,Lab,Particle
train/pd/56b2f8f5ca24cdb5_w20.png,56b2f8f5ca24cdb5,20,Lab,Particle
train/pd/56b2f8f5ca24cdb5_w24.png,56b2f8f5ca24cdb5,24,Lab,Particle
train/pd/56b2f8f5ca24cdb5_w25.png,56b2f8f5ca24cdb5,25,Lab,Particle
train/pd/56dece57f3bde1d7_w03.png,56dece57f3bde1d7,3,Lab,Particle
train/pd/56dece57f3bde1d7_w05.png,56dece57f3bde1d7,5,Lab,Particle
train/pd/56dece57f3bde1d7_w10.png,56dece57f3bde1d7,10,Lab,Particle
train/pd/56dece57f3bde1d7_w12.png,56dece57f3bde1d7,12,Lab,Particle
train/pd/56dece57f3bde1d7_w16.png,56dece57f3bde1d7,16,Lab,Particle
train/pd/56dece57f3bde1d7_w17.png,56dece57f3bde1d7,17,Lab,Particle
train/pd/56dece57f3bde1d7_w18.png,56dece57f3bde1d7,18,Lab,Particle
train/pd/56dece57f3bde1d7_w23.png,56dece57f3bde1d7,23,Lab,Particle
train/pd/5702b89b36cf3d71_w02.png,5702b89b36cf3d71,2,Lab,Particle
train/pd/5702b89b36cf3d71_w07.png,5702b89b36cf3d71,7,Lab,Particle
train/pd/5702b89b36cf3d71_w11.png,5702b89b36cf3d71,11,Lab,Particle
train/pd/5702b89b36cf3d71_w12.png,5702b89b36cf3d71,12,Lab,Particle
train/pd/5702b89b36cf3d71_w18.png,5702b89b36cf3d71,18,Lab,Particle
train/pd/5702b89b36cf3d71_w20.png,5702b89b36cf3d71,20,Lab,Particle
train/pd/5702b89b36cf3d71_w21.png,5702b89b36cf3d71,21,Lab,Particle
train/pd/5702b89b36cf3d71_w26.png,5702b89b36cf3d71,26,Lab,Particle
train/pd/570bc666a46d4d3a_w00.png,570bc666a46d4d3a,0,Lab,Corona
train/pd/570bc666a46d4d3a_w03.png,570bc666a46d4d3a,3,Lab,Corona
train/pd/570bc666a46d4d3a_w10.png,570bc666a46d4d3a,10,Lab,Corona
train/pd/570bc666a46d4d3a_w15.png,570bc666a46d4d3a,15,Lab,Corona
train/pd/570bc666a46d4d3a_w17.png,570bc666a46d4d3a,17,Lab,Corona
train/pd/570bc666a46d4d3a_w18.png,570bc666a46d4d3a,18,Lab,Corona
train/pd/570bc666a46d4d3a_w21.png,570bc666a46d4d3a,21,Lab,Corona
train/pd/570bc666a46d4d3a_w23.png,570bc666a46d4d3a,23,Lab,Corona
train/pd/57141ef9fe54cf2b_w03.png,57141ef9fe54cf2b,3,Lab,Void
train/pd/57141ef9fe54cf2b_w08.png,57141ef9fe54cf2b,8,Lab,Void
train/pd/57141ef9fe54cf2b_w16.png,57141ef9fe54cf2b,16,Lab,Void
train/pd/57141ef9fe54cf2b_w20.png,57141ef9fe54cf2b,20,Lab,Void
train/pd/57141ef9fe54cf2b_w21.png,57141ef9fe54cf2b,21,Lab,Void
train/pd/57141ef9fe54cf2b_w22.png,57141ef9fe54cf2b,22,Lab,Void
train/pd/57141ef9fe54cf2b_w24.png,57141ef9fe54cf2b,24,Lab,Void
train/pd/57141ef9fe54cf2b_w26.png,57141ef9fe54cf2b,26,Lab,Void
train/pd/571da10fe92f64df_w03.png,571da10fe92f64df,3,Lab,Void
train/pd/571da10fe92f64df_w07.png,571da10fe92f64df,7,Lab,Void
train/pd/571da10fe92f64df_w12.png,571da10fe92f64df,12,Lab,Void
train/pd/571da10fe92f64df_w13.png,571da10fe92f64df,13,Lab,Void
train/pd/571da10fe92f64df_w15.png,571da10fe92f64df,15,Lab,Void
train/pd/571da10fe92f64df_w19.png,571da10fe92f64df,19,Lab,Void
train/pd/571da10fe92f64df_w22.png,571da10fe92f64df,22,Lab,Void
train/pd/571da10fe92f64df_w23.png,571da10fe92f64df,23,Lab,Void
train/pd/57327a6ac95f3b56_w00.png,57327a6ac95f3b56,0,Lab,Corona
train/pd/57327a6ac95f3b56_w05.png,57327a6ac95f3b56,5,Lab,Corona
train/pd/57327a6ac95f3b56_w06.png,57327a6ac95f3b56,6,Lab,Corona
train/pd/57327a6ac95f3b56_w08.png,57327a6ac95f3b56,8,Lab,Corona
train/pd/57327a6ac95f3b56_w17.png,57327a6ac95f3b56,17,Lab,Corona
train/pd/57327a6ac95f3b56_w21.png,57327a6ac95f3b56,21,Lab,Corona
train/pd/57327a6ac95f3b56_w26.png,57327a6ac95f3b56,26,Lab,Corona
train/pd/57327a6ac95f3b56_w27.png,57327a6ac95f3b56,27,Lab,Corona
train/pd/57623c723846c65a_w01.png,57623c723846c65a,1,Lab,Void
train/pd/57623c723846c65a_w05.png,57623c723846c65a,5,Lab,Void
train/pd/57623c723846c65a_w06.png,57623c723846c65a,6,Lab,Void
train/pd/57623c723846c65a_w13.png,57623c723846c65a,13,Lab,Void
train/pd/57623c723846c65a_w14.png,57623c723846c65a,14,Lab,Void
train/pd/57623c723846c65a_w17.png,57623c723846c65a,17,Lab,Void
train/pd/57623c723846c65a_w18.png,57623c723846c65a,18,Lab,Void
train/pd/57623c723846c65a_w21.png,57623c723846c65a,21,Lab,Void
train/pd/576432eedf46adff_w00.png,576432eedf46adff,0,Lab,Corona
train/pd/576432eedf46adff_w02.png,576432eedf46adff,2,Lab,Corona
train/pd/576432eedf46adff_w08.png,576432eedf46adff,8,Lab,Corona
train/pd/576432eedf46adff_w14.png,576432eedf46adff,14,Lab,Corona
train/pd/576432eedf46adff_w18.png,576432eedf46adff,18,Lab,Corona
train/pd/576432eedf46adff_w19.png,576432eedf46adff,19,Lab,Corona
train/pd/576432eedf46adff_w23.png,576432eedf46adff,23,Lab,Corona
train/pd/576432eedf46adff_w27.png,576432eedf46adff,27,Lab,Corona
train/pd/5772f992643a4b82_w02.png,5772f992643a4b82,2,Lab,Particle
train/pd/5772f992643a4b82_w07.png,5772f992643a4b82,7,Lab,Particle
train/pd/5772f992643a4b82_w09.png,5772f992643a4b82,9,Lab,Particle
train/pd/5772f992643a4b82_w14.png,5772f992643a4b82,14,Lab,Particle
train/pd/5772f992643a4b82_w20.png,5772f992643a4b82,20,Lab,Particle
train/pd/5772f992643a4b82_w23.png,5772f992643a4b82,23,Lab,Particle
train/pd/5772f992643a4b82_w24.png,5772f992643a4b82,24,Lab,Particle
train/pd/5772f992643a4b82_w25.png,5772f992643a4b82,25,Lab,Particle
train/pd/5778740597b38955_w01.png,5778740597b38955,1,Lab,Floating
train/pd/5778740597b38955_w02.png,5778740597b38955,2,Lab,Floating
train/pd/5778740597b38955_w09.png,5778740597b38955,9,Lab,Floating
train/pd/5778740597b38955_w13.png,5778740597b38955,13,Lab,Floating
train/pd/5778740597b38955_w16.png,5778740597b38955,16,Lab,Floating
train/pd/5778740597b38955_w21.png,5778740597b38955,21,Lab,Floating
train/pd/5778740597b38955_w24.png,5778740597b38955,24,Lab,Floating
train/pd/5778740597b38955_w26.png,5778740597b38955,26,Lab,Floating
train/pd/578c0dcfa3622ed5_w04.png,578c0dcfa3622ed5,4,Lab,Corona
train/pd/578c0dcfa3622ed5_w09.png,578c0dcfa3622ed5,9,Lab,Corona
train/pd/578c0dcfa3622ed5_w13.png,578c0dcfa3622ed5,13,Lab,Corona
train/pd/578c0dcfa3622ed5_w15.png,578c0dcfa3622ed5,15,Lab,Corona
train/pd/578c0dcfa3622ed5_w16.png,578c0dcfa3622ed5,16,Lab,Corona
train/pd/578c0dcfa3622ed5_w20.png,578c0dcfa3622ed5,20,Lab,Corona
train/pd/578c0dcfa3622ed5_w22.png,578c0dcfa3622ed5,22,Lab,Corona
train/pd/578c0dcfa3622ed5_w23.png,578c0dcfa3622ed5,23,Lab,Corona
train/pd/57a3366a100f5eb1_w00.png,57a3366a100f5eb1,0,Lab,Void
train/pd/57a3366a100f5eb1_w04.png,57a3366a100f5eb1,4,Lab,Void
train/pd/57a3366a100f5eb1_w07.png,57a3366a100f5eb1,7,Lab,Void
train/pd/57a3366a100f5eb1_w13.png,57a3366a100f5eb1,13,Lab,Void
train/pd/57a3366a100f5eb1_w14.png,57a3366a100f5eb1,14,Lab,Void
train/pd/57a3366a100f5eb1_w18.png,57a3366a100f5eb1,18,Lab,Void
train/pd/57a3366a100f5eb1_w21.png,57a3366a100f5eb1,21,Lab,Void
train/pd/57a3366a100f5eb1_w23.png,57a3366a100f5eb1,23,Lab,Void
train/pd/57b913cabda31614_w09.png,57b913cabda31614,9,Lab,Particle
train/pd/57b913cabda31614_w11.png,57b913cabda31614,11,Lab,Particle
train/pd/57b913cabda31614_w14.png,57b913cabda31614,14,Lab,Particle
train/pd/57b913cabda31614_w15.png,57b913cabda31614,15,Lab,Particle
train/pd/57b913cabda31614_w16.png,57b913cabda31614,16,Lab,Particle
train/pd/57b913cabda31614_w18.png,57b913cabda31614,18,Lab,Particle
train/pd/57b913cabda31614_w20.png,57b913cabda31614,20,Lab,Particle
train/pd/57b913cabda31614_w25.png,57b913cabda31614,25,Lab,Particle
train/pd/57c29f92bdc2d7af_w00.png,57c29f92bdc2d7af,0,Lab,Void
train/pd/57c29f92bdc2d7af_w01.png,57c29f92bdc2d7af,1,Lab,Void
train/pd/57c29f92bdc2d7af_w02.png,57c29f92bdc2d7af,2,Lab,Void
train/pd/57c29f92bdc2d7af_w09.png,57c29f92bdc2d7af,9,Lab,Void
train/pd/57c29f92bdc2d7af_w18.png,57c29f92bdc2d7af,18,Lab,Void
train/pd/57c29f92bdc2d7af_w19.png,57c29f92bdc2d7af,19,Lab,Void
train/pd/57c29f92bdc2d7af_w20.png,57c29f92bdc2d7af,20,Lab,Void
train/pd/57c29f92bdc2d7af_w23.png,57c29f92bdc2d7af,23,Lab,Void
train/pd/57d8942f1bc901ef_w08.png,57d8942f1bc901ef,8,Lab,Void
train/pd/57d8942f1bc901ef_w11.png,57d8942f1bc901ef,11,Lab,Void
train/pd/57d8942f1bc901ef_w12.png,57d8942f1bc901ef,12,Lab,Void
train/pd/57d8942f1bc901ef_w13.png,57d8942f1bc901ef,13,Lab,Void
train/pd/57d8942f1bc901ef_w15.png,57d8942f1bc901ef,15,Lab,Void
train/pd/57d8942f1bc901ef_w20.png,57d8942f1bc901ef,20,Lab,Void
train/pd/57d8942f1bc901ef_w25.png,57d8942f1bc901ef,25,Lab,Void
train/pd/57d8942f1bc901ef_w26.png,57d8942f1bc901ef,26,Lab,Void
train/pd/57fb071074ad53c5_w08.png,57fb071074ad53c5,8,Lab,Floating
train/pd/57fb071074ad53c5_w10.png,57fb071074ad53c5,10,Lab,Floating
train/pd/57fb071074ad53c5_w13.png,57fb071074ad53c5,13,Lab,Floating
train/pd/57fb071074ad53c5_w15.png,57fb071074ad53c5,15,Lab,Floating
train/pd/57fb071074ad53c5_w18.png,57fb071074ad53c5,18,Lab,Floating
train/pd/57fb071074ad53c5_w23.png,57fb071074ad53c5,23,Lab,Floating
train/pd/57fb071074ad53c5_w24.png,57fb071074ad53c5,24,Lab,Floating
train/pd/57fb071074ad53c5_w27.png,57fb071074ad53c5,27,Lab,Floating
train/pd/581bac3259290cbe_w01.png,581bac3259290cbe,1,Lab,Void
train/pd/581bac3259290cbe_w04.png,581bac3259290cbe,4,Lab,Void
train/pd/581bac3259290cbe_w06.png,581bac3259290cbe,6,Lab,Void
train/pd/581bac3259290cbe_w10.png,581bac3259290cbe,10,Lab,Void
train/pd/581bac3259290cbe_w15.png,581bac3259290cbe,15,Lab,Void
train/pd/581bac3259290cbe_w17.png,581bac3259290cbe,17,Lab,Void
train/pd/581bac3259290cbe_w19.png,581bac3259290cbe,19,Lab,Void
train/pd/581bac3259290cbe_w27.png,581bac3259290cbe,27,Lab,Void
train/pd/584801a8b2e513ac_w14.png,584801a8b2e513ac,14,Lab,Corona
train/pd/584801a8b2e513ac_w15.png,584801a8b2e513ac,15,Lab,Corona
train/pd/584801a8b2e513ac_w16.png,584801a8b2e513ac,16,Lab,Corona
train/pd/584801a8b2e513ac_w22.png,584801a8b2e513ac,22,Lab,Corona
train/pd/584801a8b2e513ac_w23.png,584801a8b2e513ac,23,Lab,Corona
train/pd/584801a8b2e513ac_w24.png,584801a8b2e513ac,24,Lab,Corona
train/pd/584801a8b2e513ac_w25.png,584801a8b2e513ac,25,Lab,Corona
train/pd/584801a8b2e513ac_w26.png,584801a8b2e513ac,26,Lab,Corona
train/pd/584a48e1c83dacce_w02.png,584a48e1c83dacce,2,Lab,Floating
train/pd/584a48e1c83dacce_w03.png,584a48e1c83dacce,3,Lab,Floating
train/pd/584a48e1c83dacce_w08.png,584a48e1c83dacce,8,Lab,Floating
train/pd/584a48e1c83dacce_w09.png,584a48e1c83dacce,9,Lab,Floating
train/pd/584a48e1c83dacce_w11.png,584a48e1c83dacce,11,Lab,Floating
train/pd/584a48e1c83dacce_w15.png,584a48e1c83dacce,15,Lab,Floating
train/pd/584a48e1c83dacce_w25.png,584a48e1c83dacce,25,Lab,Floating
train/pd/584a48e1c83dacce_w26.png,584a48e1c83dacce,26,Lab,Floating
train/pd/584dfc279a6da63a_w00.png,584dfc279a6da63a,0,Lab,Corona
train/pd/584dfc279a6da63a_w06.png,584dfc279a6da63a,6,Lab,Corona
train/pd/584dfc279a6da63a_w07.png,584dfc279a6da63a,7,Lab,Corona
train/pd/584dfc279a6da63a_w15.png,584dfc279a6da63a,15,Lab,Corona
train/pd/584dfc279a6da63a_w19.png,584dfc279a6da63a,19,Lab,Corona
train/pd/584dfc279a6da63a_w23.png,584dfc279a6da63a,23,Lab,Corona
train/pd/584dfc279a6da63a_w24.png,584dfc279a6da63a,24,Lab,Corona
train/pd/584dfc279a6da63a_w27.png,584dfc279a6da63a,27,Lab,Corona
train/pd/585fefa6551aeea7_w00.png,585fefa6551aeea7,0,Lab,Particle
train/pd/585fefa6551aeea7_w03.png,585fefa6551aeea7,3,Lab,Particle
train/pd/585fefa6551aeea7_w04.png,585fefa6551aeea7,4,Lab,Particle
train/pd/585fefa6551aeea7_w05.png,585fefa6551aeea7,5,Lab,Particle
train/pd/585fefa6551aeea7_w07.png,585fefa6551aeea7,7,Lab,Particle
train/pd/585fefa6551aeea7_w21.png,585fefa6551aeea7,21,Lab,Particle
train/pd/585fefa6551aeea7_w24.png,585fefa6551aeea7,24,Lab,Particle
train/pd/585fefa6551aeea7_w27.png,585fefa6551aeea7,27,Lab,Particle
train/pd/5861a977256e53e5_w02.png,5861a977256e53e5,2,Lab,Particle
train/pd/5861a977256e53e5_w05.png,5861a977256e53e5,5,Lab,Particle
train/pd/5861a977256e53e5_w08.png,5861a977256e53e5,8,Lab,Particle
train/pd/5861a977256e53e5_w12.png,5861a977256e53e5,12,Lab,Particle
train/pd/5861a977256e53e5_w15.png,5861a977256e53e5,15,Lab,Particle
train/pd/5861a977256e53e5_w17.png,5861a977256e53e5,17,Lab,Particle
train/pd/5861a977256e53e5_w19.png,5861a977256e53e5,19,Lab,Particle
train/pd/5861a977256e53e5_w25.png,5861a977256e53e5,25,Lab,Particle
train/pd/58735553d274f7cb_w03.png,58735553d274f7cb,3,Lab,Floating
train/pd/58735553d274f7cb_w04.png,58735553d274f7cb,4,Lab,Floating
train/pd/58735553d274f7cb_w08.png,58735553d274f7cb,8,Lab,Floating
train/pd/58735553d274f7cb_w12.png,58735553d274f7cb,12,Lab,Floating
train/pd/58735553d274f7cb_w17.png,58735553d274f7cb,17,Lab,Floating
train/pd/58735553d274f7cb_w18.png,58735553d274f7cb,18,Lab,Floating
train/pd/58735553d274f7cb_w19.png,58735553d274f7cb,19,Lab,Floating
train/pd/58735553d274f7cb_w24.png,58735553d274f7cb,24,Lab,Floating
train/pd/589d70ecb0dac35e_w05.png,589d70ecb0dac35e,5,Lab,Particle
train/pd/589d70ecb0dac35e_w11.png,589d70ecb0dac35e,11,Lab,Particle
train/pd/589d70ecb0dac35e_w13.png,589d70ecb0dac35e,13,Lab,Particle
train/pd/589d70ecb0dac35e_w16.png,589d70ecb0dac35e,16,Lab,Particle
train/pd/589d70ecb0dac35e_w20.png,589d70ecb0dac35e,20,Lab,Particle
train/pd/589d70ecb0dac35e_w25.png,589d70ecb0dac35e,25,Lab,Particle
train/pd/589d70ecb0dac35e_w26.png,589d70ecb0dac35e,26,Lab,Particle
train/pd/589d70ecb0dac35e_w27.png,589d70ecb0dac35e,27,Lab,Particle
train/pd/58bf95c192f7c5ab_w07.png,58bf95c192f7c5ab,7,Field,Void
train/pd/58bf95c192f7c5ab_w13.png,58bf95c192f7c5ab,13,Field,Void
train/pd/58bf95c192f7c5ab_w14.png,58bf95c192f7c5ab,14,Field,Void
train/pd/58bf95c192f7c5ab_w15.png,58bf95c192f7c5ab,15,Field,Void
train/pd/58bf95c192f7c5ab_w16.png,58bf95c192f7c5ab,16,Field,Void
train/pd/58bf95c192f7c5ab_w20.png,58bf95c192f7c5ab,20,Field,Void
train/pd/58bf95c192f7c5ab_w21.png,58bf95c192f7c5ab,21,Field,Void
train/pd/58bf95c192f7c5ab_w25.png,58bf95c192f7c5ab,25,Field,Void
train/pd/58d228b6543dc777_w03.png,58d228b6543dc777,3,Lab,Particle
train/pd/58d228b6543dc777_w04.png,58d228b6543dc777,4,Lab,Particle
train/pd/58d228b6543dc777_w06.png,58d228b6543dc777,6,Lab,Particle
train/pd/58d228b6543dc777_w07.png,58d228b6543dc777,7,Lab,Particle
train/pd/58d228b6543dc777_w11.png,58d228b6543dc777,11,Lab,Particle
train/pd/58d228b6543dc777_w14.png,58d228b6543dc777,14,Lab,Particle
train/pd/58d228b6543dc777_w17.png,58d228b6543dc777,17,Lab,Particle
train/pd/58d228b6543dc777_w26.png,58d228b6543dc777,26,Lab,Particle
train/pd/58df0eb557fec0ed_w01.png,58df0eb557fec0ed,1,Lab,Void
train/pd/58df0eb557fec0ed_w02.png,58df0eb557fec0ed,2,Lab,Void
train/pd/58df0eb557fec0ed_w07.png,58df0eb557fec0ed,7,Lab,Void
train/pd/58df0eb557fec0ed_w11.png,58df0eb557fec0ed,11,Lab,Void
train/pd/58df0eb557fec0ed_w12.png,58df0eb557fec0ed,12,Lab,Void
train/pd/58df0eb557fec0ed_w13.png,58df0eb557fec0ed,13,Lab,Void
train/pd/58df0eb557fec0ed_w16.png,58df0eb557fec0ed,16,Lab,Void
train/pd/58df0eb557fec0ed_w17.png,58df0eb557fec0ed,17,Lab,Void
train/pd/58e27bf1faac116d_w03.png,58e27bf1faac116d,3,Lab,Particle
train/pd/58e27bf1faac116d_w05.png,58e27bf1faac116d,5,Lab,Particle
train/pd/58e27bf1faac116d_w09.png,58e27bf1faac116d,9,Lab,Particle
train/pd/58e27bf1faac116d_w13.png,58e27bf1faac116d,13,Lab,Particle
train/pd/58e27bf1faac116d_w15.png,58e27bf1faac116d,15,Lab,Particle
train/pd/58e27bf1faac116d_w17.png,58e27bf1faac116d,17,Lab,Particle
train/pd/58e27bf1faac116d_w18.png,58e27bf1faac116d,18,Lab,Particle
train/pd/58e27bf1faac116d_w26.png,58e27bf1faac116d,26,Lab,Particle
train/pd/58ee7990f94181e7_w01.png,58ee7990f94181e7,1,Lab,Corona
train/pd/58ee7990f94181e7_w11.png,58ee7990f94181e7,11,Lab,Corona
train/pd/58ee7990f94181e7_w14.png,58ee7990f94181e7,14,Lab,Corona
train/pd/58ee7990f94181e7_w15.png,58ee7990f94181e7,15,Lab,Corona
train/pd/58ee7990f94181e7_w18.png,58ee7990f94181e7,18,Lab,Corona
train/pd/58ee7990f94181e7_w21.png,58ee7990f94181e7,21,Lab,Corona
train/pd/58ee7990f94181e7_w24.png,58ee7990f94181e7,24,Lab,Corona
train/pd/58ee7990f94181e7_w26.png,58ee7990f94181e7,26,Lab,Corona
train/pd/590c15528933c234_w04.png,590c15528933c234,4,Lab,Floating
train/pd/590c15528933c234_w06.png,590c15528933c234,6,Lab,Floating
train/pd/590c15528933c234_w11.png,590c15528933c234,11,Lab,Floating
train/pd/590c15528933c234_w16.png,590c15528933c234,16,Lab,Floating
train/pd/590c15528933c234_w18.png,590c15528933c234,18,Lab,Floating
train/pd/590c15528933c234_w22.png,590c15528933c234,22,Lab,Floating
train/pd/590c15528933c234_w23.png,590c15528933c234,23,Lab,Floating
train/pd/590c15528933c234_w27.png,590c15528933c234,27,Lab,Floating
train/pd/59596e96bc6ee6db_w06.png,59596e96bc6ee6db,6,Field,Void
train/pd/59596e96bc6ee6db_w08.png,59596e96bc6ee6db,8,Field,Void
train/pd/59596e96bc6ee6db_w09.png,59596e96bc6ee6db,9,Field,Void
train/pd/59596e96bc6ee6db_w10.png,59596e96bc6ee6db,10,Field,Void
train/pd/59596e96bc6ee6db_w12.png,59596e96bc6ee6db,12,Field,Void
train/pd/59596e96bc6ee6db_w13.png,59596e96bc6ee6db,13,Field,Void
train/pd/59596e96bc6ee6db_w17.png,59596e96bc6ee6db,17,Field,Void
train/pd/59596e96bc6ee6db_w22.png,59596e96bc6ee6db,22,Field,Void
train/pd/597e085f7dfb8fd9_w00.png,597e085f7dfb8fd9,0,Lab,Floating
train/pd/597e085f7dfb8fd9_w02.png,597e085f7dfb8fd9,2,Lab,Floating
train/pd/597e085f7dfb8fd9_w05.png,597e085f7dfb8fd9,5,Lab,Floating
train/pd/597e085f7dfb8fd9_w15.png,597e085f7dfb8fd9,15,Lab,Floating
train/pd/597e085f7dfb8fd9_w17.png,597e085f7dfb8fd9,17,Lab,Floating
train/pd/597e085f7dfb8fd9_w20.png,597e085f7dfb8fd9,20,Lab,Floating
train/pd/597e085f7dfb8fd9_w24.png,597e085f7dfb8fd9,24,Lab,Floating
train/pd/597e085f7dfb8fd9_w26.png,597e085f7dfb8fd9,26,Lab,Floating
train/pd/59dac452112c8144_w01.png,59dac452112c8144,1,Field,Floating
train/pd/59dac452112c8144_w07.png,59dac452112c8144,7,Field,Floating
train/pd/59dac452112c8144_w10.png,59dac452112c8144,10,Field,Floating
train/pd/59dac452112c8144_w15.png,59dac452112c8144,15,Field,Floating
train/pd/59dac452112c8144_w18.png,59dac452112c8144,18,Field,Floating
train/pd/59dac452112c8144_w20.png,59dac452112c8144,20,Field,Floating
train/pd/59dac452112c8144_w21.png,59dac452112c8144,21,Field,Floating
train/pd/59dac452112c8144_w27.png,59dac452112c8144,27,Field,Floating
train/pd/5a1bb938f8f3b40b_w02.png,5a1bb938f8f3b40b,2,Lab,Particle
train/pd/5a1bb938f8f3b40b_w07.png,5a1bb938f8f3b40b,7,Lab,Particle
train/pd/5a1bb938f8f3b40b_w09.png,5a1bb938f8f3b40b,9,Lab,Particle
train/pd/5a1bb938f8f3b40b_w10.png,5a1bb938f8f3b40b,10,Lab,Particle
train/pd/5a1bb938f8f3b40b_w11.png,5a1bb938f8f3b40b,11,Lab,Particle
train/pd/5a1bb938f8f3b40b_w15.png,5a1bb938f8f3b40b,15,Lab,Particle
train/pd/5a1bb938f8f3b40b_w22.png,5a1bb938f8f3b40b,22,Lab,Particle
train/pd/5a1bb938f8f3b40b_w27.png,5a1bb938f8f3b40b,27,Lab,Particle
train/pd/5a7a5bc8e87866c9_w00.png,5a7a5bc8e87866c9,0,Lab,Corona
train/pd/5a7a5bc8e87866c9_w02.png,5a7a5bc8e87866c9,2,Lab,Corona
train/pd/5a7a5bc8e87866c9_w07.png,5a7a5bc8e87866c9,7,Lab,Corona
train/pd/5a7a5bc8e87866c9_w09.png,5a7a5bc8e87866c9,9,Lab,Corona
train/pd/5a7a5bc8e87866c9_w14.png,5a7a5bc8e87866c9,14,Lab,Corona
train/pd/5a7a5bc8e87866c9_w17.png,5a7a5bc8e87866c9,17,Lab,Corona
train/pd/5a7a5bc8e87866c9_w25.png,5a7a5bc8e87866c9,25,Lab,Corona
train/pd/5a7a5bc8e87866c9_w27.png,5a7a5bc8e87866c9,27,Lab,Corona
train/pd/5af90a2b99acf193_w01.png,5af90a2b99acf193,1,Lab,Corona
train/pd/5af90a2b99acf193_w10.png,5af90a2b99acf193,10,Lab,Corona
train/pd/5af90a2b99acf193_w12.png,5af90a2b99acf193,12,Lab,Corona
train/pd/5af90a2b99acf193_w13.png,5af90a2b99acf193,13,Lab,Corona
train/pd/5af90a2b99acf193_w14.png,5af90a2b99acf193,14,Lab,Corona
train/pd/5af90a2b99acf193_w18.png,5af90a2b99acf193,18,Lab,Corona
train/pd/5af90a2b99acf193_w26.png,5af90a2b99acf193,26,Lab,Corona
train/pd/5af90a2b99acf193_w27.png,5af90a2b99acf193,27,Lab,Corona
train/pd/5b004c16465e73fc_w06.png,5b004c16465e73fc,6,Lab,Void
train/pd/5b004c16465e73fc_w08.png,5b004c16465e73fc,8,Lab,Void
train/pd/5b004c16465e73fc_w13.png,5b004c16465e73fc,13,Lab,Void
train/pd/5b004c16465e73fc_w14.png,5b004c16465e73fc,14,Lab,Void
train/pd/5b004c16465e73fc_w15.png,5b004c16465e73fc,15,Lab,Void
train/pd/5b004c16465e73fc_w17.png,5b004c16465e73fc,17,Lab,Void
train/pd/5b004c16465e73fc_w24.png,5b004c16465e73fc,24,Lab,Void
train/pd/5b004c16465e73fc_w26.png,5b004c16465e73fc,26,Lab,Void
train/pd/5b15a6f9eac98a06_w09.png,5b15a6f9eac98a06,9,Lab,Floating
train/pd/5b15a6f9eac98a06_w10.png,5b15a6f9eac98a06,10,Lab,Floating
train/pd/5b15a6f9eac98a06_w12.png,5b15a6f9eac98a06,12,Lab,Floating
train/pd/5b15a6f9eac98a06_w17.png,5b15a6f9eac98a06,17,Lab,Floating
train/pd/5b15a6f9eac98a06_w19.png,5b15a6f9eac98a06,19,Lab,Floating
train/pd/5b15a6f9eac98a06_w20.png,5b15a6f9eac98a06,20,Lab,Floating
train/pd/5b15a6f9eac98a06_w24.png,5b15a6f9eac98a06,24,Lab,Floating
train/pd/5b15a6f9eac98a06_w27.png,5b15a6f9eac98a06,27,Lab,Floating
train/pd/5b3230cbec978b18_w02.png,5b3230cbec978b18,2,Lab,Particle
train/pd/5b3230cbec978b18_w06.png,5b3230cbec978b18,6,Lab,Particle
train/pd/5b3230cbec978b18_w13.png,5b3230cbec978b18,13,Lab,Particle
train/pd/5b3230cbec978b18_w17.png,5b3230cbec978b18,17,Lab,Particle
train/pd/5b3230cbec978b18_w19.png,5b3230cbec978b18,19,Lab,Particle
train/pd/5b3230cbec978b18_w21.png,5b3230cbec978b18,21,Lab,Particle
train/pd/5b3230cbec978b18_w24.png,5b3230cbec978b18,24,Lab,Particle
train/pd/5b3230cbec978b18_w26.png,5b3230cbec978b18,26,Lab,Particle
train/pd/5b59cc6c7cef6304_w02.png,5b59cc6c7cef6304,2,Lab,Void
train/pd/5b59cc6c7cef6304_w03.png,5b59cc6c7cef6304,3,Lab,Void
train/pd/5b59cc6c7cef6304_w11.png,5b59cc6c7cef6304,11,Lab,Void
train/pd/5b59cc6c7cef6304_w13.png,5b59cc6c7cef6304,13,Lab,Void
train/pd/5b59cc6c7cef6304_w14.png,5b59cc6c7cef6304,14,Lab,Void
train/pd/5b59cc6c7cef6304_w15.png,5b59cc6c7cef6304,15,Lab,Void
train/pd/5b59cc6c7cef6304_w17.png,5b59cc6c7cef6304,17,Lab,Void
train/pd/5b59cc6c7cef6304_w25.png,5b59cc6c7cef6304,25,Lab,Void
train/pd/5ba02b77200cd26d_w00.png,5ba02b77200cd26d,0,Field,Floating
train/pd/5ba02b77200cd26d_w01.png,5ba02b77200cd26d,1,Field,Floating
train/pd/5ba02b77200cd26d_w10.png,5ba02b77200cd26d,10,Field,Floating
train/pd/5ba02b77200cd26d_w12.png,5ba02b77200cd26d,12,Field,Floating
train/pd/5ba02b77200cd26d_w20.png,5ba02b77200cd26d,20,Field,Floating
train/pd/5ba02b77200cd26d_w23.png,5ba02b77200cd26d,23,Field,Floating
train/pd/5ba02b77200cd26d_w24.png,5ba02b77200cd26d,24,Field,Floating
train/pd/5ba02b77200cd26d_w26.png,5ba02b77200cd26d,26,Field,Floating
train/pd/5bc754ff371909c7_w03.png,5bc754ff371909c7,3,Field,Void
train/pd/5bc754ff371909c7_w08.png,5bc754ff371909c7,8,Field,Void
train/pd/5bc754ff371909c7_w14.png,5bc754ff371909c7,14,Field,Void
train/pd/5bc754ff371909c7_w19.png,5bc754ff371909c7,19,Field,Void
train/pd/5bc754ff371909c7_w21.png,5bc754ff371909c7,21,Field,Void
train/pd/5bc754ff371909c7_w22.png,5bc754ff371909c7,22,Field,Void
train/pd/5bc754ff371909c7_w25.png,5bc754ff371909c7,25,Field,Void
train/pd/5bc754ff371909c7_w26.png,5bc754ff371909c7,26,Field,Void
train/pd/5bd76735f4938e01_w05.png,5bd76735f4938e01,5,Field,Void
train/pd/5bd76735f4938e01_w09.png,5bd76735f4938e01,9,Field,Void
train/pd/5bd76735f4938e01_w10.png,5bd76735f4938e01,10,Field,Void
train/pd/5bd76735f4938e01_w15.png,5bd76735f4938e01,15,Field,Void
train/pd/5bd76735f4938e01_w19.png,5bd76735f4938e01,19,Field,Void
train/pd/5bd76735f4938e01_w20.png,5bd76735f4938e01,20,Field,Void
train/pd/5bd76735f4938e01_w21.png,5bd76735f4938e01,21,Field,Void
train/pd/5bd76735f4938e01_w25.png,5bd76735f4938e01,25,Field,Void
train/pd/5c73234aed4a241a_w04.png,5c73234aed4a241a,4,Lab,Corona
train/pd/5c73234aed4a241a_w07.png,5c73234aed4a241a,7,Lab,Corona
train/pd/5c73234aed4a241a_w14.png,5c73234aed4a241a,14,Lab,Corona
train/pd/5c73234aed4a241a_w16.png,5c73234aed4a241a,16,Lab,Corona
train/pd/5c73234aed4a241a_w18.png,5c73234aed4a241a,18,Lab,Corona
train/pd/5c73234aed4a241a_w23.png,5c73234aed4a241a,23,Lab,Corona
train/pd/5c73234aed4a241a_w24.png,5c73234aed4a241a,24,Lab,Corona
train/pd/5c73234aed4a241a_w27.png,5c73234aed4a241a,27,Lab,Corona
train/pd/5c8601d34b62c276_w00.png,5c8601d34b62c276,0,Field,Void
train/pd/5c8601d34b62c276_w12.png,5c8601d34b62c276,12,Field,Void
train/pd/5c8601d34b62c276_w13.png,5c8601d34b62c276,13,Field,Void
train/pd/5c8601d34b62c276_w17.png,5c8601d34b62c276,17,Field,Void
train/pd/5c8601d34b62c276_w18.png,5c8601d34b62c276,18,Field,Void
train/pd/5c8601d34b62c276_w19.png,5c8601d34b62c276,19,Field,Void
train/pd/5c8601d34b62c276_w22.png,5c8601d34b62c276,22,Field,Void
train/pd/5c8601d34b62c276_w27.png,5c8601d34b62c276,27,Field,Void
train/pd/5c994361e2c271a3_w02.png,5c994361e2c271a3,2,Lab,Particle
train/pd/5c994361e2c271a3_w09.png,5c994361e2c271a3,9,Lab,Particle
train/pd/5c994361e2c271a3_w10.png,5c994361e2c271a3,10,Lab,Particle
train/pd/5c994361e2c271a3_w14.png,5c994361e2c271a3,14,Lab,Particle
train/pd/5c994361e2c271a3_w16.png,5c994361e2c271a3,16,Lab,Particle
train/pd/5c994361e2c271a3_w19.png,5c994361e2c271a3,19,Lab,Particle
train/pd/5c994361e2c271a3_w20.png,5c994361e2c271a3,20,Lab,Particle
train/pd/5c994361e2c271a3_w26.png,5c994361e2c271a3,26,Lab,Particle
train/pd/5c99925e669444fc_w00.png,5c99925e669444fc,0,Lab,Particle
train/pd/5c99925e669444fc_w10.png,5c99925e669444fc,10,Lab,Particle
train/pd/5c99925e669444fc_w11.png,5c99925e669444fc,11,Lab,Particle
train/pd/5c99925e669444fc_w18.png,5c99925e669444fc,18,Lab,Particle
train/pd/5c99925e669444fc_w20.png,5c99925e669444fc,20,Lab,Particle
train/pd/5c99925e669444fc_w21.png,5c99925e669444fc,21,Lab,Particle
train/pd/5c99925e669444fc_w23.png,5c99925e669444fc,23,Lab,Particle
train/pd/5c99925e669444fc_w26.png,5c99925e669444fc,26,Lab,Particle
train/pd/5ca63beb79089cbd_w01.png,5ca63beb79089cbd,1,Lab,Void
train/pd/5ca63beb79089cbd_w06.png,5ca63beb79089cbd,6,Lab,Void
train/pd/5ca63beb79089cbd_w11.png,5ca63beb79089cbd,11,Lab,Void
train/pd/5ca63beb79089cbd_w15.png,5ca63beb79089cbd,15,Lab,Void
train/pd/5ca63beb79089cbd_w16.png,5ca63beb79089cbd,16,Lab,Void
train/pd/5ca63beb79089cbd_w25.png,5ca63beb79089cbd,25,Lab,Void
train/pd/5ca63beb79089cbd_w26.png,5ca63beb79089cbd,26,Lab,Void
train/pd/5ca63beb79089cbd_w27.png,5ca63beb79089cbd,27,Lab,Void
train/pd/5cb2a91bab7c2bd3_w02.png,5cb2a91bab7c2bd3,2,Lab,Corona
train/pd/5cb2a91bab7c2bd3_w04.png,5cb2a91bab7c2bd3,4,Lab,Corona
train/pd/5cb2a91bab7c2bd3_w06.png,5cb2a91bab7c2bd3,6,Lab,Corona
train/pd/5cb2a91bab7c2bd3_w12.png,5cb2a91bab7c2bd3,12,Lab,Corona
train/pd/5cb2a91bab7c2bd3_w18.png,5cb2a91bab7c2bd3,18,Lab,Corona
train/pd/5cb2a91bab7c2bd3_w20.png,5cb2a91bab7c2bd3,20,Lab,Corona
train/pd/5cb2a91bab7c2bd3_w21.png,5cb2a91bab7c2bd3,21,Lab,Corona
train/pd/5cb2a91bab7c2bd3_w23.png,5cb2a91bab7c2bd3,23,Lab,Corona
train/pd/5cccbdcc0ab1b614_w01.png,5cccbdcc0ab1b614,1,Lab,Void
train/pd/5cccbdcc0ab1b614_w05.png,5cccbdcc0ab1b614,5,Lab,Void
train/pd/5cccbdcc0ab1b614_w06.png,5cccbdcc0ab1b614,6,Lab,Void
train/pd/5cccbdcc0ab1b614_w07.png,5cccbdcc0ab1b614,7,Lab,Void
train/pd/5cccbdcc0ab1b614_w14.png,5cccbdcc0ab1b614,14,Lab,Void
train/pd/5cccbdcc0ab1b614_w19.png,5cccbdcc0ab1b614,19,Lab,Void
train/pd/5cccbdcc0ab1b614_w21.png,5cccbdcc0ab1b614,21,Lab,Void
train/pd/5cccbdcc0ab1b614_w27.png,5cccbdcc0ab1b614,27,Lab,Void
train/pd/5cdf6e1ebe7712a5_w00.png,5cdf6e1ebe7712a5,0,Lab,Floating
train/pd/5cdf6e1ebe7712a5_w05.png,5cdf6e1ebe7712a5,5,Lab,Floating
train/pd/5cdf6e1ebe7712a5_w10.png,5cdf6e1ebe7712a5,10,Lab,Floating
train/pd/5cdf6e1ebe7712a5_w11.png,5cdf6e1ebe7712a5,11,Lab,Floating
train/pd/5cdf6e1ebe7712a5_w12.png,5cdf6e1ebe7712a5,12,Lab,Floating
train/pd/5cdf6e1ebe7712a5_w17.png,5cdf6e1ebe7712a5,17,Lab,Floating
train/pd/5cdf6e1ebe7712a5_w25.png,5cdf6e1ebe7712a5,25,Lab,Floating
train/pd/5cdf6e1ebe7712a5_w26.png,5cdf6e1ebe7712a5,26,Lab,Floating
train/pd/5ce52fdbc3f6010c_w00.png,5ce52fdbc3f6010c,0,Lab,Void
train/pd/5ce52fdbc3f6010c_w01.png,5ce52fdbc3f6010c,1,Lab,Void
train/pd/5ce52fdbc3f6010c_w09.png,5ce52fdbc3f6010c,9,Lab,Void
train/pd/5ce52fdbc3f6010c_w12.png,5ce52fdbc3f6010c,12,Lab,Void
train/pd/5ce52fdbc3f6010c_w14.png,5ce52fdbc3f6010c,14,Lab,Void
train/pd/5ce52fdbc3f6010c_w21.png,5ce52fdbc3f6010c,21,Lab,Void
train/pd/5ce52fdbc3f6010c_w25.png,5ce52fdbc3f6010c,25,Lab,Void
train/pd/5ce52fdbc3f6010c_w27.png,5ce52fdbc3f6010c,27,Lab,Void
train/pd/5cfe4e0ce8731d05_w04.png,5cfe4e0ce8731d05,4,Field,Floating
train/pd/5cfe4e0ce8731d05_w06.png,5cfe4e0ce8731d05,6,Field,Floating
train/pd/5cfe4e0ce8731d05_w07.png,5cfe4e0ce8731d05,7,Field,Floating
train/pd/5cfe4e0ce8731d05_w15.png,5cfe4e0ce8731d05,15,Field,Floating
train/pd/5cfe4e0ce8731d05_w22.png,5cfe4e0ce8731d05,22,Field,Floating
train/pd/5cfe4e0ce8731d05_w23.png,5cfe4e0ce8731d05,23,Field,Floating
train/pd/5cfe4e0ce8731d05_w25.png,5cfe4e0ce8731d05,25,Field,Floating
train/pd/5cfe4e0ce8731d05_w26.png,5cfe4e0ce8731d05,26,Field,Floating
train/pd/5d1fc600c7a79e67_w00.png,5d1fc600c7a79e67,0,Field,Floating
train/pd/5d1fc600c7a79e67_w01.png,5d1fc600c7a79e67,1,Field,Floating
train/pd/5d1fc600c7a79e67_w05.png,5d1fc600c7a79e67,5,Field,Floating
train/pd/5d1fc600c7a79e67_w08.png,5d1fc600c7a79e67,8,Field,Floating
train/pd/5d1fc600c7a79e67_w10.png,5d1fc600c7a79e67,10,Field,Floating
train/pd/5d1fc600c7a79e67_w22.png,5d1fc600c7a79e67,22,Field,Floating
train/pd/5d1fc600c7a79e67_w23.png,5d1fc600c7a79e67,23,Field,Floating
train/pd/5d1fc600c7a79e67_w25.png,5d1fc600c7a79e67,25,Field,Floating
train/pd/5d2f37d60d9b3355_w06.png,5d2f37d60d9b3355,6,Lab,Void
train/pd/5d2f37d60d9b3355_w13.png,5d2f37d60d9b3355,13,Lab,Void
train/pd/5d2f37d60d9b3355_w15.png,5d2f37d60d9b3355,15,Lab,Void
train/pd/5d2f37d60d9b3355_w16.png,5d2f37d60d9b3355,16,Lab,Void
train/pd/5d2f37d60d9b3355_w21.png,5d2f37d60d9b3355,21,Lab,Void
train/pd/5d2f37d60d9b3355_w24.png,5d2f37d60d9b3355,24,Lab,Void
train/pd/5d2f37d60d9b3355_w25.png,5d2f37d60d9b3355,25,Lab,Void
train/pd/5d2f37d60d9b3355_w26.png,5d2f37d60d9b3355,26,Lab,Void
train/pd/5d3eedb20e54a82a_w00.png,5d3eedb20e54a82a,0,Lab,Particle
train/pd/5d3eedb20e54a82a_w01.png,5d3eedb20e54a82a,1,Lab,Particle
train/pd/5d3eedb20e54a82a_w03.png,5d3eedb20e54a82a,3,Lab,Particle
train/pd/5d3eedb20e54a82a_w12.png,5d3eedb20e54a82a,12,Lab,Particle
train/pd/5d3eedb20e54a82a_w15.png,5d3eedb20e54a82a,15,Lab,Particle
train/pd/5d3eedb20e54a82a_w20.png,5d3eedb20e54a82a,20,Lab,Particle
train/pd/5d3eedb20e54a82a_w22.png,5d3eedb20e54a82a,22,Lab,Particle
train/pd/5d3eedb20e54a82a_w23.png,5d3eedb20e54a82a,23,Lab,Particle
train/pd/5d470d67ace7e305_w03.png,5d470d67ace7e305,3,Lab,Corona
train/pd/5d470d67ace7e305_w07.png,5d470d67ace7e305,7,Lab,Corona
train/pd/5d470d67ace7e305_w08.png,5d470d67ace7e305,8,Lab,Corona
train/pd/5d470d67ace7e305_w11.png,5d470d67ace7e305,11,Lab,Corona
train/pd/5d470d67ace7e305_w14.png,5d470d67ace7e305,14,Lab,Corona
train/pd/5d470d67ace7e305_w16.png,5d470d67ace7e305,16,Lab,Corona
train/pd/5d470d67ace7e305_w17.png,5d470d67ace7e305,17,Lab,Corona
train/pd/5d470d67ace7e305_w26.png,5d470d67ace7e305,26,Lab,Corona
train/pd/5dd2848be82dee18_w04.png,5dd2848be82dee18,4,Lab,Corona
train/pd/5dd2848be82dee18_w08.png,5dd2848be82dee18,8,Lab,Corona
train/pd/5dd2848be82dee18_w12.png,5dd2848be82dee18,12,Lab,Corona
train/pd/5dd2848be82dee18_w13.png,5dd2848be82dee18,13,Lab,Corona
train/pd/5dd2848be82dee18_w23.png,5dd2848be82dee18,23,Lab,Corona
train/pd/5dd2848be82dee18_w25.png,5dd2848be82dee18,25,Lab,Corona
train/pd/5dd2848be82dee18_w26.png,5dd2848be82dee18,26,Lab,Corona
train/pd/5dd2848be82dee18_w27.png,5dd2848be82dee18,27,Lab,Corona
train/pd/5df4cb0dcbf452f5_w07.png,5df4cb0dcbf452f5,7,Lab,Particle
train/pd/5df4cb0dcbf452f5_w08.png,5df4cb0dcbf452f5,8,Lab,Particle
train/pd/5df4cb0dcbf452f5_w13.png,5df4cb0dcbf452f5,13,Lab,Particle
train/pd/5df4cb0dcbf452f5_w18.png,5df4cb0dcbf452f5,18,Lab,Particle
train/pd/5df4cb0dcbf452f5_w21.png,5df4cb0dcbf452f5,21,Lab,Particle
train/pd/5df4cb0dcbf452f5_w22.png,5df4cb0dcbf452f5,22,Lab,Particle
train/pd/5df4cb0dcbf452f5_w23.png,5df4cb0dcbf452f5,23,Lab,Particle
train/pd/5df4cb0dcbf452f5_w26.png,5df4cb0dcbf452f5,26,Lab,Particle
train/pd/5e206df500d5ea45_w07.png,5e206df500d5ea45,7,Field,Void
train/pd/5e206df500d5ea45_w08.png,5e206df500d5ea45,8,Field,Void
train/pd/5e206df500d5ea45_w12.png,5e206df500d5ea45,12,Field,Void
train/pd/5e206df500d5ea45_w13.png,5e206df500d5ea45,13,Field,Void
train/pd/5e206df500d5ea45_w16.png,5e206df500d5ea45,16,Field,Void
train/pd/5e206df500d5ea45_w18.png,5e206df500d5ea45,18,Field,Void
train/pd/5e206df500d5ea45_w19.png,5e206df500d5ea45,19,Field,Void
train/pd/5e206df500d5ea45_w23.png,5e206df500d5ea45,23,Field,Void
train/pd/5ea4e84e17f6f670_w00.png,5ea4e84e17f6f670,0,Field,Void
train/pd/5ea4e84e17f6f670_w03.png,5ea4e84e17f6f670,3,Field,Void
train/pd/5ea4e84e17f6f670_w08.png,5ea4e84e17f6f670,8,Field,Void
train/pd/5ea4e84e17f6f670_w09.png,5ea4e84e17f6f670,9,Field,Void
train/pd/5ea4e84e17f6f670_w11.png,5ea4e84e17f6f670,11,Field,Void
train/pd/5ea4e84e17f6f670_w15.png,5ea4e84e17f6f670,15,Field,Void
train/pd/5ea4e84e17f6f670_w23.png,5ea4e84e17f6f670,23,Field,Void
train/pd/5ea4e84e17f6f670_w25.png,5ea4e84e17f6f670,25,Field,Void
train/pd/5ea5f0cb332bebfb_w01.png,5ea5f0cb332bebfb,1,Lab,Floating
train/pd/5ea5f0cb332bebfb_w05.png,5ea5f0cb332bebfb,5,Lab,Floating
train/pd/5ea5f0cb332bebfb_w07.png,5ea5f0cb332bebfb,7,Lab,Floating
train/pd/5ea5f0cb332bebfb_w12.png,5ea5f0cb332bebfb,12,Lab,Floating
train/pd/5ea5f0cb332bebfb_w13.png,5ea5f0cb332bebfb,13,Lab,Floating
train/pd/5ea5f0cb332bebfb_w14.png,5ea5f0cb332bebfb,14,Lab,Floating
train/pd/5ea5f0cb332bebfb_w18.png,5ea5f0cb332bebfb,18,Lab,Floating
train/pd/5ea5f0cb332bebfb_w22.png,5ea5f0cb332bebfb,22,Lab,Floating
train/pd/5ed2246013f5580c_w03.png,5ed2246013f5580c,3,Lab,Corona
train/pd/5ed2246013f5580c_w06.png,5ed2246013f5580c,6,Lab,Corona
train/pd/5ed2246013f5580c_w08.png,5ed2246013f5580c,8,Lab,Corona
train/pd/5ed2246013f5580c_w13.png,5ed2246013f5580c,13,Lab,Corona
train/pd/5ed2246013f5580c_w16.png,5ed2246013f5580c,16,Lab,Corona
train/pd/5ed2246013f5580c_w18.png,5ed2246013f5580c,18,Lab,Corona
train/pd/5ed2246013f5580c_w19.png,5ed2246013f5580c,19,Lab,Corona
train/pd/5ed2246013f5580c_w25.png,5ed2246013f5580c,25,Lab,Corona
train/pd/5ef845f3d4d69ba0_w06.png,5ef845f3d4d69ba0,6,Field,Void
train/pd/5ef845f3d4d69ba0_w10.png,5ef845f3d4d69ba0,10,Field,Void
train/pd/5ef845f3d4d69ba0_w11.png,5ef845f3d4d69ba0,11,Field,Void
train/pd/5ef845f3d4d69ba0_w15.png,5ef845f3d4d69ba0,15,Field,Void
train/pd/5ef845f3d4d69ba0_w16.png,5ef845f3d4d69ba0,16,Field,Void
train/pd/5ef845f3d4d69ba0_w22.png,5ef845f3d4d69ba0,22,Field,Void
train/pd/5ef845f3d4d69ba0_w26.png,5ef845f3d4d69ba0,26,Field,Void
train/pd/5ef845f3d4d69ba0_w27.png,5ef845f3d4d69ba0,27,Field,Void
train/pd/5ef89e2796901fa3_w00.png,5ef89e2796901fa3,0,Lab,Corona
train/pd/5ef89e2796901fa3_w04.png,5ef89e2796901fa3,4,Lab,Corona
train/pd/5ef89e2796901fa3_w11.png,5ef89e2796901fa3,11,Lab,Corona
train/pd/5ef89e2796901fa3_w12.png,5ef89e2796901fa3,12,Lab,Corona
train/pd/5ef89e2796901fa3_w17.png,5ef89e2796901fa3,17,Lab,Corona
train/pd/5ef89e2796901fa3_w20.png,5ef89e2796901fa3,20,Lab,Corona
train/pd/5ef89e2796901fa3_w24.png,5ef89e2796901fa3,24,Lab,Corona
train/pd/5ef89e2796901fa3_w25.png,5ef89e2796901fa3,25,Lab,Corona
train/pd/5f2115bcf7b817fa_w00.png,5f2115bcf7b817fa,0,Lab,Floating
train/pd/5f2115bcf7b817fa_w01.png,5f2115bcf7b817fa,1,Lab,Floating
train/pd/5f2115bcf7b817fa_w04.png,5f2115bcf7b817fa,4,Lab,Floating
train/pd/5f2115bcf7b817fa_w16.png,5f2115bcf7b817fa,16,Lab,Floating
train/pd/5f2115bcf7b817fa_w18.png,5f2115bcf7b817fa,18,Lab,Floating
train/pd/5f2115bcf7b817fa_w23.png,5f2115bcf7b817fa,23,Lab,Floating
train/pd/5f2115bcf7b817fa_w24.png,5f2115bcf7b817fa,24,Lab,Floating
train/pd/5f2115bcf7b817fa_w26.png,5f2115bcf7b817fa,26,Lab,Floating
train/pd/5f2cda38772e9101_w00.png,5f2cda38772e9101,0,Lab,Particle
train/pd/5f2cda38772e9101_w11.png,5f2cda38772e9101,11,Lab,Particle
train/pd/5f2cda38772e9101_w13.png,5f2cda38772e9101,13,Lab,Particle
train/pd/5f2cda38772e9101_w14.png,5f2cda38772e9101,14,Lab,Particle
train/pd/5f2cda38772e9101_w18.png,5f2cda38772e9101,18,Lab,Particle
train/pd/5f2cda38772e9101_w22.png,5f2cda38772e9101,22,Lab,Particle
train/pd/5f2cda38772e9101_w24.png,5f2cda38772e9101,24,Lab,Particle
train/pd/5f2cda38772e9101_w27.png,5f2cda38772e9101,27,Lab,Particle
train/pd/5f2f2b3fbd0755c5_w02.png,5f2f2b3fbd0755c5,2,Lab,Corona
train/pd/5f2f2b3fbd0755c5_w04.png,5f2f2b3fbd0755c5,4,Lab,Corona
train/pd/5f2f2b3fbd0755c5_w06.png,5f2f2b3fbd0755c5,6,Lab,Corona
train/pd/5f2f2b3fbd0755c5_w08.png,5f2f2b3fbd0755c5,8,Lab,Corona
train/pd/5f2f2b3fbd0755c5_w15.png,5f2f2b3fbd0755c5,15,Lab,Corona
train/pd/5f2f2b3fbd0755c5_w16.png,5f2f2b3fbd0755c5,16,Lab,Corona
train/pd/5f2f2b3fbd0755c5_w24.png,5f2f2b3fbd0755c5,24,Lab,Corona
train/pd/5f2f2b3fbd0755c5_w27.png,5f2f2b3fbd0755c5,27,Lab,Corona
train/pd/5f482952789e9007_w00.png,5f482952789e9007,0,Lab,Particle
train/pd/5f482952789e9007_w11.png,5f482952789e9007,11,Lab,Particle
train/pd/5f482952789e9007_w12.png,5f482952789e9007,12,Lab,Particle
train/pd/5f482952789e9007_w14.png,5f482952789e9007,14,Lab,Particle
train/pd/5f482952789e9007_w19.png,5f482952789e9007,19,Lab,Particle
train/pd/5f482952789e9007_w20.png,5f482952789e9007,20,Lab,Particle
train/pd/5f482952789e9007_w24.png,5f482952789e9007,24,Lab,Particle
train/pd/5f482952789e9007_w26.png,5f482952789e9007,26,Lab,Particle
train/pd/5fd3c9596dbb5d91_w00.png,5fd3c9596dbb5d91,0,Lab,Corona
train/pd/5fd3c9596dbb5d91_w07.png,5fd3c9596dbb5d91,7,Lab,Corona
train/pd/5fd3c9596dbb5d91_w08.png,5fd3c9596dbb5d91,8,Lab,Corona
train/pd/5fd3c9596dbb5d91_w14.png,5fd3c9596dbb5d91,14,Lab,Corona
train/pd/5fd3c9596dbb5d91_w16.png,5fd3c9596dbb5d91,16,Lab,Corona
train/pd/5fd3c9596dbb5d91_w20.png,5fd3c9596dbb5d91,20,Lab,Corona
train/pd/5fd3c9596dbb5d91_w25.png,5fd3c9596dbb5d91,25,Lab,Corona
train/pd/5fd3c9596dbb5d91_w27.png,5fd3c9596dbb5d91,27,Lab,Corona
train/pd/5fdb1172929b7413_w01.png,5fdb1172929b7413,1,Lab,Particle
train/pd/5fdb1172929b7413_w06.png,5fdb1172929b7413,6,Lab,Particle
train/pd/5fdb1172929b7413_w09.png,5fdb1172929b7413,9,Lab,Particle
train/pd/5fdb1172929b7413_w10.png,5fdb1172929b7413,10,Lab,Particle
train/pd/5fdb1172929b7413_w11.png,5fdb1172929b7413,11,Lab,Particle
train/pd/5fdb1172929b7413_w13.png,5fdb1172929b7413,13,Lab,Particle
train/pd/5fdb1172929b7413_w21.png,5fdb1172929b7413,21,Lab,Particle
train/pd/5fdb1172929b7413_w26.png,5fdb1172929b7413,26,Lab,Particle
train/pd/606dbb10e2a9fd6a_w00.png,606dbb10e2a9fd6a,0,Lab,Void
train/pd/606dbb10e2a9fd6a_w06.png,606dbb10e2a9fd6a,6,Lab,Void
train/pd/606dbb10e2a9fd6a_w11.png,606dbb10e2a9fd6a,11,Lab,Void
train/pd/606dbb10e2a9fd6a_w15.png,606dbb10e2a9fd6a,15,Lab,Void
train/pd/606dbb10e2a9fd6a_w16.png,606dbb10e2a9fd6a,16,Lab,Void
train/pd/606dbb10e2a9fd6a_w18.png,606dbb10e2a9fd6a,18,Lab,Void
train/pd/606dbb10e2a9fd6a_w19.png,606dbb10e2a9fd6a,19,Lab,Void
train/pd/606dbb10e2a9fd6a_w25.png,606dbb10e2a9fd6a,25,Lab,Void
train/pd/60748dc732b8e649_w03.png,60748dc732b8e649,3,Lab,Void
train/pd/60748dc732b8e649_w05.png,60748dc732b8e649,5,Lab,Void
train/pd/60748dc732b8e649_w08.png,60748dc732b8e649,8,Lab,Void
train/pd/60748dc732b8e649_w10.png,60748dc732b8e649,10,Lab,Void
train/pd/60748dc732b8e649_w21.png,60748dc732b8e649,21,Lab,Void
train/pd/60748dc732b8e649_w24.png,60748dc732b8e649,24,Lab,Void
train/pd/60748dc732b8e649_w26.png,60748dc732b8e649,26,Lab,Void
train/pd/60748dc732b8e649_w27.png,60748dc732b8e649,27,Lab,Void
train/pd/61606ec0ccf77d2e_w00.png,61606ec0ccf77d2e,0,Lab,Void
train/pd/61606ec0ccf77d2e_w03.png,61606ec0ccf77d2e,3,Lab,Void
train/pd/61606ec0ccf77d2e_w11.png,61606ec0ccf77d2e,11,Lab,Void
train/pd/61606ec0ccf77d2e_w15.png,61606ec0ccf77d2e,15,Lab,Void
train/pd/61606ec0ccf77d2e_w16.png,61606ec0ccf77d2e,16,Lab,Void
train/pd/61606ec0ccf77d2e_w17.png,61606ec0ccf77d2e,17,Lab,Void
train/pd/61606ec0ccf77d2e_w24.png,61606ec0ccf77d2e,24,Lab,Void
train/pd/61606ec0ccf77d2e_w27.png,61606ec0ccf77d2e,27,Lab,Void
train/pd/616ec74c4ec26bc6_w00.png,616ec74c4ec26bc6,0,Lab,Corona
train/pd/616ec74c4ec26bc6_w04.png,616ec74c4ec26bc6,4,Lab,Corona
train/pd/616ec74c4ec26bc6_w10.png,616ec74c4ec26bc6,10,Lab,Corona
train/pd/616ec74c4ec26bc6_w13.png,616ec74c4ec26bc6,13,Lab,Corona
train/pd/616ec74c4ec26bc6_w17.png,616ec74c4ec26bc6,17,Lab,Corona
train/pd/616ec74c4ec26bc6_w18.png,616ec74c4ec26bc6,18,Lab,Corona
train/pd/616ec74c4ec26bc6_w22.png,616ec74c4ec26bc6,22,Lab,Corona
train/pd/616ec74c4ec26bc6_w27.png,616ec74c4ec26bc6,27,Lab,Corona
train/pd/61db86c07052b8a7_w00.png,61db86c07052b8a7,0,Lab,Corona
train/pd/61db86c07052b8a7_w02.png,61db86c07052b8a7,2,Lab,Corona
train/pd/61db86c07052b8a7_w03.png,61db86c07052b8a7,3,Lab,Corona
train/pd/61db86c07052b8a7_w04.png,61db86c07052b8a7,4,Lab,Corona
train/pd/61db86c07052b8a7_w14.png,61db86c07052b8a7,14,Lab,Corona
train/pd/61db86c07052b8a7_w16.png,61db86c07052b8a7,16,Lab,Corona
train/pd/61db86c07052b8a7_w23.png,61db86c07052b8a7,23,Lab,Corona
train/pd/61db86c07052b8a7_w27.png,61db86c07052b8a7,27,Lab,Corona
train/pd/61e03063233349dc_w05.png,61e03063233349dc,5,Lab,Corona
train/pd/61e03063233349dc_w08.png,61e03063233349dc,8,Lab,Corona
train/pd/61e03063233349dc_w10.png,61e03063233349dc,10,Lab,Corona
train/pd/61e03063233349dc_w11.png,61e03063233349dc,11,Lab,Corona
train/pd/61e03063233349dc_w13.png,61e03063233349dc,13,Lab,Corona
train/pd/61e03063233349dc_w15.png,61e03063233349dc,15,Lab,Corona
train/pd/61e03063233349dc_w17.png,61e03063233349dc,17,Lab,Corona
train/pd/61e03063233349dc_w19.png,61e03063233349dc,19,Lab,Corona
train/pd/61ecf68e6dd0403e_w00.png,61ecf68e6dd0403e,0,Lab,Void
train/pd/61ecf68e6dd0403e_w04.png,61ecf68e6dd0403e,4,Lab,Void
train/pd/61ecf68e6dd0403e_w05.png,61ecf68e6dd0403e,5,Lab,Void
train/pd/61ecf68e6dd0403e_w06.png,61ecf68e6dd0403e,6,Lab,Void
train/pd/61ecf68e6dd0403e_w17.png,61ecf68e6dd0403e,17,Lab,Void
train/pd/61ecf68e6dd0403e_w20.png,61ecf68e6dd0403e,20,Lab,Void
train/pd/61ecf68e6dd0403e_w23.png,61ecf68e6dd0403e,23,Lab,Void
train/pd/61ecf68e6dd0403e_w24.png,61ecf68e6dd0403e,24,Lab,Void
train/pd/61ef06edd703a1a8_w03.png,61ef06edd703a1a8,3,Lab,Void
train/pd/61ef06edd703a1a8_w09.png,61ef06edd703a1a8,9,Lab,Void
train/pd/61ef06edd703a1a8_w14.png,61ef06edd703a1a8,14,Lab,Void
train/pd/61ef06edd703a1a8_w16.png,61ef06edd703a1a8,16,Lab,Void
train/pd/61ef06edd703a1a8_w21.png,61ef06edd703a1a8,21,Lab,Void
train/pd/61ef06edd703a1a8_w24.png,61ef06edd703a1a8,24,Lab,Void
train/pd/61ef06edd703a1a8_w25.png,61ef06edd703a1a8,25,Lab,Void
train/pd/61ef06edd703a1a8_w27.png,61ef06edd703a1a8,27,Lab,Void
train/pd/6207590c6ddfad21_w04.png,6207590c6ddfad21,4,Lab,Particle
train/pd/6207590c6ddfad21_w05.png,6207590c6ddfad21,5,Lab,Particle
train/pd/6207590c6ddfad21_w09.png,6207590c6ddfad21,9,Lab,Particle
train/pd/6207590c6ddfad21_w18.png,6207590c6ddfad21,18,Lab,Particle
train/pd/6207590c6ddfad21_w20.png,6207590c6ddfad21,20,Lab,Particle
train/pd/6207590c6ddfad21_w23.png,6207590c6ddfad21,23,Lab,Particle
train/pd/6207590c6ddfad21_w24.png,6207590c6ddfad21,24,Lab,Particle
train/pd/6207590c6ddfad21_w25.png,6207590c6ddfad21,25,Lab,Particle
train/pd/620809829d685c95_w03.png,620809829d685c95,3,Lab,Floating
train/pd/620809829d685c95_w07.png,620809829d685c95,7,Lab,Floating
train/pd/620809829d685c95_w08.png,620809829d685c95,8,Lab,Floating
train/pd/620809829d685c95_w13.png,620809829d685c95,13,Lab,Floating
train/pd/620809829d685c95_w14.png,620809829d685c95,14,Lab,Floating
train/pd/620809829d685c95_w15.png,620809829d685c95,15,Lab,Floating
train/pd/620809829d685c95_w21.png,620809829d685c95,21,Lab,Floating
train/pd/620809829d685c95_w25.png,620809829d685c95,25,Lab,Floating
train/pd/620e3509986533b3_w01.png,620e3509986533b3,1,Lab,Void
train/pd/620e3509986533b3_w12.png,620e3509986533b3,12,Lab,Void
train/pd/620e3509986533b3_w13.png,620e3509986533b3,13,Lab,Void
train/pd/620e3509986533b3_w18.png,620e3509986533b3,18,Lab,Void
train/pd/620e3509986533b3_w21.png,620e3509986533b3,21,Lab,Void
train/pd/620e3509986533b3_w25.png,620e3509986533b3,25,Lab,Void
train/pd/620e3509986533b3_w26.png,620e3509986533b3,26,Lab,Void
train/pd/620e3509986533b3_w27.png,620e3509986533b3,27,Lab,Void
train/pd/621372930768011a_w00.png,621372930768011a,0,Lab,Corona
train/pd/621372930768011a_w02.png,621372930768011a,2,Lab,Corona
train/pd/621372930768011a_w04.png,621372930768011a,4,Lab,Corona
train/pd/621372930768011a_w09.png,621372930768011a,9,Lab,Corona
train/pd/621372930768011a_w17.png,621372930768011a,17,Lab,Corona
train/pd/621372930768011a_w23.png,621372930768011a,23,Lab,Corona
train/pd/621372930768011a_w24.png,621372930768011a,24,Lab,Corona
train/pd/621372930768011a_w26.png,621372930768011a,26,Lab,Corona
train/pd/6246ca9e9fa734ee_w02.png,6246ca9e9fa734ee,2,Lab,Particle
train/pd/6246ca9e9fa734ee_w04.png,6246ca9e9fa734ee,4,Lab,Particle
train/pd/6246ca9e9fa734ee_w06.png,6246ca9e9fa734ee,6,Lab,Particle
train/pd/6246ca9e9fa734ee_w12.png,6246ca9e9fa734ee,12,Lab,Particle
train/pd/6246ca9e9fa734ee_w15.png,6246ca9e9fa734ee,15,Lab,Particle
train/pd/6246ca9e9fa734ee_w16.png,6246ca9e9fa734ee,16,Lab,Particle
train/pd/6246ca9e9fa734ee_w23.png,6246ca9e9fa734ee,23,Lab,Particle
train/pd/6246ca9e9fa734ee_w27.png,6246ca9e9fa734ee,27,Lab,Particle
train/pd/62690b96298f41e2_w00.png,62690b96298f41e2,0,Field,Void
train/pd/62690b96298f41e2_w04.png,62690b96298f41e2,4,Field,Void
train/pd/62690b96298f41e2_w09.png,62690b96298f41e2,9,Field,Void
train/pd/62690b96298f41e2_w10.png,62690b96298f41e2,10,Field,Void
train/pd/62690b96298f41e2_w12.png,62690b96298f41e2,12,Field,Void
train/pd/62690b96298f41e2_w14.png,62690b96298f41e2,14,Field,Void
train/pd/62690b96298f41e2_w22.png,62690b96298f41e2,22,Field,Void
train/pd/62690b96298f41e2_w24.png,62690b96298f41e2,24,Field,Void
train/pd/626f8748af449595_w01.png,626f8748af449595,1,Lab,Particle
train/pd/626f8748af449595_w04.png,626f8748af449595,4,Lab,Particle
train/pd/626f8748af449595_w05.png,626f8748af449595,5,Lab,Particle
train/pd/626f8748af449595_w08.png,626f8748af449595,8,Lab,Particle
train/pd/626f8748af449595_w16.png,626f8748af449595,16,Lab,Particle
train/pd/626f8748af449595_w20.png,626f8748af449595,20,Lab,Particle
train/pd/626f8748af449595_w23.png,626f8748af449595,23,Lab,Particle
train/pd/626f8748af449595_w25.png,626f8748af449595,25,Lab,Particle
train/pd/62775a242ec5e1ea_w02.png,62775a242ec5e1ea,2,Lab,Particle
train/pd/62775a242ec5e1ea_w04.png,62775a242ec5e1ea,4,Lab,Particle
train/pd/62775a242ec5e1ea_w08.png,62775a242ec5e1ea,8,Lab,Particle
train/pd/62775a242ec5e1ea_w09.png,62775a242ec5e1ea,9,Lab,Particle
train/pd/62775a242ec5e1ea_w15.png,62775a242ec5e1ea,15,Lab,Particle
train/pd/62775a242ec5e1ea_w21.png,62775a242ec5e1ea,21,Lab,Particle
train/pd/62775a242ec5e1ea_w22.png,62775a242ec5e1ea,22,Lab,Particle
train/pd/62775a242ec5e1ea_w26.png,62775a242ec5e1ea,26,Lab,Particle
train/pd/62a52ec1e12ae052_w00.png,62a52ec1e12ae052,0,Lab,Floating
train/pd/62a52ec1e12ae052_w10.png,62a52ec1e12ae052,10,Lab,Floating
train/pd/62a52ec1e12ae052_w11.png,62a52ec1e12ae052,11,Lab,Floating
train/pd/62a52ec1e12ae052_w22.png,62a52ec1e12ae052,22,Lab,Floating
train/pd/62a52ec1e12ae052_w24.png,62a52ec1e12ae052,24,Lab,Floating
train/pd/62a52ec1e12ae052_w25.png,62a52ec1e12ae052,25,Lab,Floating
train/pd/62a52ec1e12ae052_w26.png,62a52ec1e12ae052,26,Lab,Floating
train/pd/62a52ec1e12ae052_w27.png,62a52ec1e12ae052,27,Lab,Floating
train/pd/62d822581ed63bcc_w02.png,62d822581ed63bcc,2,Field,Void
train/pd/62d822581ed63bcc_w09.png,62d822581ed63bcc,9,Field,Void
train/pd/62d822581ed63bcc_w11.png,62d822581ed63bcc,11,Field,Void
train/pd/62d822581ed63bcc_w12.png,62d822581ed63bcc,12,Field,Void
train/pd/62d822581ed63bcc_w16.png,62d822581ed63bcc,16,Field,Void
train/pd/62d822581ed63bcc_w20.png,62d822581ed63bcc,20,Field,Void
train/pd/62d822581ed63bcc_w24.png,62d822581ed63bcc,24,Field,Void
train/pd/62d822581ed63bcc_w26.png,62d822581ed63bcc,26,Field,Void
train/pd/62ff833ff67831c1_w05.png,62ff833ff67831c1,5,Lab,Particle
train/pd/62ff833ff67831c1_w07.png,62ff833ff67831c1,7,Lab,Particle
train/pd/62ff833ff67831c1_w14.png,62ff833ff67831c1,14,Lab,Particle
train/pd/62ff833ff67831c1_w16.png,62ff833ff67831c1,16,Lab,Particle
train/pd/62ff833ff67831c1_w18.png,62ff833ff67831c1,18,Lab,Particle
train/pd/62ff833ff67831c1_w21.png,62ff833ff67831c1,21,Lab,Particle
train/pd/62ff833ff67831c1_w22.png,62ff833ff67831c1,22,Lab,Particle
train/pd/62ff833ff67831c1_w23.png,62ff833ff67831c1,23,Lab,Particle
train/pd/632c9536ad44efb5_w00.png,632c9536ad44efb5,0,Lab,Void
train/pd/632c9536ad44efb5_w05.png,632c9536ad44efb5,5,Lab,Void
train/pd/632c9536ad44efb5_w08.png,632c9536ad44efb5,8,Lab,Void
train/pd/632c9536ad44efb5_w15.png,632c9536ad44efb5,15,Lab,Void
train/pd/632c9536ad44efb5_w17.png,632c9536ad44efb5,17,Lab,Void
train/pd/632c9536ad44efb5_w21.png,632c9536ad44efb5,21,Lab,Void
train/pd/632c9536ad44efb5_w23.png,632c9536ad44efb5,23,Lab,Void
train/pd/632c9536ad44efb5_w26.png,632c9536ad44efb5,26,Lab,Void
train/pd/63385eaf348ff920_w01.png,63385eaf348ff920,1,Lab,Void
train/pd/63385eaf348ff920_w03.png,63385eaf348ff920,3,Lab,Void
train/pd/63385eaf348ff920_w06.png,63385eaf348ff920,6,Lab,Void
train/pd/63385eaf348ff920_w11.png,63385eaf348ff920,11,Lab,Void
train/pd/63385eaf348ff920_w16.png,63385eaf348ff920,16,Lab,Void
train/pd/63385eaf348ff920_w19.png,63385eaf348ff920,19,Lab,Void
train/pd/63385eaf348ff920_w21.png,63385eaf348ff920,21,Lab,Void
train/pd/63385eaf348ff920_w27.png,63385eaf348ff920,27,Lab,Void
train/pd/633f73c4b9ddcf4d_w00.png,633f73c4b9ddcf4d,0,Lab,Void
train/pd/633f73c4b9ddcf4d_w04.png,633f73c4b9ddcf4d,4,Lab,Void
train/pd/633f73c4b9ddcf4d_w09.png,633f73c4b9ddcf4d,9,Lab,Void
train/pd/633f73c4b9ddcf4d_w10.png,633f73c4b9ddcf4d,10,Lab,Void
train/pd/633f73c4b9ddcf4d_w11.png,633f73c4b9ddcf4d,11,Lab,Void
train/pd/633f73c4b9ddcf4d_w24.png,633f73c4b9ddcf4d,24,Lab,Void
train/pd/633f73c4b9ddcf4d_w25.png,633f73c4b9ddcf4d,25,Lab,Void
train/pd/633f73c4b9ddcf4d_w26.png,633f73c4b9ddcf4d,26,Lab,Void
train/pd/635af96f49975d66_w03.png,635af96f49975d66,3,Lab,Corona
train/pd/635af96f49975d66_w04.png,635af96f49975d66,4,Lab,Corona
train/pd/635af96f49975d66_w09.png,635af96f49975d66,9,Lab,Corona
train/pd/635af96f49975d66_w11.png,635af96f49975d66,11,Lab,Corona
train/pd/635af96f49975d66_w16.png,635af96f49975d66,16,Lab,Corona
train/pd/635af96f49975d66_w17.png,635af96f49975d66,17,Lab,Corona
train/pd/635af96f49975d66_w19.png,635af96f49975d66,19,Lab,Corona
train/pd/635af96f49975d66_w21.png,635af96f49975d66,21,Lab,Corona
train/pd/636f671d18b1f0cd_w03.png,636f671d18b1f0cd,3,Lab,Void
train/pd/636f671d18b1f0cd_w06.png,636f671d18b1f0cd,6,Lab,Void
train/pd/636f671d18b1f0cd_w07.png,636f671d18b1f0cd,7,Lab,Void
train/pd/636f671d18b1f0cd_w08.png,636f671d18b1f0cd,8,Lab,Void
train/pd/636f671d18b1f0cd_w17.png,636f671d18b1f0cd,17,Lab,Void
train/pd/636f671d18b1f0cd_w18.png,636f671d18b1f0cd,18,Lab,Void
train/pd/636f671d18b1f0cd_w20.png,636f671d18b1f0cd,20,Lab,Void
train/pd/636f671d18b1f0cd_w27.png,636f671d18b1f0cd,27,Lab,Void
train/pd/63a321af72fb2d3e_w02.png,63a321af72fb2d3e,2,Lab,Corona
train/pd/63a321af72fb2d3e_w07.png,63a321af72fb2d3e,7,Lab,Corona
train/pd/63a321af72fb2d3e_w12.png,63a321af72fb2d3e,12,Lab,Corona
train/pd/63a321af72fb2d3e_w14.png,63a321af72fb2d3e,14,Lab,Corona
train/pd/63a321af72fb2d3e_w15.png,63a321af72fb2d3e,15,Lab,Corona
train/pd/63a321af72fb2d3e_w22.png,63a321af72fb2d3e,22,Lab,Corona
train/pd/63a321af72fb2d3e_w25.png,63a321af72fb2d3e,25,Lab,Corona
train/pd/63a321af72fb2d3e_w26.png,63a321af72fb2d3e,26,Lab,Corona
train/pd/63c279c38f1b5e06_w08.png,63c279c38f1b5e06,8,Field,Void
train/pd/63c279c38f1b5e06_w10.png,63c279c38f1b5e06,10,Field,Void
train/pd/63c279c38f1b5e06_w11.png,63c279c38f1b5e06,11,Field,Void
train/pd/63c279c38f1b5e06_w13.png,63c279c38f1b5e06,13,Field,Void
train/pd/63c279c38f1b5e06_w18.png,63c279c38f1b5e06,18,Field,Void
train/pd/63c279c38f1b5e06_w19.png,63c279c38f1b5e06,19,Field,Void
train/pd/63c279c38f1b5e06_w20.png,63c279c38f1b5e06,20,Field,Void
train/pd/63c279c38f1b5e06_w27.png,63c279c38f1b5e06,27,Field,Void
train/pd/63de64812343db96_w03.png,63de64812343db96,3,Lab,Particle
train/pd/63de64812343db96_w06.png,63de64812343db96,6,Lab,Particle
train/pd/63de64812343db96_w09.png,63de64812343db96,9,Lab,Particle
train/pd/63de64812343db96_w16.png,63de64812343db96,16,Lab,Particle
train/pd/63de64812343db96_w17.png,63de64812343db96,17,Lab,Particle
train/pd/63de64812343db96_w20.png,63de64812343db96,20,Lab,Particle
train/pd/63de64812343db96_w25.png,63de64812343db96,25,Lab,Particle
train/pd/63de64812343db96_w27.png,63de64812343db96,27,Lab,Particle
train/pd/63efded6d1cb95d8_w00.png,63efded6d1cb95d8,0,Lab,Particle
train/pd/63efded6d1cb95d8_w01.png,63efded6d1cb95d8,1,Lab,Particle
train/pd/63efded6d1cb95d8_w02.png,63efded6d1cb95d8,2,Lab,Particle
train/pd/63efded6d1cb95d8_w03.png,63efded6d1cb95d8,3,Lab,Particle
train/pd/63efded6d1cb95d8_w05.png,63efded6d1cb95d8,5,Lab,Particle
train/pd/63efded6d1cb95d8_w19.png,63efded6d1cb95d8,19,Lab,Particle
train/pd/63efded6d1cb95d8_w22.png,63efded6d1cb95d8,22,Lab,Particle
train/pd/63efded6d1cb95d8_w26.png,63efded6d1cb95d8,26,Lab,Particle
train/pd/6400fdcf3f7f621f_w02.png,6400fdcf3f7f621f,2,Lab,Void
train/pd/6400fdcf3f7f621f_w03.png,6400fdcf3f7f621f,3,Lab,Void
train/pd/6400fdcf3f7f621f_w18.png,6400fdcf3f7f621f,18,Lab,Void
train/pd/6400fdcf3f7f621f_w19.png,6400fdcf3f7f621f,19,Lab,Void
train/pd/6400fdcf3f7f621f_w22.png,6400fdcf3f7f621f,22,Lab,Void
train/pd/6400fdcf3f7f621f_w23.png,6400fdcf3f7f621f,23,Lab,Void
train/pd/6400fdcf3f7f621f_w24.png,6400fdcf3f7f621f,24,Lab,Void
train/pd/6400fdcf3f7f621f_w26.png,6400fdcf3f7f621f,26,Lab,Void
train/pd/641de3880c80389e_w01.png,641de3880c80389e,1,Field,Void
train/pd/641de3880c80389e_w06.png,641de3880c80389e,6,Field,Void
train/pd/641de3880c80389e_w09.png,641de3880c80389e,9,Field,Void
train/pd/641de3880c80389e_w10.png,641de3880c80389e,10,Field,Void
train/pd/641de3880c80389e_w20.png,641de3880c80389e,20,Field,Void
train/pd/641de3880c80389e_w24.png,641de3880c80389e,24,Field,Void
train/pd/641de3880c80389e_w25.png,641de3880c80389e,25,Field,Void
train/pd/641de3880c80389e_w27.png,641de3880c80389e,27,Field,Void
train/pd/6420becda9109455_w01.png,6420becda9109455,1,Lab,Void
train/pd/6420becda9109455_w03.png,6420becda9109455,3,Lab,Void
train/pd/6420becda9109455_w06.png,6420becda9109455,6,Lab,Void
train/pd/6420becda9109455_w14.png,6420becda9109455,14,Lab,Void
train/pd/6420becda9109455_w15.png,6420becda9109455,15,Lab,Void
train/pd/6420becda9109455_w17.png,6420becda9109455,17,Lab,Void
train/pd/6420becda9109455_w21.png,6420becda9109455,21,Lab,Void
train/pd/6420becda9109455_w23.png,6420becda9109455,23,Lab,Void
train/pd/643765f89e64851c_w01.png,643765f89e64851c,1,Lab,Corona
train/pd/643765f89e64851c_w03.png,643765f89e64851c,3,Lab,Corona
train/pd/643765f89e64851c_w11.png,643765f89e64851c,11,Lab,Corona
train/pd/643765f89e64851c_w13.png,643765f89e64851c,13,Lab,Corona
train/pd/643765f89e64851c_w19.png,643765f89e64851c,19,Lab,Corona
train/pd/643765f89e64851c_w21.png,643765f89e64851c,21,Lab,Corona
train/pd/643765f89e64851c_w23.png,643765f89e64851c,23,Lab,Corona
train/pd/643765f89e64851c_w26.png,643765f89e64851c,26,Lab,Corona
train/pd/644eccbfa4ed335b_w01.png,644eccbfa4ed335b,1,Field,Void
train/pd/644eccbfa4ed335b_w02.png,644eccbfa4ed335b,2,Field,Void
train/pd/644eccbfa4ed335b_w04.png,644eccbfa4ed335b,4,Field,Void
train/pd/644eccbfa4ed335b_w08.png,644eccbfa4ed335b,8,Field,Void
train/pd/644eccbfa4ed335b_w22.png,644eccbfa4ed335b,22,Field,Void
train/pd/644eccbfa4ed335b_w24.png,644eccbfa4ed335b,24,Field,Void
train/pd/644eccbfa4ed335b_w25.png,644eccbfa4ed335b,25,Field,Void
train/pd/644eccbfa4ed335b_w26.png,644eccbfa4ed335b,26,Field,Void
train/pd/645d093b1d170e72_w02.png,645d093b1d170e72,2,Lab,Void
train/pd/645d093b1d170e72_w07.png,645d093b1d170e72,7,Lab,Void
train/pd/645d093b1d170e72_w09.png,645d093b1d170e72,9,Lab,Void
train/pd/645d093b1d170e72_w15.png,645d093b1d170e72,15,Lab,Void
train/pd/645d093b1d170e72_w16.png,645d093b1d170e72,16,Lab,Void
train/pd/645d093b1d170e72_w17.png,645d093b1d170e72,17,Lab,Void
train/pd/645d093b1d170e72_w19.png,645d093b1d170e72,19,Lab,Void
train/pd/645d093b1d170e72_w21.png,645d093b1d170e72,21,Lab,Void
train/pd/64b9cd156a8f2ea3_w00.png,64b9cd156a8f2ea3,0,Lab,Particle
train/pd/64b9cd156a8f2ea3_w02.png,64b9cd156a8f2ea3,2,Lab,Particle
train/pd/64b9cd156a8f2ea3_w06.png,64b9cd156a8f2ea3,6,Lab,Particle
train/pd/64b9cd156a8f2ea3_w08.png,64b9cd156a8f2ea3,8,Lab,Particle
train/pd/64b9cd156a8f2ea3_w14.png,64b9cd156a8f2ea3,14,Lab,Particle
train/pd/64b9cd156a8f2ea3_w24.png,64b9cd156a8f2ea3,24,Lab,Particle
train/pd/64b9cd156a8f2ea3_w25.png,64b9cd156a8f2ea3,25,Lab,Particle
train/pd/64b9cd156a8f2ea3_w26.png,64b9cd156a8f2ea3,26,Lab,Particle
train/pd/65097aea25ff678f_w05.png,65097aea25ff678f,5,Lab,Void
train/pd/65097aea25ff678f_w07.png,65097aea25ff678f,7,Lab,Void
train/pd/65097aea25ff678f_w11.png,65097aea25ff678f,11,Lab,Void
train/pd/65097aea25ff678f_w14.png,65097aea25ff678f,14,Lab,Void
train/pd/65097aea25ff678f_w17.png,65097aea25ff678f,17,Lab,Void
train/pd/65097aea25ff678f_w20.png,65097aea25ff678f,20,Lab,Void
train/pd/65097aea25ff678f_w23.png,65097aea25ff678f,23,Lab,Void
train/pd/65097aea25ff678f_w24.png,65097aea25ff678f,24,Lab,Void
train/pd/6510a55bb5d73912_w02.png,6510a55bb5d73912,2,Lab,Void
train/pd/6510a55bb5d73912_w03.png,6510a55bb5d73912,3,Lab,Void
train/pd/6510a55bb5d73912_w04.png,6510a55bb5d73912,4,Lab,Void
train/pd/6510a55bb5d73912_w08.png,6510a55bb5d73912,8,Lab,Void
train/pd/6510a55bb5d73912_w09.png,6510a55bb5d73912,9,Lab,Void
train/pd/6510a55bb5d73912_w15.png,6510a55bb5d73912,15,Lab,Void
train/pd/6510a55bb5d73912_w19.png,6510a55bb5d73912,19,Lab,Void
train/pd/6510a55bb5d73912_w22.png,6510a55bb5d73912,22,Lab,Void
train/pd/6516e0fed01f6611_w06.png,6516e0fed01f6611,6,Lab,Void
train/pd/6516e0fed01f6611_w09.png,6516e0fed01f6611,9,Lab,Void
train/pd/6516e0fed01f6611_w10.png,6516e0fed01f6611,10,Lab,Void
train/pd/6516e0fed01f6611_w11.png,6516e0fed01f6611,11,Lab,Void
train/pd/6516e0fed01f6611_w23.png,6516e0fed01f6611,23,Lab,Void
train/pd/6516e0fed01f6611_w24.png,6516e0fed01f6611,24,Lab,Void
train/pd/6516e0fed01f6611_w25.png,6516e0fed01f6611,25,Lab,Void
train/pd/6516e0fed01f6611_w27.png,6516e0fed01f6611,27,Lab,Void
train/pd/657131c39c55c7cd_w01.png,657131c39c55c7cd,1,Lab,Particle
train/pd/657131c39c55c7cd_w10.png,657131c39c55c7cd,10,Lab,Particle
train/pd/657131c39c55c7cd_w13.png,657131c39c55c7cd,13,Lab,Particle
train/pd/657131c39c55c7cd_w15.png,657131c39c55c7cd,15,Lab,Particle
train/pd/657131c39c55c7cd_w16.png,657131c39c55c7cd,16,Lab,Particle
train/pd/657131c39c55c7cd_w21.png,657131c39c55c7cd,21,Lab,Particle
train/pd/657131c39c55c7cd_w22.png,657131c39c55c7cd,22,Lab,Particle
train/pd/657131c39c55c7cd_w24.png,657131c39c55c7cd,24,Lab,Particle
train/pd/65f3560134e8d38f_w01.png,65f3560134e8d38f,1,Lab,Floating
train/pd/65f3560134e8d38f_w03.png,65f3560134e8d38f,3,Lab,Floating
train/pd/65f3560134e8d38f_w04.png,65f3560134e8d38f,4,Lab,Floating
train/pd/65f3560134e8d38f_w05.png,65f3560134e8d38f,5,Lab,Floating
train/pd/65f3560134e8d38f_w13.png,65f3560134e8d38f,13,Lab,Floating
train/pd/65f3560134e8d38f_w17.png,65f3560134e8d38f,17,Lab,Floating
train/pd/65f3560134e8d38f_w18.png,65f3560134e8d38f,18,Lab,Floating
train/pd/65f3560134e8d38f_w20.png,65f3560134e8d38f,20,Lab,Floating
train/pd/66044d4de90885ad_w05.png,66044d4de90885ad,5,Lab,Floating
train/pd/66044d4de90885ad_w06.png,66044d4de90885ad,6,Lab,Floating
train/pd/66044d4de90885ad_w07.png,66044d4de90885ad,7,Lab,Floating
train/pd/66044d4de90885ad_w09.png,66044d4de90885ad,9,Lab,Floating
train/pd/66044d4de90885ad_w17.png,66044d4de90885ad,17,Lab,Floating
train/pd/66044d4de90885ad_w19.png,66044d4de90885ad,19,Lab,Floating
train/pd/66044d4de90885ad_w20.png,66044d4de90885ad,20,Lab,Floating
train/pd/66044d4de90885ad_w26.png,66044d4de90885ad,26,Lab,Floating
train/pd/66245ccd58b40c92_w00.png,66245ccd58b40c92,0,Field,Void
train/pd/66245ccd58b40c92_w06.png,66245ccd58b40c92,6,Field,Void
train/pd/66245ccd58b40c92_w11.png,66245ccd58b40c92,11,Field,Void
train/pd/66245ccd58b40c92_w16.png,66245ccd58b40c92,16,Field,Void
train/pd/66245ccd58b40c92_w17.png,66245ccd58b40c92,17,Field,Void
train/pd/66245ccd58b40c92_w20.png,66245ccd58b40c92,20,Field,Void
train/pd/66245ccd58b40c92_w23.png,66245ccd58b40c92,23,Field,Void
train/pd/66245ccd58b40c92_w26.png,66245ccd58b40c92,26,Field,Void
train/pd/664c801b1fcf57e1_w07.png,664c801b1fcf57e1,7,Lab,Corona
train/pd/664c801b1fcf57e1_w10.png,664c801b1fcf57e1,10,Lab,Corona
train/pd/664c801b1fcf57e1_w11.png,664c801b1fcf57e1,11,Lab,Corona
train/pd/664c801b1fcf57e1_w17.png,664c801b1fcf57e1,17,Lab,Corona
train/pd/664c801b1fcf57e1_w18.png,664c801b1fcf57e1,18,Lab,Corona
train/pd/664c801b1fcf57e1_w23.png,664c801b1fcf57e1,23,Lab,Corona
train/pd/664c801b1fcf57e1_w25.png,664c801b1fcf57e1,25,Lab,Corona
train/pd/664c801b1fcf57e1_w27.png,664c801b1fcf57e1,27,Lab,Corona
train/pd/6671840401609084_w03.png,6671840401609084,3,Lab,Corona
train/pd/6671840401609084_w07.png,6671840401609084,7,Lab,Corona
train/pd/6671840401609084_w13.png,6671840401609084,13,Lab,Corona
train/pd/6671840401609084_w17.png,6671840401609084,17,Lab,Corona
train/pd/6671840401609084_w18.png,6671840401609084,18,Lab,Corona
train/pd/6671840401609084_w20.png,6671840401609084,20,Lab,Corona
train/pd/6671840401609084_w21.png,6671840401609084,21,Lab,Corona
train/pd/6671840401609084_w22.png,6671840401609084,22,Lab,Corona
train/pd/66b6092f3ad2b4a8_w00.png,66b6092f3ad2b4a8,0,Field,Corona
train/pd/66b6092f3ad2b4a8_w04.png,66b6092f3ad2b4a8,4,Field,Corona
train/pd/66b6092f3ad2b4a8_w05.png,66b6092f3ad2b4a8,5,Field,Corona
train/pd/66b6092f3ad2b4a8_w07.png,66b6092f3ad2b4a8,7,Field,Corona
train/pd/66b6092f3ad2b4a8_w09.png,66b6092f3ad2b4a8,9,Field,Corona
train/pd/66b6092f3ad2b4a8_w10.png,66b6092f3ad2b4a8,10,Field,Corona
train/pd/66b6092f3ad2b4a8_w21.png,66b6092f3ad2b4a8,21,Field,Corona
train/pd/66b6092f3ad2b4a8_w25.png,66b6092f3ad2b4a8,25,Field,Corona
train/pd/66e18192275e3a33_w05.png,66e18192275e3a33,5,Lab,Void
train/pd/66e18192275e3a33_w09.png,66e18192275e3a33,9,Lab,Void
train/pd/66e18192275e3a33_w10.png,66e18192275e3a33,10,Lab,Void
train/pd/66e18192275e3a33_w12.png,66e18192275e3a33,12,Lab,Void
train/pd/66e18192275e3a33_w16.png,66e18192275e3a33,16,Lab,Void
train/pd/66e18192275e3a33_w24.png,66e18192275e3a33,24,Lab,Void
train/pd/66e18192275e3a33_w26.png,66e18192275e3a33,26,Lab,Void
train/pd/66e18192275e3a33_w27.png,66e18192275e3a33,27,Lab,Void
train/pd/66f0d60386ab80ad_w00.png,66f0d60386ab80ad,0,Lab,Floating
train/pd/66f0d60386ab80ad_w09.png,66f0d60386ab80ad,9,Lab,Floating
train/pd/66f0d60386ab80ad_w10.png,66f0d60386ab80ad,10,Lab,Floating
train/pd/66f0d60386ab80ad_w13.png,66f0d60386ab80ad,13,Lab,Floating
train/pd/66f0d60386ab80ad_w19.png,66f0d60386ab80ad,19,Lab,Floating
train/pd/66f0d60386ab80ad_w21.png,66f0d60386ab80ad,21,Lab,Floating
train/pd/66f0d60386ab80ad_w23.png,66f0d60386ab80ad,23,Lab,Floating
train/pd/66f0d60386ab80ad_w24.png,66f0d60386ab80ad,24,Lab,Floating
train/pd/670bc7196b90d697_w00.png,670bc7196b90d697,0,Lab,Floating
train/pd/670bc7196b90d697_w01.png,670bc7196b90d697,1,Lab,Floating
train/pd/670bc7196b90d697_w02.png,670bc7196b90d697,2,Lab,Floating
train/pd/670bc7196b90d697_w03.png,670bc7196b90d697,3,Lab,Floating
train/pd/670bc7196b90d697_w09.png,670bc7196b90d697,9,Lab,Floating
train/pd/670bc7196b90d697_w12.png,670bc7196b90d697,12,Lab,Floating
train/pd/670bc7196b90d697_w14.png,670bc7196b90d697,14,Lab,Floating
train/pd/670bc7196b90d697_w17.png,670bc7196b90d697,17,Lab,Floating
train/pd/6736392c38530f5d_w00.png,6736392c38530f5d,0,Lab,Void
train/pd/6736392c38530f5d_w04.png,6736392c38530f5d,4,Lab,Void
train/pd/6736392c38530f5d_w06.png,6736392c38530f5d,6,Lab,Void
train/pd/6736392c38530f5d_w13.png,6736392c38530f5d,13,Lab,Void
train/pd/6736392c38530f5d_w15.png,6736392c38530f5d,15,Lab,Void
train/pd/6736392c38530f5d_w23.png,6736392c38530f5d,23,Lab,Void
train/pd/6736392c38530f5d_w26.png,6736392c38530f5d,26,Lab,Void
train/pd/6736392c38530f5d_w27.png,6736392c38530f5d,27,Lab,Void
train/pd/67384c8cee6fb5d5_w02.png,67384c8cee6fb5d5,2,Lab,Particle
train/pd/67384c8cee6fb5d5_w03.png,67384c8cee6fb5d5,3,Lab,Particle
train/pd/67384c8cee6fb5d5_w06.png,67384c8cee6fb5d5,6,Lab,Particle
train/pd/67384c8cee6fb5d5_w09.png,67384c8cee6fb5d5,9,Lab,Particle
train/pd/67384c8cee6fb5d5_w15.png,67384c8cee6fb5d5,15,Lab,Particle
train/pd/67384c8cee6fb5d5_w20.png,67384c8cee6fb5d5,20,Lab,Particle
train/pd/67384c8cee6fb5d5_w22.png,67384c8cee6fb5d5,22,Lab,Particle
train/pd/67384c8cee6fb5d5_w25.png,67384c8cee6fb5d5,25,Lab,Particle
train/pd/674a87bb7585709b_w04.png,674a87bb7585709b,4,Field,Floating
train/pd/674a87bb7585709b_w06.png,674a87bb7585709b,6,Field,Floating
train/pd/674a87bb7585709b_w07.png,674a87bb7585709b,7,Field,Floating
train/pd/674a87bb7585709b_w09.png,674a87bb7585709b,9,Field,Floating
train/pd/674a87bb7585709b_w12.png,674a87bb7585709b,12,Field,Floating
train/pd/674a87bb7585709b_w13.png,674a87bb7585709b,13,Field,Floating
train/pd/674a87bb7585709b_w19.png,674a87bb7585709b,19,Field,Floating
train/pd/674a87bb7585709b_w20.png,674a87bb7585709b,20,Field,Floating
train/pd/676081d784e77ff9_w01.png,676081d784e77ff9,1,Lab,Void
train/pd/676081d784e77ff9_w10.png,676081d784e77ff9,10,Lab,Void
train/pd/676081d784e77ff9_w11.png,676081d784e77ff9,11,Lab,Void
train/pd/676081d784e77ff9_w14.png,676081d784e77ff9,14,Lab,Void
train/pd/676081d784e77ff9_w15.png,676081d784e77ff9,15,Lab,Void
train/pd/676081d784e77ff9_w20.png,676081d784e77ff9,20,Lab,Void
train/pd/676081d784e77ff9_w23.png,676081d784e77ff9,23,Lab,Void
train/pd/676081d784e77ff9_w24.png,676081d784e77ff9,24,Lab,Void
train/pd/679f047e873fe824_w02.png,679f047e873fe824,2,Lab,Floating
train/pd/679f047e873fe824_w04.png,679f047e873fe824,4,Lab,Floating
train/pd/679f047e873fe824_w09.png,679f047e873fe824,9,Lab,Floating
train/pd/679f047e873fe824_w12.png,679f047e873fe824,12,Lab,Floating
train/pd/679f047e873fe824_w21.png,679f047e873fe824,21,Lab,Floating
train/pd/679f047e873fe824_w22.png,679f047e873fe824,22,Lab,Floating
train/pd/679f047e873fe824_w23.png,679f047e873fe824,23,Lab,Floating
train/pd/679f047e873fe824_w25.png,679f047e873fe824,25,Lab,Floating
train/pd/67c9b61aac3e9187_w06.png,67c9b61aac3e9187,6,Field,Floating
train/pd/67c9b61aac3e9187_w07.png,67c9b61aac3e9187,7,Field,Floating
train/pd/67c9b61aac3e9187_w09.png,67c9b61aac3e9187,9,Field,Floating
train/pd/67c9b61aac3e9187_w10.png,67c9b61aac3e9187,10,Field,Floating
train/pd/67c9b61aac3e9187_w13.png,67c9b61aac3e9187,13,Field,Floating
train/pd/67c9b61aac3e9187_w16.png,67c9b61aac3e9187,16,Field,Floating
train/pd/67c9b61aac3e9187_w18.png,67c9b61aac3e9187,18,Field,Floating
train/pd/67c9b61aac3e9187_w26.png,67c9b61aac3e9187,26,Field,Floating
train/pd/67f73c24ad8df22e_w00.png,67f73c24ad8df22e,0,Field,Floating
train/pd/67f73c24ad8df22e_w03.png,67f73c24ad8df22e,3,Field,Floating
train/pd/67f73c24ad8df22e_w04.png,67f73c24ad8df22e,4,Field,Floating
train/pd/67f73c24ad8df22e_w06.png,67f73c24ad8df22e,6,Field,Floating
train/pd/67f73c24ad8df22e_w11.png,67f73c24ad8df22e,11,Field,Floating
train/pd/67f73c24ad8df22e_w17.png,67f73c24ad8df22e,17,Field,Floating
train/pd/67f73c24ad8df22e_w19.png,67f73c24ad8df22e,19,Field,Floating
train/pd/67f73c24ad8df22e_w25.png,67f73c24ad8df22e,25,Field,Floating
train/pd/687e2b988c3cb1f8_w05.png,687e2b988c3cb1f8,5,Lab,Particle
train/pd/687e2b988c3cb1f8_w09.png,687e2b988c3cb1f8,9,Lab,Particle
train/pd/687e2b988c3cb1f8_w11.png,687e2b988c3cb1f8,11,Lab,Particle
train/pd/687e2b988c3cb1f8_w17.png,687e2b988c3cb1f8,17,Lab,Particle
train/pd/687e2b988c3cb1f8_w22.png,687e2b988c3cb1f8,22,Lab,Particle
train/pd/687e2b988c3cb1f8_w23.png,687e2b988c3cb1f8,23,Lab,Particle
train/pd/687e2b988c3cb1f8_w25.png,687e2b988c3cb1f8,25,Lab,Particle
train/pd/687e2b988c3cb1f8_w27.png,687e2b988c3cb1f8,27,Lab,Particle
train/pd/68a8ad575a3e11fb_w01.png,68a8ad575a3e11fb,1,Field,Void
train/pd/68a8ad575a3e11fb_w02.png,68a8ad575a3e11fb,2,Field,Void
train/pd/68a8ad575a3e11fb_w10.png,68a8ad575a3e11fb,10,Field,Void
train/pd/68a8ad575a3e11fb_w11.png,68a8ad575a3e11fb,11,Field,Void
train/pd/68a8ad575a3e11fb_w13.png,68a8ad575a3e11fb,13,Field,Void
train/pd/68a8ad575a3e11fb_w15.png,68a8ad575a3e11fb,15,Field,Void
train/pd/68a8ad575a3e11fb_w21.png,68a8ad575a3e11fb,21,Field,Void
train/pd/68a8ad575a3e11fb_w23.png,68a8ad575a3e11fb,23,Field,Void
train/pd/68c8d402d2af0ef8_w02.png,68c8d402d2af0ef8,2,Lab,Void
train/pd/68c8d402d2af0ef8_w03.png,68c8d402d2af0ef8,3,Lab,Void
train/pd/68c8d402d2af0ef8_w04.png,68c8d402d2af0ef8,4,Lab,Void
train/pd/68c8d402d2af0ef8_w14.png,68c8d402d2af0ef8,14,Lab,Void
train/pd/68c8d402d2af0ef8_w15.png,68c8d402d2af0ef8,15,Lab,Void
train/pd/68c8d402d2af0ef8_w17.png,68c8d402d2af0ef8,17,Lab,Void
train/pd/68c8d402d2af0ef8_w19.png,68c8d402d2af0ef8,19,Lab,Void
train/pd/68c8d402d2af0ef8_w27.png,68c8d402d2af0ef8,27,Lab,Void
train/pd/68e8c5eb8c85e4c3_w00.png,68e8c5eb8c85e4c3,0,Lab,Void
train/pd/68e8c5eb8c85e4c3_w06.png,68e8c5eb8c85e4c3,6,Lab,Void
train/pd/68e8c5eb8c85e4c3_w07.png,68e8c5eb8c85e4c3,7,Lab,Void
train/pd/68e8c5eb8c85e4c3_w15.png,68e8c5eb8c85e4c3,15,Lab,Void
train/pd/68e8c5eb8c85e4c3_w19.png,68e8c5eb8c85e4c3,19,Lab,Void
train/pd/68e8c5eb8c85e4c3_w23.png,68e8c5eb8c85e4c3,23,Lab,Void
train/pd/68e8c5eb8c85e4c3_w24.png,68e8c5eb8c85e4c3,24,Lab,Void
train/pd/68e8c5eb8c85e4c3_w26.png,68e8c5eb8c85e4c3,26,Lab,Void
train/pd/68e996d4c9cbfea4_w00.png,68e996d4c9cbfea4,0,Lab,Particle
train/pd/68e996d4c9cbfea4_w05.png,68e996d4c9cbfea4,5,Lab,Particle
train/pd/68e996d4c9cbfea4_w07.png,68e996d4c9cbfea4,7,Lab,Particle
train/pd/68e996d4c9cbfea4_w10.png,68e996d4c9cbfea4,10,Lab,Particle
train/pd/68e996d4c9cbfea4_w12.png,68e996d4c9cbfea4,12,Lab,Particle
train/pd/68e996d4c9cbfea4_w18.png,68e996d4c9cbfea4,18,Lab,Particle
train/pd/68e996d4c9cbfea4_w22.png,68e996d4c9cbfea4,22,Lab,Particle
train/pd/68e996d4c9cbfea4_w25.png,68e996d4c9cbfea4,25,Lab,Particle
train/pd/69313ba3cef87848_w00.png,69313ba3cef87848,0,Lab,Floating
train/pd/69313ba3cef87848_w07.png,69313ba3cef87848,7,Lab,Floating
train/pd/69313ba3cef87848_w13.png,69313ba3cef87848,13,Lab,Floating
train/pd/69313ba3cef87848_w14.png,69313ba3cef87848,14,Lab,Floating
train/pd/69313ba3cef87848_w18.png,69313ba3cef87848,18,Lab,Floating
train/pd/69313ba3cef87848_w23.png,69313ba3cef87848,23,Lab,Floating
train/pd/69313ba3cef87848_w24.png,69313ba3cef87848,24,Lab,Floating
train/pd/69313ba3cef87848_w25.png,69313ba3cef87848,25,Lab,Floating
train/pd/694342eb147c3bf9_w00.png,694342eb147c3bf9,0,Lab,Void
train/pd/694342eb147c3bf9_w03.png,694342eb147c3bf9,3,Lab,Void
train/pd/694342eb147c3bf9_w06.png,694342eb147c3bf9,6,Lab,Void
train/pd/694342eb147c3bf9_w07.png,694342eb147c3bf9,7,Lab,Void
train/pd/694342eb147c3bf9_w08.png,694342eb147c3bf9,8,Lab,Void
train/pd/694342eb147c3bf9_w19.png,694342eb147c3bf9,19,Lab,Void
train/pd/694342eb147c3bf9_w23.png,694342eb147c3bf9,23,Lab,Void
train/pd/694342eb147c3bf9_w27.png,694342eb147c3bf9,27,Lab,Void
train/pd/694b37f1d0f42df7_w00.png,694b37f1d0f42df7,0,Field,Void
train/pd/694b37f1d0f42df7_w08.png,694b37f1d0f42df7,8,Field,Void
train/pd/694b37f1d0f42df7_w14.png,694b37f1d0f42df7,14,Field,Void
train/pd/694b37f1d0f42df7_w15.png,694b37f1d0f42df7,15,Field,Void
train/pd/694b37f1d0f42df7_w18.png,694b37f1d0f42df7,18,Field,Void
train/pd/694b37f1d0f42df7_w19.png,694b37f1d0f42df7,19,Field,Void
train/pd/694b37f1d0f42df7_w24.png,694b37f1d0f42df7,24,Field,Void
train/pd/694b37f1d0f42df7_w25.png,694b37f1d0f42df7,25,Field,Void
train/pd/695cb79c1af21c11_w00.png,695cb79c1af21c11,0,Lab,Corona
train/pd/695cb79c1af21c11_w02.png,695cb79c1af21c11,2,Lab,Corona
train/pd/695cb79c1af21c11_w05.png,695cb79c1af21c11,5,Lab,Corona
train/pd/695cb79c1af21c11_w10.png,695cb79c1af21c11,10,Lab,Corona
train/pd/695cb79c1af21c11_w12.png,695cb79c1af21c11,12,Lab,Corona
train/pd/695cb79c1af21c11_w16.png,695cb79c1af21c11,16,Lab,Corona
train/pd/695cb79c1af21c11_w21.png,695cb79c1af21c11,21,Lab,Corona
train/pd/695cb79c1af21c11_w26.png,695cb79c1af21c11,26,Lab,Corona
train/pd/69b51196d385c803_w00.png,69b51196d385c803,0,Field,Floating
train/pd/69b51196d385c803_w06.png,69b51196d385c803,6,Field,Floating
train/pd/69b51196d385c803_w08.png,69b51196d385c803,8,Field,Floating
train/pd/69b51196d385c803_w09.png,69b51196d385c803,9,Field,Floating
train/pd/69b51196d385c803_w10.png,69b51196d385c803,10,Field,Floating
train/pd/69b51196d385c803_w15.png,69b51196d385c803,15,Field,Floating
train/pd/69b51196d385c803_w17.png,69b51196d385c803,17,Field,Floating
train/pd/69b51196d385c803_w22.png,69b51196d385c803,22,Field,Floating
train/pd/69d9417cf23fca4d_w01.png,69d9417cf23fca4d,1,Field,Corona
train/pd/69d9417cf23fca4d_w03.png,69d9417cf23fca4d,3,Field,Corona
train/pd/69d9417cf23fca4d_w07.png,69d9417cf23fca4d,7,Field,Corona
train/pd/69d9417cf23fca4d_w09.png,69d9417cf23fca4d,9,Field,Corona
train/pd/69d9417cf23fca4d_w11.png,69d9417cf23fca4d,11,Field,Corona
train/pd/69d9417cf23fca4d_w19.png,69d9417cf23fca4d,19,Field,Corona
train/pd/69d9417cf23fca4d_w22.png,69d9417cf23fca4d,22,Field,Corona
train/pd/69d9417cf23fca4d_w25.png,69d9417cf23fca4d,25,Field,Corona
train/pd/69e996002e3691d4_w00.png,69e996002e3691d4,0,Lab,Corona
train/pd/69e996002e3691d4_w01.png,69e996002e3691d4,1,Lab,Corona
train/pd/69e996002e3691d4_w09.png,69e996002e3691d4,9,Lab,Corona
train/pd/69e996002e3691d4_w12.png,69e996002e3691d4,12,Lab,Corona
train/pd/69e996002e3691d4_w17.png,69e996002e3691d4,17,Lab,Corona
train/pd/69e996002e3691d4_w19.png,69e996002e3691d4,19,Lab,Corona
train/pd/69e996002e3691d4_w22.png,69e996002e3691d4,22,Lab,Corona
train/pd/69e996002e3691d4_w27.png,69e996002e3691d4,27,Lab,Corona
train/pd/6a07f8b8efaf93e6_w02.png,6a07f8b8efaf93e6,2,Lab,Void
train/pd/6a07f8b8efaf93e6_w07.png,6a07f8b8efaf93e6,7,Lab,Void
train/pd/6a07f8b8efaf93e6_w08.png,6a07f8b8efaf93e6,8,Lab,Void
train/pd/6a07f8b8efaf93e6_w17.png,6a07f8b8efaf93e6,17,Lab,Void
train/pd/6a07f8b8efaf93e6_w19.png,6a07f8b8efaf93e6,19,Lab,Void
train/pd/6a07f8b8efaf93e6_w20.png,6a07f8b8efaf93e6,20,Lab,Void
train/pd/6a07f8b8efaf93e6_w24.png,6a07f8b8efaf93e6,24,Lab,Void
train/pd/6a07f8b8efaf93e6_w26.png,6a07f8b8efaf93e6,26,Lab,Void
train/pd/6a24830979bbd972_w01.png,6a24830979bbd972,1,Lab,Void
train/pd/6a24830979bbd972_w02.png,6a24830979bbd972,2,Lab,Void
train/pd/6a24830979bbd972_w04.png,6a24830979bbd972,4,Lab,Void
train/pd/6a24830979bbd972_w08.png,6a24830979bbd972,8,Lab,Void
train/pd/6a24830979bbd972_w14.png,6a24830979bbd972,14,Lab,Void
train/pd/6a24830979bbd972_w19.png,6a24830979bbd972,19,Lab,Void
train/pd/6a24830979bbd972_w21.png,6a24830979bbd972,21,Lab,Void
train/pd/6a24830979bbd972_w23.png,6a24830979bbd972,23,Lab,Void
train/pd/6a2e164fd07191a6_w00.png,6a2e164fd07191a6,0,Lab,Particle
train/pd/6a2e164fd07191a6_w03.png,6a2e164fd07191a6,3,Lab,Particle
train/pd/6a2e164fd07191a6_w04.png,6a2e164fd07191a6,4,Lab,Particle
train/pd/6a2e164fd07191a6_w18.png,6a2e164fd07191a6,18,Lab,Particle
train/pd/6a2e164fd07191a6_w19.png,6a2e164fd07191a6,19,Lab,Particle
train/pd/6a2e164fd07191a6_w22.png,6a2e164fd07191a6,22,Lab,Particle
train/pd/6a2e164fd07191a6_w23.png,6a2e164fd07191a6,23,Lab,Particle
train/pd/6a2e164fd07191a6_w27.png,6a2e164fd07191a6,27,Lab,Particle
train/pd/6a4f1239a312f3b6_w04.png,6a4f1239a312f3b6,4,Lab,Particle
train/pd/6a4f1239a312f3b6_w09.png,6a4f1239a312f3b6,9,Lab,Particle
train/pd/6a4f1239a312f3b6_w12.png,6a4f1239a312f3b6,12,Lab,Particle
train/pd/6a4f1239a312f3b6_w16.png,6a4f1239a312f3b6,16,Lab,Particle
train/pd/6a4f1239a312f3b6_w18.png,6a4f1239a312f3b6,18,Lab,Particle
train/pd/6a4f1239a312f3b6_w21.png,6a4f1239a312f3b6,21,Lab,Particle
train/pd/6a4f1239a312f3b6_w23.png,6a4f1239a312f3b6,23,Lab,Particle
train/pd/6a4f1239a312f3b6_w25.png,6a4f1239a312f3b6,25,Lab,Particle
train/pd/6a678b481534159f_w04.png,6a678b481534159f,4,Lab,Void
train/pd/6a678b481534159f_w06.png,6a678b481534159f,6,Lab,Void
train/pd/6a678b481534159f_w08.png,6a678b481534159f,8,Lab,Void
train/pd/6a678b481534159f_w09.png,6a678b481534159f,9,Lab,Void
train/pd/6a678b481534159f_w10.png,6a678b481534159f,10,Lab,Void
train/pd/6a678b481534159f_w13.png,6a678b481534159f,13,Lab,Void
train/pd/6a678b481534159f_w21.png,6a678b481534159f,21,Lab,Void
train/pd/6a678b481534159f_w22.png,6a678b481534159f,22,Lab,Void
train/pd/6a6c58179580f64c_w06.png,6a6c58179580f64c,6,Field,Void
train/pd/6a6c58179580f64c_w09.png,6a6c58179580f64c,9,Field,Void
train/pd/6a6c58179580f64c_w12.png,6a6c58179580f64c,12,Field,Void
train/pd/6a6c58179580f64c_w15.png,6a6c58179580f64c,15,Field,Void
train/pd/6a6c58179580f64c_w18.png,6a6c58179580f64c,18,Field,Void
train/pd/6a6c58179580f64c_w21.png,6a6c58179580f64c,21,Field,Void
train/pd/6a6c58179580f64c_w22.png,6a6c58179580f64c,22,Field,Void
train/pd/6a6c58179580f64c_w27.png,6a6c58179580f64c,27,Field,Void
train/pd/6a8ec88665bccb82_w01.png,6a8ec88665bccb82,1,Lab,Floating
train/pd/6a8ec88665bccb82_w02.png,6a8ec88665bccb82,2,Lab,Floating
train/pd/6a8ec88665bccb82_w04.png,6a8ec88665bccb82,4,Lab,Floating
train/pd/6a8ec88665bccb82_w12.png,6a8ec88665bccb82,12,Lab,Floating
train/pd/6a8ec88665bccb82_w13.png,6a8ec88665bccb82,13,Lab,Floating
train/pd/6a8ec88665bccb82_w16.png,6a8ec88665bccb82,16,Lab,Floating
train/pd/6a8ec88665bccb82_w25.png,6a8ec88665bccb82,25,Lab,Floating
train/pd/6a8ec88665bccb82_w26.png,6a8ec88665bccb82,26,Lab,Floating
train/pd/6b356a7e9471f828_w01.png,6b356a7e9471f828,1,Lab,Void
train/pd/6b356a7e9471f828_w05.png,6b356a7e9471f828,5,Lab,Void
train/pd/6b356a7e9471f828_w16.png,6b356a7e9471f828,16,Lab,Void
train/pd/6b356a7e9471f828_w17.png,6b356a7e9471f828,17,Lab,Void
train/pd/6b356a7e9471f828_w18.png,6b356a7e9471f828,18,Lab,Void
train/pd/6b356a7e9471f828_w20.png,6b356a7e9471f828,20,Lab,Void
train/pd/6b356a7e9471f828_w22.png,6b356a7e9471f828,22,Lab,Void
train/pd/6b356a7e9471f828_w26.png,6b356a7e9471f828,26,Lab,Void
train/pd/6b64a9caf0dbec0b_w01.png,6b64a9caf0dbec0b,1,Lab,Void
train/pd/6b64a9caf0dbec0b_w08.png,6b64a9caf0dbec0b,8,Lab,Void
train/pd/6b64a9caf0dbec0b_w10.png,6b64a9caf0dbec0b,10,Lab,Void
train/pd/6b64a9caf0dbec0b_w13.png,6b64a9caf0dbec0b,13,Lab,Void
train/pd/6b64a9caf0dbec0b_w14.png,6b64a9caf0dbec0b,14,Lab,Void
train/pd/6b64a9caf0dbec0b_w19.png,6b64a9caf0dbec0b,19,Lab,Void
train/pd/6b64a9caf0dbec0b_w21.png,6b64a9caf0dbec0b,21,Lab,Void
train/pd/6b64a9caf0dbec0b_w22.png,6b64a9caf0dbec0b,22,Lab,Void
train/pd/6b8561aba7fa4f5a_w00.png,6b8561aba7fa4f5a,0,Lab,Corona
train/pd/6b8561aba7fa4f5a_w03.png,6b8561aba7fa4f5a,3,Lab,Corona
train/pd/6b8561aba7fa4f5a_w06.png,6b8561aba7fa4f5a,6,Lab,Corona
train/pd/6b8561aba7fa4f5a_w14.png,6b8561aba7fa4f5a,14,Lab,Corona
train/pd/6b8561aba7fa4f5a_w15.png,6b8561aba7fa4f5a,15,Lab,Corona
train/pd/6b8561aba7fa4f5a_w17.png,6b8561aba7fa4f5a,17,Lab,Corona
train/pd/6b8561aba7fa4f5a_w20.png,6b8561aba7fa4f5a,20,Lab,Corona
train/pd/6b8561aba7fa4f5a_w22.png,6b8561aba7fa4f5a,22,Lab,Corona
train/pd/6bb519f4dc5835c1_w03.png,6bb519f4dc5835c1,3,Lab,Corona
train/pd/6bb519f4dc5835c1_w07.png,6bb519f4dc5835c1,7,Lab,Corona
train/pd/6bb519f4dc5835c1_w08.png,6bb519f4dc5835c1,8,Lab,Corona
train/pd/6bb519f4dc5835c1_w12.png,6bb519f4dc5835c1,12,Lab,Corona
train/pd/6bb519f4dc5835c1_w13.png,6bb519f4dc5835c1,13,Lab,Corona
train/pd/6bb519f4dc5835c1_w15.png,6bb519f4dc5835c1,15,Lab,Corona
train/pd/6bb519f4dc5835c1_w16.png,6bb519f4dc5835c1,16,Lab,Corona
train/pd/6bb519f4dc5835c1_w25.png,6bb519f4dc5835c1,25,Lab,Corona
train/pd/6bf611bd32c49904_w05.png,6bf611bd32c49904,5,Lab,Particle
train/pd/6bf611bd32c49904_w08.png,6bf611bd32c49904,8,Lab,Particle
train/pd/6bf611bd32c49904_w11.png,6bf611bd32c49904,11,Lab,Particle
train/pd/6bf611bd32c49904_w13.png,6bf611bd32c49904,13,Lab,Particle
train/pd/6bf611bd32c49904_w14.png,6bf611bd32c49904,14,Lab,Particle
train/pd/6bf611bd32c49904_w15.png,6bf611bd32c49904,15,Lab,Particle
train/pd/6bf611bd32c49904_w26.png,6bf611bd32c49904,26,Lab,Particle
train/pd/6bf611bd32c49904_w27.png,6bf611bd32c49904,27,Lab,Particle
train/pd/6c0dfcb73b6604f2_w00.png,6c0dfcb73b6604f2,0,Lab,Particle
train/pd/6c0dfcb73b6604f2_w01.png,6c0dfcb73b6604f2,1,Lab,Particle
train/pd/6c0dfcb73b6604f2_w09.png,6c0dfcb73b6604f2,9,Lab,Particle
train/pd/6c0dfcb73b6604f2_w14.png,6c0dfcb73b6604f2,14,Lab,Particle
train/pd/6c0dfcb73b6604f2_w15.png,6c0dfcb73b6604f2,15,Lab,Particle
train/pd/6c0dfcb73b6604f2_w17.png,6c0dfcb73b6604f2,17,Lab,Particle
train/pd/6c0dfcb73b6604f2_w24.png,6c0dfcb73b6604f2,24,Lab,Particle
train/pd/6c0dfcb73b6604f2_w26.png,6c0dfcb73b6604f2,26,Lab,Particle
train/pd/6c6c8f95bc9daeaa_w02.png,6c6c8f95bc9daeaa,2,Lab,Floating
train/pd/6c6c8f95bc9daeaa_w07.png,6c6c8f95bc9daeaa,7,Lab,Floating
train/pd/6c6c8f95bc9daeaa_w11.png,6c6c8f95bc9daeaa,11,Lab,Floating
train/pd/6c6c8f95bc9daeaa_w12.png,6c6c8f95bc9daeaa,12,Lab,Floating
train/pd/6c6c8f95bc9daeaa_w15.png,6c6c8f95bc9daeaa,15,Lab,Floating
train/pd/6c6c8f95bc9daeaa_w23.png,6c6c8f95bc9daeaa,23,Lab,Floating
train/pd/6c6c8f95bc9daeaa_w24.png,6c6c8f95bc9daeaa,24,Lab,Floating
train/pd/6c6c8f95bc9daeaa_w26.png,6c6c8f95bc9daeaa,26,Lab,Floating
train/pd/6c8fa603c5f72f4b_w01.png,6c8fa603c5f72f4b,1,Lab,Void
train/pd/6c8fa603c5f72f4b_w02.png,6c8fa603c5f72f4b,2,Lab,Void
train/pd/6c8fa603c5f72f4b_w05.png,6c8fa603c5f72f4b,5,Lab,Void
train/pd/6c8fa603c5f72f4b_w07.png,6c8fa603c5f72f4b,7,Lab,Void
train/pd/6c8fa603c5f72f4b_w12.png,6c8fa603c5f72f4b,12,Lab,Void
train/pd/6c8fa603c5f72f4b_w18.png,6c8fa603c5f72f4b,18,Lab,Void
train/pd/6c8fa603c5f72f4b_w22.png,6c8fa603c5f72f4b,22,Lab,Void
train/pd/6c8fa603c5f72f4b_w24.png,6c8fa603c5f72f4b,24,Lab,Void
train/pd/6c91dcd115802089_w02.png,6c91dcd115802089,2,Lab,Corona
train/pd/6c91dcd115802089_w06.png,6c91dcd115802089,6,Lab,Corona
train/pd/6c91dcd115802089_w15.png,6c91dcd115802089,15,Lab,Corona
train/pd/6c91dcd115802089_w20.png,6c91dcd115802089,20,Lab,Corona
train/pd/6c91dcd115802089_w22.png,6c91dcd115802089,22,Lab,Corona
train/pd/6c91dcd115802089_w23.png,6c91dcd115802089,23,Lab,Corona
train/pd/6c91dcd115802089_w25.png,6c91dcd115802089,25,Lab,Corona
train/pd/6c91dcd115802089_w27.png,6c91dcd115802089,27,Lab,Corona
train/pd/6c937cffd188cc1f_w03.png,6c937cffd188cc1f,3,Field,Void
train/pd/6c937cffd188cc1f_w05.png,6c937cffd188cc1f,5,Field,Void
train/pd/6c937cffd188cc1f_w07.png,6c937cffd188cc1f,7,Field,Void
train/pd/6c937cffd188cc1f_w13.png,6c937cffd188cc1f,13,Field,Void
train/pd/6c937cffd188cc1f_w15.png,6c937cffd188cc1f,15,Field,Void
train/pd/6c937cffd188cc1f_w18.png,6c937cffd188cc1f,18,Field,Void
train/pd/6c937cffd188cc1f_w20.png,6c937cffd188cc1f,20,Field,Void
train/pd/6c937cffd188cc1f_w25.png,6c937cffd188cc1f,25,Field,Void
train/pd/6cacb59a3fa8adb9_w06.png,6cacb59a3fa8adb9,6,Field,Void
train/pd/6cacb59a3fa8adb9_w08.png,6cacb59a3fa8adb9,8,Field,Void
train/pd/6cacb59a3fa8adb9_w10.png,6cacb59a3fa8adb9,10,Field,Void
train/pd/6cacb59a3fa8adb9_w11.png,6cacb59a3fa8adb9,11,Field,Void
train/pd/6cacb59a3fa8adb9_w17.png,6cacb59a3fa8adb9,17,Field,Void
train/pd/6cacb59a3fa8adb9_w20.png,6cacb59a3fa8adb9,20,Field,Void
train/pd/6cacb59a3fa8adb9_w22.png,6cacb59a3fa8adb9,22,Field,Void
train/pd/6cacb59a3fa8adb9_w27.png,6cacb59a3fa8adb9,27,Field,Void
train/pd/6cc3edb4f150c9a2_w00.png,6cc3edb4f150c9a2,0,Lab,Void
train/pd/6cc3edb4f150c9a2_w02.png,6cc3edb4f150c9a2,2,Lab,Void
train/pd/6cc3edb4f150c9a2_w09.png,6cc3edb4f150c9a2,9,Lab,Void
train/pd/6cc3edb4f150c9a2_w13.png,6cc3edb4f150c9a2,13,Lab,Void
train/pd/6cc3edb4f150c9a2_w16.png,6cc3edb4f150c9a2,16,Lab,Void
train/pd/6cc3edb4f150c9a2_w22.png,6cc3edb4f150c9a2,22,Lab,Void
train/pd/6cc3edb4f150c9a2_w24.png,6cc3edb4f150c9a2,24,Lab,Void
train/pd/6cc3edb4f150c9a2_w27.png,6cc3edb4f150c9a2,27,Lab,Void
train/pd/6cebb17381cc5a7f_w00.png,6cebb17381cc5a7f,0,Lab,Particle
train/pd/6cebb17381cc5a7f_w01.png,6cebb17381cc5a7f,1,Lab,Particle
train/pd/6cebb17381cc5a7f_w03.png,6cebb17381cc5a7f,3,Lab,Particle
train/pd/6cebb17381cc5a7f_w07.png,6cebb17381cc5a7f,7,Lab,Particle
train/pd/6cebb17381cc5a7f_w11.png,6cebb17381cc5a7f,11,Lab,Particle
train/pd/6cebb17381cc5a7f_w13.png,6cebb17381cc5a7f,13,Lab,Particle
train/pd/6cebb17381cc5a7f_w21.png,6cebb17381cc5a7f,21,Lab,Particle
train/pd/6cebb17381cc5a7f_w22.png,6cebb17381cc5a7f,22,Lab,Particle
train/pd/6d3ec0536610592f_w00.png,6d3ec0536610592f,0,Lab,Particle
train/pd/6d3ec0536610592f_w04.png,6d3ec0536610592f,4,Lab,Particle
train/pd/6d3ec0536610592f_w07.png,6d3ec0536610592f,7,Lab,Particle
train/pd/6d3ec0536610592f_w09.png,6d3ec0536610592f,9,Lab,Particle
train/pd/6d3ec0536610592f_w12.png,6d3ec0536610592f,12,Lab,Particle
train/pd/6d3ec0536610592f_w18.png,6d3ec0536610592f,18,Lab,Particle
train/pd/6d3ec0536610592f_w21.png,6d3ec0536610592f,21,Lab,Particle
train/pd/6d3ec0536610592f_w25.png,6d3ec0536610592f,25,Lab,Particle
train/pd/6d3fd05e30f525eb_w00.png,6d3fd05e30f525eb,0,Lab,Corona
train/pd/6d3fd05e30f525eb_w03.png,6d3fd05e30f525eb,3,Lab,Corona
train/pd/6d3fd05e30f525eb_w07.png,6d3fd05e30f525eb,7,Lab,Corona
train/pd/6d3fd05e30f525eb_w16.png,6d3fd05e30f525eb,16,Lab,Corona
train/pd/6d3fd05e30f525eb_w20.png,6d3fd05e30f525eb,20,Lab,Corona
train/pd/6d3fd05e30f525eb_w21.png,6d3fd05e30f525eb,21,Lab,Corona
train/pd/6d3fd05e30f525eb_w24.png,6d3fd05e30f525eb,24,Lab,Corona
train/pd/6d3fd05e30f525eb_w27.png,6d3fd05e30f525eb,27,Lab,Corona
train/pd/6d4baf1dbe41f199_w05.png,6d4baf1dbe41f199,5,Field,Void
train/pd/6d4baf1dbe41f199_w08.png,6d4baf1dbe41f199,8,Field,Void
train/pd/6d4baf1dbe41f199_w09.png,6d4baf1dbe41f199,9,Field,Void
train/pd/6d4baf1dbe41f199_w11.png,6d4baf1dbe41f199,11,Field,Void
train/pd/6d4baf1dbe41f199_w19.png,6d4baf1dbe41f199,19,Field,Void
train/pd/6d4baf1dbe41f199_w20.png,6d4baf1dbe41f199,20,Field,Void
train/pd/6d4baf1dbe41f199_w23.png,6d4baf1dbe41f199,23,Field,Void
train/pd/6d4baf1dbe41f199_w26.png,6d4baf1dbe41f199,26,Field,Void
train/pd/6d4cf56222c552c6_w02.png,6d4cf56222c552c6,2,Lab,Floating
train/pd/6d4cf56222c552c6_w04.png,6d4cf56222c552c6,4,Lab,Floating
train/pd/6d4cf56222c552c6_w06.png,6d4cf56222c552c6,6,Lab,Floating
train/pd/6d4cf56222c552c6_w08.png,6d4cf56222c552c6,8,Lab,Floating
train/pd/6d4cf56222c552c6_w14.png,6d4cf56222c552c6,14,Lab,Floating
train/pd/6d4cf56222c552c6_w17.png,6d4cf56222c552c6,17,Lab,Floating
train/pd/6d4cf56222c552c6_w23.png,6d4cf56222c552c6,23,Lab,Floating
train/pd/6d4cf56222c552c6_w25.png,6d4cf56222c552c6,25,Lab,Floating
train/pd/6da661c53911d0f7_w01.png,6da661c53911d0f7,1,Lab,Particle
train/pd/6da661c53911d0f7_w06.png,6da661c53911d0f7,6,Lab,Particle
train/pd/6da661c53911d0f7_w08.png,6da661c53911d0f7,8,Lab,Particle
train/pd/6da661c53911d0f7_w18.png,6da661c53911d0f7,18,Lab,Particle
train/pd/6da661c53911d0f7_w19.png,6da661c53911d0f7,19,Lab,Particle
train/pd/6da661c53911d0f7_w23.png,6da661c53911d0f7,23,Lab,Particle
train/pd/6da661c53911d0f7_w26.png,6da661c53911d0f7,26,Lab,Particle
train/pd/6da661c53911d0f7_w27.png,6da661c53911d0f7,27,Lab,Particle
train/pd/6e727dc9b756f1a6_w01.png,6e727dc9b756f1a6,1,Lab,Floating
train/pd/6e727dc9b756f1a6_w02.png,6e727dc9b756f1a6,2,Lab,Floating
train/pd/6e727dc9b756f1a6_w03.png,6e727dc9b756f1a6,3,Lab,Floating
train/pd/6e727dc9b756f1a6_w05.png,6e727dc9b756f1a6,5,Lab,Floating
train/pd/6e727dc9b756f1a6_w08.png,6e727dc9b756f1a6,8,Lab,Floating
train/pd/6e727dc9b756f1a6_w09.png,6e727dc9b756f1a6,9,Lab,Floating
train/pd/6e727dc9b756f1a6_w20.png,6e727dc9b756f1a6,20,Lab,Floating
train/pd/6e727dc9b756f1a6_w24.png,6e727dc9b756f1a6,24,Lab,Floating
train/pd/6e7c043aa521bc87_w00.png,6e7c043aa521bc87,0,Field,Void
train/pd/6e7c043aa521bc87_w04.png,6e7c043aa521bc87,4,Field,Void
train/pd/6e7c043aa521bc87_w08.png,6e7c043aa521bc87,8,Field,Void
train/pd/6e7c043aa521bc87_w12.png,6e7c043aa521bc87,12,Field,Void
train/pd/6e7c043aa521bc87_w15.png,6e7c043aa521bc87,15,Field,Void
train/pd/6e7c043aa521bc87_w16.png,6e7c043aa521bc87,16,Field,Void
train/pd/6e7c043aa521bc87_w19.png,6e7c043aa521bc87,19,Field,Void
train/pd/6e7c043aa521bc87_w26.png,6e7c043aa521bc87,26,Field,Void
train/pd/6e8a1d320fc9cdc3_w02.png,6e8a1d320fc9cdc3,2,Lab,Void
train/pd/6e8a1d320fc9cdc3_w05.png,6e8a1d320fc9cdc3,5,Lab,Void
train/pd/6e8a1d320fc9cdc3_w08.png,6e8a1d320fc9cdc3,8,Lab,Void
train/pd/6e8a1d320fc9cdc3_w10.png,6e8a1d320fc9cdc3,10,Lab,Void
train/pd/6e8a1d320fc9cdc3_w13.png,6e8a1d320fc9cdc3,13,Lab,Void
train/pd/6e8a1d320fc9cdc3_w21.png,6e8a1d320fc9cdc3,21,Lab,Void
train/pd/6e8a1d320fc9cdc3_w22.png,6e8a1d320fc9cdc3,22,Lab,Void
train/pd/6e8a1d320fc9cdc3_w23.png,6e8a1d320fc9cdc3,23,Lab,Void
train/pd/6e90c5ea939d219b_w05.png,6e90c5ea939d219b,5,Field,Void
train/pd/6e90c5ea939d219b_w06.png,6e90c5ea939d219b,6,Field,Void
train/pd/6e90c5ea939d219b_w12.png,6e90c5ea939d219b,12,Field,Void
train/pd/6e90c5ea939d219b_w15.png,6e90c5ea939d219b,15,Field,Void
train/pd/6e90c5ea939d219b_w19.png,6e90c5ea939d219b,19,Field,Void
train/pd/6e90c5ea939d219b_w20.png,6e90c5ea939d219b,20,Field,Void
train/pd/6e90c5ea939d219b_w23.png,6e90c5ea939d219b,23,Field,Void
train/pd/6e90c5ea939d219b_w25.png,6e90c5ea939d219b,25,Field,Void
train/pd/6e9ac5ec57f28cfa_w00.png,6e9ac5ec57f28cfa,0,Lab,Floating
train/pd/6e9ac5ec57f28cfa_w01.png,6e9ac5ec57f28cfa,1,Lab,Floating
train/pd/6e9ac5ec57f28cfa_w02.png,6e9ac5ec57f28cfa,2,Lab,Floating
train/pd/6e9ac5ec57f28cfa_w07.png,6e9ac5ec57f28cfa,7,Lab,Floating
train/pd/6e9ac5ec57f28cfa_w13.png,6e9ac5ec57f28cfa,13,Lab,Floating
train/pd/6e9ac5ec57f28cfa_w17.png,6e9ac5ec57f28cfa,17,Lab,Floating
train/pd/6e9ac5ec57f28cfa_w19.png,6e9ac5ec57f28cfa,19,Lab,Floating
train/pd/6e9ac5ec57f28cfa_w21.png,6e9ac5ec57f28cfa,21,Lab,Floating
train/pd/6f096909ee2dbf1a_w03.png,6f096909ee2dbf1a,3,Lab,Floating
train/pd/6f096909ee2dbf1a_w05.png,6f096909ee2dbf1a,5,Lab,Floating
train/pd/6f096909ee2dbf1a_w06.png,6f096909ee2dbf1a,6,Lab,Floating
train/pd/6f096909ee2dbf1a_w07.png,6f096909ee2dbf1a,7,Lab,Floating
train/pd/6f096909ee2dbf1a_w12.png,6f096909ee2dbf1a,12,Lab,Floating
train/pd/6f096909ee2dbf1a_w18.png,6f096909ee2dbf1a,18,Lab,Floating
train/pd/6f096909ee2dbf1a_w23.png,6f096909ee2dbf1a,23,Lab,Floating
train/pd/6f096909ee2dbf1a_w24.png,6f096909ee2dbf1a,24,Lab,Floating
train/pd/6f36ae5daecc0d4f_w00.png,6f36ae5daecc0d4f,0,Field,Void
train/pd/6f36ae5daecc0d4f_w05.png,6f36ae5daecc0d4f,5,Field,Void
train/pd/6f36ae5daecc0d4f_w10.png,6f36ae5daecc0d4f,10,Field,Void
train/pd/6f36ae5daecc0d4f_w12.png,6f36ae5daecc0d4f,12,Field,Void
train/pd/6f36ae5daecc0d4f_w19.png,6f36ae5daecc0d4f,19,Field,Void
train/pd/6f36ae5daecc0d4f_w24.png,6f36ae5daecc0d4f,24,Field,Void
train/pd/6f36ae5daecc0d4f_w25.png,6f36ae5daecc0d4f,25,Field,Void
train/pd/6f36ae5daecc0d4f_w26.png,6f36ae5daecc0d4f,26,Field,Void
train/pd/6f56ff3a4497be8f_w00.png,6f56ff3a4497be8f,0,Lab,Particle
train/pd/6f56ff3a4497be8f_w01.png,6f56ff3a4497be8f,1,Lab,Particle
train/pd/6f56ff3a4497be8f_w02.png,6f56ff3a4497be8f,2,Lab,Particle
train/pd/6f56ff3a4497be8f_w03.png,6f56ff3a4497be8f,3,Lab,Particle
train/pd/6f56ff3a4497be8f_w07.png,6f56ff3a4497be8f,7,Lab,Particle
train/pd/6f56ff3a4497be8f_w08.png,6f56ff3a4497be8f,8,Lab,Particle
train/pd/6f56ff3a4497be8f_w09.png,6f56ff3a4497be8f,9,Lab,Particle
train/pd/6f56ff3a4497be8f_w26.png,6f56ff3a4497be8f,26,Lab,Particle
train/pd/6f974ac0e4cf30b1_w01.png,6f974ac0e4cf30b1,1,Lab,Floating
train/pd/6f974ac0e4cf30b1_w04.png,6f974ac0e4cf30b1,4,Lab,Floating
train/pd/6f974ac0e4cf30b1_w07.png,6f974ac0e4cf30b1,7,Lab,Floating
train/pd/6f974ac0e4cf30b1_w14.png,6f974ac0e4cf30b1,14,Lab,Floating
train/pd/6f974ac0e4cf30b1_w17.png,6f974ac0e4cf30b1,17,Lab,Floating
train/pd/6f974ac0e4cf30b1_w22.png,6f974ac0e4cf30b1,22,Lab,Floating
train/pd/6f974ac0e4cf30b1_w23.png,6f974ac0e4cf30b1,23,Lab,Floating
train/pd/6f974ac0e4cf30b1_w24.png,6f974ac0e4cf30b1,24,Lab,Floating
train/pd/6fb2e581b3afeb41_w03.png,6fb2e581b3afeb41,3,Field,Floating
train/pd/6fb2e581b3afeb41_w07.png,6fb2e581b3afeb41,7,Field,Floating
train/pd/6fb2e581b3afeb41_w08.png,6fb2e581b3afeb41,8,Field,Floating
train/pd/6fb2e581b3afeb41_w10.png,6fb2e581b3afeb41,10,Field,Floating
train/pd/6fb2e581b3afeb41_w14.png,6fb2e581b3afeb41,14,Field,Floating
train/pd/6fb2e581b3afeb41_w17.png,6fb2e581b3afeb41,17,Field,Floating
train/pd/6fb2e581b3afeb41_w20.png,6fb2e581b3afeb41,20,Field,Floating
train/pd/6fb2e581b3afeb41_w27.png,6fb2e581b3afeb41,27,Field,Floating
train/pd/6fbe6d583ab20836_w00.png,6fbe6d583ab20836,0,Field,Corona
train/pd/6fbe6d583ab20836_w01.png,6fbe6d583ab20836,1,Field,Corona
train/pd/6fbe6d583ab20836_w05.png,6fbe6d583ab20836,5,Field,Corona
train/pd/6fbe6d583ab20836_w14.png,6fbe6d583ab20836,14,Field,Corona
train/pd/6fbe6d583ab20836_w15.png,6fbe6d583ab20836,15,Field,Corona
train/pd/6fbe6d583ab20836_w17.png,6fbe6d583ab20836,17,Field,Corona
train/pd/6fbe6d583ab20836_w19.png,6fbe6d583ab20836,19,Field,Corona
train/pd/6fbe6d583ab20836_w26.png,6fbe6d583ab20836,26,Field,Corona
train/pd/6fe76db4b809e66e_w01.png,6fe76db4b809e66e,1,Lab,Floating
train/pd/6fe76db4b809e66e_w04.png,6fe76db4b809e66e,4,Lab,Floating
train/pd/6fe76db4b809e66e_w05.png,6fe76db4b809e66e,5,Lab,Floating
train/pd/6fe76db4b809e66e_w12.png,6fe76db4b809e66e,12,Lab,Floating
train/pd/6fe76db4b809e66e_w17.png,6fe76db4b809e66e,17,Lab,Floating
train/pd/6fe76db4b809e66e_w18.png,6fe76db4b809e66e,18,Lab,Floating
train/pd/6fe76db4b809e66e_w25.png,6fe76db4b809e66e,25,Lab,Floating
train/pd/6fe76db4b809e66e_w26.png,6fe76db4b809e66e,26,Lab,Floating
train/pd/70044ade1f5d47e7_w04.png,70044ade1f5d47e7,4,Lab,Void
train/pd/70044ade1f5d47e7_w05.png,70044ade1f5d47e7,5,Lab,Void
train/pd/70044ade1f5d47e7_w11.png,70044ade1f5d47e7,11,Lab,Void
train/pd/70044ade1f5d47e7_w13.png,70044ade1f5d47e7,13,Lab,Void
train/pd/70044ade1f5d47e7_w18.png,70044ade1f5d47e7,18,Lab,Void
train/pd/70044ade1f5d47e7_w23.png,70044ade1f5d47e7,23,Lab,Void
train/pd/70044ade1f5d47e7_w25.png,70044ade1f5d47e7,25,Lab,Void
train/pd/70044ade1f5d47e7_w26.png,70044ade1f5d47e7,26,Lab,Void
train/pd/700fcd501bf07a58_w01.png,700fcd501bf07a58,1,Lab,Floating
train/pd/700fcd501bf07a58_w05.png,700fcd501bf07a58,5,Lab,Floating
train/pd/700fcd501bf07a58_w10.png,700fcd501bf07a58,10,Lab,Floating
train/pd/700fcd501bf07a58_w11.png,700fcd501bf07a58,11,Lab,Floating
train/pd/700fcd501bf07a58_w13.png,700fcd501bf07a58,13,Lab,Floating
train/pd/700fcd501bf07a58_w16.png,700fcd501bf07a58,16,Lab,Floating
train/pd/700fcd501bf07a58_w20.png,700fcd501bf07a58,20,Lab,Floating
train/pd/700fcd501bf07a58_w27.png,700fcd501bf07a58,27,Lab,Floating
train/pd/703b9c9ac28cbeda_w00.png,703b9c9ac28cbeda,0,Lab,Void
train/pd/703b9c9ac28cbeda_w01.png,703b9c9ac28cbeda,1,Lab,Void
train/pd/703b9c9ac28cbeda_w08.png,703b9c9ac28cbeda,8,Lab,Void
train/pd/703b9c9ac28cbeda_w17.png,703b9c9ac28cbeda,17,Lab,Void
train/pd/703b9c9ac28cbeda_w18.png,703b9c9ac28cbeda,18,Lab,Void
train/pd/703b9c9ac28cbeda_w20.png,703b9c9ac28cbeda,20,Lab,Void
train/pd/703b9c9ac28cbeda_w23.png,703b9c9ac28cbeda,23,Lab,Void
train/pd/703b9c9ac28cbeda_w24.png,703b9c9ac28cbeda,24,Lab,Void
train/pd/70570bd18a2236a3_w01.png,70570bd18a2236a3,1,Lab,Floating
train/pd/70570bd18a2236a3_w02.png,70570bd18a2236a3,2,Lab,Floating
train/pd/70570bd18a2236a3_w04.png,70570bd18a2236a3,4,Lab,Floating
train/pd/70570bd18a2236a3_w09.png,70570bd18a2236a3,9,Lab,Floating
train/pd/70570bd18a2236a3_w15.png,70570bd18a2236a3,15,Lab,Floating
train/pd/70570bd18a2236a3_w21.png,70570bd18a2236a3,21,Lab,Floating
train/pd/70570bd18a2236a3_w23.png,70570bd18a2236a3,23,Lab,Floating
train/pd/70570bd18a2236a3_w25.png,70570bd18a2236a3,25,Lab,Floating
train/pd/705a975c1b33dc2b_w04.png,705a975c1b33dc2b,4,Field,Floating
train/pd/705a975c1b33dc2b_w05.png,705a975c1b33dc2b,5,Field,Floating
train/pd/705a975c1b33dc2b_w07.png,705a975c1b33dc2b,7,Field,Floating
train/pd/705a975c1b33dc2b_w08.png,705a975c1b33dc2b,8,Field,Floating
train/pd/705a975c1b33dc2b_w09.png,705a975c1b33dc2b,9,Field,Floating
train/pd/705a975c1b33dc2b_w15.png,705a975c1b33dc2b,15,Field,Floating
train/pd/705a975c1b33dc2b_w19.png,705a975c1b33dc2b,19,Field,Floating
train/pd/705a975c1b33dc2b_w27.png,705a975c1b33dc2b,27,Field,Floating
train/pd/706ac2f745be8ec2_w05.png,706ac2f745be8ec2,5,Lab,Void
train/pd/706ac2f745be8ec2_w07.png,706ac2f745be8ec2,7,Lab,Void
train/pd/706ac2f745be8ec2_w11.png,706ac2f745be8ec2,11,Lab,Void
train/pd/706ac2f745be8ec2_w13.png,706ac2f745be8ec2,13,Lab,Void
train/pd/706ac2f745be8ec2_w16.png,706ac2f745be8ec2,16,Lab,Void
train/pd/706ac2f745be8ec2_w21.png,706ac2f745be8ec2,21,Lab,Void
train/pd/706ac2f745be8ec2_w24.png,706ac2f745be8ec2,24,Lab,Void
train/pd/706ac2f745be8ec2_w25.png,706ac2f745be8ec2,25,Lab,Void
train/pd/708b5b18732cb766_w04.png,708b5b18732cb766,4,Lab,Particle
train/pd/708b5b18732cb766_w07.png,708b5b18732cb766,7,Lab,Particle
train/pd/708b5b18732cb766_w11.png,708b5b18732cb766,11,Lab,Particle
train/pd/708b5b18732cb766_w14.png,708b5b18732cb766,14,Lab,Particle
train/pd/708b5b18732cb766_w21.png,708b5b18732cb766,21,Lab,Particle
train/pd/708b5b18732cb766_w22.png,708b5b18732cb766,22,Lab,Particle
train/pd/708b5b18732cb766_w26.png,708b5b18732cb766,26,Lab,Particle
train/pd/708b5b18732cb766_w27.png,708b5b18732cb766,27,Lab,Particle
train/pd/709d769d7e357359_w04.png,709d769d7e357359,4,Lab,Floating
train/pd/709d769d7e357359_w05.png,709d769d7e357359,5,Lab,Floating
train/pd/709d769d7e357359_w10.png,709d769d7e357359,10,Lab,Floating
train/pd/709d769d7e357359_w11.png,709d769d7e357359,11,Lab,Floating
train/pd/709d769d7e357359_w12.png,709d769d7e357359,12,Lab,Floating
train/pd/709d769d7e357359_w19.png,709d769d7e357359,19,Lab,Floating
train/pd/709d769d7e357359_w26.png,709d769d7e357359,26,Lab,Floating
train/pd/709d769d7e357359_w27.png,709d769d7e357359,27,Lab,Floating
train/pd/70d04df5befb841c_w00.png,70d04df5befb841c,0,Field,Void
train/pd/70d04df5befb841c_w03.png,70d04df5befb841c,3,Field,Void
train/pd/70d04df5befb841c_w11.png,70d04df5befb841c,11,Field,Void
train/pd/70d04df5befb841c_w17.png,70d04df5befb841c,17,Field,Void
train/pd/70d04df5befb841c_w19.png,70d04df5befb841c,19,Field,Void
train/pd/70d04df5befb841c_w21.png,70d04df5befb841c,21,Field,Void
train/pd/70d04df5befb841c_w24.png,70d04df5befb841c,24,Field,Void
train/pd/70d04df5befb841c_w27.png,70d04df5befb841c,27,Field,Void
train/pd/70de5e7530220069_w00.png,70de5e7530220069,0,Lab,Floating
train/pd/70de5e7530220069_w10.png,70de5e7530220069,10,Lab,Floating
train/pd/70de5e7530220069_w11.png,70de5e7530220069,11,Lab,Floating
train/pd/70de5e7530220069_w19.png,70de5e7530220069,19,Lab,Floating
train/pd/70de5e7530220069_w21.png,70de5e7530220069,21,Lab,Floating
train/pd/70de5e7530220069_w23.png,70de5e7530220069,23,Lab,Floating
train/pd/70de5e7530220069_w25.png,70de5e7530220069,25,Lab,Floating
train/pd/70de5e7530220069_w26.png,70de5e7530220069,26,Lab,Floating
train/pd/70f7d661906a98b4_w05.png,70f7d661906a98b4,5,Lab,Void
train/pd/70f7d661906a98b4_w09.png,70f7d661906a98b4,9,Lab,Void
train/pd/70f7d661906a98b4_w11.png,70f7d661906a98b4,11,Lab,Void
train/pd/70f7d661906a98b4_w20.png,70f7d661906a98b4,20,Lab,Void
train/pd/70f7d661906a98b4_w21.png,70f7d661906a98b4,21,Lab,Void
train/pd/70f7d661906a98b4_w25.png,70f7d661906a98b4,25,Lab,Void
train/pd/70f7d661906a98b4_w26.png,70f7d661906a98b4,26,Lab,Void
train/pd/70f7d661906a98b4_w27.png,70f7d661906a98b4,27,Lab,Void
train/pd/714ef4a3948ada17_w03.png,714ef4a3948ada17,3,Field,Void
train/pd/714ef4a3948ada17_w04.png,714ef4a3948ada17,4,Field,Void
train/pd/714ef4a3948ada17_w06.png,714ef4a3948ada17,6,Field,Void
train/pd/714ef4a3948ada17_w07.png,714ef4a3948ada17,7,Field,Void
train/pd/714ef4a3948ada17_w12.png,714ef4a3948ada17,12,Field,Void
train/pd/714ef4a3948ada17_w14.png,714ef4a3948ada17,14,Field,Void
train/pd/714ef4a3948ada17_w15.png,714ef4a3948ada17,15,Field,Void
train/pd/714ef4a3948ada17_w18.png,714ef4a3948ada17,18,Field,Void
train/pd/715a4e3a6dc51d10_w01.png,715a4e3a6dc51d10,1,Lab,Floating
train/pd/715a4e3a6dc51d10_w02.png,715a4e3a6dc51d10,2,Lab,Floating
train/pd/715a4e3a6dc51d10_w03.png,715a4e3a6dc51d10,3,Lab,Floating
train/pd/715a4e3a6dc51d10_w05.png,715a4e3a6dc51d10,5,Lab,Floating
train/pd/715a4e3a6dc51d10_w06.png,715a4e3a6dc51d10,6,Lab,Floating
train/pd/715a4e3a6dc51d10_w08.png,715a4e3a6dc51d10,8,Lab,Floating
train/pd/715a4e3a6dc51d10_w13.png,715a4e3a6dc51d10,13,Lab,Floating
train/pd/715a4e3a6dc51d10_w23.png,715a4e3a6dc51d10,23,Lab,Floating
train/pd/71682be62d18f0f8_w01.png,71682be62d18f0f8,1,Field,Floating
train/pd/71682be62d18f0f8_w02.png,71682be62d18f0f8,2,Field,Floating
train/pd/71682be62d18f0f8_w06.png,71682be62d18f0f8,6,Field,Floating
train/pd/71682be62d18f0f8_w07.png,71682be62d18f0f8,7,Field,Floating
train/pd/71682be62d18f0f8_w09.png,71682be62d18f0f8,9,Field,Floating
train/pd/71682be62d18f0f8_w11.png,71682be62d18f0f8,11,Field,Floating
train/pd/71682be62d18f0f8_w13.png,71682be62d18f0f8,13,Field,Floating
train/pd/71682be62d18f0f8_w19.png,71682be62d18f0f8,19,Field,Floating
train/pd/7187dd4a9ece4f3a_w00.png,7187dd4a9ece4f3a,0,Lab,Floating
train/pd/7187dd4a9ece4f3a_w02.png,7187dd4a9ece4f3a,2,Lab,Floating
train/pd/7187dd4a9ece4f3a_w06.png,7187dd4a9ece4f3a,6,Lab,Floating
train/pd/7187dd4a9ece4f3a_w09.png,7187dd4a9ece4f3a,9,Lab,Floating
train/pd/7187dd4a9ece4f3a_w12.png,7187dd4a9ece4f3a,12,Lab,Floating
train/pd/7187dd4a9ece4f3a_w23.png,7187dd4a9ece4f3a,23,Lab,Floating
train/pd/7187dd4a9ece4f3a_w24.png,7187dd4a9ece4f3a,24,Lab,Floating
train/pd/7187dd4a9ece4f3a_w25.png,7187dd4a9ece4f3a,25,Lab,Floating
train/pd/718e061455ccb2b0_w07.png,718e061455ccb2b0,7,Lab,Void
train/pd/718e061455ccb2b0_w13.png,718e061455ccb2b0,13,Lab,Void
train/pd/718e061455ccb2b0_w14.png,718e061455ccb2b0,14,Lab,Void
train/pd/718e061455ccb2b0_w17.png,718e061455ccb2b0,17,Lab,Void
train/pd/718e061455ccb2b0_w21.png,718e061455ccb2b0,21,Lab,Void
train/pd/718e061455ccb2b0_w22.png,718e061455ccb2b0,22,Lab,Void
train/pd/718e061455ccb2b0_w24.png,718e061455ccb2b0,24,Lab,Void
train/pd/718e061455ccb2b0_w27.png,718e061455ccb2b0,27,Lab,Void
train/pd/71b5c442b04d55d2_w00.png,71b5c442b04d55d2,0,Field,Corona
train/pd/71b5c442b04d55d2_w02.png,71b5c442b04d55d2,2,Field,Corona
train/pd/71b5c442b04d55d2_w06.png,71b5c442b04d55d2,6,Field,Corona
train/pd/71b5c442b04d55d2_w09.png,71b5c442b04d55d2,9,Field,Corona
train/pd/71b5c442b04d55d2_w13.png,71b5c442b04d55d2,13,Field,Corona
train/pd/71b5c442b04d55d2_w23.png,71b5c442b04d55d2,23,Field,Corona
train/pd/71b5c442b04d55d2_w26.png,71b5c442b04d55d2,26,Field,Corona
train/pd/71b5c442b04d55d2_w27.png,71b5c442b04d55d2,27,Field,Corona
train/pd/71be94e25610c0a3_w03.png,71be94e25610c0a3,3,Field,Void
train/pd/71be94e25610c0a3_w09.png,71be94e25610c0a3,9,Field,Void
train/pd/71be94e25610c0a3_w11.png,71be94e25610c0a3,11,Field,Void
train/pd/71be94e25610c0a3_w13.png,71be94e25610c0a3,13,Field,Void
train/pd/71be94e25610c0a3_w18.png,71be94e25610c0a3,18,Field,Void
train/pd/71be94e25610c0a3_w22.png,71be94e25610c0a3,22,Field,Void
train/pd/71be94e25610c0a3_w24.png,71be94e25610c0a3,24,Field,Void
train/pd/71be94e25610c0a3_w26.png,71be94e25610c0a3,26,Field,Void
train/pd/71bebb37c642fbc1_w01.png,71bebb37c642fbc1,1,Field,Void
train/pd/71bebb37c642fbc1_w02.png,71bebb37c642fbc1,2,Field,Void
train/pd/71bebb37c642fbc1_w05.png,71bebb37c642fbc1,5,Field,Void
train/pd/71bebb37c642fbc1_w15.png,71bebb37c642fbc1,15,Field,Void
train/pd/71bebb37c642fbc1_w16.png,71bebb37c642fbc1,16,Field,Void
train/pd/71bebb37c642fbc1_w18.png,71bebb37c642fbc1,18,Field,Void
train/pd/71bebb37c642fbc1_w22.png,71bebb37c642fbc1,22,Field,Void
train/pd/71bebb37c642fbc1_w26.png,71bebb37c642fbc1,26,Field,Void
train/pd/721cf53f7ba0ff8f_w01.png,721cf53f7ba0ff8f,1,Lab,Floating
train/pd/721cf53f7ba0ff8f_w04.png,721cf53f7ba0ff8f,4,Lab,Floating
train/pd/721cf53f7ba0ff8f_w07.png,721cf53f7ba0ff8f,7,Lab,Floating
train/pd/721cf53f7ba0ff8f_w08.png,721cf53f7ba0ff8f,8,Lab,Floating
train/pd/721cf53f7ba0ff8f_w11.png,721cf53f7ba0ff8f,11,Lab,Floating
train/pd/721cf53f7ba0ff8f_w17.png,721cf53f7ba0ff8f,17,Lab,Floating
train/pd/721cf53f7ba0ff8f_w18.png,721cf53f7ba0ff8f,18,Lab,Floating
train/pd/721cf53f7ba0ff8f_w21.png,721cf53f7ba0ff8f,21,Lab,Floating
train/pd/7269bccf11836e3d_w05.png,7269bccf11836e3d,5,Lab,Void
train/pd/7269bccf11836e3d_w11.png,7269bccf11836e3d,11,Lab,Void
train/pd/7269bccf11836e3d_w13.png,7269bccf11836e3d,13,Lab,Void
train/pd/7269bccf11836e3d_w21.png,7269bccf11836e3d,21,Lab,Void
train/pd/7269bccf11836e3d_w22.png,7269bccf11836e3d,22,Lab,Void
train/pd/7269bccf11836e3d_w23.png,7269bccf11836e3d,23,Lab,Void
train/pd/7269bccf11836e3d_w24.png,7269bccf11836e3d,24,Lab,Void
train/pd/7269bccf11836e3d_w25.png,7269bccf11836e3d,25,Lab,Void
train/pd/727471c16f047e02_w00.png,727471c16f047e02,0,Lab,Floating
train/pd/727471c16f047e02_w01.png,727471c16f047e02,1,Lab,Floating
train/pd/727471c16f047e02_w03.png,727471c16f047e02,3,Lab,Floating
train/pd/727471c16f047e02_w06.png,727471c16f047e02,6,Lab,Floating
train/pd/727471c16f047e02_w16.png,727471c16f047e02,16,Lab,Floating
train/pd/727471c16f047e02_w17.png,727471c16f047e02,17,Lab,Floating
train/pd/727471c16f047e02_w24.png,727471c16f047e02,24,Lab,Floating
train/pd/727471c16f047e02_w26.png,727471c16f047e02,26,Lab,Floating
train/pd/730c9ddfa17fcbc8_w00.png,730c9ddfa17fcbc8,0,Field,Corona
train/pd/730c9ddfa17fcbc8_w05.png,730c9ddfa17fcbc8,5,Field,Corona
train/pd/730c9ddfa17fcbc8_w10.png,730c9ddfa17fcbc8,10,Field,Corona
train/pd/730c9ddfa17fcbc8_w16.png,730c9ddfa17fcbc8,16,Field,Corona
train/pd/730c9ddfa17fcbc8_w18.png,730c9ddfa17fcbc8,18,Field,Corona
train/pd/730c9ddfa17fcbc8_w19.png,730c9ddfa17fcbc8,19,Field,Corona
train/pd/730c9ddfa17fcbc8_w25.png,730c9ddfa17fcbc8,25,Field,Corona
train/pd/730c9ddfa17fcbc8_w27.png,730c9ddfa17fcbc8,27,Field,Corona
train/pd/731076c47bb26f27_w03.png,731076c47bb26f27,3,Lab,Corona
train/pd/731076c47bb26f27_w09.png,731076c47bb26f27,9,Lab,Corona
train/pd/731076c47bb26f27_w10.png,731076c47bb26f27,10,Lab,Corona
train/pd/731076c47bb26f27_w13.png,731076c47bb26f27,13,Lab,Corona
train/pd/731076c47bb26f27_w16.png,731076c47bb26f27,16,Lab,Corona
train/pd/731076c47bb26f27_w22.png,731076c47bb26f27,22,Lab,Corona
train/pd/731076c47bb26f27_w24.png,731076c47bb26f27,24,Lab,Corona
train/pd/731076c47bb26f27_w27.png,731076c47bb26f27,27,Lab,Corona
train/pd/732cf09997ecc831_w06.png,732cf09997ecc831,6,Lab,Floating
train/pd/732cf09997ecc831_w13.png,732cf09997ecc831,13,Lab,Floating
train/pd/732cf09997ecc831_w14.png,732cf09997ecc831,14,Lab,Floating
train/pd/732cf09997ecc831_w15.png,732cf09997ecc831,15,Lab,Floating
train/pd/732cf09997ecc831_w16.png,732cf09997ecc831,16,Lab,Floating
train/pd/732cf09997ecc831_w23.png,732cf09997ecc831,23,Lab,Floating
train/pd/732cf09997ecc831_w24.png,732cf09997ecc831,24,Lab,Floating
train/pd/732cf09997ecc831_w25.png,732cf09997ecc831,25,Lab,Floating
train/pd/73b369d56a2f07c7_w03.png,73b369d56a2f07c7,3,Lab,Void
train/pd/73b369d56a2f07c7_w08.png,73b369d56a2f07c7,8,Lab,Void
train/pd/73b369d56a2f07c7_w11.png,73b369d56a2f07c7,11,Lab,Void
train/pd/73b369d56a2f07c7_w14.png,73b369d56a2f07c7,14,Lab,Void
train/pd/73b369d56a2f07c7_w22.png,73b369d56a2f07c7,22,Lab,Void
train/pd/73b369d56a2f07c7_w23.png,73b369d56a2f07c7,23,Lab,Void
train/pd/73b369d56a2f07c7_w25.png,73b369d56a2f07c7,25,Lab,Void
train/pd/73b369d56a2f07c7_w26.png,73b369d56a2f07c7,26,Lab,Void
train/pd/73be268004fe5eab_w00.png,73be268004fe5eab,0,Lab,Void
train/pd/73be268004fe5eab_w09.png,73be268004fe5eab,9,Lab,Void
train/pd/73be268004fe5eab_w10.png,73be268004fe5eab,10,Lab,Void
train/pd/73be268004fe5eab_w13.png,73be268004fe5eab,13,Lab,Void
train/pd/73be268004fe5eab_w14.png,73be268004fe5eab,14,Lab,Void
train/pd/73be268004fe5eab_w19.png,73be268004fe5eab,19,Lab,Void
train/pd/73be268004fe5eab_w22.png,73be268004fe5eab,22,Lab,Void
train/pd/73be268004fe5eab_w23.png,73be268004fe5eab,23,Lab,Void
train/pd/73df859484b72c70_w01.png,73df859484b72c70,1,Lab,Floating
train/pd/73df859484b72c70_w08.png,73df859484b72c70,8,Lab,Floating
train/pd/73df859484b72c70_w14.png,73df859484b72c70,14,Lab,Floating
train/pd/73df859484b72c70_w15.png,73df859484b72c70,15,Lab,Floating
train/pd/73df859484b72c70_w16.png,73df859484b72c70,16,Lab,Floating
train/pd/73df859484b72c70_w20.png,73df859484b72c70,20,Lab,Floating
train/pd/73df859484b72c70_w22.png,73df859484b72c70,22,Lab,Floating
train/pd/73df859484b72c70_w24.png,73df859484b72c70,24,Lab,Floating
train/pd/73e46064f73f9c43_w00.png,73e46064f73f9c43,0,Lab,Void
train/pd/73e46064f73f9c43_w07.png,73e46064f73f9c43,7,Lab,Void
train/pd/73e46064f73f9c43_w09.png,73e46064f73f9c43,9,Lab,Void
train/pd/73e46064f73f9c43_w10.png,73e46064f73f9c43,10,Lab,Void
train/pd/73e46064f73f9c43_w11.png,73e46064f73f9c43,11,Lab,Void
train/pd/73e46064f73f9c43_w15.png,73e46064f73f9c43,15,Lab,Void
train/pd/73e46064f73f9c43_w20.png,73e46064f73f9c43,20,Lab,Void
train/pd/73e46064f73f9c43_w21.png,73e46064f73f9c43,21,Lab,Void
train/pd/73e7d5fe32f470b4_w01.png,73e7d5fe32f470b4,1,Lab,Floating
train/pd/73e7d5fe32f470b4_w12.png,73e7d5fe32f470b4,12,Lab,Floating
train/pd/73e7d5fe32f470b4_w14.png,73e7d5fe32f470b4,14,Lab,Floating
train/pd/73e7d5fe32f470b4_w18.png,73e7d5fe32f470b4,18,Lab,Floating
train/pd/73e7d5fe32f470b4_w19.png,73e7d5fe32f470b4,19,Lab,Floating
train/pd/73e7d5fe32f470b4_w22.png,73e7d5fe32f470b4,22,Lab,Floating
train/pd/73e7d5fe32f470b4_w24.png,73e7d5fe32f470b4,24,Lab,Floating
train/pd/73e7d5fe32f470b4_w27.png,73e7d5fe32f470b4,27,Lab,Floating
train/pd/740bf4c225444dc8_w01.png,740bf4c225444dc8,1,Lab,Floating
train/pd/740bf4c225444dc8_w03.png,740bf4c225444dc8,3,Lab,Floating
train/pd/740bf4c225444dc8_w07.png,740bf4c225444dc8,7,Lab,Floating
train/pd/740bf4c225444dc8_w11.png,740bf4c225444dc8,11,Lab,Floating
train/pd/740bf4c225444dc8_w20.png,740bf4c225444dc8,20,Lab,Floating
train/pd/740bf4c225444dc8_w24.png,740bf4c225444dc8,24,Lab,Floating
train/pd/740bf4c225444dc8_w25.png,740bf4c225444dc8,25,Lab,Floating
train/pd/740bf4c225444dc8_w26.png,740bf4c225444dc8,26,Lab,Floating
train/pd/742eb4d756472472_w00.png,742eb4d756472472,0,Lab,Void
train/pd/742eb4d756472472_w08.png,742eb4d756472472,8,Lab,Void
train/pd/742eb4d756472472_w13.png,742eb4d756472472,13,Lab,Void
train/pd/742eb4d756472472_w14.png,742eb4d756472472,14,Lab,Void
train/pd/742eb4d756472472_w15.png,742eb4d756472472,15,Lab,Void
train/pd/742eb4d756472472_w19.png,742eb4d756472472,19,Lab,Void
train/pd/742eb4d756472472_w22.png,742eb4d756472472,22,Lab,Void
train/pd/742eb4d756472472_w25.png,742eb4d756472472,25,Lab,Void
train/pd/7438f8b5ee571fd8_w03.png,7438f8b5ee571fd8,3,Lab,Void
train/pd/7438f8b5ee571fd8_w13.png,7438f8b5ee571fd8,13,Lab,Void
train/pd/7438f8b5ee571fd8_w14.png,7438f8b5ee571fd8,14,Lab,Void
train/pd/7438f8b5ee571fd8_w16.png,7438f8b5ee571fd8,16,Lab,Void
train/pd/7438f8b5ee571fd8_w20.png,7438f8b5ee571fd8,20,Lab,Void
train/pd/7438f8b5ee571fd8_w24.png,7438f8b5ee571fd8,24,Lab,Void
train/pd/7438f8b5ee571fd8_w25.png,7438f8b5ee571fd8,25,Lab,Void
train/pd/7438f8b5ee571fd8_w26.png,7438f8b5ee571fd8,26,Lab,Void
train/pd/747dec083d671b06_w00.png,747dec083d671b06,0,Lab,Void
train/pd/747dec083d671b06_w01.png,747dec083d671b06,1,Lab,Void
train/pd/747dec083d671b06_w09.png,747dec083d671b06,9,Lab,Void
train/pd/747dec083d671b06_w10.png,747dec083d671b06,10,Lab,Void
train/pd/747dec083d671b06_w13.png,747dec083d671b06,13,Lab,Void
train/pd/747dec083d671b06_w19.png,747dec083d671b06,19,Lab,Void
train/pd/747dec083d671b06_w24.png,747dec083d671b06,24,Lab,Void
train/pd/747dec083d671b06_w26.png,747dec083d671b06,26,Lab,Void
train/pd/74b2065e5efc7226_w04.png,74b2065e5efc7226,4,Lab,Corona
train/pd/74b2065e5efc7226_w07.png,74b2065e5efc7226,7,Lab,Corona
train/pd/74b2065e5efc7226_w09.png,74b2065e5efc7226,9,Lab,Corona
train/pd/74b2065e5efc7226_w10.png,74b2065e5efc7226,10,Lab,Corona
train/pd/74b2065e5efc7226_w13.png,74b2065e5efc7226,13,Lab,Corona
train/pd/74b2065e5efc7226_w15.png,74b2065e5efc7226,15,Lab,Corona
train/pd/74b2065e5efc7226_w17.png,74b2065e5efc7226,17,Lab,Corona
train/pd/74b2065e5efc7226_w18.png,74b2065e5efc7226,18,Lab,Corona
train/pd/74bf3f141668e45e_w00.png,74bf3f141668e45e,0,Lab,Corona
train/pd/74bf3f141668e45e_w01.png,74bf3f141668e45e,1,Lab,Corona
train/pd/74bf3f141668e45e_w02.png,74bf3f141668e45e,2,Lab,Corona
train/pd/74bf3f141668e45e_w03.png,74bf3f141668e45e,3,Lab,Corona
train/pd/74bf3f141668e45e_w08.png,74bf3f141668e45e,8,Lab,Corona
train/pd/74bf3f141668e45e_w14.png,74bf3f141668e45e,14,Lab,Corona
train/pd/74bf3f141668e45e_w16.png,74bf3f141668e45e,16,Lab,Corona
train/pd/74bf3f141668e45e_w21.png,74bf3f141668e45e,21,Lab,Corona
train/pd/74c94aba2a4cdf58_w00.png,74c94aba2a4cdf58,0,Lab,Floating
train/pd/74c94aba2a4cdf58_w01.png,74c94aba2a4cdf58,1,Lab,Floating
train/pd/74c94aba2a4cdf58_w06.png,74c94aba2a4cdf58,6,Lab,Floating
train/pd/74c94aba2a4cdf58_w12.png,74c94aba2a4cdf58,12,Lab,Floating
train/pd/74c94aba2a4cdf58_w17.png,74c94aba2a4cdf58,17,Lab,Floating
train/pd/74c94aba2a4cdf58_w19.png,74c94aba2a4cdf58,19,Lab,Floating
train/pd/74c94aba2a4cdf58_w21.png,74c94aba2a4cdf58,21,Lab,Floating
train/pd/74c94aba2a4cdf58_w25.png,74c94aba2a4cdf58,25,Lab,Floating
train/pd/74cc49fe66c3a5a3_w01.png,74cc49fe66c3a5a3,1,Lab,Particle
train/pd/74cc49fe66c3a5a3_w02.png,74cc49fe66c3a5a3,2,Lab,Particle
train/pd/74cc49fe66c3a5a3_w03.png,74cc49fe66c3a5a3,3,Lab,Particle
train/pd/74cc49fe66c3a5a3_w17.png,74cc49fe66c3a5a3,17,Lab,Particle
train/pd/74cc49fe66c3a5a3_w19.png,74cc49fe66c3a5a3,19,Lab,Particle
train/pd/74cc49fe66c3a5a3_w22.png,74cc49fe66c3a5a3,22,Lab,Particle
train/pd/74cc49fe66c3a5a3_w23.png,74cc49fe66c3a5a3,23,Lab,Particle
train/pd/74cc49fe66c3a5a3_w27.png,74cc49fe66c3a5a3,27,Lab,Particle
train/pd/74d17bf4fbfd712d_w00.png,74d17bf4fbfd712d,0,Lab,Particle
train/pd/74d17bf4fbfd712d_w03.png,74d17bf4fbfd712d,3,Lab,Particle
train/pd/74d17bf4fbfd712d_w06.png,74d17bf4fbfd712d,6,Lab,Particle
train/pd/74d17bf4fbfd712d_w07.png,74d17bf4fbfd712d,7,Lab,Particle
train/pd/74d17bf4fbfd712d_w08.png,74d17bf4fbfd712d,8,Lab,Particle
train/pd/74d17bf4fbfd712d_w11.png,74d17bf4fbfd712d,11,Lab,Particle
train/pd/74d17bf4fbfd712d_w12.png,74d17bf4fbfd712d,12,Lab,Particle
train/pd/74d17bf4fbfd712d_w15.png,74d17bf4fbfd712d,15,Lab,Particle
train/pd/74ff19c918088ada_w03.png,74ff19c918088ada,3,Field,Floating
train/pd/74ff19c918088ada_w06.png,74ff19c918088ada,6,Field,Floating
train/pd/74ff19c918088ada_w12.png,74ff19c918088ada,12,Field,Floating
train/pd/74ff19c918088ada_w13.png,74ff19c918088ada,13,Field,Floating
train/pd/74ff19c918088ada_w18.png,74ff19c918088ada,18,Field,Floating
train/pd/74ff19c918088ada_w19.png,74ff19c918088ada,19,Field,Floating
train/pd/74ff19c918088ada_w22.png,74ff19c918088ada,22,Field,Floating
train/pd/74ff19c918088ada_w25.png,74ff19c918088ada,25,Field,Floating
train/pd/75098c2e5204b205_w01.png,75098c2e5204b205,1,Lab,Particle
train/pd/75098c2e5204b205_w03.png,75098c2e5204b205,3,Lab,Particle
train/pd/75098c2e5204b205_w08.png,75098c2e5204b205,8,Lab,Particle
train/pd/75098c2e5204b205_w15.png,75098c2e5204b205,15,Lab,Particle
train/pd/75098c2e5204b205_w19.png,75098c2e5204b205,19,Lab,Particle
train/pd/75098c2e5204b205_w22.png,75098c2e5204b205,22,Lab,Particle
train/pd/75098c2e5204b205_w23.png,75098c2e5204b205,23,Lab,Particle
train/pd/75098c2e5204b205_w25.png,75098c2e5204b205,25,Lab,Particle
train/pd/754548717a3ce53c_w05.png,754548717a3ce53c,5,Lab,Void
train/pd/754548717a3ce53c_w08.png,754548717a3ce53c,8,Lab,Void
train/pd/754548717a3ce53c_w09.png,754548717a3ce53c,9,Lab,Void
train/pd/754548717a3ce53c_w14.png,754548717a3ce53c,14,Lab,Void
train/pd/754548717a3ce53c_w16.png,754548717a3ce53c,16,Lab,Void
train/pd/754548717a3ce53c_w20.png,754548717a3ce53c,20,Lab,Void
train/pd/754548717a3ce53c_w22.png,754548717a3ce53c,22,Lab,Void
train/pd/754548717a3ce53c_w25.png,754548717a3ce53c,25,Lab,Void
train/pd/755b5261f546c898_w00.png,755b5261f546c898,0,Lab,Corona
train/pd/755b5261f546c898_w01.png,755b5261f546c898,1,Lab,Corona
train/pd/755b5261f546c898_w04.png,755b5261f546c898,4,Lab,Corona
train/pd/755b5261f546c898_w06.png,755b5261f546c898,6,Lab,Corona
train/pd/755b5261f546c898_w07.png,755b5261f546c898,7,Lab,Corona
train/pd/755b5261f546c898_w16.png,755b5261f546c898,16,Lab,Corona
train/pd/755b5261f546c898_w20.png,755b5261f546c898,20,Lab,Corona
train/pd/755b5261f546c898_w21.png,755b5261f546c898,21,Lab,Corona
train/pd/75637e2a1865d3f0_w00.png,75637e2a1865d3f0,0,Lab,Particle
train/pd/75637e2a1865d3f0_w01.png,75637e2a1865d3f0,1,Lab,Particle
train/pd/75637e2a1865d3f0_w02.png,75637e2a1865d3f0,2,Lab,Particle
train/pd/75637e2a1865d3f0_w06.png,75637e2a1865d3f0,6,Lab,Particle
train/pd/75637e2a1865d3f0_w09.png,75637e2a1865d3f0,9,Lab,Particle
train/pd/75637e2a1865d3f0_w10.png,75637e2a1865d3f0,10,Lab,Particle
train/pd/75637e2a1865d3f0_w25.png,75637e2a1865d3f0,25,Lab,Particle
train/pd/75637e2a1865d3f0_w27.png,75637e2a1865d3f0,27,Lab,Particle
train/pd/7563b18146b80bb5_w01.png,7563b18146b80bb5,1,Lab,Floating
train/pd/7563b18146b80bb5_w08.png,7563b18146b80bb5,8,Lab,Floating
train/pd/7563b18146b80bb5_w11.png,7563b18146b80bb5,11,Lab,Floating
train/pd/7563b18146b80bb5_w13.png,7563b18146b80bb5,13,Lab,Floating
train/pd/7563b18146b80bb5_w16.png,7563b18146b80bb5,16,Lab,Floating
train/pd/7563b18146b80bb5_w17.png,7563b18146b80bb5,17,Lab,Floating
train/pd/7563b18146b80bb5_w23.png,7563b18146b80bb5,23,Lab,Floating
train/pd/7563b18146b80bb5_w24.png,7563b18146b80bb5,24,Lab,Floating
train/pd/7576a620c6e6303d_w00.png,7576a620c6e6303d,0,Lab,Void
train/pd/7576a620c6e6303d_w04.png,7576a620c6e6303d,4,Lab,Void
train/pd/7576a620c6e6303d_w05.png,7576a620c6e6303d,5,Lab,Void
train/pd/7576a620c6e6303d_w07.png,7576a620c6e6303d,7,Lab,Void
train/pd/7576a620c6e6303d_w09.png,7576a620c6e6303d,9,Lab,Void
train/pd/7576a620c6e6303d_w11.png,7576a620c6e6303d,11,Lab,Void
train/pd/7576a620c6e6303d_w17.png,7576a620c6e6303d,17,Lab,Void
train/pd/7576a620c6e6303d_w26.png,7576a620c6e6303d,26,Lab,Void
train/pd/75865bd85a81d9d2_w03.png,75865bd85a81d9d2,3,Lab,Floating
train/pd/75865bd85a81d9d2_w05.png,75865bd85a81d9d2,5,Lab,Floating
train/pd/75865bd85a81d9d2_w06.png,75865bd85a81d9d2,6,Lab,Floating
train/pd/75865bd85a81d9d2_w11.png,75865bd85a81d9d2,11,Lab,Floating
train/pd/75865bd85a81d9d2_w19.png,75865bd85a81d9d2,19,Lab,Floating
train/pd/75865bd85a81d9d2_w20.png,75865bd85a81d9d2,20,Lab,Floating
train/pd/75865bd85a81d9d2_w23.png,75865bd85a81d9d2,23,Lab,Floating
train/pd/75865bd85a81d9d2_w25.png,75865bd85a81d9d2,25,Lab,Floating
train/pd/75db0e18b9affdf7_w00.png,75db0e18b9affdf7,0,Field,Void
train/pd/75db0e18b9affdf7_w06.png,75db0e18b9affdf7,6,Field,Void
train/pd/75db0e18b9affdf7_w07.png,75db0e18b9affdf7,7,Field,Void
train/pd/75db0e18b9affdf7_w10.png,75db0e18b9affdf7,10,Field,Void
train/pd/75db0e18b9affdf7_w11.png,75db0e18b9affdf7,11,Field,Void
train/pd/75db0e18b9affdf7_w14.png,75db0e18b9affdf7,14,Field,Void
train/pd/75db0e18b9affdf7_w17.png,75db0e18b9affdf7,17,Field,Void
train/pd/75db0e18b9affdf7_w27.png,75db0e18b9affdf7,27,Field,Void
train/pd/75f8a87071c1b762_w02.png,75f8a87071c1b762,2,Field,Void
train/pd/75f8a87071c1b762_w03.png,75f8a87071c1b762,3,Field,Void
train/pd/75f8a87071c1b762_w07.png,75f8a87071c1b762,7,Field,Void
train/pd/75f8a87071c1b762_w08.png,75f8a87071c1b762,8,Field,Void
train/pd/75f8a87071c1b762_w11.png,75f8a87071c1b762,11,Field,Void
train/pd/75f8a87071c1b762_w15.png,75f8a87071c1b762,15,Field,Void
train/pd/75f8a87071c1b762_w19.png,75f8a87071c1b762,19,Field,Void
train/pd/75f8a87071c1b762_w21.png,75f8a87071c1b762,21,Field,Void
train/pd/76042779b994af4a_w05.png,76042779b994af4a,5,Field,Corona
train/pd/76042779b994af4a_w06.png,76042779b994af4a,6,Field,Corona
train/pd/76042779b994af4a_w11.png,76042779b994af4a,11,Field,Corona
train/pd/76042779b994af4a_w14.png,76042779b994af4a,14,Field,Corona
train/pd/76042779b994af4a_w15.png,76042779b994af4a,15,Field,Corona
train/pd/76042779b994af4a_w17.png,76042779b994af4a,17,Field,Corona
train/pd/76042779b994af4a_w19.png,76042779b994af4a,19,Field,Corona
train/pd/76042779b994af4a_w26.png,76042779b994af4a,26,Field,Corona
train/pd/762bc0f3722477aa_w02.png,762bc0f3722477aa,2,Lab,Void
train/pd/762bc0f3722477aa_w07.png,762bc0f3722477aa,7,Lab,Void
train/pd/762bc0f3722477aa_w08.png,762bc0f3722477aa,8,Lab,Void
train/pd/762bc0f3722477aa_w09.png,762bc0f3722477aa,9,Lab,Void
train/pd/762bc0f3722477aa_w17.png,762bc0f3722477aa,17,Lab,Void
train/pd/762bc0f3722477aa_w20.png,762bc0f3722477aa,20,Lab,Void
train/pd/762bc0f3722477aa_w21.png,762bc0f3722477aa,21,Lab,Void
train/pd/762bc0f3722477aa_w22.png,762bc0f3722477aa,22,Lab,Void
train/pd/7685f23a424afa42_w00.png,7685f23a424afa42,0,Lab,Floating
train/pd/7685f23a424afa42_w02.png,7685f23a424afa42,2,Lab,Floating
train/pd/7685f23a424afa42_w13.png,7685f23a424afa42,13,Lab,Floating
train/pd/7685f23a424afa42_w14.png,7685f23a424afa42,14,Lab,Floating
train/pd/7685f23a424afa42_w19.png,7685f23a424afa42,19,Lab,Floating
train/pd/7685f23a424afa42_w21.png,7685f23a424afa42,21,Lab,Floating
train/pd/7685f23a424afa42_w22.png,7685f23a424afa42,22,Lab,Floating
train/pd/7685f23a424afa42_w23.png,7685f23a424afa42,23,Lab,Floating
train/pd/7690d47ffb0c03d8_w01.png,7690d47ffb0c03d8,1,Field,Void
train/pd/7690d47ffb0c03d8_w04.png,7690d47ffb0c03d8,4,Field,Void
train/pd/7690d47ffb0c03d8_w13.png,7690d47ffb0c03d8,13,Field,Void
train/pd/7690d47ffb0c03d8_w16.png,7690d47ffb0c03d8,16,Field,Void
train/pd/7690d47ffb0c03d8_w22.png,7690d47ffb0c03d8,22,Field,Void
train/pd/7690d47ffb0c03d8_w25.png,7690d47ffb0c03d8,25,Field,Void
train/pd/7690d47ffb0c03d8_w26.png,7690d47ffb0c03d8,26,Field,Void
train/pd/7690d47ffb0c03d8_w27.png,7690d47ffb0c03d8,27,Field,Void
train/pd/76bb5f7e8b52fb13_w02.png,76bb5f7e8b52fb13,2,Field,Void
train/pd/76bb5f7e8b52fb13_w04.png,76bb5f7e8b52fb13,4,Field,Void
train/pd/76bb5f7e8b52fb13_w07.png,76bb5f7e8b52fb13,7,Field,Void
train/pd/76bb5f7e8b52fb13_w09.png,76bb5f7e8b52fb13,9,Field,Void
train/pd/76bb5f7e8b52fb13_w11.png,76bb5f7e8b52fb13,11,Field,Void
train/pd/76bb5f7e8b52fb13_w14.png,76bb5f7e8b52fb13,14,Field,Void
train/pd/76bb5f7e8b52fb13_w25.png,76bb5f7e8b52fb13,25,Field,Void
train/pd/76bb5f7e8b52fb13_w27.png,76bb5f7e8b52fb13,27,Field,Void
train/pd/775114d0aba87817_w06.png,775114d0aba87817,6,Lab,Void
train/pd/775114d0aba87817_w11.png,775114d0aba87817,11,Lab,Void
train/pd/775114d0aba87817_w14.png,775114d0aba87817,14,Lab,Void
train/pd/775114d0aba87817_w17.png,775114d0aba87817,17,Lab,Void
train/pd/775114d0aba87817_w18.png,775114d0aba87817,18,Lab,Void
train/pd/775114d0aba87817_w21.png,775114d0aba87817,21,Lab,Void
train/pd/775114d0aba87817_w24.png,775114d0aba87817,24,Lab,Void
train/pd/775114d0aba87817_w26.png,775114d0aba87817,26,Lab,Void
train/pd/7772196a38e2ac6e_w01.png,7772196a38e2ac6e,1,Lab,Void
train/pd/7772196a38e2ac6e_w02.png,7772196a38e2ac6e,2,Lab,Void
train/pd/7772196a38e2ac6e_w14.png,7772196a38e2ac6e,14,Lab,Void
train/pd/7772196a38e2ac6e_w16.png,7772196a38e2ac6e,16,Lab,Void
train/pd/7772196a38e2ac6e_w18.png,7772196a38e2ac6e,18,Lab,Void
train/pd/7772196a38e2ac6e_w19.png,7772196a38e2ac6e,19,Lab,Void
train/pd/7772196a38e2ac6e_w22.png,7772196a38e2ac6e,22,Lab,Void
train/pd/7772196a38e2ac6e_w25.png,7772196a38e2ac6e,25,Lab,Void
train/pd/777922c0c39bfdb2_w05.png,777922c0c39bfdb2,5,Lab,Particle
train/pd/777922c0c39bfdb2_w07.png,777922c0c39bfdb2,7,Lab,Particle
train/pd/777922c0c39bfdb2_w08.png,777922c0c39bfdb2,8,Lab,Particle
train/pd/777922c0c39bfdb2_w09.png,777922c0c39bfdb2,9,Lab,Particle
train/pd/777922c0c39bfdb2_w13.png,777922c0c39bfdb2,13,Lab,Particle
train/pd/777922c0c39bfdb2_w20.png,777922c0c39bfdb2,20,Lab,Particle
train/pd/777922c0c39bfdb2_w21.png,777922c0c39bfdb2,21,Lab,Particle
train/pd/777922c0c39bfdb2_w26.png,777922c0c39bfdb2,26,Lab,Particle
train/pd/777b67bb306eab62_w04.png,777b67bb306eab62,4,Lab,Void
train/pd/777b67bb306eab62_w05.png,777b67bb306eab62,5,Lab,Void
train/pd/777b67bb306eab62_w08.png,777b67bb306eab62,8,Lab,Void
train/pd/777b67bb306eab62_w11.png,777b67bb306eab62,11,Lab,Void
train/pd/777b67bb306eab62_w12.png,777b67bb306eab62,12,Lab,Void
train/pd/777b67bb306eab62_w13.png,777b67bb306eab62,13,Lab,Void
train/pd/777b67bb306eab62_w14.png,777b67bb306eab62,14,Lab,Void
train/pd/777b67bb306eab62_w22.png,777b67bb306eab62,22,Lab,Void
train/pd/77bac80f41dd8ff3_w02.png,77bac80f41dd8ff3,2,Field,Void
train/pd/77bac80f41dd8ff3_w03.png,77bac80f41dd8ff3,3,Field,Void
train/pd/77bac80f41dd8ff3_w07.png,77bac80f41dd8ff3,7,Field,Void
train/pd/77bac80f41dd8ff3_w16.png,77bac80f41dd8ff3,16,Field,Void
train/pd/77bac80f41dd8ff3_w17.png,77bac80f41dd8ff3,17,Field,Void
train/pd/77bac80f41dd8ff3_w20.png,77bac80f41dd8ff3,20,Field,Void
train/pd/77bac80f41dd8ff3_w23.png,77bac80f41dd8ff3,23,Field,Void
train/pd/77bac80f41dd8ff3_w25.png,77bac80f41dd8ff3,25,Field,Void
train/pd/78002afc07f41c5a_w00.png,78002afc07f41c5a,0,Lab,Corona
train/pd/78002afc07f41c5a_w03.png,78002afc07f41c5a,3,Lab,Corona
train/pd/78002afc07f41c5a_w14.png,78002afc07f41c5a,14,Lab,Corona
train/pd/78002afc07f41c5a_w17.png,78002afc07f41c5a,17,Lab,Corona
train/pd/78002afc07f41c5a_w18.png,78002afc07f41c5a,18,Lab,Corona
train/pd/78002afc07f41c5a_w19.png,78002afc07f41c5a,19,Lab,Corona
train/pd/78002afc07f41c5a_w20.png,78002afc07f41c5a,20,Lab,Corona
train/pd/78002afc07f41c5a_w27.png,78002afc07f41c5a,27,Lab,Corona
train/pd/78369ebd100291b4_w03.png,78369ebd100291b4,3,Lab,Particle
train/pd/78369ebd100291b4_w04.png,78369ebd100291b4,4,Lab,Particle
train/pd/78369ebd100291b4_w08.png,78369ebd100291b4,8,Lab,Particle
train/pd/78369ebd100291b4_w12.png,78369ebd100291b4,12,Lab,Particle
train/pd/78369ebd100291b4_w14.png,78369ebd100291b4,14,Lab,Particle
train/pd/78369ebd100291b4_w19.png,78369ebd100291b4,19,Lab,Particle
train/pd/78369ebd100291b4_w25.png,78369ebd100291b4,25,Lab,Particle
train/pd/78369ebd100291b4_w27.png,78369ebd100291b4,27,Lab,Particle
train/pd/785b5319ae1b0abf_w03.png,785b5319ae1b0abf,3,Lab,Particle
train/pd/785b5319ae1b0abf_w07.png,785b5319ae1b0abf,7,Lab,Particle
train/pd/785b5319ae1b0abf_w13.png,785b5319ae1b0abf,13,Lab,Particle
train/pd/785b5319ae1b0abf_w15.png,785b5319ae1b0abf,15,Lab,Particle
train/pd/785b5319ae1b0abf_w17.png,785b5319ae1b0abf,17,Lab,Particle
train/pd/785b5319ae1b0abf_w20.png,785b5319ae1b0abf,20,Lab,Particle
train/pd/785b5319ae1b0abf_w22.png,785b5319ae1b0abf,22,Lab,Particle
train/pd/785b5319ae1b0abf_w24.png,785b5319ae1b0abf,24,Lab,Particle
train/pd/785f81eb123bbe4d_w02.png,785f81eb123bbe4d,2,Lab,Void
train/pd/785f81eb123bbe4d_w04.png,785f81eb123bbe4d,4,Lab,Void
train/pd/785f81eb123bbe4d_w11.png,785f81eb123bbe4d,11,Lab,Void
train/pd/785f81eb123bbe4d_w14.png,785f81eb123bbe4d,14,Lab,Void
train/pd/785f81eb123bbe4d_w17.png,785f81eb123bbe4d,17,Lab,Void
train/pd/785f81eb123bbe4d_w18.png,785f81eb123bbe4d,18,Lab,Void
train/pd/785f81eb123bbe4d_w25.png,785f81eb123bbe4d,25,Lab,Void
train/pd/785f81eb123bbe4d_w26.png,785f81eb123bbe4d,26,Lab,Void
train/pd/786802e3bf69f54c_w01.png,786802e3bf69f54c,1,Lab,Floating
train/pd/786802e3bf69f54c_w05.png,786802e3bf69f54c,5,Lab,Floating
train/pd/786802e3bf69f54c_w13.png,786802e3bf69f54c,13,Lab,Floating
train/pd/786802e3bf69f54c_w15.png,786802e3bf69f54c,15,Lab,Floating
train/pd/786802e3bf69f54c_w16.png,786802e3bf69f54c,16,Lab,Floating
train/pd/786802e3bf69f54c_w18.png,786802e3bf69f54c,18,Lab,Floating
train/pd/786802e3bf69f54c_w22.png,786802e3bf69f54c,22,Lab,Floating
train/pd/786802e3bf69f54c_w25.png,786802e3bf69f54c,25,Lab,Floating
train/pd/78aaa2092210c259_w05.png,78aaa2092210c259,5,Lab,Floating
train/pd/78aaa2092210c259_w08.png,78aaa2092210c259,8,Lab,Floating
train/pd/78aaa2092210c259_w09.png,78aaa2092210c259,9,Lab,Floating
train/pd/78aaa2092210c259_w10.png,78aaa2092210c259,10,Lab,Floating
train/pd/78aaa2092210c259_w11.png,78aaa2092210c259,11,Lab,Floating
train/pd/78aaa2092210c259_w13.png,78aaa2092210c259,13,Lab,Floating
train/pd/78aaa2092210c259_w26.png,78aaa2092210c259,26,Lab,Floating
train/pd/78aaa2092210c259_w27.png,78aaa2092210c259,27,Lab,Floating
train/pd/791e14c34ec443c5_w05.png,791e14c34ec443c5,5,Lab,Void
train/pd/791e14c34ec443c5_w06.png,791e14c34ec443c5,6,Lab,Void
train/pd/791e14c34ec443c5_w07.png,791e14c34ec443c5,7,Lab,Void
train/pd/791e14c34ec443c5_w08.png,791e14c34ec443c5,8,Lab,Void
train/pd/791e14c34ec443c5_w13.png,791e14c34ec443c5,13,Lab,Void
train/pd/791e14c34ec443c5_w21.png,791e14c34ec443c5,21,Lab,Void
train/pd/791e14c34ec443c5_w23.png,791e14c34ec443c5,23,Lab,Void
train/pd/791e14c34ec443c5_w25.png,791e14c34ec443c5,25,Lab,Void
train/pd/79768d4e8a9bb2cc_w00.png,79768d4e8a9bb2cc,0,Lab,Corona
train/pd/79768d4e8a9bb2cc_w01.png,79768d4e8a9bb2cc,1,Lab,Corona
train/pd/79768d4e8a9bb2cc_w03.png,79768d4e8a9bb2cc,3,Lab,Corona
train/pd/79768d4e8a9bb2cc_w12.png,79768d4e8a9bb2cc,12,Lab,Corona
train/pd/79768d4e8a9bb2cc_w17.png,79768d4e8a9bb2cc,17,Lab,Corona
train/pd/79768d4e8a9bb2cc_w18.png,79768d4e8a9bb2cc,18,Lab,Corona
train/pd/79768d4e8a9bb2cc_w19.png,79768d4e8a9bb2cc,19,Lab,Corona
train/pd/79768d4e8a9bb2cc_w21.png,79768d4e8a9bb2cc,21,Lab,Corona
train/pd/7996706c803dbf2e_w08.png,7996706c803dbf2e,8,Lab,Void
train/pd/7996706c803dbf2e_w11.png,7996706c803dbf2e,11,Lab,Void
train/pd/7996706c803dbf2e_w16.png,7996706c803dbf2e,16,Lab,Void
train/pd/7996706c803dbf2e_w17.png,7996706c803dbf2e,17,Lab,Void
train/pd/7996706c803dbf2e_w19.png,7996706c803dbf2e,19,Lab,Void
train/pd/7996706c803dbf2e_w20.png,7996706c803dbf2e,20,Lab,Void
train/pd/7996706c803dbf2e_w22.png,7996706c803dbf2e,22,Lab,Void
train/pd/7996706c803dbf2e_w24.png,7996706c803dbf2e,24,Lab,Void
train/pd/79d54303905ffb98_w06.png,79d54303905ffb98,6,Lab,Void
train/pd/79d54303905ffb98_w12.png,79d54303905ffb98,12,Lab,Void
train/pd/79d54303905ffb98_w17.png,79d54303905ffb98,17,Lab,Void
train/pd/79d54303905ffb98_w18.png,79d54303905ffb98,18,Lab,Void
train/pd/79d54303905ffb98_w20.png,79d54303905ffb98,20,Lab,Void
train/pd/79d54303905ffb98_w23.png,79d54303905ffb98,23,Lab,Void
train/pd/79d54303905ffb98_w24.png,79d54303905ffb98,24,Lab,Void
train/pd/79d54303905ffb98_w27.png,79d54303905ffb98,27,Lab,Void
train/pd/79dbde85544b6881_w05.png,79dbde85544b6881,5,Field,Void
train/pd/79dbde85544b6881_w12.png,79dbde85544b6881,12,Field,Void
train/pd/79dbde85544b6881_w15.png,79dbde85544b6881,15,Field,Void
train/pd/79dbde85544b6881_w20.png,79dbde85544b6881,20,Field,Void
train/pd/79dbde85544b6881_w21.png,79dbde85544b6881,21,Field,Void
train/pd/79dbde85544b6881_w24.png,79dbde85544b6881,24,Field,Void
train/pd/79dbde85544b6881_w26.png,79dbde85544b6881,26,Field,Void
train/pd/79dbde85544b6881_w27.png,79dbde85544b6881,27,Field,Void
train/pd/7a5f3f53c0187982_w03.png,7a5f3f53c0187982,3,Lab,Void
train/pd/7a5f3f53c0187982_w08.png,7a5f3f53c0187982,8,Lab,Void
train/pd/7a5f3f53c0187982_w11.png,7a5f3f53c0187982,11,Lab,Void
train/pd/7a5f3f53c0187982_w15.png,7a5f3f53c0187982,15,Lab,Void
train/pd/7a5f3f53c0187982_w17.png,7a5f3f53c0187982,17,Lab,Void
train/pd/7a5f3f53c0187982_w19.png,7a5f3f53c0187982,19,Lab,Void
train/pd/7a5f3f53c0187982_w23.png,7a5f3f53c0187982,23,Lab,Void
train/pd/7a5f3f53c0187982_w27.png,7a5f3f53c0187982,27,Lab,Void
train/pd/7a6a284e0be3e5e6_w01.png,7a6a284e0be3e5e6,1,Field,Void
train/pd/7a6a284e0be3e5e6_w04.png,7a6a284e0be3e5e6,4,Field,Void
train/pd/7a6a284e0be3e5e6_w07.png,7a6a284e0be3e5e6,7,Field,Void
train/pd/7a6a284e0be3e5e6_w10.png,7a6a284e0be3e5e6,10,Field,Void
train/pd/7a6a284e0be3e5e6_w11.png,7a6a284e0be3e5e6,11,Field,Void
train/pd/7a6a284e0be3e5e6_w16.png,7a6a284e0be3e5e6,16,Field,Void
train/pd/7a6a284e0be3e5e6_w18.png,7a6a284e0be3e5e6,18,Field,Void
train/pd/7a6a284e0be3e5e6_w19.png,7a6a284e0be3e5e6,19,Field,Void
train/pd/7ab29d70acbd6ab6_w01.png,7ab29d70acbd6ab6,1,Lab,Corona
train/pd/7ab29d70acbd6ab6_w03.png,7ab29d70acbd6ab6,3,Lab,Corona
train/pd/7ab29d70acbd6ab6_w08.png,7ab29d70acbd6ab6,8,Lab,Corona
train/pd/7ab29d70acbd6ab6_w10.png,7ab29d70acbd6ab6,10,Lab,Corona
train/pd/7ab29d70acbd6ab6_w13.png,7ab29d70acbd6ab6,13,Lab,Corona
train/pd/7ab29d70acbd6ab6_w16.png,7ab29d70acbd6ab6,16,Lab,Corona
train/pd/7ab29d70acbd6ab6_w23.png,7ab29d70acbd6ab6,23,Lab,Corona
train/pd/7ab29d70acbd6ab6_w25.png,7ab29d70acbd6ab6,25,Lab,Corona
train/pd/7ab9f306036c25ac_w02.png,7ab9f306036c25ac,2,Lab,Void
train/pd/7ab9f306036c25ac_w06.png,7ab9f306036c25ac,6,Lab,Void
train/pd/7ab9f306036c25ac_w10.png,7ab9f306036c25ac,10,Lab,Void
train/pd/7ab9f306036c25ac_w14.png,7ab9f306036c25ac,14,Lab,Void
train/pd/7ab9f306036c25ac_w16.png,7ab9f306036c25ac,16,Lab,Void
train/pd/7ab9f306036c25ac_w25.png,7ab9f306036c25ac,25,Lab,Void
train/pd/7ab9f306036c25ac_w26.png,7ab9f306036c25ac,26,Lab,Void
train/pd/7ab9f306036c25ac_w27.png,7ab9f306036c25ac,27,Lab,Void
train/pd/7ad562538294270b_w02.png,7ad562538294270b,2,Lab,Particle
train/pd/7ad562538294270b_w03.png,7ad562538294270b,3,Lab,Particle
train/pd/7ad562538294270b_w08.png,7ad562538294270b,8,Lab,Particle
train/pd/7ad562538294270b_w10.png,7ad562538294270b,10,Lab,Particle
train/pd/7ad562538294270b_w15.png,7ad562538294270b,15,Lab,Particle
train/pd/7ad562538294270b_w21.png,7ad562538294270b,21,Lab,Particle
train/pd/7ad562538294270b_w22.png,7ad562538294270b,22,Lab,Particle
train/pd/7ad562538294270b_w25.png,7ad562538294270b,25,Lab,Particle
train/pd/7adab29df2cf4369_w00.png,7adab29df2cf4369,0,Lab,Corona
train/pd/7adab29df2cf4369_w09.png,7adab29df2cf4369,9,Lab,Corona
train/pd/7adab29df2cf4369_w10.png,7adab29df2cf4369,10,Lab,Corona
train/pd/7adab29df2cf4369_w11.png,7adab29df2cf4369,11,Lab,Corona
train/pd/7adab29df2cf4369_w15.png,7adab29df2cf4369,15,Lab,Corona
train/pd/7adab29df2cf4369_w16.png,7adab29df2cf4369,16,Lab,Corona
train/pd/7adab29df2cf4369_w24.png,7adab29df2cf4369,24,Lab,Corona
train/pd/7adab29df2cf4369_w25.png,7adab29df2cf4369,25,Lab,Corona
train/pd/7adfa3c361d9fb64_w03.png,7adfa3c361d9fb64,3,Lab,Void
train/pd/7adfa3c361d9fb64_w12.png,7adfa3c361d9fb64,12,Lab,Void
train/pd/7adfa3c361d9fb64_w18.png,7adfa3c361d9fb64,18,Lab,Void
train/pd/7adfa3c361d9fb64_w19.png,7adfa3c361d9fb64,19,Lab,Void
train/pd/7adfa3c361d9fb64_w21.png,7adfa3c361d9fb64,21,Lab,Void
train/pd/7adfa3c361d9fb64_w22.png,7adfa3c361d9fb64,22,Lab,Void
train/pd/7adfa3c361d9fb64_w23.png,7adfa3c361d9fb64,23,Lab,Void
train/pd/7adfa3c361d9fb64_w25.png,7adfa3c361d9fb64,25,Lab,Void
train/pd/7b017b58a9586409_w02.png,7b017b58a9586409,2,Lab,Particle
train/pd/7b017b58a9586409_w06.png,7b017b58a9586409,6,Lab,Particle
train/pd/7b017b58a9586409_w08.png,7b017b58a9586409,8,Lab,Particle
train/pd/7b017b58a9586409_w18.png,7b017b58a9586409,18,Lab,Particle
train/pd/7b017b58a9586409_w23.png,7b017b58a9586409,23,Lab,Particle
train/pd/7b017b58a9586409_w25.png,7b017b58a9586409,25,Lab,Particle
train/pd/7b017b58a9586409_w26.png,7b017b58a9586409,26,Lab,Particle
train/pd/7b017b58a9586409_w27.png,7b017b58a9586409,27,Lab,Particle
train/pd/7b258fb0bc962e5d_w09.png,7b258fb0bc962e5d,9,Field,Void
train/pd/7b258fb0bc962e5d_w11.png,7b258fb0bc962e5d,11,Field,Void
train/pd/7b258fb0bc962e5d_w12.png,7b258fb0bc962e5d,12,Field,Void
train/pd/7b258fb0bc962e5d_w13.png,7b258fb0bc962e5d,13,Field,Void
train/pd/7b258fb0bc962e5d_w15.png,7b258fb0bc962e5d,15,Field,Void
train/pd/7b258fb0bc962e5d_w18.png,7b258fb0bc962e5d,18,Field,Void
train/pd/7b258fb0bc962e5d_w19.png,7b258fb0bc962e5d,19,Field,Void
train/pd/7b258fb0bc962e5d_w22.png,7b258fb0bc962e5d,22,Field,Void
train/pd/7b6862ae5a878905_w01.png,7b6862ae5a878905,1,Lab,Corona
train/pd/7b6862ae5a878905_w02.png,7b6862ae5a878905,2,Lab,Corona
train/pd/7b6862ae5a878905_w16.png,7b6862ae5a878905,16,Lab,Corona
train/pd/7b6862ae5a878905_w19.png,7b6862ae5a878905,19,Lab,Corona
train/pd/7b6862ae5a878905_w21.png,7b6862ae5a878905,21,Lab,Corona
train/pd/7b6862ae5a878905_w23.png,7b6862ae5a878905,23,Lab,Corona
train/pd/7b6862ae5a878905_w25.png,7b6862ae5a878905,25,Lab,Corona
train/pd/7b6862ae5a878905_w27.png,7b6862ae5a878905,27,Lab,Corona
train/pd/7b87b1ee32b3f3bf_w02.png,7b87b1ee32b3f3bf,2,Lab,Floating
train/pd/7b87b1ee32b3f3bf_w06.png,7b87b1ee32b3f3bf,6,Lab,Floating
train/pd/7b87b1ee32b3f3bf_w09.png,7b87b1ee32b3f3bf,9,Lab,Floating
train/pd/7b87b1ee32b3f3bf_w10.png,7b87b1ee32b3f3bf,10,Lab,Floating
train/pd/7b87b1ee32b3f3bf_w11.png,7b87b1ee32b3f3bf,11,Lab,Floating
train/pd/7b87b1ee32b3f3bf_w16.png,7b87b1ee32b3f3bf,16,Lab,Floating
train/pd/7b87b1ee32b3f3bf_w24.png,7b87b1ee32b3f3bf,24,Lab,Floating
train/pd/7b87b1ee32b3f3bf_w27.png,7b87b1ee32b3f3bf,27,Lab,Floating
train/pd/7b886c9131927637_w01.png,7b886c9131927637,1,Field,Floating
train/pd/7b886c9131927637_w04.png,7b886c9131927637,4,Field,Floating
train/pd/7b886c9131927637_w06.png,7b886c9131927637,6,Field,Floating
train/pd/7b886c9131927637_w07.png,7b886c9131927637,7,Field,Floating
train/pd/7b886c9131927637_w13.png,7b886c9131927637,13,Field,Floating
train/pd/7b886c9131927637_w22.png,7b886c9131927637,22,Field,Floating
train/pd/7b886c9131927637_w24.png,7b886c9131927637,24,Field,Floating
train/pd/7b886c9131927637_w27.png,7b886c9131927637,27,Field,Floating
train/pd/7b917fc12291e3b3_w00.png,7b917fc12291e3b3,0,Lab,Void
train/pd/7b917fc12291e3b3_w01.png,7b917fc12291e3b3,1,Lab,Void
train/pd/7b917fc12291e3b3_w10.png,7b917fc12291e3b3,10,Lab,Void
train/pd/7b917fc12291e3b3_w11.png,7b917fc12291e3b3,11,Lab,Void
train/pd/7b917fc12291e3b3_w15.png,7b917fc12291e3b3,15,Lab,Void
train/pd/7b917fc12291e3b3_w17.png,7b917fc12291e3b3,17,Lab,Void
train/pd/7b917fc12291e3b3_w20.png,7b917fc12291e3b3,20,Lab,Void
train/pd/7b917fc12291e3b3_w21.png,7b917fc12291e3b3,21,Lab,Void
train/pd/7bac88b1dd19010d_w02.png,7bac88b1dd19010d,2,Lab,Corona
train/pd/7bac88b1dd19010d_w07.png,7bac88b1dd19010d,7,Lab,Corona
train/pd/7bac88b1dd19010d_w09.png,7bac88b1dd19010d,9,Lab,Corona
train/pd/7bac88b1dd19010d_w13.png,7bac88b1dd19010d,13,Lab,Corona
train/pd/7bac88b1dd19010d_w18.png,7bac88b1dd19010d,18,Lab,Corona
train/pd/7bac88b1dd19010d_w19.png,7bac88b1dd19010d,19,Lab,Corona
train/pd/7bac88b1dd19010d_w21.png,7bac88b1dd19010d,21,Lab,Corona
train/pd/7bac88b1dd19010d_w24.png,7bac88b1dd19010d,24,Lab,Corona
train/pd/7bb04c839ef79da4_w02.png,7bb04c839ef79da4,2,Lab,Particle
train/pd/7bb04c839ef79da4_w06.png,7bb04c839ef79da4,6,Lab,Particle
train/pd/7bb04c839ef79da4_w07.png,7bb04c839ef79da4,7,Lab,Particle
train/pd/7bb04c839ef79da4_w11.png,7bb04c839ef79da4,11,Lab,Particle
train/pd/7bb04c839ef79da4_w14.png,7bb04c839ef79da4,14,Lab,Particle
train/pd/7bb04c839ef79da4_w20.png,7bb04c839ef79da4,20,Lab,Particle
train/pd/7bb04c839ef79da4_w22.png,7bb04c839ef79da4,22,Lab,Particle
train/pd/7bb04c839ef79da4_w26.png,7bb04c839ef79da4,26,Lab,Particle
train/pd/7c1422c2e40f0b23_w01.png,7c1422c2e40f0b23,1,Lab,Void
train/pd/7c1422c2e40f0b23_w08.png,7c1422c2e40f0b23,8,Lab,Void
train/pd/7c1422c2e40f0b23_w11.png,7c1422c2e40f0b23,11,Lab,Void
train/pd/7c1422c2e40f0b23_w13.png,7c1422c2e40f0b23,13,Lab,Void
train/pd/7c1422c2e40f0b23_w15.png,7c1422c2e40f0b23,15,Lab,Void
train/pd/7c1422c2e40f0b23_w23.png,7c1422c2e40f0b23,23,Lab,Void
train/pd/7c1422c2e40f0b23_w24.png,7c1422c2e40f0b23,24,Lab,Void
train/pd/7c1422c2e40f0b23_w27.png,7c1422c2e40f0b23,27,Lab,Void
train/pd/7c9ab08e84437a40_w01.png,7c9ab08e84437a40,1,Lab,Particle
train/pd/7c9ab08e84437a40_w05.png,7c9ab08e84437a40,5,Lab,Particle
train/pd/7c9ab08e84437a40_w11.png,7c9ab08e84437a40,11,Lab,Particle
train/pd/7c9ab08e84437a40_w13.png,7c9ab08e84437a40,13,Lab,Particle
train/pd/7c9ab08e84437a40_w14.png,7c9ab08e84437a40,14,Lab,Particle
train/pd/7c9ab08e84437a40_w17.png,7c9ab08e84437a40,17,Lab,Particle
train/pd/7c9ab08e84437a40_w22.png,7c9ab08e84437a40,22,Lab,Particle
train/pd/7c9ab08e84437a40_w26.png,7c9ab08e84437a40,26,Lab,Particle
train/pd/7ca5ae099e330a63_w02.png,7ca5ae099e330a63,2,Lab,Void
train/pd/7ca5ae099e330a63_w06.png,7ca5ae099e330a63,6,Lab,Void
train/pd/7ca5ae099e330a63_w08.png,7ca5ae099e330a63,8,Lab,Void
train/pd/7ca5ae099e330a63_w10.png,7ca5ae099e330a63,10,Lab,Void
train/pd/7ca5ae099e330a63_w15.png,7ca5ae099e330a63,15,Lab,Void
train/pd/7ca5ae099e330a63_w16.png,7ca5ae099e330a63,16,Lab,Void
train/pd/7ca5ae099e330a63_w22.png,7ca5ae099e330a63,22,Lab,Void
train/pd/7ca5ae099e330a63_w26.png,7ca5ae099e330a63,26,Lab,Void
train/pd/7cc9d2e39cba7248_w01.png,7cc9d2e39cba7248,1,Lab,Void
train/pd/7cc9d2e39cba7248_w03.png,7cc9d2e39cba7248,3,Lab,Void
train/pd/7cc9d2e39cba7248_w11.png,7cc9d2e39cba7248,11,Lab,Void
train/pd/7cc9d2e39cba7248_w12.png,7cc9d2e39cba7248,12,Lab,Void
train/pd/7cc9d2e39cba7248_w15.png,7cc9d2e39cba7248,15,Lab,Void
train/pd/7cc9d2e39cba7248_w17.png,7cc9d2e39cba7248,17,Lab,Void
train/pd/7cc9d2e39cba7248_w21.png,7cc9d2e39cba7248,21,Lab,Void
train/pd/7cc9d2e39cba7248_w22.png,7cc9d2e39cba7248,22,Lab,Void
train/pd/7d0133b43a9c3252_w03.png,7d0133b43a9c3252,3,Lab,Void
train/pd/7d0133b43a9c3252_w09.png,7d0133b43a9c3252,9,Lab,Void
train/pd/7d0133b43a9c3252_w15.png,7d0133b43a9c3252,15,Lab,Void
train/pd/7d0133b43a9c3252_w17.png,7d0133b43a9c3252,17,Lab,Void
train/pd/7d0133b43a9c3252_w18.png,7d0133b43a9c3252,18,Lab,Void
train/pd/7d0133b43a9c3252_w19.png,7d0133b43a9c3252,19,Lab,Void
train/pd/7d0133b43a9c3252_w24.png,7d0133b43a9c3252,24,Lab,Void
train/pd/7d0133b43a9c3252_w26.png,7d0133b43a9c3252,26,Lab,Void
train/pd/7d0c1dd4fe778f89_w02.png,7d0c1dd4fe778f89,2,Lab,Corona
train/pd/7d0c1dd4fe778f89_w06.png,7d0c1dd4fe778f89,6,Lab,Corona
train/pd/7d0c1dd4fe778f89_w07.png,7d0c1dd4fe778f89,7,Lab,Corona
train/pd/7d0c1dd4fe778f89_w08.png,7d0c1dd4fe778f89,8,Lab,Corona
train/pd/7d0c1dd4fe778f89_w13.png,7d0c1dd4fe778f89,13,Lab,Corona
train/pd/7d0c1dd4fe778f89_w15.png,7d0c1dd4fe778f89,15,Lab,Corona
train/pd/7d0c1dd4fe778f89_w18.png,7d0c1dd4fe778f89,18,Lab,Corona
train/pd/7d0c1dd4fe778f89_w22.png,7d0c1dd4fe778f89,22,Lab,Corona
train/pd/7d3102fe0dc6da93_w04.png,7d3102fe0dc6da93,4,Lab,Particle
train/pd/7d3102fe0dc6da93_w09.png,7d3102fe0dc6da93,9,Lab,Particle
train/pd/7d3102fe0dc6da93_w11.png,7d3102fe0dc6da93,11,Lab,Particle
train/pd/7d3102fe0dc6da93_w14.png,7d3102fe0dc6da93,14,Lab,Particle
train/pd/7d3102fe0dc6da93_w16.png,7d3102fe0dc6da93,16,Lab,Particle
train/pd/7d3102fe0dc6da93_w18.png,7d3102fe0dc6da93,18,Lab,Particle
train/pd/7d3102fe0dc6da93_w20.png,7d3102fe0dc6da93,20,Lab,Particle
train/pd/7d3102fe0dc6da93_w26.png,7d3102fe0dc6da93,26,Lab,Particle
train/pd/7d32c184920851de_w03.png,7d32c184920851de,3,Lab,Void
train/pd/7d32c184920851de_w04.png,7d32c184920851de,4,Lab,Void
train/pd/7d32c184920851de_w05.png,7d32c184920851de,5,Lab,Void
train/pd/7d32c184920851de_w07.png,7d32c184920851de,7,Lab,Void
train/pd/7d32c184920851de_w15.png,7d32c184920851de,15,Lab,Void
train/pd/7d32c184920851de_w16.png,7d32c184920851de,16,Lab,Void
train/pd/7d32c184920851de_w20.png,7d32c184920851de,20,Lab,Void
train/pd/7d32c184920851de_w27.png,7d32c184920851de,27,Lab,Void
train/pd/7d3943c506800431_w03.png,7d3943c506800431,3,Lab,Void
train/pd/7d3943c506800431_w05.png,7d3943c506800431,5,Lab,Void
train/pd/7d3943c506800431_w06.png,7d3943c506800431,6,Lab,Void
train/pd/7d3943c506800431_w11.png,7d3943c506800431,11,Lab,Void
train/pd/7d3943c506800431_w14.png,7d3943c506800431,14,Lab,Void
train/pd/7d3943c506800431_w15.png,7d3943c506800431,15,Lab,Void
train/pd/7d3943c506800431_w16.png,7d3943c506800431,16,Lab,Void
train/pd/7d3943c506800431_w17.png,7d3943c506800431,17,Lab,Void
train/pd/7d3c44a9863da386_w00.png,7d3c44a9863da386,0,Lab,Corona
train/pd/7d3c44a9863da386_w04.png,7d3c44a9863da386,4,Lab,Corona
train/pd/7d3c44a9863da386_w07.png,7d3c44a9863da386,7,Lab,Corona
train/pd/7d3c44a9863da386_w11.png,7d3c44a9863da386,11,Lab,Corona
train/pd/7d3c44a9863da386_w12.png,7d3c44a9863da386,12,Lab,Corona
train/pd/7d3c44a9863da386_w19.png,7d3c44a9863da386,19,Lab,Corona
train/pd/7d3c44a9863da386_w25.png,7d3c44a9863da386,25,Lab,Corona
train/pd/7d3c44a9863da386_w27.png,7d3c44a9863da386,27,Lab,Corona
train/pd/7d887f06773d10d3_w01.png,7d887f06773d10d3,1,Lab,Particle
train/pd/7d887f06773d10d3_w03.png,7d887f06773d10d3,3,Lab,Particle
train/pd/7d887f06773d10d3_w04.png,7d887f06773d10d3,4,Lab,Particle
train/pd/7d887f06773d10d3_w06.png,7d887f06773d10d3,6,Lab,Particle
train/pd/7d887f06773d10d3_w15.png,7d887f06773d10d3,15,Lab,Particle
train/pd/7d887f06773d10d3_w21.png,7d887f06773d10d3,21,Lab,Particle
train/pd/7d887f06773d10d3_w24.png,7d887f06773d10d3,24,Lab,Particle
train/pd/7d887f06773d10d3_w27.png,7d887f06773d10d3,27,Lab,Particle
train/pd/7e010d7c84f2ac28_w05.png,7e010d7c84f2ac28,5,Lab,Particle
train/pd/7e010d7c84f2ac28_w08.png,7e010d7c84f2ac28,8,Lab,Particle
train/pd/7e010d7c84f2ac28_w09.png,7e010d7c84f2ac28,9,Lab,Particle
train/pd/7e010d7c84f2ac28_w13.png,7e010d7c84f2ac28,13,Lab,Particle
train/pd/7e010d7c84f2ac28_w15.png,7e010d7c84f2ac28,15,Lab,Particle
train/pd/7e010d7c84f2ac28_w18.png,7e010d7c84f2ac28,18,Lab,Particle
train/pd/7e010d7c84f2ac28_w20.png,7e010d7c84f2ac28,20,Lab,Particle
train/pd/7e010d7c84f2ac28_w23.png,7e010d7c84f2ac28,23,Lab,Particle
train/pd/7e232668d5b02a04_w03.png,7e232668d5b02a04,3,Field,Floating
train/pd/7e232668d5b02a04_w07.png,7e232668d5b02a04,7,Field,Floating
train/pd/7e232668d5b02a04_w08.png,7e232668d5b02a04,8,Field,Floating
train/pd/7e232668d5b02a04_w11.png,7e232668d5b02a04,11,Field,Floating
train/pd/7e232668d5b02a04_w18.png,7e232668d5b02a04,18,Field,Floating
train/pd/7e232668d5b02a04_w19.png,7e232668d5b02a04,19,Field,Floating
train/pd/7e232668d5b02a04_w23.png,7e232668d5b02a04,23,Field,Floating
train/pd/7e232668d5b02a04_w25.png,7e232668d5b02a04,25,Field,Floating
train/pd/7e3096d00c26cc8d_w04.png,7e3096d00c26cc8d,4,Lab,Corona
train/pd/7e3096d00c26cc8d_w11.png,7e3096d00c26cc8d,11,Lab,Corona
train/pd/7e3096d00c26cc8d_w17.png,7e3096d00c26cc8d,17,Lab,Corona
train/pd/7e3096d00c26cc8d_w20.png,7e3096d00c26cc8d,20,Lab,Corona
train/pd/7e3096d00c26cc8d_w21.png,7e3096d00c26cc8d,21,Lab,Corona
train/pd/7e3096d00c26cc8d_w23.png,7e3096d00c26cc8d,23,Lab,Corona
train/pd/7e3096d00c26cc8d_w25.png,7e3096d00c26cc8d,25,Lab,Corona
train/pd/7e3096d00c26cc8d_w26.png,7e3096d00c26cc8d,26,Lab,Corona
train/pd/7e43916c2ae73e6d_w04.png,7e43916c2ae73e6d,4,Lab,Particle
train/pd/7e43916c2ae73e6d_w05.png,7e43916c2ae73e6d,5,Lab,Particle
train/pd/7e43916c2ae73e6d_w07.png,7e43916c2ae73e6d,7,Lab,Particle
train/pd/7e43916c2ae73e6d_w10.png,7e43916c2ae73e6d,10,Lab,Particle
train/pd/7e43916c2ae73e6d_w18.png,7e43916c2ae73e6d,18,Lab,Particle
train/pd/7e43916c2ae73e6d_w22.png,7e43916c2ae73e6d,22,Lab,Particle
train/pd/7e43916c2ae73e6d_w23.png,7e43916c2ae73e6d,23,Lab,Particle
train/pd/7e43916c2ae73e6d_w27.png,7e43916c2ae73e6d,27,Lab,Particle
train/pd/7e75bb8c03be2ded_w01.png,7e75bb8c03be2ded,1,Lab,Particle
train/pd/7e75bb8c03be2ded_w02.png,7e75bb8c03be2ded,2,Lab,Particle
train/pd/7e75bb8c03be2ded_w04.png,7e75bb8c03be2ded,4,Lab,Particle
train/pd/7e75bb8c03be2ded_w06.png,7e75bb8c03be2ded,6,Lab,Particle
train/pd/7e75bb8c03be2ded_w15.png,7e75bb8c03be2ded,15,Lab,Particle
train/pd/7e75bb8c03be2ded_w20.png,7e75bb8c03be2ded,20,Lab,Particle
train/pd/7e75bb8c03be2ded_w22.png,7e75bb8c03be2ded,22,Lab,Particle
train/pd/7e75bb8c03be2ded_w26.png,7e75bb8c03be2ded,26,Lab,Particle
train/pd/7e7a5f196b4b914a_w00.png,7e7a5f196b4b914a,0,Lab,Void
train/pd/7e7a5f196b4b914a_w05.png,7e7a5f196b4b914a,5,Lab,Void
train/pd/7e7a5f196b4b914a_w06.png,7e7a5f196b4b914a,6,Lab,Void
train/pd/7e7a5f196b4b914a_w08.png,7e7a5f196b4b914a,8,Lab,Void
train/pd/7e7a5f196b4b914a_w17.png,7e7a5f196b4b914a,17,Lab,Void
train/pd/7e7a5f196b4b914a_w22.png,7e7a5f196b4b914a,22,Lab,Void
train/pd/7e7a5f196b4b914a_w23.png,7e7a5f196b4b914a,23,Lab,Void
train/pd/7e7a5f196b4b914a_w24.png,7e7a5f196b4b914a,24,Lab,Void
train/pd/7e9ace586b3e7d34_w02.png,7e9ace586b3e7d34,2,Lab,Void
train/pd/7e9ace586b3e7d34_w05.png,7e9ace586b3e7d34,5,Lab,Void
train/pd/7e9ace586b3e7d34_w06.png,7e9ace586b3e7d34,6,Lab,Void
train/pd/7e9ace586b3e7d34_w08.png,7e9ace586b3e7d34,8,Lab,Void
train/pd/7e9ace586b3e7d34_w09.png,7e9ace586b3e7d34,9,Lab,Void
train/pd/7e9ace586b3e7d34_w10.png,7e9ace586b3e7d34,10,Lab,Void
train/pd/7e9ace586b3e7d34_w18.png,7e9ace586b3e7d34,18,Lab,Void
train/pd/7e9ace586b3e7d34_w24.png,7e9ace586b3e7d34,24,Lab,Void
train/pd/7eb19f7da9814c0b_w01.png,7eb19f7da9814c0b,1,Lab,Void
train/pd/7eb19f7da9814c0b_w07.png,7eb19f7da9814c0b,7,Lab,Void
train/pd/7eb19f7da9814c0b_w08.png,7eb19f7da9814c0b,8,Lab,Void
train/pd/7eb19f7da9814c0b_w14.png,7eb19f7da9814c0b,14,Lab,Void
train/pd/7eb19f7da9814c0b_w19.png,7eb19f7da9814c0b,19,Lab,Void
train/pd/7eb19f7da9814c0b_w20.png,7eb19f7da9814c0b,20,Lab,Void
train/pd/7eb19f7da9814c0b_w24.png,7eb19f7da9814c0b,24,Lab,Void
train/pd/7eb19f7da9814c0b_w26.png,7eb19f7da9814c0b,26,Lab,Void
train/pd/7eba8c5fdc8dd013_w06.png,7eba8c5fdc8dd013,6,Lab,Particle
train/pd/7eba8c5fdc8dd013_w08.png,7eba8c5fdc8dd013,8,Lab,Particle
train/pd/7eba8c5fdc8dd013_w09.png,7eba8c5fdc8dd013,9,Lab,Particle
train/pd/7eba8c5fdc8dd013_w16.png,7eba8c5fdc8dd013,16,Lab,Particle
train/pd/7eba8c5fdc8dd013_w18.png,7eba8c5fdc8dd013,18,Lab,Particle
train/pd/7eba8c5fdc8dd013_w21.png,7eba8c5fdc8dd013,21,Lab,Particle
train/pd/7eba8c5fdc8dd013_w23.png,7eba8c5fdc8dd013,23,Lab,Particle
train/pd/7eba8c5fdc8dd013_w26.png,7eba8c5fdc8dd013,26,Lab,Particle
train/pd/7ebae18133955247_w01.png,7ebae18133955247,1,Lab,Floating
train/pd/7ebae18133955247_w02.png,7ebae18133955247,2,Lab,Floating
train/pd/7ebae18133955247_w04.png,7ebae18133955247,4,Lab,Floating
train/pd/7ebae18133955247_w07.png,7ebae18133955247,7,Lab,Floating
train/pd/7ebae18133955247_w09.png,7ebae18133955247,9,Lab,Floating
train/pd/7ebae18133955247_w10.png,7ebae18133955247,10,Lab,Floating
train/pd/7ebae18133955247_w21.png,7ebae18133955247,21,Lab,Floating
train/pd/7ebae18133955247_w24.png,7ebae18133955247,24,Lab,Floating
train/pd/7ecc0ed73f4a40d2_w05.png,7ecc0ed73f4a40d2,5,Field,Corona
train/pd/7ecc0ed73f4a40d2_w08.png,7ecc0ed73f4a40d2,8,Field,Corona
train/pd/7ecc0ed73f4a40d2_w10.png,7ecc0ed73f4a40d2,10,Field,Corona
train/pd/7ecc0ed73f4a40d2_w16.png,7ecc0ed73f4a40d2,16,Field,Corona
train/pd/7ecc0ed73f4a40d2_w20.png,7ecc0ed73f4a40d2,20,Field,Corona
train/pd/7ecc0ed73f4a40d2_w21.png,7ecc0ed73f4a40d2,21,Field,Corona
train/pd/7ecc0ed73f4a40d2_w25.png,7ecc0ed73f4a40d2,25,Field,Corona
train/pd/7ecc0ed73f4a40d2_w26.png,7ecc0ed73f4a40d2,26,Field,Corona
train/pd/7efa77df3c9b02f3_w01.png,7efa77df3c9b02f3,1,Lab,Void
train/pd/7efa77df3c9b02f3_w04.png,7efa77df3c9b02f3,4,Lab,Void
train/pd/7efa77df3c9b02f3_w09.png,7efa77df3c9b02f3,9,Lab,Void
train/pd/7efa77df3c9b02f3_w11.png,7efa77df3c9b02f3,11,Lab,Void
train/pd/7efa77df3c9b02f3_w12.png,7efa77df3c9b02f3,12,Lab,Void
train/pd/7efa77df3c9b02f3_w15.png,7efa77df3c9b02f3,15,Lab,Void
train/pd/7efa77df3c9b02f3_w24.png,7efa77df3c9b02f3,24,Lab,Void
train/pd/7efa77df3c9b02f3_w25.png,7efa77df3c9b02f3,25,Lab,Void
train/pd/7f0d5cfd9dc82995_w02.png,7f0d5cfd9dc82995,2,Lab,Corona
train/pd/7f0d5cfd9dc82995_w03.png,7f0d5cfd9dc82995,3,Lab,Corona
train/pd/7f0d5cfd9dc82995_w04.png,7f0d5cfd9dc82995,4,Lab,Corona
train/pd/7f0d5cfd9dc82995_w06.png,7f0d5cfd9dc82995,6,Lab,Corona
train/pd/7f0d5cfd9dc82995_w08.png,7f0d5cfd9dc82995,8,Lab,Corona
train/pd/7f0d5cfd9dc82995_w10.png,7f0d5cfd9dc82995,10,Lab,Corona
train/pd/7f0d5cfd9dc82995_w17.png,7f0d5cfd9dc82995,17,Lab,Corona
train/pd/7f0d5cfd9dc82995_w25.png,7f0d5cfd9dc82995,25,Lab,Corona
train/pd/7f814bb4227f7a0c_w01.png,7f814bb4227f7a0c,1,Field,Void
train/pd/7f814bb4227f7a0c_w02.png,7f814bb4227f7a0c,2,Field,Void
train/pd/7f814bb4227f7a0c_w03.png,7f814bb4227f7a0c,3,Field,Void
train/pd/7f814bb4227f7a0c_w19.png,7f814bb4227f7a0c,19,Field,Void
train/pd/7f814bb4227f7a0c_w22.png,7f814bb4227f7a0c,22,Field,Void
train/pd/7f814bb4227f7a0c_w23.png,7f814bb4227f7a0c,23,Field,Void
train/pd/7f814bb4227f7a0c_w26.png,7f814bb4227f7a0c,26,Field,Void
train/pd/7f814bb4227f7a0c_w27.png,7f814bb4227f7a0c,27,Field,Void
train/pd/7fa02e566b91381d_w02.png,7fa02e566b91381d,2,Lab,Floating
train/pd/7fa02e566b91381d_w03.png,7fa02e566b91381d,3,Lab,Floating
train/pd/7fa02e566b91381d_w05.png,7fa02e566b91381d,5,Lab,Floating
train/pd/7fa02e566b91381d_w07.png,7fa02e566b91381d,7,Lab,Floating
train/pd/7fa02e566b91381d_w12.png,7fa02e566b91381d,12,Lab,Floating
train/pd/7fa02e566b91381d_w16.png,7fa02e566b91381d,16,Lab,Floating
train/pd/7fa02e566b91381d_w21.png,7fa02e566b91381d,21,Lab,Floating
train/pd/7fa02e566b91381d_w24.png,7fa02e566b91381d,24,Lab,Floating
train/pd/7fc65522d8b3ad2b_w02.png,7fc65522d8b3ad2b,2,Lab,Void
train/pd/7fc65522d8b3ad2b_w09.png,7fc65522d8b3ad2b,9,Lab,Void
train/pd/7fc65522d8b3ad2b_w10.png,7fc65522d8b3ad2b,10,Lab,Void
train/pd/7fc65522d8b3ad2b_w13.png,7fc65522d8b3ad2b,13,Lab,Void
train/pd/7fc65522d8b3ad2b_w15.png,7fc65522d8b3ad2b,15,Lab,Void
train/pd/7fc65522d8b3ad2b_w16.png,7fc65522d8b3ad2b,16,Lab,Void
train/pd/7fc65522d8b3ad2b_w20.png,7fc65522d8b3ad2b,20,Lab,Void
train/pd/7fc65522d8b3ad2b_w21.png,7fc65522d8b3ad2b,21,Lab,Void
train/pd/80103d43d17da672_w01.png,80103d43d17da672,1,Field,Floating
train/pd/80103d43d17da672_w02.png,80103d43d17da672,2,Field,Floating
train/pd/80103d43d17da672_w04.png,80103d43d17da672,4,Field,Floating
train/pd/80103d43d17da672_w09.png,80103d43d17da672,9,Field,Floating
train/pd/80103d43d17da672_w11.png,80103d43d17da672,11,Field,Floating
train/pd/80103d43d17da672_w14.png,80103d43d17da672,14,Field,Floating
train/pd/80103d43d17da672_w15.png,80103d43d17da672,15,Field,Floating
train/pd/80103d43d17da672_w16.png,80103d43d17da672,16,Field,Floating
train/pd/802ab606a7314c08_w01.png,802ab606a7314c08,1,Field,Void
train/pd/802ab606a7314c08_w10.png,802ab606a7314c08,10,Field,Void
train/pd/802ab606a7314c08_w13.png,802ab606a7314c08,13,Field,Void
train/pd/802ab606a7314c08_w16.png,802ab606a7314c08,16,Field,Void
train/pd/802ab606a7314c08_w22.png,802ab606a7314c08,22,Field,Void
train/pd/802ab606a7314c08_w24.png,802ab606a7314c08,24,Field,Void
train/pd/802ab606a7314c08_w26.png,802ab606a7314c08,26,Field,Void
train/pd/802ab606a7314c08_w27.png,802ab606a7314c08,27,Field,Void
train/pd/8031f3c924abe380_w03.png,8031f3c924abe380,3,Lab,Corona
train/pd/8031f3c924abe380_w05.png,8031f3c924abe380,5,Lab,Corona
train/pd/8031f3c924abe380_w06.png,8031f3c924abe380,6,Lab,Corona
train/pd/8031f3c924abe380_w11.png,8031f3c924abe380,11,Lab,Corona
train/pd/8031f3c924abe380_w17.png,8031f3c924abe380,17,Lab,Corona
train/pd/8031f3c924abe380_w18.png,8031f3c924abe380,18,Lab,Corona
train/pd/8031f3c924abe380_w19.png,8031f3c924abe380,19,Lab,Corona
train/pd/8031f3c924abe380_w27.png,8031f3c924abe380,27,Lab,Corona
train/pd/804478e8a3494436_w00.png,804478e8a3494436,0,Lab,Corona
train/pd/804478e8a3494436_w01.png,804478e8a3494436,1,Lab,Corona
train/pd/804478e8a3494436_w02.png,804478e8a3494436,2,Lab,Corona
train/pd/804478e8a3494436_w09.png,804478e8a3494436,9,Lab,Corona
train/pd/804478e8a3494436_w13.png,804478e8a3494436,13,Lab,Corona
train/pd/804478e8a3494436_w18.png,804478e8a3494436,18,Lab,Corona
train/pd/804478e8a3494436_w19.png,804478e8a3494436,19,Lab,Corona
train/pd/804478e8a3494436_w20.png,804478e8a3494436,20,Lab,Corona
train/pd/805f7769820d21f7_w06.png,805f7769820d21f7,6,Lab,Void
train/pd/805f7769820d21f7_w07.png,805f7769820d21f7,7,Lab,Void
train/pd/805f7769820d21f7_w11.png,805f7769820d21f7,11,Lab,Void
train/pd/805f7769820d21f7_w12.png,805f7769820d21f7,12,Lab,Void
train/pd/805f7769820d21f7_w15.png,805f7769820d21f7,15,Lab,Void
train/pd/805f7769820d21f7_w20.png,805f7769820d21f7,20,Lab,Void
train/pd/805f7769820d21f7_w24.png,805f7769820d21f7,24,Lab,Void
train/pd/805f7769820d21f7_w27.png,805f7769820d21f7,27,Lab,Void
train/pd/8074cdc80725edea_w00.png,8074cdc80725edea,0,Lab,Void
train/pd/8074cdc80725edea_w09.png,8074cdc80725edea,9,Lab,Void
train/pd/8074cdc80725edea_w10.png,8074cdc80725edea,10,Lab,Void
train/pd/8074cdc80725edea_w11.png,8074cdc80725edea,11,Lab,Void
train/pd/8074cdc80725edea_w14.png,8074cdc80725edea,14,Lab,Void
train/pd/8074cdc80725edea_w18.png,8074cdc80725edea,18,Lab,Void
train/pd/8074cdc80725edea_w24.png,8074cdc80725edea,24,Lab,Void
train/pd/8074cdc80725edea_w26.png,8074cdc80725edea,26,Lab,Void
train/pd/807a64e2d5160aaf_w03.png,807a64e2d5160aaf,3,Lab,Particle
train/pd/807a64e2d5160aaf_w04.png,807a64e2d5160aaf,4,Lab,Particle
train/pd/807a64e2d5160aaf_w06.png,807a64e2d5160aaf,6,Lab,Particle
train/pd/807a64e2d5160aaf_w18.png,807a64e2d5160aaf,18,Lab,Particle
train/pd/807a64e2d5160aaf_w19.png,807a64e2d5160aaf,19,Lab,Particle
train/pd/807a64e2d5160aaf_w21.png,807a64e2d5160aaf,21,Lab,Particle
train/pd/807a64e2d5160aaf_w24.png,807a64e2d5160aaf,24,Lab,Particle
train/pd/807a64e2d5160aaf_w25.png,807a64e2d5160aaf,25,Lab,Particle
train/pd/808efed2b327d252_w04.png,808efed2b327d252,4,Lab,Corona
train/pd/808efed2b327d252_w07.png,808efed2b327d252,7,Lab,Corona
train/pd/808efed2b327d252_w11.png,808efed2b327d252,11,Lab,Corona
train/pd/808efed2b327d252_w12.png,808efed2b327d252,12,Lab,Corona
train/pd/808efed2b327d252_w15.png,808efed2b327d252,15,Lab,Corona
train/pd/808efed2b327d252_w17.png,808efed2b327d252,17,Lab,Corona
train/pd/808efed2b327d252_w20.png,808efed2b327d252,20,Lab,Corona
train/pd/808efed2b327d252_w22.png,808efed2b327d252,22,Lab,Corona
train/pd/80a5d95ff5236a11_w02.png,80a5d95ff5236a11,2,Field,Void
train/pd/80a5d95ff5236a11_w06.png,80a5d95ff5236a11,6,Field,Void
train/pd/80a5d95ff5236a11_w07.png,80a5d95ff5236a11,7,Field,Void
train/pd/80a5d95ff5236a11_w12.png,80a5d95ff5236a11,12,Field,Void
train/pd/80a5d95ff5236a11_w13.png,80a5d95ff5236a11,13,Field,Void
train/pd/80a5d95ff5236a11_w17.png,80a5d95ff5236a11,17,Field,Void
train/pd/80a5d95ff5236a11_w21.png,80a5d95ff5236a11,21,Field,Void
train/pd/80a5d95ff5236a11_w22.png,80a5d95ff5236a11,22,Field,Void
train/pd/80d2c15a0568f6b1_w00.png,80d2c15a0568f6b1,0,Lab,Corona
train/pd/80d2c15a0568f6b1_w08.png,80d2c15a0568f6b1,8,Lab,Corona
train/pd/80d2c15a0568f6b1_w11.png,80d2c15a0568f6b1,11,Lab,Corona
train/pd/80d2c15a0568f6b1_w14.png,80d2c15a0568f6b1,14,Lab,Corona
train/pd/80d2c15a0568f6b1_w16.png,80d2c15a0568f6b1,16,Lab,Corona
train/pd/80d2c15a0568f6b1_w17.png,80d2c15a0568f6b1,17,Lab,Corona
train/pd/80d2c15a0568f6b1_w21.png,80d2c15a0568f6b1,21,Lab,Corona
train/pd/80d2c15a0568f6b1_w25.png,80d2c15a0568f6b1,25,Lab,Corona
train/pd/80d428f3f1d26a09_w01.png,80d428f3f1d26a09,1,Field,Void
train/pd/80d428f3f1d26a09_w07.png,80d428f3f1d26a09,7,Field,Void
train/pd/80d428f3f1d26a09_w08.png,80d428f3f1d26a09,8,Field,Void
train/pd/80d428f3f1d26a09_w09.png,80d428f3f1d26a09,9,Field,Void
train/pd/80d428f3f1d26a09_w13.png,80d428f3f1d26a09,13,Field,Void
train/pd/80d428f3f1d26a09_w22.png,80d428f3f1d26a09,22,Field,Void
train/pd/80d428f3f1d26a09_w26.png,80d428f3f1d26a09,26,Field,Void
train/pd/80d428f3f1d26a09_w27.png,80d428f3f1d26a09,27,Field,Void
train/pd/810b7df07bbaa3c7_w02.png,810b7df07bbaa3c7,2,Field,Corona
train/pd/810b7df07bbaa3c7_w03.png,810b7df07bbaa3c7,3,Field,Corona
train/pd/810b7df07bbaa3c7_w13.png,810b7df07bbaa3c7,13,Field,Corona
train/pd/810b7df07bbaa3c7_w14.png,810b7df07bbaa3c7,14,Field,Corona
train/pd/810b7df07bbaa3c7_w21.png,810b7df07bbaa3c7,21,Field,Corona
train/pd/810b7df07bbaa3c7_w22.png,810b7df07bbaa3c7,22,Field,Corona
train/pd/810b7df07bbaa3c7_w24.png,810b7df07bbaa3c7,24,Field,Corona
train/pd/810b7df07bbaa3c7_w25.png,810b7df07bbaa3c7,25,Field,Corona
train/pd/813748fc2e4d83c9_w00.png,813748fc2e4d83c9,0,Lab,Void
train/pd/813748fc2e4d83c9_w02.png,813748fc2e4d83c9,2,Lab,Void
train/pd/813748fc2e4d83c9_w09.png,813748fc2e4d83c9,9,Lab,Void
train/pd/813748fc2e4d83c9_w13.png,813748fc2e4d83c9,13,Lab,Void
train/pd/813748fc2e4d83c9_w17.png,813748fc2e4d83c9,17,Lab,Void
train/pd/813748fc2e4d83c9_w18.png,813748fc2e4d83c9,18,Lab,Void
train/pd/813748fc2e4d83c9_w22.png,813748fc2e4d83c9,22,Lab,Void
train/pd/813748fc2e4d83c9_w27.png,813748fc2e4d83c9,27,Lab,Void
train/pd/817b609504173c41_w03.png,817b609504173c41,3,Lab,Void
train/pd/817b609504173c41_w07.png,817b609504173c41,7,Lab,Void
train/pd/817b609504173c41_w08.png,817b609504173c41,8,Lab,Void
train/pd/817b609504173c41_w13.png,817b609504173c41,13,Lab,Void
train/pd/817b609504173c41_w16.png,817b609504173c41,16,Lab,Void
train/pd/817b609504173c41_w17.png,817b609504173c41,17,Lab,Void
train/pd/817b609504173c41_w23.png,817b609504173c41,23,Lab,Void
train/pd/817b609504173c41_w25.png,817b609504173c41,25,Lab,Void
train/pd/818258f17d6154be_w06.png,818258f17d6154be,6,Lab,Floating
train/pd/818258f17d6154be_w07.png,818258f17d6154be,7,Lab,Floating
train/pd/818258f17d6154be_w11.png,818258f17d6154be,11,Lab,Floating
train/pd/818258f17d6154be_w14.png,818258f17d6154be,14,Lab,Floating
train/pd/818258f17d6154be_w17.png,818258f17d6154be,17,Lab,Floating
train/pd/818258f17d6154be_w22.png,818258f17d6154be,22,Lab,Floating
train/pd/818258f17d6154be_w23.png,818258f17d6154be,23,Lab,Floating
train/pd/818258f17d6154be_w26.png,818258f17d6154be,26,Lab,Floating
train/pd/81a34254c9b5f71f_w02.png,81a34254c9b5f71f,2,Lab,Void
train/pd/81a34254c9b5f71f_w03.png,81a34254c9b5f71f,3,Lab,Void
train/pd/81a34254c9b5f71f_w13.png,81a34254c9b5f71f,13,Lab,Void
train/pd/81a34254c9b5f71f_w15.png,81a34254c9b5f71f,15,Lab,Void
train/pd/81a34254c9b5f71f_w16.png,81a34254c9b5f71f,16,Lab,Void
train/pd/81a34254c9b5f71f_w21.png,81a34254c9b5f71f,21,Lab,Void
train/pd/81a34254c9b5f71f_w24.png,81a34254c9b5f71f,24,Lab,Void
train/pd/81a34254c9b5f71f_w25.png,81a34254c9b5f71f,25,Lab,Void
train/pd/81b0ea40133be371_w00.png,81b0ea40133be371,0,Lab,Particle
train/pd/81b0ea40133be371_w03.png,81b0ea40133be371,3,Lab,Particle
train/pd/81b0ea40133be371_w08.png,81b0ea40133be371,8,Lab,Particle
train/pd/81b0ea40133be371_w13.png,81b0ea40133be371,13,Lab,Particle
train/pd/81b0ea40133be371_w14.png,81b0ea40133be371,14,Lab,Particle
train/pd/81b0ea40133be371_w18.png,81b0ea40133be371,18,Lab,Particle
train/pd/81b0ea40133be371_w24.png,81b0ea40133be371,24,Lab,Particle
train/pd/81b0ea40133be371_w27.png,81b0ea40133be371,27,Lab,Particle
train/pd/821d3cd0da74c33f_w00.png,821d3cd0da74c33f,0,Lab,Particle
train/pd/821d3cd0da74c33f_w01.png,821d3cd0da74c33f,1,Lab,Particle
train/pd/821d3cd0da74c33f_w03.png,821d3cd0da74c33f,3,Lab,Particle
train/pd/821d3cd0da74c33f_w04.png,821d3cd0da74c33f,4,Lab,Particle
train/pd/821d3cd0da74c33f_w07.png,821d3cd0da74c33f,7,Lab,Particle
train/pd/821d3cd0da74c33f_w10.png,821d3cd0da74c33f,10,Lab,Particle
train/pd/821d3cd0da74c33f_w12.png,821d3cd0da74c33f,12,Lab,Particle
train/pd/821d3cd0da74c33f_w15.png,821d3cd0da74c33f,15,Lab,Particle
train/pd/8244854ccb8b4023_w01.png,8244854ccb8b4023,1,Lab,Void
train/pd/8244854ccb8b4023_w03.png,8244854ccb8b4023,3,Lab,Void
train/pd/8244854ccb8b4023_w09.png,8244854ccb8b4023,9,Lab,Void
train/pd/8244854ccb8b4023_w14.png,8244854ccb8b4023,14,Lab,Void
train/pd/8244854ccb8b4023_w16.png,8244854ccb8b4023,16,Lab,Void
train/pd/8244854ccb8b4023_w18.png,8244854ccb8b4023,18,Lab,Void
train/pd/8244854ccb8b4023_w19.png,8244854ccb8b4023,19,Lab,Void
train/pd/8244854ccb8b4023_w26.png,8244854ccb8b4023,26,Lab,Void
train/pd/825158c2d64fe5b9_w09.png,825158c2d64fe5b9,9,Field,Void
train/pd/825158c2d64fe5b9_w13.png,825158c2d64fe5b9,13,Field,Void
train/pd/825158c2d64fe5b9_w14.png,825158c2d64fe5b9,14,Field,Void
train/pd/825158c2d64fe5b9_w16.png,825158c2d64fe5b9,16,Field,Void
train/pd/825158c2d64fe5b9_w19.png,825158c2d64fe5b9,19,Field,Void
train/pd/825158c2d64fe5b9_w20.png,825158c2d64fe5b9,20,Field,Void
train/pd/825158c2d64fe5b9_w25.png,825158c2d64fe5b9,25,Field,Void
train/pd/825158c2d64fe5b9_w26.png,825158c2d64fe5b9,26,Field,Void
train/pd/8252a51104f40eaf_w00.png,8252a51104f40eaf,0,Field,Floating
train/pd/8252a51104f40eaf_w01.png,8252a51104f40eaf,1,Field,Floating
train/pd/8252a51104f40eaf_w03.png,8252a51104f40eaf,3,Field,Floating
train/pd/8252a51104f40eaf_w04.png,8252a51104f40eaf,4,Field,Floating
train/pd/8252a51104f40eaf_w17.png,8252a51104f40eaf,17,Field,Floating
train/pd/8252a51104f40eaf_w22.png,8252a51104f40eaf,22,Field,Floating
train/pd/8252a51104f40eaf_w23.png,8252a51104f40eaf,23,Field,Floating
train/pd/8252a51104f40eaf_w27.png,8252a51104f40eaf,27,Field,Floating
train/pd/82788e73515480a5_w07.png,82788e73515480a5,7,Lab,Particle
train/pd/82788e73515480a5_w09.png,82788e73515480a5,9,Lab,Particle
train/pd/82788e73515480a5_w10.png,82788e73515480a5,10,Lab,Particle
train/pd/82788e73515480a5_w11.png,82788e73515480a5,11,Lab,Particle
train/pd/82788e73515480a5_w14.png,82788e73515480a5,14,Lab,Particle
train/pd/82788e73515480a5_w15.png,82788e73515480a5,15,Lab,Particle
train/pd/82788e73515480a5_w17.png,82788e73515480a5,17,Lab,Particle
train/pd/82788e73515480a5_w24.png,82788e73515480a5,24,Lab,Particle
train/pd/82860a7107dd50b6_w00.png,82860a7107dd50b6,0,Lab,Void
train/pd/82860a7107dd50b6_w01.png,82860a7107dd50b6,1,Lab,Void
train/pd/82860a7107dd50b6_w04.png,82860a7107dd50b6,4,Lab,Void
train/pd/82860a7107dd50b6_w11.png,82860a7107dd50b6,11,Lab,Void
train/pd/82860a7107dd50b6_w14.png,82860a7107dd50b6,14,Lab,Void
train/pd/82860a7107dd50b6_w24.png,82860a7107dd50b6,24,Lab,Void
train/pd/82860a7107dd50b6_w25.png,82860a7107dd50b6,25,Lab,Void
train/pd/82860a7107dd50b6_w26.png,82860a7107dd50b6,26,Lab,Void
train/pd/828827ae078a189d_w00.png,828827ae078a189d,0,Lab,Void
train/pd/828827ae078a189d_w05.png,828827ae078a189d,5,Lab,Void
train/pd/828827ae078a189d_w07.png,828827ae078a189d,7,Lab,Void
train/pd/828827ae078a189d_w09.png,828827ae078a189d,9,Lab,Void
train/pd/828827ae078a189d_w13.png,828827ae078a189d,13,Lab,Void
train/pd/828827ae078a189d_w14.png,828827ae078a189d,14,Lab,Void
train/pd/828827ae078a189d_w15.png,828827ae078a189d,15,Lab,Void
train/pd/828827ae078a189d_w18.png,828827ae078a189d,18,Lab,Void
train/pd/82a32e1213b09782_w03.png,82a32e1213b09782,3,Lab,Void
train/pd/82a32e1213b09782_w07.png,82a32e1213b09782,7,Lab,Void
train/pd/82a32e1213b09782_w08.png,82a32e1213b09782,8,Lab,Void
train/pd/82a32e1213b09782_w12.png,82a32e1213b09782,12,Lab,Void
train/pd/82a32e1213b09782_w13.png,82a32e1213b09782,13,Lab,Void
train/pd/82a32e1213b09782_w15.png,82a32e1213b09782,15,Lab,Void
train/pd/82a32e1213b09782_w21.png,82a32e1213b09782,21,Lab,Void
train/pd/82a32e1213b09782_w25.png,82a32e1213b09782,25,Lab,Void
train/pd/82b12a655cdf7252_w03.png,82b12a655cdf7252,3,Field,Floating
train/pd/82b12a655cdf7252_w06.png,82b12a655cdf7252,6,Field,Floating
train/pd/82b12a655cdf7252_w10.png,82b12a655cdf7252,10,Field,Floating
train/pd/82b12a655cdf7252_w12.png,82b12a655cdf7252,12,Field,Floating
train/pd/82b12a655cdf7252_w15.png,82b12a655cdf7252,15,Field,Floating
train/pd/82b12a655cdf7252_w20.png,82b12a655cdf7252,20,Field,Floating
train/pd/82b12a655cdf7252_w26.png,82b12a655cdf7252,26,Field,Floating
train/pd/82b12a655cdf7252_w27.png,82b12a655cdf7252,27,Field,Floating
train/pd/82f3fd66221f109e_w10.png,82f3fd66221f109e,10,Field,Void
train/pd/82f3fd66221f109e_w13.png,82f3fd66221f109e,13,Field,Void
train/pd/82f3fd66221f109e_w14.png,82f3fd66221f109e,14,Field,Void
train/pd/82f3fd66221f109e_w15.png,82f3fd66221f109e,15,Field,Void
train/pd/82f3fd66221f109e_w17.png,82f3fd66221f109e,17,Field,Void
train/pd/82f3fd66221f109e_w19.png,82f3fd66221f109e,19,Field,Void
train/pd/82f3fd66221f109e_w26.png,82f3fd66221f109e,26,Field,Void
train/pd/82f3fd66221f109e_w27.png,82f3fd66221f109e,27,Field,Void
train/pd/82f97c70fc55363c_w00.png,82f97c70fc55363c,0,Lab,Floating
train/pd/82f97c70fc55363c_w03.png,82f97c70fc55363c,3,Lab,Floating
train/pd/82f97c70fc55363c_w07.png,82f97c70fc55363c,7,Lab,Floating
train/pd/82f97c70fc55363c_w13.png,82f97c70fc55363c,13,Lab,Floating
train/pd/82f97c70fc55363c_w15.png,82f97c70fc55363c,15,Lab,Floating
train/pd/82f97c70fc55363c_w21.png,82f97c70fc55363c,21,Lab,Floating
train/pd/82f97c70fc55363c_w26.png,82f97c70fc55363c,26,Lab,Floating
train/pd/82f97c70fc55363c_w27.png,82f97c70fc55363c,27,Lab,Floating
train/pd/830afe4a2656069b_w01.png,830afe4a2656069b,1,Lab,Floating
train/pd/830afe4a2656069b_w12.png,830afe4a2656069b,12,Lab,Floating
train/pd/830afe4a2656069b_w14.png,830afe4a2656069b,14,Lab,Floating
train/pd/830afe4a2656069b_w15.png,830afe4a2656069b,15,Lab,Floating
train/pd/830afe4a2656069b_w21.png,830afe4a2656069b,21,Lab,Floating
train/pd/830afe4a2656069b_w22.png,830afe4a2656069b,22,Lab,Floating
train/pd/830afe4a2656069b_w25.png,830afe4a2656069b,25,Lab,Floating
train/pd/830afe4a2656069b_w26.png,830afe4a2656069b,26,Lab,Floating
train/pd/834c84b3b99ec1dd_w00.png,834c84b3b99ec1dd,0,Lab,Void
train/pd/834c84b3b99ec1dd_w06.png,834c84b3b99ec1dd,6,Lab,Void
train/pd/834c84b3b99ec1dd_w08.png,834c84b3b99ec1dd,8,Lab,Void
train/pd/834c84b3b99ec1dd_w14.png,834c84b3b99ec1dd,14,Lab,Void
train/pd/834c84b3b99ec1dd_w16.png,834c84b3b99ec1dd,16,Lab,Void
train/pd/834c84b3b99ec1dd_w17.png,834c84b3b99ec1dd,17,Lab,Void
train/pd/834c84b3b99ec1dd_w20.png,834c84b3b99ec1dd,20,Lab,Void
train/pd/834c84b3b99ec1dd_w23.png,834c84b3b99ec1dd,23,Lab,Void
train/pd/834e0304cefc17d1_w06.png,834e0304cefc17d1,6,Lab,Floating
train/pd/834e0304cefc17d1_w09.png,834e0304cefc17d1,9,Lab,Floating
train/pd/834e0304cefc17d1_w15.png,834e0304cefc17d1,15,Lab,Floating
train/pd/834e0304cefc17d1_w16.png,834e0304cefc17d1,16,Lab,Floating
train/pd/834e0304cefc17d1_w17.png,834e0304cefc17d1,17,Lab,Floating
train/pd/834e0304cefc17d1_w19.png,834e0304cefc17d1,19,Lab,Floating
train/pd/834e0304cefc17d1_w22.png,834e0304cefc17d1,22,Lab,Floating
train/pd/834e0304cefc17d1_w25.png,834e0304cefc17d1,25,Lab,Floating
train/pd/836789467d9b8dee_w02.png,836789467d9b8dee,2,Field,Floating
train/pd/836789467d9b8dee_w03.png,836789467d9b8dee,3,Field,Floating
train/pd/836789467d9b8dee_w07.png,836789467d9b8dee,7,Field,Floating
train/pd/836789467d9b8dee_w11.png,836789467d9b8dee,11,Field,Floating
train/pd/836789467d9b8dee_w15.png,836789467d9b8dee,15,Field,Floating
train/pd/836789467d9b8dee_w16.png,836789467d9b8dee,16,Field,Floating
train/pd/836789467d9b8dee_w24.png,836789467d9b8dee,24,Field,Floating
train/pd/836789467d9b8dee_w26.png,836789467d9b8dee,26,Field,Floating
train/pd/836f1aeb04497627_w01.png,836f1aeb04497627,1,Lab,Floating
train/pd/836f1aeb04497627_w04.png,836f1aeb04497627,4,Lab,Floating
train/pd/836f1aeb04497627_w09.png,836f1aeb04497627,9,Lab,Floating
train/pd/836f1aeb04497627_w10.png,836f1aeb04497627,10,Lab,Floating
train/pd/836f1aeb04497627_w14.png,836f1aeb04497627,14,Lab,Floating
train/pd/836f1aeb04497627_w18.png,836f1aeb04497627,18,Lab,Floating
train/pd/836f1aeb04497627_w23.png,836f1aeb04497627,23,Lab,Floating
train/pd/836f1aeb04497627_w26.png,836f1aeb04497627,26,Lab,Floating
train/pd/8399916af50860bd_w01.png,8399916af50860bd,1,Lab,Floating
train/pd/8399916af50860bd_w04.png,8399916af50860bd,4,Lab,Floating
train/pd/8399916af50860bd_w07.png,8399916af50860bd,7,Lab,Floating
train/pd/8399916af50860bd_w10.png,8399916af50860bd,10,Lab,Floating
train/pd/8399916af50860bd_w11.png,8399916af50860bd,11,Lab,Floating
train/pd/8399916af50860bd_w18.png,8399916af50860bd,18,Lab,Floating
train/pd/8399916af50860bd_w19.png,8399916af50860bd,19,Lab,Floating
train/pd/8399916af50860bd_w27.png,8399916af50860bd,27,Lab,Floating
train/pd/839fae35306dfa21_w01.png,839fae35306dfa21,1,Lab,Floating
train/pd/839fae35306dfa21_w02.png,839fae35306dfa21,2,Lab,Floating
train/pd/839fae35306dfa21_w11.png,839fae35306dfa21,11,Lab,Floating
train/pd/839fae35306dfa21_w13.png,839fae35306dfa21,13,Lab,Floating
train/pd/839fae35306dfa21_w17.png,839fae35306dfa21,17,Lab,Floating
train/pd/839fae35306dfa21_w20.png,839fae35306dfa21,20,Lab,Floating
train/pd/839fae35306dfa21_w21.png,839fae35306dfa21,21,Lab,Floating
train/pd/839fae35306dfa21_w25.png,839fae35306dfa21,25,Lab,Floating
train/pd/8424b1e4d12ca8ba_w01.png,8424b1e4d12ca8ba,1,Lab,Void
train/pd/8424b1e4d12ca8ba_w03.png,8424b1e4d12ca8ba,3,Lab,Void
train/pd/8424b1e4d12ca8ba_w12.png,8424b1e4d12ca8ba,12,Lab,Void
train/pd/8424b1e4d12ca8ba_w16.png,8424b1e4d12ca8ba,16,Lab,Void
train/pd/8424b1e4d12ca8ba_w19.png,8424b1e4d12ca8ba,19,Lab,Void
train/pd/8424b1e4d12ca8ba_w20.png,8424b1e4d12ca8ba,20,Lab,Void
train/pd/8424b1e4d12ca8ba_w22.png,8424b1e4d12ca8ba,22,Lab,Void
train/pd/8424b1e4d12ca8ba_w24.png,8424b1e4d12ca8ba,24,Lab,Void
train/pd/8433480f7d1d6a31_w02.png,8433480f7d1d6a31,2,Lab,Floating
train/pd/8433480f7d1d6a31_w04.png,8433480f7d1d6a31,4,Lab,Floating
train/pd/8433480f7d1d6a31_w06.png,8433480f7d1d6a31,6,Lab,Floating
train/pd/8433480f7d1d6a31_w12.png,8433480f7d1d6a31,12,Lab,Floating
train/pd/8433480f7d1d6a31_w14.png,8433480f7d1d6a31,14,Lab,Floating
train/pd/8433480f7d1d6a31_w18.png,8433480f7d1d6a31,18,Lab,Floating
train/pd/8433480f7d1d6a31_w21.png,8433480f7d1d6a31,21,Lab,Floating
train/pd/8433480f7d1d6a31_w27.png,8433480f7d1d6a31,27,Lab,Floating
train/pd/845bb0ee336b5d46_w00.png,845bb0ee336b5d46,0,Lab,Corona
train/pd/845bb0ee336b5d46_w01.png,845bb0ee336b5d46,1,Lab,Corona
train/pd/845bb0ee336b5d46_w02.png,845bb0ee336b5d46,2,Lab,Corona
train/pd/845bb0ee336b5d46_w05.png,845bb0ee336b5d46,5,Lab,Corona
train/pd/845bb0ee336b5d46_w07.png,845bb0ee336b5d46,7,Lab,Corona
train/pd/845bb0ee336b5d46_w21.png,845bb0ee336b5d46,21,Lab,Corona
train/pd/845bb0ee336b5d46_w26.png,845bb0ee336b5d46,26,Lab,Corona
train/pd/845bb0ee336b5d46_w27.png,845bb0ee336b5d46,27,Lab,Corona
train/pd/8487a38d0d634493_w05.png,8487a38d0d634493,5,Lab,Floating
train/pd/8487a38d0d634493_w09.png,8487a38d0d634493,9,Lab,Floating
train/pd/8487a38d0d634493_w10.png,8487a38d0d634493,10,Lab,Floating
train/pd/8487a38d0d634493_w13.png,8487a38d0d634493,13,Lab,Floating
train/pd/8487a38d0d634493_w17.png,8487a38d0d634493,17,Lab,Floating
train/pd/8487a38d0d634493_w18.png,8487a38d0d634493,18,Lab,Floating
train/pd/8487a38d0d634493_w21.png,8487a38d0d634493,21,Lab,Floating
train/pd/8487a38d0d634493_w25.png,8487a38d0d634493,25,Lab,Floating
train/pd/84ca23825729b0d4_w01.png,84ca23825729b0d4,1,Lab,Particle
train/pd/84ca23825729b0d4_w10.png,84ca23825729b0d4,10,Lab,Particle
train/pd/84ca23825729b0d4_w12.png,84ca23825729b0d4,12,Lab,Particle
train/pd/84ca23825729b0d4_w13.png,84ca23825729b0d4,13,Lab,Particle
train/pd/84ca23825729b0d4_w14.png,84ca23825729b0d4,14,Lab,Particle
train/pd/84ca23825729b0d4_w18.png,84ca23825729b0d4,18,Lab,Particle
train/pd/84ca23825729b0d4_w20.png,84ca23825729b0d4,20,Lab,Particle
train/pd/84ca23825729b0d4_w22.png,84ca23825729b0d4,22,Lab,Particle
train/pd/85599cdcf95beaf6_w02.png,85599cdcf95beaf6,2,Lab,Particle
train/pd/85599cdcf95beaf6_w03.png,85599cdcf95beaf6,3,Lab,Particle
train/pd/85599cdcf95beaf6_w04.png,85599cdcf95beaf6,4,Lab,Particle
train/pd/85599cdcf95beaf6_w07.png,85599cdcf95beaf6,7,Lab,Particle
train/pd/85599cdcf95beaf6_w10.png,85599cdcf95beaf6,10,Lab,Particle
train/pd/85599cdcf95beaf6_w13.png,85599cdcf95beaf6,13,Lab,Particle
train/pd/85599cdcf95beaf6_w14.png,85599cdcf95beaf6,14,Lab,Particle
train/pd/85599cdcf95beaf6_w18.png,85599cdcf95beaf6,18,Lab,Particle
train/pd/85982d1c1de01fe5_w01.png,85982d1c1de01fe5,1,Field,Void
train/pd/85982d1c1de01fe5_w02.png,85982d1c1de01fe5,2,Field,Void
train/pd/85982d1c1de01fe5_w10.png,85982d1c1de01fe5,10,Field,Void
train/pd/85982d1c1de01fe5_w12.png,85982d1c1de01fe5,12,Field,Void
train/pd/85982d1c1de01fe5_w15.png,85982d1c1de01fe5,15,Field,Void
train/pd/85982d1c1de01fe5_w16.png,85982d1c1de01fe5,16,Field,Void
train/pd/85982d1c1de01fe5_w23.png,85982d1c1de01fe5,23,Field,Void
train/pd/85982d1c1de01fe5_w26.png,85982d1c1de01fe5,26,Field,Void
train/pd/85a378384a8022c3_w01.png,85a378384a8022c3,1,Lab,Corona
train/pd/85a378384a8022c3_w03.png,85a378384a8022c3,3,Lab,Corona
train/pd/85a378384a8022c3_w06.png,85a378384a8022c3,6,Lab,Corona
train/pd/85a378384a8022c3_w12.png,85a378384a8022c3,12,Lab,Corona
train/pd/85a378384a8022c3_w13.png,85a378384a8022c3,13,Lab,Corona
train/pd/85a378384a8022c3_w15.png,85a378384a8022c3,15,Lab,Corona
train/pd/85a378384a8022c3_w17.png,85a378384a8022c3,17,Lab,Corona
train/pd/85a378384a8022c3_w20.png,85a378384a8022c3,20,Lab,Corona
train/pd/85b7da745bcf19f3_w01.png,85b7da745bcf19f3,1,Lab,Void
train/pd/85b7da745bcf19f3_w05.png,85b7da745bcf19f3,5,Lab,Void
train/pd/85b7da745bcf19f3_w09.png,85b7da745bcf19f3,9,Lab,Void
train/pd/85b7da745bcf19f3_w13.png,85b7da745bcf19f3,13,Lab,Void
train/pd/85b7da745bcf19f3_w18.png,85b7da745bcf19f3,18,Lab,Void
train/pd/85b7da745bcf19f3_w19.png,85b7da745bcf19f3,19,Lab,Void
train/pd/85b7da745bcf19f3_w24.png,85b7da745bcf19f3,24,Lab,Void
train/pd/85b7da745bcf19f3_w27.png,85b7da745bcf19f3,27,Lab,Void
train/pd/85f0a03db1988533_w00.png,85f0a03db1988533,0,Lab,Corona
train/pd/85f0a03db1988533_w02.png,85f0a03db1988533,2,Lab,Corona
train/pd/85f0a03db1988533_w06.png,85f0a03db1988533,6,Lab,Corona
train/pd/85f0a03db1988533_w08.png,85f0a03db1988533,8,Lab,Corona
train/pd/85f0a03db1988533_w09.png,85f0a03db1988533,9,Lab,Corona
train/pd/85f0a03db1988533_w14.png,85f0a03db1988533,14,Lab,Corona
train/pd/85f0a03db1988533_w20.png,85f0a03db1988533,20,Lab,Corona
train/pd/85f0a03db1988533_w21.png,85f0a03db1988533,21,Lab,Corona
train/pd/85f851c93963a1ba_w00.png,85f851c93963a1ba,0,Lab,Void
train/pd/85f851c93963a1ba_w05.png,85f851c93963a1ba,5,Lab,Void
train/pd/85f851c93963a1ba_w09.png,85f851c93963a1ba,9,Lab,Void
train/pd/85f851c93963a1ba_w10.png,85f851c93963a1ba,10,Lab,Void
train/pd/85f851c93963a1ba_w14.png,85f851c93963a1ba,14,Lab,Void
train/pd/85f851c93963a1ba_w21.png,85f851c93963a1ba,21,Lab,Void
train/pd/85f851c93963a1ba_w24.png,85f851c93963a1ba,24,Lab,Void
train/pd/85f851c93963a1ba_w26.png,85f851c93963a1ba,26,Lab,Void
train/pd/85fb3a8d39973e53_w04.png,85fb3a8d39973e53,4,Lab,Floating
train/pd/85fb3a8d39973e53_w06.png,85fb3a8d39973e53,6,Lab,Floating
train/pd/85fb3a8d39973e53_w07.png,85fb3a8d39973e53,7,Lab,Floating
train/pd/85fb3a8d39973e53_w08.png,85fb3a8d39973e53,8,Lab,Floating
train/pd/85fb3a8d39973e53_w11.png,85fb3a8d39973e53,11,Lab,Floating
train/pd/85fb3a8d39973e53_w12.png,85fb3a8d39973e53,12,Lab,Floating
train/pd/85fb3a8d39973e53_w18.png,85fb3a8d39973e53,18,Lab,Floating
train/pd/85fb3a8d39973e53_w25.png,85fb3a8d39973e53,25,Lab,Floating
train/pd/8613099635394451_w00.png,8613099635394451,0,Lab,Particle
train/pd/8613099635394451_w06.png,8613099635394451,6,Lab,Particle
train/pd/8613099635394451_w07.png,8613099635394451,7,Lab,Particle
train/pd/8613099635394451_w13.png,8613099635394451,13,Lab,Particle
train/pd/8613099635394451_w20.png,8613099635394451,20,Lab,Particle
train/pd/8613099635394451_w24.png,8613099635394451,24,Lab,Particle
train/pd/8613099635394451_w25.png,8613099635394451,25,Lab,Particle
train/pd/8613099635394451_w27.png,8613099635394451,27,Lab,Particle
train/pd/8650307f03f3368c_w00.png,8650307f03f3368c,0,Lab,Corona
train/pd/8650307f03f3368c_w02.png,8650307f03f3368c,2,Lab,Corona
train/pd/8650307f03f3368c_w03.png,8650307f03f3368c,3,Lab,Corona
train/pd/8650307f03f3368c_w04.png,8650307f03f3368c,4,Lab,Corona
train/pd/8650307f03f3368c_w05.png,8650307f03f3368c,5,Lab,Corona
train/pd/8650307f03f3368c_w17.png,8650307f03f3368c,17,Lab,Corona
train/pd/8650307f03f3368c_w21.png,8650307f03f3368c,21,Lab,Corona
train/pd/8650307f03f3368c_w25.png,8650307f03f3368c,25,Lab,Corona
train/pd/86540320b8498b2c_w05.png,86540320b8498b2c,5,Lab,Floating
train/pd/86540320b8498b2c_w07.png,86540320b8498b2c,7,Lab,Floating
train/pd/86540320b8498b2c_w08.png,86540320b8498b2c,8,Lab,Floating
train/pd/86540320b8498b2c_w16.png,86540320b8498b2c,16,Lab,Floating
train/pd/86540320b8498b2c_w19.png,86540320b8498b2c,19,Lab,Floating
train/pd/86540320b8498b2c_w20.png,86540320b8498b2c,20,Lab,Floating
train/pd/86540320b8498b2c_w21.png,86540320b8498b2c,21,Lab,Floating
train/pd/86540320b8498b2c_w25.png,86540320b8498b2c,25,Lab,Floating
train/pd/865d932b3b16532a_w00.png,865d932b3b16532a,0,Field,Void
train/pd/865d932b3b16532a_w06.png,865d932b3b16532a,6,Field,Void
train/pd/865d932b3b16532a_w09.png,865d932b3b16532a,9,Field,Void
train/pd/865d932b3b16532a_w11.png,865d932b3b16532a,11,Field,Void
train/pd/865d932b3b16532a_w13.png,865d932b3b16532a,13,Field,Void
train/pd/865d932b3b16532a_w15.png,865d932b3b16532a,15,Field,Void
train/pd/865d932b3b16532a_w20.png,865d932b3b16532a,20,Field,Void
train/pd/865d932b3b16532a_w27.png,865d932b3b16532a,27,Field,Void
train/pd/8665dfcbc8808005_w01.png,8665dfcbc8808005,1,Lab,Void
train/pd/8665dfcbc8808005_w02.png,8665dfcbc8808005,2,Lab,Void
train/pd/8665dfcbc8808005_w06.png,8665dfcbc8808005,6,Lab,Void
train/pd/8665dfcbc8808005_w10.png,8665dfcbc8808005,10,Lab,Void
train/pd/8665dfcbc8808005_w15.png,8665dfcbc8808005,15,Lab,Void
train/pd/8665dfcbc8808005_w19.png,8665dfcbc8808005,19,Lab,Void
train/pd/8665dfcbc8808005_w20.png,8665dfcbc8808005,20,Lab,Void
train/pd/8665dfcbc8808005_w27.png,8665dfcbc8808005,27,Lab,Void
train/pd/866d9c8ec5bd18e2_w04.png,866d9c8ec5bd18e2,4,Field,Void
train/pd/866d9c8ec5bd18e2_w05.png,866d9c8ec5bd18e2,5,Field,Void
train/pd/866d9c8ec5bd18e2_w09.png,866d9c8ec5bd18e2,9,Field,Void
train/pd/866d9c8ec5bd18e2_w14.png,866d9c8ec5bd18e2,14,Field,Void
train/pd/866d9c8ec5bd18e2_w15.png,866d9c8ec5bd18e2,15,Field,Void
train/pd/866d9c8ec5bd18e2_w16.png,866d9c8ec5bd18e2,16,Field,Void
train/pd/866d9c8ec5bd18e2_w19.png,866d9c8ec5bd18e2,19,Field,Void
train/pd/866d9c8ec5bd18e2_w20.png,866d9c8ec5bd18e2,20,Field,Void
train/pd/86715b0e2643f8ff_w03.png,86715b0e2643f8ff,3,Lab,Void
train/pd/86715b0e2643f8ff_w10.png,86715b0e2643f8ff,10,Lab,Void
train/pd/86715b0e2643f8ff_w11.png,86715b0e2643f8ff,11,Lab,Void
train/pd/86715b0e2643f8ff_w12.png,86715b0e2643f8ff,12,Lab,Void
train/pd/86715b0e2643f8ff_w19.png,86715b0e2643f8ff,19,Lab,Void
train/pd/86715b0e2643f8ff_w23.png,86715b0e2643f8ff,23,Lab,Void
train/pd/86715b0e2643f8ff_w24.png,86715b0e2643f8ff,24,Lab,Void
train/pd/86715b0e2643f8ff_w25.png,86715b0e2643f8ff,25,Lab,Void
train/pd/875a3cc54f2eeb69_w05.png,875a3cc54f2eeb69,5,Lab,Particle
train/pd/875a3cc54f2eeb69_w07.png,875a3cc54f2eeb69,7,Lab,Particle
train/pd/875a3cc54f2eeb69_w10.png,875a3cc54f2eeb69,10,Lab,Particle
train/pd/875a3cc54f2eeb69_w13.png,875a3cc54f2eeb69,13,Lab,Particle
train/pd/875a3cc54f2eeb69_w16.png,875a3cc54f2eeb69,16,Lab,Particle
train/pd/875a3cc54f2eeb69_w17.png,875a3cc54f2eeb69,17,Lab,Particle
train/pd/875a3cc54f2eeb69_w20.png,875a3cc54f2eeb69,20,Lab,Particle
train/pd/875a3cc54f2eeb69_w25.png,875a3cc54f2eeb69,25,Lab,Particle
train/pd/8770d4ef431751a4_w01.png,8770d4ef431751a4,1,Field,Floating
train/pd/8770d4ef431751a4_w03.png,8770d4ef431751a4,3,Field,Floating
train/pd/8770d4ef431751a4_w11.png,8770d4ef431751a4,11,Field,Floating
train/pd/8770d4ef431751a4_w14.png,8770d4ef431751a4,14,Field,Floating
train/pd/8770d4ef431751a4_w16.png,8770d4ef431751a4,16,Field,Floating
train/pd/8770d4ef431751a4_w19.png,8770d4ef431751a4,19,Field,Floating
train/pd/8770d4ef431751a4_w20.png,8770d4ef431751a4,20,Field,Floating
train/pd/8770d4ef431751a4_w23.png,8770d4ef431751a4,23,Field,Floating
train/pd/8786add935e296c9_w05.png,8786add935e296c9,5,Lab,Floating
train/pd/8786add935e296c9_w06.png,8786add935e296c9,6,Lab,Floating
train/pd/8786add935e296c9_w07.png,8786add935e296c9,7,Lab,Floating
train/pd/8786add935e296c9_w08.png,8786add935e296c9,8,Lab,Floating
train/pd/8786add935e296c9_w13.png,8786add935e296c9,13,Lab,Floating
train/pd/8786add935e296c9_w22.png,8786add935e296c9,22,Lab,Floating
train/pd/8786add935e296c9_w23.png,8786add935e296c9,23,Lab,Floating
train/pd/8786add935e296c9_w27.png,8786add935e296c9,27,Lab,Floating
train/pd/878ea9646817b077_w00.png,878ea9646817b077,0,Lab,Particle
train/pd/878ea9646817b077_w03.png,878ea9646817b077,3,Lab,Particle
train/pd/878ea9646817b077_w04.png,878ea9646817b077,4,Lab,Particle
train/pd/878ea9646817b077_w08.png,878ea9646817b077,8,Lab,Particle
train/pd/878ea9646817b077_w14.png,878ea9646817b077,14,Lab,Particle
train/pd/878ea9646817b077_w16.png,878ea9646817b077,16,Lab,Particle
train/pd/878ea9646817b077_w17.png,878ea9646817b077,17,Lab,Particle
train/pd/878ea9646817b077_w24.png,878ea9646817b077,24,Lab,Particle
train/pd/87a2597dc12ca715_w01.png,87a2597dc12ca715,1,Lab,Void
train/pd/87a2597dc12ca715_w02.png,87a2597dc12ca715,2,Lab,Void
train/pd/87a2597dc12ca715_w03.png,87a2597dc12ca715,3,Lab,Void
train/pd/87a2597dc12ca715_w05.png,87a2597dc12ca715,5,Lab,Void
train/pd/87a2597dc12ca715_w11.png,87a2597dc12ca715,11,Lab,Void
train/pd/87a2597dc12ca715_w16.png,87a2597dc12ca715,16,Lab,Void
train/pd/87a2597dc12ca715_w18.png,87a2597dc12ca715,18,Lab,Void
train/pd/87a2597dc12ca715_w26.png,87a2597dc12ca715,26,Lab,Void
train/pd/87b2988abd774250_w06.png,87b2988abd774250,6,Lab,Corona
train/pd/87b2988abd774250_w07.png,87b2988abd774250,7,Lab,Corona
train/pd/87b2988abd774250_w11.png,87b2988abd774250,11,Lab,Corona
train/pd/87b2988abd774250_w12.png,87b2988abd774250,12,Lab,Corona
train/pd/87b2988abd774250_w13.png,87b2988abd774250,13,Lab,Corona
train/pd/87b2988abd774250_w16.png,87b2988abd774250,16,Lab,Corona
train/pd/87b2988abd774250_w25.png,87b2988abd774250,25,Lab,Corona
train/pd/87b2988abd774250_w27.png,87b2988abd774250,27,Lab,Corona
train/pd/87dcc03f2f8677b1_w03.png,87dcc03f2f8677b1,3,Lab,Void
train/pd/87dcc03f2f8677b1_w05.png,87dcc03f2f8677b1,5,Lab,Void
train/pd/87dcc03f2f8677b1_w08.png,87dcc03f2f8677b1,8,Lab,Void
train/pd/87dcc03f2f8677b1_w10.png,87dcc03f2f8677b1,10,Lab,Void
train/pd/87dcc03f2f8677b1_w11.png,87dcc03f2f8677b1,11,Lab,Void
train/pd/87dcc03f2f8677b1_w12.png,87dcc03f2f8677b1,12,Lab,Void
train/pd/87dcc03f2f8677b1_w22.png,87dcc03f2f8677b1,22,Lab,Void
train/pd/87dcc03f2f8677b1_w23.png,87dcc03f2f8677b1,23,Lab,Void
train/pd/87ebcbdc8f01876f_w03.png,87ebcbdc8f01876f,3,Lab,Particle
train/pd/87ebcbdc8f01876f_w11.png,87ebcbdc8f01876f,11,Lab,Particle
train/pd/87ebcbdc8f01876f_w15.png,87ebcbdc8f01876f,15,Lab,Particle
train/pd/87ebcbdc8f01876f_w19.png,87ebcbdc8f01876f,19,Lab,Particle
train/pd/87ebcbdc8f01876f_w22.png,87ebcbdc8f01876f,22,Lab,Particle
train/pd/87ebcbdc8f01876f_w23.png,87ebcbdc8f01876f,23,Lab,Particle
train/pd/87ebcbdc8f01876f_w25.png,87ebcbdc8f01876f,25,Lab,Particle
train/pd/87ebcbdc8f01876f_w26.png,87ebcbdc8f01876f,26,Lab,Particle
train/pd/87f012ee99af45ea_w04.png,87f012ee99af45ea,4,Lab,Floating
train/pd/87f012ee99af45ea_w07.png,87f012ee99af45ea,7,Lab,Floating
train/pd/87f012ee99af45ea_w12.png,87f012ee99af45ea,12,Lab,Floating
train/pd/87f012ee99af45ea_w15.png,87f012ee99af45ea,15,Lab,Floating
train/pd/87f012ee99af45ea_w19.png,87f012ee99af45ea,19,Lab,Floating
train/pd/87f012ee99af45ea_w20.png,87f012ee99af45ea,20,Lab,Floating
train/pd/87f012ee99af45ea_w22.png,87f012ee99af45ea,22,Lab,Floating
train/pd/87f012ee99af45ea_w24.png,87f012ee99af45ea,24,Lab,Floating
train/pd/8800148ff5abb0e0_w05.png,8800148ff5abb0e0,5,Lab,Particle
train/pd/8800148ff5abb0e0_w09.png,8800148ff5abb0e0,9,Lab,Particle
train/pd/8800148ff5abb0e0_w11.png,8800148ff5abb0e0,11,Lab,Particle
train/pd/8800148ff5abb0e0_w17.png,8800148ff5abb0e0,17,Lab,Particle
train/pd/8800148ff5abb0e0_w20.png,8800148ff5abb0e0,20,Lab,Particle
train/pd/8800148ff5abb0e0_w22.png,8800148ff5abb0e0,22,Lab,Particle
train/pd/8800148ff5abb0e0_w24.png,8800148ff5abb0e0,24,Lab,Particle
train/pd/8800148ff5abb0e0_w26.png,8800148ff5abb0e0,26,Lab,Particle
train/pd/8803a25e5806af31_w02.png,8803a25e5806af31,2,Lab,Particle
train/pd/8803a25e5806af31_w03.png,8803a25e5806af31,3,Lab,Particle
train/pd/8803a25e5806af31_w04.png,8803a25e5806af31,4,Lab,Particle
train/pd/8803a25e5806af31_w07.png,8803a25e5806af31,7,Lab,Particle
train/pd/8803a25e5806af31_w08.png,8803a25e5806af31,8,Lab,Particle
train/pd/8803a25e5806af31_w12.png,8803a25e5806af31,12,Lab,Particle
train/pd/8803a25e5806af31_w22.png,8803a25e5806af31,22,Lab,Particle
train/pd/8803a25e5806af31_w26.png,8803a25e5806af31,26,Lab,Particle
train/pd/8815c3885dbb07d1_w04.png,8815c3885dbb07d1,4,Lab,Void
train/pd/8815c3885dbb07d1_w06.png,8815c3885dbb07d1,6,Lab,Void
train/pd/8815c3885dbb07d1_w07.png,8815c3885dbb07d1,7,Lab,Void
train/pd/8815c3885dbb07d1_w13.png,8815c3885dbb07d1,13,Lab,Void
train/pd/8815c3885dbb07d1_w14.png,8815c3885dbb07d1,14,Lab,Void
train/pd/8815c3885dbb07d1_w17.png,8815c3885dbb07d1,17,Lab,Void
train/pd/8815c3885dbb07d1_w18.png,8815c3885dbb07d1,18,Lab,Void
train/pd/8815c3885dbb07d1_w24.png,8815c3885dbb07d1,24,Lab,Void
train/pd/881fd808156771e8_w09.png,881fd808156771e8,9,Lab,Floating
train/pd/881fd808156771e8_w11.png,881fd808156771e8,11,Lab,Floating
train/pd/881fd808156771e8_w12.png,881fd808156771e8,12,Lab,Floating
train/pd/881fd808156771e8_w15.png,881fd808156771e8,15,Lab,Floating
train/pd/881fd808156771e8_w18.png,881fd808156771e8,18,Lab,Floating
train/pd/881fd808156771e8_w19.png,881fd808156771e8,19,Lab,Floating
train/pd/881fd808156771e8_w21.png,881fd808156771e8,21,Lab,Floating
train/pd/881fd808156771e8_w22.png,881fd808156771e8,22,Lab,Floating
train/pd/88361299eb24b9a8_w01.png,88361299eb24b9a8,1,Lab,Corona
train/pd/88361299eb24b9a8_w05.png,88361299eb24b9a8,5,Lab,Corona
train/pd/88361299eb24b9a8_w09.png,88361299eb24b9a8,9,Lab,Corona
train/pd/88361299eb24b9a8_w10.png,88361299eb24b9a8,10,Lab,Corona
train/pd/88361299eb24b9a8_w16.png,88361299eb24b9a8,16,Lab,Corona
train/pd/88361299eb24b9a8_w17.png,88361299eb24b9a8,17,Lab,Corona
train/pd/88361299eb24b9a8_w19.png,88361299eb24b9a8,19,Lab,Corona
train/pd/88361299eb24b9a8_w21.png,88361299eb24b9a8,21,Lab,Corona
train/pd/88783d723322d7cf_w01.png,88783d723322d7cf,1,Lab,Particle
train/pd/88783d723322d7cf_w05.png,88783d723322d7cf,5,Lab,Particle
train/pd/88783d723322d7cf_w07.png,88783d723322d7cf,7,Lab,Particle
train/pd/88783d723322d7cf_w08.png,88783d723322d7cf,8,Lab,Particle
train/pd/88783d723322d7cf_w19.png,88783d723322d7cf,19,Lab,Particle
train/pd/88783d723322d7cf_w22.png,88783d723322d7cf,22,Lab,Particle
train/pd/88783d723322d7cf_w24.png,88783d723322d7cf,24,Lab,Particle
train/pd/88783d723322d7cf_w27.png,88783d723322d7cf,27,Lab,Particle
train/pd/889a53b2105b91bc_w01.png,889a53b2105b91bc,1,Lab,Void
train/pd/889a53b2105b91bc_w02.png,889a53b2105b91bc,2,Lab,Void
train/pd/889a53b2105b91bc_w08.png,889a53b2105b91bc,8,Lab,Void
train/pd/889a53b2105b91bc_w09.png,889a53b2105b91bc,9,Lab,Void
train/pd/889a53b2105b91bc_w16.png,889a53b2105b91bc,16,Lab,Void
train/pd/889a53b2105b91bc_w19.png,889a53b2105b91bc,19,Lab,Void
train/pd/889a53b2105b91bc_w25.png,889a53b2105b91bc,25,Lab,Void
train/pd/889a53b2105b91bc_w27.png,889a53b2105b91bc,27,Lab,Void
train/pd/889e82710ec0fc02_w00.png,889e82710ec0fc02,0,Lab,Void
train/pd/889e82710ec0fc02_w04.png,889e82710ec0fc02,4,Lab,Void
train/pd/889e82710ec0fc02_w06.png,889e82710ec0fc02,6,Lab,Void
train/pd/889e82710ec0fc02_w12.png,889e82710ec0fc02,12,Lab,Void
train/pd/889e82710ec0fc02_w18.png,889e82710ec0fc02,18,Lab,Void
train/pd/889e82710ec0fc02_w22.png,889e82710ec0fc02,22,Lab,Void
train/pd/889e82710ec0fc02_w24.png,889e82710ec0fc02,24,Lab,Void
train/pd/889e82710ec0fc02_w27.png,889e82710ec0fc02,27,Lab,Void
train/pd/88c9d4281f887a33_w01.png,88c9d4281f887a33,1,Lab,Particle
train/pd/88c9d4281f887a33_w05.png,88c9d4281f887a33,5,Lab,Particle
train/pd/88c9d4281f887a33_w09.png,88c9d4281f887a33,9,Lab,Particle
train/pd/88c9d4281f887a33_w13.png,88c9d4281f887a33,13,Lab,Particle
train/pd/88c9d4281f887a33_w14.png,88c9d4281f887a33,14,Lab,Particle
train/pd/88c9d4281f887a33_w17.png,88c9d4281f887a33,17,Lab,Particle
train/pd/88c9d4281f887a33_w26.png,88c9d4281f887a33,26,Lab,Particle
train/pd/88c9d4281f887a33_w27.png,88c9d4281f887a33,27,Lab,Particle
train/pd/8921ca48a10d3c3d_w00.png,8921ca48a10d3c3d,0,Lab,Floating
train/pd/8921ca48a10d3c3d_w07.png,8921ca48a10d3c3d,7,Lab,Floating
train/pd/8921ca48a10d3c3d_w10.png,8921ca48a10d3c3d,10,Lab,Floating
train/pd/8921ca48a10d3c3d_w11.png,8921ca48a10d3c3d,11,Lab,Floating
train/pd/8921ca48a10d3c3d_w12.png,8921ca48a10d3c3d,12,Lab,Floating
train/pd/8921ca48a10d3c3d_w18.png,8921ca48a10d3c3d,18,Lab,Floating
train/pd/8921ca48a10d3c3d_w24.png,8921ca48a10d3c3d,24,Lab,Floating
train/pd/8921ca48a10d3c3d_w27.png,8921ca48a10d3c3d,27,Lab,Floating
train/pd/8997ad234b3c8e3f_w00.png,8997ad234b3c8e3f,0,Lab,Floating
train/pd/8997ad234b3c8e3f_w01.png,8997ad234b3c8e3f,1,Lab,Floating
train/pd/8997ad234b3c8e3f_w05.png,8997ad234b3c8e3f,5,Lab,Floating
train/pd/8997ad234b3c8e3f_w06.png,8997ad234b3c8e3f,6,Lab,Floating
train/pd/8997ad234b3c8e3f_w08.png,8997ad234b3c8e3f,8,Lab,Floating
train/pd/8997ad234b3c8e3f_w10.png,8997ad234b3c8e3f,10,Lab,Floating
train/pd/8997ad234b3c8e3f_w18.png,8997ad234b3c8e3f,18,Lab,Floating
train/pd/8997ad234b3c8e3f_w24.png,8997ad234b3c8e3f,24,Lab,Floating
train/pd/89b4bc39699ecdcf_w02.png,89b4bc39699ecdcf,2,Lab,Void
train/pd/89b4bc39699ecdcf_w03.png,89b4bc39699ecdcf,3,Lab,Void
train/pd/89b4bc39699ecdcf_w07.png,89b4bc39699ecdcf,7,Lab,Void
train/pd/89b4bc39699ecdcf_w11.png,89b4bc39699ecdcf,11,Lab,Void
train/pd/89b4bc39699ecdcf_w19.png,89b4bc39699ecdcf,19,Lab,Void
train/pd/89b4bc39699ecdcf_w24.png,89b4bc39699ecdcf,24,Lab,Void
train/pd/89b4bc39699ecdcf_w26.png,89b4bc39699ecdcf,26,Lab,Void
train/pd/89b4bc39699ecdcf_w27.png,89b4bc39699ecdcf,27,Lab,Void
train/pd/89deff8db884a405_w00.png,89deff8db884a405,0,Lab,Void
train/pd/89deff8db884a405_w01.png,89deff8db884a405,1,Lab,Void
train/pd/89deff8db884a405_w05.png,89deff8db884a405,5,Lab,Void
train/pd/89deff8db884a405_w12.png,89deff8db884a405,12,Lab,Void
train/pd/89deff8db884a405_w14.png,89deff8db884a405,14,Lab,Void
train/pd/89deff8db884a405_w19.png,89deff8db884a405,19,Lab,Void
train/pd/89deff8db884a405_w23.png,89deff8db884a405,23,Lab,Void
train/pd/89deff8db884a405_w24.png,89deff8db884a405,24,Lab,Void
train/pd/89eaadf74ec61f14_w03.png,89eaadf74ec61f14,3,Lab,Floating
train/pd/89eaadf74ec61f14_w10.png,89eaadf74ec61f14,10,Lab,Floating
train/pd/89eaadf74ec61f14_w12.png,89eaadf74ec61f14,12,Lab,Floating
train/pd/89eaadf74ec61f14_w15.png,89eaadf74ec61f14,15,Lab,Floating
train/pd/89eaadf74ec61f14_w19.png,89eaadf74ec61f14,19,Lab,Floating
train/pd/89eaadf74ec61f14_w22.png,89eaadf74ec61f14,22,Lab,Floating
train/pd/89eaadf74ec61f14_w23.png,89eaadf74ec61f14,23,Lab,Floating
train/pd/89eaadf74ec61f14_w26.png,89eaadf74ec61f14,26,Lab,Floating
train/pd/89f08be7fabeea3a_w01.png,89f08be7fabeea3a,1,Lab,Void
train/pd/89f08be7fabeea3a_w02.png,89f08be7fabeea3a,2,Lab,Void
train/pd/89f08be7fabeea3a_w12.png,89f08be7fabeea3a,12,Lab,Void
train/pd/89f08be7fabeea3a_w13.png,89f08be7fabeea3a,13,Lab,Void
train/pd/89f08be7fabeea3a_w15.png,89f08be7fabeea3a,15,Lab,Void
train/pd/89f08be7fabeea3a_w18.png,89f08be7fabeea3a,18,Lab,Void
train/pd/89f08be7fabeea3a_w19.png,89f08be7fabeea3a,19,Lab,Void
train/pd/89f08be7fabeea3a_w24.png,89f08be7fabeea3a,24,Lab,Void
train/pd/8a0e26716c7fb738_w06.png,8a0e26716c7fb738,6,Lab,Void
train/pd/8a0e26716c7fb738_w09.png,8a0e26716c7fb738,9,Lab,Void
train/pd/8a0e26716c7fb738_w11.png,8a0e26716c7fb738,11,Lab,Void
train/pd/8a0e26716c7fb738_w13.png,8a0e26716c7fb738,13,Lab,Void
train/pd/8a0e26716c7fb738_w15.png,8a0e26716c7fb738,15,Lab,Void
train/pd/8a0e26716c7fb738_w16.png,8a0e26716c7fb738,16,Lab,Void
train/pd/8a0e26716c7fb738_w18.png,8a0e26716c7fb738,18,Lab,Void
train/pd/8a0e26716c7fb738_w27.png,8a0e26716c7fb738,27,Lab,Void
train/pd/8a1639fd00feb062_w00.png,8a1639fd00feb062,0,Field,Void
train/pd/8a1639fd00feb062_w01.png,8a1639fd00feb062,1,Field,Void
train/pd/8a1639fd00feb062_w03.png,8a1639fd00feb062,3,Field,Void
train/pd/8a1639fd00feb062_w04.png,8a1639fd00feb062,4,Field,Void
train/pd/8a1639fd00feb062_w12.png,8a1639fd00feb062,12,Field,Void
train/pd/8a1639fd00feb062_w16.png,8a1639fd00feb062,16,Field,Void
train/pd/8a1639fd00feb062_w21.png,8a1639fd00feb062,21,Field,Void
train/pd/8a1639fd00feb062_w25.png,8a1639fd00feb062,25,Field,Void
train/pd/8a50a90e2ab6112f_w00.png,8a50a90e2ab6112f,0,Lab,Void
train/pd/8a50a90e2ab6112f_w06.png,8a50a90e2ab6112f,6,Lab,Void
train/pd/8a50a90e2ab6112f_w08.png,8a50a90e2ab6112f,8,Lab,Void
train/pd/8a50a90e2ab6112f_w12.png,8a50a90e2ab6112f,12,Lab,Void
train/pd/8a50a90e2ab6112f_w13.png,8a50a90e2ab6112f,13,Lab,Void
train/pd/8a50a90e2ab6112f_w23.png,8a50a90e2ab6112f,23,Lab,Void
train/pd/8a50a90e2ab6112f_w24.png,8a50a90e2ab6112f,24,Lab,Void
train/pd/8a50a90e2ab6112f_w27.png,8a50a90e2ab6112f,27,Lab,Void
train/pd/8a52670c42d541ae_w04.png,8a52670c42d541ae,4,Lab,Floating
train/pd/8a52670c42d541ae_w10.png,8a52670c42d541ae,10,Lab,Floating
train/pd/8a52670c42d541ae_w12.png,8a52670c42d541ae,12,Lab,Floating
train/pd/8a52670c42d541ae_w13.png,8a52670c42d541ae,13,Lab,Floating
train/pd/8a52670c42d541ae_w18.png,8a52670c42d541ae,18,Lab,Floating
train/pd/8a52670c42d541ae_w21.png,8a52670c42d541ae,21,Lab,Floating
train/pd/8a52670c42d541ae_w26.png,8a52670c42d541ae,26,Lab,Floating
train/pd/8a52670c42d541ae_w27.png,8a52670c42d541ae,27,Lab,Floating
train/pd/8a746d6b7b876374_w00.png,8a746d6b7b876374,0,Lab,Void
train/pd/8a746d6b7b876374_w02.png,8a746d6b7b876374,2,Lab,Void
train/pd/8a746d6b7b876374_w04.png,8a746d6b7b876374,4,Lab,Void
train/pd/8a746d6b7b876374_w10.png,8a746d6b7b876374,10,Lab,Void
train/pd/8a746d6b7b876374_w14.png,8a746d6b7b876374,14,Lab,Void
train/pd/8a746d6b7b876374_w18.png,8a746d6b7b876374,18,Lab,Void
train/pd/8a746d6b7b876374_w22.png,8a746d6b7b876374,22,Lab,Void
train/pd/8a746d6b7b876374_w26.png,8a746d6b7b876374,26,Lab,Void
train/pd/8a92aab404ce97c6_w00.png,8a92aab404ce97c6,0,Lab,Void
train/pd/8a92aab404ce97c6_w09.png,8a92aab404ce97c6,9,Lab,Void
train/pd/8a92aab404ce97c6_w10.png,8a92aab404ce97c6,10,Lab,Void
train/pd/8a92aab404ce97c6_w14.png,8a92aab404ce97c6,14,Lab,Void
train/pd/8a92aab404ce97c6_w15.png,8a92aab404ce97c6,15,Lab,Void
train/pd/8a92aab404ce97c6_w20.png,8a92aab404ce97c6,20,Lab,Void
train/pd/8a92aab404ce97c6_w21.png,8a92aab404ce97c6,21,Lab,Void
train/pd/8a92aab404ce97c6_w26.png,8a92aab404ce97c6,26,Lab,Void
train/pd/8b64e6582cd9b105_w03.png,8b64e6582cd9b105,3,Lab,Void
train/pd/8b64e6582cd9b105_w04.png,8b64e6582cd9b105,4,Lab,Void
train/pd/8b64e6582cd9b105_w05.png,8b64e6582cd9b105,5,Lab,Void
train/pd/8b64e6582cd9b105_w11.png,8b64e6582cd9b105,11,Lab,Void
train/pd/8b64e6582cd9b105_w13.png,8b64e6582cd9b105,13,Lab,Void
train/pd/8b64e6582cd9b105_w15.png,8b64e6582cd9b105,15,Lab,Void
train/pd/8b64e6582cd9b105_w22.png,8b64e6582cd9b105,22,Lab,Void
train/pd/8b64e6582cd9b105_w27.png,8b64e6582cd9b105,27,Lab,Void
train/pd/8b71a8e4ca52cfd8_w00.png,8b71a8e4ca52cfd8,0,Lab,Void
train/pd/8b71a8e4ca52cfd8_w05.png,8b71a8e4ca52cfd8,5,Lab,Void
train/pd/8b71a8e4ca52cfd8_w07.png,8b71a8e4ca52cfd8,7,Lab,Void
train/pd/8b71a8e4ca52cfd8_w09.png,8b71a8e4ca52cfd8,9,Lab,Void
train/pd/8b71a8e4ca52cfd8_w14.png,8b71a8e4ca52cfd8,14,Lab,Void
train/pd/8b71a8e4ca52cfd8_w18.png,8b71a8e4ca52cfd8,18,Lab,Void
train/pd/8b71a8e4ca52cfd8_w24.png,8b71a8e4ca52cfd8,24,Lab,Void
train/pd/8b71a8e4ca52cfd8_w25.png,8b71a8e4ca52cfd8,25,Lab,Void
train/pd/8b949edfc0da02da_w07.png,8b949edfc0da02da,7,Field,Void
train/pd/8b949edfc0da02da_w10.png,8b949edfc0da02da,10,Field,Void
train/pd/8b949edfc0da02da_w12.png,8b949edfc0da02da,12,Field,Void
train/pd/8b949edfc0da02da_w15.png,8b949edfc0da02da,15,Field,Void
train/pd/8b949edfc0da02da_w18.png,8b949edfc0da02da,18,Field,Void
train/pd/8b949edfc0da02da_w19.png,8b949edfc0da02da,19,Field,Void
train/pd/8b949edfc0da02da_w22.png,8b949edfc0da02da,22,Field,Void
train/pd/8b949edfc0da02da_w27.png,8b949edfc0da02da,27,Field,Void
train/pd/8bbac228147acb4f_w00.png,8bbac228147acb4f,0,Lab,Void
train/pd/8bbac228147acb4f_w05.png,8bbac228147acb4f,5,Lab,Void
train/pd/8bbac228147acb4f_w07.png,8bbac228147acb4f,7,Lab,Void
train/pd/8bbac228147acb4f_w15.png,8bbac228147acb4f,15,Lab,Void
train/pd/8bbac228147acb4f_w17.png,8bbac228147acb4f,17,Lab,Void
train/pd/8bbac228147acb4f_w19.png,8bbac228147acb4f,19,Lab,Void
train/pd/8bbac228147acb4f_w20.png,8bbac228147acb4f,20,Lab,Void
train/pd/8bbac228147acb4f_w21.png,8bbac228147acb4f,21,Lab,Void
train/pd/8be9bfc077392836_w00.png,8be9bfc077392836,0,Lab,Void
train/pd/8be9bfc077392836_w01.png,8be9bfc077392836,1,Lab,Void
train/pd/8be9bfc077392836_w03.png,8be9bfc077392836,3,Lab,Void
train/pd/8be9bfc077392836_w10.png,8be9bfc077392836,10,Lab,Void
train/pd/8be9bfc077392836_w14.png,8be9bfc077392836,14,Lab,Void
train/pd/8be9bfc077392836_w17.png,8be9bfc077392836,17,Lab,Void
train/pd/8be9bfc077392836_w23.png,8be9bfc077392836,23,Lab,Void
train/pd/8be9bfc077392836_w27.png,8be9bfc077392836,27,Lab,Void
train/pd/8c15ae4b3940de4e_w01.png,8c15ae4b3940de4e,1,Lab,Floating
train/pd/8c15ae4b3940de4e_w04.png,8c15ae4b3940de4e,4,Lab,Floating
train/pd/8c15ae4b3940de4e_w06.png,8c15ae4b3940de4e,6,Lab,Floating
train/pd/8c15ae4b3940de4e_w08.png,8c15ae4b3940de4e,8,Lab,Floating
train/pd/8c15ae4b3940de4e_w12.png,8c15ae4b3940de4e,12,Lab,Floating
train/pd/8c15ae4b3940de4e_w16.png,8c15ae4b3940de4e,16,Lab,Floating
train/pd/8c15ae4b3940de4e_w18.png,8c15ae4b3940de4e,18,Lab,Floating
train/pd/8c15ae4b3940de4e_w20.png,8c15ae4b3940de4e,20,Lab,Floating
train/pd/8c24e0888d963616_w05.png,8c24e0888d963616,5,Lab,Corona
train/pd/8c24e0888d963616_w10.png,8c24e0888d963616,10,Lab,Corona
train/pd/8c24e0888d963616_w11.png,8c24e0888d963616,11,Lab,Corona
train/pd/8c24e0888d963616_w17.png,8c24e0888d963616,17,Lab,Corona
train/pd/8c24e0888d963616_w19.png,8c24e0888d963616,19,Lab,Corona
train/pd/8c24e0888d963616_w20.png,8c24e0888d963616,20,Lab,Corona
train/pd/8c24e0888d963616_w22.png,8c24e0888d963616,22,Lab,Corona
train/pd/8c24e0888d963616_w23.png,8c24e0888d963616,23,Lab,Corona
train/pd/8c99873c8239bc41_w07.png,8c99873c8239bc41,7,Lab,Corona
train/pd/8c99873c8239bc41_w09.png,8c99873c8239bc41,9,Lab,Corona
train/pd/8c99873c8239bc41_w12.png,8c99873c8239bc41,12,Lab,Corona
train/pd/8c99873c8239bc41_w13.png,8c99873c8239bc41,13,Lab,Corona
train/pd/8c99873c8239bc41_w17.png,8c99873c8239bc41,17,Lab,Corona
train/pd/8c99873c8239bc41_w20.png,8c99873c8239bc41,20,Lab,Corona
train/pd/8c99873c8239bc41_w21.png,8c99873c8239bc41,21,Lab,Corona
train/pd/8c99873c8239bc41_w26.png,8c99873c8239bc41,26,Lab,Corona
train/pd/8cc16b819f02bcc5_w02.png,8cc16b819f02bcc5,2,Lab,Particle
train/pd/8cc16b819f02bcc5_w05.png,8cc16b819f02bcc5,5,Lab,Particle
train/pd/8cc16b819f02bcc5_w14.png,8cc16b819f02bcc5,14,Lab,Particle
train/pd/8cc16b819f02bcc5_w16.png,8cc16b819f02bcc5,16,Lab,Particle
train/pd/8cc16b819f02bcc5_w18.png,8cc16b819f02bcc5,18,Lab,Particle
train/pd/8cc16b819f02bcc5_w19.png,8cc16b819f02bcc5,19,Lab,Particle
train/pd/8cc16b819f02bcc5_w22.png,8cc16b819f02bcc5,22,Lab,Particle
train/pd/8cc16b819f02bcc5_w27.png,8cc16b819f02bcc5,27,Lab,Particle
train/pd/8cce0a41e52752e5_w03.png,8cce0a41e52752e5,3,Lab,Particle
train/pd/8cce0a41e52752e5_w04.png,8cce0a41e52752e5,4,Lab,Particle
train/pd/8cce0a41e52752e5_w05.png,8cce0a41e52752e5,5,Lab,Particle
train/pd/8cce0a41e52752e5_w08.png,8cce0a41e52752e5,8,Lab,Particle
train/pd/8cce0a41e52752e5_w13.png,8cce0a41e52752e5,13,Lab,Particle
train/pd/8cce0a41e52752e5_w15.png,8cce0a41e52752e5,15,Lab,Particle
train/pd/8cce0a41e52752e5_w24.png,8cce0a41e52752e5,24,Lab,Particle
train/pd/8cce0a41e52752e5_w27.png,8cce0a41e52752e5,27,Lab,Particle
train/pd/8d3c677f429f9028_w04.png,8d3c677f429f9028,4,Lab,Corona
train/pd/8d3c677f429f9028_w07.png,8d3c677f429f9028,7,Lab,Corona
train/pd/8d3c677f429f9028_w10.png,8d3c677f429f9028,10,Lab,Corona
train/pd/8d3c677f429f9028_w17.png,8d3c677f429f9028,17,Lab,Corona
train/pd/8d3c677f429f9028_w20.png,8d3c677f429f9028,20,Lab,Corona
train/pd/8d3c677f429f9028_w23.png,8d3c677f429f9028,23,Lab,Corona
train/pd/8d3c677f429f9028_w25.png,8d3c677f429f9028,25,Lab,Corona
train/pd/8d3c677f429f9028_w27.png,8d3c677f429f9028,27,Lab,Corona
train/pd/8d436637d17bfbe2_w01.png,8d436637d17bfbe2,1,Lab,Void
train/pd/8d436637d17bfbe2_w02.png,8d436637d17bfbe2,2,Lab,Void
train/pd/8d436637d17bfbe2_w03.png,8d436637d17bfbe2,3,Lab,Void
train/pd/8d436637d17bfbe2_w10.png,8d436637d17bfbe2,10,Lab,Void
train/pd/8d436637d17bfbe2_w11.png,8d436637d17bfbe2,11,Lab,Void
train/pd/8d436637d17bfbe2_w14.png,8d436637d17bfbe2,14,Lab,Void
train/pd/8d436637d17bfbe2_w23.png,8d436637d17bfbe2,23,Lab,Void
train/pd/8d436637d17bfbe2_w24.png,8d436637d17bfbe2,24,Lab,Void
train/pd/8d43f97de38b6ace_w01.png,8d43f97de38b6ace,1,Lab,Particle
train/pd/8d43f97de38b6ace_w07.png,8d43f97de38b6ace,7,Lab,Particle
train/pd/8d43f97de38b6ace_w10.png,8d43f97de38b6ace,10,Lab,Particle
train/pd/8d43f97de38b6ace_w14.png,8d43f97de38b6ace,14,Lab,Particle
train/pd/8d43f97de38b6ace_w19.png,8d43f97de38b6ace,19,Lab,Particle
train/pd/8d43f97de38b6ace_w21.png,8d43f97de38b6ace,21,Lab,Particle
train/pd/8d43f97de38b6ace_w24.png,8d43f97de38b6ace,24,Lab,Particle
train/pd/8d43f97de38b6ace_w27.png,8d43f97de38b6ace,27,Lab,Particle
train/pd/8d87585bbd4333ab_w01.png,8d87585bbd4333ab,1,Lab,Void
train/pd/8d87585bbd4333ab_w02.png,8d87585bbd4333ab,2,Lab,Void
train/pd/8d87585bbd4333ab_w04.png,8d87585bbd4333ab,4,Lab,Void
train/pd/8d87585bbd4333ab_w08.png,8d87585bbd4333ab,8,Lab,Void
train/pd/8d87585bbd4333ab_w10.png,8d87585bbd4333ab,10,Lab,Void
train/pd/8d87585bbd4333ab_w13.png,8d87585bbd4333ab,13,Lab,Void
train/pd/8d87585bbd4333ab_w15.png,8d87585bbd4333ab,15,Lab,Void
train/pd/8d87585bbd4333ab_w19.png,8d87585bbd4333ab,19,Lab,Void
train/pd/8d9ec01980047e98_w06.png,8d9ec01980047e98,6,Lab,Particle
train/pd/8d9ec01980047e98_w09.png,8d9ec01980047e98,9,Lab,Particle
train/pd/8d9ec01980047e98_w11.png,8d9ec01980047e98,11,Lab,Particle
train/pd/8d9ec01980047e98_w15.png,8d9ec01980047e98,15,Lab,Particle
train/pd/8d9ec01980047e98_w20.png,8d9ec01980047e98,20,Lab,Particle
train/pd/8d9ec01980047e98_w22.png,8d9ec01980047e98,22,Lab,Particle
train/pd/8d9ec01980047e98_w23.png,8d9ec01980047e98,23,Lab,Particle
train/pd/8d9ec01980047e98_w27.png,8d9ec01980047e98,27,Lab,Particle
train/pd/8da1aa9880f3dbe1_w01.png,8da1aa9880f3dbe1,1,Lab,Particle
train/pd/8da1aa9880f3dbe1_w03.png,8da1aa9880f3dbe1,3,Lab,Particle
train/pd/8da1aa9880f3dbe1_w04.png,8da1aa9880f3dbe1,4,Lab,Particle
train/pd/8da1aa9880f3dbe1_w05.png,8da1aa9880f3dbe1,5,Lab,Particle
train/pd/8da1aa9880f3dbe1_w08.png,8da1aa9880f3dbe1,8,Lab,Particle
train/pd/8da1aa9880f3dbe1_w11.png,8da1aa9880f3dbe1,11,Lab,Particle
train/pd/8da1aa9880f3dbe1_w16.png,8da1aa9880f3dbe1,16,Lab,Particle
train/pd/8da1aa9880f3dbe1_w20.png,8da1aa9880f3dbe1,20,Lab,Particle
train/pd/8dd0040e4c007b60_w00.png,8dd0040e4c007b60,0,Field,Floating
train/pd/8dd0040e4c007b60_w01.png,8dd0040e4c007b60,1,Field,Floating
train/pd/8dd0040e4c007b60_w04.png,8dd0040e4c007b60,4,Field,Floating
train/pd/8dd0040e4c007b60_w05.png,8dd0040e4c007b60,5,Field,Floating
train/pd/8dd0040e4c007b60_w11.png,8dd0040e4c007b60,11,Field,Floating
train/pd/8dd0040e4c007b60_w14.png,8dd0040e4c007b60,14,Field,Floating
train/pd/8dd0040e4c007b60_w18.png,8dd0040e4c007b60,18,Field,Floating
train/pd/8dd0040e4c007b60_w25.png,8dd0040e4c007b60,25,Field,Floating
train/pd/8dde3178684bd54a_w01.png,8dde3178684bd54a,1,Field,Void
train/pd/8dde3178684bd54a_w08.png,8dde3178684bd54a,8,Field,Void
train/pd/8dde3178684bd54a_w11.png,8dde3178684bd54a,11,Field,Void
train/pd/8dde3178684bd54a_w12.png,8dde3178684bd54a,12,Field,Void
train/pd/8dde3178684bd54a_w13.png,8dde3178684bd54a,13,Field,Void
train/pd/8dde3178684bd54a_w15.png,8dde3178684bd54a,15,Field,Void
train/pd/8dde3178684bd54a_w19.png,8dde3178684bd54a,19,Field,Void
train/pd/8dde3178684bd54a_w24.png,8dde3178684bd54a,24,Field,Void
train/pd/8e011532245f68f8_w01.png,8e011532245f68f8,1,Field,Floating
train/pd/8e011532245f68f8_w03.png,8e011532245f68f8,3,Field,Floating
train/pd/8e011532245f68f8_w04.png,8e011532245f68f8,4,Field,Floating
train/pd/8e011532245f68f8_w07.png,8e011532245f68f8,7,Field,Floating
train/pd/8e011532245f68f8_w09.png,8e011532245f68f8,9,Field,Floating
train/pd/8e011532245f68f8_w10.png,8e011532245f68f8,10,Field,Floating
train/pd/8e011532245f68f8_w19.png,8e011532245f68f8,19,Field,Floating
train/pd/8e011532245f68f8_w21.png,8e011532245f68f8,21,Field,Floating
train/pd/8e10eaa04d6fc764_w00.png,8e10eaa04d6fc764,0,Field,Floating
train/pd/8e10eaa04d6fc764_w07.png,8e10eaa04d6fc764,7,Field,Floating
train/pd/8e10eaa04d6fc764_w08.png,8e10eaa04d6fc764,8,Field,Floating
train/pd/8e10eaa04d6fc764_w12.png,8e10eaa04d6fc764,12,Field,Floating
train/pd/8e10eaa04d6fc764_w13.png,8e10eaa04d6fc764,13,Field,Floating
train/pd/8e10eaa04d6fc764_w14.png,8e10eaa04d6fc764,14,Field,Floating
train/pd/8e10eaa04d6fc764_w18.png,8e10eaa04d6fc764,18,Field,Floating
train/pd/8e10eaa04d6fc764_w27.png,8e10eaa04d6fc764,27,Field,Floating
train/pd/8e550581d4569410_w00.png,8e550581d4569410,0,Field,Floating
train/pd/8e550581d4569410_w01.png,8e550581d4569410,1,Field,Floating
train/pd/8e550581d4569410_w05.png,8e550581d4569410,5,Field,Floating
train/pd/8e550581d4569410_w06.png,8e550581d4569410,6,Field,Floating
train/pd/8e550581d4569410_w08.png,8e550581d4569410,8,Field,Floating
train/pd/8e550581d4569410_w14.png,8e550581d4569410,14,Field,Floating
train/pd/8e550581d4569410_w18.png,8e550581d4569410,18,Field,Floating
train/pd/8e550581d4569410_w26.png,8e550581d4569410,26,Field,Floating
train/pd/8e74aa21704857cc_w00.png,8e74aa21704857cc,0,Field,Void
train/pd/8e74aa21704857cc_w10.png,8e74aa21704857cc,10,Field,Void
train/pd/8e74aa21704857cc_w11.png,8e74aa21704857cc,11,Field,Void
train/pd/8e74aa21704857cc_w13.png,8e74aa21704857cc,13,Field,Void
train/pd/8e74aa21704857cc_w14.png,8e74aa21704857cc,14,Field,Void
train/pd/8e74aa21704857cc_w22.png,8e74aa21704857cc,22,Field,Void
train/pd/8e74aa21704857cc_w23.png,8e74aa21704857cc,23,Field,Void
train/pd/8e74aa21704857cc_w24.png,8e74aa21704857cc,24,Field,Void
train/pd/8e9c30b4d823272b_w02.png,8e9c30b4d823272b,2,Lab,Void
train/pd/8e9c30b4d823272b_w04.png,8e9c30b4d823272b,4,Lab,Void
train/pd/8e9c30b4d823272b_w11.png,8e9c30b4d823272b,11,Lab,Void
train/pd/8e9c30b4d823272b_w12.png,8e9c30b4d823272b,12,Lab,Void
train/pd/8e9c30b4d823272b_w14.png,8e9c30b4d823272b,14,Lab,Void
train/pd/8e9c30b4d823272b_w21.png,8e9c30b4d823272b,21,Lab,Void
train/pd/8e9c30b4d823272b_w24.png,8e9c30b4d823272b,24,Lab,Void
train/pd/8e9c30b4d823272b_w26.png,8e9c30b4d823272b,26,Lab,Void
train/pd/8e9fde581968e88a_w02.png,8e9fde581968e88a,2,Lab,Floating
train/pd/8e9fde581968e88a_w11.png,8e9fde581968e88a,11,Lab,Floating
train/pd/8e9fde581968e88a_w14.png,8e9fde581968e88a,14,Lab,Floating
train/pd/8e9fde581968e88a_w18.png,8e9fde581968e88a,18,Lab,Floating
train/pd/8e9fde581968e88a_w19.png,8e9fde581968e88a,19,Lab,Floating
train/pd/8e9fde581968e88a_w22.png,8e9fde581968e88a,22,Lab,Floating
train/pd/8e9fde581968e88a_w26.png,8e9fde581968e88a,26,Lab,Floating
train/pd/8e9fde581968e88a_w27.png,8e9fde581968e88a,27,Lab,Floating
train/pd/8ec2298ceb4d9609_w06.png,8ec2298ceb4d9609,6,Field,Void
train/pd/8ec2298ceb4d9609_w07.png,8ec2298ceb4d9609,7,Field,Void
train/pd/8ec2298ceb4d9609_w08.png,8ec2298ceb4d9609,8,Field,Void
train/pd/8ec2298ceb4d9609_w10.png,8ec2298ceb4d9609,10,Field,Void
train/pd/8ec2298ceb4d9609_w12.png,8ec2298ceb4d9609,12,Field,Void
train/pd/8ec2298ceb4d9609_w15.png,8ec2298ceb4d9609,15,Field,Void
train/pd/8ec2298ceb4d9609_w19.png,8ec2298ceb4d9609,19,Field,Void
train/pd/8ec2298ceb4d9609_w26.png,8ec2298ceb4d9609,26,Field,Void
train/pd/8f0a0244dbc1d2bf_w06.png,8f0a0244dbc1d2bf,6,Lab,Particle
train/pd/8f0a0244dbc1d2bf_w07.png,8f0a0244dbc1d2bf,7,Lab,Particle
train/pd/8f0a0244dbc1d2bf_w10.png,8f0a0244dbc1d2bf,10,Lab,Particle
train/pd/8f0a0244dbc1d2bf_w11.png,8f0a0244dbc1d2bf,11,Lab,Particle
train/pd/8f0a0244dbc1d2bf_w12.png,8f0a0244dbc1d2bf,12,Lab,Particle
train/pd/8f0a0244dbc1d2bf_w20.png,8f0a0244dbc1d2bf,20,Lab,Particle
train/pd/8f0a0244dbc1d2bf_w26.png,8f0a0244dbc1d2bf,26,Lab,Particle
train/pd/8f0a0244dbc1d2bf_w27.png,8f0a0244dbc1d2bf,27,Lab,Particle
train/pd/8f1d410e5c76829a_w03.png,8f1d410e5c76829a,3,Lab,Void
train/pd/8f1d410e5c76829a_w06.png,8f1d410e5c76829a,6,Lab,Void
train/pd/8f1d410e5c76829a_w07.png,8f1d410e5c76829a,7,Lab,Void
train/pd/8f1d410e5c76829a_w10.png,8f1d410e5c76829a,10,Lab,Void
train/pd/8f1d410e5c76829a_w14.png,8f1d410e5c76829a,14,Lab,Void
train/pd/8f1d410e5c76829a_w18.png,8f1d410e5c76829a,18,Lab,Void
train/pd/8f1d410e5c76829a_w19.png,8f1d410e5c76829a,19,Lab,Void
train/pd/8f1d410e5c76829a_w25.png,8f1d410e5c76829a,25,Lab,Void
train/pd/8f259b2e9ceb2aa1_w07.png,8f259b2e9ceb2aa1,7,Lab,Particle
train/pd/8f259b2e9ceb2aa1_w08.png,8f259b2e9ceb2aa1,8,Lab,Particle
train/pd/8f259b2e9ceb2aa1_w13.png,8f259b2e9ceb2aa1,13,Lab,Particle
train/pd/8f259b2e9ceb2aa1_w19.png,8f259b2e9ceb2aa1,19,Lab,Particle
train/pd/8f259b2e9ceb2aa1_w20.png,8f259b2e9ceb2aa1,20,Lab,Particle
train/pd/8f259b2e9ceb2aa1_w21.png,8f259b2e9ceb2aa1,21,Lab,Particle
train/pd/8f259b2e9ceb2aa1_w25.png,8f259b2e9ceb2aa1,25,Lab,Particle
train/pd/8f259b2e9ceb2aa1_w26.png,8f259b2e9ceb2aa1,26,Lab,Particle
train/pd/8f49a20a4a029936_w00.png,8f49a20a4a029936,0,Lab,Void
train/pd/8f49a20a4a029936_w10.png,8f49a20a4a029936,10,Lab,Void
train/pd/8f49a20a4a029936_w12.png,8f49a20a4a029936,12,Lab,Void
train/pd/8f49a20a4a029936_w13.png,8f49a20a4a029936,13,Lab,Void
train/pd/8f49a20a4a029936_w15.png,8f49a20a4a029936,15,Lab,Void
train/pd/8f49a20a4a029936_w17.png,8f49a20a4a029936,17,Lab,Void
train/pd/8f49a20a4a029936_w22.png,8f49a20a4a029936,22,Lab,Void
train/pd/8f49a20a4a029936_w25.png,8f49a20a4a029936,25,Lab,Void
train/pd/8f6633cc5ca5f6a1_w01.png,8f6633cc5ca5f6a1,1,Lab,Particle
train/pd/8f6633cc5ca5f6a1_w09.png,8f6633cc5ca5f6a1,9,Lab,Particle
train/pd/8f6633cc5ca5f6a1_w12.png,8f6633cc5ca5f6a1,12,Lab,Particle
train/pd/8f6633cc5ca5f6a1_w16.png,8f6633cc5ca5f6a1,16,Lab,Particle
train/pd/8f6633cc5ca5f6a1_w20.png,8f6633cc5ca5f6a1,20,Lab,Particle
train/pd/8f6633cc5ca5f6a1_w24.png,8f6633cc5ca5f6a1,24,Lab,Particle
train/pd/8f6633cc5ca5f6a1_w25.png,8f6633cc5ca5f6a1,25,Lab,Particle
train/pd/8f6633cc5ca5f6a1_w26.png,8f6633cc5ca5f6a1,26,Lab,Particle
train/pd/8fbef96c6ec633c2_w00.png,8fbef96c6ec633c2,0,Lab,Void
train/pd/8fbef96c6ec633c2_w01.png,8fbef96c6ec633c2,1,Lab,Void
train/pd/8fbef96c6ec633c2_w03.png,8fbef96c6ec633c2,3,Lab,Void
train/pd/8fbef96c6ec633c2_w12.png,8fbef96c6ec633c2,12,Lab,Void
train/pd/8fbef96c6ec633c2_w13.png,8fbef96c6ec633c2,13,Lab,Void
train/pd/8fbef96c6ec633c2_w20.png,8fbef96c6ec633c2,20,Lab,Void
train/pd/8fbef96c6ec633c2_w22.png,8fbef96c6ec633c2,22,Lab,Void
train/pd/8fbef96c6ec633c2_w25.png,8fbef96c6ec633c2,25,Lab,Void
train/pd/8fd60ab310f1c1f4_w00.png,8fd60ab310f1c1f4,0,Lab,Particle
train/pd/8fd60ab310f1c1f4_w02.png,8fd60ab310f1c1f4,2,Lab,Particle
train/pd/8fd60ab310f1c1f4_w09.png,8fd60ab310f1c1f4,9,Lab,Particle
train/pd/8fd60ab310f1c1f4_w11.png,8fd60ab310f1c1f4,11,Lab,Particle
train/pd/8fd60ab310f1c1f4_w12.png,8fd60ab310f1c1f4,12,Lab,Particle
train/pd/8fd60ab310f1c1f4_w15.png,8fd60ab310f1c1f4,15,Lab,Particle
train/pd/8fd60ab310f1c1f4_w16.png,8fd60ab310f1c1f4,16,Lab,Particle
train/pd/8fd60ab310f1c1f4_w22.png,8fd60ab310f1c1f4,22,Lab,Particle
train/pd/8fef38be311f51b8_w05.png,8fef38be311f51b8,5,Lab,Particle
train/pd/8fef38be311f51b8_w07.png,8fef38be311f51b8,7,Lab,Particle
train/pd/8fef38be311f51b8_w15.png,8fef38be311f51b8,15,Lab,Particle
train/pd/8fef38be311f51b8_w18.png,8fef38be311f51b8,18,Lab,Particle
train/pd/8fef38be311f51b8_w21.png,8fef38be311f51b8,21,Lab,Particle
train/pd/8fef38be311f51b8_w22.png,8fef38be311f51b8,22,Lab,Particle
train/pd/8fef38be311f51b8_w25.png,8fef38be311f51b8,25,Lab,Particle
train/pd/8fef38be311f51b8_w27.png,8fef38be311f51b8,27,Lab,Particle
train/pd/902c7c35e6cb24ee_w01.png,902c7c35e6cb24ee,1,Lab,Floating
train/pd/902c7c35e6cb24ee_w05.png,902c7c35e6cb24ee,5,Lab,Floating
train/pd/902c7c35e6cb24ee_w13.png,902c7c35e6cb24ee,13,Lab,Floating
train/pd/902c7c35e6cb24ee_w14.png,902c7c35e6cb24ee,14,Lab,Floating
train/pd/902c7c35e6cb24ee_w18.png,902c7c35e6cb24ee,18,Lab,Floating
train/pd/902c7c35e6cb24ee_w23.png,902c7c35e6cb24ee,23,Lab,Floating
train/pd/902c7c35e6cb24ee_w25.png,902c7c35e6cb24ee,25,Lab,Floating
train/pd/902c7c35e6cb24ee_w26.png,902c7c35e6cb24ee,26,Lab,Floating
train/pd/905911b720ceb2ee_w01.png,905911b720ceb2ee,1,Field,Void
train/pd/905911b720ceb2ee_w02.png,905911b720ceb2ee,2,Field,Void
train/pd/905911b720ceb2ee_w05.png,905911b720ceb2ee,5,Field,Void
train/pd/905911b720ceb2ee_w11.png,905911b720ceb2ee,11,Field,Void
train/pd/905911b720ceb2ee_w14.png,905911b720ceb2ee,14,Field,Void
train/pd/905911b720ceb2ee_w16.png,905911b720ceb2ee,16,Field,Void
train/pd/905911b720ceb2ee_w17.png,905911b720ceb2ee,17,Field,Void
train/pd/905911b720ceb2ee_w27.png,905911b720ceb2ee,27,Field,Void
train/pd/905c4778df584220_w02.png,905c4778df584220,2,Field,Floating
train/pd/905c4778df584220_w05.png,905c4778df584220,5,Field,Floating
train/pd/905c4778df584220_w07.png,905c4778df584220,7,Field,Floating
train/pd/905c4778df584220_w12.png,905c4778df584220,12,Field,Floating
train/pd/905c4778df584220_w14.png,905c4778df584220,14,Field,Floating
train/pd/905c4778df584220_w15.png,905c4778df584220,15,Field,Floating
train/pd/905c4778df584220_w16.png,905c4778df584220,16,Field,Floating
train/pd/905c4778df584220_w19.png,905c4778df584220,19,Field,Floating
train/pd/9070754ed8718071_w00.png,9070754ed8718071,0,Lab,Void
train/pd/9070754ed8718071_w04.png,9070754ed8718071,4,Lab,Void
train/pd/9070754ed8718071_w07.png,9070754ed8718071,7,Lab,Void
train/pd/9070754ed8718071_w12.png,9070754ed8718071,12,Lab,Void
train/pd/9070754ed8718071_w16.png,9070754ed8718071,16,Lab,Void
train/pd/9070754ed8718071_w19.png,9070754ed8718071,19,Lab,Void
train/pd/9070754ed8718071_w20.png,9070754ed8718071,20,Lab,Void
train/pd/9070754ed8718071_w23.png,9070754ed8718071,23,Lab,Void
train/pd/9077b5ab149f209a_w01.png,9077b5ab149f209a,1,Lab,Void
train/pd/9077b5ab149f209a_w03.png,9077b5ab149f209a,3,Lab,Void
train/pd/9077b5ab149f209a_w06.png,9077b5ab149f209a,6,Lab,Void
train/pd/9077b5ab149f209a_w10.png,9077b5ab149f209a,10,Lab,Void
train/pd/9077b5ab149f209a_w11.png,9077b5ab149f209a,11,Lab,Void
train/pd/9077b5ab149f209a_w13.png,9077b5ab149f209a,13,Lab,Void
train/pd/9077b5ab149f209a_w16.png,9077b5ab149f209a,16,Lab,Void
train/pd/9077b5ab149f209a_w24.png,9077b5ab149f209a,24,Lab,Void
train/pd/90aafcf9103a8649_w00.png,90aafcf9103a8649,0,Lab,Corona
train/pd/90aafcf9103a8649_w08.png,90aafcf9103a8649,8,Lab,Corona
train/pd/90aafcf9103a8649_w09.png,90aafcf9103a8649,9,Lab,Corona
train/pd/90aafcf9103a8649_w14.png,90aafcf9103a8649,14,Lab,Corona
train/pd/90aafcf9103a8649_w16.png,90aafcf9103a8649,16,Lab,Corona
train/pd/90aafcf9103a8649_w21.png,90aafcf9103a8649,21,Lab,Corona
train/pd/90aafcf9103a8649_w26.png,90aafcf9103a8649,26,Lab,Corona
train/pd/90aafcf9103a8649_w27.png,90aafcf9103a8649,27,Lab,Corona
train/pd/90cb73cd1eceaa07_w07.png,90cb73cd1eceaa07,7,Lab,Void
train/pd/90cb73cd1eceaa07_w08.png,90cb73cd1eceaa07,8,Lab,Void
train/pd/90cb73cd1eceaa07_w15.png,90cb73cd1eceaa07,15,Lab,Void
train/pd/90cb73cd1eceaa07_w17.png,90cb73cd1eceaa07,17,Lab,Void
train/pd/90cb73cd1eceaa07_w21.png,90cb73cd1eceaa07,21,Lab,Void
train/pd/90cb73cd1eceaa07_w22.png,90cb73cd1eceaa07,22,Lab,Void
train/pd/90cb73cd1eceaa07_w24.png,90cb73cd1eceaa07,24,Lab,Void
train/pd/90cb73cd1eceaa07_w25.png,90cb73cd1eceaa07,25,Lab,Void
train/pd/90dd83efa99c5b4e_w01.png,90dd83efa99c5b4e,1,Lab,Particle
train/pd/90dd83efa99c5b4e_w02.png,90dd83efa99c5b4e,2,Lab,Particle
train/pd/90dd83efa99c5b4e_w03.png,90dd83efa99c5b4e,3,Lab,Particle
train/pd/90dd83efa99c5b4e_w08.png,90dd83efa99c5b4e,8,Lab,Particle
train/pd/90dd83efa99c5b4e_w11.png,90dd83efa99c5b4e,11,Lab,Particle
train/pd/90dd83efa99c5b4e_w13.png,90dd83efa99c5b4e,13,Lab,Particle
train/pd/90dd83efa99c5b4e_w24.png,90dd83efa99c5b4e,24,Lab,Particle
train/pd/90dd83efa99c5b4e_w25.png,90dd83efa99c5b4e,25,Lab,Particle
train/pd/90e2540a5dac6cf8_w01.png,90e2540a5dac6cf8,1,Lab,Void
train/pd/90e2540a5dac6cf8_w05.png,90e2540a5dac6cf8,5,Lab,Void
train/pd/90e2540a5dac6cf8_w07.png,90e2540a5dac6cf8,7,Lab,Void
train/pd/90e2540a5dac6cf8_w10.png,90e2540a5dac6cf8,10,Lab,Void
train/pd/90e2540a5dac6cf8_w11.png,90e2540a5dac6cf8,11,Lab,Void
train/pd/90e2540a5dac6cf8_w21.png,90e2540a5dac6cf8,21,Lab,Void
train/pd/90e2540a5dac6cf8_w23.png,90e2540a5dac6cf8,23,Lab,Void
train/pd/90e2540a5dac6cf8_w26.png,90e2540a5dac6cf8,26,Lab,Void
train/pd/90f7ab87d1caab19_w00.png,90f7ab87d1caab19,0,Lab,Corona
train/pd/90f7ab87d1caab19_w04.png,90f7ab87d1caab19,4,Lab,Corona
train/pd/90f7ab87d1caab19_w08.png,90f7ab87d1caab19,8,Lab,Corona
train/pd/90f7ab87d1caab19_w13.png,90f7ab87d1caab19,13,Lab,Corona
train/pd/90f7ab87d1caab19_w18.png,90f7ab87d1caab19,18,Lab,Corona
train/pd/90f7ab87d1caab19_w23.png,90f7ab87d1caab19,23,Lab,Corona
train/pd/90f7ab87d1caab19_w24.png,90f7ab87d1caab19,24,Lab,Corona
train/pd/90f7ab87d1caab19_w26.png,90f7ab87d1caab19,26,Lab,Corona
train/pd/914bf29fe003ec45_w01.png,914bf29fe003ec45,1,Lab,Corona
train/pd/914bf29fe003ec45_w03.png,914bf29fe003ec45,3,Lab,Corona
train/pd/914bf29fe003ec45_w05.png,914bf29fe003ec45,5,Lab,Corona
train/pd/914bf29fe003ec45_w08.png,914bf29fe003ec45,8,Lab,Corona
train/pd/914bf29fe003ec45_w12.png,914bf29fe003ec45,12,Lab,Corona
train/pd/914bf29fe003ec45_w19.png,914bf29fe003ec45,19,Lab,Corona
train/pd/914bf29fe003ec45_w23.png,914bf29fe003ec45,23,Lab,Corona
train/pd/914bf29fe003ec45_w24.png,914bf29fe003ec45,24,Lab,Corona
train/pd/918d6f9d10896682_w01.png,918d6f9d10896682,1,Lab,Void
train/pd/918d6f9d10896682_w04.png,918d6f9d10896682,4,Lab,Void
train/pd/918d6f9d10896682_w07.png,918d6f9d10896682,7,Lab,Void
train/pd/918d6f9d10896682_w10.png,918d6f9d10896682,10,Lab,Void
train/pd/918d6f9d10896682_w20.png,918d6f9d10896682,20,Lab,Void
train/pd/918d6f9d10896682_w22.png,918d6f9d10896682,22,Lab,Void
train/pd/918d6f9d10896682_w24.png,918d6f9d10896682,24,Lab,Void
train/pd/918d6f9d10896682_w25.png,918d6f9d10896682,25,Lab,Void
train/pd/91c0d15328172a7c_w05.png,91c0d15328172a7c,5,Lab,Void
train/pd/91c0d15328172a7c_w06.png,91c0d15328172a7c,6,Lab,Void
train/pd/91c0d15328172a7c_w07.png,91c0d15328172a7c,7,Lab,Void
train/pd/91c0d15328172a7c_w11.png,91c0d15328172a7c,11,Lab,Void
train/pd/91c0d15328172a7c_w12.png,91c0d15328172a7c,12,Lab,Void
train/pd/91c0d15328172a7c_w13.png,91c0d15328172a7c,13,Lab,Void
train/pd/91c0d15328172a7c_w15.png,91c0d15328172a7c,15,Lab,Void
train/pd/91c0d15328172a7c_w22.png,91c0d15328172a7c,22,Lab,Void
train/pd/91c25f08d9cde9c7_w06.png,91c25f08d9cde9c7,6,Lab,Floating
train/pd/91c25f08d9cde9c7_w18.png,91c25f08d9cde9c7,18,Lab,Floating
train/pd/91c25f08d9cde9c7_w19.png,91c25f08d9cde9c7,19,Lab,Floating
train/pd/91c25f08d9cde9c7_w20.png,91c25f08d9cde9c7,20,Lab,Floating
train/pd/91c25f08d9cde9c7_w22.png,91c25f08d9cde9c7,22,Lab,Floating
train/pd/91c25f08d9cde9c7_w23.png,91c25f08d9cde9c7,23,Lab,Floating
train/pd/91c25f08d9cde9c7_w25.png,91c25f08d9cde9c7,25,Lab,Floating
train/pd/91c25f08d9cde9c7_w26.png,91c25f08d9cde9c7,26,Lab,Floating
train/pd/921be16eb538a020_w05.png,921be16eb538a020,5,Field,Corona
train/pd/921be16eb538a020_w08.png,921be16eb538a020,8,Field,Corona
train/pd/921be16eb538a020_w10.png,921be16eb538a020,10,Field,Corona
train/pd/921be16eb538a020_w11.png,921be16eb538a020,11,Field,Corona
train/pd/921be16eb538a020_w15.png,921be16eb538a020,15,Field,Corona
train/pd/921be16eb538a020_w20.png,921be16eb538a020,20,Field,Corona
train/pd/921be16eb538a020_w21.png,921be16eb538a020,21,Field,Corona
train/pd/921be16eb538a020_w26.png,921be16eb538a020,26,Field,Corona
train/pd/922a74766c75dad3_w00.png,922a74766c75dad3,0,Lab,Floating
train/pd/922a74766c75dad3_w02.png,922a74766c75dad3,2,Lab,Floating
train/pd/922a74766c75dad3_w09.png,922a74766c75dad3,9,Lab,Floating
train/pd/922a74766c75dad3_w14.png,922a74766c75dad3,14,Lab,Floating
train/pd/922a74766c75dad3_w15.png,922a74766c75dad3,15,Lab,Floating
train/pd/922a74766c75dad3_w18.png,922a74766c75dad3,18,Lab,Floating
train/pd/922a74766c75dad3_w20.png,922a74766c75dad3,20,Lab,Floating
train/pd/922a74766c75dad3_w25.png,922a74766c75dad3,25,Lab,Floating
train/pd/92ac17bfe76d60f2_w00.png,92ac17bfe76d60f2,0,Field,Void
train/pd/92ac17bfe76d60f2_w04.png,92ac17bfe76d60f2,4,Field,Void
train/pd/92ac17bfe76d60f2_w09.png,92ac17bfe76d60f2,9,Field,Void
train/pd/92ac17bfe76d60f2_w13.png,92ac17bfe76d60f2,13,Field,Void
train/pd/92ac17bfe76d60f2_w19.png,92ac17bfe76d60f2,19,Field,Void
train/pd/92ac17bfe76d60f2_w20.png,92ac17bfe76d60f2,20,Field,Void
train/pd/92ac17bfe76d60f2_w23.png,92ac17bfe76d60f2,23,Field,Void
train/pd/92ac17bfe76d60f2_w25.png,92ac17bfe76d60f2,25,Field,Void
train/pd/92c5c9ebb1630ee5_w02.png,92c5c9ebb1630ee5,2,Lab,Corona
train/pd/92c5c9ebb1630ee5_w03.png,92c5c9ebb1630ee5,3,Lab,Corona
train/pd/92c5c9ebb1630ee5_w04.png,92c5c9ebb1630ee5,4,Lab,Corona
train/pd/92c5c9ebb1630ee5_w09.png,92c5c9ebb1630ee5,9,Lab,Corona
train/pd/92c5c9ebb1630ee5_w10.png,92c5c9ebb1630ee5,10,Lab,Corona
train/pd/92c5c9ebb1630ee5_w18.png,92c5c9ebb1630ee5,18,Lab,Corona
train/pd/92c5c9ebb1630ee5_w19.png,92c5c9ebb1630ee5,19,Lab,Corona
train/pd/92c5c9ebb1630ee5_w20.png,92c5c9ebb1630ee5,20,Lab,Corona
train/pd/933e519646e0716f_w00.png,933e519646e0716f,0,Lab,Particle
train/pd/933e519646e0716f_w01.png,933e519646e0716f,1,Lab,Particle
train/pd/933e519646e0716f_w07.png,933e519646e0716f,7,Lab,Particle
train/pd/933e519646e0716f_w12.png,933e519646e0716f,12,Lab,Particle
train/pd/933e519646e0716f_w15.png,933e519646e0716f,15,Lab,Particle
train/pd/933e519646e0716f_w17.png,933e519646e0716f,17,Lab,Particle
train/pd/933e519646e0716f_w20.png,933e519646e0716f,20,Lab,Particle
train/pd/933e519646e0716f_w25.png,933e519646e0716f,25,Lab,Particle
train/pd/9389bd2ee53e1e2f_w00.png,9389bd2ee53e1e2f,0,Lab,Corona
train/pd/9389bd2ee53e1e2f_w01.png,9389bd2ee53e1e2f,1,Lab,Corona
train/pd/9389bd2ee53e1e2f_w02.png,9389bd2ee53e1e2f,2,Lab,Corona
train/pd/9389bd2ee53e1e2f_w06.png,9389bd2ee53e1e2f,6,Lab,Corona
train/pd/9389bd2ee53e1e2f_w10.png,9389bd2ee53e1e2f,10,Lab,Corona
train/pd/9389bd2ee53e1e2f_w12.png,9389bd2ee53e1e2f,12,Lab,Corona
train/pd/9389bd2ee53e1e2f_w14.png,9389bd2ee53e1e2f,14,Lab,Corona
train/pd/9389bd2ee53e1e2f_w15.png,9389bd2ee53e1e2f,15,Lab,Corona
train/pd/93b6c593f15f6332_w01.png,93b6c593f15f6332,1,Lab,Particle
train/pd/93b6c593f15f6332_w02.png,93b6c593f15f6332,2,Lab,Particle
train/pd/93b6c593f15f6332_w04.png,93b6c593f15f6332,4,Lab,Particle
train/pd/93b6c593f15f6332_w11.png,93b6c593f15f6332,11,Lab,Particle
train/pd/93b6c593f15f6332_w18.png,93b6c593f15f6332,18,Lab,Particle
train/pd/93b6c593f15f6332_w19.png,93b6c593f15f6332,19,Lab,Particle
train/pd/93b6c593f15f6332_w20.png,93b6c593f15f6332,20,Lab,Particle
train/pd/93b6c593f15f6332_w21.png,93b6c593f15f6332,21,Lab,Particle
train/pd/93bdd831789353f3_w00.png,93bdd831789353f3,0,Lab,Floating
train/pd/93bdd831789353f3_w01.png,93bdd831789353f3,1,Lab,Floating
train/pd/93bdd831789353f3_w05.png,93bdd831789353f3,5,Lab,Floating
train/pd/93bdd831789353f3_w06.png,93bdd831789353f3,6,Lab,Floating
train/pd/93bdd831789353f3_w09.png,93bdd831789353f3,9,Lab,Floating
train/pd/93bdd831789353f3_w18.png,93bdd831789353f3,18,Lab,Floating
train/pd/93bdd831789353f3_w20.png,93bdd831789353f3,20,Lab,Floating
train/pd/93bdd831789353f3_w27.png,93bdd831789353f3,27,Lab,Floating
train/pd/93cc1d7e9515669a_w01.png,93cc1d7e9515669a,1,Lab,Void
train/pd/93cc1d7e9515669a_w03.png,93cc1d7e9515669a,3,Lab,Void
train/pd/93cc1d7e9515669a_w05.png,93cc1d7e9515669a,5,Lab,Void
train/pd/93cc1d7e9515669a_w06.png,93cc1d7e9515669a,6,Lab,Void
train/pd/93cc1d7e9515669a_w20.png,93cc1d7e9515669a,20,Lab,Void
train/pd/93cc1d7e9515669a_w23.png,93cc1d7e9515669a,23,Lab,Void
train/pd/93cc1d7e9515669a_w24.png,93cc1d7e9515669a,24,Lab,Void
train/pd/93cc1d7e9515669a_w27.png,93cc1d7e9515669a,27,Lab,Void
train/pd/941684a9f97af1a6_w04.png,941684a9f97af1a6,4,Lab,Particle
train/pd/941684a9f97af1a6_w08.png,941684a9f97af1a6,8,Lab,Particle
train/pd/941684a9f97af1a6_w10.png,941684a9f97af1a6,10,Lab,Particle
train/pd/941684a9f97af1a6_w12.png,941684a9f97af1a6,12,Lab,Particle
train/pd/941684a9f97af1a6_w13.png,941684a9f97af1a6,13,Lab,Particle
train/pd/941684a9f97af1a6_w19.png,941684a9f97af1a6,19,Lab,Particle
train/pd/941684a9f97af1a6_w23.png,941684a9f97af1a6,23,Lab,Particle
train/pd/941684a9f97af1a6_w25.png,941684a9f97af1a6,25,Lab,Particle
train/pd/942955ca79927058_w02.png,942955ca79927058,2,Lab,Void
train/pd/942955ca79927058_w03.png,942955ca79927058,3,Lab,Void
train/pd/942955ca79927058_w06.png,942955ca79927058,6,Lab,Void
train/pd/942955ca79927058_w09.png,942955ca79927058,9,Lab,Void
train/pd/942955ca79927058_w15.png,942955ca79927058,15,Lab,Void
train/pd/942955ca79927058_w20.png,942955ca79927058,20,Lab,Void
train/pd/942955ca79927058_w22.png,942955ca79927058,22,Lab,Void
train/pd/942955ca79927058_w25.png,942955ca79927058,25,Lab,Void
train/pd/9439caeb1d632dbb_w02.png,9439caeb1d632dbb,2,Field,Void
train/pd/9439caeb1d632dbb_w05.png,9439caeb1d632dbb,5,Field,Void
train/pd/9439caeb1d632dbb_w09.png,9439caeb1d632dbb,9,Field,Void
train/pd/9439caeb1d632dbb_w14.png,9439caeb1d632dbb,14,Field,Void
train/pd/9439caeb1d632dbb_w18.png,9439caeb1d632dbb,18,Field,Void
train/pd/9439caeb1d632dbb_w20.png,9439caeb1d632dbb,20,Field,Void
train/pd/9439caeb1d632dbb_w22.png,9439caeb1d632dbb,22,Field,Void
train/pd/9439caeb1d632dbb_w24.png,9439caeb1d632dbb,24,Field,Void
train/pd/944268a748742019_w02.png,944268a748742019,2,Field,Void
train/pd/944268a748742019_w06.png,944268a748742019,6,Field,Void
train/pd/944268a748742019_w08.png,944268a748742019,8,Field,Void
train/pd/944268a748742019_w13.png,944268a748742019,13,Field,Void
train/pd/944268a748742019_w16.png,944268a748742019,16,Field,Void
train/pd/944268a748742019_w17.png,944268a748742019,17,Field,Void
train/pd/944268a748742019_w25.png,944268a748742019,25,Field,Void
train/pd/944268a748742019_w27.png,944268a748742019,27,Field,Void
train/pd/9478d64c515c9a9d_w03.png,9478d64c515c9a9d,3,Lab,Corona
train/pd/9478d64c515c9a9d_w10.png,9478d64c515c9a9d,10,Lab,Corona
train/pd/9478d64c515c9a9d_w12.png,9478d64c515c9a9d,12,Lab,Corona
train/pd/9478d64c515c9a9d_w15.png,9478d64c515c9a9d,15,Lab,Corona
train/pd/9478d64c515c9a9d_w18.png,9478d64c515c9a9d,18,Lab,Corona
train/pd/9478d64c515c9a9d_w19.png,9478d64c515c9a9d,19,Lab,Corona
train/pd/9478d64c515c9a9d_w22.png,9478d64c515c9a9d,22,Lab,Corona
train/pd/9478d64c515c9a9d_w25.png,9478d64c515c9a9d,25,Lab,Corona
train/pd/947cee724d738b51_w00.png,947cee724d738b51,0,Lab,Void
train/pd/947cee724d738b51_w03.png,947cee724d738b51,3,Lab,Void
train/pd/947cee724d738b51_w04.png,947cee724d738b51,4,Lab,Void
train/pd/947cee724d738b51_w05.png,947cee724d738b51,5,Lab,Void
train/pd/947cee724d738b51_w07.png,947cee724d738b51,7,Lab,Void
train/pd/947cee724d738b51_w11.png,947cee724d738b51,11,Lab,Void
train/pd/947cee724d738b51_w24.png,947cee724d738b51,24,Lab,Void
train/pd/947cee724d738b51_w26.png,947cee724d738b51,26,Lab,Void
train/pd/94b7ce75e882592c_w01.png,94b7ce75e882592c,1,Lab,Void
train/pd/94b7ce75e882592c_w03.png,94b7ce75e882592c,3,Lab,Void
train/pd/94b7ce75e882592c_w04.png,94b7ce75e882592c,4,Lab,Void
train/pd/94b7ce75e882592c_w08.png,94b7ce75e882592c,8,Lab,Void
train/pd/94b7ce75e882592c_w10.png,94b7ce75e882592c,10,Lab,Void
train/pd/94b7ce75e882592c_w11.png,94b7ce75e882592c,11,Lab,Void
train/pd/94b7ce75e882592c_w12.png,94b7ce75e882592c,12,Lab,Void
train/pd/94b7ce75e882592c_w25.png,94b7ce75e882592c,25,Lab,Void
train/pd/94f8ebbdeac48d41_w03.png,94f8ebbdeac48d41,3,Lab,Particle
train/pd/94f8ebbdeac48d41_w09.png,94f8ebbdeac48d41,9,Lab,Particle
train/pd/94f8ebbdeac48d41_w10.png,94f8ebbdeac48d41,10,Lab,Particle
train/pd/94f8ebbdeac48d41_w13.png,94f8ebbdeac48d41,13,Lab,Particle
train/pd/94f8ebbdeac48d41_w14.png,94f8ebbdeac48d41,14,Lab,Particle
train/pd/94f8ebbdeac48d41_w17.png,94f8ebbdeac48d41,17,Lab,Particle
train/pd/94f8ebbdeac48d41_w18.png,94f8ebbdeac48d41,18,Lab,Particle
train/pd/94f8ebbdeac48d41_w23.png,94f8ebbdeac48d41,23,Lab,Particle
train/pd/952e6c4703703241_w00.png,952e6c4703703241,0,Lab,Corona
train/pd/952e6c4703703241_w08.png,952e6c4703703241,8,Lab,Corona
train/pd/952e6c4703703241_w09.png,952e6c4703703241,9,Lab,Corona
train/pd/952e6c4703703241_w12.png,952e6c4703703241,12,Lab,Corona
train/pd/952e6c4703703241_w18.png,952e6c4703703241,18,Lab,Corona
train/pd/952e6c4703703241_w22.png,952e6c4703703241,22,Lab,Corona
train/pd/952e6c4703703241_w23.png,952e6c4703703241,23,Lab,Corona
train/pd/952e6c4703703241_w27.png,952e6c4703703241,27,Lab,Corona
train/pd/9537af560ff55b3d_w06.png,9537af560ff55b3d,6,Lab,Void
train/pd/9537af560ff55b3d_w08.png,9537af560ff55b3d,8,Lab,Void
train/pd/9537af560ff55b3d_w09.png,9537af560ff55b3d,9,Lab,Void
train/pd/9537af560ff55b3d_w12.png,9537af560ff55b3d,12,Lab,Void
train/pd/9537af560ff55b3d_w16.png,9537af560ff55b3d,16,Lab,Void
train/pd/9537af560ff55b3d_w23.png,9537af560ff55b3d,23,Lab,Void
train/pd/9537af560ff55b3d_w24.png,9537af560ff55b3d,24,Lab,Void
train/pd/9537af560ff55b3d_w27.png,9537af560ff55b3d,27,Lab,Void
train/pd/95a5544633afccba_w05.png,95a5544633afccba,5,Lab,Void
train/pd/95a5544633afccba_w07.png,95a5544633afccba,7,Lab,Void
train/pd/95a5544633afccba_w08.png,95a5544633afccba,8,Lab,Void
train/pd/95a5544633afccba_w09.png,95a5544633afccba,9,Lab,Void
train/pd/95a5544633afccba_w16.png,95a5544633afccba,16,Lab,Void
train/pd/95a5544633afccba_w20.png,95a5544633afccba,20,Lab,Void
train/pd/95a5544633afccba_w22.png,95a5544633afccba,22,Lab,Void
train/pd/95a5544633afccba_w23.png,95a5544633afccba,23,Lab,Void
train/pd/95ea5bfcd4dc5e5f_w05.png,95ea5bfcd4dc5e5f,5,Lab,Void
train/pd/95ea5bfcd4dc5e5f_w07.png,95ea5bfcd4dc5e5f,7,Lab,Void
train/pd/95ea5bfcd4dc5e5f_w10.png,95ea5bfcd4dc5e5f,10,Lab,Void
train/pd/95ea5bfcd4dc5e5f_w14.png,95ea5bfcd4dc5e5f,14,Lab,Void
train/pd/95ea5bfcd4dc5e5f_w17.png,95ea5bfcd4dc5e5f,17,Lab,Void
train/pd/95ea5bfcd4dc5e5f_w18.png,95ea5bfcd4dc5e5f,18,Lab,Void
train/pd/95ea5bfcd4dc5e5f_w21.png,95ea5bfcd4dc5e5f,21,Lab,Void
train/pd/95ea5bfcd4dc5e5f_w22.png,95ea5bfcd4dc5e5f,22,Lab,Void
train/pd/9618d68a21d6d3bb_w05.png,9618d68a21d6d3bb,5,Lab,Void
train/pd/9618d68a21d6d3bb_w06.png,9618d68a21d6d3bb,6,Lab,Void
train/pd/9618d68a21d6d3bb_w09.png,9618d68a21d6d3bb,9,Lab,Void
train/pd/9618d68a21d6d3bb_w10.png,9618d68a21d6d3bb,10,Lab,Void
train/pd/9618d68a21d6d3bb_w11.png,9618d68a21d6d3bb,11,Lab,Void
train/pd/9618d68a21d6d3bb_w21.png,9618d68a21d6d3bb,21,Lab,Void
train/pd/9618d68a21d6d3bb_w25.png,9618d68a21d6d3bb,25,Lab,Void
train/pd/9618d68a21d6d3bb_w27.png,9618d68a21d6d3bb,27,Lab,Void
train/pd/961dcd4caf2f3477_w04.png,961dcd4caf2f3477,4,Lab,Particle
train/pd/961dcd4caf2f3477_w06.png,961dcd4caf2f3477,6,Lab,Particle
train/pd/961dcd4caf2f3477_w07.png,961dcd4caf2f3477,7,Lab,Particle
train/pd/961dcd4caf2f3477_w12.png,961dcd4caf2f3477,12,Lab,Particle
train/pd/961dcd4caf2f3477_w18.png,961dcd4caf2f3477,18,Lab,Particle
train/pd/961dcd4caf2f3477_w20.png,961dcd4caf2f3477,20,Lab,Particle
train/pd/961dcd4caf2f3477_w21.png,961dcd4caf2f3477,21,Lab,Particle
train/pd/961dcd4caf2f3477_w26.png,961dcd4caf2f3477,26,Lab,Particle
train/pd/9624e783df726816_w06.png,9624e783df726816,6,Lab,Void
train/pd/9624e783df726816_w07.png,9624e783df726816,7,Lab,Void
train/pd/9624e783df726816_w10.png,9624e783df726816,10,Lab,Void
train/pd/9624e783df726816_w14.png,9624e783df726816,14,Lab,Void
train/pd/9624e783df726816_w16.png,9624e783df726816,16,Lab,Void
train/pd/9624e783df726816_w19.png,9624e783df726816,19,Lab,Void
train/pd/9624e783df726816_w24.png,9624e783df726816,24,Lab,Void
train/pd/9624e783df726816_w25.png,9624e783df726816,25,Lab,Void
train/pd/962ab2fbd2f16d3c_w00.png,962ab2fbd2f16d3c,0,Field,Void
train/pd/962ab2fbd2f16d3c_w03.png,962ab2fbd2f16d3c,3,Field,Void
train/pd/962ab2fbd2f16d3c_w10.png,962ab2fbd2f16d3c,10,Field,Void
train/pd/962ab2fbd2f16d3c_w17.png,962ab2fbd2f16d3c,17,Field,Void
train/pd/962ab2fbd2f16d3c_w18.png,962ab2fbd2f16d3c,18,Field,Void
train/pd/962ab2fbd2f16d3c_w20.png,962ab2fbd2f16d3c,20,Field,Void
train/pd/962ab2fbd2f16d3c_w22.png,962ab2fbd2f16d3c,22,Field,Void
train/pd/962ab2fbd2f16d3c_w25.png,962ab2fbd2f16d3c,25,Field,Void
train/pd/962d1049d7fac8ba_w00.png,962d1049d7fac8ba,0,Lab,Void
train/pd/962d1049d7fac8ba_w03.png,962d1049d7fac8ba,3,Lab,Void
train/pd/962d1049d7fac8ba_w04.png,962d1049d7fac8ba,4,Lab,Void
train/pd/962d1049d7fac8ba_w12.png,962d1049d7fac8ba,12,Lab,Void
train/pd/962d1049d7fac8ba_w14.png,962d1049d7fac8ba,14,Lab,Void
train/pd/962d1049d7fac8ba_w15.png,962d1049d7fac8ba,15,Lab,Void
train/pd/962d1049d7fac8ba_w17.png,962d1049d7fac8ba,17,Lab,Void
train/pd/962d1049d7fac8ba_w21.png,962d1049d7fac8ba,21,Lab,Void
train/pd/966506085caf8c25_w03.png,966506085caf8c25,3,Lab,Void
train/pd/966506085caf8c25_w09.png,966506085caf8c25,9,Lab,Void
train/pd/966506085caf8c25_w14.png,966506085caf8c25,14,Lab,Void
train/pd/966506085caf8c25_w17.png,966506085caf8c25,17,Lab,Void
train/pd/966506085caf8c25_w18.png,966506085caf8c25,18,Lab,Void
train/pd/966506085caf8c25_w19.png,966506085caf8c25,19,Lab,Void
train/pd/966506085caf8c25_w23.png,966506085caf8c25,23,Lab,Void
train/pd/966506085caf8c25_w24.png,966506085caf8c25,24,Lab,Void
train/pd/967cb5b3b0afb73a_w01.png,967cb5b3b0afb73a,1,Field,Void
train/pd/967cb5b3b0afb73a_w02.png,967cb5b3b0afb73a,2,Field,Void
train/pd/967cb5b3b0afb73a_w04.png,967cb5b3b0afb73a,4,Field,Void
train/pd/967cb5b3b0afb73a_w05.png,967cb5b3b0afb73a,5,Field,Void
train/pd/967cb5b3b0afb73a_w14.png,967cb5b3b0afb73a,14,Field,Void
train/pd/967cb5b3b0afb73a_w19.png,967cb5b3b0afb73a,19,Field,Void
train/pd/967cb5b3b0afb73a_w23.png,967cb5b3b0afb73a,23,Field,Void
train/pd/967cb5b3b0afb73a_w26.png,967cb5b3b0afb73a,26,Field,Void
train/pd/969bee0df4c4ee4a_w00.png,969bee0df4c4ee4a,0,Lab,Corona
train/pd/969bee0df4c4ee4a_w06.png,969bee0df4c4ee4a,6,Lab,Corona
train/pd/969bee0df4c4ee4a_w08.png,969bee0df4c4ee4a,8,Lab,Corona
train/pd/969bee0df4c4ee4a_w10.png,969bee0df4c4ee4a,10,Lab,Corona
train/pd/969bee0df4c4ee4a_w12.png,969bee0df4c4ee4a,12,Lab,Corona
train/pd/969bee0df4c4ee4a_w13.png,969bee0df4c4ee4a,13,Lab,Corona
train/pd/969bee0df4c4ee4a_w21.png,969bee0df4c4ee4a,21,Lab,Corona
train/pd/969bee0df4c4ee4a_w22.png,969bee0df4c4ee4a,22,Lab,Corona
train/pd/96bc18ec46c86f83_w00.png,96bc18ec46c86f83,0,Field,Void
train/pd/96bc18ec46c86f83_w02.png,96bc18ec46c86f83,2,Field,Void
train/pd/96bc18ec46c86f83_w03.png,96bc18ec46c86f83,3,Field,Void
train/pd/96bc18ec46c86f83_w08.png,96bc18ec46c86f83,8,Field,Void
train/pd/96bc18ec46c86f83_w22.png,96bc18ec46c86f83,22,Field,Void
train/pd/96bc18ec46c86f83_w25.png,96bc18ec46c86f83,25,Field,Void
train/pd/96bc18ec46c86f83_w26.png,96bc18ec46c86f83,26,Field,Void
train/pd/96bc18ec46c86f83_w27.png,96bc18ec46c86f83,27,Field,Void
train/pd/96bf4e4f2cef777c_w03.png,96bf4e4f2cef777c,3,Lab,Floating
train/pd/96bf4e4f2cef777c_w04.png,96bf4e4f2cef777c,4,Lab,Floating
train/pd/96bf4e4f2cef777c_w05.png,96bf4e4f2cef777c,5,Lab,Floating
train/pd/96bf4e4f2cef777c_w10.png,96bf4e4f2cef777c,10,Lab,Floating
train/pd/96bf4e4f2cef777c_w17.png,96bf4e4f2cef777c,17,Lab,Floating
train/pd/96bf4e4f2cef777c_w21.png,96bf4e4f2cef777c,21,Lab,Floating
train/pd/96bf4e4f2cef777c_w26.png,96bf4e4f2cef777c,26,Lab,Floating
train/pd/96bf4e4f2cef777c_w27.png,96bf4e4f2cef777c,27,Lab,Floating
train/pd/96c073b7294edc9b_w02.png,96c073b7294edc9b,2,Lab,Floating
train/pd/96c073b7294edc9b_w03.png,96c073b7294edc9b,3,Lab,Floating
train/pd/96c073b7294edc9b_w09.png,96c073b7294edc9b,9,Lab,Floating
train/pd/96c073b7294edc9b_w10.png,96c073b7294edc9b,10,Lab,Floating
train/pd/96c073b7294edc9b_w11.png,96c073b7294edc9b,11,Lab,Floating
train/pd/96c073b7294edc9b_w17.png,96c073b7294edc9b,17,Lab,Floating
train/pd/96c073b7294edc9b_w20.png,96c073b7294edc9b,20,Lab,Floating
train/pd/96c073b7294edc9b_w27.png,96c073b7294edc9b,27,Lab,Floating
train/pd/96e97984176f0e6b_w01.png,96e97984176f0e6b,1,Field,Floating
train/pd/96e97984176f0e6b_w06.png,96e97984176f0e6b,6,Field,Floating
train/pd/96e97984176f0e6b_w10.png,96e97984176f0e6b,10,Field,Floating
train/pd/96e97984176f0e6b_w11.png,96e97984176f0e6b,11,Field,Floating
train/pd/96e97984176f0e6b_w12.png,96e97984176f0e6b,12,Field,Floating
train/pd/96e97984176f0e6b_w15.png,96e97984176f0e6b,15,Field,Floating
train/pd/96e97984176f0e6b_w23.png,96e97984176f0e6b,23,Field,Floating
train/pd/96e97984176f0e6b_w24.png,96e97984176f0e6b,24,Field,Floating
train/pd/9710ca5c1950a926_w01.png,9710ca5c1950a926,1,Lab,Particle
train/pd/9710ca5c1950a926_w06.png,9710ca5c1950a926,6,Lab,Particle
train/pd/9710ca5c1950a926_w12.png,9710ca5c1950a926,12,Lab,Particle
train/pd/9710ca5c1950a926_w16.png,9710ca5c1950a926,16,Lab,Particle
train/pd/9710ca5c1950a926_w20.png,9710ca5c1950a926,20,Lab,Particle
train/pd/9710ca5c1950a926_w21.png,9710ca5c1950a926,21,Lab,Particle
train/pd/9710ca5c1950a926_w22.png,9710ca5c1950a926,22,Lab,Particle
train/pd/9710ca5c1950a926_w27.png,9710ca5c1950a926,27,Lab,Particle
train/pd/977092bb47ca6a03_w05.png,977092bb47ca6a03,5,Lab,Floating
train/pd/977092bb47ca6a03_w07.png,977092bb47ca6a03,7,Lab,Floating
train/pd/977092bb47ca6a03_w08.png,977092bb47ca6a03,8,Lab,Floating
train/pd/977092bb47ca6a03_w12.png,977092bb47ca6a03,12,Lab,Floating
train/pd/977092bb47ca6a03_w21.png,977092bb47ca6a03,21,Lab,Floating
train/pd/977092bb47ca6a03_w22.png,977092bb47ca6a03,22,Lab,Floating
train/pd/977092bb47ca6a03_w24.png,977092bb47ca6a03,24,Lab,Floating
train/pd/977092bb47ca6a03_w27.png,977092bb47ca6a03,27,Lab,Floating
train/pd/977415b59cd90a00_w04.png,977415b59cd90a00,4,Field,Corona
train/pd/977415b59cd90a00_w06.png,977415b59cd90a00,6,Field,Corona
train/pd/977415b59cd90a00_w10.png,977415b59cd90a00,10,Field,Corona
train/pd/977415b59cd90a00_w13.png,977415b59cd90a00,13,Field,Corona
train/pd/977415b59cd90a00_w18.png,977415b59cd90a00,18,Field,Corona
train/pd/977415b59cd90a00_w20.png,977415b59cd90a00,20,Field,Corona
train/pd/977415b59cd90a00_w21.png,977415b59cd90a00,21,Field,Corona
train/pd/977415b59cd90a00_w24.png,977415b59cd90a00,24,Field,Corona
train/pd/9795d6971c737c7d_w02.png,9795d6971c737c7d,2,Lab,Particle
train/pd/9795d6971c737c7d_w06.png,9795d6971c737c7d,6,Lab,Particle
train/pd/9795d6971c737c7d_w07.png,9795d6971c737c7d,7,Lab,Particle
train/pd/9795d6971c737c7d_w11.png,9795d6971c737c7d,11,Lab,Particle
train/pd/9795d6971c737c7d_w12.png,9795d6971c737c7d,12,Lab,Particle
train/pd/9795d6971c737c7d_w15.png,9795d6971c737c7d,15,Lab,Particle
train/pd/9795d6971c737c7d_w16.png,9795d6971c737c7d,16,Lab,Particle
train/pd/9795d6971c737c7d_w25.png,9795d6971c737c7d,25,Lab,Particle
train/pd/97e3883f059fa43a_w01.png,97e3883f059fa43a,1,Field,Floating
train/pd/97e3883f059fa43a_w03.png,97e3883f059fa43a,3,Field,Floating
train/pd/97e3883f059fa43a_w09.png,97e3883f059fa43a,9,Field,Floating
train/pd/97e3883f059fa43a_w10.png,97e3883f059fa43a,10,Field,Floating
train/pd/97e3883f059fa43a_w12.png,97e3883f059fa43a,12,Field,Floating
train/pd/97e3883f059fa43a_w21.png,97e3883f059fa43a,21,Field,Floating
train/pd/97e3883f059fa43a_w22.png,97e3883f059fa43a,22,Field,Floating
train/pd/97e3883f059fa43a_w23.png,97e3883f059fa43a,23,Field,Floating
train/pd/97e9110d8cfbca61_w01.png,97e9110d8cfbca61,1,Lab,Void
train/pd/97e9110d8cfbca61_w08.png,97e9110d8cfbca61,8,Lab,Void
train/pd/97e9110d8cfbca61_w09.png,97e9110d8cfbca61,9,Lab,Void
train/pd/97e9110d8cfbca61_w13.png,97e9110d8cfbca61,13,Lab,Void
train/pd/97e9110d8cfbca61_w15.png,97e9110d8cfbca61,15,Lab,Void
train/pd/97e9110d8cfbca61_w19.png,97e9110d8cfbca61,19,Lab,Void
train/pd/97e9110d8cfbca61_w22.png,97e9110d8cfbca61,22,Lab,Void
train/pd/97e9110d8cfbca61_w26.png,97e9110d8cfbca61,26,Lab,Void
train/pd/980026651f5ad1ba_w00.png,980026651f5ad1ba,0,Lab,Void
train/pd/980026651f5ad1ba_w03.png,980026651f5ad1ba,3,Lab,Void
train/pd/980026651f5ad1ba_w05.png,980026651f5ad1ba,5,Lab,Void
train/pd/980026651f5ad1ba_w07.png,980026651f5ad1ba,7,Lab,Void
train/pd/980026651f5ad1ba_w12.png,980026651f5ad1ba,12,Lab,Void
train/pd/980026651f5ad1ba_w18.png,980026651f5ad1ba,18,Lab,Void
train/pd/980026651f5ad1ba_w22.png,980026651f5ad1ba,22,Lab,Void
train/pd/980026651f5ad1ba_w27.png,980026651f5ad1ba,27,Lab,Void
train/pd/986a91a2e8e6b561_w06.png,986a91a2e8e6b561,6,Lab,Floating
train/pd/986a91a2e8e6b561_w07.png,986a91a2e8e6b561,7,Lab,Floating
train/pd/986a91a2e8e6b561_w13.png,986a91a2e8e6b561,13,Lab,Floating
train/pd/986a91a2e8e6b561_w16.png,986a91a2e8e6b561,16,Lab,Floating
train/pd/986a91a2e8e6b561_w20.png,986a91a2e8e6b561,20,Lab,Floating
train/pd/986a91a2e8e6b561_w21.png,986a91a2e8e6b561,21,Lab,Floating
train/pd/986a91a2e8e6b561_w25.png,986a91a2e8e6b561,25,Lab,Floating
train/pd/986a91a2e8e6b561_w27.png,986a91a2e8e6b561,27,Lab,Floating
train/pd/987bd0fc4b7689ba_w04.png,987bd0fc4b7689ba,4,Field,Floating
train/pd/987bd0fc4b7689ba_w07.png,987bd0fc4b7689ba,7,Field,Floating
train/pd/987bd0fc4b7689ba_w16.png,987bd0fc4b7689ba,16,Field,Floating
train/pd/987bd0fc4b7689ba_w17.png,987bd0fc4b7689ba,17,Field,Floating
train/pd/987bd0fc4b7689ba_w18.png,987bd0fc4b7689ba,18,Field,Floating
train/pd/987bd0fc4b7689ba_w21.png,987bd0fc4b7689ba,21,Field,Floating
train/pd/987bd0fc4b7689ba_w25.png,987bd0fc4b7689ba,25,Field,Floating
train/pd/987bd0fc4b7689ba_w26.png,987bd0fc4b7689ba,26,Field,Floating
train/pd/988f9b2ac0db7e97_w05.png,988f9b2ac0db7e97,5,Lab,Corona
train/pd/988f9b2ac0db7e97_w06.png,988f9b2ac0db7e97,6,Lab,Corona
train/pd/988f9b2ac0db7e97_w11.png,988f9b2ac0db7e97,11,Lab,Corona
train/pd/988f9b2ac0db7e97_w13.png,988f9b2ac0db7e97,13,Lab,Corona
train/pd/988f9b2ac0db7e97_w15.png,988f9b2ac0db7e97,15,Lab,Corona
train/pd/988f9b2ac0db7e97_w19.png,988f9b2ac0db7e97,19,Lab,Corona
train/pd/988f9b2ac0db7e97_w20.png,988f9b2ac0db7e97,20,Lab,Corona
train/pd/988f9b2ac0db7e97_w22.png,988f9b2ac0db7e97,22,Lab,Corona
train/pd/98cacea19120d8c0_w04.png,98cacea19120d8c0,4,Lab,Corona
train/pd/98cacea19120d8c0_w07.png,98cacea19120d8c0,7,Lab,Corona
train/pd/98cacea19120d8c0_w12.png,98cacea19120d8c0,12,Lab,Corona
train/pd/98cacea19120d8c0_w16.png,98cacea19120d8c0,16,Lab,Corona
train/pd/98cacea19120d8c0_w19.png,98cacea19120d8c0,19,Lab,Corona
train/pd/98cacea19120d8c0_w22.png,98cacea19120d8c0,22,Lab,Corona
train/pd/98cacea19120d8c0_w23.png,98cacea19120d8c0,23,Lab,Corona
train/pd/98cacea19120d8c0_w24.png,98cacea19120d8c0,24,Lab,Corona
train/pd/98d1874c93f9b83b_w04.png,98d1874c93f9b83b,4,Lab,Corona
train/pd/98d1874c93f9b83b_w08.png,98d1874c93f9b83b,8,Lab,Corona
train/pd/98d1874c93f9b83b_w09.png,98d1874c93f9b83b,9,Lab,Corona
train/pd/98d1874c93f9b83b_w12.png,98d1874c93f9b83b,12,Lab,Corona
train/pd/98d1874c93f9b83b_w13.png,98d1874c93f9b83b,13,Lab,Corona
train/pd/98d1874c93f9b83b_w18.png,98d1874c93f9b83b,18,Lab,Corona
train/pd/98d1874c93f9b83b_w20.png,98d1874c93f9b83b,20,Lab,Corona
train/pd/98d1874c93f9b83b_w21.png,98d1874c93f9b83b,21,Lab,Corona
train/pd/98e79fa9b78ac429_w09.png,98e79fa9b78ac429,9,Lab,Corona
train/pd/98e79fa9b78ac429_w10.png,98e79fa9b78ac429,10,Lab,Corona
train/pd/98e79fa9b78ac429_w13.png,98e79fa9b78ac429,13,Lab,Corona
train/pd/98e79fa9b78ac429_w20.png,98e79fa9b78ac429,20,Lab,Corona
train/pd/98e79fa9b78ac429_w21.png,98e79fa9b78ac429,21,Lab,Corona
train/pd/98e79fa9b78ac429_w24.png,98e79fa9b78ac429,24,Lab,Corona
train/pd/98e79fa9b78ac429_w25.png,98e79fa9b78ac429,25,Lab,Corona
train/pd/98e79fa9b78ac429_w27.png,98e79fa9b78ac429,27,Lab,Corona
train/pd/99139bfc85711b8d_w05.png,99139bfc85711b8d,5,Lab,Corona
train/pd/99139bfc85711b8d_w06.png,99139bfc85711b8d,6,Lab,Corona
train/pd/99139bfc85711b8d_w08.png,99139bfc85711b8d,8,Lab,Corona
train/pd/99139bfc85711b8d_w10.png,99139bfc85711b8d,10,Lab,Corona
train/pd/99139bfc85711b8d_w14.png,99139bfc85711b8d,14,Lab,Corona
train/pd/99139bfc85711b8d_w17.png,99139bfc85711b8d,17,Lab,Corona
train/pd/99139bfc85711b8d_w19.png,99139bfc85711b8d,19,Lab,Corona
train/pd/99139bfc85711b8d_w25.png,99139bfc85711b8d,25,Lab,Corona
train/pd/991d87bd249e86d8_w02.png,991d87bd249e86d8,2,Lab,Floating
train/pd/991d87bd249e86d8_w03.png,991d87bd249e86d8,3,Lab,Floating
train/pd/991d87bd249e86d8_w08.png,991d87bd249e86d8,8,Lab,Floating
train/pd/991d87bd249e86d8_w09.png,991d87bd249e86d8,9,Lab,Floating
train/pd/991d87bd249e86d8_w11.png,991d87bd249e86d8,11,Lab,Floating
train/pd/991d87bd249e86d8_w18.png,991d87bd249e86d8,18,Lab,Floating
train/pd/991d87bd249e86d8_w25.png,991d87bd249e86d8,25,Lab,Floating
train/pd/991d87bd249e86d8_w26.png,991d87bd249e86d8,26,Lab,Floating
train/pd/993a3abd6bfd5c29_w01.png,993a3abd6bfd5c29,1,Lab,Void
train/pd/993a3abd6bfd5c29_w04.png,993a3abd6bfd5c29,4,Lab,Void
train/pd/993a3abd6bfd5c29_w07.png,993a3abd6bfd5c29,7,Lab,Void
train/pd/993a3abd6bfd5c29_w09.png,993a3abd6bfd5c29,9,Lab,Void
train/pd/993a3abd6bfd5c29_w14.png,993a3abd6bfd5c29,14,Lab,Void
train/pd/993a3abd6bfd5c29_w15.png,993a3abd6bfd5c29,15,Lab,Void
train/pd/993a3abd6bfd5c29_w22.png,993a3abd6bfd5c29,22,Lab,Void
train/pd/993a3abd6bfd5c29_w23.png,993a3abd6bfd5c29,23,Lab,Void
train/pd/993d93bac958545f_w01.png,993d93bac958545f,1,Lab,Corona
train/pd/993d93bac958545f_w06.png,993d93bac958545f,6,Lab,Corona
train/pd/993d93bac958545f_w08.png,993d93bac958545f,8,Lab,Corona
train/pd/993d93bac958545f_w11.png,993d93bac958545f,11,Lab,Corona
train/pd/993d93bac958545f_w14.png,993d93bac958545f,14,Lab,Corona
train/pd/993d93bac958545f_w17.png,993d93bac958545f,17,Lab,Corona
train/pd/993d93bac958545f_w18.png,993d93bac958545f,18,Lab,Corona
train/pd/993d93bac958545f_w22.png,993d93bac958545f,22,Lab,Corona
train/pd/996ef98d0ad6fb39_w02.png,996ef98d0ad6fb39,2,Field,Void
train/pd/996ef98d0ad6fb39_w08.png,996ef98d0ad6fb39,8,Field,Void
train/pd/996ef98d0ad6fb39_w10.png,996ef98d0ad6fb39,10,Field,Void
train/pd/996ef98d0ad6fb39_w12.png,996ef98d0ad6fb39,12,Field,Void
train/pd/996ef98d0ad6fb39_w20.png,996ef98d0ad6fb39,20,Field,Void
train/pd/996ef98d0ad6fb39_w21.png,996ef98d0ad6fb39,21,Field,Void
train/pd/996ef98d0ad6fb39_w22.png,996ef98d0ad6fb39,22,Field,Void
train/pd/996ef98d0ad6fb39_w27.png,996ef98d0ad6fb39,27,Field,Void
train/pd/997c16d4dc6bc25d_w03.png,997c16d4dc6bc25d,3,Lab,Void
train/pd/997c16d4dc6bc25d_w08.png,997c16d4dc6bc25d,8,Lab,Void
train/pd/997c16d4dc6bc25d_w09.png,997c16d4dc6bc25d,9,Lab,Void
train/pd/997c16d4dc6bc25d_w11.png,997c16d4dc6bc25d,11,Lab,Void
train/pd/997c16d4dc6bc25d_w18.png,997c16d4dc6bc25d,18,Lab,Void
train/pd/997c16d4dc6bc25d_w23.png,997c16d4dc6bc25d,23,Lab,Void
train/pd/997c16d4dc6bc25d_w24.png,997c16d4dc6bc25d,24,Lab,Void
train/pd/997c16d4dc6bc25d_w26.png,997c16d4dc6bc25d,26,Lab,Void
train/pd/99e806df10ea83be_w01.png,99e806df10ea83be,1,Lab,Void
train/pd/99e806df10ea83be_w02.png,99e806df10ea83be,2,Lab,Void
train/pd/99e806df10ea83be_w08.png,99e806df10ea83be,8,Lab,Void
train/pd/99e806df10ea83be_w11.png,99e806df10ea83be,11,Lab,Void
train/pd/99e806df10ea83be_w16.png,99e806df10ea83be,16,Lab,Void
train/pd/99e806df10ea83be_w18.png,99e806df10ea83be,18,Lab,Void
train/pd/99e806df10ea83be_w24.png,99e806df10ea83be,24,Lab,Void
train/pd/99e806df10ea83be_w27.png,99e806df10ea83be,27,Lab,Void
train/pd/99f598b628bb256c_w06.png,99f598b628bb256c,6,Lab,Void
train/pd/99f598b628bb256c_w08.png,99f598b628bb256c,8,Lab,Void
train/pd/99f598b628bb256c_w15.png,99f598b628bb256c,15,Lab,Void
train/pd/99f598b628bb256c_w17.png,99f598b628bb256c,17,Lab,Void
train/pd/99f598b628bb256c_w19.png,99f598b628bb256c,19,Lab,Void
train/pd/99f598b628bb256c_w24.png,99f598b628bb256c,24,Lab,Void
train/pd/99f598b628bb256c_w25.png,99f598b628bb256c,25,Lab,Void
train/pd/99f598b628bb256c_w26.png,99f598b628bb256c,26,Lab,Void
train/pd/99f864f849a0beb6_w02.png,99f864f849a0beb6,2,Lab,Corona
train/pd/99f864f849a0beb6_w08.png,99f864f849a0beb6,8,Lab,Corona
train/pd/99f864f849a0beb6_w11.png,99f864f849a0beb6,11,Lab,Corona
train/pd/99f864f849a0beb6_w12.png,99f864f849a0beb6,12,Lab,Corona
train/pd/99f864f849a0beb6_w19.png,99f864f849a0beb6,19,Lab,Corona
train/pd/99f864f849a0beb6_w20.png,99f864f849a0beb6,20,Lab,Corona
train/pd/99f864f849a0beb6_w24.png,99f864f849a0beb6,24,Lab,Corona
train/pd/99f864f849a0beb6_w26.png,99f864f849a0beb6,26,Lab,Corona
train/pd/9a0bd2ad4ae38e02_w03.png,9a0bd2ad4ae38e02,3,Lab,Void
train/pd/9a0bd2ad4ae38e02_w04.png,9a0bd2ad4ae38e02,4,Lab,Void
train/pd/9a0bd2ad4ae38e02_w09.png,9a0bd2ad4ae38e02,9,Lab,Void
train/pd/9a0bd2ad4ae38e02_w13.png,9a0bd2ad4ae38e02,13,Lab,Void
train/pd/9a0bd2ad4ae38e02_w18.png,9a0bd2ad4ae38e02,18,Lab,Void
train/pd/9a0bd2ad4ae38e02_w20.png,9a0bd2ad4ae38e02,20,Lab,Void
train/pd/9a0bd2ad4ae38e02_w21.png,9a0bd2ad4ae38e02,21,Lab,Void
train/pd/9a0bd2ad4ae38e02_w25.png,9a0bd2ad4ae38e02,25,Lab,Void
train/pd/9a2c22837c476587_w04.png,9a2c22837c476587,4,Field,Void
train/pd/9a2c22837c476587_w05.png,9a2c22837c476587,5,Field,Void
train/pd/9a2c22837c476587_w09.png,9a2c22837c476587,9,Field,Void
train/pd/9a2c22837c476587_w10.png,9a2c22837c476587,10,Field,Void
train/pd/9a2c22837c476587_w18.png,9a2c22837c476587,18,Field,Void
train/pd/9a2c22837c476587_w21.png,9a2c22837c476587,21,Field,Void
train/pd/9a2c22837c476587_w23.png,9a2c22837c476587,23,Field,Void
train/pd/9a2c22837c476587_w27.png,9a2c22837c476587,27,Field,Void
train/pd/9a4df9ad3af80e63_w05.png,9a4df9ad3af80e63,5,Field,Void
train/pd/9a4df9ad3af80e63_w06.png,9a4df9ad3af80e63,6,Field,Void
train/pd/9a4df9ad3af80e63_w08.png,9a4df9ad3af80e63,8,Field,Void
train/pd/9a4df9ad3af80e63_w09.png,9a4df9ad3af80e63,9,Field,Void
train/pd/9a4df9ad3af80e63_w17.png,9a4df9ad3af80e63,17,Field,Void
train/pd/9a4df9ad3af80e63_w23.png,9a4df9ad3af80e63,23,Field,Void
train/pd/9a4df9ad3af80e63_w24.png,9a4df9ad3af80e63,24,Field,Void
train/pd/9a4df9ad3af80e63_w27.png,9a4df9ad3af80e63,27,Field,Void
train/pd/9b1b97e0c8d0811f_w06.png,9b1b97e0c8d0811f,6,Field,Void
train/pd/9b1b97e0c8d0811f_w09.png,9b1b97e0c8d0811f,9,Field,Void
train/pd/9b1b97e0c8d0811f_w11.png,9b1b97e0c8d0811f,11,Field,Void
train/pd/9b1b97e0c8d0811f_w21.png,9b1b97e0c8d0811f,21,Field,Void
train/pd/9b1b97e0c8d0811f_w22.png,9b1b97e0c8d0811f,22,Field,Void
train/pd/9b1b97e0c8d0811f_w25.png,9b1b97e0c8d0811f,25,Field,Void
train/pd/9b1b97e0c8d0811f_w26.png,9b1b97e0c8d0811f,26,Field,Void
train/pd/9b1b97e0c8d0811f_w27.png,9b1b97e0c8d0811f,27,Field,Void
train/pd/9b8b2f9b6b8e8066_w05.png,9b8b2f9b6b8e8066,5,Lab,Corona
train/pd/9b8b2f9b6b8e8066_w08.png,9b8b2f9b6b8e8066,8,Lab,Corona
train/pd/9b8b2f9b6b8e8066_w10.png,9b8b2f9b6b8e8066,10,Lab,Corona
train/pd/9b8b2f9b6b8e8066_w11.png,9b8b2f9b6b8e8066,11,Lab,Corona
train/pd/9b8b2f9b6b8e8066_w18.png,9b8b2f9b6b8e8066,18,Lab,Corona
train/pd/9b8b2f9b6b8e8066_w23.png,9b8b2f9b6b8e8066,23,Lab,Corona
train/pd/9b8b2f9b6b8e8066_w25.png,9b8b2f9b6b8e8066,25,Lab,Corona
train/pd/9b8b2f9b6b8e8066_w26.png,9b8b2f9b6b8e8066,26,Lab,Corona
train/pd/9be2b9b16a5f3de5_w00.png,9be2b9b16a5f3de5,0,Field,Void
train/pd/9be2b9b16a5f3de5_w06.png,9be2b9b16a5f3de5,6,Field,Void
train/pd/9be2b9b16a5f3de5_w08.png,9be2b9b16a5f3de5,8,Field,Void
train/pd/9be2b9b16a5f3de5_w11.png,9be2b9b16a5f3de5,11,Field,Void
train/pd/9be2b9b16a5f3de5_w15.png,9be2b9b16a5f3de5,15,Field,Void
train/pd/9be2b9b16a5f3de5_w18.png,9be2b9b16a5f3de5,18,Field,Void
train/pd/9be2b9b16a5f3de5_w22.png,9be2b9b16a5f3de5,22,Field,Void
train/pd/9be2b9b16a5f3de5_w23.png,9be2b9b16a5f3de5,23,Field,Void
train/pd/9be31383c5cee03c_w00.png,9be31383c5cee03c,0,Lab,Void
train/pd/9be31383c5cee03c_w02.png,9be31383c5cee03c,2,Lab,Void
train/pd/9be31383c5cee03c_w04.png,9be31383c5cee03c,4,Lab,Void
train/pd/9be31383c5cee03c_w06.png,9be31383c5cee03c,6,Lab,Void
train/pd/9be31383c5cee03c_w10.png,9be31383c5cee03c,10,Lab,Void
train/pd/9be31383c5cee03c_w18.png,9be31383c5cee03c,18,Lab,Void
train/pd/9be31383c5cee03c_w21.png,9be31383c5cee03c,21,Lab,Void
train/pd/9be31383c5cee03c_w27.png,9be31383c5cee03c,27,Lab,Void
train/pd/9bef7efce8ffb982_w04.png,9bef7efce8ffb982,4,Lab,Void
train/pd/9bef7efce8ffb982_w07.png,9bef7efce8ffb982,7,Lab,Void
train/pd/9bef7efce8ffb982_w09.png,9bef7efce8ffb982,9,Lab,Void
train/pd/9bef7efce8ffb982_w10.png,9bef7efce8ffb982,10,Lab,Void
train/pd/9bef7efce8ffb982_w17.png,9bef7efce8ffb982,17,Lab,Void
train/pd/9bef7efce8ffb982_w18.png,9bef7efce8ffb982,18,Lab,Void
train/pd/9bef7efce8ffb982_w19.png,9bef7efce8ffb982,19,Lab,Void
train/pd/9bef7efce8ffb982_w24.png,9bef7efce8ffb982,24,Lab,Void
train/pd/9bffae5e692a0cd1_w01.png,9bffae5e692a0cd1,1,Lab,Particle
train/pd/9bffae5e692a0cd1_w03.png,9bffae5e692a0cd1,3,Lab,Particle
train/pd/9bffae5e692a0cd1_w13.png,9bffae5e692a0cd1,13,Lab,Particle
train/pd/9bffae5e692a0cd1_w18.png,9bffae5e692a0cd1,18,Lab,Particle
train/pd/9bffae5e692a0cd1_w19.png,9bffae5e692a0cd1,19,Lab,Particle
train/pd/9bffae5e692a0cd1_w24.png,9bffae5e692a0cd1,24,Lab,Particle
train/pd/9bffae5e692a0cd1_w25.png,9bffae5e692a0cd1,25,Lab,Particle
train/pd/9bffae5e692a0cd1_w27.png,9bffae5e692a0cd1,27,Lab,Particle
train/pd/9c0125807fd65d19_w01.png,9c0125807fd65d19,1,Field,Floating
train/pd/9c0125807fd65d19_w08.png,9c0125807fd65d19,8,Field,Floating
train/pd/9c0125807fd65d19_w09.png,9c0125807fd65d19,9,Field,Floating
train/pd/9c0125807fd65d19_w10.png,9c0125807fd65d19,10,Field,Floating
train/pd/9c0125807fd65d19_w17.png,9c0125807fd65d19,17,Field,Floating
train/pd/9c0125807fd65d19_w20.png,9c0125807fd65d19,20,Field,Floating
train/pd/9c0125807fd65d19_w26.png,9c0125807fd65d19,26,Field,Floating
train/pd/9c0125807fd65d19_w27.png,9c0125807fd65d19,27,Field,Floating
train/pd/9c1e6199615c478c_w00.png,9c1e6199615c478c,0,Lab,Corona
train/pd/9c1e6199615c478c_w05.png,9c1e6199615c478c,5,Lab,Corona
train/pd/9c1e6199615c478c_w06.png,9c1e6199615c478c,6,Lab,Corona
train/pd/9c1e6199615c478c_w09.png,9c1e6199615c478c,9,Lab,Corona
train/pd/9c1e6199615c478c_w18.png,9c1e6199615c478c,18,Lab,Corona
train/pd/9c1e6199615c478c_w19.png,9c1e6199615c478c,19,Lab,Corona
train/pd/9c1e6199615c478c_w21.png,9c1e6199615c478c,21,Lab,Corona
train/pd/9c1e6199615c478c_w26.png,9c1e6199615c478c,26,Lab,Corona
train/pd/9c2461cf2002d6cd_w01.png,9c2461cf2002d6cd,1,Field,Floating
train/pd/9c2461cf2002d6cd_w02.png,9c2461cf2002d6cd,2,Field,Floating
train/pd/9c2461cf2002d6cd_w04.png,9c2461cf2002d6cd,4,Field,Floating
train/pd/9c2461cf2002d6cd_w05.png,9c2461cf2002d6cd,5,Field,Floating
train/pd/9c2461cf2002d6cd_w07.png,9c2461cf2002d6cd,7,Field,Floating
train/pd/9c2461cf2002d6cd_w11.png,9c2461cf2002d6cd,11,Field,Floating
train/pd/9c2461cf2002d6cd_w14.png,9c2461cf2002d6cd,14,Field,Floating
train/pd/9c2461cf2002d6cd_w26.png,9c2461cf2002d6cd,26,Field,Floating
train/pd/9c2b2f2692f5abff_w01.png,9c2b2f2692f5abff,1,Lab,Void
train/pd/9c2b2f2692f5abff_w02.png,9c2b2f2692f5abff,2,Lab,Void
train/pd/9c2b2f2692f5abff_w05.png,9c2b2f2692f5abff,5,Lab,Void
train/pd/9c2b2f2692f5abff_w11.png,9c2b2f2692f5abff,11,Lab,Void
train/pd/9c2b2f2692f5abff_w13.png,9c2b2f2692f5abff,13,Lab,Void
train/pd/9c2b2f2692f5abff_w16.png,9c2b2f2692f5abff,16,Lab,Void
train/pd/9c2b2f2692f5abff_w23.png,9c2b2f2692f5abff,23,Lab,Void
train/pd/9c2b2f2692f5abff_w27.png,9c2b2f2692f5abff,27,Lab,Void
train/pd/9c3b255f8f003dac_w01.png,9c3b255f8f003dac,1,Field,Void
train/pd/9c3b255f8f003dac_w04.png,9c3b255f8f003dac,4,Field,Void
train/pd/9c3b255f8f003dac_w05.png,9c3b255f8f003dac,5,Field,Void
train/pd/9c3b255f8f003dac_w12.png,9c3b255f8f003dac,12,Field,Void
train/pd/9c3b255f8f003dac_w14.png,9c3b255f8f003dac,14,Field,Void
train/pd/9c3b255f8f003dac_w16.png,9c3b255f8f003dac,16,Field,Void
train/pd/9c3b255f8f003dac_w25.png,9c3b255f8f003dac,25,Field,Void
train/pd/9c3b255f8f003dac_w26.png,9c3b255f8f003dac,26,Field,Void
train/pd/9c3fb6bf98405143_w09.png,9c3fb6bf98405143,9,Lab,Particle
train/pd/9c3fb6bf98405143_w11.png,9c3fb6bf98405143,11,Lab,Particle
train/pd/9c3fb6bf98405143_w14.png,9c3fb6bf98405143,14,Lab,Particle
train/pd/9c3fb6bf98405143_w16.png,9c3fb6bf98405143,16,Lab,Particle
train/pd/9c3fb6bf98405143_w19.png,9c3fb6bf98405143,19,Lab,Particle
train/pd/9c3fb6bf98405143_w22.png,9c3fb6bf98405143,22,Lab,Particle
train/pd/9c3fb6bf98405143_w24.png,9c3fb6bf98405143,24,Lab,Particle
train/pd/9c3fb6bf98405143_w27.png,9c3fb6bf98405143,27,Lab,Particle
train/pd/9cb4763ff8a88749_w01.png,9cb4763ff8a88749,1,Lab,Corona
train/pd/9cb4763ff8a88749_w12.png,9cb4763ff8a88749,12,Lab,Corona
train/pd/9cb4763ff8a88749_w13.png,9cb4763ff8a88749,13,Lab,Corona
train/pd/9cb4763ff8a88749_w14.png,9cb4763ff8a88749,14,Lab,Corona
train/pd/9cb4763ff8a88749_w15.png,9cb4763ff8a88749,15,Lab,Corona
train/pd/9cb4763ff8a88749_w19.png,9cb4763ff8a88749,19,Lab,Corona
train/pd/9cb4763ff8a88749_w25.png,9cb4763ff8a88749,25,Lab,Corona
train/pd/9cb4763ff8a88749_w26.png,9cb4763ff8a88749,26,Lab,Corona
train/pd/9cd1fb52a794fe48_w00.png,9cd1fb52a794fe48,0,Lab,Floating
train/pd/9cd1fb52a794fe48_w03.png,9cd1fb52a794fe48,3,Lab,Floating
train/pd/9cd1fb52a794fe48_w07.png,9cd1fb52a794fe48,7,Lab,Floating
train/pd/9cd1fb52a794fe48_w10.png,9cd1fb52a794fe48,10,Lab,Floating
train/pd/9cd1fb52a794fe48_w17.png,9cd1fb52a794fe48,17,Lab,Floating
train/pd/9cd1fb52a794fe48_w19.png,9cd1fb52a794fe48,19,Lab,Floating
train/pd/9cd1fb52a794fe48_w20.png,9cd1fb52a794fe48,20,Lab,Floating
train/pd/9cd1fb52a794fe48_w24.png,9cd1fb52a794fe48,24,Lab,Floating
train/pd/9ce90c4ddaef61de_w09.png,9ce90c4ddaef61de,9,Lab,Particle
train/pd/9ce90c4ddaef61de_w10.png,9ce90c4ddaef61de,10,Lab,Particle
train/pd/9ce90c4ddaef61de_w13.png,9ce90c4ddaef61de,13,Lab,Particle
train/pd/9ce90c4ddaef61de_w17.png,9ce90c4ddaef61de,17,Lab,Particle
train/pd/9ce90c4ddaef61de_w18.png,9ce90c4ddaef61de,18,Lab,Particle
train/pd/9ce90c4ddaef61de_w20.png,9ce90c4ddaef61de,20,Lab,Particle
train/pd/9ce90c4ddaef61de_w21.png,9ce90c4ddaef61de,21,Lab,Particle
train/pd/9ce90c4ddaef61de_w26.png,9ce90c4ddaef61de,26,Lab,Particle
train/pd/9d04ea72c1da983e_w02.png,9d04ea72c1da983e,2,Lab,Floating
train/pd/9d04ea72c1da983e_w06.png,9d04ea72c1da983e,6,Lab,Floating
train/pd/9d04ea72c1da983e_w08.png,9d04ea72c1da983e,8,Lab,Floating
train/pd/9d04ea72c1da983e_w11.png,9d04ea72c1da983e,11,Lab,Floating
train/pd/9d04ea72c1da983e_w14.png,9d04ea72c1da983e,14,Lab,Floating
train/pd/9d04ea72c1da983e_w18.png,9d04ea72c1da983e,18,Lab,Floating
train/pd/9d04ea72c1da983e_w19.png,9d04ea72c1da983e,19,Lab,Floating
train/pd/9d04ea72c1da983e_w21.png,9d04ea72c1da983e,21,Lab,Floating
train/pd/9d1604dd0cf6a9a8_w04.png,9d1604dd0cf6a9a8,4,Lab,Void
train/pd/9d1604dd0cf6a9a8_w07.png,9d1604dd0cf6a9a8,7,Lab,Void
train/pd/9d1604dd0cf6a9a8_w09.png,9d1604dd0cf6a9a8,9,Lab,Void
train/pd/9d1604dd0cf6a9a8_w16.png,9d1604dd0cf6a9a8,16,Lab,Void
train/pd/9d1604dd0cf6a9a8_w20.png,9d1604dd0cf6a9a8,20,Lab,Void
train/pd/9d1604dd0cf6a9a8_w24.png,9d1604dd0cf6a9a8,24,Lab,Void
train/pd/9d1604dd0cf6a9a8_w25.png,9d1604dd0cf6a9a8,25,Lab,Void
train/pd/9d1604dd0cf6a9a8_w27.png,9d1604dd0cf6a9a8,27,Lab,Void
train/pd/9d2f73e47a2800be_w00.png,9d2f73e47a2800be,0,Lab,Corona
train/pd/9d2f73e47a2800be_w01.png,9d2f73e47a2800be,1,Lab,Corona
train/pd/9d2f73e47a2800be_w09.png,9d2f73e47a2800be,9,Lab,Corona
train/pd/9d2f73e47a2800be_w11.png,9d2f73e47a2800be,11,Lab,Corona
train/pd/9d2f73e47a2800be_w13.png,9d2f73e47a2800be,13,Lab,Corona
train/pd/9d2f73e47a2800be_w18.png,9d2f73e47a2800be,18,Lab,Corona
train/pd/9d2f73e47a2800be_w23.png,9d2f73e47a2800be,23,Lab,Corona
train/pd/9d2f73e47a2800be_w25.png,9d2f73e47a2800be,25,Lab,Corona
train/pd/9d571ebe7486c3dc_w00.png,9d571ebe7486c3dc,0,Lab,Void
train/pd/9d571ebe7486c3dc_w02.png,9d571ebe7486c3dc,2,Lab,Void
train/pd/9d571ebe7486c3dc_w03.png,9d571ebe7486c3dc,3,Lab,Void
train/pd/9d571ebe7486c3dc_w05.png,9d571ebe7486c3dc,5,Lab,Void
train/pd/9d571ebe7486c3dc_w12.png,9d571ebe7486c3dc,12,Lab,Void
train/pd/9d571ebe7486c3dc_w18.png,9d571ebe7486c3dc,18,Lab,Void
train/pd/9d571ebe7486c3dc_w19.png,9d571ebe7486c3dc,19,Lab,Void
train/pd/9d571ebe7486c3dc_w20.png,9d571ebe7486c3dc,20,Lab,Void
train/pd/9d62d17ff0b300e8_w02.png,9d62d17ff0b300e8,2,Field,Corona
train/pd/9d62d17ff0b300e8_w08.png,9d62d17ff0b300e8,8,Field,Corona
train/pd/9d62d17ff0b300e8_w09.png,9d62d17ff0b300e8,9,Field,Corona
train/pd/9d62d17ff0b300e8_w12.png,9d62d17ff0b300e8,12,Field,Corona
train/pd/9d62d17ff0b300e8_w14.png,9d62d17ff0b300e8,14,Field,Corona
train/pd/9d62d17ff0b300e8_w15.png,9d62d17ff0b300e8,15,Field,Corona
train/pd/9d62d17ff0b300e8_w18.png,9d62d17ff0b300e8,18,Field,Corona
train/pd/9d62d17ff0b300e8_w21.png,9d62d17ff0b300e8,21,Field,Corona
train/pd/9d63c63d265541ee_w00.png,9d63c63d265541ee,0,Field,Void
train/pd/9d63c63d265541ee_w04.png,9d63c63d265541ee,4,Field,Void
train/pd/9d63c63d265541ee_w05.png,9d63c63d265541ee,5,Field,Void
train/pd/9d63c63d265541ee_w06.png,9d63c63d265541ee,6,Field,Void
train/pd/9d63c63d265541ee_w13.png,9d63c63d265541ee,13,Field,Void
train/pd/9d63c63d265541ee_w16.png,9d63c63d265541ee,16,Field,Void
train/pd/9d63c63d265541ee_w19.png,9d63c63d265541ee,19,Field,Void
train/pd/9d63c63d265541ee_w26.png,9d63c63d265541ee,26,Field,Void
train/pd/9d74de6292007ea0_w04.png,9d74de6292007ea0,4,Field,Floating
train/pd/9d74de6292007ea0_w07.png,9d74de6292007ea0,7,Field,Floating
train/pd/9d74de6292007ea0_w09.png,9d74de6292007ea0,9,Field,Floating
train/pd/9d74de6292007ea0_w10.png,9d74de6292007ea0,10,Field,Floating
train/pd/9d74de6292007ea0_w11.png,9d74de6292007ea0,11,Field,Floating
train/pd/9d74de6292007ea0_w13.png,9d74de6292007ea0,13,Field,Floating
train/pd/9d74de6292007ea0_w25.png,9d74de6292007ea0,25,Field,Floating
train/pd/9d74de6292007ea0_w26.png,9d74de6292007ea0,26,Field,Floating
train/pd/9d969cc6176e69be_w00.png,9d969cc6176e69be,0,Lab,Particle
train/pd/9d969cc6176e69be_w01.png,9d969cc6176e69be,1,Lab,Particle
train/pd/9d969cc6176e69be_w02.png,9d969cc6176e69be,2,Lab,Particle
train/pd/9d969cc6176e69be_w04.png,9d969cc6176e69be,4,Lab,Particle
train/pd/9d969cc6176e69be_w15.png,9d969cc6176e69be,15,Lab,Particle
train/pd/9d969cc6176e69be_w17.png,9d969cc6176e69be,17,Lab,Particle
train/pd/9d969cc6176e69be_w24.png,9d969cc6176e69be,24,Lab,Particle
train/pd/9d969cc6176e69be_w25.png,9d969cc6176e69be,25,Lab,Particle
train/pd/9dc2c2b5fc24fe5c_w08.png,9dc2c2b5fc24fe5c,8,Lab,Particle
train/pd/9dc2c2b5fc24fe5c_w09.png,9dc2c2b5fc24fe5c,9,Lab,Particle
train/pd/9dc2c2b5fc24fe5c_w11.png,9dc2c2b5fc24fe5c,11,Lab,Particle
train/pd/9dc2c2b5fc24fe5c_w13.png,9dc2c2b5fc24fe5c,13,Lab,Particle
train/pd/9dc2c2b5fc24fe5c_w14.png,9dc2c2b5fc24fe5c,14,Lab,Particle
train/pd/9dc2c2b5fc24fe5c_w20.png,9dc2c2b5fc24fe5c,20,Lab,Particle
train/pd/9dc2c2b5fc24fe5c_w23.png,9dc2c2b5fc24fe5c,23,Lab,Particle
train/pd/9dc2c2b5fc24fe5c_w26.png,9dc2c2b5fc24fe5c,26,Lab,Particle
train/pd/9e1230e1784fe4dc_w06.png,9e1230e1784fe4dc,6,Lab,Corona
train/pd/9e1230e1784fe4dc_w09.png,9e1230e1784fe4dc,9,Lab,Corona
train/pd/9e1230e1784fe4dc_w11.png,9e1230e1784fe4dc,11,Lab,Corona
train/pd/9e1230e1784fe4dc_w14.png,9e1230e1784fe4dc,14,Lab,Corona
train/pd/9e1230e1784fe4dc_w19.png,9e1230e1784fe4dc,19,Lab,Corona
train/pd/9e1230e1784fe4dc_w20.png,9e1230e1784fe4dc,20,Lab,Corona
train/pd/9e1230e1784fe4dc_w22.png,9e1230e1784fe4dc,22,Lab,Corona
train/pd/9e1230e1784fe4dc_w27.png,9e1230e1784fe4dc,27,Lab,Corona
train/pd/9e4ff7fe1f2e9710_w06.png,9e4ff7fe1f2e9710,6,Field,Floating
train/pd/9e4ff7fe1f2e9710_w09.png,9e4ff7fe1f2e9710,9,Field,Floating
train/pd/9e4ff7fe1f2e9710_w12.png,9e4ff7fe1f2e9710,12,Field,Floating
train/pd/9e4ff7fe1f2e9710_w15.png,9e4ff7fe1f2e9710,15,Field,Floating
train/pd/9e4ff7fe1f2e9710_w21.png,9e4ff7fe1f2e9710,21,Field,Floating
train/pd/9e4ff7fe1f2e9710_w24.png,9e4ff7fe1f2e9710,24,Field,Floating
train/pd/9e4ff7fe1f2e9710_w25.png,9e4ff7fe1f2e9710,25,Field,Floating
train/pd/9e4ff7fe1f2e9710_w27.png,9e4ff7fe1f2e9710,27,Field,Floating
train/pd/9e5ce7ed9b3f0393_w00.png,9e5ce7ed9b3f0393,0,Lab,Void
train/pd/9e5ce7ed9b3f0393_w01.png,9e5ce7ed9b3f0393,1,Lab,Void
train/pd/9e5ce7ed9b3f0393_w02.png,9e5ce7ed9b3f0393,2,Lab,Void
train/pd/9e5ce7ed9b3f0393_w03.png,9e5ce7ed9b3f0393,3,Lab,Void
train/pd/9e5ce7ed9b3f0393_w08.png,9e5ce7ed9b3f0393,8,Lab,Void
train/pd/9e5ce7ed9b3f0393_w15.png,9e5ce7ed9b3f0393,15,Lab,Void
train/pd/9e5ce7ed9b3f0393_w20.png,9e5ce7ed9b3f0393,20,Lab,Void
train/pd/9e5ce7ed9b3f0393_w24.png,9e5ce7ed9b3f0393,24,Lab,Void
train/pd/9e62f4d1f4132def_w01.png,9e62f4d1f4132def,1,Lab,Corona
train/pd/9e62f4d1f4132def_w02.png,9e62f4d1f4132def,2,Lab,Corona
train/pd/9e62f4d1f4132def_w07.png,9e62f4d1f4132def,7,Lab,Corona
train/pd/9e62f4d1f4132def_w11.png,9e62f4d1f4132def,11,Lab,Corona
train/pd/9e62f4d1f4132def_w14.png,9e62f4d1f4132def,14,Lab,Corona
train/pd/9e62f4d1f4132def_w15.png,9e62f4d1f4132def,15,Lab,Corona
train/pd/9e62f4d1f4132def_w16.png,9e62f4d1f4132def,16,Lab,Corona
train/pd/9e62f4d1f4132def_w23.png,9e62f4d1f4132def,23,Lab,Corona
train/pd/9e6eb32470f821ce_w00.png,9e6eb32470f821ce,0,Lab,Void
train/pd/9e6eb32470f821ce_w07.png,9e6eb32470f821ce,7,Lab,Void
train/pd/9e6eb32470f821ce_w09.png,9e6eb32470f821ce,9,Lab,Void
train/pd/9e6eb32470f821ce_w10.png,9e6eb32470f821ce,10,Lab,Void
train/pd/9e6eb32470f821ce_w11.png,9e6eb32470f821ce,11,Lab,Void
train/pd/9e6eb32470f821ce_w12.png,9e6eb32470f821ce,12,Lab,Void
train/pd/9e6eb32470f821ce_w15.png,9e6eb32470f821ce,15,Lab,Void
train/pd/9e6eb32470f821ce_w21.png,9e6eb32470f821ce,21,Lab,Void
train/pd/9e74405e52e3a806_w00.png,9e74405e52e3a806,0,Field,Void
train/pd/9e74405e52e3a806_w01.png,9e74405e52e3a806,1,Field,Void
train/pd/9e74405e52e3a806_w02.png,9e74405e52e3a806,2,Field,Void
train/pd/9e74405e52e3a806_w05.png,9e74405e52e3a806,5,Field,Void
train/pd/9e74405e52e3a806_w09.png,9e74405e52e3a806,9,Field,Void
train/pd/9e74405e52e3a806_w12.png,9e74405e52e3a806,12,Field,Void
train/pd/9e74405e52e3a806_w17.png,9e74405e52e3a806,17,Field,Void
train/pd/9e74405e52e3a806_w18.png,9e74405e52e3a806,18,Field,Void
train/pd/9e9dd544da4f83fa_w00.png,9e9dd544da4f83fa,0,Lab,Void
train/pd/9e9dd544da4f83fa_w01.png,9e9dd544da4f83fa,1,Lab,Void
train/pd/9e9dd544da4f83fa_w05.png,9e9dd544da4f83fa,5,Lab,Void
train/pd/9e9dd544da4f83fa_w09.png,9e9dd544da4f83fa,9,Lab,Void
train/pd/9e9dd544da4f83fa_w14.png,9e9dd544da4f83fa,14,Lab,Void
train/pd/9e9dd544da4f83fa_w18.png,9e9dd544da4f83fa,18,Lab,Void
train/pd/9e9dd544da4f83fa_w23.png,9e9dd544da4f83fa,23,Lab,Void
train/pd/9e9dd544da4f83fa_w24.png,9e9dd544da4f83fa,24,Lab,Void
train/pd/9f24dc643bdcba4d_w03.png,9f24dc643bdcba4d,3,Lab,Particle
train/pd/9f24dc643bdcba4d_w05.png,9f24dc643bdcba4d,5,Lab,Particle
train/pd/9f24dc643bdcba4d_w07.png,9f24dc643bdcba4d,7,Lab,Particle
train/pd/9f24dc643bdcba4d_w14.png,9f24dc643bdcba4d,14,Lab,Particle
train/pd/9f24dc643bdcba4d_w18.png,9f24dc643bdcba4d,18,Lab,Particle
train/pd/9f24dc643bdcba4d_w23.png,9f24dc643bdcba4d,23,Lab,Particle
train/pd/9f24dc643bdcba4d_w25.png,9f24dc643bdcba4d,25,Lab,Particle
train/pd/9f24dc643bdcba4d_w27.png,9f24dc643bdcba4d,27,Lab,Particle
train/pd/9f3255b88e528c44_w04.png,9f3255b88e528c44,4,Lab,Floating
train/pd/9f3255b88e528c44_w08.png,9f3255b88e528c44,8,Lab,Floating
train/pd/9f3255b88e528c44_w09.png,9f3255b88e528c44,9,Lab,Floating
train/pd/9f3255b88e528c44_w12.png,9f3255b88e528c44,12,Lab,Floating
train/pd/9f3255b88e528c44_w15.png,9f3255b88e528c44,15,Lab,Floating
train/pd/9f3255b88e528c44_w18.png,9f3255b88e528c44,18,Lab,Floating
train/pd/9f3255b88e528c44_w20.png,9f3255b88e528c44,20,Lab,Floating
train/pd/9f3255b88e528c44_w24.png,9f3255b88e528c44,24,Lab,Floating
train/pd/9f8ada065e3d1eb3_w05.png,9f8ada065e3d1eb3,5,Field,Void
train/pd/9f8ada065e3d1eb3_w09.png,9f8ada065e3d1eb3,9,Field,Void
train/pd/9f8ada065e3d1eb3_w10.png,9f8ada065e3d1eb3,10,Field,Void
train/pd/9f8ada065e3d1eb3_w13.png,9f8ada065e3d1eb3,13,Field,Void
train/pd/9f8ada065e3d1eb3_w17.png,9f8ada065e3d1eb3,17,Field,Void
train/pd/9f8ada065e3d1eb3_w19.png,9f8ada065e3d1eb3,19,Field,Void
train/pd/9f8ada065e3d1eb3_w20.png,9f8ada065e3d1eb3,20,Field,Void
train/pd/9f8ada065e3d1eb3_w27.png,9f8ada065e3d1eb3,27,Field,Void
train/pd/a03cd3018ce594d3_w01.png,a03cd3018ce594d3,1,Lab,Floating
train/pd/a03cd3018ce594d3_w05.png,a03cd3018ce594d3,5,Lab,Floating
train/pd/a03cd3018ce594d3_w08.png,a03cd3018ce594d3,8,Lab,Floating
train/pd/a03cd3018ce594d3_w13.png,a03cd3018ce594d3,13,Lab,Floating
train/pd/a03cd3018ce594d3_w16.png,a03cd3018ce594d3,16,Lab,Floating
train/pd/a03cd3018ce594d3_w21.png,a03cd3018ce594d3,21,Lab,Floating
train/pd/a03cd3018ce594d3_w22.png,a03cd3018ce594d3,22,Lab,Floating
train/pd/a03cd3018ce594d3_w27.png,a03cd3018ce594d3,27,Lab,Floating
train/pd/a05dd694b34633a3_w01.png,a05dd694b34633a3,1,Lab,Particle
train/pd/a05dd694b34633a3_w08.png,a05dd694b34633a3,8,Lab,Particle
train/pd/a05dd694b34633a3_w11.png,a05dd694b34633a3,11,Lab,Particle
train/pd/a05dd694b34633a3_w12.png,a05dd694b34633a3,12,Lab,Particle
train/pd/a05dd694b34633a3_w16.png,a05dd694b34633a3,16,Lab,Particle
train/pd/a05dd694b34633a3_w18.png,a05dd694b34633a3,18,Lab,Particle
train/pd/a05dd694b34633a3_w21.png,a05dd694b34633a3,21,Lab,Particle
train/pd/a05dd694b34633a3_w25.png,a05dd694b34633a3,25,Lab,Particle
train/pd/a066d84b9eaa5449_w02.png,a066d84b9eaa5449,2,Lab,Particle
train/pd/a066d84b9eaa5449_w05.png,a066d84b9eaa5449,5,Lab,Particle
train/pd/a066d84b9eaa5449_w10.png,a066d84b9eaa5449,10,Lab,Particle
train/pd/a066d84b9eaa5449_w17.png,a066d84b9eaa5449,17,Lab,Particle
train/pd/a066d84b9eaa5449_w18.png,a066d84b9eaa5449,18,Lab,Particle
train/pd/a066d84b9eaa5449_w23.png,a066d84b9eaa5449,23,Lab,Particle
train/pd/a066d84b9eaa5449_w24.png,a066d84b9eaa5449,24,Lab,Particle
train/pd/a066d84b9eaa5449_w27.png,a066d84b9eaa5449,27,Lab,Particle
train/pd/a0803b26c053322e_w00.png,a0803b26c053322e,0,Lab,Corona
train/pd/a0803b26c053322e_w01.png,a0803b26c053322e,1,Lab,Corona
train/pd/a0803b26c053322e_w04.png,a0803b26c053322e,4,Lab,Corona
train/pd/a0803b26c053322e_w07.png,a0803b26c053322e,7,Lab,Corona
train/pd/a0803b26c053322e_w11.png,a0803b26c053322e,11,Lab,Corona
train/pd/a0803b26c053322e_w13.png,a0803b26c053322e,13,Lab,Corona
train/pd/a0803b26c053322e_w24.png,a0803b26c053322e,24,Lab,Corona
train/pd/a0803b26c053322e_w26.png,a0803b26c053322e,26,Lab,Corona
train/pd/a0a32e0c623a9009_w08.png,a0a32e0c623a9009,8,Lab,Void
train/pd/a0a32e0c623a9009_w10.png,a0a32e0c623a9009,10,Lab,Void
train/pd/a0a32e0c623a9009_w15.png,a0a32e0c623a9009,15,Lab,Void
train/pd/a0a32e0c623a9009_w18.png,a0a32e0c623a9009,18,Lab,Void
train/pd/a0a32e0c623a9009_w19.png,a0a32e0c623a9009,19,Lab,Void
train/pd/a0a32e0c623a9009_w22.png,a0a32e0c623a9009,22,Lab,Void
train/pd/a0a32e0c623a9009_w23.png,a0a32e0c623a9009,23,Lab,Void
train/pd/a0a32e0c623a9009_w24.png,a0a32e0c623a9009,24,Lab,Void
train/pd/a0be7da75176a316_w01.png,a0be7da75176a316,1,Lab,Void
train/pd/a0be7da75176a316_w08.png,a0be7da75176a316,8,Lab,Void
train/pd/a0be7da75176a316_w10.png,a0be7da75176a316,10,Lab,Void
train/pd/a0be7da75176a316_w12.png,a0be7da75176a316,12,Lab,Void
train/pd/a0be7da75176a316_w13.png,a0be7da75176a316,13,Lab,Void
train/pd/a0be7da75176a316_w16.png,a0be7da75176a316,16,Lab,Void
train/pd/a0be7da75176a316_w21.png,a0be7da75176a316,21,Lab,Void
train/pd/a0be7da75176a316_w26.png,a0be7da75176a316,26,Lab,Void
train/pd/a1186650f913cf47_w00.png,a1186650f913cf47,0,Lab,Corona
train/pd/a1186650f913cf47_w01.png,a1186650f913cf47,1,Lab,Corona
train/pd/a1186650f913cf47_w11.png,a1186650f913cf47,11,Lab,Corona
train/pd/a1186650f913cf47_w15.png,a1186650f913cf47,15,Lab,Corona
train/pd/a1186650f913cf47_w20.png,a1186650f913cf47,20,Lab,Corona
train/pd/a1186650f913cf47_w21.png,a1186650f913cf47,21,Lab,Corona
train/pd/a1186650f913cf47_w22.png,a1186650f913cf47,22,Lab,Corona
train/pd/a1186650f913cf47_w24.png,a1186650f913cf47,24,Lab,Corona
train/pd/a15cc3fc095814e7_w02.png,a15cc3fc095814e7,2,Lab,Corona
train/pd/a15cc3fc095814e7_w07.png,a15cc3fc095814e7,7,Lab,Corona
train/pd/a15cc3fc095814e7_w09.png,a15cc3fc095814e7,9,Lab,Corona
train/pd/a15cc3fc095814e7_w19.png,a15cc3fc095814e7,19,Lab,Corona
train/pd/a15cc3fc095814e7_w23.png,a15cc3fc095814e7,23,Lab,Corona
train/pd/a15cc3fc095814e7_w24.png,a15cc3fc095814e7,24,Lab,Corona
train/pd/a15cc3fc095814e7_w26.png,a15cc3fc095814e7,26,Lab,Corona
train/pd/a15cc3fc095814e7_w27.png,a15cc3fc095814e7,27,Lab,Corona
train/pd/a177d3bf32e1d35b_w03.png,a177d3bf32e1d35b,3,Lab,Floating
train/pd/a177d3bf32e1d35b_w06.png,a177d3bf32e1d35b,6,Lab,Floating
train/pd/a177d3bf32e1d35b_w10.png,a177d3bf32e1d35b,10,Lab,Floating
train/pd/a177d3bf32e1d35b_w13.png,a177d3bf32e1d35b,13,Lab,Floating
train/pd/a177d3bf32e1d35b_w15.png,a177d3bf32e1d35b,15,Lab,Floating
train/pd/a177d3bf32e1d35b_w18.png,a177d3bf32e1d35b,18,Lab,Floating
train/pd/a177d3bf32e1d35b_w19.png,a177d3bf32e1d35b,19,Lab,Floating
train/pd/a177d3bf32e1d35b_w27.png,a177d3bf32e1d35b,27,Lab,Floating
train/pd/a17d4adc0d05d2a7_w02.png,a17d4adc0d05d2a7,2,Lab,Void
train/pd/a17d4adc0d05d2a7_w07.png,a17d4adc0d05d2a7,7,Lab,Void
train/pd/a17d4adc0d05d2a7_w09.png,a17d4adc0d05d2a7,9,Lab,Void
train/pd/a17d4adc0d05d2a7_w12.png,a17d4adc0d05d2a7,12,Lab,Void
train/pd/a17d4adc0d05d2a7_w16.png,a17d4adc0d05d2a7,16,Lab,Void
train/pd/a17d4adc0d05d2a7_w19.png,a17d4adc0d05d2a7,19,Lab,Void
train/pd/a17d4adc0d05d2a7_w23.png,a17d4adc0d05d2a7,23,Lab,Void
train/pd/a17d4adc0d05d2a7_w26.png,a17d4adc0d05d2a7,26,Lab,Void
train/pd/a20e36c70672a4da_w07.png,a20e36c70672a4da,7,Field,Void
train/pd/a20e36c70672a4da_w11.png,a20e36c70672a4da,11,Field,Void
train/pd/a20e36c70672a4da_w12.png,a20e36c70672a4da,12,Field,Void
train/pd/a20e36c70672a4da_w16.png,a20e36c70672a4da,16,Field,Void
train/pd/a20e36c70672a4da_w18.png,a20e36c70672a4da,18,Field,Void
train/pd/a20e36c70672a4da_w19.png,a20e36c70672a4da,19,Field,Void
train/pd/a20e36c70672a4da_w23.png,a20e36c70672a4da,23,Field,Void
train/pd/a20e36c70672a4da_w25.png,a20e36c70672a4da,25,Field,Void
train/pd/a239c83bfe09c410_w01.png,a239c83bfe09c410,1,Field,Void
train/pd/a239c83bfe09c410_w02.png,a239c83bfe09c410,2,Field,Void
train/pd/a239c83bfe09c410_w04.png,a239c83bfe09c410,4,Field,Void
train/pd/a239c83bfe09c410_w10.png,a239c83bfe09c410,10,Field,Void
train/pd/a239c83bfe09c410_w13.png,a239c83bfe09c410,13,Field,Void
train/pd/a239c83bfe09c410_w16.png,a239c83bfe09c410,16,Field,Void
train/pd/a239c83bfe09c410_w21.png,a239c83bfe09c410,21,Field,Void
train/pd/a239c83bfe09c410_w22.png,a239c83bfe09c410,22,Field,Void
train/pd/a24fe96f30075b06_w01.png,a24fe96f30075b06,1,Lab,Void
train/pd/a24fe96f30075b06_w02.png,a24fe96f30075b06,2,Lab,Void
train/pd/a24fe96f30075b06_w05.png,a24fe96f30075b06,5,Lab,Void
train/pd/a24fe96f30075b06_w09.png,a24fe96f30075b06,9,Lab,Void
train/pd/a24fe96f30075b06_w11.png,a24fe96f30075b06,11,Lab,Void
train/pd/a24fe96f30075b06_w12.png,a24fe96f30075b06,12,Lab,Void
train/pd/a24fe96f30075b06_w17.png,a24fe96f30075b06,17,Lab,Void
train/pd/a24fe96f30075b06_w26.png,a24fe96f30075b06,26,Lab,Void
train/pd/a27014c4fcaa8a29_w01.png,a27014c4fcaa8a29,1,Field,Floating
train/pd/a27014c4fcaa8a29_w03.png,a27014c4fcaa8a29,3,Field,Floating
train/pd/a27014c4fcaa8a29_w04.png,a27014c4fcaa8a29,4,Field,Floating
train/pd/a27014c4fcaa8a29_w06.png,a27014c4fcaa8a29,6,Field,Floating
train/pd/a27014c4fcaa8a29_w08.png,a27014c4fcaa8a29,8,Field,Floating
train/pd/a27014c4fcaa8a29_w15.png,a27014c4fcaa8a29,15,Field,Floating
train/pd/a27014c4fcaa8a29_w17.png,a27014c4fcaa8a29,17,Field,Floating
train/pd/a27014c4fcaa8a29_w20.png,a27014c4fcaa8a29,20,Field,Floating
train/pd/a28022a118b494c2_w00.png,a28022a118b494c2,0,Field,Void
train/pd/a28022a118b494c2_w04.png,a28022a118b494c2,4,Field,Void
train/pd/a28022a118b494c2_w07.png,a28022a118b494c2,7,Field,Void
train/pd/a28022a118b494c2_w10.png,a28022a118b494c2,10,Field,Void
train/pd/a28022a118b494c2_w11.png,a28022a118b494c2,11,Field,Void
train/pd/a28022a118b494c2_w16.png,a28022a118b494c2,16,Field,Void
train/pd/a28022a118b494c2_w17.png,a28022a118b494c2,17,Field,Void
train/pd/a28022a118b494c2_w19.png,a28022a118b494c2,19,Field,Void
train/pd/a2ad82936700ed97_w02.png,a2ad82936700ed97,2,Field,Floating
train/pd/a2ad82936700ed97_w07.png,a2ad82936700ed97,7,Field,Floating
train/pd/a2ad82936700ed97_w08.png,a2ad82936700ed97,8,Field,Floating
train/pd/a2ad82936700ed97_w11.png,a2ad82936700ed97,11,Field,Floating
train/pd/a2ad82936700ed97_w15.png,a2ad82936700ed97,15,Field,Floating
train/pd/a2ad82936700ed97_w16.png,a2ad82936700ed97,16,Field,Floating
train/pd/a2ad82936700ed97_w23.png,a2ad82936700ed97,23,Field,Floating
train/pd/a2ad82936700ed97_w26.png,a2ad82936700ed97,26,Field,Floating
train/pd/a2c5c9683ccdd05d_w01.png,a2c5c9683ccdd05d,1,Lab,Particle
train/pd/a2c5c9683ccdd05d_w02.png,a2c5c9683ccdd05d,2,Lab,Particle
train/pd/a2c5c9683ccdd05d_w11.png,a2c5c9683ccdd05d,11,Lab,Particle
train/pd/a2c5c9683ccdd05d_w16.png,a2c5c9683ccdd05d,16,Lab,Particle
train/pd/a2c5c9683ccdd05d_w17.png,a2c5c9683ccdd05d,17,Lab,Particle
train/pd/a2c5c9683ccdd05d_w18.png,a2c5c9683ccdd05d,18,Lab,Particle
train/pd/a2c5c9683ccdd05d_w19.png,a2c5c9683ccdd05d,19,Lab,Particle
train/pd/a2c5c9683ccdd05d_w27.png,a2c5c9683ccdd05d,27,Lab,Particle
train/pd/a2e163f101379f64_w00.png,a2e163f101379f64,0,Lab,Floating
train/pd/a2e163f101379f64_w05.png,a2e163f101379f64,5,Lab,Floating
train/pd/a2e163f101379f64_w08.png,a2e163f101379f64,8,Lab,Floating
train/pd/a2e163f101379f64_w09.png,a2e163f101379f64,9,Lab,Floating
train/pd/a2e163f101379f64_w17.png,a2e163f101379f64,17,Lab,Floating
train/pd/a2e163f101379f64_w18.png,a2e163f101379f64,18,Lab,Floating
train/pd/a2e163f101379f64_w21.png,a2e163f101379f64,21,Lab,Floating
train/pd/a2e163f101379f64_w22.png,a2e163f101379f64,22,Lab,Floating
train/pd/a321e11e920e4b39_w01.png,a321e11e920e4b39,1,Lab,Void
train/pd/a321e11e920e4b39_w06.png,a321e11e920e4b39,6,Lab,Void
train/pd/a321e11e920e4b39_w09.png,a321e11e920e4b39,9,Lab,Void
train/pd/a321e11e920e4b39_w12.png,a321e11e920e4b39,12,Lab,Void
train/pd/a321e11e920e4b39_w16.png,a321e11e920e4b39,16,Lab,Void
train/pd/a321e11e920e4b39_w19.png,a321e11e920e4b39,19,Lab,Void
train/pd/a321e11e920e4b39_w20.png,a321e11e920e4b39,20,Lab,Void
train/pd/a321e11e920e4b39_w27.png,a321e11e920e4b39,27,Lab,Void
train/pd/a3248772b716d83e_w02.png,a3248772b716d83e,2,Lab,Void
train/pd/a3248772b716d83e_w07.png,a3248772b716d83e,7,Lab,Void
train/pd/a3248772b716d83e_w09.png,a3248772b716d83e,9,Lab,Void
train/pd/a3248772b716d83e_w13.png,a3248772b716d83e,13,Lab,Void
train/pd/a3248772b716d83e_w14.png,a3248772b716d83e,14,Lab,Void
train/pd/a3248772b716d83e_w17.png,a3248772b716d83e,17,Lab,Void
train/pd/a3248772b716d83e_w19.png,a3248772b716d83e,19,Lab,Void
train/pd/a3248772b716d83e_w23.png,a3248772b716d83e,23,Lab,Void
train/pd/a371cf55dfd536a0_w05.png,a371cf55dfd536a0,5,Lab,Floating
train/pd/a371cf55dfd536a0_w10.png,a371cf55dfd536a0,10,Lab,Floating
train/pd/a371cf55dfd536a0_w19.png,a371cf55dfd536a0,19,Lab,Floating
train/pd/a371cf55dfd536a0_w20.png,a371cf55dfd536a0,20,Lab,Floating
train/pd/a371cf55dfd536a0_w21.png,a371cf55dfd536a0,21,Lab,Floating
train/pd/a371cf55dfd536a0_w24.png,a371cf55dfd536a0,24,Lab,Floating
train/pd/a371cf55dfd536a0_w26.png,a371cf55dfd536a0,26,Lab,Floating
train/pd/a371cf55dfd536a0_w27.png,a371cf55dfd536a0,27,Lab,Floating
train/pd/a387cddf5121a6f3_w03.png,a387cddf5121a6f3,3,Field,Void
train/pd/a387cddf5121a6f3_w04.png,a387cddf5121a6f3,4,Field,Void
train/pd/a387cddf5121a6f3_w08.png,a387cddf5121a6f3,8,Field,Void
train/pd/a387cddf5121a6f3_w16.png,a387cddf5121a6f3,16,Field,Void
train/pd/a387cddf5121a6f3_w18.png,a387cddf5121a6f3,18,Field,Void
train/pd/a387cddf5121a6f3_w23.png,a387cddf5121a6f3,23,Field,Void
train/pd/a387cddf5121a6f3_w24.png,a387cddf5121a6f3,24,Field,Void
train/pd/a387cddf5121a6f3_w25.png,a387cddf5121a6f3,25,Field,Void
train/pd/a3b351f48b4ddd01_w04.png,a3b351f48b4ddd01,4,Lab,Void
train/pd/a3b351f48b4ddd01_w13.png,a3b351f48b4ddd01,13,Lab,Void
train/pd/a3b351f48b4ddd01_w15.png,a3b351f48b4ddd01,15,Lab,Void
train/pd/a3b351f48b4ddd01_w18.png,a3b351f48b4ddd01,18,Lab,Void
train/pd/a3b351f48b4ddd01_w19.png,a3b351f48b4ddd01,19,Lab,Void
train/pd/a3b351f48b4ddd01_w20.png,a3b351f48b4ddd01,20,Lab,Void
train/pd/a3b351f48b4ddd01_w24.png,a3b351f48b4ddd01,24,Lab,Void
train/pd/a3b351f48b4ddd01_w25.png,a3b351f48b4ddd01,25,Lab,Void
train/pd/a3b5975741afe0af_w00.png,a3b5975741afe0af,0,Lab,Corona
train/pd/a3b5975741afe0af_w05.png,a3b5975741afe0af,5,Lab,Corona
train/pd/a3b5975741afe0af_w11.png,a3b5975741afe0af,11,Lab,Corona
train/pd/a3b5975741afe0af_w15.png,a3b5975741afe0af,15,Lab,Corona
train/pd/a3b5975741afe0af_w16.png,a3b5975741afe0af,16,Lab,Corona
train/pd/a3b5975741afe0af_w21.png,a3b5975741afe0af,21,Lab,Corona
train/pd/a3b5975741afe0af_w23.png,a3b5975741afe0af,23,Lab,Corona
train/pd/a3b5975741afe0af_w27.png,a3b5975741afe0af,27,Lab,Corona
train/pd/a3bfcee9631ae452_w05.png,a3bfcee9631ae452,5,Lab,Corona
train/pd/a3bfcee9631ae452_w08.png,a3bfcee9631ae452,8,Lab,Corona
train/pd/a3bfcee9631ae452_w11.png,a3bfcee9631ae452,11,Lab,Corona
train/pd/a3bfcee9631ae452_w12.png,a3bfcee9631ae452,12,Lab,Corona
train/pd/a3bfcee9631ae452_w18.png,a3bfcee9631ae452,18,Lab,Corona
train/pd/a3bfcee9631ae452_w20.png,a3bfcee9631ae452,20,Lab,Corona
train/pd/a3bfcee9631ae452_w24.png,a3bfcee9631ae452,24,Lab,Corona
train/pd/a3bfcee9631ae452_w27.png,a3bfcee9631ae452,27,Lab,Corona
train/pd/a406c37c12953149_w06.png,a406c37c12953149,6,Lab,Floating
train/pd/a406c37c12953149_w09.png,a406c37c12953149,9,Lab,Floating
train/pd/a406c37c12953149_w10.png,a406c37c12953149,10,Lab,Floating
train/pd/a406c37c12953149_w15.png,a406c37c12953149,15,Lab,Floating
train/pd/a406c37c12953149_w18.png,a406c37c12953149,18,Lab,Floating
train/pd/a406c37c12953149_w19.png,a406c37c12953149,19,Lab,Floating
train/pd/a406c37c12953149_w24.png,a406c37c12953149,24,Lab,Floating
train/pd/a406c37c12953149_w27.png,a406c37c12953149,27,Lab,Floating
train/pd/a455457d2eb38a7e_w02.png,a455457d2eb38a7e,2,Lab,Particle
train/pd/a455457d2eb38a7e_w10.png,a455457d2eb38a7e,10,Lab,Particle
train/pd/a455457d2eb38a7e_w13.png,a455457d2eb38a7e,13,Lab,Particle
train/pd/a455457d2eb38a7e_w18.png,a455457d2eb38a7e,18,Lab,Particle
train/pd/a455457d2eb38a7e_w21.png,a455457d2eb38a7e,21,Lab,Particle
train/pd/a455457d2eb38a7e_w22.png,a455457d2eb38a7e,22,Lab,Particle
train/pd/a455457d2eb38a7e_w23.png,a455457d2eb38a7e,23,Lab,Particle
train/pd/a455457d2eb38a7e_w25.png,a455457d2eb38a7e,25,Lab,Particle
train/pd/a4b48081e35f1344_w02.png,a4b48081e35f1344,2,Lab,Particle
train/pd/a4b48081e35f1344_w04.png,a4b48081e35f1344,4,Lab,Particle
train/pd/a4b48081e35f1344_w11.png,a4b48081e35f1344,11,Lab,Particle
train/pd/a4b48081e35f1344_w14.png,a4b48081e35f1344,14,Lab,Particle
train/pd/a4b48081e35f1344_w19.png,a4b48081e35f1344,19,Lab,Particle
train/pd/a4b48081e35f1344_w20.png,a4b48081e35f1344,20,Lab,Particle
train/pd/a4b48081e35f1344_w23.png,a4b48081e35f1344,23,Lab,Particle
train/pd/a4b48081e35f1344_w26.png,a4b48081e35f1344,26,Lab,Particle
train/pd/a50b30ebf41e88f1_w01.png,a50b30ebf41e88f1,1,Field,Void
train/pd/a50b30ebf41e88f1_w05.png,a50b30ebf41e88f1,5,Field,Void
train/pd/a50b30ebf41e88f1_w10.png,a50b30ebf41e88f1,10,Field,Void
train/pd/a50b30ebf41e88f1_w12.png,a50b30ebf41e88f1,12,Field,Void
train/pd/a50b30ebf41e88f1_w14.png,a50b30ebf41e88f1,14,Field,Void
train/pd/a50b30ebf41e88f1_w16.png,a50b30ebf41e88f1,16,Field,Void
train/pd/a50b30ebf41e88f1_w20.png,a50b30ebf41e88f1,20,Field,Void
train/pd/a50b30ebf41e88f1_w21.png,a50b30ebf41e88f1,21,Field,Void
train/pd/a50e11494328f2d2_w06.png,a50e11494328f2d2,6,Lab,Corona
train/pd/a50e11494328f2d2_w08.png,a50e11494328f2d2,8,Lab,Corona
train/pd/a50e11494328f2d2_w09.png,a50e11494328f2d2,9,Lab,Corona
train/pd/a50e11494328f2d2_w10.png,a50e11494328f2d2,10,Lab,Corona
train/pd/a50e11494328f2d2_w15.png,a50e11494328f2d2,15,Lab,Corona
train/pd/a50e11494328f2d2_w18.png,a50e11494328f2d2,18,Lab,Corona
train/pd/a50e11494328f2d2_w21.png,a50e11494328f2d2,21,Lab,Corona
train/pd/a50e11494328f2d2_w26.png,a50e11494328f2d2,26,Lab,Corona
train/pd/a535bdd774cbf7b7_w03.png,a535bdd774cbf7b7,3,Lab,Void
train/pd/a535bdd774cbf7b7_w04.png,a535bdd774cbf7b7,4,Lab,Void
train/pd/a535bdd774cbf7b7_w08.png,a535bdd774cbf7b7,8,Lab,Void
train/pd/a535bdd774cbf7b7_w14.png,a535bdd774cbf7b7,14,Lab,Void
train/pd/a535bdd774cbf7b7_w15.png,a535bdd774cbf7b7,15,Lab,Void
train/pd/a535bdd774cbf7b7_w18.png,a535bdd774cbf7b7,18,Lab,Void
train/pd/a535bdd774cbf7b7_w23.png,a535bdd774cbf7b7,23,Lab,Void
train/pd/a535bdd774cbf7b7_w25.png,a535bdd774cbf7b7,25,Lab,Void
train/pd/a540a66eaf9f40e9_w03.png,a540a66eaf9f40e9,3,Lab,Void
train/pd/a540a66eaf9f40e9_w05.png,a540a66eaf9f40e9,5,Lab,Void
train/pd/a540a66eaf9f40e9_w07.png,a540a66eaf9f40e9,7,Lab,Void
train/pd/a540a66eaf9f40e9_w13.png,a540a66eaf9f40e9,13,Lab,Void
train/pd/a540a66eaf9f40e9_w14.png,a540a66eaf9f40e9,14,Lab,Void
train/pd/a540a66eaf9f40e9_w16.png,a540a66eaf9f40e9,16,Lab,Void
train/pd/a540a66eaf9f40e9_w24.png,a540a66eaf9f40e9,24,Lab,Void
train/pd/a540a66eaf9f40e9_w27.png,a540a66eaf9f40e9,27,Lab,Void
train/pd/a549e161dda30ca7_w00.png,a549e161dda30ca7,0,Field,Floating
train/pd/a549e161dda30ca7_w08.png,a549e161dda30ca7,8,Field,Floating
train/pd/a549e161dda30ca7_w11.png,a549e161dda30ca7,11,Field,Floating
train/pd/a549e161dda30ca7_w14.png,a549e161dda30ca7,14,Field,Floating
train/pd/a549e161dda30ca7_w15.png,a549e161dda30ca7,15,Field,Floating
train/pd/a549e161dda30ca7_w20.png,a549e161dda30ca7,20,Field,Floating
train/pd/a549e161dda30ca7_w22.png,a549e161dda30ca7,22,Field,Floating
train/pd/a549e161dda30ca7_w26.png,a549e161dda30ca7,26,Field,Floating
train/pd/a57d3dc5495bed01_w02.png,a57d3dc5495bed01,2,Lab,Void
train/pd/a57d3dc5495bed01_w06.png,a57d3dc5495bed01,6,Lab,Void
train/pd/a57d3dc5495bed01_w09.png,a57d3dc5495bed01,9,Lab,Void
train/pd/a57d3dc5495bed01_w10.png,a57d3dc5495bed01,10,Lab,Void
train/pd/a57d3dc5495bed01_w12.png,a57d3dc5495bed01,12,Lab,Void
train/pd/a57d3dc5495bed01_w16.png,a57d3dc5495bed01,16,Lab,Void
train/pd/a57d3dc5495bed01_w20.png,a57d3dc5495bed01,20,Lab,Void
train/pd/a57d3dc5495bed01_w25.png,a57d3dc5495bed01,25,Lab,Void
train/pd/a606b831d404ec6d_w00.png,a606b831d404ec6d,0,Lab,Particle
train/pd/a606b831d404ec6d_w02.png,a606b831d404ec6d,2,Lab,Particle
train/pd/a606b831d404ec6d_w08.png,a606b831d404ec6d,8,Lab,Particle
train/pd/a606b831d404ec6d_w09.png,a606b831d404ec6d,9,Lab,Particle
train/pd/a606b831d404ec6d_w13.png,a606b831d404ec6d,13,Lab,Particle
train/pd/a606b831d404ec6d_w14.png,a606b831d404ec6d,14,Lab,Particle
train/pd/a606b831d404ec6d_w16.png,a606b831d404ec6d,16,Lab,Particle
train/pd/a606b831d404ec6d_w22.png,a606b831d404ec6d,22,Lab,Particle
train/pd/a6598ad280665e81_w03.png,a6598ad280665e81,3,Lab,Particle
train/pd/a6598ad280665e81_w10.png,a6598ad280665e81,10,Lab,Particle
train/pd/a6598ad280665e81_w14.png,a6598ad280665e81,14,Lab,Particle
train/pd/a6598ad280665e81_w15.png,a6598ad280665e81,15,Lab,Particle
train/pd/a6598ad280665e81_w16.png,a6598ad280665e81,16,Lab,Particle
train/pd/a6598ad280665e81_w23.png,a6598ad280665e81,23,Lab,Particle
train/pd/a6598ad280665e81_w24.png,a6598ad280665e81,24,Lab,Particle
train/pd/a6598ad280665e81_w25.png,a6598ad280665e81,25,Lab,Particle
train/pd/a65f3cc30ab7639a_w02.png,a65f3cc30ab7639a,2,Lab,Void
train/pd/a65f3cc30ab7639a_w06.png,a65f3cc30ab7639a,6,Lab,Void
train/pd/a65f3cc30ab7639a_w10.png,a65f3cc30ab7639a,10,Lab,Void
train/pd/a65f3cc30ab7639a_w13.png,a65f3cc30ab7639a,13,Lab,Void
train/pd/a65f3cc30ab7639a_w14.png,a65f3cc30ab7639a,14,Lab,Void
train/pd/a65f3cc30ab7639a_w19.png,a65f3cc30ab7639a,19,Lab,Void
train/pd/a65f3cc30ab7639a_w21.png,a65f3cc30ab7639a,21,Lab,Void
train/pd/a65f3cc30ab7639a_w27.png,a65f3cc30ab7639a,27,Lab,Void
train/pd/a66b707a145280d7_w03.png,a66b707a145280d7,3,Lab,Void
train/pd/a66b707a145280d7_w06.png,a66b707a145280d7,6,Lab,Void
train/pd/a66b707a145280d7_w10.png,a66b707a145280d7,10,Lab,Void
train/pd/a66b707a145280d7_w14.png,a66b707a145280d7,14,Lab,Void
train/pd/a66b707a145280d7_w16.png,a66b707a145280d7,16,Lab,Void
train/pd/a66b707a145280d7_w17.png,a66b707a145280d7,17,Lab,Void
train/pd/a66b707a145280d7_w20.png,a66b707a145280d7,20,Lab,Void
train/pd/a66b707a145280d7_w26.png,a66b707a145280d7,26,Lab,Void
train/pd/a738d920f4c33a57_w01.png,a738d920f4c33a57,1,Lab,Particle
train/pd/a738d920f4c33a57_w03.png,a738d920f4c33a57,3,Lab,Particle
train/pd/a738d920f4c33a57_w06.png,a738d920f4c33a57,6,Lab,Particle
train/pd/a738d920f4c33a57_w09.png,a738d920f4c33a57,9,Lab,Particle
train/pd/a738d920f4c33a57_w10.png,a738d920f4c33a57,10,Lab,Particle
train/pd/a738d920f4c33a57_w19.png,a738d920f4c33a57,19,Lab,Particle
train/pd/a738d920f4c33a57_w25.png,a738d920f4c33a57,25,Lab,Particle
train/pd/a738d920f4c33a57_w27.png,a738d920f4c33a57,27,Lab,Particle
train/pd/a76e0ad745814b14_w05.png,a76e0ad745814b14,5,Lab,Void
train/pd/a76e0ad745814b14_w06.png,a76e0ad745814b14,6,Lab,Void
train/pd/a76e0ad745814b14_w07.png,a76e0ad745814b14,7,Lab,Void
train/pd/a76e0ad745814b14_w11.png,a76e0ad745814b14,11,Lab,Void
train/pd/a76e0ad745814b14_w12.png,a76e0ad745814b14,12,Lab,Void
train/pd/a76e0ad745814b14_w13.png,a76e0ad745814b14,13,Lab,Void
train/pd/a76e0ad745814b14_w19.png,a76e0ad745814b14,19,Lab,Void
train/pd/a76e0ad745814b14_w27.png,a76e0ad745814b14,27,Lab,Void
train/pd/a77dcb88c8dfac6e_w06.png,a77dcb88c8dfac6e,6,Lab,Floating
train/pd/a77dcb88c8dfac6e_w07.png,a77dcb88c8dfac6e,7,Lab,Floating
train/pd/a77dcb88c8dfac6e_w15.png,a77dcb88c8dfac6e,15,Lab,Floating
train/pd/a77dcb88c8dfac6e_w17.png,a77dcb88c8dfac6e,17,Lab,Floating
train/pd/a77dcb88c8dfac6e_w22.png,a77dcb88c8dfac6e,22,Lab,Floating
train/pd/a77dcb88c8dfac6e_w24.png,a77dcb88c8dfac6e,24,Lab,Floating
train/pd/a77dcb88c8dfac6e_w25.png,a77dcb88c8dfac6e,25,Lab,Floating
train/pd/a77dcb88c8dfac6e_w26.png,a77dcb88c8dfac6e,26,Lab,Floating
train/pd/a780cd46a6cebee7_w00.png,a780cd46a6cebee7,0,Lab,Void
train/pd/a780cd46a6cebee7_w02.png,a780cd46a6cebee7,2,Lab,Void
train/pd/a780cd46a6cebee7_w04.png,a780cd46a6cebee7,4,Lab,Void
train/pd/a780cd46a6cebee7_w09.png,a780cd46a6cebee7,9,Lab,Void
train/pd/a780cd46a6cebee7_w14.png,a780cd46a6cebee7,14,Lab,Void
train/pd/a780cd46a6cebee7_w17.png,a780cd46a6cebee7,17,Lab,Void
train/pd/a780cd46a6cebee7_w20.png,a780cd46a6cebee7,20,Lab,Void
train/pd/a780cd46a6cebee7_w23.png,a780cd46a6cebee7,23,Lab,Void
train/pd/a78b5805c0382bb1_w01.png,a78b5805c0382bb1,1,Lab,Particle
train/pd/a78b5805c0382bb1_w03.png,a78b5805c0382bb1,3,Lab,Particle
train/pd/a78b5805c0382bb1_w07.png,a78b5805c0382bb1,7,Lab,Particle
train/pd/a78b5805c0382bb1_w10.png,a78b5805c0382bb1,10,Lab,Particle
train/pd/a78b5805c0382bb1_w15.png,a78b5805c0382bb1,15,Lab,Particle
train/pd/a78b5805c0382bb1_w25.png,a78b5805c0382bb1,25,Lab,Particle
train/pd/a78b5805c0382bb1_w26.png,a78b5805c0382bb1,26,Lab,Particle
train/pd/a78b5805c0382bb1_w27.png,a78b5805c0382bb1,27,Lab,Particle
train/pd/a7c1c9ffcfa9f7ce_w04.png,a7c1c9ffcfa9f7ce,4,Field,Floating
train/pd/a7c1c9ffcfa9f7ce_w05.png,a7c1c9ffcfa9f7ce,5,Field,Floating
train/pd/a7c1c9ffcfa9f7ce_w06.png,a7c1c9ffcfa9f7ce,6,Field,Floating
train/pd/a7c1c9ffcfa9f7ce_w07.png,a7c1c9ffcfa9f7ce,7,Field,Floating
train/pd/a7c1c9ffcfa9f7ce_w13.png,a7c1c9ffcfa9f7ce,13,Field,Floating
train/pd/a7c1c9ffcfa9f7ce_w19.png,a7c1c9ffcfa9f7ce,19,Field,Floating
train/pd/a7c1c9ffcfa9f7ce_w21.png,a7c1c9ffcfa9f7ce,21,Field,Floating
train/pd/a7c1c9ffcfa9f7ce_w27.png,a7c1c9ffcfa9f7ce,27,Field,Floating
train/pd/a7cddc9cd793f5d7_w04.png,a7cddc9cd793f5d7,4,Lab,Particle
train/pd/a7cddc9cd793f5d7_w07.png,a7cddc9cd793f5d7,7,Lab,Particle
train/pd/a7cddc9cd793f5d7_w08.png,a7cddc9cd793f5d7,8,Lab,Particle
train/pd/a7cddc9cd793f5d7_w09.png,a7cddc9cd793f5d7,9,Lab,Particle
train/pd/a7cddc9cd793f5d7_w14.png,a7cddc9cd793f5d7,14,Lab,Particle
train/pd/a7cddc9cd793f5d7_w15.png,a7cddc9cd793f5d7,15,Lab,Particle
train/pd/a7cddc9cd793f5d7_w22.png,a7cddc9cd793f5d7,22,Lab,Particle
train/pd/a7cddc9cd793f5d7_w26.png,a7cddc9cd793f5d7,26,Lab,Particle
train/pd/a7cea687ca9affb3_w00.png,a7cea687ca9affb3,0,Lab,Particle
train/pd/a7cea687ca9affb3_w04.png,a7cea687ca9affb3,4,Lab,Particle
train/pd/a7cea687ca9affb3_w05.png,a7cea687ca9affb3,5,Lab,Particle
train/pd/a7cea687ca9affb3_w06.png,a7cea687ca9affb3,6,Lab,Particle
train/pd/a7cea687ca9affb3_w11.png,a7cea687ca9affb3,11,Lab,Particle
train/pd/a7cea687ca9affb3_w12.png,a7cea687ca9affb3,12,Lab,Particle
train/pd/a7cea687ca9affb3_w21.png,a7cea687ca9affb3,21,Lab,Particle
train/pd/a7cea687ca9affb3_w22.png,a7cea687ca9affb3,22,Lab,Particle
train/pd/a7f674ea3b615272_w00.png,a7f674ea3b615272,0,Lab,Void
train/pd/a7f674ea3b615272_w02.png,a7f674ea3b615272,2,Lab,Void
train/pd/a7f674ea3b615272_w03.png,a7f674ea3b615272,3,Lab,Void
train/pd/a7f674ea3b615272_w07.png,a7f674ea3b615272,7,Lab,Void
train/pd/a7f674ea3b615272_w15.png,a7f674ea3b615272,15,Lab,Void
train/pd/a7f674ea3b615272_w17.png,a7f674ea3b615272,17,Lab,Void
train/pd/a7f674ea3b615272_w18.png,a7f674ea3b615272,18,Lab,Void
train/pd/a7f674ea3b615272_w19.png,a7f674ea3b615272,19,Lab,Void
train/pd/a7f746139916ecf0_w00.png,a7f746139916ecf0,0,Lab,Particle
train/pd/a7f746139916ecf0_w05.png,a7f746139916ecf0,5,Lab,Particle
train/pd/a7f746139916ecf0_w11.png,a7f746139916ecf0,11,Lab,Particle
train/pd/a7f746139916ecf0_w13.png,a7f746139916ecf0,13,Lab,Particle
train/pd/a7f746139916ecf0_w18.png,a7f746139916ecf0,18,Lab,Particle
train/pd/a7f746139916ecf0_w22.png,a7f746139916ecf0,22,Lab,Particle
train/pd/a7f746139916ecf0_w23.png,a7f746139916ecf0,23,Lab,Particle
train/pd/a7f746139916ecf0_w24.png,a7f746139916ecf0,24,Lab,Particle
train/pd/a7fa831f0160b6ad_w00.png,a7fa831f0160b6ad,0,Field,Void
train/pd/a7fa831f0160b6ad_w02.png,a7fa831f0160b6ad,2,Field,Void
train/pd/a7fa831f0160b6ad_w05.png,a7fa831f0160b6ad,5,Field,Void
train/pd/a7fa831f0160b6ad_w10.png,a7fa831f0160b6ad,10,Field,Void
train/pd/a7fa831f0160b6ad_w12.png,a7fa831f0160b6ad,12,Field,Void
train/pd/a7fa831f0160b6ad_w14.png,a7fa831f0160b6ad,14,Field,Void
train/pd/a7fa831f0160b6ad_w16.png,a7fa831f0160b6ad,16,Field,Void
train/pd/a7fa831f0160b6ad_w23.png,a7fa831f0160b6ad,23,Field,Void
train/pd/a827404d575b80ef_w00.png,a827404d575b80ef,0,Lab,Void
train/pd/a827404d575b80ef_w04.png,a827404d575b80ef,4,Lab,Void
train/pd/a827404d575b80ef_w07.png,a827404d575b80ef,7,Lab,Void
train/pd/a827404d575b80ef_w10.png,a827404d575b80ef,10,Lab,Void
train/pd/a827404d575b80ef_w13.png,a827404d575b80ef,13,Lab,Void
train/pd/a827404d575b80ef_w14.png,a827404d575b80ef,14,Lab,Void
train/pd/a827404d575b80ef_w24.png,a827404d575b80ef,24,Lab,Void
train/pd/a827404d575b80ef_w26.png,a827404d575b80ef,26,Lab,Void
train/pd/a8476da6d0b31a27_w00.png,a8476da6d0b31a27,0,Lab,Void
train/pd/a8476da6d0b31a27_w07.png,a8476da6d0b31a27,7,Lab,Void
train/pd/a8476da6d0b31a27_w08.png,a8476da6d0b31a27,8,Lab,Void
train/pd/a8476da6d0b31a27_w17.png,a8476da6d0b31a27,17,Lab,Void
train/pd/a8476da6d0b31a27_w18.png,a8476da6d0b31a27,18,Lab,Void
train/pd/a8476da6d0b31a27_w20.png,a8476da6d0b31a27,20,Lab,Void
train/pd/a8476da6d0b31a27_w24.png,a8476da6d0b31a27,24,Lab,Void
train/pd/a8476da6d0b31a27_w27.png,a8476da6d0b31a27,27,Lab,Void
train/pd/a84da7b118c6a62a_w01.png,a84da7b118c6a62a,1,Lab,Floating
train/pd/a84da7b118c6a62a_w02.png,a84da7b118c6a62a,2,Lab,Floating
train/pd/a84da7b118c6a62a_w04.png,a84da7b118c6a62a,4,Lab,Floating
train/pd/a84da7b118c6a62a_w07.png,a84da7b118c6a62a,7,Lab,Floating
train/pd/a84da7b118c6a62a_w11.png,a84da7b118c6a62a,11,Lab,Floating
train/pd/a84da7b118c6a62a_w16.png,a84da7b118c6a62a,16,Lab,Floating
train/pd/a84da7b118c6a62a_w19.png,a84da7b118c6a62a,19,Lab,Floating
train/pd/a84da7b118c6a62a_w21.png,a84da7b118c6a62a,21,Lab,Floating
train/pd/a87d3fff3d33f6e3_w00.png,a87d3fff3d33f6e3,0,Field,Void
train/pd/a87d3fff3d33f6e3_w05.png,a87d3fff3d33f6e3,5,Field,Void
train/pd/a87d3fff3d33f6e3_w13.png,a87d3fff3d33f6e3,13,Field,Void
train/pd/a87d3fff3d33f6e3_w14.png,a87d3fff3d33f6e3,14,Field,Void
train/pd/a87d3fff3d33f6e3_w15.png,a87d3fff3d33f6e3,15,Field,Void
train/pd/a87d3fff3d33f6e3_w20.png,a87d3fff3d33f6e3,20,Field,Void
train/pd/a87d3fff3d33f6e3_w21.png,a87d3fff3d33f6e3,21,Field,Void
train/pd/a87d3fff3d33f6e3_w23.png,a87d3fff3d33f6e3,23,Field,Void
train/pd/a8daf4add6f5f209_w06.png,a8daf4add6f5f209,6,Lab,Void
train/pd/a8daf4add6f5f209_w11.png,a8daf4add6f5f209,11,Lab,Void
train/pd/a8daf4add6f5f209_w12.png,a8daf4add6f5f209,12,Lab,Void
train/pd/a8daf4add6f5f209_w16.png,a8daf4add6f5f209,16,Lab,Void
train/pd/a8daf4add6f5f209_w17.png,a8daf4add6f5f209,17,Lab,Void
train/pd/a8daf4add6f5f209_w20.png,a8daf4add6f5f209,20,Lab,Void
train/pd/a8daf4add6f5f209_w23.png,a8daf4add6f5f209,23,Lab,Void
train/pd/a8daf4add6f5f209_w27.png,a8daf4add6f5f209,27,Lab,Void
train/pd/a8efbe443e54bc33_w01.png,a8efbe443e54bc33,1,Lab,Corona
train/pd/a8efbe443e54bc33_w02.png,a8efbe443e54bc33,2,Lab,Corona
train/pd/a8efbe443e54bc33_w04.png,a8efbe443e54bc33,4,Lab,Corona
train/pd/a8efbe443e54bc33_w11.png,a8efbe443e54bc33,11,Lab,Corona
train/pd/a8efbe443e54bc33_w16.png,a8efbe443e54bc33,16,Lab,Corona
train/pd/a8efbe443e54bc33_w18.png,a8efbe443e54bc33,18,Lab,Corona
train/pd/a8efbe443e54bc33_w20.png,a8efbe443e54bc33,20,Lab,Corona
train/pd/a8efbe443e54bc33_w24.png,a8efbe443e54bc33,24,Lab,Corona
train/pd/a90fe56f0afbcd8b_w01.png,a90fe56f0afbcd8b,1,Field,Corona
train/pd/a90fe56f0afbcd8b_w02.png,a90fe56f0afbcd8b,2,Field,Corona
train/pd/a90fe56f0afbcd8b_w06.png,a90fe56f0afbcd8b,6,Field,Corona
train/pd/a90fe56f0afbcd8b_w13.png,a90fe56f0afbcd8b,13,Field,Corona
train/pd/a90fe56f0afbcd8b_w14.png,a90fe56f0afbcd8b,14,Field,Corona
train/pd/a90fe56f0afbcd8b_w20.png,a90fe56f0afbcd8b,20,Field,Corona
train/pd/a90fe56f0afbcd8b_w24.png,a90fe56f0afbcd8b,24,Field,Corona
train/pd/a90fe56f0afbcd8b_w26.png,a90fe56f0afbcd8b,26,Field,Corona
train/pd/a9715438aa895fe7_w01.png,a9715438aa895fe7,1,Lab,Floating
train/pd/a9715438aa895fe7_w08.png,a9715438aa895fe7,8,Lab,Floating
train/pd/a9715438aa895fe7_w10.png,a9715438aa895fe7,10,Lab,Floating
train/pd/a9715438aa895fe7_w12.png,a9715438aa895fe7,12,Lab,Floating
train/pd/a9715438aa895fe7_w16.png,a9715438aa895fe7,16,Lab,Floating
train/pd/a9715438aa895fe7_w17.png,a9715438aa895fe7,17,Lab,Floating
train/pd/a9715438aa895fe7_w18.png,a9715438aa895fe7,18,Lab,Floating
train/pd/a9715438aa895fe7_w19.png,a9715438aa895fe7,19,Lab,Floating
train/pd/a9af35cf8d0f9a62_w07.png,a9af35cf8d0f9a62,7,Lab,Floating
train/pd/a9af35cf8d0f9a62_w08.png,a9af35cf8d0f9a62,8,Lab,Floating
train/pd/a9af35cf8d0f9a62_w09.png,a9af35cf8d0f9a62,9,Lab,Floating
train/pd/a9af35cf8d0f9a62_w10.png,a9af35cf8d0f9a62,10,Lab,Floating
train/pd/a9af35cf8d0f9a62_w12.png,a9af35cf8d0f9a62,12,Lab,Floating
train/pd/a9af35cf8d0f9a62_w13.png,a9af35cf8d0f9a62,13,Lab,Floating
train/pd/a9af35cf8d0f9a62_w23.png,a9af35cf8d0f9a62,23,Lab,Floating
train/pd/a9af35cf8d0f9a62_w26.png,a9af35cf8d0f9a62,26,Lab,Floating
train/pd/a9b08eaa6c1da2ee_w00.png,a9b08eaa6c1da2ee,0,Lab,Void
train/pd/a9b08eaa6c1da2ee_w04.png,a9b08eaa6c1da2ee,4,Lab,Void
train/pd/a9b08eaa6c1da2ee_w05.png,a9b08eaa6c1da2ee,5,Lab,Void
train/pd/a9b08eaa6c1da2ee_w09.png,a9b08eaa6c1da2ee,9,Lab,Void
train/pd/a9b08eaa6c1da2ee_w11.png,a9b08eaa6c1da2ee,11,Lab,Void
train/pd/a9b08eaa6c1da2ee_w12.png,a9b08eaa6c1da2ee,12,Lab,Void
train/pd/a9b08eaa6c1da2ee_w21.png,a9b08eaa6c1da2ee,21,Lab,Void
train/pd/a9b08eaa6c1da2ee_w25.png,a9b08eaa6c1da2ee,25,Lab,Void
train/pd/a9f10abd0cb88727_w01.png,a9f10abd0cb88727,1,Lab,Particle
train/pd/a9f10abd0cb88727_w05.png,a9f10abd0cb88727,5,Lab,Particle
train/pd/a9f10abd0cb88727_w09.png,a9f10abd0cb88727,9,Lab,Particle
train/pd/a9f10abd0cb88727_w12.png,a9f10abd0cb88727,12,Lab,Particle
train/pd/a9f10abd0cb88727_w18.png,a9f10abd0cb88727,18,Lab,Particle
train/pd/a9f10abd0cb88727_w19.png,a9f10abd0cb88727,19,Lab,Particle
train/pd/a9f10abd0cb88727_w22.png,a9f10abd0cb88727,22,Lab,Particle
train/pd/a9f10abd0cb88727_w27.png,a9f10abd0cb88727,27,Lab,Particle
train/pd/aa1dbdc090cab405_w05.png,aa1dbdc090cab405,5,Lab,Particle
train/pd/aa1dbdc090cab405_w06.png,aa1dbdc090cab405,6,Lab,Particle
train/pd/aa1dbdc090cab405_w09.png,aa1dbdc090cab405,9,Lab,Particle
train/pd/aa1dbdc090cab405_w11.png,aa1dbdc090cab405,11,Lab,Particle
train/pd/aa1dbdc090cab405_w12.png,aa1dbdc090cab405,12,Lab,Particle
train/pd/aa1dbdc090cab405_w13.png,aa1dbdc090cab405,13,Lab,Particle
train/pd/aa1dbdc090cab405_w20.png,aa1dbdc090cab405,20,Lab,Particle
train/pd/aa1dbdc090cab405_w24.png,aa1dbdc090cab405,24,Lab,Particle
train/pd/aa6c913ae254e8f5_w06.png,aa6c913ae254e8f5,6,Field,Floating
train/pd/aa6c913ae254e8f5_w07.png,aa6c913ae254e8f5,7,Field,Floating
train/pd/aa6c913ae254e8f5_w08.png,aa6c913ae254e8f5,8,Field,Floating
train/pd/aa6c913ae254e8f5_w09.png,aa6c913ae254e8f5,9,Field,Floating
train/pd/aa6c913ae254e8f5_w12.png,aa6c913ae254e8f5,12,Field,Floating
train/pd/aa6c913ae254e8f5_w14.png,aa6c913ae254e8f5,14,Field,Floating
train/pd/aa6c913ae254e8f5_w16.png,aa6c913ae254e8f5,16,Field,Floating
train/pd/aa6c913ae254e8f5_w17.png,aa6c913ae254e8f5,17,Field,Floating
train/pd/aa8f0afa4edcf11f_w01.png,aa8f0afa4edcf11f,1,Lab,Corona
train/pd/aa8f0afa4edcf11f_w02.png,aa8f0afa4edcf11f,2,Lab,Corona
train/pd/aa8f0afa4edcf11f_w06.png,aa8f0afa4edcf11f,6,Lab,Corona
train/pd/aa8f0afa4edcf11f_w10.png,aa8f0afa4edcf11f,10,Lab,Corona
train/pd/aa8f0afa4edcf11f_w13.png,aa8f0afa4edcf11f,13,Lab,Corona
train/pd/aa8f0afa4edcf11f_w14.png,aa8f0afa4edcf11f,14,Lab,Corona
train/pd/aa8f0afa4edcf11f_w19.png,aa8f0afa4edcf11f,19,Lab,Corona
train/pd/aa8f0afa4edcf11f_w25.png,aa8f0afa4edcf11f,25,Lab,Corona
train/pd/aafa03a0dc1fe4fa_w00.png,aafa03a0dc1fe4fa,0,Lab,Particle
train/pd/aafa03a0dc1fe4fa_w04.png,aafa03a0dc1fe4fa,4,Lab,Particle
train/pd/aafa03a0dc1fe4fa_w08.png,aafa03a0dc1fe4fa,8,Lab,Particle
train/pd/aafa03a0dc1fe4fa_w09.png,aafa03a0dc1fe4fa,9,Lab,Particle
train/pd/aafa03a0dc1fe4fa_w11.png,aafa03a0dc1fe4fa,11,Lab,Particle
train/pd/aafa03a0dc1fe4fa_w14.png,aafa03a0dc1fe4fa,14,Lab,Particle
train/pd/aafa03a0dc1fe4fa_w20.png,aafa03a0dc1fe4fa,20,Lab,Particle
train/pd/aafa03a0dc1fe4fa_w26.png,aafa03a0dc1fe4fa,26,Lab,Particle
train/pd/ab701e8a3be663db_w00.png,ab701e8a3be663db,0,Lab,Floating
train/pd/ab701e8a3be663db_w09.png,ab701e8a3be663db,9,Lab,Floating
train/pd/ab701e8a3be663db_w10.png,ab701e8a3be663db,10,Lab,Floating
train/pd/ab701e8a3be663db_w13.png,ab701e8a3be663db,13,Lab,Floating
train/pd/ab701e8a3be663db_w14.png,ab701e8a3be663db,14,Lab,Floating
train/pd/ab701e8a3be663db_w22.png,ab701e8a3be663db,22,Lab,Floating
train/pd/ab701e8a3be663db_w25.png,ab701e8a3be663db,25,Lab,Floating
train/pd/ab701e8a3be663db_w26.png,ab701e8a3be663db,26,Lab,Floating
train/pd/ab7c69d7046bd86c_w01.png,ab7c69d7046bd86c,1,Lab,Corona
train/pd/ab7c69d7046bd86c_w03.png,ab7c69d7046bd86c,3,Lab,Corona
train/pd/ab7c69d7046bd86c_w05.png,ab7c69d7046bd86c,5,Lab,Corona
train/pd/ab7c69d7046bd86c_w08.png,ab7c69d7046bd86c,8,Lab,Corona
train/pd/ab7c69d7046bd86c_w14.png,ab7c69d7046bd86c,14,Lab,Corona
train/pd/ab7c69d7046bd86c_w16.png,ab7c69d7046bd86c,16,Lab,Corona
train/pd/ab7c69d7046bd86c_w23.png,ab7c69d7046bd86c,23,Lab,Corona
train/pd/ab7c69d7046bd86c_w24.png,ab7c69d7046bd86c,24,Lab,Corona
train/pd/ab8f3ac1f4cdd9e9_w00.png,ab8f3ac1f4cdd9e9,0,Lab,Corona
train/pd/ab8f3ac1f4cdd9e9_w02.png,ab8f3ac1f4cdd9e9,2,Lab,Corona
train/pd/ab8f3ac1f4cdd9e9_w05.png,ab8f3ac1f4cdd9e9,5,Lab,Corona
train/pd/ab8f3ac1f4cdd9e9_w10.png,ab8f3ac1f4cdd9e9,10,Lab,Corona
train/pd/ab8f3ac1f4cdd9e9_w12.png,ab8f3ac1f4cdd9e9,12,Lab,Corona
train/pd/ab8f3ac1f4cdd9e9_w16.png,ab8f3ac1f4cdd9e9,16,Lab,Corona
train/pd/ab8f3ac1f4cdd9e9_w19.png,ab8f3ac1f4cdd9e9,19,Lab,Corona
train/pd/ab8f3ac1f4cdd9e9_w21.png,ab8f3ac1f4cdd9e9,21,Lab,Corona
train/pd/aba851fe8cb2ddcd_w03.png,aba851fe8cb2ddcd,3,Lab,Floating
train/pd/aba851fe8cb2ddcd_w08.png,aba851fe8cb2ddcd,8,Lab,Floating
train/pd/aba851fe8cb2ddcd_w10.png,aba851fe8cb2ddcd,10,Lab,Floating
train/pd/aba851fe8cb2ddcd_w14.png,aba851fe8cb2ddcd,14,Lab,Floating
train/pd/aba851fe8cb2ddcd_w17.png,aba851fe8cb2ddcd,17,Lab,Floating
train/pd/aba851fe8cb2ddcd_w18.png,aba851fe8cb2ddcd,18,Lab,Floating
train/pd/aba851fe8cb2ddcd_w19.png,aba851fe8cb2ddcd,19,Lab,Floating
train/pd/aba851fe8cb2ddcd_w24.png,aba851fe8cb2ddcd,24,Lab,Floating
train/pd/abb66d6f7acd4c07_w03.png,abb66d6f7acd4c07,3,Lab,Particle
train/pd/abb66d6f7acd4c07_w11.png,abb66d6f7acd4c07,11,Lab,Particle
train/pd/abb66d6f7acd4c07_w12.png,abb66d6f7acd4c07,12,Lab,Particle
train/pd/abb66d6f7acd4c07_w14.png,abb66d6f7acd4c07,14,Lab,Particle
train/pd/abb66d6f7acd4c07_w16.png,abb66d6f7acd4c07,16,Lab,Particle
train/pd/abb66d6f7acd4c07_w20.png,abb66d6f7acd4c07,20,Lab,Particle
train/pd/abb66d6f7acd4c07_w23.png,abb66d6f7acd4c07,23,Lab,Particle
train/pd/abb66d6f7acd4c07_w27.png,abb66d6f7acd4c07,27,Lab,Particle
train/pd/abc1618900246f37_w02.png,abc1618900246f37,2,Lab,Floating
train/pd/abc1618900246f37_w03.png,abc1618900246f37,3,Lab,Floating
train/pd/abc1618900246f37_w08.png,abc1618900246f37,8,Lab,Floating
train/pd/abc1618900246f37_w11.png,abc1618900246f37,11,Lab,Floating
train/pd/abc1618900246f37_w13.png,abc1618900246f37,13,Lab,Floating
train/pd/abc1618900246f37_w17.png,abc1618900246f37,17,Lab,Floating
train/pd/abc1618900246f37_w24.png,abc1618900246f37,24,Lab,Floating
train/pd/abc1618900246f37_w27.png,abc1618900246f37,27,Lab,Floating
train/pd/abd4422685ed4b45_w02.png,abd4422685ed4b45,2,Lab,Floating
train/pd/abd4422685ed4b45_w04.png,abd4422685ed4b45,4,Lab,Floating
train/pd/abd4422685ed4b45_w07.png,abd4422685ed4b45,7,Lab,Floating
train/pd/abd4422685ed4b45_w08.png,abd4422685ed4b45,8,Lab,Floating
train/pd/abd4422685ed4b45_w10.png,abd4422685ed4b45,10,Lab,Floating
train/pd/abd4422685ed4b45_w11.png,abd4422685ed4b45,11,Lab,Floating
train/pd/abd4422685ed4b45_w14.png,abd4422685ed4b45,14,Lab,Floating
train/pd/abd4422685ed4b45_w20.png,abd4422685ed4b45,20,Lab,Floating
train/pd/abe119b4623f1349_w00.png,abe119b4623f1349,0,Field,Corona
train/pd/abe119b4623f1349_w04.png,abe119b4623f1349,4,Field,Corona
train/pd/abe119b4623f1349_w05.png,abe119b4623f1349,5,Field,Corona
train/pd/abe119b4623f1349_w16.png,abe119b4623f1349,16,Field,Corona
train/pd/abe119b4623f1349_w19.png,abe119b4623f1349,19,Field,Corona
train/pd/abe119b4623f1349_w21.png,abe119b4623f1349,21,Field,Corona
train/pd/abe119b4623f1349_w23.png,abe119b4623f1349,23,Field,Corona
train/pd/abe119b4623f1349_w27.png,abe119b4623f1349,27,Field,Corona
train/pd/ac3c6b2a634d8613_w08.png,ac3c6b2a634d8613,8,Lab,Floating
train/pd/ac3c6b2a634d8613_w09.png,ac3c6b2a634d8613,9,Lab,Floating
train/pd/ac3c6b2a634d8613_w11.png,ac3c6b2a634d8613,11,Lab,Floating
train/pd/ac3c6b2a634d8613_w15.png,ac3c6b2a634d8613,15,Lab,Floating
train/pd/ac3c6b2a634d8613_w17.png,ac3c6b2a634d8613,17,Lab,Floating
train/pd/ac3c6b2a634d8613_w18.png,ac3c6b2a634d8613,18,Lab,Floating
train/pd/ac3c6b2a634d8613_w21.png,ac3c6b2a634d8613,21,Lab,Floating
train/pd/ac3c6b2a634d8613_w22.png,ac3c6b2a634d8613,22,Lab,Floating
train/pd/ac3ed4553e928ff8_w00.png,ac3ed4553e928ff8,0,Lab,Particle
train/pd/ac3ed4553e928ff8_w01.png,ac3ed4553e928ff8,1,Lab,Particle
train/pd/ac3ed4553e928ff8_w10.png,ac3ed4553e928ff8,10,Lab,Particle
train/pd/ac3ed4553e928ff8_w13.png,ac3ed4553e928ff8,13,Lab,Particle
train/pd/ac3ed4553e928ff8_w17.png,ac3ed4553e928ff8,17,Lab,Particle
train/pd/ac3ed4553e928ff8_w20.png,ac3ed4553e928ff8,20,Lab,Particle
train/pd/ac3ed4553e928ff8_w24.png,ac3ed4553e928ff8,24,Lab,Particle
train/pd/ac3ed4553e928ff8_w27.png,ac3ed4553e928ff8,27,Lab,Particle
train/pd/ac563a71d3b35c63_w04.png,ac563a71d3b35c63,4,Field,Void
train/pd/ac563a71d3b35c63_w06.png,ac563a71d3b35c63,6,Field,Void
train/pd/ac563a71d3b35c63_w07.png,ac563a71d3b35c63,7,Field,Void
train/pd/ac563a71d3b35c63_w11.png,ac563a71d3b35c63,11,Field,Void
train/pd/ac563a71d3b35c63_w14.png,ac563a71d3b35c63,14,Field,Void
train/pd/ac563a71d3b35c63_w16.png,ac563a71d3b35c63,16,Field,Void
train/pd/ac563a71d3b35c63_w20.png,ac563a71d3b35c63,20,Field,Void
train/pd/ac563a71d3b35c63_w24.png,ac563a71d3b35c63,24,Field,Void
train/pd/ac6e4c1f731915d5_w02.png,ac6e4c1f731915d5,2,Field,Void
train/pd/ac6e4c1f731915d5_w04.png,ac6e4c1f731915d5,4,Field,Void
train/pd/ac6e4c1f731915d5_w06.png,ac6e4c1f731915d5,6,Field,Void
train/pd/ac6e4c1f731915d5_w07.png,ac6e4c1f731915d5,7,Field,Void
train/pd/ac6e4c1f731915d5_w11.png,ac6e4c1f731915d5,11,Field,Void
train/pd/ac6e4c1f731915d5_w22.png,ac6e4c1f731915d5,22,Field,Void
train/pd/ac6e4c1f731915d5_w26.png,ac6e4c1f731915d5,26,Field,Void
train/pd/ac6e4c1f731915d5_w27.png,ac6e4c1f731915d5,27,Field,Void
train/pd/acafdcbdba34fb9b_w06.png,acafdcbdba34fb9b,6,Lab,Corona
train/pd/acafdcbdba34fb9b_w08.png,acafdcbdba34fb9b,8,Lab,Corona
train/pd/acafdcbdba34fb9b_w12.png,acafdcbdba34fb9b,12,Lab,Corona
train/pd/acafdcbdba34fb9b_w14.png,acafdcbdba34fb9b,14,Lab,Corona
train/pd/acafdcbdba34fb9b_w17.png,acafdcbdba34fb9b,17,Lab,Corona
train/pd/acafdcbdba34fb9b_w18.png,acafdcbdba34fb9b,18,Lab,Corona
train/pd/acafdcbdba34fb9b_w20.png,acafdcbdba34fb9b,20,Lab,Corona
train/pd/acafdcbdba34fb9b_w22.png,acafdcbdba34fb9b,22,Lab,Corona
train/pd/ad6712ba1ce61b7e_w02.png,ad6712ba1ce61b7e,2,Lab,Floating
train/pd/ad6712ba1ce61b7e_w06.png,ad6712ba1ce61b7e,6,Lab,Floating
train/pd/ad6712ba1ce61b7e_w09.png,ad6712ba1ce61b7e,9,Lab,Floating
train/pd/ad6712ba1ce61b7e_w15.png,ad6712ba1ce61b7e,15,Lab,Floating
train/pd/ad6712ba1ce61b7e_w17.png,ad6712ba1ce61b7e,17,Lab,Floating
train/pd/ad6712ba1ce61b7e_w22.png,ad6712ba1ce61b7e,22,Lab,Floating
train/pd/ad6712ba1ce61b7e_w26.png,ad6712ba1ce61b7e,26,Lab,Floating
train/pd/ad6712ba1ce61b7e_w27.png,ad6712ba1ce61b7e,27,Lab,Floating
train/pd/ad79e4f04b42eebe_w02.png,ad79e4f04b42eebe,2,Field,Void
train/pd/ad79e4f04b42eebe_w08.png,ad79e4f04b42eebe,8,Field,Void
train/pd/ad79e4f04b42eebe_w09.png,ad79e4f04b42eebe,9,Field,Void
train/pd/ad79e4f04b42eebe_w11.png,ad79e4f04b42eebe,11,Field,Void
train/pd/ad79e4f04b42eebe_w17.png,ad79e4f04b42eebe,17,Field,Void
train/pd/ad79e4f04b42eebe_w22.png,ad79e4f04b42eebe,22,Field,Void
train/pd/ad79e4f04b42eebe_w25.png,ad79e4f04b42eebe,25,Field,Void
train/pd/ad79e4f04b42eebe_w27.png,ad79e4f04b42eebe,27,Field,Void
train/pd/ad8e645b66dd4039_w03.png,ad8e645b66dd4039,3,Lab,Void
train/pd/ad8e645b66dd4039_w05.png,ad8e645b66dd4039,5,Lab,Void
train/pd/ad8e645b66dd4039_w07.png,ad8e645b66dd4039,7,Lab,Void
train/pd/ad8e645b66dd4039_w08.png,ad8e645b66dd4039,8,Lab,Void
train/pd/ad8e645b66dd4039_w13.png,ad8e645b66dd4039,13,Lab,Void
train/pd/ad8e645b66dd4039_w16.png,ad8e645b66dd4039,16,Lab,Void
train/pd/ad8e645b66dd4039_w17.png,ad8e645b66dd4039,17,Lab,Void
train/pd/ad8e645b66dd4039_w20.png,ad8e645b66dd4039,20,Lab,Void
train/pd/ad944111b542b00f_w00.png,ad944111b542b00f,0,Lab,Particle
train/pd/ad944111b542b00f_w01.png,ad944111b542b00f,1,Lab,Particle
train/pd/ad944111b542b00f_w12.png,ad944111b542b00f,12,Lab,Particle
train/pd/ad944111b542b00f_w13.png,ad944111b542b00f,13,Lab,Particle
train/pd/ad944111b542b00f_w17.png,ad944111b542b00f,17,Lab,Particle
train/pd/ad944111b542b00f_w22.png,ad944111b542b00f,22,Lab,Particle
train/pd/ad944111b542b00f_w24.png,ad944111b542b00f,24,Lab,Particle
train/pd/ad944111b542b00f_w27.png,ad944111b542b00f,27,Lab,Particle
train/pd/adc6314cd04b5718_w02.png,adc6314cd04b5718,2,Lab,Corona
train/pd/adc6314cd04b5718_w06.png,adc6314cd04b5718,6,Lab,Corona
train/pd/adc6314cd04b5718_w08.png,adc6314cd04b5718,8,Lab,Corona
train/pd/adc6314cd04b5718_w12.png,adc6314cd04b5718,12,Lab,Corona
train/pd/adc6314cd04b5718_w16.png,adc6314cd04b5718,16,Lab,Corona
train/pd/adc6314cd04b5718_w21.png,adc6314cd04b5718,21,Lab,Corona
train/pd/adc6314cd04b5718_w22.png,adc6314cd04b5718,22,Lab,Corona
train/pd/adc6314cd04b5718_w27.png,adc6314cd04b5718,27,Lab,Corona
train/pd/add389e68c0b2b2b_w02.png,add389e68c0b2b2b,2,Lab,Floating
train/pd/add389e68c0b2b2b_w06.png,add389e68c0b2b2b,6,Lab,Floating
train/pd/add389e68c0b2b2b_w07.png,add389e68c0b2b2b,7,Lab,Floating
train/pd/add389e68c0b2b2b_w09.png,add389e68c0b2b2b,9,Lab,Floating
train/pd/add389e68c0b2b2b_w12.png,add389e68c0b2b2b,12,Lab,Floating
train/pd/add389e68c0b2b2b_w16.png,add389e68c0b2b2b,16,Lab,Floating
train/pd/add389e68c0b2b2b_w20.png,add389e68c0b2b2b,20,Lab,Floating
train/pd/add389e68c0b2b2b_w25.png,add389e68c0b2b2b,25,Lab,Floating
train/pd/add6b0a988611531_w05.png,add6b0a988611531,5,Lab,Particle
train/pd/add6b0a988611531_w07.png,add6b0a988611531,7,Lab,Particle
train/pd/add6b0a988611531_w10.png,add6b0a988611531,10,Lab,Particle
train/pd/add6b0a988611531_w14.png,add6b0a988611531,14,Lab,Particle
train/pd/add6b0a988611531_w16.png,add6b0a988611531,16,Lab,Particle
train/pd/add6b0a988611531_w21.png,add6b0a988611531,21,Lab,Particle
train/pd/add6b0a988611531_w23.png,add6b0a988611531,23,Lab,Particle
train/pd/add6b0a988611531_w27.png,add6b0a988611531,27,Lab,Particle
train/pd/adff3c80b64401a7_w01.png,adff3c80b64401a7,1,Lab,Floating
train/pd/adff3c80b64401a7_w03.png,adff3c80b64401a7,3,Lab,Floating
train/pd/adff3c80b64401a7_w04.png,adff3c80b64401a7,4,Lab,Floating
train/pd/adff3c80b64401a7_w06.png,adff3c80b64401a7,6,Lab,Floating
train/pd/adff3c80b64401a7_w12.png,adff3c80b64401a7,12,Lab,Floating
train/pd/adff3c80b64401a7_w14.png,adff3c80b64401a7,14,Lab,Floating
train/pd/adff3c80b64401a7_w19.png,adff3c80b64401a7,19,Lab,Floating
train/pd/adff3c80b64401a7_w22.png,adff3c80b64401a7,22,Lab,Floating
train/pd/ae16622f29041b61_w02.png,ae16622f29041b61,2,Lab,Floating
train/pd/ae16622f29041b61_w06.png,ae16622f29041b61,6,Lab,Floating
train/pd/ae16622f29041b61_w09.png,ae16622f29041b61,9,Lab,Floating
train/pd/ae16622f29041b61_w10.png,ae16622f29041b61,10,Lab,Floating
train/pd/ae16622f29041b61_w11.png,ae16622f29041b61,11,Lab,Floating
train/pd/ae16622f29041b61_w15.png,ae16622f29041b61,15,Lab,Floating
train/pd/ae16622f29041b61_w18.png,ae16622f29041b61,18,Lab,Floating
train/pd/ae16622f29041b61_w24.png,ae16622f29041b61,24,Lab,Floating
train/pd/ae1671195adfbc88_w05.png,ae1671195adfbc88,5,Lab,Void
train/pd/ae1671195adfbc88_w10.png,ae1671195adfbc88,10,Lab,Void
train/pd/ae1671195adfbc88_w17.png,ae1671195adfbc88,17,Lab,Void
train/pd/ae1671195adfbc88_w19.png,ae1671195adfbc88,19,Lab,Void
train/pd/ae1671195adfbc88_w21.png,ae1671195adfbc88,21,Lab,Void
train/pd/ae1671195adfbc88_w23.png,ae1671195adfbc88,23,Lab,Void
train/pd/ae1671195adfbc88_w25.png,ae1671195adfbc88,25,Lab,Void
train/pd/ae1671195adfbc88_w27.png,ae1671195adfbc88,27,Lab,Void
train/pd/ae1945038b972cdd_w07.png,ae1945038b972cdd,7,Lab,Void
train/pd/ae1945038b972cdd_w09.png,ae1945038b972cdd,9,Lab,Void
train/pd/ae1945038b972cdd_w10.png,ae1945038b972cdd,10,Lab,Void
train/pd/ae1945038b972cdd_w11.png,ae1945038b972cdd,11,Lab,Void
train/pd/ae1945038b972cdd_w12.png,ae1945038b972cdd,12,Lab,Void
train/pd/ae1945038b972cdd_w18.png,ae1945038b972cdd,18,Lab,Void
train/pd/ae1945038b972cdd_w24.png,ae1945038b972cdd,24,Lab,Void
train/pd/ae1945038b972cdd_w26.png,ae1945038b972cdd,26,Lab,Void
train/pd/ae4cf8c1eda3e5ba_w01.png,ae4cf8c1eda3e5ba,1,Lab,Floating
train/pd/ae4cf8c1eda3e5ba_w03.png,ae4cf8c1eda3e5ba,3,Lab,Floating
train/pd/ae4cf8c1eda3e5ba_w08.png,ae4cf8c1eda3e5ba,8,Lab,Floating
train/pd/ae4cf8c1eda3e5ba_w12.png,ae4cf8c1eda3e5ba,12,Lab,Floating
train/pd/ae4cf8c1eda3e5ba_w13.png,ae4cf8c1eda3e5ba,13,Lab,Floating
train/pd/ae4cf8c1eda3e5ba_w21.png,ae4cf8c1eda3e5ba,21,Lab,Floating
train/pd/ae4cf8c1eda3e5ba_w23.png,ae4cf8c1eda3e5ba,23,Lab,Floating
train/pd/ae4cf8c1eda3e5ba_w25.png,ae4cf8c1eda3e5ba,25,Lab,Floating
train/pd/ae7005a20106ae4f_w00.png,ae7005a20106ae4f,0,Lab,Floating
train/pd/ae7005a20106ae4f_w03.png,ae7005a20106ae4f,3,Lab,Floating
train/pd/ae7005a20106ae4f_w06.png,ae7005a20106ae4f,6,Lab,Floating
train/pd/ae7005a20106ae4f_w09.png,ae7005a20106ae4f,9,Lab,Floating
train/pd/ae7005a20106ae4f_w14.png,ae7005a20106ae4f,14,Lab,Floating
train/pd/ae7005a20106ae4f_w16.png,ae7005a20106ae4f,16,Lab,Floating
train/pd/ae7005a20106ae4f_w23.png,ae7005a20106ae4f,23,Lab,Floating
train/pd/ae7005a20106ae4f_w24.png,ae7005a20106ae4f,24,Lab,Floating
train/pd/ae77b27dfeba9ba4_w05.png,ae77b27dfeba9ba4,5,Lab,Void
train/pd/ae77b27dfeba9ba4_w06.png,ae77b27dfeba9ba4,6,Lab,Void
train/pd/ae77b27dfeba9ba4_w07.png,ae77b27dfeba9ba4,7,Lab,Void
train/pd/ae77b27dfeba9ba4_w16.png,ae77b27dfeba9ba4,16,Lab,Void
train/pd/ae77b27dfeba9ba4_w18.png,ae77b27dfeba9ba4,18,Lab,Void
train/pd/ae77b27dfeba9ba4_w22.png,ae77b27dfeba9ba4,22,Lab,Void
train/pd/ae77b27dfeba9ba4_w24.png,ae77b27dfeba9ba4,24,Lab,Void
train/pd/ae77b27dfeba9ba4_w25.png,ae77b27dfeba9ba4,25,Lab,Void
train/pd/ae7f8d3ceed3ad95_w03.png,ae7f8d3ceed3ad95,3,Lab,Particle
train/pd/ae7f8d3ceed3ad95_w05.png,ae7f8d3ceed3ad95,5,Lab,Particle
train/pd/ae7f8d3ceed3ad95_w06.png,ae7f8d3ceed3ad95,6,Lab,Particle
train/pd/ae7f8d3ceed3ad95_w15.png,ae7f8d3ceed3ad95,15,Lab,Particle
train/pd/ae7f8d3ceed3ad95_w18.png,ae7f8d3ceed3ad95,18,Lab,Particle
train/pd/ae7f8d3ceed3ad95_w20.png,ae7f8d3ceed3ad95,20,Lab,Particle
train/pd/ae7f8d3ceed3ad95_w21.png,ae7f8d3ceed3ad95,21,Lab,Particle
train/pd/ae7f8d3ceed3ad95_w25.png,ae7f8d3ceed3ad95,25,Lab,Particle
train/pd/ae8a5f4be254ef38_w05.png,ae8a5f4be254ef38,5,Lab,Void
train/pd/ae8a5f4be254ef38_w09.png,ae8a5f4be254ef38,9,Lab,Void
train/pd/ae8a5f4be254ef38_w14.png,ae8a5f4be254ef38,14,Lab,Void
train/pd/ae8a5f4be254ef38_w17.png,ae8a5f4be254ef38,17,Lab,Void
train/pd/ae8a5f4be254ef38_w19.png,ae8a5f4be254ef38,19,Lab,Void
train/pd/ae8a5f4be254ef38_w21.png,ae8a5f4be254ef38,21,Lab,Void
train/pd/ae8a5f4be254ef38_w23.png,ae8a5f4be254ef38,23,Lab,Void
train/pd/ae8a5f4be254ef38_w26.png,ae8a5f4be254ef38,26,Lab,Void
train/pd/af345d0d55f1f6e7_w00.png,af345d0d55f1f6e7,0,Lab,Void
train/pd/af345d0d55f1f6e7_w10.png,af345d0d55f1f6e7,10,Lab,Void
train/pd/af345d0d55f1f6e7_w14.png,af345d0d55f1f6e7,14,Lab,Void
train/pd/af345d0d55f1f6e7_w16.png,af345d0d55f1f6e7,16,Lab,Void
train/pd/af345d0d55f1f6e7_w19.png,af345d0d55f1f6e7,19,Lab,Void
train/pd/af345d0d55f1f6e7_w20.png,af345d0d55f1f6e7,20,Lab,Void
train/pd/af345d0d55f1f6e7_w23.png,af345d0d55f1f6e7,23,Lab,Void
train/pd/af345d0d55f1f6e7_w27.png,af345d0d55f1f6e7,27,Lab,Void
train/pd/af4de4cec2246f9a_w02.png,af4de4cec2246f9a,2,Lab,Particle
train/pd/af4de4cec2246f9a_w03.png,af4de4cec2246f9a,3,Lab,Particle
train/pd/af4de4cec2246f9a_w06.png,af4de4cec2246f9a,6,Lab,Particle
train/pd/af4de4cec2246f9a_w07.png,af4de4cec2246f9a,7,Lab,Particle
train/pd/af4de4cec2246f9a_w12.png,af4de4cec2246f9a,12,Lab,Particle
train/pd/af4de4cec2246f9a_w14.png,af4de4cec2246f9a,14,Lab,Particle
train/pd/af4de4cec2246f9a_w17.png,af4de4cec2246f9a,17,Lab,Particle
train/pd/af4de4cec2246f9a_w25.png,af4de4cec2246f9a,25,Lab,Particle
train/pd/af83091f3e5820f7_w01.png,af83091f3e5820f7,1,Field,Void
train/pd/af83091f3e5820f7_w05.png,af83091f3e5820f7,5,Field,Void
train/pd/af83091f3e5820f7_w10.png,af83091f3e5820f7,10,Field,Void
train/pd/af83091f3e5820f7_w12.png,af83091f3e5820f7,12,Field,Void
train/pd/af83091f3e5820f7_w16.png,af83091f3e5820f7,16,Field,Void
train/pd/af83091f3e5820f7_w18.png,af83091f3e5820f7,18,Field,Void
train/pd/af83091f3e5820f7_w21.png,af83091f3e5820f7,21,Field,Void
train/pd/af83091f3e5820f7_w27.png,af83091f3e5820f7,27,Field,Void
train/pd/afb78f6d00aa606e_w09.png,afb78f6d00aa606e,9,Lab,Particle
train/pd/afb78f6d00aa606e_w12.png,afb78f6d00aa606e,12,Lab,Particle
train/pd/afb78f6d00aa606e_w14.png,afb78f6d00aa606e,14,Lab,Particle
train/pd/afb78f6d00aa606e_w17.png,afb78f6d00aa606e,17,Lab,Particle
train/pd/afb78f6d00aa606e_w18.png,afb78f6d00aa606e,18,Lab,Particle
train/pd/afb78f6d00aa606e_w22.png,afb78f6d00aa606e,22,Lab,Particle
train/pd/afb78f6d00aa606e_w23.png,afb78f6d00aa606e,23,Lab,Particle
train/pd/afb78f6d00aa606e_w25.png,afb78f6d00aa606e,25,Lab,Particle
train/pd/b00df7efa041c2d4_w04.png,b00df7efa041c2d4,4,Lab,Corona
train/pd/b00df7efa041c2d4_w06.png,b00df7efa041c2d4,6,Lab,Corona
train/pd/b00df7efa041c2d4_w13.png,b00df7efa041c2d4,13,Lab,Corona
train/pd/b00df7efa041c2d4_w19.png,b00df7efa041c2d4,19,Lab,Corona
train/pd/b00df7efa041c2d4_w21.png,b00df7efa041c2d4,21,Lab,Corona
train/pd/b00df7efa041c2d4_w23.png,b00df7efa041c2d4,23,Lab,Corona
train/pd/b00df7efa041c2d4_w25.png,b00df7efa041c2d4,25,Lab,Corona
train/pd/b00df7efa041c2d4_w27.png,b00df7efa041c2d4,27,Lab,Corona
train/pd/b030ddbcac92ee13_w00.png,b030ddbcac92ee13,0,Lab,Corona
train/pd/b030ddbcac92ee13_w01.png,b030ddbcac92ee13,1,Lab,Corona
train/pd/b030ddbcac92ee13_w03.png,b030ddbcac92ee13,3,Lab,Corona
train/pd/b030ddbcac92ee13_w04.png,b030ddbcac92ee13,4,Lab,Corona
train/pd/b030ddbcac92ee13_w07.png,b030ddbcac92ee13,7,Lab,Corona
train/pd/b030ddbcac92ee13_w13.png,b030ddbcac92ee13,13,Lab,Corona
train/pd/b030ddbcac92ee13_w14.png,b030ddbcac92ee13,14,Lab,Corona
train/pd/b030ddbcac92ee13_w22.png,b030ddbcac92ee13,22,Lab,Corona
train/pd/b03f55b1778840e6_w01.png,b03f55b1778840e6,1,Lab,Particle
train/pd/b03f55b1778840e6_w05.png,b03f55b1778840e6,5,Lab,Particle
train/pd/b03f55b1778840e6_w09.png,b03f55b1778840e6,9,Lab,Particle
train/pd/b03f55b1778840e6_w10.png,b03f55b1778840e6,10,Lab,Particle
train/pd/b03f55b1778840e6_w12.png,b03f55b1778840e6,12,Lab,Particle
train/pd/b03f55b1778840e6_w13.png,b03f55b1778840e6,13,Lab,Particle
train/pd/b03f55b1778840e6_w19.png,b03f55b1778840e6,19,Lab,Particle
train/pd/b03f55b1778840e6_w22.png,b03f55b1778840e6,22,Lab,Particle
train/pd/b06cd84d94556860_w04.png,b06cd84d94556860,4,Lab,Corona
train/pd/b06cd84d94556860_w07.png,b06cd84d94556860,7,Lab,Corona
train/pd/b06cd84d94556860_w08.png,b06cd84d94556860,8,Lab,Corona
train/pd/b06cd84d94556860_w11.png,b06cd84d94556860,11,Lab,Corona
train/pd/b06cd84d94556860_w18.png,b06cd84d94556860,18,Lab,Corona
train/pd/b06cd84d94556860_w19.png,b06cd84d94556860,19,Lab,Corona
train/pd/b06cd84d94556860_w24.png,b06cd84d94556860,24,Lab,Corona
train/pd/b06cd84d94556860_w27.png,b06cd84d94556860,27,Lab,Corona
train/pd/b06e4b3227801cb4_w04.png,b06e4b3227801cb4,4,Lab,Void
train/pd/b06e4b3227801cb4_w10.png,b06e4b3227801cb4,10,Lab,Void
train/pd/b06e4b3227801cb4_w11.png,b06e4b3227801cb4,11,Lab,Void
train/pd/b06e4b3227801cb4_w18.png,b06e4b3227801cb4,18,Lab,Void
train/pd/b06e4b3227801cb4_w21.png,b06e4b3227801cb4,21,Lab,Void
train/pd/b06e4b3227801cb4_w22.png,b06e4b3227801cb4,22,Lab,Void
train/pd/b06e4b3227801cb4_w24.png,b06e4b3227801cb4,24,Lab,Void
train/pd/b06e4b3227801cb4_w27.png,b06e4b3227801cb4,27,Lab,Void
train/pd/b0a9232b6b0a5fab_w06.png,b0a9232b6b0a5fab,6,Lab,Particle
train/pd/b0a9232b6b0a5fab_w11.png,b0a9232b6b0a5fab,11,Lab,Particle
train/pd/b0a9232b6b0a5fab_w12.png,b0a9232b6b0a5fab,12,Lab,Particle
train/pd/b0a9232b6b0a5fab_w13.png,b0a9232b6b0a5fab,13,Lab,Particle
train/pd/b0a9232b6b0a5fab_w17.png,b0a9232b6b0a5fab,17,Lab,Particle
train/pd/b0a9232b6b0a5fab_w19.png,b0a9232b6b0a5fab,19,Lab,Particle
train/pd/b0a9232b6b0a5fab_w22.png,b0a9232b6b0a5fab,22,Lab,Particle
train/pd/b0a9232b6b0a5fab_w26.png,b0a9232b6b0a5fab,26,Lab,Particle
train/pd/b0b63799073e81fa_w06.png,b0b63799073e81fa,6,Lab,Corona
train/pd/b0b63799073e81fa_w11.png,b0b63799073e81fa,11,Lab,Corona
train/pd/b0b63799073e81fa_w13.png,b0b63799073e81fa,13,Lab,Corona
train/pd/b0b63799073e81fa_w14.png,b0b63799073e81fa,14,Lab,Corona
train/pd/b0b63799073e81fa_w16.png,b0b63799073e81fa,16,Lab,Corona
train/pd/b0b63799073e81fa_w21.png,b0b63799073e81fa,21,Lab,Corona
train/pd/b0b63799073e81fa_w23.png,b0b63799073e81fa,23,Lab,Corona
train/pd/b0b63799073e81fa_w25.png,b0b63799073e81fa,25,Lab,Corona
train/pd/b10b00f2d3b19e02_w02.png,b10b00f2d3b19e02,2,Field,Void
train/pd/b10b00f2d3b19e02_w04.png,b10b00f2d3b19e02,4,Field,Void
train/pd/b10b00f2d3b19e02_w05.png,b10b00f2d3b19e02,5,Field,Void
train/pd/b10b00f2d3b19e02_w09.png,b10b00f2d3b19e02,9,Field,Void
train/pd/b10b00f2d3b19e02_w10.png,b10b00f2d3b19e02,10,Field,Void
train/pd/b10b00f2d3b19e02_w13.png,b10b00f2d3b19e02,13,Field,Void
train/pd/b10b00f2d3b19e02_w20.png,b10b00f2d3b19e02,20,Field,Void
train/pd/b10b00f2d3b19e02_w24.png,b10b00f2d3b19e02,24,Field,Void
train/pd/b121402749da6d79_w03.png,b121402749da6d79,3,Lab,Particle
train/pd/b121402749da6d79_w05.png,b121402749da6d79,5,Lab,Particle
train/pd/b121402749da6d79_w06.png,b121402749da6d79,6,Lab,Particle
train/pd/b121402749da6d79_w08.png,b121402749da6d79,8,Lab,Particle
train/pd/b121402749da6d79_w15.png,b121402749da6d79,15,Lab,Particle
train/pd/b121402749da6d79_w17.png,b121402749da6d79,17,Lab,Particle
train/pd/b121402749da6d79_w19.png,b121402749da6d79,19,Lab,Particle
train/pd/b121402749da6d79_w21.png,b121402749da6d79,21,Lab,Particle
train/pd/b15b945762ae2d13_w01.png,b15b945762ae2d13,1,Lab,Particle
train/pd/b15b945762ae2d13_w02.png,b15b945762ae2d13,2,Lab,Particle
train/pd/b15b945762ae2d13_w03.png,b15b945762ae2d13,3,Lab,Particle
train/pd/b15b945762ae2d13_w08.png,b15b945762ae2d13,8,Lab,Particle
train/pd/b15b945762ae2d13_w09.png,b15b945762ae2d13,9,Lab,Particle
train/pd/b15b945762ae2d13_w14.png,b15b945762ae2d13,14,Lab,Particle
train/pd/b15b945762ae2d13_w19.png,b15b945762ae2d13,19,Lab,Particle
train/pd/b15b945762ae2d13_w26.png,b15b945762ae2d13,26,Lab,Particle
train/pd/b166e703567dafdd_w01.png,b166e703567dafdd,1,Lab,Void
train/pd/b166e703567dafdd_w02.png,b166e703567dafdd,2,Lab,Void
train/pd/b166e703567dafdd_w04.png,b166e703567dafdd,4,Lab,Void
train/pd/b166e703567dafdd_w11.png,b166e703567dafdd,11,Lab,Void
train/pd/b166e703567dafdd_w16.png,b166e703567dafdd,16,Lab,Void
train/pd/b166e703567dafdd_w17.png,b166e703567dafdd,17,Lab,Void
train/pd/b166e703567dafdd_w18.png,b166e703567dafdd,18,Lab,Void
train/pd/b166e703567dafdd_w23.png,b166e703567dafdd,23,Lab,Void
train/pd/b19efc20b57aab30_w00.png,b19efc20b57aab30,0,Lab,Void
train/pd/b19efc20b57aab30_w04.png,b19efc20b57aab30,4,Lab,Void
train/pd/b19efc20b57aab30_w05.png,b19efc20b57aab30,5,Lab,Void
train/pd/b19efc20b57aab30_w07.png,b19efc20b57aab30,7,Lab,Void
train/pd/b19efc20b57aab30_w08.png,b19efc20b57aab30,8,Lab,Void
train/pd/b19efc20b57aab30_w11.png,b19efc20b57aab30,11,Lab,Void
train/pd/b19efc20b57aab30_w15.png,b19efc20b57aab30,15,Lab,Void
train/pd/b19efc20b57aab30_w23.png,b19efc20b57aab30,23,Lab,Void
train/pd/b1a712ce8e84f05e_w00.png,b1a712ce8e84f05e,0,Lab,Floating
train/pd/b1a712ce8e84f05e_w01.png,b1a712ce8e84f05e,1,Lab,Floating
train/pd/b1a712ce8e84f05e_w12.png,b1a712ce8e84f05e,12,Lab,Floating
train/pd/b1a712ce8e84f05e_w14.png,b1a712ce8e84f05e,14,Lab,Floating
train/pd/b1a712ce8e84f05e_w15.png,b1a712ce8e84f05e,15,Lab,Floating
train/pd/b1a712ce8e84f05e_w17.png,b1a712ce8e84f05e,17,Lab,Floating
train/pd/b1a712ce8e84f05e_w19.png,b1a712ce8e84f05e,19,Lab,Floating
train/pd/b1a712ce8e84f05e_w23.png,b1a712ce8e84f05e,23,Lab,Floating
train/pd/b1bf04e3b078ec69_w01.png,b1bf04e3b078ec69,1,Lab,Floating
train/pd/b1bf04e3b078ec69_w03.png,b1bf04e3b078ec69,3,Lab,Floating
train/pd/b1bf04e3b078ec69_w09.png,b1bf04e3b078ec69,9,Lab,Floating
train/pd/b1bf04e3b078ec69_w10.png,b1bf04e3b078ec69,10,Lab,Floating
train/pd/b1bf04e3b078ec69_w11.png,b1bf04e3b078ec69,11,Lab,Floating
train/pd/b1bf04e3b078ec69_w19.png,b1bf04e3b078ec69,19,Lab,Floating
train/pd/b1bf04e3b078ec69_w22.png,b1bf04e3b078ec69,22,Lab,Floating
train/pd/b1bf04e3b078ec69_w26.png,b1bf04e3b078ec69,26,Lab,Floating
train/pd/b1dc98722bf081cb_w02.png,b1dc98722bf081cb,2,Lab,Corona
train/pd/b1dc98722bf081cb_w07.png,b1dc98722bf081cb,7,Lab,Corona
train/pd/b1dc98722bf081cb_w09.png,b1dc98722bf081cb,9,Lab,Corona
train/pd/b1dc98722bf081cb_w15.png,b1dc98722bf081cb,15,Lab,Corona
train/pd/b1dc98722bf081cb_w18.png,b1dc98722bf081cb,18,Lab,Corona
train/pd/b1dc98722bf081cb_w22.png,b1dc98722bf081cb,22,Lab,Corona
train/pd/b1dc98722bf081cb_w23.png,b1dc98722bf081cb,23,Lab,Corona
train/pd/b1dc98722bf081cb_w24.png,b1dc98722bf081cb,24,Lab,Corona
train/pd/b2019276f67acf33_w01.png,b2019276f67acf33,1,Lab,Void
train/pd/b2019276f67acf33_w12.png,b2019276f67acf33,12,Lab,Void
train/pd/b2019276f67acf33_w16.png,b2019276f67acf33,16,Lab,Void
train/pd/b2019276f67acf33_w18.png,b2019276f67acf33,18,Lab,Void
train/pd/b2019276f67acf33_w19.png,b2019276f67acf33,19,Lab,Void
train/pd/b2019276f67acf33_w21.png,b2019276f67acf33,21,Lab,Void
train/pd/b2019276f67acf33_w22.png,b2019276f67acf33,22,Lab,Void
train/pd/b2019276f67acf33_w25.png,b2019276f67acf33,25,Lab,Void
train/pd/b20b558563d857e0_w03.png,b20b558563d857e0,3,Lab,Void
train/pd/b20b558563d857e0_w04.png,b20b558563d857e0,4,Lab,Void
train/pd/b20b558563d857e0_w05.png,b20b558563d857e0,5,Lab,Void
train/pd/b20b558563d857e0_w06.png,b20b558563d857e0,6,Lab,Void
train/pd/b20b558563d857e0_w14.png,b20b558563d857e0,14,Lab,Void
train/pd/b20b558563d857e0_w22.png,b20b558563d857e0,22,Lab,Void
train/pd/b20b558563d857e0_w23.png,b20b558563d857e0,23,Lab,Void
train/pd/b20b558563d857e0_w26.png,b20b558563d857e0,26,Lab,Void
train/pd/b2306db668ffabab_w02.png,b2306db668ffabab,2,Lab,Floating
train/pd/b2306db668ffabab_w07.png,b2306db668ffabab,7,Lab,Floating
train/pd/b2306db668ffabab_w08.png,b2306db668ffabab,8,Lab,Floating
train/pd/b2306db668ffabab_w15.png,b2306db668ffabab,15,Lab,Floating
train/pd/b2306db668ffabab_w17.png,b2306db668ffabab,17,Lab,Floating
train/pd/b2306db668ffabab_w23.png,b2306db668ffabab,23,Lab,Floating
train/pd/b2306db668ffabab_w24.png,b2306db668ffabab,24,Lab,Floating
train/pd/b2306db668ffabab_w26.png,b2306db668ffabab,26,Lab,Floating
train/pd/b266aefd7df883ca_w00.png,b266aefd7df883ca,0,Lab,Void
train/pd/b266aefd7df883ca_w02.png,b266aefd7df883ca,2,Lab,Void
train/pd/b266aefd7df883ca_w12.png,b266aefd7df883ca,12,Lab,Void
train/pd/b266aefd7df883ca_w14.png,b266aefd7df883ca,14,Lab,Void
train/pd/b266aefd7df883ca_w16.png,b266aefd7df883ca,16,Lab,Void
train/pd/b266aefd7df883ca_w18.png,b266aefd7df883ca,18,Lab,Void
train/pd/b266aefd7df883ca_w21.png,b266aefd7df883ca,21,Lab,Void
train/pd/b266aefd7df883ca_w22.png,b266aefd7df883ca,22,Lab,Void
train/pd/b27535762ad2f100_w02.png,b27535762ad2f100,2,Lab,Floating
train/pd/b27535762ad2f100_w04.png,b27535762ad2f100,4,Lab,Floating
train/pd/b27535762ad2f100_w05.png,b27535762ad2f100,5,Lab,Floating
train/pd/b27535762ad2f100_w06.png,b27535762ad2f100,6,Lab,Floating
train/pd/b27535762ad2f100_w14.png,b27535762ad2f100,14,Lab,Floating
train/pd/b27535762ad2f100_w15.png,b27535762ad2f100,15,Lab,Floating
train/pd/b27535762ad2f100_w20.png,b27535762ad2f100,20,Lab,Floating
train/pd/b27535762ad2f100_w23.png,b27535762ad2f100,23,Lab,Floating
train/pd/b278842892f6b7d0_w06.png,b278842892f6b7d0,6,Lab,Void
train/pd/b278842892f6b7d0_w09.png,b278842892f6b7d0,9,Lab,Void
train/pd/b278842892f6b7d0_w10.png,b278842892f6b7d0,10,Lab,Void
train/pd/b278842892f6b7d0_w15.png,b278842892f6b7d0,15,Lab,Void
train/pd/b278842892f6b7d0_w16.png,b278842892f6b7d0,16,Lab,Void
train/pd/b278842892f6b7d0_w20.png,b278842892f6b7d0,20,Lab,Void
train/pd/b278842892f6b7d0_w21.png,b278842892f6b7d0,21,Lab,Void
train/pd/b278842892f6b7d0_w25.png,b278842892f6b7d0,25,Lab,Void
train/pd/b28bd7d1c0c436c2_w00.png,b28bd7d1c0c436c2,0,Lab,Void
train/pd/b28bd7d1c0c436c2_w04.png,b28bd7d1c0c436c2,4,Lab,Void
train/pd/b28bd7d1c0c436c2_w10.png,b28bd7d1c0c436c2,10,Lab,Void
train/pd/b28bd7d1c0c436c2_w12.png,b28bd7d1c0c436c2,12,Lab,Void
train/pd/b28bd7d1c0c436c2_w13.png,b28bd7d1c0c436c2,13,Lab,Void
train/pd/b28bd7d1c0c436c2_w16.png,b28bd7d1c0c436c2,16,Lab,Void
train/pd/b28bd7d1c0c436c2_w19.png,b28bd7d1c0c436c2,19,Lab,Void
train/pd/b28bd7d1c0c436c2_w21.png,b28bd7d1c0c436c2,21,Lab,Void
train/pd/b2a9ddde193c5771_w05.png,b2a9ddde193c5771,5,Lab,Void
train/pd/b2a9ddde193c5771_w07.png,b2a9ddde193c5771,7,Lab,Void
train/pd/b2a9ddde193c5771_w10.png,b2a9ddde193c5771,10,Lab,Void
train/pd/b2a9ddde193c5771_w13.png,b2a9ddde193c5771,13,Lab,Void
train/pd/b2a9ddde193c5771_w18.png,b2a9ddde193c5771,18,Lab,Void
train/pd/b2a9ddde193c5771_w19.png,b2a9ddde193c5771,19,Lab,Void
train/pd/b2a9ddde193c5771_w25.png,b2a9ddde193c5771,25,Lab,Void
train/pd/b2a9ddde193c5771_w26.png,b2a9ddde193c5771,26,Lab,Void
train/pd/b2e2c56325ffdec4_w00.png,b2e2c56325ffdec4,0,Lab,Particle
train/pd/b2e2c56325ffdec4_w07.png,b2e2c56325ffdec4,7,Lab,Particle
train/pd/b2e2c56325ffdec4_w11.png,b2e2c56325ffdec4,11,Lab,Particle
train/pd/b2e2c56325ffdec4_w18.png,b2e2c56325ffdec4,18,Lab,Particle
train/pd/b2e2c56325ffdec4_w19.png,b2e2c56325ffdec4,19,Lab,Particle
train/pd/b2e2c56325ffdec4_w20.png,b2e2c56325ffdec4,20,Lab,Particle
train/pd/b2e2c56325ffdec4_w23.png,b2e2c56325ffdec4,23,Lab,Particle
train/pd/b2e2c56325ffdec4_w26.png,b2e2c56325ffdec4,26,Lab,Particle
train/pd/b2ee2815b3dd2863_w00.png,b2ee2815b3dd2863,0,Lab,Particle
train/pd/b2ee2815b3dd2863_w03.png,b2ee2815b3dd2863,3,Lab,Particle
train/pd/b2ee2815b3dd2863_w04.png,b2ee2815b3dd2863,4,Lab,Particle
train/pd/b2ee2815b3dd2863_w07.png,b2ee2815b3dd2863,7,Lab,Particle
train/pd/b2ee2815b3dd2863_w13.png,b2ee2815b3dd2863,13,Lab,Particle
train/pd/b2ee2815b3dd2863_w17.png,b2ee2815b3dd2863,17,Lab,Particle
train/pd/b2ee2815b3dd2863_w26.png,b2ee2815b3dd2863,26,Lab,Particle
train/pd/b2ee2815b3dd2863_w27.png,b2ee2815b3dd2863,27,Lab,Particle
train/pd/b38edae1c74ebda3_w01.png,b38edae1c74ebda3,1,Lab,Void
train/pd/b38edae1c74ebda3_w06.png,b38edae1c74ebda3,6,Lab,Void
train/pd/b38edae1c74ebda3_w09.png,b38edae1c74ebda3,9,Lab,Void
train/pd/b38edae1c74ebda3_w18.png,b38edae1c74ebda3,18,Lab,Void
train/pd/b38edae1c74ebda3_w19.png,b38edae1c74ebda3,19,Lab,Void
train/pd/b38edae1c74ebda3_w21.png,b38edae1c74ebda3,21,Lab,Void
train/pd/b38edae1c74ebda3_w24.png,b38edae1c74ebda3,24,Lab,Void
train/pd/b38edae1c74ebda3_w26.png,b38edae1c74ebda3,26,Lab,Void
train/pd/b429134940c18933_w01.png,b429134940c18933,1,Lab,Particle
train/pd/b429134940c18933_w02.png,b429134940c18933,2,Lab,Particle
train/pd/b429134940c18933_w04.png,b429134940c18933,4,Lab,Particle
train/pd/b429134940c18933_w09.png,b429134940c18933,9,Lab,Particle
train/pd/b429134940c18933_w13.png,b429134940c18933,13,Lab,Particle
train/pd/b429134940c18933_w14.png,b429134940c18933,14,Lab,Particle
train/pd/b429134940c18933_w15.png,b429134940c18933,15,Lab,Particle
train/pd/b429134940c18933_w19.png,b429134940c18933,19,Lab,Particle
train/pd/b42b51037c7a8dfa_w03.png,b42b51037c7a8dfa,3,Lab,Void
train/pd/b42b51037c7a8dfa_w04.png,b42b51037c7a8dfa,4,Lab,Void
train/pd/b42b51037c7a8dfa_w07.png,b42b51037c7a8dfa,7,Lab,Void
train/pd/b42b51037c7a8dfa_w09.png,b42b51037c7a8dfa,9,Lab,Void
train/pd/b42b51037c7a8dfa_w19.png,b42b51037c7a8dfa,19,Lab,Void
train/pd/b42b51037c7a8dfa_w21.png,b42b51037c7a8dfa,21,Lab,Void
train/pd/b42b51037c7a8dfa_w24.png,b42b51037c7a8dfa,24,Lab,Void
train/pd/b42b51037c7a8dfa_w26.png,b42b51037c7a8dfa,26,Lab,Void
train/pd/b43e14a725107614_w00.png,b43e14a725107614,0,Lab,Void
train/pd/b43e14a725107614_w04.png,b43e14a725107614,4,Lab,Void
train/pd/b43e14a725107614_w09.png,b43e14a725107614,9,Lab,Void
train/pd/b43e14a725107614_w10.png,b43e14a725107614,10,Lab,Void
train/pd/b43e14a725107614_w19.png,b43e14a725107614,19,Lab,Void
train/pd/b43e14a725107614_w23.png,b43e14a725107614,23,Lab,Void
train/pd/b43e14a725107614_w24.png,b43e14a725107614,24,Lab,Void
train/pd/b43e14a725107614_w25.png,b43e14a725107614,25,Lab,Void
train/pd/b4a1127937a75ed9_w00.png,b4a1127937a75ed9,0,Lab,Particle
train/pd/b4a1127937a75ed9_w11.png,b4a1127937a75ed9,11,Lab,Particle
train/pd/b4a1127937a75ed9_w12.png,b4a1127937a75ed9,12,Lab,Particle
train/pd/b4a1127937a75ed9_w18.png,b4a1127937a75ed9,18,Lab,Particle
train/pd/b4a1127937a75ed9_w20.png,b4a1127937a75ed9,20,Lab,Particle
train/pd/b4a1127937a75ed9_w24.png,b4a1127937a75ed9,24,Lab,Particle
train/pd/b4a1127937a75ed9_w25.png,b4a1127937a75ed9,25,Lab,Particle
train/pd/b4a1127937a75ed9_w26.png,b4a1127937a75ed9,26,Lab,Particle
train/pd/b4d6998fe655c6a6_w01.png,b4d6998fe655c6a6,1,Lab,Corona
train/pd/b4d6998fe655c6a6_w02.png,b4d6998fe655c6a6,2,Lab,Corona
train/pd/b4d6998fe655c6a6_w10.png,b4d6998fe655c6a6,10,Lab,Corona
train/pd/b4d6998fe655c6a6_w12.png,b4d6998fe655c6a6,12,Lab,Corona
train/pd/b4d6998fe655c6a6_w17.png,b4d6998fe655c6a6,17,Lab,Corona
train/pd/b4d6998fe655c6a6_w18.png,b4d6998fe655c6a6,18,Lab,Corona
train/pd/b4d6998fe655c6a6_w21.png,b4d6998fe655c6a6,21,Lab,Corona
train/pd/b4d6998fe655c6a6_w27.png,b4d6998fe655c6a6,27,Lab,Corona
train/pd/b523f3e72106d2b5_w00.png,b523f3e72106d2b5,0,Lab,Floating
train/pd/b523f3e72106d2b5_w02.png,b523f3e72106d2b5,2,Lab,Floating
train/pd/b523f3e72106d2b5_w03.png,b523f3e72106d2b5,3,Lab,Floating
train/pd/b523f3e72106d2b5_w11.png,b523f3e72106d2b5,11,Lab,Floating
train/pd/b523f3e72106d2b5_w13.png,b523f3e72106d2b5,13,Lab,Floating
train/pd/b523f3e72106d2b5_w15.png,b523f3e72106d2b5,15,Lab,Floating
train/pd/b523f3e72106d2b5_w18.png,b523f3e72106d2b5,18,Lab,Floating
train/pd/b523f3e72106d2b5_w22.png,b523f3e72106d2b5,22,Lab,Floating
train/pd/b535234284762836_w05.png,b535234284762836,5,Lab,Floating
train/pd/b535234284762836_w11.png,b535234284762836,11,Lab,Floating
train/pd/b535234284762836_w12.png,b535234284762836,12,Lab,Floating
train/pd/b535234284762836_w13.png,b535234284762836,13,Lab,Floating
train/pd/b535234284762836_w20.png,b535234284762836,20,Lab,Floating
train/pd/b535234284762836_w23.png,b535234284762836,23,Lab,Floating
train/pd/b535234284762836_w25.png,b535234284762836,25,Lab,Floating
train/pd/b535234284762836_w27.png,b535234284762836,27,Lab,Floating
train/pd/b559ac7bc6d5635f_w00.png,b559ac7bc6d5635f,0,Lab,Floating
train/pd/b559ac7bc6d5635f_w07.png,b559ac7bc6d5635f,7,Lab,Floating
train/pd/b559ac7bc6d5635f_w09.png,b559ac7bc6d5635f,9,Lab,Floating
train/pd/b559ac7bc6d5635f_w11.png,b559ac7bc6d5635f,11,Lab,Floating
train/pd/b559ac7bc6d5635f_w13.png,b559ac7bc6d5635f,13,Lab,Floating
train/pd/b559ac7bc6d5635f_w16.png,b559ac7bc6d5635f,16,Lab,Floating
train/pd/b559ac7bc6d5635f_w17.png,b559ac7bc6d5635f,17,Lab,Floating
train/pd/b559ac7bc6d5635f_w23.png,b559ac7bc6d5635f,23,Lab,Floating
train/pd/b55ae927bb743900_w08.png,b55ae927bb743900,8,Lab,Floating
train/pd/b55ae927bb743900_w09.png,b55ae927bb743900,9,Lab,Floating
train/pd/b55ae927bb743900_w11.png,b55ae927bb743900,11,Lab,Floating
train/pd/b55ae927bb743900_w12.png,b55ae927bb743900,12,Lab,Floating
train/pd/b55ae927bb743900_w13.png,b55ae927bb743900,13,Lab,Floating
train/pd/b55ae927bb743900_w16.png,b55ae927bb743900,16,Lab,Floating
train/pd/b55ae927bb743900_w24.png,b55ae927bb743900,24,Lab,Floating
train/pd/b55ae927bb743900_w25.png,b55ae927bb743900,25,Lab,Floating
train/pd/b564ffb870ec67c7_w05.png,b564ffb870ec67c7,5,Lab,Void
train/pd/b564ffb870ec67c7_w06.png,b564ffb870ec67c7,6,Lab,Void
train/pd/b564ffb870ec67c7_w10.png,b564ffb870ec67c7,10,Lab,Void
train/pd/b564ffb870ec67c7_w12.png,b564ffb870ec67c7,12,Lab,Void
train/pd/b564ffb870ec67c7_w15.png,b564ffb870ec67c7,15,Lab,Void
train/pd/b564ffb870ec67c7_w16.png,b564ffb870ec67c7,16,Lab,Void
train/pd/b564ffb870ec67c7_w25.png,b564ffb870ec67c7,25,Lab,Void
train/pd/b564ffb870ec67c7_w26.png,b564ffb870ec67c7,26,Lab,Void
train/pd/b5f7234184dc7462_w05.png,b5f7234184dc7462,5,Lab,Void
train/pd/b5f7234184dc7462_w06.png,b5f7234184dc7462,6,Lab,Void
train/pd/b5f7234184dc7462_w07.png,b5f7234184dc7462,7,Lab,Void
train/pd/b5f7234184dc7462_w11.png,b5f7234184dc7462,11,Lab,Void
train/pd/b5f7234184dc7462_w14.png,b5f7234184dc7462,14,Lab,Void
train/pd/b5f7234184dc7462_w15.png,b5f7234184dc7462,15,Lab,Void
train/pd/b5f7234184dc7462_w21.png,b5f7234184dc7462,21,Lab,Void
train/pd/b5f7234184dc7462_w25.png,b5f7234184dc7462,25,Lab,Void
train/pd/b5f943034e73376a_w01.png,b5f943034e73376a,1,Field,Corona
train/pd/b5f943034e73376a_w03.png,b5f943034e73376a,3,Field,Corona
train/pd/b5f943034e73376a_w05.png,b5f943034e73376a,5,Field,Corona
train/pd/b5f943034e73376a_w09.png,b5f943034e73376a,9,Field,Corona
train/pd/b5f943034e73376a_w10.png,b5f943034e73376a,10,Field,Corona
train/pd/b5f943034e73376a_w13.png,b5f943034e73376a,13,Field,Corona
train/pd/b5f943034e73376a_w18.png,b5f943034e73376a,18,Field,Corona
train/pd/b5f943034e73376a_w22.png,b5f943034e73376a,22,Field,Corona
train/pd/b674efbfbefedce3_w00.png,b674efbfbefedce3,0,Lab,Corona
train/pd/b674efbfbefedce3_w03.png,b674efbfbefedce3,3,Lab,Corona
train/pd/b674efbfbefedce3_w06.png,b674efbfbefedce3,6,Lab,Corona
train/pd/b674efbfbefedce3_w07.png,b674efbfbefedce3,7,Lab,Corona
train/pd/b674efbfbefedce3_w09.png,b674efbfbefedce3,9,Lab,Corona
train/pd/b674efbfbefedce3_w10.png,b674efbfbefedce3,10,Lab,Corona
train/pd/b674efbfbefedce3_w15.png,b674efbfbefedce3,15,Lab,Corona
train/pd/b674efbfbefedce3_w24.png,b674efbfbefedce3,24,Lab,Corona
train/pd/b6bafb51ec289087_w01.png,b6bafb51ec289087,1,Field,Corona
train/pd/b6bafb51ec289087_w05.png,b6bafb51ec289087,5,Field,Corona
train/pd/b6bafb51ec289087_w07.png,b6bafb51ec289087,7,Field,Corona
train/pd/b6bafb51ec289087_w11.png,b6bafb51ec289087,11,Field,Corona
train/pd/b6bafb51ec289087_w19.png,b6bafb51ec289087,19,Field,Corona
train/pd/b6bafb51ec289087_w21.png,b6bafb51ec289087,21,Field,Corona
train/pd/b6bafb51ec289087_w26.png,b6bafb51ec289087,26,Field,Corona
train/pd/b6bafb51ec289087_w27.png,b6bafb51ec289087,27,Field,Corona
train/pd/b6c5d2bdcccd2c8b_w10.png,b6c5d2bdcccd2c8b,10,Lab,Corona
train/pd/b6c5d2bdcccd2c8b_w11.png,b6c5d2bdcccd2c8b,11,Lab,Corona
train/pd/b6c5d2bdcccd2c8b_w12.png,b6c5d2bdcccd2c8b,12,Lab,Corona
train/pd/b6c5d2bdcccd2c8b_w13.png,b6c5d2bdcccd2c8b,13,Lab,Corona
train/pd/b6c5d2bdcccd2c8b_w17.png,b6c5d2bdcccd2c8b,17,Lab,Corona
train/pd/b6c5d2bdcccd2c8b_w18.png,b6c5d2bdcccd2c8b,18,Lab,Corona
train/pd/b6c5d2bdcccd2c8b_w24.png,b6c5d2bdcccd2c8b,24,Lab,Corona
train/pd/b6c5d2bdcccd2c8b_w25.png,b6c5d2bdcccd2c8b,25,Lab,Corona
train/pd/b6e4084f405d9798_w00.png,b6e4084f405d9798,0,Field,Corona
train/pd/b6e4084f405d9798_w01.png,b6e4084f405d9798,1,Field,Corona
train/pd/b6e4084f405d9798_w05.png,b6e4084f405d9798,5,Field,Corona
train/pd/b6e4084f405d9798_w07.png,b6e4084f405d9798,7,Field,Corona
train/pd/b6e4084f405d9798_w11.png,b6e4084f405d9798,11,Field,Corona
train/pd/b6e4084f405d9798_w12.png,b6e4084f405d9798,12,Field,Corona
train/pd/b6e4084f405d9798_w20.png,b6e4084f405d9798,20,Field,Corona
train/pd/b6e4084f405d9798_w22.png,b6e4084f405d9798,22,Field,Corona
train/pd/b6f5511f908c1ae7_w00.png,b6f5511f908c1ae7,0,Lab,Void
train/pd/b6f5511f908c1ae7_w04.png,b6f5511f908c1ae7,4,Lab,Void
train/pd/b6f5511f908c1ae7_w13.png,b6f5511f908c1ae7,13,Lab,Void
train/pd/b6f5511f908c1ae7_w16.png,b6f5511f908c1ae7,16,Lab,Void
train/pd/b6f5511f908c1ae7_w20.png,b6f5511f908c1ae7,20,Lab,Void
train/pd/b6f5511f908c1ae7_w21.png,b6f5511f908c1ae7,21,Lab,Void
train/pd/b6f5511f908c1ae7_w24.png,b6f5511f908c1ae7,24,Lab,Void
train/pd/b6f5511f908c1ae7_w26.png,b6f5511f908c1ae7,26,Lab,Void
train/pd/b70730a8909f68f7_w00.png,b70730a8909f68f7,0,Lab,Particle
train/pd/b70730a8909f68f7_w04.png,b70730a8909f68f7,4,Lab,Particle
train/pd/b70730a8909f68f7_w09.png,b70730a8909f68f7,9,Lab,Particle
train/pd/b70730a8909f68f7_w10.png,b70730a8909f68f7,10,Lab,Particle
train/pd/b70730a8909f68f7_w12.png,b70730a8909f68f7,12,Lab,Particle
train/pd/b70730a8909f68f7_w16.png,b70730a8909f68f7,16,Lab,Particle
train/pd/b70730a8909f68f7_w19.png,b70730a8909f68f7,19,Lab,Particle
train/pd/b70730a8909f68f7_w23.png,b70730a8909f68f7,23,Lab,Particle
train/pd/b71222d1ec677516_w01.png,b71222d1ec677516,1,Field,Floating
train/pd/b71222d1ec677516_w06.png,b71222d1ec677516,6,Field,Floating
train/pd/b71222d1ec677516_w13.png,b71222d1ec677516,13,Field,Floating
train/pd/b71222d1ec677516_w15.png,b71222d1ec677516,15,Field,Floating
train/pd/b71222d1ec677516_w18.png,b71222d1ec677516,18,Field,Floating
train/pd/b71222d1ec677516_w24.png,b71222d1ec677516,24,Field,Floating
train/pd/b71222d1ec677516_w25.png,b71222d1ec677516,25,Field,Floating
train/pd/b71222d1ec677516_w26.png,b71222d1ec677516,26,Field,Floating
train/pd/b7158b94d1410bd6_w00.png,b7158b94d1410bd6,0,Lab,Corona
train/pd/b7158b94d1410bd6_w08.png,b7158b94d1410bd6,8,Lab,Corona
train/pd/b7158b94d1410bd6_w12.png,b7158b94d1410bd6,12,Lab,Corona
train/pd/b7158b94d1410bd6_w15.png,b7158b94d1410bd6,15,Lab,Corona
train/pd/b7158b94d1410bd6_w17.png,b7158b94d1410bd6,17,Lab,Corona
train/pd/b7158b94d1410bd6_w23.png,b7158b94d1410bd6,23,Lab,Corona
train/pd/b7158b94d1410bd6_w25.png,b7158b94d1410bd6,25,Lab,Corona
train/pd/b7158b94d1410bd6_w27.png,b7158b94d1410bd6,27,Lab,Corona
train/pd/b742d3b3cc37a3c9_w01.png,b742d3b3cc37a3c9,1,Field,Void
train/pd/b742d3b3cc37a3c9_w05.png,b742d3b3cc37a3c9,5,Field,Void
train/pd/b742d3b3cc37a3c9_w08.png,b742d3b3cc37a3c9,8,Field,Void
train/pd/b742d3b3cc37a3c9_w13.png,b742d3b3cc37a3c9,13,Field,Void
train/pd/b742d3b3cc37a3c9_w14.png,b742d3b3cc37a3c9,14,Field,Void
train/pd/b742d3b3cc37a3c9_w16.png,b742d3b3cc37a3c9,16,Field,Void
train/pd/b742d3b3cc37a3c9_w21.png,b742d3b3cc37a3c9,21,Field,Void
train/pd/b742d3b3cc37a3c9_w22.png,b742d3b3cc37a3c9,22,Field,Void
train/pd/b74fae713e814876_w09.png,b74fae713e814876,9,Lab,Void
train/pd/b74fae713e814876_w11.png,b74fae713e814876,11,Lab,Void
train/pd/b74fae713e814876_w15.png,b74fae713e814876,15,Lab,Void
train/pd/b74fae713e814876_w19.png,b74fae713e814876,19,Lab,Void
train/pd/b74fae713e814876_w20.png,b74fae713e814876,20,Lab,Void
train/pd/b74fae713e814876_w23.png,b74fae713e814876,23,Lab,Void
train/pd/b74fae713e814876_w24.png,b74fae713e814876,24,Lab,Void
train/pd/b74fae713e814876_w27.png,b74fae713e814876,27,Lab,Void
train/pd/b751695d4096dadb_w00.png,b751695d4096dadb,0,Lab,Corona
train/pd/b751695d4096dadb_w01.png,b751695d4096dadb,1,Lab,Corona
train/pd/b751695d4096dadb_w05.png,b751695d4096dadb,5,Lab,Corona
train/pd/b751695d4096dadb_w07.png,b751695d4096dadb,7,Lab,Corona
train/pd/b751695d4096dadb_w16.png,b751695d4096dadb,16,Lab,Corona
train/pd/b751695d4096dadb_w17.png,b751695d4096dadb,17,Lab,Corona
train/pd/b751695d4096dadb_w18.png,b751695d4096dadb,18,Lab,Corona
train/pd/b751695d4096dadb_w25.png,b751695d4096dadb,25,Lab,Corona
train/pd/b76f3dcf6aee47a3_w00.png,b76f3dcf6aee47a3,0,Field,Void
train/pd/b76f3dcf6aee47a3_w02.png,b76f3dcf6aee47a3,2,Field,Void
train/pd/b76f3dcf6aee47a3_w04.png,b76f3dcf6aee47a3,4,Field,Void
train/pd/b76f3dcf6aee47a3_w09.png,b76f3dcf6aee47a3,9,Field,Void
train/pd/b76f3dcf6aee47a3_w13.png,b76f3dcf6aee47a3,13,Field,Void
train/pd/b76f3dcf6aee47a3_w22.png,b76f3dcf6aee47a3,22,Field,Void
train/pd/b76f3dcf6aee47a3_w23.png,b76f3dcf6aee47a3,23,Field,Void
train/pd/b76f3dcf6aee47a3_w27.png,b76f3dcf6aee47a3,27,Field,Void
train/pd/b79512565d5a53e1_w04.png,b79512565d5a53e1,4,Lab,Floating
train/pd/b79512565d5a53e1_w07.png,b79512565d5a53e1,7,Lab,Floating
train/pd/b79512565d5a53e1_w14.png,b79512565d5a53e1,14,Lab,Floating
train/pd/b79512565d5a53e1_w15.png,b79512565d5a53e1,15,Lab,Floating
train/pd/b79512565d5a53e1_w17.png,b79512565d5a53e1,17,Lab,Floating
train/pd/b79512565d5a53e1_w18.png,b79512565d5a53e1,18,Lab,Floating
train/pd/b79512565d5a53e1_w23.png,b79512565d5a53e1,23,Lab,Floating
train/pd/b79512565d5a53e1_w27.png,b79512565d5a53e1,27,Lab,Floating
train/pd/b80f118ac009cc13_w01.png,b80f118ac009cc13,1,Lab,Floating
train/pd/b80f118ac009cc13_w02.png,b80f118ac009cc13,2,Lab,Floating
train/pd/b80f118ac009cc13_w13.png,b80f118ac009cc13,13,Lab,Floating
train/pd/b80f118ac009cc13_w14.png,b80f118ac009cc13,14,Lab,Floating
train/pd/b80f118ac009cc13_w15.png,b80f118ac009cc13,15,Lab,Floating
train/pd/b80f118ac009cc13_w16.png,b80f118ac009cc13,16,Lab,Floating
train/pd/b80f118ac009cc13_w17.png,b80f118ac009cc13,17,Lab,Floating
train/pd/b80f118ac009cc13_w23.png,b80f118ac009cc13,23,Lab,Floating
train/pd/b81098b894950363_w00.png,b81098b894950363,0,Lab,Void
train/pd/b81098b894950363_w10.png,b81098b894950363,10,Lab,Void
train/pd/b81098b894950363_w11.png,b81098b894950363,11,Lab,Void
train/pd/b81098b894950363_w12.png,b81098b894950363,12,Lab,Void
train/pd/b81098b894950363_w16.png,b81098b894950363,16,Lab,Void
train/pd/b81098b894950363_w18.png,b81098b894950363,18,Lab,Void
train/pd/b81098b894950363_w22.png,b81098b894950363,22,Lab,Void
train/pd/b81098b894950363_w24.png,b81098b894950363,24,Lab,Void
train/pd/b8124ff9f25e5431_w00.png,b8124ff9f25e5431,0,Lab,Particle
train/pd/b8124ff9f25e5431_w01.png,b8124ff9f25e5431,1,Lab,Particle
train/pd/b8124ff9f25e5431_w03.png,b8124ff9f25e5431,3,Lab,Particle
train/pd/b8124ff9f25e5431_w07.png,b8124ff9f25e5431,7,Lab,Particle
train/pd/b8124ff9f25e5431_w20.png,b8124ff9f25e5431,20,Lab,Particle
train/pd/b8124ff9f25e5431_w21.png,b8124ff9f25e5431,21,Lab,Particle
train/pd/b8124ff9f25e5431_w25.png,b8124ff9f25e5431,25,Lab,Particle
train/pd/b8124ff9f25e5431_w26.png,b8124ff9f25e5431,26,Lab,Particle
train/pd/b84ab7f77a3c7bb6_w03.png,b84ab7f77a3c7bb6,3,Lab,Particle
train/pd/b84ab7f77a3c7bb6_w09.png,b84ab7f77a3c7bb6,9,Lab,Particle
train/pd/b84ab7f77a3c7bb6_w11.png,b84ab7f77a3c7bb6,11,Lab,Particle
train/pd/b84ab7f77a3c7bb6_w14.png,b84ab7f77a3c7bb6,14,Lab,Particle
train/pd/b84ab7f77a3c7bb6_w16.png,b84ab7f77a3c7bb6,16,Lab,Particle
train/pd/b84ab7f77a3c7bb6_w19.png,b84ab7f77a3c7bb6,19,Lab,Particle
train/pd/b84ab7f77a3c7bb6_w22.png,b84ab7f77a3c7bb6,22,Lab,Particle
train/pd/b84ab7f77a3c7bb6_w23.png,b84ab7f77a3c7bb6,23,Lab,Particle
train/pd/b861eb9336941e8f_w03.png,b861eb9336941e8f,3,Field,Void
train/pd/b861eb9336941e8f_w08.png,b861eb9336941e8f,8,Field,Void
train/pd/b861eb9336941e8f_w10.png,b861eb9336941e8f,10,Field,Void
train/pd/b861eb9336941e8f_w11.png,b861eb9336941e8f,11,Field,Void
train/pd/b861eb9336941e8f_w18.png,b861eb9336941e8f,18,Field,Void
train/pd/b861eb9336941e8f_w23.png,b861eb9336941e8f,23,Field,Void
train/pd/b861eb9336941e8f_w24.png,b861eb9336941e8f,24,Field,Void
train/pd/b861eb9336941e8f_w26.png,b861eb9336941e8f,26,Field,Void
train/pd/b87363bceaecad4f_w00.png,b87363bceaecad4f,0,Field,Void
train/pd/b87363bceaecad4f_w03.png,b87363bceaecad4f,3,Field,Void
train/pd/b87363bceaecad4f_w07.png,b87363bceaecad4f,7,Field,Void
train/pd/b87363bceaecad4f_w09.png,b87363bceaecad4f,9,Field,Void
train/pd/b87363bceaecad4f_w15.png,b87363bceaecad4f,15,Field,Void
train/pd/b87363bceaecad4f_w16.png,b87363bceaecad4f,16,Field,Void
train/pd/b87363bceaecad4f_w20.png,b87363bceaecad4f,20,Field,Void
train/pd/b87363bceaecad4f_w27.png,b87363bceaecad4f,27,Field,Void
train/pd/b8bc917d278962ab_w01.png,b8bc917d278962ab,1,Lab,Void
train/pd/b8bc917d278962ab_w06.png,b8bc917d278962ab,6,Lab,Void
train/pd/b8bc917d278962ab_w12.png,b8bc917d278962ab,12,Lab,Void
train/pd/b8bc917d278962ab_w13.png,b8bc917d278962ab,13,Lab,Void
train/pd/b8bc917d278962ab_w15.png,b8bc917d278962ab,15,Lab,Void
train/pd/b8bc917d278962ab_w16.png,b8bc917d278962ab,16,Lab,Void
train/pd/b8bc917d278962ab_w19.png,b8bc917d278962ab,19,Lab,Void
train/pd/b8bc917d278962ab_w27.png,b8bc917d278962ab,27,Lab,Void
train/pd/b8c869c859041718_w00.png,b8c869c859041718,0,Field,Floating
train/pd/b8c869c859041718_w03.png,b8c869c859041718,3,Field,Floating
train/pd/b8c869c859041718_w05.png,b8c869c859041718,5,Field,Floating
train/pd/b8c869c859041718_w08.png,b8c869c859041718,8,Field,Floating
train/pd/b8c869c859041718_w11.png,b8c869c859041718,11,Field,Floating
train/pd/b8c869c859041718_w13.png,b8c869c859041718,13,Field,Floating
train/pd/b8c869c859041718_w25.png,b8c869c859041718,25,Field,Floating
train/pd/b8c869c859041718_w26.png,b8c869c859041718,26,Field,Floating
train/pd/b910d45c1a427647_w00.png,b910d45c1a427647,0,Lab,Void
train/pd/b910d45c1a427647_w06.png,b910d45c1a427647,6,Lab,Void
train/pd/b910d45c1a427647_w12.png,b910d45c1a427647,12,Lab,Void
train/pd/b910d45c1a427647_w14.png,b910d45c1a427647,14,Lab,Void
train/pd/b910d45c1a427647_w16.png,b910d45c1a427647,16,Lab,Void
train/pd/b910d45c1a427647_w17.png,b910d45c1a427647,17,Lab,Void
train/pd/b910d45c1a427647_w18.png,b910d45c1a427647,18,Lab,Void
train/pd/b910d45c1a427647_w19.png,b910d45c1a427647,19,Lab,Void
train/pd/b92cb5c880820ef8_w00.png,b92cb5c880820ef8,0,Lab,Corona
train/pd/b92cb5c880820ef8_w01.png,b92cb5c880820ef8,1,Lab,Corona
train/pd/b92cb5c880820ef8_w02.png,b92cb5c880820ef8,2,Lab,Corona
train/pd/b92cb5c880820ef8_w15.png,b92cb5c880820ef8,15,Lab,Corona
train/pd/b92cb5c880820ef8_w18.png,b92cb5c880820ef8,18,Lab,Corona
train/pd/b92cb5c880820ef8_w20.png,b92cb5c880820ef8,20,Lab,Corona
train/pd/b92cb5c880820ef8_w23.png,b92cb5c880820ef8,23,Lab,Corona
train/pd/b92cb5c880820ef8_w24.png,b92cb5c880820ef8,24,Lab,Corona
train/pd/b96361c638eb058f_w00.png,b96361c638eb058f,0,Lab,Particle
train/pd/b96361c638eb058f_w01.png,b96361c638eb058f,1,Lab,Particle
train/pd/b96361c638eb058f_w03.png,b96361c638eb058f,3,Lab,Particle
train/pd/b96361c638eb058f_w05.png,b96361c638eb058f,5,Lab,Particle
train/pd/b96361c638eb058f_w07.png,b96361c638eb058f,7,Lab,Particle
train/pd/b96361c638eb058f_w10.png,b96361c638eb058f,10,Lab,Particle
train/pd/b96361c638eb058f_w19.png,b96361c638eb058f,19,Lab,Particle
train/pd/b96361c638eb058f_w26.png,b96361c638eb058f,26,Lab,Particle
train/pd/b97d7933e64d7d62_w04.png,b97d7933e64d7d62,4,Lab,Void
train/pd/b97d7933e64d7d62_w07.png,b97d7933e64d7d62,7,Lab,Void
train/pd/b97d7933e64d7d62_w08.png,b97d7933e64d7d62,8,Lab,Void
train/pd/b97d7933e64d7d62_w19.png,b97d7933e64d7d62,19,Lab,Void
train/pd/b97d7933e64d7d62_w21.png,b97d7933e64d7d62,21,Lab,Void
train/pd/b97d7933e64d7d62_w24.png,b97d7933e64d7d62,24,Lab,Void
train/pd/b97d7933e64d7d62_w25.png,b97d7933e64d7d62,25,Lab,Void
train/pd/b97d7933e64d7d62_w27.png,b97d7933e64d7d62,27,Lab,Void
train/pd/b9a72841b377255c_w01.png,b9a72841b377255c,1,Lab,Particle
train/pd/b9a72841b377255c_w02.png,b9a72841b377255c,2,Lab,Particle
train/pd/b9a72841b377255c_w04.png,b9a72841b377255c,4,Lab,Particle
train/pd/b9a72841b377255c_w13.png,b9a72841b377255c,13,Lab,Particle
train/pd/b9a72841b377255c_w14.png,b9a72841b377255c,14,Lab,Particle
train/pd/b9a72841b377255c_w16.png,b9a72841b377255c,16,Lab,Particle
train/pd/b9a72841b377255c_w19.png,b9a72841b377255c,19,Lab,Particle
train/pd/b9a72841b377255c_w21.png,b9a72841b377255c,21,Lab,Particle
train/pd/b9b50644f714b1f4_w06.png,b9b50644f714b1f4,6,Lab,Floating
train/pd/b9b50644f714b1f4_w07.png,b9b50644f714b1f4,7,Lab,Floating
train/pd/b9b50644f714b1f4_w09.png,b9b50644f714b1f4,9,Lab,Floating
train/pd/b9b50644f714b1f4_w11.png,b9b50644f714b1f4,11,Lab,Floating
train/pd/b9b50644f714b1f4_w16.png,b9b50644f714b1f4,16,Lab,Floating
train/pd/b9b50644f714b1f4_w19.png,b9b50644f714b1f4,19,Lab,Floating
train/pd/b9b50644f714b1f4_w24.png,b9b50644f714b1f4,24,Lab,Floating
train/pd/b9b50644f714b1f4_w26.png,b9b50644f714b1f4,26,Lab,Floating
train/pd/b9d9cb3cb1af3ff6_w07.png,b9d9cb3cb1af3ff6,7,Lab,Corona
train/pd/b9d9cb3cb1af3ff6_w13.png,b9d9cb3cb1af3ff6,13,Lab,Corona
train/pd/b9d9cb3cb1af3ff6_w14.png,b9d9cb3cb1af3ff6,14,Lab,Corona
train/pd/b9d9cb3cb1af3ff6_w16.png,b9d9cb3cb1af3ff6,16,Lab,Corona
train/pd/b9d9cb3cb1af3ff6_w17.png,b9d9cb3cb1af3ff6,17,Lab,Corona
train/pd/b9d9cb3cb1af3ff6_w23.png,b9d9cb3cb1af3ff6,23,Lab,Corona
train/pd/b9d9cb3cb1af3ff6_w25.png,b9d9cb3cb1af3ff6,25,Lab,Corona
train/pd/b9d9cb3cb1af3ff6_w26.png,b9d9cb3cb1af3ff6,26,Lab,Corona
train/pd/b9f2c75b3a94f633_w12.png,b9f2c75b3a94f633,12,Lab,Corona
train/pd/b9f2c75b3a94f633_w15.png,b9f2c75b3a94f633,15,Lab,Corona
train/pd/b9f2c75b3a94f633_w16.png,b9f2c75b3a94f633,16,Lab,Corona
train/pd/b9f2c75b3a94f633_w18.png,b9f2c75b3a94f633,18,Lab,Corona
train/pd/b9f2c75b3a94f633_w19.png,b9f2c75b3a94f633,19,Lab,Corona
train/pd/b9f2c75b3a94f633_w22.png,b9f2c75b3a94f633,22,Lab,Corona
train/pd/b9f2c75b3a94f633_w26.png,b9f2c75b3a94f633,26,Lab,Corona
train/pd/b9f2c75b3a94f633_w27.png,b9f2c75b3a94f633,27,Lab,Corona
train/pd/ba61ab3ebf0cbe8d_w00.png,ba61ab3ebf0cbe8d,0,Lab,Floating
train/pd/ba61ab3ebf0cbe8d_w03.png,ba61ab3ebf0cbe8d,3,Lab,Floating
train/pd/ba61ab3ebf0cbe8d_w07.png,ba61ab3ebf0cbe8d,7,Lab,Floating
train/pd/ba61ab3ebf0cbe8d_w09.png,ba61ab3ebf0cbe8d,9,Lab,Floating
train/pd/ba61ab3ebf0cbe8d_w14.png,ba61ab3ebf0cbe8d,14,Lab,Floating
train/pd/ba61ab3ebf0cbe8d_w15.png,ba61ab3ebf0cbe8d,15,Lab,Floating
train/pd/ba61ab3ebf0cbe8d_w20.png,ba61ab3ebf0cbe8d,20,Lab,Floating
train/pd/ba61ab3ebf0cbe8d_w26.png,ba61ab3ebf0cbe8d,26,Lab,Floating
train/pd/ba872e4a8bbcac36_w01.png,ba872e4a8bbcac36,1,Lab,Corona
train/pd/ba872e4a8bbcac36_w03.png,ba872e4a8bbcac36,3,Lab,Corona
train/pd/ba872e4a8bbcac36_w05.png,ba872e4a8bbcac36,5,Lab,Corona
train/pd/ba872e4a8bbcac36_w07.png,ba872e4a8bbcac36,7,Lab,Corona
train/pd/ba872e4a8bbcac36_w09.png,ba872e4a8bbcac36,9,Lab,Corona
train/pd/ba872e4a8bbcac36_w15.png,ba872e4a8bbcac36,15,Lab,Corona
train/pd/ba872e4a8bbcac36_w20.png,ba872e4a8bbcac36,20,Lab,Corona
train/pd/ba872e4a8bbcac36_w25.png,ba872e4a8bbcac36,25,Lab,Corona
train/pd/babde03c13fab300_w01.png,babde03c13fab300,1,Lab,Corona
train/pd/babde03c13fab300_w04.png,babde03c13fab300,4,Lab,Corona
train/pd/babde03c13fab300_w13.png,babde03c13fab300,13,Lab,Corona
train/pd/babde03c13fab300_w17.png,babde03c13fab300,17,Lab,Corona
train/pd/babde03c13fab300_w20.png,babde03c13fab300,20,Lab,Corona
train/pd/babde03c13fab300_w21.png,babde03c13fab300,21,Lab,Corona
train/pd/babde03c13fab300_w22.png,babde03c13fab300,22,Lab,Corona
train/pd/babde03c13fab300_w25.png,babde03c13fab300,25,Lab,Corona
train/pd/bb11f1ac118e83f9_w01.png,bb11f1ac118e83f9,1,Field,Floating
train/pd/bb11f1ac118e83f9_w03.png,bb11f1ac118e83f9,3,Field,Floating
train/pd/bb11f1ac118e83f9_w08.png,bb11f1ac118e83f9,8,Field,Floating
train/pd/bb11f1ac118e83f9_w09.png,bb11f1ac118e83f9,9,Field,Floating
train/pd/bb11f1ac118e83f9_w16.png,bb11f1ac118e83f9,16,Field,Floating
train/pd/bb11f1ac118e83f9_w20.png,bb11f1ac118e83f9,20,Field,Floating
train/pd/bb11f1ac118e83f9_w21.png,bb11f1ac118e83f9,21,Field,Floating
train/pd/bb11f1ac118e83f9_w27.png,bb11f1ac118e83f9,27,Field,Floating
train/pd/bb641e34b6eb2097_w01.png,bb641e34b6eb2097,1,Lab,Void
train/pd/bb641e34b6eb2097_w07.png,bb641e34b6eb2097,7,Lab,Void
train/pd/bb641e34b6eb2097_w09.png,bb641e34b6eb2097,9,Lab,Void
train/pd/bb641e34b6eb2097_w10.png,bb641e34b6eb2097,10,Lab,Void
train/pd/bb641e34b6eb2097_w13.png,bb641e34b6eb2097,13,Lab,Void
train/pd/bb641e34b6eb2097_w14.png,bb641e34b6eb2097,14,Lab,Void
train/pd/bb641e34b6eb2097_w21.png,bb641e34b6eb2097,21,Lab,Void
train/pd/bb641e34b6eb2097_w26.png,bb641e34b6eb2097,26,Lab,Void
train/pd/bb692648fd76a5c2_w01.png,bb692648fd76a5c2,1,Lab,Void
train/pd/bb692648fd76a5c2_w02.png,bb692648fd76a5c2,2,Lab,Void
train/pd/bb692648fd76a5c2_w07.png,bb692648fd76a5c2,7,Lab,Void
train/pd/bb692648fd76a5c2_w10.png,bb692648fd76a5c2,10,Lab,Void
train/pd/bb692648fd76a5c2_w11.png,bb692648fd76a5c2,11,Lab,Void
train/pd/bb692648fd76a5c2_w17.png,bb692648fd76a5c2,17,Lab,Void
train/pd/bb692648fd76a5c2_w21.png,bb692648fd76a5c2,21,Lab,Void
train/pd/bb692648fd76a5c2_w27.png,bb692648fd76a5c2,27,Lab,Void
train/pd/bb84fa2590ecd03f_w01.png,bb84fa2590ecd03f,1,Lab,Void
train/pd/bb84fa2590ecd03f_w02.png,bb84fa2590ecd03f,2,Lab,Void
train/pd/bb84fa2590ecd03f_w05.png,bb84fa2590ecd03f,5,Lab,Void
train/pd/bb84fa2590ecd03f_w10.png,bb84fa2590ecd03f,10,Lab,Void
train/pd/bb84fa2590ecd03f_w18.png,bb84fa2590ecd03f,18,Lab,Void
train/pd/bb84fa2590ecd03f_w20.png,bb84fa2590ecd03f,20,Lab,Void
train/pd/bb84fa2590ecd03f_w25.png,bb84fa2590ecd03f,25,Lab,Void
train/pd/bb84fa2590ecd03f_w27.png,bb84fa2590ecd03f,27,Lab,Void
train/pd/bc01a1a56ad4d7c0_w01.png,bc01a1a56ad4d7c0,1,Lab,Void
train/pd/bc01a1a56ad4d7c0_w04.png,bc01a1a56ad4d7c0,4,Lab,Void
train/pd/bc01a1a56ad4d7c0_w06.png,bc01a1a56ad4d7c0,6,Lab,Void
train/pd/bc01a1a56ad4d7c0_w09.png,bc01a1a56ad4d7c0,9,Lab,Void
train/pd/bc01a1a56ad4d7c0_w13.png,bc01a1a56ad4d7c0,13,Lab,Void
train/pd/bc01a1a56ad4d7c0_w16.png,bc01a1a56ad4d7c0,16,Lab,Void
train/pd/bc01a1a56ad4d7c0_w19.png,bc01a1a56ad4d7c0,19,Lab,Void
train/pd/bc01a1a56ad4d7c0_w27.png,bc01a1a56ad4d7c0,27,Lab,Void
train/pd/bc2463b2b9953ef7_w00.png,bc2463b2b9953ef7,0,Lab,Particle
train/pd/bc2463b2b9953ef7_w03.png,bc2463b2b9953ef7,3,Lab,Particle
train/pd/bc2463b2b9953ef7_w05.png,bc2463b2b9953ef7,5,Lab,Particle
train/pd/bc2463b2b9953ef7_w06.png,bc2463b2b9953ef7,6,Lab,Particle
train/pd/bc2463b2b9953ef7_w11.png,bc2463b2b9953ef7,11,Lab,Particle
train/pd/bc2463b2b9953ef7_w19.png,bc2463b2b9953ef7,19,Lab,Particle
train/pd/bc2463b2b9953ef7_w23.png,bc2463b2b9953ef7,23,Lab,Particle
train/pd/bc2463b2b9953ef7_w26.png,bc2463b2b9953ef7,26,Lab,Particle
train/pd/bc6a3422fc5f4951_w02.png,bc6a3422fc5f4951,2,Lab,Floating
train/pd/bc6a3422fc5f4951_w03.png,bc6a3422fc5f4951,3,Lab,Floating
train/pd/bc6a3422fc5f4951_w04.png,bc6a3422fc5f4951,4,Lab,Floating
train/pd/bc6a3422fc5f4951_w07.png,bc6a3422fc5f4951,7,Lab,Floating
train/pd/bc6a3422fc5f4951_w10.png,bc6a3422fc5f4951,10,Lab,Floating
train/pd/bc6a3422fc5f4951_w16.png,bc6a3422fc5f4951,16,Lab,Floating
train/pd/bc6a3422fc5f4951_w24.png,bc6a3422fc5f4951,24,Lab,Floating
train/pd/bc6a3422fc5f4951_w26.png,bc6a3422fc5f4951,26,Lab,Floating
train/pd/bc9b66146c33b33a_w01.png,bc9b66146c33b33a,1,Lab,Particle
train/pd/bc9b66146c33b33a_w03.png,bc9b66146c33b33a,3,Lab,Particle
train/pd/bc9b66146c33b33a_w09.png,bc9b66146c33b33a,9,Lab,Particle
train/pd/bc9b66146c33b33a_w12.png,bc9b66146c33b33a,12,Lab,Particle
train/pd/bc9b66146c33b33a_w16.png,bc9b66146c33b33a,16,Lab,Particle
train/pd/bc9b66146c33b33a_w18.png,bc9b66146c33b33a,18,Lab,Particle
train/pd/bc9b66146c33b33a_w24.png,bc9b66146c33b33a,24,Lab,Particle
train/pd/bc9b66146c33b33a_w25.png,bc9b66146c33b33a,25,Lab,Particle
train/pd/bceaf5af85d97e46_w02.png,bceaf5af85d97e46,2,Lab,Void
train/pd/bceaf5af85d97e46_w07.png,bceaf5af85d97e46,7,Lab,Void
train/pd/bceaf5af85d97e46_w09.png,bceaf5af85d97e46,9,Lab,Void
train/pd/bceaf5af85d97e46_w11.png,bceaf5af85d97e46,11,Lab,Void
train/pd/bceaf5af85d97e46_w14.png,bceaf5af85d97e46,14,Lab,Void
train/pd/bceaf5af85d97e46_w22.png,bceaf5af85d97e46,22,Lab,Void
train/pd/bceaf5af85d97e46_w23.png,bceaf5af85d97e46,23,Lab,Void
train/pd/bceaf5af85d97e46_w27.png,bceaf5af85d97e46,27,Lab,Void
train/pd/bcf24e7ea768d0df_w02.png,bcf24e7ea768d0df,2,Lab,Particle
train/pd/bcf24e7ea768d0df_w03.png,bcf24e7ea768d0df,3,Lab,Particle
train/pd/bcf24e7ea768d0df_w07.png,bcf24e7ea768d0df,7,Lab,Particle
train/pd/bcf24e7ea768d0df_w12.png,bcf24e7ea768d0df,12,Lab,Particle
train/pd/bcf24e7ea768d0df_w15.png,bcf24e7ea768d0df,15,Lab,Particle
train/pd/bcf24e7ea768d0df_w16.png,bcf24e7ea768d0df,16,Lab,Particle
train/pd/bcf24e7ea768d0df_w18.png,bcf24e7ea768d0df,18,Lab,Particle
train/pd/bcf24e7ea768d0df_w21.png,bcf24e7ea768d0df,21,Lab,Particle
train/pd/bd07238f4b9ea4f1_w01.png,bd07238f4b9ea4f1,1,Lab,Particle
train/pd/bd07238f4b9ea4f1_w03.png,bd07238f4b9ea4f1,3,Lab,Particle
train/pd/bd07238f4b9ea4f1_w06.png,bd07238f4b9ea4f1,6,Lab,Particle
train/pd/bd07238f4b9ea4f1_w09.png,bd07238f4b9ea4f1,9,Lab,Particle
train/pd/bd07238f4b9ea4f1_w10.png,bd07238f4b9ea4f1,10,Lab,Particle
train/pd/bd07238f4b9ea4f1_w12.png,bd07238f4b9ea4f1,12,Lab,Particle
train/pd/bd07238f4b9ea4f1_w15.png,bd07238f4b9ea4f1,15,Lab,Particle
train/pd/bd07238f4b9ea4f1_w23.png,bd07238f4b9ea4f1,23,Lab,Particle
train/pd/bd34645fc414a3cc_w04.png,bd34645fc414a3cc,4,Lab,Corona
train/pd/bd34645fc414a3cc_w05.png,bd34645fc414a3cc,5,Lab,Corona
train/pd/bd34645fc414a3cc_w06.png,bd34645fc414a3cc,6,Lab,Corona
train/pd/bd34645fc414a3cc_w11.png,bd34645fc414a3cc,11,Lab,Corona
train/pd/bd34645fc414a3cc_w14.png,bd34645fc414a3cc,14,Lab,Corona
train/pd/bd34645fc414a3cc_w17.png,bd34645fc414a3cc,17,Lab,Corona
train/pd/bd34645fc414a3cc_w24.png,bd34645fc414a3cc,24,Lab,Corona
train/pd/bd34645fc414a3cc_w25.png,bd34645fc414a3cc,25,Lab,Corona
train/pd/bd9a552f3b6dabaf_w00.png,bd9a552f3b6dabaf,0,Lab,Void
train/pd/bd9a552f3b6dabaf_w02.png,bd9a552f3b6dabaf,2,Lab,Void
train/pd/bd9a552f3b6dabaf_w08.png,bd9a552f3b6dabaf,8,Lab,Void
train/pd/bd9a552f3b6dabaf_w13.png,bd9a552f3b6dabaf,13,Lab,Void
train/pd/bd9a552f3b6dabaf_w15.png,bd9a552f3b6dabaf,15,Lab,Void
train/pd/bd9a552f3b6dabaf_w16.png,bd9a552f3b6dabaf,16,Lab,Void
train/pd/bd9a552f3b6dabaf_w24.png,bd9a552f3b6dabaf,24,Lab,Void
train/pd/bd9a552f3b6dabaf_w26.png,bd9a552f3b6dabaf,26,Lab,Void
train/pd/bd9f657bc66ea0d9_w08.png,bd9f657bc66ea0d9,8,Lab,Particle
train/pd/bd9f657bc66ea0d9_w11.png,bd9f657bc66ea0d9,11,Lab,Particle
train/pd/bd9f657bc66ea0d9_w19.png,bd9f657bc66ea0d9,19,Lab,Particle
train/pd/bd9f657bc66ea0d9_w20.png,bd9f657bc66ea0d9,20,Lab,Particle
train/pd/bd9f657bc66ea0d9_w21.png,bd9f657bc66ea0d9,21,Lab,Particle
train/pd/bd9f657bc66ea0d9_w23.png,bd9f657bc66ea0d9,23,Lab,Particle
train/pd/bd9f657bc66ea0d9_w24.png,bd9f657bc66ea0d9,24,Lab,Particle
train/pd/bd9f657bc66ea0d9_w25.png,bd9f657bc66ea0d9,25,Lab,Particle
train/pd/bdb687777bd5a8b5_w01.png,bdb687777bd5a8b5,1,Lab,Floating
train/pd/bdb687777bd5a8b5_w02.png,bdb687777bd5a8b5,2,Lab,Floating
train/pd/bdb687777bd5a8b5_w04.png,bdb687777bd5a8b5,4,Lab,Floating
train/pd/bdb687777bd5a8b5_w12.png,bdb687777bd5a8b5,12,Lab,Floating
train/pd/bdb687777bd5a8b5_w13.png,bdb687777bd5a8b5,13,Lab,Floating
train/pd/bdb687777bd5a8b5_w22.png,bdb687777bd5a8b5,22,Lab,Floating
train/pd/bdb687777bd5a8b5_w25.png,bdb687777bd5a8b5,25,Lab,Floating
train/pd/bdb687777bd5a8b5_w26.png,bdb687777bd5a8b5,26,Lab,Floating
train/pd/bdcc5d0881be73a8_w00.png,bdcc5d0881be73a8,0,Lab,Corona
train/pd/bdcc5d0881be73a8_w01.png,bdcc5d0881be73a8,1,Lab,Corona
train/pd/bdcc5d0881be73a8_w03.png,bdcc5d0881be73a8,3,Lab,Corona
train/pd/bdcc5d0881be73a8_w11.png,bdcc5d0881be73a8,11,Lab,Corona
train/pd/bdcc5d0881be73a8_w14.png,bdcc5d0881be73a8,14,Lab,Corona
train/pd/bdcc5d0881be73a8_w16.png,bdcc5d0881be73a8,16,Lab,Corona
train/pd/bdcc5d0881be73a8_w20.png,bdcc5d0881be73a8,20,Lab,Corona
train/pd/bdcc5d0881be73a8_w22.png,bdcc5d0881be73a8,22,Lab,Corona
train/pd/be1d563b97d75609_w00.png,be1d563b97d75609,0,Lab,Void
train/pd/be1d563b97d75609_w08.png,be1d563b97d75609,8,Lab,Void
train/pd/be1d563b97d75609_w11.png,be1d563b97d75609,11,Lab,Void
train/pd/be1d563b97d75609_w18.png,be1d563b97d75609,18,Lab,Void
train/pd/be1d563b97d75609_w23.png,be1d563b97d75609,23,Lab,Void
train/pd/be1d563b97d75609_w24.png,be1d563b97d75609,24,Lab,Void
train/pd/be1d563b97d75609_w26.png,be1d563b97d75609,26,Lab,Void
train/pd/be1d563b97d75609_w27.png,be1d563b97d75609,27,Lab,Void
train/pd/be2335d1be2e610f_w00.png,be2335d1be2e610f,0,Lab,Corona
train/pd/be2335d1be2e610f_w01.png,be2335d1be2e610f,1,Lab,Corona
train/pd/be2335d1be2e610f_w04.png,be2335d1be2e610f,4,Lab,Corona
train/pd/be2335d1be2e610f_w08.png,be2335d1be2e610f,8,Lab,Corona
train/pd/be2335d1be2e610f_w09.png,be2335d1be2e610f,9,Lab,Corona
train/pd/be2335d1be2e610f_w12.png,be2335d1be2e610f,12,Lab,Corona
train/pd/be2335d1be2e610f_w18.png,be2335d1be2e610f,18,Lab,Corona
train/pd/be2335d1be2e610f_w21.png,be2335d1be2e610f,21,Lab,Corona
train/pd/be476b041b5fe5fe_w00.png,be476b041b5fe5fe,0,Lab,Void
train/pd/be476b041b5fe5fe_w03.png,be476b041b5fe5fe,3,Lab,Void
train/pd/be476b041b5fe5fe_w05.png,be476b041b5fe5fe,5,Lab,Void
train/pd/be476b041b5fe5fe_w08.png,be476b041b5fe5fe,8,Lab,Void
train/pd/be476b041b5fe5fe_w09.png,be476b041b5fe5fe,9,Lab,Void
train/pd/be476b041b5fe5fe_w10.png,be476b041b5fe5fe,10,Lab,Void
train/pd/be476b041b5fe5fe_w15.png,be476b041b5fe5fe,15,Lab,Void
train/pd/be476b041b5fe5fe_w20.png,be476b041b5fe5fe,20,Lab,Void
train/pd/be4a9fb1fc20bbde_w02.png,be4a9fb1fc20bbde,2,Field,Void
train/pd/be4a9fb1fc20bbde_w03.png,be4a9fb1fc20bbde,3,Field,Void
train/pd/be4a9fb1fc20bbde_w10.png,be4a9fb1fc20bbde,10,Field,Void
train/pd/be4a9fb1fc20bbde_w11.png,be4a9fb1fc20bbde,11,Field,Void
train/pd/be4a9fb1fc20bbde_w12.png,be4a9fb1fc20bbde,12,Field,Void
train/pd/be4a9fb1fc20bbde_w18.png,be4a9fb1fc20bbde,18,Field,Void
train/pd/be4a9fb1fc20bbde_w23.png,be4a9fb1fc20bbde,23,Field,Void
train/pd/be4a9fb1fc20bbde_w27.png,be4a9fb1fc20bbde,27,Field,Void
train/pd/be566fdaedd6c92f_w01.png,be566fdaedd6c92f,1,Lab,Void
train/pd/be566fdaedd6c92f_w06.png,be566fdaedd6c92f,6,Lab,Void
train/pd/be566fdaedd6c92f_w07.png,be566fdaedd6c92f,7,Lab,Void
train/pd/be566fdaedd6c92f_w09.png,be566fdaedd6c92f,9,Lab,Void
train/pd/be566fdaedd6c92f_w13.png,be566fdaedd6c92f,13,Lab,Void
train/pd/be566fdaedd6c92f_w18.png,be566fdaedd6c92f,18,Lab,Void
train/pd/be566fdaedd6c92f_w23.png,be566fdaedd6c92f,23,Lab,Void
train/pd/be566fdaedd6c92f_w25.png,be566fdaedd6c92f,25,Lab,Void
train/pd/be6253dbab91939b_w02.png,be6253dbab91939b,2,Lab,Particle
train/pd/be6253dbab91939b_w09.png,be6253dbab91939b,9,Lab,Particle
train/pd/be6253dbab91939b_w10.png,be6253dbab91939b,10,Lab,Particle
train/pd/be6253dbab91939b_w12.png,be6253dbab91939b,12,Lab,Particle
train/pd/be6253dbab91939b_w13.png,be6253dbab91939b,13,Lab,Particle
train/pd/be6253dbab91939b_w16.png,be6253dbab91939b,16,Lab,Particle
train/pd/be6253dbab91939b_w26.png,be6253dbab91939b,26,Lab,Particle
train/pd/be6253dbab91939b_w27.png,be6253dbab91939b,27,Lab,Particle
train/pd/bec6308b8e91f8d8_w00.png,bec6308b8e91f8d8,0,Field,Floating
train/pd/bec6308b8e91f8d8_w07.png,bec6308b8e91f8d8,7,Field,Floating
train/pd/bec6308b8e91f8d8_w12.png,bec6308b8e91f8d8,12,Field,Floating
train/pd/bec6308b8e91f8d8_w15.png,bec6308b8e91f8d8,15,Field,Floating
train/pd/bec6308b8e91f8d8_w17.png,bec6308b8e91f8d8,17,Field,Floating
train/pd/bec6308b8e91f8d8_w19.png,bec6308b8e91f8d8,19,Field,Floating
train/pd/bec6308b8e91f8d8_w23.png,bec6308b8e91f8d8,23,Field,Floating
train/pd/bec6308b8e91f8d8_w24.png,bec6308b8e91f8d8,24,Field,Floating
train/pd/beeaed827ea0118c_w08.png,beeaed827ea0118c,8,Lab,Corona
train/pd/beeaed827ea0118c_w14.png,beeaed827ea0118c,14,Lab,Corona
train/pd/beeaed827ea0118c_w15.png,beeaed827ea0118c,15,Lab,Corona
train/pd/beeaed827ea0118c_w16.png,beeaed827ea0118c,16,Lab,Corona
train/pd/beeaed827ea0118c_w18.png,beeaed827ea0118c,18,Lab,Corona
train/pd/beeaed827ea0118c_w21.png,beeaed827ea0118c,21,Lab,Corona
train/pd/beeaed827ea0118c_w24.png,beeaed827ea0118c,24,Lab,Corona
train/pd/beeaed827ea0118c_w25.png,beeaed827ea0118c,25,Lab,Corona
train/pd/bf00e2826c22130c_w00.png,bf00e2826c22130c,0,Field,Void
train/pd/bf00e2826c22130c_w03.png,bf00e2826c22130c,3,Field,Void
train/pd/bf00e2826c22130c_w08.png,bf00e2826c22130c,8,Field,Void
train/pd/bf00e2826c22130c_w10.png,bf00e2826c22130c,10,Field,Void
train/pd/bf00e2826c22130c_w12.png,bf00e2826c22130c,12,Field,Void
train/pd/bf00e2826c22130c_w22.png,bf00e2826c22130c,22,Field,Void
train/pd/bf00e2826c22130c_w25.png,bf00e2826c22130c,25,Field,Void
train/pd/bf00e2826c22130c_w26.png,bf00e2826c22130c,26,Field,Void
train/pd/bf26b9df940f9941_w01.png,bf26b9df940f9941,1,Lab,Particle
train/pd/bf26b9df940f9941_w02.png,bf26b9df940f9941,2,Lab,Particle
train/pd/bf26b9df940f9941_w03.png,bf26b9df940f9941,3,Lab,Particle
train/pd/bf26b9df940f9941_w05.png,bf26b9df940f9941,5,Lab,Particle
train/pd/bf26b9df940f9941_w13.png,bf26b9df940f9941,13,Lab,Particle
train/pd/bf26b9df940f9941_w20.png,bf26b9df940f9941,20,Lab,Particle
train/pd/bf26b9df940f9941_w21.png,bf26b9df940f9941,21,Lab,Particle
train/pd/bf26b9df940f9941_w27.png,bf26b9df940f9941,27,Lab,Particle
train/pd/bf272864f15a1e26_w04.png,bf272864f15a1e26,4,Lab,Corona
train/pd/bf272864f15a1e26_w09.png,bf272864f15a1e26,9,Lab,Corona
train/pd/bf272864f15a1e26_w12.png,bf272864f15a1e26,12,Lab,Corona
train/pd/bf272864f15a1e26_w14.png,bf272864f15a1e26,14,Lab,Corona
train/pd/bf272864f15a1e26_w18.png,bf272864f15a1e26,18,Lab,Corona
train/pd/bf272864f15a1e26_w19.png,bf272864f15a1e26,19,Lab,Corona
train/pd/bf272864f15a1e26_w22.png,bf272864f15a1e26,22,Lab,Corona
train/pd/bf272864f15a1e26_w23.png,bf272864f15a1e26,23,Lab,Corona
train/pd/bf283b3903cb5c5a_w05.png,bf283b3903cb5c5a,5,Field,Void
train/pd/bf283b3903cb5c5a_w08.png,bf283b3903cb5c5a,8,Field,Void
train/pd/bf283b3903cb5c5a_w09.png,bf283b3903cb5c5a,9,Field,Void
train/pd/bf283b3903cb5c5a_w12.png,bf283b3903cb5c5a,12,Field,Void
train/pd/bf283b3903cb5c5a_w16.png,bf283b3903cb5c5a,16,Field,Void
train/pd/bf283b3903cb5c5a_w21.png,bf283b3903cb5c5a,21,Field,Void
train/pd/bf283b3903cb5c5a_w24.png,bf283b3903cb5c5a,24,Field,Void
train/pd/bf283b3903cb5c5a_w26.png,bf283b3903cb5c5a,26,Field,Void
train/pd/bf773aadec15bba5_w03.png,bf773aadec15bba5,3,Lab,Corona
train/pd/bf773aadec15bba5_w08.png,bf773aadec15bba5,8,Lab,Corona
train/pd/bf773aadec15bba5_w11.png,bf773aadec15bba5,11,Lab,Corona
train/pd/bf773aadec15bba5_w12.png,bf773aadec15bba5,12,Lab,Corona
train/pd/bf773aadec15bba5_w13.png,bf773aadec15bba5,13,Lab,Corona
train/pd/bf773aadec15bba5_w19.png,bf773aadec15bba5,19,Lab,Corona
train/pd/bf773aadec15bba5_w24.png,bf773aadec15bba5,24,Lab,Corona
train/pd/bf773aadec15bba5_w27.png,bf773aadec15bba5,27,Lab,Corona
train/pd/bf7d1ad9d00e8ce6_w05.png,bf7d1ad9d00e8ce6,5,Lab,Corona
train/pd/bf7d1ad9d00e8ce6_w07.png,bf7d1ad9d00e8ce6,7,Lab,Corona
train/pd/bf7d1ad9d00e8ce6_w08.png,bf7d1ad9d00e8ce6,8,Lab,Corona
train/pd/bf7d1ad9d00e8ce6_w11.png,bf7d1ad9d00e8ce6,11,Lab,Corona
train/pd/bf7d1ad9d00e8ce6_w12.png,bf7d1ad9d00e8ce6,12,Lab,Corona
train/pd/bf7d1ad9d00e8ce6_w16.png,bf7d1ad9d00e8ce6,16,Lab,Corona
train/pd/bf7d1ad9d00e8ce6_w22.png,bf7d1ad9d00e8ce6,22,Lab,Corona
train/pd/bf7d1ad9d00e8ce6_w25.png,bf7d1ad9d00e8ce6,25,Lab,Corona
train/pd/bf9b72cbef487954_w01.png,bf9b72cbef487954,1,Lab,Particle
train/pd/bf9b72cbef487954_w04.png,bf9b72cbef487954,4,Lab,Particle
train/pd/bf9b72cbef487954_w11.png,bf9b72cbef487954,11,Lab,Particle
train/pd/bf9b72cbef487954_w13.png,bf9b72cbef487954,13,Lab,Particle
train/pd/bf9b72cbef487954_w16.png,bf9b72cbef487954,16,Lab,Particle
train/pd/bf9b72cbef487954_w18.png,bf9b72cbef487954,18,Lab,Particle
train/pd/bf9b72cbef487954_w25.png,bf9b72cbef487954,25,Lab,Particle
train/pd/bf9b72cbef487954_w27.png,bf9b72cbef487954,27,Lab,Particle
train/pd/bfde77a62816e7f1_w00.png,bfde77a62816e7f1,0,Lab,Particle
train/pd/bfde77a62816e7f1_w01.png,bfde77a62816e7f1,1,Lab,Particle
train/pd/bfde77a62816e7f1_w05.png,bfde77a62816e7f1,5,Lab,Particle
train/pd/bfde77a62816e7f1_w08.png,bfde77a62816e7f1,8,Lab,Particle
train/pd/bfde77a62816e7f1_w12.png,bfde77a62816e7f1,12,Lab,Particle
train/pd/bfde77a62816e7f1_w17.png,bfde77a62816e7f1,17,Lab,Particle
train/pd/bfde77a62816e7f1_w19.png,bfde77a62816e7f1,19,Lab,Particle
train/pd/bfde77a62816e7f1_w23.png,bfde77a62816e7f1,23,Lab,Particle
train/pd/bfe8317f42a30d2f_w03.png,bfe8317f42a30d2f,3,Lab,Void
train/pd/bfe8317f42a30d2f_w07.png,bfe8317f42a30d2f,7,Lab,Void
train/pd/bfe8317f42a30d2f_w10.png,bfe8317f42a30d2f,10,Lab,Void
train/pd/bfe8317f42a30d2f_w11.png,bfe8317f42a30d2f,11,Lab,Void
train/pd/bfe8317f42a30d2f_w12.png,bfe8317f42a30d2f,12,Lab,Void
train/pd/bfe8317f42a30d2f_w13.png,bfe8317f42a30d2f,13,Lab,Void
train/pd/bfe8317f42a30d2f_w15.png,bfe8317f42a30d2f,15,Lab,Void
train/pd/bfe8317f42a30d2f_w24.png,bfe8317f42a30d2f,24,Lab,Void
train/pd/bff157ebab681196_w00.png,bff157ebab681196,0,Field,Floating
train/pd/bff157ebab681196_w04.png,bff157ebab681196,4,Field,Floating
train/pd/bff157ebab681196_w05.png,bff157ebab681196,5,Field,Floating
train/pd/bff157ebab681196_w07.png,bff157ebab681196,7,Field,Floating
train/pd/bff157ebab681196_w14.png,bff157ebab681196,14,Field,Floating
train/pd/bff157ebab681196_w17.png,bff157ebab681196,17,Field,Floating
train/pd/bff157ebab681196_w18.png,bff157ebab681196,18,Field,Floating
train/pd/bff157ebab681196_w25.png,bff157ebab681196,25,Field,Floating
train/pd/c00e4c9c92593f79_w01.png,c00e4c9c92593f79,1,Lab,Corona
train/pd/c00e4c9c92593f79_w12.png,c00e4c9c92593f79,12,Lab,Corona
train/pd/c00e4c9c92593f79_w13.png,c00e4c9c92593f79,13,Lab,Corona
train/pd/c00e4c9c92593f79_w14.png,c00e4c9c92593f79,14,Lab,Corona
train/pd/c00e4c9c92593f79_w17.png,c00e4c9c92593f79,17,Lab,Corona
train/pd/c00e4c9c92593f79_w18.png,c00e4c9c92593f79,18,Lab,Corona
train/pd/c00e4c9c92593f79_w25.png,c00e4c9c92593f79,25,Lab,Corona
train/pd/c00e4c9c92593f79_w26.png,c00e4c9c92593f79,26,Lab,Corona
train/pd/c048dd55e6ad2208_w03.png,c048dd55e6ad2208,3,Lab,Floating
train/pd/c048dd55e6ad2208_w06.png,c048dd55e6ad2208,6,Lab,Floating
train/pd/c048dd55e6ad2208_w17.png,c048dd55e6ad2208,17,Lab,Floating
train/pd/c048dd55e6ad2208_w19.png,c048dd55e6ad2208,19,Lab,Floating
train/pd/c048dd55e6ad2208_w22.png,c048dd55e6ad2208,22,Lab,Floating
train/pd/c048dd55e6ad2208_w23.png,c048dd55e6ad2208,23,Lab,Floating
train/pd/c048dd55e6ad2208_w25.png,c048dd55e6ad2208,25,Lab,Floating
train/pd/c048dd55e6ad2208_w26.png,c048dd55e6ad2208,26,Lab,Floating
train/pd/c04dc24349843bac_w05.png,c04dc24349843bac,5,Lab,Floating
train/pd/c04dc24349843bac_w06.png,c04dc24349843bac,6,Lab,Floating
train/pd/c04dc24349843bac_w15.png,c04dc24349843bac,15,Lab,Floating
train/pd/c04dc24349843bac_w16.png,c04dc24349843bac,16,Lab,Floating
train/pd/c04dc24349843bac_w19.png,c04dc24349843bac,19,Lab,Floating
train/pd/c04dc24349843bac_w23.png,c04dc24349843bac,23,Lab,Floating
train/pd/c04dc24349843bac_w24.png,c04dc24349843bac,24,Lab,Floating
train/pd/c04dc24349843bac_w26.png,c04dc24349843bac,26,Lab,Floating
train/pd/c052404844698234_w02.png,c052404844698234,2,Field,Void
train/pd/c052404844698234_w03.png,c052404844698234,3,Field,Void
train/pd/c052404844698234_w04.png,c052404844698234,4,Field,Void
train/pd/c052404844698234_w05.png,c052404844698234,5,Field,Void
train/pd/c052404844698234_w15.png,c052404844698234,15,Field,Void
train/pd/c052404844698234_w23.png,c052404844698234,23,Field,Void
train/pd/c052404844698234_w25.png,c052404844698234,25,Field,Void
train/pd/c052404844698234_w26.png,c052404844698234,26,Field,Void
train/pd/c08f7ffead5303b4_w01.png,c08f7ffead5303b4,1,Lab,Floating
train/pd/c08f7ffead5303b4_w05.png,c08f7ffead5303b4,5,Lab,Floating
train/pd/c08f7ffead5303b4_w10.png,c08f7ffead5303b4,10,Lab,Floating
train/pd/c08f7ffead5303b4_w17.png,c08f7ffead5303b4,17,Lab,Floating
train/pd/c08f7ffead5303b4_w18.png,c08f7ffead5303b4,18,Lab,Floating
train/pd/c08f7ffead5303b4_w20.png,c08f7ffead5303b4,20,Lab,Floating
train/pd/c08f7ffead5303b4_w21.png,c08f7ffead5303b4,21,Lab,Floating
train/pd/c08f7ffead5303b4_w25.png,c08f7ffead5303b4,25,Lab,Floating
train/pd/c092069e723af847_w00.png,c092069e723af847,0,Lab,Floating
train/pd/c092069e723af847_w02.png,c092069e723af847,2,Lab,Floating
train/pd/c092069e723af847_w08.png,c092069e723af847,8,Lab,Floating
train/pd/c092069e723af847_w09.png,c092069e723af847,9,Lab,Floating
train/pd/c092069e723af847_w13.png,c092069e723af847,13,Lab,Floating
train/pd/c092069e723af847_w20.png,c092069e723af847,20,Lab,Floating
train/pd/c092069e723af847_w23.png,c092069e723af847,23,Lab,Floating
train/pd/c092069e723af847_w27.png,c092069e723af847,27,Lab,Floating
train/pd/c09ec782c34fdebd_w00.png,c09ec782c34fdebd,0,Lab,Particle
train/pd/c09ec782c34fdebd_w03.png,c09ec782c34fdebd,3,Lab,Particle
train/pd/c09ec782c34fdebd_w04.png,c09ec782c34fdebd,4,Lab,Particle
train/pd/c09ec782c34fdebd_w08.png,c09ec782c34fdebd,8,Lab,Particle
train/pd/c09ec782c34fdebd_w13.png,c09ec782c34fdebd,13,Lab,Particle
train/pd/c09ec782c34fdebd_w15.png,c09ec782c34fdebd,15,Lab,Particle
train/pd/c09ec782c34fdebd_w18.png,c09ec782c34fdebd,18,Lab,Particle
train/pd/c09ec782c34fdebd_w27.png,c09ec782c34fdebd,27,Lab,Particle
train/pd/c13a856f5afb0c6e_w00.png,c13a856f5afb0c6e,0,Lab,Particle
train/pd/c13a856f5afb0c6e_w01.png,c13a856f5afb0c6e,1,Lab,Particle
train/pd/c13a856f5afb0c6e_w02.png,c13a856f5afb0c6e,2,Lab,Particle
train/pd/c13a856f5afb0c6e_w06.png,c13a856f5afb0c6e,6,Lab,Particle
train/pd/c13a856f5afb0c6e_w09.png,c13a856f5afb0c6e,9,Lab,Particle
train/pd/c13a856f5afb0c6e_w10.png,c13a856f5afb0c6e,10,Lab,Particle
train/pd/c13a856f5afb0c6e_w18.png,c13a856f5afb0c6e,18,Lab,Particle
train/pd/c13a856f5afb0c6e_w20.png,c13a856f5afb0c6e,20,Lab,Particle
train/pd/c152d919f658835c_w01.png,c152d919f658835c,1,Lab,Floating
train/pd/c152d919f658835c_w05.png,c152d919f658835c,5,Lab,Floating
train/pd/c152d919f658835c_w07.png,c152d919f658835c,7,Lab,Floating
train/pd/c152d919f658835c_w11.png,c152d919f658835c,11,Lab,Floating
train/pd/c152d919f658835c_w19.png,c152d919f658835c,19,Lab,Floating
train/pd/c152d919f658835c_w20.png,c152d919f658835c,20,Lab,Floating
train/pd/c152d919f658835c_w21.png,c152d919f658835c,21,Lab,Floating
train/pd/c152d919f658835c_w25.png,c152d919f658835c,25,Lab,Floating
train/pd/c18e88970d02be33_w02.png,c18e88970d02be33,2,Lab,Floating
train/pd/c18e88970d02be33_w07.png,c18e88970d02be33,7,Lab,Floating
train/pd/c18e88970d02be33_w12.png,c18e88970d02be33,12,Lab,Floating
train/pd/c18e88970d02be33_w15.png,c18e88970d02be33,15,Lab,Floating
train/pd/c18e88970d02be33_w16.png,c18e88970d02be33,16,Lab,Floating
train/pd/c18e88970d02be33_w19.png,c18e88970d02be33,19,Lab,Floating
train/pd/c18e88970d02be33_w20.png,c18e88970d02be33,20,Lab,Floating
train/pd/c18e88970d02be33_w23.png,c18e88970d02be33,23,Lab,Floating
train/pd/c194c92175bc8e8f_w06.png,c194c92175bc8e8f,6,Lab,Floating
train/pd/c194c92175bc8e8f_w07.png,c194c92175bc8e8f,7,Lab,Floating
train/pd/c194c92175bc8e8f_w16.png,c194c92175bc8e8f,16,Lab,Floating
train/pd/c194c92175bc8e8f_w19.png,c194c92175bc8e8f,19,Lab,Floating
train/pd/c194c92175bc8e8f_w20.png,c194c92175bc8e8f,20,Lab,Floating
train/pd/c194c92175bc8e8f_w22.png,c194c92175bc8e8f,22,Lab,Floating
train/pd/c194c92175bc8e8f_w23.png,c194c92175bc8e8f,23,Lab,Floating
train/pd/c194c92175bc8e8f_w27.png,c194c92175bc8e8f,27,Lab,Floating
train/pd/c199b24224b1aa9f_w05.png,c199b24224b1aa9f,5,Lab,Void
train/pd/c199b24224b1aa9f_w06.png,c199b24224b1aa9f,6,Lab,Void
train/pd/c199b24224b1aa9f_w07.png,c199b24224b1aa9f,7,Lab,Void
train/pd/c199b24224b1aa9f_w17.png,c199b24224b1aa9f,17,Lab,Void
train/pd/c199b24224b1aa9f_w22.png,c199b24224b1aa9f,22,Lab,Void
train/pd/c199b24224b1aa9f_w24.png,c199b24224b1aa9f,24,Lab,Void
train/pd/c199b24224b1aa9f_w26.png,c199b24224b1aa9f,26,Lab,Void
train/pd/c199b24224b1aa9f_w27.png,c199b24224b1aa9f,27,Lab,Void
train/pd/c1b4097663f1de80_w03.png,c1b4097663f1de80,3,Lab,Particle
train/pd/c1b4097663f1de80_w06.png,c1b4097663f1de80,6,Lab,Particle
train/pd/c1b4097663f1de80_w07.png,c1b4097663f1de80,7,Lab,Particle
train/pd/c1b4097663f1de80_w08.png,c1b4097663f1de80,8,Lab,Particle
train/pd/c1b4097663f1de80_w10.png,c1b4097663f1de80,10,Lab,Particle
train/pd/c1b4097663f1de80_w14.png,c1b4097663f1de80,14,Lab,Particle
train/pd/c1b4097663f1de80_w22.png,c1b4097663f1de80,22,Lab,Particle
train/pd/c1b4097663f1de80_w24.png,c1b4097663f1de80,24,Lab,Particle
train/pd/c1ebdc8e4b61e0dd_w02.png,c1ebdc8e4b61e0dd,2,Lab,Void
train/pd/c1ebdc8e4b61e0dd_w06.png,c1ebdc8e4b61e0dd,6,Lab,Void
train/pd/c1ebdc8e4b61e0dd_w09.png,c1ebdc8e4b61e0dd,9,Lab,Void
train/pd/c1ebdc8e4b61e0dd_w15.png,c1ebdc8e4b61e0dd,15,Lab,Void
train/pd/c1ebdc8e4b61e0dd_w21.png,c1ebdc8e4b61e0dd,21,Lab,Void
train/pd/c1ebdc8e4b61e0dd_w22.png,c1ebdc8e4b61e0dd,22,Lab,Void
train/pd/c1ebdc8e4b61e0dd_w24.png,c1ebdc8e4b61e0dd,24,Lab,Void
train/pd/c1ebdc8e4b61e0dd_w26.png,c1ebdc8e4b61e0dd,26,Lab,Void
train/pd/c201a0f4b0d4acc8_w03.png,c201a0f4b0d4acc8,3,Lab,Void
train/pd/c201a0f4b0d4acc8_w04.png,c201a0f4b0d4acc8,4,Lab,Void
train/pd/c201a0f4b0d4acc8_w08.png,c201a0f4b0d4acc8,8,Lab,Void
train/pd/c201a0f4b0d4acc8_w12.png,c201a0f4b0d4acc8,12,Lab,Void
train/pd/c201a0f4b0d4acc8_w16.png,c201a0f4b0d4acc8,16,Lab,Void
train/pd/c201a0f4b0d4acc8_w17.png,c201a0f4b0d4acc8,17,Lab,Void
train/pd/c201a0f4b0d4acc8_w18.png,c201a0f4b0d4acc8,18,Lab,Void
train/pd/c201a0f4b0d4acc8_w22.png,c201a0f4b0d4acc8,22,Lab,Void
train/pd/c213844e18ed93e8_w04.png,c213844e18ed93e8,4,Lab,Corona
train/pd/c213844e18ed93e8_w07.png,c213844e18ed93e8,7,Lab,Corona
train/pd/c213844e18ed93e8_w08.png,c213844e18ed93e8,8,Lab,Corona
train/pd/c213844e18ed93e8_w11.png,c213844e18ed93e8,11,Lab,Corona
train/pd/c213844e18ed93e8_w12.png,c213844e18ed93e8,12,Lab,Corona
train/pd/c213844e18ed93e8_w15.png,c213844e18ed93e8,15,Lab,Corona
train/pd/c213844e18ed93e8_w20.png,c213844e18ed93e8,20,Lab,Corona
train/pd/c213844e18ed93e8_w23.png,c213844e18ed93e8,23,Lab,Corona
train/pd/c237b377fa467101_w00.png,c237b377fa467101,0,Lab,Particle
train/pd/c237b377fa467101_w03.png,c237b377fa467101,3,Lab,Particle
train/pd/c237b377fa467101_w05.png,c237b377fa467101,5,Lab,Particle
train/pd/c237b377fa467101_w07.png,c237b377fa467101,7,Lab,Particle
train/pd/c237b377fa467101_w13.png,c237b377fa467101,13,Lab,Particle
train/pd/c237b377fa467101_w19.png,c237b377fa467101,19,Lab,Particle
train/pd/c237b377fa467101_w20.png,c237b377fa467101,20,Lab,Particle
train/pd/c237b377fa467101_w25.png,c237b377fa467101,25,Lab,Particle
train/pd/c2392f1d207c436c_w00.png,c2392f1d207c436c,0,Lab,Void
train/pd/c2392f1d207c436c_w06.png,c2392f1d207c436c,6,Lab,Void
train/pd/c2392f1d207c436c_w14.png,c2392f1d207c436c,14,Lab,Void
train/pd/c2392f1d207c436c_w15.png,c2392f1d207c436c,15,Lab,Void
train/pd/c2392f1d207c436c_w16.png,c2392f1d207c436c,16,Lab,Void
train/pd/c2392f1d207c436c_w18.png,c2392f1d207c436c,18,Lab,Void
train/pd/c2392f1d207c436c_w20.png,c2392f1d207c436c,20,Lab,Void
train/pd/c2392f1d207c436c_w21.png,c2392f1d207c436c,21,Lab,Void
train/pd/c25b4461dc3b6970_w01.png,c25b4461dc3b6970,1,Field,Corona
train/pd/c25b4461dc3b6970_w04.png,c25b4461dc3b6970,4,Field,Corona
train/pd/c25b4461dc3b6970_w06.png,c25b4461dc3b6970,6,Field,Corona
train/pd/c25b4461dc3b6970_w08.png,c25b4461dc3b6970,8,Field,Corona
train/pd/c25b4461dc3b6970_w10.png,c25b4461dc3b6970,10,Field,Corona
train/pd/c25b4461dc3b6970_w15.png,c25b4461dc3b6970,15,Field,Corona
train/pd/c25b4461dc3b6970_w22.png,c25b4461dc3b6970,22,Field,Corona
train/pd/c25b4461dc3b6970_w23.png,c25b4461dc3b6970,23,Field,Corona
train/pd/c2a49183a51417b9_w02.png,c2a49183a51417b9,2,Lab,Particle
train/pd/c2a49183a51417b9_w04.png,c2a49183a51417b9,4,Lab,Particle
train/pd/c2a49183a51417b9_w08.png,c2a49183a51417b9,8,Lab,Particle
train/pd/c2a49183a51417b9_w09.png,c2a49183a51417b9,9,Lab,Particle
train/pd/c2a49183a51417b9_w16.png,c2a49183a51417b9,16,Lab,Particle
train/pd/c2a49183a51417b9_w20.png,c2a49183a51417b9,20,Lab,Particle
train/pd/c2a49183a51417b9_w21.png,c2a49183a51417b9,21,Lab,Particle
train/pd/c2a49183a51417b9_w22.png,c2a49183a51417b9,22,Lab,Particle
train/pd/c2c89e53cf7f9443_w03.png,c2c89e53cf7f9443,3,Lab,Corona
train/pd/c2c89e53cf7f9443_w05.png,c2c89e53cf7f9443,5,Lab,Corona
train/pd/c2c89e53cf7f9443_w07.png,c2c89e53cf7f9443,7,Lab,Corona
train/pd/c2c89e53cf7f9443_w10.png,c2c89e53cf7f9443,10,Lab,Corona
train/pd/c2c89e53cf7f9443_w16.png,c2c89e53cf7f9443,16,Lab,Corona
train/pd/c2c89e53cf7f9443_w18.png,c2c89e53cf7f9443,18,Lab,Corona
train/pd/c2c89e53cf7f9443_w20.png,c2c89e53cf7f9443,20,Lab,Corona
train/pd/c2c89e53cf7f9443_w25.png,c2c89e53cf7f9443,25,Lab,Corona
train/pd/c2db855cbcdb8227_w00.png,c2db855cbcdb8227,0,Lab,Corona
train/pd/c2db855cbcdb8227_w07.png,c2db855cbcdb8227,7,Lab,Corona
train/pd/c2db855cbcdb8227_w08.png,c2db855cbcdb8227,8,Lab,Corona
train/pd/c2db855cbcdb8227_w09.png,c2db855cbcdb8227,9,Lab,Corona
train/pd/c2db855cbcdb8227_w12.png,c2db855cbcdb8227,12,Lab,Corona
train/pd/c2db855cbcdb8227_w20.png,c2db855cbcdb8227,20,Lab,Corona
train/pd/c2db855cbcdb8227_w25.png,c2db855cbcdb8227,25,Lab,Corona
train/pd/c2db855cbcdb8227_w27.png,c2db855cbcdb8227,27,Lab,Corona
train/pd/c30365a91d8abc65_w07.png,c30365a91d8abc65,7,Lab,Corona
train/pd/c30365a91d8abc65_w10.png,c30365a91d8abc65,10,Lab,Corona
train/pd/c30365a91d8abc65_w12.png,c30365a91d8abc65,12,Lab,Corona
train/pd/c30365a91d8abc65_w19.png,c30365a91d8abc65,19,Lab,Corona
train/pd/c30365a91d8abc65_w20.png,c30365a91d8abc65,20,Lab,Corona
train/pd/c30365a91d8abc65_w21.png,c30365a91d8abc65,21,Lab,Corona
train/pd/c30365a91d8abc65_w23.png,c30365a91d8abc65,23,Lab,Corona
train/pd/c30365a91d8abc65_w25.png,c30365a91d8abc65,25,Lab,Corona
train/pd/c3099cce8bdfa6ac_w00.png,c3099cce8bdfa6ac,0,Lab,Particle
train/pd/c3099cce8bdfa6ac_w01.png,c3099cce8bdfa6ac,1,Lab,Particle
train/pd/c3099cce8bdfa6ac_w02.png,c3099cce8bdfa6ac,2,Lab,Particle
train/pd/c3099cce8bdfa6ac_w14.png,c3099cce8bdfa6ac,14,Lab,Particle
train/pd/c3099cce8bdfa6ac_w17.png,c3099cce8bdfa6ac,17,Lab,Particle
train/pd/c3099cce8bdfa6ac_w18.png,c3099cce8bdfa6ac,18,Lab,Particle
train/pd/c3099cce8bdfa6ac_w25.png,c3099cce8bdfa6ac,25,Lab,Particle
train/pd/c3099cce8bdfa6ac_w26.png,c3099cce8bdfa6ac,26,Lab,Particle
train/pd/c33b1898f337f93a_w00.png,c33b1898f337f93a,0,Field,Void
train/pd/c33b1898f337f93a_w02.png,c33b1898f337f93a,2,Field,Void
train/pd/c33b1898f337f93a_w03.png,c33b1898f337f93a,3,Field,Void
train/pd/c33b1898f337f93a_w13.png,c33b1898f337f93a,13,Field,Void
train/pd/c33b1898f337f93a_w18.png,c33b1898f337f93a,18,Field,Void
train/pd/c33b1898f337f93a_w20.png,c33b1898f337f93a,20,Field,Void
train/pd/c33b1898f337f93a_w21.png,c33b1898f337f93a,21,Field,Void
train/pd/c33b1898f337f93a_w26.png,c33b1898f337f93a,26,Field,Void
train/pd/c341f5b1f70ead35_w02.png,c341f5b1f70ead35,2,Lab,Void
train/pd/c341f5b1f70ead35_w11.png,c341f5b1f70ead35,11,Lab,Void
train/pd/c341f5b1f70ead35_w16.png,c341f5b1f70ead35,16,Lab,Void
train/pd/c341f5b1f70ead35_w17.png,c341f5b1f70ead35,17,Lab,Void
train/pd/c341f5b1f70ead35_w21.png,c341f5b1f70ead35,21,Lab,Void
train/pd/c341f5b1f70ead35_w23.png,c341f5b1f70ead35,23,Lab,Void
train/pd/c341f5b1f70ead35_w24.png,c341f5b1f70ead35,24,Lab,Void
train/pd/c341f5b1f70ead35_w27.png,c341f5b1f70ead35,27,Lab,Void
train/pd/c363c57f11160011_w02.png,c363c57f11160011,2,Lab,Floating
train/pd/c363c57f11160011_w08.png,c363c57f11160011,8,Lab,Floating
train/pd/c363c57f11160011_w10.png,c363c57f11160011,10,Lab,Floating
train/pd/c363c57f11160011_w13.png,c363c57f11160011,13,Lab,Floating
train/pd/c363c57f11160011_w17.png,c363c57f11160011,17,Lab,Floating
train/pd/c363c57f11160011_w18.png,c363c57f11160011,18,Lab,Floating
train/pd/c363c57f11160011_w21.png,c363c57f11160011,21,Lab,Floating
train/pd/c363c57f11160011_w26.png,c363c57f11160011,26,Lab,Floating
train/pd/c37e180bb3e32466_w02.png,c37e180bb3e32466,2,Field,Floating
train/pd/c37e180bb3e32466_w08.png,c37e180bb3e32466,8,Field,Floating
train/pd/c37e180bb3e32466_w11.png,c37e180bb3e32466,11,Field,Floating
train/pd/c37e180bb3e32466_w13.png,c37e180bb3e32466,13,Field,Floating
train/pd/c37e180bb3e32466_w20.png,c37e180bb3e32466,20,Field,Floating
train/pd/c37e180bb3e32466_w22.png,c37e180bb3e32466,22,Field,Floating
train/pd/c37e180bb3e32466_w26.png,c37e180bb3e32466,26,Field,Floating
train/pd/c37e180bb3e32466_w27.png,c37e180bb3e32466,27,Field,Floating
train/pd/c39f957905ef45b8_w01.png,c39f957905ef45b8,1,Lab,Void
train/pd/c39f957905ef45b8_w02.png,c39f957905ef45b8,2,Lab,Void
train/pd/c39f957905ef45b8_w05.png,c39f957905ef45b8,5,Lab,Void
train/pd/c39f957905ef45b8_w09.png,c39f957905ef45b8,9,Lab,Void
train/pd/c39f957905ef45b8_w15.png,c39f957905ef45b8,15,Lab,Void
train/pd/c39f957905ef45b8_w24.png,c39f957905ef45b8,24,Lab,Void
train/pd/c39f957905ef45b8_w26.png,c39f957905ef45b8,26,Lab,Void
train/pd/c39f957905ef45b8_w27.png,c39f957905ef45b8,27,Lab,Void
train/pd/c3b82d5738fb0c2f_w06.png,c3b82d5738fb0c2f,6,Lab,Particle
train/pd/c3b82d5738fb0c2f_w09.png,c3b82d5738fb0c2f,9,Lab,Particle
train/pd/c3b82d5738fb0c2f_w12.png,c3b82d5738fb0c2f,12,Lab,Particle
train/pd/c3b82d5738fb0c2f_w13.png,c3b82d5738fb0c2f,13,Lab,Particle
train/pd/c3b82d5738fb0c2f_w14.png,c3b82d5738fb0c2f,14,Lab,Particle
train/pd/c3b82d5738fb0c2f_w23.png,c3b82d5738fb0c2f,23,Lab,Particle
train/pd/c3b82d5738fb0c2f_w24.png,c3b82d5738fb0c2f,24,Lab,Particle
train/pd/c3b82d5738fb0c2f_w25.png,c3b82d5738fb0c2f,25,Lab,Particle
train/pd/c3d20fd54bb6b92f_w01.png,c3d20fd54bb6b92f,1,Lab,Floating
train/pd/c3d20fd54bb6b92f_w08.png,c3d20fd54bb6b92f,8,Lab,Floating
train/pd/c3d20fd54bb6b92f_w09.png,c3d20fd54bb6b92f,9,Lab,Floating
train/pd/c3d20fd54bb6b92f_w11.png,c3d20fd54bb6b92f,11,Lab,Floating
train/pd/c3d20fd54bb6b92f_w15.png,c3d20fd54bb6b92f,15,Lab,Floating
train/pd/c3d20fd54bb6b92f_w17.png,c3d20fd54bb6b92f,17,Lab,Floating
train/pd/c3d20fd54bb6b92f_w24.png,c3d20fd54bb6b92f,24,Lab,Floating
train/pd/c3d20fd54bb6b92f_w27.png,c3d20fd54bb6b92f,27,Lab,Floating
train/pd/c3e3ed21799b9524_w01.png,c3e3ed21799b9524,1,Field,Void
train/pd/c3e3ed21799b9524_w04.png,c3e3ed21799b9524,4,Field,Void
train/pd/c3e3ed21799b9524_w06.png,c3e3ed21799b9524,6,Field,Void
train/pd/c3e3ed21799b9524_w07.png,c3e3ed21799b9524,7,Field,Void
train/pd/c3e3ed21799b9524_w13.png,c3e3ed21799b9524,13,Field,Void
train/pd/c3e3ed21799b9524_w14.png,c3e3ed21799b9524,14,Field,Void
train/pd/c3e3ed21799b9524_w16.png,c3e3ed21799b9524,16,Field,Void
train/pd/c3e3ed21799b9524_w22.png,c3e3ed21799b9524,22,Field,Void
train/pd/c40d3f5a6da0032b_w03.png,c40d3f5a6da0032b,3,Lab,Void
train/pd/c40d3f5a6da0032b_w05.png,c40d3f5a6da0032b,5,Lab,Void
train/pd/c40d3f5a6da0032b_w07.png,c40d3f5a6da0032b,7,Lab,Void
train/pd/c40d3f5a6da0032b_w08.png,c40d3f5a6da0032b,8,Lab,Void
train/pd/c40d3f5a6da0032b_w16.png,c40d3f5a6da0032b,16,Lab,Void
train/pd/c40d3f5a6da0032b_w17.png,c40d3f5a6da0032b,17,Lab,Void
train/pd/c40d3f5a6da0032b_w20.png,c40d3f5a6da0032b,20,Lab,Void
train/pd/c40d3f5a6da0032b_w23.png,c40d3f5a6da0032b,23,Lab,Void
train/pd/c428cafb8cb77cfa_w00.png,c428cafb8cb77cfa,0,Field,Void
train/pd/c428cafb8cb77cfa_w07.png,c428cafb8cb77cfa,7,Field,Void
train/pd/c428cafb8cb77cfa_w09.png,c428cafb8cb77cfa,9,Field,Void
train/pd/c428cafb8cb77cfa_w11.png,c428cafb8cb77cfa,11,Field,Void
train/pd/c428cafb8cb77cfa_w14.png,c428cafb8cb77cfa,14,Field,Void
train/pd/c428cafb8cb77cfa_w15.png,c428cafb8cb77cfa,15,Field,Void
train/pd/c428cafb8cb77cfa_w18.png,c428cafb8cb77cfa,18,Field,Void
train/pd/c428cafb8cb77cfa_w19.png,c428cafb8cb77cfa,19,Field,Void
train/pd/c441f0d705ad5408_w00.png,c441f0d705ad5408,0,Field,Void
train/pd/c441f0d705ad5408_w05.png,c441f0d705ad5408,5,Field,Void
train/pd/c441f0d705ad5408_w07.png,c441f0d705ad5408,7,Field,Void
train/pd/c441f0d705ad5408_w10.png,c441f0d705ad5408,10,Field,Void
train/pd/c441f0d705ad5408_w11.png,c441f0d705ad5408,11,Field,Void
train/pd/c441f0d705ad5408_w16.png,c441f0d705ad5408,16,Field,Void
train/pd/c441f0d705ad5408_w19.png,c441f0d705ad5408,19,Field,Void
train/pd/c441f0d705ad5408_w23.png,c441f0d705ad5408,23,Field,Void
train/pd/c4642d87c87563d5_w03.png,c4642d87c87563d5,3,Lab,Floating
train/pd/c4642d87c87563d5_w04.png,c4642d87c87563d5,4,Lab,Floating
train/pd/c4642d87c87563d5_w16.png,c4642d87c87563d5,16,Lab,Floating
train/pd/c4642d87c87563d5_w18.png,c4642d87c87563d5,18,Lab,Floating
train/pd/c4642d87c87563d5_w19.png,c4642d87c87563d5,19,Lab,Floating
train/pd/c4642d87c87563d5_w21.png,c4642d87c87563d5,21,Lab,Floating
train/pd/c4642d87c87563d5_w23.png,c4642d87c87563d5,23,Lab,Floating
train/pd/c4642d87c87563d5_w26.png,c4642d87c87563d5,26,Lab,Floating
train/pd/c4a787681d83a624_w01.png,c4a787681d83a624,1,Lab,Void
train/pd/c4a787681d83a624_w03.png,c4a787681d83a624,3,Lab,Void
train/pd/c4a787681d83a624_w04.png,c4a787681d83a624,4,Lab,Void
train/pd/c4a787681d83a624_w05.png,c4a787681d83a624,5,Lab,Void
train/pd/c4a787681d83a624_w10.png,c4a787681d83a624,10,Lab,Void
train/pd/c4a787681d83a624_w18.png,c4a787681d83a624,18,Lab,Void
train/pd/c4a787681d83a624_w19.png,c4a787681d83a624,19,Lab,Void
train/pd/c4a787681d83a624_w21.png,c4a787681d83a624,21,Lab,Void
train/pd/c53d53ba40a57145_w01.png,c53d53ba40a57145,1,Lab,Floating
train/pd/c53d53ba40a57145_w04.png,c53d53ba40a57145,4,Lab,Floating
train/pd/c53d53ba40a57145_w08.png,c53d53ba40a57145,8,Lab,Floating
train/pd/c53d53ba40a57145_w11.png,c53d53ba40a57145,11,Lab,Floating
train/pd/c53d53ba40a57145_w12.png,c53d53ba40a57145,12,Lab,Floating
train/pd/c53d53ba40a57145_w16.png,c53d53ba40a57145,16,Lab,Floating
train/pd/c53d53ba40a57145_w18.png,c53d53ba40a57145,18,Lab,Floating
train/pd/c53d53ba40a57145_w27.png,c53d53ba40a57145,27,Lab,Floating
train/pd/c56aa0dd34b8a60e_w04.png,c56aa0dd34b8a60e,4,Lab,Void
train/pd/c56aa0dd34b8a60e_w05.png,c56aa0dd34b8a60e,5,Lab,Void
train/pd/c56aa0dd34b8a60e_w07.png,c56aa0dd34b8a60e,7,Lab,Void
train/pd/c56aa0dd34b8a60e_w09.png,c56aa0dd34b8a60e,9,Lab,Void
train/pd/c56aa0dd34b8a60e_w11.png,c56aa0dd34b8a60e,11,Lab,Void
train/pd/c56aa0dd34b8a60e_w18.png,c56aa0dd34b8a60e,18,Lab,Void
train/pd/c56aa0dd34b8a60e_w25.png,c56aa0dd34b8a60e,25,Lab,Void
train/pd/c56aa0dd34b8a60e_w26.png,c56aa0dd34b8a60e,26,Lab,Void
train/pd/c57571df5f14ef59_w03.png,c57571df5f14ef59,3,Field,Floating
train/pd/c57571df5f14ef59_w05.png,c57571df5f14ef59,5,Field,Floating
train/pd/c57571df5f14ef59_w15.png,c57571df5f14ef59,15,Field,Floating
train/pd/c57571df5f14ef59_w16.png,c57571df5f14ef59,16,Field,Floating
train/pd/c57571df5f14ef59_w20.png,c57571df5f14ef59,20,Field,Floating
train/pd/c57571df5f14ef59_w22.png,c57571df5f14ef59,22,Field,Floating
train/pd/c57571df5f14ef59_w24.png,c57571df5f14ef59,24,Field,Floating
train/pd/c57571df5f14ef59_w27.png,c57571df5f14ef59,27,Field,Floating
train/pd/c5a5b29088363718_w01.png,c5a5b29088363718,1,Field,Void
train/pd/c5a5b29088363718_w10.png,c5a5b29088363718,10,Field,Void
train/pd/c5a5b29088363718_w14.png,c5a5b29088363718,14,Field,Void
train/pd/c5a5b29088363718_w15.png,c5a5b29088363718,15,Field,Void
train/pd/c5a5b29088363718_w19.png,c5a5b29088363718,19,Field,Void
train/pd/c5a5b29088363718_w20.png,c5a5b29088363718,20,Field,Void
train/pd/c5a5b29088363718_w21.png,c5a5b29088363718,21,Field,Void
train/pd/c5a5b29088363718_w25.png,c5a5b29088363718,25,Field,Void
train/pd/c5bfba09e120085c_w01.png,c5bfba09e120085c,1,Lab,Void
train/pd/c5bfba09e120085c_w02.png,c5bfba09e120085c,2,Lab,Void
train/pd/c5bfba09e120085c_w05.png,c5bfba09e120085c,5,Lab,Void
train/pd/c5bfba09e120085c_w13.png,c5bfba09e120085c,13,Lab,Void
train/pd/c5bfba09e120085c_w14.png,c5bfba09e120085c,14,Lab,Void
train/pd/c5bfba09e120085c_w15.png,c5bfba09e120085c,15,Lab,Void
train/pd/c5bfba09e120085c_w20.png,c5bfba09e120085c,20,Lab,Void
train/pd/c5bfba09e120085c_w26.png,c5bfba09e120085c,26,Lab,Void
train/pd/c5e06f9698e7ed5d_w02.png,c5e06f9698e7ed5d,2,Field,Void
train/pd/c5e06f9698e7ed5d_w08.png,c5e06f9698e7ed5d,8,Field,Void
train/pd/c5e06f9698e7ed5d_w10.png,c5e06f9698e7ed5d,10,Field,Void
train/pd/c5e06f9698e7ed5d_w15.png,c5e06f9698e7ed5d,15,Field,Void
train/pd/c5e06f9698e7ed5d_w16.png,c5e06f9698e7ed5d,16,Field,Void
train/pd/c5e06f9698e7ed5d_w17.png,c5e06f9698e7ed5d,17,Field,Void
train/pd/c5e06f9698e7ed5d_w20.png,c5e06f9698e7ed5d,20,Field,Void
train/pd/c5e06f9698e7ed5d_w25.png,c5e06f9698e7ed5d,25,Field,Void
train/pd/c5e1c4177cafcd96_w02.png,c5e1c4177cafcd96,2,Lab,Corona
train/pd/c5e1c4177cafcd96_w04.png,c5e1c4177cafcd96,4,Lab,Corona
train/pd/c5e1c4177cafcd96_w09.png,c5e1c4177cafcd96,9,Lab,Corona
train/pd/c5e1c4177cafcd96_w11.png,c5e1c4177cafcd96,11,Lab,Corona
train/pd/c5e1c4177cafcd96_w12.png,c5e1c4177cafcd96,12,Lab,Corona
train/pd/c5e1c4177cafcd96_w23.png,c5e1c4177cafcd96,23,Lab,Corona
train/pd/c5e1c4177cafcd96_w24.png,c5e1c4177cafcd96,24,Lab,Corona
train/pd/c5e1c4177cafcd96_w26.png,c5e1c4177cafcd96,26,Lab,Corona
train/pd/c5e229cf5c55bcf5_w02.png,c5e229cf5c55bcf5,2,Field,Floating
train/pd/c5e229cf5c55bcf5_w04.png,c5e229cf5c55bcf5,4,Field,Floating
train/pd/c5e229cf5c55bcf5_w05.png,c5e229cf5c55bcf5,5,Field,Floating
train/pd/c5e229cf5c55bcf5_w07.png,c5e229cf5c55bcf5,7,Field,Floating
train/pd/c5e229cf5c55bcf5_w15.png,c5e229cf5c55bcf5,15,Field,Floating
train/pd/c5e229cf5c55bcf5_w16.png,c5e229cf5c55bcf5,16,Field,Floating
train/pd/c5e229cf5c55bcf5_w18.png,c5e229cf5c55bcf5,18,Field,Floating
train/pd/c5e229cf5c55bcf5_w24.png,c5e229cf5c55bcf5,24,Field,Floating
train/pd/c5f3521579af0b8d_w03.png,c5f3521579af0b8d,3,Field,Void
train/pd/c5f3521579af0b8d_w06.png,c5f3521579af0b8d,6,Field,Void
train/pd/c5f3521579af0b8d_w18.png,c5f3521579af0b8d,18,Field,Void
train/pd/c5f3521579af0b8d_w20.png,c5f3521579af0b8d,20,Field,Void
train/pd/c5f3521579af0b8d_w22.png,c5f3521579af0b8d,22,Field,Void
train/pd/c5f3521579af0b8d_w23.png,c5f3521579af0b8d,23,Field,Void
train/pd/c5f3521579af0b8d_w24.png,c5f3521579af0b8d,24,Field,Void
train/pd/c5f3521579af0b8d_w27.png,c5f3521579af0b8d,27,Field,Void
train/pd/c622399aec282928_w02.png,c622399aec282928,2,Lab,Corona
train/pd/c622399aec282928_w12.png,c622399aec282928,12,Lab,Corona
train/pd/c622399aec282928_w13.png,c622399aec282928,13,Lab,Corona
train/pd/c622399aec282928_w18.png,c622399aec282928,18,Lab,Corona
train/pd/c622399aec282928_w19.png,c622399aec282928,19,Lab,Corona
train/pd/c622399aec282928_w21.png,c622399aec282928,21,Lab,Corona
train/pd/c622399aec282928_w25.png,c622399aec282928,25,Lab,Corona
train/pd/c622399aec282928_w27.png,c622399aec282928,27,Lab,Corona
train/pd/c63bc41568f09db7_w00.png,c63bc41568f09db7,0,Lab,Floating
train/pd/c63bc41568f09db7_w01.png,c63bc41568f09db7,1,Lab,Floating
train/pd/c63bc41568f09db7_w05.png,c63bc41568f09db7,5,Lab,Floating
train/pd/c63bc41568f09db7_w10.png,c63bc41568f09db7,10,Lab,Floating
train/pd/c63bc41568f09db7_w19.png,c63bc41568f09db7,19,Lab,Floating
train/pd/c63bc41568f09db7_w22.png,c63bc41568f09db7,22,Lab,Floating
train/pd/c63bc41568f09db7_w24.png,c63bc41568f09db7,24,Lab,Floating
train/pd/c63bc41568f09db7_w27.png,c63bc41568f09db7,27,Lab,Floating
train/pd/c6aa652b8c502022_w04.png,c6aa652b8c502022,4,Lab,Corona
train/pd/c6aa652b8c502022_w05.png,c6aa652b8c502022,5,Lab,Corona
train/pd/c6aa652b8c502022_w11.png,c6aa652b8c502022,11,Lab,Corona
train/pd/c6aa652b8c502022_w14.png,c6aa652b8c502022,14,Lab,Corona
train/pd/c6aa652b8c502022_w15.png,c6aa652b8c502022,15,Lab,Corona
train/pd/c6aa652b8c502022_w19.png,c6aa652b8c502022,19,Lab,Corona
train/pd/c6aa652b8c502022_w22.png,c6aa652b8c502022,22,Lab,Corona
train/pd/c6aa652b8c502022_w25.png,c6aa652b8c502022,25,Lab,Corona
train/pd/c6b0f3c3ca7ca183_w05.png,c6b0f3c3ca7ca183,5,Lab,Particle
train/pd/c6b0f3c3ca7ca183_w15.png,c6b0f3c3ca7ca183,15,Lab,Particle
train/pd/c6b0f3c3ca7ca183_w16.png,c6b0f3c3ca7ca183,16,Lab,Particle
train/pd/c6b0f3c3ca7ca183_w17.png,c6b0f3c3ca7ca183,17,Lab,Particle
train/pd/c6b0f3c3ca7ca183_w20.png,c6b0f3c3ca7ca183,20,Lab,Particle
train/pd/c6b0f3c3ca7ca183_w21.png,c6b0f3c3ca7ca183,21,Lab,Particle
train/pd/c6b0f3c3ca7ca183_w25.png,c6b0f3c3ca7ca183,25,Lab,Particle
train/pd/c6b0f3c3ca7ca183_w26.png,c6b0f3c3ca7ca183,26,Lab,Particle
train/pd/c6b92ba72ba66fbe_w00.png,c6b92ba72ba66fbe,0,Lab,Void
train/pd/c6b92ba72ba66fbe_w07.png,c6b92ba72ba66fbe,7,Lab,Void
train/pd/c6b92ba72ba66fbe_w08.png,c6b92ba72ba66fbe,8,Lab,Void
train/pd/c6b92ba72ba66fbe_w09.png,c6b92ba72ba66fbe,9,Lab,Void
train/pd/c6b92ba72ba66fbe_w14.png,c6b92ba72ba66fbe,14,Lab,Void
train/pd/c6b92ba72ba66fbe_w15.png,c6b92ba72ba66fbe,15,Lab,Void
train/pd/c6b92ba72ba66fbe_w23.png,c6b92ba72ba66fbe,23,Lab,Void
train/pd/c6b92ba72ba66fbe_w27.png,c6b92ba72ba66fbe,27,Lab,Void
train/pd/c6bbd91ebfd5ae40_w01.png,c6bbd91ebfd5ae40,1,Lab,Void
train/pd/c6bbd91ebfd5ae40_w02.png,c6bbd91ebfd5ae40,2,Lab,Void
train/pd/c6bbd91ebfd5ae40_w04.png,c6bbd91ebfd5ae40,4,Lab,Void
train/pd/c6bbd91ebfd5ae40_w12.png,c6bbd91ebfd5ae40,12,Lab,Void
train/pd/c6bbd91ebfd5ae40_w14.png,c6bbd91ebfd5ae40,14,Lab,Void
train/pd/c6bbd91ebfd5ae40_w19.png,c6bbd91ebfd5ae40,19,Lab,Void
train/pd/c6bbd91ebfd5ae40_w21.png,c6bbd91ebfd5ae40,21,Lab,Void
train/pd/c6bbd91ebfd5ae40_w22.png,c6bbd91ebfd5ae40,22,Lab,Void
train/pd/c6c26b761d1ccc2c_w00.png,c6c26b761d1ccc2c,0,Lab,Corona
train/pd/c6c26b761d1ccc2c_w01.png,c6c26b761d1ccc2c,1,Lab,Corona
train/pd/c6c26b761d1ccc2c_w07.png,c6c26b761d1ccc2c,7,Lab,Corona
train/pd/c6c26b761d1ccc2c_w10.png,c6c26b761d1ccc2c,10,Lab,Corona
train/pd/c6c26b761d1ccc2c_w12.png,c6c26b761d1ccc2c,12,Lab,Corona
train/pd/c6c26b761d1ccc2c_w13.png,c6c26b761d1ccc2c,13,Lab,Corona
train/pd/c6c26b761d1ccc2c_w19.png,c6c26b761d1ccc2c,19,Lab,Corona
train/pd/c6c26b761d1ccc2c_w20.png,c6c26b761d1ccc2c,20,Lab,Corona
train/pd/c6d8a9e1bb4b33b7_w03.png,c6d8a9e1bb4b33b7,3,Lab,Particle
train/pd/c6d8a9e1bb4b33b7_w10.png,c6d8a9e1bb4b33b7,10,Lab,Particle
train/pd/c6d8a9e1bb4b33b7_w13.png,c6d8a9e1bb4b33b7,13,Lab,Particle
train/pd/c6d8a9e1bb4b33b7_w17.png,c6d8a9e1bb4b33b7,17,Lab,Particle
train/pd/c6d8a9e1bb4b33b7_w18.png,c6d8a9e1bb4b33b7,18,Lab,Particle
train/pd/c6d8a9e1bb4b33b7_w19.png,c6d8a9e1bb4b33b7,19,Lab,Particle
train/pd/c6d8a9e1bb4b33b7_w25.png,c6d8a9e1bb4b33b7,25,Lab,Particle
train/pd/c6d8a9e1bb4b33b7_w27.png,c6d8a9e1bb4b33b7,27,Lab,Particle
train/pd/c719295c3d4eb83b_w11.png,c719295c3d4eb83b,11,Field,Void
train/pd/c719295c3d4eb83b_w13.png,c719295c3d4eb83b,13,Field,Void
train/pd/c719295c3d4eb83b_w16.png,c719295c3d4eb83b,16,Field,Void
train/pd/c719295c3d4eb83b_w19.png,c719295c3d4eb83b,19,Field,Void
train/pd/c719295c3d4eb83b_w20.png,c719295c3d4eb83b,20,Field,Void
train/pd/c719295c3d4eb83b_w21.png,c719295c3d4eb83b,21,Field,Void
train/pd/c719295c3d4eb83b_w22.png,c719295c3d4eb83b,22,Field,Void
train/pd/c719295c3d4eb83b_w24.png,c719295c3d4eb83b,24,Field,Void
train/pd/c740789c2f0bba8b_w04.png,c740789c2f0bba8b,4,Lab,Floating
train/pd/c740789c2f0bba8b_w08.png,c740789c2f0bba8b,8,Lab,Floating
train/pd/c740789c2f0bba8b_w11.png,c740789c2f0bba8b,11,Lab,Floating
train/pd/c740789c2f0bba8b_w14.png,c740789c2f0bba8b,14,Lab,Floating
train/pd/c740789c2f0bba8b_w19.png,c740789c2f0bba8b,19,Lab,Floating
train/pd/c740789c2f0bba8b_w20.png,c740789c2f0bba8b,20,Lab,Floating
train/pd/c740789c2f0bba8b_w23.png,c740789c2f0bba8b,23,Lab,Floating
train/pd/c740789c2f0bba8b_w24.png,c740789c2f0bba8b,24,Lab,Floating
train/pd/c7455a7adf48081d_w01.png,c7455a7adf48081d,1,Lab,Corona
train/pd/c7455a7adf48081d_w02.png,c7455a7adf48081d,2,Lab,Corona
train/pd/c7455a7adf48081d_w04.png,c7455a7adf48081d,4,Lab,Corona
train/pd/c7455a7adf48081d_w15.png,c7455a7adf48081d,15,Lab,Corona
train/pd/c7455a7adf48081d_w18.png,c7455a7adf48081d,18,Lab,Corona
train/pd/c7455a7adf48081d_w19.png,c7455a7adf48081d,19,Lab,Corona
train/pd/c7455a7adf48081d_w20.png,c7455a7adf48081d,20,Lab,Corona
train/pd/c7455a7adf48081d_w21.png,c7455a7adf48081d,21,Lab,Corona
train/pd/c751c2816a3ac3e4_w00.png,c751c2816a3ac3e4,0,Lab,Void
train/pd/c751c2816a3ac3e4_w01.png,c751c2816a3ac3e4,1,Lab,Void
train/pd/c751c2816a3ac3e4_w09.png,c751c2816a3ac3e4,9,Lab,Void
train/pd/c751c2816a3ac3e4_w14.png,c751c2816a3ac3e4,14,Lab,Void
train/pd/c751c2816a3ac3e4_w15.png,c751c2816a3ac3e4,15,Lab,Void
train/pd/c751c2816a3ac3e4_w17.png,c751c2816a3ac3e4,17,Lab,Void
train/pd/c751c2816a3ac3e4_w19.png,c751c2816a3ac3e4,19,Lab,Void
train/pd/c751c2816a3ac3e4_w23.png,c751c2816a3ac3e4,23,Lab,Void
train/pd/c7686241fb775c14_w04.png,c7686241fb775c14,4,Lab,Particle
train/pd/c7686241fb775c14_w05.png,c7686241fb775c14,5,Lab,Particle
train/pd/c7686241fb775c14_w10.png,c7686241fb775c14,10,Lab,Particle
train/pd/c7686241fb775c14_w12.png,c7686241fb775c14,12,Lab,Particle
train/pd/c7686241fb775c14_w18.png,c7686241fb775c14,18,Lab,Particle
train/pd/c7686241fb775c14_w20.png,c7686241fb775c14,20,Lab,Particle
train/pd/c7686241fb775c14_w21.png,c7686241fb775c14,21,Lab,Particle
train/pd/c7686241fb775c14_w23.png,c7686241fb775c14,23,Lab,Particle
train/pd/c76d752692189cfa_w06.png,c76d752692189cfa,6,Lab,Void
train/pd/c76d752692189cfa_w11.png,c76d752692189cfa,11,Lab,Void
train/pd/c76d752692189cfa_w14.png,c76d752692189cfa,14,Lab,Void
train/pd/c76d752692189cfa_w16.png,c76d752692189cfa,16,Lab,Void
train/pd/c76d752692189cfa_w20.png,c76d752692189cfa,20,Lab,Void
train/pd/c76d752692189cfa_w21.png,c76d752692189cfa,21,Lab,Void
train/pd/c76d752692189cfa_w22.png,c76d752692189cfa,22,Lab,Void
train/pd/c76d752692189cfa_w25.png,c76d752692189cfa,25,Lab,Void
train/pd/c76ff07fd002c1a0_w00.png,c76ff07fd002c1a0,0,Lab,Corona
train/pd/c76ff07fd002c1a0_w03.png,c76ff07fd002c1a0,3,Lab,Corona
train/pd/c76ff07fd002c1a0_w06.png,c76ff07fd002c1a0,6,Lab,Corona
train/pd/c76ff07fd002c1a0_w07.png,c76ff07fd002c1a0,7,Lab,Corona
train/pd/c76ff07fd002c1a0_w16.png,c76ff07fd002c1a0,16,Lab,Corona
train/pd/c76ff07fd002c1a0_w17.png,c76ff07fd002c1a0,17,Lab,Corona
train/pd/c76ff07fd002c1a0_w20.png,c76ff07fd002c1a0,20,Lab,Corona
train/pd/c76ff07fd002c1a0_w22.png,c76ff07fd002c1a0,22,Lab,Corona
train/pd/c7a3098779c409dd_w00.png,c7a3098779c409dd,0,Lab,Void
train/pd/c7a3098779c409dd_w03.png,c7a3098779c409dd,3,Lab,Void
train/pd/c7a3098779c409dd_w07.png,c7a3098779c409dd,7,Lab,Void
train/pd/c7a3098779c409dd_w08.png,c7a3098779c409dd,8,Lab,Void
train/pd/c7a3098779c409dd_w13.png,c7a3098779c409dd,13,Lab,Void
train/pd/c7a3098779c409dd_w20.png,c7a3098779c409dd,20,Lab,Void
train/pd/c7a3098779c409dd_w21.png,c7a3098779c409dd,21,Lab,Void
train/pd/c7a3098779c409dd_w22.png,c7a3098779c409dd,22,Lab,Void
train/pd/c7e6d39c513e0834_w00.png,c7e6d39c513e0834,0,Field,Floating
train/pd/c7e6d39c513e0834_w07.png,c7e6d39c513e0834,7,Field,Floating
train/pd/c7e6d39c513e0834_w08.png,c7e6d39c513e0834,8,Field,Floating
train/pd/c7e6d39c513e0834_w09.png,c7e6d39c513e0834,9,Field,Floating
train/pd/c7e6d39c513e0834_w15.png,c7e6d39c513e0834,15,Field,Floating
train/pd/c7e6d39c513e0834_w17.png,c7e6d39c513e0834,17,Field,Floating
train/pd/c7e6d39c513e0834_w20.png,c7e6d39c513e0834,20,Field,Floating
train/pd/c7e6d39c513e0834_w26.png,c7e6d39c513e0834,26,Field,Floating
train/pd/c81abfc8603585f7_w00.png,c81abfc8603585f7,0,Field,Corona
train/pd/c81abfc8603585f7_w02.png,c81abfc8603585f7,2,Field,Corona
train/pd/c81abfc8603585f7_w09.png,c81abfc8603585f7,9,Field,Corona
train/pd/c81abfc8603585f7_w10.png,c81abfc8603585f7,10,Field,Corona
train/pd/c81abfc8603585f7_w20.png,c81abfc8603585f7,20,Field,Corona
train/pd/c81abfc8603585f7_w21.png,c81abfc8603585f7,21,Field,Corona
train/pd/c81abfc8603585f7_w26.png,c81abfc8603585f7,26,Field,Corona
train/pd/c81abfc8603585f7_w27.png,c81abfc8603585f7,27,Field,Corona
train/pd/c81e32745d3c8e59_w05.png,c81e32745d3c8e59,5,Lab,Void
train/pd/c81e32745d3c8e59_w06.png,c81e32745d3c8e59,6,Lab,Void
train/pd/c81e32745d3c8e59_w07.png,c81e32745d3c8e59,7,Lab,Void
train/pd/c81e32745d3c8e59_w14.png,c81e32745d3c8e59,14,Lab,Void
train/pd/c81e32745d3c8e59_w15.png,c81e32745d3c8e59,15,Lab,Void
train/pd/c81e32745d3c8e59_w16.png,c81e32745d3c8e59,16,Lab,Void
train/pd/c81e32745d3c8e59_w17.png,c81e32745d3c8e59,17,Lab,Void
train/pd/c81e32745d3c8e59_w26.png,c81e32745d3c8e59,26,Lab,Void
train/pd/c82f64a561030c30_w01.png,c82f64a561030c30,1,Lab,Corona
train/pd/c82f64a561030c30_w04.png,c82f64a561030c30,4,Lab,Corona
train/pd/c82f64a561030c30_w10.png,c82f64a561030c30,10,Lab,Corona
train/pd/c82f64a561030c30_w13.png,c82f64a561030c30,13,Lab,Corona
train/pd/c82f64a561030c30_w14.png,c82f64a561030c30,14,Lab,Corona
train/pd/c82f64a561030c30_w17.png,c82f64a561030c30,17,Lab,Corona
train/pd/c82f64a561030c30_w18.png,c82f64a561030c30,18,Lab,Corona
train/pd/c82f64a561030c30_w25.png,c82f64a561030c30,25,Lab,Corona
train/pd/c83402851cee2c5d_w02.png,c83402851cee2c5d,2,Lab,Particle
train/pd/c83402851cee2c5d_w05.png,c83402851cee2c5d,5,Lab,Particle
train/pd/c83402851cee2c5d_w06.png,c83402851cee2c5d,6,Lab,Particle
train/pd/c83402851cee2c5d_w12.png,c83402851cee2c5d,12,Lab,Particle
train/pd/c83402851cee2c5d_w17.png,c83402851cee2c5d,17,Lab,Particle
train/pd/c83402851cee2c5d_w18.png,c83402851cee2c5d,18,Lab,Particle
train/pd/c83402851cee2c5d_w19.png,c83402851cee2c5d,19,Lab,Particle
train/pd/c83402851cee2c5d_w22.png,c83402851cee2c5d,22,Lab,Particle
train/pd/c85df574e1ca2081_w05.png,c85df574e1ca2081,5,Lab,Floating
train/pd/c85df574e1ca2081_w07.png,c85df574e1ca2081,7,Lab,Floating
train/pd/c85df574e1ca2081_w10.png,c85df574e1ca2081,10,Lab,Floating
train/pd/c85df574e1ca2081_w17.png,c85df574e1ca2081,17,Lab,Floating
train/pd/c85df574e1ca2081_w19.png,c85df574e1ca2081,19,Lab,Floating
train/pd/c85df574e1ca2081_w22.png,c85df574e1ca2081,22,Lab,Floating
train/pd/c85df574e1ca2081_w26.png,c85df574e1ca2081,26,Lab,Floating
train/pd/c85df574e1ca2081_w27.png,c85df574e1ca2081,27,Lab,Floating
train/pd/c86a37f575a3ddaa_w00.png,c86a37f575a3ddaa,0,Lab,Void
train/pd/c86a37f575a3ddaa_w03.png,c86a37f575a3ddaa,3,Lab,Void
train/pd/c86a37f575a3ddaa_w06.png,c86a37f575a3ddaa,6,Lab,Void
train/pd/c86a37f575a3ddaa_w10.png,c86a37f575a3ddaa,10,Lab,Void
train/pd/c86a37f575a3ddaa_w11.png,c86a37f575a3ddaa,11,Lab,Void
train/pd/c86a37f575a3ddaa_w13.png,c86a37f575a3ddaa,13,Lab,Void
train/pd/c86a37f575a3ddaa_w22.png,c86a37f575a3ddaa,22,Lab,Void
train/pd/c86a37f575a3ddaa_w23.png,c86a37f575a3ddaa,23,Lab,Void
train/pd/c889ac65710f31e4_w04.png,c889ac65710f31e4,4,Lab,Particle
train/pd/c889ac65710f31e4_w06.png,c889ac65710f31e4,6,Lab,Particle
train/pd/c889ac65710f31e4_w07.png,c889ac65710f31e4,7,Lab,Particle
train/pd/c889ac65710f31e4_w09.png,c889ac65710f31e4,9,Lab,Particle
train/pd/c889ac65710f31e4_w11.png,c889ac65710f31e4,11,Lab,Particle
train/pd/c889ac65710f31e4_w12.png,c889ac65710f31e4,12,Lab,Particle
train/pd/c889ac65710f31e4_w17.png,c889ac65710f31e4,17,Lab,Particle
train/pd/c889ac65710f31e4_w23.png,c889ac65710f31e4,23,Lab,Particle
train/pd/c895d05c37d69bb8_w00.png,c895d05c37d69bb8,0,Lab,Corona
train/pd/c895d05c37d69bb8_w01.png,c895d05c37d69bb8,1,Lab,Corona
train/pd/c895d05c37d69bb8_w06.png,c895d05c37d69bb8,6,Lab,Corona
train/pd/c895d05c37d69bb8_w10.png,c895d05c37d69bb8,10,Lab,Corona
train/pd/c895d05c37d69bb8_w12.png,c895d05c37d69bb8,12,Lab,Corona
train/pd/c895d05c37d69bb8_w17.png,c895d05c37d69bb8,17,Lab,Corona
train/pd/c895d05c37d69bb8_w20.png,c895d05c37d69bb8,20,Lab,Corona
train/pd/c895d05c37d69bb8_w23.png,c895d05c37d69bb8,23,Lab,Corona
train/pd/c89931d2ea9b3ff1_w02.png,c89931d2ea9b3ff1,2,Lab,Void
train/pd/c89931d2ea9b3ff1_w07.png,c89931d2ea9b3ff1,7,Lab,Void
train/pd/c89931d2ea9b3ff1_w08.png,c89931d2ea9b3ff1,8,Lab,Void
train/pd/c89931d2ea9b3ff1_w12.png,c89931d2ea9b3ff1,12,Lab,Void
train/pd/c89931d2ea9b3ff1_w16.png,c89931d2ea9b3ff1,16,Lab,Void
train/pd/c89931d2ea9b3ff1_w17.png,c89931d2ea9b3ff1,17,Lab,Void
train/pd/c89931d2ea9b3ff1_w18.png,c89931d2ea9b3ff1,18,Lab,Void
train/pd/c89931d2ea9b3ff1_w21.png,c89931d2ea9b3ff1,21,Lab,Void
train/pd/c8a35286e0dc2835_w02.png,c8a35286e0dc2835,2,Lab,Void
train/pd/c8a35286e0dc2835_w07.png,c8a35286e0dc2835,7,Lab,Void
train/pd/c8a35286e0dc2835_w15.png,c8a35286e0dc2835,15,Lab,Void
train/pd/c8a35286e0dc2835_w17.png,c8a35286e0dc2835,17,Lab,Void
train/pd/c8a35286e0dc2835_w20.png,c8a35286e0dc2835,20,Lab,Void
train/pd/c8a35286e0dc2835_w24.png,c8a35286e0dc2835,24,Lab,Void
train/pd/c8a35286e0dc2835_w25.png,c8a35286e0dc2835,25,Lab,Void
train/pd/c8a35286e0dc2835_w27.png,c8a35286e0dc2835,27,Lab,Void
train/pd/c8d494db6e96ae62_w02.png,c8d494db6e96ae62,2,Lab,Particle
train/pd/c8d494db6e96ae62_w04.png,c8d494db6e96ae62,4,Lab,Particle
train/pd/c8d494db6e96ae62_w07.png,c8d494db6e96ae62,7,Lab,Particle
train/pd/c8d494db6e96ae62_w08.png,c8d494db6e96ae62,8,Lab,Particle
train/pd/c8d494db6e96ae62_w14.png,c8d494db6e96ae62,14,Lab,Particle
train/pd/c8d494db6e96ae62_w17.png,c8d494db6e96ae62,17,Lab,Particle
train/pd/c8d494db6e96ae62_w19.png,c8d494db6e96ae62,19,Lab,Particle
train/pd/c8d494db6e96ae62_w22.png,c8d494db6e96ae62,22,Lab,Particle
train/pd/c8e560ebf77333ca_w06.png,c8e560ebf77333ca,6,Lab,Corona
train/pd/c8e560ebf77333ca_w10.png,c8e560ebf77333ca,10,Lab,Corona
train/pd/c8e560ebf77333ca_w11.png,c8e560ebf77333ca,11,Lab,Corona
train/pd/c8e560ebf77333ca_w14.png,c8e560ebf77333ca,14,Lab,Corona
train/pd/c8e560ebf77333ca_w17.png,c8e560ebf77333ca,17,Lab,Corona
train/pd/c8e560ebf77333ca_w21.png,c8e560ebf77333ca,21,Lab,Corona
train/pd/c8e560ebf77333ca_w24.png,c8e560ebf77333ca,24,Lab,Corona
train/pd/c8e560ebf77333ca_w25.png,c8e560ebf77333ca,25,Lab,Corona
train/pd/c908a59e2cdc7acd_w03.png,c908a59e2cdc7acd,3,Lab,Void
train/pd/c908a59e2cdc7acd_w07.png,c908a59e2cdc7acd,7,Lab,Void
train/pd/c908a59e2cdc7acd_w09.png,c908a59e2cdc7acd,9,Lab,Void
train/pd/c908a59e2cdc7acd_w11.png,c908a59e2cdc7acd,11,Lab,Void
train/pd/c908a59e2cdc7acd_w17.png,c908a59e2cdc7acd,17,Lab,Void
train/pd/c908a59e2cdc7acd_w19.png,c908a59e2cdc7acd,19,Lab,Void
train/pd/c908a59e2cdc7acd_w21.png,c908a59e2cdc7acd,21,Lab,Void
train/pd/c908a59e2cdc7acd_w23.png,c908a59e2cdc7acd,23,Lab,Void
train/pd/c91c616a5368e91a_w12.png,c91c616a5368e91a,12,Lab,Particle
train/pd/c91c616a5368e91a_w13.png,c91c616a5368e91a,13,Lab,Particle
train/pd/c91c616a5368e91a_w14.png,c91c616a5368e91a,14,Lab,Particle
train/pd/c91c616a5368e91a_w15.png,c91c616a5368e91a,15,Lab,Particle
train/pd/c91c616a5368e91a_w16.png,c91c616a5368e91a,16,Lab,Particle
train/pd/c91c616a5368e91a_w17.png,c91c616a5368e91a,17,Lab,Particle
train/pd/c91c616a5368e91a_w19.png,c91c616a5368e91a,19,Lab,Particle
train/pd/c91c616a5368e91a_w23.png,c91c616a5368e91a,23,Lab,Particle
train/pd/c921eae8552ad373_w00.png,c921eae8552ad373,0,Lab,Corona
train/pd/c921eae8552ad373_w03.png,c921eae8552ad373,3,Lab,Corona
train/pd/c921eae8552ad373_w04.png,c921eae8552ad373,4,Lab,Corona
train/pd/c921eae8552ad373_w12.png,c921eae8552ad373,12,Lab,Corona
train/pd/c921eae8552ad373_w15.png,c921eae8552ad373,15,Lab,Corona
train/pd/c921eae8552ad373_w16.png,c921eae8552ad373,16,Lab,Corona
train/pd/c921eae8552ad373_w21.png,c921eae8552ad373,21,Lab,Corona
train/pd/c921eae8552ad373_w22.png,c921eae8552ad373,22,Lab,Corona
train/pd/c95da34a6eaf2bd0_w03.png,c95da34a6eaf2bd0,3,Lab,Void
train/pd/c95da34a6eaf2bd0_w04.png,c95da34a6eaf2bd0,4,Lab,Void
train/pd/c95da34a6eaf2bd0_w06.png,c95da34a6eaf2bd0,6,Lab,Void
train/pd/c95da34a6eaf2bd0_w12.png,c95da34a6eaf2bd0,12,Lab,Void
train/pd/c95da34a6eaf2bd0_w17.png,c95da34a6eaf2bd0,17,Lab,Void
train/pd/c95da34a6eaf2bd0_w19.png,c95da34a6eaf2bd0,19,Lab,Void
train/pd/c95da34a6eaf2bd0_w22.png,c95da34a6eaf2bd0,22,Lab,Void
train/pd/c95da34a6eaf2bd0_w24.png,c95da34a6eaf2bd0,24,Lab,Void
train/pd/c98ca53c42a02594_w01.png,c98ca53c42a02594,1,Lab,Void
train/pd/c98ca53c42a02594_w04.png,c98ca53c42a02594,4,Lab,Void
train/pd/c98ca53c42a02594_w07.png,c98ca53c42a02594,7,Lab,Void
train/pd/c98ca53c42a02594_w11.png,c98ca53c42a02594,11,Lab,Void
train/pd/c98ca53c42a02594_w15.png,c98ca53c42a02594,15,Lab,Void
train/pd/c98ca53c42a02594_w22.png,c98ca53c42a02594,22,Lab,Void
train/pd/c98ca53c42a02594_w23.png,c98ca53c42a02594,23,Lab,Void
train/pd/c98ca53c42a02594_w27.png,c98ca53c42a02594,27,Lab,Void
train/pd/c9e6d71fd4edf39e_w00.png,c9e6d71fd4edf39e,0,Lab,Particle
train/pd/c9e6d71fd4edf39e_w05.png,c9e6d71fd4edf39e,5,Lab,Particle
train/pd/c9e6d71fd4edf39e_w06.png,c9e6d71fd4edf39e,6,Lab,Particle
train/pd/c9e6d71fd4edf39e_w08.png,c9e6d71fd4edf39e,8,Lab,Particle
train/pd/c9e6d71fd4edf39e_w18.png,c9e6d71fd4edf39e,18,Lab,Particle
train/pd/c9e6d71fd4edf39e_w20.png,c9e6d71fd4edf39e,20,Lab,Particle
train/pd/c9e6d71fd4edf39e_w22.png,c9e6d71fd4edf39e,22,Lab,Particle
train/pd/c9e6d71fd4edf39e_w24.png,c9e6d71fd4edf39e,24,Lab,Particle
train/pd/ca15f11903e9d5aa_w05.png,ca15f11903e9d5aa,5,Lab,Particle
train/pd/ca15f11903e9d5aa_w07.png,ca15f11903e9d5aa,7,Lab,Particle
train/pd/ca15f11903e9d5aa_w09.png,ca15f11903e9d5aa,9,Lab,Particle
train/pd/ca15f11903e9d5aa_w11.png,ca15f11903e9d5aa,11,Lab,Particle
train/pd/ca15f11903e9d5aa_w13.png,ca15f11903e9d5aa,13,Lab,Particle
train/pd/ca15f11903e9d5aa_w14.png,ca15f11903e9d5aa,14,Lab,Particle
train/pd/ca15f11903e9d5aa_w20.png,ca15f11903e9d5aa,20,Lab,Particle
train/pd/ca15f11903e9d5aa_w22.png,ca15f11903e9d5aa,22,Lab,Particle
train/pd/ca27b4aea180f620_w04.png,ca27b4aea180f620,4,Field,Void
train/pd/ca27b4aea180f620_w06.png,ca27b4aea180f620,6,Field,Void
train/pd/ca27b4aea180f620_w13.png,ca27b4aea180f620,13,Field,Void
train/pd/ca27b4aea180f620_w15.png,ca27b4aea180f620,15,Field,Void
train/pd/ca27b4aea180f620_w16.png,ca27b4aea180f620,16,Field,Void
train/pd/ca27b4aea180f620_w22.png,ca27b4aea180f620,22,Field,Void
train/pd/ca27b4aea180f620_w25.png,ca27b4aea180f620,25,Field,Void
train/pd/ca27b4aea180f620_w26.png,ca27b4aea180f620,26,Field,Void
train/pd/ca52f1671d6778d1_w01.png,ca52f1671d6778d1,1,Lab,Floating
train/pd/ca52f1671d6778d1_w02.png,ca52f1671d6778d1,2,Lab,Floating
train/pd/ca52f1671d6778d1_w08.png,ca52f1671d6778d1,8,Lab,Floating
train/pd/ca52f1671d6778d1_w15.png,ca52f1671d6778d1,15,Lab,Floating
train/pd/ca52f1671d6778d1_w16.png,ca52f1671d6778d1,16,Lab,Floating
train/pd/ca52f1671d6778d1_w17.png,ca52f1671d6778d1,17,Lab,Floating
train/pd/ca52f1671d6778d1_w19.png,ca52f1671d6778d1,19,Lab,Floating
train/pd/ca52f1671d6778d1_w22.png,ca52f1671d6778d1,22,Lab,Floating
train/pd/ca55853e74b16d67_w02.png,ca55853e74b16d67,2,Lab,Corona
train/pd/ca55853e74b16d67_w05.png,ca55853e74b16d67,5,Lab,Corona
train/pd/ca55853e74b16d67_w16.png,ca55853e74b16d67,16,Lab,Corona
train/pd/ca55853e74b16d67_w18.png,ca55853e74b16d67,18,Lab,Corona
train/pd/ca55853e74b16d67_w19.png,ca55853e74b16d67,19,Lab,Corona
train/pd/ca55853e74b16d67_w24.png,ca55853e74b16d67,24,Lab,Corona
train/pd/ca55853e74b16d67_w25.png,ca55853e74b16d67,25,Lab,Corona
train/pd/ca55853e74b16d67_w27.png,ca55853e74b16d67,27,Lab,Corona
train/pd/ca5f3e76f1ae0340_w01.png,ca5f3e76f1ae0340,1,Lab,Particle
train/pd/ca5f3e76f1ae0340_w14.png,ca5f3e76f1ae0340,14,Lab,Particle
train/pd/ca5f3e76f1ae0340_w15.png,ca5f3e76f1ae0340,15,Lab,Particle
train/pd/ca5f3e76f1ae0340_w16.png,ca5f3e76f1ae0340,16,Lab,Particle
train/pd/ca5f3e76f1ae0340_w17.png,ca5f3e76f1ae0340,17,Lab,Particle
train/pd/ca5f3e76f1ae0340_w18.png,ca5f3e76f1ae0340,18,Lab,Particle
train/pd/ca5f3e76f1ae0340_w22.png,ca5f3e76f1ae0340,22,Lab,Particle
train/pd/ca5f3e76f1ae0340_w23.png,ca5f3e76f1ae0340,23,Lab,Particle
train/pd/ca642b76f62bb696_w02.png,ca642b76f62bb696,2,Lab,Void
train/pd/ca642b76f62bb696_w05.png,ca642b76f62bb696,5,Lab,Void
train/pd/ca642b76f62bb696_w06.png,ca642b76f62bb696,6,Lab,Void
train/pd/ca642b76f62bb696_w12.png,ca642b76f62bb696,12,Lab,Void
train/pd/ca642b76f62bb696_w13.png,ca642b76f62bb696,13,Lab,Void
train/pd/ca642b76f62bb696_w14.png,ca642b76f62bb696,14,Lab,Void
train/pd/ca642b76f62bb696_w16.png,ca642b76f62bb696,16,Lab,Void
train/pd/ca642b76f62bb696_w20.png,ca642b76f62bb696,20,Lab,Void
train/pd/ca76f95dd36a0c37_w01.png,ca76f95dd36a0c37,1,Lab,Corona
train/pd/ca76f95dd36a0c37_w07.png,ca76f95dd36a0c37,7,Lab,Corona
train/pd/ca76f95dd36a0c37_w08.png,ca76f95dd36a0c37,8,Lab,Corona
train/pd/ca76f95dd36a0c37_w11.png,ca76f95dd36a0c37,11,Lab,Corona
train/pd/ca76f95dd36a0c37_w16.png,ca76f95dd36a0c37,16,Lab,Corona
train/pd/ca76f95dd36a0c37_w23.png,ca76f95dd36a0c37,23,Lab,Corona
train/pd/ca76f95dd36a0c37_w24.png,ca76f95dd36a0c37,24,Lab,Corona
train/pd/ca76f95dd36a0c37_w27.png,ca76f95dd36a0c37,27,Lab,Corona
train/pd/ca7abe84258f3aef_w06.png,ca7abe84258f3aef,6,Lab,Void
train/pd/ca7abe84258f3aef_w07.png,ca7abe84258f3aef,7,Lab,Void
train/pd/ca7abe84258f3aef_w08.png,ca7abe84258f3aef,8,Lab,Void
train/pd/ca7abe84258f3aef_w14.png,ca7abe84258f3aef,14,Lab,Void
train/pd/ca7abe84258f3aef_w17.png,ca7abe84258f3aef,17,Lab,Void
train/pd/ca7abe84258f3aef_w20.png,ca7abe84258f3aef,20,Lab,Void
train/pd/ca7abe84258f3aef_w23.png,ca7abe84258f3aef,23,Lab,Void
train/pd/ca7abe84258f3aef_w26.png,ca7abe84258f3aef,26,Lab,Void
train/pd/ca80d9be4ba6163c_w02.png,ca80d9be4ba6163c,2,Lab,Corona
train/pd/ca80d9be4ba6163c_w03.png,ca80d9be4ba6163c,3,Lab,Corona
train/pd/ca80d9be4ba6163c_w07.png,ca80d9be4ba6163c,7,Lab,Corona
train/pd/ca80d9be4ba6163c_w09.png,ca80d9be4ba6163c,9,Lab,Corona
train/pd/ca80d9be4ba6163c_w17.png,ca80d9be4ba6163c,17,Lab,Corona
train/pd/ca80d9be4ba6163c_w19.png,ca80d9be4ba6163c,19,Lab,Corona
train/pd/ca80d9be4ba6163c_w21.png,ca80d9be4ba6163c,21,Lab,Corona
train/pd/ca80d9be4ba6163c_w25.png,ca80d9be4ba6163c,25,Lab,Corona
train/pd/cabc2745a923bc1c_w00.png,cabc2745a923bc1c,0,Field,Floating
train/pd/cabc2745a923bc1c_w12.png,cabc2745a923bc1c,12,Field,Floating
train/pd/cabc2745a923bc1c_w13.png,cabc2745a923bc1c,13,Field,Floating
train/pd/cabc2745a923bc1c_w16.png,cabc2745a923bc1c,16,Field,Floating
train/pd/cabc2745a923bc1c_w19.png,cabc2745a923bc1c,19,Field,Floating
train/pd/cabc2745a923bc1c_w20.png,cabc2745a923bc1c,20,Field,Floating
train/pd/cabc2745a923bc1c_w23.png,cabc2745a923bc1c,23,Field,Floating
train/pd/cabc2745a923bc1c_w24.png,cabc2745a923bc1c,24,Field,Floating
train/pd/caf62f5e2bccab6c_w04.png,caf62f5e2bccab6c,4,Lab,Void
train/pd/caf62f5e2bccab6c_w07.png,caf62f5e2bccab6c,7,Lab,Void
train/pd/caf62f5e2bccab6c_w13.png,caf62f5e2bccab6c,13,Lab,Void
train/pd/caf62f5e2bccab6c_w19.png,caf62f5e2bccab6c,19,Lab,Void
train/pd/caf62f5e2bccab6c_w21.png,caf62f5e2bccab6c,21,Lab,Void
train/pd/caf62f5e2bccab6c_w23.png,caf62f5e2bccab6c,23,Lab,Void
train/pd/caf62f5e2bccab6c_w24.png,caf62f5e2bccab6c,24,Lab,Void
train/pd/caf62f5e2bccab6c_w26.png,caf62f5e2bccab6c,26,Lab,Void
train/pd/caffe39b02efc645_w06.png,caffe39b02efc645,6,Field,Floating
train/pd/caffe39b02efc645_w08.png,caffe39b02efc645,8,Field,Floating
train/pd/caffe39b02efc645_w09.png,caffe39b02efc645,9,Field,Floating
train/pd/caffe39b02efc645_w14.png,caffe39b02efc645,14,Field,Floating
train/pd/caffe39b02efc645_w15.png,caffe39b02efc645,15,Field,Floating
train/pd/caffe39b02efc645_w16.png,caffe39b02efc645,16,Field,Floating
train/pd/caffe39b02efc645_w19.png,caffe39b02efc645,19,Field,Floating
train/pd/caffe39b02efc645_w22.png,caffe39b02efc645,22,Field,Floating
train/pd/cb2e31fc51614f3e_w02.png,cb2e31fc51614f3e,2,Lab,Void
train/pd/cb2e31fc51614f3e_w03.png,cb2e31fc51614f3e,3,Lab,Void
train/pd/cb2e31fc51614f3e_w07.png,cb2e31fc51614f3e,7,Lab,Void
train/pd/cb2e31fc51614f3e_w15.png,cb2e31fc51614f3e,15,Lab,Void
train/pd/cb2e31fc51614f3e_w17.png,cb2e31fc51614f3e,17,Lab,Void
train/pd/cb2e31fc51614f3e_w19.png,cb2e31fc51614f3e,19,Lab,Void
train/pd/cb2e31fc51614f3e_w23.png,cb2e31fc51614f3e,23,Lab,Void
train/pd/cb2e31fc51614f3e_w24.png,cb2e31fc51614f3e,24,Lab,Void
train/pd/cb7d7e3ffccbe4f3_w00.png,cb7d7e3ffccbe4f3,0,Lab,Void
train/pd/cb7d7e3ffccbe4f3_w02.png,cb7d7e3ffccbe4f3,2,Lab,Void
train/pd/cb7d7e3ffccbe4f3_w04.png,cb7d7e3ffccbe4f3,4,Lab,Void
train/pd/cb7d7e3ffccbe4f3_w07.png,cb7d7e3ffccbe4f3,7,Lab,Void
train/pd/cb7d7e3ffccbe4f3_w09.png,cb7d7e3ffccbe4f3,9,Lab,Void
train/pd/cb7d7e3ffccbe4f3_w11.png,cb7d7e3ffccbe4f3,11,Lab,Void
train/pd/cb7d7e3ffccbe4f3_w12.png,cb7d7e3ffccbe4f3,12,Lab,Void
train/pd/cb7d7e3ffccbe4f3_w15.png,cb7d7e3ffccbe4f3,15,Lab,Void
train/pd/cb84365a1a73ac0e_w01.png,cb84365a1a73ac0e,1,Lab,Particle
train/pd/cb84365a1a73ac0e_w08.png,cb84365a1a73ac0e,8,Lab,Particle
train/pd/cb84365a1a73ac0e_w15.png,cb84365a1a73ac0e,15,Lab,Particle
train/pd/cb84365a1a73ac0e_w16.png,cb84365a1a73ac0e,16,Lab,Particle
train/pd/cb84365a1a73ac0e_w18.png,cb84365a1a73ac0e,18,Lab,Particle
train/pd/cb84365a1a73ac0e_w19.png,cb84365a1a73ac0e,19,Lab,Particle
train/pd/cb84365a1a73ac0e_w21.png,cb84365a1a73ac0e,21,Lab,Particle
train/pd/cb84365a1a73ac0e_w23.png,cb84365a1a73ac0e,23,Lab,Particle
train/pd/cb99aa5cf725d1ad_w01.png,cb99aa5cf725d1ad,1,Lab,Particle
train/pd/cb99aa5cf725d1ad_w03.png,cb99aa5cf725d1ad,3,Lab,Particle
train/pd/cb99aa5cf725d1ad_w12.png,cb99aa5cf725d1ad,12,Lab,Particle
train/pd/cb99aa5cf725d1ad_w13.png,cb99aa5cf725d1ad,13,Lab,Particle
train/pd/cb99aa5cf725d1ad_w14.png,cb99aa5cf725d1ad,14,Lab,Particle
train/pd/cb99aa5cf725d1ad_w19.png,cb99aa5cf725d1ad,19,Lab,Particle
train/pd/cb99aa5cf725d1ad_w21.png,cb99aa5cf725d1ad,21,Lab,Particle
train/pd/cb99aa5cf725d1ad_w22.png,cb99aa5cf725d1ad,22,Lab,Particle
train/pd/cbcfc256c0b317ab_w03.png,cbcfc256c0b317ab,3,Field,Void
train/pd/cbcfc256c0b317ab_w05.png,cbcfc256c0b317ab,5,Field,Void
train/pd/cbcfc256c0b317ab_w10.png,cbcfc256c0b317ab,10,Field,Void
train/pd/cbcfc256c0b317ab_w12.png,cbcfc256c0b317ab,12,Field,Void
train/pd/cbcfc256c0b317ab_w14.png,cbcfc256c0b317ab,14,Field,Void
train/pd/cbcfc256c0b317ab_w15.png,cbcfc256c0b317ab,15,Field,Void
train/pd/cbcfc256c0b317ab_w17.png,cbcfc256c0b317ab,17,Field,Void
train/pd/cbcfc256c0b317ab_w19.png,cbcfc256c0b317ab,19,Field,Void
train/pd/cbd208cbe07513d9_w01.png,cbd208cbe07513d9,1,Lab,Void
train/pd/cbd208cbe07513d9_w04.png,cbd208cbe07513d9,4,Lab,Void
train/pd/cbd208cbe07513d9_w15.png,cbd208cbe07513d9,15,Lab,Void
train/pd/cbd208cbe07513d9_w20.png,cbd208cbe07513d9,20,Lab,Void
train/pd/cbd208cbe07513d9_w21.png,cbd208cbe07513d9,21,Lab,Void
train/pd/cbd208cbe07513d9_w22.png,cbd208cbe07513d9,22,Lab,Void
train/pd/cbd208cbe07513d9_w24.png,cbd208cbe07513d9,24,Lab,Void
train/pd/cbd208cbe07513d9_w25.png,cbd208cbe07513d9,25,Lab,Void
train/pd/cbde59b4fff0ec82_w02.png,cbde59b4fff0ec82,2,Lab,Void
train/pd/cbde59b4fff0ec82_w03.png,cbde59b4fff0ec82,3,Lab,Void
train/pd/cbde59b4fff0ec82_w06.png,cbde59b4fff0ec82,6,Lab,Void
train/pd/cbde59b4fff0ec82_w13.png,cbde59b4fff0ec82,13,Lab,Void
train/pd/cbde59b4fff0ec82_w16.png,cbde59b4fff0ec82,16,Lab,Void
train/pd/cbde59b4fff0ec82_w17.png,cbde59b4fff0ec82,17,Lab,Void
train/pd/cbde59b4fff0ec82_w23.png,cbde59b4fff0ec82,23,Lab,Void
train/pd/cbde59b4fff0ec82_w24.png,cbde59b4fff0ec82,24,Lab,Void
train/pd/cbf5e72536451544_w00.png,cbf5e72536451544,0,Lab,Corona
train/pd/cbf5e72536451544_w06.png,cbf5e72536451544,6,Lab,Corona
train/pd/cbf5e72536451544_w10.png,cbf5e72536451544,10,Lab,Corona
train/pd/cbf5e72536451544_w13.png,cbf5e72536451544,13,Lab,Corona
train/pd/cbf5e72536451544_w18.png,cbf5e72536451544,18,Lab,Corona
train/pd/cbf5e72536451544_w21.png,cbf5e72536451544,21,Lab,Corona
train/pd/cbf5e72536451544_w25.png,cbf5e72536451544,25,Lab,Corona
train/pd/cbf5e72536451544_w27.png,cbf5e72536451544,27,Lab,Corona
train/pd/cbf6ecfc7805e6bf_w01.png,cbf6ecfc7805e6bf,1,Lab,Floating
train/pd/cbf6ecfc7805e6bf_w04.png,cbf6ecfc7805e6bf,4,Lab,Floating
train/pd/cbf6ecfc7805e6bf_w09.png,cbf6ecfc7805e6bf,9,Lab,Floating
train/pd/cbf6ecfc7805e6bf_w10.png,cbf6ecfc7805e6bf,10,Lab,Floating
train/pd/cbf6ecfc7805e6bf_w14.png,cbf6ecfc7805e6bf,14,Lab,Floating
train/pd/cbf6ecfc7805e6bf_w15.png,cbf6ecfc7805e6bf,15,Lab,Floating
train/pd/cbf6ecfc7805e6bf_w16.png,cbf6ecfc7805e6bf,16,Lab,Floating
train/pd/cbf6ecfc7805e6bf_w24.png,cbf6ecfc7805e6bf,24,Lab,Floating
train/pd/cc01cb83dc596102_w01.png,cc01cb83dc596102,1,Lab,Floating
train/pd/cc01cb83dc596102_w04.png,cc01cb83dc596102,4,Lab,Floating
train/pd/cc01cb83dc596102_w06.png,cc01cb83dc596102,6,Lab,Floating
train/pd/cc01cb83dc596102_w07.png,cc01cb83dc596102,7,Lab,Floating
train/pd/cc01cb83dc596102_w11.png,cc01cb83dc596102,11,Lab,Floating
train/pd/cc01cb83dc596102_w14.png,cc01cb83dc596102,14,Lab,Floating
train/pd/cc01cb83dc596102_w19.png,cc01cb83dc596102,19,Lab,Floating
train/pd/cc01cb83dc596102_w21.png,cc01cb83dc596102,21,Lab,Floating
train/pd/cc046324dfba2a9e_w02.png,cc046324dfba2a9e,2,Lab,Floating
train/pd/cc046324dfba2a9e_w05.png,cc046324dfba2a9e,5,Lab,Floating
train/pd/cc046324dfba2a9e_w16.png,cc046324dfba2a9e,16,Lab,Floating
train/pd/cc046324dfba2a9e_w17.png,cc046324dfba2a9e,17,Lab,Floating
train/pd/cc046324dfba2a9e_w18.png,cc046324dfba2a9e,18,Lab,Floating
train/pd/cc046324dfba2a9e_w20.png,cc046324dfba2a9e,20,Lab,Floating
train/pd/cc046324dfba2a9e_w21.png,cc046324dfba2a9e,21,Lab,Floating
train/pd/cc046324dfba2a9e_w25.png,cc046324dfba2a9e,25,Lab,Floating
train/pd/cc48c217b315bc99_w05.png,cc48c217b315bc99,5,Lab,Corona
train/pd/cc48c217b315bc99_w06.png,cc48c217b315bc99,6,Lab,Corona
train/pd/cc48c217b315bc99_w08.png,cc48c217b315bc99,8,Lab,Corona
train/pd/cc48c217b315bc99_w15.png,cc48c217b315bc99,15,Lab,Corona
train/pd/cc48c217b315bc99_w18.png,cc48c217b315bc99,18,Lab,Corona
train/pd/cc48c217b315bc99_w24.png,cc48c217b315bc99,24,Lab,Corona
train/pd/cc48c217b315bc99_w25.png,cc48c217b315bc99,25,Lab,Corona
train/pd/cc48c217b315bc99_w26.png,cc48c217b315bc99,26,Lab,Corona
train/pd/ccb6019684ba9fce_w06.png,ccb6019684ba9fce,6,Field,Void
train/pd/ccb6019684ba9fce_w07.png,ccb6019684ba9fce,7,Field,Void
train/pd/ccb6019684ba9fce_w12.png,ccb6019684ba9fce,12,Field,Void
train/pd/ccb6019684ba9fce_w17.png,ccb6019684ba9fce,17,Field,Void
train/pd/ccb6019684ba9fce_w18.png,ccb6019684ba9fce,18,Field,Void
train/pd/ccb6019684ba9fce_w21.png,ccb6019684ba9fce,21,Field,Void
train/pd/ccb6019684ba9fce_w22.png,ccb6019684ba9fce,22,Field,Void
train/pd/ccb6019684ba9fce_w25.png,ccb6019684ba9fce,25,Field,Void
train/pd/cd3076f5a551ff1a_w10.png,cd3076f5a551ff1a,10,Lab,Particle
train/pd/cd3076f5a551ff1a_w16.png,cd3076f5a551ff1a,16,Lab,Particle
train/pd/cd3076f5a551ff1a_w17.png,cd3076f5a551ff1a,17,Lab,Particle
train/pd/cd3076f5a551ff1a_w18.png,cd3076f5a551ff1a,18,Lab,Particle
train/pd/cd3076f5a551ff1a_w19.png,cd3076f5a551ff1a,19,Lab,Particle
train/pd/cd3076f5a551ff1a_w20.png,cd3076f5a551ff1a,20,Lab,Particle
train/pd/cd3076f5a551ff1a_w24.png,cd3076f5a551ff1a,24,Lab,Particle
train/pd/cd3076f5a551ff1a_w25.png,cd3076f5a551ff1a,25,Lab,Particle
train/pd/cd331148f0ed12bb_w00.png,cd331148f0ed12bb,0,Lab,Particle
train/pd/cd331148f0ed12bb_w02.png,cd331148f0ed12bb,2,Lab,Particle
train/pd/cd331148f0ed12bb_w03.png,cd331148f0ed12bb,3,Lab,Particle
train/pd/cd331148f0ed12bb_w05.png,cd331148f0ed12bb,5,Lab,Particle
train/pd/cd331148f0ed12bb_w07.png,cd331148f0ed12bb,7,Lab,Particle
train/pd/cd331148f0ed12bb_w09.png,cd331148f0ed12bb,9,Lab,Particle
train/pd/cd331148f0ed12bb_w17.png,cd331148f0ed12bb,17,Lab,Particle
train/pd/cd331148f0ed12bb_w23.png,cd331148f0ed12bb,23,Lab,Particle
train/pd/cd372f7a050b40ba_w00.png,cd372f7a050b40ba,0,Lab,Particle
train/pd/cd372f7a050b40ba_w01.png,cd372f7a050b40ba,1,Lab,Particle
train/pd/cd372f7a050b40ba_w04.png,cd372f7a050b40ba,4,Lab,Particle
train/pd/cd372f7a050b40ba_w12.png,cd372f7a050b40ba,12,Lab,Particle
train/pd/cd372f7a050b40ba_w13.png,cd372f7a050b40ba,13,Lab,Particle
train/pd/cd372f7a050b40ba_w15.png,cd372f7a050b40ba,15,Lab,Particle
train/pd/cd372f7a050b40ba_w23.png,cd372f7a050b40ba,23,Lab,Particle
train/pd/cd372f7a050b40ba_w26.png,cd372f7a050b40ba,26,Lab,Particle
train/pd/cd44ebca63e48b87_w06.png,cd44ebca63e48b87,6,Field,Void
train/pd/cd44ebca63e48b87_w09.png,cd44ebca63e48b87,9,Field,Void
train/pd/cd44ebca63e48b87_w11.png,cd44ebca63e48b87,11,Field,Void
train/pd/cd44ebca63e48b87_w14.png,cd44ebca63e48b87,14,Field,Void
train/pd/cd44ebca63e48b87_w15.png,cd44ebca63e48b87,15,Field,Void
train/pd/cd44ebca63e48b87_w20.png,cd44ebca63e48b87,20,Field,Void
train/pd/cd44ebca63e48b87_w21.png,cd44ebca63e48b87,21,Field,Void
train/pd/cd44ebca63e48b87_w27.png,cd44ebca63e48b87,27,Field,Void
train/pd/cd49b8ca2f429f54_w02.png,cd49b8ca2f429f54,2,Lab,Void
train/pd/cd49b8ca2f429f54_w08.png,cd49b8ca2f429f54,8,Lab,Void
train/pd/cd49b8ca2f429f54_w12.png,cd49b8ca2f429f54,12,Lab,Void
train/pd/cd49b8ca2f429f54_w19.png,cd49b8ca2f429f54,19,Lab,Void
train/pd/cd49b8ca2f429f54_w20.png,cd49b8ca2f429f54,20,Lab,Void
train/pd/cd49b8ca2f429f54_w21.png,cd49b8ca2f429f54,21,Lab,Void
train/pd/cd49b8ca2f429f54_w26.png,cd49b8ca2f429f54,26,Lab,Void
train/pd/cd49b8ca2f429f54_w27.png,cd49b8ca2f429f54,27,Lab,Void
train/pd/cd5798b4be6ff0ad_w00.png,cd5798b4be6ff0ad,0,Lab,Floating
train/pd/cd5798b4be6ff0ad_w01.png,cd5798b4be6ff0ad,1,Lab,Floating
train/pd/cd5798b4be6ff0ad_w05.png,cd5798b4be6ff0ad,5,Lab,Floating
train/pd/cd5798b4be6ff0ad_w07.png,cd5798b4be6ff0ad,7,Lab,Floating
train/pd/cd5798b4be6ff0ad_w12.png,cd5798b4be6ff0ad,12,Lab,Floating
train/pd/cd5798b4be6ff0ad_w18.png,cd5798b4be6ff0ad,18,Lab,Floating
train/pd/cd5798b4be6ff0ad_w21.png,cd5798b4be6ff0ad,21,Lab,Floating
train/pd/cd5798b4be6ff0ad_w23.png,cd5798b4be6ff0ad,23,Lab,Floating
train/pd/cd62aaff75c6cb95_w02.png,cd62aaff75c6cb95,2,Lab,Particle
train/pd/cd62aaff75c6cb95_w03.png,cd62aaff75c6cb95,3,Lab,Particle
train/pd/cd62aaff75c6cb95_w05.png,cd62aaff75c6cb95,5,Lab,Particle
train/pd/cd62aaff75c6cb95_w07.png,cd62aaff75c6cb95,7,Lab,Particle
train/pd/cd62aaff75c6cb95_w14.png,cd62aaff75c6cb95,14,Lab,Particle
train/pd/cd62aaff75c6cb95_w18.png,cd62aaff75c6cb95,18,Lab,Particle
train/pd/cd62aaff75c6cb95_w20.png,cd62aaff75c6cb95,20,Lab,Particle
train/pd/cd62aaff75c6cb95_w21.png,cd62aaff75c6cb95,21,Lab,Particle
train/pd/cdb40f031afebe26_w00.png,cdb40f031afebe26,0,Lab,Corona
train/pd/cdb40f031afebe26_w02.png,cdb40f031afebe26,2,Lab,Corona
train/pd/cdb40f031afebe26_w03.png,cdb40f031afebe26,3,Lab,Corona
train/pd/cdb40f031afebe26_w07.png,cdb40f031afebe26,7,Lab,Corona
train/pd/cdb40f031afebe26_w11.png,cdb40f031afebe26,11,Lab,Corona
train/pd/cdb40f031afebe26_w13.png,cdb40f031afebe26,13,Lab,Corona
train/pd/cdb40f031afebe26_w17.png,cdb40f031afebe26,17,Lab,Corona
train/pd/cdb40f031afebe26_w22.png,cdb40f031afebe26,22,Lab,Corona
train/pd/cdb9878a3a62d1d3_w07.png,cdb9878a3a62d1d3,7,Lab,Particle
train/pd/cdb9878a3a62d1d3_w11.png,cdb9878a3a62d1d3,11,Lab,Particle
train/pd/cdb9878a3a62d1d3_w13.png,cdb9878a3a62d1d3,13,Lab,Particle
train/pd/cdb9878a3a62d1d3_w15.png,cdb9878a3a62d1d3,15,Lab,Particle
train/pd/cdb9878a3a62d1d3_w16.png,cdb9878a3a62d1d3,16,Lab,Particle
train/pd/cdb9878a3a62d1d3_w22.png,cdb9878a3a62d1d3,22,Lab,Particle
train/pd/cdb9878a3a62d1d3_w25.png,cdb9878a3a62d1d3,25,Lab,Particle
train/pd/cdb9878a3a62d1d3_w26.png,cdb9878a3a62d1d3,26,Lab,Particle
train/pd/cdba986c7f4f92dc_w00.png,cdba986c7f4f92dc,0,Field,Void
train/pd/cdba986c7f4f92dc_w08.png,cdba986c7f4f92dc,8,Field,Void
train/pd/cdba986c7f4f92dc_w11.png,cdba986c7f4f92dc,11,Field,Void
train/pd/cdba986c7f4f92dc_w15.png,cdba986c7f4f92dc,15,Field,Void
train/pd/cdba986c7f4f92dc_w17.png,cdba986c7f4f92dc,17,Field,Void
train/pd/cdba986c7f4f92dc_w18.png,cdba986c7f4f92dc,18,Field,Void
train/pd/cdba986c7f4f92dc_w20.png,cdba986c7f4f92dc,20,Field,Void
train/pd/cdba986c7f4f92dc_w24.png,cdba986c7f4f92dc,24,Field,Void
train/pd/cdcece99ef56d82b_w07.png,cdcece99ef56d82b,7,Lab,Corona
train/pd/cdcece99ef56d82b_w13.png,cdcece99ef56d82b,13,Lab,Corona
train/pd/cdcece99ef56d82b_w17.png,cdcece99ef56d82b,17,Lab,Corona
train/pd/cdcece99ef56d82b_w18.png,cdcece99ef56d82b,18,Lab,Corona
train/pd/cdcece99ef56d82b_w20.png,cdcece99ef56d82b,20,Lab,Corona
train/pd/cdcece99ef56d82b_w22.png,cdcece99ef56d82b,22,Lab,Corona
train/pd/cdcece99ef56d82b_w25.png,cdcece99ef56d82b,25,Lab,Corona
train/pd/cdcece99ef56d82b_w26.png,cdcece99ef56d82b,26,Lab,Corona
train/pd/cdee9470479bcf59_w03.png,cdee9470479bcf59,3,Lab,Void
train/pd/cdee9470479bcf59_w05.png,cdee9470479bcf59,5,Lab,Void
train/pd/cdee9470479bcf59_w14.png,cdee9470479bcf59,14,Lab,Void
train/pd/cdee9470479bcf59_w20.png,cdee9470479bcf59,20,Lab,Void
train/pd/cdee9470479bcf59_w21.png,cdee9470479bcf59,21,Lab,Void
train/pd/cdee9470479bcf59_w24.png,cdee9470479bcf59,24,Lab,Void
train/pd/cdee9470479bcf59_w25.png,cdee9470479bcf59,25,Lab,Void
train/pd/cdee9470479bcf59_w26.png,cdee9470479bcf59,26,Lab,Void
train/pd/cdfd305eb3822e6d_w02.png,cdfd305eb3822e6d,2,Lab,Particle
train/pd/cdfd305eb3822e6d_w03.png,cdfd305eb3822e6d,3,Lab,Particle
train/pd/cdfd305eb3822e6d_w04.png,cdfd305eb3822e6d,4,Lab,Particle
train/pd/cdfd305eb3822e6d_w15.png,cdfd305eb3822e6d,15,Lab,Particle
train/pd/cdfd305eb3822e6d_w21.png,cdfd305eb3822e6d,21,Lab,Particle
train/pd/cdfd305eb3822e6d_w22.png,cdfd305eb3822e6d,22,Lab,Particle
train/pd/cdfd305eb3822e6d_w23.png,cdfd305eb3822e6d,23,Lab,Particle
train/pd/cdfd305eb3822e6d_w25.png,cdfd305eb3822e6d,25,Lab,Particle
train/pd/ce042bc7a56c64b2_w04.png,ce042bc7a56c64b2,4,Lab,Void
train/pd/ce042bc7a56c64b2_w05.png,ce042bc7a56c64b2,5,Lab,Void
train/pd/ce042bc7a56c64b2_w07.png,ce042bc7a56c64b2,7,Lab,Void
train/pd/ce042bc7a56c64b2_w09.png,ce042bc7a56c64b2,9,Lab,Void
train/pd/ce042bc7a56c64b2_w18.png,ce042bc7a56c64b2,18,Lab,Void
train/pd/ce042bc7a56c64b2_w19.png,ce042bc7a56c64b2,19,Lab,Void
train/pd/ce042bc7a56c64b2_w21.png,ce042bc7a56c64b2,21,Lab,Void
train/pd/ce042bc7a56c64b2_w27.png,ce042bc7a56c64b2,27,Lab,Void
train/pd/ce1884ad3f527f18_w05.png,ce1884ad3f527f18,5,Field,Void
train/pd/ce1884ad3f527f18_w06.png,ce1884ad3f527f18,6,Field,Void
train/pd/ce1884ad3f527f18_w08.png,ce1884ad3f527f18,8,Field,Void
train/pd/ce1884ad3f527f18_w09.png,ce1884ad3f527f18,9,Field,Void
train/pd/ce1884ad3f527f18_w14.png,ce1884ad3f527f18,14,Field,Void
train/pd/ce1884ad3f527f18_w18.png,ce1884ad3f527f18,18,Field,Void
train/pd/ce1884ad3f527f18_w23.png,ce1884ad3f527f18,23,Field,Void
train/pd/ce1884ad3f527f18_w25.png,ce1884ad3f527f18,25,Field,Void
train/pd/ce46713454a2a1f0_w00.png,ce46713454a2a1f0,0,Lab,Particle
train/pd/ce46713454a2a1f0_w01.png,ce46713454a2a1f0,1,Lab,Particle
train/pd/ce46713454a2a1f0_w05.png,ce46713454a2a1f0,5,Lab,Particle
train/pd/ce46713454a2a1f0_w07.png,ce46713454a2a1f0,7,Lab,Particle
train/pd/ce46713454a2a1f0_w15.png,ce46713454a2a1f0,15,Lab,Particle
train/pd/ce46713454a2a1f0_w17.png,ce46713454a2a1f0,17,Lab,Particle
train/pd/ce46713454a2a1f0_w18.png,ce46713454a2a1f0,18,Lab,Particle
train/pd/ce46713454a2a1f0_w27.png,ce46713454a2a1f0,27,Lab,Particle
train/pd/ce568e9e4243bbdb_w00.png,ce568e9e4243bbdb,0,Lab,Particle
train/pd/ce568e9e4243bbdb_w06.png,ce568e9e4243bbdb,6,Lab,Particle
train/pd/ce568e9e4243bbdb_w08.png,ce568e9e4243bbdb,8,Lab,Particle
train/pd/ce568e9e4243bbdb_w09.png,ce568e9e4243bbdb,9,Lab,Particle
train/pd/ce568e9e4243bbdb_w18.png,ce568e9e4243bbdb,18,Lab,Particle
train/pd/ce568e9e4243bbdb_w20.png,ce568e9e4243bbdb,20,Lab,Particle
train/pd/ce568e9e4243bbdb_w21.png,ce568e9e4243bbdb,21,Lab,Particle
train/pd/ce568e9e4243bbdb_w27.png,ce568e9e4243bbdb,27,Lab,Particle
train/pd/ce56a828f4ae7ca8_w02.png,ce56a828f4ae7ca8,2,Lab,Particle
train/pd/ce56a828f4ae7ca8_w03.png,ce56a828f4ae7ca8,3,Lab,Particle
train/pd/ce56a828f4ae7ca8_w06.png,ce56a828f4ae7ca8,6,Lab,Particle
train/pd/ce56a828f4ae7ca8_w13.png,ce56a828f4ae7ca8,13,Lab,Particle
train/pd/ce56a828f4ae7ca8_w16.png,ce56a828f4ae7ca8,16,Lab,Particle
train/pd/ce56a828f4ae7ca8_w17.png,ce56a828f4ae7ca8,17,Lab,Particle
train/pd/ce56a828f4ae7ca8_w18.png,ce56a828f4ae7ca8,18,Lab,Particle
train/pd/ce56a828f4ae7ca8_w23.png,ce56a828f4ae7ca8,23,Lab,Particle
train/pd/ce65ab05457aaa3c_w03.png,ce65ab05457aaa3c,3,Lab,Void
train/pd/ce65ab05457aaa3c_w07.png,ce65ab05457aaa3c,7,Lab,Void
train/pd/ce65ab05457aaa3c_w10.png,ce65ab05457aaa3c,10,Lab,Void
train/pd/ce65ab05457aaa3c_w14.png,ce65ab05457aaa3c,14,Lab,Void
train/pd/ce65ab05457aaa3c_w19.png,ce65ab05457aaa3c,19,Lab,Void
train/pd/ce65ab05457aaa3c_w21.png,ce65ab05457aaa3c,21,Lab,Void
train/pd/ce65ab05457aaa3c_w26.png,ce65ab05457aaa3c,26,Lab,Void
train/pd/ce65ab05457aaa3c_w27.png,ce65ab05457aaa3c,27,Lab,Void
train/pd/ce93707bc4019e76_w00.png,ce93707bc4019e76,0,Field,Floating
train/pd/ce93707bc4019e76_w06.png,ce93707bc4019e76,6,Field,Floating
train/pd/ce93707bc4019e76_w08.png,ce93707bc4019e76,8,Field,Floating
train/pd/ce93707bc4019e76_w09.png,ce93707bc4019e76,9,Field,Floating
train/pd/ce93707bc4019e76_w14.png,ce93707bc4019e76,14,Field,Floating
train/pd/ce93707bc4019e76_w18.png,ce93707bc4019e76,18,Field,Floating
train/pd/ce93707bc4019e76_w23.png,ce93707bc4019e76,23,Field,Floating
train/pd/ce93707bc4019e76_w25.png,ce93707bc4019e76,25,Field,Floating
train/pd/cea0f3e76000e984_w00.png,cea0f3e76000e984,0,Lab,Corona
train/pd/cea0f3e76000e984_w03.png,cea0f3e76000e984,3,Lab,Corona
train/pd/cea0f3e76000e984_w13.png,cea0f3e76000e984,13,Lab,Corona
train/pd/cea0f3e76000e984_w15.png,cea0f3e76000e984,15,Lab,Corona
train/pd/cea0f3e76000e984_w20.png,cea0f3e76000e984,20,Lab,Corona
train/pd/cea0f3e76000e984_w23.png,cea0f3e76000e984,23,Lab,Corona
train/pd/cea0f3e76000e984_w25.png,cea0f3e76000e984,25,Lab,Corona
train/pd/cea0f3e76000e984_w27.png,cea0f3e76000e984,27,Lab,Corona
train/pd/cedbb327338111bd_w02.png,cedbb327338111bd,2,Lab,Void
train/pd/cedbb327338111bd_w04.png,cedbb327338111bd,4,Lab,Void
train/pd/cedbb327338111bd_w09.png,cedbb327338111bd,9,Lab,Void
train/pd/cedbb327338111bd_w10.png,cedbb327338111bd,10,Lab,Void
train/pd/cedbb327338111bd_w15.png,cedbb327338111bd,15,Lab,Void
train/pd/cedbb327338111bd_w19.png,cedbb327338111bd,19,Lab,Void
train/pd/cedbb327338111bd_w25.png,cedbb327338111bd,25,Lab,Void
train/pd/cedbb327338111bd_w27.png,cedbb327338111bd,27,Lab,Void
train/pd/cefd287b57af7dfe_w09.png,cefd287b57af7dfe,9,Lab,Floating
train/pd/cefd287b57af7dfe_w10.png,cefd287b57af7dfe,10,Lab,Floating
train/pd/cefd287b57af7dfe_w11.png,cefd287b57af7dfe,11,Lab,Floating
train/pd/cefd287b57af7dfe_w19.png,cefd287b57af7dfe,19,Lab,Floating
train/pd/cefd287b57af7dfe_w21.png,cefd287b57af7dfe,21,Lab,Floating
train/pd/cefd287b57af7dfe_w22.png,cefd287b57af7dfe,22,Lab,Floating
train/pd/cefd287b57af7dfe_w23.png,cefd287b57af7dfe,23,Lab,Floating
train/pd/cefd287b57af7dfe_w26.png,cefd287b57af7dfe,26,Lab,Floating
train/pd/cf0861e1fcc316cd_w00.png,cf0861e1fcc316cd,0,Lab,Void
train/pd/cf0861e1fcc316cd_w02.png,cf0861e1fcc316cd,2,Lab,Void
train/pd/cf0861e1fcc316cd_w03.png,cf0861e1fcc316cd,3,Lab,Void
train/pd/cf0861e1fcc316cd_w08.png,cf0861e1fcc316cd,8,Lab,Void
train/pd/cf0861e1fcc316cd_w12.png,cf0861e1fcc316cd,12,Lab,Void
train/pd/cf0861e1fcc316cd_w15.png,cf0861e1fcc316cd,15,Lab,Void
train/pd/cf0861e1fcc316cd_w16.png,cf0861e1fcc316cd,16,Lab,Void
train/pd/cf0861e1fcc316cd_w19.png,cf0861e1fcc316cd,19,Lab,Void
train/pd/cf445c72a26f63f4_w00.png,cf445c72a26f63f4,0,Lab,Floating
train/pd/cf445c72a26f63f4_w03.png,cf445c72a26f63f4,3,Lab,Floating
train/pd/cf445c72a26f63f4_w12.png,cf445c72a26f63f4,12,Lab,Floating
train/pd/cf445c72a26f63f4_w16.png,cf445c72a26f63f4,16,Lab,Floating
train/pd/cf445c72a26f63f4_w18.png,cf445c72a26f63f4,18,Lab,Floating
train/pd/cf445c72a26f63f4_w19.png,cf445c72a26f63f4,19,Lab,Floating
train/pd/cf445c72a26f63f4_w21.png,cf445c72a26f63f4,21,Lab,Floating
train/pd/cf445c72a26f63f4_w24.png,cf445c72a26f63f4,24,Lab,Floating
train/pd/cf6b9d38249e09cd_w06.png,cf6b9d38249e09cd,6,Lab,Void
train/pd/cf6b9d38249e09cd_w10.png,cf6b9d38249e09cd,10,Lab,Void
train/pd/cf6b9d38249e09cd_w12.png,cf6b9d38249e09cd,12,Lab,Void
train/pd/cf6b9d38249e09cd_w13.png,cf6b9d38249e09cd,13,Lab,Void
train/pd/cf6b9d38249e09cd_w16.png,cf6b9d38249e09cd,16,Lab,Void
train/pd/cf6b9d38249e09cd_w17.png,cf6b9d38249e09cd,17,Lab,Void
train/pd/cf6b9d38249e09cd_w22.png,cf6b9d38249e09cd,22,Lab,Void
train/pd/cf6b9d38249e09cd_w23.png,cf6b9d38249e09cd,23,Lab,Void
train/pd/cf8d847e1dadd20c_w04.png,cf8d847e1dadd20c,4,Lab,Corona
train/pd/cf8d847e1dadd20c_w08.png,cf8d847e1dadd20c,8,Lab,Corona
train/pd/cf8d847e1dadd20c_w09.png,cf8d847e1dadd20c,9,Lab,Corona
train/pd/cf8d847e1dadd20c_w10.png,cf8d847e1dadd20c,10,Lab,Corona
train/pd/cf8d847e1dadd20c_w16.png,cf8d847e1dadd20c,16,Lab,Corona
train/pd/cf8d847e1dadd20c_w20.png,cf8d847e1dadd20c,20,Lab,Corona
train/pd/cf8d847e1dadd20c_w23.png,cf8d847e1dadd20c,23,Lab,Corona
train/pd/cf8d847e1dadd20c_w24.png,cf8d847e1dadd20c,24,Lab,Corona
train/pd/cfaf4c31fb11d632_w03.png,cfaf4c31fb11d632,3,Lab,Particle
train/pd/cfaf4c31fb11d632_w04.png,cfaf4c31fb11d632,4,Lab,Particle
train/pd/cfaf4c31fb11d632_w05.png,cfaf4c31fb11d632,5,Lab,Particle
train/pd/cfaf4c31fb11d632_w07.png,cfaf4c31fb11d632,7,Lab,Particle
train/pd/cfaf4c31fb11d632_w09.png,cfaf4c31fb11d632,9,Lab,Particle
train/pd/cfaf4c31fb11d632_w22.png,cfaf4c31fb11d632,22,Lab,Particle
train/pd/cfaf4c31fb11d632_w23.png,cfaf4c31fb11d632,23,Lab,Particle
train/pd/cfaf4c31fb11d632_w27.png,cfaf4c31fb11d632,27,Lab,Particle
train/pd/cfd16c3b9ecf4b09_w00.png,cfd16c3b9ecf4b09,0,Lab,Corona
train/pd/cfd16c3b9ecf4b09_w07.png,cfd16c3b9ecf4b09,7,Lab,Corona
train/pd/cfd16c3b9ecf4b09_w08.png,cfd16c3b9ecf4b09,8,Lab,Corona
train/pd/cfd16c3b9ecf4b09_w12.png,cfd16c3b9ecf4b09,12,Lab,Corona
train/pd/cfd16c3b9ecf4b09_w15.png,cfd16c3b9ecf4b09,15,Lab,Corona
train/pd/cfd16c3b9ecf4b09_w20.png,cfd16c3b9ecf4b09,20,Lab,Corona
train/pd/cfd16c3b9ecf4b09_w23.png,cfd16c3b9ecf4b09,23,Lab,Corona
train/pd/cfd16c3b9ecf4b09_w27.png,cfd16c3b9ecf4b09,27,Lab,Corona
train/pd/cfde753a22be76aa_w04.png,cfde753a22be76aa,4,Lab,Particle
train/pd/cfde753a22be76aa_w05.png,cfde753a22be76aa,5,Lab,Particle
train/pd/cfde753a22be76aa_w06.png,cfde753a22be76aa,6,Lab,Particle
train/pd/cfde753a22be76aa_w12.png,cfde753a22be76aa,12,Lab,Particle
train/pd/cfde753a22be76aa_w19.png,cfde753a22be76aa,19,Lab,Particle
train/pd/cfde753a22be76aa_w23.png,cfde753a22be76aa,23,Lab,Particle
train/pd/cfde753a22be76aa_w24.png,cfde753a22be76aa,24,Lab,Particle
train/pd/cfde753a22be76aa_w27.png,cfde753a22be76aa,27,Lab,Particle
train/pd/cff9156ac38db2ce_w01.png,cff9156ac38db2ce,1,Field,Void
train/pd/cff9156ac38db2ce_w06.png,cff9156ac38db2ce,6,Field,Void
train/pd/cff9156ac38db2ce_w11.png,cff9156ac38db2ce,11,Field,Void
train/pd/cff9156ac38db2ce_w18.png,cff9156ac38db2ce,18,Field,Void
train/pd/cff9156ac38db2ce_w21.png,cff9156ac38db2ce,21,Field,Void
train/pd/cff9156ac38db2ce_w22.png,cff9156ac38db2ce,22,Field,Void
train/pd/cff9156ac38db2ce_w24.png,cff9156ac38db2ce,24,Field,Void
train/pd/cff9156ac38db2ce_w26.png,cff9156ac38db2ce,26,Field,Void
train/pd/d05490e1e4c68a57_w02.png,d05490e1e4c68a57,2,Lab,Particle
train/pd/d05490e1e4c68a57_w10.png,d05490e1e4c68a57,10,Lab,Particle
train/pd/d05490e1e4c68a57_w12.png,d05490e1e4c68a57,12,Lab,Particle
train/pd/d05490e1e4c68a57_w14.png,d05490e1e4c68a57,14,Lab,Particle
train/pd/d05490e1e4c68a57_w20.png,d05490e1e4c68a57,20,Lab,Particle
train/pd/d05490e1e4c68a57_w21.png,d05490e1e4c68a57,21,Lab,Particle
train/pd/d05490e1e4c68a57_w23.png,d05490e1e4c68a57,23,Lab,Particle
train/pd/d05490e1e4c68a57_w24.png,d05490e1e4c68a57,24,Lab,Particle
train/pd/d08ef267d536fe91_w00.png,d08ef267d536fe91,0,Lab,Corona
train/pd/d08ef267d536fe91_w05.png,d08ef267d536fe91,5,Lab,Corona
train/pd/d08ef267d536fe91_w11.png,d08ef267d536fe91,11,Lab,Corona
train/pd/d08ef267d536fe91_w14.png,d08ef267d536fe91,14,Lab,Corona
train/pd/d08ef267d536fe91_w17.png,d08ef267d536fe91,17,Lab,Corona
train/pd/d08ef267d536fe91_w20.png,d08ef267d536fe91,20,Lab,Corona
train/pd/d08ef267d536fe91_w23.png,d08ef267d536fe91,23,Lab,Corona
train/pd/d08ef267d536fe91_w24.png,d08ef267d536fe91,24,Lab,Corona
train/pd/d0a88531782b4b10_w04.png,d0a88531782b4b10,4,Lab,Corona
train/pd/d0a88531782b4b10_w06.png,d0a88531782b4b10,6,Lab,Corona
train/pd/d0a88531782b4b10_w11.png,d0a88531782b4b10,11,Lab,Corona
train/pd/d0a88531782b4b10_w14.png,d0a88531782b4b10,14,Lab,Corona
train/pd/d0a88531782b4b10_w19.png,d0a88531782b4b10,19,Lab,Corona
train/pd/d0a88531782b4b10_w21.png,d0a88531782b4b10,21,Lab,Corona
train/pd/d0a88531782b4b10_w22.png,d0a88531782b4b10,22,Lab,Corona
train/pd/d0a88531782b4b10_w24.png,d0a88531782b4b10,24,Lab,Corona
train/pd/d0af9140cbcde8db_w08.png,d0af9140cbcde8db,8,Lab,Particle
train/pd/d0af9140cbcde8db_w09.png,d0af9140cbcde8db,9,Lab,Particle
train/pd/d0af9140cbcde8db_w10.png,d0af9140cbcde8db,10,Lab,Particle
train/pd/d0af9140cbcde8db_w16.png,d0af9140cbcde8db,16,Lab,Particle
train/pd/d0af9140cbcde8db_w17.png,d0af9140cbcde8db,17,Lab,Particle
train/pd/d0af9140cbcde8db_w18.png,d0af9140cbcde8db,18,Lab,Particle
train/pd/d0af9140cbcde8db_w21.png,d0af9140cbcde8db,21,Lab,Particle
train/pd/d0af9140cbcde8db_w23.png,d0af9140cbcde8db,23,Lab,Particle
train/pd/d0b3e3901c079e62_w01.png,d0b3e3901c079e62,1,Lab,Void
train/pd/d0b3e3901c079e62_w02.png,d0b3e3901c079e62,2,Lab,Void
train/pd/d0b3e3901c079e62_w08.png,d0b3e3901c079e62,8,Lab,Void
train/pd/d0b3e3901c079e62_w09.png,d0b3e3901c079e62,9,Lab,Void
train/pd/d0b3e3901c079e62_w12.png,d0b3e3901c079e62,12,Lab,Void
train/pd/d0b3e3901c079e62_w19.png,d0b3e3901c079e62,19,Lab,Void
train/pd/d0b3e3901c079e62_w24.png,d0b3e3901c079e62,24,Lab,Void
train/pd/d0b3e3901c079e62_w26.png,d0b3e3901c079e62,26,Lab,Void
train/pd/d0ce47e95838b3a0_w00.png,d0ce47e95838b3a0,0,Lab,Void
train/pd/d0ce47e95838b3a0_w02.png,d0ce47e95838b3a0,2,Lab,Void
train/pd/d0ce47e95838b3a0_w19.png,d0ce47e95838b3a0,19,Lab,Void
train/pd/d0ce47e95838b3a0_w20.png,d0ce47e95838b3a0,20,Lab,Void
train/pd/d0ce47e95838b3a0_w22.png,d0ce47e95838b3a0,22,Lab,Void
train/pd/d0ce47e95838b3a0_w24.png,d0ce47e95838b3a0,24,Lab,Void
train/pd/d0ce47e95838b3a0_w26.png,d0ce47e95838b3a0,26,Lab,Void
train/pd/d0ce47e95838b3a0_w27.png,d0ce47e95838b3a0,27,Lab,Void
train/pd/d0ec3db3898884ad_w02.png,d0ec3db3898884ad,2,Field,Void
train/pd/d0ec3db3898884ad_w08.png,d0ec3db3898884ad,8,Field,Void
train/pd/d0ec3db3898884ad_w10.png,d0ec3db3898884ad,10,Field,Void
train/pd/d0ec3db3898884ad_w11.png,d0ec3db3898884ad,11,Field,Void
train/pd/d0ec3db3898884ad_w13.png,d0ec3db3898884ad,13,Field,Void
train/pd/d0ec3db3898884ad_w17.png,d0ec3db3898884ad,17,Field,Void
train/pd/d0ec3db3898884ad_w23.png,d0ec3db3898884ad,23,Field,Void
train/pd/d0ec3db3898884ad_w27.png,d0ec3db3898884ad,27,Field,Void
train/pd/d11a683f813cfd1e_w05.png,d11a683f813cfd1e,5,Field,Void
train/pd/d11a683f813cfd1e_w11.png,d11a683f813cfd1e,11,Field,Void
train/pd/d11a683f813cfd1e_w15.png,d11a683f813cfd1e,15,Field,Void
train/pd/d11a683f813cfd1e_w17.png,d11a683f813cfd1e,17,Field,Void
train/pd/d11a683f813cfd1e_w19.png,d11a683f813cfd1e,19,Field,Void
train/pd/d11a683f813cfd1e_w21.png,d11a683f813cfd1e,21,Field,Void
train/pd/d11a683f813cfd1e_w24.png,d11a683f813cfd1e,24,Field,Void
train/pd/d11a683f813cfd1e_w27.png,d11a683f813cfd1e,27,Field,Void
train/pd/d13e589f82226969_w01.png,d13e589f82226969,1,Lab,Corona
train/pd/d13e589f82226969_w03.png,d13e589f82226969,3,Lab,Corona
train/pd/d13e589f82226969_w07.png,d13e589f82226969,7,Lab,Corona
train/pd/d13e589f82226969_w12.png,d13e589f82226969,12,Lab,Corona
train/pd/d13e589f82226969_w13.png,d13e589f82226969,13,Lab,Corona
train/pd/d13e589f82226969_w21.png,d13e589f82226969,21,Lab,Corona
train/pd/d13e589f82226969_w24.png,d13e589f82226969,24,Lab,Corona
train/pd/d13e589f82226969_w25.png,d13e589f82226969,25,Lab,Corona
train/pd/d183443917d9338d_w02.png,d183443917d9338d,2,Lab,Void
train/pd/d183443917d9338d_w09.png,d183443917d9338d,9,Lab,Void
train/pd/d183443917d9338d_w10.png,d183443917d9338d,10,Lab,Void
train/pd/d183443917d9338d_w11.png,d183443917d9338d,11,Lab,Void
train/pd/d183443917d9338d_w14.png,d183443917d9338d,14,Lab,Void
train/pd/d183443917d9338d_w22.png,d183443917d9338d,22,Lab,Void
train/pd/d183443917d9338d_w24.png,d183443917d9338d,24,Lab,Void
train/pd/d183443917d9338d_w26.png,d183443917d9338d,26,Lab,Void
train/pd/d1b84263e5e4297a_w00.png,d1b84263e5e4297a,0,Lab,Void
train/pd/d1b84263e5e4297a_w01.png,d1b84263e5e4297a,1,Lab,Void
train/pd/d1b84263e5e4297a_w08.png,d1b84263e5e4297a,8,Lab,Void
train/pd/d1b84263e5e4297a_w12.png,d1b84263e5e4297a,12,Lab,Void
train/pd/d1b84263e5e4297a_w15.png,d1b84263e5e4297a,15,Lab,Void
train/pd/d1b84263e5e4297a_w23.png,d1b84263e5e4297a,23,Lab,Void
train/pd/d1b84263e5e4297a_w25.png,d1b84263e5e4297a,25,Lab,Void
train/pd/d1b84263e5e4297a_w26.png,d1b84263e5e4297a,26,Lab,Void
train/pd/d1db56f15e30921c_w01.png,d1db56f15e30921c,1,Lab,Void
train/pd/d1db56f15e30921c_w02.png,d1db56f15e30921c,2,Lab,Void
train/pd/d1db56f15e30921c_w11.png,d1db56f15e30921c,11,Lab,Void
train/pd/d1db56f15e30921c_w14.png,d1db56f15e30921c,14,Lab,Void
train/pd/d1db56f15e30921c_w15.png,d1db56f15e30921c,15,Lab,Void
train/pd/d1db56f15e30921c_w20.png,d1db56f15e30921c,20,Lab,Void
train/pd/d1db56f15e30921c_w25.png,d1db56f15e30921c,25,Lab,Void
train/pd/d1db56f15e30921c_w27.png,d1db56f15e30921c,27,Lab,Void
train/pd/d1e4f0cce669fdf2_w00.png,d1e4f0cce669fdf2,0,Field,Void
train/pd/d1e4f0cce669fdf2_w06.png,d1e4f0cce669fdf2,6,Field,Void
train/pd/d1e4f0cce669fdf2_w08.png,d1e4f0cce669fdf2,8,Field,Void
train/pd/d1e4f0cce669fdf2_w10.png,d1e4f0cce669fdf2,10,Field,Void
train/pd/d1e4f0cce669fdf2_w18.png,d1e4f0cce669fdf2,18,Field,Void
train/pd/d1e4f0cce669fdf2_w20.png,d1e4f0cce669fdf2,20,Field,Void
train/pd/d1e4f0cce669fdf2_w21.png,d1e4f0cce669fdf2,21,Field,Void
train/pd/d1e4f0cce669fdf2_w25.png,d1e4f0cce669fdf2,25,Field,Void
train/pd/d26248d3b0a8ecc5_w03.png,d26248d3b0a8ecc5,3,Lab,Floating
train/pd/d26248d3b0a8ecc5_w08.png,d26248d3b0a8ecc5,8,Lab,Floating
train/pd/d26248d3b0a8ecc5_w09.png,d26248d3b0a8ecc5,9,Lab,Floating
train/pd/d26248d3b0a8ecc5_w13.png,d26248d3b0a8ecc5,13,Lab,Floating
train/pd/d26248d3b0a8ecc5_w14.png,d26248d3b0a8ecc5,14,Lab,Floating
train/pd/d26248d3b0a8ecc5_w20.png,d26248d3b0a8ecc5,20,Lab,Floating
train/pd/d26248d3b0a8ecc5_w22.png,d26248d3b0a8ecc5,22,Lab,Floating
train/pd/d26248d3b0a8ecc5_w26.png,d26248d3b0a8ecc5,26,Lab,Floating
train/pd/d26daa1b9df832ff_w07.png,d26daa1b9df832ff,7,Lab,Void
train/pd/d26daa1b9df832ff_w10.png,d26daa1b9df832ff,10,Lab,Void
train/pd/d26daa1b9df832ff_w16.png,d26daa1b9df832ff,16,Lab,Void
train/pd/d26daa1b9df832ff_w17.png,d26daa1b9df832ff,17,Lab,Void
train/pd/d26daa1b9df832ff_w19.png,d26daa1b9df832ff,19,Lab,Void
train/pd/d26daa1b9df832ff_w20.png,d26daa1b9df832ff,20,Lab,Void
train/pd/d26daa1b9df832ff_w24.png,d26daa1b9df832ff,24,Lab,Void
train/pd/d26daa1b9df832ff_w26.png,d26daa1b9df832ff,26,Lab,Void
train/pd/d29ceb9c30cb0f98_w01.png,d29ceb9c30cb0f98,1,Field,Void
train/pd/d29ceb9c30cb0f98_w02.png,d29ceb9c30cb0f98,2,Field,Void
train/pd/d29ceb9c30cb0f98_w06.png,d29ceb9c30cb0f98,6,Field,Void
train/pd/d29ceb9c30cb0f98_w08.png,d29ceb9c30cb0f98,8,Field,Void
train/pd/d29ceb9c30cb0f98_w14.png,d29ceb9c30cb0f98,14,Field,Void
train/pd/d29ceb9c30cb0f98_w20.png,d29ceb9c30cb0f98,20,Field,Void
train/pd/d29ceb9c30cb0f98_w25.png,d29ceb9c30cb0f98,25,Field,Void
train/pd/d29ceb9c30cb0f98_w27.png,d29ceb9c30cb0f98,27,Field,Void
train/pd/d323e8a27325a9b7_w00.png,d323e8a27325a9b7,0,Lab,Void
train/pd/d323e8a27325a9b7_w02.png,d323e8a27325a9b7,2,Lab,Void
train/pd/d323e8a27325a9b7_w03.png,d323e8a27325a9b7,3,Lab,Void
train/pd/d323e8a27325a9b7_w04.png,d323e8a27325a9b7,4,Lab,Void
train/pd/d323e8a27325a9b7_w08.png,d323e8a27325a9b7,8,Lab,Void
train/pd/d323e8a27325a9b7_w18.png,d323e8a27325a9b7,18,Lab,Void
train/pd/d323e8a27325a9b7_w20.png,d323e8a27325a9b7,20,Lab,Void
train/pd/d323e8a27325a9b7_w23.png,d323e8a27325a9b7,23,Lab,Void
train/pd/d35c9c27cc92e1b2_w02.png,d35c9c27cc92e1b2,2,Field,Void
train/pd/d35c9c27cc92e1b2_w04.png,d35c9c27cc92e1b2,4,Field,Void
train/pd/d35c9c27cc92e1b2_w05.png,d35c9c27cc92e1b2,5,Field,Void
train/pd/d35c9c27cc92e1b2_w06.png,d35c9c27cc92e1b2,6,Field,Void
train/pd/d35c9c27cc92e1b2_w12.png,d35c9c27cc92e1b2,12,Field,Void
train/pd/d35c9c27cc92e1b2_w13.png,d35c9c27cc92e1b2,13,Field,Void
train/pd/d35c9c27cc92e1b2_w14.png,d35c9c27cc92e1b2,14,Field,Void
train/pd/d35c9c27cc92e1b2_w21.png,d35c9c27cc92e1b2,21,Field,Void
train/pd/d35d899127c2bf28_w00.png,d35d899127c2bf28,0,Lab,Corona
train/pd/d35d899127c2bf28_w01.png,d35d899127c2bf28,1,Lab,Corona
train/pd/d35d899127c2bf28_w06.png,d35d899127c2bf28,6,Lab,Corona
train/pd/d35d899127c2bf28_w08.png,d35d899127c2bf28,8,Lab,Corona
train/pd/d35d899127c2bf28_w14.png,d35d899127c2bf28,14,Lab,Corona
train/pd/d35d899127c2bf28_w16.png,d35d899127c2bf28,16,Lab,Corona
train/pd/d35d899127c2bf28_w18.png,d35d899127c2bf28,18,Lab,Corona
train/pd/d35d899127c2bf28_w26.png,d35d899127c2bf28,26,Lab,Corona
train/pd/d3762ee1b5ef55ac_w00.png,d3762ee1b5ef55ac,0,Field,Void
train/pd/d3762ee1b5ef55ac_w06.png,d3762ee1b5ef55ac,6,Field,Void
train/pd/d3762ee1b5ef55ac_w08.png,d3762ee1b5ef55ac,8,Field,Void
train/pd/d3762ee1b5ef55ac_w11.png,d3762ee1b5ef55ac,11,Field,Void
train/pd/d3762ee1b5ef55ac_w19.png,d3762ee1b5ef55ac,19,Field,Void
train/pd/d3762ee1b5ef55ac_w22.png,d3762ee1b5ef55ac,22,Field,Void
train/pd/d3762ee1b5ef55ac_w25.png,d3762ee1b5ef55ac,25,Field,Void
train/pd/d3762ee1b5ef55ac_w27.png,d3762ee1b5ef55ac,27,Field,Void
train/pd/d37d7d2344282236_w00.png,d37d7d2344282236,0,Lab,Particle
train/pd/d37d7d2344282236_w01.png,d37d7d2344282236,1,Lab,Particle
train/pd/d37d7d2344282236_w05.png,d37d7d2344282236,5,Lab,Particle
train/pd/d37d7d2344282236_w09.png,d37d7d2344282236,9,Lab,Particle
train/pd/d37d7d2344282236_w11.png,d37d7d2344282236,11,Lab,Particle
train/pd/d37d7d2344282236_w16.png,d37d7d2344282236,16,Lab,Particle
train/pd/d37d7d2344282236_w23.png,d37d7d2344282236,23,Lab,Particle
train/pd/d37d7d2344282236_w24.png,d37d7d2344282236,24,Lab,Particle
train/pd/d3a8e20c58484d80_w01.png,d3a8e20c58484d80,1,Lab,Floating
train/pd/d3a8e20c58484d80_w09.png,d3a8e20c58484d80,9,Lab,Floating
train/pd/d3a8e20c58484d80_w10.png,d3a8e20c58484d80,10,Lab,Floating
train/pd/d3a8e20c58484d80_w14.png,d3a8e20c58484d80,14,Lab,Floating
train/pd/d3a8e20c58484d80_w20.png,d3a8e20c58484d80,20,Lab,Floating
train/pd/d3a8e20c58484d80_w24.png,d3a8e20c58484d80,24,Lab,Floating
train/pd/d3a8e20c58484d80_w26.png,d3a8e20c58484d80,26,Lab,Floating
train/pd/d3a8e20c58484d80_w27.png,d3a8e20c58484d80,27,Lab,Floating
train/pd/d3dafa88548d6ff0_w00.png,d3dafa88548d6ff0,0,Field,Void
train/pd/d3dafa88548d6ff0_w11.png,d3dafa88548d6ff0,11,Field,Void
train/pd/d3dafa88548d6ff0_w14.png,d3dafa88548d6ff0,14,Field,Void
train/pd/d3dafa88548d6ff0_w17.png,d3dafa88548d6ff0,17,Field,Void
train/pd/d3dafa88548d6ff0_w18.png,d3dafa88548d6ff0,18,Field,Void
train/pd/d3dafa88548d6ff0_w21.png,d3dafa88548d6ff0,21,Field,Void
train/pd/d3dafa88548d6ff0_w22.png,d3dafa88548d6ff0,22,Field,Void
train/pd/d3dafa88548d6ff0_w25.png,d3dafa88548d6ff0,25,Field,Void
train/pd/d42575f324c51db8_w08.png,d42575f324c51db8,8,Field,Void
train/pd/d42575f324c51db8_w10.png,d42575f324c51db8,10,Field,Void
train/pd/d42575f324c51db8_w14.png,d42575f324c51db8,14,Field,Void
train/pd/d42575f324c51db8_w17.png,d42575f324c51db8,17,Field,Void
train/pd/d42575f324c51db8_w18.png,d42575f324c51db8,18,Field,Void
train/pd/d42575f324c51db8_w19.png,d42575f324c51db8,19,Field,Void
train/pd/d42575f324c51db8_w22.png,d42575f324c51db8,22,Field,Void
train/pd/d42575f324c51db8_w27.png,d42575f324c51db8,27,Field,Void
train/pd/d45c218f30ea7bc4_w00.png,d45c218f30ea7bc4,0,Lab,Void
train/pd/d45c218f30ea7bc4_w05.png,d45c218f30ea7bc4,5,Lab,Void
train/pd/d45c218f30ea7bc4_w07.png,d45c218f30ea7bc4,7,Lab,Void
train/pd/d45c218f30ea7bc4_w10.png,d45c218f30ea7bc4,10,Lab,Void
train/pd/d45c218f30ea7bc4_w17.png,d45c218f30ea7bc4,17,Lab,Void
train/pd/d45c218f30ea7bc4_w22.png,d45c218f30ea7bc4,22,Lab,Void
train/pd/d45c218f30ea7bc4_w23.png,d45c218f30ea7bc4,23,Lab,Void
train/pd/d45c218f30ea7bc4_w25.png,d45c218f30ea7bc4,25,Lab,Void
train/pd/d47129fb6614b392_w02.png,d47129fb6614b392,2,Lab,Void
train/pd/d47129fb6614b392_w07.png,d47129fb6614b392,7,Lab,Void
train/pd/d47129fb6614b392_w08.png,d47129fb6614b392,8,Lab,Void
train/pd/d47129fb6614b392_w19.png,d47129fb6614b392,19,Lab,Void
train/pd/d47129fb6614b392_w20.png,d47129fb6614b392,20,Lab,Void
train/pd/d47129fb6614b392_w21.png,d47129fb6614b392,21,Lab,Void
train/pd/d47129fb6614b392_w24.png,d47129fb6614b392,24,Lab,Void
train/pd/d47129fb6614b392_w26.png,d47129fb6614b392,26,Lab,Void
train/pd/d48fdfe22fb4bac8_w05.png,d48fdfe22fb4bac8,5,Lab,Void
train/pd/d48fdfe22fb4bac8_w06.png,d48fdfe22fb4bac8,6,Lab,Void
train/pd/d48fdfe22fb4bac8_w08.png,d48fdfe22fb4bac8,8,Lab,Void
train/pd/d48fdfe22fb4bac8_w10.png,d48fdfe22fb4bac8,10,Lab,Void
train/pd/d48fdfe22fb4bac8_w14.png,d48fdfe22fb4bac8,14,Lab,Void
train/pd/d48fdfe22fb4bac8_w22.png,d48fdfe22fb4bac8,22,Lab,Void
train/pd/d48fdfe22fb4bac8_w24.png,d48fdfe22fb4bac8,24,Lab,Void
train/pd/d48fdfe22fb4bac8_w25.png,d48fdfe22fb4bac8,25,Lab,Void
train/pd/d4ea1bdd77fbba7e_w03.png,d4ea1bdd77fbba7e,3,Lab,Void
train/pd/d4ea1bdd77fbba7e_w04.png,d4ea1bdd77fbba7e,4,Lab,Void
train/pd/d4ea1bdd77fbba7e_w05.png,d4ea1bdd77fbba7e,5,Lab,Void
train/pd/d4ea1bdd77fbba7e_w10.png,d4ea1bdd77fbba7e,10,Lab,Void
train/pd/d4ea1bdd77fbba7e_w17.png,d4ea1bdd77fbba7e,17,Lab,Void
train/pd/d4ea1bdd77fbba7e_w19.png,d4ea1bdd77fbba7e,19,Lab,Void
train/pd/d4ea1bdd77fbba7e_w25.png,d4ea1bdd77fbba7e,25,Lab,Void
train/pd/d4ea1bdd77fbba7e_w26.png,d4ea1bdd77fbba7e,26,Lab,Void
train/pd/d50f446e3818459c_w01.png,d50f446e3818459c,1,Lab,Corona
train/pd/d50f446e3818459c_w09.png,d50f446e3818459c,9,Lab,Corona
train/pd/d50f446e3818459c_w11.png,d50f446e3818459c,11,Lab,Corona
train/pd/d50f446e3818459c_w12.png,d50f446e3818459c,12,Lab,Corona
train/pd/d50f446e3818459c_w18.png,d50f446e3818459c,18,Lab,Corona
train/pd/d50f446e3818459c_w22.png,d50f446e3818459c,22,Lab,Corona
train/pd/d50f446e3818459c_w23.png,d50f446e3818459c,23,Lab,Corona
train/pd/d50f446e3818459c_w27.png,d50f446e3818459c,27,Lab,Corona
train/pd/d5337385f5f6eff3_w00.png,d5337385f5f6eff3,0,Lab,Corona
train/pd/d5337385f5f6eff3_w03.png,d5337385f5f6eff3,3,Lab,Corona
train/pd/d5337385f5f6eff3_w07.png,d5337385f5f6eff3,7,Lab,Corona
train/pd/d5337385f5f6eff3_w14.png,d5337385f5f6eff3,14,Lab,Corona
train/pd/d5337385f5f6eff3_w16.png,d5337385f5f6eff3,16,Lab,Corona
train/pd/d5337385f5f6eff3_w18.png,d5337385f5f6eff3,18,Lab,Corona
train/pd/d5337385f5f6eff3_w19.png,d5337385f5f6eff3,19,Lab,Corona
train/pd/d5337385f5f6eff3_w24.png,d5337385f5f6eff3,24,Lab,Corona
train/pd/d583f51e90d92b07_w09.png,d583f51e90d92b07,9,Lab,Corona
train/pd/d583f51e90d92b07_w10.png,d583f51e90d92b07,10,Lab,Corona
train/pd/d583f51e90d92b07_w12.png,d583f51e90d92b07,12,Lab,Corona
train/pd/d583f51e90d92b07_w15.png,d583f51e90d92b07,15,Lab,Corona
train/pd/d583f51e90d92b07_w16.png,d583f51e90d92b07,16,Lab,Corona
train/pd/d583f51e90d92b07_w18.png,d583f51e90d92b07,18,Lab,Corona
train/pd/d583f51e90d92b07_w22.png,d583f51e90d92b07,22,Lab,Corona
train/pd/d583f51e90d92b07_w26.png,d583f51e90d92b07,26,Lab,Corona
train/pd/d5d86585083fe17f_w02.png,d5d86585083fe17f,2,Field,Void
train/pd/d5d86585083fe17f_w09.png,d5d86585083fe17f,9,Field,Void
train/pd/d5d86585083fe17f_w11.png,d5d86585083fe17f,11,Field,Void
train/pd/d5d86585083fe17f_w14.png,d5d86585083fe17f,14,Field,Void
train/pd/d5d86585083fe17f_w18.png,d5d86585083fe17f,18,Field,Void
train/pd/d5d86585083fe17f_w23.png,d5d86585083fe17f,23,Field,Void
train/pd/d5d86585083fe17f_w24.png,d5d86585083fe17f,24,Field,Void
train/pd/d5d86585083fe17f_w26.png,d5d86585083fe17f,26,Field,Void
train/pd/d639a63649cb2e42_w00.png,d639a63649cb2e42,0,Field,Void
train/pd/d639a63649cb2e42_w01.png,d639a63649cb2e42,1,Field,Void
train/pd/d639a63649cb2e42_w03.png,d639a63649cb2e42,3,Field,Void
train/pd/d639a63649cb2e42_w10.png,d639a63649cb2e42,10,Field,Void
train/pd/d639a63649cb2e42_w12.png,d639a63649cb2e42,12,Field,Void
train/pd/d639a63649cb2e42_w17.png,d639a63649cb2e42,17,Field,Void
train/pd/d639a63649cb2e42_w19.png,d639a63649cb2e42,19,Field,Void
train/pd/d639a63649cb2e42_w21.png,d639a63649cb2e42,21,Field,Void
train/pd/d660aca063409e0a_w01.png,d660aca063409e0a,1,Lab,Corona
train/pd/d660aca063409e0a_w07.png,d660aca063409e0a,7,Lab,Corona
train/pd/d660aca063409e0a_w14.png,d660aca063409e0a,14,Lab,Corona
train/pd/d660aca063409e0a_w17.png,d660aca063409e0a,17,Lab,Corona
train/pd/d660aca063409e0a_w18.png,d660aca063409e0a,18,Lab,Corona
train/pd/d660aca063409e0a_w20.png,d660aca063409e0a,20,Lab,Corona
train/pd/d660aca063409e0a_w22.png,d660aca063409e0a,22,Lab,Corona
train/pd/d660aca063409e0a_w25.png,d660aca063409e0a,25,Lab,Corona
train/pd/d67e9e651decccac_w02.png,d67e9e651decccac,2,Lab,Corona
train/pd/d67e9e651decccac_w08.png,d67e9e651decccac,8,Lab,Corona
train/pd/d67e9e651decccac_w10.png,d67e9e651decccac,10,Lab,Corona
train/pd/d67e9e651decccac_w11.png,d67e9e651decccac,11,Lab,Corona
train/pd/d67e9e651decccac_w12.png,d67e9e651decccac,12,Lab,Corona
train/pd/d67e9e651decccac_w15.png,d67e9e651decccac,15,Lab,Corona
train/pd/d67e9e651decccac_w19.png,d67e9e651decccac,19,Lab,Corona
train/pd/d67e9e651decccac_w26.png,d67e9e651decccac,26,Lab,Corona
train/pd/d697273e7ade84aa_w02.png,d697273e7ade84aa,2,Lab,Void
train/pd/d697273e7ade84aa_w03.png,d697273e7ade84aa,3,Lab,Void
train/pd/d697273e7ade84aa_w08.png,d697273e7ade84aa,8,Lab,Void
train/pd/d697273e7ade84aa_w10.png,d697273e7ade84aa,10,Lab,Void
train/pd/d697273e7ade84aa_w11.png,d697273e7ade84aa,11,Lab,Void
train/pd/d697273e7ade84aa_w14.png,d697273e7ade84aa,14,Lab,Void
train/pd/d697273e7ade84aa_w22.png,d697273e7ade84aa,22,Lab,Void
train/pd/d697273e7ade84aa_w24.png,d697273e7ade84aa,24,Lab,Void
train/pd/d6b557ad4be17abc_w00.png,d6b557ad4be17abc,0,Lab,Particle
train/pd/d6b557ad4be17abc_w04.png,d6b557ad4be17abc,4,Lab,Particle
train/pd/d6b557ad4be17abc_w08.png,d6b557ad4be17abc,8,Lab,Particle
train/pd/d6b557ad4be17abc_w09.png,d6b557ad4be17abc,9,Lab,Particle
train/pd/d6b557ad4be17abc_w14.png,d6b557ad4be17abc,14,Lab,Particle
train/pd/d6b557ad4be17abc_w18.png,d6b557ad4be17abc,18,Lab,Particle
train/pd/d6b557ad4be17abc_w25.png,d6b557ad4be17abc,25,Lab,Particle
train/pd/d6b557ad4be17abc_w27.png,d6b557ad4be17abc,27,Lab,Particle
train/pd/d74810c1b9d10d65_w01.png,d74810c1b9d10d65,1,Lab,Floating
train/pd/d74810c1b9d10d65_w06.png,d74810c1b9d10d65,6,Lab,Floating
train/pd/d74810c1b9d10d65_w07.png,d74810c1b9d10d65,7,Lab,Floating
train/pd/d74810c1b9d10d65_w14.png,d74810c1b9d10d65,14,Lab,Floating
train/pd/d74810c1b9d10d65_w19.png,d74810c1b9d10d65,19,Lab,Floating
train/pd/d74810c1b9d10d65_w20.png,d74810c1b9d10d65,20,Lab,Floating
train/pd/d74810c1b9d10d65_w21.png,d74810c1b9d10d65,21,Lab,Floating
train/pd/d74810c1b9d10d65_w25.png,d74810c1b9d10d65,25,Lab,Floating
train/pd/d76e01e28940f24b_w01.png,d76e01e28940f24b,1,Lab,Particle
train/pd/d76e01e28940f24b_w02.png,d76e01e28940f24b,2,Lab,Particle
train/pd/d76e01e28940f24b_w05.png,d76e01e28940f24b,5,Lab,Particle
train/pd/d76e01e28940f24b_w06.png,d76e01e28940f24b,6,Lab,Particle
train/pd/d76e01e28940f24b_w13.png,d76e01e28940f24b,13,Lab,Particle
train/pd/d76e01e28940f24b_w16.png,d76e01e28940f24b,16,Lab,Particle
train/pd/d76e01e28940f24b_w18.png,d76e01e28940f24b,18,Lab,Particle
train/pd/d76e01e28940f24b_w19.png,d76e01e28940f24b,19,Lab,Particle
train/pd/d84c0f1b0f597e2a_w00.png,d84c0f1b0f597e2a,0,Lab,Floating
train/pd/d84c0f1b0f597e2a_w08.png,d84c0f1b0f597e2a,8,Lab,Floating
train/pd/d84c0f1b0f597e2a_w10.png,d84c0f1b0f597e2a,10,Lab,Floating
train/pd/d84c0f1b0f597e2a_w13.png,d84c0f1b0f597e2a,13,Lab,Floating
train/pd/d84c0f1b0f597e2a_w15.png,d84c0f1b0f597e2a,15,Lab,Floating
train/pd/d84c0f1b0f597e2a_w18.png,d84c0f1b0f597e2a,18,Lab,Floating
train/pd/d84c0f1b0f597e2a_w20.png,d84c0f1b0f597e2a,20,Lab,Floating
train/pd/d84c0f1b0f597e2a_w27.png,d84c0f1b0f597e2a,27,Lab,Floating
train/pd/d856d27e632497c0_w01.png,d856d27e632497c0,1,Lab,Floating
train/pd/d856d27e632497c0_w11.png,d856d27e632497c0,11,Lab,Floating
train/pd/d856d27e632497c0_w15.png,d856d27e632497c0,15,Lab,Floating
train/pd/d856d27e632497c0_w16.png,d856d27e632497c0,16,Lab,Floating
train/pd/d856d27e632497c0_w18.png,d856d27e632497c0,18,Lab,Floating
train/pd/d856d27e632497c0_w20.png,d856d27e632497c0,20,Lab,Floating
train/pd/d856d27e632497c0_w25.png,d856d27e632497c0,25,Lab,Floating
train/pd/d856d27e632497c0_w26.png,d856d27e632497c0,26,Lab,Floating
train/pd/d867b488e6bbe544_w03.png,d867b488e6bbe544,3,Lab,Floating
train/pd/d867b488e6bbe544_w04.png,d867b488e6bbe544,4,Lab,Floating
train/pd/d867b488e6bbe544_w05.png,d867b488e6bbe544,5,Lab,Floating
train/pd/d867b488e6bbe544_w06.png,d867b488e6bbe544,6,Lab,Floating
train/pd/d867b488e6bbe544_w08.png,d867b488e6bbe544,8,Lab,Floating
train/pd/d867b488e6bbe544_w11.png,d867b488e6bbe544,11,Lab,Floating
train/pd/d867b488e6bbe544_w13.png,d867b488e6bbe544,13,Lab,Floating
train/pd/d867b488e6bbe544_w27.png,d867b488e6bbe544,27,Lab,Floating
train/pd/d8936c6f1ab2fb68_w00.png,d8936c6f1ab2fb68,0,Lab,Corona
train/pd/d8936c6f1ab2fb68_w07.png,d8936c6f1ab2fb68,7,Lab,Corona
train/pd/d8936c6f1ab2fb68_w09.png,d8936c6f1ab2fb68,9,Lab,Corona
train/pd/d8936c6f1ab2fb68_w12.png,d8936c6f1ab2fb68,12,Lab,Corona
train/pd/d8936c6f1ab2fb68_w20.png,d8936c6f1ab2fb68,20,Lab,Corona
train/pd/d8936c6f1ab2fb68_w23.png,d8936c6f1ab2fb68,23,Lab,Corona
train/pd/d8936c6f1ab2fb68_w26.png,d8936c6f1ab2fb68,26,Lab,Corona
train/pd/d8936c6f1ab2fb68_w27.png,d8936c6f1ab2fb68,27,Lab,Corona
train/pd/d8d6d4cc45a6f2c5_w01.png,d8d6d4cc45a6f2c5,1,Lab,Void
train/pd/d8d6d4cc45a6f2c5_w08.png,d8d6d4cc45a6f2c5,8,Lab,Void
train/pd/d8d6d4cc45a6f2c5_w12.png,d8d6d4cc45a6f2c5,12,Lab,Void
train/pd/d8d6d4cc45a6f2c5_w15.png,d8d6d4cc45a6f2c5,15,Lab,Void
train/pd/d8d6d4cc45a6f2c5_w16.png,d8d6d4cc45a6f2c5,16,Lab,Void
train/pd/d8d6d4cc45a6f2c5_w20.png,d8d6d4cc45a6f2c5,20,Lab,Void
train/pd/d8d6d4cc45a6f2c5_w21.png,d8d6d4cc45a6f2c5,21,Lab,Void
train/pd/d8d6d4cc45a6f2c5_w22.png,d8d6d4cc45a6f2c5,22,Lab,Void
train/pd/d8ef9400ba3c8020_w01.png,d8ef9400ba3c8020,1,Field,Floating
train/pd/d8ef9400ba3c8020_w09.png,d8ef9400ba3c8020,9,Field,Floating
train/pd/d8ef9400ba3c8020_w12.png,d8ef9400ba3c8020,12,Field,Floating
train/pd/d8ef9400ba3c8020_w16.png,d8ef9400ba3c8020,16,Field,Floating
train/pd/d8ef9400ba3c8020_w18.png,d8ef9400ba3c8020,18,Field,Floating
train/pd/d8ef9400ba3c8020_w22.png,d8ef9400ba3c8020,22,Field,Floating
train/pd/d8ef9400ba3c8020_w23.png,d8ef9400ba3c8020,23,Field,Floating
train/pd/d8ef9400ba3c8020_w27.png,d8ef9400ba3c8020,27,Field,Floating
train/pd/d8fda66e9a251b25_w01.png,d8fda66e9a251b25,1,Lab,Corona
train/pd/d8fda66e9a251b25_w03.png,d8fda66e9a251b25,3,Lab,Corona
train/pd/d8fda66e9a251b25_w06.png,d8fda66e9a251b25,6,Lab,Corona
train/pd/d8fda66e9a251b25_w14.png,d8fda66e9a251b25,14,Lab,Corona
train/pd/d8fda66e9a251b25_w19.png,d8fda66e9a251b25,19,Lab,Corona
train/pd/d8fda66e9a251b25_w25.png,d8fda66e9a251b25,25,Lab,Corona
train/pd/d8fda66e9a251b25_w26.png,d8fda66e9a251b25,26,Lab,Corona
train/pd/d8fda66e9a251b25_w27.png,d8fda66e9a251b25,27,Lab,Corona
train/pd/d91204800cf00194_w00.png,d91204800cf00194,0,Lab,Corona
train/pd/d91204800cf00194_w07.png,d91204800cf00194,7,Lab,Corona
train/pd/d91204800cf00194_w11.png,d91204800cf00194,11,Lab,Corona
train/pd/d91204800cf00194_w12.png,d91204800cf00194,12,Lab,Corona
train/pd/d91204800cf00194_w17.png,d91204800cf00194,17,Lab,Corona
train/pd/d91204800cf00194_w23.png,d91204800cf00194,23,Lab,Corona
train/pd/d91204800cf00194_w24.png,d91204800cf00194,24,Lab,Corona
train/pd/d91204800cf00194_w27.png,d91204800cf00194,27,Lab,Corona
train/pd/d91e4512fc2336c9_w06.png,d91e4512fc2336c9,6,Lab,Floating
train/pd/d91e4512fc2336c9_w15.png,d91e4512fc2336c9,15,Lab,Floating
train/pd/d91e4512fc2336c9_w16.png,d91e4512fc2336c9,16,Lab,Floating
train/pd/d91e4512fc2336c9_w17.png,d91e4512fc2336c9,17,Lab,Floating
train/pd/d91e4512fc2336c9_w18.png,d91e4512fc2336c9,18,Lab,Floating
train/pd/d91e4512fc2336c9_w20.png,d91e4512fc2336c9,20,Lab,Floating
train/pd/d91e4512fc2336c9_w23.png,d91e4512fc2336c9,23,Lab,Floating
train/pd/d91e4512fc2336c9_w26.png,d91e4512fc2336c9,26,Lab,Floating
train/pd/d92a22f5870b3893_w02.png,d92a22f5870b3893,2,Lab,Corona
train/pd/d92a22f5870b3893_w11.png,d92a22f5870b3893,11,Lab,Corona
train/pd/d92a22f5870b3893_w18.png,d92a22f5870b3893,18,Lab,Corona
train/pd/d92a22f5870b3893_w19.png,d92a22f5870b3893,19,Lab,Corona
train/pd/d92a22f5870b3893_w22.png,d92a22f5870b3893,22,Lab,Corona
train/pd/d92a22f5870b3893_w24.png,d92a22f5870b3893,24,Lab,Corona
train/pd/d92a22f5870b3893_w25.png,d92a22f5870b3893,25,Lab,Corona
train/pd/d92a22f5870b3893_w26.png,d92a22f5870b3893,26,Lab,Corona
train/pd/d9561b943ce0d810_w03.png,d9561b943ce0d810,3,Lab,Void
train/pd/d9561b943ce0d810_w06.png,d9561b943ce0d810,6,Lab,Void
train/pd/d9561b943ce0d810_w10.png,d9561b943ce0d810,10,Lab,Void
train/pd/d9561b943ce0d810_w11.png,d9561b943ce0d810,11,Lab,Void
train/pd/d9561b943ce0d810_w16.png,d9561b943ce0d810,16,Lab,Void
train/pd/d9561b943ce0d810_w22.png,d9561b943ce0d810,22,Lab,Void
train/pd/d9561b943ce0d810_w26.png,d9561b943ce0d810,26,Lab,Void
train/pd/d9561b943ce0d810_w27.png,d9561b943ce0d810,27,Lab,Void
train/pd/d96700ce832db0dc_w00.png,d96700ce832db0dc,0,Field,Void
train/pd/d96700ce832db0dc_w01.png,d96700ce832db0dc,1,Field,Void
train/pd/d96700ce832db0dc_w02.png,d96700ce832db0dc,2,Field,Void
train/pd/d96700ce832db0dc_w09.png,d96700ce832db0dc,9,Field,Void
train/pd/d96700ce832db0dc_w11.png,d96700ce832db0dc,11,Field,Void
train/pd/d96700ce832db0dc_w14.png,d96700ce832db0dc,14,Field,Void
train/pd/d96700ce832db0dc_w21.png,d96700ce832db0dc,21,Field,Void
train/pd/d96700ce832db0dc_w26.png,d96700ce832db0dc,26,Field,Void
train/pd/d98a94d1ca40894e_w02.png,d98a94d1ca40894e,2,Field,Void
train/pd/d98a94d1ca40894e_w03.png,d98a94d1ca40894e,3,Field,Void
train/pd/d98a94d1ca40894e_w04.png,d98a94d1ca40894e,4,Field,Void
train/pd/d98a94d1ca40894e_w08.png,d98a94d1ca40894e,8,Field,Void
train/pd/d98a94d1ca40894e_w10.png,d98a94d1ca40894e,10,Field,Void
train/pd/d98a94d1ca40894e_w21.png,d98a94d1ca40894e,21,Field,Void
train/pd/d98a94d1ca40894e_w24.png,d98a94d1ca40894e,24,Field,Void
train/pd/d98a94d1ca40894e_w27.png,d98a94d1ca40894e,27,Field,Void
train/pd/d9ad6cb1b9a04b73_w00.png,d9ad6cb1b9a04b73,0,Lab,Particle
train/pd/d9ad6cb1b9a04b73_w01.png,d9ad6cb1b9a04b73,1,Lab,Particle
train/pd/d9ad6cb1b9a04b73_w05.png,d9ad6cb1b9a04b73,5,Lab,Particle
train/pd/d9ad6cb1b9a04b73_w07.png,d9ad6cb1b9a04b73,7,Lab,Particle
train/pd/d9ad6cb1b9a04b73_w08.png,d9ad6cb1b9a04b73,8,Lab,Particle
train/pd/d9ad6cb1b9a04b73_w17.png,d9ad6cb1b9a04b73,17,Lab,Particle
train/pd/d9ad6cb1b9a04b73_w18.png,d9ad6cb1b9a04b73,18,Lab,Particle
train/pd/d9ad6cb1b9a04b73_w25.png,d9ad6cb1b9a04b73,25,Lab,Particle
train/pd/d9c0bcf83d6a3f0c_w08.png,d9c0bcf83d6a3f0c,8,Lab,Void
train/pd/d9c0bcf83d6a3f0c_w11.png,d9c0bcf83d6a3f0c,11,Lab,Void
train/pd/d9c0bcf83d6a3f0c_w15.png,d9c0bcf83d6a3f0c,15,Lab,Void
train/pd/d9c0bcf83d6a3f0c_w16.png,d9c0bcf83d6a3f0c,16,Lab,Void
train/pd/d9c0bcf83d6a3f0c_w17.png,d9c0bcf83d6a3f0c,17,Lab,Void
train/pd/d9c0bcf83d6a3f0c_w19.png,d9c0bcf83d6a3f0c,19,Lab,Void
train/pd/d9c0bcf83d6a3f0c_w24.png,d9c0bcf83d6a3f0c,24,Lab,Void
train/pd/d9c0bcf83d6a3f0c_w27.png,d9c0bcf83d6a3f0c,27,Lab,Void
train/pd/d9e781c602526ae8_w00.png,d9e781c602526ae8,0,Lab,Particle
train/pd/d9e781c602526ae8_w10.png,d9e781c602526ae8,10,Lab,Particle
train/pd/d9e781c602526ae8_w12.png,d9e781c602526ae8,12,Lab,Particle
train/pd/d9e781c602526ae8_w13.png,d9e781c602526ae8,13,Lab,Particle
train/pd/d9e781c602526ae8_w19.png,d9e781c602526ae8,19,Lab,Particle
train/pd/d9e781c602526ae8_w20.png,d9e781c602526ae8,20,Lab,Particle
train/pd/d9e781c602526ae8_w22.png,d9e781c602526ae8,22,Lab,Particle
train/pd/d9e781c602526ae8_w27.png,d9e781c602526ae8,27,Lab,Particle
train/pd/d9ff1a51ea5d2484_w00.png,d9ff1a51ea5d2484,0,Lab,Corona
train/pd/d9ff1a51ea5d2484_w03.png,d9ff1a51ea5d2484,3,Lab,Corona
train/pd/d9ff1a51ea5d2484_w04.png,d9ff1a51ea5d2484,4,Lab,Corona
train/pd/d9ff1a51ea5d2484_w09.png,d9ff1a51ea5d2484,9,Lab,Corona
train/pd/d9ff1a51ea5d2484_w10.png,d9ff1a51ea5d2484,10,Lab,Corona
train/pd/d9ff1a51ea5d2484_w12.png,d9ff1a51ea5d2484,12,Lab,Corona
train/pd/d9ff1a51ea5d2484_w18.png,d9ff1a51ea5d2484,18,Lab,Corona
train/pd/d9ff1a51ea5d2484_w25.png,d9ff1a51ea5d2484,25,Lab,Corona
train/pd/da1ea1a05891e243_w00.png,da1ea1a05891e243,0,Lab,Void
train/pd/da1ea1a05891e243_w02.png,da1ea1a05891e243,2,Lab,Void
train/pd/da1ea1a05891e243_w03.png,da1ea1a05891e243,3,Lab,Void
train/pd/da1ea1a05891e243_w09.png,da1ea1a05891e243,9,Lab,Void
train/pd/da1ea1a05891e243_w10.png,da1ea1a05891e243,10,Lab,Void
train/pd/da1ea1a05891e243_w12.png,da1ea1a05891e243,12,Lab,Void
train/pd/da1ea1a05891e243_w16.png,da1ea1a05891e243,16,Lab,Void
train/pd/da1ea1a05891e243_w26.png,da1ea1a05891e243,26,Lab,Void
train/pd/da535f7b25a39f80_w08.png,da535f7b25a39f80,8,Lab,Void
train/pd/da535f7b25a39f80_w10.png,da535f7b25a39f80,10,Lab,Void
train/pd/da535f7b25a39f80_w13.png,da535f7b25a39f80,13,Lab,Void
train/pd/da535f7b25a39f80_w15.png,da535f7b25a39f80,15,Lab,Void
train/pd/da535f7b25a39f80_w16.png,da535f7b25a39f80,16,Lab,Void
train/pd/da535f7b25a39f80_w19.png,da535f7b25a39f80,19,Lab,Void
train/pd/da535f7b25a39f80_w20.png,da535f7b25a39f80,20,Lab,Void
train/pd/da535f7b25a39f80_w24.png,da535f7b25a39f80,24,Lab,Void
train/pd/da544387199eaf18_w02.png,da544387199eaf18,2,Lab,Void
train/pd/da544387199eaf18_w05.png,da544387199eaf18,5,Lab,Void
train/pd/da544387199eaf18_w10.png,da544387199eaf18,10,Lab,Void
train/pd/da544387199eaf18_w11.png,da544387199eaf18,11,Lab,Void
train/pd/da544387199eaf18_w19.png,da544387199eaf18,19,Lab,Void
train/pd/da544387199eaf18_w22.png,da544387199eaf18,22,Lab,Void
train/pd/da544387199eaf18_w26.png,da544387199eaf18,26,Lab,Void
train/pd/da544387199eaf18_w27.png,da544387199eaf18,27,Lab,Void
train/pd/da9e0b6e90dfce36_w01.png,da9e0b6e90dfce36,1,Lab,Floating
train/pd/da9e0b6e90dfce36_w05.png,da9e0b6e90dfce36,5,Lab,Floating
train/pd/da9e0b6e90dfce36_w09.png,da9e0b6e90dfce36,9,Lab,Floating
train/pd/da9e0b6e90dfce36_w14.png,da9e0b6e90dfce36,14,Lab,Floating
train/pd/da9e0b6e90dfce36_w15.png,da9e0b6e90dfce36,15,Lab,Floating
train/pd/da9e0b6e90dfce36_w21.png,da9e0b6e90dfce36,21,Lab,Floating
train/pd/da9e0b6e90dfce36_w25.png,da9e0b6e90dfce36,25,Lab,Floating
train/pd/da9e0b6e90dfce36_w26.png,da9e0b6e90dfce36,26,Lab,Floating
train/pd/daaf25be034eeba3_w00.png,daaf25be034eeba3,0,Lab,Void
train/pd/daaf25be034eeba3_w03.png,daaf25be034eeba3,3,Lab,Void
train/pd/daaf25be034eeba3_w04.png,daaf25be034eeba3,4,Lab,Void
train/pd/daaf25be034eeba3_w06.png,daaf25be034eeba3,6,Lab,Void
train/pd/daaf25be034eeba3_w09.png,daaf25be034eeba3,9,Lab,Void
train/pd/daaf25be034eeba3_w10.png,daaf25be034eeba3,10,Lab,Void
train/pd/daaf25be034eeba3_w17.png,daaf25be034eeba3,17,Lab,Void
train/pd/daaf25be034eeba3_w26.png,daaf25be034eeba3,26,Lab,Void
train/pd/dac199a7502bddc8_w00.png,dac199a7502bddc8,0,Lab,Void
train/pd/dac199a7502bddc8_w03.png,dac199a7502bddc8,3,Lab,Void
train/pd/dac199a7502bddc8_w04.png,dac199a7502bddc8,4,Lab,Void
train/pd/dac199a7502bddc8_w05.png,dac199a7502bddc8,5,Lab,Void
train/pd/dac199a7502bddc8_w08.png,dac199a7502bddc8,8,Lab,Void
train/pd/dac199a7502bddc8_w11.png,dac199a7502bddc8,11,Lab,Void
train/pd/dac199a7502bddc8_w14.png,dac199a7502bddc8,14,Lab,Void
train/pd/dac199a7502bddc8_w15.png,dac199a7502bddc8,15,Lab,Void
train/pd/dae1b401a803c5a5_w03.png,dae1b401a803c5a5,3,Field,Corona
train/pd/dae1b401a803c5a5_w09.png,dae1b401a803c5a5,9,Field,Corona
train/pd/dae1b401a803c5a5_w11.png,dae1b401a803c5a5,11,Field,Corona
train/pd/dae1b401a803c5a5_w13.png,dae1b401a803c5a5,13,Field,Corona
train/pd/dae1b401a803c5a5_w18.png,dae1b401a803c5a5,18,Field,Corona
train/pd/dae1b401a803c5a5_w19.png,dae1b401a803c5a5,19,Field,Corona
train/pd/dae1b401a803c5a5_w20.png,dae1b401a803c5a5,20,Field,Corona
train/pd/dae1b401a803c5a5_w22.png,dae1b401a803c5a5,22,Field,Corona
train/pd/db02c09e51f64f67_w02.png,db02c09e51f64f67,2,Lab,Particle
train/pd/db02c09e51f64f67_w04.png,db02c09e51f64f67,4,Lab,Particle
train/pd/db02c09e51f64f67_w06.png,db02c09e51f64f67,6,Lab,Particle
train/pd/db02c09e51f64f67_w08.png,db02c09e51f64f67,8,Lab,Particle
train/pd/db02c09e51f64f67_w10.png,db02c09e51f64f67,10,Lab,Particle
train/pd/db02c09e51f64f67_w13.png,db02c09e51f64f67,13,Lab,Particle
train/pd/db02c09e51f64f67_w16.png,db02c09e51f64f67,16,Lab,Particle
train/pd/db02c09e51f64f67_w27.png,db02c09e51f64f67,27,Lab,Particle
train/pd/db5305fe49470ff8_w02.png,db5305fe49470ff8,2,Lab,Floating
train/pd/db5305fe49470ff8_w03.png,db5305fe49470ff8,3,Lab,Floating
train/pd/db5305fe49470ff8_w07.png,db5305fe49470ff8,7,Lab,Floating
train/pd/db5305fe49470ff8_w08.png,db5305fe49470ff8,8,Lab,Floating
train/pd/db5305fe49470ff8_w12.png,db5305fe49470ff8,12,Lab,Floating
train/pd/db5305fe49470ff8_w15.png,db5305fe49470ff8,15,Lab,Floating
train/pd/db5305fe49470ff8_w16.png,db5305fe49470ff8,16,Lab,Floating
train/pd/db5305fe49470ff8_w23.png,db5305fe49470ff8,23,Lab,Floating
train/pd/db6d6cfe9cff2a46_w02.png,db6d6cfe9cff2a46,2,Lab,Floating
train/pd/db6d6cfe9cff2a46_w06.png,db6d6cfe9cff2a46,6,Lab,Floating
train/pd/db6d6cfe9cff2a46_w07.png,db6d6cfe9cff2a46,7,Lab,Floating
train/pd/db6d6cfe9cff2a46_w08.png,db6d6cfe9cff2a46,8,Lab,Floating
train/pd/db6d6cfe9cff2a46_w09.png,db6d6cfe9cff2a46,9,Lab,Floating
train/pd/db6d6cfe9cff2a46_w10.png,db6d6cfe9cff2a46,10,Lab,Floating
train/pd/db6d6cfe9cff2a46_w15.png,db6d6cfe9cff2a46,15,Lab,Floating
train/pd/db6d6cfe9cff2a46_w25.png,db6d6cfe9cff2a46,25,Lab,Floating
train/pd/db70a90cb7b3e2c5_w00.png,db70a90cb7b3e2c5,0,Lab,Void
train/pd/db70a90cb7b3e2c5_w01.png,db70a90cb7b3e2c5,1,Lab,Void
train/pd/db70a90cb7b3e2c5_w02.png,db70a90cb7b3e2c5,2,Lab,Void
train/pd/db70a90cb7b3e2c5_w04.png,db70a90cb7b3e2c5,4,Lab,Void
train/pd/db70a90cb7b3e2c5_w17.png,db70a90cb7b3e2c5,17,Lab,Void
train/pd/db70a90cb7b3e2c5_w20.png,db70a90cb7b3e2c5,20,Lab,Void
train/pd/db70a90cb7b3e2c5_w23.png,db70a90cb7b3e2c5,23,Lab,Void
train/pd/db70a90cb7b3e2c5_w24.png,db70a90cb7b3e2c5,24,Lab,Void
train/pd/dba6c4eb98a9fa49_w00.png,dba6c4eb98a9fa49,0,Lab,Void
train/pd/dba6c4eb98a9fa49_w02.png,dba6c4eb98a9fa49,2,Lab,Void
train/pd/dba6c4eb98a9fa49_w06.png,dba6c4eb98a9fa49,6,Lab,Void
train/pd/dba6c4eb98a9fa49_w08.png,dba6c4eb98a9fa49,8,Lab,Void
train/pd/dba6c4eb98a9fa49_w12.png,dba6c4eb98a9fa49,12,Lab,Void
train/pd/dba6c4eb98a9fa49_w16.png,dba6c4eb98a9fa49,16,Lab,Void
train/pd/dba6c4eb98a9fa49_w18.png,dba6c4eb98a9fa49,18,Lab,Void
train/pd/dba6c4eb98a9fa49_w20.png,dba6c4eb98a9fa49,20,Lab,Void
train/pd/dbbb86837cdcc604_w00.png,dbbb86837cdcc604,0,Lab,Void
train/pd/dbbb86837cdcc604_w06.png,dbbb86837cdcc604,6,Lab,Void
train/pd/dbbb86837cdcc604_w10.png,dbbb86837cdcc604,10,Lab,Void
train/pd/dbbb86837cdcc604_w13.png,dbbb86837cdcc604,13,Lab,Void
train/pd/dbbb86837cdcc604_w17.png,dbbb86837cdcc604,17,Lab,Void
train/pd/dbbb86837cdcc604_w18.png,dbbb86837cdcc604,18,Lab,Void
train/pd/dbbb86837cdcc604_w19.png,dbbb86837cdcc604,19,Lab,Void
train/pd/dbbb86837cdcc604_w23.png,dbbb86837cdcc604,23,Lab,Void
train/pd/dbbfd7bb9105af6c_w01.png,dbbfd7bb9105af6c,1,Lab,Void
train/pd/dbbfd7bb9105af6c_w10.png,dbbfd7bb9105af6c,10,Lab,Void
train/pd/dbbfd7bb9105af6c_w11.png,dbbfd7bb9105af6c,11,Lab,Void
train/pd/dbbfd7bb9105af6c_w16.png,dbbfd7bb9105af6c,16,Lab,Void
train/pd/dbbfd7bb9105af6c_w17.png,dbbfd7bb9105af6c,17,Lab,Void
train/pd/dbbfd7bb9105af6c_w19.png,dbbfd7bb9105af6c,19,Lab,Void
train/pd/dbbfd7bb9105af6c_w23.png,dbbfd7bb9105af6c,23,Lab,Void
train/pd/dbbfd7bb9105af6c_w26.png,dbbfd7bb9105af6c,26,Lab,Void
train/pd/dbdbe4eab89431bd_w01.png,dbdbe4eab89431bd,1,Lab,Particle
train/pd/dbdbe4eab89431bd_w03.png,dbdbe4eab89431bd,3,Lab,Particle
train/pd/dbdbe4eab89431bd_w06.png,dbdbe4eab89431bd,6,Lab,Particle
train/pd/dbdbe4eab89431bd_w08.png,dbdbe4eab89431bd,8,Lab,Particle
train/pd/dbdbe4eab89431bd_w10.png,dbdbe4eab89431bd,10,Lab,Particle
train/pd/dbdbe4eab89431bd_w13.png,dbdbe4eab89431bd,13,Lab,Particle
train/pd/dbdbe4eab89431bd_w17.png,dbdbe4eab89431bd,17,Lab,Particle
train/pd/dbdbe4eab89431bd_w26.png,dbdbe4eab89431bd,26,Lab,Particle
train/pd/dbf249dfe3947535_w03.png,dbf249dfe3947535,3,Lab,Void
train/pd/dbf249dfe3947535_w09.png,dbf249dfe3947535,9,Lab,Void
train/pd/dbf249dfe3947535_w12.png,dbf249dfe3947535,12,Lab,Void
train/pd/dbf249dfe3947535_w13.png,dbf249dfe3947535,13,Lab,Void
train/pd/dbf249dfe3947535_w15.png,dbf249dfe3947535,15,Lab,Void
train/pd/dbf249dfe3947535_w21.png,dbf249dfe3947535,21,Lab,Void
train/pd/dbf249dfe3947535_w22.png,dbf249dfe3947535,22,Lab,Void
train/pd/dbf249dfe3947535_w27.png,dbf249dfe3947535,27,Lab,Void
train/pd/dc1045677f301dc6_w05.png,dc1045677f301dc6,5,Field,Void
train/pd/dc1045677f301dc6_w07.png,dc1045677f301dc6,7,Field,Void
train/pd/dc1045677f301dc6_w09.png,dc1045677f301dc6,9,Field,Void
train/pd/dc1045677f301dc6_w15.png,dc1045677f301dc6,15,Field,Void
train/pd/dc1045677f301dc6_w17.png,dc1045677f301dc6,17,Field,Void
train/pd/dc1045677f301dc6_w20.png,dc1045677f301dc6,20,Field,Void
train/pd/dc1045677f301dc6_w22.png,dc1045677f301dc6,22,Field,Void
train/pd/dc1045677f301dc6_w27.png,dc1045677f301dc6,27,Field,Void
train/pd/dc3a47460ecf857b_w05.png,dc3a47460ecf857b,5,Lab,Floating
train/pd/dc3a47460ecf857b_w06.png,dc3a47460ecf857b,6,Lab,Floating
train/pd/dc3a47460ecf857b_w16.png,dc3a47460ecf857b,16,Lab,Floating
train/pd/dc3a47460ecf857b_w19.png,dc3a47460ecf857b,19,Lab,Floating
train/pd/dc3a47460ecf857b_w20.png,dc3a47460ecf857b,20,Lab,Floating
train/pd/dc3a47460ecf857b_w22.png,dc3a47460ecf857b,22,Lab,Floating
train/pd/dc3a47460ecf857b_w23.png,dc3a47460ecf857b,23,Lab,Floating
train/pd/dc3a47460ecf857b_w26.png,dc3a47460ecf857b,26,Lab,Floating
train/pd/dc7d5b49ade36c9d_w05.png,dc7d5b49ade36c9d,5,Lab,Floating
train/pd/dc7d5b49ade36c9d_w06.png,dc7d5b49ade36c9d,6,Lab,Floating
train/pd/dc7d5b49ade36c9d_w09.png,dc7d5b49ade36c9d,9,Lab,Floating
train/pd/dc7d5b49ade36c9d_w14.png,dc7d5b49ade36c9d,14,Lab,Floating
train/pd/dc7d5b49ade36c9d_w16.png,dc7d5b49ade36c9d,16,Lab,Floating
train/pd/dc7d5b49ade36c9d_w25.png,dc7d5b49ade36c9d,25,Lab,Floating
train/pd/dc7d5b49ade36c9d_w26.png,dc7d5b49ade36c9d,26,Lab,Floating
train/pd/dc7d5b49ade36c9d_w27.png,dc7d5b49ade36c9d,27,Lab,Floating
train/pd/dc86cf30251f646a_w03.png,dc86cf30251f646a,3,Lab,Void
train/pd/dc86cf30251f646a_w04.png,dc86cf30251f646a,4,Lab,Void
train/pd/dc86cf30251f646a_w07.png,dc86cf30251f646a,7,Lab,Void
train/pd/dc86cf30251f646a_w10.png,dc86cf30251f646a,10,Lab,Void
train/pd/dc86cf30251f646a_w15.png,dc86cf30251f646a,15,Lab,Void
train/pd/dc86cf30251f646a_w16.png,dc86cf30251f646a,16,Lab,Void
train/pd/dc86cf30251f646a_w22.png,dc86cf30251f646a,22,Lab,Void
train/pd/dc86cf30251f646a_w24.png,dc86cf30251f646a,24,Lab,Void
train/pd/dc8bed335b6df098_w00.png,dc8bed335b6df098,0,Lab,Void
train/pd/dc8bed335b6df098_w04.png,dc8bed335b6df098,4,Lab,Void
train/pd/dc8bed335b6df098_w06.png,dc8bed335b6df098,6,Lab,Void
train/pd/dc8bed335b6df098_w13.png,dc8bed335b6df098,13,Lab,Void
train/pd/dc8bed335b6df098_w17.png,dc8bed335b6df098,17,Lab,Void
train/pd/dc8bed335b6df098_w22.png,dc8bed335b6df098,22,Lab,Void
train/pd/dc8bed335b6df098_w25.png,dc8bed335b6df098,25,Lab,Void
train/pd/dc8bed335b6df098_w27.png,dc8bed335b6df098,27,Lab,Void
train/pd/dca8e09a7f6137f3_w01.png,dca8e09a7f6137f3,1,Lab,Floating
train/pd/dca8e09a7f6137f3_w02.png,dca8e09a7f6137f3,2,Lab,Floating
train/pd/dca8e09a7f6137f3_w05.png,dca8e09a7f6137f3,5,Lab,Floating
train/pd/dca8e09a7f6137f3_w12.png,dca8e09a7f6137f3,12,Lab,Floating
train/pd/dca8e09a7f6137f3_w14.png,dca8e09a7f6137f3,14,Lab,Floating
train/pd/dca8e09a7f6137f3_w16.png,dca8e09a7f6137f3,16,Lab,Floating
train/pd/dca8e09a7f6137f3_w17.png,dca8e09a7f6137f3,17,Lab,Floating
train/pd/dca8e09a7f6137f3_w24.png,dca8e09a7f6137f3,24,Lab,Floating
train/pd/dd34dc28725f731a_w01.png,dd34dc28725f731a,1,Lab,Particle
train/pd/dd34dc28725f731a_w05.png,dd34dc28725f731a,5,Lab,Particle
train/pd/dd34dc28725f731a_w08.png,dd34dc28725f731a,8,Lab,Particle
train/pd/dd34dc28725f731a_w11.png,dd34dc28725f731a,11,Lab,Particle
train/pd/dd34dc28725f731a_w14.png,dd34dc28725f731a,14,Lab,Particle
train/pd/dd34dc28725f731a_w15.png,dd34dc28725f731a,15,Lab,Particle
train/pd/dd34dc28725f731a_w19.png,dd34dc28725f731a,19,Lab,Particle
train/pd/dd34dc28725f731a_w20.png,dd34dc28725f731a,20,Lab,Particle
train/pd/dd3d530da9ea36ed_w02.png,dd3d530da9ea36ed,2,Field,Void
train/pd/dd3d530da9ea36ed_w04.png,dd3d530da9ea36ed,4,Field,Void
train/pd/dd3d530da9ea36ed_w06.png,dd3d530da9ea36ed,6,Field,Void
train/pd/dd3d530da9ea36ed_w13.png,dd3d530da9ea36ed,13,Field,Void
train/pd/dd3d530da9ea36ed_w15.png,dd3d530da9ea36ed,15,Field,Void
train/pd/dd3d530da9ea36ed_w22.png,dd3d530da9ea36ed,22,Field,Void
train/pd/dd3d530da9ea36ed_w24.png,dd3d530da9ea36ed,24,Field,Void
train/pd/dd3d530da9ea36ed_w27.png,dd3d530da9ea36ed,27,Field,Void
train/pd/dd6116a3a5ab696f_w00.png,dd6116a3a5ab696f,0,Lab,Void
train/pd/dd6116a3a5ab696f_w11.png,dd6116a3a5ab696f,11,Lab,Void
train/pd/dd6116a3a5ab696f_w14.png,dd6116a3a5ab696f,14,Lab,Void
train/pd/dd6116a3a5ab696f_w15.png,dd6116a3a5ab696f,15,Lab,Void
train/pd/dd6116a3a5ab696f_w19.png,dd6116a3a5ab696f,19,Lab,Void
train/pd/dd6116a3a5ab696f_w20.png,dd6116a3a5ab696f,20,Lab,Void
train/pd/dd6116a3a5ab696f_w22.png,dd6116a3a5ab696f,22,Lab,Void
train/pd/dd6116a3a5ab696f_w27.png,dd6116a3a5ab696f,27,Lab,Void
train/pd/dd7e6ec35825d327_w00.png,dd7e6ec35825d327,0,Lab,Void
train/pd/dd7e6ec35825d327_w04.png,dd7e6ec35825d327,4,Lab,Void
train/pd/dd7e6ec35825d327_w06.png,dd7e6ec35825d327,6,Lab,Void
train/pd/dd7e6ec35825d327_w12.png,dd7e6ec35825d327,12,Lab,Void
train/pd/dd7e6ec35825d327_w15.png,dd7e6ec35825d327,15,Lab,Void
train/pd/dd7e6ec35825d327_w16.png,dd7e6ec35825d327,16,Lab,Void
train/pd/dd7e6ec35825d327_w20.png,dd7e6ec35825d327,20,Lab,Void
train/pd/dd7e6ec35825d327_w24.png,dd7e6ec35825d327,24,Lab,Void
train/pd/ddac13b934da211b_w00.png,ddac13b934da211b,0,Lab,Corona
train/pd/ddac13b934da211b_w05.png,ddac13b934da211b,5,Lab,Corona
train/pd/ddac13b934da211b_w10.png,ddac13b934da211b,10,Lab,Corona
train/pd/ddac13b934da211b_w11.png,ddac13b934da211b,11,Lab,Corona
train/pd/ddac13b934da211b_w19.png,ddac13b934da211b,19,Lab,Corona
train/pd/ddac13b934da211b_w20.png,ddac13b934da211b,20,Lab,Corona
train/pd/ddac13b934da211b_w23.png,ddac13b934da211b,23,Lab,Corona
train/pd/ddac13b934da211b_w25.png,ddac13b934da211b,25,Lab,Corona
train/pd/ddd5a0c20cf351f2_w06.png,ddd5a0c20cf351f2,6,Lab,Void
train/pd/ddd5a0c20cf351f2_w10.png,ddd5a0c20cf351f2,10,Lab,Void
train/pd/ddd5a0c20cf351f2_w15.png,ddd5a0c20cf351f2,15,Lab,Void
train/pd/ddd5a0c20cf351f2_w16.png,ddd5a0c20cf351f2,16,Lab,Void
train/pd/ddd5a0c20cf351f2_w18.png,ddd5a0c20cf351f2,18,Lab,Void
train/pd/ddd5a0c20cf351f2_w19.png,ddd5a0c20cf351f2,19,Lab,Void
train/pd/ddd5a0c20cf351f2_w24.png,ddd5a0c20cf351f2,24,Lab,Void
train/pd/ddd5a0c20cf351f2_w27.png,ddd5a0c20cf351f2,27,Lab,Void
train/pd/ddd6b93098db874e_w02.png,ddd6b93098db874e,2,Lab,Floating
train/pd/ddd6b93098db874e_w03.png,ddd6b93098db874e,3,Lab,Floating
train/pd/ddd6b93098db874e_w04.png,ddd6b93098db874e,4,Lab,Floating
train/pd/ddd6b93098db874e_w05.png,ddd6b93098db874e,5,Lab,Floating
train/pd/ddd6b93098db874e_w10.png,ddd6b93098db874e,10,Lab,Floating
train/pd/ddd6b93098db874e_w18.png,ddd6b93098db874e,18,Lab,Floating
train/pd/ddd6b93098db874e_w21.png,ddd6b93098db874e,21,Lab,Floating
train/pd/ddd6b93098db874e_w26.png,ddd6b93098db874e,26,Lab,Floating
train/pd/ddecf77babbd56ce_w02.png,ddecf77babbd56ce,2,Field,Void
train/pd/ddecf77babbd56ce_w07.png,ddecf77babbd56ce,7,Field,Void
train/pd/ddecf77babbd56ce_w09.png,ddecf77babbd56ce,9,Field,Void
train/pd/ddecf77babbd56ce_w10.png,ddecf77babbd56ce,10,Field,Void
train/pd/ddecf77babbd56ce_w11.png,ddecf77babbd56ce,11,Field,Void
train/pd/ddecf77babbd56ce_w18.png,ddecf77babbd56ce,18,Field,Void
train/pd/ddecf77babbd56ce_w22.png,ddecf77babbd56ce,22,Field,Void
train/pd/ddecf77babbd56ce_w25.png,ddecf77babbd56ce,25,Field,Void
train/pd/de4546fd300102cc_w00.png,de4546fd300102cc,0,Field,Floating
train/pd/de4546fd300102cc_w15.png,de4546fd300102cc,15,Field,Floating
train/pd/de4546fd300102cc_w17.png,de4546fd300102cc,17,Field,Floating
train/pd/de4546fd300102cc_w18.png,de4546fd300102cc,18,Field,Floating
train/pd/de4546fd300102cc_w22.png,de4546fd300102cc,22,Field,Floating
train/pd/de4546fd300102cc_w24.png,de4546fd300102cc,24,Field,Floating
train/pd/de4546fd300102cc_w26.png,de4546fd300102cc,26,Field,Floating
train/pd/de4546fd300102cc_w27.png,de4546fd300102cc,27,Field,Floating
train/pd/de662ad9259d3b54_w03.png,de662ad9259d3b54,3,Lab,Particle
train/pd/de662ad9259d3b54_w07.png,de662ad9259d3b54,7,Lab,Particle
train/pd/de662ad9259d3b54_w08.png,de662ad9259d3b54,8,Lab,Particle
train/pd/de662ad9259d3b54_w09.png,de662ad9259d3b54,9,Lab,Particle
train/pd/de662ad9259d3b54_w10.png,de662ad9259d3b54,10,Lab,Particle
train/pd/de662ad9259d3b54_w14.png,de662ad9259d3b54,14,Lab,Particle
train/pd/de662ad9259d3b54_w20.png,de662ad9259d3b54,20,Lab,Particle
train/pd/de662ad9259d3b54_w27.png,de662ad9259d3b54,27,Lab,Particle
train/pd/deabae23813099d4_w01.png,deabae23813099d4,1,Field,Void
train/pd/deabae23813099d4_w04.png,deabae23813099d4,4,Field,Void
train/pd/deabae23813099d4_w06.png,deabae23813099d4,6,Field,Void
train/pd/deabae23813099d4_w12.png,deabae23813099d4,12,Field,Void
train/pd/deabae23813099d4_w14.png,deabae23813099d4,14,Field,Void
train/pd/deabae23813099d4_w17.png,deabae23813099d4,17,Field,Void
train/pd/deabae23813099d4_w23.png,deabae23813099d4,23,Field,Void
train/pd/deabae23813099d4_w24.png,deabae23813099d4,24,Field,Void
train/pd/dede5a6b8a304c76_w02.png,dede5a6b8a304c76,2,Lab,Void
train/pd/dede5a6b8a304c76_w03.png,dede5a6b8a304c76,3,Lab,Void
train/pd/dede5a6b8a304c76_w07.png,dede5a6b8a304c76,7,Lab,Void
train/pd/dede5a6b8a304c76_w12.png,dede5a6b8a304c76,12,Lab,Void
train/pd/dede5a6b8a304c76_w13.png,dede5a6b8a304c76,13,Lab,Void
train/pd/dede5a6b8a304c76_w14.png,dede5a6b8a304c76,14,Lab,Void
train/pd/dede5a6b8a304c76_w24.png,dede5a6b8a304c76,24,Lab,Void
train/pd/dede5a6b8a304c76_w26.png,dede5a6b8a304c76,26,Lab,Void
train/pd/dedef170f194e239_w00.png,dedef170f194e239,0,Lab,Void
train/pd/dedef170f194e239_w10.png,dedef170f194e239,10,Lab,Void
train/pd/dedef170f194e239_w14.png,dedef170f194e239,14,Lab,Void
train/pd/dedef170f194e239_w19.png,dedef170f194e239,19,Lab,Void
train/pd/dedef170f194e239_w21.png,dedef170f194e239,21,Lab,Void
train/pd/dedef170f194e239_w23.png,dedef170f194e239,23,Lab,Void
train/pd/dedef170f194e239_w25.png,dedef170f194e239,25,Lab,Void
train/pd/dedef170f194e239_w27.png,dedef170f194e239,27,Lab,Void
train/pd/dee8d872d53eb69a_w09.png,dee8d872d53eb69a,9,Lab,Void
train/pd/dee8d872d53eb69a_w14.png,dee8d872d53eb69a,14,Lab,Void
train/pd/dee8d872d53eb69a_w19.png,dee8d872d53eb69a,19,Lab,Void
train/pd/dee8d872d53eb69a_w20.png,dee8d872d53eb69a,20,Lab,Void
train/pd/dee8d872d53eb69a_w23.png,dee8d872d53eb69a,23,Lab,Void
train/pd/dee8d872d53eb69a_w25.png,dee8d872d53eb69a,25,Lab,Void
train/pd/dee8d872d53eb69a_w26.png,dee8d872d53eb69a,26,Lab,Void
train/pd/dee8d872d53eb69a_w27.png,dee8d872d53eb69a,27,Lab,Void
train/pd/def70ce73b2991e2_w03.png,def70ce73b2991e2,3,Lab,Corona
train/pd/def70ce73b2991e2_w08.png,def70ce73b2991e2,8,Lab,Corona
train/pd/def70ce73b2991e2_w16.png,def70ce73b2991e2,16,Lab,Corona
train/pd/def70ce73b2991e2_w18.png,def70ce73b2991e2,18,Lab,Corona
train/pd/def70ce73b2991e2_w20.png,def70ce73b2991e2,20,Lab,Corona
train/pd/def70ce73b2991e2_w21.png,def70ce73b2991e2,21,Lab,Corona
train/pd/def70ce73b2991e2_w24.png,def70ce73b2991e2,24,Lab,Corona
train/pd/def70ce73b2991e2_w25.png,def70ce73b2991e2,25,Lab,Corona
train/pd/df00ab6578b258d2_w00.png,df00ab6578b258d2,0,Lab,Floating
train/pd/df00ab6578b258d2_w11.png,df00ab6578b258d2,11,Lab,Floating
train/pd/df00ab6578b258d2_w15.png,df00ab6578b258d2,15,Lab,Floating
train/pd/df00ab6578b258d2_w16.png,df00ab6578b258d2,16,Lab,Floating
train/pd/df00ab6578b258d2_w22.png,df00ab6578b258d2,22,Lab,Floating
train/pd/df00ab6578b258d2_w24.png,df00ab6578b258d2,24,Lab,Floating
train/pd/df00ab6578b258d2_w26.png,df00ab6578b258d2,26,Lab,Floating
train/pd/df00ab6578b258d2_w27.png,df00ab6578b258d2,27,Lab,Floating
train/pd/df213808345f295b_w01.png,df213808345f295b,1,Lab,Void
train/pd/df213808345f295b_w02.png,df213808345f295b,2,Lab,Void
train/pd/df213808345f295b_w03.png,df213808345f295b,3,Lab,Void
train/pd/df213808345f295b_w13.png,df213808345f295b,13,Lab,Void
train/pd/df213808345f295b_w17.png,df213808345f295b,17,Lab,Void
train/pd/df213808345f295b_w18.png,df213808345f295b,18,Lab,Void
train/pd/df213808345f295b_w19.png,df213808345f295b,19,Lab,Void
train/pd/df213808345f295b_w23.png,df213808345f295b,23,Lab,Void
train/pd/df31e4c0b7034c47_w11.png,df31e4c0b7034c47,11,Lab,Particle
train/pd/df31e4c0b7034c47_w13.png,df31e4c0b7034c47,13,Lab,Particle
train/pd/df31e4c0b7034c47_w15.png,df31e4c0b7034c47,15,Lab,Particle
train/pd/df31e4c0b7034c47_w16.png,df31e4c0b7034c47,16,Lab,Particle
train/pd/df31e4c0b7034c47_w21.png,df31e4c0b7034c47,21,Lab,Particle
train/pd/df31e4c0b7034c47_w22.png,df31e4c0b7034c47,22,Lab,Particle
train/pd/df31e4c0b7034c47_w26.png,df31e4c0b7034c47,26,Lab,Particle
train/pd/df31e4c0b7034c47_w27.png,df31e4c0b7034c47,27,Lab,Particle
train/pd/df6c43bcfa574a2a_w01.png,df6c43bcfa574a2a,1,Lab,Corona
train/pd/df6c43bcfa574a2a_w03.png,df6c43bcfa574a2a,3,Lab,Corona
train/pd/df6c43bcfa574a2a_w06.png,df6c43bcfa574a2a,6,Lab,Corona
train/pd/df6c43bcfa574a2a_w09.png,df6c43bcfa574a2a,9,Lab,Corona
train/pd/df6c43bcfa574a2a_w18.png,df6c43bcfa574a2a,18,Lab,Corona
train/pd/df6c43bcfa574a2a_w19.png,df6c43bcfa574a2a,19,Lab,Corona
train/pd/df6c43bcfa574a2a_w22.png,df6c43bcfa574a2a,22,Lab,Corona
train/pd/df6c43bcfa574a2a_w23.png,df6c43bcfa574a2a,23,Lab,Corona
train/pd/dfee50bd748f92f9_w01.png,dfee50bd748f92f9,1,Field,Floating
train/pd/dfee50bd748f92f9_w09.png,dfee50bd748f92f9,9,Field,Floating
train/pd/dfee50bd748f92f9_w12.png,dfee50bd748f92f9,12,Field,Floating
train/pd/dfee50bd748f92f9_w17.png,dfee50bd748f92f9,17,Field,Floating
train/pd/dfee50bd748f92f9_w19.png,dfee50bd748f92f9,19,Field,Floating
train/pd/dfee50bd748f92f9_w23.png,dfee50bd748f92f9,23,Field,Floating
train/pd/dfee50bd748f92f9_w24.png,dfee50bd748f92f9,24,Field,Floating
train/pd/dfee50bd748f92f9_w26.png,dfee50bd748f92f9,26,Field,Floating
train/pd/e054e0758bc152bd_w11.png,e054e0758bc152bd,11,Lab,Floating
train/pd/e054e0758bc152bd_w13.png,e054e0758bc152bd,13,Lab,Floating
train/pd/e054e0758bc152bd_w14.png,e054e0758bc152bd,14,Lab,Floating
train/pd/e054e0758bc152bd_w15.png,e054e0758bc152bd,15,Lab,Floating
train/pd/e054e0758bc152bd_w16.png,e054e0758bc152bd,16,Lab,Floating
train/pd/e054e0758bc152bd_w20.png,e054e0758bc152bd,20,Lab,Floating
train/pd/e054e0758bc152bd_w21.png,e054e0758bc152bd,21,Lab,Floating
train/pd/e054e0758bc152bd_w23.png,e054e0758bc152bd,23,Lab,Floating
train/pd/e0560a0fd238cd44_w01.png,e0560a0fd238cd44,1,Lab,Floating
train/pd/e0560a0fd238cd44_w03.png,e0560a0fd238cd44,3,Lab,Floating
train/pd/e0560a0fd238cd44_w04.png,e0560a0fd238cd44,4,Lab,Floating
train/pd/e0560a0fd238cd44_w06.png,e0560a0fd238cd44,6,Lab,Floating
train/pd/e0560a0fd238cd44_w07.png,e0560a0fd238cd44,7,Lab,Floating
train/pd/e0560a0fd238cd44_w11.png,e0560a0fd238cd44,11,Lab,Floating
train/pd/e0560a0fd238cd44_w12.png,e0560a0fd238cd44,12,Lab,Floating
train/pd/e0560a0fd238cd44_w23.png,e0560a0fd238cd44,23,Lab,Floating
train/pd/e0a7af4d7ec0e42a_w00.png,e0a7af4d7ec0e42a,0,Lab,Void
train/pd/e0a7af4d7ec0e42a_w03.png,e0a7af4d7ec0e42a,3,Lab,Void
train/pd/e0a7af4d7ec0e42a_w09.png,e0a7af4d7ec0e42a,9,Lab,Void
train/pd/e0a7af4d7ec0e42a_w11.png,e0a7af4d7ec0e42a,11,Lab,Void
train/pd/e0a7af4d7ec0e42a_w15.png,e0a7af4d7ec0e42a,15,Lab,Void
train/pd/e0a7af4d7ec0e42a_w19.png,e0a7af4d7ec0e42a,19,Lab,Void
train/pd/e0a7af4d7ec0e42a_w23.png,e0a7af4d7ec0e42a,23,Lab,Void
train/pd/e0a7af4d7ec0e42a_w27.png,e0a7af4d7ec0e42a,27,Lab,Void
train/pd/e0b73af4dd47cb1b_w00.png,e0b73af4dd47cb1b,0,Lab,Corona
train/pd/e0b73af4dd47cb1b_w09.png,e0b73af4dd47cb1b,9,Lab,Corona
train/pd/e0b73af4dd47cb1b_w12.png,e0b73af4dd47cb1b,12,Lab,Corona
train/pd/e0b73af4dd47cb1b_w13.png,e0b73af4dd47cb1b,13,Lab,Corona
train/pd/e0b73af4dd47cb1b_w16.png,e0b73af4dd47cb1b,16,Lab,Corona
train/pd/e0b73af4dd47cb1b_w18.png,e0b73af4dd47cb1b,18,Lab,Corona
train/pd/e0b73af4dd47cb1b_w20.png,e0b73af4dd47cb1b,20,Lab,Corona
train/pd/e0b73af4dd47cb1b_w26.png,e0b73af4dd47cb1b,26,Lab,Corona
train/pd/e0d2e331301b2994_w03.png,e0d2e331301b2994,3,Lab,Void
train/pd/e0d2e331301b2994_w09.png,e0d2e331301b2994,9,Lab,Void
train/pd/e0d2e331301b2994_w12.png,e0d2e331301b2994,12,Lab,Void
train/pd/e0d2e331301b2994_w14.png,e0d2e331301b2994,14,Lab,Void
train/pd/e0d2e331301b2994_w16.png,e0d2e331301b2994,16,Lab,Void
train/pd/e0d2e331301b2994_w17.png,e0d2e331301b2994,17,Lab,Void
train/pd/e0d2e331301b2994_w19.png,e0d2e331301b2994,19,Lab,Void
train/pd/e0d2e331301b2994_w22.png,e0d2e331301b2994,22,Lab,Void
train/pd/e0d41d4cd6d966dd_w01.png,e0d41d4cd6d966dd,1,Field,Void
train/pd/e0d41d4cd6d966dd_w08.png,e0d41d4cd6d966dd,8,Field,Void
train/pd/e0d41d4cd6d966dd_w09.png,e0d41d4cd6d966dd,9,Field,Void
train/pd/e0d41d4cd6d966dd_w10.png,e0d41d4cd6d966dd,10,Field,Void
train/pd/e0d41d4cd6d966dd_w11.png,e0d41d4cd6d966dd,11,Field,Void
train/pd/e0d41d4cd6d966dd_w17.png,e0d41d4cd6d966dd,17,Field,Void
train/pd/e0d41d4cd6d966dd_w20.png,e0d41d4cd6d966dd,20,Field,Void
train/pd/e0d41d4cd6d966dd_w22.png,e0d41d4cd6d966dd,22,Field,Void
train/pd/e0d47c8dee1c2b9b_w01.png,e0d47c8dee1c2b9b,1,Lab,Void
train/pd/e0d47c8dee1c2b9b_w07.png,e0d47c8dee1c2b9b,7,Lab,Void
train/pd/e0d47c8dee1c2b9b_w10.png,e0d47c8dee1c2b9b,10,Lab,Void
train/pd/e0d47c8dee1c2b9b_w12.png,e0d47c8dee1c2b9b,12,Lab,Void
train/pd/e0d47c8dee1c2b9b_w19.png,e0d47c8dee1c2b9b,19,Lab,Void
train/pd/e0d47c8dee1c2b9b_w22.png,e0d47c8dee1c2b9b,22,Lab,Void
train/pd/e0d47c8dee1c2b9b_w24.png,e0d47c8dee1c2b9b,24,Lab,Void
train/pd/e0d47c8dee1c2b9b_w25.png,e0d47c8dee1c2b9b,25,Lab,Void
train/pd/e0f25b835349b69e_w04.png,e0f25b835349b69e,4,Lab,Void
train/pd/e0f25b835349b69e_w07.png,e0f25b835349b69e,7,Lab,Void
train/pd/e0f25b835349b69e_w09.png,e0f25b835349b69e,9,Lab,Void
train/pd/e0f25b835349b69e_w13.png,e0f25b835349b69e,13,Lab,Void
train/pd/e0f25b835349b69e_w14.png,e0f25b835349b69e,14,Lab,Void
train/pd/e0f25b835349b69e_w18.png,e0f25b835349b69e,18,Lab,Void
train/pd/e0f25b835349b69e_w20.png,e0f25b835349b69e,20,Lab,Void
train/pd/e0f25b835349b69e_w23.png,e0f25b835349b69e,23,Lab,Void
train/pd/e117b9dedbbcdb57_w02.png,e117b9dedbbcdb57,2,Lab,Floating
train/pd/e117b9dedbbcdb57_w04.png,e117b9dedbbcdb57,4,Lab,Floating
train/pd/e117b9dedbbcdb57_w06.png,e117b9dedbbcdb57,6,Lab,Floating
train/pd/e117b9dedbbcdb57_w15.png,e117b9dedbbcdb57,15,Lab,Floating
train/pd/e117b9dedbbcdb57_w18.png,e117b9dedbbcdb57,18,Lab,Floating
train/pd/e117b9dedbbcdb57_w20.png,e117b9dedbbcdb57,20,Lab,Floating
train/pd/e117b9dedbbcdb57_w21.png,e117b9dedbbcdb57,21,Lab,Floating
train/pd/e117b9dedbbcdb57_w22.png,e117b9dedbbcdb57,22,Lab,Floating
train/pd/e118bc201050a430_w01.png,e118bc201050a430,1,Field,Void
train/pd/e118bc201050a430_w02.png,e118bc201050a430,2,Field,Void
train/pd/e118bc201050a430_w04.png,e118bc201050a430,4,Field,Void
train/pd/e118bc201050a430_w12.png,e118bc201050a430,12,Field,Void
train/pd/e118bc201050a430_w16.png,e118bc201050a430,16,Field,Void
train/pd/e118bc201050a430_w18.png,e118bc201050a430,18,Field,Void
train/pd/e118bc201050a430_w19.png,e118bc201050a430,19,Field,Void
train/pd/e118bc201050a430_w24.png,e118bc201050a430,24,Field,Void
train/pd/e12a88882000681c_w00.png,e12a88882000681c,0,Lab,Particle
train/pd/e12a88882000681c_w01.png,e12a88882000681c,1,Lab,Particle
train/pd/e12a88882000681c_w04.png,e12a88882000681c,4,Lab,Particle
train/pd/e12a88882000681c_w07.png,e12a88882000681c,7,Lab,Particle
train/pd/e12a88882000681c_w10.png,e12a88882000681c,10,Lab,Particle
train/pd/e12a88882000681c_w14.png,e12a88882000681c,14,Lab,Particle
train/pd/e12a88882000681c_w15.png,e12a88882000681c,15,Lab,Particle
train/pd/e12a88882000681c_w19.png,e12a88882000681c,19,Lab,Particle
train/pd/e14e806110ccb5c5_w01.png,e14e806110ccb5c5,1,Lab,Void
train/pd/e14e806110ccb5c5_w03.png,e14e806110ccb5c5,3,Lab,Void
train/pd/e14e806110ccb5c5_w13.png,e14e806110ccb5c5,13,Lab,Void
train/pd/e14e806110ccb5c5_w17.png,e14e806110ccb5c5,17,Lab,Void
train/pd/e14e806110ccb5c5_w18.png,e14e806110ccb5c5,18,Lab,Void
train/pd/e14e806110ccb5c5_w19.png,e14e806110ccb5c5,19,Lab,Void
train/pd/e14e806110ccb5c5_w26.png,e14e806110ccb5c5,26,Lab,Void
train/pd/e14e806110ccb5c5_w27.png,e14e806110ccb5c5,27,Lab,Void
train/pd/e15971d07fa4204b_w01.png,e15971d07fa4204b,1,Lab,Particle
train/pd/e15971d07fa4204b_w02.png,e15971d07fa4204b,2,Lab,Particle
train/pd/e15971d07fa4204b_w05.png,e15971d07fa4204b,5,Lab,Particle
train/pd/e15971d07fa4204b_w06.png,e15971d07fa4204b,6,Lab,Particle
train/pd/e15971d07fa4204b_w13.png,e15971d07fa4204b,13,Lab,Particle
train/pd/e15971d07fa4204b_w14.png,e15971d07fa4204b,14,Lab,Particle
train/pd/e15971d07fa4204b_w20.png,e15971d07fa4204b,20,Lab,Particle
train/pd/e15971d07fa4204b_w23.png,e15971d07fa4204b,23,Lab,Particle
train/pd/e1774fdc9cdefff6_w05.png,e1774fdc9cdefff6,5,Lab,Void
train/pd/e1774fdc9cdefff6_w09.png,e1774fdc9cdefff6,9,Lab,Void
train/pd/e1774fdc9cdefff6_w10.png,e1774fdc9cdefff6,10,Lab,Void
train/pd/e1774fdc9cdefff6_w11.png,e1774fdc9cdefff6,11,Lab,Void
train/pd/e1774fdc9cdefff6_w17.png,e1774fdc9cdefff6,17,Lab,Void
train/pd/e1774fdc9cdefff6_w18.png,e1774fdc9cdefff6,18,Lab,Void
train/pd/e1774fdc9cdefff6_w21.png,e1774fdc9cdefff6,21,Lab,Void
train/pd/e1774fdc9cdefff6_w27.png,e1774fdc9cdefff6,27,Lab,Void
train/pd/e18cd3eb1f70afa4_w02.png,e18cd3eb1f70afa4,2,Lab,Corona
train/pd/e18cd3eb1f70afa4_w04.png,e18cd3eb1f70afa4,4,Lab,Corona
train/pd/e18cd3eb1f70afa4_w11.png,e18cd3eb1f70afa4,11,Lab,Corona
train/pd/e18cd3eb1f70afa4_w16.png,e18cd3eb1f70afa4,16,Lab,Corona
train/pd/e18cd3eb1f70afa4_w18.png,e18cd3eb1f70afa4,18,Lab,Corona
train/pd/e18cd3eb1f70afa4_w19.png,e18cd3eb1f70afa4,19,Lab,Corona
train/pd/e18cd3eb1f70afa4_w23.png,e18cd3eb1f70afa4,23,Lab,Corona
train/pd/e18cd3eb1f70afa4_w24.png,e18cd3eb1f70afa4,24,Lab,Corona
train/pd/e1c091bf1221712e_w06.png,e1c091bf1221712e,6,Lab,Floating
train/pd/e1c091bf1221712e_w07.png,e1c091bf1221712e,7,Lab,Floating
train/pd/e1c091bf1221712e_w09.png,e1c091bf1221712e,9,Lab,Floating
train/pd/e1c091bf1221712e_w13.png,e1c091bf1221712e,13,Lab,Floating
train/pd/e1c091bf1221712e_w18.png,e1c091bf1221712e,18,Lab,Floating
train/pd/e1c091bf1221712e_w23.png,e1c091bf1221712e,23,Lab,Floating
train/pd/e1c091bf1221712e_w25.png,e1c091bf1221712e,25,Lab,Floating
train/pd/e1c091bf1221712e_w26.png,e1c091bf1221712e,26,Lab,Floating
train/pd/e1f4900a57af31bc_w05.png,e1f4900a57af31bc,5,Lab,Void
train/pd/e1f4900a57af31bc_w11.png,e1f4900a57af31bc,11,Lab,Void
train/pd/e1f4900a57af31bc_w13.png,e1f4900a57af31bc,13,Lab,Void
train/pd/e1f4900a57af31bc_w14.png,e1f4900a57af31bc,14,Lab,Void
train/pd/e1f4900a57af31bc_w16.png,e1f4900a57af31bc,16,Lab,Void
train/pd/e1f4900a57af31bc_w22.png,e1f4900a57af31bc,22,Lab,Void
train/pd/e1f4900a57af31bc_w25.png,e1f4900a57af31bc,25,Lab,Void
train/pd/e1f4900a57af31bc_w26.png,e1f4900a57af31bc,26,Lab,Void
train/pd/e2062b894a057388_w00.png,e2062b894a057388,0,Field,Void
train/pd/e2062b894a057388_w03.png,e2062b894a057388,3,Field,Void
train/pd/e2062b894a057388_w05.png,e2062b894a057388,5,Field,Void
train/pd/e2062b894a057388_w13.png,e2062b894a057388,13,Field,Void
train/pd/e2062b894a057388_w19.png,e2062b894a057388,19,Field,Void
train/pd/e2062b894a057388_w21.png,e2062b894a057388,21,Field,Void
train/pd/e2062b894a057388_w23.png,e2062b894a057388,23,Field,Void
train/pd/e2062b894a057388_w27.png,e2062b894a057388,27,Field,Void
train/pd/e21d5c226464e1d5_w02.png,e21d5c226464e1d5,2,Field,Void
train/pd/e21d5c226464e1d5_w03.png,e21d5c226464e1d5,3,Field,Void
train/pd/e21d5c226464e1d5_w04.png,e21d5c226464e1d5,4,Field,Void
train/pd/e21d5c226464e1d5_w06.png,e21d5c226464e1d5,6,Field,Void
train/pd/e21d5c226464e1d5_w12.png,e21d5c226464e1d5,12,Field,Void
train/pd/e21d5c226464e1d5_w14.png,e21d5c226464e1d5,14,Field,Void
train/pd/e21d5c226464e1d5_w19.png,e21d5c226464e1d5,19,Field,Void
train/pd/e21d5c226464e1d5_w25.png,e21d5c226464e1d5,25,Field,Void
train/pd/e23764f7091fe097_w04.png,e23764f7091fe097,4,Lab,Void
train/pd/e23764f7091fe097_w07.png,e23764f7091fe097,7,Lab,Void
train/pd/e23764f7091fe097_w15.png,e23764f7091fe097,15,Lab,Void
train/pd/e23764f7091fe097_w16.png,e23764f7091fe097,16,Lab,Void
train/pd/e23764f7091fe097_w18.png,e23764f7091fe097,18,Lab,Void
train/pd/e23764f7091fe097_w22.png,e23764f7091fe097,22,Lab,Void
train/pd/e23764f7091fe097_w23.png,e23764f7091fe097,23,Lab,Void
train/pd/e23764f7091fe097_w25.png,e23764f7091fe097,25,Lab,Void
train/pd/e2a0b25833ea5dc2_w03.png,e2a0b25833ea5dc2,3,Lab,Void
train/pd/e2a0b25833ea5dc2_w07.png,e2a0b25833ea5dc2,7,Lab,Void
train/pd/e2a0b25833ea5dc2_w13.png,e2a0b25833ea5dc2,13,Lab,Void
train/pd/e2a0b25833ea5dc2_w17.png,e2a0b25833ea5dc2,17,Lab,Void
train/pd/e2a0b25833ea5dc2_w18.png,e2a0b25833ea5dc2,18,Lab,Void
train/pd/e2a0b25833ea5dc2_w23.png,e2a0b25833ea5dc2,23,Lab,Void
train/pd/e2a0b25833ea5dc2_w24.png,e2a0b25833ea5dc2,24,Lab,Void
train/pd/e2a0b25833ea5dc2_w26.png,e2a0b25833ea5dc2,26,Lab,Void
train/pd/e2aabc089be3f6e8_w11.png,e2aabc089be3f6e8,11,Field,Void
train/pd/e2aabc089be3f6e8_w13.png,e2aabc089be3f6e8,13,Field,Void
train/pd/e2aabc089be3f6e8_w15.png,e2aabc089be3f6e8,15,Field,Void
train/pd/e2aabc089be3f6e8_w16.png,e2aabc089be3f6e8,16,Field,Void
train/pd/e2aabc089be3f6e8_w20.png,e2aabc089be3f6e8,20,Field,Void
train/pd/e2aabc089be3f6e8_w22.png,e2aabc089be3f6e8,22,Field,Void
train/pd/e2aabc089be3f6e8_w24.png,e2aabc089be3f6e8,24,Field,Void
train/pd/e2aabc089be3f6e8_w26.png,e2aabc089be3f6e8,26,Field,Void
train/pd/e2c8d6d4c8253315_w00.png,e2c8d6d4c8253315,0,Lab,Void
train/pd/e2c8d6d4c8253315_w03.png,e2c8d6d4c8253315,3,Lab,Void
train/pd/e2c8d6d4c8253315_w08.png,e2c8d6d4c8253315,8,Lab,Void
train/pd/e2c8d6d4c8253315_w11.png,e2c8d6d4c8253315,11,Lab,Void
train/pd/e2c8d6d4c8253315_w13.png,e2c8d6d4c8253315,13,Lab,Void
train/pd/e2c8d6d4c8253315_w15.png,e2c8d6d4c8253315,15,Lab,Void
train/pd/e2c8d6d4c8253315_w21.png,e2c8d6d4c8253315,21,Lab,Void
train/pd/e2c8d6d4c8253315_w24.png,e2c8d6d4c8253315,24,Lab,Void
train/pd/e2e143d65120d679_w00.png,e2e143d65120d679,0,Lab,Floating
train/pd/e2e143d65120d679_w07.png,e2e143d65120d679,7,Lab,Floating
train/pd/e2e143d65120d679_w10.png,e2e143d65120d679,10,Lab,Floating
train/pd/e2e143d65120d679_w11.png,e2e143d65120d679,11,Lab,Floating
train/pd/e2e143d65120d679_w12.png,e2e143d65120d679,12,Lab,Floating
train/pd/e2e143d65120d679_w18.png,e2e143d65120d679,18,Lab,Floating
train/pd/e2e143d65120d679_w20.png,e2e143d65120d679,20,Lab,Floating
train/pd/e2e143d65120d679_w26.png,e2e143d65120d679,26,Lab,Floating
train/pd/e2f279941a5bc4ea_w08.png,e2f279941a5bc4ea,8,Lab,Corona
train/pd/e2f279941a5bc4ea_w13.png,e2f279941a5bc4ea,13,Lab,Corona
train/pd/e2f279941a5bc4ea_w14.png,e2f279941a5bc4ea,14,Lab,Corona
train/pd/e2f279941a5bc4ea_w19.png,e2f279941a5bc4ea,19,Lab,Corona
train/pd/e2f279941a5bc4ea_w20.png,e2f279941a5bc4ea,20,Lab,Corona
train/pd/e2f279941a5bc4ea_w24.png,e2f279941a5bc4ea,24,Lab,Corona
train/pd/e2f279941a5bc4ea_w26.png,e2f279941a5bc4ea,26,Lab,Corona
train/pd/e2f279941a5bc4ea_w27.png,e2f279941a5bc4ea,27,Lab,Corona
train/pd/e2f8d6e307e49387_w04.png,e2f8d6e307e49387,4,Lab,Floating
train/pd/e2f8d6e307e49387_w05.png,e2f8d6e307e49387,5,Lab,Floating
train/pd/e2f8d6e307e49387_w08.png,e2f8d6e307e49387,8,Lab,Floating
train/pd/e2f8d6e307e49387_w11.png,e2f8d6e307e49387,11,Lab,Floating
train/pd/e2f8d6e307e49387_w12.png,e2f8d6e307e49387,12,Lab,Floating
train/pd/e2f8d6e307e49387_w14.png,e2f8d6e307e49387,14,Lab,Floating
train/pd/e2f8d6e307e49387_w23.png,e2f8d6e307e49387,23,Lab,Floating
train/pd/e2f8d6e307e49387_w27.png,e2f8d6e307e49387,27,Lab,Floating
train/pd/e31213bba060464f_w00.png,e31213bba060464f,0,Lab,Void
train/pd/e31213bba060464f_w01.png,e31213bba060464f,1,Lab,Void
train/pd/e31213bba060464f_w03.png,e31213bba060464f,3,Lab,Void
train/pd/e31213bba060464f_w13.png,e31213bba060464f,13,Lab,Void
train/pd/e31213bba060464f_w18.png,e31213bba060464f,18,Lab,Void
train/pd/e31213bba060464f_w24.png,e31213bba060464f,24,Lab,Void
train/pd/e31213bba060464f_w25.png,e31213bba060464f,25,Lab,Void
train/pd/e31213bba060464f_w26.png,e31213bba060464f,26,Lab,Void
train/pd/e34b56c252c1852b_w00.png,e34b56c252c1852b,0,Field,Floating
train/pd/e34b56c252c1852b_w15.png,e34b56c252c1852b,15,Field,Floating
train/pd/e34b56c252c1852b_w21.png,e34b56c252c1852b,21,Field,Floating
train/pd/e34b56c252c1852b_w22.png,e34b56c252c1852b,22,Field,Floating
train/pd/e34b56c252c1852b_w24.png,e34b56c252c1852b,24,Field,Floating
train/pd/e34b56c252c1852b_w25.png,e34b56c252c1852b,25,Field,Floating
train/pd/e34b56c252c1852b_w26.png,e34b56c252c1852b,26,Field,Floating
train/pd/e34b56c252c1852b_w27.png,e34b56c252c1852b,27,Field,Floating
train/pd/e3a917ffed3d7b82_w03.png,e3a917ffed3d7b82,3,Lab,Void
train/pd/e3a917ffed3d7b82_w05.png,e3a917ffed3d7b82,5,Lab,Void
train/pd/e3a917ffed3d7b82_w06.png,e3a917ffed3d7b82,6,Lab,Void
train/pd/e3a917ffed3d7b82_w20.png,e3a917ffed3d7b82,20,Lab,Void
train/pd/e3a917ffed3d7b82_w22.png,e3a917ffed3d7b82,22,Lab,Void
train/pd/e3a917ffed3d7b82_w23.png,e3a917ffed3d7b82,23,Lab,Void
train/pd/e3a917ffed3d7b82_w25.png,e3a917ffed3d7b82,25,Lab,Void
train/pd/e3a917ffed3d7b82_w26.png,e3a917ffed3d7b82,26,Lab,Void
train/pd/e4050b9e212a6cb5_w06.png,e4050b9e212a6cb5,6,Lab,Floating
train/pd/e4050b9e212a6cb5_w07.png,e4050b9e212a6cb5,7,Lab,Floating
train/pd/e4050b9e212a6cb5_w10.png,e4050b9e212a6cb5,10,Lab,Floating
train/pd/e4050b9e212a6cb5_w11.png,e4050b9e212a6cb5,11,Lab,Floating
train/pd/e4050b9e212a6cb5_w14.png,e4050b9e212a6cb5,14,Lab,Floating
train/pd/e4050b9e212a6cb5_w16.png,e4050b9e212a6cb5,16,Lab,Floating
train/pd/e4050b9e212a6cb5_w18.png,e4050b9e212a6cb5,18,Lab,Floating
train/pd/e4050b9e212a6cb5_w20.png,e4050b9e212a6cb5,20,Lab,Floating
train/pd/e457ac0ea472e9e4_w00.png,e457ac0ea472e9e4,0,Lab,Particle
train/pd/e457ac0ea472e9e4_w02.png,e457ac0ea472e9e4,2,Lab,Particle
train/pd/e457ac0ea472e9e4_w07.png,e457ac0ea472e9e4,7,Lab,Particle
train/pd/e457ac0ea472e9e4_w08.png,e457ac0ea472e9e4,8,Lab,Particle
train/pd/e457ac0ea472e9e4_w09.png,e457ac0ea472e9e4,9,Lab,Particle
train/pd/e457ac0ea472e9e4_w16.png,e457ac0ea472e9e4,16,Lab,Particle
train/pd/e457ac0ea472e9e4_w18.png,e457ac0ea472e9e4,18,Lab,Particle
train/pd/e457ac0ea472e9e4_w23.png,e457ac0ea472e9e4,23,Lab,Particle
train/pd/e4dbaa227c1243b6_w02.png,e4dbaa227c1243b6,2,Field,Void
train/pd/e4dbaa227c1243b6_w06.png,e4dbaa227c1243b6,6,Field,Void
train/pd/e4dbaa227c1243b6_w13.png,e4dbaa227c1243b6,13,Field,Void
train/pd/e4dbaa227c1243b6_w14.png,e4dbaa227c1243b6,14,Field,Void
train/pd/e4dbaa227c1243b6_w15.png,e4dbaa227c1243b6,15,Field,Void
train/pd/e4dbaa227c1243b6_w17.png,e4dbaa227c1243b6,17,Field,Void
train/pd/e4dbaa227c1243b6_w19.png,e4dbaa227c1243b6,19,Field,Void
train/pd/e4dbaa227c1243b6_w26.png,e4dbaa227c1243b6,26,Field,Void
train/pd/e4f0c883af9138ae_w03.png,e4f0c883af9138ae,3,Lab,Corona
train/pd/e4f0c883af9138ae_w05.png,e4f0c883af9138ae,5,Lab,Corona
train/pd/e4f0c883af9138ae_w08.png,e4f0c883af9138ae,8,Lab,Corona
train/pd/e4f0c883af9138ae_w12.png,e4f0c883af9138ae,12,Lab,Corona
train/pd/e4f0c883af9138ae_w13.png,e4f0c883af9138ae,13,Lab,Corona
train/pd/e4f0c883af9138ae_w19.png,e4f0c883af9138ae,19,Lab,Corona
train/pd/e4f0c883af9138ae_w22.png,e4f0c883af9138ae,22,Lab,Corona
train/pd/e4f0c883af9138ae_w26.png,e4f0c883af9138ae,26,Lab,Corona
train/pd/e4f88ed28e310c1a_w00.png,e4f88ed28e310c1a,0,Lab,Corona
train/pd/e4f88ed28e310c1a_w02.png,e4f88ed28e310c1a,2,Lab,Corona
train/pd/e4f88ed28e310c1a_w07.png,e4f88ed28e310c1a,7,Lab,Corona
train/pd/e4f88ed28e310c1a_w11.png,e4f88ed28e310c1a,11,Lab,Corona
train/pd/e4f88ed28e310c1a_w12.png,e4f88ed28e310c1a,12,Lab,Corona
train/pd/e4f88ed28e310c1a_w17.png,e4f88ed28e310c1a,17,Lab,Corona
train/pd/e4f88ed28e310c1a_w24.png,e4f88ed28e310c1a,24,Lab,Corona
train/pd/e4f88ed28e310c1a_w27.png,e4f88ed28e310c1a,27,Lab,Corona
train/pd/e58478284996a2c3_w00.png,e58478284996a2c3,0,Lab,Corona
train/pd/e58478284996a2c3_w07.png,e58478284996a2c3,7,Lab,Corona
train/pd/e58478284996a2c3_w08.png,e58478284996a2c3,8,Lab,Corona
train/pd/e58478284996a2c3_w11.png,e58478284996a2c3,11,Lab,Corona
train/pd/e58478284996a2c3_w15.png,e58478284996a2c3,15,Lab,Corona
train/pd/e58478284996a2c3_w17.png,e58478284996a2c3,17,Lab,Corona
train/pd/e58478284996a2c3_w22.png,e58478284996a2c3,22,Lab,Corona
train/pd/e58478284996a2c3_w23.png,e58478284996a2c3,23,Lab,Corona
train/pd/e5c108a033ad31a4_w01.png,e5c108a033ad31a4,1,Lab,Particle
train/pd/e5c108a033ad31a4_w04.png,e5c108a033ad31a4,4,Lab,Particle
train/pd/e5c108a033ad31a4_w09.png,e5c108a033ad31a4,9,Lab,Particle
train/pd/e5c108a033ad31a4_w18.png,e5c108a033ad31a4,18,Lab,Particle
train/pd/e5c108a033ad31a4_w22.png,e5c108a033ad31a4,22,Lab,Particle
train/pd/e5c108a033ad31a4_w23.png,e5c108a033ad31a4,23,Lab,Particle
train/pd/e5c108a033ad31a4_w25.png,e5c108a033ad31a4,25,Lab,Particle
train/pd/e5c108a033ad31a4_w27.png,e5c108a033ad31a4,27,Lab,Particle
train/pd/e5ef9a23a10a3626_w00.png,e5ef9a23a10a3626,0,Lab,Void
train/pd/e5ef9a23a10a3626_w04.png,e5ef9a23a10a3626,4,Lab,Void
train/pd/e5ef9a23a10a3626_w07.png,e5ef9a23a10a3626,7,Lab,Void
train/pd/e5ef9a23a10a3626_w08.png,e5ef9a23a10a3626,8,Lab,Void
train/pd/e5ef9a23a10a3626_w10.png,e5ef9a23a10a3626,10,Lab,Void
train/pd/e5ef9a23a10a3626_w12.png,e5ef9a23a10a3626,12,Lab,Void
train/pd/e5ef9a23a10a3626_w20.png,e5ef9a23a10a3626,20,Lab,Void
train/pd/e5ef9a23a10a3626_w22.png,e5ef9a23a10a3626,22,Lab,Void
train/pd/e5f5db9f85bc155b_w01.png,e5f5db9f85bc155b,1,Lab,Floating
train/pd/e5f5db9f85bc155b_w05.png,e5f5db9f85bc155b,5,Lab,Floating
train/pd/e5f5db9f85bc155b_w08.png,e5f5db9f85bc155b,8,Lab,Floating
train/pd/e5f5db9f85bc155b_w11.png,e5f5db9f85bc155b,11,Lab,Floating
train/pd/e5f5db9f85bc155b_w13.png,e5f5db9f85bc155b,13,Lab,Floating
train/pd/e5f5db9f85bc155b_w14.png,e5f5db9f85bc155b,14,Lab,Floating
train/pd/e5f5db9f85bc155b_w17.png,e5f5db9f85bc155b,17,Lab,Floating
train/pd/e5f5db9f85bc155b_w22.png,e5f5db9f85bc155b,22,Lab,Floating
train/pd/e6093f630503afac_w08.png,e6093f630503afac,8,Field,Void
train/pd/e6093f630503afac_w12.png,e6093f630503afac,12,Field,Void
train/pd/e6093f630503afac_w13.png,e6093f630503afac,13,Field,Void
train/pd/e6093f630503afac_w19.png,e6093f630503afac,19,Field,Void
train/pd/e6093f630503afac_w23.png,e6093f630503afac,23,Field,Void
train/pd/e6093f630503afac_w24.png,e6093f630503afac,24,Field,Void
train/pd/e6093f630503afac_w25.png,e6093f630503afac,25,Field,Void
train/pd/e6093f630503afac_w26.png,e6093f630503afac,26,Field,Void
train/pd/e6101ce6e82cf059_w00.png,e6101ce6e82cf059,0,Lab,Void
train/pd/e6101ce6e82cf059_w01.png,e6101ce6e82cf059,1,Lab,Void
train/pd/e6101ce6e82cf059_w02.png,e6101ce6e82cf059,2,Lab,Void
train/pd/e6101ce6e82cf059_w08.png,e6101ce6e82cf059,8,Lab,Void
train/pd/e6101ce6e82cf059_w11.png,e6101ce6e82cf059,11,Lab,Void
train/pd/e6101ce6e82cf059_w16.png,e6101ce6e82cf059,16,Lab,Void
train/pd/e6101ce6e82cf059_w20.png,e6101ce6e82cf059,20,Lab,Void
train/pd/e6101ce6e82cf059_w25.png,e6101ce6e82cf059,25,Lab,Void
train/pd/e6507af9e8e3202c_w06.png,e6507af9e8e3202c,6,Lab,Void
train/pd/e6507af9e8e3202c_w12.png,e6507af9e8e3202c,12,Lab,Void
train/pd/e6507af9e8e3202c_w14.png,e6507af9e8e3202c,14,Lab,Void
train/pd/e6507af9e8e3202c_w15.png,e6507af9e8e3202c,15,Lab,Void
train/pd/e6507af9e8e3202c_w21.png,e6507af9e8e3202c,21,Lab,Void
train/pd/e6507af9e8e3202c_w24.png,e6507af9e8e3202c,24,Lab,Void
train/pd/e6507af9e8e3202c_w25.png,e6507af9e8e3202c,25,Lab,Void
train/pd/e6507af9e8e3202c_w27.png,e6507af9e8e3202c,27,Lab,Void
train/pd/e67f5b393309201b_w02.png,e67f5b393309201b,2,Lab,Particle
train/pd/e67f5b393309201b_w06.png,e67f5b393309201b,6,Lab,Particle
train/pd/e67f5b393309201b_w13.png,e67f5b393309201b,13,Lab,Particle
train/pd/e67f5b393309201b_w15.png,e67f5b393309201b,15,Lab,Particle
train/pd/e67f5b393309201b_w16.png,e67f5b393309201b,16,Lab,Particle
train/pd/e67f5b393309201b_w18.png,e67f5b393309201b,18,Lab,Particle
train/pd/e67f5b393309201b_w24.png,e67f5b393309201b,24,Lab,Particle
train/pd/e67f5b393309201b_w27.png,e67f5b393309201b,27,Lab,Particle
train/pd/e687b6722ab635d4_w00.png,e687b6722ab635d4,0,Lab,Corona
train/pd/e687b6722ab635d4_w01.png,e687b6722ab635d4,1,Lab,Corona
train/pd/e687b6722ab635d4_w05.png,e687b6722ab635d4,5,Lab,Corona
train/pd/e687b6722ab635d4_w06.png,e687b6722ab635d4,6,Lab,Corona
train/pd/e687b6722ab635d4_w09.png,e687b6722ab635d4,9,Lab,Corona
train/pd/e687b6722ab635d4_w14.png,e687b6722ab635d4,14,Lab,Corona
train/pd/e687b6722ab635d4_w19.png,e687b6722ab635d4,19,Lab,Corona
train/pd/e687b6722ab635d4_w26.png,e687b6722ab635d4,26,Lab,Corona
train/pd/e6ad979655730a39_w01.png,e6ad979655730a39,1,Lab,Void
train/pd/e6ad979655730a39_w04.png,e6ad979655730a39,4,Lab,Void
train/pd/e6ad979655730a39_w08.png,e6ad979655730a39,8,Lab,Void
train/pd/e6ad979655730a39_w10.png,e6ad979655730a39,10,Lab,Void
train/pd/e6ad979655730a39_w19.png,e6ad979655730a39,19,Lab,Void
train/pd/e6ad979655730a39_w21.png,e6ad979655730a39,21,Lab,Void
train/pd/e6ad979655730a39_w23.png,e6ad979655730a39,23,Lab,Void
train/pd/e6ad979655730a39_w26.png,e6ad979655730a39,26,Lab,Void
train/pd/e6c9dad8e2dbd46a_w03.png,e6c9dad8e2dbd46a,3,Lab,Floating
train/pd/e6c9dad8e2dbd46a_w08.png,e6c9dad8e2dbd46a,8,Lab,Floating
train/pd/e6c9dad8e2dbd46a_w09.png,e6c9dad8e2dbd46a,9,Lab,Floating
train/pd/e6c9dad8e2dbd46a_w12.png,e6c9dad8e2dbd46a,12,Lab,Floating
train/pd/e6c9dad8e2dbd46a_w13.png,e6c9dad8e2dbd46a,13,Lab,Floating
train/pd/e6c9dad8e2dbd46a_w17.png,e6c9dad8e2dbd46a,17,Lab,Floating
train/pd/e6c9dad8e2dbd46a_w21.png,e6c9dad8e2dbd46a,21,Lab,Floating
train/pd/e6c9dad8e2dbd46a_w24.png,e6c9dad8e2dbd46a,24,Lab,Floating
train/pd/e6f23dff4e0fd2a2_w01.png,e6f23dff4e0fd2a2,1,Field,Void
train/pd/e6f23dff4e0fd2a2_w02.png,e6f23dff4e0fd2a2,2,Field,Void
train/pd/e6f23dff4e0fd2a2_w04.png,e6f23dff4e0fd2a2,4,Field,Void
train/pd/e6f23dff4e0fd2a2_w13.png,e6f23dff4e0fd2a2,13,Field,Void
train/pd/e6f23dff4e0fd2a2_w14.png,e6f23dff4e0fd2a2,14,Field,Void
train/pd/e6f23dff4e0fd2a2_w16.png,e6f23dff4e0fd2a2,16,Field,Void
train/pd/e6f23dff4e0fd2a2_w17.png,e6f23dff4e0fd2a2,17,Field,Void
train/pd/e6f23dff4e0fd2a2_w21.png,e6f23dff4e0fd2a2,21,Field,Void
train/pd/e702a30de2c5d363_w06.png,e702a30de2c5d363,6,Lab,Void
train/pd/e702a30de2c5d363_w07.png,e702a30de2c5d363,7,Lab,Void
train/pd/e702a30de2c5d363_w09.png,e702a30de2c5d363,9,Lab,Void
train/pd/e702a30de2c5d363_w10.png,e702a30de2c5d363,10,Lab,Void
train/pd/e702a30de2c5d363_w13.png,e702a30de2c5d363,13,Lab,Void
train/pd/e702a30de2c5d363_w20.png,e702a30de2c5d363,20,Lab,Void
train/pd/e702a30de2c5d363_w22.png,e702a30de2c5d363,22,Lab,Void
train/pd/e702a30de2c5d363_w27.png,e702a30de2c5d363,27,Lab,Void
train/pd/e703bc8818f5376c_w05.png,e703bc8818f5376c,5,Lab,Corona
train/pd/e703bc8818f5376c_w09.png,e703bc8818f5376c,9,Lab,Corona
train/pd/e703bc8818f5376c_w10.png,e703bc8818f5376c,10,Lab,Corona
train/pd/e703bc8818f5376c_w14.png,e703bc8818f5376c,14,Lab,Corona
train/pd/e703bc8818f5376c_w16.png,e703bc8818f5376c,16,Lab,Corona
train/pd/e703bc8818f5376c_w18.png,e703bc8818f5376c,18,Lab,Corona
train/pd/e703bc8818f5376c_w21.png,e703bc8818f5376c,21,Lab,Corona
train/pd/e703bc8818f5376c_w22.png,e703bc8818f5376c,22,Lab,Corona
train/pd/e70d2b3692584fb2_w00.png,e70d2b3692584fb2,0,Lab,Corona
train/pd/e70d2b3692584fb2_w03.png,e70d2b3692584fb2,3,Lab,Corona
train/pd/e70d2b3692584fb2_w10.png,e70d2b3692584fb2,10,Lab,Corona
train/pd/e70d2b3692584fb2_w12.png,e70d2b3692584fb2,12,Lab,Corona
train/pd/e70d2b3692584fb2_w18.png,e70d2b3692584fb2,18,Lab,Corona
train/pd/e70d2b3692584fb2_w21.png,e70d2b3692584fb2,21,Lab,Corona
train/pd/e70d2b3692584fb2_w22.png,e70d2b3692584fb2,22,Lab,Corona
train/pd/e70d2b3692584fb2_w24.png,e70d2b3692584fb2,24,Lab,Corona
train/pd/e71f5598ef8dec03_w03.png,e71f5598ef8dec03,3,Field,Void
train/pd/e71f5598ef8dec03_w04.png,e71f5598ef8dec03,4,Field,Void
train/pd/e71f5598ef8dec03_w09.png,e71f5598ef8dec03,9,Field,Void
train/pd/e71f5598ef8dec03_w11.png,e71f5598ef8dec03,11,Field,Void
train/pd/e71f5598ef8dec03_w15.png,e71f5598ef8dec03,15,Field,Void
train/pd/e71f5598ef8dec03_w18.png,e71f5598ef8dec03,18,Field,Void
train/pd/e71f5598ef8dec03_w19.png,e71f5598ef8dec03,19,Field,Void
train/pd/e71f5598ef8dec03_w22.png,e71f5598ef8dec03,22,Field,Void
train/pd/e72b5ffd50611f0f_w14.png,e72b5ffd50611f0f,14,Lab,Floating
train/pd/e72b5ffd50611f0f_w17.png,e72b5ffd50611f0f,17,Lab,Floating
train/pd/e72b5ffd50611f0f_w18.png,e72b5ffd50611f0f,18,Lab,Floating
train/pd/e72b5ffd50611f0f_w19.png,e72b5ffd50611f0f,19,Lab,Floating
train/pd/e72b5ffd50611f0f_w20.png,e72b5ffd50611f0f,20,Lab,Floating
train/pd/e72b5ffd50611f0f_w23.png,e72b5ffd50611f0f,23,Lab,Floating
train/pd/e72b5ffd50611f0f_w25.png,e72b5ffd50611f0f,25,Lab,Floating
train/pd/e72b5ffd50611f0f_w26.png,e72b5ffd50611f0f,26,Lab,Floating
train/pd/e72d3756221a6c8c_w00.png,e72d3756221a6c8c,0,Field,Void
train/pd/e72d3756221a6c8c_w01.png,e72d3756221a6c8c,1,Field,Void
train/pd/e72d3756221a6c8c_w02.png,e72d3756221a6c8c,2,Field,Void
train/pd/e72d3756221a6c8c_w03.png,e72d3756221a6c8c,3,Field,Void
train/pd/e72d3756221a6c8c_w14.png,e72d3756221a6c8c,14,Field,Void
train/pd/e72d3756221a6c8c_w17.png,e72d3756221a6c8c,17,Field,Void
train/pd/e72d3756221a6c8c_w21.png,e72d3756221a6c8c,21,Field,Void
train/pd/e72d3756221a6c8c_w24.png,e72d3756221a6c8c,24,Field,Void
train/pd/e784786ed778f4d1_w01.png,e784786ed778f4d1,1,Lab,Floating
train/pd/e784786ed778f4d1_w10.png,e784786ed778f4d1,10,Lab,Floating
train/pd/e784786ed778f4d1_w12.png,e784786ed778f4d1,12,Lab,Floating
train/pd/e784786ed778f4d1_w15.png,e784786ed778f4d1,15,Lab,Floating
train/pd/e784786ed778f4d1_w17.png,e784786ed778f4d1,17,Lab,Floating
train/pd/e784786ed778f4d1_w19.png,e784786ed778f4d1,19,Lab,Floating
train/pd/e784786ed778f4d1_w21.png,e784786ed778f4d1,21,Lab,Floating
train/pd/e784786ed778f4d1_w27.png,e784786ed778f4d1,27,Lab,Floating
train/pd/e78643f6eaeb14b6_w05.png,e78643f6eaeb14b6,5,Lab,Void
train/pd/e78643f6eaeb14b6_w10.png,e78643f6eaeb14b6,10,Lab,Void
train/pd/e78643f6eaeb14b6_w11.png,e78643f6eaeb14b6,11,Lab,Void
train/pd/e78643f6eaeb14b6_w13.png,e78643f6eaeb14b6,13,Lab,Void
train/pd/e78643f6eaeb14b6_w14.png,e78643f6eaeb14b6,14,Lab,Void
train/pd/e78643f6eaeb14b6_w15.png,e78643f6eaeb14b6,15,Lab,Void
train/pd/e78643f6eaeb14b6_w24.png,e78643f6eaeb14b6,24,Lab,Void
train/pd/e78643f6eaeb14b6_w27.png,e78643f6eaeb14b6,27,Lab,Void
train/pd/e7998c46a7611616_w02.png,e7998c46a7611616,2,Lab,Void
train/pd/e7998c46a7611616_w03.png,e7998c46a7611616,3,Lab,Void
train/pd/e7998c46a7611616_w04.png,e7998c46a7611616,4,Lab,Void
train/pd/e7998c46a7611616_w11.png,e7998c46a7611616,11,Lab,Void
train/pd/e7998c46a7611616_w12.png,e7998c46a7611616,12,Lab,Void
train/pd/e7998c46a7611616_w13.png,e7998c46a7611616,13,Lab,Void
train/pd/e7998c46a7611616_w15.png,e7998c46a7611616,15,Lab,Void
train/pd/e7998c46a7611616_w21.png,e7998c46a7611616,21,Lab,Void
train/pd/e79d9f22d470a019_w01.png,e79d9f22d470a019,1,Lab,Particle
train/pd/e79d9f22d470a019_w02.png,e79d9f22d470a019,2,Lab,Particle
train/pd/e79d9f22d470a019_w04.png,e79d9f22d470a019,4,Lab,Particle
train/pd/e79d9f22d470a019_w10.png,e79d9f22d470a019,10,Lab,Particle
train/pd/e79d9f22d470a019_w15.png,e79d9f22d470a019,15,Lab,Particle
train/pd/e79d9f22d470a019_w20.png,e79d9f22d470a019,20,Lab,Particle
train/pd/e79d9f22d470a019_w21.png,e79d9f22d470a019,21,Lab,Particle
train/pd/e79d9f22d470a019_w27.png,e79d9f22d470a019,27,Lab,Particle
train/pd/e7bde5c8ee9f8086_w04.png,e7bde5c8ee9f8086,4,Field,Void
train/pd/e7bde5c8ee9f8086_w06.png,e7bde5c8ee9f8086,6,Field,Void
train/pd/e7bde5c8ee9f8086_w09.png,e7bde5c8ee9f8086,9,Field,Void
train/pd/e7bde5c8ee9f8086_w10.png,e7bde5c8ee9f8086,10,Field,Void
train/pd/e7bde5c8ee9f8086_w11.png,e7bde5c8ee9f8086,11,Field,Void
train/pd/e7bde5c8ee9f8086_w14.png,e7bde5c8ee9f8086,14,Field,Void
train/pd/e7bde5c8ee9f8086_w21.png,e7bde5c8ee9f8086,21,Field,Void
train/pd/e7bde5c8ee9f8086_w23.png,e7bde5c8ee9f8086,23,Field,Void
train/pd/e7e3bf9b3426a15c_w01.png,e7e3bf9b3426a15c,1,Lab,Floating
train/pd/e7e3bf9b3426a15c_w06.png,e7e3bf9b3426a15c,6,Lab,Floating
train/pd/e7e3bf9b3426a15c_w08.png,e7e3bf9b3426a15c,8,Lab,Floating
train/pd/e7e3bf9b3426a15c_w13.png,e7e3bf9b3426a15c,13,Lab,Floating
train/pd/e7e3bf9b3426a15c_w15.png,e7e3bf9b3426a15c,15,Lab,Floating
train/pd/e7e3bf9b3426a15c_w20.png,e7e3bf9b3426a15c,20,Lab,Floating
train/pd/e7e3bf9b3426a15c_w24.png,e7e3bf9b3426a15c,24,Lab,Floating
train/pd/e7e3bf9b3426a15c_w27.png,e7e3bf9b3426a15c,27,Lab,Floating
train/pd/e7f1157626444979_w01.png,e7f1157626444979,1,Field,Particle
train/pd/e7f1157626444979_w08.png,e7f1157626444979,8,Field,Particle
train/pd/e7f1157626444979_w12.png,e7f1157626444979,12,Field,Particle
train/pd/e7f1157626444979_w13.png,e7f1157626444979,13,Field,Particle
train/pd/e7f1157626444979_w15.png,e7f1157626444979,15,Field,Particle
train/pd/e7f1157626444979_w18.png,e7f1157626444979,18,Field,Particle
train/pd/e7f1157626444979_w21.png,e7f1157626444979,21,Field,Particle
train/pd/e7f1157626444979_w23.png,e7f1157626444979,23,Field,Particle
train/pd/e8061c1938207516_w03.png,e8061c1938207516,3,Lab,Void
train/pd/e8061c1938207516_w10.png,e8061c1938207516,10,Lab,Void
train/pd/e8061c1938207516_w13.png,e8061c1938207516,13,Lab,Void
train/pd/e8061c1938207516_w14.png,e8061c1938207516,14,Lab,Void
train/pd/e8061c1938207516_w17.png,e8061c1938207516,17,Lab,Void
train/pd/e8061c1938207516_w20.png,e8061c1938207516,20,Lab,Void
train/pd/e8061c1938207516_w23.png,e8061c1938207516,23,Lab,Void
train/pd/e8061c1938207516_w27.png,e8061c1938207516,27,Lab,Void
train/pd/e847a958a1f96404_w01.png,e847a958a1f96404,1,Lab,Floating
train/pd/e847a958a1f96404_w03.png,e847a958a1f96404,3,Lab,Floating
train/pd/e847a958a1f96404_w04.png,e847a958a1f96404,4,Lab,Floating
train/pd/e847a958a1f96404_w06.png,e847a958a1f96404,6,Lab,Floating
train/pd/e847a958a1f96404_w07.png,e847a958a1f96404,7,Lab,Floating
train/pd/e847a958a1f96404_w10.png,e847a958a1f96404,10,Lab,Floating
train/pd/e847a958a1f96404_w25.png,e847a958a1f96404,25,Lab,Floating
train/pd/e847a958a1f96404_w26.png,e847a958a1f96404,26,Lab,Floating
train/pd/e8b18246a1b24131_w00.png,e8b18246a1b24131,0,Lab,Particle
train/pd/e8b18246a1b24131_w06.png,e8b18246a1b24131,6,Lab,Particle
train/pd/e8b18246a1b24131_w08.png,e8b18246a1b24131,8,Lab,Particle
train/pd/e8b18246a1b24131_w09.png,e8b18246a1b24131,9,Lab,Particle
train/pd/e8b18246a1b24131_w11.png,e8b18246a1b24131,11,Lab,Particle
train/pd/e8b18246a1b24131_w12.png,e8b18246a1b24131,12,Lab,Particle
train/pd/e8b18246a1b24131_w13.png,e8b18246a1b24131,13,Lab,Particle
train/pd/e8b18246a1b24131_w17.png,e8b18246a1b24131,17,Lab,Particle
train/pd/e8cfe33f46ab436a_w04.png,e8cfe33f46ab436a,4,Lab,Void
train/pd/e8cfe33f46ab436a_w05.png,e8cfe33f46ab436a,5,Lab,Void
train/pd/e8cfe33f46ab436a_w09.png,e8cfe33f46ab436a,9,Lab,Void
train/pd/e8cfe33f46ab436a_w17.png,e8cfe33f46ab436a,17,Lab,Void
train/pd/e8cfe33f46ab436a_w18.png,e8cfe33f46ab436a,18,Lab,Void
train/pd/e8cfe33f46ab436a_w20.png,e8cfe33f46ab436a,20,Lab,Void
train/pd/e8cfe33f46ab436a_w22.png,e8cfe33f46ab436a,22,Lab,Void
train/pd/e8cfe33f46ab436a_w25.png,e8cfe33f46ab436a,25,Lab,Void
train/pd/e8f72a708589d526_w01.png,e8f72a708589d526,1,Lab,Corona
train/pd/e8f72a708589d526_w02.png,e8f72a708589d526,2,Lab,Corona
train/pd/e8f72a708589d526_w07.png,e8f72a708589d526,7,Lab,Corona
train/pd/e8f72a708589d526_w13.png,e8f72a708589d526,13,Lab,Corona
train/pd/e8f72a708589d526_w16.png,e8f72a708589d526,16,Lab,Corona
train/pd/e8f72a708589d526_w17.png,e8f72a708589d526,17,Lab,Corona
train/pd/e8f72a708589d526_w22.png,e8f72a708589d526,22,Lab,Corona
train/pd/e8f72a708589d526_w26.png,e8f72a708589d526,26,Lab,Corona
train/pd/e8ff9dfa8ce6a49c_w02.png,e8ff9dfa8ce6a49c,2,Lab,Floating
train/pd/e8ff9dfa8ce6a49c_w04.png,e8ff9dfa8ce6a49c,4,Lab,Floating
train/pd/e8ff9dfa8ce6a49c_w13.png,e8ff9dfa8ce6a49c,13,Lab,Floating
train/pd/e8ff9dfa8ce6a49c_w15.png,e8ff9dfa8ce6a49c,15,Lab,Floating
train/pd/e8ff9dfa8ce6a49c_w20.png,e8ff9dfa8ce6a49c,20,Lab,Floating
train/pd/e8ff9dfa8ce6a49c_w23.png,e8ff9dfa8ce6a49c,23,Lab,Floating
train/pd/e8ff9dfa8ce6a49c_w25.png,e8ff9dfa8ce6a49c,25,Lab,Floating
train/pd/e8ff9dfa8ce6a49c_w27.png,e8ff9dfa8ce6a49c,27,Lab,Floating
train/pd/e94a49e26026f606_w01.png,e94a49e26026f606,1,Lab,Floating
train/pd/e94a49e26026f606_w04.png,e94a49e26026f606,4,Lab,Floating
train/pd/e94a49e26026f606_w07.png,e94a49e26026f606,7,Lab,Floating
train/pd/e94a49e26026f606_w11.png,e94a49e26026f606,11,Lab,Floating
train/pd/e94a49e26026f606_w19.png,e94a49e26026f606,19,Lab,Floating
train/pd/e94a49e26026f606_w22.png,e94a49e26026f606,22,Lab,Floating
train/pd/e94a49e26026f606_w23.png,e94a49e26026f606,23,Lab,Floating
train/pd/e94a49e26026f606_w24.png,e94a49e26026f606,24,Lab,Floating
train/pd/e95b4b3be594ea56_w02.png,e95b4b3be594ea56,2,Lab,Particle
train/pd/e95b4b3be594ea56_w08.png,e95b4b3be594ea56,8,Lab,Particle
train/pd/e95b4b3be594ea56_w09.png,e95b4b3be594ea56,9,Lab,Particle
train/pd/e95b4b3be594ea56_w16.png,e95b4b3be594ea56,16,Lab,Particle
train/pd/e95b4b3be594ea56_w17.png,e95b4b3be594ea56,17,Lab,Particle
train/pd/e95b4b3be594ea56_w20.png,e95b4b3be594ea56,20,Lab,Particle
train/pd/e95b4b3be594ea56_w21.png,e95b4b3be594ea56,21,Lab,Particle
train/pd/e95b4b3be594ea56_w25.png,e95b4b3be594ea56,25,Lab,Particle
train/pd/e9b0e8e386c0f2aa_w00.png,e9b0e8e386c0f2aa,0,Lab,Void
train/pd/e9b0e8e386c0f2aa_w03.png,e9b0e8e386c0f2aa,3,Lab,Void
train/pd/e9b0e8e386c0f2aa_w05.png,e9b0e8e386c0f2aa,5,Lab,Void
train/pd/e9b0e8e386c0f2aa_w07.png,e9b0e8e386c0f2aa,7,Lab,Void
train/pd/e9b0e8e386c0f2aa_w08.png,e9b0e8e386c0f2aa,8,Lab,Void
train/pd/e9b0e8e386c0f2aa_w10.png,e9b0e8e386c0f2aa,10,Lab,Void
train/pd/e9b0e8e386c0f2aa_w12.png,e9b0e8e386c0f2aa,12,Lab,Void
train/pd/e9b0e8e386c0f2aa_w17.png,e9b0e8e386c0f2aa,17,Lab,Void
train/pd/e9c77b822e4387b9_w03.png,e9c77b822e4387b9,3,Lab,Void
train/pd/e9c77b822e4387b9_w07.png,e9c77b822e4387b9,7,Lab,Void
train/pd/e9c77b822e4387b9_w08.png,e9c77b822e4387b9,8,Lab,Void
train/pd/e9c77b822e4387b9_w13.png,e9c77b822e4387b9,13,Lab,Void
train/pd/e9c77b822e4387b9_w18.png,e9c77b822e4387b9,18,Lab,Void
train/pd/e9c77b822e4387b9_w20.png,e9c77b822e4387b9,20,Lab,Void
train/pd/e9c77b822e4387b9_w25.png,e9c77b822e4387b9,25,Lab,Void
train/pd/e9c77b822e4387b9_w27.png,e9c77b822e4387b9,27,Lab,Void
train/pd/e9d1f9d5494b9753_w01.png,e9d1f9d5494b9753,1,Lab,Void
train/pd/e9d1f9d5494b9753_w04.png,e9d1f9d5494b9753,4,Lab,Void
train/pd/e9d1f9d5494b9753_w05.png,e9d1f9d5494b9753,5,Lab,Void
train/pd/e9d1f9d5494b9753_w11.png,e9d1f9d5494b9753,11,Lab,Void
train/pd/e9d1f9d5494b9753_w13.png,e9d1f9d5494b9753,13,Lab,Void
train/pd/e9d1f9d5494b9753_w18.png,e9d1f9d5494b9753,18,Lab,Void
train/pd/e9d1f9d5494b9753_w22.png,e9d1f9d5494b9753,22,Lab,Void
train/pd/e9d1f9d5494b9753_w27.png,e9d1f9d5494b9753,27,Lab,Void
train/pd/ea0302fb06be1b83_w01.png,ea0302fb06be1b83,1,Lab,Floating
train/pd/ea0302fb06be1b83_w04.png,ea0302fb06be1b83,4,Lab,Floating
train/pd/ea0302fb06be1b83_w10.png,ea0302fb06be1b83,10,Lab,Floating
train/pd/ea0302fb06be1b83_w11.png,ea0302fb06be1b83,11,Lab,Floating
train/pd/ea0302fb06be1b83_w13.png,ea0302fb06be1b83,13,Lab,Floating
train/pd/ea0302fb06be1b83_w16.png,ea0302fb06be1b83,16,Lab,Floating
train/pd/ea0302fb06be1b83_w17.png,ea0302fb06be1b83,17,Lab,Floating
train/pd/ea0302fb06be1b83_w22.png,ea0302fb06be1b83,22,Lab,Floating
train/pd/ea2a1d48e57d473c_w02.png,ea2a1d48e57d473c,2,Lab,Void
train/pd/ea2a1d48e57d473c_w03.png,ea2a1d48e57d473c,3,Lab,Void
train/pd/ea2a1d48e57d473c_w08.png,ea2a1d48e57d473c,8,Lab,Void
train/pd/ea2a1d48e57d473c_w09.png,ea2a1d48e57d473c,9,Lab,Void
train/pd/ea2a1d48e57d473c_w15.png,ea2a1d48e57d473c,15,Lab,Void
train/pd/ea2a1d48e57d473c_w16.png,ea2a1d48e57d473c,16,Lab,Void
train/pd/ea2a1d48e57d473c_w26.png,ea2a1d48e57d473c,26,Lab,Void
train/pd/ea2a1d48e57d473c_w27.png,ea2a1d48e57d473c,27,Lab,Void
train/pd/ea2b0edbeed978f1_w01.png,ea2b0edbeed978f1,1,Field,Void
train/pd/ea2b0edbeed978f1_w03.png,ea2b0edbeed978f1,3,Field,Void
train/pd/ea2b0edbeed978f1_w11.png,ea2b0edbeed978f1,11,Field,Void
train/pd/ea2b0edbeed978f1_w12.png,ea2b0edbeed978f1,12,Field,Void
train/pd/ea2b0edbeed978f1_w14.png,ea2b0edbeed978f1,14,Field,Void
train/pd/ea2b0edbeed978f1_w20.png,ea2b0edbeed978f1,20,Field,Void
train/pd/ea2b0edbeed978f1_w21.png,ea2b0edbeed978f1,21,Field,Void
train/pd/ea2b0edbeed978f1_w27.png,ea2b0edbeed978f1,27,Field,Void
train/pd/ea53c62649640915_w14.png,ea53c62649640915,14,Lab,Particle
train/pd/ea53c62649640915_w15.png,ea53c62649640915,15,Lab,Particle
train/pd/ea53c62649640915_w17.png,ea53c62649640915,17,Lab,Particle
train/pd/ea53c62649640915_w18.png,ea53c62649640915,18,Lab,Particle
train/pd/ea53c62649640915_w20.png,ea53c62649640915,20,Lab,Particle
train/pd/ea53c62649640915_w25.png,ea53c62649640915,25,Lab,Particle
train/pd/ea53c62649640915_w26.png,ea53c62649640915,26,Lab,Particle
train/pd/ea53c62649640915_w27.png,ea53c62649640915,27,Lab,Particle
train/pd/ea74130c2899d78b_w00.png,ea74130c2899d78b,0,Field,Floating
train/pd/ea74130c2899d78b_w01.png,ea74130c2899d78b,1,Field,Floating
train/pd/ea74130c2899d78b_w07.png,ea74130c2899d78b,7,Field,Floating
train/pd/ea74130c2899d78b_w14.png,ea74130c2899d78b,14,Field,Floating
train/pd/ea74130c2899d78b_w17.png,ea74130c2899d78b,17,Field,Floating
train/pd/ea74130c2899d78b_w18.png,ea74130c2899d78b,18,Field,Floating
train/pd/ea74130c2899d78b_w20.png,ea74130c2899d78b,20,Field,Floating
train/pd/ea74130c2899d78b_w24.png,ea74130c2899d78b,24,Field,Floating
train/pd/ea867f896271ac0f_w03.png,ea867f896271ac0f,3,Field,Floating
train/pd/ea867f896271ac0f_w05.png,ea867f896271ac0f,5,Field,Floating
train/pd/ea867f896271ac0f_w06.png,ea867f896271ac0f,6,Field,Floating
train/pd/ea867f896271ac0f_w07.png,ea867f896271ac0f,7,Field,Floating
train/pd/ea867f896271ac0f_w11.png,ea867f896271ac0f,11,Field,Floating
train/pd/ea867f896271ac0f_w12.png,ea867f896271ac0f,12,Field,Floating
train/pd/ea867f896271ac0f_w13.png,ea867f896271ac0f,13,Field,Floating
train/pd/ea867f896271ac0f_w23.png,ea867f896271ac0f,23,Field,Floating
train/pd/eaff981536903037_w00.png,eaff981536903037,0,Field,Floating
train/pd/eaff981536903037_w02.png,eaff981536903037,2,Field,Floating
train/pd/eaff981536903037_w12.png,eaff981536903037,12,Field,Floating
train/pd/eaff981536903037_w13.png,eaff981536903037,13,Field,Floating
train/pd/eaff981536903037_w17.png,eaff981536903037,17,Field,Floating
train/pd/eaff981536903037_w21.png,eaff981536903037,21,Field,Floating
train/pd/eaff981536903037_w25.png,eaff981536903037,25,Field,Floating
train/pd/eaff981536903037_w26.png,eaff981536903037,26,Field,Floating
train/pd/eb18a05b7a3cd22e_w00.png,eb18a05b7a3cd22e,0,Lab,Void
train/pd/eb18a05b7a3cd22e_w02.png,eb18a05b7a3cd22e,2,Lab,Void
train/pd/eb18a05b7a3cd22e_w03.png,eb18a05b7a3cd22e,3,Lab,Void
train/pd/eb18a05b7a3cd22e_w10.png,eb18a05b7a3cd22e,10,Lab,Void
train/pd/eb18a05b7a3cd22e_w22.png,eb18a05b7a3cd22e,22,Lab,Void
train/pd/eb18a05b7a3cd22e_w25.png,eb18a05b7a3cd22e,25,Lab,Void
train/pd/eb18a05b7a3cd22e_w26.png,eb18a05b7a3cd22e,26,Lab,Void
train/pd/eb18a05b7a3cd22e_w27.png,eb18a05b7a3cd22e,27,Lab,Void
train/pd/eb2f6d831990ad65_w01.png,eb2f6d831990ad65,1,Lab,Particle
train/pd/eb2f6d831990ad65_w09.png,eb2f6d831990ad65,9,Lab,Particle
train/pd/eb2f6d831990ad65_w10.png,eb2f6d831990ad65,10,Lab,Particle
train/pd/eb2f6d831990ad65_w15.png,eb2f6d831990ad65,15,Lab,Particle
train/pd/eb2f6d831990ad65_w19.png,eb2f6d831990ad65,19,Lab,Particle
train/pd/eb2f6d831990ad65_w20.png,eb2f6d831990ad65,20,Lab,Particle
train/pd/eb2f6d831990ad65_w23.png,eb2f6d831990ad65,23,Lab,Particle
train/pd/eb2f6d831990ad65_w25.png,eb2f6d831990ad65,25,Lab,Particle
train/pd/ebc002a877edb74c_w07.png,ebc002a877edb74c,7,Lab,Corona
train/pd/ebc002a877edb74c_w10.png,ebc002a877edb74c,10,Lab,Corona
train/pd/ebc002a877edb74c_w11.png,ebc002a877edb74c,11,Lab,Corona
train/pd/ebc002a877edb74c_w15.png,ebc002a877edb74c,15,Lab,Corona
train/pd/ebc002a877edb74c_w16.png,ebc002a877edb74c,16,Lab,Corona
train/pd/ebc002a877edb74c_w17.png,ebc002a877edb74c,17,Lab,Corona
train/pd/ebc002a877edb74c_w18.png,ebc002a877edb74c,18,Lab,Corona
train/pd/ebc002a877edb74c_w24.png,ebc002a877edb74c,24,Lab,Corona
train/pd/ebcc2260fb89d9c2_w05.png,ebcc2260fb89d9c2,5,Lab,Void
train/pd/ebcc2260fb89d9c2_w11.png,ebcc2260fb89d9c2,11,Lab,Void
train/pd/ebcc2260fb89d9c2_w13.png,ebcc2260fb89d9c2,13,Lab,Void
train/pd/ebcc2260fb89d9c2_w15.png,ebcc2260fb89d9c2,15,Lab,Void
train/pd/ebcc2260fb89d9c2_w18.png,ebcc2260fb89d9c2,18,Lab,Void
train/pd/ebcc2260fb89d9c2_w19.png,ebcc2260fb89d9c2,19,Lab,Void
train/pd/ebcc2260fb89d9c2_w22.png,ebcc2260fb89d9c2,22,Lab,Void
train/pd/ebcc2260fb89d9c2_w25.png,ebcc2260fb89d9c2,25,Lab,Void
train/pd/ec16cf090ee61c8f_w00.png,ec16cf090ee61c8f,0,Field,Floating
train/pd/ec16cf090ee61c8f_w02.png,ec16cf090ee61c8f,2,Field,Floating
train/pd/ec16cf090ee61c8f_w06.png,ec16cf090ee61c8f,6,Field,Floating
train/pd/ec16cf090ee61c8f_w11.png,ec16cf090ee61c8f,11,Field,Floating
train/pd/ec16cf090ee61c8f_w12.png,ec16cf090ee61c8f,12,Field,Floating
train/pd/ec16cf090ee61c8f_w22.png,ec16cf090ee61c8f,22,Field,Floating
train/pd/ec16cf090ee61c8f_w26.png,ec16cf090ee61c8f,26,Field,Floating
train/pd/ec16cf090ee61c8f_w27.png,ec16cf090ee61c8f,27,Field,Floating
train/pd/ec1a827aac50f8d9_w01.png,ec1a827aac50f8d9,1,Lab,Void
train/pd/ec1a827aac50f8d9_w03.png,ec1a827aac50f8d9,3,Lab,Void
train/pd/ec1a827aac50f8d9_w04.png,ec1a827aac50f8d9,4,Lab,Void
train/pd/ec1a827aac50f8d9_w06.png,ec1a827aac50f8d9,6,Lab,Void
train/pd/ec1a827aac50f8d9_w11.png,ec1a827aac50f8d9,11,Lab,Void
train/pd/ec1a827aac50f8d9_w18.png,ec1a827aac50f8d9,18,Lab,Void
train/pd/ec1a827aac50f8d9_w22.png,ec1a827aac50f8d9,22,Lab,Void
train/pd/ec1a827aac50f8d9_w26.png,ec1a827aac50f8d9,26,Lab,Void
train/pd/ec25c557e6a27730_w00.png,ec25c557e6a27730,0,Field,Void
train/pd/ec25c557e6a27730_w02.png,ec25c557e6a27730,2,Field,Void
train/pd/ec25c557e6a27730_w05.png,ec25c557e6a27730,5,Field,Void
train/pd/ec25c557e6a27730_w07.png,ec25c557e6a27730,7,Field,Void
train/pd/ec25c557e6a27730_w08.png,ec25c557e6a27730,8,Field,Void
train/pd/ec25c557e6a27730_w09.png,ec25c557e6a27730,9,Field,Void
train/pd/ec25c557e6a27730_w25.png,ec25c557e6a27730,25,Field,Void
train/pd/ec25c557e6a27730_w26.png,ec25c557e6a27730,26,Field,Void
train/pd/ec5ab038bab76e0b_w05.png,ec5ab038bab76e0b,5,Lab,Corona
train/pd/ec5ab038bab76e0b_w06.png,ec5ab038bab76e0b,6,Lab,Corona
train/pd/ec5ab038bab76e0b_w08.png,ec5ab038bab76e0b,8,Lab,Corona
train/pd/ec5ab038bab76e0b_w09.png,ec5ab038bab76e0b,9,Lab,Corona
train/pd/ec5ab038bab76e0b_w19.png,ec5ab038bab76e0b,19,Lab,Corona
train/pd/ec5ab038bab76e0b_w22.png,ec5ab038bab76e0b,22,Lab,Corona
train/pd/ec5ab038bab76e0b_w25.png,ec5ab038bab76e0b,25,Lab,Corona
train/pd/ec5ab038bab76e0b_w26.png,ec5ab038bab76e0b,26,Lab,Corona
train/pd/ec8344c8da4d885b_w01.png,ec8344c8da4d885b,1,Lab,Void
train/pd/ec8344c8da4d885b_w12.png,ec8344c8da4d885b,12,Lab,Void
train/pd/ec8344c8da4d885b_w13.png,ec8344c8da4d885b,13,Lab,Void
train/pd/ec8344c8da4d885b_w15.png,ec8344c8da4d885b,15,Lab,Void
train/pd/ec8344c8da4d885b_w18.png,ec8344c8da4d885b,18,Lab,Void
train/pd/ec8344c8da4d885b_w21.png,ec8344c8da4d885b,21,Lab,Void
train/pd/ec8344c8da4d885b_w23.png,ec8344c8da4d885b,23,Lab,Void
train/pd/ec8344c8da4d885b_w25.png,ec8344c8da4d885b,25,Lab,Void
train/pd/ecb1255113b0c75d_w00.png,ecb1255113b0c75d,0,Lab,Floating
train/pd/ecb1255113b0c75d_w02.png,ecb1255113b0c75d,2,Lab,Floating
train/pd/ecb1255113b0c75d_w08.png,ecb1255113b0c75d,8,Lab,Floating
train/pd/ecb1255113b0c75d_w09.png,ecb1255113b0c75d,9,Lab,Floating
train/pd/ecb1255113b0c75d_w10.png,ecb1255113b0c75d,10,Lab,Floating
train/pd/ecb1255113b0c75d_w17.png,ecb1255113b0c75d,17,Lab,Floating
train/pd/ecb1255113b0c75d_w21.png,ecb1255113b0c75d,21,Lab,Floating
train/pd/ecb1255113b0c75d_w24.png,ecb1255113b0c75d,24,Lab,Floating
train/pd/ecbc83595c9a89bd_w00.png,ecbc83595c9a89bd,0,Lab,Void
train/pd/ecbc83595c9a89bd_w05.png,ecbc83595c9a89bd,5,Lab,Void
train/pd/ecbc83595c9a89bd_w09.png,ecbc83595c9a89bd,9,Lab,Void
train/pd/ecbc83595c9a89bd_w16.png,ecbc83595c9a89bd,16,Lab,Void
train/pd/ecbc83595c9a89bd_w18.png,ecbc83595c9a89bd,18,Lab,Void
train/pd/ecbc83595c9a89bd_w23.png,ecbc83595c9a89bd,23,Lab,Void
train/pd/ecbc83595c9a89bd_w24.png,ecbc83595c9a89bd,24,Lab,Void
train/pd/ecbc83595c9a89bd_w25.png,ecbc83595c9a89bd,25,Lab,Void
train/pd/ecc5fc543921386d_w00.png,ecc5fc543921386d,0,Field,Void
train/pd/ecc5fc543921386d_w02.png,ecc5fc543921386d,2,Field,Void
train/pd/ecc5fc543921386d_w03.png,ecc5fc543921386d,3,Field,Void
train/pd/ecc5fc543921386d_w04.png,ecc5fc543921386d,4,Field,Void
train/pd/ecc5fc543921386d_w13.png,ecc5fc543921386d,13,Field,Void
train/pd/ecc5fc543921386d_w19.png,ecc5fc543921386d,19,Field,Void
train/pd/ecc5fc543921386d_w25.png,ecc5fc543921386d,25,Field,Void
train/pd/ecc5fc543921386d_w27.png,ecc5fc543921386d,27,Field,Void
train/pd/ecf08953c8075ae8_w03.png,ecf08953c8075ae8,3,Lab,Floating
train/pd/ecf08953c8075ae8_w04.png,ecf08953c8075ae8,4,Lab,Floating
train/pd/ecf08953c8075ae8_w06.png,ecf08953c8075ae8,6,Lab,Floating
train/pd/ecf08953c8075ae8_w10.png,ecf08953c8075ae8,10,Lab,Floating
train/pd/ecf08953c8075ae8_w11.png,ecf08953c8075ae8,11,Lab,Floating
train/pd/ecf08953c8075ae8_w13.png,ecf08953c8075ae8,13,Lab,Floating
train/pd/ecf08953c8075ae8_w24.png,ecf08953c8075ae8,24,Lab,Floating
train/pd/ecf08953c8075ae8_w27.png,ecf08953c8075ae8,27,Lab,Floating
train/pd/ecfd78b4fd97eba4_w00.png,ecfd78b4fd97eba4,0,Lab,Particle
train/pd/ecfd78b4fd97eba4_w04.png,ecfd78b4fd97eba4,4,Lab,Particle
train/pd/ecfd78b4fd97eba4_w16.png,ecfd78b4fd97eba4,16,Lab,Particle
train/pd/ecfd78b4fd97eba4_w17.png,ecfd78b4fd97eba4,17,Lab,Particle
train/pd/ecfd78b4fd97eba4_w18.png,ecfd78b4fd97eba4,18,Lab,Particle
train/pd/ecfd78b4fd97eba4_w19.png,ecfd78b4fd97eba4,19,Lab,Particle
train/pd/ecfd78b4fd97eba4_w21.png,ecfd78b4fd97eba4,21,Lab,Particle
train/pd/ecfd78b4fd97eba4_w24.png,ecfd78b4fd97eba4,24,Lab,Particle
train/pd/ed12da7f3ee52525_w02.png,ed12da7f3ee52525,2,Lab,Corona
train/pd/ed12da7f3ee52525_w04.png,ed12da7f3ee52525,4,Lab,Corona
train/pd/ed12da7f3ee52525_w08.png,ed12da7f3ee52525,8,Lab,Corona
train/pd/ed12da7f3ee52525_w13.png,ed12da7f3ee52525,13,Lab,Corona
train/pd/ed12da7f3ee52525_w15.png,ed12da7f3ee52525,15,Lab,Corona
train/pd/ed12da7f3ee52525_w19.png,ed12da7f3ee52525,19,Lab,Corona
train/pd/ed12da7f3ee52525_w22.png,ed12da7f3ee52525,22,Lab,Corona
train/pd/ed12da7f3ee52525_w24.png,ed12da7f3ee52525,24,Lab,Corona
train/pd/ed162b96e642a5dd_w02.png,ed162b96e642a5dd,2,Lab,Void
train/pd/ed162b96e642a5dd_w04.png,ed162b96e642a5dd,4,Lab,Void
train/pd/ed162b96e642a5dd_w05.png,ed162b96e642a5dd,5,Lab,Void
train/pd/ed162b96e642a5dd_w07.png,ed162b96e642a5dd,7,Lab,Void
train/pd/ed162b96e642a5dd_w14.png,ed162b96e642a5dd,14,Lab,Void
train/pd/ed162b96e642a5dd_w17.png,ed162b96e642a5dd,17,Lab,Void
train/pd/ed162b96e642a5dd_w19.png,ed162b96e642a5dd,19,Lab,Void
train/pd/ed162b96e642a5dd_w26.png,ed162b96e642a5dd,26,Lab,Void
train/pd/ed5cd4cf4ebf06bc_w02.png,ed5cd4cf4ebf06bc,2,Lab,Particle
train/pd/ed5cd4cf4ebf06bc_w04.png,ed5cd4cf4ebf06bc,4,Lab,Particle
train/pd/ed5cd4cf4ebf06bc_w06.png,ed5cd4cf4ebf06bc,6,Lab,Particle
train/pd/ed5cd4cf4ebf06bc_w08.png,ed5cd4cf4ebf06bc,8,Lab,Particle
train/pd/ed5cd4cf4ebf06bc_w10.png,ed5cd4cf4ebf06bc,10,Lab,Particle
train/pd/ed5cd4cf4ebf06bc_w15.png,ed5cd4cf4ebf06bc,15,Lab,Particle
train/pd/ed5cd4cf4ebf06bc_w17.png,ed5cd4cf4ebf06bc,17,Lab,Particle
train/pd/ed5cd4cf4ebf06bc_w20.png,ed5cd4cf4ebf06bc,20,Lab,Particle
train/pd/ed6a7daa7642d9ea_w00.png,ed6a7daa7642d9ea,0,Lab,Floating
train/pd/ed6a7daa7642d9ea_w04.png,ed6a7daa7642d9ea,4,Lab,Floating
train/pd/ed6a7daa7642d9ea_w05.png,ed6a7daa7642d9ea,5,Lab,Floating
train/pd/ed6a7daa7642d9ea_w09.png,ed6a7daa7642d9ea,9,Lab,Floating
train/pd/ed6a7daa7642d9ea_w16.png,ed6a7daa7642d9ea,16,Lab,Floating
train/pd/ed6a7daa7642d9ea_w19.png,ed6a7daa7642d9ea,19,Lab,Floating
train/pd/ed6a7daa7642d9ea_w24.png,ed6a7daa7642d9ea,24,Lab,Floating
train/pd/ed6a7daa7642d9ea_w25.png,ed6a7daa7642d9ea,25,Lab,Floating
train/pd/ed6af34d3794aeac_w01.png,ed6af34d3794aeac,1,Field,Void
train/pd/ed6af34d3794aeac_w07.png,ed6af34d3794aeac,7,Field,Void
train/pd/ed6af34d3794aeac_w10.png,ed6af34d3794aeac,10,Field,Void
train/pd/ed6af34d3794aeac_w12.png,ed6af34d3794aeac,12,Field,Void
train/pd/ed6af34d3794aeac_w13.png,ed6af34d3794aeac,13,Field,Void
train/pd/ed6af34d3794aeac_w17.png,ed6af34d3794aeac,17,Field,Void
train/pd/ed6af34d3794aeac_w18.png,ed6af34d3794aeac,18,Field,Void
train/pd/ed6af34d3794aeac_w23.png,ed6af34d3794aeac,23,Field,Void
train/pd/ed8b69ef2cb482c2_w01.png,ed8b69ef2cb482c2,1,Lab,Particle
train/pd/ed8b69ef2cb482c2_w09.png,ed8b69ef2cb482c2,9,Lab,Particle
train/pd/ed8b69ef2cb482c2_w10.png,ed8b69ef2cb482c2,10,Lab,Particle
train/pd/ed8b69ef2cb482c2_w14.png,ed8b69ef2cb482c2,14,Lab,Particle
train/pd/ed8b69ef2cb482c2_w15.png,ed8b69ef2cb482c2,15,Lab,Particle
train/pd/ed8b69ef2cb482c2_w16.png,ed8b69ef2cb482c2,16,Lab,Particle
train/pd/ed8b69ef2cb482c2_w17.png,ed8b69ef2cb482c2,17,Lab,Particle
train/pd/ed8b69ef2cb482c2_w24.png,ed8b69ef2cb482c2,24,Lab,Particle
train/pd/ed98c23ff6044394_w04.png,ed98c23ff6044394,4,Lab,Void
train/pd/ed98c23ff6044394_w08.png,ed98c23ff6044394,8,Lab,Void
train/pd/ed98c23ff6044394_w10.png,ed98c23ff6044394,10,Lab,Void
train/pd/ed98c23ff6044394_w12.png,ed98c23ff6044394,12,Lab,Void
train/pd/ed98c23ff6044394_w13.png,ed98c23ff6044394,13,Lab,Void
train/pd/ed98c23ff6044394_w19.png,ed98c23ff6044394,19,Lab,Void
train/pd/ed98c23ff6044394_w21.png,ed98c23ff6044394,21,Lab,Void
train/pd/ed98c23ff6044394_w23.png,ed98c23ff6044394,23,Lab,Void
train/pd/eda3aa06035707e5_w00.png,eda3aa06035707e5,0,Lab,Particle
train/pd/eda3aa06035707e5_w01.png,eda3aa06035707e5,1,Lab,Particle
train/pd/eda3aa06035707e5_w02.png,eda3aa06035707e5,2,Lab,Particle
train/pd/eda3aa06035707e5_w03.png,eda3aa06035707e5,3,Lab,Particle
train/pd/eda3aa06035707e5_w08.png,eda3aa06035707e5,8,Lab,Particle
train/pd/eda3aa06035707e5_w13.png,eda3aa06035707e5,13,Lab,Particle
train/pd/eda3aa06035707e5_w20.png,eda3aa06035707e5,20,Lab,Particle
train/pd/eda3aa06035707e5_w23.png,eda3aa06035707e5,23,Lab,Particle
train/pd/edb25a2d7b771ca1_w04.png,edb25a2d7b771ca1,4,Lab,Void
train/pd/edb25a2d7b771ca1_w06.png,edb25a2d7b771ca1,6,Lab,Void
train/pd/edb25a2d7b771ca1_w14.png,edb25a2d7b771ca1,14,Lab,Void
train/pd/edb25a2d7b771ca1_w17.png,edb25a2d7b771ca1,17,Lab,Void
train/pd/edb25a2d7b771ca1_w18.png,edb25a2d7b771ca1,18,Lab,Void
train/pd/edb25a2d7b771ca1_w19.png,edb25a2d7b771ca1,19,Lab,Void
train/pd/edb25a2d7b771ca1_w22.png,edb25a2d7b771ca1,22,Lab,Void
train/pd/edb25a2d7b771ca1_w25.png,edb25a2d7b771ca1,25,Lab,Void
train/pd/edb27a4f20eb66e5_w04.png,edb27a4f20eb66e5,4,Field,Void
train/pd/edb27a4f20eb66e5_w06.png,edb27a4f20eb66e5,6,Field,Void
train/pd/edb27a4f20eb66e5_w08.png,edb27a4f20eb66e5,8,Field,Void
train/pd/edb27a4f20eb66e5_w12.png,edb27a4f20eb66e5,12,Field,Void
train/pd/edb27a4f20eb66e5_w17.png,edb27a4f20eb66e5,17,Field,Void
train/pd/edb27a4f20eb66e5_w20.png,edb27a4f20eb66e5,20,Field,Void
train/pd/edb27a4f20eb66e5_w22.png,edb27a4f20eb66e5,22,Field,Void
train/pd/edb27a4f20eb66e5_w25.png,edb27a4f20eb66e5,25,Field,Void
train/pd/edc1ea505670f016_w03.png,edc1ea505670f016,3,Field,Void
train/pd/edc1ea505670f016_w06.png,edc1ea505670f016,6,Field,Void
train/pd/edc1ea505670f016_w08.png,edc1ea505670f016,8,Field,Void
train/pd/edc1ea505670f016_w10.png,edc1ea505670f016,10,Field,Void
train/pd/edc1ea505670f016_w11.png,edc1ea505670f016,11,Field,Void
train/pd/edc1ea505670f016_w19.png,edc1ea505670f016,19,Field,Void
train/pd/edc1ea505670f016_w24.png,edc1ea505670f016,24,Field,Void
train/pd/edc1ea505670f016_w27.png,edc1ea505670f016,27,Field,Void
train/pd/edfb405b4436baad_w01.png,edfb405b4436baad,1,Lab,Void
train/pd/edfb405b4436baad_w03.png,edfb405b4436baad,3,Lab,Void
train/pd/edfb405b4436baad_w06.png,edfb405b4436baad,6,Lab,Void
train/pd/edfb405b4436baad_w07.png,edfb405b4436baad,7,Lab,Void
train/pd/edfb405b4436baad_w09.png,edfb405b4436baad,9,Lab,Void
train/pd/edfb405b4436baad_w17.png,edfb405b4436baad,17,Lab,Void
train/pd/edfb405b4436baad_w18.png,edfb405b4436baad,18,Lab,Void
train/pd/edfb405b4436baad_w24.png,edfb405b4436baad,24,Lab,Void
train/pd/ee30276defdb0889_w06.png,ee30276defdb0889,6,Lab,Particle
train/pd/ee30276defdb0889_w07.png,ee30276defdb0889,7,Lab,Particle
train/pd/ee30276defdb0889_w08.png,ee30276defdb0889,8,Lab,Particle
train/pd/ee30276defdb0889_w09.png,ee30276defdb0889,9,Lab,Particle
train/pd/ee30276defdb0889_w10.png,ee30276defdb0889,10,Lab,Particle
train/pd/ee30276defdb0889_w12.png,ee30276defdb0889,12,Lab,Particle
train/pd/ee30276defdb0889_w18.png,ee30276defdb0889,18,Lab,Particle
train/pd/ee30276defdb0889_w19.png,ee30276defdb0889,19,Lab,Particle
train/pd/ee3bcc1bd65ca546_w00.png,ee3bcc1bd65ca546,0,Field,Void
train/pd/ee3bcc1bd65ca546_w01.png,ee3bcc1bd65ca546,1,Field,Void
train/pd/ee3bcc1bd65ca546_w03.png,ee3bcc1bd65ca546,3,Field,Void
train/pd/ee3bcc1bd65ca546_w04.png,ee3bcc1bd65ca546,4,Field,Void
train/pd/ee3bcc1bd65ca546_w14.png,ee3bcc1bd65ca546,14,Field,Void
train/pd/ee3bcc1bd65ca546_w16.png,ee3bcc1bd65ca546,16,Field,Void
train/pd/ee3bcc1bd65ca546_w20.png,ee3bcc1bd65ca546,20,Field,Void
train/pd/ee3bcc1bd65ca546_w24.png,ee3bcc1bd65ca546,24,Field,Void
train/pd/eec3f108ab616808_w01.png,eec3f108ab616808,1,Lab,Void
train/pd/eec3f108ab616808_w03.png,eec3f108ab616808,3,Lab,Void
train/pd/eec3f108ab616808_w06.png,eec3f108ab616808,6,Lab,Void
train/pd/eec3f108ab616808_w11.png,eec3f108ab616808,11,Lab,Void
train/pd/eec3f108ab616808_w20.png,eec3f108ab616808,20,Lab,Void
train/pd/eec3f108ab616808_w21.png,eec3f108ab616808,21,Lab,Void
train/pd/eec3f108ab616808_w23.png,eec3f108ab616808,23,Lab,Void
train/pd/eec3f108ab616808_w26.png,eec3f108ab616808,26,Lab,Void
train/pd/eed5af662a6691a2_w04.png,eed5af662a6691a2,4,Lab,Corona
train/pd/eed5af662a6691a2_w08.png,eed5af662a6691a2,8,Lab,Corona
train/pd/eed5af662a6691a2_w12.png,eed5af662a6691a2,12,Lab,Corona
train/pd/eed5af662a6691a2_w15.png,eed5af662a6691a2,15,Lab,Corona
train/pd/eed5af662a6691a2_w16.png,eed5af662a6691a2,16,Lab,Corona
train/pd/eed5af662a6691a2_w17.png,eed5af662a6691a2,17,Lab,Corona
train/pd/eed5af662a6691a2_w22.png,eed5af662a6691a2,22,Lab,Corona
train/pd/eed5af662a6691a2_w23.png,eed5af662a6691a2,23,Lab,Corona
train/pd/eedc9912bdb1c5e9_w02.png,eedc9912bdb1c5e9,2,Lab,Void
train/pd/eedc9912bdb1c5e9_w09.png,eedc9912bdb1c5e9,9,Lab,Void
train/pd/eedc9912bdb1c5e9_w10.png,eedc9912bdb1c5e9,10,Lab,Void
train/pd/eedc9912bdb1c5e9_w18.png,eedc9912bdb1c5e9,18,Lab,Void
train/pd/eedc9912bdb1c5e9_w20.png,eedc9912bdb1c5e9,20,Lab,Void
train/pd/eedc9912bdb1c5e9_w22.png,eedc9912bdb1c5e9,22,Lab,Void
train/pd/eedc9912bdb1c5e9_w23.png,eedc9912bdb1c5e9,23,Lab,Void
train/pd/eedc9912bdb1c5e9_w26.png,eedc9912bdb1c5e9,26,Lab,Void
train/pd/eef18533520f1547_w03.png,eef18533520f1547,3,Lab,Particle
train/pd/eef18533520f1547_w07.png,eef18533520f1547,7,Lab,Particle
train/pd/eef18533520f1547_w14.png,eef18533520f1547,14,Lab,Particle
train/pd/eef18533520f1547_w20.png,eef18533520f1547,20,Lab,Particle
train/pd/eef18533520f1547_w21.png,eef18533520f1547,21,Lab,Particle
train/pd/eef18533520f1547_w22.png,eef18533520f1547,22,Lab,Particle
train/pd/eef18533520f1547_w23.png,eef18533520f1547,23,Lab,Particle
train/pd/eef18533520f1547_w27.png,eef18533520f1547,27,Lab,Particle
train/pd/eefe776a2593a8d9_w05.png,eefe776a2593a8d9,5,Lab,Particle
train/pd/eefe776a2593a8d9_w07.png,eefe776a2593a8d9,7,Lab,Particle
train/pd/eefe776a2593a8d9_w09.png,eefe776a2593a8d9,9,Lab,Particle
train/pd/eefe776a2593a8d9_w11.png,eefe776a2593a8d9,11,Lab,Particle
train/pd/eefe776a2593a8d9_w14.png,eefe776a2593a8d9,14,Lab,Particle
train/pd/eefe776a2593a8d9_w18.png,eefe776a2593a8d9,18,Lab,Particle
train/pd/eefe776a2593a8d9_w25.png,eefe776a2593a8d9,25,Lab,Particle
train/pd/eefe776a2593a8d9_w27.png,eefe776a2593a8d9,27,Lab,Particle
train/pd/ef0f94e7ccaa9de0_w00.png,ef0f94e7ccaa9de0,0,Lab,Corona
train/pd/ef0f94e7ccaa9de0_w02.png,ef0f94e7ccaa9de0,2,Lab,Corona
train/pd/ef0f94e7ccaa9de0_w04.png,ef0f94e7ccaa9de0,4,Lab,Corona
train/pd/ef0f94e7ccaa9de0_w09.png,ef0f94e7ccaa9de0,9,Lab,Corona
train/pd/ef0f94e7ccaa9de0_w11.png,ef0f94e7ccaa9de0,11,Lab,Corona
train/pd/ef0f94e7ccaa9de0_w21.png,ef0f94e7ccaa9de0,21,Lab,Corona
train/pd/ef0f94e7ccaa9de0_w22.png,ef0f94e7ccaa9de0,22,Lab,Corona
train/pd/ef0f94e7ccaa9de0_w26.png,ef0f94e7ccaa9de0,26,Lab,Corona
train/pd/ef12635c28281617_w00.png,ef12635c28281617,0,Field,Void
train/pd/ef12635c28281617_w01.png,ef12635c28281617,1,Field,Void
train/pd/ef12635c28281617_w02.png,ef12635c28281617,2,Field,Void
train/pd/ef12635c28281617_w03.png,ef12635c28281617,3,Field,Void
train/pd/ef12635c28281617_w05.png,ef12635c28281617,5,Field,Void
train/pd/ef12635c28281617_w17.png,ef12635c28281617,17,Field,Void
train/pd/ef12635c28281617_w19.png,ef12635c28281617,19,Field,Void
train/pd/ef12635c28281617_w26.png,ef12635c28281617,26,Field,Void
train/pd/ef128d020cc78419_w00.png,ef128d020cc78419,0,Lab,Void
train/pd/ef128d020cc78419_w03.png,ef128d020cc78419,3,Lab,Void
train/pd/ef128d020cc78419_w06.png,ef128d020cc78419,6,Lab,Void
train/pd/ef128d020cc78419_w13.png,ef128d020cc78419,13,Lab,Void
train/pd/ef128d020cc78419_w14.png,ef128d020cc78419,14,Lab,Void
train/pd/ef128d020cc78419_w18.png,ef128d020cc78419,18,Lab,Void
train/pd/ef128d020cc78419_w22.png,ef128d020cc78419,22,Lab,Void
train/pd/ef128d020cc78419_w27.png,ef128d020cc78419,27,Lab,Void
train/pd/ef3859417ed88ff1_w00.png,ef3859417ed88ff1,0,Lab,Void
train/pd/ef3859417ed88ff1_w10.png,ef3859417ed88ff1,10,Lab,Void
train/pd/ef3859417ed88ff1_w11.png,ef3859417ed88ff1,11,Lab,Void
train/pd/ef3859417ed88ff1_w13.png,ef3859417ed88ff1,13,Lab,Void
train/pd/ef3859417ed88ff1_w17.png,ef3859417ed88ff1,17,Lab,Void
train/pd/ef3859417ed88ff1_w18.png,ef3859417ed88ff1,18,Lab,Void
train/pd/ef3859417ed88ff1_w23.png,ef3859417ed88ff1,23,Lab,Void
train/pd/ef3859417ed88ff1_w24.png,ef3859417ed88ff1,24,Lab,Void
train/pd/ef3e62c659264845_w00.png,ef3e62c659264845,0,Lab,Void
train/pd/ef3e62c659264845_w01.png,ef3e62c659264845,1,Lab,Void
train/pd/ef3e62c659264845_w05.png,ef3e62c659264845,5,Lab,Void
train/pd/ef3e62c659264845_w06.png,ef3e62c659264845,6,Lab,Void
train/pd/ef3e62c659264845_w13.png,ef3e62c659264845,13,Lab,Void
train/pd/ef3e62c659264845_w16.png,ef3e62c659264845,16,Lab,Void
train/pd/ef3e62c659264845_w20.png,ef3e62c659264845,20,Lab,Void
train/pd/ef3e62c659264845_w21.png,ef3e62c659264845,21,Lab,Void
train/pd/ef7fb97fb66055a7_w03.png,ef7fb97fb66055a7,3,Lab,Void
train/pd/ef7fb97fb66055a7_w05.png,ef7fb97fb66055a7,5,Lab,Void
train/pd/ef7fb97fb66055a7_w10.png,ef7fb97fb66055a7,10,Lab,Void
train/pd/ef7fb97fb66055a7_w11.png,ef7fb97fb66055a7,11,Lab,Void
train/pd/ef7fb97fb66055a7_w14.png,ef7fb97fb66055a7,14,Lab,Void
train/pd/ef7fb97fb66055a7_w15.png,ef7fb97fb66055a7,15,Lab,Void
train/pd/ef7fb97fb66055a7_w19.png,ef7fb97fb66055a7,19,Lab,Void
train/pd/ef7fb97fb66055a7_w21.png,ef7fb97fb66055a7,21,Lab,Void
train/pd/ef9acb8c1cc4127e_w01.png,ef9acb8c1cc4127e,1,Lab,Floating
train/pd/ef9acb8c1cc4127e_w05.png,ef9acb8c1cc4127e,5,Lab,Floating
train/pd/ef9acb8c1cc4127e_w08.png,ef9acb8c1cc4127e,8,Lab,Floating
train/pd/ef9acb8c1cc4127e_w14.png,ef9acb8c1cc4127e,14,Lab,Floating
train/pd/ef9acb8c1cc4127e_w16.png,ef9acb8c1cc4127e,16,Lab,Floating
train/pd/ef9acb8c1cc4127e_w21.png,ef9acb8c1cc4127e,21,Lab,Floating
train/pd/ef9acb8c1cc4127e_w22.png,ef9acb8c1cc4127e,22,Lab,Floating
train/pd/ef9acb8c1cc4127e_w25.png,ef9acb8c1cc4127e,25,Lab,Floating
train/pd/ef9fd82621306689_w01.png,ef9fd82621306689,1,Lab,Corona
train/pd/ef9fd82621306689_w06.png,ef9fd82621306689,6,Lab,Corona
train/pd/ef9fd82621306689_w07.png,ef9fd82621306689,7,Lab,Corona
train/pd/ef9fd82621306689_w11.png,ef9fd82621306689,11,Lab,Corona
train/pd/ef9fd82621306689_w12.png,ef9fd82621306689,12,Lab,Corona
train/pd/ef9fd82621306689_w15.png,ef9fd82621306689,15,Lab,Corona
train/pd/ef9fd82621306689_w17.png,ef9fd82621306689,17,Lab,Corona
train/pd/ef9fd82621306689_w25.png,ef9fd82621306689,25,Lab,Corona
train/pd/eff135365adb228f_w00.png,eff135365adb228f,0,Lab,Particle
train/pd/eff135365adb228f_w06.png,eff135365adb228f,6,Lab,Particle
train/pd/eff135365adb228f_w10.png,eff135365adb228f,10,Lab,Particle
train/pd/eff135365adb228f_w11.png,eff135365adb228f,11,Lab,Particle
train/pd/eff135365adb228f_w14.png,eff135365adb228f,14,Lab,Particle
train/pd/eff135365adb228f_w16.png,eff135365adb228f,16,Lab,Particle
train/pd/eff135365adb228f_w20.png,eff135365adb228f,20,Lab,Particle
train/pd/eff135365adb228f_w27.png,eff135365adb228f,27,Lab,Particle
train/pd/eff606a918007e97_w01.png,eff606a918007e97,1,Lab,Void
train/pd/eff606a918007e97_w03.png,eff606a918007e97,3,Lab,Void
train/pd/eff606a918007e97_w11.png,eff606a918007e97,11,Lab,Void
train/pd/eff606a918007e97_w15.png,eff606a918007e97,15,Lab,Void
train/pd/eff606a918007e97_w19.png,eff606a918007e97,19,Lab,Void
train/pd/eff606a918007e97_w20.png,eff606a918007e97,20,Lab,Void
train/pd/eff606a918007e97_w21.png,eff606a918007e97,21,Lab,Void
train/pd/eff606a918007e97_w23.png,eff606a918007e97,23,Lab,Void
train/pd/f00222462fb6443b_w01.png,f00222462fb6443b,1,Lab,Particle
train/pd/f00222462fb6443b_w03.png,f00222462fb6443b,3,Lab,Particle
train/pd/f00222462fb6443b_w04.png,f00222462fb6443b,4,Lab,Particle
train/pd/f00222462fb6443b_w05.png,f00222462fb6443b,5,Lab,Particle
train/pd/f00222462fb6443b_w10.png,f00222462fb6443b,10,Lab,Particle
train/pd/f00222462fb6443b_w22.png,f00222462fb6443b,22,Lab,Particle
train/pd/f00222462fb6443b_w24.png,f00222462fb6443b,24,Lab,Particle
train/pd/f00222462fb6443b_w25.png,f00222462fb6443b,25,Lab,Particle
train/pd/f009da89905bc781_w01.png,f009da89905bc781,1,Lab,Floating
train/pd/f009da89905bc781_w03.png,f009da89905bc781,3,Lab,Floating
train/pd/f009da89905bc781_w05.png,f009da89905bc781,5,Lab,Floating
train/pd/f009da89905bc781_w08.png,f009da89905bc781,8,Lab,Floating
train/pd/f009da89905bc781_w11.png,f009da89905bc781,11,Lab,Floating
train/pd/f009da89905bc781_w19.png,f009da89905bc781,19,Lab,Floating
train/pd/f009da89905bc781_w23.png,f009da89905bc781,23,Lab,Floating
train/pd/f009da89905bc781_w27.png,f009da89905bc781,27,Lab,Floating
train/pd/f03f804b8aa17d3a_w04.png,f03f804b8aa17d3a,4,Lab,Void
train/pd/f03f804b8aa17d3a_w07.png,f03f804b8aa17d3a,7,Lab,Void
train/pd/f03f804b8aa17d3a_w09.png,f03f804b8aa17d3a,9,Lab,Void
train/pd/f03f804b8aa17d3a_w10.png,f03f804b8aa17d3a,10,Lab,Void
train/pd/f03f804b8aa17d3a_w12.png,f03f804b8aa17d3a,12,Lab,Void
train/pd/f03f804b8aa17d3a_w20.png,f03f804b8aa17d3a,20,Lab,Void
train/pd/f03f804b8aa17d3a_w24.png,f03f804b8aa17d3a,24,Lab,Void
train/pd/f03f804b8aa17d3a_w25.png,f03f804b8aa17d3a,25,Lab,Void
train/pd/f060c705461fd302_w04.png,f060c705461fd302,4,Field,Void
train/pd/f060c705461fd302_w08.png,f060c705461fd302,8,Field,Void
train/pd/f060c705461fd302_w13.png,f060c705461fd302,13,Field,Void
train/pd/f060c705461fd302_w16.png,f060c705461fd302,16,Field,Void
train/pd/f060c705461fd302_w20.png,f060c705461fd302,20,Field,Void
train/pd/f060c705461fd302_w21.png,f060c705461fd302,21,Field,Void
train/pd/f060c705461fd302_w25.png,f060c705461fd302,25,Field,Void
train/pd/f060c705461fd302_w27.png,f060c705461fd302,27,Field,Void
train/pd/f082e615c50c1772_w01.png,f082e615c50c1772,1,Lab,Void
train/pd/f082e615c50c1772_w06.png,f082e615c50c1772,6,Lab,Void
train/pd/f082e615c50c1772_w09.png,f082e615c50c1772,9,Lab,Void
train/pd/f082e615c50c1772_w10.png,f082e615c50c1772,10,Lab,Void
train/pd/f082e615c50c1772_w14.png,f082e615c50c1772,14,Lab,Void
train/pd/f082e615c50c1772_w22.png,f082e615c50c1772,22,Lab,Void
train/pd/f082e615c50c1772_w26.png,f082e615c50c1772,26,Lab,Void
train/pd/f082e615c50c1772_w27.png,f082e615c50c1772,27,Lab,Void
train/pd/f0869fef87844aa9_w03.png,f0869fef87844aa9,3,Lab,Corona
train/pd/f0869fef87844aa9_w08.png,f0869fef87844aa9,8,Lab,Corona
train/pd/f0869fef87844aa9_w14.png,f0869fef87844aa9,14,Lab,Corona
train/pd/f0869fef87844aa9_w15.png,f0869fef87844aa9,15,Lab,Corona
train/pd/f0869fef87844aa9_w16.png,f0869fef87844aa9,16,Lab,Corona
train/pd/f0869fef87844aa9_w18.png,f0869fef87844aa9,18,Lab,Corona
train/pd/f0869fef87844aa9_w22.png,f0869fef87844aa9,22,Lab,Corona
train/pd/f0869fef87844aa9_w23.png,f0869fef87844aa9,23,Lab,Corona
train/pd/f0bfc7dcefdfd602_w00.png,f0bfc7dcefdfd602,0,Field,Floating
train/pd/f0bfc7dcefdfd602_w02.png,f0bfc7dcefdfd602,2,Field,Floating
train/pd/f0bfc7dcefdfd602_w08.png,f0bfc7dcefdfd602,8,Field,Floating
train/pd/f0bfc7dcefdfd602_w14.png,f0bfc7dcefdfd602,14,Field,Floating
train/pd/f0bfc7dcefdfd602_w16.png,f0bfc7dcefdfd602,16,Field,Floating
train/pd/f0bfc7dcefdfd602_w19.png,f0bfc7dcefdfd602,19,Field,Floating
train/pd/f0bfc7dcefdfd602_w24.png,f0bfc7dcefdfd602,24,Field,Floating
train/pd/f0bfc7dcefdfd602_w27.png,f0bfc7dcefdfd602,27,Field,Floating
train/pd/f1110870d76c975b_w09.png,f1110870d76c975b,9,Lab,Corona
train/pd/f1110870d76c975b_w12.png,f1110870d76c975b,12,Lab,Corona
train/pd/f1110870d76c975b_w16.png,f1110870d76c975b,16,Lab,Corona
train/pd/f1110870d76c975b_w17.png,f1110870d76c975b,17,Lab,Corona
train/pd/f1110870d76c975b_w18.png,f1110870d76c975b,18,Lab,Corona
train/pd/f1110870d76c975b_w20.png,f1110870d76c975b,20,Lab,Corona
train/pd/f1110870d76c975b_w25.png,f1110870d76c975b,25,Lab,Corona
train/pd/f1110870d76c975b_w26.png,f1110870d76c975b,26,Lab,Corona
train/pd/f121d4519e355ec7_w03.png,f121d4519e355ec7,3,Lab,Corona
train/pd/f121d4519e355ec7_w06.png,f121d4519e355ec7,6,Lab,Corona
train/pd/f121d4519e355ec7_w10.png,f121d4519e355ec7,10,Lab,Corona
train/pd/f121d4519e355ec7_w14.png,f121d4519e355ec7,14,Lab,Corona
train/pd/f121d4519e355ec7_w16.png,f121d4519e355ec7,16,Lab,Corona
train/pd/f121d4519e355ec7_w17.png,f121d4519e355ec7,17,Lab,Corona
train/pd/f121d4519e355ec7_w19.png,f121d4519e355ec7,19,Lab,Corona
train/pd/f121d4519e355ec7_w21.png,f121d4519e355ec7,21,Lab,Corona
train/pd/f177b8ba659011f2_w00.png,f177b8ba659011f2,0,Lab,Floating
train/pd/f177b8ba659011f2_w01.png,f177b8ba659011f2,1,Lab,Floating
train/pd/f177b8ba659011f2_w05.png,f177b8ba659011f2,5,Lab,Floating
train/pd/f177b8ba659011f2_w07.png,f177b8ba659011f2,7,Lab,Floating
train/pd/f177b8ba659011f2_w15.png,f177b8ba659011f2,15,Lab,Floating
train/pd/f177b8ba659011f2_w23.png,f177b8ba659011f2,23,Lab,Floating
train/pd/f177b8ba659011f2_w25.png,f177b8ba659011f2,25,Lab,Floating
train/pd/f177b8ba659011f2_w26.png,f177b8ba659011f2,26,Lab,Floating
train/pd/f1825c905f4b4d20_w04.png,f1825c905f4b4d20,4,Lab,Corona
train/pd/f1825c905f4b4d20_w05.png,f1825c905f4b4d20,5,Lab,Corona
train/pd/f1825c905f4b4d20_w11.png,f1825c905f4b4d20,11,Lab,Corona
train/pd/f1825c905f4b4d20_w13.png,f1825c905f4b4d20,13,Lab,Corona
train/pd/f1825c905f4b4d20_w14.png,f1825c905f4b4d20,14,Lab,Corona
train/pd/f1825c905f4b4d20_w15.png,f1825c905f4b4d20,15,Lab,Corona
train/pd/f1825c905f4b4d20_w16.png,f1825c905f4b4d20,16,Lab,Corona
train/pd/f1825c905f4b4d20_w21.png,f1825c905f4b4d20,21,Lab,Corona
train/pd/f1843865b89881fc_w01.png,f1843865b89881fc,1,Lab,Floating
train/pd/f1843865b89881fc_w02.png,f1843865b89881fc,2,Lab,Floating
train/pd/f1843865b89881fc_w03.png,f1843865b89881fc,3,Lab,Floating
train/pd/f1843865b89881fc_w09.png,f1843865b89881fc,9,Lab,Floating
train/pd/f1843865b89881fc_w15.png,f1843865b89881fc,15,Lab,Floating
train/pd/f1843865b89881fc_w18.png,f1843865b89881fc,18,Lab,Floating
train/pd/f1843865b89881fc_w23.png,f1843865b89881fc,23,Lab,Floating
train/pd/f1843865b89881fc_w25.png,f1843865b89881fc,25,Lab,Floating
train/pd/f193f36750e00bee_w00.png,f193f36750e00bee,0,Lab,Floating
train/pd/f193f36750e00bee_w06.png,f193f36750e00bee,6,Lab,Floating
train/pd/f193f36750e00bee_w07.png,f193f36750e00bee,7,Lab,Floating
train/pd/f193f36750e00bee_w11.png,f193f36750e00bee,11,Lab,Floating
train/pd/f193f36750e00bee_w12.png,f193f36750e00bee,12,Lab,Floating
train/pd/f193f36750e00bee_w13.png,f193f36750e00bee,13,Lab,Floating
train/pd/f193f36750e00bee_w18.png,f193f36750e00bee,18,Lab,Floating
train/pd/f193f36750e00bee_w25.png,f193f36750e00bee,25,Lab,Floating
train/pd/f1dd8237ace0fa0b_w03.png,f1dd8237ace0fa0b,3,Lab,Void
train/pd/f1dd8237ace0fa0b_w05.png,f1dd8237ace0fa0b,5,Lab,Void
train/pd/f1dd8237ace0fa0b_w09.png,f1dd8237ace0fa0b,9,Lab,Void
train/pd/f1dd8237ace0fa0b_w12.png,f1dd8237ace0fa0b,12,Lab,Void
train/pd/f1dd8237ace0fa0b_w13.png,f1dd8237ace0fa0b,13,Lab,Void
train/pd/f1dd8237ace0fa0b_w17.png,f1dd8237ace0fa0b,17,Lab,Void
train/pd/f1dd8237ace0fa0b_w21.png,f1dd8237ace0fa0b,21,Lab,Void
train/pd/f1dd8237ace0fa0b_w26.png,f1dd8237ace0fa0b,26,Lab,Void
train/pd/f1e83b169cf32e85_w03.png,f1e83b169cf32e85,3,Lab,Void
train/pd/f1e83b169cf32e85_w04.png,f1e83b169cf32e85,4,Lab,Void
train/pd/f1e83b169cf32e85_w08.png,f1e83b169cf32e85,8,Lab,Void
train/pd/f1e83b169cf32e85_w09.png,f1e83b169cf32e85,9,Lab,Void
train/pd/f1e83b169cf32e85_w13.png,f1e83b169cf32e85,13,Lab,Void
train/pd/f1e83b169cf32e85_w15.png,f1e83b169cf32e85,15,Lab,Void
train/pd/f1e83b169cf32e85_w19.png,f1e83b169cf32e85,19,Lab,Void
train/pd/f1e83b169cf32e85_w23.png,f1e83b169cf32e85,23,Lab,Void
train/pd/f2021947c2d93831_w02.png,f2021947c2d93831,2,Field,Particle
train/pd/f2021947c2d93831_w04.png,f2021947c2d93831,4,Field,Particle
train/pd/f2021947c2d93831_w10.png,f2021947c2d93831,10,Field,Particle
train/pd/f2021947c2d93831_w16.png,f2021947c2d93831,16,Field,Particle
train/pd/f2021947c2d93831_w17.png,f2021947c2d93831,17,Field,Particle
train/pd/f2021947c2d93831_w23.png,f2021947c2d93831,23,Field,Particle
train/pd/f2021947c2d93831_w25.png,f2021947c2d93831,25,Field,Particle
train/pd/f2021947c2d93831_w27.png,f2021947c2d93831,27,Field,Particle
train/pd/f215f33cb92f43b7_w06.png,f215f33cb92f43b7,6,Lab,Void
train/pd/f215f33cb92f43b7_w09.png,f215f33cb92f43b7,9,Lab,Void
train/pd/f215f33cb92f43b7_w11.png,f215f33cb92f43b7,11,Lab,Void
train/pd/f215f33cb92f43b7_w13.png,f215f33cb92f43b7,13,Lab,Void
train/pd/f215f33cb92f43b7_w14.png,f215f33cb92f43b7,14,Lab,Void
train/pd/f215f33cb92f43b7_w16.png,f215f33cb92f43b7,16,Lab,Void
train/pd/f215f33cb92f43b7_w19.png,f215f33cb92f43b7,19,Lab,Void
train/pd/f215f33cb92f43b7_w24.png,f215f33cb92f43b7,24,Lab,Void
train/pd/f276e995ecc3237b_w06.png,f276e995ecc3237b,6,Field,Floating
train/pd/f276e995ecc3237b_w07.png,f276e995ecc3237b,7,Field,Floating
train/pd/f276e995ecc3237b_w08.png,f276e995ecc3237b,8,Field,Floating
train/pd/f276e995ecc3237b_w10.png,f276e995ecc3237b,10,Field,Floating
train/pd/f276e995ecc3237b_w19.png,f276e995ecc3237b,19,Field,Floating
train/pd/f276e995ecc3237b_w20.png,f276e995ecc3237b,20,Field,Floating
train/pd/f276e995ecc3237b_w21.png,f276e995ecc3237b,21,Field,Floating
train/pd/f276e995ecc3237b_w26.png,f276e995ecc3237b,26,Field,Floating
train/pd/f2ae59924dcdad16_w03.png,f2ae59924dcdad16,3,Lab,Void
train/pd/f2ae59924dcdad16_w06.png,f2ae59924dcdad16,6,Lab,Void
train/pd/f2ae59924dcdad16_w07.png,f2ae59924dcdad16,7,Lab,Void
train/pd/f2ae59924dcdad16_w10.png,f2ae59924dcdad16,10,Lab,Void
train/pd/f2ae59924dcdad16_w13.png,f2ae59924dcdad16,13,Lab,Void
train/pd/f2ae59924dcdad16_w14.png,f2ae59924dcdad16,14,Lab,Void
train/pd/f2ae59924dcdad16_w16.png,f2ae59924dcdad16,16,Lab,Void
train/pd/f2ae59924dcdad16_w18.png,f2ae59924dcdad16,18,Lab,Void
train/pd/f2b0d5b091713f59_w03.png,f2b0d5b091713f59,3,Lab,Corona
train/pd/f2b0d5b091713f59_w04.png,f2b0d5b091713f59,4,Lab,Corona
train/pd/f2b0d5b091713f59_w05.png,f2b0d5b091713f59,5,Lab,Corona
train/pd/f2b0d5b091713f59_w16.png,f2b0d5b091713f59,16,Lab,Corona
train/pd/f2b0d5b091713f59_w18.png,f2b0d5b091713f59,18,Lab,Corona
train/pd/f2b0d5b091713f59_w20.png,f2b0d5b091713f59,20,Lab,Corona
train/pd/f2b0d5b091713f59_w22.png,f2b0d5b091713f59,22,Lab,Corona
train/pd/f2b0d5b091713f59_w23.png,f2b0d5b091713f59,23,Lab,Corona
train/pd/f2d948bb20de9985_w00.png,f2d948bb20de9985,0,Field,Floating
train/pd/f2d948bb20de9985_w02.png,f2d948bb20de9985,2,Field,Floating
train/pd/f2d948bb20de9985_w05.png,f2d948bb20de9985,5,Field,Floating
train/pd/f2d948bb20de9985_w07.png,f2d948bb20de9985,7,Field,Floating
train/pd/f2d948bb20de9985_w08.png,f2d948bb20de9985,8,Field,Floating
train/pd/f2d948bb20de9985_w10.png,f2d948bb20de9985,10,Field,Floating
train/pd/f2d948bb20de9985_w20.png,f2d948bb20de9985,20,Field,Floating
train/pd/f2d948bb20de9985_w24.png,f2d948bb20de9985,24,Field,Floating
train/pd/f2de7f547cd01a24_w04.png,f2de7f547cd01a24,4,Lab,Corona
train/pd/f2de7f547cd01a24_w05.png,f2de7f547cd01a24,5,Lab,Corona
train/pd/f2de7f547cd01a24_w11.png,f2de7f547cd01a24,11,Lab,Corona
train/pd/f2de7f547cd01a24_w16.png,f2de7f547cd01a24,16,Lab,Corona
train/pd/f2de7f547cd01a24_w17.png,f2de7f547cd01a24,17,Lab,Corona
train/pd/f2de7f547cd01a24_w20.png,f2de7f547cd01a24,20,Lab,Corona
train/pd/f2de7f547cd01a24_w25.png,f2de7f547cd01a24,25,Lab,Corona
train/pd/f2de7f547cd01a24_w26.png,f2de7f547cd01a24,26,Lab,Corona
train/pd/f30dde8fc077b441_w03.png,f30dde8fc077b441,3,Lab,Particle
train/pd/f30dde8fc077b441_w04.png,f30dde8fc077b441,4,Lab,Particle
train/pd/f30dde8fc077b441_w10.png,f30dde8fc077b441,10,Lab,Particle
train/pd/f30dde8fc077b441_w13.png,f30dde8fc077b441,13,Lab,Particle
train/pd/f30dde8fc077b441_w21.png,f30dde8fc077b441,21,Lab,Particle
train/pd/f30dde8fc077b441_w22.png,f30dde8fc077b441,22,Lab,Particle
train/pd/f30dde8fc077b441_w26.png,f30dde8fc077b441,26,Lab,Particle
train/pd/f30dde8fc077b441_w27.png,f30dde8fc077b441,27,Lab,Particle
train/pd/f32bba06979e92e0_w01.png,f32bba06979e92e0,1,Lab,Corona
train/pd/f32bba06979e92e0_w03.png,f32bba06979e92e0,3,Lab,Corona
train/pd/f32bba06979e92e0_w07.png,f32bba06979e92e0,7,Lab,Corona
train/pd/f32bba06979e92e0_w13.png,f32bba06979e92e0,13,Lab,Corona
train/pd/f32bba06979e92e0_w15.png,f32bba06979e92e0,15,Lab,Corona
train/pd/f32bba06979e92e0_w20.png,f32bba06979e92e0,20,Lab,Corona
train/pd/f32bba06979e92e0_w21.png,f32bba06979e92e0,21,Lab,Corona
train/pd/f32bba06979e92e0_w26.png,f32bba06979e92e0,26,Lab,Corona
train/pd/f3f255fab8e0ffe5_w05.png,f3f255fab8e0ffe5,5,Lab,Corona
train/pd/f3f255fab8e0ffe5_w06.png,f3f255fab8e0ffe5,6,Lab,Corona
train/pd/f3f255fab8e0ffe5_w14.png,f3f255fab8e0ffe5,14,Lab,Corona
train/pd/f3f255fab8e0ffe5_w15.png,f3f255fab8e0ffe5,15,Lab,Corona
train/pd/f3f255fab8e0ffe5_w18.png,f3f255fab8e0ffe5,18,Lab,Corona
train/pd/f3f255fab8e0ffe5_w20.png,f3f255fab8e0ffe5,20,Lab,Corona
train/pd/f3f255fab8e0ffe5_w21.png,f3f255fab8e0ffe5,21,Lab,Corona
train/pd/f3f255fab8e0ffe5_w25.png,f3f255fab8e0ffe5,25,Lab,Corona
train/pd/f3fe42d986d86dd5_w07.png,f3fe42d986d86dd5,7,Lab,Floating
train/pd/f3fe42d986d86dd5_w09.png,f3fe42d986d86dd5,9,Lab,Floating
train/pd/f3fe42d986d86dd5_w11.png,f3fe42d986d86dd5,11,Lab,Floating
train/pd/f3fe42d986d86dd5_w16.png,f3fe42d986d86dd5,16,Lab,Floating
train/pd/f3fe42d986d86dd5_w18.png,f3fe42d986d86dd5,18,Lab,Floating
train/pd/f3fe42d986d86dd5_w21.png,f3fe42d986d86dd5,21,Lab,Floating
train/pd/f3fe42d986d86dd5_w24.png,f3fe42d986d86dd5,24,Lab,Floating
train/pd/f3fe42d986d86dd5_w25.png,f3fe42d986d86dd5,25,Lab,Floating
train/pd/f3ff9a339b088c99_w09.png,f3ff9a339b088c99,9,Field,Void
train/pd/f3ff9a339b088c99_w10.png,f3ff9a339b088c99,10,Field,Void
train/pd/f3ff9a339b088c99_w15.png,f3ff9a339b088c99,15,Field,Void
train/pd/f3ff9a339b088c99_w19.png,f3ff9a339b088c99,19,Field,Void
train/pd/f3ff9a339b088c99_w21.png,f3ff9a339b088c99,21,Field,Void
train/pd/f3ff9a339b088c99_w23.png,f3ff9a339b088c99,23,Field,Void
train/pd/f3ff9a339b088c99_w26.png,f3ff9a339b088c99,26,Field,Void
train/pd/f3ff9a339b088c99_w27.png,f3ff9a339b088c99,27,Field,Void
train/pd/f40f0cb3cd9f344b_w04.png,f40f0cb3cd9f344b,4,Lab,Void
train/pd/f40f0cb3cd9f344b_w05.png,f40f0cb3cd9f344b,5,Lab,Void
train/pd/f40f0cb3cd9f344b_w07.png,f40f0cb3cd9f344b,7,Lab,Void
train/pd/f40f0cb3cd9f344b_w16.png,f40f0cb3cd9f344b,16,Lab,Void
train/pd/f40f0cb3cd9f344b_w18.png,f40f0cb3cd9f344b,18,Lab,Void
train/pd/f40f0cb3cd9f344b_w21.png,f40f0cb3cd9f344b,21,Lab,Void
train/pd/f40f0cb3cd9f344b_w23.png,f40f0cb3cd9f344b,23,Lab,Void
train/pd/f40f0cb3cd9f344b_w25.png,f40f0cb3cd9f344b,25,Lab,Void
train/pd/f410a9dbdb2ebd6c_w00.png,f410a9dbdb2ebd6c,0,Lab,Void
train/pd/f410a9dbdb2ebd6c_w03.png,f410a9dbdb2ebd6c,3,Lab,Void
train/pd/f410a9dbdb2ebd6c_w04.png,f410a9dbdb2ebd6c,4,Lab,Void
train/pd/f410a9dbdb2ebd6c_w07.png,f410a9dbdb2ebd6c,7,Lab,Void
train/pd/f410a9dbdb2ebd6c_w11.png,f410a9dbdb2ebd6c,11,Lab,Void
train/pd/f410a9dbdb2ebd6c_w22.png,f410a9dbdb2ebd6c,22,Lab,Void
train/pd/f410a9dbdb2ebd6c_w23.png,f410a9dbdb2ebd6c,23,Lab,Void
train/pd/f410a9dbdb2ebd6c_w25.png,f410a9dbdb2ebd6c,25,Lab,Void
train/pd/f42f7738a62b9aa7_w01.png,f42f7738a62b9aa7,1,Lab,Particle
train/pd/f42f7738a62b9aa7_w05.png,f42f7738a62b9aa7,5,Lab,Particle
train/pd/f42f7738a62b9aa7_w06.png,f42f7738a62b9aa7,6,Lab,Particle
train/pd/f42f7738a62b9aa7_w07.png,f42f7738a62b9aa7,7,Lab,Particle
train/pd/f42f7738a62b9aa7_w12.png,f42f7738a62b9aa7,12,Lab,Particle
train/pd/f42f7738a62b9aa7_w18.png,f42f7738a62b9aa7,18,Lab,Particle
train/pd/f42f7738a62b9aa7_w20.png,f42f7738a62b9aa7,20,Lab,Particle
train/pd/f42f7738a62b9aa7_w24.png,f42f7738a62b9aa7,24,Lab,Particle
train/pd/f443c9f9ec1aea91_w00.png,f443c9f9ec1aea91,0,Lab,Corona
train/pd/f443c9f9ec1aea91_w05.png,f443c9f9ec1aea91,5,Lab,Corona
train/pd/f443c9f9ec1aea91_w06.png,f443c9f9ec1aea91,6,Lab,Corona
train/pd/f443c9f9ec1aea91_w11.png,f443c9f9ec1aea91,11,Lab,Corona
train/pd/f443c9f9ec1aea91_w14.png,f443c9f9ec1aea91,14,Lab,Corona
train/pd/f443c9f9ec1aea91_w19.png,f443c9f9ec1aea91,19,Lab,Corona
train/pd/f443c9f9ec1aea91_w23.png,f443c9f9ec1aea91,23,Lab,Corona
train/pd/f443c9f9ec1aea91_w25.png,f443c9f9ec1aea91,25,Lab,Corona
train/pd/f47993c330986c27_w05.png,f47993c330986c27,5,Lab,Void
train/pd/f47993c330986c27_w06.png,f47993c330986c27,6,Lab,Void
train/pd/f47993c330986c27_w07.png,f47993c330986c27,7,Lab,Void
train/pd/f47993c330986c27_w11.png,f47993c330986c27,11,Lab,Void
train/pd/f47993c330986c27_w12.png,f47993c330986c27,12,Lab,Void
train/pd/f47993c330986c27_w13.png,f47993c330986c27,13,Lab,Void
train/pd/f47993c330986c27_w14.png,f47993c330986c27,14,Lab,Void
train/pd/f47993c330986c27_w16.png,f47993c330986c27,16,Lab,Void
train/pd/f480f3f5bb808f66_w00.png,f480f3f5bb808f66,0,Field,Void
train/pd/f480f3f5bb808f66_w01.png,f480f3f5bb808f66,1,Field,Void
train/pd/f480f3f5bb808f66_w05.png,f480f3f5bb808f66,5,Field,Void
train/pd/f480f3f5bb808f66_w14.png,f480f3f5bb808f66,14,Field,Void
train/pd/f480f3f5bb808f66_w17.png,f480f3f5bb808f66,17,Field,Void
train/pd/f480f3f5bb808f66_w18.png,f480f3f5bb808f66,18,Field,Void
train/pd/f480f3f5bb808f66_w24.png,f480f3f5bb808f66,24,Field,Void
train/pd/f480f3f5bb808f66_w26.png,f480f3f5bb808f66,26,Field,Void
train/pd/f4b6c3596146c635_w00.png,f4b6c3596146c635,0,Lab,Void
train/pd/f4b6c3596146c635_w02.png,f4b6c3596146c635,2,Lab,Void
train/pd/f4b6c3596146c635_w03.png,f4b6c3596146c635,3,Lab,Void
train/pd/f4b6c3596146c635_w04.png,f4b6c3596146c635,4,Lab,Void
train/pd/f4b6c3596146c635_w08.png,f4b6c3596146c635,8,Lab,Void
train/pd/f4b6c3596146c635_w11.png,f4b6c3596146c635,11,Lab,Void
train/pd/f4b6c3596146c635_w12.png,f4b6c3596146c635,12,Lab,Void
train/pd/f4b6c3596146c635_w20.png,f4b6c3596146c635,20,Lab,Void
train/pd/f4bcb71981743f5f_w03.png,f4bcb71981743f5f,3,Lab,Void
train/pd/f4bcb71981743f5f_w04.png,f4bcb71981743f5f,4,Lab,Void
train/pd/f4bcb71981743f5f_w06.png,f4bcb71981743f5f,6,Lab,Void
train/pd/f4bcb71981743f5f_w12.png,f4bcb71981743f5f,12,Lab,Void
train/pd/f4bcb71981743f5f_w13.png,f4bcb71981743f5f,13,Lab,Void
train/pd/f4bcb71981743f5f_w14.png,f4bcb71981743f5f,14,Lab,Void
train/pd/f4bcb71981743f5f_w16.png,f4bcb71981743f5f,16,Lab,Void
train/pd/f4bcb71981743f5f_w18.png,f4bcb71981743f5f,18,Lab,Void
train/pd/f4e73fdf49f31454_w00.png,f4e73fdf49f31454,0,Lab,Particle
train/pd/f4e73fdf49f31454_w03.png,f4e73fdf49f31454,3,Lab,Particle
train/pd/f4e73fdf49f31454_w06.png,f4e73fdf49f31454,6,Lab,Particle
train/pd/f4e73fdf49f31454_w13.png,f4e73fdf49f31454,13,Lab,Particle
train/pd/f4e73fdf49f31454_w15.png,f4e73fdf49f31454,15,Lab,Particle
train/pd/f4e73fdf49f31454_w16.png,f4e73fdf49f31454,16,Lab,Particle
train/pd/f4e73fdf49f31454_w20.png,f4e73fdf49f31454,20,Lab,Particle
train/pd/f4e73fdf49f31454_w21.png,f4e73fdf49f31454,21,Lab,Particle
train/pd/f500397323683b44_w00.png,f500397323683b44,0,Lab,Void
train/pd/f500397323683b44_w06.png,f500397323683b44,6,Lab,Void
train/pd/f500397323683b44_w11.png,f500397323683b44,11,Lab,Void
train/pd/f500397323683b44_w12.png,f500397323683b44,12,Lab,Void
train/pd/f500397323683b44_w19.png,f500397323683b44,19,Lab,Void
train/pd/f500397323683b44_w20.png,f500397323683b44,20,Lab,Void
train/pd/f500397323683b44_w21.png,f500397323683b44,21,Lab,Void
train/pd/f500397323683b44_w24.png,f500397323683b44,24,Lab,Void
train/pd/f5063a3f07539f72_w00.png,f5063a3f07539f72,0,Lab,Floating
train/pd/f5063a3f07539f72_w02.png,f5063a3f07539f72,2,Lab,Floating
train/pd/f5063a3f07539f72_w11.png,f5063a3f07539f72,11,Lab,Floating
train/pd/f5063a3f07539f72_w13.png,f5063a3f07539f72,13,Lab,Floating
train/pd/f5063a3f07539f72_w20.png,f5063a3f07539f72,20,Lab,Floating
train/pd/f5063a3f07539f72_w21.png,f5063a3f07539f72,21,Lab,Floating
train/pd/f5063a3f07539f72_w23.png,f5063a3f07539f72,23,Lab,Floating
train/pd/f5063a3f07539f72_w26.png,f5063a3f07539f72,26,Lab,Floating
train/pd/f51b7ed4059e5d04_w03.png,f51b7ed4059e5d04,3,Lab,Void
train/pd/f51b7ed4059e5d04_w06.png,f51b7ed4059e5d04,6,Lab,Void
train/pd/f51b7ed4059e5d04_w08.png,f51b7ed4059e5d04,8,Lab,Void
train/pd/f51b7ed4059e5d04_w09.png,f51b7ed4059e5d04,9,Lab,Void
train/pd/f51b7ed4059e5d04_w10.png,f51b7ed4059e5d04,10,Lab,Void
train/pd/f51b7ed4059e5d04_w17.png,f51b7ed4059e5d04,17,Lab,Void
train/pd/f51b7ed4059e5d04_w21.png,f51b7ed4059e5d04,21,Lab,Void
train/pd/f51b7ed4059e5d04_w27.png,f51b7ed4059e5d04,27,Lab,Void
train/pd/f541270001b87173_w00.png,f541270001b87173,0,Lab,Void
train/pd/f541270001b87173_w01.png,f541270001b87173,1,Lab,Void
train/pd/f541270001b87173_w06.png,f541270001b87173,6,Lab,Void
train/pd/f541270001b87173_w16.png,f541270001b87173,16,Lab,Void
train/pd/f541270001b87173_w17.png,f541270001b87173,17,Lab,Void
train/pd/f541270001b87173_w18.png,f541270001b87173,18,Lab,Void
train/pd/f541270001b87173_w20.png,f541270001b87173,20,Lab,Void
train/pd/f541270001b87173_w23.png,f541270001b87173,23,Lab,Void
train/pd/f5522de63af99e07_w00.png,f5522de63af99e07,0,Lab,Floating
train/pd/f5522de63af99e07_w07.png,f5522de63af99e07,7,Lab,Floating
train/pd/f5522de63af99e07_w09.png,f5522de63af99e07,9,Lab,Floating
train/pd/f5522de63af99e07_w13.png,f5522de63af99e07,13,Lab,Floating
train/pd/f5522de63af99e07_w16.png,f5522de63af99e07,16,Lab,Floating
train/pd/f5522de63af99e07_w19.png,f5522de63af99e07,19,Lab,Floating
train/pd/f5522de63af99e07_w22.png,f5522de63af99e07,22,Lab,Floating
train/pd/f5522de63af99e07_w27.png,f5522de63af99e07,27,Lab,Floating
train/pd/f554110171e91f67_w07.png,f554110171e91f67,7,Lab,Floating
train/pd/f554110171e91f67_w08.png,f554110171e91f67,8,Lab,Floating
train/pd/f554110171e91f67_w14.png,f554110171e91f67,14,Lab,Floating
train/pd/f554110171e91f67_w16.png,f554110171e91f67,16,Lab,Floating
train/pd/f554110171e91f67_w17.png,f554110171e91f67,17,Lab,Floating
train/pd/f554110171e91f67_w19.png,f554110171e91f67,19,Lab,Floating
train/pd/f554110171e91f67_w21.png,f554110171e91f67,21,Lab,Floating
train/pd/f554110171e91f67_w25.png,f554110171e91f67,25,Lab,Floating
train/pd/f57312d85df7df34_w00.png,f57312d85df7df34,0,Field,Floating
train/pd/f57312d85df7df34_w01.png,f57312d85df7df34,1,Field,Floating
train/pd/f57312d85df7df34_w03.png,f57312d85df7df34,3,Field,Floating
train/pd/f57312d85df7df34_w06.png,f57312d85df7df34,6,Field,Floating
train/pd/f57312d85df7df34_w08.png,f57312d85df7df34,8,Field,Floating
train/pd/f57312d85df7df34_w11.png,f57312d85df7df34,11,Field,Floating
train/pd/f57312d85df7df34_w21.png,f57312d85df7df34,21,Field,Floating
train/pd/f57312d85df7df34_w25.png,f57312d85df7df34,25,Field,Floating
train/pd/f58650a67efbef36_w02.png,f58650a67efbef36,2,Lab,Particle
train/pd/f58650a67efbef36_w04.png,f58650a67efbef36,4,Lab,Particle
train/pd/f58650a67efbef36_w06.png,f58650a67efbef36,6,Lab,Particle
train/pd/f58650a67efbef36_w09.png,f58650a67efbef36,9,Lab,Particle
train/pd/f58650a67efbef36_w10.png,f58650a67efbef36,10,Lab,Particle
train/pd/f58650a67efbef36_w19.png,f58650a67efbef36,19,Lab,Particle
train/pd/f58650a67efbef36_w21.png,f58650a67efbef36,21,Lab,Particle
train/pd/f58650a67efbef36_w24.png,f58650a67efbef36,24,Lab,Particle
train/pd/f58cbdba069e1414_w00.png,f58cbdba069e1414,0,Lab,Void
train/pd/f58cbdba069e1414_w01.png,f58cbdba069e1414,1,Lab,Void
train/pd/f58cbdba069e1414_w03.png,f58cbdba069e1414,3,Lab,Void
train/pd/f58cbdba069e1414_w07.png,f58cbdba069e1414,7,Lab,Void
train/pd/f58cbdba069e1414_w12.png,f58cbdba069e1414,12,Lab,Void
train/pd/f58cbdba069e1414_w17.png,f58cbdba069e1414,17,Lab,Void
train/pd/f58cbdba069e1414_w24.png,f58cbdba069e1414,24,Lab,Void
train/pd/f58cbdba069e1414_w27.png,f58cbdba069e1414,27,Lab,Void
train/pd/f5a376394ea47801_w00.png,f5a376394ea47801,0,Field,Void
train/pd/f5a376394ea47801_w02.png,f5a376394ea47801,2,Field,Void
train/pd/f5a376394ea47801_w03.png,f5a376394ea47801,3,Field,Void
train/pd/f5a376394ea47801_w04.png,f5a376394ea47801,4,Field,Void
train/pd/f5a376394ea47801_w10.png,f5a376394ea47801,10,Field,Void
train/pd/f5a376394ea47801_w11.png,f5a376394ea47801,11,Field,Void
train/pd/f5a376394ea47801_w15.png,f5a376394ea47801,15,Field,Void
train/pd/f5a376394ea47801_w17.png,f5a376394ea47801,17,Field,Void
train/pd/f5f56b85723c2d3b_w00.png,f5f56b85723c2d3b,0,Lab,Corona
train/pd/f5f56b85723c2d3b_w06.png,f5f56b85723c2d3b,6,Lab,Corona
train/pd/f5f56b85723c2d3b_w08.png,f5f56b85723c2d3b,8,Lab,Corona
train/pd/f5f56b85723c2d3b_w10.png,f5f56b85723c2d3b,10,Lab,Corona
train/pd/f5f56b85723c2d3b_w13.png,f5f56b85723c2d3b,13,Lab,Corona
train/pd/f5f56b85723c2d3b_w14.png,f5f56b85723c2d3b,14,Lab,Corona
train/pd/f5f56b85723c2d3b_w23.png,f5f56b85723c2d3b,23,Lab,Corona
train/pd/f5f56b85723c2d3b_w25.png,f5f56b85723c2d3b,25,Lab,Corona
train/pd/f60435a082303cf8_w07.png,f60435a082303cf8,7,Lab,Void
train/pd/f60435a082303cf8_w08.png,f60435a082303cf8,8,Lab,Void
train/pd/f60435a082303cf8_w09.png,f60435a082303cf8,9,Lab,Void
train/pd/f60435a082303cf8_w11.png,f60435a082303cf8,11,Lab,Void
train/pd/f60435a082303cf8_w18.png,f60435a082303cf8,18,Lab,Void
train/pd/f60435a082303cf8_w24.png,f60435a082303cf8,24,Lab,Void
train/pd/f60435a082303cf8_w25.png,f60435a082303cf8,25,Lab,Void
train/pd/f60435a082303cf8_w26.png,f60435a082303cf8,26,Lab,Void
train/pd/f66ffc03158596c5_w00.png,f66ffc03158596c5,0,Lab,Particle
train/pd/f66ffc03158596c5_w03.png,f66ffc03158596c5,3,Lab,Particle
train/pd/f66ffc03158596c5_w06.png,f66ffc03158596c5,6,Lab,Particle
train/pd/f66ffc03158596c5_w10.png,f66ffc03158596c5,10,Lab,Particle
train/pd/f66ffc03158596c5_w11.png,f66ffc03158596c5,11,Lab,Particle
train/pd/f66ffc03158596c5_w14.png,f66ffc03158596c5,14,Lab,Particle
train/pd/f66ffc03158596c5_w15.png,f66ffc03158596c5,15,Lab,Particle
train/pd/f66ffc03158596c5_w25.png,f66ffc03158596c5,25,Lab,Particle
train/pd/f6b1873b5ac3071c_w00.png,f6b1873b5ac3071c,0,Lab,Floating
train/pd/f6b1873b5ac3071c_w10.png,f6b1873b5ac3071c,10,Lab,Floating
train/pd/f6b1873b5ac3071c_w11.png,f6b1873b5ac3071c,11,Lab,Floating
train/pd/f6b1873b5ac3071c_w13.png,f6b1873b5ac3071c,13,Lab,Floating
train/pd/f6b1873b5ac3071c_w14.png,f6b1873b5ac3071c,14,Lab,Floating
train/pd/f6b1873b5ac3071c_w15.png,f6b1873b5ac3071c,15,Lab,Floating
train/pd/f6b1873b5ac3071c_w17.png,f6b1873b5ac3071c,17,Lab,Floating
train/pd/f6b1873b5ac3071c_w24.png,f6b1873b5ac3071c,24,Lab,Floating
train/pd/f6ef600eeb1d1f55_w00.png,f6ef600eeb1d1f55,0,Lab,Void
train/pd/f6ef600eeb1d1f55_w02.png,f6ef600eeb1d1f55,2,Lab,Void
train/pd/f6ef600eeb1d1f55_w06.png,f6ef600eeb1d1f55,6,Lab,Void
train/pd/f6ef600eeb1d1f55_w08.png,f6ef600eeb1d1f55,8,Lab,Void
train/pd/f6ef600eeb1d1f55_w11.png,f6ef600eeb1d1f55,11,Lab,Void
train/pd/f6ef600eeb1d1f55_w15.png,f6ef600eeb1d1f55,15,Lab,Void
train/pd/f6ef600eeb1d1f55_w22.png,f6ef600eeb1d1f55,22,Lab,Void
train/pd/f6ef600eeb1d1f55_w23.png,f6ef600eeb1d1f55,23,Lab,Void
train/pd/f7501284483fba06_w04.png,f7501284483fba06,4,Lab,Void
train/pd/f7501284483fba06_w05.png,f7501284483fba06,5,Lab,Void
train/pd/f7501284483fba06_w10.png,f7501284483fba06,10,Lab,Void
train/pd/f7501284483fba06_w11.png,f7501284483fba06,11,Lab,Void
train/pd/f7501284483fba06_w13.png,f7501284483fba06,13,Lab,Void
train/pd/f7501284483fba06_w20.png,f7501284483fba06,20,Lab,Void
train/pd/f7501284483fba06_w22.png,f7501284483fba06,22,Lab,Void
train/pd/f7501284483fba06_w24.png,f7501284483fba06,24,Lab,Void
train/pd/f7d1e89d803ba585_w00.png,f7d1e89d803ba585,0,Lab,Corona
train/pd/f7d1e89d803ba585_w05.png,f7d1e89d803ba585,5,Lab,Corona
train/pd/f7d1e89d803ba585_w10.png,f7d1e89d803ba585,10,Lab,Corona
train/pd/f7d1e89d803ba585_w17.png,f7d1e89d803ba585,17,Lab,Corona
train/pd/f7d1e89d803ba585_w18.png,f7d1e89d803ba585,18,Lab,Corona
train/pd/f7d1e89d803ba585_w20.png,f7d1e89d803ba585,20,Lab,Corona
train/pd/f7d1e89d803ba585_w21.png,f7d1e89d803ba585,21,Lab,Corona
train/pd/f7d1e89d803ba585_w27.png,f7d1e89d803ba585,27,Lab,Corona
train/pd/f7e4604f64b4af28_w01.png,f7e4604f64b4af28,1,Lab,Corona
train/pd/f7e4604f64b4af28_w08.png,f7e4604f64b4af28,8,Lab,Corona
train/pd/f7e4604f64b4af28_w11.png,f7e4604f64b4af28,11,Lab,Corona
train/pd/f7e4604f64b4af28_w18.png,f7e4604f64b4af28,18,Lab,Corona
train/pd/f7e4604f64b4af28_w19.png,f7e4604f64b4af28,19,Lab,Corona
train/pd/f7e4604f64b4af28_w20.png,f7e4604f64b4af28,20,Lab,Corona
train/pd/f7e4604f64b4af28_w21.png,f7e4604f64b4af28,21,Lab,Corona
train/pd/f7e4604f64b4af28_w27.png,f7e4604f64b4af28,27,Lab,Corona
train/pd/f7e743b6be91585f_w04.png,f7e743b6be91585f,4,Lab,Void
train/pd/f7e743b6be91585f_w05.png,f7e743b6be91585f,5,Lab,Void
train/pd/f7e743b6be91585f_w12.png,f7e743b6be91585f,12,Lab,Void
train/pd/f7e743b6be91585f_w14.png,f7e743b6be91585f,14,Lab,Void
train/pd/f7e743b6be91585f_w17.png,f7e743b6be91585f,17,Lab,Void
train/pd/f7e743b6be91585f_w23.png,f7e743b6be91585f,23,Lab,Void
train/pd/f7e743b6be91585f_w24.png,f7e743b6be91585f,24,Lab,Void
train/pd/f7e743b6be91585f_w25.png,f7e743b6be91585f,25,Lab,Void
train/pd/f81b6357b11ab156_w02.png,f81b6357b11ab156,2,Lab,Corona
train/pd/f81b6357b11ab156_w07.png,f81b6357b11ab156,7,Lab,Corona
train/pd/f81b6357b11ab156_w11.png,f81b6357b11ab156,11,Lab,Corona
train/pd/f81b6357b11ab156_w12.png,f81b6357b11ab156,12,Lab,Corona
train/pd/f81b6357b11ab156_w13.png,f81b6357b11ab156,13,Lab,Corona
train/pd/f81b6357b11ab156_w20.png,f81b6357b11ab156,20,Lab,Corona
train/pd/f81b6357b11ab156_w23.png,f81b6357b11ab156,23,Lab,Corona
train/pd/f81b6357b11ab156_w25.png,f81b6357b11ab156,25,Lab,Corona
train/pd/f8665b2d60a0b1db_w00.png,f8665b2d60a0b1db,0,Lab,Void
train/pd/f8665b2d60a0b1db_w06.png,f8665b2d60a0b1db,6,Lab,Void
train/pd/f8665b2d60a0b1db_w09.png,f8665b2d60a0b1db,9,Lab,Void
train/pd/f8665b2d60a0b1db_w12.png,f8665b2d60a0b1db,12,Lab,Void
train/pd/f8665b2d60a0b1db_w15.png,f8665b2d60a0b1db,15,Lab,Void
train/pd/f8665b2d60a0b1db_w17.png,f8665b2d60a0b1db,17,Lab,Void
train/pd/f8665b2d60a0b1db_w21.png,f8665b2d60a0b1db,21,Lab,Void
train/pd/f8665b2d60a0b1db_w24.png,f8665b2d60a0b1db,24,Lab,Void
train/pd/f8854f628877917e_w00.png,f8854f628877917e,0,Lab,Floating
train/pd/f8854f628877917e_w02.png,f8854f628877917e,2,Lab,Floating
train/pd/f8854f628877917e_w12.png,f8854f628877917e,12,Lab,Floating
train/pd/f8854f628877917e_w15.png,f8854f628877917e,15,Lab,Floating
train/pd/f8854f628877917e_w19.png,f8854f628877917e,19,Lab,Floating
train/pd/f8854f628877917e_w21.png,f8854f628877917e,21,Lab,Floating
train/pd/f8854f628877917e_w24.png,f8854f628877917e,24,Lab,Floating
train/pd/f8854f628877917e_w27.png,f8854f628877917e,27,Lab,Floating
train/pd/f8a0dccb524f8bf7_w04.png,f8a0dccb524f8bf7,4,Lab,Void
train/pd/f8a0dccb524f8bf7_w09.png,f8a0dccb524f8bf7,9,Lab,Void
train/pd/f8a0dccb524f8bf7_w11.png,f8a0dccb524f8bf7,11,Lab,Void
train/pd/f8a0dccb524f8bf7_w14.png,f8a0dccb524f8bf7,14,Lab,Void
train/pd/f8a0dccb524f8bf7_w16.png,f8a0dccb524f8bf7,16,Lab,Void
train/pd/f8a0dccb524f8bf7_w24.png,f8a0dccb524f8bf7,24,Lab,Void
train/pd/f8a0dccb524f8bf7_w25.png,f8a0dccb524f8bf7,25,Lab,Void
train/pd/f8a0dccb524f8bf7_w27.png,f8a0dccb524f8bf7,27,Lab,Void
train/pd/f8a97eb7c92dca45_w02.png,f8a97eb7c92dca45,2,Lab,Corona
train/pd/f8a97eb7c92dca45_w03.png,f8a97eb7c92dca45,3,Lab,Corona
train/pd/f8a97eb7c92dca45_w04.png,f8a97eb7c92dca45,4,Lab,Corona
train/pd/f8a97eb7c92dca45_w13.png,f8a97eb7c92dca45,13,Lab,Corona
train/pd/f8a97eb7c92dca45_w14.png,f8a97eb7c92dca45,14,Lab,Corona
train/pd/f8a97eb7c92dca45_w19.png,f8a97eb7c92dca45,19,Lab,Corona
train/pd/f8a97eb7c92dca45_w20.png,f8a97eb7c92dca45,20,Lab,Corona
train/pd/f8a97eb7c92dca45_w22.png,f8a97eb7c92dca45,22,Lab,Corona
train/pd/f8cc7de098ad4a90_w06.png,f8cc7de098ad4a90,6,Lab,Void
train/pd/f8cc7de098ad4a90_w10.png,f8cc7de098ad4a90,10,Lab,Void
train/pd/f8cc7de098ad4a90_w11.png,f8cc7de098ad4a90,11,Lab,Void
train/pd/f8cc7de098ad4a90_w12.png,f8cc7de098ad4a90,12,Lab,Void
train/pd/f8cc7de098ad4a90_w13.png,f8cc7de098ad4a90,13,Lab,Void
train/pd/f8cc7de098ad4a90_w20.png,f8cc7de098ad4a90,20,Lab,Void
train/pd/f8cc7de098ad4a90_w22.png,f8cc7de098ad4a90,22,Lab,Void
train/pd/f8cc7de098ad4a90_w24.png,f8cc7de098ad4a90,24,Lab,Void
train/pd/f8d43537f203b6f4_w00.png,f8d43537f203b6f4,0,Lab,Void
train/pd/f8d43537f203b6f4_w04.png,f8d43537f203b6f4,4,Lab,Void
train/pd/f8d43537f203b6f4_w07.png,f8d43537f203b6f4,7,Lab,Void
train/pd/f8d43537f203b6f4_w12.png,f8d43537f203b6f4,12,Lab,Void
train/pd/f8d43537f203b6f4_w18.png,f8d43537f203b6f4,18,Lab,Void
train/pd/f8d43537f203b6f4_w19.png,f8d43537f203b6f4,19,Lab,Void
train/pd/f8d43537f203b6f4_w20.png,f8d43537f203b6f4,20,Lab,Void
train/pd/f8d43537f203b6f4_w27.png,f8d43537f203b6f4,27,Lab,Void
train/pd/f8d7e991530750cc_w01.png,f8d7e991530750cc,1,Lab,Particle
train/pd/f8d7e991530750cc_w06.png,f8d7e991530750cc,6,Lab,Particle
train/pd/f8d7e991530750cc_w08.png,f8d7e991530750cc,8,Lab,Particle
train/pd/f8d7e991530750cc_w09.png,f8d7e991530750cc,9,Lab,Particle
train/pd/f8d7e991530750cc_w13.png,f8d7e991530750cc,13,Lab,Particle
train/pd/f8d7e991530750cc_w18.png,f8d7e991530750cc,18,Lab,Particle
train/pd/f8d7e991530750cc_w20.png,f8d7e991530750cc,20,Lab,Particle
train/pd/f8d7e991530750cc_w24.png,f8d7e991530750cc,24,Lab,Particle
train/pd/f8e5e8eb71b87693_w01.png,f8e5e8eb71b87693,1,Lab,Particle
train/pd/f8e5e8eb71b87693_w03.png,f8e5e8eb71b87693,3,Lab,Particle
train/pd/f8e5e8eb71b87693_w07.png,f8e5e8eb71b87693,7,Lab,Particle
train/pd/f8e5e8eb71b87693_w16.png,f8e5e8eb71b87693,16,Lab,Particle
train/pd/f8e5e8eb71b87693_w17.png,f8e5e8eb71b87693,17,Lab,Particle
train/pd/f8e5e8eb71b87693_w18.png,f8e5e8eb71b87693,18,Lab,Particle
train/pd/f8e5e8eb71b87693_w22.png,f8e5e8eb71b87693,22,Lab,Particle
train/pd/f8e5e8eb71b87693_w23.png,f8e5e8eb71b87693,23,Lab,Particle
train/pd/f95d739807c4ac6b_w01.png,f95d739807c4ac6b,1,Lab,Corona
train/pd/f95d739807c4ac6b_w02.png,f95d739807c4ac6b,2,Lab,Corona
train/pd/f95d739807c4ac6b_w03.png,f95d739807c4ac6b,3,Lab,Corona
train/pd/f95d739807c4ac6b_w06.png,f95d739807c4ac6b,6,Lab,Corona
train/pd/f95d739807c4ac6b_w07.png,f95d739807c4ac6b,7,Lab,Corona
train/pd/f95d739807c4ac6b_w13.png,f95d739807c4ac6b,13,Lab,Corona
train/pd/f95d739807c4ac6b_w20.png,f95d739807c4ac6b,20,Lab,Corona
train/pd/f95d739807c4ac6b_w26.png,f95d739807c4ac6b,26,Lab,Corona
train/pd/f96f57fe2c8a4ed4_w01.png,f96f57fe2c8a4ed4,1,Lab,Void
train/pd/f96f57fe2c8a4ed4_w10.png,f96f57fe2c8a4ed4,10,Lab,Void
train/pd/f96f57fe2c8a4ed4_w11.png,f96f57fe2c8a4ed4,11,Lab,Void
train/pd/f96f57fe2c8a4ed4_w12.png,f96f57fe2c8a4ed4,12,Lab,Void
train/pd/f96f57fe2c8a4ed4_w14.png,f96f57fe2c8a4ed4,14,Lab,Void
train/pd/f96f57fe2c8a4ed4_w15.png,f96f57fe2c8a4ed4,15,Lab,Void
train/pd/f96f57fe2c8a4ed4_w17.png,f96f57fe2c8a4ed4,17,Lab,Void
train/pd/f96f57fe2c8a4ed4_w20.png,f96f57fe2c8a4ed4,20,Lab,Void
train/pd/f98fc34ef22ddad1_w06.png,f98fc34ef22ddad1,6,Lab,Void
train/pd/f98fc34ef22ddad1_w09.png,f98fc34ef22ddad1,9,Lab,Void
train/pd/f98fc34ef22ddad1_w12.png,f98fc34ef22ddad1,12,Lab,Void
train/pd/f98fc34ef22ddad1_w13.png,f98fc34ef22ddad1,13,Lab,Void
train/pd/f98fc34ef22ddad1_w17.png,f98fc34ef22ddad1,17,Lab,Void
train/pd/f98fc34ef22ddad1_w18.png,f98fc34ef22ddad1,18,Lab,Void
train/pd/f98fc34ef22ddad1_w20.png,f98fc34ef22ddad1,20,Lab,Void
train/pd/f98fc34ef22ddad1_w24.png,f98fc34ef22ddad1,24,Lab,Void
train/pd/f9c17102587cd2a6_w00.png,f9c17102587cd2a6,0,Lab,Corona
train/pd/f9c17102587cd2a6_w02.png,f9c17102587cd2a6,2,Lab,Corona
train/pd/f9c17102587cd2a6_w05.png,f9c17102587cd2a6,5,Lab,Corona
train/pd/f9c17102587cd2a6_w06.png,f9c17102587cd2a6,6,Lab,Corona
train/pd/f9c17102587cd2a6_w10.png,f9c17102587cd2a6,10,Lab,Corona
train/pd/f9c17102587cd2a6_w13.png,f9c17102587cd2a6,13,Lab,Corona
train/pd/f9c17102587cd2a6_w19.png,f9c17102587cd2a6,19,Lab,Corona
train/pd/f9c17102587cd2a6_w23.png,f9c17102587cd2a6,23,Lab,Corona
train/pd/fa0565cb302a57b9_w02.png,fa0565cb302a57b9,2,Lab,Void
train/pd/fa0565cb302a57b9_w03.png,fa0565cb302a57b9,3,Lab,Void
train/pd/fa0565cb302a57b9_w06.png,fa0565cb302a57b9,6,Lab,Void
train/pd/fa0565cb302a57b9_w09.png,fa0565cb302a57b9,9,Lab,Void
train/pd/fa0565cb302a57b9_w12.png,fa0565cb302a57b9,12,Lab,Void
train/pd/fa0565cb302a57b9_w13.png,fa0565cb302a57b9,13,Lab,Void
train/pd/fa0565cb302a57b9_w17.png,fa0565cb302a57b9,17,Lab,Void
train/pd/fa0565cb302a57b9_w24.png,fa0565cb302a57b9,24,Lab,Void
train/pd/fa843333c9fd6c99_w02.png,fa843333c9fd6c99,2,Lab,Void
train/pd/fa843333c9fd6c99_w04.png,fa843333c9fd6c99,4,Lab,Void
train/pd/fa843333c9fd6c99_w14.png,fa843333c9fd6c99,14,Lab,Void
train/pd/fa843333c9fd6c99_w15.png,fa843333c9fd6c99,15,Lab,Void
train/pd/fa843333c9fd6c99_w17.png,fa843333c9fd6c99,17,Lab,Void
train/pd/fa843333c9fd6c99_w22.png,fa843333c9fd6c99,22,Lab,Void
train/pd/fa843333c9fd6c99_w23.png,fa843333c9fd6c99,23,Lab,Void
train/pd/fa843333c9fd6c99_w27.png,fa843333c9fd6c99,27,Lab,Void
train/pd/fa9473e92eee7a8b_w00.png,fa9473e92eee7a8b,0,Lab,Void
train/pd/fa9473e92eee7a8b_w03.png,fa9473e92eee7a8b,3,Lab,Void
train/pd/fa9473e92eee7a8b_w06.png,fa9473e92eee7a8b,6,Lab,Void
train/pd/fa9473e92eee7a8b_w15.png,fa9473e92eee7a8b,15,Lab,Void
train/pd/fa9473e92eee7a8b_w17.png,fa9473e92eee7a8b,17,Lab,Void
train/pd/fa9473e92eee7a8b_w20.png,fa9473e92eee7a8b,20,Lab,Void
train/pd/fa9473e92eee7a8b_w22.png,fa9473e92eee7a8b,22,Lab,Void
train/pd/fa9473e92eee7a8b_w24.png,fa9473e92eee7a8b,24,Lab,Void
train/pd/faa7e4e23d21db33_w02.png,faa7e4e23d21db33,2,Lab,Particle
train/pd/faa7e4e23d21db33_w04.png,faa7e4e23d21db33,4,Lab,Particle
train/pd/faa7e4e23d21db33_w15.png,faa7e4e23d21db33,15,Lab,Particle
train/pd/faa7e4e23d21db33_w17.png,faa7e4e23d21db33,17,Lab,Particle
train/pd/faa7e4e23d21db33_w20.png,faa7e4e23d21db33,20,Lab,Particle
train/pd/faa7e4e23d21db33_w23.png,faa7e4e23d21db33,23,Lab,Particle
train/pd/faa7e4e23d21db33_w26.png,faa7e4e23d21db33,26,Lab,Particle
train/pd/faa7e4e23d21db33_w27.png,faa7e4e23d21db33,27,Lab,Particle
train/pd/fabde579d39d9db4_w02.png,fabde579d39d9db4,2,Lab,Particle
train/pd/fabde579d39d9db4_w05.png,fabde579d39d9db4,5,Lab,Particle
train/pd/fabde579d39d9db4_w07.png,fabde579d39d9db4,7,Lab,Particle
train/pd/fabde579d39d9db4_w09.png,fabde579d39d9db4,9,Lab,Particle
train/pd/fabde579d39d9db4_w11.png,fabde579d39d9db4,11,Lab,Particle
train/pd/fabde579d39d9db4_w12.png,fabde579d39d9db4,12,Lab,Particle
train/pd/fabde579d39d9db4_w17.png,fabde579d39d9db4,17,Lab,Particle
train/pd/fabde579d39d9db4_w18.png,fabde579d39d9db4,18,Lab,Particle
train/pd/fae5f77e5fdddd5f_w06.png,fae5f77e5fdddd5f,6,Field,Void
train/pd/fae5f77e5fdddd5f_w12.png,fae5f77e5fdddd5f,12,Field,Void
train/pd/fae5f77e5fdddd5f_w13.png,fae5f77e5fdddd5f,13,Field,Void
train/pd/fae5f77e5fdddd5f_w16.png,fae5f77e5fdddd5f,16,Field,Void
train/pd/fae5f77e5fdddd5f_w18.png,fae5f77e5fdddd5f,18,Field,Void
train/pd/fae5f77e5fdddd5f_w19.png,fae5f77e5fdddd5f,19,Field,Void
train/pd/fae5f77e5fdddd5f_w21.png,fae5f77e5fdddd5f,21,Field,Void
train/pd/fae5f77e5fdddd5f_w26.png,fae5f77e5fdddd5f,26,Field,Void
train/pd/fb036bbcdfb8979c_w01.png,fb036bbcdfb8979c,1,Lab,Void
train/pd/fb036bbcdfb8979c_w08.png,fb036bbcdfb8979c,8,Lab,Void
train/pd/fb036bbcdfb8979c_w10.png,fb036bbcdfb8979c,10,Lab,Void
train/pd/fb036bbcdfb8979c_w18.png,fb036bbcdfb8979c,18,Lab,Void
train/pd/fb036bbcdfb8979c_w19.png,fb036bbcdfb8979c,19,Lab,Void
train/pd/fb036bbcdfb8979c_w23.png,fb036bbcdfb8979c,23,Lab,Void
train/pd/fb036bbcdfb8979c_w26.png,fb036bbcdfb8979c,26,Lab,Void
train/pd/fb036bbcdfb8979c_w27.png,fb036bbcdfb8979c,27,Lab,Void
train/pd/fb153e0414e89ba9_w01.png,fb153e0414e89ba9,1,Lab,Void
train/pd/fb153e0414e89ba9_w03.png,fb153e0414e89ba9,3,Lab,Void
train/pd/fb153e0414e89ba9_w04.png,fb153e0414e89ba9,4,Lab,Void
train/pd/fb153e0414e89ba9_w07.png,fb153e0414e89ba9,7,Lab,Void
train/pd/fb153e0414e89ba9_w08.png,fb153e0414e89ba9,8,Lab,Void
train/pd/fb153e0414e89ba9_w10.png,fb153e0414e89ba9,10,Lab,Void
train/pd/fb153e0414e89ba9_w13.png,fb153e0414e89ba9,13,Lab,Void
train/pd/fb153e0414e89ba9_w14.png,fb153e0414e89ba9,14,Lab,Void
train/pd/fb15cd02c1f5ec69_w06.png,fb15cd02c1f5ec69,6,Field,Void
train/pd/fb15cd02c1f5ec69_w09.png,fb15cd02c1f5ec69,9,Field,Void
train/pd/fb15cd02c1f5ec69_w11.png,fb15cd02c1f5ec69,11,Field,Void
train/pd/fb15cd02c1f5ec69_w16.png,fb15cd02c1f5ec69,16,Field,Void
train/pd/fb15cd02c1f5ec69_w17.png,fb15cd02c1f5ec69,17,Field,Void
train/pd/fb15cd02c1f5ec69_w18.png,fb15cd02c1f5ec69,18,Field,Void
train/pd/fb15cd02c1f5ec69_w21.png,fb15cd02c1f5ec69,21,Field,Void
train/pd/fb15cd02c1f5ec69_w27.png,fb15cd02c1f5ec69,27,Field,Void
train/pd/fb1bcfccd5e18f18_w03.png,fb1bcfccd5e18f18,3,Lab,Corona
train/pd/fb1bcfccd5e18f18_w04.png,fb1bcfccd5e18f18,4,Lab,Corona
train/pd/fb1bcfccd5e18f18_w07.png,fb1bcfccd5e18f18,7,Lab,Corona
train/pd/fb1bcfccd5e18f18_w09.png,fb1bcfccd5e18f18,9,Lab,Corona
train/pd/fb1bcfccd5e18f18_w10.png,fb1bcfccd5e18f18,10,Lab,Corona
train/pd/fb1bcfccd5e18f18_w14.png,fb1bcfccd5e18f18,14,Lab,Corona
train/pd/fb1bcfccd5e18f18_w21.png,fb1bcfccd5e18f18,21,Lab,Corona
train/pd/fb1bcfccd5e18f18_w26.png,fb1bcfccd5e18f18,26,Lab,Corona
train/pd/fb1d596fa35260cb_w00.png,fb1d596fa35260cb,0,Lab,Void
train/pd/fb1d596fa35260cb_w03.png,fb1d596fa35260cb,3,Lab,Void
train/pd/fb1d596fa35260cb_w09.png,fb1d596fa35260cb,9,Lab,Void
train/pd/fb1d596fa35260cb_w10.png,fb1d596fa35260cb,10,Lab,Void
train/pd/fb1d596fa35260cb_w15.png,fb1d596fa35260cb,15,Lab,Void
train/pd/fb1d596fa35260cb_w21.png,fb1d596fa35260cb,21,Lab,Void
train/pd/fb1d596fa35260cb_w25.png,fb1d596fa35260cb,25,Lab,Void
train/pd/fb1d596fa35260cb_w26.png,fb1d596fa35260cb,26,Lab,Void
train/pd/fb40cdd35bb7f070_w03.png,fb40cdd35bb7f070,3,Lab,Void
train/pd/fb40cdd35bb7f070_w08.png,fb40cdd35bb7f070,8,Lab,Void
train/pd/fb40cdd35bb7f070_w09.png,fb40cdd35bb7f070,9,Lab,Void
train/pd/fb40cdd35bb7f070_w18.png,fb40cdd35bb7f070,18,Lab,Void
train/pd/fb40cdd35bb7f070_w22.png,fb40cdd35bb7f070,22,Lab,Void
train/pd/fb40cdd35bb7f070_w24.png,fb40cdd35bb7f070,24,Lab,Void
train/pd/fb40cdd35bb7f070_w25.png,fb40cdd35bb7f070,25,Lab,Void
train/pd/fb40cdd35bb7f070_w27.png,fb40cdd35bb7f070,27,Lab,Void
train/pd/fb7dbe3918a91f03_w00.png,fb7dbe3918a91f03,0,Lab,Particle
train/pd/fb7dbe3918a91f03_w04.png,fb7dbe3918a91f03,4,Lab,Particle
train/pd/fb7dbe3918a91f03_w12.png,fb7dbe3918a91f03,12,Lab,Particle
train/pd/fb7dbe3918a91f03_w17.png,fb7dbe3918a91f03,17,Lab,Particle
train/pd/fb7dbe3918a91f03_w18.png,fb7dbe3918a91f03,18,Lab,Particle
train/pd/fb7dbe3918a91f03_w19.png,fb7dbe3918a91f03,19,Lab,Particle
train/pd/fb7dbe3918a91f03_w21.png,fb7dbe3918a91f03,21,Lab,Particle
train/pd/fb7dbe3918a91f03_w25.png,fb7dbe3918a91f03,25,Lab,Particle
train/pd/fb911893426bb01b_w03.png,fb911893426bb01b,3,Field,Floating
train/pd/fb911893426bb01b_w08.png,fb911893426bb01b,8,Field,Floating
train/pd/fb911893426bb01b_w11.png,fb911893426bb01b,11,Field,Floating
train/pd/fb911893426bb01b_w17.png,fb911893426bb01b,17,Field,Floating
train/pd/fb911893426bb01b_w18.png,fb911893426bb01b,18,Field,Floating
train/pd/fb911893426bb01b_w20.png,fb911893426bb01b,20,Field,Floating
train/pd/fb911893426bb01b_w23.png,fb911893426bb01b,23,Field,Floating
train/pd/fb911893426bb01b_w26.png,fb911893426bb01b,26,Field,Floating
train/pd/fbaf0e1b57f8ef1b_w00.png,fbaf0e1b57f8ef1b,0,Lab,Floating
train/pd/fbaf0e1b57f8ef1b_w03.png,fbaf0e1b57f8ef1b,3,Lab,Floating
train/pd/fbaf0e1b57f8ef1b_w04.png,fbaf0e1b57f8ef1b,4,Lab,Floating
train/pd/fbaf0e1b57f8ef1b_w11.png,fbaf0e1b57f8ef1b,11,Lab,Floating
train/pd/fbaf0e1b57f8ef1b_w16.png,fbaf0e1b57f8ef1b,16,Lab,Floating
train/pd/fbaf0e1b57f8ef1b_w19.png,fbaf0e1b57f8ef1b,19,Lab,Floating
train/pd/fbaf0e1b57f8ef1b_w20.png,fbaf0e1b57f8ef1b,20,Lab,Floating
train/pd/fbaf0e1b57f8ef1b_w27.png,fbaf0e1b57f8ef1b,27,Lab,Floating
train/pd/fbc798d24f718088_w03.png,fbc798d24f718088,3,Field,Void
train/pd/fbc798d24f718088_w05.png,fbc798d24f718088,5,Field,Void
train/pd/fbc798d24f718088_w06.png,fbc798d24f718088,6,Field,Void
train/pd/fbc798d24f718088_w10.png,fbc798d24f718088,10,Field,Void
train/pd/fbc798d24f718088_w12.png,fbc798d24f718088,12,Field,Void
train/pd/fbc798d24f718088_w13.png,fbc798d24f718088,13,Field,Void
train/pd/fbc798d24f718088_w18.png,fbc798d24f718088,18,Field,Void
train/pd/fbc798d24f718088_w20.png,fbc798d24f718088,20,Field,Void
train/pd/fbdddcd3d554b018_w00.png,fbdddcd3d554b018,0,Lab,Void
train/pd/fbdddcd3d554b018_w07.png,fbdddcd3d554b018,7,Lab,Void
train/pd/fbdddcd3d554b018_w09.png,fbdddcd3d554b018,9,Lab,Void
train/pd/fbdddcd3d554b018_w14.png,fbdddcd3d554b018,14,Lab,Void
train/pd/fbdddcd3d554b018_w20.png,fbdddcd3d554b018,20,Lab,Void
train/pd/fbdddcd3d554b018_w21.png,fbdddcd3d554b018,21,Lab,Void
train/pd/fbdddcd3d554b018_w23.png,fbdddcd3d554b018,23,Lab,Void
train/pd/fbdddcd3d554b018_w27.png,fbdddcd3d554b018,27,Lab,Void
train/pd/fbf1e90ec939d0c1_w01.png,fbf1e90ec939d0c1,1,Field,Void
train/pd/fbf1e90ec939d0c1_w03.png,fbf1e90ec939d0c1,3,Field,Void
train/pd/fbf1e90ec939d0c1_w11.png,fbf1e90ec939d0c1,11,Field,Void
train/pd/fbf1e90ec939d0c1_w13.png,fbf1e90ec939d0c1,13,Field,Void
train/pd/fbf1e90ec939d0c1_w17.png,fbf1e90ec939d0c1,17,Field,Void
train/pd/fbf1e90ec939d0c1_w18.png,fbf1e90ec939d0c1,18,Field,Void
train/pd/fbf1e90ec939d0c1_w22.png,fbf1e90ec939d0c1,22,Field,Void
train/pd/fbf1e90ec939d0c1_w25.png,fbf1e90ec939d0c1,25,Field,Void
train/pd/fc2cbdc58792163e_w05.png,fc2cbdc58792163e,5,Lab,Floating
train/pd/fc2cbdc58792163e_w06.png,fc2cbdc58792163e,6,Lab,Floating
train/pd/fc2cbdc58792163e_w12.png,fc2cbdc58792163e,12,Lab,Floating
train/pd/fc2cbdc58792163e_w13.png,fc2cbdc58792163e,13,Lab,Floating
train/pd/fc2cbdc58792163e_w18.png,fc2cbdc58792163e,18,Lab,Floating
train/pd/fc2cbdc58792163e_w22.png,fc2cbdc58792163e,22,Lab,Floating
train/pd/fc2cbdc58792163e_w24.png,fc2cbdc58792163e,24,Lab,Floating
train/pd/fc2cbdc58792163e_w25.png,fc2cbdc58792163e,25,Lab,Floating
train/pd/fc386b2f2affed02_w00.png,fc386b2f2affed02,0,Lab,Void
train/pd/fc386b2f2affed02_w01.png,fc386b2f2affed02,1,Lab,Void
train/pd/fc386b2f2affed02_w05.png,fc386b2f2affed02,5,Lab,Void
train/pd/fc386b2f2affed02_w06.png,fc386b2f2affed02,6,Lab,Void
train/pd/fc386b2f2affed02_w07.png,fc386b2f2affed02,7,Lab,Void
train/pd/fc386b2f2affed02_w14.png,fc386b2f2affed02,14,Lab,Void
train/pd/fc386b2f2affed02_w18.png,fc386b2f2affed02,18,Lab,Void
train/pd/fc386b2f2affed02_w22.png,fc386b2f2affed02,22,Lab,Void
train/pd/fc3c77f58b0e2891_w00.png,fc3c77f58b0e2891,0,Lab,Void
train/pd/fc3c77f58b0e2891_w03.png,fc3c77f58b0e2891,3,Lab,Void
train/pd/fc3c77f58b0e2891_w05.png,fc3c77f58b0e2891,5,Lab,Void
train/pd/fc3c77f58b0e2891_w08.png,fc3c77f58b0e2891,8,Lab,Void
train/pd/fc3c77f58b0e2891_w11.png,fc3c77f58b0e2891,11,Lab,Void
train/pd/fc3c77f58b0e2891_w21.png,fc3c77f58b0e2891,21,Lab,Void
train/pd/fc3c77f58b0e2891_w24.png,fc3c77f58b0e2891,24,Lab,Void
train/pd/fc3c77f58b0e2891_w27.png,fc3c77f58b0e2891,27,Lab,Void
train/pd/fc3d62683f04601c_w01.png,fc3d62683f04601c,1,Field,Floating
train/pd/fc3d62683f04601c_w02.png,fc3d62683f04601c,2,Field,Floating
train/pd/fc3d62683f04601c_w05.png,fc3d62683f04601c,5,Field,Floating
train/pd/fc3d62683f04601c_w07.png,fc3d62683f04601c,7,Field,Floating
train/pd/fc3d62683f04601c_w08.png,fc3d62683f04601c,8,Field,Floating
train/pd/fc3d62683f04601c_w24.png,fc3d62683f04601c,24,Field,Floating
train/pd/fc3d62683f04601c_w25.png,fc3d62683f04601c,25,Field,Floating
train/pd/fc3d62683f04601c_w26.png,fc3d62683f04601c,26,Field,Floating
train/pd/fc55b76314b25153_w03.png,fc55b76314b25153,3,Lab,Corona
train/pd/fc55b76314b25153_w07.png,fc55b76314b25153,7,Lab,Corona
train/pd/fc55b76314b25153_w18.png,fc55b76314b25153,18,Lab,Corona
train/pd/fc55b76314b25153_w20.png,fc55b76314b25153,20,Lab,Corona
train/pd/fc55b76314b25153_w23.png,fc55b76314b25153,23,Lab,Corona
train/pd/fc55b76314b25153_w25.png,fc55b76314b25153,25,Lab,Corona
train/pd/fc55b76314b25153_w26.png,fc55b76314b25153,26,Lab,Corona
train/pd/fc55b76314b25153_w27.png,fc55b76314b25153,27,Lab,Corona
train/pd/fc72291b5239056f_w00.png,fc72291b5239056f,0,Lab,Corona
train/pd/fc72291b5239056f_w07.png,fc72291b5239056f,7,Lab,Corona
train/pd/fc72291b5239056f_w08.png,fc72291b5239056f,8,Lab,Corona
train/pd/fc72291b5239056f_w09.png,fc72291b5239056f,9,Lab,Corona
train/pd/fc72291b5239056f_w21.png,fc72291b5239056f,21,Lab,Corona
train/pd/fc72291b5239056f_w24.png,fc72291b5239056f,24,Lab,Corona
train/pd/fc72291b5239056f_w26.png,fc72291b5239056f,26,Lab,Corona
train/pd/fc72291b5239056f_w27.png,fc72291b5239056f,27,Lab,Corona
train/pd/fc79bf262aec16a1_w06.png,fc79bf262aec16a1,6,Lab,Void
train/pd/fc79bf262aec16a1_w07.png,fc79bf262aec16a1,7,Lab,Void
train/pd/fc79bf262aec16a1_w12.png,fc79bf262aec16a1,12,Lab,Void
train/pd/fc79bf262aec16a1_w13.png,fc79bf262aec16a1,13,Lab,Void
train/pd/fc79bf262aec16a1_w15.png,fc79bf262aec16a1,15,Lab,Void
train/pd/fc79bf262aec16a1_w16.png,fc79bf262aec16a1,16,Lab,Void
train/pd/fc79bf262aec16a1_w22.png,fc79bf262aec16a1,22,Lab,Void
train/pd/fc79bf262aec16a1_w24.png,fc79bf262aec16a1,24,Lab,Void
train/pd/fc7a979210d310bd_w01.png,fc7a979210d310bd,1,Lab,Particle
train/pd/fc7a979210d310bd_w04.png,fc7a979210d310bd,4,Lab,Particle
train/pd/fc7a979210d310bd_w06.png,fc7a979210d310bd,6,Lab,Particle
train/pd/fc7a979210d310bd_w07.png,fc7a979210d310bd,7,Lab,Particle
train/pd/fc7a979210d310bd_w10.png,fc7a979210d310bd,10,Lab,Particle
train/pd/fc7a979210d310bd_w16.png,fc7a979210d310bd,16,Lab,Particle
train/pd/fc7a979210d310bd_w19.png,fc7a979210d310bd,19,Lab,Particle
train/pd/fc7a979210d310bd_w24.png,fc7a979210d310bd,24,Lab,Particle
train/pd/fca1198b30dea1e6_w04.png,fca1198b30dea1e6,4,Lab,Particle
train/pd/fca1198b30dea1e6_w08.png,fca1198b30dea1e6,8,Lab,Particle
train/pd/fca1198b30dea1e6_w11.png,fca1198b30dea1e6,11,Lab,Particle
train/pd/fca1198b30dea1e6_w14.png,fca1198b30dea1e6,14,Lab,Particle
train/pd/fca1198b30dea1e6_w16.png,fca1198b30dea1e6,16,Lab,Particle
train/pd/fca1198b30dea1e6_w21.png,fca1198b30dea1e6,21,Lab,Particle
train/pd/fca1198b30dea1e6_w26.png,fca1198b30dea1e6,26,Lab,Particle
train/pd/fca1198b30dea1e6_w27.png,fca1198b30dea1e6,27,Lab,Particle
train/pd/fcda6bea5f5a6040_w01.png,fcda6bea5f5a6040,1,Lab,Corona
train/pd/fcda6bea5f5a6040_w02.png,fcda6bea5f5a6040,2,Lab,Corona
train/pd/fcda6bea5f5a6040_w05.png,fcda6bea5f5a6040,5,Lab,Corona
train/pd/fcda6bea5f5a6040_w12.png,fcda6bea5f5a6040,12,Lab,Corona
train/pd/fcda6bea5f5a6040_w14.png,fcda6bea5f5a6040,14,Lab,Corona
train/pd/fcda6bea5f5a6040_w19.png,fcda6bea5f5a6040,19,Lab,Corona
train/pd/fcda6bea5f5a6040_w24.png,fcda6bea5f5a6040,24,Lab,Corona
train/pd/fcda6bea5f5a6040_w25.png,fcda6bea5f5a6040,25,Lab,Corona
train/pd/fd31d854926960aa_w00.png,fd31d854926960aa,0,Lab,Corona
train/pd/fd31d854926960aa_w05.png,fd31d854926960aa,5,Lab,Corona
train/pd/fd31d854926960aa_w10.png,fd31d854926960aa,10,Lab,Corona
train/pd/fd31d854926960aa_w16.png,fd31d854926960aa,16,Lab,Corona
train/pd/fd31d854926960aa_w17.png,fd31d854926960aa,17,Lab,Corona
train/pd/fd31d854926960aa_w19.png,fd31d854926960aa,19,Lab,Corona
train/pd/fd31d854926960aa_w20.png,fd31d854926960aa,20,Lab,Corona
train/pd/fd31d854926960aa_w24.png,fd31d854926960aa,24,Lab,Corona
train/pd/fd55b9a86c188f4f_w01.png,fd55b9a86c188f4f,1,Lab,Floating
train/pd/fd55b9a86c188f4f_w04.png,fd55b9a86c188f4f,4,Lab,Floating
train/pd/fd55b9a86c188f4f_w08.png,fd55b9a86c188f4f,8,Lab,Floating
train/pd/fd55b9a86c188f4f_w10.png,fd55b9a86c188f4f,10,Lab,Floating
train/pd/fd55b9a86c188f4f_w19.png,fd55b9a86c188f4f,19,Lab,Floating
train/pd/fd55b9a86c188f4f_w21.png,fd55b9a86c188f4f,21,Lab,Floating
train/pd/fd55b9a86c188f4f_w24.png,fd55b9a86c188f4f,24,Lab,Floating
train/pd/fd55b9a86c188f4f_w27.png,fd55b9a86c188f4f,27,Lab,Floating
train/pd/fd633c10c4194e51_w01.png,fd633c10c4194e51,1,Field,Void
train/pd/fd633c10c4194e51_w05.png,fd633c10c4194e51,5,Field,Void
train/pd/fd633c10c4194e51_w06.png,fd633c10c4194e51,6,Field,Void
train/pd/fd633c10c4194e51_w10.png,fd633c10c4194e51,10,Field,Void
train/pd/fd633c10c4194e51_w11.png,fd633c10c4194e51,11,Field,Void
train/pd/fd633c10c4194e51_w12.png,fd633c10c4194e51,12,Field,Void
train/pd/fd633c10c4194e51_w19.png,fd633c10c4194e51,19,Field,Void
train/pd/fd633c10c4194e51_w21.png,fd633c10c4194e51,21,Field,Void
train/pd/fd78931c8de494c7_w03.png,fd78931c8de494c7,3,Lab,Corona
train/pd/fd78931c8de494c7_w04.png,fd78931c8de494c7,4,Lab,Corona
train/pd/fd78931c8de494c7_w07.png,fd78931c8de494c7,7,Lab,Corona
train/pd/fd78931c8de494c7_w09.png,fd78931c8de494c7,9,Lab,Corona
train/pd/fd78931c8de494c7_w11.png,fd78931c8de494c7,11,Lab,Corona
train/pd/fd78931c8de494c7_w19.png,fd78931c8de494c7,19,Lab,Corona
train/pd/fd78931c8de494c7_w20.png,fd78931c8de494c7,20,Lab,Corona
train/pd/fd78931c8de494c7_w25.png,fd78931c8de494c7,25,Lab,Corona
train/pd/fd86697d676bf1b3_w01.png,fd86697d676bf1b3,1,Field,Void
train/pd/fd86697d676bf1b3_w03.png,fd86697d676bf1b3,3,Field,Void
train/pd/fd86697d676bf1b3_w07.png,fd86697d676bf1b3,7,Field,Void
train/pd/fd86697d676bf1b3_w09.png,fd86697d676bf1b3,9,Field,Void
train/pd/fd86697d676bf1b3_w11.png,fd86697d676bf1b3,11,Field,Void
train/pd/fd86697d676bf1b3_w15.png,fd86697d676bf1b3,15,Field,Void
train/pd/fd86697d676bf1b3_w23.png,fd86697d676bf1b3,23,Field,Void
train/pd/fd86697d676bf1b3_w26.png,fd86697d676bf1b3,26,Field,Void
train/pd/fd98e06b511e8b13_w02.png,fd98e06b511e8b13,2,Field,Void
train/pd/fd98e06b511e8b13_w06.png,fd98e06b511e8b13,6,Field,Void
train/pd/fd98e06b511e8b13_w08.png,fd98e06b511e8b13,8,Field,Void
train/pd/fd98e06b511e8b13_w11.png,fd98e06b511e8b13,11,Field,Void
train/pd/fd98e06b511e8b13_w13.png,fd98e06b511e8b13,13,Field,Void
train/pd/fd98e06b511e8b13_w19.png,fd98e06b511e8b13,19,Field,Void
train/pd/fd98e06b511e8b13_w20.png,fd98e06b511e8b13,20,Field,Void
train/pd/fd98e06b511e8b13_w26.png,fd98e06b511e8b13,26,Field,Void
train/pd/fe0a5e1ba45369f1_w01.png,fe0a5e1ba45369f1,1,Lab,Floating
train/pd/fe0a5e1ba45369f1_w02.png,fe0a5e1ba45369f1,2,Lab,Floating
train/pd/fe0a5e1ba45369f1_w07.png,fe0a5e1ba45369f1,7,Lab,Floating
train/pd/fe0a5e1ba45369f1_w16.png,fe0a5e1ba45369f1,16,Lab,Floating
train/pd/fe0a5e1ba45369f1_w21.png,fe0a5e1ba45369f1,21,Lab,Floating
train/pd/fe0a5e1ba45369f1_w22.png,fe0a5e1ba45369f1,22,Lab,Floating
train/pd/fe0a5e1ba45369f1_w24.png,fe0a5e1ba45369f1,24,Lab,Floating
train/pd/fe0a5e1ba45369f1_w26.png,fe0a5e1ba45369f1,26,Lab,Floating
train/pd/fe1aa82dbc31b458_w01.png,fe1aa82dbc31b458,1,Field,Void
train/pd/fe1aa82dbc31b458_w07.png,fe1aa82dbc31b458,7,Field,Void
train/pd/fe1aa82dbc31b458_w14.png,fe1aa82dbc31b458,14,Field,Void
train/pd/fe1aa82dbc31b458_w16.png,fe1aa82dbc31b458,16,Field,Void
train/pd/fe1aa82dbc31b458_w21.png,fe1aa82dbc31b458,21,Field,Void
train/pd/fe1aa82dbc31b458_w22.png,fe1aa82dbc31b458,22,Field,Void
train/pd/fe1aa82dbc31b458_w23.png,fe1aa82dbc31b458,23,Field,Void
train/pd/fe1aa82dbc31b458_w26.png,fe1aa82dbc31b458,26,Field,Void
train/pd/fe2288dfc1052679_w00.png,fe2288dfc1052679,0,Lab,Floating
train/pd/fe2288dfc1052679_w03.png,fe2288dfc1052679,3,Lab,Floating
train/pd/fe2288dfc1052679_w07.png,fe2288dfc1052679,7,Lab,Floating
train/pd/fe2288dfc1052679_w08.png,fe2288dfc1052679,8,Lab,Floating
train/pd/fe2288dfc1052679_w16.png,fe2288dfc1052679,16,Lab,Floating
train/pd/fe2288dfc1052679_w20.png,fe2288dfc1052679,20,Lab,Floating
train/pd/fe2288dfc1052679_w24.png,fe2288dfc1052679,24,Lab,Floating
train/pd/fe2288dfc1052679_w27.png,fe2288dfc1052679,27,Lab,Floating
train/pd/fe3203badefb7637_w02.png,fe3203badefb7637,2,Lab,Particle
train/pd/fe3203badefb7637_w08.png,fe3203badefb7637,8,Lab,Particle
train/pd/fe3203badefb7637_w13.png,fe3203badefb7637,13,Lab,Particle
train/pd/fe3203badefb7637_w14.png,fe3203badefb7637,14,Lab,Particle
train/pd/fe3203badefb7637_w15.png,fe3203badefb7637,15,Lab,Particle
train/pd/fe3203badefb7637_w17.png,fe3203badefb7637,17,Lab,Particle
train/pd/fe3203badefb7637_w20.png,fe3203badefb7637,20,Lab,Particle
train/pd/fe3203badefb7637_w25.png,fe3203badefb7637,25,Lab,Particle
train/pd/fe4dfe8a08673d73_w00.png,fe4dfe8a08673d73,0,Field,Void
train/pd/fe4dfe8a08673d73_w06.png,fe4dfe8a08673d73,6,Field,Void
train/pd/fe4dfe8a08673d73_w07.png,fe4dfe8a08673d73,7,Field,Void
train/pd/fe4dfe8a08673d73_w09.png,fe4dfe8a08673d73,9,Field,Void
train/pd/fe4dfe8a08673d73_w11.png,fe4dfe8a08673d73,11,Field,Void
train/pd/fe4dfe8a08673d73_w16.png,fe4dfe8a08673d73,16,Field,Void
train/pd/fe4dfe8a08673d73_w18.png,fe4dfe8a08673d73,18,Field,Void
train/pd/fe4dfe8a08673d73_w26.png,fe4dfe8a08673d73,26,Field,Void
train/pd/fef636810fa49fe7_w05.png,fef636810fa49fe7,5,Field,Floating
train/pd/fef636810fa49fe7_w08.png,fef636810fa49fe7,8,Field,Floating
train/pd/fef636810fa49fe7_w14.png,fef636810fa49fe7,14,Field,Floating
train/pd/fef636810fa49fe7_w19.png,fef636810fa49fe7,19,Field,Floating
train/pd/fef636810fa49fe7_w20.png,fef636810fa49fe7,20,Field,Floating
train/pd/fef636810fa49fe7_w22.png,fef636810fa49fe7,22,Field,Floating
train/pd/fef636810fa49fe7_w24.png,fef636810fa49fe7,24,Field,Floating
train/pd/fef636810fa49fe7_w27.png,fef636810fa49fe7,27,Field,Floating
train/pd/fef64897a4a61dad_w00.png,fef64897a4a61dad,0,Lab,Floating
train/pd/fef64897a4a61dad_w02.png,fef64897a4a61dad,2,Lab,Floating
train/pd/fef64897a4a61dad_w09.png,fef64897a4a61dad,9,Lab,Floating
train/pd/fef64897a4a61dad_w10.png,fef64897a4a61dad,10,Lab,Floating
train/pd/fef64897a4a61dad_w12.png,fef64897a4a61dad,12,Lab,Floating
train/pd/fef64897a4a61dad_w13.png,fef64897a4a61dad,13,Lab,Floating
train/pd/fef64897a4a61dad_w20.png,fef64897a4a61dad,20,Lab,Floating
train/pd/fef64897a4a61dad_w21.png,fef64897a4a61dad,21,Lab,Floating
train/pd/ff00d81c784ac8a7_w00.png,ff00d81c784ac8a7,0,Lab,Floating
train/pd/ff00d81c784ac8a7_w07.png,ff00d81c784ac8a7,7,Lab,Floating
train/pd/ff00d81c784ac8a7_w08.png,ff00d81c784ac8a7,8,Lab,Floating
train/pd/ff00d81c784ac8a7_w09.png,ff00d81c784ac8a7,9,Lab,Floating
train/pd/ff00d81c784ac8a7_w18.png,ff00d81c784ac8a7,18,Lab,Floating
train/pd/ff00d81c784ac8a7_w21.png,ff00d81c784ac8a7,21,Lab,Floating
train/pd/ff00d81c784ac8a7_w24.png,ff00d81c784ac8a7,24,Lab,Floating
train/pd/ff00d81c784ac8a7_w27.png,ff00d81c784ac8a7,27,Lab,Floating
train/pd/ff79d8b3c069aaab_w01.png,ff79d8b3c069aaab,1,Lab,Particle
train/pd/ff79d8b3c069aaab_w03.png,ff79d8b3c069aaab,3,Lab,Particle
train/pd/ff79d8b3c069aaab_w11.png,ff79d8b3c069aaab,11,Lab,Particle
train/pd/ff79d8b3c069aaab_w12.png,ff79d8b3c069aaab,12,Lab,Particle
train/pd/ff79d8b3c069aaab_w16.png,ff79d8b3c069aaab,16,Lab,Particle
train/pd/ff79d8b3c069aaab_w21.png,ff79d8b3c069aaab,21,Lab,Particle
train/pd/ff79d8b3c069aaab_w24.png,ff79d8b3c069aaab,24,Lab,Particle
train/pd/ff79d8b3c069aaab_w27.png,ff79d8b3c069aaab,27,Lab,Particle
train/pd/ff92d218ce249d7a_w01.png,ff92d218ce249d7a,1,Lab,Void
train/pd/ff92d218ce249d7a_w04.png,ff92d218ce249d7a,4,Lab,Void
train/pd/ff92d218ce249d7a_w09.png,ff92d218ce249d7a,9,Lab,Void
train/pd/ff92d218ce249d7a_w13.png,ff92d218ce249d7a,13,Lab,Void
train/pd/ff92d218ce249d7a_w14.png,ff92d218ce249d7a,14,Lab,Void
train/pd/ff92d218ce249d7a_w16.png,ff92d218ce249d7a,16,Lab,Void
train/pd/ff92d218ce249d7a_w24.png,ff92d218ce249d7a,24,Lab,Void
train/pd/ff92d218ce249d7a_w26.png,ff92d218ce249d7a,26,Lab,Void
train/pd/ffa2a056b79b34b9_w00.png,ffa2a056b79b34b9,0,Lab,Particle
train/pd/ffa2a056b79b34b9_w04.png,ffa2a056b79b34b9,4,Lab,Particle
train/pd/ffa2a056b79b34b9_w05.png,ffa2a056b79b34b9,5,Lab,Particle
train/pd/ffa2a056b79b34b9_w10.png,ffa2a056b79b34b9,10,Lab,Particle
train/pd/ffa2a056b79b34b9_w17.png,ffa2a056b79b34b9,17,Lab,Particle
train/pd/ffa2a056b79b34b9_w20.png,ffa2a056b79b34b9,20,Lab,Particle
train/pd/ffa2a056b79b34b9_w21.png,ffa2a056b79b34b9,21,Lab,Particle
train/pd/ffa2a056b79b34b9_w27.png,ffa2a056b79b34b9,27,Lab,Particle
