image_path,sample_id,window_idx,domain,label
train/noise/001568d14bfb264d_w06.png,001568d14bfb264d,6,Field,Noise
train/noise/001568d14bfb264d_w07.png,001568d14bfb264d,7,Field,Noise
train/noise/001568d14bfb264d_w08.png,001568d14bfb264d,8,Field,Noise
train/noise/001568d14bfb264d_w20.png,001568d14bfb264d,20,Field,Noise
train/noise/001568d14bfb264d_w21.png,001568d14bfb264d,21,Field,Noise
train/noise/001568d14bfb264d_w24.png,001568d14bfb264d,24,Field,Noise
train/noise/001568d14bfb264d_w26.png,001568d14bfb264d,26,Field,Noise
train/noise/001568d14bfb264d_w27.png,001568d14bfb264d,27,Field,Noise
train/noise/002471f3fcbacb0f_w00.png,002471f3fcbacb0f,0,Field,Noise
train/noise/002471f3fcbacb0f_w04.png,002471f3fcbacb0f,4,Field,Noise
train/noise/002471f3fcbacb0f_w05.png,002471f3fcbacb0f,5,Field,Noise
train/noise/002471f3fcbacb0f_w09.png,002471f3fcbacb0f,9,Field,Noise
train/noise/002471f3fcbacb0f_w12.png,002471f3fcbacb0f,12,Field,Noise
train/noise/002471f3fcbacb0f_w13.png,002471f3fcbacb0f,13,Field,Noise
train/noise/002471f3fcbacb0f_w15.png,002471f3fcbacb0f,15,Field,Noise
train/noise/002471f3fcbacb0f_w24.png,002471f3fcbacb0f,24,Field,Noise
train/noise/00735a963743eb60_w00.png,00735a963743eb60,0,Field,Noise
train/noise/00735a963743eb60_w05.png,00735a963743eb60,5,Field,Noise
train/noise/00735a963743eb60_w08.png,00735a963743eb60,8,Field,Noise
train/noise/00735a963743eb60_w10.png,00735a963743eb60,10,Field,Noise
train/noise/00735a963743eb60_w21.png,00735a963743eb60,21,Field,Noise
train/noise/00735a963743eb60_w25.png,00735a963743eb60,25,Field,Noise
train/noise/00735a963743eb60_w26.png,00735a963743eb60,26,Field,Noise
train/noise/00735a963743eb60_w27.png,00735a963743eb60,27,Field,Noise
train/noise/00b727195f9c1b69_w01.png,00b727195f9c1b69,1,Field,Noise
train/noise/00b727195f9c1b69_w02.png,00b727195f9c1b69,2,Field,Noise
train/noise/00b727195f9c1b69_w04.png,00b727195f9c1b69,4,Field,Noise
train/noise/00b727195f9c1b69_w06.png,00b727195f9c1b69,6,Field,Noise
train/noise/00b727195f9c1b69_w09.png,00b727195f9c1b69,9,Field,Noise
train/noise/00b727195f9c1b69_w13.png,00b727195f9c1b69,13,Field,Noise
train/noise/00b727195f9c1b69_w16.png,00b727195f9c1b69,16,Field,Noise
train/noise/00b727195f9c1b69_w22.png,00b727195f9c1b69,22,Field,Noise
train/noise/00c5c9534e5b054b_w03.png,00c5c9534e5b054b,3,Field,Noise
train/noise/00c5c9534e5b054b_w05.png,00c5c9534e5b054b,5,Field,Noise
train/noise/00c5c9534e5b054b_w06.png,00c5c9534e5b054b,6,Field,Noise
train/noise/00c5c9534e5b054b_w08.png,00c5c9534e5b054b,8,Field,Noise
train/noise/00c5c9534e5b054b_w12.png,00c5c9534e5b054b,12,Field,Noise
train/noise/00c5c9534e5b054b_w14.png,00c5c9534e5b054b,14,Field,Noise
train/noise/00c5c9534e5b054b_w18.png,00c5c9534e5b054b,18,Field,Noise
train/noise/00c5c9534e5b054b_w25.png,00c5c9534e5b054b,25,Field,Noise
train/noise/00cd084c581944e4_w02.png,00cd084c581944e4,2,Field,Noise
train/noise/00cd084c581944e4_w05.png,00cd084c581944e4,5,Field,Noise
train/noise/00cd084c581944e4_w07.png,00cd084c581944e4,7,Field,Noise
train/noise/00cd084c581944e4_w08.png,00cd084c581944e4,8,Field,Noise
train/noise/00cd084c581944e4_w11.png,00cd084c581944e4,11,Field,Noise
train/noise/00cd084c581944e4_w14.png,00cd084c581944e4,14,Field,Noise
train/noise/00cd084c581944e4_w23.png,00cd084c581944e4,23,Field,Noise
train/noise/00cd084c581944e4_w24.png,00cd084c581944e4,24,Field,Noise
train/noise/00ed5017f66573dc_w01.png,00ed5017f66573dc,1,Field,Noise
train/noise/00ed5017f66573dc_w02.png,00ed5017f66573dc,2,Field,Noise
train/noise/00ed5017f66573dc_w11.png,00ed5017f66573dc,11,Field,Noise
train/noise/00ed5017f66573dc_w17.png,00ed5017f66573dc,17,Field,Noise
train/noise/00ed5017f66573dc_w18.png,00ed5017f66573dc,18,Field,Noise
train/noise/00ed5017f66573dc_w19.png,00ed5017f66573dc,19,Field,Noise
train/noise/00ed5017f66573dc_w21.png,00ed5017f66573dc,21,Field,Noise
train/noise/00ed5017f66573dc_w26.png,00ed5017f66573dc,26,Field,Noise
train/noise/0141913eaea5b3cf_w00.png,0141913eaea5b3cf,0,Lab,Noise
train/noise/0141913eaea5b3cf_w01.png,0141913eaea5b3cf,1,Lab,Noise
train/noise/0141913eaea5b3cf_w02.png,0141913eaea5b3cf,2,Lab,Noise
train/noise/0141913eaea5b3cf_w04.png,0141913eaea5b3cf,4,Lab,Noise
train/noise/0141913eaea5b3cf_w12.png,0141913eaea5b3cf,12,Lab,Noise
train/noise/0141913eaea5b3cf_w14.png,0141913eaea5b3cf,14,Lab,Noise
train/noise/0141913eaea5b3cf_w15.png,0141913eaea5b3cf,15,Lab,Noise
train/noise/0141913eaea5b3cf_w18.png,0141913eaea5b3cf,18,Lab,Noise
train/noise/01d834b201436cc2_w02.png,01d834b201436cc2,2,Field,Noise
train/noise/01d834b201436cc2_w03.png,01d834b201436cc2,3,Field,Noise
train/noise/01d834b201436cc2_w09.png,01d834b201436cc2,9,Field,Noise
train/noise/01d834b201436cc2_w11.png,01d834b201436cc2,11,Field,Noise
train/noise/01d834b201436cc2_w16.png,01d834b201436cc2,16,Field,Noise
train/noise/01d834b201436cc2_w18.png,01d834b201436cc2,18,Field,Noise
train/noise/01d834b201436cc2_w21.png,01d834b201436cc2,21,Field,Noise
train/noise/01d834b201436cc2_w22.png,01d834b201436cc2,22,Field,Noise
train/noise/02ecfd4d87feb9ed_w08.png,02ecfd4d87feb9ed,8,Field,Noise
train/noise/02ecfd4d87feb9ed_w11.png,02ecfd4d87feb9ed,11,Field,Noise
train/noise/02ecfd4d87feb9ed_w14.png,02ecfd4d87feb9ed,14,Field,Noise
train/noise/02ecfd4d87feb9ed_w16.png,02ecfd4d87feb9ed,16,Field,Noise
train/noise/02ecfd4d87feb9ed_w17.png,02ecfd4d87feb9ed,17,Field,Noise
train/noise/02ecfd4d87feb9ed_w20.png,02ecfd4d87feb9ed,20,Field,Noise
train/noise/02ecfd4d87feb9ed_w24.png,02ecfd4d87feb9ed,24,Field,Noise
train/noise/02ecfd4d87feb9ed_w27.png,02ecfd4d87feb9ed,27,Field,Noise
train/noise/02f213ee3eaae262_w02.png,02f213ee3eaae262,2,Field,Noise
train/noise/02f213ee3eaae262_w03.png,02f213ee3eaae262,3,Field,Noise
train/noise/02f213ee3eaae262_w04.png,02f213ee3eaae262,4,Field,Noise
train/noise/02f213ee3eaae262_w05.png,02f213ee3eaae262,5,Field,Noise
train/noise/02f213ee3eaae262_w13.png,02f213ee3eaae262,13,Field,Noise
train/noise/02f213ee3eaae262_w14.png,02f213ee3eaae262,14,Field,Noise
train/noise/02f213ee3eaae262_w21.png,02f213ee3eaae262,21,Field,Noise
train/noise/02f213ee3eaae262_w26.png,02f213ee3eaae262,26,Field,Noise
train/noise/02f4bb7b47ed9639_w00.png,02f4bb7b47ed9639,0,Lab,Noise
train/noise/02f4bb7b47ed9639_w01.png,02f4bb7b47ed9639,1,Lab,Noise
train/noise/02f4bb7b47ed9639_w07.png,02f4bb7b47ed9639,7,Lab,Noise
train/noise/02f4bb7b47ed9639_w09.png,02f4bb7b47ed9639,9,Lab,Noise
train/noise/02f4bb7b47ed9639_w10.png,02f4bb7b47ed9639,10,Lab,Noise
train/noise/02f4bb7b47ed9639_w11.png,02f4bb7b47ed9639,11,Lab,Noise
train/noise/02f4bb7b47ed9639_w14.png,02f4bb7b47ed9639,14,Lab,Noise
train/noise/02f4bb7b47ed9639_w26.png,02f4bb7b47ed9639,26,Lab,Noise
train/noise/033820c1cb6a2e9a_w04.png,033820c1cb6a2e9a,4,Field,Noise
train/noise/033820c1cb6a2e9a_w05.png,033820c1cb6a2e9a,5,Field,Noise
train/noise/033820c1cb6a2e9a_w11.png,033820c1cb6a2e9a,11,Field,Noise
train/noise/033820c1cb6a2e9a_w14.png,033820c1cb6a2e9a,14,Field,Noise
train/noise/033820c1cb6a2e9a_w17.png,033820c1cb6a2e9a,17,Field,Noise
train/noise/033820c1cb6a2e9a_w23.png,033820c1cb6a2e9a,23,Field,Noise
train/noise/033820c1cb6a2e9a_w26.png,033820c1cb6a2e9a,26,Field,Noise
train/noise/033820c1cb6a2e9a_w27.png,033820c1cb6a2e9a,27,Field,Noise
train/noise/034899569be3cb26_w01.png,034899569be3cb26,1,Field,Noise
train/noise/034899569be3cb26_w04.png,034899569be3cb26,4,Field,Noise
train/noise/034899569be3cb26_w05.png,034899569be3cb26,5,Field,Noise
train/noise/034899569be3cb26_w07.png,034899569be3cb26,7,Field,Noise
train/noise/034899569be3cb26_w13.png,034899569be3cb26,13,Field,Noise
train/noise/034899569be3cb26_w16.png,034899569be3cb26,16,Field,Noise
train/noise/034899569be3cb26_w18.png,034899569be3cb26,18,Field,Noise
train/noise/034899569be3cb26_w22.png,034899569be3cb26,22,Field,Noise
train/noise/03751e1c73153b1c_w02.png,03751e1c73153b1c,2,Field,Noise
train/noise/03751e1c73153b1c_w03.png,03751e1c73153b1c,3,Field,Noise
train/noise/03751e1c73153b1c_w06.png,03751e1c73153b1c,6,Field,Noise
train/noise/03751e1c73153b1c_w08.png,03751e1c73153b1c,8,Field,Noise
train/noise/03751e1c73153b1c_w15.png,03751e1c73153b1c,15,Field,Noise
train/noise/03751e1c73153b1c_w19.png,03751e1c73153b1c,19,Field,Noise
train/noise/03751e1c73153b1c_w24.png,03751e1c73153b1c,24,Field,Noise
train/noise/03751e1c73153b1c_w25.png,03751e1c73153b1c,25,Field,Noise
train/noise/039ec3feb4fd4ad2_w00.png,039ec3feb4fd4ad2,0,Field,Noise
train/noise/039ec3feb4fd4ad2_w02.png,039ec3feb4fd4ad2,2,Field,Noise
train/noise/039ec3feb4fd4ad2_w05.png,039ec3feb4fd4ad2,5,Field,Noise
train/noise/039ec3feb4fd4ad2_w09.png,039ec3feb4fd4ad2,9,Field,Noise
train/noise/039ec3feb4fd4ad2_w10.png,039ec3feb4fd4ad2,10,Field,Noise
train/noise/039ec3feb4fd4ad2_w13.png,039ec3feb4fd4ad2,13,Field,Noise
train/noise/039ec3feb4fd4ad2_w18.png,039ec3feb4fd4ad2,18,Field,Noise
train/noise/039ec3feb4fd4ad2_w24.png,039ec3feb4fd4ad2,24,Field,Noise
train/noise/0404f62d0c05083c_w01.png,0404f62d0c05083c,1,Field,Noise
train/noise/0404f62d0c05083c_w02.png,0404f62d0c05083c,2,Field,Noise
train/noise/0404f62d0c05083c_w03.png,0404f62d0c05083c,3,Field,Noise
train/noise/0404f62d0c05083c_w04.png,0404f62d0c05083c,4,Field,Noise
train/noise/0404f62d0c05083c_w09.png,0404f62d0c05083c,9,Field,Noise
train/noise/0404f62d0c05083c_w12.png,0404f62d0c05083c,12,Field,Noise
train/noise/0404f62d0c05083c_w14.png,0404f62d0c05083c,14,Field,Noise
train/noise/0404f62d0c05083c_w24.png,0404f62d0c05083c,24,Field,Noise
train/noise/041ae2cd3f93f54d_w09.png,041ae2cd3f93f54d,9,Field,Noise
train/noise/041ae2cd3f93f54d_w12.png,041ae2cd3f93f54d,12,Field,Noise
train/noise/041ae2cd3f93f54d_w17.png,041ae2cd3f93f54d,17,Field,Noise
train/noise/041ae2cd3f93f54d_w20.png,041ae2cd3f93f54d,20,Field,Noise
train/noise/041ae2cd3f93f54d_w23.png,041ae2cd3f93f54d,23,Field,Noise
train/noise/041ae2cd3f93f54d_w24.png,041ae2cd3f93f54d,24,Field,Noise
train/noise/041ae2cd3f93f54d_w26.png,041ae2cd3f93f54d,26,Field,Noise
train/noise/041ae2cd3f93f54d_w27.png,041ae2cd3f93f54d,27,Field,Noise
train/noise/04302ea872fd9c22_w01.png,04302ea872fd9c22,1,Field,Noise
train/noise/04302ea872fd9c22_w07.png,04302ea872fd9c22,7,Field,Noise
train/noise/04302ea872fd9c22_w08.png,04302ea872fd9c22,8,Field,Noise
train/noise/04302ea872fd9c22_w09.png,04302ea872fd9c22,9,Field,Noise
train/noise/04302ea872fd9c22_w12.png,04302ea872fd9c22,12,Field,Noise
train/noise/04302ea872fd9c22_w14.png,04302ea872fd9c22,14,Field,Noise
train/noise/04302ea872fd9c22_w25.png,04302ea872fd9c22,25,Field,Noise
train/noise/04302ea872fd9c22_w26.png,04302ea872fd9c22,26,Field,Noise
train/noise/0449ec6e0a42eb6c_w03.png,0449ec6e0a42eb6c,3,Field,Noise
train/noise/0449ec6e0a42eb6c_w06.png,0449ec6e0a42eb6c,6,Field,Noise
train/noise/0449ec6e0a42eb6c_w09.png,0449ec6e0a42eb6c,9,Field,Noise
train/noise/0449ec6e0a42eb6c_w11.png,0449ec6e0a42eb6c,11,Field,Noise
train/noise/0449ec6e0a42eb6c_w12.png,0449ec6e0a42eb6c,12,Field,Noise
train/noise/0449ec6e0a42eb6c_w18.png,0449ec6e0a42eb6c,18,Field,Noise
train/noise/0449ec6e0a42eb6c_w21.png,0449ec6e0a42eb6c,21,Field,Noise
train/noise/0449ec6e0a42eb6c_w27.png,0449ec6e0a42eb6c,27,Field,Noise
train/noise/0485a2a024f8d2fc_w02.png,0485a2a024f8d2fc,2,Field,Noise
train/noise/0485a2a024f8d2fc_w05.png,0485a2a024f8d2fc,5,Field,Noise
train/noise/0485a2a024f8d2fc_w06.png,0485a2a024f8d2fc,6,Field,Noise
train/noise/0485a2a024f8d2fc_w11.png,0485a2a024f8d2fc,11,Field,Noise
train/noise/0485a2a024f8d2fc_w17.png,0485a2a024f8d2fc,17,Field,Noise
train/noise/0485a2a024f8d2fc_w20.png,0485a2a024f8d2fc,20,Field,Noise
train/noise/0485a2a024f8d2fc_w23.png,0485a2a024f8d2fc,23,Field,Noise
train/noise/0485a2a024f8d2fc_w26.png,0485a2a024f8d2fc,26,Field,Noise
train/noise/0490210ca168eb67_w01.png,0490210ca168eb67,1,Field,Noise
train/noise/0490210ca168eb67_w04.png,0490210ca168eb67,4,Field,Noise
train/noise/0490210ca168eb67_w05.png,0490210ca168eb67,5,Field,Noise
train/noise/0490210ca168eb67_w09.png,0490210ca168eb67,9,Field,Noise
train/noise/0490210ca168eb67_w13.png,0490210ca168eb67,13,Field,Noise
train/noise/0490210ca168eb67_w19.png,0490210ca168eb67,19,Field,Noise
train/noise/0490210ca168eb67_w21.png,0490210ca168eb67,21,Field,Noise
train/noise/0490210ca168eb67_w26.png,0490210ca168eb67,26,Field,Noise
train/noise/04a3d2a4210f462a_w00.png,04a3d2a4210f462a,0,Field,Noise
train/noise/04a3d2a4210f462a_w02.png,04a3d2a4210f462a,2,Field,Noise
train/noise/04a3d2a4210f462a_w04.png,04a3d2a4210f462a,4,Field,Noise
train/noise/04a3d2a4210f462a_w14.png,04a3d2a4210f462a,14,Field,Noise
train/noise/04a3d2a4210f462a_w18.png,04a3d2a4210f462a,18,Field,Noise
train/noise/04a3d2a4210f462a_w23.png,04a3d2a4210f462a,23,Field,Noise
train/noise/04a3d2a4210f462a_w24.png,04a3d2a4210f462a,24,Field,Noise
train/noise/04a3d2a4210f462a_w26.png,04a3d2a4210f462a,26,Field,Noise
train/noise/04d989413ae82a35_w04.png,04d989413ae82a35,4,Field,Noise
train/noise/04d989413ae82a35_w07.png,04d989413ae82a35,7,Field,Noise
train/noise/04d989413ae82a35_w11.png,04d989413ae82a35,11,Field,Noise
train/noise/04d989413ae82a35_w15.png,04d989413ae82a35,15,Field,Noise
train/noise/04d989413ae82a35_w18.png,04d989413ae82a35,18,Field,Noise
train/noise/04d989413ae82a35_w22.png,04d989413ae82a35,22,Field,Noise
train/noise/04d989413ae82a35_w23.png,04d989413ae82a35,23,Field,Noise
train/noise/04d989413ae82a35_w27.png,04d989413ae82a35,27,Field,Noise
train/noise/050f0fc4f5999a1b_w01.png,050f0fc4f5999a1b,1,Lab,Noise
train/noise/050f0fc4f5999a1b_w04.png,050f0fc4f5999a1b,4,Lab,Noise
train/noise/050f0fc4f5999a1b_w06.png,050f0fc4f5999a1b,6,Lab,Noise
train/noise/050f0fc4f5999a1b_w09.png,050f0fc4f5999a1b,9,Lab,Noise
train/noise/050f0fc4f5999a1b_w12.png,050f0fc4f5999a1b,12,Lab,Noise
train/noise/050f0fc4f5999a1b_w13.png,050f0fc4f5999a1b,13,Lab,Noise
train/noise/050f0fc4f5999a1b_w18.png,050f0fc4f5999a1b,18,Lab,Noise
train/noise/050f0fc4f5999a1b_w25.png,050f0fc4f5999a1b,25,Lab,Noise
train/noise/051c6e9fdc436442_w00.png,051c6e9fdc436442,0,Lab,Noise
train/noise/051c6e9fdc436442_w01.png,051c6e9fdc436442,1,Lab,Noise
train/noise/051c6e9fdc436442_w05.png,051c6e9fdc436442,5,Lab,Noise
train/noise/051c6e9fdc436442_w10.png,051c6e9fdc436442,10,Lab,Noise
train/noise/051c6e9fdc436442_w14.png,051c6e9fdc436442,14,Lab,Noise
train/noise/051c6e9fdc436442_w22.png,051c6e9fdc436442,22,Lab,Noise
train/noise/051c6e9fdc436442_w23.png,051c6e9fdc436442,23,Lab,Noise
train/noise/051c6e9fdc436442_w24.png,051c6e9fdc436442,24,Lab,Noise
train/noise/05454ec1ded87bd2_w01.png,05454ec1ded87bd2,1,Lab,Noise
train/noise/05454ec1ded87bd2_w04.png,05454ec1ded87bd2,4,Lab,Noise
train/noise/05454ec1ded87bd2_w06.png,05454ec1ded87bd2,6,Lab,Noise
train/noise/05454ec1ded87bd2_w08.png,05454ec1ded87bd2,8,Lab,Noise
train/noise/05454ec1ded87bd2_w10.png,05454ec1ded87bd2,10,Lab,Noise
train/noise/05454ec1ded87bd2_w16.png,05454ec1ded87bd2,16,Lab,Noise
train/noise/05454ec1ded87bd2_w18.png,05454ec1ded87bd2,18,Lab,Noise
train/noise/05454ec1ded87bd2_w27.png,05454ec1ded87bd2,27,Lab,Noise
train/noise/05a1bb143abc9243_w00.png,05a1bb143abc9243,0,Field,Noise
train/noise/05a1bb143abc9243_w08.png,05a1bb143abc9243,8,Field,Noise
train/noise/05a1bb143abc9243_w12.png,05a1bb143abc9243,12,Field,Noise
train/noise/05a1bb143abc9243_w13.png,05a1bb143abc9243,13,Field,Noise
train/noise/05a1bb143abc9243_w14.png,05a1bb143abc9243,14,Field,Noise
train/noise/05a1bb143abc9243_w20.png,05a1bb143abc9243,20,Field,Noise
train/noise/05a1bb143abc9243_w25.png,05a1bb143abc9243,25,Field,Noise
train/noise/05a1bb143abc9243_w27.png,05a1bb143abc9243,27,Field,Noise
train/noise/06175ecd890fb7af_w02.png,06175ecd890fb7af,2,Field,Noise
train/noise/06175ecd890fb7af_w03.png,06175ecd890fb7af,3,Field,Noise
train/noise/06175ecd890fb7af_w10.png,06175ecd890fb7af,10,Field,Noise
train/noise/06175ecd890fb7af_w11.png,06175ecd890fb7af,11,Field,Noise
train/noise/06175ecd890fb7af_w16.png,06175ecd890fb7af,16,Field,Noise
train/noise/06175ecd890fb7af_w19.png,06175ecd890fb7af,19,Field,Noise
train/noise/06175ecd890fb7af_w20.png,06175ecd890fb7af,20,Field,Noise
train/noise/06175ecd890fb7af_w21.png,06175ecd890fb7af,21,Field,Noise
train/noise/062d9a217b2c70ae_w08.png,062d9a217b2c70ae,8,Field,Noise
train/noise/062d9a217b2c70ae_w09.png,062d9a217b2c70ae,9,Field,Noise
train/noise/062d9a217b2c70ae_w10.png,062d9a217b2c70ae,10,Field,Noise
train/noise/062d9a217b2c70ae_w12.png,062d9a217b2c70ae,12,Field,Noise
train/noise/062d9a217b2c70ae_w17.png,062d9a217b2c70ae,17,Field,Noise
train/noise/062d9a217b2c70ae_w18.png,062d9a217b2c70ae,18,Field,Noise
train/noise/062d9a217b2c70ae_w24.png,062d9a217b2c70ae,24,Field,Noise
train/noise/062d9a217b2c70ae_w26.png,062d9a217b2c70ae,26,Field,Noise
train/noise/067a7f0a8354e2b1_w02.png,067a7f0a8354e2b1,2,Field,Noise
train/noise/067a7f0a8354e2b1_w03.png,067a7f0a8354e2b1,3,Field,Noise
train/noise/067a7f0a8354e2b1_w13.png,067a7f0a8354e2b1,13,Field,Noise
train/noise/067a7f0a8354e2b1_w17.png,067a7f0a8354e2b1,17,Field,Noise
train/noise/067a7f0a8354e2b1_w18.png,067a7f0a8354e2b1,18,Field,Noise
train/noise/067a7f0a8354e2b1_w20.png,067a7f0a8354e2b1,20,Field,Noise
train/noise/067a7f0a8354e2b1_w21.png,067a7f0a8354e2b1,21,Field,Noise
train/noise/067a7f0a8354e2b1_w25.png,067a7f0a8354e2b1,25,Field,Noise
train/noise/06da8eeede77219d_w03.png,06da8eeede77219d,3,Field,Noise
train/noise/06da8eeede77219d_w06.png,06da8eeede77219d,6,Field,Noise
train/noise/06da8eeede77219d_w08.png,06da8eeede77219d,8,Field,Noise
train/noise/06da8eeede77219d_w13.png,06da8eeede77219d,13,Field,Noise
train/noise/06da8eeede77219d_w16.png,06da8eeede77219d,16,Field,Noise
train/noise/06da8eeede77219d_w23.png,06da8eeede77219d,23,Field,Noise
train/noise/06da8eeede77219d_w24.png,06da8eeede77219d,24,Field,Noise
train/noise/06da8eeede77219d_w26.png,06da8eeede77219d,26,Field,Noise
train/noise/08b1439c42371a4b_w03.png,08b1439c42371a4b,3,Field,Noise
train/noise/08b1439c42371a4b_w04.png,08b1439c42371a4b,4,Field,Noise
train/noise/08b1439c42371a4b_w05.png,08b1439c42371a4b,5,Field,Noise
train/noise/08b1439c42371a4b_w07.png,08b1439c42371a4b,7,Field,Noise
train/noise/08b1439c42371a4b_w11.png,08b1439c42371a4b,11,Field,Noise
train/noise/08b1439c42371a4b_w20.png,08b1439c42371a4b,20,Field,Noise
train/noise/08b1439c42371a4b_w24.png,08b1439c42371a4b,24,Field,Noise
train/noise/08b1439c42371a4b_w27.png,08b1439c42371a4b,27,Field,Noise
train/noise/08c970fab0a8a778_w01.png,08c970fab0a8a778,1,Lab,Noise
train/noise/08c970fab0a8a778_w02.png,08c970fab0a8a778,2,Lab,Noise
train/noise/08c970fab0a8a778_w05.png,08c970fab0a8a778,5,Lab,Noise
train/noise/08c970fab0a8a778_w09.png,08c970fab0a8a778,9,Lab,Noise
train/noise/08c970fab0a8a778_w13.png,08c970fab0a8a778,13,Lab,Noise
train/noise/08c970fab0a8a778_w14.png,08c970fab0a8a778,14,Lab,Noise
train/noise/08c970fab0a8a778_w23.png,08c970fab0a8a778,23,Lab,Noise
train/noise/08c970fab0a8a778_w25.png,08c970fab0a8a778,25,Lab,Noise
train/noise/09786fa8d6e7a506_w02.png,09786fa8d6e7a506,2,Field,Noise
train/noise/09786fa8d6e7a506_w04.png,09786fa8d6e7a506,4,Field,Noise
train/noise/09786fa8d6e7a506_w05.png,09786fa8d6e7a506,5,Field,Noise
train/noise/09786fa8d6e7a506_w09.png,09786fa8d6e7a506,9,Field,Noise
train/noise/09786fa8d6e7a506_w13.png,09786fa8d6e7a506,13,Field,Noise
train/noise/09786fa8d6e7a506_w15.png,09786fa8d6e7a506,15,Field,Noise
train/noise/09786fa8d6e7a506_w17.png,09786fa8d6e7a506,17,Field,Noise
train/noise/09786fa8d6e7a506_w24.png,09786fa8d6e7a506,24,Field,Noise
train/noise/09ae387a65b7509c_w05.png,09ae387a65b7509c,5,Field,Noise
train/noise/09ae387a65b7509c_w12.png,09ae387a65b7509c,12,Field,Noise
train/noise/09ae387a65b7509c_w14.png,09ae387a65b7509c,14,Field,Noise
train/noise/09ae387a65b7509c_w15.png,09ae387a65b7509c,15,Field,Noise
train/noise/09ae387a65b7509c_w16.png,09ae387a65b7509c,16,Field,Noise
train/noise/09ae387a65b7509c_w19.png,09ae387a65b7509c,19,Field,Noise
train/noise/09ae387a65b7509c_w22.png,09ae387a65b7509c,22,Field,Noise
train/noise/09ae387a65b7509c_w23.png,09ae387a65b7509c,23,Field,Noise
train/noise/0a1d17053e6b17f6_w03.png,0a1d17053e6b17f6,3,Lab,Noise
train/noise/0a1d17053e6b17f6_w04.png,0a1d17053e6b17f6,4,Lab,Noise
train/noise/0a1d17053e6b17f6_w05.png,0a1d17053e6b17f6,5,Lab,Noise
train/noise/0a1d17053e6b17f6_w06.png,0a1d17053e6b17f6,6,Lab,Noise
train/noise/0a1d17053e6b17f6_w11.png,0a1d17053e6b17f6,11,Lab,Noise
train/noise/0a1d17053e6b17f6_w20.png,0a1d17053e6b17f6,20,Lab,Noise
train/noise/0a1d17053e6b17f6_w22.png,0a1d17053e6b17f6,22,Lab,Noise
train/noise/0a1d17053e6b17f6_w27.png,0a1d17053e6b17f6,27,Lab,Noise
train/noise/0acd3e3d58b4f272_w03.png,0acd3e3d58b4f272,3,Field,Noise
train/noise/0acd3e3d58b4f272_w04.png,0acd3e3d58b4f272,4,Field,Noise
train/noise/0acd3e3d58b4f272_w05.png,0acd3e3d58b4f272,5,Field,Noise
train/noise/0acd3e3d58b4f272_w07.png,0acd3e3d58b4f272,7,Field,Noise
train/noise/0acd3e3d58b4f272_w16.png,0acd3e3d58b4f272,16,Field,Noise
train/noise/0acd3e3d58b4f272_w19.png,0acd3e3d58b4f272,19,Field,Noise
train/noise/0acd3e3d58b4f272_w24.png,0acd3e3d58b4f272,24,Field,Noise
train/noise/0acd3e3d58b4f272_w27.png,0acd3e3d58b4f272,27,Field,Noise
train/noise/0b0d2c02d539bd29_w01.png,0b0d2c02d539bd29,1,Field,Noise
train/noise/0b0d2c02d539bd29_w03.png,0b0d2c02d539bd29,3,Field,Noise
train/noise/0b0d2c02d539bd29_w04.png,0b0d2c02d539bd29,4,Field,Noise
train/noise/0b0d2c02d539bd29_w09.png,0b0d2c02d539bd29,9,Field,Noise
train/noise/0b0d2c02d539bd29_w14.png,0b0d2c02d539bd29,14,Field,Noise
train/noise/0b0d2c02d539bd29_w16.png,0b0d2c02d539bd29,16,Field,Noise
train/noise/0b0d2c02d539bd29_w19.png,0b0d2c02d539bd29,19,Field,Noise
train/noise/0b0d2c02d539bd29_w26.png,0b0d2c02d539bd29,26,Field,Noise
train/noise/0b0e5bf1047ada9a_w09.png,0b0e5bf1047ada9a,9,Field,Noise
train/noise/0b0e5bf1047ada9a_w10.png,0b0e5bf1047ada9a,10,Field,Noise
train/noise/0b0e5bf1047ada9a_w12.png,0b0e5bf1047ada9a,12,Field,Noise
train/noise/0b0e5bf1047ada9a_w14.png,0b0e5bf1047ada9a,14,Field,Noise
train/noise/0b0e5bf1047ada9a_w21.png,0b0e5bf1047ada9a,21,Field,Noise
train/noise/0b0e5bf1047ada9a_w23.png,0b0e5bf1047ada9a,23,Field,Noise
train/noise/0b0e5bf1047ada9a_w25.png,0b0e5bf1047ada9a,25,Field,Noise
train/noise/0b0e5bf1047ada9a_w26.png,0b0e5bf1047ada9a,26,Field,Noise
train/noise/0b9cf4ddff8bea51_w04.png,0b9cf4ddff8bea51,4,Field,Noise
train/noise/0b9cf4ddff8bea51_w09.png,0b9cf4ddff8bea51,9,Field,Noise
train/noise/0b9cf4ddff8bea51_w10.png,0b9cf4ddff8bea51,10,Field,Noise
train/noise/0b9cf4ddff8bea51_w11.png,0b9cf4ddff8bea51,11,Field,Noise
train/noise/0b9cf4ddff8bea51_w12.png,0b9cf4ddff8bea51,12,Field,Noise
train/noise/0b9cf4ddff8bea51_w16.png,0b9cf4ddff8bea51,16,Field,Noise
train/noise/0b9cf4ddff8bea51_w21.png,0b9cf4ddff8bea51,21,Field,Noise
train/noise/0b9cf4ddff8bea51_w26.png,0b9cf4ddff8bea51,26,Field,Noise
train/noise/0c065fddb0199136_w01.png,0c065fddb0199136,1,Field,Noise
train/noise/0c065fddb0199136_w08.png,0c065fddb0199136,8,Field,Noise
train/noise/0c065fddb0199136_w10.png,0c065fddb0199136,10,Field,Noise
train/noise/0c065fddb0199136_w11.png,0c065fddb0199136,11,Field,Noise
train/noise/0c065fddb0199136_w12.png,0c065fddb0199136,12,Field,Noise
train/noise/0c065fddb0199136_w19.png,0c065fddb0199136,19,Field,Noise
train/noise/0c065fddb0199136_w21.png,0c065fddb0199136,21,Field,Noise
train/noise/0c065fddb0199136_w26.png,0c065fddb0199136,26,Field,Noise
train/noise/0c7ecfbd750a6a56_w09.png,0c7ecfbd750a6a56,9,Field,Noise
train/noise/0c7ecfbd750a6a56_w12.png,0c7ecfbd750a6a56,12,Field,Noise
train/noise/0c7ecfbd750a6a56_w13.png,0c7ecfbd750a6a56,13,Field,Noise
train/noise/0c7ecfbd750a6a56_w18.png,0c7ecfbd750a6a56,18,Field,Noise
train/noise/0c7ecfbd750a6a56_w22.png,0c7ecfbd750a6a56,22,Field,Noise
train/noise/0c7ecfbd750a6a56_w23.png,0c7ecfbd750a6a56,23,Field,Noise
train/noise/0c7ecfbd750a6a56_w24.png,0c7ecfbd750a6a56,24,Field,Noise
train/noise/0c7ecfbd750a6a56_w27.png,0c7ecfbd750a6a56,27,Field,Noise
train/noise/0c81c23296c3b960_w07.png,0c81c23296c3b960,7,Field,Noise
train/noise/0c81c23296c3b960_w08.png,0c81c23296c3b960,8,Field,Noise
train/noise/0c81c23296c3b960_w12.png,0c81c23296c3b960,12,Field,Noise
train/noise/0c81c23296c3b960_w15.png,0c81c23296c3b960,15,Field,Noise
train/noise/0c81c23296c3b960_w17.png,0c81c23296c3b960,17,Field,Noise
train/noise/0c81c23296c3b960_w21.png,0c81c23296c3b960,21,Field,Noise
train/noise/0c81c23296c3b960_w23.png,0c81c23296c3b960,23,Field,Noise
train/noise/0c81c23296c3b960_w24.png,0c81c23296c3b960,24,Field,Noise
train/noise/0c9902bd009944d0_w01.png,0c9902bd009944d0,1,Field,Noise
train/noise/0c9902bd009944d0_w04.png,0c9902bd009944d0,4,Field,Noise
train/noise/0c9902bd009944d0_w08.png,0c9902bd009944d0,8,Field,Noise
train/noise/0c9902bd009944d0_w10.png,0c9902bd009944d0,10,Field,Noise
train/noise/0c9902bd009944d0_w13.png,0c9902bd009944d0,13,Field,Noise
train/noise/0c9902bd009944d0_w14.png,0c9902bd009944d0,14,Field,Noise
train/noise/0c9902bd009944d0_w15.png,0c9902bd009944d0,15,Field,Noise
train/noise/0c9902bd009944d0_w22.png,0c9902bd009944d0,22,Field,Noise
train/noise/0cc891c5a2c22d17_w00.png,0cc891c5a2c22d17,0,Field,Noise
train/noise/0cc891c5a2c22d17_w02.png,0cc891c5a2c22d17,2,Field,Noise
train/noise/0cc891c5a2c22d17_w12.png,0cc891c5a2c22d17,12,Field,Noise
train/noise/0cc891c5a2c22d17_w14.png,0cc891c5a2c22d17,14,Field,Noise
train/noise/0cc891c5a2c22d17_w15.png,0cc891c5a2c22d17,15,Field,Noise
train/noise/0cc891c5a2c22d17_w17.png,0cc891c5a2c22d17,17,Field,Noise
train/noise/0cc891c5a2c22d17_w21.png,0cc891c5a2c22d17,21,Field,Noise
train/noise/0cc891c5a2c22d17_w26.png,0cc891c5a2c22d17,26,Field,Noise
train/noise/0d6d4fcc0fad030b_w06.png,0d6d4fcc0fad030b,6,Field,Noise
train/noise/0d6d4fcc0fad030b_w12.png,0d6d4fcc0fad030b,12,Field,Noise
train/noise/0d6d4fcc0fad030b_w16.png,0d6d4fcc0fad030b,16,Field,Noise
train/noise/0d6d4fcc0fad030b_w17.png,0d6d4fcc0fad030b,17,Field,Noise
train/noise/0d6d4fcc0fad030b_w19.png,0d6d4fcc0fad030b,19,Field,Noise
train/noise/0d6d4fcc0fad030b_w20.png,0d6d4fcc0fad030b,20,Field,Noise
train/noise/0d6d4fcc0fad030b_w21.png,0d6d4fcc0fad030b,21,Field,Noise
train/noise/0d6d4fcc0fad030b_w26.png,0d6d4fcc0fad030b,26,Field,Noise
train/noise/0d95b3bc32e7ae09_w02.png,0d95b3bc32e7ae09,2,Field,Noise
train/noise/0d95b3bc32e7ae09_w10.png,0d95b3bc32e7ae09,10,Field,Noise
train/noise/0d95b3bc32e7ae09_w13.png,0d95b3bc32e7ae09,13,Field,Noise
train/noise/0d95b3bc32e7ae09_w15.png,0d95b3bc32e7ae09,15,Field,Noise
train/noise/0d95b3bc32e7ae09_w18.png,0d95b3bc32e7ae09,18,Field,Noise
train/noise/0d95b3bc32e7ae09_w19.png,0d95b3bc32e7ae09,19,Field,Noise
train/noise/0d95b3bc32e7ae09_w21.png,0d95b3bc32e7ae09,21,Field,Noise
train/noise/0d95b3bc32e7ae09_w23.png,0d95b3bc32e7ae09,23,Field,Noise
train/noise/0d9df5189589ccb7_w01.png,0d9df5189589ccb7,1,Field,Noise
train/noise/0d9df5189589ccb7_w02.png,0d9df5189589ccb7,2,Field,Noise
train/noise/0d9df5189589ccb7_w04.png,0d9df5189589ccb7,4,Field,Noise
train/noise/0d9df5189589ccb7_w10.png,0d9df5189589ccb7,10,Field,Noise
train/noise/0d9df5189589ccb7_w13.png,0d9df5189589ccb7,13,Field,Noise
train/noise/0d9df5189589ccb7_w14.png,0d9df5189589ccb7,14,Field,Noise
train/noise/0d9df5189589ccb7_w19.png,0d9df5189589ccb7,19,Field,Noise
train/noise/0d9df5189589ccb7_w20.png,0d9df5189589ccb7,20,Field,Noise
train/noise/0de0d12bd5a85f15_w01.png,0de0d12bd5a85f15,1,Field,Noise
train/noise/0de0d12bd5a85f15_w02.png,0de0d12bd5a85f15,2,Field,Noise
train/noise/0de0d12bd5a85f15_w12.png,0de0d12bd5a85f15,12,Field,Noise
train/noise/0de0d12bd5a85f15_w16.png,0de0d12bd5a85f15,16,Field,Noise
train/noise/0de0d12bd5a85f15_w17.png,0de0d12bd5a85f15,17,Field,Noise
train/noise/0de0d12bd5a85f15_w21.png,0de0d12bd5a85f15,21,Field,Noise
train/noise/0de0d12bd5a85f15_w23.png,0de0d12bd5a85f15,23,Field,Noise
train/noise/0de0d12bd5a85f15_w27.png,0de0d12bd5a85f15,27,Field,Noise
train/noise/0e3ef95345288e4f_w00.png,0e3ef95345288e4f,0,Lab,Noise
train/noise/0e3ef95345288e4f_w09.png,0e3ef95345288e4f,9,Lab,Noise
train/noise/0e3ef95345288e4f_w10.png,0e3ef95345288e4f,10,Lab,Noise
train/noise/0e3ef95345288e4f_w12.png,0e3ef95345288e4f,12,Lab,Noise
train/noise/0e3ef95345288e4f_w14.png,0e3ef95345288e4f,14,Lab,Noise
train/noise/0e3ef95345288e4f_w21.png,0e3ef95345288e4f,21,Lab,Noise
train/noise/0e3ef95345288e4f_w22.png,0e3ef95345288e4f,22,Lab,Noise
train/noise/0e3ef95345288e4f_w23.png,0e3ef95345288e4f,23,Lab,Noise
train/noise/0e9ab03b2c92c716_w01.png,0e9ab03b2c92c716,1,Field,Noise
train/noise/0e9ab03b2c92c716_w03.png,0e9ab03b2c92c716,3,Field,Noise
train/noise/0e9ab03b2c92c716_w10.png,0e9ab03b2c92c716,10,Field,Noise
train/noise/0e9ab03b2c92c716_w11.png,0e9ab03b2c92c716,11,Field,Noise
train/noise/0e9ab03b2c92c716_w13.png,0e9ab03b2c92c716,13,Field,Noise
train/noise/0e9ab03b2c92c716_w14.png,0e9ab03b2c92c716,14,Field,Noise
train/noise/0e9ab03b2c92c716_w18.png,0e9ab03b2c92c716,18,Field,Noise
train/noise/0e9ab03b2c92c716_w21.png,0e9ab03b2c92c716,21,Field,Noise
train/noise/0e9bbf7650e344be_w00.png,0e9bbf7650e344be,0,Field,Noise
train/noise/0e9bbf7650e344be_w01.png,0e9bbf7650e344be,1,Field,Noise
train/noise/0e9bbf7650e344be_w04.png,0e9bbf7650e344be,4,Field,Noise
train/noise/0e9bbf7650e344be_w06.png,0e9bbf7650e344be,6,Field,Noise
train/noise/0e9bbf7650e344be_w10.png,0e9bbf7650e344be,10,Field,Noise
train/noise/0e9bbf7650e344be_w19.png,0e9bbf7650e344be,19,Field,Noise
train/noise/0e9bbf7650e344be_w22.png,0e9bbf7650e344be,22,Field,Noise
train/noise/0e9bbf7650e344be_w27.png,0e9bbf7650e344be,27,Field,Noise
train/noise/0ea907e0b449e1c4_w00.png,0ea907e0b449e1c4,0,Lab,Noise
train/noise/0ea907e0b449e1c4_w03.png,0ea907e0b449e1c4,3,Lab,Noise
train/noise/0ea907e0b449e1c4_w06.png,0ea907e0b449e1c4,6,Lab,Noise
train/noise/0ea907e0b449e1c4_w07.png,0ea907e0b449e1c4,7,Lab,Noise
train/noise/0ea907e0b449e1c4_w22.png,0ea907e0b449e1c4,22,Lab,Noise
train/noise/0ea907e0b449e1c4_w24.png,0ea907e0b449e1c4,24,Lab,Noise
train/noise/0ea907e0b449e1c4_w25.png,0ea907e0b449e1c4,25,Lab,Noise
train/noise/0ea907e0b449e1c4_w27.png,0ea907e0b449e1c4,27,Lab,Noise
train/noise/0eace51d7c833d4b_w00.png,0eace51d7c833d4b,0,Field,Noise
train/noise/0eace51d7c833d4b_w03.png,0eace51d7c833d4b,3,Field,Noise
train/noise/0eace51d7c833d4b_w07.png,0eace51d7c833d4b,7,Field,Noise
train/noise/0eace51d7c833d4b_w09.png,0eace51d7c833d4b,9,Field,Noise
train/noise/0eace51d7c833d4b_w12.png,0eace51d7c833d4b,12,Field,Noise
train/noise/0eace51d7c833d4b_w16.png,0eace51d7c833d4b,16,Field,Noise
train/noise/0eace51d7c833d4b_w20.png,0eace51d7c833d4b,20,Field,Noise
train/noise/0eace51d7c833d4b_w24.png,0eace51d7c833d4b,24,Field,Noise
train/noise/0eba3a92bc21f301_w05.png,0eba3a92bc21f301,5,Field,Noise
train/noise/0eba3a92bc21f301_w08.png,0eba3a92bc21f301,8,Field,Noise
train/noise/0eba3a92bc21f301_w13.png,0eba3a92bc21f301,13,Field,Noise
train/noise/0eba3a92bc21f301_w16.png,0eba3a92bc21f301,16,Field,Noise
train/noise/0eba3a92bc21f301_w21.png,0eba3a92bc21f301,21,Field,Noise
train/noise/0eba3a92bc21f301_w22.png,0eba3a92bc21f301,22,Field,Noise
train/noise/0eba3a92bc21f301_w26.png,0eba3a92bc21f301,26,Field,Noise
train/noise/0eba3a92bc21f301_w27.png,0eba3a92bc21f301,27,Field,Noise
train/noise/0ebf148bc7f8ce0c_w01.png,0ebf148bc7f8ce0c,1,Field,Noise
train/noise/0ebf148bc7f8ce0c_w06.png,0ebf148bc7f8ce0c,6,Field,Noise
train/noise/0ebf148bc7f8ce0c_w09.png,0ebf148bc7f8ce0c,9,Field,Noise
train/noise/0ebf148bc7f8ce0c_w17.png,0ebf148bc7f8ce0c,17,Field,Noise
train/noise/0ebf148bc7f8ce0c_w18.png,0ebf148bc7f8ce0c,18,Field,Noise
train/noise/0ebf148bc7f8ce0c_w21.png,0ebf148bc7f8ce0c,21,Field,Noise
train/noise/0ebf148bc7f8ce0c_w23.png,0ebf148bc7f8ce0c,23,Field,Noise
train/noise/0ebf148bc7f8ce0c_w24.png,0ebf148bc7f8ce0c,24,Field,Noise
train/noise/0ed0546f71d3eb27_w02.png,0ed0546f71d3eb27,2,Field,Noise
train/noise/0ed0546f71d3eb27_w05.png,0ed0546f71d3eb27,5,Field,Noise
train/noise/0ed0546f71d3eb27_w11.png,0ed0546f71d3eb27,11,Field,Noise
train/noise/0ed0546f71d3eb27_w14.png,0ed0546f71d3eb27,14,Field,Noise
train/noise/0ed0546f71d3eb27_w16.png,0ed0546f71d3eb27,16,Field,Noise
train/noise/0ed0546f71d3eb27_w18.png,0ed0546f71d3eb27,18,Field,Noise
train/noise/0ed0546f71d3eb27_w20.png,0ed0546f71d3eb27,20,Field,Noise
train/noise/0ed0546f71d3eb27_w23.png,0ed0546f71d3eb27,23,Field,Noise
train/noise/0f57e638177c91d6_w00.png,0f57e638177c91d6,0,Field,Noise
train/noise/0f57e638177c91d6_w01.png,0f57e638177c91d6,1,Field,Noise
train/noise/0f57e638177c91d6_w04.png,0f57e638177c91d6,4,Field,Noise
train/noise/0f57e638177c91d6_w05.png,0f57e638177c91d6,5,Field,Noise
train/noise/0f57e638177c91d6_w07.png,0f57e638177c91d6,7,Field,Noise
train/noise/0f57e638177c91d6_w08.png,0f57e638177c91d6,8,Field,Noise
train/noise/0f57e638177c91d6_w13.png,0f57e638177c91d6,13,Field,Noise
train/noise/0f57e638177c91d6_w22.png,0f57e638177c91d6,22,Field,Noise
train/noise/0fde3333e66e97da_w06.png,0fde3333e66e97da,6,Field,Noise
train/noise/0fde3333e66e97da_w09.png,0fde3333e66e97da,9,Field,Noise
train/noise/0fde3333e66e97da_w13.png,0fde3333e66e97da,13,Field,Noise
train/noise/0fde3333e66e97da_w14.png,0fde3333e66e97da,14,Field,Noise
train/noise/0fde3333e66e97da_w16.png,0fde3333e66e97da,16,Field,Noise
train/noise/0fde3333e66e97da_w17.png,0fde3333e66e97da,17,Field,Noise
train/noise/0fde3333e66e97da_w20.png,0fde3333e66e97da,20,Field,Noise
train/noise/0fde3333e66e97da_w24.png,0fde3333e66e97da,24,Field,Noise
train/noise/0fe1cb5fab7d135e_w00.png,0fe1cb5fab7d135e,0,Field,Noise
train/noise/0fe1cb5fab7d135e_w02.png,0fe1cb5fab7d135e,2,Field,Noise
train/noise/0fe1cb5fab7d135e_w08.png,0fe1cb5fab7d135e,8,Field,Noise
train/noise/0fe1cb5fab7d135e_w14.png,0fe1cb5fab7d135e,14,Field,Noise
train/noise/0fe1cb5fab7d135e_w15.png,0fe1cb5fab7d135e,15,Field,Noise
train/noise/0fe1cb5fab7d135e_w20.png,0fe1cb5fab7d135e,20,Field,Noise
train/noise/0fe1cb5fab7d135e_w22.png,0fe1cb5fab7d135e,22,Field,Noise
train/noise/0fe1cb5fab7d135e_w24.png,0fe1cb5fab7d135e,24,Field,Noise
train/noise/1049fce6cc040bec_w01.png,1049fce6cc040bec,1,Field,Noise
train/noise/1049fce6cc040bec_w02.png,1049fce6cc040bec,2,Field,Noise
train/noise/1049fce6cc040bec_w03.png,1049fce6cc040bec,3,Field,Noise
train/noise/1049fce6cc040bec_w04.png,1049fce6cc040bec,4,Field,Noise
train/noise/1049fce6cc040bec_w05.png,1049fce6cc040bec,5,Field,Noise
train/noise/1049fce6cc040bec_w08.png,1049fce6cc040bec,8,Field,Noise
train/noise/1049fce6cc040bec_w20.png,1049fce6cc040bec,20,Field,Noise
train/noise/1049fce6cc040bec_w27.png,1049fce6cc040bec,27,Field,Noise
train/noise/10587e228fb47ec2_w01.png,10587e228fb47ec2,1,Field,Noise
train/noise/10587e228fb47ec2_w05.png,10587e228fb47ec2,5,Field,Noise
train/noise/10587e228fb47ec2_w09.png,10587e228fb47ec2,9,Field,Noise
train/noise/10587e228fb47ec2_w10.png,10587e228fb47ec2,10,Field,Noise
train/noise/10587e228fb47ec2_w13.png,10587e228fb47ec2,13,Field,Noise
train/noise/10587e228fb47ec2_w20.png,10587e228fb47ec2,20,Field,Noise
train/noise/10587e228fb47ec2_w21.png,10587e228fb47ec2,21,Field,Noise
train/noise/10587e228fb47ec2_w24.png,10587e228fb47ec2,24,Field,Noise
train/noise/10d8fbeb6f34644d_w01.png,10d8fbeb6f34644d,1,Field,Noise
train/noise/10d8fbeb6f34644d_w03.png,10d8fbeb6f34644d,3,Field,Noise
train/noise/10d8fbeb6f34644d_w12.png,10d8fbeb6f34644d,12,Field,Noise
train/noise/10d8fbeb6f34644d_w18.png,10d8fbeb6f34644d,18,Field,Noise
train/noise/10d8fbeb6f34644d_w19.png,10d8fbeb6f34644d,19,Field,Noise
train/noise/10d8fbeb6f34644d_w21.png,10d8fbeb6f34644d,21,Field,Noise
train/noise/10d8fbeb6f34644d_w22.png,10d8fbeb6f34644d,22,Field,Noise
train/noise/10d8fbeb6f34644d_w23.png,10d8fbeb6f34644d,23,Field,Noise
train/noise/11030131c79bb7a4_w04.png,11030131c79bb7a4,4,Field,Noise
train/noise/11030131c79bb7a4_w08.png,11030131c79bb7a4,8,Field,Noise
train/noise/11030131c79bb7a4_w09.png,11030131c79bb7a4,9,Field,Noise
train/noise/11030131c79bb7a4_w17.png,11030131c79bb7a4,17,Field,Noise
train/noise/11030131c79bb7a4_w20.png,11030131c79bb7a4,20,Field,Noise
train/noise/11030131c79bb7a4_w21.png,11030131c79bb7a4,21,Field,Noise
train/noise/11030131c79bb7a4_w24.png,11030131c79bb7a4,24,Field,Noise
train/noise/11030131c79bb7a4_w27.png,11030131c79bb7a4,27,Field,Noise
train/noise/111d78ffcfb72804_w04.png,111d78ffcfb72804,4,Field,Noise
train/noise/111d78ffcfb72804_w11.png,111d78ffcfb72804,11,Field,Noise
train/noise/111d78ffcfb72804_w14.png,111d78ffcfb72804,14,Field,Noise
train/noise/111d78ffcfb72804_w17.png,111d78ffcfb72804,17,Field,Noise
train/noise/111d78ffcfb72804_w20.png,111d78ffcfb72804,20,Field,Noise
train/noise/111d78ffcfb72804_w23.png,111d78ffcfb72804,23,Field,Noise
train/noise/111d78ffcfb72804_w25.png,111d78ffcfb72804,25,Field,Noise
train/noise/111d78ffcfb72804_w26.png,111d78ffcfb72804,26,Field,Noise
train/noise/112ecd97e76f9389_w02.png,112ecd97e76f9389,2,Field,Noise
train/noise/112ecd97e76f9389_w05.png,112ecd97e76f9389,5,Field,Noise
train/noise/112ecd97e76f9389_w07.png,112ecd97e76f9389,7,Field,Noise
train/noise/112ecd97e76f9389_w08.png,112ecd97e76f9389,8,Field,Noise
train/noise/112ecd97e76f9389_w11.png,112ecd97e76f9389,11,Field,Noise
train/noise/112ecd97e76f9389_w18.png,112ecd97e76f9389,18,Field,Noise
train/noise/112ecd97e76f9389_w20.png,112ecd97e76f9389,20,Field,Noise
train/noise/112ecd97e76f9389_w25.png,112ecd97e76f9389,25,Field,Noise
train/noise/11a26a24856d3fae_w02.png,11a26a24856d3fae,2,Field,Noise
train/noise/11a26a24856d3fae_w03.png,11a26a24856d3fae,3,Field,Noise
train/noise/11a26a24856d3fae_w06.png,11a26a24856d3fae,6,Field,Noise
train/noise/11a26a24856d3fae_w09.png,11a26a24856d3fae,9,Field,Noise
train/noise/11a26a24856d3fae_w10.png,11a26a24856d3fae,10,Field,Noise
train/noise/11a26a24856d3fae_w12.png,11a26a24856d3fae,12,Field,Noise
train/noise/11a26a24856d3fae_w16.png,11a26a24856d3fae,16,Field,Noise
train/noise/11a26a24856d3fae_w22.png,11a26a24856d3fae,22,Field,Noise
train/noise/11cf8ed215ebd899_w01.png,11cf8ed215ebd899,1,Field,Noise
train/noise/11cf8ed215ebd899_w05.png,11cf8ed215ebd899,5,Field,Noise
train/noise/11cf8ed215ebd899_w11.png,11cf8ed215ebd899,11,Field,Noise
train/noise/11cf8ed215ebd899_w16.png,11cf8ed215ebd899,16,Field,Noise
train/noise/11cf8ed215ebd899_w17.png,11cf8ed215ebd899,17,Field,Noise
train/noise/11cf8ed215ebd899_w18.png,11cf8ed215ebd899,18,Field,Noise
train/noise/11cf8ed215ebd899_w21.png,11cf8ed215ebd899,21,Field,Noise
train/noise/11cf8ed215ebd899_w27.png,11cf8ed215ebd899,27,Field,Noise
train/noise/120ec420643dfe9a_w06.png,120ec420643dfe9a,6,Lab,Noise
train/noise/120ec420643dfe9a_w07.png,120ec420643dfe9a,7,Lab,Noise
train/noise/120ec420643dfe9a_w09.png,120ec420643dfe9a,9,Lab,Noise
train/noise/120ec420643dfe9a_w11.png,120ec420643dfe9a,11,Lab,Noise
train/noise/120ec420643dfe9a_w15.png,120ec420643dfe9a,15,Lab,Noise
train/noise/120ec420643dfe9a_w18.png,120ec420643dfe9a,18,Lab,Noise
train/noise/120ec420643dfe9a_w25.png,120ec420643dfe9a,25,Lab,Noise
train/noise/120ec420643dfe9a_w27.png,120ec420643dfe9a,27,Lab,Noise
train/noise/1238951467278080_w00.png,1238951467278080,0,Field,Noise
train/noise/1238951467278080_w01.png,1238951467278080,1,Field,Noise
train/noise/1238951467278080_w02.png,1238951467278080,2,Field,Noise
train/noise/1238951467278080_w04.png,1238951467278080,4,Field,Noise
train/noise/1238951467278080_w10.png,1238951467278080,10,Field,Noise
train/noise/1238951467278080_w20.png,1238951467278080,20,Field,Noise
train/noise/1238951467278080_w22.png,1238951467278080,22,Field,Noise
train/noise/1238951467278080_w24.png,1238951467278080,24,Field,Noise
train/noise/124b9d7ff52f3661_w01.png,124b9d7ff52f3661,1,Field,Noise
train/noise/124b9d7ff52f3661_w02.png,124b9d7ff52f3661,2,Field,Noise
train/noise/124b9d7ff52f3661_w03.png,124b9d7ff52f3661,3,Field,Noise
train/noise/124b9d7ff52f3661_w06.png,124b9d7ff52f3661,6,Field,Noise
train/noise/124b9d7ff52f3661_w10.png,124b9d7ff52f3661,10,Field,Noise
train/noise/124b9d7ff52f3661_w13.png,124b9d7ff52f3661,13,Field,Noise
train/noise/124b9d7ff52f3661_w23.png,124b9d7ff52f3661,23,Field,Noise
train/noise/124b9d7ff52f3661_w27.png,124b9d7ff52f3661,27,Field,Noise
train/noise/1284e77e210e2a38_w06.png,1284e77e210e2a38,6,Field,Noise
train/noise/1284e77e210e2a38_w13.png,1284e77e210e2a38,13,Field,Noise
train/noise/1284e77e210e2a38_w14.png,1284e77e210e2a38,14,Field,Noise
train/noise/1284e77e210e2a38_w16.png,1284e77e210e2a38,16,Field,Noise
train/noise/1284e77e210e2a38_w17.png,1284e77e210e2a38,17,Field,Noise
train/noise/1284e77e210e2a38_w18.png,1284e77e210e2a38,18,Field,Noise
train/noise/1284e77e210e2a38_w20.png,1284e77e210e2a38,20,Field,Noise
train/noise/1284e77e210e2a38_w27.png,1284e77e210e2a38,27,Field,Noise
train/noise/128c643476610080_w00.png,128c643476610080,0,Field,Noise
train/noise/128c643476610080_w05.png,128c643476610080,5,Field,Noise
train/noise/128c643476610080_w12.png,128c643476610080,12,Field,Noise
train/noise/128c643476610080_w14.png,128c643476610080,14,Field,Noise
train/noise/128c643476610080_w15.png,128c643476610080,15,Field,Noise
train/noise/128c643476610080_w21.png,128c643476610080,21,Field,Noise
train/noise/128c643476610080_w24.png,128c643476610080,24,Field,Noise
train/noise/128c643476610080_w26.png,128c643476610080,26,Field,Noise
train/noise/12cbf0c7ac33bd19_w02.png,12cbf0c7ac33bd19,2,Field,Noise
train/noise/12cbf0c7ac33bd19_w04.png,12cbf0c7ac33bd19,4,Field,Noise
train/noise/12cbf0c7ac33bd19_w05.png,12cbf0c7ac33bd19,5,Field,Noise
train/noise/12cbf0c7ac33bd19_w09.png,12cbf0c7ac33bd19,9,Field,Noise
train/noise/12cbf0c7ac33bd19_w12.png,12cbf0c7ac33bd19,12,Field,Noise
train/noise/12cbf0c7ac33bd19_w13.png,12cbf0c7ac33bd19,13,Field,Noise
train/noise/12cbf0c7ac33bd19_w15.png,12cbf0c7ac33bd19,15,Field,Noise
train/noise/12cbf0c7ac33bd19_w25.png,12cbf0c7ac33bd19,25,Field,Noise
train/noise/12d2902d9fbf99d7_w01.png,12d2902d9fbf99d7,1,Field,Noise
train/noise/12d2902d9fbf99d7_w03.png,12d2902d9fbf99d7,3,Field,Noise
train/noise/12d2902d9fbf99d7_w12.png,12d2902d9fbf99d7,12,Field,Noise
train/noise/12d2902d9fbf99d7_w14.png,12d2902d9fbf99d7,14,Field,Noise
train/noise/12d2902d9fbf99d7_w22.png,12d2902d9fbf99d7,22,Field,Noise
train/noise/12d2902d9fbf99d7_w24.png,12d2902d9fbf99d7,24,Field,Noise
train/noise/12d2902d9fbf99d7_w25.png,12d2902d9fbf99d7,25,Field,Noise
train/noise/12d2902d9fbf99d7_w26.png,12d2902d9fbf99d7,26,Field,Noise
train/noise/12dd322e7e08776a_w00.png,12dd322e7e08776a,0,Field,Noise
train/noise/12dd322e7e08776a_w01.png,12dd322e7e08776a,1,Field,Noise
train/noise/12dd322e7e08776a_w04.png,12dd322e7e08776a,4,Field,Noise
train/noise/12dd322e7e08776a_w11.png,12dd322e7e08776a,11,Field,Noise
train/noise/12dd322e7e08776a_w18.png,12dd322e7e08776a,18,Field,Noise
train/noise/12dd322e7e08776a_w21.png,12dd322e7e08776a,21,Field,Noise
train/noise/12dd322e7e08776a_w25.png,12dd322e7e08776a,25,Field,Noise
train/noise/12dd322e7e08776a_w26.png,12dd322e7e08776a,26,Field,Noise
train/noise/12e31a2ea78d1713_w06.png,12e31a2ea78d1713,6,Lab,Noise
train/noise/12e31a2ea78d1713_w07.png,12e31a2ea78d1713,7,Lab,Noise
train/noise/12e31a2ea78d1713_w08.png,12e31a2ea78d1713,8,Lab,Noise
train/noise/12e31a2ea78d1713_w13.png,12e31a2ea78d1713,13,Lab,Noise
train/noise/12e31a2ea78d1713_w18.png,12e31a2ea78d1713,18,Lab,Noise
train/noise/12e31a2ea78d1713_w20.png,12e31a2ea78d1713,20,Lab,Noise
train/noise/12e31a2ea78d1713_w21.png,12e31a2ea78d1713,21,Lab,Noise
train/noise/12e31a2ea78d1713_w24.png,12e31a2ea78d1713,24,Lab,Noise
train/noise/132e9448ab1a8077_w00.png,132e9448ab1a8077,0,Field,Noise
train/noise/132e9448ab1a8077_w05.png,132e9448ab1a8077,5,Field,Noise
train/noise/132e9448ab1a8077_w06.png,132e9448ab1a8077,6,Field,Noise
train/noise/132e9448ab1a8077_w11.png,132e9448ab1a8077,11,Field,Noise
train/noise/132e9448ab1a8077_w14.png,132e9448ab1a8077,14,Field,Noise
train/noise/132e9448ab1a8077_w18.png,132e9448ab1a8077,18,Field,Noise
train/noise/132e9448ab1a8077_w22.png,132e9448ab1a8077,22,Field,Noise
train/noise/132e9448ab1a8077_w23.png,132e9448ab1a8077,23,Field,Noise
train/noise/136ce83b4d77955d_w04.png,136ce83b4d77955d,4,Field,Noise
train/noise/136ce83b4d77955d_w05.png,136ce83b4d77955d,5,Field,Noise
train/noise/136ce83b4d77955d_w07.png,136ce83b4d77955d,7,Field,Noise
train/noise/136ce83b4d77955d_w08.png,136ce83b4d77955d,8,Field,Noise
train/noise/136ce83b4d77955d_w09.png,136ce83b4d77955d,9,Field,Noise
train/noise/136ce83b4d77955d_w13.png,136ce83b4d77955d,13,Field,Noise
train/noise/136ce83b4d77955d_w14.png,136ce83b4d77955d,14,Field,Noise
train/noise/136ce83b4d77955d_w23.png,136ce83b4d77955d,23,Field,Noise
train/noise/138a90ea1e8c51d8_w00.png,138a90ea1e8c51d8,0,Field,Noise
train/noise/138a90ea1e8c51d8_w02.png,138a90ea1e8c51d8,2,Field,Noise
train/noise/138a90ea1e8c51d8_w08.png,138a90ea1e8c51d8,8,Field,Noise
train/noise/138a90ea1e8c51d8_w14.png,138a90ea1e8c51d8,14,Field,Noise
train/noise/138a90ea1e8c51d8_w18.png,138a90ea1e8c51d8,18,Field,Noise
train/noise/138a90ea1e8c51d8_w22.png,138a90ea1e8c51d8,22,Field,Noise
train/noise/138a90ea1e8c51d8_w24.png,138a90ea1e8c51d8,24,Field,Noise
train/noise/138a90ea1e8c51d8_w27.png,138a90ea1e8c51d8,27,Field,Noise
train/noise/13acd94ccc9bdd5e_w05.png,13acd94ccc9bdd5e,5,Field,Noise
train/noise/13acd94ccc9bdd5e_w06.png,13acd94ccc9bdd5e,6,Field,Noise
train/noise/13acd94ccc9bdd5e_w07.png,13acd94ccc9bdd5e,7,Field,Noise
train/noise/13acd94ccc9bdd5e_w16.png,13acd94ccc9bdd5e,16,Field,Noise
train/noise/13acd94ccc9bdd5e_w17.png,13acd94ccc9bdd5e,17,Field,Noise
train/noise/13acd94ccc9bdd5e_w20.png,13acd94ccc9bdd5e,20,Field,Noise
train/noise/13acd94ccc9bdd5e_w21.png,13acd94ccc9bdd5e,21,Field,Noise
train/noise/13acd94ccc9bdd5e_w22.png,13acd94ccc9bdd5e,22,Field,Noise
train/noise/13add92bdd56b5ba_w00.png,13add92bdd56b5ba,0,Field,Noise
train/noise/13add92bdd56b5ba_w01.png,13add92bdd56b5ba,1,Field,Noise
train/noise/13add92bdd56b5ba_w06.png,13add92bdd56b5ba,6,Field,Noise
train/noise/13add92bdd56b5ba_w09.png,13add92bdd56b5ba,9,Field,Noise
train/noise/13add92bdd56b5ba_w11.png,13add92bdd56b5ba,11,Field,Noise
train/noise/13add92bdd56b5ba_w17.png,13add92bdd56b5ba,17,Field,Noise
train/noise/13add92bdd56b5ba_w23.png,13add92bdd56b5ba,23,Field,Noise
train/noise/13add92bdd56b5ba_w26.png,13add92bdd56b5ba,26,Field,Noise
train/noise/141a9fb419c3d9ce_w05.png,141a9fb419c3d9ce,5,Field,Noise
train/noise/141a9fb419c3d9ce_w10.png,141a9fb419c3d9ce,10,Field,Noise
train/noise/141a9fb419c3d9ce_w14.png,141a9fb419c3d9ce,14,Field,Noise
train/noise/141a9fb419c3d9ce_w16.png,141a9fb419c3d9ce,16,Field,Noise
train/noise/141a9fb419c3d9ce_w20.png,141a9fb419c3d9ce,20,Field,Noise
train/noise/141a9fb419c3d9ce_w23.png,141a9fb419c3d9ce,23,Field,Noise
train/noise/141a9fb419c3d9ce_w24.png,141a9fb419c3d9ce,24,Field,Noise
train/noise/141a9fb419c3d9ce_w27.png,141a9fb419c3d9ce,27,Field,Noise
train/noise/1542aa49a21a9998_w04.png,1542aa49a21a9998,4,Field,Noise
train/noise/1542aa49a21a9998_w08.png,1542aa49a21a9998,8,Field,Noise
train/noise/1542aa49a21a9998_w09.png,1542aa49a21a9998,9,Field,Noise
train/noise/1542aa49a21a9998_w12.png,1542aa49a21a9998,12,Field,Noise
train/noise/1542aa49a21a9998_w18.png,1542aa49a21a9998,18,Field,Noise
train/noise/1542aa49a21a9998_w21.png,1542aa49a21a9998,21,Field,Noise
train/noise/1542aa49a21a9998_w25.png,1542aa49a21a9998,25,Field,Noise
train/noise/1542aa49a21a9998_w27.png,1542aa49a21a9998,27,Field,Noise
train/noise/1562d0b85170809e_w01.png,1562d0b85170809e,1,Field,Noise
train/noise/1562d0b85170809e_w04.png,1562d0b85170809e,4,Field,Noise
train/noise/1562d0b85170809e_w07.png,1562d0b85170809e,7,Field,Noise
train/noise/1562d0b85170809e_w15.png,1562d0b85170809e,15,Field,Noise
train/noise/1562d0b85170809e_w16.png,1562d0b85170809e,16,Field,Noise
train/noise/1562d0b85170809e_w19.png,1562d0b85170809e,19,Field,Noise
train/noise/1562d0b85170809e_w25.png,1562d0b85170809e,25,Field,Noise
train/noise/1562d0b85170809e_w26.png,1562d0b85170809e,26,Field,Noise
train/noise/15819c9c849cda84_w08.png,15819c9c849cda84,8,Field,Noise
train/noise/15819c9c849cda84_w11.png,15819c9c849cda84,11,Field,Noise
train/noise/15819c9c849cda84_w16.png,15819c9c849cda84,16,Field,Noise
train/noise/15819c9c849cda84_w17.png,15819c9c849cda84,17,Field,Noise
train/noise/15819c9c849cda84_w18.png,15819c9c849cda84,18,Field,Noise
train/noise/15819c9c849cda84_w20.png,15819c9c849cda84,20,Field,Noise
train/noise/15819c9c849cda84_w23.png,15819c9c849cda84,23,Field,Noise
train/noise/15819c9c849cda84_w26.png,15819c9c849cda84,26,Field,Noise
train/noise/15b1ac55947638ab_w00.png,15b1ac55947638ab,0,Field,Noise
train/noise/15b1ac55947638ab_w03.png,15b1ac55947638ab,3,Field,Noise
train/noise/15b1ac55947638ab_w07.png,15b1ac55947638ab,7,Field,Noise
train/noise/15b1ac55947638ab_w11.png,15b1ac55947638ab,11,Field,Noise
train/noise/15b1ac55947638ab_w16.png,15b1ac55947638ab,16,Field,Noise
train/noise/15b1ac55947638ab_w18.png,15b1ac55947638ab,18,Field,Noise
train/noise/15b1ac55947638ab_w23.png,15b1ac55947638ab,23,Field,Noise
train/noise/15b1ac55947638ab_w25.png,15b1ac55947638ab,25,Field,Noise
train/noise/16b319f214511877_w03.png,16b319f214511877,3,Field,Noise
train/noise/16b319f214511877_w07.png,16b319f214511877,7,Field,Noise
train/noise/16b319f214511877_w08.png,16b319f214511877,8,Field,Noise
train/noise/16b319f214511877_w09.png,16b319f214511877,9,Field,Noise
train/noise/16b319f214511877_w14.png,16b319f214511877,14,Field,Noise
train/noise/16b319f214511877_w15.png,16b319f214511877,15,Field,Noise
train/noise/16b319f214511877_w19.png,16b319f214511877,19,Field,Noise
train/noise/16b319f214511877_w24.png,16b319f214511877,24,Field,Noise
train/noise/16bf2a4b9afeb694_w00.png,16bf2a4b9afeb694,0,Field,Noise
train/noise/16bf2a4b9afeb694_w02.png,16bf2a4b9afeb694,2,Field,Noise
train/noise/16bf2a4b9afeb694_w04.png,16bf2a4b9afeb694,4,Field,Noise
train/noise/16bf2a4b9afeb694_w06.png,16bf2a4b9afeb694,6,Field,Noise
train/noise/16bf2a4b9afeb694_w08.png,16bf2a4b9afeb694,8,Field,Noise
train/noise/16bf2a4b9afeb694_w16.png,16bf2a4b9afeb694,16,Field,Noise
train/noise/16bf2a4b9afeb694_w19.png,16bf2a4b9afeb694,19,Field,Noise
train/noise/16bf2a4b9afeb694_w26.png,16bf2a4b9afeb694,26,Field,Noise
train/noise/16dcf50546719158_w09.png,16dcf50546719158,9,Field,Noise
train/noise/16dcf50546719158_w11.png,16dcf50546719158,11,Field,Noise
train/noise/16dcf50546719158_w15.png,16dcf50546719158,15,Field,Noise
train/noise/16dcf50546719158_w17.png,16dcf50546719158,17,Field,Noise
train/noise/16dcf50546719158_w20.png,16dcf50546719158,20,Field,Noise
train/noise/16dcf50546719158_w24.png,16dcf50546719158,24,Field,Noise
train/noise/16dcf50546719158_w26.png,16dcf50546719158,26,Field,Noise
train/noise/16dcf50546719158_w27.png,16dcf50546719158,27,Field,Noise
train/noise/16ff9056774275dc_w00.png,16ff9056774275dc,0,Field,Noise
train/noise/16ff9056774275dc_w03.png,16ff9056774275dc,3,Field,Noise
train/noise/16ff9056774275dc_w04.png,16ff9056774275dc,4,Field,Noise
train/noise/16ff9056774275dc_w06.png,16ff9056774275dc,6,Field,Noise
train/noise/16ff9056774275dc_w09.png,16ff9056774275dc,9,Field,Noise
train/noise/16ff9056774275dc_w11.png,16ff9056774275dc,11,Field,Noise
train/noise/16ff9056774275dc_w17.png,16ff9056774275dc,17,Field,Noise
train/noise/16ff9056774275dc_w22.png,16ff9056774275dc,22,Field,Noise
train/noise/17371ce5ab246c9d_w02.png,17371ce5ab246c9d,2,Lab,Noise
train/noise/17371ce5ab246c9d_w03.png,17371ce5ab246c9d,3,Lab,Noise
train/noise/17371ce5ab246c9d_w05.png,17371ce5ab246c9d,5,Lab,Noise
train/noise/17371ce5ab246c9d_w09.png,17371ce5ab246c9d,9,Lab,Noise
train/noise/17371ce5ab246c9d_w14.png,17371ce5ab246c9d,14,Lab,Noise
train/noise/17371ce5ab246c9d_w15.png,17371ce5ab246c9d,15,Lab,Noise
train/noise/17371ce5ab246c9d_w18.png,17371ce5ab246c9d,18,Lab,Noise
train/noise/17371ce5ab246c9d_w21.png,17371ce5ab246c9d,21,Lab,Noise
train/noise/1737576a3887f2ab_w02.png,1737576a3887f2ab,2,Field,Noise
train/noise/1737576a3887f2ab_w08.png,1737576a3887f2ab,8,Field,Noise
train/noise/1737576a3887f2ab_w11.png,1737576a3887f2ab,11,Field,Noise
train/noise/1737576a3887f2ab_w13.png,1737576a3887f2ab,13,Field,Noise
train/noise/1737576a3887f2ab_w16.png,1737576a3887f2ab,16,Field,Noise
train/noise/1737576a3887f2ab_w17.png,1737576a3887f2ab,17,Field,Noise
train/noise/1737576a3887f2ab_w24.png,1737576a3887f2ab,24,Field,Noise
train/noise/1737576a3887f2ab_w25.png,1737576a3887f2ab,25,Field,Noise
train/noise/17b1991261da06f1_w01.png,17b1991261da06f1,1,Field,Noise
train/noise/17b1991261da06f1_w05.png,17b1991261da06f1,5,Field,Noise
train/noise/17b1991261da06f1_w10.png,17b1991261da06f1,10,Field,Noise
train/noise/17b1991261da06f1_w13.png,17b1991261da06f1,13,Field,Noise
train/noise/17b1991261da06f1_w14.png,17b1991261da06f1,14,Field,Noise
train/noise/17b1991261da06f1_w18.png,17b1991261da06f1,18,Field,Noise
train/noise/17b1991261da06f1_w20.png,17b1991261da06f1,20,Field,Noise
train/noise/17b1991261da06f1_w22.png,17b1991261da06f1,22,Field,Noise
train/noise/17c73f78609ee931_w00.png,17c73f78609ee931,0,Field,Noise
train/noise/17c73f78609ee931_w08.png,17c73f78609ee931,8,Field,Noise
train/noise/17c73f78609ee931_w10.png,17c73f78609ee931,10,Field,Noise
train/noise/17c73f78609ee931_w11.png,17c73f78609ee931,11,Field,Noise
train/noise/17c73f78609ee931_w13.png,17c73f78609ee931,13,Field,Noise
train/noise/17c73f78609ee931_w14.png,17c73f78609ee931,14,Field,Noise
train/noise/17c73f78609ee931_w21.png,17c73f78609ee931,21,Field,Noise
train/noise/17c73f78609ee931_w25.png,17c73f78609ee931,25,Field,Noise
train/noise/17ec6355a168f8b0_w00.png,17ec6355a168f8b0,0,Field,Noise
train/noise/17ec6355a168f8b0_w01.png,17ec6355a168f8b0,1,Field,Noise
train/noise/17ec6355a168f8b0_w06.png,17ec6355a168f8b0,6,Field,Noise
train/noise/17ec6355a168f8b0_w14.png,17ec6355a168f8b0,14,Field,Noise
train/noise/17ec6355a168f8b0_w15.png,17ec6355a168f8b0,15,Field,Noise
train/noise/17ec6355a168f8b0_w17.png,17ec6355a168f8b0,17,Field,Noise
train/noise/17ec6355a168f8b0_w20.png,17ec6355a168f8b0,20,Field,Noise
train/noise/17ec6355a168f8b0_w21.png,17ec6355a168f8b0,21,Field,Noise
train/noise/1854f6a194d4d93f_w00.png,1854f6a194d4d93f,0,Lab,Noise
train/noise/1854f6a194d4d93f_w03.png,1854f6a194d4d93f,3,Lab,Noise
train/noise/1854f6a194d4d93f_w08.png,1854f6a194d4d93f,8,Lab,Noise
train/noise/1854f6a194d4d93f_w14.png,1854f6a194d4d93f,14,Lab,Noise
train/noise/1854f6a194d4d93f_w18.png,1854f6a194d4d93f,18,Lab,Noise
train/noise/1854f6a194d4d93f_w19.png,1854f6a194d4d93f,19,Lab,Noise
train/noise/1854f6a194d4d93f_w24.png,1854f6a194d4d93f,24,Lab,Noise
train/noise/1854f6a194d4d93f_w27.png,1854f6a194d4d93f,27,Lab,Noise
train/noise/18f72d19b6d090c9_w00.png,18f72d19b6d090c9,0,Field,Noise
train/noise/18f72d19b6d090c9_w03.png,18f72d19b6d090c9,3,Field,Noise
train/noise/18f72d19b6d090c9_w05.png,18f72d19b6d090c9,5,Field,Noise
train/noise/18f72d19b6d090c9_w06.png,18f72d19b6d090c9,6,Field,Noise
train/noise/18f72d19b6d090c9_w19.png,18f72d19b6d090c9,19,Field,Noise
train/noise/18f72d19b6d090c9_w20.png,18f72d19b6d090c9,20,Field,Noise
train/noise/18f72d19b6d090c9_w23.png,18f72d19b6d090c9,23,Field,Noise
train/noise/18f72d19b6d090c9_w26.png,18f72d19b6d090c9,26,Field,Noise
train/noise/196afbe139852268_w02.png,196afbe139852268,2,Field,Noise
train/noise/196afbe139852268_w04.png,196afbe139852268,4,Field,Noise
train/noise/196afbe139852268_w05.png,196afbe139852268,5,Field,Noise
train/noise/196afbe139852268_w13.png,196afbe139852268,13,Field,Noise
train/noise/196afbe139852268_w15.png,196afbe139852268,15,Field,Noise
train/noise/196afbe139852268_w21.png,196afbe139852268,21,Field,Noise
train/noise/196afbe139852268_w23.png,196afbe139852268,23,Field,Noise
train/noise/196afbe139852268_w25.png,196afbe139852268,25,Field,Noise
train/noise/197aef53671adfab_w03.png,197aef53671adfab,3,Lab,Noise
train/noise/197aef53671adfab_w04.png,197aef53671adfab,4,Lab,Noise
train/noise/197aef53671adfab_w07.png,197aef53671adfab,7,Lab,Noise
train/noise/197aef53671adfab_w08.png,197aef53671adfab,8,Lab,Noise
train/noise/197aef53671adfab_w12.png,197aef53671adfab,12,Lab,Noise
train/noise/197aef53671adfab_w13.png,197aef53671adfab,13,Lab,Noise
train/noise/197aef53671adfab_w22.png,197aef53671adfab,22,Lab,Noise
train/noise/197aef53671adfab_w26.png,197aef53671adfab,26,Lab,Noise
train/noise/19ba0de9aecdd5d2_w00.png,19ba0de9aecdd5d2,0,Field,Noise
train/noise/19ba0de9aecdd5d2_w01.png,19ba0de9aecdd5d2,1,Field,Noise
train/noise/19ba0de9aecdd5d2_w12.png,19ba0de9aecdd5d2,12,Field,Noise
train/noise/19ba0de9aecdd5d2_w13.png,19ba0de9aecdd5d2,13,Field,Noise
train/noise/19ba0de9aecdd5d2_w14.png,19ba0de9aecdd5d2,14,Field,Noise
train/noise/19ba0de9aecdd5d2_w19.png,19ba0de9aecdd5d2,19,Field,Noise
train/noise/19ba0de9aecdd5d2_w20.png,19ba0de9aecdd5d2,20,Field,Noise
train/noise/19ba0de9aecdd5d2_w22.png,19ba0de9aecdd5d2,22,Field,Noise
train/noise/19f0f99e4a34238d_w05.png,19f0f99e4a34238d,5,Field,Noise
train/noise/19f0f99e4a34238d_w09.png,19f0f99e4a34238d,9,Field,Noise
train/noise/19f0f99e4a34238d_w11.png,19f0f99e4a34238d,11,Field,Noise
train/noise/19f0f99e4a34238d_w12.png,19f0f99e4a34238d,12,Field,Noise
train/noise/19f0f99e4a34238d_w14.png,19f0f99e4a34238d,14,Field,Noise
train/noise/19f0f99e4a34238d_w20.png,19f0f99e4a34238d,20,Field,Noise
train/noise/19f0f99e4a34238d_w23.png,19f0f99e4a34238d,23,Field,Noise
train/noise/19f0f99e4a34238d_w24.png,19f0f99e4a34238d,24,Field,Noise
train/noise/19f53ac754a1c154_w01.png,19f53ac754a1c154,1,Field,Noise
train/noise/19f53ac754a1c154_w05.png,19f53ac754a1c154,5,Field,Noise
train/noise/19f53ac754a1c154_w07.png,19f53ac754a1c154,7,Field,Noise
train/noise/19f53ac754a1c154_w09.png,19f53ac754a1c154,9,Field,Noise
train/noise/19f53ac754a1c154_w13.png,19f53ac754a1c154,13,Field,Noise
train/noise/19f53ac754a1c154_w19.png,19f53ac754a1c154,19,Field,Noise
train/noise/19f53ac754a1c154_w22.png,19f53ac754a1c154,22,Field,Noise
train/noise/19f53ac754a1c154_w27.png,19f53ac754a1c154,27,Field,Noise
train/noise/1a3010cbbd8b08e5_w00.png,1a3010cbbd8b08e5,0,Field,Noise
train/noise/1a3010cbbd8b08e5_w03.png,1a3010cbbd8b08e5,3,Field,Noise
train/noise/1a3010cbbd8b08e5_w15.png,1a3010cbbd8b08e5,15,Field,Noise
train/noise/1a3010cbbd8b08e5_w20.png,1a3010cbbd8b08e5,20,Field,Noise
train/noise/1a3010cbbd8b08e5_w22.png,1a3010cbbd8b08e5,22,Field,Noise
train/noise/1a3010cbbd8b08e5_w23.png,1a3010cbbd8b08e5,23,Field,Noise
train/noise/1a3010cbbd8b08e5_w25.png,1a3010cbbd8b08e5,25,Field,Noise
train/noise/1a3010cbbd8b08e5_w26.png,1a3010cbbd8b08e5,26,Field,Noise
train/noise/1a654485452c6615_w01.png,1a654485452c6615,1,Lab,Noise
train/noise/1a654485452c6615_w04.png,1a654485452c6615,4,Lab,Noise
train/noise/1a654485452c6615_w05.png,1a654485452c6615,5,Lab,Noise
train/noise/1a654485452c6615_w09.png,1a654485452c6615,9,Lab,Noise
train/noise/1a654485452c6615_w15.png,1a654485452c6615,15,Lab,Noise
train/noise/1a654485452c6615_w16.png,1a654485452c6615,16,Lab,Noise
train/noise/1a654485452c6615_w17.png,1a654485452c6615,17,Lab,Noise
train/noise/1a654485452c6615_w26.png,1a654485452c6615,26,Lab,Noise
train/noise/1a727cef2dd68398_w03.png,1a727cef2dd68398,3,Field,Noise
train/noise/1a727cef2dd68398_w07.png,1a727cef2dd68398,7,Field,Noise
train/noise/1a727cef2dd68398_w14.png,1a727cef2dd68398,14,Field,Noise
train/noise/1a727cef2dd68398_w15.png,1a727cef2dd68398,15,Field,Noise
train/noise/1a727cef2dd68398_w17.png,1a727cef2dd68398,17,Field,Noise
train/noise/1a727cef2dd68398_w22.png,1a727cef2dd68398,22,Field,Noise
train/noise/1a727cef2dd68398_w24.png,1a727cef2dd68398,24,Field,Noise
train/noise/1a727cef2dd68398_w27.png,1a727cef2dd68398,27,Field,Noise
train/noise/1ac847778ebc5784_w00.png,1ac847778ebc5784,0,Lab,Noise
train/noise/1ac847778ebc5784_w05.png,1ac847778ebc5784,5,Lab,Noise
train/noise/1ac847778ebc5784_w07.png,1ac847778ebc5784,7,Lab,Noise
train/noise/1ac847778ebc5784_w08.png,1ac847778ebc5784,8,Lab,Noise
train/noise/1ac847778ebc5784_w09.png,1ac847778ebc5784,9,Lab,Noise
train/noise/1ac847778ebc5784_w18.png,1ac847778ebc5784,18,Lab,Noise
train/noise/1ac847778ebc5784_w26.png,1ac847778ebc5784,26,Lab,Noise
train/noise/1ac847778ebc5784_w27.png,1ac847778ebc5784,27,Lab,Noise
train/noise/1b473a87c8311ced_w05.png,1b473a87c8311ced,5,Field,Noise
train/noise/1b473a87c8311ced_w06.png,1b473a87c8311ced,6,Field,Noise
train/noise/1b473a87c8311ced_w07.png,1b473a87c8311ced,7,Field,Noise
train/noise/1b473a87c8311ced_w10.png,1b473a87c8311ced,10,Field,Noise
train/noise/1b473a87c8311ced_w16.png,1b473a87c8311ced,16,Field,Noise
train/noise/1b473a87c8311ced_w22.png,1b473a87c8311ced,22,Field,Noise
train/noise/1b473a87c8311ced_w26.png,1b473a87c8311ced,26,Field,Noise
train/noise/1b473a87c8311ced_w27.png,1b473a87c8311ced,27,Field,Noise
train/noise/1b4efbc1f443330c_w02.png,1b4efbc1f443330c,2,Field,Noise
train/noise/1b4efbc1f443330c_w08.png,1b4efbc1f443330c,8,Field,Noise
train/noise/1b4efbc1f443330c_w10.png,1b4efbc1f443330c,10,Field,Noise
train/noise/1b4efbc1f443330c_w12.png,1b4efbc1f443330c,12,Field,Noise
train/noise/1b4efbc1f443330c_w13.png,1b4efbc1f443330c,13,Field,Noise
train/noise/1b4efbc1f443330c_w18.png,1b4efbc1f443330c,18,Field,Noise
train/noise/1b4efbc1f443330c_w19.png,1b4efbc1f443330c,19,Field,Noise
train/noise/1b4efbc1f443330c_w25.png,1b4efbc1f443330c,25,Field,Noise
train/noise/1b73a42096e9bcee_w02.png,1b73a42096e9bcee,2,Field,Noise
train/noise/1b73a42096e9bcee_w04.png,1b73a42096e9bcee,4,Field,Noise
train/noise/1b73a42096e9bcee_w10.png,1b73a42096e9bcee,10,Field,Noise
train/noise/1b73a42096e9bcee_w11.png,1b73a42096e9bcee,11,Field,Noise
train/noise/1b73a42096e9bcee_w12.png,1b73a42096e9bcee,12,Field,Noise
train/noise/1b73a42096e9bcee_w20.png,1b73a42096e9bcee,20,Field,Noise
train/noise/1b73a42096e9bcee_w25.png,1b73a42096e9bcee,25,Field,Noise
train/noise/1b73a42096e9bcee_w27.png,1b73a42096e9bcee,27,Field,Noise
train/noise/1b9b18b0dd3cc129_w03.png,1b9b18b0dd3cc129,3,Field,Noise
train/noise/1b9b18b0dd3cc129_w04.png,1b9b18b0dd3cc129,4,Field,Noise
train/noise/1b9b18b0dd3cc129_w08.png,1b9b18b0dd3cc129,8,Field,Noise
train/noise/1b9b18b0dd3cc129_w10.png,1b9b18b0dd3cc129,10,Field,Noise
train/noise/1b9b18b0dd3cc129_w11.png,1b9b18b0dd3cc129,11,Field,Noise
train/noise/1b9b18b0dd3cc129_w19.png,1b9b18b0dd3cc129,19,Field,Noise
train/noise/1b9b18b0dd3cc129_w22.png,1b9b18b0dd3cc129,22,Field,Noise
train/noise/1b9b18b0dd3cc129_w24.png,1b9b18b0dd3cc129,24,Field,Noise
train/noise/1c3ea257bad89bc0_w00.png,1c3ea257bad89bc0,0,Field,Noise
train/noise/1c3ea257bad89bc0_w02.png,1c3ea257bad89bc0,2,Field,Noise
train/noise/1c3ea257bad89bc0_w04.png,1c3ea257bad89bc0,4,Field,Noise
train/noise/1c3ea257bad89bc0_w08.png,1c3ea257bad89bc0,8,Field,Noise
train/noise/1c3ea257bad89bc0_w09.png,1c3ea257bad89bc0,9,Field,Noise
train/noise/1c3ea257bad89bc0_w16.png,1c3ea257bad89bc0,16,Field,Noise
train/noise/1c3ea257bad89bc0_w17.png,1c3ea257bad89bc0,17,Field,Noise
train/noise/1c3ea257bad89bc0_w19.png,1c3ea257bad89bc0,19,Field,Noise
train/noise/1cd1b5f8cbdf1eb7_w02.png,1cd1b5f8cbdf1eb7,2,Field,Noise
train/noise/1cd1b5f8cbdf1eb7_w04.png,1cd1b5f8cbdf1eb7,4,Field,Noise
train/noise/1cd1b5f8cbdf1eb7_w06.png,1cd1b5f8cbdf1eb7,6,Field,Noise
train/noise/1cd1b5f8cbdf1eb7_w09.png,1cd1b5f8cbdf1eb7,9,Field,Noise
train/noise/1cd1b5f8cbdf1eb7_w10.png,1cd1b5f8cbdf1eb7,10,Field,Noise
train/noise/1cd1b5f8cbdf1eb7_w17.png,1cd1b5f8cbdf1eb7,17,Field,Noise
train/noise/1cd1b5f8cbdf1eb7_w18.png,1cd1b5f8cbdf1eb7,18,Field,Noise
train/noise/1cd1b5f8cbdf1eb7_w24.png,1cd1b5f8cbdf1eb7,24,Field,Noise
train/noise/1d21e820df124af0_w03.png,1d21e820df124af0,3,Field,Noise
train/noise/1d21e820df124af0_w04.png,1d21e820df124af0,4,Field,Noise
train/noise/1d21e820df124af0_w05.png,1d21e820df124af0,5,Field,Noise
train/noise/1d21e820df124af0_w06.png,1d21e820df124af0,6,Field,Noise
train/noise/1d21e820df124af0_w08.png,1d21e820df124af0,8,Field,Noise
train/noise/1d21e820df124af0_w11.png,1d21e820df124af0,11,Field,Noise
train/noise/1d21e820df124af0_w14.png,1d21e820df124af0,14,Field,Noise
train/noise/1d21e820df124af0_w22.png,1d21e820df124af0,22,Field,Noise
train/noise/1d8b7dc535ed83ac_w03.png,1d8b7dc535ed83ac,3,Field,Noise
train/noise/1d8b7dc535ed83ac_w11.png,1d8b7dc535ed83ac,11,Field,Noise
train/noise/1d8b7dc535ed83ac_w15.png,1d8b7dc535ed83ac,15,Field,Noise
train/noise/1d8b7dc535ed83ac_w16.png,1d8b7dc535ed83ac,16,Field,Noise
train/noise/1d8b7dc535ed83ac_w17.png,1d8b7dc535ed83ac,17,Field,Noise
train/noise/1d8b7dc535ed83ac_w19.png,1d8b7dc535ed83ac,19,Field,Noise
train/noise/1d8b7dc535ed83ac_w21.png,1d8b7dc535ed83ac,21,Field,Noise
train/noise/1d8b7dc535ed83ac_w23.png,1d8b7dc535ed83ac,23,Field,Noise
train/noise/1da17e91acbf15fd_w01.png,1da17e91acbf15fd,1,Field,Noise
train/noise/1da17e91acbf15fd_w06.png,1da17e91acbf15fd,6,Field,Noise
train/noise/1da17e91acbf15fd_w12.png,1da17e91acbf15fd,12,Field,Noise
train/noise/1da17e91acbf15fd_w15.png,1da17e91acbf15fd,15,Field,Noise
train/noise/1da17e91acbf15fd_w17.png,1da17e91acbf15fd,17,Field,Noise
train/noise/1da17e91acbf15fd_w19.png,1da17e91acbf15fd,19,Field,Noise
train/noise/1da17e91acbf15fd_w24.png,1da17e91acbf15fd,24,Field,Noise
train/noise/1da17e91acbf15fd_w25.png,1da17e91acbf15fd,25,Field,Noise
train/noise/1dbd19e2ae04ba2b_w04.png,1dbd19e2ae04ba2b,4,Field,Noise
train/noise/1dbd19e2ae04ba2b_w08.png,1dbd19e2ae04ba2b,8,Field,Noise
train/noise/1dbd19e2ae04ba2b_w10.png,1dbd19e2ae04ba2b,10,Field,Noise
train/noise/1dbd19e2ae04ba2b_w13.png,1dbd19e2ae04ba2b,13,Field,Noise
train/noise/1dbd19e2ae04ba2b_w14.png,1dbd19e2ae04ba2b,14,Field,Noise
train/noise/1dbd19e2ae04ba2b_w18.png,1dbd19e2ae04ba2b,18,Field,Noise
train/noise/1dbd19e2ae04ba2b_w20.png,1dbd19e2ae04ba2b,20,Field,Noise
train/noise/1dbd19e2ae04ba2b_w25.png,1dbd19e2ae04ba2b,25,Field,Noise
train/noise/1dcc1b1dda42fcde_w00.png,1dcc1b1dda42fcde,0,Field,Noise
train/noise/1dcc1b1dda42fcde_w04.png,1dcc1b1dda42fcde,4,Field,Noise
train/noise/1dcc1b1dda42fcde_w05.png,1dcc1b1dda42fcde,5,Field,Noise
train/noise/1dcc1b1dda42fcde_w07.png,1dcc1b1dda42fcde,7,Field,Noise
train/noise/1dcc1b1dda42fcde_w08.png,1dcc1b1dda42fcde,8,Field,Noise
train/noise/1dcc1b1dda42fcde_w15.png,1dcc1b1dda42fcde,15,Field,Noise
train/noise/1dcc1b1dda42fcde_w22.png,1dcc1b1dda42fcde,22,Field,Noise
train/noise/1dcc1b1dda42fcde_w26.png,1dcc1b1dda42fcde,26,Field,Noise
train/noise/1deb9bbf56251391_w00.png,1deb9bbf56251391,0,Field,Noise
train/noise/1deb9bbf56251391_w05.png,1deb9bbf56251391,5,Field,Noise
train/noise/1deb9bbf56251391_w10.png,1deb9bbf56251391,10,Field,Noise
train/noise/1deb9bbf56251391_w12.png,1deb9bbf56251391,12,Field,Noise
train/noise/1deb9bbf56251391_w15.png,1deb9bbf56251391,15,Field,Noise
train/noise/1deb9bbf56251391_w16.png,1deb9bbf56251391,16,Field,Noise
train/noise/1deb9bbf56251391_w22.png,1deb9bbf56251391,22,Field,Noise
train/noise/1deb9bbf56251391_w25.png,1deb9bbf56251391,25,Field,Noise
train/noise/1e1ae31740519907_w01.png,1e1ae31740519907,1,Field,Noise
train/noise/1e1ae31740519907_w02.png,1e1ae31740519907,2,Field,Noise
train/noise/1e1ae31740519907_w03.png,1e1ae31740519907,3,Field,Noise
train/noise/1e1ae31740519907_w06.png,1e1ae31740519907,6,Field,Noise
train/noise/1e1ae31740519907_w13.png,1e1ae31740519907,13,Field,Noise
train/noise/1e1ae31740519907_w16.png,1e1ae31740519907,16,Field,Noise
train/noise/1e1ae31740519907_w18.png,1e1ae31740519907,18,Field,Noise
train/noise/1e1ae31740519907_w23.png,1e1ae31740519907,23,Field,Noise
train/noise/1e5179d67ab37dd8_w00.png,1e5179d67ab37dd8,0,Field,Noise
train/noise/1e5179d67ab37dd8_w01.png,1e5179d67ab37dd8,1,Field,Noise
train/noise/1e5179d67ab37dd8_w06.png,1e5179d67ab37dd8,6,Field,Noise
train/noise/1e5179d67ab37dd8_w07.png,1e5179d67ab37dd8,7,Field,Noise
train/noise/1e5179d67ab37dd8_w08.png,1e5179d67ab37dd8,8,Field,Noise
train/noise/1e5179d67ab37dd8_w09.png,1e5179d67ab37dd8,9,Field,Noise
train/noise/1e5179d67ab37dd8_w14.png,1e5179d67ab37dd8,14,Field,Noise
train/noise/1e5179d67ab37dd8_w27.png,1e5179d67ab37dd8,27,Field,Noise
train/noise/1e7cf68658ad92ea_w02.png,1e7cf68658ad92ea,2,Field,Noise
train/noise/1e7cf68658ad92ea_w03.png,1e7cf68658ad92ea,3,Field,Noise
train/noise/1e7cf68658ad92ea_w05.png,1e7cf68658ad92ea,5,Field,Noise
train/noise/1e7cf68658ad92ea_w08.png,1e7cf68658ad92ea,8,Field,Noise
train/noise/1e7cf68658ad92ea_w09.png,1e7cf68658ad92ea,9,Field,Noise
train/noise/1e7cf68658ad92ea_w12.png,1e7cf68658ad92ea,12,Field,Noise
train/noise/1e7cf68658ad92ea_w26.png,1e7cf68658ad92ea,26,Field,Noise
train/noise/1e7cf68658ad92ea_w27.png,1e7cf68658ad92ea,27,Field,Noise
train/noise/1ebbc8c9d0c253c5_w04.png,1ebbc8c9d0c253c5,4,Field,Noise
train/noise/1ebbc8c9d0c253c5_w06.png,1ebbc8c9d0c253c5,6,Field,Noise
train/noise/1ebbc8c9d0c253c5_w08.png,1ebbc8c9d0c253c5,8,Field,Noise
train/noise/1ebbc8c9d0c253c5_w09.png,1ebbc8c9d0c253c5,9,Field,Noise
train/noise/1ebbc8c9d0c253c5_w14.png,1ebbc8c9d0c253c5,14,Field,Noise
train/noise/1ebbc8c9d0c253c5_w22.png,1ebbc8c9d0c253c5,22,Field,Noise
train/noise/1ebbc8c9d0c253c5_w25.png,1ebbc8c9d0c253c5,25,Field,Noise
train/noise/1ebbc8c9d0c253c5_w27.png,1ebbc8c9d0c253c5,27,Field,Noise
train/noise/1ec586e62c5675b8_w00.png,1ec586e62c5675b8,0,Field,Noise
train/noise/1ec586e62c5675b8_w01.png,1ec586e62c5675b8,1,Field,Noise
train/noise/1ec586e62c5675b8_w02.png,1ec586e62c5675b8,2,Field,Noise
train/noise/1ec586e62c5675b8_w10.png,1ec586e62c5675b8,10,Field,Noise
train/noise/1ec586e62c5675b8_w17.png,1ec586e62c5675b8,17,Field,Noise
train/noise/1ec586e62c5675b8_w19.png,1ec586e62c5675b8,19,Field,Noise
train/noise/1ec586e62c5675b8_w23.png,1ec586e62c5675b8,23,Field,Noise
train/noise/1ec586e62c5675b8_w24.png,1ec586e62c5675b8,24,Field,Noise
train/noise/1ecef12ee420216f_w02.png,1ecef12ee420216f,2,Field,Noise
train/noise/1ecef12ee420216f_w03.png,1ecef12ee420216f,3,Field,Noise
train/noise/1ecef12ee420216f_w05.png,1ecef12ee420216f,5,Field,Noise
train/noise/1ecef12ee420216f_w08.png,1ecef12ee420216f,8,Field,Noise
train/noise/1ecef12ee420216f_w14.png,1ecef12ee420216f,14,Field,Noise
train/noise/1ecef12ee420216f_w15.png,1ecef12ee420216f,15,Field,Noise
train/noise/1ecef12ee420216f_w16.png,1ecef12ee420216f,16,Field,Noise
train/noise/1ecef12ee420216f_w20.png,1ecef12ee420216f,20,Field,Noise
train/noise/1fd0d595cabbdf49_w03.png,1fd0d595cabbdf49,3,Field,Noise
train/noise/1fd0d595cabbdf49_w07.png,1fd0d595cabbdf49,7,Field,Noise
train/noise/1fd0d595cabbdf49_w09.png,1fd0d595cabbdf49,9,Field,Noise
train/noise/1fd0d595cabbdf49_w14.png,1fd0d595cabbdf49,14,Field,Noise
train/noise/1fd0d595cabbdf49_w15.png,1fd0d595cabbdf49,15,Field,Noise
train/noise/1fd0d595cabbdf49_w18.png,1fd0d595cabbdf49,18,Field,Noise
train/noise/1fd0d595cabbdf49_w22.png,1fd0d595cabbdf49,22,Field,Noise
train/noise/1fd0d595cabbdf49_w23.png,1fd0d595cabbdf49,23,Field,Noise
train/noise/1fee6bce7734cb35_w05.png,1fee6bce7734cb35,5,Field,Noise
train/noise/1fee6bce7734cb35_w06.png,1fee6bce7734cb35,6,Field,Noise
train/noise/1fee6bce7734cb35_w10.png,1fee6bce7734cb35,10,Field,Noise
train/noise/1fee6bce7734cb35_w16.png,1fee6bce7734cb35,16,Field,Noise
train/noise/1fee6bce7734cb35_w17.png,1fee6bce7734cb35,17,Field,Noise
train/noise/1fee6bce7734cb35_w20.png,1fee6bce7734cb35,20,Field,Noise
train/noise/1fee6bce7734cb35_w23.png,1fee6bce7734cb35,23,Field,Noise
train/noise/1fee6bce7734cb35_w26.png,1fee6bce7734cb35,26,Field,Noise
train/noise/20bfe200070f00f7_w01.png,20bfe200070f00f7,1,Field,Noise
train/noise/20bfe200070f00f7_w02.png,20bfe200070f00f7,2,Field,Noise
train/noise/20bfe200070f00f7_w03.png,20bfe200070f00f7,3,Field,Noise
train/noise/20bfe200070f00f7_w06.png,20bfe200070f00f7,6,Field,Noise
train/noise/20bfe200070f00f7_w17.png,20bfe200070f00f7,17,Field,Noise
train/noise/20bfe200070f00f7_w19.png,20bfe200070f00f7,19,Field,Noise
train/noise/20bfe200070f00f7_w22.png,20bfe200070f00f7,22,Field,Noise
train/noise/20bfe200070f00f7_w26.png,20bfe200070f00f7,26,Field,Noise
train/noise/20ceaecd9694eecb_w04.png,20ceaecd9694eecb,4,Lab,Noise
train/noise/20ceaecd9694eecb_w05.png,20ceaecd9694eecb,5,Lab,Noise
train/noise/20ceaecd9694eecb_w15.png,20ceaecd9694eecb,15,Lab,Noise
train/noise/20ceaecd9694eecb_w17.png,20ceaecd9694eecb,17,Lab,Noise
train/noise/20ceaecd9694eecb_w23.png,20ceaecd9694eecb,23,Lab,Noise
train/noise/20ceaecd9694eecb_w24.png,20ceaecd9694eecb,24,Lab,Noise
train/noise/20ceaecd9694eecb_w26.png,20ceaecd9694eecb,26,Lab,Noise
train/noise/20ceaecd9694eecb_w27.png,20ceaecd9694eecb,27,Lab,Noise
train/noise/229708181ced27d8_w01.png,229708181ced27d8,1,Field,Noise
train/noise/229708181ced27d8_w04.png,229708181ced27d8,4,Field,Noise
train/noise/229708181ced27d8_w09.png,229708181ced27d8,9,Field,Noise
train/noise/229708181ced27d8_w12.png,229708181ced27d8,12,Field,Noise
train/noise/229708181ced27d8_w18.png,229708181ced27d8,18,Field,Noise
train/noise/229708181ced27d8_w24.png,229708181ced27d8,24,Field,Noise
train/noise/229708181ced27d8_w26.png,229708181ced27d8,26,Field,Noise
train/noise/229708181ced27d8_w27.png,229708181ced27d8,27,Field,Noise
train/noise/22a31d2665f2d725_w00.png,22a31d2665f2d725,0,Field,Noise
train/noise/22a31d2665f2d725_w01.png,22a31d2665f2d725,1,Field,Noise
train/noise/22a31d2665f2d725_w02.png,22a31d2665f2d725,2,Field,Noise
train/noise/22a31d2665f2d725_w14.png,22a31d2665f2d725,14,Field,Noise
train/noise/22a31d2665f2d725_w18.png,22a31d2665f2d725,18,Field,Noise
train/noise/22a31d2665f2d725_w21.png,22a31d2665f2d725,21,Field,Noise
train/noise/22a31d2665f2d725_w23.png,22a31d2665f2d725,23,Field,Noise
train/noise/22a31d2665f2d725_w25.png,22a31d2665f2d725,25,Field,Noise
train/noise/22fff19114f0cf4a_w00.png,22fff19114f0cf4a,0,Field,Noise
train/noise/22fff19114f0cf4a_w04.png,22fff19114f0cf4a,4,Field,Noise
train/noise/22fff19114f0cf4a_w13.png,22fff19114f0cf4a,13,Field,Noise
train/noise/22fff19114f0cf4a_w14.png,22fff19114f0cf4a,14,Field,Noise
train/noise/22fff19114f0cf4a_w15.png,22fff19114f0cf4a,15,Field,Noise
train/noise/22fff19114f0cf4a_w18.png,22fff19114f0cf4a,18,Field,Noise
train/noise/22fff19114f0cf4a_w19.png,22fff19114f0cf4a,19,Field,Noise
train/noise/22fff19114f0cf4a_w21.png,22fff19114f0cf4a,21,Field,Noise
train/noise/239e01b7d50314d5_w02.png,239e01b7d50314d5,2,Field,Noise
train/noise/239e01b7d50314d5_w05.png,239e01b7d50314d5,5,Field,Noise
train/noise/239e01b7d50314d5_w08.png,239e01b7d50314d5,8,Field,Noise
train/noise/239e01b7d50314d5_w10.png,239e01b7d50314d5,10,Field,Noise
train/noise/239e01b7d50314d5_w17.png,239e01b7d50314d5,17,Field,Noise
train/noise/239e01b7d50314d5_w19.png,239e01b7d50314d5,19,Field,Noise
train/noise/239e01b7d50314d5_w22.png,239e01b7d50314d5,22,Field,Noise
train/noise/239e01b7d50314d5_w25.png,239e01b7d50314d5,25,Field,Noise
train/noise/23c2d13b8fdfc4a1_w03.png,23c2d13b8fdfc4a1,3,Field,Noise
train/noise/23c2d13b8fdfc4a1_w04.png,23c2d13b8fdfc4a1,4,Field,Noise
train/noise/23c2d13b8fdfc4a1_w05.png,23c2d13b8fdfc4a1,5,Field,Noise
train/noise/23c2d13b8fdfc4a1_w07.png,23c2d13b8fdfc4a1,7,Field,Noise
train/noise/23c2d13b8fdfc4a1_w08.png,23c2d13b8fdfc4a1,8,Field,Noise
train/noise/23c2d13b8fdfc4a1_w15.png,23c2d13b8fdfc4a1,15,Field,Noise
train/noise/23c2d13b8fdfc4a1_w18.png,23c2d13b8fdfc4a1,18,Field,Noise
train/noise/23c2d13b8fdfc4a1_w24.png,23c2d13b8fdfc4a1,24,Field,Noise
train/noise/23ec8b14745fa51f_w06.png,23ec8b14745fa51f,6,Field,Noise
train/noise/23ec8b14745fa51f_w08.png,23ec8b14745fa51f,8,Field,Noise
train/noise/23ec8b14745fa51f_w11.png,23ec8b14745fa51f,11,Field,Noise
train/noise/23ec8b14745fa51f_w12.png,23ec8b14745fa51f,12,Field,Noise
train/noise/23ec8b14745fa51f_w14.png,23ec8b14745fa51f,14,Field,Noise
train/noise/23ec8b14745fa51f_w18.png,23ec8b14745fa51f,18,Field,Noise
train/noise/23ec8b14745fa51f_w26.png,23ec8b14745fa51f,26,Field,Noise
train/noise/23ec8b14745fa51f_w27.png,23ec8b14745fa51f,27,Field,Noise
train/noise/2408071a43a7de94_w02.png,2408071a43a7de94,2,Field,Noise
train/noise/2408071a43a7de94_w03.png,2408071a43a7de94,3,Field,Noise
train/noise/2408071a43a7de94_w06.png,2408071a43a7de94,6,Field,Noise
train/noise/2408071a43a7de94_w12.png,2408071a43a7de94,12,Field,Noise
train/noise/2408071a43a7de94_w16.png,2408071a43a7de94,16,Field,Noise
train/noise/2408071a43a7de94_w19.png,2408071a43a7de94,19,Field,Noise
train/noise/2408071a43a7de94_w20.png,2408071a43a7de94,20,Field,Noise
train/noise/2408071a43a7de94_w25.png,2408071a43a7de94,25,Field,Noise
train/noise/2411bf1a03947c7d_w04.png,2411bf1a03947c7d,4,Field,Noise
train/noise/2411bf1a03947c7d_w07.png,2411bf1a03947c7d,7,Field,Noise
train/noise/2411bf1a03947c7d_w09.png,2411bf1a03947c7d,9,Field,Noise
train/noise/2411bf1a03947c7d_w10.png,2411bf1a03947c7d,10,Field,Noise
train/noise/2411bf1a03947c7d_w18.png,2411bf1a03947c7d,18,Field,Noise
train/noise/2411bf1a03947c7d_w19.png,2411bf1a03947c7d,19,Field,Noise
train/noise/2411bf1a03947c7d_w20.png,2411bf1a03947c7d,20,Field,Noise
train/noise/2411bf1a03947c7d_w22.png,2411bf1a03947c7d,22,Field,Noise
train/noise/243a4f8060dd8257_w04.png,243a4f8060dd8257,4,Field,Noise
train/noise/243a4f8060dd8257_w05.png,243a4f8060dd8257,5,Field,Noise
train/noise/243a4f8060dd8257_w09.png,243a4f8060dd8257,9,Field,Noise
train/noise/243a4f8060dd8257_w10.png,243a4f8060dd8257,10,Field,Noise
train/noise/243a4f8060dd8257_w15.png,243a4f8060dd8257,15,Field,Noise
train/noise/243a4f8060dd8257_w17.png,243a4f8060dd8257,17,Field,Noise
train/noise/243a4f8060dd8257_w20.png,243a4f8060dd8257,20,Field,Noise
train/noise/243a4f8060dd8257_w27.png,243a4f8060dd8257,27,Field,Noise
train/noise/2459660804e42d19_w03.png,2459660804e42d19,3,Field,Noise
train/noise/2459660804e42d19_w07.png,2459660804e42d19,7,Field,Noise
train/noise/2459660804e42d19_w10.png,2459660804e42d19,10,Field,Noise
train/noise/2459660804e42d19_w11.png,2459660804e42d19,11,Field,Noise
train/noise/2459660804e42d19_w16.png,2459660804e42d19,16,Field,Noise
train/noise/2459660804e42d19_w22.png,2459660804e42d19,22,Field,Noise
train/noise/2459660804e42d19_w23.png,2459660804e42d19,23,Field,Noise
train/noise/2459660804e42d19_w26.png,2459660804e42d19,26,Field,Noise
train/noise/25e23d2292847dde_w04.png,25e23d2292847dde,4,Lab,Noise
train/noise/25e23d2292847dde_w07.png,25e23d2292847dde,7,Lab,Noise
train/noise/25e23d2292847dde_w08.png,25e23d2292847dde,8,Lab,Noise
train/noise/25e23d2292847dde_w16.png,25e23d2292847dde,16,Lab,Noise
train/noise/25e23d2292847dde_w17.png,25e23d2292847dde,17,Lab,Noise
train/noise/25e23d2292847dde_w20.png,25e23d2292847dde,20,Lab,Noise
train/noise/25e23d2292847dde_w23.png,25e23d2292847dde,23,Lab,Noise
train/noise/25e23d2292847dde_w25.png,25e23d2292847dde,25,Lab,Noise
train/noise/260df4f2a1a28528_w01.png,260df4f2a1a28528,1,Lab,Noise
train/noise/260df4f2a1a28528_w05.png,260df4f2a1a28528,5,Lab,Noise
train/noise/260df4f2a1a28528_w08.png,260df4f2a1a28528,8,Lab,Noise
train/noise/260df4f2a1a28528_w13.png,260df4f2a1a28528,13,Lab,Noise
train/noise/260df4f2a1a28528_w16.png,260df4f2a1a28528,16,Lab,Noise
train/noise/260df4f2a1a28528_w20.png,260df4f2a1a28528,20,Lab,Noise
train/noise/260df4f2a1a28528_w22.png,260df4f2a1a28528,22,Lab,Noise
train/noise/260df4f2a1a28528_w24.png,260df4f2a1a28528,24,Lab,Noise
train/noise/2655e4c2f6507a88_w02.png,2655e4c2f6507a88,2,Field,Noise
train/noise/2655e4c2f6507a88_w03.png,2655e4c2f6507a88,3,Field,Noise
train/noise/2655e4c2f6507a88_w06.png,2655e4c2f6507a88,6,Field,Noise
train/noise/2655e4c2f6507a88_w15.png,2655e4c2f6507a88,15,Field,Noise
train/noise/2655e4c2f6507a88_w17.png,2655e4c2f6507a88,17,Field,Noise
train/noise/2655e4c2f6507a88_w21.png,2655e4c2f6507a88,21,Field,Noise
train/noise/2655e4c2f6507a88_w22.png,2655e4c2f6507a88,22,Field,Noise
train/noise/2655e4c2f6507a88_w27.png,2655e4c2f6507a88,27,Field,Noise
train/noise/26b6619b874271d6_w02.png,26b6619b874271d6,2,Field,Noise
train/noise/26b6619b874271d6_w08.png,26b6619b874271d6,8,Field,Noise
train/noise/26b6619b874271d6_w09.png,26b6619b874271d6,9,Field,Noise
train/noise/26b6619b874271d6_w14.png,26b6619b874271d6,14,Field,Noise
train/noise/26b6619b874271d6_w15.png,26b6619b874271d6,15,Field,Noise
train/noise/26b6619b874271d6_w19.png,26b6619b874271d6,19,Field,Noise
train/noise/26b6619b874271d6_w23.png,26b6619b874271d6,23,Field,Noise
train/noise/26b6619b874271d6_w24.png,26b6619b874271d6,24,Field,Noise
train/noise/26c2f3fe3f4c8419_w02.png,26c2f3fe3f4c8419,2,Field,Noise
train/noise/26c2f3fe3f4c8419_w04.png,26c2f3fe3f4c8419,4,Field,Noise
train/noise/26c2f3fe3f4c8419_w08.png,26c2f3fe3f4c8419,8,Field,Noise
train/noise/26c2f3fe3f4c8419_w12.png,26c2f3fe3f4c8419,12,Field,Noise
train/noise/26c2f3fe3f4c8419_w17.png,26c2f3fe3f4c8419,17,Field,Noise
train/noise/26c2f3fe3f4c8419_w20.png,26c2f3fe3f4c8419,20,Field,Noise
train/noise/26c2f3fe3f4c8419_w23.png,26c2f3fe3f4c8419,23,Field,Noise
train/noise/26c2f3fe3f4c8419_w27.png,26c2f3fe3f4c8419,27,Field,Noise
train/noise/26e72bb7a0adbf02_w03.png,26e72bb7a0adbf02,3,Lab,Noise
train/noise/26e72bb7a0adbf02_w07.png,26e72bb7a0adbf02,7,Lab,Noise
train/noise/26e72bb7a0adbf02_w08.png,26e72bb7a0adbf02,8,Lab,Noise
train/noise/26e72bb7a0adbf02_w09.png,26e72bb7a0adbf02,9,Lab,Noise
train/noise/26e72bb7a0adbf02_w10.png,26e72bb7a0adbf02,10,Lab,Noise
train/noise/26e72bb7a0adbf02_w13.png,26e72bb7a0adbf02,13,Lab,Noise
train/noise/26e72bb7a0adbf02_w16.png,26e72bb7a0adbf02,16,Lab,Noise
train/noise/26e72bb7a0adbf02_w17.png,26e72bb7a0adbf02,17,Lab,Noise
train/noise/26f3f1fd32995b55_w06.png,26f3f1fd32995b55,6,Field,Noise
train/noise/26f3f1fd32995b55_w07.png,26f3f1fd32995b55,7,Field,Noise
train/noise/26f3f1fd32995b55_w13.png,26f3f1fd32995b55,13,Field,Noise
train/noise/26f3f1fd32995b55_w15.png,26f3f1fd32995b55,15,Field,Noise
train/noise/26f3f1fd32995b55_w17.png,26f3f1fd32995b55,17,Field,Noise
train/noise/26f3f1fd32995b55_w18.png,26f3f1fd32995b55,18,Field,Noise
train/noise/26f3f1fd32995b55_w23.png,26f3f1fd32995b55,23,Field,Noise
train/noise/26f3f1fd32995b55_w27.png,26f3f1fd32995b55,27,Field,Noise
train/noise/273ae74be4843435_w04.png,273ae74be4843435,4,Field,Noise
train/noise/273ae74be4843435_w07.png,273ae74be4843435,7,Field,Noise
train/noise/273ae74be4843435_w09.png,273ae74be4843435,9,Field,Noise
train/noise/273ae74be4843435_w10.png,273ae74be4843435,10,Field,Noise
train/noise/273ae74be4843435_w19.png,273ae74be4843435,19,Field,Noise
train/noise/273ae74be4843435_w20.png,273ae74be4843435,20,Field,Noise
train/noise/273ae74be4843435_w21.png,273ae74be4843435,21,Field,Noise
train/noise/273ae74be4843435_w25.png,273ae74be4843435,25,Field,Noise
train/noise/276190d7e773e3e4_w01.png,276190d7e773e3e4,1,Field,Noise
train/noise/276190d7e773e3e4_w04.png,276190d7e773e3e4,4,Field,Noise
train/noise/276190d7e773e3e4_w07.png,276190d7e773e3e4,7,Field,Noise
train/noise/276190d7e773e3e4_w12.png,276190d7e773e3e4,12,Field,Noise
train/noise/276190d7e773e3e4_w21.png,276190d7e773e3e4,21,Field,Noise
train/noise/276190d7e773e3e4_w22.png,276190d7e773e3e4,22,Field,Noise
train/noise/276190d7e773e3e4_w23.png,276190d7e773e3e4,23,Field,Noise
train/noise/276190d7e773e3e4_w24.png,276190d7e773e3e4,24,Field,Noise
train/noise/27ec8071ea7506bd_w01.png,27ec8071ea7506bd,1,Field,Noise
train/noise/27ec8071ea7506bd_w05.png,27ec8071ea7506bd,5,Field,Noise
train/noise/27ec8071ea7506bd_w07.png,27ec8071ea7506bd,7,Field,Noise
train/noise/27ec8071ea7506bd_w10.png,27ec8071ea7506bd,10,Field,Noise
train/noise/27ec8071ea7506bd_w13.png,27ec8071ea7506bd,13,Field,Noise
train/noise/27ec8071ea7506bd_w14.png,27ec8071ea7506bd,14,Field,Noise
train/noise/27ec8071ea7506bd_w18.png,27ec8071ea7506bd,18,Field,Noise
train/noise/27ec8071ea7506bd_w21.png,27ec8071ea7506bd,21,Field,Noise
train/noise/29113acdf8fb777b_w06.png,29113acdf8fb777b,6,Field,Noise
train/noise/29113acdf8fb777b_w11.png,29113acdf8fb777b,11,Field,Noise
train/noise/29113acdf8fb777b_w16.png,29113acdf8fb777b,16,Field,Noise
train/noise/29113acdf8fb777b_w18.png,29113acdf8fb777b,18,Field,Noise
train/noise/29113acdf8fb777b_w22.png,29113acdf8fb777b,22,Field,Noise
train/noise/29113acdf8fb777b_w23.png,29113acdf8fb777b,23,Field,Noise
train/noise/29113acdf8fb777b_w24.png,29113acdf8fb777b,24,Field,Noise
train/noise/29113acdf8fb777b_w25.png,29113acdf8fb777b,25,Field,Noise
train/noise/2992ac2c2353e73d_w00.png,2992ac2c2353e73d,0,Lab,Noise
train/noise/2992ac2c2353e73d_w04.png,2992ac2c2353e73d,4,Lab,Noise
train/noise/2992ac2c2353e73d_w07.png,2992ac2c2353e73d,7,Lab,Noise
train/noise/2992ac2c2353e73d_w09.png,2992ac2c2353e73d,9,Lab,Noise
train/noise/2992ac2c2353e73d_w18.png,2992ac2c2353e73d,18,Lab,Noise
train/noise/2992ac2c2353e73d_w19.png,2992ac2c2353e73d,19,Lab,Noise
train/noise/2992ac2c2353e73d_w24.png,2992ac2c2353e73d,24,Lab,Noise
train/noise/2992ac2c2353e73d_w26.png,2992ac2c2353e73d,26,Lab,Noise
train/noise/299f60d58530a2e3_w02.png,299f60d58530a2e3,2,Lab,Noise
train/noise/299f60d58530a2e3_w03.png,299f60d58530a2e3,3,Lab,Noise
train/noise/299f60d58530a2e3_w09.png,299f60d58530a2e3,9,Lab,Noise
train/noise/299f60d58530a2e3_w12.png,299f60d58530a2e3,12,Lab,Noise
train/noise/299f60d58530a2e3_w15.png,299f60d58530a2e3,15,Lab,Noise
train/noise/299f60d58530a2e3_w20.png,299f60d58530a2e3,20,Lab,Noise
train/noise/299f60d58530a2e3_w23.png,299f60d58530a2e3,23,Lab,Noise
train/noise/299f60d58530a2e3_w26.png,299f60d58530a2e3,26,Lab,Noise
train/noise/29af74cbc5f0cf05_w00.png,29af74cbc5f0cf05,0,Lab,Noise
train/noise/29af74cbc5f0cf05_w04.png,29af74cbc5f0cf05,4,Lab,Noise
train/noise/29af74cbc5f0cf05_w08.png,29af74cbc5f0cf05,8,Lab,Noise
train/noise/29af74cbc5f0cf05_w09.png,29af74cbc5f0cf05,9,Lab,Noise
train/noise/29af74cbc5f0cf05_w10.png,29af74cbc5f0cf05,10,Lab,Noise
train/noise/29af74cbc5f0cf05_w11.png,29af74cbc5f0cf05,11,Lab,Noise
train/noise/29af74cbc5f0cf05_w14.png,29af74cbc5f0cf05,14,Lab,Noise
train/noise/29af74cbc5f0cf05_w16.png,29af74cbc5f0cf05,16,Lab,Noise
train/noise/29d33cbc85ce18ed_w03.png,29d33cbc85ce18ed,3,Field,Noise
train/noise/29d33cbc85ce18ed_w06.png,29d33cbc85ce18ed,6,Field,Noise
train/noise/29d33cbc85ce18ed_w07.png,29d33cbc85ce18ed,7,Field,Noise
train/noise/29d33cbc85ce18ed_w11.png,29d33cbc85ce18ed,11,Field,Noise
train/noise/29d33cbc85ce18ed_w15.png,29d33cbc85ce18ed,15,Field,Noise
train/noise/29d33cbc85ce18ed_w19.png,29d33cbc85ce18ed,19,Field,Noise
train/noise/29d33cbc85ce18ed_w21.png,29d33cbc85ce18ed,21,Field,Noise
train/noise/29d33cbc85ce18ed_w26.png,29d33cbc85ce18ed,26,Field,Noise
train/noise/2a188a04afe0efbd_w05.png,2a188a04afe0efbd,5,Field,Noise
train/noise/2a188a04afe0efbd_w07.png,2a188a04afe0efbd,7,Field,Noise
train/noise/2a188a04afe0efbd_w12.png,2a188a04afe0efbd,12,Field,Noise
train/noise/2a188a04afe0efbd_w14.png,2a188a04afe0efbd,14,Field,Noise
train/noise/2a188a04afe0efbd_w15.png,2a188a04afe0efbd,15,Field,Noise
train/noise/2a188a04afe0efbd_w16.png,2a188a04afe0efbd,16,Field,Noise
train/noise/2a188a04afe0efbd_w23.png,2a188a04afe0efbd,23,Field,Noise
train/noise/2a188a04afe0efbd_w24.png,2a188a04afe0efbd,24,Field,Noise
train/noise/2a3c657bfe0bd66e_w04.png,2a3c657bfe0bd66e,4,Field,Noise
train/noise/2a3c657bfe0bd66e_w05.png,2a3c657bfe0bd66e,5,Field,Noise
train/noise/2a3c657bfe0bd66e_w09.png,2a3c657bfe0bd66e,9,Field,Noise
train/noise/2a3c657bfe0bd66e_w13.png,2a3c657bfe0bd66e,13,Field,Noise
train/noise/2a3c657bfe0bd66e_w15.png,2a3c657bfe0bd66e,15,Field,Noise
train/noise/2a3c657bfe0bd66e_w22.png,2a3c657bfe0bd66e,22,Field,Noise
train/noise/2a3c657bfe0bd66e_w24.png,2a3c657bfe0bd66e,24,Field,Noise
train/noise/2a3c657bfe0bd66e_w26.png,2a3c657bfe0bd66e,26,Field,Noise
train/noise/2ab249945173f166_w03.png,2ab249945173f166,3,Field,Noise
train/noise/2ab249945173f166_w06.png,2ab249945173f166,6,Field,Noise
train/noise/2ab249945173f166_w09.png,2ab249945173f166,9,Field,Noise
train/noise/2ab249945173f166_w12.png,2ab249945173f166,12,Field,Noise
train/noise/2ab249945173f166_w14.png,2ab249945173f166,14,Field,Noise
train/noise/2ab249945173f166_w20.png,2ab249945173f166,20,Field,Noise
train/noise/2ab249945173f166_w21.png,2ab249945173f166,21,Field,Noise
train/noise/2ab249945173f166_w23.png,2ab249945173f166,23,Field,Noise
train/noise/2ab67b97ae3c9194_w00.png,2ab67b97ae3c9194,0,Field,Noise
train/noise/2ab67b97ae3c9194_w02.png,2ab67b97ae3c9194,2,Field,Noise
train/noise/2ab67b97ae3c9194_w03.png,2ab67b97ae3c9194,3,Field,Noise
train/noise/2ab67b97ae3c9194_w12.png,2ab67b97ae3c9194,12,Field,Noise
train/noise/2ab67b97ae3c9194_w15.png,2ab67b97ae3c9194,15,Field,Noise
train/noise/2ab67b97ae3c9194_w17.png,2ab67b97ae3c9194,17,Field,Noise
train/noise/2ab67b97ae3c9194_w18.png,2ab67b97ae3c9194,18,Field,Noise
train/noise/2ab67b97ae3c9194_w23.png,2ab67b97ae3c9194,23,Field,Noise
train/noise/2abe13208635f716_w06.png,2abe13208635f716,6,Field,Noise
train/noise/2abe13208635f716_w11.png,2abe13208635f716,11,Field,Noise
train/noise/2abe13208635f716_w12.png,2abe13208635f716,12,Field,Noise
train/noise/2abe13208635f716_w15.png,2abe13208635f716,15,Field,Noise
train/noise/2abe13208635f716_w16.png,2abe13208635f716,16,Field,Noise
train/noise/2abe13208635f716_w19.png,2abe13208635f716,19,Field,Noise
train/noise/2abe13208635f716_w23.png,2abe13208635f716,23,Field,Noise
train/noise/2abe13208635f716_w26.png,2abe13208635f716,26,Field,Noise
train/noise/2b19f574cc511718_w05.png,2b19f574cc511718,5,Field,Noise
train/noise/2b19f574cc511718_w09.png,2b19f574cc511718,9,Field,Noise
train/noise/2b19f574cc511718_w10.png,2b19f574cc511718,10,Field,Noise
train/noise/2b19f574cc511718_w12.png,2b19f574cc511718,12,Field,Noise
train/noise/2b19f574cc511718_w13.png,2b19f574cc511718,13,Field,Noise
train/noise/2b19f574cc511718_w18.png,2b19f574cc511718,18,Field,Noise
train/noise/2b19f574cc511718_w21.png,2b19f574cc511718,21,Field,Noise
train/noise/2b19f574cc511718_w24.png,2b19f574cc511718,24,Field,Noise
train/noise/2b5a918896211e1e_w00.png,2b5a918896211e1e,0,Lab,Noise
train/noise/2b5a918896211e1e_w09.png,2b5a918896211e1e,9,Lab,Noise
train/noise/2b5a918896211e1e_w11.png,2b5a918896211e1e,11,Lab,Noise
train/noise/2b5a918896211e1e_w15.png,2b5a918896211e1e,15,Lab,Noise
train/noise/2b5a918896211e1e_w16.png,2b5a918896211e1e,16,Lab,Noise
train/noise/2b5a918896211e1e_w21.png,2b5a918896211e1e,21,Lab,Noise
train/noise/2b5a918896211e1e_w23.png,2b5a918896211e1e,23,Lab,Noise
train/noise/2b5a918896211e1e_w25.png,2b5a918896211e1e,25,Lab,Noise
train/noise/2b7c9ed556aa2ab6_w00.png,2b7c9ed556aa2ab6,0,Field,Noise
train/noise/2b7c9ed556aa2ab6_w06.png,2b7c9ed556aa2ab6,6,Field,Noise
train/noise/2b7c9ed556aa2ab6_w12.png,2b7c9ed556aa2ab6,12,Field,Noise
train/noise/2b7c9ed556aa2ab6_w15.png,2b7c9ed556aa2ab6,15,Field,Noise
train/noise/2b7c9ed556aa2ab6_w16.png,2b7c9ed556aa2ab6,16,Field,Noise
train/noise/2b7c9ed556aa2ab6_w17.png,2b7c9ed556aa2ab6,17,Field,Noise
train/noise/2b7c9ed556aa2ab6_w22.png,2b7c9ed556aa2ab6,22,Field,Noise
train/noise/2b7c9ed556aa2ab6_w25.png,2b7c9ed556aa2ab6,25,Field,Noise
train/noise/2bca2655eea906ba_w02.png,2bca2655eea906ba,2,Field,Noise
train/noise/2bca2655eea906ba_w06.png,2bca2655eea906ba,6,Field,Noise
train/noise/2bca2655eea906ba_w08.png,2bca2655eea906ba,8,Field,Noise
train/noise/2bca2655eea906ba_w11.png,2bca2655eea906ba,11,Field,Noise
train/noise/2bca2655eea906ba_w16.png,2bca2655eea906ba,16,Field,Noise
train/noise/2bca2655eea906ba_w18.png,2bca2655eea906ba,18,Field,Noise
train/noise/2bca2655eea906ba_w21.png,2bca2655eea906ba,21,Field,Noise
train/noise/2bca2655eea906ba_w24.png,2bca2655eea906ba,24,Field,Noise
train/noise/2bf4a85686a25f93_w01.png,2bf4a85686a25f93,1,Field,Noise
train/noise/2bf4a85686a25f93_w05.png,2bf4a85686a25f93,5,Field,Noise
train/noise/2bf4a85686a25f93_w07.png,2bf4a85686a25f93,7,Field,Noise
train/noise/2bf4a85686a25f93_w10.png,2bf4a85686a25f93,10,Field,Noise
train/noise/2bf4a85686a25f93_w12.png,2bf4a85686a25f93,12,Field,Noise
train/noise/2bf4a85686a25f93_w19.png,2bf4a85686a25f93,19,Field,Noise
train/noise/2bf4a85686a25f93_w24.png,2bf4a85686a25f93,24,Field,Noise
train/noise/2bf4a85686a25f93_w27.png,2bf4a85686a25f93,27,Field,Noise
train/noise/2c05afd3b43b4b2a_w03.png,2c05afd3b43b4b2a,3,Field,Noise
train/noise/2c05afd3b43b4b2a_w05.png,2c05afd3b43b4b2a,5,Field,Noise
train/noise/2c05afd3b43b4b2a_w07.png,2c05afd3b43b4b2a,7,Field,Noise
train/noise/2c05afd3b43b4b2a_w09.png,2c05afd3b43b4b2a,9,Field,Noise
train/noise/2c05afd3b43b4b2a_w13.png,2c05afd3b43b4b2a,13,Field,Noise
train/noise/2c05afd3b43b4b2a_w20.png,2c05afd3b43b4b2a,20,Field,Noise
train/noise/2c05afd3b43b4b2a_w23.png,2c05afd3b43b4b2a,23,Field,Noise
train/noise/2c05afd3b43b4b2a_w27.png,2c05afd3b43b4b2a,27,Field,Noise
train/noise/2c5547cb797f4a06_w00.png,2c5547cb797f4a06,0,Lab,Noise
train/noise/2c5547cb797f4a06_w01.png,2c5547cb797f4a06,1,Lab,Noise
train/noise/2c5547cb797f4a06_w06.png,2c5547cb797f4a06,6,Lab,Noise
train/noise/2c5547cb797f4a06_w07.png,2c5547cb797f4a06,7,Lab,Noise
train/noise/2c5547cb797f4a06_w08.png,2c5547cb797f4a06,8,Lab,Noise
train/noise/2c5547cb797f4a06_w11.png,2c5547cb797f4a06,11,Lab,Noise
train/noise/2c5547cb797f4a06_w24.png,2c5547cb797f4a06,24,Lab,Noise
train/noise/2c5547cb797f4a06_w27.png,2c5547cb797f4a06,27,Lab,Noise
train/noise/2c97bc48f525424f_w01.png,2c97bc48f525424f,1,Field,Noise
train/noise/2c97bc48f525424f_w04.png,2c97bc48f525424f,4,Field,Noise
train/noise/2c97bc48f525424f_w05.png,2c97bc48f525424f,5,Field,Noise
train/noise/2c97bc48f525424f_w06.png,2c97bc48f525424f,6,Field,Noise
train/noise/2c97bc48f525424f_w07.png,2c97bc48f525424f,7,Field,Noise
train/noise/2c97bc48f525424f_w08.png,2c97bc48f525424f,8,Field,Noise
train/noise/2c97bc48f525424f_w14.png,2c97bc48f525424f,14,Field,Noise
train/noise/2c97bc48f525424f_w23.png,2c97bc48f525424f,23,Field,Noise
train/noise/2cd4557b66bbf7a4_w00.png,2cd4557b66bbf7a4,0,Field,Noise
train/noise/2cd4557b66bbf7a4_w08.png,2cd4557b66bbf7a4,8,Field,Noise
train/noise/2cd4557b66bbf7a4_w10.png,2cd4557b66bbf7a4,10,Field,Noise
train/noise/2cd4557b66bbf7a4_w11.png,2cd4557b66bbf7a4,11,Field,Noise
train/noise/2cd4557b66bbf7a4_w13.png,2cd4557b66bbf7a4,13,Field,Noise
train/noise/2cd4557b66bbf7a4_w16.png,2cd4557b66bbf7a4,16,Field,Noise
train/noise/2cd4557b66bbf7a4_w20.png,2cd4557b66bbf7a4,20,Field,Noise
train/noise/2cd4557b66bbf7a4_w27.png,2cd4557b66bbf7a4,27,Field,Noise
train/noise/2d0634e251e1fa5d_w03.png,2d0634e251e1fa5d,3,Field,Noise
train/noise/2d0634e251e1fa5d_w04.png,2d0634e251e1fa5d,4,Field,Noise
train/noise/2d0634e251e1fa5d_w12.png,2d0634e251e1fa5d,12,Field,Noise
train/noise/2d0634e251e1fa5d_w13.png,2d0634e251e1fa5d,13,Field,Noise
train/noise/2d0634e251e1fa5d_w15.png,2d0634e251e1fa5d,15,Field,Noise
train/noise/2d0634e251e1fa5d_w17.png,2d0634e251e1fa5d,17,Field,Noise
train/noise/2d0634e251e1fa5d_w18.png,2d0634e251e1fa5d,18,Field,Noise
train/noise/2d0634e251e1fa5d_w19.png,2d0634e251e1fa5d,19,Field,Noise
train/noise/2d292f3c6cbccb49_w01.png,2d292f3c6cbccb49,1,Field,Noise
train/noise/2d292f3c6cbccb49_w04.png,2d292f3c6cbccb49,4,Field,Noise
train/noise/2d292f3c6cbccb49_w08.png,2d292f3c6cbccb49,8,Field,Noise
train/noise/2d292f3c6cbccb49_w10.png,2d292f3c6cbccb49,10,Field,Noise
train/noise/2d292f3c6cbccb49_w12.png,2d292f3c6cbccb49,12,Field,Noise
train/noise/2d292f3c6cbccb49_w14.png,2d292f3c6cbccb49,14,Field,Noise
train/noise/2d292f3c6cbccb49_w15.png,2d292f3c6cbccb49,15,Field,Noise
train/noise/2d292f3c6cbccb49_w22.png,2d292f3c6cbccb49,22,Field,Noise
train/noise/2d8c184320168e8f_w02.png,2d8c184320168e8f,2,Field,Noise
train/noise/2d8c184320168e8f_w04.png,2d8c184320168e8f,4,Field,Noise
train/noise/2d8c184320168e8f_w12.png,2d8c184320168e8f,12,Field,Noise
train/noise/2d8c184320168e8f_w14.png,2d8c184320168e8f,14,Field,Noise
train/noise/2d8c184320168e8f_w15.png,2d8c184320168e8f,15,Field,Noise
train/noise/2d8c184320168e8f_w18.png,2d8c184320168e8f,18,Field,Noise
train/noise/2d8c184320168e8f_w26.png,2d8c184320168e8f,26,Field,Noise
train/noise/2d8c184320168e8f_w27.png,2d8c184320168e8f,27,Field,Noise
train/noise/2e3755ed6a421caf_w00.png,2e3755ed6a421caf,0,Field,Noise
train/noise/2e3755ed6a421caf_w01.png,2e3755ed6a421caf,1,Field,Noise
train/noise/2e3755ed6a421caf_w05.png,2e3755ed6a421caf,5,Field,Noise
train/noise/2e3755ed6a421caf_w11.png,2e3755ed6a421caf,11,Field,Noise
train/noise/2e3755ed6a421caf_w13.png,2e3755ed6a421caf,13,Field,Noise
train/noise/2e3755ed6a421caf_w22.png,2e3755ed6a421caf,22,Field,Noise
train/noise/2e3755ed6a421caf_w25.png,2e3755ed6a421caf,25,Field,Noise
train/noise/2e3755ed6a421caf_w27.png,2e3755ed6a421caf,27,Field,Noise
train/noise/2e4007a425ba404f_w01.png,2e4007a425ba404f,1,Field,Noise
train/noise/2e4007a425ba404f_w08.png,2e4007a425ba404f,8,Field,Noise
train/noise/2e4007a425ba404f_w12.png,2e4007a425ba404f,12,Field,Noise
train/noise/2e4007a425ba404f_w13.png,2e4007a425ba404f,13,Field,Noise
train/noise/2e4007a425ba404f_w17.png,2e4007a425ba404f,17,Field,Noise
train/noise/2e4007a425ba404f_w23.png,2e4007a425ba404f,23,Field,Noise
train/noise/2e4007a425ba404f_w24.png,2e4007a425ba404f,24,Field,Noise
train/noise/2e4007a425ba404f_w27.png,2e4007a425ba404f,27,Field,Noise
train/noise/2ebf5b72e7d6c386_w00.png,2ebf5b72e7d6c386,0,Field,Noise
train/noise/2ebf5b72e7d6c386_w04.png,2ebf5b72e7d6c386,4,Field,Noise
train/noise/2ebf5b72e7d6c386_w11.png,2ebf5b72e7d6c386,11,Field,Noise
train/noise/2ebf5b72e7d6c386_w12.png,2ebf5b72e7d6c386,12,Field,Noise
train/noise/2ebf5b72e7d6c386_w15.png,2ebf5b72e7d6c386,15,Field,Noise
train/noise/2ebf5b72e7d6c386_w19.png,2ebf5b72e7d6c386,19,Field,Noise
train/noise/2ebf5b72e7d6c386_w24.png,2ebf5b72e7d6c386,24,Field,Noise
train/noise/2ebf5b72e7d6c386_w25.png,2ebf5b72e7d6c386,25,Field,Noise
train/noise/2f4c91db73a43248_w09.png,2f4c91db73a43248,9,Field,Noise
train/noise/2f4c91db73a43248_w15.png,2f4c91db73a43248,15,Field,Noise
train/noise/2f4c91db73a43248_w16.png,2f4c91db73a43248,16,Field,Noise
train/noise/2f4c91db73a43248_w17.png,2f4c91db73a43248,17,Field,Noise
train/noise/2f4c91db73a43248_w18.png,2f4c91db73a43248,18,Field,Noise
train/noise/2f4c91db73a43248_w20.png,2f4c91db73a43248,20,Field,Noise
train/noise/2f4c91db73a43248_w25.png,2f4c91db73a43248,25,Field,Noise
train/noise/2f4c91db73a43248_w26.png,2f4c91db73a43248,26,Field,Noise
train/noise/2f7fae980b539ebf_w01.png,2f7fae980b539ebf,1,Field,Noise
train/noise/2f7fae980b539ebf_w05.png,2f7fae980b539ebf,5,Field,Noise
train/noise/2f7fae980b539ebf_w12.png,2f7fae980b539ebf,12,Field,Noise
train/noise/2f7fae980b539ebf_w14.png,2f7fae980b539ebf,14,Field,Noise
train/noise/2f7fae980b539ebf_w17.png,2f7fae980b539ebf,17,Field,Noise
train/noise/2f7fae980b539ebf_w18.png,2f7fae980b539ebf,18,Field,Noise
train/noise/2f7fae980b539ebf_w26.png,2f7fae980b539ebf,26,Field,Noise
train/noise/2f7fae980b539ebf_w27.png,2f7fae980b539ebf,27,Field,Noise
train/noise/2f8663c4bddafeeb_w03.png,2f8663c4bddafeeb,3,Field,Noise
train/noise/2f8663c4bddafeeb_w05.png,2f8663c4bddafeeb,5,Field,Noise
train/noise/2f8663c4bddafeeb_w09.png,2f8663c4bddafeeb,9,Field,Noise
train/noise/2f8663c4bddafeeb_w14.png,2f8663c4bddafeeb,14,Field,Noise
train/noise/2f8663c4bddafeeb_w15.png,2f8663c4bddafeeb,15,Field,Noise
train/noise/2f8663c4bddafeeb_w20.png,2f8663c4bddafeeb,20,Field,Noise
train/noise/2f8663c4bddafeeb_w21.png,2f8663c4bddafeeb,21,Field,Noise
train/noise/2f8663c4bddafeeb_w24.png,2f8663c4bddafeeb,24,Field,Noise
train/noise/2fa5359e6c12a96d_w00.png,2fa5359e6c12a96d,0,Field,Noise
train/noise/2fa5359e6c12a96d_w02.png,2fa5359e6c12a96d,2,Field,Noise
train/noise/2fa5359e6c12a96d_w05.png,2fa5359e6c12a96d,5,Field,Noise
train/noise/2fa5359e6c12a96d_w12.png,2fa5359e6c12a96d,12,Field,Noise
train/noise/2fa5359e6c12a96d_w14.png,2fa5359e6c12a96d,14,Field,Noise
train/noise/2fa5359e6c12a96d_w18.png,2fa5359e6c12a96d,18,Field,Noise
train/noise/2fa5359e6c12a96d_w24.png,2fa5359e6c12a96d,24,Field,Noise
train/noise/2fa5359e6c12a96d_w27.png,2fa5359e6c12a96d,27,Field,Noise
train/noise/2fb21772cf8eea5a_w00.png,2fb21772cf8eea5a,0,Field,Noise
train/noise/2fb21772cf8eea5a_w04.png,2fb21772cf8eea5a,4,Field,Noise
train/noise/2fb21772cf8eea5a_w10.png,2fb21772cf8eea5a,10,Field,Noise
train/noise/2fb21772cf8eea5a_w15.png,2fb21772cf8eea5a,15,Field,Noise
train/noise/2fb21772cf8eea5a_w19.png,2fb21772cf8eea5a,19,Field,Noise
train/noise/2fb21772cf8eea5a_w20.png,2fb21772cf8eea5a,20,Field,Noise
train/noise/2fb21772cf8eea5a_w24.png,2fb21772cf8eea5a,24,Field,Noise
train/noise/2fb21772cf8eea5a_w25.png,2fb21772cf8eea5a,25,Field,Noise
train/noise/300439d8af426e67_w02.png,300439d8af426e67,2,Field,Noise
train/noise/300439d8af426e67_w04.png,300439d8af426e67,4,Field,Noise
train/noise/300439d8af426e67_w06.png,300439d8af426e67,6,Field,Noise
train/noise/300439d8af426e67_w15.png,300439d8af426e67,15,Field,Noise
train/noise/300439d8af426e67_w16.png,300439d8af426e67,16,Field,Noise
train/noise/300439d8af426e67_w17.png,300439d8af426e67,17,Field,Noise
train/noise/300439d8af426e67_w20.png,300439d8af426e67,20,Field,Noise
train/noise/300439d8af426e67_w25.png,300439d8af426e67,25,Field,Noise
train/noise/30638bde95d0136b_w03.png,30638bde95d0136b,3,Field,Noise
train/noise/30638bde95d0136b_w04.png,30638bde95d0136b,4,Field,Noise
train/noise/30638bde95d0136b_w11.png,30638bde95d0136b,11,Field,Noise
train/noise/30638bde95d0136b_w12.png,30638bde95d0136b,12,Field,Noise
train/noise/30638bde95d0136b_w13.png,30638bde95d0136b,13,Field,Noise
train/noise/30638bde95d0136b_w16.png,30638bde95d0136b,16,Field,Noise
train/noise/30638bde95d0136b_w18.png,30638bde95d0136b,18,Field,Noise
train/noise/30638bde95d0136b_w20.png,30638bde95d0136b,20,Field,Noise
train/noise/30ce99acf67ca5b0_w00.png,30ce99acf67ca5b0,0,Lab,Noise
train/noise/30ce99acf67ca5b0_w01.png,30ce99acf67ca5b0,1,Lab,Noise
train/noise/30ce99acf67ca5b0_w02.png,30ce99acf67ca5b0,2,Lab,Noise
train/noise/30ce99acf67ca5b0_w06.png,30ce99acf67ca5b0,6,Lab,Noise
train/noise/30ce99acf67ca5b0_w08.png,30ce99acf67ca5b0,8,Lab,Noise
train/noise/30ce99acf67ca5b0_w15.png,30ce99acf67ca5b0,15,Lab,Noise
train/noise/30ce99acf67ca5b0_w25.png,30ce99acf67ca5b0,25,Lab,Noise
train/noise/30ce99acf67ca5b0_w27.png,30ce99acf67ca5b0,27,Lab,Noise
train/noise/30e59175922d1359_w01.png,30e59175922d1359,1,Field,Noise
train/noise/30e59175922d1359_w02.png,30e59175922d1359,2,Field,Noise
train/noise/30e59175922d1359_w04.png,30e59175922d1359,4,Field,Noise
train/noise/30e59175922d1359_w06.png,30e59175922d1359,6,Field,Noise
train/noise/30e59175922d1359_w11.png,30e59175922d1359,11,Field,Noise
train/noise/30e59175922d1359_w18.png,30e59175922d1359,18,Field,Noise
train/noise/30e59175922d1359_w22.png,30e59175922d1359,22,Field,Noise
train/noise/30e59175922d1359_w25.png,30e59175922d1359,25,Field,Noise
train/noise/30ebdde0f13e7858_w00.png,30ebdde0f13e7858,0,Lab,Noise
train/noise/30ebdde0f13e7858_w07.png,30ebdde0f13e7858,7,Lab,Noise
train/noise/30ebdde0f13e7858_w08.png,30ebdde0f13e7858,8,Lab,Noise
train/noise/30ebdde0f13e7858_w11.png,30ebdde0f13e7858,11,Lab,Noise
train/noise/30ebdde0f13e7858_w12.png,30ebdde0f13e7858,12,Lab,Noise
train/noise/30ebdde0f13e7858_w18.png,30ebdde0f13e7858,18,Lab,Noise
train/noise/30ebdde0f13e7858_w19.png,30ebdde0f13e7858,19,Lab,Noise
train/noise/30ebdde0f13e7858_w22.png,30ebdde0f13e7858,22,Lab,Noise
train/noise/31406f1e5c84d8d5_w01.png,31406f1e5c84d8d5,1,Field,Noise
train/noise/31406f1e5c84d8d5_w02.png,31406f1e5c84d8d5,2,Field,Noise
train/noise/31406f1e5c84d8d5_w04.png,31406f1e5c84d8d5,4,Field,Noise
train/noise/31406f1e5c84d8d5_w06.png,31406f1e5c84d8d5,6,Field,Noise
train/noise/31406f1e5c84d8d5_w08.png,31406f1e5c84d8d5,8,Field,Noise
train/noise/31406f1e5c84d8d5_w13.png,31406f1e5c84d8d5,13,Field,Noise
train/noise/31406f1e5c84d8d5_w14.png,31406f1e5c84d8d5,14,Field,Noise
train/noise/31406f1e5c84d8d5_w22.png,31406f1e5c84d8d5,22,Field,Noise
train/noise/3159feac5c2f8438_w00.png,3159feac5c2f8438,0,Field,Noise
train/noise/3159feac5c2f8438_w03.png,3159feac5c2f8438,3,Field,Noise
train/noise/3159feac5c2f8438_w09.png,3159feac5c2f8438,9,Field,Noise
train/noise/3159feac5c2f8438_w10.png,3159feac5c2f8438,10,Field,Noise
train/noise/3159feac5c2f8438_w15.png,3159feac5c2f8438,15,Field,Noise
train/noise/3159feac5c2f8438_w16.png,3159feac5c2f8438,16,Field,Noise
train/noise/3159feac5c2f8438_w17.png,3159feac5c2f8438,17,Field,Noise
train/noise/3159feac5c2f8438_w26.png,3159feac5c2f8438,26,Field,Noise
train/noise/31675d55aae1681a_w05.png,31675d55aae1681a,5,Field,Noise
train/noise/31675d55aae1681a_w06.png,31675d55aae1681a,6,Field,Noise
train/noise/31675d55aae1681a_w08.png,31675d55aae1681a,8,Field,Noise
train/noise/31675d55aae1681a_w09.png,31675d55aae1681a,9,Field,Noise
train/noise/31675d55aae1681a_w14.png,31675d55aae1681a,14,Field,Noise
train/noise/31675d55aae1681a_w16.png,31675d55aae1681a,16,Field,Noise
train/noise/31675d55aae1681a_w23.png,31675d55aae1681a,23,Field,Noise
train/noise/31675d55aae1681a_w26.png,31675d55aae1681a,26,Field,Noise
train/noise/318ee13a0a8cb474_w01.png,318ee13a0a8cb474,1,Field,Noise
train/noise/318ee13a0a8cb474_w11.png,318ee13a0a8cb474,11,Field,Noise
train/noise/318ee13a0a8cb474_w13.png,318ee13a0a8cb474,13,Field,Noise
train/noise/318ee13a0a8cb474_w16.png,318ee13a0a8cb474,16,Field,Noise
train/noise/318ee13a0a8cb474_w21.png,318ee13a0a8cb474,21,Field,Noise
train/noise/318ee13a0a8cb474_w22.png,318ee13a0a8cb474,22,Field,Noise
train/noise/318ee13a0a8cb474_w23.png,318ee13a0a8cb474,23,Field,Noise
train/noise/318ee13a0a8cb474_w26.png,318ee13a0a8cb474,26,Field,Noise
train/noise/31c3b7ba4d1e736c_w00.png,31c3b7ba4d1e736c,0,Field,Noise
train/noise/31c3b7ba4d1e736c_w02.png,31c3b7ba4d1e736c,2,Field,Noise
train/noise/31c3b7ba4d1e736c_w04.png,31c3b7ba4d1e736c,4,Field,Noise
train/noise/31c3b7ba4d1e736c_w06.png,31c3b7ba4d1e736c,6,Field,Noise
train/noise/31c3b7ba4d1e736c_w13.png,31c3b7ba4d1e736c,13,Field,Noise
train/noise/31c3b7ba4d1e736c_w15.png,31c3b7ba4d1e736c,15,Field,Noise
train/noise/31c3b7ba4d1e736c_w17.png,31c3b7ba4d1e736c,17,Field,Noise
train/noise/31c3b7ba4d1e736c_w19.png,31c3b7ba4d1e736c,19,Field,Noise
train/noise/31e87ab1b7c96b15_w06.png,31e87ab1b7c96b15,6,Lab,Noise
train/noise/31e87ab1b7c96b15_w13.png,31e87ab1b7c96b15,13,Lab,Noise
train/noise/31e87ab1b7c96b15_w14.png,31e87ab1b7c96b15,14,Lab,Noise
train/noise/31e87ab1b7c96b15_w15.png,31e87ab1b7c96b15,15,Lab,Noise
train/noise/31e87ab1b7c96b15_w16.png,31e87ab1b7c96b15,16,Lab,Noise
train/noise/31e87ab1b7c96b15_w18.png,31e87ab1b7c96b15,18,Lab,Noise
train/noise/31e87ab1b7c96b15_w23.png,31e87ab1b7c96b15,23,Lab,Noise
train/noise/31e87ab1b7c96b15_w26.png,31e87ab1b7c96b15,26,Lab,Noise
train/noise/321c5dea1c696187_w01.png,321c5dea1c696187,1,Field,Noise
train/noise/321c5dea1c696187_w04.png,321c5dea1c696187,4,Field,Noise
train/noise/321c5dea1c696187_w06.png,321c5dea1c696187,6,Field,Noise
train/noise/321c5dea1c696187_w08.png,321c5dea1c696187,8,Field,Noise
train/noise/321c5dea1c696187_w15.png,321c5dea1c696187,15,Field,Noise
train/noise/321c5dea1c696187_w16.png,321c5dea1c696187,16,Field,Noise
train/noise/321c5dea1c696187_w22.png,321c5dea1c696187,22,Field,Noise
train/noise/321c5dea1c696187_w26.png,321c5dea1c696187,26,Field,Noise
train/noise/32305c6a8c4cb526_w07.png,32305c6a8c4cb526,7,Field,Noise
train/noise/32305c6a8c4cb526_w08.png,32305c6a8c4cb526,8,Field,Noise
train/noise/32305c6a8c4cb526_w12.png,32305c6a8c4cb526,12,Field,Noise
train/noise/32305c6a8c4cb526_w15.png,32305c6a8c4cb526,15,Field,Noise
train/noise/32305c6a8c4cb526_w17.png,32305c6a8c4cb526,17,Field,Noise
train/noise/32305c6a8c4cb526_w22.png,32305c6a8c4cb526,22,Field,Noise
train/noise/32305c6a8c4cb526_w24.png,32305c6a8c4cb526,24,Field,Noise
train/noise/32305c6a8c4cb526_w25.png,32305c6a8c4cb526,25,Field,Noise
train/noise/324bc796d7f1c4c5_w01.png,324bc796d7f1c4c5,1,Lab,Noise
train/noise/324bc796d7f1c4c5_w06.png,324bc796d7f1c4c5,6,Lab,Noise
train/noise/324bc796d7f1c4c5_w07.png,324bc796d7f1c4c5,7,Lab,Noise
train/noise/324bc796d7f1c4c5_w09.png,324bc796d7f1c4c5,9,Lab,Noise
train/noise/324bc796d7f1c4c5_w13.png,324bc796d7f1c4c5,13,Lab,Noise
train/noise/324bc796d7f1c4c5_w15.png,324bc796d7f1c4c5,15,Lab,Noise
train/noise/324bc796d7f1c4c5_w17.png,324bc796d7f1c4c5,17,Lab,Noise
train/noise/324bc796d7f1c4c5_w22.png,324bc796d7f1c4c5,22,Lab,Noise
train/noise/3285840e0b398946_w06.png,3285840e0b398946,6,Field,Noise
train/noise/3285840e0b398946_w07.png,3285840e0b398946,7,Field,Noise
train/noise/3285840e0b398946_w09.png,3285840e0b398946,9,Field,Noise
train/noise/3285840e0b398946_w10.png,3285840e0b398946,10,Field,Noise
train/noise/3285840e0b398946_w11.png,3285840e0b398946,11,Field,Noise
train/noise/3285840e0b398946_w14.png,3285840e0b398946,14,Field,Noise
train/noise/3285840e0b398946_w21.png,3285840e0b398946,21,Field,Noise
train/noise/3285840e0b398946_w22.png,3285840e0b398946,22,Field,Noise
train/noise/32e0502ecd628796_w01.png,32e0502ecd628796,1,Field,Noise
train/noise/32e0502ecd628796_w11.png,32e0502ecd628796,11,Field,Noise
train/noise/32e0502ecd628796_w13.png,32e0502ecd628796,13,Field,Noise
train/noise/32e0502ecd628796_w18.png,32e0502ecd628796,18,Field,Noise
train/noise/32e0502ecd628796_w19.png,32e0502ecd628796,19,Field,Noise
train/noise/32e0502ecd628796_w23.png,32e0502ecd628796,23,Field,Noise
train/noise/32e0502ecd628796_w25.png,32e0502ecd628796,25,Field,Noise
train/noise/32e0502ecd628796_w27.png,32e0502ecd628796,27,Field,Noise
train/noise/33585cd1f7467ca9_w01.png,33585cd1f7467ca9,1,Field,Noise
train/noise/33585cd1f7467ca9_w06.png,33585cd1f7467ca9,6,Field,Noise
train/noise/33585cd1f7467ca9_w08.png,33585cd1f7467ca9,8,Field,Noise
train/noise/33585cd1f7467ca9_w12.png,33585cd1f7467ca9,12,Field,Noise
train/noise/33585cd1f7467ca9_w14.png,33585cd1f7467ca9,14,Field,Noise
train/noise/33585cd1f7467ca9_w17.png,33585cd1f7467ca9,17,Field,Noise
train/noise/33585cd1f7467ca9_w20.png,33585cd1f7467ca9,20,Field,Noise
train/noise/33585cd1f7467ca9_w25.png,33585cd1f7467ca9,25,Field,Noise
train/noise/3367e774de7482b2_w01.png,3367e774de7482b2,1,Field,Noise
train/noise/3367e774de7482b2_w10.png,3367e774de7482b2,10,Field,Noise
train/noise/3367e774de7482b2_w12.png,3367e774de7482b2,12,Field,Noise
train/noise/3367e774de7482b2_w13.png,3367e774de7482b2,13,Field,Noise
train/noise/3367e774de7482b2_w14.png,3367e774de7482b2,14,Field,Noise
train/noise/3367e774de7482b2_w19.png,3367e774de7482b2,19,Field,Noise
train/noise/3367e774de7482b2_w24.png,3367e774de7482b2,24,Field,Noise
train/noise/3367e774de7482b2_w25.png,3367e774de7482b2,25,Field,Noise
train/noise/33737b1263ab1319_w00.png,33737b1263ab1319,0,Field,Noise
train/noise/33737b1263ab1319_w02.png,33737b1263ab1319,2,Field,Noise
train/noise/33737b1263ab1319_w03.png,33737b1263ab1319,3,Field,Noise
train/noise/33737b1263ab1319_w04.png,33737b1263ab1319,4,Field,Noise
train/noise/33737b1263ab1319_w16.png,33737b1263ab1319,16,Field,Noise
train/noise/33737b1263ab1319_w19.png,33737b1263ab1319,19,Field,Noise
train/noise/33737b1263ab1319_w23.png,33737b1263ab1319,23,Field,Noise
train/noise/33737b1263ab1319_w26.png,33737b1263ab1319,26,Field,Noise
train/noise/341cb1129761fbc7_w05.png,341cb1129761fbc7,5,Field,Noise
train/noise/341cb1129761fbc7_w07.png,341cb1129761fbc7,7,Field,Noise
train/noise/341cb1129761fbc7_w11.png,341cb1129761fbc7,11,Field,Noise
train/noise/341cb1129761fbc7_w19.png,341cb1129761fbc7,19,Field,Noise
train/noise/341cb1129761fbc7_w20.png,341cb1129761fbc7,20,Field,Noise
train/noise/341cb1129761fbc7_w21.png,341cb1129761fbc7,21,Field,Noise
train/noise/341cb1129761fbc7_w26.png,341cb1129761fbc7,26,Field,Noise
train/noise/341cb1129761fbc7_w27.png,341cb1129761fbc7,27,Field,Noise
train/noise/34acada8a4d93f5c_w01.png,34acada8a4d93f5c,1,Field,Noise
train/noise/34acada8a4d93f5c_w06.png,34acada8a4d93f5c,6,Field,Noise
train/noise/34acada8a4d93f5c_w11.png,34acada8a4d93f5c,11,Field,Noise
train/noise/34acada8a4d93f5c_w12.png,34acada8a4d93f5c,12,Field,Noise
train/noise/34acada8a4d93f5c_w14.png,34acada8a4d93f5c,14,Field,Noise
train/noise/34acada8a4d93f5c_w20.png,34acada8a4d93f5c,20,Field,Noise
train/noise/34acada8a4d93f5c_w21.png,34acada8a4d93f5c,21,Field,Noise
train/noise/34acada8a4d93f5c_w27.png,34acada8a4d93f5c,27,Field,Noise
train/noise/34e3d09785a517cf_w00.png,34e3d09785a517cf,0,Field,Noise
train/noise/34e3d09785a517cf_w01.png,34e3d09785a517cf,1,Field,Noise
train/noise/34e3d09785a517cf_w05.png,34e3d09785a517cf,5,Field,Noise
train/noise/34e3d09785a517cf_w10.png,34e3d09785a517cf,10,Field,Noise
train/noise/34e3d09785a517cf_w11.png,34e3d09785a517cf,11,Field,Noise
train/noise/34e3d09785a517cf_w23.png,34e3d09785a517cf,23,Field,Noise
train/noise/34e3d09785a517cf_w24.png,34e3d09785a517cf,24,Field,Noise
train/noise/34e3d09785a517cf_w27.png,34e3d09785a517cf,27,Field,Noise
train/noise/34e7a26ebc907405_w02.png,34e7a26ebc907405,2,Field,Noise
train/noise/34e7a26ebc907405_w03.png,34e7a26ebc907405,3,Field,Noise
train/noise/34e7a26ebc907405_w04.png,34e7a26ebc907405,4,Field,Noise
train/noise/34e7a26ebc907405_w05.png,34e7a26ebc907405,5,Field,Noise
train/noise/34e7a26ebc907405_w08.png,34e7a26ebc907405,8,Field,Noise
train/noise/34e7a26ebc907405_w20.png,34e7a26ebc907405,20,Field,Noise
train/noise/34e7a26ebc907405_w25.png,34e7a26ebc907405,25,Field,Noise
train/noise/34e7a26ebc907405_w27.png,34e7a26ebc907405,27,Field,Noise
train/noise/34ea31b91530917f_w03.png,34ea31b91530917f,3,Field,Noise
train/noise/34ea31b91530917f_w06.png,34ea31b91530917f,6,Field,Noise
train/noise/34ea31b91530917f_w13.png,34ea31b91530917f,13,Field,Noise
train/noise/34ea31b91530917f_w14.png,34ea31b91530917f,14,Field,Noise
train/noise/34ea31b91530917f_w17.png,34ea31b91530917f,17,Field,Noise
train/noise/34ea31b91530917f_w21.png,34ea31b91530917f,21,Field,Noise
train/noise/34ea31b91530917f_w23.png,34ea31b91530917f,23,Field,Noise
train/noise/34ea31b91530917f_w27.png,34ea31b91530917f,27,Field,Noise
train/noise/354617c7ecb438e1_w00.png,354617c7ecb438e1,0,Field,Noise
train/noise/354617c7ecb438e1_w02.png,354617c7ecb438e1,2,Field,Noise
train/noise/354617c7ecb438e1_w05.png,354617c7ecb438e1,5,Field,Noise
train/noise/354617c7ecb438e1_w07.png,354617c7ecb438e1,7,Field,Noise
train/noise/354617c7ecb438e1_w14.png,354617c7ecb438e1,14,Field,Noise
train/noise/354617c7ecb438e1_w17.png,354617c7ecb438e1,17,Field,Noise
train/noise/354617c7ecb438e1_w18.png,354617c7ecb438e1,18,Field,Noise
train/noise/354617c7ecb438e1_w26.png,354617c7ecb438e1,26,Field,Noise
train/noise/356b3df2b31151e5_w09.png,356b3df2b31151e5,9,Field,Noise
train/noise/356b3df2b31151e5_w10.png,356b3df2b31151e5,10,Field,Noise
train/noise/356b3df2b31151e5_w13.png,356b3df2b31151e5,13,Field,Noise
train/noise/356b3df2b31151e5_w17.png,356b3df2b31151e5,17,Field,Noise
train/noise/356b3df2b31151e5_w19.png,356b3df2b31151e5,19,Field,Noise
train/noise/356b3df2b31151e5_w21.png,356b3df2b31151e5,21,Field,Noise
train/noise/356b3df2b31151e5_w23.png,356b3df2b31151e5,23,Field,Noise
train/noise/356b3df2b31151e5_w27.png,356b3df2b31151e5,27,Field,Noise
train/noise/3654037937fb9248_w02.png,3654037937fb9248,2,Field,Noise
train/noise/3654037937fb9248_w06.png,3654037937fb9248,6,Field,Noise
train/noise/3654037937fb9248_w09.png,3654037937fb9248,9,Field,Noise
train/noise/3654037937fb9248_w12.png,3654037937fb9248,12,Field,Noise
train/noise/3654037937fb9248_w14.png,3654037937fb9248,14,Field,Noise
train/noise/3654037937fb9248_w18.png,3654037937fb9248,18,Field,Noise
train/noise/3654037937fb9248_w20.png,3654037937fb9248,20,Field,Noise
train/noise/3654037937fb9248_w23.png,3654037937fb9248,23,Field,Noise
train/noise/3677e883898b03df_w01.png,3677e883898b03df,1,Field,Noise
train/noise/3677e883898b03df_w04.png,3677e883898b03df,4,Field,Noise
train/noise/3677e883898b03df_w08.png,3677e883898b03df,8,Field,Noise
train/noise/3677e883898b03df_w13.png,3677e883898b03df,13,Field,Noise
train/noise/3677e883898b03df_w16.png,3677e883898b03df,16,Field,Noise
train/noise/3677e883898b03df_w20.png,3677e883898b03df,20,Field,Noise
train/noise/3677e883898b03df_w21.png,3677e883898b03df,21,Field,Noise
train/noise/3677e883898b03df_w26.png,3677e883898b03df,26,Field,Noise
train/noise/36dd3127e56a4916_w01.png,36dd3127e56a4916,1,Field,Noise
train/noise/36dd3127e56a4916_w03.png,36dd3127e56a4916,3,Field,Noise
train/noise/36dd3127e56a4916_w07.png,36dd3127e56a4916,7,Field,Noise
train/noise/36dd3127e56a4916_w09.png,36dd3127e56a4916,9,Field,Noise
train/noise/36dd3127e56a4916_w10.png,36dd3127e56a4916,10,Field,Noise
train/noise/36dd3127e56a4916_w12.png,36dd3127e56a4916,12,Field,Noise
train/noise/36dd3127e56a4916_w13.png,36dd3127e56a4916,13,Field,Noise
train/noise/36dd3127e56a4916_w25.png,36dd3127e56a4916,25,Field,Noise
train/noise/36e5a40f2ae72e35_w07.png,36e5a40f2ae72e35,7,Lab,Noise
train/noise/36e5a40f2ae72e35_w08.png,36e5a40f2ae72e35,8,Lab,Noise
train/noise/36e5a40f2ae72e35_w10.png,36e5a40f2ae72e35,10,Lab,Noise
train/noise/36e5a40f2ae72e35_w11.png,36e5a40f2ae72e35,11,Lab,Noise
train/noise/36e5a40f2ae72e35_w24.png,36e5a40f2ae72e35,24,Lab,Noise
train/noise/36e5a40f2ae72e35_w25.png,36e5a40f2ae72e35,25,Lab,Noise
train/noise/36e5a40f2ae72e35_w26.png,36e5a40f2ae72e35,26,Lab,Noise
train/noise/36e5a40f2ae72e35_w27.png,36e5a40f2ae72e35,27,Lab,Noise
train/noise/36f3ec12f2c6e55b_w02.png,36f3ec12f2c6e55b,2,Field,Noise
train/noise/36f3ec12f2c6e55b_w05.png,36f3ec12f2c6e55b,5,Field,Noise
train/noise/36f3ec12f2c6e55b_w09.png,36f3ec12f2c6e55b,9,Field,Noise
train/noise/36f3ec12f2c6e55b_w11.png,36f3ec12f2c6e55b,11,Field,Noise
train/noise/36f3ec12f2c6e55b_w12.png,36f3ec12f2c6e55b,12,Field,Noise
train/noise/36f3ec12f2c6e55b_w20.png,36f3ec12f2c6e55b,20,Field,Noise
train/noise/36f3ec12f2c6e55b_w21.png,36f3ec12f2c6e55b,21,Field,Noise
train/noise/36f3ec12f2c6e55b_w27.png,36f3ec12f2c6e55b,27,Field,Noise
train/noise/376aefbf43228067_w01.png,376aefbf43228067,1,Field,Noise
train/noise/376aefbf43228067_w09.png,376aefbf43228067,9,Field,Noise
train/noise/376aefbf43228067_w10.png,376aefbf43228067,10,Field,Noise
train/noise/376aefbf43228067_w12.png,376aefbf43228067,12,Field,Noise
train/noise/376aefbf43228067_w16.png,376aefbf43228067,16,Field,Noise
train/noise/376aefbf43228067_w20.png,376aefbf43228067,20,Field,Noise
train/noise/376aefbf43228067_w25.png,376aefbf43228067,25,Field,Noise
train/noise/376aefbf43228067_w27.png,376aefbf43228067,27,Field,Noise
train/noise/37fbdc87b2024b6a_w02.png,37fbdc87b2024b6a,2,Field,Noise
train/noise/37fbdc87b2024b6a_w03.png,37fbdc87b2024b6a,3,Field,Noise
train/noise/37fbdc87b2024b6a_w05.png,37fbdc87b2024b6a,5,Field,Noise
train/noise/37fbdc87b2024b6a_w09.png,37fbdc87b2024b6a,9,Field,Noise
train/noise/37fbdc87b2024b6a_w16.png,37fbdc87b2024b6a,16,Field,Noise
train/noise/37fbdc87b2024b6a_w19.png,37fbdc87b2024b6a,19,Field,Noise
train/noise/37fbdc87b2024b6a_w20.png,37fbdc87b2024b6a,20,Field,Noise
train/noise/37fbdc87b2024b6a_w23.png,37fbdc87b2024b6a,23,Field,Noise
train/noise/380612b50af4c39b_w03.png,380612b50af4c39b,3,Lab,Noise
train/noise/380612b50af4c39b_w04.png,380612b50af4c39b,4,Lab,Noise
train/noise/380612b50af4c39b_w08.png,380612b50af4c39b,8,Lab,Noise
train/noise/380612b50af4c39b_w11.png,380612b50af4c39b,11,Lab,Noise
train/noise/380612b50af4c39b_w14.png,380612b50af4c39b,14,Lab,Noise
train/noise/380612b50af4c39b_w16.png,380612b50af4c39b,16,Lab,Noise
train/noise/380612b50af4c39b_w17.png,380612b50af4c39b,17,Lab,Noise
train/noise/380612b50af4c39b_w27.png,380612b50af4c39b,27,Lab,Noise
train/noise/3837a362dcef6e5f_w00.png,3837a362dcef6e5f,0,Field,Noise
train/noise/3837a362dcef6e5f_w02.png,3837a362dcef6e5f,2,Field,Noise
train/noise/3837a362dcef6e5f_w04.png,3837a362dcef6e5f,4,Field,Noise
train/noise/3837a362dcef6e5f_w10.png,3837a362dcef6e5f,10,Field,Noise
train/noise/3837a362dcef6e5f_w21.png,3837a362dcef6e5f,21,Field,Noise
train/noise/3837a362dcef6e5f_w22.png,3837a362dcef6e5f,22,Field,Noise
train/noise/3837a362dcef6e5f_w23.png,3837a362dcef6e5f,23,Field,Noise
train/noise/3837a362dcef6e5f_w24.png,3837a362dcef6e5f,24,Field,Noise
train/noise/3847fbdcc65bdd57_w04.png,3847fbdcc65bdd57,4,Field,Noise
train/noise/3847fbdcc65bdd57_w05.png,3847fbdcc65bdd57,5,Field,Noise
train/noise/3847fbdcc65bdd57_w07.png,3847fbdcc65bdd57,7,Field,Noise
train/noise/3847fbdcc65bdd57_w09.png,3847fbdcc65bdd57,9,Field,Noise
train/noise/3847fbdcc65bdd57_w13.png,3847fbdcc65bdd57,13,Field,Noise
train/noise/3847fbdcc65bdd57_w15.png,3847fbdcc65bdd57,15,Field,Noise
train/noise/3847fbdcc65bdd57_w19.png,3847fbdcc65bdd57,19,Field,Noise
train/noise/3847fbdcc65bdd57_w21.png,3847fbdcc65bdd57,21,Field,Noise
train/noise/387d56c59ea0b5bb_w08.png,387d56c59ea0b5bb,8,Lab,Noise
train/noise/387d56c59ea0b5bb_w09.png,387d56c59ea0b5bb,9,Lab,Noise
train/noise/387d56c59ea0b5bb_w11.png,387d56c59ea0b5bb,11,Lab,Noise
train/noise/387d56c59ea0b5bb_w14.png,387d56c59ea0b5bb,14,Lab,Noise
train/noise/387d56c59ea0b5bb_w15.png,387d56c59ea0b5bb,15,Lab,Noise
train/noise/387d56c59ea0b5bb_w17.png,387d56c59ea0b5bb,17,Lab,Noise
train/noise/387d56c59ea0b5bb_w18.png,387d56c59ea0b5bb,18,Lab,Noise
train/noise/387d56c59ea0b5bb_w27.png,387d56c59ea0b5bb,27,Lab,Noise
train/noise/38870896ea92fb7c_w04.png,38870896ea92fb7c,4,Field,Noise
train/noise/38870896ea92fb7c_w09.png,38870896ea92fb7c,9,Field,Noise
train/noise/38870896ea92fb7c_w10.png,38870896ea92fb7c,10,Field,Noise
train/noise/38870896ea92fb7c_w13.png,38870896ea92fb7c,13,Field,Noise
train/noise/38870896ea92fb7c_w20.png,38870896ea92fb7c,20,Field,Noise
train/noise/38870896ea92fb7c_w22.png,38870896ea92fb7c,22,Field,Noise
train/noise/38870896ea92fb7c_w24.png,38870896ea92fb7c,24,Field,Noise
train/noise/38870896ea92fb7c_w26.png,38870896ea92fb7c,26,Field,Noise
train/noise/3912ba7fa7fbb8bf_w00.png,3912ba7fa7fbb8bf,0,Field,Noise
train/noise/3912ba7fa7fbb8bf_w05.png,3912ba7fa7fbb8bf,5,Field,Noise
train/noise/3912ba7fa7fbb8bf_w08.png,3912ba7fa7fbb8bf,8,Field,Noise
train/noise/3912ba7fa7fbb8bf_w10.png,3912ba7fa7fbb8bf,10,Field,Noise
train/noise/3912ba7fa7fbb8bf_w15.png,3912ba7fa7fbb8bf,15,Field,Noise
train/noise/3912ba7fa7fbb8bf_w16.png,3912ba7fa7fbb8bf,16,Field,Noise
train/noise/3912ba7fa7fbb8bf_w20.png,3912ba7fa7fbb8bf,20,Field,Noise
train/noise/3912ba7fa7fbb8bf_w21.png,3912ba7fa7fbb8bf,21,Field,Noise
train/noise/3abcd41504b589d6_w01.png,3abcd41504b589d6,1,Field,Noise
train/noise/3abcd41504b589d6_w03.png,3abcd41504b589d6,3,Field,Noise
train/noise/3abcd41504b589d6_w04.png,3abcd41504b589d6,4,Field,Noise
train/noise/3abcd41504b589d6_w06.png,3abcd41504b589d6,6,Field,Noise
train/noise/3abcd41504b589d6_w11.png,3abcd41504b589d6,11,Field,Noise
train/noise/3abcd41504b589d6_w13.png,3abcd41504b589d6,13,Field,Noise
train/noise/3abcd41504b589d6_w24.png,3abcd41504b589d6,24,Field,Noise
train/noise/3abcd41504b589d6_w27.png,3abcd41504b589d6,27,Field,Noise
train/noise/3aeb18d02416c241_w00.png,3aeb18d02416c241,0,Field,Noise
train/noise/3aeb18d02416c241_w01.png,3aeb18d02416c241,1,Field,Noise
train/noise/3aeb18d02416c241_w08.png,3aeb18d02416c241,8,Field,Noise
train/noise/3aeb18d02416c241_w12.png,3aeb18d02416c241,12,Field,Noise
train/noise/3aeb18d02416c241_w14.png,3aeb18d02416c241,14,Field,Noise
train/noise/3aeb18d02416c241_w17.png,3aeb18d02416c241,17,Field,Noise
train/noise/3aeb18d02416c241_w19.png,3aeb18d02416c241,19,Field,Noise
train/noise/3aeb18d02416c241_w24.png,3aeb18d02416c241,24,Field,Noise
train/noise/3b0d975a3c13d774_w01.png,3b0d975a3c13d774,1,Field,Noise
train/noise/3b0d975a3c13d774_w14.png,3b0d975a3c13d774,14,Field,Noise
train/noise/3b0d975a3c13d774_w15.png,3b0d975a3c13d774,15,Field,Noise
train/noise/3b0d975a3c13d774_w16.png,3b0d975a3c13d774,16,Field,Noise
train/noise/3b0d975a3c13d774_w17.png,3b0d975a3c13d774,17,Field,Noise
train/noise/3b0d975a3c13d774_w18.png,3b0d975a3c13d774,18,Field,Noise
train/noise/3b0d975a3c13d774_w19.png,3b0d975a3c13d774,19,Field,Noise
train/noise/3b0d975a3c13d774_w27.png,3b0d975a3c13d774,27,Field,Noise
train/noise/3b23658d12644ac4_w05.png,3b23658d12644ac4,5,Field,Noise
train/noise/3b23658d12644ac4_w06.png,3b23658d12644ac4,6,Field,Noise
train/noise/3b23658d12644ac4_w07.png,3b23658d12644ac4,7,Field,Noise
train/noise/3b23658d12644ac4_w12.png,3b23658d12644ac4,12,Field,Noise
train/noise/3b23658d12644ac4_w14.png,3b23658d12644ac4,14,Field,Noise
train/noise/3b23658d12644ac4_w15.png,3b23658d12644ac4,15,Field,Noise
train/noise/3b23658d12644ac4_w23.png,3b23658d12644ac4,23,Field,Noise
train/noise/3b23658d12644ac4_w26.png,3b23658d12644ac4,26,Field,Noise
train/noise/3b2df06d87c9570b_w03.png,3b2df06d87c9570b,3,Field,Noise
train/noise/3b2df06d87c9570b_w04.png,3b2df06d87c9570b,4,Field,Noise
train/noise/3b2df06d87c9570b_w06.png,3b2df06d87c9570b,6,Field,Noise
train/noise/3b2df06d87c9570b_w11.png,3b2df06d87c9570b,11,Field,Noise
train/noise/3b2df06d87c9570b_w16.png,3b2df06d87c9570b,16,Field,Noise
train/noise/3b2df06d87c9570b_w19.png,3b2df06d87c9570b,19,Field,Noise
train/noise/3b2df06d87c9570b_w22.png,3b2df06d87c9570b,22,Field,Noise
train/noise/3b2df06d87c9570b_w25.png,3b2df06d87c9570b,25,Field,Noise
train/noise/3b57306c67cb8ed2_w03.png,3b57306c67cb8ed2,3,Field,Noise
train/noise/3b57306c67cb8ed2_w07.png,3b57306c67cb8ed2,7,Field,Noise
train/noise/3b57306c67cb8ed2_w11.png,3b57306c67cb8ed2,11,Field,Noise
train/noise/3b57306c67cb8ed2_w13.png,3b57306c67cb8ed2,13,Field,Noise
train/noise/3b57306c67cb8ed2_w14.png,3b57306c67cb8ed2,14,Field,Noise
train/noise/3b57306c67cb8ed2_w17.png,3b57306c67cb8ed2,17,Field,Noise
train/noise/3b57306c67cb8ed2_w22.png,3b57306c67cb8ed2,22,Field,Noise
train/noise/3b57306c67cb8ed2_w26.png,3b57306c67cb8ed2,26,Field,Noise
train/noise/3bbc3fbb2a1b3779_w03.png,3bbc3fbb2a1b3779,3,Field,Noise
train/noise/3bbc3fbb2a1b3779_w05.png,3bbc3fbb2a1b3779,5,Field,Noise
train/noise/3bbc3fbb2a1b3779_w09.png,3bbc3fbb2a1b3779,9,Field,Noise
train/noise/3bbc3fbb2a1b3779_w14.png,3bbc3fbb2a1b3779,14,Field,Noise
train/noise/3bbc3fbb2a1b3779_w18.png,3bbc3fbb2a1b3779,18,Field,Noise
train/noise/3bbc3fbb2a1b3779_w22.png,3bbc3fbb2a1b3779,22,Field,Noise
train/noise/3bbc3fbb2a1b3779_w23.png,3bbc3fbb2a1b3779,23,Field,Noise
train/noise/3bbc3fbb2a1b3779_w26.png,3bbc3fbb2a1b3779,26,Field,Noise
train/noise/3c3f9174ce7f44ec_w05.png,3c3f9174ce7f44ec,5,Field,Noise
train/noise/3c3f9174ce7f44ec_w10.png,3c3f9174ce7f44ec,10,Field,Noise
train/noise/3c3f9174ce7f44ec_w11.png,3c3f9174ce7f44ec,11,Field,Noise
train/noise/3c3f9174ce7f44ec_w12.png,3c3f9174ce7f44ec,12,Field,Noise
train/noise/3c3f9174ce7f44ec_w13.png,3c3f9174ce7f44ec,13,Field,Noise
train/noise/3c3f9174ce7f44ec_w15.png,3c3f9174ce7f44ec,15,Field,Noise
train/noise/3c3f9174ce7f44ec_w16.png,3c3f9174ce7f44ec,16,Field,Noise
train/noise/3c3f9174ce7f44ec_w26.png,3c3f9174ce7f44ec,26,Field,Noise
train/noise/3d1f30c9fe35ba8b_w04.png,3d1f30c9fe35ba8b,4,Field,Noise
train/noise/3d1f30c9fe35ba8b_w08.png,3d1f30c9fe35ba8b,8,Field,Noise
train/noise/3d1f30c9fe35ba8b_w09.png,3d1f30c9fe35ba8b,9,Field,Noise
train/noise/3d1f30c9fe35ba8b_w10.png,3d1f30c9fe35ba8b,10,Field,Noise
train/noise/3d1f30c9fe35ba8b_w13.png,3d1f30c9fe35ba8b,13,Field,Noise
train/noise/3d1f30c9fe35ba8b_w17.png,3d1f30c9fe35ba8b,17,Field,Noise
train/noise/3d1f30c9fe35ba8b_w18.png,3d1f30c9fe35ba8b,18,Field,Noise
train/noise/3d1f30c9fe35ba8b_w21.png,3d1f30c9fe35ba8b,21,Field,Noise
train/noise/3d5f47a3ac17f5af_w00.png,3d5f47a3ac17f5af,0,Field,Noise
train/noise/3d5f47a3ac17f5af_w02.png,3d5f47a3ac17f5af,2,Field,Noise
train/noise/3d5f47a3ac17f5af_w04.png,3d5f47a3ac17f5af,4,Field,Noise
train/noise/3d5f47a3ac17f5af_w10.png,3d5f47a3ac17f5af,10,Field,Noise
train/noise/3d5f47a3ac17f5af_w21.png,3d5f47a3ac17f5af,21,Field,Noise
train/noise/3d5f47a3ac17f5af_w22.png,3d5f47a3ac17f5af,22,Field,Noise
train/noise/3d5f47a3ac17f5af_w23.png,3d5f47a3ac17f5af,23,Field,Noise
train/noise/3d5f47a3ac17f5af_w27.png,3d5f47a3ac17f5af,27,Field,Noise
train/noise/3d67cfed7e43221a_w01.png,3d67cfed7e43221a,1,Field,Noise
train/noise/3d67cfed7e43221a_w02.png,3d67cfed7e43221a,2,Field,Noise
train/noise/3d67cfed7e43221a_w05.png,3d67cfed7e43221a,5,Field,Noise
train/noise/3d67cfed7e43221a_w13.png,3d67cfed7e43221a,13,Field,Noise
train/noise/3d67cfed7e43221a_w17.png,3d67cfed7e43221a,17,Field,Noise
train/noise/3d67cfed7e43221a_w18.png,3d67cfed7e43221a,18,Field,Noise
train/noise/3d67cfed7e43221a_w20.png,3d67cfed7e43221a,20,Field,Noise
train/noise/3d67cfed7e43221a_w21.png,3d67cfed7e43221a,21,Field,Noise
train/noise/3db17ff1a23419da_w01.png,3db17ff1a23419da,1,Field,Noise
train/noise/3db17ff1a23419da_w07.png,3db17ff1a23419da,7,Field,Noise
train/noise/3db17ff1a23419da_w08.png,3db17ff1a23419da,8,Field,Noise
train/noise/3db17ff1a23419da_w13.png,3db17ff1a23419da,13,Field,Noise
train/noise/3db17ff1a23419da_w20.png,3db17ff1a23419da,20,Field,Noise
train/noise/3db17ff1a23419da_w21.png,3db17ff1a23419da,21,Field,Noise
train/noise/3db17ff1a23419da_w23.png,3db17ff1a23419da,23,Field,Noise
train/noise/3db17ff1a23419da_w27.png,3db17ff1a23419da,27,Field,Noise
train/noise/3db62a70ab4fe750_w02.png,3db62a70ab4fe750,2,Field,Noise
train/noise/3db62a70ab4fe750_w03.png,3db62a70ab4fe750,3,Field,Noise
train/noise/3db62a70ab4fe750_w14.png,3db62a70ab4fe750,14,Field,Noise
train/noise/3db62a70ab4fe750_w16.png,3db62a70ab4fe750,16,Field,Noise
train/noise/3db62a70ab4fe750_w18.png,3db62a70ab4fe750,18,Field,Noise
train/noise/3db62a70ab4fe750_w21.png,3db62a70ab4fe750,21,Field,Noise
train/noise/3db62a70ab4fe750_w25.png,3db62a70ab4fe750,25,Field,Noise
train/noise/3db62a70ab4fe750_w27.png,3db62a70ab4fe750,27,Field,Noise
train/noise/3e280808650311ff_w00.png,3e280808650311ff,0,Field,Noise
train/noise/3e280808650311ff_w01.png,3e280808650311ff,1,Field,Noise
train/noise/3e280808650311ff_w02.png,3e280808650311ff,2,Field,Noise
train/noise/3e280808650311ff_w04.png,3e280808650311ff,4,Field,Noise
train/noise/3e280808650311ff_w19.png,3e280808650311ff,19,Field,Noise
train/noise/3e280808650311ff_w20.png,3e280808650311ff,20,Field,Noise
train/noise/3e280808650311ff_w22.png,3e280808650311ff,22,Field,Noise
train/noise/3e280808650311ff_w24.png,3e280808650311ff,24,Field,Noise
train/noise/3e2c972051c79442_w00.png,3e2c972051c79442,0,Field,Noise
train/noise/3e2c972051c79442_w02.png,3e2c972051c79442,2,Field,Noise
train/noise/3e2c972051c79442_w09.png,3e2c972051c79442,9,Field,Noise
train/noise/3e2c972051c79442_w11.png,3e2c972051c79442,11,Field,Noise
train/noise/3e2c972051c79442_w15.png,3e2c972051c79442,15,Field,Noise
train/noise/3e2c972051c79442_w19.png,3e2c972051c79442,19,Field,Noise
train/noise/3e2c972051c79442_w20.png,3e2c972051c79442,20,Field,Noise
train/noise/3e2c972051c79442_w23.png,3e2c972051c79442,23,Field,Noise
train/noise/3e5bdf9c70a98327_w01.png,3e5bdf9c70a98327,1,Lab,Noise
train/noise/3e5bdf9c70a98327_w04.png,3e5bdf9c70a98327,4,Lab,Noise
train/noise/3e5bdf9c70a98327_w07.png,3e5bdf9c70a98327,7,Lab,Noise
train/noise/3e5bdf9c70a98327_w13.png,3e5bdf9c70a98327,13,Lab,Noise
train/noise/3e5bdf9c70a98327_w14.png,3e5bdf9c70a98327,14,Lab,Noise
train/noise/3e5bdf9c70a98327_w22.png,3e5bdf9c70a98327,22,Lab,Noise
train/noise/3e5bdf9c70a98327_w23.png,3e5bdf9c70a98327,23,Lab,Noise
train/noise/3e5bdf9c70a98327_w26.png,3e5bdf9c70a98327,26,Lab,Noise
train/noise/3e6cb60e5e4dc3fa_w00.png,3e6cb60e5e4dc3fa,0,Lab,Noise
train/noise/3e6cb60e5e4dc3fa_w04.png,3e6cb60e5e4dc3fa,4,Lab,Noise
train/noise/3e6cb60e5e4dc3fa_w13.png,3e6cb60e5e4dc3fa,13,Lab,Noise
train/noise/3e6cb60e5e4dc3fa_w17.png,3e6cb60e5e4dc3fa,17,Lab,Noise
train/noise/3e6cb60e5e4dc3fa_w19.png,3e6cb60e5e4dc3fa,19,Lab,Noise
train/noise/3e6cb60e5e4dc3fa_w23.png,3e6cb60e5e4dc3fa,23,Lab,Noise
train/noise/3e6cb60e5e4dc3fa_w25.png,3e6cb60e5e4dc3fa,25,Lab,Noise
train/noise/3e6cb60e5e4dc3fa_w26.png,3e6cb60e5e4dc3fa,26,Lab,Noise
train/noise/3f091f1fb4f4b145_w03.png,3f091f1fb4f4b145,3,Field,Noise
train/noise/3f091f1fb4f4b145_w04.png,3f091f1fb4f4b145,4,Field,Noise
train/noise/3f091f1fb4f4b145_w08.png,3f091f1fb4f4b145,8,Field,Noise
train/noise/3f091f1fb4f4b145_w11.png,3f091f1fb4f4b145,11,Field,Noise
train/noise/3f091f1fb4f4b145_w12.png,3f091f1fb4f4b145,12,Field,Noise
train/noise/3f091f1fb4f4b145_w13.png,3f091f1fb4f4b145,13,Field,Noise
train/noise/3f091f1fb4f4b145_w18.png,3f091f1fb4f4b145,18,Field,Noise
train/noise/3f091f1fb4f4b145_w25.png,3f091f1fb4f4b145,25,Field,Noise
train/noise/3f77ba36bef33927_w02.png,3f77ba36bef33927,2,Field,Noise
train/noise/3f77ba36bef33927_w03.png,3f77ba36bef33927,3,Field,Noise
train/noise/3f77ba36bef33927_w05.png,3f77ba36bef33927,5,Field,Noise
train/noise/3f77ba36bef33927_w09.png,3f77ba36bef33927,9,Field,Noise
train/noise/3f77ba36bef33927_w14.png,3f77ba36bef33927,14,Field,Noise
train/noise/3f77ba36bef33927_w17.png,3f77ba36bef33927,17,Field,Noise
train/noise/3f77ba36bef33927_w20.png,3f77ba36bef33927,20,Field,Noise
train/noise/3f77ba36bef33927_w24.png,3f77ba36bef33927,24,Field,Noise
train/noise/3f79956c1f02b6a6_w02.png,3f79956c1f02b6a6,2,Field,Noise
train/noise/3f79956c1f02b6a6_w06.png,3f79956c1f02b6a6,6,Field,Noise
train/noise/3f79956c1f02b6a6_w10.png,3f79956c1f02b6a6,10,Field,Noise
train/noise/3f79956c1f02b6a6_w13.png,3f79956c1f02b6a6,13,Field,Noise
train/noise/3f79956c1f02b6a6_w17.png,3f79956c1f02b6a6,17,Field,Noise
train/noise/3f79956c1f02b6a6_w18.png,3f79956c1f02b6a6,18,Field,Noise
train/noise/3f79956c1f02b6a6_w25.png,3f79956c1f02b6a6,25,Field,Noise
train/noise/3f79956c1f02b6a6_w27.png,3f79956c1f02b6a6,27,Field,Noise
train/noise/401c8ff1639a9efe_w07.png,401c8ff1639a9efe,7,Lab,Noise
train/noise/401c8ff1639a9efe_w10.png,401c8ff1639a9efe,10,Lab,Noise
train/noise/401c8ff1639a9efe_w12.png,401c8ff1639a9efe,12,Lab,Noise
train/noise/401c8ff1639a9efe_w18.png,401c8ff1639a9efe,18,Lab,Noise
train/noise/401c8ff1639a9efe_w23.png,401c8ff1639a9efe,23,Lab,Noise
train/noise/401c8ff1639a9efe_w24.png,401c8ff1639a9efe,24,Lab,Noise
train/noise/401c8ff1639a9efe_w25.png,401c8ff1639a9efe,25,Lab,Noise
train/noise/401c8ff1639a9efe_w26.png,401c8ff1639a9efe,26,Lab,Noise
train/noise/406c872e5f3b8e72_w00.png,406c872e5f3b8e72,0,Field,Noise
train/noise/406c872e5f3b8e72_w10.png,406c872e5f3b8e72,10,Field,Noise
train/noise/406c872e5f3b8e72_w13.png,406c872e5f3b8e72,13,Field,Noise
train/noise/406c872e5f3b8e72_w18.png,406c872e5f3b8e72,18,Field,Noise
train/noise/406c872e5f3b8e72_w19.png,406c872e5f3b8e72,19,Field,Noise
train/noise/406c872e5f3b8e72_w23.png,406c872e5f3b8e72,23,Field,Noise
train/noise/406c872e5f3b8e72_w25.png,406c872e5f3b8e72,25,Field,Noise
train/noise/406c872e5f3b8e72_w27.png,406c872e5f3b8e72,27,Field,Noise
train/noise/407fd8c5eae48590_w03.png,407fd8c5eae48590,3,Lab,Noise
train/noise/407fd8c5eae48590_w05.png,407fd8c5eae48590,5,Lab,Noise
train/noise/407fd8c5eae48590_w09.png,407fd8c5eae48590,9,Lab,Noise
train/noise/407fd8c5eae48590_w10.png,407fd8c5eae48590,10,Lab,Noise
train/noise/407fd8c5eae48590_w16.png,407fd8c5eae48590,16,Lab,Noise
train/noise/407fd8c5eae48590_w17.png,407fd8c5eae48590,17,Lab,Noise
train/noise/407fd8c5eae48590_w20.png,407fd8c5eae48590,20,Lab,Noise
train/noise/407fd8c5eae48590_w26.png,407fd8c5eae48590,26,Lab,Noise
train/noise/418a614edb1e48f5_w01.png,418a614edb1e48f5,1,Field,Noise
train/noise/418a614edb1e48f5_w07.png,418a614edb1e48f5,7,Field,Noise
train/noise/418a614edb1e48f5_w08.png,418a614edb1e48f5,8,Field,Noise
train/noise/418a614edb1e48f5_w13.png,418a614edb1e48f5,13,Field,Noise
train/noise/418a614edb1e48f5_w17.png,418a614edb1e48f5,17,Field,Noise
train/noise/418a614edb1e48f5_w21.png,418a614edb1e48f5,21,Field,Noise
train/noise/418a614edb1e48f5_w22.png,418a614edb1e48f5,22,Field,Noise
train/noise/418a614edb1e48f5_w24.png,418a614edb1e48f5,24,Field,Noise
train/noise/4193266b280c5859_w00.png,4193266b280c5859,0,Field,Noise
train/noise/4193266b280c5859_w08.png,4193266b280c5859,8,Field,Noise
train/noise/4193266b280c5859_w09.png,4193266b280c5859,9,Field,Noise
train/noise/4193266b280c5859_w14.png,4193266b280c5859,14,Field,Noise
train/noise/4193266b280c5859_w17.png,4193266b280c5859,17,Field,Noise
train/noise/4193266b280c5859_w18.png,4193266b280c5859,18,Field,Noise
train/noise/4193266b280c5859_w20.png,4193266b280c5859,20,Field,Noise
train/noise/4193266b280c5859_w27.png,4193266b280c5859,27,Field,Noise
train/noise/41978eca3e9e094e_w01.png,41978eca3e9e094e,1,Lab,Noise
train/noise/41978eca3e9e094e_w02.png,41978eca3e9e094e,2,Lab,Noise
train/noise/41978eca3e9e094e_w06.png,41978eca3e9e094e,6,Lab,Noise
train/noise/41978eca3e9e094e_w08.png,41978eca3e9e094e,8,Lab,Noise
train/noise/41978eca3e9e094e_w09.png,41978eca3e9e094e,9,Lab,Noise
train/noise/41978eca3e9e094e_w11.png,41978eca3e9e094e,11,Lab,Noise
train/noise/41978eca3e9e094e_w16.png,41978eca3e9e094e,16,Lab,Noise
train/noise/41978eca3e9e094e_w24.png,41978eca3e9e094e,24,Lab,Noise
train/noise/41c16b447aa93389_w01.png,41c16b447aa93389,1,Field,Noise
train/noise/41c16b447aa93389_w02.png,41c16b447aa93389,2,Field,Noise
train/noise/41c16b447aa93389_w03.png,41c16b447aa93389,3,Field,Noise
train/noise/41c16b447aa93389_w06.png,41c16b447aa93389,6,Field,Noise
train/noise/41c16b447aa93389_w09.png,41c16b447aa93389,9,Field,Noise
train/noise/41c16b447aa93389_w16.png,41c16b447aa93389,16,Field,Noise
train/noise/41c16b447aa93389_w21.png,41c16b447aa93389,21,Field,Noise
train/noise/41c16b447aa93389_w22.png,41c16b447aa93389,22,Field,Noise
train/noise/41c5379fbf1637f3_w06.png,41c5379fbf1637f3,6,Field,Noise
train/noise/41c5379fbf1637f3_w07.png,41c5379fbf1637f3,7,Field,Noise
train/noise/41c5379fbf1637f3_w11.png,41c5379fbf1637f3,11,Field,Noise
train/noise/41c5379fbf1637f3_w12.png,41c5379fbf1637f3,12,Field,Noise
train/noise/41c5379fbf1637f3_w13.png,41c5379fbf1637f3,13,Field,Noise
train/noise/41c5379fbf1637f3_w18.png,41c5379fbf1637f3,18,Field,Noise
train/noise/41c5379fbf1637f3_w24.png,41c5379fbf1637f3,24,Field,Noise
train/noise/41c5379fbf1637f3_w25.png,41c5379fbf1637f3,25,Field,Noise
train/noise/41d70a4f528730ee_w00.png,41d70a4f528730ee,0,Field,Noise
train/noise/41d70a4f528730ee_w06.png,41d70a4f528730ee,6,Field,Noise
train/noise/41d70a4f528730ee_w08.png,41d70a4f528730ee,8,Field,Noise
train/noise/41d70a4f528730ee_w13.png,41d70a4f528730ee,13,Field,Noise
train/noise/41d70a4f528730ee_w23.png,41d70a4f528730ee,23,Field,Noise
train/noise/41d70a4f528730ee_w25.png,41d70a4f528730ee,25,Field,Noise
train/noise/41d70a4f528730ee_w26.png,41d70a4f528730ee,26,Field,Noise
train/noise/41d70a4f528730ee_w27.png,41d70a4f528730ee,27,Field,Noise
train/noise/41f18a8daaa3c16b_w09.png,41f18a8daaa3c16b,9,Lab,Noise
train/noise/41f18a8daaa3c16b_w11.png,41f18a8daaa3c16b,11,Lab,Noise
train/noise/41f18a8daaa3c16b_w13.png,41f18a8daaa3c16b,13,Lab,Noise
train/noise/41f18a8daaa3c16b_w19.png,41f18a8daaa3c16b,19,Lab,Noise
train/noise/41f18a8daaa3c16b_w22.png,41f18a8daaa3c16b,22,Lab,Noise
train/noise/41f18a8daaa3c16b_w25.png,41f18a8daaa3c16b,25,Lab,Noise
train/noise/41f18a8daaa3c16b_w26.png,41f18a8daaa3c16b,26,Lab,Noise
train/noise/41f18a8daaa3c16b_w27.png,41f18a8daaa3c16b,27,Lab,Noise
train/noise/426d948307f0693b_w03.png,426d948307f0693b,3,Lab,Noise
train/noise/426d948307f0693b_w06.png,426d948307f0693b,6,Lab,Noise
train/noise/426d948307f0693b_w11.png,426d948307f0693b,11,Lab,Noise
train/noise/426d948307f0693b_w12.png,426d948307f0693b,12,Lab,Noise
train/noise/426d948307f0693b_w18.png,426d948307f0693b,18,Lab,Noise
train/noise/426d948307f0693b_w20.png,426d948307f0693b,20,Lab,Noise
train/noise/426d948307f0693b_w25.png,426d948307f0693b,25,Lab,Noise
train/noise/426d948307f0693b_w27.png,426d948307f0693b,27,Lab,Noise
train/noise/427d071e1f9f653b_w00.png,427d071e1f9f653b,0,Field,Noise
train/noise/427d071e1f9f653b_w08.png,427d071e1f9f653b,8,Field,Noise
train/noise/427d071e1f9f653b_w12.png,427d071e1f9f653b,12,Field,Noise
train/noise/427d071e1f9f653b_w14.png,427d071e1f9f653b,14,Field,Noise
train/noise/427d071e1f9f653b_w15.png,427d071e1f9f653b,15,Field,Noise
train/noise/427d071e1f9f653b_w23.png,427d071e1f9f653b,23,Field,Noise
train/noise/427d071e1f9f653b_w26.png,427d071e1f9f653b,26,Field,Noise
train/noise/427d071e1f9f653b_w27.png,427d071e1f9f653b,27,Field,Noise
train/noise/427ef8fdce41e582_w02.png,427ef8fdce41e582,2,Field,Noise
train/noise/427ef8fdce41e582_w16.png,427ef8fdce41e582,16,Field,Noise
train/noise/427ef8fdce41e582_w17.png,427ef8fdce41e582,17,Field,Noise
train/noise/427ef8fdce41e582_w18.png,427ef8fdce41e582,18,Field,Noise
train/noise/427ef8fdce41e582_w19.png,427ef8fdce41e582,19,Field,Noise
train/noise/427ef8fdce41e582_w23.png,427ef8fdce41e582,23,Field,Noise
train/noise/427ef8fdce41e582_w25.png,427ef8fdce41e582,25,Field,Noise
train/noise/427ef8fdce41e582_w26.png,427ef8fdce41e582,26,Field,Noise
train/noise/42c0db3d61bf128d_w03.png,42c0db3d61bf128d,3,Field,Noise
train/noise/42c0db3d61bf128d_w04.png,42c0db3d61bf128d,4,Field,Noise
train/noise/42c0db3d61bf128d_w05.png,42c0db3d61bf128d,5,Field,Noise
train/noise/42c0db3d61bf128d_w18.png,42c0db3d61bf128d,18,Field,Noise
train/noise/42c0db3d61bf128d_w20.png,42c0db3d61bf128d,20,Field,Noise
train/noise/42c0db3d61bf128d_w24.png,42c0db3d61bf128d,24,Field,Noise
train/noise/42c0db3d61bf128d_w25.png,42c0db3d61bf128d,25,Field,Noise
train/noise/42c0db3d61bf128d_w26.png,42c0db3d61bf128d,26,Field,Noise
train/noise/430436c9c4fee6eb_w02.png,430436c9c4fee6eb,2,Field,Noise
train/noise/430436c9c4fee6eb_w03.png,430436c9c4fee6eb,3,Field,Noise
train/noise/430436c9c4fee6eb_w05.png,430436c9c4fee6eb,5,Field,Noise
train/noise/430436c9c4fee6eb_w12.png,430436c9c4fee6eb,12,Field,Noise
train/noise/430436c9c4fee6eb_w13.png,430436c9c4fee6eb,13,Field,Noise
train/noise/430436c9c4fee6eb_w14.png,430436c9c4fee6eb,14,Field,Noise
train/noise/430436c9c4fee6eb_w24.png,430436c9c4fee6eb,24,Field,Noise
train/noise/430436c9c4fee6eb_w26.png,430436c9c4fee6eb,26,Field,Noise
train/noise/43721aa19c54008f_w00.png,43721aa19c54008f,0,Field,Noise
train/noise/43721aa19c54008f_w11.png,43721aa19c54008f,11,Field,Noise
train/noise/43721aa19c54008f_w12.png,43721aa19c54008f,12,Field,Noise
train/noise/43721aa19c54008f_w16.png,43721aa19c54008f,16,Field,Noise
train/noise/43721aa19c54008f_w20.png,43721aa19c54008f,20,Field,Noise
train/noise/43721aa19c54008f_w21.png,43721aa19c54008f,21,Field,Noise
train/noise/43721aa19c54008f_w22.png,43721aa19c54008f,22,Field,Noise
train/noise/43721aa19c54008f_w27.png,43721aa19c54008f,27,Field,Noise
train/noise/43aad6ad9da47ac8_w01.png,43aad6ad9da47ac8,1,Field,Noise
train/noise/43aad6ad9da47ac8_w02.png,43aad6ad9da47ac8,2,Field,Noise
train/noise/43aad6ad9da47ac8_w07.png,43aad6ad9da47ac8,7,Field,Noise
train/noise/43aad6ad9da47ac8_w11.png,43aad6ad9da47ac8,11,Field,Noise
train/noise/43aad6ad9da47ac8_w16.png,43aad6ad9da47ac8,16,Field,Noise
train/noise/43aad6ad9da47ac8_w17.png,43aad6ad9da47ac8,17,Field,Noise
train/noise/43aad6ad9da47ac8_w24.png,43aad6ad9da47ac8,24,Field,Noise
train/noise/43aad6ad9da47ac8_w26.png,43aad6ad9da47ac8,26,Field,Noise
train/noise/4416a3dfecab87d7_w00.png,4416a3dfecab87d7,0,Lab,Noise
train/noise/4416a3dfecab87d7_w02.png,4416a3dfecab87d7,2,Lab,Noise
train/noise/4416a3dfecab87d7_w03.png,4416a3dfecab87d7,3,Lab,Noise
train/noise/4416a3dfecab87d7_w05.png,4416a3dfecab87d7,5,Lab,Noise
train/noise/4416a3dfecab87d7_w09.png,4416a3dfecab87d7,9,Lab,Noise
train/noise/4416a3dfecab87d7_w13.png,4416a3dfecab87d7,13,Lab,Noise
train/noise/4416a3dfecab87d7_w15.png,4416a3dfecab87d7,15,Lab,Noise
train/noise/4416a3dfecab87d7_w25.png,4416a3dfecab87d7,25,Lab,Noise
train/noise/44289907ac58e52b_w02.png,44289907ac58e52b,2,Field,Noise
train/noise/44289907ac58e52b_w03.png,44289907ac58e52b,3,Field,Noise
train/noise/44289907ac58e52b_w12.png,44289907ac58e52b,12,Field,Noise
train/noise/44289907ac58e52b_w13.png,44289907ac58e52b,13,Field,Noise
train/noise/44289907ac58e52b_w17.png,44289907ac58e52b,17,Field,Noise
train/noise/44289907ac58e52b_w18.png,44289907ac58e52b,18,Field,Noise
train/noise/44289907ac58e52b_w19.png,44289907ac58e52b,19,Field,Noise
train/noise/44289907ac58e52b_w22.png,44289907ac58e52b,22,Field,Noise
train/noise/44b5b210483ff825_w01.png,44b5b210483ff825,1,Field,Noise
train/noise/44b5b210483ff825_w04.png,44b5b210483ff825,4,Field,Noise
train/noise/44b5b210483ff825_w07.png,44b5b210483ff825,7,Field,Noise
train/noise/44b5b210483ff825_w15.png,44b5b210483ff825,15,Field,Noise
train/noise/44b5b210483ff825_w18.png,44b5b210483ff825,18,Field,Noise
train/noise/44b5b210483ff825_w21.png,44b5b210483ff825,21,Field,Noise
train/noise/44b5b210483ff825_w23.png,44b5b210483ff825,23,Field,Noise
train/noise/44b5b210483ff825_w27.png,44b5b210483ff825,27,Field,Noise
train/noise/44b78d0ec4559599_w00.png,44b78d0ec4559599,0,Field,Noise
train/noise/44b78d0ec4559599_w09.png,44b78d0ec4559599,9,Field,Noise
train/noise/44b78d0ec4559599_w10.png,44b78d0ec4559599,10,Field,Noise
train/noise/44b78d0ec4559599_w12.png,44b78d0ec4559599,12,Field,Noise
train/noise/44b78d0ec4559599_w13.png,44b78d0ec4559599,13,Field,Noise
train/noise/44b78d0ec4559599_w15.png,44b78d0ec4559599,15,Field,Noise
train/noise/44b78d0ec4559599_w21.png,44b78d0ec4559599,21,Field,Noise
train/noise/44b78d0ec4559599_w24.png,44b78d0ec4559599,24,Field,Noise
train/noise/456ad83851f8e1e6_w02.png,456ad83851f8e1e6,2,Lab,Noise
train/noise/456ad83851f8e1e6_w03.png,456ad83851f8e1e6,3,Lab,Noise
train/noise/456ad83851f8e1e6_w05.png,456ad83851f8e1e6,5,Lab,Noise
train/noise/456ad83851f8e1e6_w06.png,456ad83851f8e1e6,6,Lab,Noise
train/noise/456ad83851f8e1e6_w20.png,456ad83851f8e1e6,20,Lab,Noise
train/noise/456ad83851f8e1e6_w21.png,456ad83851f8e1e6,21,Lab,Noise
train/noise/456ad83851f8e1e6_w23.png,456ad83851f8e1e6,23,Lab,Noise
train/noise/456ad83851f8e1e6_w25.png,456ad83851f8e1e6,25,Lab,Noise
train/noise/457ef32e7552ff13_w02.png,457ef32e7552ff13,2,Field,Noise
train/noise/457ef32e7552ff13_w03.png,457ef32e7552ff13,3,Field,Noise
train/noise/457ef32e7552ff13_w05.png,457ef32e7552ff13,5,Field,Noise
train/noise/457ef32e7552ff13_w08.png,457ef32e7552ff13,8,Field,Noise
train/noise/457ef32e7552ff13_w09.png,457ef32e7552ff13,9,Field,Noise
train/noise/457ef32e7552ff13_w13.png,457ef32e7552ff13,13,Field,Noise
train/noise/457ef32e7552ff13_w15.png,457ef32e7552ff13,15,Field,Noise
train/noise/457ef32e7552ff13_w27.png,457ef32e7552ff13,27,Field,Noise
train/noise/45a191169f4029df_w03.png,45a191169f4029df,3,Field,Noise
train/noise/45a191169f4029df_w05.png,45a191169f4029df,5,Field,Noise
train/noise/45a191169f4029df_w06.png,45a191169f4029df,6,Field,Noise
train/noise/45a191169f4029df_w09.png,45a191169f4029df,9,Field,Noise
train/noise/45a191169f4029df_w13.png,45a191169f4029df,13,Field,Noise
train/noise/45a191169f4029df_w14.png,45a191169f4029df,14,Field,Noise
train/noise/45a191169f4029df_w19.png,45a191169f4029df,19,Field,Noise
train/noise/45a191169f4029df_w21.png,45a191169f4029df,21,Field,Noise
train/noise/45b35eabb8db3f03_w01.png,45b35eabb8db3f03,1,Field,Noise
train/noise/45b35eabb8db3f03_w04.png,45b35eabb8db3f03,4,Field,Noise
train/noise/45b35eabb8db3f03_w11.png,45b35eabb8db3f03,11,Field,Noise
train/noise/45b35eabb8db3f03_w13.png,45b35eabb8db3f03,13,Field,Noise
train/noise/45b35eabb8db3f03_w14.png,45b35eabb8db3f03,14,Field,Noise
train/noise/45b35eabb8db3f03_w19.png,45b35eabb8db3f03,19,Field,Noise
train/noise/45b35eabb8db3f03_w20.png,45b35eabb8db3f03,20,Field,Noise
train/noise/45b35eabb8db3f03_w27.png,45b35eabb8db3f03,27,Field,Noise
train/noise/45cbec58025bb0ff_w00.png,45cbec58025bb0ff,0,Lab,Noise
train/noise/45cbec58025bb0ff_w02.png,45cbec58025bb0ff,2,Lab,Noise
train/noise/45cbec58025bb0ff_w03.png,45cbec58025bb0ff,3,Lab,Noise
train/noise/45cbec58025bb0ff_w04.png,45cbec58025bb0ff,4,Lab,Noise
train/noise/45cbec58025bb0ff_w05.png,45cbec58025bb0ff,5,Lab,Noise
train/noise/45cbec58025bb0ff_w06.png,45cbec58025bb0ff,6,Lab,Noise
train/noise/45cbec58025bb0ff_w08.png,45cbec58025bb0ff,8,Lab,Noise
train/noise/45cbec58025bb0ff_w26.png,45cbec58025bb0ff,26,Lab,Noise
train/noise/45d466f91a8692bc_w04.png,45d466f91a8692bc,4,Field,Noise
train/noise/45d466f91a8692bc_w08.png,45d466f91a8692bc,8,Field,Noise
train/noise/45d466f91a8692bc_w09.png,45d466f91a8692bc,9,Field,Noise
train/noise/45d466f91a8692bc_w10.png,45d466f91a8692bc,10,Field,Noise
train/noise/45d466f91a8692bc_w11.png,45d466f91a8692bc,11,Field,Noise
train/noise/45d466f91a8692bc_w14.png,45d466f91a8692bc,14,Field,Noise
train/noise/45d466f91a8692bc_w15.png,45d466f91a8692bc,15,Field,Noise
train/noise/45d466f91a8692bc_w23.png,45d466f91a8692bc,23,Field,Noise
train/noise/45dc1035d278aef2_w01.png,45dc1035d278aef2,1,Field,Noise
train/noise/45dc1035d278aef2_w04.png,45dc1035d278aef2,4,Field,Noise
train/noise/45dc1035d278aef2_w07.png,45dc1035d278aef2,7,Field,Noise
train/noise/45dc1035d278aef2_w11.png,45dc1035d278aef2,11,Field,Noise
train/noise/45dc1035d278aef2_w13.png,45dc1035d278aef2,13,Field,Noise
train/noise/45dc1035d278aef2_w15.png,45dc1035d278aef2,15,Field,Noise
train/noise/45dc1035d278aef2_w24.png,45dc1035d278aef2,24,Field,Noise
train/noise/45dc1035d278aef2_w27.png,45dc1035d278aef2,27,Field,Noise
train/noise/45ff9440e95bbf97_w04.png,45ff9440e95bbf97,4,Field,Noise
train/noise/45ff9440e95bbf97_w05.png,45ff9440e95bbf97,5,Field,Noise
train/noise/45ff9440e95bbf97_w06.png,45ff9440e95bbf97,6,Field,Noise
train/noise/45ff9440e95bbf97_w08.png,45ff9440e95bbf97,8,Field,Noise
train/noise/45ff9440e95bbf97_w10.png,45ff9440e95bbf97,10,Field,Noise
train/noise/45ff9440e95bbf97_w12.png,45ff9440e95bbf97,12,Field,Noise
train/noise/45ff9440e95bbf97_w19.png,45ff9440e95bbf97,19,Field,Noise
train/noise/45ff9440e95bbf97_w22.png,45ff9440e95bbf97,22,Field,Noise
train/noise/467da51d44d017ca_w00.png,467da51d44d017ca,0,Field,Noise
train/noise/467da51d44d017ca_w01.png,467da51d44d017ca,1,Field,Noise
train/noise/467da51d44d017ca_w04.png,467da51d44d017ca,4,Field,Noise
train/noise/467da51d44d017ca_w08.png,467da51d44d017ca,8,Field,Noise
train/noise/467da51d44d017ca_w09.png,467da51d44d017ca,9,Field,Noise
train/noise/467da51d44d017ca_w11.png,467da51d44d017ca,11,Field,Noise
train/noise/467da51d44d017ca_w18.png,467da51d44d017ca,18,Field,Noise
train/noise/467da51d44d017ca_w24.png,467da51d44d017ca,24,Field,Noise
train/noise/47d7c8e31249ca2a_w00.png,47d7c8e31249ca2a,0,Field,Noise
train/noise/47d7c8e31249ca2a_w06.png,47d7c8e31249ca2a,6,Field,Noise
train/noise/47d7c8e31249ca2a_w09.png,47d7c8e31249ca2a,9,Field,Noise
train/noise/47d7c8e31249ca2a_w14.png,47d7c8e31249ca2a,14,Field,Noise
train/noise/47d7c8e31249ca2a_w15.png,47d7c8e31249ca2a,15,Field,Noise
train/noise/47d7c8e31249ca2a_w19.png,47d7c8e31249ca2a,19,Field,Noise
train/noise/47d7c8e31249ca2a_w20.png,47d7c8e31249ca2a,20,Field,Noise
train/noise/47d7c8e31249ca2a_w26.png,47d7c8e31249ca2a,26,Field,Noise
train/noise/483457bcd9177d04_w03.png,483457bcd9177d04,3,Field,Noise
train/noise/483457bcd9177d04_w08.png,483457bcd9177d04,8,Field,Noise
train/noise/483457bcd9177d04_w12.png,483457bcd9177d04,12,Field,Noise
train/noise/483457bcd9177d04_w20.png,483457bcd9177d04,20,Field,Noise
train/noise/483457bcd9177d04_w23.png,483457bcd9177d04,23,Field,Noise
train/noise/483457bcd9177d04_w25.png,483457bcd9177d04,25,Field,Noise
train/noise/483457bcd9177d04_w26.png,483457bcd9177d04,26,Field,Noise
train/noise/483457bcd9177d04_w27.png,483457bcd9177d04,27,Field,Noise
train/noise/485790c4cf8aed4a_w01.png,485790c4cf8aed4a,1,Lab,Noise
train/noise/485790c4cf8aed4a_w02.png,485790c4cf8aed4a,2,Lab,Noise
train/noise/485790c4cf8aed4a_w08.png,485790c4cf8aed4a,8,Lab,Noise
train/noise/485790c4cf8aed4a_w10.png,485790c4cf8aed4a,10,Lab,Noise
train/noise/485790c4cf8aed4a_w12.png,485790c4cf8aed4a,12,Lab,Noise
train/noise/485790c4cf8aed4a_w18.png,485790c4cf8aed4a,18,Lab,Noise
train/noise/485790c4cf8aed4a_w19.png,485790c4cf8aed4a,19,Lab,Noise
train/noise/485790c4cf8aed4a_w22.png,485790c4cf8aed4a,22,Lab,Noise
train/noise/4870b5977100b5da_w00.png,4870b5977100b5da,0,Lab,Noise
train/noise/4870b5977100b5da_w03.png,4870b5977100b5da,3,Lab,Noise
train/noise/4870b5977100b5da_w09.png,4870b5977100b5da,9,Lab,Noise
train/noise/4870b5977100b5da_w12.png,4870b5977100b5da,12,Lab,Noise
train/noise/4870b5977100b5da_w14.png,4870b5977100b5da,14,Lab,Noise
train/noise/4870b5977100b5da_w15.png,4870b5977100b5da,15,Lab,Noise
train/noise/4870b5977100b5da_w16.png,4870b5977100b5da,16,Lab,Noise
train/noise/4870b5977100b5da_w20.png,4870b5977100b5da,20,Lab,Noise
train/noise/48ba1a719c261369_w03.png,48ba1a719c261369,3,Field,Noise
train/noise/48ba1a719c261369_w06.png,48ba1a719c261369,6,Field,Noise
train/noise/48ba1a719c261369_w10.png,48ba1a719c261369,10,Field,Noise
train/noise/48ba1a719c261369_w13.png,48ba1a719c261369,13,Field,Noise
train/noise/48ba1a719c261369_w14.png,48ba1a719c261369,14,Field,Noise
train/noise/48ba1a719c261369_w17.png,48ba1a719c261369,17,Field,Noise
train/noise/48ba1a719c261369_w21.png,48ba1a719c261369,21,Field,Noise
train/noise/48ba1a719c261369_w23.png,48ba1a719c261369,23,Field,Noise
train/noise/4970d32e19899a11_w00.png,4970d32e19899a11,0,Field,Noise
train/noise/4970d32e19899a11_w01.png,4970d32e19899a11,1,Field,Noise
train/noise/4970d32e19899a11_w03.png,4970d32e19899a11,3,Field,Noise
train/noise/4970d32e19899a11_w04.png,4970d32e19899a11,4,Field,Noise
train/noise/4970d32e19899a11_w14.png,4970d32e19899a11,14,Field,Noise
train/noise/4970d32e19899a11_w17.png,4970d32e19899a11,17,Field,Noise
train/noise/4970d32e19899a11_w26.png,4970d32e19899a11,26,Field,Noise
train/noise/4970d32e19899a11_w27.png,4970d32e19899a11,27,Field,Noise
train/noise/49862578cd12cd8e_w00.png,49862578cd12cd8e,0,Field,Noise
train/noise/49862578cd12cd8e_w04.png,49862578cd12cd8e,4,Field,Noise
train/noise/49862578cd12cd8e_w06.png,49862578cd12cd8e,6,Field,Noise
train/noise/49862578cd12cd8e_w08.png,49862578cd12cd8e,8,Field,Noise
train/noise/49862578cd12cd8e_w12.png,49862578cd12cd8e,12,Field,Noise
train/noise/49862578cd12cd8e_w16.png,49862578cd12cd8e,16,Field,Noise
train/noise/49862578cd12cd8e_w17.png,49862578cd12cd8e,17,Field,Noise
train/noise/49862578cd12cd8e_w25.png,49862578cd12cd8e,25,Field,Noise
train/noise/4a010cc0e373359f_w00.png,4a010cc0e373359f,0,Field,Noise
train/noise/4a010cc0e373359f_w05.png,4a010cc0e373359f,5,Field,Noise
train/noise/4a010cc0e373359f_w06.png,4a010cc0e373359f,6,Field,Noise
train/noise/4a010cc0e373359f_w08.png,4a010cc0e373359f,8,Field,Noise
train/noise/4a010cc0e373359f_w15.png,4a010cc0e373359f,15,Field,Noise
train/noise/4a010cc0e373359f_w18.png,4a010cc0e373359f,18,Field,Noise
train/noise/4a010cc0e373359f_w22.png,4a010cc0e373359f,22,Field,Noise
train/noise/4a010cc0e373359f_w25.png,4a010cc0e373359f,25,Field,Noise
train/noise/4aef81b14bf3c3f1_w02.png,4aef81b14bf3c3f1,2,Field,Noise
train/noise/4aef81b14bf3c3f1_w05.png,4aef81b14bf3c3f1,5,Field,Noise
train/noise/4aef81b14bf3c3f1_w16.png,4aef81b14bf3c3f1,16,Field,Noise
train/noise/4aef81b14bf3c3f1_w17.png,4aef81b14bf3c3f1,17,Field,Noise
train/noise/4aef81b14bf3c3f1_w21.png,4aef81b14bf3c3f1,21,Field,Noise
train/noise/4aef81b14bf3c3f1_w22.png,4aef81b14bf3c3f1,22,Field,Noise
train/noise/4aef81b14bf3c3f1_w25.png,4aef81b14bf3c3f1,25,Field,Noise
train/noise/4aef81b14bf3c3f1_w26.png,4aef81b14bf3c3f1,26,Field,Noise
train/noise/4b44ab1897e5def8_w01.png,4b44ab1897e5def8,1,Field,Noise
train/noise/4b44ab1897e5def8_w02.png,4b44ab1897e5def8,2,Field,Noise
train/noise/4b44ab1897e5def8_w06.png,4b44ab1897e5def8,6,Field,Noise
train/noise/4b44ab1897e5def8_w07.png,4b44ab1897e5def8,7,Field,Noise
train/noise/4b44ab1897e5def8_w09.png,4b44ab1897e5def8,9,Field,Noise
train/noise/4b44ab1897e5def8_w16.png,4b44ab1897e5def8,16,Field,Noise
train/noise/4b44ab1897e5def8_w20.png,4b44ab1897e5def8,20,Field,Noise
train/noise/4b44ab1897e5def8_w27.png,4b44ab1897e5def8,27,Field,Noise
train/noise/4b6ef1c174e4ef5a_w02.png,4b6ef1c174e4ef5a,2,Field,Noise
train/noise/4b6ef1c174e4ef5a_w05.png,4b6ef1c174e4ef5a,5,Field,Noise
train/noise/4b6ef1c174e4ef5a_w08.png,4b6ef1c174e4ef5a,8,Field,Noise
train/noise/4b6ef1c174e4ef5a_w09.png,4b6ef1c174e4ef5a,9,Field,Noise
train/noise/4b6ef1c174e4ef5a_w11.png,4b6ef1c174e4ef5a,11,Field,Noise
train/noise/4b6ef1c174e4ef5a_w16.png,4b6ef1c174e4ef5a,16,Field,Noise
train/noise/4b6ef1c174e4ef5a_w17.png,4b6ef1c174e4ef5a,17,Field,Noise
train/noise/4b6ef1c174e4ef5a_w26.png,4b6ef1c174e4ef5a,26,Field,Noise
train/noise/4b706d374032f65e_w02.png,4b706d374032f65e,2,Field,Noise
train/noise/4b706d374032f65e_w08.png,4b706d374032f65e,8,Field,Noise
train/noise/4b706d374032f65e_w13.png,4b706d374032f65e,13,Field,Noise
train/noise/4b706d374032f65e_w14.png,4b706d374032f65e,14,Field,Noise
train/noise/4b706d374032f65e_w15.png,4b706d374032f65e,15,Field,Noise
train/noise/4b706d374032f65e_w19.png,4b706d374032f65e,19,Field,Noise
train/noise/4b706d374032f65e_w23.png,4b706d374032f65e,23,Field,Noise
train/noise/4b706d374032f65e_w24.png,4b706d374032f65e,24,Field,Noise
train/noise/4c69e9047c3687bb_w03.png,4c69e9047c3687bb,3,Field,Noise
train/noise/4c69e9047c3687bb_w08.png,4c69e9047c3687bb,8,Field,Noise
train/noise/4c69e9047c3687bb_w12.png,4c69e9047c3687bb,12,Field,Noise
train/noise/4c69e9047c3687bb_w13.png,4c69e9047c3687bb,13,Field,Noise
train/noise/4c69e9047c3687bb_w15.png,4c69e9047c3687bb,15,Field,Noise
train/noise/4c69e9047c3687bb_w16.png,4c69e9047c3687bb,16,Field,Noise
train/noise/4c69e9047c3687bb_w17.png,4c69e9047c3687bb,17,Field,Noise
train/noise/4c69e9047c3687bb_w23.png,4c69e9047c3687bb,23,Field,Noise
train/noise/4c8bf85c2176acc1_w01.png,4c8bf85c2176acc1,1,Lab,Noise
train/noise/4c8bf85c2176acc1_w07.png,4c8bf85c2176acc1,7,Lab,Noise
train/noise/4c8bf85c2176acc1_w10.png,4c8bf85c2176acc1,10,Lab,Noise
train/noise/4c8bf85c2176acc1_w11.png,4c8bf85c2176acc1,11,Lab,Noise
train/noise/4c8bf85c2176acc1_w16.png,4c8bf85c2176acc1,16,Lab,Noise
train/noise/4c8bf85c2176acc1_w21.png,4c8bf85c2176acc1,21,Lab,Noise
train/noise/4c8bf85c2176acc1_w25.png,4c8bf85c2176acc1,25,Lab,Noise
train/noise/4c8bf85c2176acc1_w27.png,4c8bf85c2176acc1,27,Lab,Noise
train/noise/4d0b2457e702b1de_w04.png,4d0b2457e702b1de,4,Field,Noise
train/noise/4d0b2457e702b1de_w08.png,4d0b2457e702b1de,8,Field,Noise
train/noise/4d0b2457e702b1de_w09.png,4d0b2457e702b1de,9,Field,Noise
train/noise/4d0b2457e702b1de_w12.png,4d0b2457e702b1de,12,Field,Noise
train/noise/4d0b2457e702b1de_w17.png,4d0b2457e702b1de,17,Field,Noise
train/noise/4d0b2457e702b1de_w21.png,4d0b2457e702b1de,21,Field,Noise
train/noise/4d0b2457e702b1de_w22.png,4d0b2457e702b1de,22,Field,Noise
train/noise/4d0b2457e702b1de_w26.png,4d0b2457e702b1de,26,Field,Noise
train/noise/4d5697153bc54ece_w02.png,4d5697153bc54ece,2,Field,Noise
train/noise/4d5697153bc54ece_w03.png,4d5697153bc54ece,3,Field,Noise
train/noise/4d5697153bc54ece_w04.png,4d5697153bc54ece,4,Field,Noise
train/noise/4d5697153bc54ece_w07.png,4d5697153bc54ece,7,Field,Noise
train/noise/4d5697153bc54ece_w10.png,4d5697153bc54ece,10,Field,Noise
train/noise/4d5697153bc54ece_w18.png,4d5697153bc54ece,18,Field,Noise
train/noise/4d5697153bc54ece_w23.png,4d5697153bc54ece,23,Field,Noise
train/noise/4d5697153bc54ece_w24.png,4d5697153bc54ece,24,Field,Noise
train/noise/4d58a2f667099cac_w01.png,4d58a2f667099cac,1,Lab,Noise
train/noise/4d58a2f667099cac_w03.png,4d58a2f667099cac,3,Lab,Noise
train/noise/4d58a2f667099cac_w04.png,4d58a2f667099cac,4,Lab,Noise
train/noise/4d58a2f667099cac_w07.png,4d58a2f667099cac,7,Lab,Noise
train/noise/4d58a2f667099cac_w10.png,4d58a2f667099cac,10,Lab,Noise
train/noise/4d58a2f667099cac_w19.png,4d58a2f667099cac,19,Lab,Noise
train/noise/4d58a2f667099cac_w25.png,4d58a2f667099cac,25,Lab,Noise
train/noise/4d58a2f667099cac_w27.png,4d58a2f667099cac,27,Lab,Noise
train/noise/4e090f96f4732c33_w03.png,4e090f96f4732c33,3,Field,Noise
train/noise/4e090f96f4732c33_w07.png,4e090f96f4732c33,7,Field,Noise
train/noise/4e090f96f4732c33_w09.png,4e090f96f4732c33,9,Field,Noise
train/noise/4e090f96f4732c33_w10.png,4e090f96f4732c33,10,Field,Noise
train/noise/4e090f96f4732c33_w11.png,4e090f96f4732c33,11,Field,Noise
train/noise/4e090f96f4732c33_w17.png,4e090f96f4732c33,17,Field,Noise
train/noise/4e090f96f4732c33_w19.png,4e090f96f4732c33,19,Field,Noise
train/noise/4e090f96f4732c33_w27.png,4e090f96f4732c33,27,Field,Noise
train/noise/4ec63814ddd8c1aa_w01.png,4ec63814ddd8c1aa,1,Field,Noise
train/noise/4ec63814ddd8c1aa_w02.png,4ec63814ddd8c1aa,2,Field,Noise
train/noise/4ec63814ddd8c1aa_w04.png,4ec63814ddd8c1aa,4,Field,Noise
train/noise/4ec63814ddd8c1aa_w07.png,4ec63814ddd8c1aa,7,Field,Noise
train/noise/4ec63814ddd8c1aa_w08.png,4ec63814ddd8c1aa,8,Field,Noise
train/noise/4ec63814ddd8c1aa_w19.png,4ec63814ddd8c1aa,19,Field,Noise
train/noise/4ec63814ddd8c1aa_w25.png,4ec63814ddd8c1aa,25,Field,Noise
train/noise/4ec63814ddd8c1aa_w27.png,4ec63814ddd8c1aa,27,Field,Noise
train/noise/4ef5f2ccd7691678_w00.png,4ef5f2ccd7691678,0,Field,Noise
train/noise/4ef5f2ccd7691678_w01.png,4ef5f2ccd7691678,1,Field,Noise
train/noise/4ef5f2ccd7691678_w12.png,4ef5f2ccd7691678,12,Field,Noise
train/noise/4ef5f2ccd7691678_w15.png,4ef5f2ccd7691678,15,Field,Noise
train/noise/4ef5f2ccd7691678_w18.png,4ef5f2ccd7691678,18,Field,Noise
train/noise/4ef5f2ccd7691678_w20.png,4ef5f2ccd7691678,20,Field,Noise
train/noise/4ef5f2ccd7691678_w21.png,4ef5f2ccd7691678,21,Field,Noise
train/noise/4ef5f2ccd7691678_w25.png,4ef5f2ccd7691678,25,Field,Noise
train/noise/4effa76de18a6f65_w00.png,4effa76de18a6f65,0,Field,Noise
train/noise/4effa76de18a6f65_w05.png,4effa76de18a6f65,5,Field,Noise
train/noise/4effa76de18a6f65_w07.png,4effa76de18a6f65,7,Field,Noise
train/noise/4effa76de18a6f65_w10.png,4effa76de18a6f65,10,Field,Noise
train/noise/4effa76de18a6f65_w18.png,4effa76de18a6f65,18,Field,Noise
train/noise/4effa76de18a6f65_w22.png,4effa76de18a6f65,22,Field,Noise
train/noise/4effa76de18a6f65_w23.png,4effa76de18a6f65,23,Field,Noise
train/noise/4effa76de18a6f65_w26.png,4effa76de18a6f65,26,Field,Noise
train/noise/4f8d3954a14b7218_w04.png,4f8d3954a14b7218,4,Field,Noise
train/noise/4f8d3954a14b7218_w07.png,4f8d3954a14b7218,7,Field,Noise
train/noise/4f8d3954a14b7218_w09.png,4f8d3954a14b7218,9,Field,Noise
train/noise/4f8d3954a14b7218_w15.png,4f8d3954a14b7218,15,Field,Noise
train/noise/4f8d3954a14b7218_w18.png,4f8d3954a14b7218,18,Field,Noise
train/noise/4f8d3954a14b7218_w20.png,4f8d3954a14b7218,20,Field,Noise
train/noise/4f8d3954a14b7218_w22.png,4f8d3954a14b7218,22,Field,Noise
train/noise/4f8d3954a14b7218_w27.png,4f8d3954a14b7218,27,Field,Noise
train/noise/4feb2a7e2c6c93e5_w04.png,4feb2a7e2c6c93e5,4,Field,Noise
train/noise/4feb2a7e2c6c93e5_w06.png,4feb2a7e2c6c93e5,6,Field,Noise
train/noise/4feb2a7e2c6c93e5_w09.png,4feb2a7e2c6c93e5,9,Field,Noise
train/noise/4feb2a7e2c6c93e5_w10.png,4feb2a7e2c6c93e5,10,Field,Noise
train/noise/4feb2a7e2c6c93e5_w13.png,4feb2a7e2c6c93e5,13,Field,Noise
train/noise/4feb2a7e2c6c93e5_w19.png,4feb2a7e2c6c93e5,19,Field,Noise
train/noise/4feb2a7e2c6c93e5_w22.png,4feb2a7e2c6c93e5,22,Field,Noise
train/noise/4feb2a7e2c6c93e5_w24.png,4feb2a7e2c6c93e5,24,Field,Noise
train/noise/4ff97921af2ad7f7_w02.png,4ff97921af2ad7f7,2,Field,Noise
train/noise/4ff97921af2ad7f7_w08.png,4ff97921af2ad7f7,8,Field,Noise
train/noise/4ff97921af2ad7f7_w09.png,4ff97921af2ad7f7,9,Field,Noise
train/noise/4ff97921af2ad7f7_w11.png,4ff97921af2ad7f7,11,Field,Noise
train/noise/4ff97921af2ad7f7_w12.png,4ff97921af2ad7f7,12,Field,Noise
train/noise/4ff97921af2ad7f7_w13.png,4ff97921af2ad7f7,13,Field,Noise
train/noise/4ff97921af2ad7f7_w19.png,4ff97921af2ad7f7,19,Field,Noise
train/noise/4ff97921af2ad7f7_w27.png,4ff97921af2ad7f7,27,Field,Noise
train/noise/502440fc6f6e13e1_w05.png,502440fc6f6e13e1,5,Field,Noise
train/noise/502440fc6f6e13e1_w06.png,502440fc6f6e13e1,6,Field,Noise
train/noise/502440fc6f6e13e1_w11.png,502440fc6f6e13e1,11,Field,Noise
train/noise/502440fc6f6e13e1_w12.png,502440fc6f6e13e1,12,Field,Noise
train/noise/502440fc6f6e13e1_w14.png,502440fc6f6e13e1,14,Field,Noise
train/noise/502440fc6f6e13e1_w23.png,502440fc6f6e13e1,23,Field,Noise
train/noise/502440fc6f6e13e1_w24.png,502440fc6f6e13e1,24,Field,Noise
train/noise/502440fc6f6e13e1_w26.png,502440fc6f6e13e1,26,Field,Noise
train/noise/504ef493a2a9cea0_w02.png,504ef493a2a9cea0,2,Lab,Noise
train/noise/504ef493a2a9cea0_w04.png,504ef493a2a9cea0,4,Lab,Noise
train/noise/504ef493a2a9cea0_w07.png,504ef493a2a9cea0,7,Lab,Noise
train/noise/504ef493a2a9cea0_w08.png,504ef493a2a9cea0,8,Lab,Noise
train/noise/504ef493a2a9cea0_w14.png,504ef493a2a9cea0,14,Lab,Noise
train/noise/504ef493a2a9cea0_w18.png,504ef493a2a9cea0,18,Lab,Noise
train/noise/504ef493a2a9cea0_w21.png,504ef493a2a9cea0,21,Lab,Noise
train/noise/504ef493a2a9cea0_w24.png,504ef493a2a9cea0,24,Lab,Noise
train/noise/5106fa385460d6a8_w00.png,5106fa385460d6a8,0,Field,Noise
train/noise/5106fa385460d6a8_w01.png,5106fa385460d6a8,1,Field,Noise
train/noise/5106fa385460d6a8_w02.png,5106fa385460d6a8,2,Field,Noise
train/noise/5106fa385460d6a8_w04.png,5106fa385460d6a8,4,Field,Noise
train/noise/5106fa385460d6a8_w12.png,5106fa385460d6a8,12,Field,Noise
train/noise/5106fa385460d6a8_w15.png,5106fa385460d6a8,15,Field,Noise
train/noise/5106fa385460d6a8_w17.png,5106fa385460d6a8,17,Field,Noise
train/noise/5106fa385460d6a8_w24.png,5106fa385460d6a8,24,Field,Noise
train/noise/51335c650720b16c_w01.png,51335c650720b16c,1,Field,Noise
train/noise/51335c650720b16c_w03.png,51335c650720b16c,3,Field,Noise
train/noise/51335c650720b16c_w07.png,51335c650720b16c,7,Field,Noise
train/noise/51335c650720b16c_w14.png,51335c650720b16c,14,Field,Noise
train/noise/51335c650720b16c_w20.png,51335c650720b16c,20,Field,Noise
train/noise/51335c650720b16c_w22.png,51335c650720b16c,22,Field,Noise
train/noise/51335c650720b16c_w24.png,51335c650720b16c,24,Field,Noise
train/noise/51335c650720b16c_w25.png,51335c650720b16c,25,Field,Noise
train/noise/517cdc0b6eddeec0_w00.png,517cdc0b6eddeec0,0,Lab,Noise
train/noise/517cdc0b6eddeec0_w02.png,517cdc0b6eddeec0,2,Lab,Noise
train/noise/517cdc0b6eddeec0_w03.png,517cdc0b6eddeec0,3,Lab,Noise
train/noise/517cdc0b6eddeec0_w11.png,517cdc0b6eddeec0,11,Lab,Noise
train/noise/517cdc0b6eddeec0_w12.png,517cdc0b6eddeec0,12,Lab,Noise
train/noise/517cdc0b6eddeec0_w13.png,517cdc0b6eddeec0,13,Lab,Noise
train/noise/517cdc0b6eddeec0_w14.png,517cdc0b6eddeec0,14,Lab,Noise
train/noise/517cdc0b6eddeec0_w26.png,517cdc0b6eddeec0,26,Lab,Noise
train/noise/518bd8801cf80e99_w05.png,518bd8801cf80e99,5,Lab,Noise
train/noise/518bd8801cf80e99_w07.png,518bd8801cf80e99,7,Lab,Noise
train/noise/518bd8801cf80e99_w08.png,518bd8801cf80e99,8,Lab,Noise
train/noise/518bd8801cf80e99_w13.png,518bd8801cf80e99,13,Lab,Noise
train/noise/518bd8801cf80e99_w15.png,518bd8801cf80e99,15,Lab,Noise
train/noise/518bd8801cf80e99_w19.png,518bd8801cf80e99,19,Lab,Noise
train/noise/518bd8801cf80e99_w21.png,518bd8801cf80e99,21,Lab,Noise
train/noise/518bd8801cf80e99_w23.png,518bd8801cf80e99,23,Lab,Noise
train/noise/52614fca70e46b16_w03.png,52614fca70e46b16,3,Field,Noise
train/noise/52614fca70e46b16_w12.png,52614fca70e46b16,12,Field,Noise
train/noise/52614fca70e46b16_w18.png,52614fca70e46b16,18,Field,Noise
train/noise/52614fca70e46b16_w20.png,52614fca70e46b16,20,Field,Noise
train/noise/52614fca70e46b16_w21.png,52614fca70e46b16,21,Field,Noise
train/noise/52614fca70e46b16_w23.png,52614fca70e46b16,23,Field,Noise
train/noise/52614fca70e46b16_w24.png,52614fca70e46b16,24,Field,Noise
train/noise/52614fca70e46b16_w26.png,52614fca70e46b16,26,Field,Noise
train/noise/527e95e659f0ed42_w02.png,527e95e659f0ed42,2,Field,Noise
train/noise/527e95e659f0ed42_w07.png,527e95e659f0ed42,7,Field,Noise
train/noise/527e95e659f0ed42_w11.png,527e95e659f0ed42,11,Field,Noise
train/noise/527e95e659f0ed42_w14.png,527e95e659f0ed42,14,Field,Noise
train/noise/527e95e659f0ed42_w23.png,527e95e659f0ed42,23,Field,Noise
train/noise/527e95e659f0ed42_w24.png,527e95e659f0ed42,24,Field,Noise
train/noise/527e95e659f0ed42_w25.png,527e95e659f0ed42,25,Field,Noise
train/noise/527e95e659f0ed42_w26.png,527e95e659f0ed42,26,Field,Noise
train/noise/52b1780c949aec89_w00.png,52b1780c949aec89,0,Field,Noise
train/noise/52b1780c949aec89_w01.png,52b1780c949aec89,1,Field,Noise
train/noise/52b1780c949aec89_w08.png,52b1780c949aec89,8,Field,Noise
train/noise/52b1780c949aec89_w17.png,52b1780c949aec89,17,Field,Noise
train/noise/52b1780c949aec89_w21.png,52b1780c949aec89,21,Field,Noise
train/noise/52b1780c949aec89_w23.png,52b1780c949aec89,23,Field,Noise
train/noise/52b1780c949aec89_w25.png,52b1780c949aec89,25,Field,Noise
train/noise/52b1780c949aec89_w27.png,52b1780c949aec89,27,Field,Noise
train/noise/52d0358702f35703_w00.png,52d0358702f35703,0,Field,Noise
train/noise/52d0358702f35703_w03.png,52d0358702f35703,3,Field,Noise
train/noise/52d0358702f35703_w05.png,52d0358702f35703,5,Field,Noise
train/noise/52d0358702f35703_w10.png,52d0358702f35703,10,Field,Noise
train/noise/52d0358702f35703_w13.png,52d0358702f35703,13,Field,Noise
train/noise/52d0358702f35703_w21.png,52d0358702f35703,21,Field,Noise
train/noise/52d0358702f35703_w24.png,52d0358702f35703,24,Field,Noise
train/noise/52d0358702f35703_w26.png,52d0358702f35703,26,Field,Noise
train/noise/52fb3e3f5116fe61_w06.png,52fb3e3f5116fe61,6,Field,Noise
train/noise/52fb3e3f5116fe61_w07.png,52fb3e3f5116fe61,7,Field,Noise
train/noise/52fb3e3f5116fe61_w10.png,52fb3e3f5116fe61,10,Field,Noise
train/noise/52fb3e3f5116fe61_w14.png,52fb3e3f5116fe61,14,Field,Noise
train/noise/52fb3e3f5116fe61_w16.png,52fb3e3f5116fe61,16,Field,Noise
train/noise/52fb3e3f5116fe61_w18.png,52fb3e3f5116fe61,18,Field,Noise
train/noise/52fb3e3f5116fe61_w21.png,52fb3e3f5116fe61,21,Field,Noise
train/noise/52fb3e3f5116fe61_w27.png,52fb3e3f5116fe61,27,Field,Noise
train/noise/5379fe519f5566a6_w06.png,5379fe519f5566a6,6,Field,Noise
train/noise/5379fe519f5566a6_w07.png,5379fe519f5566a6,7,Field,Noise
train/noise/5379fe519f5566a6_w08.png,5379fe519f5566a6,8,Field,Noise
train/noise/5379fe519f5566a6_w12.png,5379fe519f5566a6,12,Field,Noise
train/noise/5379fe519f5566a6_w14.png,5379fe519f5566a6,14,Field,Noise
train/noise/5379fe519f5566a6_w20.png,5379fe519f5566a6,20,Field,Noise
train/noise/5379fe519f5566a6_w22.png,5379fe519f5566a6,22,Field,Noise
train/noise/5379fe519f5566a6_w23.png,5379fe519f5566a6,23,Field,Noise
train/noise/53d000ca9cb0a845_w05.png,53d000ca9cb0a845,5,Field,Noise
train/noise/53d000ca9cb0a845_w08.png,53d000ca9cb0a845,8,Field,Noise
train/noise/53d000ca9cb0a845_w09.png,53d000ca9cb0a845,9,Field,Noise
train/noise/53d000ca9cb0a845_w13.png,53d000ca9cb0a845,13,Field,Noise
train/noise/53d000ca9cb0a845_w14.png,53d000ca9cb0a845,14,Field,Noise
train/noise/53d000ca9cb0a845_w17.png,53d000ca9cb0a845,17,Field,Noise
train/noise/53d000ca9cb0a845_w22.png,53d000ca9cb0a845,22,Field,Noise
train/noise/53d000ca9cb0a845_w24.png,53d000ca9cb0a845,24,Field,Noise
train/noise/53e9a933e800ae38_w00.png,53e9a933e800ae38,0,Field,Noise
train/noise/53e9a933e800ae38_w04.png,53e9a933e800ae38,4,Field,Noise
train/noise/53e9a933e800ae38_w09.png,53e9a933e800ae38,9,Field,Noise
train/noise/53e9a933e800ae38_w12.png,53e9a933e800ae38,12,Field,Noise
train/noise/53e9a933e800ae38_w16.png,53e9a933e800ae38,16,Field,Noise
train/noise/53e9a933e800ae38_w18.png,53e9a933e800ae38,18,Field,Noise
train/noise/53e9a933e800ae38_w25.png,53e9a933e800ae38,25,Field,Noise
train/noise/53e9a933e800ae38_w26.png,53e9a933e800ae38,26,Field,Noise
train/noise/53fc588126d74ff8_w01.png,53fc588126d74ff8,1,Field,Noise
train/noise/53fc588126d74ff8_w07.png,53fc588126d74ff8,7,Field,Noise
train/noise/53fc588126d74ff8_w08.png,53fc588126d74ff8,8,Field,Noise
train/noise/53fc588126d74ff8_w10.png,53fc588126d74ff8,10,Field,Noise
train/noise/53fc588126d74ff8_w13.png,53fc588126d74ff8,13,Field,Noise
train/noise/53fc588126d74ff8_w15.png,53fc588126d74ff8,15,Field,Noise
train/noise/53fc588126d74ff8_w17.png,53fc588126d74ff8,17,Field,Noise
train/noise/53fc588126d74ff8_w27.png,53fc588126d74ff8,27,Field,Noise
train/noise/53fec3b22ea6f82c_w00.png,53fec3b22ea6f82c,0,Field,Noise
train/noise/53fec3b22ea6f82c_w10.png,53fec3b22ea6f82c,10,Field,Noise
train/noise/53fec3b22ea6f82c_w11.png,53fec3b22ea6f82c,11,Field,Noise
train/noise/53fec3b22ea6f82c_w14.png,53fec3b22ea6f82c,14,Field,Noise
train/noise/53fec3b22ea6f82c_w16.png,53fec3b22ea6f82c,16,Field,Noise
train/noise/53fec3b22ea6f82c_w20.png,53fec3b22ea6f82c,20,Field,Noise
train/noise/53fec3b22ea6f82c_w22.png,53fec3b22ea6f82c,22,Field,Noise
train/noise/53fec3b22ea6f82c_w24.png,53fec3b22ea6f82c,24,Field,Noise
train/noise/54cf5e90662e7f9f_w01.png,54cf5e90662e7f9f,1,Field,Noise
train/noise/54cf5e90662e7f9f_w07.png,54cf5e90662e7f9f,7,Field,Noise
train/noise/54cf5e90662e7f9f_w09.png,54cf5e90662e7f9f,9,Field,Noise
train/noise/54cf5e90662e7f9f_w12.png,54cf5e90662e7f9f,12,Field,Noise
train/noise/54cf5e90662e7f9f_w19.png,54cf5e90662e7f9f,19,Field,Noise
train/noise/54cf5e90662e7f9f_w20.png,54cf5e90662e7f9f,20,Field,Noise
train/noise/54cf5e90662e7f9f_w23.png,54cf5e90662e7f9f,23,Field,Noise
train/noise/54cf5e90662e7f9f_w26.png,54cf5e90662e7f9f,26,Field,Noise
train/noise/550931f67aa1cc36_w03.png,550931f67aa1cc36,3,Field,Noise
train/noise/550931f67aa1cc36_w06.png,550931f67aa1cc36,6,Field,Noise
train/noise/550931f67aa1cc36_w12.png,550931f67aa1cc36,12,Field,Noise
train/noise/550931f67aa1cc36_w13.png,550931f67aa1cc36,13,Field,Noise
train/noise/550931f67aa1cc36_w19.png,550931f67aa1cc36,19,Field,Noise
train/noise/550931f67aa1cc36_w21.png,550931f67aa1cc36,21,Field,Noise
train/noise/550931f67aa1cc36_w26.png,550931f67aa1cc36,26,Field,Noise
train/noise/550931f67aa1cc36_w27.png,550931f67aa1cc36,27,Field,Noise
train/noise/553173dc3bcff53a_w00.png,553173dc3bcff53a,0,Field,Noise
train/noise/553173dc3bcff53a_w03.png,553173dc3bcff53a,3,Field,Noise
train/noise/553173dc3bcff53a_w06.png,553173dc3bcff53a,6,Field,Noise
train/noise/553173dc3bcff53a_w12.png,553173dc3bcff53a,12,Field,Noise
train/noise/553173dc3bcff53a_w15.png,553173dc3bcff53a,15,Field,Noise
train/noise/553173dc3bcff53a_w22.png,553173dc3bcff53a,22,Field,Noise
train/noise/553173dc3bcff53a_w25.png,553173dc3bcff53a,25,Field,Noise
train/noise/553173dc3bcff53a_w26.png,553173dc3bcff53a,26,Field,Noise
train/noise/55c98f0698db3112_w00.png,55c98f0698db3112,0,Field,Noise
train/noise/55c98f0698db3112_w01.png,55c98f0698db3112,1,Field,Noise
train/noise/55c98f0698db3112_w02.png,55c98f0698db3112,2,Field,Noise
train/noise/55c98f0698db3112_w03.png,55c98f0698db3112,3,Field,Noise
train/noise/55c98f0698db3112_w04.png,55c98f0698db3112,4,Field,Noise
train/noise/55c98f0698db3112_w08.png,55c98f0698db3112,8,Field,Noise
train/noise/55c98f0698db3112_w18.png,55c98f0698db3112,18,Field,Noise
train/noise/55c98f0698db3112_w27.png,55c98f0698db3112,27,Field,Noise
train/noise/578bce00a845b7b7_w06.png,578bce00a845b7b7,6,Field,Noise
train/noise/578bce00a845b7b7_w14.png,578bce00a845b7b7,14,Field,Noise
train/noise/578bce00a845b7b7_w17.png,578bce00a845b7b7,17,Field,Noise
train/noise/578bce00a845b7b7_w18.png,578bce00a845b7b7,18,Field,Noise
train/noise/578bce00a845b7b7_w20.png,578bce00a845b7b7,20,Field,Noise
train/noise/578bce00a845b7b7_w24.png,578bce00a845b7b7,24,Field,Noise
train/noise/578bce00a845b7b7_w25.png,578bce00a845b7b7,25,Field,Noise
train/noise/578bce00a845b7b7_w26.png,578bce00a845b7b7,26,Field,Noise
train/noise/579d52e9877751d7_w00.png,579d52e9877751d7,0,Lab,Noise
train/noise/579d52e9877751d7_w01.png,579d52e9877751d7,1,Lab,Noise
train/noise/579d52e9877751d7_w02.png,579d52e9877751d7,2,Lab,Noise
train/noise/579d52e9877751d7_w05.png,579d52e9877751d7,5,Lab,Noise
train/noise/579d52e9877751d7_w07.png,579d52e9877751d7,7,Lab,Noise
train/noise/579d52e9877751d7_w16.png,579d52e9877751d7,16,Lab,Noise
train/noise/579d52e9877751d7_w19.png,579d52e9877751d7,19,Lab,Noise
train/noise/579d52e9877751d7_w23.png,579d52e9877751d7,23,Lab,Noise
train/noise/57fe1e31594d86c3_w00.png,57fe1e31594d86c3,0,Field,Noise
train/noise/57fe1e31594d86c3_w01.png,57fe1e31594d86c3,1,Field,Noise
train/noise/57fe1e31594d86c3_w09.png,57fe1e31594d86c3,9,Field,Noise
train/noise/57fe1e31594d86c3_w11.png,57fe1e31594d86c3,11,Field,Noise
train/noise/57fe1e31594d86c3_w14.png,57fe1e31594d86c3,14,Field,Noise
train/noise/57fe1e31594d86c3_w16.png,57fe1e31594d86c3,16,Field,Noise
train/noise/57fe1e31594d86c3_w23.png,57fe1e31594d86c3,23,Field,Noise
train/noise/57fe1e31594d86c3_w24.png,57fe1e31594d86c3,24,Field,Noise
train/noise/5818f6d9444c39d9_w03.png,5818f6d9444c39d9,3,Field,Noise
train/noise/5818f6d9444c39d9_w05.png,5818f6d9444c39d9,5,Field,Noise
train/noise/5818f6d9444c39d9_w07.png,5818f6d9444c39d9,7,Field,Noise
train/noise/5818f6d9444c39d9_w13.png,5818f6d9444c39d9,13,Field,Noise
train/noise/5818f6d9444c39d9_w14.png,5818f6d9444c39d9,14,Field,Noise
train/noise/5818f6d9444c39d9_w16.png,5818f6d9444c39d9,16,Field,Noise
train/noise/5818f6d9444c39d9_w23.png,5818f6d9444c39d9,23,Field,Noise
train/noise/5818f6d9444c39d9_w27.png,5818f6d9444c39d9,27,Field,Noise
train/noise/582e32f187e8ea80_w01.png,582e32f187e8ea80,1,Lab,Noise
train/noise/582e32f187e8ea80_w09.png,582e32f187e8ea80,9,Lab,Noise
train/noise/582e32f187e8ea80_w12.png,582e32f187e8ea80,12,Lab,Noise
train/noise/582e32f187e8ea80_w15.png,582e32f187e8ea80,15,Lab,Noise
train/noise/582e32f187e8ea80_w16.png,582e32f187e8ea80,16,Lab,Noise
train/noise/582e32f187e8ea80_w18.png,582e32f187e8ea80,18,Lab,Noise
train/noise/582e32f187e8ea80_w25.png,582e32f187e8ea80,25,Lab,Noise
train/noise/582e32f187e8ea80_w26.png,582e32f187e8ea80,26,Lab,Noise
train/noise/58649f46cf28596a_w01.png,58649f46cf28596a,1,Field,Noise
train/noise/58649f46cf28596a_w07.png,58649f46cf28596a,7,Field,Noise
train/noise/58649f46cf28596a_w10.png,58649f46cf28596a,10,Field,Noise
train/noise/58649f46cf28596a_w17.png,58649f46cf28596a,17,Field,Noise
train/noise/58649f46cf28596a_w19.png,58649f46cf28596a,19,Field,Noise
train/noise/58649f46cf28596a_w23.png,58649f46cf28596a,23,Field,Noise
train/noise/58649f46cf28596a_w25.png,58649f46cf28596a,25,Field,Noise
train/noise/58649f46cf28596a_w27.png,58649f46cf28596a,27,Field,Noise
train/noise/589dc6a3ee0f4ec7_w03.png,589dc6a3ee0f4ec7,3,Field,Noise
train/noise/589dc6a3ee0f4ec7_w04.png,589dc6a3ee0f4ec7,4,Field,Noise
train/noise/589dc6a3ee0f4ec7_w07.png,589dc6a3ee0f4ec7,7,Field,Noise
train/noise/589dc6a3ee0f4ec7_w09.png,589dc6a3ee0f4ec7,9,Field,Noise
train/noise/589dc6a3ee0f4ec7_w14.png,589dc6a3ee0f4ec7,14,Field,Noise
train/noise/589dc6a3ee0f4ec7_w16.png,589dc6a3ee0f4ec7,16,Field,Noise
train/noise/589dc6a3ee0f4ec7_w25.png,589dc6a3ee0f4ec7,25,Field,Noise
train/noise/589dc6a3ee0f4ec7_w27.png,589dc6a3ee0f4ec7,27,Field,Noise
train/noise/5a5ecc8b16d1dddc_w01.png,5a5ecc8b16d1dddc,1,Field,Noise
train/noise/5a5ecc8b16d1dddc_w02.png,5a5ecc8b16d1dddc,2,Field,Noise
train/noise/5a5ecc8b16d1dddc_w07.png,5a5ecc8b16d1dddc,7,Field,Noise
train/noise/5a5ecc8b16d1dddc_w11.png,5a5ecc8b16d1dddc,11,Field,Noise
train/noise/5a5ecc8b16d1dddc_w14.png,5a5ecc8b16d1dddc,14,Field,Noise
train/noise/5a5ecc8b16d1dddc_w16.png,5a5ecc8b16d1dddc,16,Field,Noise
train/noise/5a5ecc8b16d1dddc_w18.png,5a5ecc8b16d1dddc,18,Field,Noise
train/noise/5a5ecc8b16d1dddc_w22.png,5a5ecc8b16d1dddc,22,Field,Noise
train/noise/5a7b66a335d24b6f_w01.png,5a7b66a335d24b6f,1,Field,Noise
train/noise/5a7b66a335d24b6f_w05.png,5a7b66a335d24b6f,5,Field,Noise
train/noise/5a7b66a335d24b6f_w06.png,5a7b66a335d24b6f,6,Field,Noise
train/noise/5a7b66a335d24b6f_w10.png,5a7b66a335d24b6f,10,Field,Noise
train/noise/5a7b66a335d24b6f_w15.png,5a7b66a335d24b6f,15,Field,Noise
train/noise/5a7b66a335d24b6f_w18.png,5a7b66a335d24b6f,18,Field,Noise
train/noise/5a7b66a335d24b6f_w19.png,5a7b66a335d24b6f,19,Field,Noise
train/noise/5a7b66a335d24b6f_w23.png,5a7b66a335d24b6f,23,Field,Noise
train/noise/5a9651b018abaaed_w00.png,5a9651b018abaaed,0,Lab,Noise
train/noise/5a9651b018abaaed_w01.png,5a9651b018abaaed,1,Lab,Noise
train/noise/5a9651b018abaaed_w02.png,5a9651b018abaaed,2,Lab,Noise
train/noise/5a9651b018abaaed_w03.png,5a9651b018abaaed,3,Lab,Noise
train/noise/5a9651b018abaaed_w08.png,5a9651b018abaaed,8,Lab,Noise
train/noise/5a9651b018abaaed_w12.png,5a9651b018abaaed,12,Lab,Noise
train/noise/5a9651b018abaaed_w19.png,5a9651b018abaaed,19,Lab,Noise
train/noise/5a9651b018abaaed_w23.png,5a9651b018abaaed,23,Lab,Noise
train/noise/5ac930c22962359d_w07.png,5ac930c22962359d,7,Field,Noise
train/noise/5ac930c22962359d_w10.png,5ac930c22962359d,10,Field,Noise
train/noise/5ac930c22962359d_w12.png,5ac930c22962359d,12,Field,Noise
train/noise/5ac930c22962359d_w14.png,5ac930c22962359d,14,Field,Noise
train/noise/5ac930c22962359d_w15.png,5ac930c22962359d,15,Field,Noise
train/noise/5ac930c22962359d_w16.png,5ac930c22962359d,16,Field,Noise
train/noise/5ac930c22962359d_w18.png,5ac930c22962359d,18,Field,Noise
train/noise/5ac930c22962359d_w19.png,5ac930c22962359d,19,Field,Noise
train/noise/5b59e6bc903d2d77_w02.png,5b59e6bc903d2d77,2,Field,Noise
train/noise/5b59e6bc903d2d77_w05.png,5b59e6bc903d2d77,5,Field,Noise
train/noise/5b59e6bc903d2d77_w10.png,5b59e6bc903d2d77,10,Field,Noise
train/noise/5b59e6bc903d2d77_w14.png,5b59e6bc903d2d77,14,Field,Noise
train/noise/5b59e6bc903d2d77_w19.png,5b59e6bc903d2d77,19,Field,Noise
train/noise/5b59e6bc903d2d77_w24.png,5b59e6bc903d2d77,24,Field,Noise
train/noise/5b59e6bc903d2d77_w25.png,5b59e6bc903d2d77,25,Field,Noise
train/noise/5b59e6bc903d2d77_w26.png,5b59e6bc903d2d77,26,Field,Noise
train/noise/5c5b7ae64225334f_w00.png,5c5b7ae64225334f,0,Field,Noise
train/noise/5c5b7ae64225334f_w01.png,5c5b7ae64225334f,1,Field,Noise
train/noise/5c5b7ae64225334f_w05.png,5c5b7ae64225334f,5,Field,Noise
train/noise/5c5b7ae64225334f_w12.png,5c5b7ae64225334f,12,Field,Noise
train/noise/5c5b7ae64225334f_w14.png,5c5b7ae64225334f,14,Field,Noise
train/noise/5c5b7ae64225334f_w19.png,5c5b7ae64225334f,19,Field,Noise
train/noise/5c5b7ae64225334f_w20.png,5c5b7ae64225334f,20,Field,Noise
train/noise/5c5b7ae64225334f_w25.png,5c5b7ae64225334f,25,Field,Noise
train/noise/5c5cd74b54ea1e4d_w03.png,5c5cd74b54ea1e4d,3,Field,Noise
train/noise/5c5cd74b54ea1e4d_w04.png,5c5cd74b54ea1e4d,4,Field,Noise
train/noise/5c5cd74b54ea1e4d_w05.png,5c5cd74b54ea1e4d,5,Field,Noise
train/noise/5c5cd74b54ea1e4d_w10.png,5c5cd74b54ea1e4d,10,Field,Noise
train/noise/5c5cd74b54ea1e4d_w16.png,5c5cd74b54ea1e4d,16,Field,Noise
train/noise/5c5cd74b54ea1e4d_w19.png,5c5cd74b54ea1e4d,19,Field,Noise
train/noise/5c5cd74b54ea1e4d_w22.png,5c5cd74b54ea1e4d,22,Field,Noise
train/noise/5c5cd74b54ea1e4d_w27.png,5c5cd74b54ea1e4d,27,Field,Noise
train/noise/5d770ba1f029d31f_w02.png,5d770ba1f029d31f,2,Field,Noise
train/noise/5d770ba1f029d31f_w03.png,5d770ba1f029d31f,3,Field,Noise
train/noise/5d770ba1f029d31f_w07.png,5d770ba1f029d31f,7,Field,Noise
train/noise/5d770ba1f029d31f_w10.png,5d770ba1f029d31f,10,Field,Noise
train/noise/5d770ba1f029d31f_w16.png,5d770ba1f029d31f,16,Field,Noise
train/noise/5d770ba1f029d31f_w17.png,5d770ba1f029d31f,17,Field,Noise
train/noise/5d770ba1f029d31f_w20.png,5d770ba1f029d31f,20,Field,Noise
train/noise/5d770ba1f029d31f_w27.png,5d770ba1f029d31f,27,Field,Noise
train/noise/5d7bd0ae8f20713b_w00.png,5d7bd0ae8f20713b,0,Field,Noise
train/noise/5d7bd0ae8f20713b_w03.png,5d7bd0ae8f20713b,3,Field,Noise
train/noise/5d7bd0ae8f20713b_w08.png,5d7bd0ae8f20713b,8,Field,Noise
train/noise/5d7bd0ae8f20713b_w10.png,5d7bd0ae8f20713b,10,Field,Noise
train/noise/5d7bd0ae8f20713b_w14.png,5d7bd0ae8f20713b,14,Field,Noise
train/noise/5d7bd0ae8f20713b_w17.png,5d7bd0ae8f20713b,17,Field,Noise
train/noise/5d7bd0ae8f20713b_w18.png,5d7bd0ae8f20713b,18,Field,Noise
train/noise/5d7bd0ae8f20713b_w19.png,5d7bd0ae8f20713b,19,Field,Noise
train/noise/5d98fc8f3f16ce49_w00.png,5d98fc8f3f16ce49,0,Field,Noise
train/noise/5d98fc8f3f16ce49_w06.png,5d98fc8f3f16ce49,6,Field,Noise
train/noise/5d98fc8f3f16ce49_w14.png,5d98fc8f3f16ce49,14,Field,Noise
train/noise/5d98fc8f3f16ce49_w15.png,5d98fc8f3f16ce49,15,Field,Noise
train/noise/5d98fc8f3f16ce49_w18.png,5d98fc8f3f16ce49,18,Field,Noise
train/noise/5d98fc8f3f16ce49_w23.png,5d98fc8f3f16ce49,23,Field,Noise
train/noise/5d98fc8f3f16ce49_w26.png,5d98fc8f3f16ce49,26,Field,Noise
train/noise/5d98fc8f3f16ce49_w27.png,5d98fc8f3f16ce49,27,Field,Noise
train/noise/5dd7054c6dd9bbe2_w00.png,5dd7054c6dd9bbe2,0,Lab,Noise
train/noise/5dd7054c6dd9bbe2_w07.png,5dd7054c6dd9bbe2,7,Lab,Noise
train/noise/5dd7054c6dd9bbe2_w11.png,5dd7054c6dd9bbe2,11,Lab,Noise
train/noise/5dd7054c6dd9bbe2_w12.png,5dd7054c6dd9bbe2,12,Lab,Noise
train/noise/5dd7054c6dd9bbe2_w16.png,5dd7054c6dd9bbe2,16,Lab,Noise
train/noise/5dd7054c6dd9bbe2_w19.png,5dd7054c6dd9bbe2,19,Lab,Noise
train/noise/5dd7054c6dd9bbe2_w22.png,5dd7054c6dd9bbe2,22,Lab,Noise
train/noise/5dd7054c6dd9bbe2_w24.png,5dd7054c6dd9bbe2,24,Lab,Noise
train/noise/5df2e3a8275b15dc_w00.png,5df2e3a8275b15dc,0,Field,Noise
train/noise/5df2e3a8275b15dc_w04.png,5df2e3a8275b15dc,4,Field,Noise
train/noise/5df2e3a8275b15dc_w15.png,5df2e3a8275b15dc,15,Field,Noise
train/noise/5df2e3a8275b15dc_w16.png,5df2e3a8275b15dc,16,Field,Noise
train/noise/5df2e3a8275b15dc_w22.png,5df2e3a8275b15dc,22,Field,Noise
train/noise/5df2e3a8275b15dc_w24.png,5df2e3a8275b15dc,24,Field,Noise
train/noise/5df2e3a8275b15dc_w26.png,5df2e3a8275b15dc,26,Field,Noise
train/noise/5df2e3a8275b15dc_w27.png,5df2e3a8275b15dc,27,Field,Noise
train/noise/5e6793bc6df530e4_w04.png,5e6793bc6df530e4,4,Field,Noise
train/noise/5e6793bc6df530e4_w06.png,5e6793bc6df530e4,6,Field,Noise
train/noise/5e6793bc6df530e4_w07.png,5e6793bc6df530e4,7,Field,Noise
train/noise/5e6793bc6df530e4_w08.png,5e6793bc6df530e4,8,Field,Noise
train/noise/5e6793bc6df530e4_w09.png,5e6793bc6df530e4,9,Field,Noise
train/noise/5e6793bc6df530e4_w11.png,5e6793bc6df530e4,11,Field,Noise
train/noise/5e6793bc6df530e4_w13.png,5e6793bc6df530e4,13,Field,Noise
train/noise/5e6793bc6df530e4_w18.png,5e6793bc6df530e4,18,Field,Noise
train/noise/5e74904db41de1fb_w01.png,5e74904db41de1fb,1,Lab,Noise
train/noise/5e74904db41de1fb_w03.png,5e74904db41de1fb,3,Lab,Noise
train/noise/5e74904db41de1fb_w04.png,5e74904db41de1fb,4,Lab,Noise
train/noise/5e74904db41de1fb_w08.png,5e74904db41de1fb,8,Lab,Noise
train/noise/5e74904db41de1fb_w13.png,5e74904db41de1fb,13,Lab,Noise
train/noise/5e74904db41de1fb_w14.png,5e74904db41de1fb,14,Lab,Noise
train/noise/5e74904db41de1fb_w19.png,5e74904db41de1fb,19,Lab,Noise
train/noise/5e74904db41de1fb_w22.png,5e74904db41de1fb,22,Lab,Noise
train/noise/5ea75b3b28665b27_w04.png,5ea75b3b28665b27,4,Field,Noise
train/noise/5ea75b3b28665b27_w06.png,5ea75b3b28665b27,6,Field,Noise
train/noise/5ea75b3b28665b27_w08.png,5ea75b3b28665b27,8,Field,Noise
train/noise/5ea75b3b28665b27_w13.png,5ea75b3b28665b27,13,Field,Noise
train/noise/5ea75b3b28665b27_w14.png,5ea75b3b28665b27,14,Field,Noise
train/noise/5ea75b3b28665b27_w20.png,5ea75b3b28665b27,20,Field,Noise
train/noise/5ea75b3b28665b27_w24.png,5ea75b3b28665b27,24,Field,Noise
train/noise/5ea75b3b28665b27_w25.png,5ea75b3b28665b27,25,Field,Noise
train/noise/5fc0b92b59a9ffb1_w02.png,5fc0b92b59a9ffb1,2,Field,Noise
train/noise/5fc0b92b59a9ffb1_w03.png,5fc0b92b59a9ffb1,3,Field,Noise
train/noise/5fc0b92b59a9ffb1_w04.png,5fc0b92b59a9ffb1,4,Field,Noise
train/noise/5fc0b92b59a9ffb1_w06.png,5fc0b92b59a9ffb1,6,Field,Noise
train/noise/5fc0b92b59a9ffb1_w09.png,5fc0b92b59a9ffb1,9,Field,Noise
train/noise/5fc0b92b59a9ffb1_w19.png,5fc0b92b59a9ffb1,19,Field,Noise
train/noise/5fc0b92b59a9ffb1_w25.png,5fc0b92b59a9ffb1,25,Field,Noise
train/noise/5fc0b92b59a9ffb1_w26.png,5fc0b92b59a9ffb1,26,Field,Noise
train/noise/60b44ebb50e3123c_w02.png,60b44ebb50e3123c,2,Lab,Noise
train/noise/60b44ebb50e3123c_w03.png,60b44ebb50e3123c,3,Lab,Noise
train/noise/60b44ebb50e3123c_w04.png,60b44ebb50e3123c,4,Lab,Noise
train/noise/60b44ebb50e3123c_w06.png,60b44ebb50e3123c,6,Lab,Noise
train/noise/60b44ebb50e3123c_w12.png,60b44ebb50e3123c,12,Lab,Noise
train/noise/60b44ebb50e3123c_w20.png,60b44ebb50e3123c,20,Lab,Noise
train/noise/60b44ebb50e3123c_w21.png,60b44ebb50e3123c,21,Lab,Noise
train/noise/60b44ebb50e3123c_w23.png,60b44ebb50e3123c,23,Lab,Noise
train/noise/60c6a607c5d1e7b9_w00.png,60c6a607c5d1e7b9,0,Lab,Noise
train/noise/60c6a607c5d1e7b9_w05.png,60c6a607c5d1e7b9,5,Lab,Noise
train/noise/60c6a607c5d1e7b9_w07.png,60c6a607c5d1e7b9,7,Lab,Noise
train/noise/60c6a607c5d1e7b9_w09.png,60c6a607c5d1e7b9,9,Lab,Noise
train/noise/60c6a607c5d1e7b9_w10.png,60c6a607c5d1e7b9,10,Lab,Noise
train/noise/60c6a607c5d1e7b9_w11.png,60c6a607c5d1e7b9,11,Lab,Noise
train/noise/60c6a607c5d1e7b9_w19.png,60c6a607c5d1e7b9,19,Lab,Noise
train/noise/60c6a607c5d1e7b9_w23.png,60c6a607c5d1e7b9,23,Lab,Noise
train/noise/60f059cddcf516df_w00.png,60f059cddcf516df,0,Field,Noise
train/noise/60f059cddcf516df_w07.png,60f059cddcf516df,7,Field,Noise
train/noise/60f059cddcf516df_w08.png,60f059cddcf516df,8,Field,Noise
train/noise/60f059cddcf516df_w14.png,60f059cddcf516df,14,Field,Noise
train/noise/60f059cddcf516df_w16.png,60f059cddcf516df,16,Field,Noise
train/noise/60f059cddcf516df_w20.png,60f059cddcf516df,20,Field,Noise
train/noise/60f059cddcf516df_w23.png,60f059cddcf516df,23,Field,Noise
train/noise/60f059cddcf516df_w26.png,60f059cddcf516df,26,Field,Noise
train/noise/612efabdd9384cdf_w02.png,612efabdd9384cdf,2,Field,Noise
train/noise/612efabdd9384cdf_w12.png,612efabdd9384cdf,12,Field,Noise
train/noise/612efabdd9384cdf_w14.png,612efabdd9384cdf,14,Field,Noise
train/noise/612efabdd9384cdf_w15.png,612efabdd9384cdf,15,Field,Noise
train/noise/612efabdd9384cdf_w21.png,612efabdd9384cdf,21,Field,Noise
train/noise/612efabdd9384cdf_w24.png,612efabdd9384cdf,24,Field,Noise
train/noise/612efabdd9384cdf_w26.png,612efabdd9384cdf,26,Field,Noise
train/noise/612efabdd9384cdf_w27.png,612efabdd9384cdf,27,Field,Noise
train/noise/618585de0558a2a1_w01.png,618585de0558a2a1,1,Field,Noise
train/noise/618585de0558a2a1_w04.png,618585de0558a2a1,4,Field,Noise
train/noise/618585de0558a2a1_w05.png,618585de0558a2a1,5,Field,Noise
train/noise/618585de0558a2a1_w08.png,618585de0558a2a1,8,Field,Noise
train/noise/618585de0558a2a1_w09.png,618585de0558a2a1,9,Field,Noise
train/noise/618585de0558a2a1_w17.png,618585de0558a2a1,17,Field,Noise
train/noise/618585de0558a2a1_w19.png,618585de0558a2a1,19,Field,Noise
train/noise/618585de0558a2a1_w23.png,618585de0558a2a1,23,Field,Noise
train/noise/618b82c2c3e5d7e0_w04.png,618b82c2c3e5d7e0,4,Field,Noise
train/noise/618b82c2c3e5d7e0_w05.png,618b82c2c3e5d7e0,5,Field,Noise
train/noise/618b82c2c3e5d7e0_w07.png,618b82c2c3e5d7e0,7,Field,Noise
train/noise/618b82c2c3e5d7e0_w08.png,618b82c2c3e5d7e0,8,Field,Noise
train/noise/618b82c2c3e5d7e0_w13.png,618b82c2c3e5d7e0,13,Field,Noise
train/noise/618b82c2c3e5d7e0_w14.png,618b82c2c3e5d7e0,14,Field,Noise
train/noise/618b82c2c3e5d7e0_w21.png,618b82c2c3e5d7e0,21,Field,Noise
train/noise/618b82c2c3e5d7e0_w25.png,618b82c2c3e5d7e0,25,Field,Noise
train/noise/6244e8c850185dce_w00.png,6244e8c850185dce,0,Field,Noise
train/noise/6244e8c850185dce_w04.png,6244e8c850185dce,4,Field,Noise
train/noise/6244e8c850185dce_w08.png,6244e8c850185dce,8,Field,Noise
train/noise/6244e8c850185dce_w15.png,6244e8c850185dce,15,Field,Noise
train/noise/6244e8c850185dce_w17.png,6244e8c850185dce,17,Field,Noise
train/noise/6244e8c850185dce_w18.png,6244e8c850185dce,18,Field,Noise
train/noise/6244e8c850185dce_w22.png,6244e8c850185dce,22,Field,Noise
train/noise/6244e8c850185dce_w24.png,6244e8c850185dce,24,Field,Noise
train/noise/6247747551c39f55_w03.png,6247747551c39f55,3,Field,Noise
train/noise/6247747551c39f55_w04.png,6247747551c39f55,4,Field,Noise
train/noise/6247747551c39f55_w13.png,6247747551c39f55,13,Field,Noise
train/noise/6247747551c39f55_w15.png,6247747551c39f55,15,Field,Noise
train/noise/6247747551c39f55_w20.png,6247747551c39f55,20,Field,Noise
train/noise/6247747551c39f55_w22.png,6247747551c39f55,22,Field,Noise
train/noise/6247747551c39f55_w24.png,6247747551c39f55,24,Field,Noise
train/noise/6247747551c39f55_w26.png,6247747551c39f55,26,Field,Noise
train/noise/62595cb8a0ac149f_w01.png,62595cb8a0ac149f,1,Field,Noise
train/noise/62595cb8a0ac149f_w04.png,62595cb8a0ac149f,4,Field,Noise
train/noise/62595cb8a0ac149f_w08.png,62595cb8a0ac149f,8,Field,Noise
train/noise/62595cb8a0ac149f_w15.png,62595cb8a0ac149f,15,Field,Noise
train/noise/62595cb8a0ac149f_w18.png,62595cb8a0ac149f,18,Field,Noise
train/noise/62595cb8a0ac149f_w19.png,62595cb8a0ac149f,19,Field,Noise
train/noise/62595cb8a0ac149f_w23.png,62595cb8a0ac149f,23,Field,Noise
train/noise/62595cb8a0ac149f_w25.png,62595cb8a0ac149f,25,Field,Noise
train/noise/628c14e417528b81_w04.png,628c14e417528b81,4,Lab,Noise
train/noise/628c14e417528b81_w06.png,628c14e417528b81,6,Lab,Noise
train/noise/628c14e417528b81_w10.png,628c14e417528b81,10,Lab,Noise
train/noise/628c14e417528b81_w16.png,628c14e417528b81,16,Lab,Noise
train/noise/628c14e417528b81_w18.png,628c14e417528b81,18,Lab,Noise
train/noise/628c14e417528b81_w19.png,628c14e417528b81,19,Lab,Noise
train/noise/628c14e417528b81_w24.png,628c14e417528b81,24,Lab,Noise
train/noise/628c14e417528b81_w27.png,628c14e417528b81,27,Lab,Noise
train/noise/636c69db932e8f13_w03.png,636c69db932e8f13,3,Lab,Noise
train/noise/636c69db932e8f13_w06.png,636c69db932e8f13,6,Lab,Noise
train/noise/636c69db932e8f13_w11.png,636c69db932e8f13,11,Lab,Noise
train/noise/636c69db932e8f13_w14.png,636c69db932e8f13,14,Lab,Noise
train/noise/636c69db932e8f13_w17.png,636c69db932e8f13,17,Lab,Noise
train/noise/636c69db932e8f13_w19.png,636c69db932e8f13,19,Lab,Noise
train/noise/636c69db932e8f13_w22.png,636c69db932e8f13,22,Lab,Noise
train/noise/636c69db932e8f13_w24.png,636c69db932e8f13,24,Lab,Noise
train/noise/63bad5b1cb902a11_w02.png,63bad5b1cb902a11,2,Field,Noise
train/noise/63bad5b1cb902a11_w03.png,63bad5b1cb902a11,3,Field,Noise
train/noise/63bad5b1cb902a11_w04.png,63bad5b1cb902a11,4,Field,Noise
train/noise/63bad5b1cb902a11_w05.png,63bad5b1cb902a11,5,Field,Noise
train/noise/63bad5b1cb902a11_w06.png,63bad5b1cb902a11,6,Field,Noise
train/noise/63bad5b1cb902a11_w07.png,63bad5b1cb902a11,7,Field,Noise
train/noise/63bad5b1cb902a11_w08.png,63bad5b1cb902a11,8,Field,Noise
train/noise/63bad5b1cb902a11_w10.png,63bad5b1cb902a11,10,Field,Noise
train/noise/63e5c178bbf211c6_w03.png,63e5c178bbf211c6,3,Lab,Noise
train/noise/63e5c178bbf211c6_w05.png,63e5c178bbf211c6,5,Lab,Noise
train/noise/63e5c178bbf211c6_w08.png,63e5c178bbf211c6,8,Lab,Noise
train/noise/63e5c178bbf211c6_w09.png,63e5c178bbf211c6,9,Lab,Noise
train/noise/63e5c178bbf211c6_w11.png,63e5c178bbf211c6,11,Lab,Noise
train/noise/63e5c178bbf211c6_w16.png,63e5c178bbf211c6,16,Lab,Noise
train/noise/63e5c178bbf211c6_w24.png,63e5c178bbf211c6,24,Lab,Noise
train/noise/63e5c178bbf211c6_w27.png,63e5c178bbf211c6,27,Lab,Noise
train/noise/6402dfcb6a289a0e_w03.png,6402dfcb6a289a0e,3,Lab,Noise
train/noise/6402dfcb6a289a0e_w05.png,6402dfcb6a289a0e,5,Lab,Noise
train/noise/6402dfcb6a289a0e_w10.png,6402dfcb6a289a0e,10,Lab,Noise
train/noise/6402dfcb6a289a0e_w12.png,6402dfcb6a289a0e,12,Lab,Noise
train/noise/6402dfcb6a289a0e_w13.png,6402dfcb6a289a0e,13,Lab,Noise
train/noise/6402dfcb6a289a0e_w21.png,6402dfcb6a289a0e,21,Lab,Noise
train/noise/6402dfcb6a289a0e_w24.png,6402dfcb6a289a0e,24,Lab,Noise
train/noise/6402dfcb6a289a0e_w25.png,6402dfcb6a289a0e,25,Lab,Noise
train/noise/640a959eba53bb39_w00.png,640a959eba53bb39,0,Lab,Noise
train/noise/640a959eba53bb39_w01.png,640a959eba53bb39,1,Lab,Noise
train/noise/640a959eba53bb39_w02.png,640a959eba53bb39,2,Lab,Noise
train/noise/640a959eba53bb39_w07.png,640a959eba53bb39,7,Lab,Noise
train/noise/640a959eba53bb39_w16.png,640a959eba53bb39,16,Lab,Noise
train/noise/640a959eba53bb39_w17.png,640a959eba53bb39,17,Lab,Noise
train/noise/640a959eba53bb39_w20.png,640a959eba53bb39,20,Lab,Noise
train/noise/640a959eba53bb39_w22.png,640a959eba53bb39,22,Lab,Noise
train/noise/6471616b75aa56ce_w05.png,6471616b75aa56ce,5,Lab,Noise
train/noise/6471616b75aa56ce_w07.png,6471616b75aa56ce,7,Lab,Noise
train/noise/6471616b75aa56ce_w15.png,6471616b75aa56ce,15,Lab,Noise
train/noise/6471616b75aa56ce_w16.png,6471616b75aa56ce,16,Lab,Noise
train/noise/6471616b75aa56ce_w17.png,6471616b75aa56ce,17,Lab,Noise
train/noise/6471616b75aa56ce_w18.png,6471616b75aa56ce,18,Lab,Noise
train/noise/6471616b75aa56ce_w20.png,6471616b75aa56ce,20,Lab,Noise
train/noise/6471616b75aa56ce_w23.png,6471616b75aa56ce,23,Lab,Noise
train/noise/65d9febb5beda411_w01.png,65d9febb5beda411,1,Lab,Noise
train/noise/65d9febb5beda411_w07.png,65d9febb5beda411,7,Lab,Noise
train/noise/65d9febb5beda411_w10.png,65d9febb5beda411,10,Lab,Noise
train/noise/65d9febb5beda411_w11.png,65d9febb5beda411,11,Lab,Noise
train/noise/65d9febb5beda411_w12.png,65d9febb5beda411,12,Lab,Noise
train/noise/65d9febb5beda411_w14.png,65d9febb5beda411,14,Lab,Noise
train/noise/65d9febb5beda411_w17.png,65d9febb5beda411,17,Lab,Noise
train/noise/65d9febb5beda411_w20.png,65d9febb5beda411,20,Lab,Noise
train/noise/6620733e9f4e1218_w00.png,6620733e9f4e1218,0,Field,Noise
train/noise/6620733e9f4e1218_w01.png,6620733e9f4e1218,1,Field,Noise
train/noise/6620733e9f4e1218_w03.png,6620733e9f4e1218,3,Field,Noise
train/noise/6620733e9f4e1218_w10.png,6620733e9f4e1218,10,Field,Noise
train/noise/6620733e9f4e1218_w16.png,6620733e9f4e1218,16,Field,Noise
train/noise/6620733e9f4e1218_w22.png,6620733e9f4e1218,22,Field,Noise
train/noise/6620733e9f4e1218_w24.png,6620733e9f4e1218,24,Field,Noise
train/noise/6620733e9f4e1218_w27.png,6620733e9f4e1218,27,Field,Noise
train/noise/66bd2d7f1f580aee_w02.png,66bd2d7f1f580aee,2,Field,Noise
train/noise/66bd2d7f1f580aee_w15.png,66bd2d7f1f580aee,15,Field,Noise
train/noise/66bd2d7f1f580aee_w17.png,66bd2d7f1f580aee,17,Field,Noise
train/noise/66bd2d7f1f580aee_w18.png,66bd2d7f1f580aee,18,Field,Noise
train/noise/66bd2d7f1f580aee_w19.png,66bd2d7f1f580aee,19,Field,Noise
train/noise/66bd2d7f1f580aee_w20.png,66bd2d7f1f580aee,20,Field,Noise
train/noise/66bd2d7f1f580aee_w25.png,66bd2d7f1f580aee,25,Field,Noise
train/noise/66bd2d7f1f580aee_w27.png,66bd2d7f1f580aee,27,Field,Noise
train/noise/67067f414328e7cc_w01.png,67067f414328e7cc,1,Lab,Noise
train/noise/67067f414328e7cc_w12.png,67067f414328e7cc,12,Lab,Noise
train/noise/67067f414328e7cc_w13.png,67067f414328e7cc,13,Lab,Noise
train/noise/67067f414328e7cc_w17.png,67067f414328e7cc,17,Lab,Noise
train/noise/67067f414328e7cc_w22.png,67067f414328e7cc,22,Lab,Noise
train/noise/67067f414328e7cc_w24.png,67067f414328e7cc,24,Lab,Noise
train/noise/67067f414328e7cc_w26.png,67067f414328e7cc,26,Lab,Noise
train/noise/67067f414328e7cc_w27.png,67067f414328e7cc,27,Lab,Noise
train/noise/6713c0afc11a5702_w01.png,6713c0afc11a5702,1,Field,Noise
train/noise/6713c0afc11a5702_w02.png,6713c0afc11a5702,2,Field,Noise
train/noise/6713c0afc11a5702_w03.png,6713c0afc11a5702,3,Field,Noise
train/noise/6713c0afc11a5702_w08.png,6713c0afc11a5702,8,Field,Noise
train/noise/6713c0afc11a5702_w18.png,6713c0afc11a5702,18,Field,Noise
train/noise/6713c0afc11a5702_w21.png,6713c0afc11a5702,21,Field,Noise
train/noise/6713c0afc11a5702_w24.png,6713c0afc11a5702,24,Field,Noise
train/noise/6713c0afc11a5702_w27.png,6713c0afc11a5702,27,Field,Noise
train/noise/6719ef54e9f49de2_w03.png,6719ef54e9f49de2,3,Field,Noise
train/noise/6719ef54e9f49de2_w07.png,6719ef54e9f49de2,7,Field,Noise
train/noise/6719ef54e9f49de2_w08.png,6719ef54e9f49de2,8,Field,Noise
train/noise/6719ef54e9f49de2_w12.png,6719ef54e9f49de2,12,Field,Noise
train/noise/6719ef54e9f49de2_w18.png,6719ef54e9f49de2,18,Field,Noise
train/noise/6719ef54e9f49de2_w22.png,6719ef54e9f49de2,22,Field,Noise
train/noise/6719ef54e9f49de2_w23.png,6719ef54e9f49de2,23,Field,Noise
train/noise/6719ef54e9f49de2_w27.png,6719ef54e9f49de2,27,Field,Noise
train/noise/67837ef55ae53444_w03.png,67837ef55ae53444,3,Field,Noise
train/noise/67837ef55ae53444_w16.png,67837ef55ae53444,16,Field,Noise
train/noise/67837ef55ae53444_w17.png,67837ef55ae53444,17,Field,Noise
train/noise/67837ef55ae53444_w18.png,67837ef55ae53444,18,Field,Noise
train/noise/67837ef55ae53444_w20.png,67837ef55ae53444,20,Field,Noise
train/noise/67837ef55ae53444_w23.png,67837ef55ae53444,23,Field,Noise
train/noise/67837ef55ae53444_w24.png,67837ef55ae53444,24,Field,Noise
train/noise/67837ef55ae53444_w27.png,67837ef55ae53444,27,Field,Noise
train/noise/67f65e4d6313b23f_w00.png,67f65e4d6313b23f,0,Field,Noise
train/noise/67f65e4d6313b23f_w04.png,67f65e4d6313b23f,4,Field,Noise
train/noise/67f65e4d6313b23f_w07.png,67f65e4d6313b23f,7,Field,Noise
train/noise/67f65e4d6313b23f_w08.png,67f65e4d6313b23f,8,Field,Noise
train/noise/67f65e4d6313b23f_w10.png,67f65e4d6313b23f,10,Field,Noise
train/noise/67f65e4d6313b23f_w12.png,67f65e4d6313b23f,12,Field,Noise
train/noise/67f65e4d6313b23f_w21.png,67f65e4d6313b23f,21,Field,Noise
train/noise/67f65e4d6313b23f_w22.png,67f65e4d6313b23f,22,Field,Noise
train/noise/68dd44c9a2309526_w02.png,68dd44c9a2309526,2,Field,Noise
train/noise/68dd44c9a2309526_w04.png,68dd44c9a2309526,4,Field,Noise
train/noise/68dd44c9a2309526_w05.png,68dd44c9a2309526,5,Field,Noise
train/noise/68dd44c9a2309526_w06.png,68dd44c9a2309526,6,Field,Noise
train/noise/68dd44c9a2309526_w17.png,68dd44c9a2309526,17,Field,Noise
train/noise/68dd44c9a2309526_w21.png,68dd44c9a2309526,21,Field,Noise
train/noise/68dd44c9a2309526_w23.png,68dd44c9a2309526,23,Field,Noise
train/noise/68dd44c9a2309526_w26.png,68dd44c9a2309526,26,Field,Noise
train/noise/697105f3ce6f1df4_w02.png,697105f3ce6f1df4,2,Field,Noise
train/noise/697105f3ce6f1df4_w04.png,697105f3ce6f1df4,4,Field,Noise
train/noise/697105f3ce6f1df4_w10.png,697105f3ce6f1df4,10,Field,Noise
train/noise/697105f3ce6f1df4_w11.png,697105f3ce6f1df4,11,Field,Noise
train/noise/697105f3ce6f1df4_w12.png,697105f3ce6f1df4,12,Field,Noise
train/noise/697105f3ce6f1df4_w14.png,697105f3ce6f1df4,14,Field,Noise
train/noise/697105f3ce6f1df4_w22.png,697105f3ce6f1df4,22,Field,Noise
train/noise/697105f3ce6f1df4_w26.png,697105f3ce6f1df4,26,Field,Noise
train/noise/6998dba9f4e52f57_w01.png,6998dba9f4e52f57,1,Field,Noise
train/noise/6998dba9f4e52f57_w03.png,6998dba9f4e52f57,3,Field,Noise
train/noise/6998dba9f4e52f57_w05.png,6998dba9f4e52f57,5,Field,Noise
train/noise/6998dba9f4e52f57_w06.png,6998dba9f4e52f57,6,Field,Noise
train/noise/6998dba9f4e52f57_w07.png,6998dba9f4e52f57,7,Field,Noise
train/noise/6998dba9f4e52f57_w09.png,6998dba9f4e52f57,9,Field,Noise
train/noise/6998dba9f4e52f57_w11.png,6998dba9f4e52f57,11,Field,Noise
train/noise/6998dba9f4e52f57_w13.png,6998dba9f4e52f57,13,Field,Noise
train/noise/6a0f9da82fc4dd4b_w12.png,6a0f9da82fc4dd4b,12,Field,Noise
train/noise/6a0f9da82fc4dd4b_w13.png,6a0f9da82fc4dd4b,13,Field,Noise
train/noise/6a0f9da82fc4dd4b_w15.png,6a0f9da82fc4dd4b,15,Field,Noise
train/noise/6a0f9da82fc4dd4b_w16.png,6a0f9da82fc4dd4b,16,Field,Noise
train/noise/6a0f9da82fc4dd4b_w18.png,6a0f9da82fc4dd4b,18,Field,Noise
train/noise/6a0f9da82fc4dd4b_w23.png,6a0f9da82fc4dd4b,23,Field,Noise
train/noise/6a0f9da82fc4dd4b_w25.png,6a0f9da82fc4dd4b,25,Field,Noise
train/noise/6a0f9da82fc4dd4b_w27.png,6a0f9da82fc4dd4b,27,Field,Noise
train/noise/6a4a3c4f95e0ef4c_w03.png,6a4a3c4f95e0ef4c,3,Field,Noise
train/noise/6a4a3c4f95e0ef4c_w05.png,6a4a3c4f95e0ef4c,5,Field,Noise
train/noise/6a4a3c4f95e0ef4c_w06.png,6a4a3c4f95e0ef4c,6,Field,Noise
train/noise/6a4a3c4f95e0ef4c_w10.png,6a4a3c4f95e0ef4c,10,Field,Noise
train/noise/6a4a3c4f95e0ef4c_w15.png,6a4a3c4f95e0ef4c,15,Field,Noise
train/noise/6a4a3c4f95e0ef4c_w16.png,6a4a3c4f95e0ef4c,16,Field,Noise
train/noise/6a4a3c4f95e0ef4c_w20.png,6a4a3c4f95e0ef4c,20,Field,Noise
train/noise/6a4a3c4f95e0ef4c_w27.png,6a4a3c4f95e0ef4c,27,Field,Noise
train/noise/6a79c92b865a8cb0_w01.png,6a79c92b865a8cb0,1,Lab,Noise
train/noise/6a79c92b865a8cb0_w02.png,6a79c92b865a8cb0,2,Lab,Noise
train/noise/6a79c92b865a8cb0_w06.png,6a79c92b865a8cb0,6,Lab,Noise
train/noise/6a79c92b865a8cb0_w07.png,6a79c92b865a8cb0,7,Lab,Noise
train/noise/6a79c92b865a8cb0_w13.png,6a79c92b865a8cb0,13,Lab,Noise
train/noise/6a79c92b865a8cb0_w15.png,6a79c92b865a8cb0,15,Lab,Noise
train/noise/6a79c92b865a8cb0_w21.png,6a79c92b865a8cb0,21,Lab,Noise
train/noise/6a79c92b865a8cb0_w25.png,6a79c92b865a8cb0,25,Lab,Noise
train/noise/6aaf771770214590_w00.png,6aaf771770214590,0,Field,Noise
train/noise/6aaf771770214590_w02.png,6aaf771770214590,2,Field,Noise
train/noise/6aaf771770214590_w05.png,6aaf771770214590,5,Field,Noise
train/noise/6aaf771770214590_w10.png,6aaf771770214590,10,Field,Noise
train/noise/6aaf771770214590_w15.png,6aaf771770214590,15,Field,Noise
train/noise/6aaf771770214590_w20.png,6aaf771770214590,20,Field,Noise
train/noise/6aaf771770214590_w22.png,6aaf771770214590,22,Field,Noise
train/noise/6aaf771770214590_w23.png,6aaf771770214590,23,Field,Noise
train/noise/6ab2c3047d552c7f_w02.png,6ab2c3047d552c7f,2,Field,Noise
train/noise/6ab2c3047d552c7f_w07.png,6ab2c3047d552c7f,7,Field,Noise
train/noise/6ab2c3047d552c7f_w16.png,6ab2c3047d552c7f,16,Field,Noise
train/noise/6ab2c3047d552c7f_w19.png,6ab2c3047d552c7f,19,Field,Noise
train/noise/6ab2c3047d552c7f_w20.png,6ab2c3047d552c7f,20,Field,Noise
train/noise/6ab2c3047d552c7f_w23.png,6ab2c3047d552c7f,23,Field,Noise
train/noise/6ab2c3047d552c7f_w24.png,6ab2c3047d552c7f,24,Field,Noise
train/noise/6ab2c3047d552c7f_w27.png,6ab2c3047d552c7f,27,Field,Noise
train/noise/6ab71d8671e0bdbf_w02.png,6ab71d8671e0bdbf,2,Field,Noise
train/noise/6ab71d8671e0bdbf_w04.png,6ab71d8671e0bdbf,4,Field,Noise
train/noise/6ab71d8671e0bdbf_w08.png,6ab71d8671e0bdbf,8,Field,Noise
train/noise/6ab71d8671e0bdbf_w09.png,6ab71d8671e0bdbf,9,Field,Noise
train/noise/6ab71d8671e0bdbf_w13.png,6ab71d8671e0bdbf,13,Field,Noise
train/noise/6ab71d8671e0bdbf_w14.png,6ab71d8671e0bdbf,14,Field,Noise
train/noise/6ab71d8671e0bdbf_w23.png,6ab71d8671e0bdbf,23,Field,Noise
train/noise/6ab71d8671e0bdbf_w27.png,6ab71d8671e0bdbf,27,Field,Noise
train/noise/6bc08c558519a56a_w01.png,6bc08c558519a56a,1,Lab,Noise
train/noise/6bc08c558519a56a_w02.png,6bc08c558519a56a,2,Lab,Noise
train/noise/6bc08c558519a56a_w05.png,6bc08c558519a56a,5,Lab,Noise
train/noise/6bc08c558519a56a_w07.png,6bc08c558519a56a,7,Lab,Noise
train/noise/6bc08c558519a56a_w10.png,6bc08c558519a56a,10,Lab,Noise
train/noise/6bc08c558519a56a_w21.png,6bc08c558519a56a,21,Lab,Noise
train/noise/6bc08c558519a56a_w24.png,6bc08c558519a56a,24,Lab,Noise
train/noise/6bc08c558519a56a_w27.png,6bc08c558519a56a,27,Lab,Noise
train/noise/6bc75ebb8d0f60ac_w00.png,6bc75ebb8d0f60ac,0,Field,Noise
train/noise/6bc75ebb8d0f60ac_w03.png,6bc75ebb8d0f60ac,3,Field,Noise
train/noise/6bc75ebb8d0f60ac_w09.png,6bc75ebb8d0f60ac,9,Field,Noise
train/noise/6bc75ebb8d0f60ac_w14.png,6bc75ebb8d0f60ac,14,Field,Noise
train/noise/6bc75ebb8d0f60ac_w17.png,6bc75ebb8d0f60ac,17,Field,Noise
train/noise/6bc75ebb8d0f60ac_w19.png,6bc75ebb8d0f60ac,19,Field,Noise
train/noise/6bc75ebb8d0f60ac_w23.png,6bc75ebb8d0f60ac,23,Field,Noise
train/noise/6bc75ebb8d0f60ac_w26.png,6bc75ebb8d0f60ac,26,Field,Noise
train/noise/6bcbd997c10fd14b_w02.png,6bcbd997c10fd14b,2,Field,Noise
train/noise/6bcbd997c10fd14b_w06.png,6bcbd997c10fd14b,6,Field,Noise
train/noise/6bcbd997c10fd14b_w12.png,6bcbd997c10fd14b,12,Field,Noise
train/noise/6bcbd997c10fd14b_w13.png,6bcbd997c10fd14b,13,Field,Noise
train/noise/6bcbd997c10fd14b_w15.png,6bcbd997c10fd14b,15,Field,Noise
train/noise/6bcbd997c10fd14b_w18.png,6bcbd997c10fd14b,18,Field,Noise
train/noise/6bcbd997c10fd14b_w20.png,6bcbd997c10fd14b,20,Field,Noise
train/noise/6bcbd997c10fd14b_w22.png,6bcbd997c10fd14b,22,Field,Noise
train/noise/6bd6cbdbd6297d34_w01.png,6bd6cbdbd6297d34,1,Field,Noise
train/noise/6bd6cbdbd6297d34_w04.png,6bd6cbdbd6297d34,4,Field,Noise
train/noise/6bd6cbdbd6297d34_w15.png,6bd6cbdbd6297d34,15,Field,Noise
train/noise/6bd6cbdbd6297d34_w16.png,6bd6cbdbd6297d34,16,Field,Noise
train/noise/6bd6cbdbd6297d34_w19.png,6bd6cbdbd6297d34,19,Field,Noise
train/noise/6bd6cbdbd6297d34_w21.png,6bd6cbdbd6297d34,21,Field,Noise
train/noise/6bd6cbdbd6297d34_w24.png,6bd6cbdbd6297d34,24,Field,Noise
train/noise/6bd6cbdbd6297d34_w25.png,6bd6cbdbd6297d34,25,Field,Noise
train/noise/6c0fc2ee6d3c2398_w00.png,6c0fc2ee6d3c2398,0,Lab,Noise
train/noise/6c0fc2ee6d3c2398_w02.png,6c0fc2ee6d3c2398,2,Lab,Noise
train/noise/6c0fc2ee6d3c2398_w07.png,6c0fc2ee6d3c2398,7,Lab,Noise
train/noise/6c0fc2ee6d3c2398_w13.png,6c0fc2ee6d3c2398,13,Lab,Noise
train/noise/6c0fc2ee6d3c2398_w18.png,6c0fc2ee6d3c2398,18,Lab,Noise
train/noise/6c0fc2ee6d3c2398_w21.png,6c0fc2ee6d3c2398,21,Lab,Noise
train/noise/6c0fc2ee6d3c2398_w23.png,6c0fc2ee6d3c2398,23,Lab,Noise
train/noise/6c0fc2ee6d3c2398_w25.png,6c0fc2ee6d3c2398,25,Lab,Noise
train/noise/6c322b4cf94a36bf_w00.png,6c322b4cf94a36bf,0,Lab,Noise
train/noise/6c322b4cf94a36bf_w04.png,6c322b4cf94a36bf,4,Lab,Noise
train/noise/6c322b4cf94a36bf_w07.png,6c322b4cf94a36bf,7,Lab,Noise
train/noise/6c322b4cf94a36bf_w20.png,6c322b4cf94a36bf,20,Lab,Noise
train/noise/6c322b4cf94a36bf_w21.png,6c322b4cf94a36bf,21,Lab,Noise
train/noise/6c322b4cf94a36bf_w24.png,6c322b4cf94a36bf,24,Lab,Noise
train/noise/6c322b4cf94a36bf_w25.png,6c322b4cf94a36bf,25,Lab,Noise
train/noise/6c322b4cf94a36bf_w27.png,6c322b4cf94a36bf,27,Lab,Noise
train/noise/6cf142a5d3dd7f45_w01.png,6cf142a5d3dd7f45,1,Field,Noise
train/noise/6cf142a5d3dd7f45_w02.png,6cf142a5d3dd7f45,2,Field,Noise
train/noise/6cf142a5d3dd7f45_w03.png,6cf142a5d3dd7f45,3,Field,Noise
train/noise/6cf142a5d3dd7f45_w10.png,6cf142a5d3dd7f45,10,Field,Noise
train/noise/6cf142a5d3dd7f45_w12.png,6cf142a5d3dd7f45,12,Field,Noise
train/noise/6cf142a5d3dd7f45_w15.png,6cf142a5d3dd7f45,15,Field,Noise
train/noise/6cf142a5d3dd7f45_w16.png,6cf142a5d3dd7f45,16,Field,Noise
train/noise/6cf142a5d3dd7f45_w27.png,6cf142a5d3dd7f45,27,Field,Noise
train/noise/6cffc6a670a3ae5f_w04.png,6cffc6a670a3ae5f,4,Field,Noise
train/noise/6cffc6a670a3ae5f_w05.png,6cffc6a670a3ae5f,5,Field,Noise
train/noise/6cffc6a670a3ae5f_w06.png,6cffc6a670a3ae5f,6,Field,Noise
train/noise/6cffc6a670a3ae5f_w07.png,6cffc6a670a3ae5f,7,Field,Noise
train/noise/6cffc6a670a3ae5f_w12.png,6cffc6a670a3ae5f,12,Field,Noise
train/noise/6cffc6a670a3ae5f_w13.png,6cffc6a670a3ae5f,13,Field,Noise
train/noise/6cffc6a670a3ae5f_w14.png,6cffc6a670a3ae5f,14,Field,Noise
train/noise/6cffc6a670a3ae5f_w18.png,6cffc6a670a3ae5f,18,Field,Noise
train/noise/6d4c373eb4b519a4_w02.png,6d4c373eb4b519a4,2,Field,Noise
train/noise/6d4c373eb4b519a4_w03.png,6d4c373eb4b519a4,3,Field,Noise
train/noise/6d4c373eb4b519a4_w10.png,6d4c373eb4b519a4,10,Field,Noise
train/noise/6d4c373eb4b519a4_w11.png,6d4c373eb4b519a4,11,Field,Noise
train/noise/6d4c373eb4b519a4_w12.png,6d4c373eb4b519a4,12,Field,Noise
train/noise/6d4c373eb4b519a4_w13.png,6d4c373eb4b519a4,13,Field,Noise
train/noise/6d4c373eb4b519a4_w23.png,6d4c373eb4b519a4,23,Field,Noise
train/noise/6d4c373eb4b519a4_w25.png,6d4c373eb4b519a4,25,Field,Noise
train/noise/6d55b24e4d7a0169_w03.png,6d55b24e4d7a0169,3,Field,Noise
train/noise/6d55b24e4d7a0169_w07.png,6d55b24e4d7a0169,7,Field,Noise
train/noise/6d55b24e4d7a0169_w13.png,6d55b24e4d7a0169,13,Field,Noise
train/noise/6d55b24e4d7a0169_w15.png,6d55b24e4d7a0169,15,Field,Noise
train/noise/6d55b24e4d7a0169_w16.png,6d55b24e4d7a0169,16,Field,Noise
train/noise/6d55b24e4d7a0169_w21.png,6d55b24e4d7a0169,21,Field,Noise
train/noise/6d55b24e4d7a0169_w22.png,6d55b24e4d7a0169,22,Field,Noise
train/noise/6d55b24e4d7a0169_w24.png,6d55b24e4d7a0169,24,Field,Noise
train/noise/6d578bbe2094383d_w03.png,6d578bbe2094383d,3,Field,Noise
train/noise/6d578bbe2094383d_w09.png,6d578bbe2094383d,9,Field,Noise
train/noise/6d578bbe2094383d_w16.png,6d578bbe2094383d,16,Field,Noise
train/noise/6d578bbe2094383d_w22.png,6d578bbe2094383d,22,Field,Noise
train/noise/6d578bbe2094383d_w23.png,6d578bbe2094383d,23,Field,Noise
train/noise/6d578bbe2094383d_w24.png,6d578bbe2094383d,24,Field,Noise
train/noise/6d578bbe2094383d_w25.png,6d578bbe2094383d,25,Field,Noise
train/noise/6d578bbe2094383d_w27.png,6d578bbe2094383d,27,Field,Noise
train/noise/6f4bfcbb28b76419_w01.png,6f4bfcbb28b76419,1,Lab,Noise
train/noise/6f4bfcbb28b76419_w03.png,6f4bfcbb28b76419,3,Lab,Noise
train/noise/6f4bfcbb28b76419_w04.png,6f4bfcbb28b76419,4,Lab,Noise
train/noise/6f4bfcbb28b76419_w10.png,6f4bfcbb28b76419,10,Lab,Noise
train/noise/6f4bfcbb28b76419_w13.png,6f4bfcbb28b76419,13,Lab,Noise
train/noise/6f4bfcbb28b76419_w15.png,6f4bfcbb28b76419,15,Lab,Noise
train/noise/6f4bfcbb28b76419_w16.png,6f4bfcbb28b76419,16,Lab,Noise
train/noise/6f4bfcbb28b76419_w25.png,6f4bfcbb28b76419,25,Lab,Noise
train/noise/6f7803400890ba71_w07.png,6f7803400890ba71,7,Field,Noise
train/noise/6f7803400890ba71_w08.png,6f7803400890ba71,8,Field,Noise
train/noise/6f7803400890ba71_w09.png,6f7803400890ba71,9,Field,Noise
train/noise/6f7803400890ba71_w12.png,6f7803400890ba71,12,Field,Noise
train/noise/6f7803400890ba71_w17.png,6f7803400890ba71,17,Field,Noise
train/noise/6f7803400890ba71_w18.png,6f7803400890ba71,18,Field,Noise
train/noise/6f7803400890ba71_w20.png,6f7803400890ba71,20,Field,Noise
train/noise/6f7803400890ba71_w23.png,6f7803400890ba71,23,Field,Noise
train/noise/7003ef7e1211c51e_w00.png,7003ef7e1211c51e,0,Field,Noise
train/noise/7003ef7e1211c51e_w09.png,7003ef7e1211c51e,9,Field,Noise
train/noise/7003ef7e1211c51e_w11.png,7003ef7e1211c51e,11,Field,Noise
train/noise/7003ef7e1211c51e_w13.png,7003ef7e1211c51e,13,Field,Noise
train/noise/7003ef7e1211c51e_w19.png,7003ef7e1211c51e,19,Field,Noise
train/noise/7003ef7e1211c51e_w21.png,7003ef7e1211c51e,21,Field,Noise
train/noise/7003ef7e1211c51e_w24.png,7003ef7e1211c51e,24,Field,Noise
train/noise/7003ef7e1211c51e_w26.png,7003ef7e1211c51e,26,Field,Noise
train/noise/701b6ff50a4a088a_w01.png,701b6ff50a4a088a,1,Field,Noise
train/noise/701b6ff50a4a088a_w02.png,701b6ff50a4a088a,2,Field,Noise
train/noise/701b6ff50a4a088a_w04.png,701b6ff50a4a088a,4,Field,Noise
train/noise/701b6ff50a4a088a_w05.png,701b6ff50a4a088a,5,Field,Noise
train/noise/701b6ff50a4a088a_w10.png,701b6ff50a4a088a,10,Field,Noise
train/noise/701b6ff50a4a088a_w13.png,701b6ff50a4a088a,13,Field,Noise
train/noise/701b6ff50a4a088a_w18.png,701b6ff50a4a088a,18,Field,Noise
train/noise/701b6ff50a4a088a_w23.png,701b6ff50a4a088a,23,Field,Noise
train/noise/702c3d23d46c9195_w02.png,702c3d23d46c9195,2,Lab,Noise
train/noise/702c3d23d46c9195_w03.png,702c3d23d46c9195,3,Lab,Noise
train/noise/702c3d23d46c9195_w06.png,702c3d23d46c9195,6,Lab,Noise
train/noise/702c3d23d46c9195_w07.png,702c3d23d46c9195,7,Lab,Noise
train/noise/702c3d23d46c9195_w12.png,702c3d23d46c9195,12,Lab,Noise
train/noise/702c3d23d46c9195_w14.png,702c3d23d46c9195,14,Lab,Noise
train/noise/702c3d23d46c9195_w20.png,702c3d23d46c9195,20,Lab,Noise
train/noise/702c3d23d46c9195_w25.png,702c3d23d46c9195,25,Lab,Noise
train/noise/704acfda0269041f_w01.png,704acfda0269041f,1,Field,Noise
train/noise/704acfda0269041f_w07.png,704acfda0269041f,7,Field,Noise
train/noise/704acfda0269041f_w13.png,704acfda0269041f,13,Field,Noise
train/noise/704acfda0269041f_w14.png,704acfda0269041f,14,Field,Noise
train/noise/704acfda0269041f_w15.png,704acfda0269041f,15,Field,Noise
train/noise/704acfda0269041f_w18.png,704acfda0269041f,18,Field,Noise
train/noise/704acfda0269041f_w23.png,704acfda0269041f,23,Field,Noise
train/noise/704acfda0269041f_w25.png,704acfda0269041f,25,Field,Noise
train/noise/70a2f9f8df4fd3ea_w01.png,70a2f9f8df4fd3ea,1,Lab,Noise
train/noise/70a2f9f8df4fd3ea_w03.png,70a2f9f8df4fd3ea,3,Lab,Noise
train/noise/70a2f9f8df4fd3ea_w05.png,70a2f9f8df4fd3ea,5,Lab,Noise
train/noise/70a2f9f8df4fd3ea_w06.png,70a2f9f8df4fd3ea,6,Lab,Noise
train/noise/70a2f9f8df4fd3ea_w09.png,70a2f9f8df4fd3ea,9,Lab,Noise
train/noise/70a2f9f8df4fd3ea_w12.png,70a2f9f8df4fd3ea,12,Lab,Noise
train/noise/70a2f9f8df4fd3ea_w13.png,70a2f9f8df4fd3ea,13,Lab,Noise
train/noise/70a2f9f8df4fd3ea_w23.png,70a2f9f8df4fd3ea,23,Lab,Noise
train/noise/7196a14b3ff9920c_w00.png,7196a14b3ff9920c,0,Field,Noise
train/noise/7196a14b3ff9920c_w04.png,7196a14b3ff9920c,4,Field,Noise
train/noise/7196a14b3ff9920c_w06.png,7196a14b3ff9920c,6,Field,Noise
train/noise/7196a14b3ff9920c_w09.png,7196a14b3ff9920c,9,Field,Noise
train/noise/7196a14b3ff9920c_w11.png,7196a14b3ff9920c,11,Field,Noise
train/noise/7196a14b3ff9920c_w13.png,7196a14b3ff9920c,13,Field,Noise
train/noise/7196a14b3ff9920c_w19.png,7196a14b3ff9920c,19,Field,Noise
train/noise/7196a14b3ff9920c_w22.png,7196a14b3ff9920c,22,Field,Noise
train/noise/7208db96ff6d8722_w07.png,7208db96ff6d8722,7,Lab,Noise
train/noise/7208db96ff6d8722_w08.png,7208db96ff6d8722,8,Lab,Noise
train/noise/7208db96ff6d8722_w11.png,7208db96ff6d8722,11,Lab,Noise
train/noise/7208db96ff6d8722_w15.png,7208db96ff6d8722,15,Lab,Noise
train/noise/7208db96ff6d8722_w18.png,7208db96ff6d8722,18,Lab,Noise
train/noise/7208db96ff6d8722_w19.png,7208db96ff6d8722,19,Lab,Noise
train/noise/7208db96ff6d8722_w21.png,7208db96ff6d8722,21,Lab,Noise
train/noise/7208db96ff6d8722_w27.png,7208db96ff6d8722,27,Lab,Noise
train/noise/720e9c678f087317_w00.png,720e9c678f087317,0,Lab,Noise
train/noise/720e9c678f087317_w01.png,720e9c678f087317,1,Lab,Noise
train/noise/720e9c678f087317_w04.png,720e9c678f087317,4,Lab,Noise
train/noise/720e9c678f087317_w07.png,720e9c678f087317,7,Lab,Noise
train/noise/720e9c678f087317_w11.png,720e9c678f087317,11,Lab,Noise
train/noise/720e9c678f087317_w23.png,720e9c678f087317,23,Lab,Noise
train/noise/720e9c678f087317_w25.png,720e9c678f087317,25,Lab,Noise
train/noise/720e9c678f087317_w26.png,720e9c678f087317,26,Lab,Noise
train/noise/723420f566a92783_w02.png,723420f566a92783,2,Field,Noise
train/noise/723420f566a92783_w05.png,723420f566a92783,5,Field,Noise
train/noise/723420f566a92783_w07.png,723420f566a92783,7,Field,Noise
train/noise/723420f566a92783_w08.png,723420f566a92783,8,Field,Noise
train/noise/723420f566a92783_w10.png,723420f566a92783,10,Field,Noise
train/noise/723420f566a92783_w14.png,723420f566a92783,14,Field,Noise
train/noise/723420f566a92783_w22.png,723420f566a92783,22,Field,Noise
train/noise/723420f566a92783_w25.png,723420f566a92783,25,Field,Noise
train/noise/732fff371ee9d84b_w01.png,732fff371ee9d84b,1,Field,Noise
train/noise/732fff371ee9d84b_w02.png,732fff371ee9d84b,2,Field,Noise
train/noise/732fff371ee9d84b_w06.png,732fff371ee9d84b,6,Field,Noise
train/noise/732fff371ee9d84b_w10.png,732fff371ee9d84b,10,Field,Noise
train/noise/732fff371ee9d84b_w14.png,732fff371ee9d84b,14,Field,Noise
train/noise/732fff371ee9d84b_w19.png,732fff371ee9d84b,19,Field,Noise
train/noise/732fff371ee9d84b_w20.png,732fff371ee9d84b,20,Field,Noise
train/noise/732fff371ee9d84b_w21.png,732fff371ee9d84b,21,Field,Noise
train/noise/73454e7bfc085f31_w00.png,73454e7bfc085f31,0,Field,Noise
train/noise/73454e7bfc085f31_w01.png,73454e7bfc085f31,1,Field,Noise
train/noise/73454e7bfc085f31_w05.png,73454e7bfc085f31,5,Field,Noise
train/noise/73454e7bfc085f31_w10.png,73454e7bfc085f31,10,Field,Noise
train/noise/73454e7bfc085f31_w12.png,73454e7bfc085f31,12,Field,Noise
train/noise/73454e7bfc085f31_w16.png,73454e7bfc085f31,16,Field,Noise
train/noise/73454e7bfc085f31_w20.png,73454e7bfc085f31,20,Field,Noise
train/noise/73454e7bfc085f31_w22.png,73454e7bfc085f31,22,Field,Noise
train/noise/7376db02d8e6e30e_w00.png,7376db02d8e6e30e,0,Field,Noise
train/noise/7376db02d8e6e30e_w02.png,7376db02d8e6e30e,2,Field,Noise
train/noise/7376db02d8e6e30e_w04.png,7376db02d8e6e30e,4,Field,Noise
train/noise/7376db02d8e6e30e_w09.png,7376db02d8e6e30e,9,Field,Noise
train/noise/7376db02d8e6e30e_w12.png,7376db02d8e6e30e,12,Field,Noise
train/noise/7376db02d8e6e30e_w22.png,7376db02d8e6e30e,22,Field,Noise
train/noise/7376db02d8e6e30e_w23.png,7376db02d8e6e30e,23,Field,Noise
train/noise/7376db02d8e6e30e_w24.png,7376db02d8e6e30e,24,Field,Noise
train/noise/73d286ae964d689d_w06.png,73d286ae964d689d,6,Lab,Noise
train/noise/73d286ae964d689d_w07.png,73d286ae964d689d,7,Lab,Noise
train/noise/73d286ae964d689d_w08.png,73d286ae964d689d,8,Lab,Noise
train/noise/73d286ae964d689d_w17.png,73d286ae964d689d,17,Lab,Noise
train/noise/73d286ae964d689d_w19.png,73d286ae964d689d,19,Lab,Noise
train/noise/73d286ae964d689d_w22.png,73d286ae964d689d,22,Lab,Noise
train/noise/73d286ae964d689d_w24.png,73d286ae964d689d,24,Lab,Noise
train/noise/73d286ae964d689d_w26.png,73d286ae964d689d,26,Lab,Noise
train/noise/7423c25947e11b92_w02.png,7423c25947e11b92,2,Field,Noise
train/noise/7423c25947e11b92_w07.png,7423c25947e11b92,7,Field,Noise
train/noise/7423c25947e11b92_w09.png,7423c25947e11b92,9,Field,Noise
train/noise/7423c25947e11b92_w19.png,7423c25947e11b92,19,Field,Noise
train/noise/7423c25947e11b92_w20.png,7423c25947e11b92,20,Field,Noise
train/noise/7423c25947e11b92_w21.png,7423c25947e11b92,21,Field,Noise
train/noise/7423c25947e11b92_w22.png,7423c25947e11b92,22,Field,Noise
train/noise/7423c25947e11b92_w26.png,7423c25947e11b92,26,Field,Noise
train/noise/7478fc32572d8ebb_w00.png,7478fc32572d8ebb,0,Field,Noise
train/noise/7478fc32572d8ebb_w09.png,7478fc32572d8ebb,9,Field,Noise
train/noise/7478fc32572d8ebb_w13.png,7478fc32572d8ebb,13,Field,Noise
train/noise/7478fc32572d8ebb_w17.png,7478fc32572d8ebb,17,Field,Noise
train/noise/7478fc32572d8ebb_w19.png,7478fc32572d8ebb,19,Field,Noise
train/noise/7478fc32572d8ebb_w21.png,7478fc32572d8ebb,21,Field,Noise
train/noise/7478fc32572d8ebb_w23.png,7478fc32572d8ebb,23,Field,Noise
train/noise/7478fc32572d8ebb_w25.png,7478fc32572d8ebb,25,Field,Noise
train/noise/749e0426d8119595_w03.png,749e0426d8119595,3,Field,Noise
train/noise/749e0426d8119595_w07.png,749e0426d8119595,7,Field,Noise
train/noise/749e0426d8119595_w08.png,749e0426d8119595,8,Field,Noise
train/noise/749e0426d8119595_w11.png,749e0426d8119595,11,Field,Noise
train/noise/749e0426d8119595_w13.png,749e0426d8119595,13,Field,Noise
train/noise/749e0426d8119595_w16.png,749e0426d8119595,16,Field,Noise
train/noise/749e0426d8119595_w19.png,749e0426d8119595,19,Field,Noise
train/noise/749e0426d8119595_w26.png,749e0426d8119595,26,Field,Noise
train/noise/74d3f7042a96df5b_w01.png,74d3f7042a96df5b,1,Field,Noise
train/noise/74d3f7042a96df5b_w03.png,74d3f7042a96df5b,3,Field,Noise
train/noise/74d3f7042a96df5b_w08.png,74d3f7042a96df5b,8,Field,Noise
train/noise/74d3f7042a96df5b_w17.png,74d3f7042a96df5b,17,Field,Noise
train/noise/74d3f7042a96df5b_w18.png,74d3f7042a96df5b,18,Field,Noise
train/noise/74d3f7042a96df5b_w22.png,74d3f7042a96df5b,22,Field,Noise
train/noise/74d3f7042a96df5b_w26.png,74d3f7042a96df5b,26,Field,Noise
train/noise/74d3f7042a96df5b_w27.png,74d3f7042a96df5b,27,Field,Noise
train/noise/74fa5bf776ecc7b5_w08.png,74fa5bf776ecc7b5,8,Field,Noise
train/noise/74fa5bf776ecc7b5_w11.png,74fa5bf776ecc7b5,11,Field,Noise
train/noise/74fa5bf776ecc7b5_w14.png,74fa5bf776ecc7b5,14,Field,Noise
train/noise/74fa5bf776ecc7b5_w15.png,74fa5bf776ecc7b5,15,Field,Noise
train/noise/74fa5bf776ecc7b5_w19.png,74fa5bf776ecc7b5,19,Field,Noise
train/noise/74fa5bf776ecc7b5_w20.png,74fa5bf776ecc7b5,20,Field,Noise
train/noise/74fa5bf776ecc7b5_w24.png,74fa5bf776ecc7b5,24,Field,Noise
train/noise/74fa5bf776ecc7b5_w27.png,74fa5bf776ecc7b5,27,Field,Noise
train/noise/751c822b2ddff60e_w01.png,751c822b2ddff60e,1,Field,Noise
train/noise/751c822b2ddff60e_w02.png,751c822b2ddff60e,2,Field,Noise
train/noise/751c822b2ddff60e_w03.png,751c822b2ddff60e,3,Field,Noise
train/noise/751c822b2ddff60e_w06.png,751c822b2ddff60e,6,Field,Noise
train/noise/751c822b2ddff60e_w09.png,751c822b2ddff60e,9,Field,Noise
train/noise/751c822b2ddff60e_w11.png,751c822b2ddff60e,11,Field,Noise
train/noise/751c822b2ddff60e_w14.png,751c822b2ddff60e,14,Field,Noise
train/noise/751c822b2ddff60e_w19.png,751c822b2ddff60e,19,Field,Noise
train/noise/753d4ba35e5bbe8a_w06.png,753d4ba35e5bbe8a,6,Field,Noise
train/noise/753d4ba35e5bbe8a_w13.png,753d4ba35e5bbe8a,13,Field,Noise
train/noise/753d4ba35e5bbe8a_w16.png,753d4ba35e5bbe8a,16,Field,Noise
train/noise/753d4ba35e5bbe8a_w18.png,753d4ba35e5bbe8a,18,Field,Noise
train/noise/753d4ba35e5bbe8a_w19.png,753d4ba35e5bbe8a,19,Field,Noise
train/noise/753d4ba35e5bbe8a_w21.png,753d4ba35e5bbe8a,21,Field,Noise
train/noise/753d4ba35e5bbe8a_w22.png,753d4ba35e5bbe8a,22,Field,Noise
train/noise/753d4ba35e5bbe8a_w23.png,753d4ba35e5bbe8a,23,Field,Noise
train/noise/75a27143f4e1002f_w02.png,75a27143f4e1002f,2,Field,Noise
train/noise/75a27143f4e1002f_w04.png,75a27143f4e1002f,4,Field,Noise
train/noise/75a27143f4e1002f_w05.png,75a27143f4e1002f,5,Field,Noise
train/noise/75a27143f4e1002f_w12.png,75a27143f4e1002f,12,Field,Noise
train/noise/75a27143f4e1002f_w15.png,75a27143f4e1002f,15,Field,Noise
train/noise/75a27143f4e1002f_w18.png,75a27143f4e1002f,18,Field,Noise
train/noise/75a27143f4e1002f_w21.png,75a27143f4e1002f,21,Field,Noise
train/noise/75a27143f4e1002f_w26.png,75a27143f4e1002f,26,Field,Noise
train/noise/75f193b06b9dc69a_w02.png,75f193b06b9dc69a,2,Lab,Noise
train/noise/75f193b06b9dc69a_w04.png,75f193b06b9dc69a,4,Lab,Noise
train/noise/75f193b06b9dc69a_w09.png,75f193b06b9dc69a,9,Lab,Noise
train/noise/75f193b06b9dc69a_w10.png,75f193b06b9dc69a,10,Lab,Noise
train/noise/75f193b06b9dc69a_w12.png,75f193b06b9dc69a,12,Lab,Noise
train/noise/75f193b06b9dc69a_w15.png,75f193b06b9dc69a,15,Lab,Noise
train/noise/75f193b06b9dc69a_w16.png,75f193b06b9dc69a,16,Lab,Noise
train/noise/75f193b06b9dc69a_w23.png,75f193b06b9dc69a,23,Lab,Noise
train/noise/75fbd5dcd934674f_w03.png,75fbd5dcd934674f,3,Field,Noise
train/noise/75fbd5dcd934674f_w05.png,75fbd5dcd934674f,5,Field,Noise
train/noise/75fbd5dcd934674f_w06.png,75fbd5dcd934674f,6,Field,Noise
train/noise/75fbd5dcd934674f_w10.png,75fbd5dcd934674f,10,Field,Noise
train/noise/75fbd5dcd934674f_w21.png,75fbd5dcd934674f,21,Field,Noise
train/noise/75fbd5dcd934674f_w23.png,75fbd5dcd934674f,23,Field,Noise
train/noise/75fbd5dcd934674f_w26.png,75fbd5dcd934674f,26,Field,Noise
train/noise/75fbd5dcd934674f_w27.png,75fbd5dcd934674f,27,Field,Noise
train/noise/762a6d46f474f139_w00.png,762a6d46f474f139,0,Lab,Noise
train/noise/762a6d46f474f139_w01.png,762a6d46f474f139,1,Lab,Noise
train/noise/762a6d46f474f139_w09.png,762a6d46f474f139,9,Lab,Noise
train/noise/762a6d46f474f139_w10.png,762a6d46f474f139,10,Lab,Noise
train/noise/762a6d46f474f139_w13.png,762a6d46f474f139,13,Lab,Noise
train/noise/762a6d46f474f139_w21.png,762a6d46f474f139,21,Lab,Noise
train/noise/762a6d46f474f139_w22.png,762a6d46f474f139,22,Lab,Noise
train/noise/762a6d46f474f139_w24.png,762a6d46f474f139,24,Lab,Noise
train/noise/7692f19b2866e0d6_w01.png,7692f19b2866e0d6,1,Field,Noise
train/noise/7692f19b2866e0d6_w02.png,7692f19b2866e0d6,2,Field,Noise
train/noise/7692f19b2866e0d6_w07.png,7692f19b2866e0d6,7,Field,Noise
train/noise/7692f19b2866e0d6_w12.png,7692f19b2866e0d6,12,Field,Noise
train/noise/7692f19b2866e0d6_w15.png,7692f19b2866e0d6,15,Field,Noise
train/noise/7692f19b2866e0d6_w18.png,7692f19b2866e0d6,18,Field,Noise
train/noise/7692f19b2866e0d6_w20.png,7692f19b2866e0d6,20,Field,Noise
train/noise/7692f19b2866e0d6_w27.png,7692f19b2866e0d6,27,Field,Noise
train/noise/76e2d339b097d8f8_w00.png,76e2d339b097d8f8,0,Field,Noise
train/noise/76e2d339b097d8f8_w01.png,76e2d339b097d8f8,1,Field,Noise
train/noise/76e2d339b097d8f8_w03.png,76e2d339b097d8f8,3,Field,Noise
train/noise/76e2d339b097d8f8_w07.png,76e2d339b097d8f8,7,Field,Noise
train/noise/76e2d339b097d8f8_w08.png,76e2d339b097d8f8,8,Field,Noise
train/noise/76e2d339b097d8f8_w14.png,76e2d339b097d8f8,14,Field,Noise
train/noise/76e2d339b097d8f8_w21.png,76e2d339b097d8f8,21,Field,Noise
train/noise/76e2d339b097d8f8_w26.png,76e2d339b097d8f8,26,Field,Noise
train/noise/7702527f5a1f3bfc_w00.png,7702527f5a1f3bfc,0,Field,Noise
train/noise/7702527f5a1f3bfc_w02.png,7702527f5a1f3bfc,2,Field,Noise
train/noise/7702527f5a1f3bfc_w05.png,7702527f5a1f3bfc,5,Field,Noise
train/noise/7702527f5a1f3bfc_w06.png,7702527f5a1f3bfc,6,Field,Noise
train/noise/7702527f5a1f3bfc_w09.png,7702527f5a1f3bfc,9,Field,Noise
train/noise/7702527f5a1f3bfc_w17.png,7702527f5a1f3bfc,17,Field,Noise
train/noise/7702527f5a1f3bfc_w24.png,7702527f5a1f3bfc,24,Field,Noise
train/noise/7702527f5a1f3bfc_w26.png,7702527f5a1f3bfc,26,Field,Noise
train/noise/779387ab287e2737_w00.png,779387ab287e2737,0,Field,Noise
train/noise/779387ab287e2737_w01.png,779387ab287e2737,1,Field,Noise
train/noise/779387ab287e2737_w06.png,779387ab287e2737,6,Field,Noise
train/noise/779387ab287e2737_w13.png,779387ab287e2737,13,Field,Noise
train/noise/779387ab287e2737_w19.png,779387ab287e2737,19,Field,Noise
train/noise/779387ab287e2737_w23.png,779387ab287e2737,23,Field,Noise
train/noise/779387ab287e2737_w24.png,779387ab287e2737,24,Field,Noise
train/noise/779387ab287e2737_w27.png,779387ab287e2737,27,Field,Noise
train/noise/77ac3c3a87270c04_w04.png,77ac3c3a87270c04,4,Lab,Noise
train/noise/77ac3c3a87270c04_w12.png,77ac3c3a87270c04,12,Lab,Noise
train/noise/77ac3c3a87270c04_w18.png,77ac3c3a87270c04,18,Lab,Noise
train/noise/77ac3c3a87270c04_w19.png,77ac3c3a87270c04,19,Lab,Noise
train/noise/77ac3c3a87270c04_w21.png,77ac3c3a87270c04,21,Lab,Noise
train/noise/77ac3c3a87270c04_w22.png,77ac3c3a87270c04,22,Lab,Noise
train/noise/77ac3c3a87270c04_w26.png,77ac3c3a87270c04,26,Lab,Noise
train/noise/77ac3c3a87270c04_w27.png,77ac3c3a87270c04,27,Lab,Noise
train/noise/77f296c12d31b600_w00.png,77f296c12d31b600,0,Field,Noise
train/noise/77f296c12d31b600_w02.png,77f296c12d31b600,2,Field,Noise
train/noise/77f296c12d31b600_w07.png,77f296c12d31b600,7,Field,Noise
train/noise/77f296c12d31b600_w15.png,77f296c12d31b600,15,Field,Noise
train/noise/77f296c12d31b600_w17.png,77f296c12d31b600,17,Field,Noise
train/noise/77f296c12d31b600_w18.png,77f296c12d31b600,18,Field,Noise
train/noise/77f296c12d31b600_w20.png,77f296c12d31b600,20,Field,Noise
train/noise/77f296c12d31b600_w21.png,77f296c12d31b600,21,Field,Noise
train/noise/787a91851ed98ea5_w06.png,787a91851ed98ea5,6,Field,Noise
train/noise/787a91851ed98ea5_w07.png,787a91851ed98ea5,7,Field,Noise
train/noise/787a91851ed98ea5_w09.png,787a91851ed98ea5,9,Field,Noise
train/noise/787a91851ed98ea5_w12.png,787a91851ed98ea5,12,Field,Noise
train/noise/787a91851ed98ea5_w14.png,787a91851ed98ea5,14,Field,Noise
train/noise/787a91851ed98ea5_w15.png,787a91851ed98ea5,15,Field,Noise
train/noise/787a91851ed98ea5_w25.png,787a91851ed98ea5,25,Field,Noise
train/noise/787a91851ed98ea5_w26.png,787a91851ed98ea5,26,Field,Noise
train/noise/7887ff990a857023_w02.png,7887ff990a857023,2,Field,Noise
train/noise/7887ff990a857023_w03.png,7887ff990a857023,3,Field,Noise
train/noise/7887ff990a857023_w05.png,7887ff990a857023,5,Field,Noise
train/noise/7887ff990a857023_w09.png,7887ff990a857023,9,Field,Noise
train/noise/7887ff990a857023_w11.png,7887ff990a857023,11,Field,Noise
train/noise/7887ff990a857023_w18.png,7887ff990a857023,18,Field,Noise
train/noise/7887ff990a857023_w19.png,7887ff990a857023,19,Field,Noise
train/noise/7887ff990a857023_w21.png,7887ff990a857023,21,Field,Noise
train/noise/794a2ad451a34528_w04.png,794a2ad451a34528,4,Field,Noise
train/noise/794a2ad451a34528_w05.png,794a2ad451a34528,5,Field,Noise
train/noise/794a2ad451a34528_w09.png,794a2ad451a34528,9,Field,Noise
train/noise/794a2ad451a34528_w10.png,794a2ad451a34528,10,Field,Noise
train/noise/794a2ad451a34528_w13.png,794a2ad451a34528,13,Field,Noise
train/noise/794a2ad451a34528_w15.png,794a2ad451a34528,15,Field,Noise
train/noise/794a2ad451a34528_w19.png,794a2ad451a34528,19,Field,Noise
train/noise/794a2ad451a34528_w26.png,794a2ad451a34528,26,Field,Noise
train/noise/79c7d75f4902c991_w01.png,79c7d75f4902c991,1,Field,Noise
train/noise/79c7d75f4902c991_w03.png,79c7d75f4902c991,3,Field,Noise
train/noise/79c7d75f4902c991_w04.png,79c7d75f4902c991,4,Field,Noise
train/noise/79c7d75f4902c991_w10.png,79c7d75f4902c991,10,Field,Noise
train/noise/79c7d75f4902c991_w16.png,79c7d75f4902c991,16,Field,Noise
train/noise/79c7d75f4902c991_w17.png,79c7d75f4902c991,17,Field,Noise
train/noise/79c7d75f4902c991_w23.png,79c7d75f4902c991,23,Field,Noise
train/noise/79c7d75f4902c991_w25.png,79c7d75f4902c991,25,Field,Noise
train/noise/79d4de435823c25f_w01.png,79d4de435823c25f,1,Field,Noise
train/noise/79d4de435823c25f_w03.png,79d4de435823c25f,3,Field,Noise
train/noise/79d4de435823c25f_w07.png,79d4de435823c25f,7,Field,Noise
train/noise/79d4de435823c25f_w09.png,79d4de435823c25f,9,Field,Noise
train/noise/79d4de435823c25f_w12.png,79d4de435823c25f,12,Field,Noise
train/noise/79d4de435823c25f_w13.png,79d4de435823c25f,13,Field,Noise
train/noise/79d4de435823c25f_w17.png,79d4de435823c25f,17,Field,Noise
train/noise/79d4de435823c25f_w20.png,79d4de435823c25f,20,Field,Noise
train/noise/7a4ca097159465b1_w01.png,7a4ca097159465b1,1,Lab,Noise
train/noise/7a4ca097159465b1_w09.png,7a4ca097159465b1,9,Lab,Noise
train/noise/7a4ca097159465b1_w13.png,7a4ca097159465b1,13,Lab,Noise
train/noise/7a4ca097159465b1_w14.png,7a4ca097159465b1,14,Lab,Noise
train/noise/7a4ca097159465b1_w18.png,7a4ca097159465b1,18,Lab,Noise
train/noise/7a4ca097159465b1_w23.png,7a4ca097159465b1,23,Lab,Noise
train/noise/7a4ca097159465b1_w25.png,7a4ca097159465b1,25,Lab,Noise
train/noise/7a4ca097159465b1_w27.png,7a4ca097159465b1,27,Lab,Noise
train/noise/7a6490177b5a4f35_w02.png,7a6490177b5a4f35,2,Field,Noise
train/noise/7a6490177b5a4f35_w10.png,7a6490177b5a4f35,10,Field,Noise
train/noise/7a6490177b5a4f35_w12.png,7a6490177b5a4f35,12,Field,Noise
train/noise/7a6490177b5a4f35_w14.png,7a6490177b5a4f35,14,Field,Noise
train/noise/7a6490177b5a4f35_w15.png,7a6490177b5a4f35,15,Field,Noise
train/noise/7a6490177b5a4f35_w22.png,7a6490177b5a4f35,22,Field,Noise
train/noise/7a6490177b5a4f35_w24.png,7a6490177b5a4f35,24,Field,Noise
train/noise/7a6490177b5a4f35_w26.png,7a6490177b5a4f35,26,Field,Noise
train/noise/7abc8f550bbb7f7f_w04.png,7abc8f550bbb7f7f,4,Field,Noise
train/noise/7abc8f550bbb7f7f_w05.png,7abc8f550bbb7f7f,5,Field,Noise
train/noise/7abc8f550bbb7f7f_w06.png,7abc8f550bbb7f7f,6,Field,Noise
train/noise/7abc8f550bbb7f7f_w10.png,7abc8f550bbb7f7f,10,Field,Noise
train/noise/7abc8f550bbb7f7f_w13.png,7abc8f550bbb7f7f,13,Field,Noise
train/noise/7abc8f550bbb7f7f_w19.png,7abc8f550bbb7f7f,19,Field,Noise
train/noise/7abc8f550bbb7f7f_w23.png,7abc8f550bbb7f7f,23,Field,Noise
train/noise/7abc8f550bbb7f7f_w26.png,7abc8f550bbb7f7f,26,Field,Noise
train/noise/7b68eab2330dc4b2_w01.png,7b68eab2330dc4b2,1,Field,Noise
train/noise/7b68eab2330dc4b2_w06.png,7b68eab2330dc4b2,6,Field,Noise
train/noise/7b68eab2330dc4b2_w11.png,7b68eab2330dc4b2,11,Field,Noise
train/noise/7b68eab2330dc4b2_w12.png,7b68eab2330dc4b2,12,Field,Noise
train/noise/7b68eab2330dc4b2_w15.png,7b68eab2330dc4b2,15,Field,Noise
train/noise/7b68eab2330dc4b2_w16.png,7b68eab2330dc4b2,16,Field,Noise
train/noise/7b68eab2330dc4b2_w20.png,7b68eab2330dc4b2,20,Field,Noise
train/noise/7b68eab2330dc4b2_w21.png,7b68eab2330dc4b2,21,Field,Noise
train/noise/7b6e9cd5d776d92a_w01.png,7b6e9cd5d776d92a,1,Field,Noise
train/noise/7b6e9cd5d776d92a_w05.png,7b6e9cd5d776d92a,5,Field,Noise
train/noise/7b6e9cd5d776d92a_w13.png,7b6e9cd5d776d92a,13,Field,Noise
train/noise/7b6e9cd5d776d92a_w16.png,7b6e9cd5d776d92a,16,Field,Noise
train/noise/7b6e9cd5d776d92a_w20.png,7b6e9cd5d776d92a,20,Field,Noise
train/noise/7b6e9cd5d776d92a_w22.png,7b6e9cd5d776d92a,22,Field,Noise
train/noise/7b6e9cd5d776d92a_w26.png,7b6e9cd5d776d92a,26,Field,Noise
train/noise/7b6e9cd5d776d92a_w27.png,7b6e9cd5d776d92a,27,Field,Noise
train/noise/7b9ef13c0f0628be_w04.png,7b9ef13c0f0628be,4,Field,Noise
train/noise/7b9ef13c0f0628be_w06.png,7b9ef13c0f0628be,6,Field,Noise
train/noise/7b9ef13c0f0628be_w07.png,7b9ef13c0f0628be,7,Field,Noise
train/noise/7b9ef13c0f0628be_w10.png,7b9ef13c0f0628be,10,Field,Noise
train/noise/7b9ef13c0f0628be_w11.png,7b9ef13c0f0628be,11,Field,Noise
train/noise/7b9ef13c0f0628be_w15.png,7b9ef13c0f0628be,15,Field,Noise
train/noise/7b9ef13c0f0628be_w18.png,7b9ef13c0f0628be,18,Field,Noise
train/noise/7b9ef13c0f0628be_w26.png,7b9ef13c0f0628be,26,Field,Noise
train/noise/7bc14c77fb79be93_w02.png,7bc14c77fb79be93,2,Field,Noise
train/noise/7bc14c77fb79be93_w03.png,7bc14c77fb79be93,3,Field,Noise
train/noise/7bc14c77fb79be93_w06.png,7bc14c77fb79be93,6,Field,Noise
train/noise/7bc14c77fb79be93_w11.png,7bc14c77fb79be93,11,Field,Noise
train/noise/7bc14c77fb79be93_w14.png,7bc14c77fb79be93,14,Field,Noise
train/noise/7bc14c77fb79be93_w15.png,7bc14c77fb79be93,15,Field,Noise
train/noise/7bc14c77fb79be93_w18.png,7bc14c77fb79be93,18,Field,Noise
train/noise/7bc14c77fb79be93_w27.png,7bc14c77fb79be93,27,Field,Noise
train/noise/7c456f270e9d6e66_w00.png,7c456f270e9d6e66,0,Field,Noise
train/noise/7c456f270e9d6e66_w02.png,7c456f270e9d6e66,2,Field,Noise
train/noise/7c456f270e9d6e66_w05.png,7c456f270e9d6e66,5,Field,Noise
train/noise/7c456f270e9d6e66_w11.png,7c456f270e9d6e66,11,Field,Noise
train/noise/7c456f270e9d6e66_w18.png,7c456f270e9d6e66,18,Field,Noise
train/noise/7c456f270e9d6e66_w21.png,7c456f270e9d6e66,21,Field,Noise
train/noise/7c456f270e9d6e66_w25.png,7c456f270e9d6e66,25,Field,Noise
train/noise/7c456f270e9d6e66_w26.png,7c456f270e9d6e66,26,Field,Noise
train/noise/7c768ff6b8555516_w01.png,7c768ff6b8555516,1,Field,Noise
train/noise/7c768ff6b8555516_w02.png,7c768ff6b8555516,2,Field,Noise
train/noise/7c768ff6b8555516_w04.png,7c768ff6b8555516,4,Field,Noise
train/noise/7c768ff6b8555516_w08.png,7c768ff6b8555516,8,Field,Noise
train/noise/7c768ff6b8555516_w12.png,7c768ff6b8555516,12,Field,Noise
train/noise/7c768ff6b8555516_w17.png,7c768ff6b8555516,17,Field,Noise
train/noise/7c768ff6b8555516_w24.png,7c768ff6b8555516,24,Field,Noise
train/noise/7c768ff6b8555516_w26.png,7c768ff6b8555516,26,Field,Noise
train/noise/7ce787c8c375d462_w03.png,7ce787c8c375d462,3,Field,Noise
train/noise/7ce787c8c375d462_w05.png,7ce787c8c375d462,5,Field,Noise
train/noise/7ce787c8c375d462_w06.png,7ce787c8c375d462,6,Field,Noise
train/noise/7ce787c8c375d462_w14.png,7ce787c8c375d462,14,Field,Noise
train/noise/7ce787c8c375d462_w18.png,7ce787c8c375d462,18,Field,Noise
train/noise/7ce787c8c375d462_w22.png,7ce787c8c375d462,22,Field,Noise
train/noise/7ce787c8c375d462_w23.png,7ce787c8c375d462,23,Field,Noise
train/noise/7ce787c8c375d462_w26.png,7ce787c8c375d462,26,Field,Noise
train/noise/7d1be0597a86451e_w01.png,7d1be0597a86451e,1,Field,Noise
train/noise/7d1be0597a86451e_w03.png,7d1be0597a86451e,3,Field,Noise
train/noise/7d1be0597a86451e_w14.png,7d1be0597a86451e,14,Field,Noise
train/noise/7d1be0597a86451e_w15.png,7d1be0597a86451e,15,Field,Noise
train/noise/7d1be0597a86451e_w18.png,7d1be0597a86451e,18,Field,Noise
train/noise/7d1be0597a86451e_w19.png,7d1be0597a86451e,19,Field,Noise
train/noise/7d1be0597a86451e_w23.png,7d1be0597a86451e,23,Field,Noise
train/noise/7d1be0597a86451e_w25.png,7d1be0597a86451e,25,Field,Noise
train/noise/7d8c440c52d222fe_w05.png,7d8c440c52d222fe,5,Lab,Noise
train/noise/7d8c440c52d222fe_w12.png,7d8c440c52d222fe,12,Lab,Noise
train/noise/7d8c440c52d222fe_w14.png,7d8c440c52d222fe,14,Lab,Noise
train/noise/7d8c440c52d222fe_w20.png,7d8c440c52d222fe,20,Lab,Noise
train/noise/7d8c440c52d222fe_w22.png,7d8c440c52d222fe,22,Lab,Noise
train/noise/7d8c440c52d222fe_w23.png,7d8c440c52d222fe,23,Lab,Noise
train/noise/7d8c440c52d222fe_w26.png,7d8c440c52d222fe,26,Lab,Noise
train/noise/7d8c440c52d222fe_w27.png,7d8c440c52d222fe,27,Lab,Noise
train/noise/7da44ed9e33ea63d_w04.png,7da44ed9e33ea63d,4,Field,Noise
train/noise/7da44ed9e33ea63d_w07.png,7da44ed9e33ea63d,7,Field,Noise
train/noise/7da44ed9e33ea63d_w12.png,7da44ed9e33ea63d,12,Field,Noise
train/noise/7da44ed9e33ea63d_w13.png,7da44ed9e33ea63d,13,Field,Noise
train/noise/7da44ed9e33ea63d_w17.png,7da44ed9e33ea63d,17,Field,Noise
train/noise/7da44ed9e33ea63d_w20.png,7da44ed9e33ea63d,20,Field,Noise
train/noise/7da44ed9e33ea63d_w22.png,7da44ed9e33ea63d,22,Field,Noise
train/noise/7da44ed9e33ea63d_w27.png,7da44ed9e33ea63d,27,Field,Noise
train/noise/7ea138b725618702_w09.png,7ea138b725618702,9,Field,Noise
train/noise/7ea138b725618702_w10.png,7ea138b725618702,10,Field,Noise
train/noise/7ea138b725618702_w11.png,7ea138b725618702,11,Field,Noise
train/noise/7ea138b725618702_w20.png,7ea138b725618702,20,Field,Noise
train/noise/7ea138b725618702_w21.png,7ea138b725618702,21,Field,Noise
train/noise/7ea138b725618702_w24.png,7ea138b725618702,24,Field,Noise
train/noise/7ea138b725618702_w26.png,7ea138b725618702,26,Field,Noise
train/noise/7ea138b725618702_w27.png,7ea138b725618702,27,Field,Noise
train/noise/7eeead391f63a387_w01.png,7eeead391f63a387,1,Field,Noise
train/noise/7eeead391f63a387_w02.png,7eeead391f63a387,2,Field,Noise
train/noise/7eeead391f63a387_w07.png,7eeead391f63a387,7,Field,Noise
train/noise/7eeead391f63a387_w09.png,7eeead391f63a387,9,Field,Noise
train/noise/7eeead391f63a387_w10.png,7eeead391f63a387,10,Field,Noise
train/noise/7eeead391f63a387_w18.png,7eeead391f63a387,18,Field,Noise
train/noise/7eeead391f63a387_w23.png,7eeead391f63a387,23,Field,Noise
train/noise/7eeead391f63a387_w26.png,7eeead391f63a387,26,Field,Noise
train/noise/7efdd9f0fd2717f2_w01.png,7efdd9f0fd2717f2,1,Field,Noise
train/noise/7efdd9f0fd2717f2_w14.png,7efdd9f0fd2717f2,14,Field,Noise
train/noise/7efdd9f0fd2717f2_w17.png,7efdd9f0fd2717f2,17,Field,Noise
train/noise/7efdd9f0fd2717f2_w18.png,7efdd9f0fd2717f2,18,Field,Noise
train/noise/7efdd9f0fd2717f2_w19.png,7efdd9f0fd2717f2,19,Field,Noise
train/noise/7efdd9f0fd2717f2_w20.png,7efdd9f0fd2717f2,20,Field,Noise
train/noise/7efdd9f0fd2717f2_w25.png,7efdd9f0fd2717f2,25,Field,Noise
train/noise/7efdd9f0fd2717f2_w27.png,7efdd9f0fd2717f2,27,Field,Noise
train/noise/7f0927a46c0cba49_w00.png,7f0927a46c0cba49,0,Field,Noise
train/noise/7f0927a46c0cba49_w04.png,7f0927a46c0cba49,4,Field,Noise
train/noise/7f0927a46c0cba49_w09.png,7f0927a46c0cba49,9,Field,Noise
train/noise/7f0927a46c0cba49_w12.png,7f0927a46c0cba49,12,Field,Noise
train/noise/7f0927a46c0cba49_w15.png,7f0927a46c0cba49,15,Field,Noise
train/noise/7f0927a46c0cba49_w20.png,7f0927a46c0cba49,20,Field,Noise
train/noise/7f0927a46c0cba49_w21.png,7f0927a46c0cba49,21,Field,Noise
train/noise/7f0927a46c0cba49_w26.png,7f0927a46c0cba49,26,Field,Noise
train/noise/7f1b8cff2b120806_w02.png,7f1b8cff2b120806,2,Lab,Noise
train/noise/7f1b8cff2b120806_w03.png,7f1b8cff2b120806,3,Lab,Noise
train/noise/7f1b8cff2b120806_w06.png,7f1b8cff2b120806,6,Lab,Noise
train/noise/7f1b8cff2b120806_w07.png,7f1b8cff2b120806,7,Lab,Noise
train/noise/7f1b8cff2b120806_w13.png,7f1b8cff2b120806,13,Lab,Noise
train/noise/7f1b8cff2b120806_w14.png,7f1b8cff2b120806,14,Lab,Noise
train/noise/7f1b8cff2b120806_w19.png,7f1b8cff2b120806,19,Lab,Noise
train/noise/7f1b8cff2b120806_w20.png,7f1b8cff2b120806,20,Lab,Noise
train/noise/7fc7670e7fa23174_w03.png,7fc7670e7fa23174,3,Field,Noise
train/noise/7fc7670e7fa23174_w06.png,7fc7670e7fa23174,6,Field,Noise
train/noise/7fc7670e7fa23174_w12.png,7fc7670e7fa23174,12,Field,Noise
train/noise/7fc7670e7fa23174_w13.png,7fc7670e7fa23174,13,Field,Noise
train/noise/7fc7670e7fa23174_w14.png,7fc7670e7fa23174,14,Field,Noise
train/noise/7fc7670e7fa23174_w16.png,7fc7670e7fa23174,16,Field,Noise
train/noise/7fc7670e7fa23174_w25.png,7fc7670e7fa23174,25,Field,Noise
train/noise/7fc7670e7fa23174_w27.png,7fc7670e7fa23174,27,Field,Noise
train/noise/7fca66f90cf98fe7_w01.png,7fca66f90cf98fe7,1,Field,Noise
train/noise/7fca66f90cf98fe7_w05.png,7fca66f90cf98fe7,5,Field,Noise
train/noise/7fca66f90cf98fe7_w07.png,7fca66f90cf98fe7,7,Field,Noise
train/noise/7fca66f90cf98fe7_w13.png,7fca66f90cf98fe7,13,Field,Noise
train/noise/7fca66f90cf98fe7_w14.png,7fca66f90cf98fe7,14,Field,Noise
train/noise/7fca66f90cf98fe7_w16.png,7fca66f90cf98fe7,16,Field,Noise
train/noise/7fca66f90cf98fe7_w22.png,7fca66f90cf98fe7,22,Field,Noise
train/noise/7fca66f90cf98fe7_w25.png,7fca66f90cf98fe7,25,Field,Noise
train/noise/8043741ce693c2bc_w03.png,8043741ce693c2bc,3,Lab,Noise
train/noise/8043741ce693c2bc_w08.png,8043741ce693c2bc,8,Lab,Noise
train/noise/8043741ce693c2bc_w12.png,8043741ce693c2bc,12,Lab,Noise
train/noise/8043741ce693c2bc_w18.png,8043741ce693c2bc,18,Lab,Noise
train/noise/8043741ce693c2bc_w20.png,8043741ce693c2bc,20,Lab,Noise
train/noise/8043741ce693c2bc_w22.png,8043741ce693c2bc,22,Lab,Noise
train/noise/8043741ce693c2bc_w24.png,8043741ce693c2bc,24,Lab,Noise
train/noise/8043741ce693c2bc_w25.png,8043741ce693c2bc,25,Lab,Noise
train/noise/805f4289742c9a72_w01.png,805f4289742c9a72,1,Field,Noise
train/noise/805f4289742c9a72_w05.png,805f4289742c9a72,5,Field,Noise
train/noise/805f4289742c9a72_w11.png,805f4289742c9a72,11,Field,Noise
train/noise/805f4289742c9a72_w13.png,805f4289742c9a72,13,Field,Noise
train/noise/805f4289742c9a72_w14.png,805f4289742c9a72,14,Field,Noise
train/noise/805f4289742c9a72_w19.png,805f4289742c9a72,19,Field,Noise
train/noise/805f4289742c9a72_w21.png,805f4289742c9a72,21,Field,Noise
train/noise/805f4289742c9a72_w26.png,805f4289742c9a72,26,Field,Noise
train/noise/807dc653536aa228_w00.png,807dc653536aa228,0,Field,Noise
train/noise/807dc653536aa228_w03.png,807dc653536aa228,3,Field,Noise
train/noise/807dc653536aa228_w04.png,807dc653536aa228,4,Field,Noise
train/noise/807dc653536aa228_w08.png,807dc653536aa228,8,Field,Noise
train/noise/807dc653536aa228_w09.png,807dc653536aa228,9,Field,Noise
train/noise/807dc653536aa228_w12.png,807dc653536aa228,12,Field,Noise
train/noise/807dc653536aa228_w19.png,807dc653536aa228,19,Field,Noise
train/noise/807dc653536aa228_w26.png,807dc653536aa228,26,Field,Noise
train/noise/8088d9d0e91c826e_w03.png,8088d9d0e91c826e,3,Field,Noise
train/noise/8088d9d0e91c826e_w05.png,8088d9d0e91c826e,5,Field,Noise
train/noise/8088d9d0e91c826e_w07.png,8088d9d0e91c826e,7,Field,Noise
train/noise/8088d9d0e91c826e_w10.png,8088d9d0e91c826e,10,Field,Noise
train/noise/8088d9d0e91c826e_w14.png,8088d9d0e91c826e,14,Field,Noise
train/noise/8088d9d0e91c826e_w19.png,8088d9d0e91c826e,19,Field,Noise
train/noise/8088d9d0e91c826e_w22.png,8088d9d0e91c826e,22,Field,Noise
train/noise/8088d9d0e91c826e_w23.png,8088d9d0e91c826e,23,Field,Noise
train/noise/8096219367bcab79_w02.png,8096219367bcab79,2,Field,Noise
train/noise/8096219367bcab79_w10.png,8096219367bcab79,10,Field,Noise
train/noise/8096219367bcab79_w14.png,8096219367bcab79,14,Field,Noise
train/noise/8096219367bcab79_w15.png,8096219367bcab79,15,Field,Noise
train/noise/8096219367bcab79_w16.png,8096219367bcab79,16,Field,Noise
train/noise/8096219367bcab79_w21.png,8096219367bcab79,21,Field,Noise
train/noise/8096219367bcab79_w23.png,8096219367bcab79,23,Field,Noise
train/noise/8096219367bcab79_w27.png,8096219367bcab79,27,Field,Noise
train/noise/8099cff6b2174b8a_w06.png,8099cff6b2174b8a,6,Field,Noise
train/noise/8099cff6b2174b8a_w08.png,8099cff6b2174b8a,8,Field,Noise
train/noise/8099cff6b2174b8a_w13.png,8099cff6b2174b8a,13,Field,Noise
train/noise/8099cff6b2174b8a_w18.png,8099cff6b2174b8a,18,Field,Noise
train/noise/8099cff6b2174b8a_w21.png,8099cff6b2174b8a,21,Field,Noise
train/noise/8099cff6b2174b8a_w23.png,8099cff6b2174b8a,23,Field,Noise
train/noise/8099cff6b2174b8a_w25.png,8099cff6b2174b8a,25,Field,Noise
train/noise/8099cff6b2174b8a_w27.png,8099cff6b2174b8a,27,Field,Noise
train/noise/80c6c413ee217dd2_w01.png,80c6c413ee217dd2,1,Field,Noise
train/noise/80c6c413ee217dd2_w04.png,80c6c413ee217dd2,4,Field,Noise
train/noise/80c6c413ee217dd2_w06.png,80c6c413ee217dd2,6,Field,Noise
train/noise/80c6c413ee217dd2_w08.png,80c6c413ee217dd2,8,Field,Noise
train/noise/80c6c413ee217dd2_w09.png,80c6c413ee217dd2,9,Field,Noise
train/noise/80c6c413ee217dd2_w18.png,80c6c413ee217dd2,18,Field,Noise
train/noise/80c6c413ee217dd2_w22.png,80c6c413ee217dd2,22,Field,Noise
train/noise/80c6c413ee217dd2_w26.png,80c6c413ee217dd2,26,Field,Noise
train/noise/80db5dd67bd66e8c_w01.png,80db5dd67bd66e8c,1,Field,Noise
train/noise/80db5dd67bd66e8c_w03.png,80db5dd67bd66e8c,3,Field,Noise
train/noise/80db5dd67bd66e8c_w08.png,80db5dd67bd66e8c,8,Field,Noise
train/noise/80db5dd67bd66e8c_w16.png,80db5dd67bd66e8c,16,Field,Noise
train/noise/80db5dd67bd66e8c_w19.png,80db5dd67bd66e8c,19,Field,Noise
train/noise/80db5dd67bd66e8c_w20.png,80db5dd67bd66e8c,20,Field,Noise
train/noise/80db5dd67bd66e8c_w21.png,80db5dd67bd66e8c,21,Field,Noise
train/noise/80db5dd67bd66e8c_w27.png,80db5dd67bd66e8c,27,Field,Noise
train/noise/817a9e5af872e1bb_w01.png,817a9e5af872e1bb,1,Field,Noise
train/noise/817a9e5af872e1bb_w02.png,817a9e5af872e1bb,2,Field,Noise
train/noise/817a9e5af872e1bb_w10.png,817a9e5af872e1bb,10,Field,Noise
train/noise/817a9e5af872e1bb_w18.png,817a9e5af872e1bb,18,Field,Noise
train/noise/817a9e5af872e1bb_w19.png,817a9e5af872e1bb,19,Field,Noise
train/noise/817a9e5af872e1bb_w20.png,817a9e5af872e1bb,20,Field,Noise
train/noise/817a9e5af872e1bb_w21.png,817a9e5af872e1bb,21,Field,Noise
train/noise/817a9e5af872e1bb_w23.png,817a9e5af872e1bb,23,Field,Noise
train/noise/818be87b7fe463c1_w01.png,818be87b7fe463c1,1,Lab,Noise
train/noise/818be87b7fe463c1_w06.png,818be87b7fe463c1,6,Lab,Noise
train/noise/818be87b7fe463c1_w09.png,818be87b7fe463c1,9,Lab,Noise
train/noise/818be87b7fe463c1_w12.png,818be87b7fe463c1,12,Lab,Noise
train/noise/818be87b7fe463c1_w14.png,818be87b7fe463c1,14,Lab,Noise
train/noise/818be87b7fe463c1_w15.png,818be87b7fe463c1,15,Lab,Noise
train/noise/818be87b7fe463c1_w18.png,818be87b7fe463c1,18,Lab,Noise
train/noise/818be87b7fe463c1_w21.png,818be87b7fe463c1,21,Lab,Noise
train/noise/81dbbe4ca2520471_w06.png,81dbbe4ca2520471,6,Field,Noise
train/noise/81dbbe4ca2520471_w07.png,81dbbe4ca2520471,7,Field,Noise
train/noise/81dbbe4ca2520471_w11.png,81dbbe4ca2520471,11,Field,Noise
train/noise/81dbbe4ca2520471_w12.png,81dbbe4ca2520471,12,Field,Noise
train/noise/81dbbe4ca2520471_w16.png,81dbbe4ca2520471,16,Field,Noise
train/noise/81dbbe4ca2520471_w18.png,81dbbe4ca2520471,18,Field,Noise
train/noise/81dbbe4ca2520471_w22.png,81dbbe4ca2520471,22,Field,Noise
train/noise/81dbbe4ca2520471_w25.png,81dbbe4ca2520471,25,Field,Noise
train/noise/828caa686b2bc85a_w01.png,828caa686b2bc85a,1,Lab,Noise
train/noise/828caa686b2bc85a_w03.png,828caa686b2bc85a,3,Lab,Noise
train/noise/828caa686b2bc85a_w14.png,828caa686b2bc85a,14,Lab,Noise
train/noise/828caa686b2bc85a_w15.png,828caa686b2bc85a,15,Lab,Noise
train/noise/828caa686b2bc85a_w22.png,828caa686b2bc85a,22,Lab,Noise
train/noise/828caa686b2bc85a_w23.png,828caa686b2bc85a,23,Lab,Noise
train/noise/828caa686b2bc85a_w25.png,828caa686b2bc85a,25,Lab,Noise
train/noise/828caa686b2bc85a_w27.png,828caa686b2bc85a,27,Lab,Noise
train/noise/82c43b37617174e5_w05.png,82c43b37617174e5,5,Field,Noise
train/noise/82c43b37617174e5_w10.png,82c43b37617174e5,10,Field,Noise
train/noise/82c43b37617174e5_w11.png,82c43b37617174e5,11,Field,Noise
train/noise/82c43b37617174e5_w13.png,82c43b37617174e5,13,Field,Noise
train/noise/82c43b37617174e5_w15.png,82c43b37617174e5,15,Field,Noise
train/noise/82c43b37617174e5_w17.png,82c43b37617174e5,17,Field,Noise
train/noise/82c43b37617174e5_w25.png,82c43b37617174e5,25,Field,Noise
train/noise/82c43b37617174e5_w26.png,82c43b37617174e5,26,Field,Noise
train/noise/832947b6227fb364_w07.png,832947b6227fb364,7,Field,Noise
train/noise/832947b6227fb364_w11.png,832947b6227fb364,11,Field,Noise
train/noise/832947b6227fb364_w13.png,832947b6227fb364,13,Field,Noise
train/noise/832947b6227fb364_w15.png,832947b6227fb364,15,Field,Noise
train/noise/832947b6227fb364_w16.png,832947b6227fb364,16,Field,Noise
train/noise/832947b6227fb364_w19.png,832947b6227fb364,19,Field,Noise
train/noise/832947b6227fb364_w24.png,832947b6227fb364,24,Field,Noise
train/noise/832947b6227fb364_w25.png,832947b6227fb364,25,Field,Noise
train/noise/8342d9e7c9899e10_w00.png,8342d9e7c9899e10,0,Field,Noise
train/noise/8342d9e7c9899e10_w08.png,8342d9e7c9899e10,8,Field,Noise
train/noise/8342d9e7c9899e10_w10.png,8342d9e7c9899e10,10,Field,Noise
train/noise/8342d9e7c9899e10_w15.png,8342d9e7c9899e10,15,Field,Noise
train/noise/8342d9e7c9899e10_w18.png,8342d9e7c9899e10,18,Field,Noise
train/noise/8342d9e7c9899e10_w24.png,8342d9e7c9899e10,24,Field,Noise
train/noise/8342d9e7c9899e10_w26.png,8342d9e7c9899e10,26,Field,Noise
train/noise/8342d9e7c9899e10_w27.png,8342d9e7c9899e10,27,Field,Noise
train/noise/834cbd73629d5b98_w10.png,834cbd73629d5b98,10,Field,Noise
train/noise/834cbd73629d5b98_w14.png,834cbd73629d5b98,14,Field,Noise
train/noise/834cbd73629d5b98_w15.png,834cbd73629d5b98,15,Field,Noise
train/noise/834cbd73629d5b98_w17.png,834cbd73629d5b98,17,Field,Noise
train/noise/834cbd73629d5b98_w20.png,834cbd73629d5b98,20,Field,Noise
train/noise/834cbd73629d5b98_w21.png,834cbd73629d5b98,21,Field,Noise
train/noise/834cbd73629d5b98_w24.png,834cbd73629d5b98,24,Field,Noise
train/noise/834cbd73629d5b98_w27.png,834cbd73629d5b98,27,Field,Noise
train/noise/8353b30dc246a408_w00.png,8353b30dc246a408,0,Field,Noise
train/noise/8353b30dc246a408_w02.png,8353b30dc246a408,2,Field,Noise
train/noise/8353b30dc246a408_w06.png,8353b30dc246a408,6,Field,Noise
train/noise/8353b30dc246a408_w08.png,8353b30dc246a408,8,Field,Noise
train/noise/8353b30dc246a408_w09.png,8353b30dc246a408,9,Field,Noise
train/noise/8353b30dc246a408_w11.png,8353b30dc246a408,11,Field,Noise
train/noise/8353b30dc246a408_w12.png,8353b30dc246a408,12,Field,Noise
train/noise/8353b30dc246a408_w26.png,8353b30dc246a408,26,Field,Noise
train/noise/84685eaa80704a1a_w00.png,84685eaa80704a1a,0,Field,Noise
train/noise/84685eaa80704a1a_w06.png,84685eaa80704a1a,6,Field,Noise
train/noise/84685eaa80704a1a_w11.png,84685eaa80704a1a,11,Field,Noise
train/noise/84685eaa80704a1a_w13.png,84685eaa80704a1a,13,Field,Noise
train/noise/84685eaa80704a1a_w14.png,84685eaa80704a1a,14,Field,Noise
train/noise/84685eaa80704a1a_w20.png,84685eaa80704a1a,20,Field,Noise
train/noise/84685eaa80704a1a_w22.png,84685eaa80704a1a,22,Field,Noise
train/noise/84685eaa80704a1a_w27.png,84685eaa80704a1a,27,Field,Noise
train/noise/8481e77dcd58c32e_w00.png,8481e77dcd58c32e,0,Field,Noise
train/noise/8481e77dcd58c32e_w01.png,8481e77dcd58c32e,1,Field,Noise
train/noise/8481e77dcd58c32e_w03.png,8481e77dcd58c32e,3,Field,Noise
train/noise/8481e77dcd58c32e_w11.png,8481e77dcd58c32e,11,Field,Noise
train/noise/8481e77dcd58c32e_w15.png,8481e77dcd58c32e,15,Field,Noise
train/noise/8481e77dcd58c32e_w17.png,8481e77dcd58c32e,17,Field,Noise
train/noise/8481e77dcd58c32e_w22.png,8481e77dcd58c32e,22,Field,Noise
train/noise/8481e77dcd58c32e_w25.png,8481e77dcd58c32e,25,Field,Noise
train/noise/84ac305ea5f981a6_w01.png,84ac305ea5f981a6,1,Lab,Noise
train/noise/84ac305ea5f981a6_w02.png,84ac305ea5f981a6,2,Lab,Noise
train/noise/84ac305ea5f981a6_w04.png,84ac305ea5f981a6,4,Lab,Noise
train/noise/84ac305ea5f981a6_w10.png,84ac305ea5f981a6,10,Lab,Noise
train/noise/84ac305ea5f981a6_w12.png,84ac305ea5f981a6,12,Lab,Noise
train/noise/84ac305ea5f981a6_w19.png,84ac305ea5f981a6,19,Lab,Noise
train/noise/84ac305ea5f981a6_w21.png,84ac305ea5f981a6,21,Lab,Noise
train/noise/84ac305ea5f981a6_w26.png,84ac305ea5f981a6,26,Lab,Noise
train/noise/8541c5401f9d2e83_w00.png,8541c5401f9d2e83,0,Field,Noise
train/noise/8541c5401f9d2e83_w01.png,8541c5401f9d2e83,1,Field,Noise
train/noise/8541c5401f9d2e83_w05.png,8541c5401f9d2e83,5,Field,Noise
train/noise/8541c5401f9d2e83_w14.png,8541c5401f9d2e83,14,Field,Noise
train/noise/8541c5401f9d2e83_w15.png,8541c5401f9d2e83,15,Field,Noise
train/noise/8541c5401f9d2e83_w16.png,8541c5401f9d2e83,16,Field,Noise
train/noise/8541c5401f9d2e83_w18.png,8541c5401f9d2e83,18,Field,Noise
train/noise/8541c5401f9d2e83_w22.png,8541c5401f9d2e83,22,Field,Noise
train/noise/8545a012b64bfa8a_w01.png,8545a012b64bfa8a,1,Field,Noise
train/noise/8545a012b64bfa8a_w05.png,8545a012b64bfa8a,5,Field,Noise
train/noise/8545a012b64bfa8a_w06.png,8545a012b64bfa8a,6,Field,Noise
train/noise/8545a012b64bfa8a_w15.png,8545a012b64bfa8a,15,Field,Noise
train/noise/8545a012b64bfa8a_w19.png,8545a012b64bfa8a,19,Field,Noise
train/noise/8545a012b64bfa8a_w21.png,8545a012b64bfa8a,21,Field,Noise
train/noise/8545a012b64bfa8a_w24.png,8545a012b64bfa8a,24,Field,Noise
train/noise/8545a012b64bfa8a_w25.png,8545a012b64bfa8a,25,Field,Noise
train/noise/85d54bc50fbc69c7_w03.png,85d54bc50fbc69c7,3,Field,Noise
train/noise/85d54bc50fbc69c7_w05.png,85d54bc50fbc69c7,5,Field,Noise
train/noise/85d54bc50fbc69c7_w09.png,85d54bc50fbc69c7,9,Field,Noise
train/noise/85d54bc50fbc69c7_w10.png,85d54bc50fbc69c7,10,Field,Noise
train/noise/85d54bc50fbc69c7_w17.png,85d54bc50fbc69c7,17,Field,Noise
train/noise/85d54bc50fbc69c7_w24.png,85d54bc50fbc69c7,24,Field,Noise
train/noise/85d54bc50fbc69c7_w26.png,85d54bc50fbc69c7,26,Field,Noise
train/noise/85d54bc50fbc69c7_w27.png,85d54bc50fbc69c7,27,Field,Noise
train/noise/85f47db08bec6970_w00.png,85f47db08bec6970,0,Lab,Noise
train/noise/85f47db08bec6970_w05.png,85f47db08bec6970,5,Lab,Noise
train/noise/85f47db08bec6970_w12.png,85f47db08bec6970,12,Lab,Noise
train/noise/85f47db08bec6970_w16.png,85f47db08bec6970,16,Lab,Noise
train/noise/85f47db08bec6970_w18.png,85f47db08bec6970,18,Lab,Noise
train/noise/85f47db08bec6970_w19.png,85f47db08bec6970,19,Lab,Noise
train/noise/85f47db08bec6970_w25.png,85f47db08bec6970,25,Lab,Noise
train/noise/85f47db08bec6970_w26.png,85f47db08bec6970,26,Lab,Noise
train/noise/86444a3adea5fef0_w00.png,86444a3adea5fef0,0,Lab,Noise
train/noise/86444a3adea5fef0_w03.png,86444a3adea5fef0,3,Lab,Noise
train/noise/86444a3adea5fef0_w04.png,86444a3adea5fef0,4,Lab,Noise
train/noise/86444a3adea5fef0_w05.png,86444a3adea5fef0,5,Lab,Noise
train/noise/86444a3adea5fef0_w11.png,86444a3adea5fef0,11,Lab,Noise
train/noise/86444a3adea5fef0_w14.png,86444a3adea5fef0,14,Lab,Noise
train/noise/86444a3adea5fef0_w15.png,86444a3adea5fef0,15,Lab,Noise
train/noise/86444a3adea5fef0_w25.png,86444a3adea5fef0,25,Lab,Noise
train/noise/8652267f9534c4c5_w00.png,8652267f9534c4c5,0,Field,Noise
train/noise/8652267f9534c4c5_w01.png,8652267f9534c4c5,1,Field,Noise
train/noise/8652267f9534c4c5_w02.png,8652267f9534c4c5,2,Field,Noise
train/noise/8652267f9534c4c5_w08.png,8652267f9534c4c5,8,Field,Noise
train/noise/8652267f9534c4c5_w16.png,8652267f9534c4c5,16,Field,Noise
train/noise/8652267f9534c4c5_w24.png,8652267f9534c4c5,24,Field,Noise
train/noise/8652267f9534c4c5_w26.png,8652267f9534c4c5,26,Field,Noise
train/noise/8652267f9534c4c5_w27.png,8652267f9534c4c5,27,Field,Noise
train/noise/8679af098091053f_w00.png,8679af098091053f,0,Field,Noise
train/noise/8679af098091053f_w04.png,8679af098091053f,4,Field,Noise
train/noise/8679af098091053f_w17.png,8679af098091053f,17,Field,Noise
train/noise/8679af098091053f_w19.png,8679af098091053f,19,Field,Noise
train/noise/8679af098091053f_w21.png,8679af098091053f,21,Field,Noise
train/noise/8679af098091053f_w25.png,8679af098091053f,25,Field,Noise
train/noise/8679af098091053f_w26.png,8679af098091053f,26,Field,Noise
train/noise/8679af098091053f_w27.png,8679af098091053f,27,Field,Noise
train/noise/8680d3c08f92f089_w00.png,8680d3c08f92f089,0,Field,Noise
train/noise/8680d3c08f92f089_w08.png,8680d3c08f92f089,8,Field,Noise
train/noise/8680d3c08f92f089_w09.png,8680d3c08f92f089,9,Field,Noise
train/noise/8680d3c08f92f089_w14.png,8680d3c08f92f089,14,Field,Noise
train/noise/8680d3c08f92f089_w22.png,8680d3c08f92f089,22,Field,Noise
train/noise/8680d3c08f92f089_w24.png,8680d3c08f92f089,24,Field,Noise
train/noise/8680d3c08f92f089_w25.png,8680d3c08f92f089,25,Field,Noise
train/noise/8680d3c08f92f089_w26.png,8680d3c08f92f089,26,Field,Noise
train/noise/86a208a2a3f90664_w01.png,86a208a2a3f90664,1,Field,Noise
train/noise/86a208a2a3f90664_w02.png,86a208a2a3f90664,2,Field,Noise
train/noise/86a208a2a3f90664_w08.png,86a208a2a3f90664,8,Field,Noise
train/noise/86a208a2a3f90664_w09.png,86a208a2a3f90664,9,Field,Noise
train/noise/86a208a2a3f90664_w10.png,86a208a2a3f90664,10,Field,Noise
train/noise/86a208a2a3f90664_w12.png,86a208a2a3f90664,12,Field,Noise
train/noise/86a208a2a3f90664_w22.png,86a208a2a3f90664,22,Field,Noise
train/noise/86a208a2a3f90664_w26.png,86a208a2a3f90664,26,Field,Noise
train/noise/86c02a067a15fa30_w01.png,86c02a067a15fa30,1,Field,Noise
train/noise/86c02a067a15fa30_w02.png,86c02a067a15fa30,2,Field,Noise
train/noise/86c02a067a15fa30_w05.png,86c02a067a15fa30,5,Field,Noise
train/noise/86c02a067a15fa30_w06.png,86c02a067a15fa30,6,Field,Noise
train/noise/86c02a067a15fa30_w17.png,86c02a067a15fa30,17,Field,Noise
train/noise/86c02a067a15fa30_w21.png,86c02a067a15fa30,21,Field,Noise
train/noise/86c02a067a15fa30_w22.png,86c02a067a15fa30,22,Field,Noise
train/noise/86c02a067a15fa30_w25.png,86c02a067a15fa30,25,Field,Noise
train/noise/87251036db8864f4_w07.png,87251036db8864f4,7,Lab,Noise
train/noise/87251036db8864f4_w10.png,87251036db8864f4,10,Lab,Noise
train/noise/87251036db8864f4_w12.png,87251036db8864f4,12,Lab,Noise
train/noise/87251036db8864f4_w13.png,87251036db8864f4,13,Lab,Noise
train/noise/87251036db8864f4_w14.png,87251036db8864f4,14,Lab,Noise
train/noise/87251036db8864f4_w19.png,87251036db8864f4,19,Lab,Noise
train/noise/87251036db8864f4_w23.png,87251036db8864f4,23,Lab,Noise
train/noise/87251036db8864f4_w24.png,87251036db8864f4,24,Lab,Noise
train/noise/8732ee3d359509bd_w01.png,8732ee3d359509bd,1,Field,Noise
train/noise/8732ee3d359509bd_w03.png,8732ee3d359509bd,3,Field,Noise
train/noise/8732ee3d359509bd_w13.png,8732ee3d359509bd,13,Field,Noise
train/noise/8732ee3d359509bd_w17.png,8732ee3d359509bd,17,Field,Noise
train/noise/8732ee3d359509bd_w19.png,8732ee3d359509bd,19,Field,Noise
train/noise/8732ee3d359509bd_w21.png,8732ee3d359509bd,21,Field,Noise
train/noise/8732ee3d359509bd_w25.png,8732ee3d359509bd,25,Field,Noise
train/noise/8732ee3d359509bd_w27.png,8732ee3d359509bd,27,Field,Noise
train/noise/87b3e40e58a3cfd8_w06.png,87b3e40e58a3cfd8,6,Field,Noise
train/noise/87b3e40e58a3cfd8_w07.png,87b3e40e58a3cfd8,7,Field,Noise
train/noise/87b3e40e58a3cfd8_w08.png,87b3e40e58a3cfd8,8,Field,Noise
train/noise/87b3e40e58a3cfd8_w10.png,87b3e40e58a3cfd8,10,Field,Noise
train/noise/87b3e40e58a3cfd8_w12.png,87b3e40e58a3cfd8,12,Field,Noise
train/noise/87b3e40e58a3cfd8_w14.png,87b3e40e58a3cfd8,14,Field,Noise
train/noise/87b3e40e58a3cfd8_w18.png,87b3e40e58a3cfd8,18,Field,Noise
train/noise/87b3e40e58a3cfd8_w24.png,87b3e40e58a3cfd8,24,Field,Noise
train/noise/8835a88ba173f4e9_w00.png,8835a88ba173f4e9,0,Field,Noise
train/noise/8835a88ba173f4e9_w03.png,8835a88ba173f4e9,3,Field,Noise
train/noise/8835a88ba173f4e9_w05.png,8835a88ba173f4e9,5,Field,Noise
train/noise/8835a88ba173f4e9_w08.png,8835a88ba173f4e9,8,Field,Noise
train/noise/8835a88ba173f4e9_w13.png,8835a88ba173f4e9,13,Field,Noise
train/noise/8835a88ba173f4e9_w23.png,8835a88ba173f4e9,23,Field,Noise
train/noise/8835a88ba173f4e9_w24.png,8835a88ba173f4e9,24,Field,Noise
train/noise/8835a88ba173f4e9_w27.png,8835a88ba173f4e9,27,Field,Noise
train/noise/8879d487511cc368_w03.png,8879d487511cc368,3,Field,Noise
train/noise/8879d487511cc368_w06.png,8879d487511cc368,6,Field,Noise
train/noise/8879d487511cc368_w08.png,8879d487511cc368,8,Field,Noise
train/noise/8879d487511cc368_w15.png,8879d487511cc368,15,Field,Noise
train/noise/8879d487511cc368_w19.png,8879d487511cc368,19,Field,Noise
train/noise/8879d487511cc368_w23.png,8879d487511cc368,23,Field,Noise
train/noise/8879d487511cc368_w26.png,8879d487511cc368,26,Field,Noise
train/noise/8879d487511cc368_w27.png,8879d487511cc368,27,Field,Noise
train/noise/8895e8b91eab3f06_w06.png,8895e8b91eab3f06,6,Field,Noise
train/noise/8895e8b91eab3f06_w10.png,8895e8b91eab3f06,10,Field,Noise
train/noise/8895e8b91eab3f06_w13.png,8895e8b91eab3f06,13,Field,Noise
train/noise/8895e8b91eab3f06_w14.png,8895e8b91eab3f06,14,Field,Noise
train/noise/8895e8b91eab3f06_w15.png,8895e8b91eab3f06,15,Field,Noise
train/noise/8895e8b91eab3f06_w16.png,8895e8b91eab3f06,16,Field,Noise
train/noise/8895e8b91eab3f06_w23.png,8895e8b91eab3f06,23,Field,Noise
train/noise/8895e8b91eab3f06_w25.png,8895e8b91eab3f06,25,Field,Noise
train/noise/88aa720983393979_w00.png,88aa720983393979,0,Field,Noise
train/noise/88aa720983393979_w03.png,88aa720983393979,3,Field,Noise
train/noise/88aa720983393979_w05.png,88aa720983393979,5,Field,Noise
train/noise/88aa720983393979_w11.png,88aa720983393979,11,Field,Noise
train/noise/88aa720983393979_w13.png,88aa720983393979,13,Field,Noise
train/noise/88aa720983393979_w22.png,88aa720983393979,22,Field,Noise
train/noise/88aa720983393979_w24.png,88aa720983393979,24,Field,Noise
train/noise/88aa720983393979_w25.png,88aa720983393979,25,Field,Noise
train/noise/8908e4968ba2ce5e_w03.png,8908e4968ba2ce5e,3,Field,Noise
train/noise/8908e4968ba2ce5e_w05.png,8908e4968ba2ce5e,5,Field,Noise
train/noise/8908e4968ba2ce5e_w06.png,8908e4968ba2ce5e,6,Field,Noise
train/noise/8908e4968ba2ce5e_w15.png,8908e4968ba2ce5e,15,Field,Noise
train/noise/8908e4968ba2ce5e_w16.png,8908e4968ba2ce5e,16,Field,Noise
train/noise/8908e4968ba2ce5e_w17.png,8908e4968ba2ce5e,17,Field,Noise
train/noise/8908e4968ba2ce5e_w24.png,8908e4968ba2ce5e,24,Field,Noise
train/noise/8908e4968ba2ce5e_w26.png,8908e4968ba2ce5e,26,Field,Noise
train/noise/89475594ea35c1fa_w04.png,89475594ea35c1fa,4,Field,Noise
train/noise/89475594ea35c1fa_w05.png,89475594ea35c1fa,5,Field,Noise
train/noise/89475594ea35c1fa_w08.png,89475594ea35c1fa,8,Field,Noise
train/noise/89475594ea35c1fa_w10.png,89475594ea35c1fa,10,Field,Noise
train/noise/89475594ea35c1fa_w16.png,89475594ea35c1fa,16,Field,Noise
train/noise/89475594ea35c1fa_w19.png,89475594ea35c1fa,19,Field,Noise
train/noise/89475594ea35c1fa_w20.png,89475594ea35c1fa,20,Field,Noise
train/noise/89475594ea35c1fa_w23.png,89475594ea35c1fa,23,Field,Noise
train/noise/89a634b509360c2b_w05.png,89a634b509360c2b,5,Lab,Noise
train/noise/89a634b509360c2b_w08.png,89a634b509360c2b,8,Lab,Noise
train/noise/89a634b509360c2b_w13.png,89a634b509360c2b,13,Lab,Noise
train/noise/89a634b509360c2b_w16.png,89a634b509360c2b,16,Lab,Noise
train/noise/89a634b509360c2b_w18.png,89a634b509360c2b,18,Lab,Noise
train/noise/89a634b509360c2b_w20.png,89a634b509360c2b,20,Lab,Noise
train/noise/89a634b509360c2b_w22.png,89a634b509360c2b,22,Lab,Noise
train/noise/89a634b509360c2b_w27.png,89a634b509360c2b,27,Lab,Noise
train/noise/89c6e499658a1ef0_w05.png,89c6e499658a1ef0,5,Field,Noise
train/noise/89c6e499658a1ef0_w06.png,89c6e499658a1ef0,6,Field,Noise
train/noise/89c6e499658a1ef0_w11.png,89c6e499658a1ef0,11,Field,Noise
train/noise/89c6e499658a1ef0_w12.png,89c6e499658a1ef0,12,Field,Noise
train/noise/89c6e499658a1ef0_w17.png,89c6e499658a1ef0,17,Field,Noise
train/noise/89c6e499658a1ef0_w22.png,89c6e499658a1ef0,22,Field,Noise
train/noise/89c6e499658a1ef0_w24.png,89c6e499658a1ef0,24,Field,Noise
train/noise/89c6e499658a1ef0_w27.png,89c6e499658a1ef0,27,Field,Noise
train/noise/89e5e51b0cd025a2_w03.png,89e5e51b0cd025a2,3,Lab,Noise
train/noise/89e5e51b0cd025a2_w08.png,89e5e51b0cd025a2,8,Lab,Noise
train/noise/89e5e51b0cd025a2_w10.png,89e5e51b0cd025a2,10,Lab,Noise
train/noise/89e5e51b0cd025a2_w13.png,89e5e51b0cd025a2,13,Lab,Noise
train/noise/89e5e51b0cd025a2_w15.png,89e5e51b0cd025a2,15,Lab,Noise
train/noise/89e5e51b0cd025a2_w19.png,89e5e51b0cd025a2,19,Lab,Noise
train/noise/89e5e51b0cd025a2_w22.png,89e5e51b0cd025a2,22,Lab,Noise
train/noise/89e5e51b0cd025a2_w25.png,89e5e51b0cd025a2,25,Lab,Noise
train/noise/8a0346388477f2cc_w02.png,8a0346388477f2cc,2,Field,Noise
train/noise/8a0346388477f2cc_w03.png,8a0346388477f2cc,3,Field,Noise
train/noise/8a0346388477f2cc_w06.png,8a0346388477f2cc,6,Field,Noise
train/noise/8a0346388477f2cc_w08.png,8a0346388477f2cc,8,Field,Noise
train/noise/8a0346388477f2cc_w15.png,8a0346388477f2cc,15,Field,Noise
train/noise/8a0346388477f2cc_w21.png,8a0346388477f2cc,21,Field,Noise
train/noise/8a0346388477f2cc_w22.png,8a0346388477f2cc,22,Field,Noise
train/noise/8a0346388477f2cc_w25.png,8a0346388477f2cc,25,Field,Noise
train/noise/8b09a0a126c65882_w03.png,8b09a0a126c65882,3,Lab,Noise
train/noise/8b09a0a126c65882_w04.png,8b09a0a126c65882,4,Lab,Noise
train/noise/8b09a0a126c65882_w05.png,8b09a0a126c65882,5,Lab,Noise
train/noise/8b09a0a126c65882_w06.png,8b09a0a126c65882,6,Lab,Noise
train/noise/8b09a0a126c65882_w13.png,8b09a0a126c65882,13,Lab,Noise
train/noise/8b09a0a126c65882_w15.png,8b09a0a126c65882,15,Lab,Noise
train/noise/8b09a0a126c65882_w22.png,8b09a0a126c65882,22,Lab,Noise
train/noise/8b09a0a126c65882_w25.png,8b09a0a126c65882,25,Lab,Noise
train/noise/8b2bbda5bc423cb5_w01.png,8b2bbda5bc423cb5,1,Field,Noise
train/noise/8b2bbda5bc423cb5_w06.png,8b2bbda5bc423cb5,6,Field,Noise
train/noise/8b2bbda5bc423cb5_w07.png,8b2bbda5bc423cb5,7,Field,Noise
train/noise/8b2bbda5bc423cb5_w16.png,8b2bbda5bc423cb5,16,Field,Noise
train/noise/8b2bbda5bc423cb5_w19.png,8b2bbda5bc423cb5,19,Field,Noise
train/noise/8b2bbda5bc423cb5_w23.png,8b2bbda5bc423cb5,23,Field,Noise
train/noise/8b2bbda5bc423cb5_w24.png,8b2bbda5bc423cb5,24,Field,Noise
train/noise/8b2bbda5bc423cb5_w26.png,8b2bbda5bc423cb5,26,Field,Noise
train/noise/8b2db6e9e5a2492f_w02.png,8b2db6e9e5a2492f,2,Lab,Noise
train/noise/8b2db6e9e5a2492f_w07.png,8b2db6e9e5a2492f,7,Lab,Noise
train/noise/8b2db6e9e5a2492f_w13.png,8b2db6e9e5a2492f,13,Lab,Noise
train/noise/8b2db6e9e5a2492f_w16.png,8b2db6e9e5a2492f,16,Lab,Noise
train/noise/8b2db6e9e5a2492f_w19.png,8b2db6e9e5a2492f,19,Lab,Noise
train/noise/8b2db6e9e5a2492f_w23.png,8b2db6e9e5a2492f,23,Lab,Noise
train/noise/8b2db6e9e5a2492f_w26.png,8b2db6e9e5a2492f,26,Lab,Noise
train/noise/8b2db6e9e5a2492f_w27.png,8b2db6e9e5a2492f,27,Lab,Noise
train/noise/8b317a01d41b36c8_w07.png,8b317a01d41b36c8,7,Field,Noise
train/noise/8b317a01d41b36c8_w10.png,8b317a01d41b36c8,10,Field,Noise
train/noise/8b317a01d41b36c8_w11.png,8b317a01d41b36c8,11,Field,Noise
train/noise/8b317a01d41b36c8_w14.png,8b317a01d41b36c8,14,Field,Noise
train/noise/8b317a01d41b36c8_w16.png,8b317a01d41b36c8,16,Field,Noise
train/noise/8b317a01d41b36c8_w17.png,8b317a01d41b36c8,17,Field,Noise
train/noise/8b317a01d41b36c8_w18.png,8b317a01d41b36c8,18,Field,Noise
train/noise/8b317a01d41b36c8_w25.png,8b317a01d41b36c8,25,Field,Noise
train/noise/8c356b49d028bd13_w00.png,8c356b49d028bd13,0,Field,Noise
train/noise/8c356b49d028bd13_w10.png,8c356b49d028bd13,10,Field,Noise
train/noise/8c356b49d028bd13_w16.png,8c356b49d028bd13,16,Field,Noise
train/noise/8c356b49d028bd13_w19.png,8c356b49d028bd13,19,Field,Noise
train/noise/8c356b49d028bd13_w21.png,8c356b49d028bd13,21,Field,Noise
train/noise/8c356b49d028bd13_w22.png,8c356b49d028bd13,22,Field,Noise
train/noise/8c356b49d028bd13_w24.png,8c356b49d028bd13,24,Field,Noise
train/noise/8c356b49d028bd13_w27.png,8c356b49d028bd13,27,Field,Noise
train/noise/8c49588a1544bc3f_w01.png,8c49588a1544bc3f,1,Lab,Noise
train/noise/8c49588a1544bc3f_w02.png,8c49588a1544bc3f,2,Lab,Noise
train/noise/8c49588a1544bc3f_w03.png,8c49588a1544bc3f,3,Lab,Noise
train/noise/8c49588a1544bc3f_w12.png,8c49588a1544bc3f,12,Lab,Noise
train/noise/8c49588a1544bc3f_w18.png,8c49588a1544bc3f,18,Lab,Noise
train/noise/8c49588a1544bc3f_w24.png,8c49588a1544bc3f,24,Lab,Noise
train/noise/8c49588a1544bc3f_w25.png,8c49588a1544bc3f,25,Lab,Noise
train/noise/8c49588a1544bc3f_w27.png,8c49588a1544bc3f,27,Lab,Noise
train/noise/8cd084a08a280100_w00.png,8cd084a08a280100,0,Field,Noise
train/noise/8cd084a08a280100_w03.png,8cd084a08a280100,3,Field,Noise
train/noise/8cd084a08a280100_w04.png,8cd084a08a280100,4,Field,Noise
train/noise/8cd084a08a280100_w07.png,8cd084a08a280100,7,Field,Noise
train/noise/8cd084a08a280100_w09.png,8cd084a08a280100,9,Field,Noise
train/noise/8cd084a08a280100_w14.png,8cd084a08a280100,14,Field,Noise
train/noise/8cd084a08a280100_w17.png,8cd084a08a280100,17,Field,Noise
train/noise/8cd084a08a280100_w19.png,8cd084a08a280100,19,Field,Noise
train/noise/8ce700877caef928_w00.png,8ce700877caef928,0,Lab,Noise
train/noise/8ce700877caef928_w02.png,8ce700877caef928,2,Lab,Noise
train/noise/8ce700877caef928_w03.png,8ce700877caef928,3,Lab,Noise
train/noise/8ce700877caef928_w06.png,8ce700877caef928,6,Lab,Noise
train/noise/8ce700877caef928_w10.png,8ce700877caef928,10,Lab,Noise
train/noise/8ce700877caef928_w11.png,8ce700877caef928,11,Lab,Noise
train/noise/8ce700877caef928_w20.png,8ce700877caef928,20,Lab,Noise
train/noise/8ce700877caef928_w23.png,8ce700877caef928,23,Lab,Noise
train/noise/8d3f779b3e8ec6e8_w01.png,8d3f779b3e8ec6e8,1,Field,Noise
train/noise/8d3f779b3e8ec6e8_w06.png,8d3f779b3e8ec6e8,6,Field,Noise
train/noise/8d3f779b3e8ec6e8_w11.png,8d3f779b3e8ec6e8,11,Field,Noise
train/noise/8d3f779b3e8ec6e8_w15.png,8d3f779b3e8ec6e8,15,Field,Noise
train/noise/8d3f779b3e8ec6e8_w16.png,8d3f779b3e8ec6e8,16,Field,Noise
train/noise/8d3f779b3e8ec6e8_w22.png,8d3f779b3e8ec6e8,22,Field,Noise
train/noise/8d3f779b3e8ec6e8_w25.png,8d3f779b3e8ec6e8,25,Field,Noise
train/noise/8d3f779b3e8ec6e8_w26.png,8d3f779b3e8ec6e8,26,Field,Noise
train/noise/8e481657563f232b_w06.png,8e481657563f232b,6,Field,Noise
train/noise/8e481657563f232b_w07.png,8e481657563f232b,7,Field,Noise
train/noise/8e481657563f232b_w10.png,8e481657563f232b,10,Field,Noise
train/noise/8e481657563f232b_w16.png,8e481657563f232b,16,Field,Noise
train/noise/8e481657563f232b_w21.png,8e481657563f232b,21,Field,Noise
train/noise/8e481657563f232b_w24.png,8e481657563f232b,24,Field,Noise
train/noise/8e481657563f232b_w25.png,8e481657563f232b,25,Field,Noise
train/noise/8e481657563f232b_w26.png,8e481657563f232b,26,Field,Noise
train/noise/8e6c4cfe5a52c50c_w03.png,8e6c4cfe5a52c50c,3,Field,Noise
train/noise/8e6c4cfe5a52c50c_w12.png,8e6c4cfe5a52c50c,12,Field,Noise
train/noise/8e6c4cfe5a52c50c_w13.png,8e6c4cfe5a52c50c,13,Field,Noise
train/noise/8e6c4cfe5a52c50c_w14.png,8e6c4cfe5a52c50c,14,Field,Noise
train/noise/8e6c4cfe5a52c50c_w18.png,8e6c4cfe5a52c50c,18,Field,Noise
train/noise/8e6c4cfe5a52c50c_w19.png,8e6c4cfe5a52c50c,19,Field,Noise
train/noise/8e6c4cfe5a52c50c_w20.png,8e6c4cfe5a52c50c,20,Field,Noise
train/noise/8e6c4cfe5a52c50c_w23.png,8e6c4cfe5a52c50c,23,Field,Noise
train/noise/8e81433988191912_w03.png,8e81433988191912,3,Lab,Noise
train/noise/8e81433988191912_w13.png,8e81433988191912,13,Lab,Noise
train/noise/8e81433988191912_w14.png,8e81433988191912,14,Lab,Noise
train/noise/8e81433988191912_w15.png,8e81433988191912,15,Lab,Noise
train/noise/8e81433988191912_w17.png,8e81433988191912,17,Lab,Noise
train/noise/8e81433988191912_w23.png,8e81433988191912,23,Lab,Noise
train/noise/8e81433988191912_w25.png,8e81433988191912,25,Lab,Noise
train/noise/8e81433988191912_w26.png,8e81433988191912,26,Lab,Noise
train/noise/8ea7126f35d4df64_w01.png,8ea7126f35d4df64,1,Field,Noise
train/noise/8ea7126f35d4df64_w02.png,8ea7126f35d4df64,2,Field,Noise
train/noise/8ea7126f35d4df64_w05.png,8ea7126f35d4df64,5,Field,Noise
train/noise/8ea7126f35d4df64_w06.png,8ea7126f35d4df64,6,Field,Noise
train/noise/8ea7126f35d4df64_w10.png,8ea7126f35d4df64,10,Field,Noise
train/noise/8ea7126f35d4df64_w13.png,8ea7126f35d4df64,13,Field,Noise
train/noise/8ea7126f35d4df64_w25.png,8ea7126f35d4df64,25,Field,Noise
train/noise/8ea7126f35d4df64_w26.png,8ea7126f35d4df64,26,Field,Noise
train/noise/8ecdf354693a60ff_w00.png,8ecdf354693a60ff,0,Lab,Noise
train/noise/8ecdf354693a60ff_w04.png,8ecdf354693a60ff,4,Lab,Noise
train/noise/8ecdf354693a60ff_w05.png,8ecdf354693a60ff,5,Lab,Noise
train/noise/8ecdf354693a60ff_w06.png,8ecdf354693a60ff,6,Lab,Noise
train/noise/8ecdf354693a60ff_w09.png,8ecdf354693a60ff,9,Lab,Noise
train/noise/8ecdf354693a60ff_w11.png,8ecdf354693a60ff,11,Lab,Noise
train/noise/8ecdf354693a60ff_w17.png,8ecdf354693a60ff,17,Lab,Noise
train/noise/8ecdf354693a60ff_w20.png,8ecdf354693a60ff,20,Lab,Noise
train/noise/8efaad829f841383_w00.png,8efaad829f841383,0,Field,Noise
train/noise/8efaad829f841383_w02.png,8efaad829f841383,2,Field,Noise
train/noise/8efaad829f841383_w07.png,8efaad829f841383,7,Field,Noise
train/noise/8efaad829f841383_w11.png,8efaad829f841383,11,Field,Noise
train/noise/8efaad829f841383_w14.png,8efaad829f841383,14,Field,Noise
train/noise/8efaad829f841383_w15.png,8efaad829f841383,15,Field,Noise
train/noise/8efaad829f841383_w22.png,8efaad829f841383,22,Field,Noise
train/noise/8efaad829f841383_w25.png,8efaad829f841383,25,Field,Noise
train/noise/8f0d10d5e502c487_w03.png,8f0d10d5e502c487,3,Field,Noise
train/noise/8f0d10d5e502c487_w04.png,8f0d10d5e502c487,4,Field,Noise
train/noise/8f0d10d5e502c487_w05.png,8f0d10d5e502c487,5,Field,Noise
train/noise/8f0d10d5e502c487_w08.png,8f0d10d5e502c487,8,Field,Noise
train/noise/8f0d10d5e502c487_w11.png,8f0d10d5e502c487,11,Field,Noise
train/noise/8f0d10d5e502c487_w15.png,8f0d10d5e502c487,15,Field,Noise
train/noise/8f0d10d5e502c487_w24.png,8f0d10d5e502c487,24,Field,Noise
train/noise/8f0d10d5e502c487_w26.png,8f0d10d5e502c487,26,Field,Noise
train/noise/901f3b5e40c85e45_w00.png,901f3b5e40c85e45,0,Field,Noise
train/noise/901f3b5e40c85e45_w02.png,901f3b5e40c85e45,2,Field,Noise
train/noise/901f3b5e40c85e45_w06.png,901f3b5e40c85e45,6,Field,Noise
train/noise/901f3b5e40c85e45_w07.png,901f3b5e40c85e45,7,Field,Noise
train/noise/901f3b5e40c85e45_w13.png,901f3b5e40c85e45,13,Field,Noise
train/noise/901f3b5e40c85e45_w16.png,901f3b5e40c85e45,16,Field,Noise
train/noise/901f3b5e40c85e45_w19.png,901f3b5e40c85e45,19,Field,Noise
train/noise/901f3b5e40c85e45_w22.png,901f3b5e40c85e45,22,Field,Noise
train/noise/90739ec4d0212483_w00.png,90739ec4d0212483,0,Field,Noise
train/noise/90739ec4d0212483_w04.png,90739ec4d0212483,4,Field,Noise
train/noise/90739ec4d0212483_w05.png,90739ec4d0212483,5,Field,Noise
train/noise/90739ec4d0212483_w06.png,90739ec4d0212483,6,Field,Noise
train/noise/90739ec4d0212483_w08.png,90739ec4d0212483,8,Field,Noise
train/noise/90739ec4d0212483_w15.png,90739ec4d0212483,15,Field,Noise
train/noise/90739ec4d0212483_w17.png,90739ec4d0212483,17,Field,Noise
train/noise/90739ec4d0212483_w21.png,90739ec4d0212483,21,Field,Noise
train/noise/90c47885ac859630_w00.png,90c47885ac859630,0,Field,Noise
train/noise/90c47885ac859630_w01.png,90c47885ac859630,1,Field,Noise
train/noise/90c47885ac859630_w03.png,90c47885ac859630,3,Field,Noise
train/noise/90c47885ac859630_w04.png,90c47885ac859630,4,Field,Noise
train/noise/90c47885ac859630_w16.png,90c47885ac859630,16,Field,Noise
train/noise/90c47885ac859630_w21.png,90c47885ac859630,21,Field,Noise
train/noise/90c47885ac859630_w24.png,90c47885ac859630,24,Field,Noise
train/noise/90c47885ac859630_w27.png,90c47885ac859630,27,Field,Noise
train/noise/9180a423bc93abc8_w00.png,9180a423bc93abc8,0,Field,Noise
train/noise/9180a423bc93abc8_w05.png,9180a423bc93abc8,5,Field,Noise
train/noise/9180a423bc93abc8_w11.png,9180a423bc93abc8,11,Field,Noise
train/noise/9180a423bc93abc8_w14.png,9180a423bc93abc8,14,Field,Noise
train/noise/9180a423bc93abc8_w15.png,9180a423bc93abc8,15,Field,Noise
train/noise/9180a423bc93abc8_w16.png,9180a423bc93abc8,16,Field,Noise
train/noise/9180a423bc93abc8_w24.png,9180a423bc93abc8,24,Field,Noise
train/noise/9180a423bc93abc8_w27.png,9180a423bc93abc8,27,Field,Noise
train/noise/91e113d90e10a658_w02.png,91e113d90e10a658,2,Field,Noise
train/noise/91e113d90e10a658_w06.png,91e113d90e10a658,6,Field,Noise
train/noise/91e113d90e10a658_w07.png,91e113d90e10a658,7,Field,Noise
train/noise/91e113d90e10a658_w08.png,91e113d90e10a658,8,Field,Noise
train/noise/91e113d90e10a658_w13.png,91e113d90e10a658,13,Field,Noise
train/noise/91e113d90e10a658_w17.png,91e113d90e10a658,17,Field,Noise
train/noise/91e113d90e10a658_w18.png,91e113d90e10a658,18,Field,Noise
train/noise/91e113d90e10a658_w24.png,91e113d90e10a658,24,Field,Noise
train/noise/92300f2a00fa936c_w03.png,92300f2a00fa936c,3,Field,Noise
train/noise/92300f2a00fa936c_w07.png,92300f2a00fa936c,7,Field,Noise
train/noise/92300f2a00fa936c_w09.png,92300f2a00fa936c,9,Field,Noise
train/noise/92300f2a00fa936c_w12.png,92300f2a00fa936c,12,Field,Noise
train/noise/92300f2a00fa936c_w15.png,92300f2a00fa936c,15,Field,Noise
train/noise/92300f2a00fa936c_w20.png,92300f2a00fa936c,20,Field,Noise
train/noise/92300f2a00fa936c_w26.png,92300f2a00fa936c,26,Field,Noise
train/noise/92300f2a00fa936c_w27.png,92300f2a00fa936c,27,Field,Noise
train/noise/9259a612c36edf7e_w05.png,9259a612c36edf7e,5,Field,Noise
train/noise/9259a612c36edf7e_w06.png,9259a612c36edf7e,6,Field,Noise
train/noise/9259a612c36edf7e_w07.png,9259a612c36edf7e,7,Field,Noise
train/noise/9259a612c36edf7e_w09.png,9259a612c36edf7e,9,Field,Noise
train/noise/9259a612c36edf7e_w10.png,9259a612c36edf7e,10,Field,Noise
train/noise/9259a612c36edf7e_w16.png,9259a612c36edf7e,16,Field,Noise
train/noise/9259a612c36edf7e_w18.png,9259a612c36edf7e,18,Field,Noise
train/noise/9259a612c36edf7e_w24.png,9259a612c36edf7e,24,Field,Noise
train/noise/93863fe081f4668c_w05.png,93863fe081f4668c,5,Field,Noise
train/noise/93863fe081f4668c_w10.png,93863fe081f4668c,10,Field,Noise
train/noise/93863fe081f4668c_w11.png,93863fe081f4668c,11,Field,Noise
train/noise/93863fe081f4668c_w12.png,93863fe081f4668c,12,Field,Noise
train/noise/93863fe081f4668c_w15.png,93863fe081f4668c,15,Field,Noise
train/noise/93863fe081f4668c_w21.png,93863fe081f4668c,21,Field,Noise
train/noise/93863fe081f4668c_w22.png,93863fe081f4668c,22,Field,Noise
train/noise/93863fe081f4668c_w25.png,93863fe081f4668c,25,Field,Noise
train/noise/93f5e8e2b6fb6ff6_w01.png,93f5e8e2b6fb6ff6,1,Field,Noise
train/noise/93f5e8e2b6fb6ff6_w07.png,93f5e8e2b6fb6ff6,7,Field,Noise
train/noise/93f5e8e2b6fb6ff6_w09.png,93f5e8e2b6fb6ff6,9,Field,Noise
train/noise/93f5e8e2b6fb6ff6_w13.png,93f5e8e2b6fb6ff6,13,Field,Noise
train/noise/93f5e8e2b6fb6ff6_w22.png,93f5e8e2b6fb6ff6,22,Field,Noise
train/noise/93f5e8e2b6fb6ff6_w23.png,93f5e8e2b6fb6ff6,23,Field,Noise
train/noise/93f5e8e2b6fb6ff6_w25.png,93f5e8e2b6fb6ff6,25,Field,Noise
train/noise/93f5e8e2b6fb6ff6_w27.png,93f5e8e2b6fb6ff6,27,Field,Noise
train/noise/9493459278416c27_w06.png,9493459278416c27,6,Field,Noise
train/noise/9493459278416c27_w10.png,9493459278416c27,10,Field,Noise
train/noise/9493459278416c27_w12.png,9493459278416c27,12,Field,Noise
train/noise/9493459278416c27_w14.png,9493459278416c27,14,Field,Noise
train/noise/9493459278416c27_w15.png,9493459278416c27,15,Field,Noise
train/noise/9493459278416c27_w17.png,9493459278416c27,17,Field,Noise
train/noise/9493459278416c27_w21.png,9493459278416c27,21,Field,Noise
train/noise/9493459278416c27_w24.png,9493459278416c27,24,Field,Noise
train/noise/94e76d9c2546db84_w01.png,94e76d9c2546db84,1,Field,Noise
train/noise/94e76d9c2546db84_w05.png,94e76d9c2546db84,5,Field,Noise
train/noise/94e76d9c2546db84_w08.png,94e76d9c2546db84,8,Field,Noise
train/noise/94e76d9c2546db84_w11.png,94e76d9c2546db84,11,Field,Noise
train/noise/94e76d9c2546db84_w12.png,94e76d9c2546db84,12,Field,Noise
train/noise/94e76d9c2546db84_w19.png,94e76d9c2546db84,19,Field,Noise
train/noise/94e76d9c2546db84_w23.png,94e76d9c2546db84,23,Field,Noise
train/noise/94e76d9c2546db84_w25.png,94e76d9c2546db84,25,Field,Noise
train/noise/957abc00bdd79933_w00.png,957abc00bdd79933,0,Field,Noise
train/noise/957abc00bdd79933_w01.png,957abc00bdd79933,1,Field,Noise
train/noise/957abc00bdd79933_w02.png,957abc00bdd79933,2,Field,Noise
train/noise/957abc00bdd79933_w04.png,957abc00bdd79933,4,Field,Noise
train/noise/957abc00bdd79933_w05.png,957abc00bdd79933,5,Field,Noise
train/noise/957abc00bdd79933_w12.png,957abc00bdd79933,12,Field,Noise
train/noise/957abc00bdd79933_w13.png,957abc00bdd79933,13,Field,Noise
train/noise/957abc00bdd79933_w20.png,957abc00bdd79933,20,Field,Noise
train/noise/9601fcdb8c2b904b_w02.png,9601fcdb8c2b904b,2,Field,Noise
train/noise/9601fcdb8c2b904b_w03.png,9601fcdb8c2b904b,3,Field,Noise
train/noise/9601fcdb8c2b904b_w04.png,9601fcdb8c2b904b,4,Field,Noise
train/noise/9601fcdb8c2b904b_w07.png,9601fcdb8c2b904b,7,Field,Noise
train/noise/9601fcdb8c2b904b_w10.png,9601fcdb8c2b904b,10,Field,Noise
train/noise/9601fcdb8c2b904b_w13.png,9601fcdb8c2b904b,13,Field,Noise
train/noise/9601fcdb8c2b904b_w17.png,9601fcdb8c2b904b,17,Field,Noise
train/noise/9601fcdb8c2b904b_w20.png,9601fcdb8c2b904b,20,Field,Noise
train/noise/96b76c5ddc431495_w00.png,96b76c5ddc431495,0,Field,Noise
train/noise/96b76c5ddc431495_w06.png,96b76c5ddc431495,6,Field,Noise
train/noise/96b76c5ddc431495_w08.png,96b76c5ddc431495,8,Field,Noise
train/noise/96b76c5ddc431495_w16.png,96b76c5ddc431495,16,Field,Noise
train/noise/96b76c5ddc431495_w17.png,96b76c5ddc431495,17,Field,Noise
train/noise/96b76c5ddc431495_w18.png,96b76c5ddc431495,18,Field,Noise
train/noise/96b76c5ddc431495_w22.png,96b76c5ddc431495,22,Field,Noise
train/noise/96b76c5ddc431495_w26.png,96b76c5ddc431495,26,Field,Noise
train/noise/970b8468ed9cae4e_w04.png,970b8468ed9cae4e,4,Field,Noise
train/noise/970b8468ed9cae4e_w06.png,970b8468ed9cae4e,6,Field,Noise
train/noise/970b8468ed9cae4e_w08.png,970b8468ed9cae4e,8,Field,Noise
train/noise/970b8468ed9cae4e_w13.png,970b8468ed9cae4e,13,Field,Noise
train/noise/970b8468ed9cae4e_w15.png,970b8468ed9cae4e,15,Field,Noise
train/noise/970b8468ed9cae4e_w18.png,970b8468ed9cae4e,18,Field,Noise
train/noise/970b8468ed9cae4e_w22.png,970b8468ed9cae4e,22,Field,Noise
train/noise/970b8468ed9cae4e_w26.png,970b8468ed9cae4e,26,Field,Noise
train/noise/9718dffeb3ed894c_w00.png,9718dffeb3ed894c,0,Lab,Noise
train/noise/9718dffeb3ed894c_w12.png,9718dffeb3ed894c,12,Lab,Noise
train/noise/9718dffeb3ed894c_w14.png,9718dffeb3ed894c,14,Lab,Noise
train/noise/9718dffeb3ed894c_w16.png,9718dffeb3ed894c,16,Lab,Noise
train/noise/9718dffeb3ed894c_w17.png,9718dffeb3ed894c,17,Lab,Noise
train/noise/9718dffeb3ed894c_w20.png,9718dffeb3ed894c,20,Lab,Noise
train/noise/9718dffeb3ed894c_w24.png,9718dffeb3ed894c,24,Lab,Noise
train/noise/9718dffeb3ed894c_w27.png,9718dffeb3ed894c,27,Lab,Noise
train/noise/97cf9f9eab556238_w01.png,97cf9f9eab556238,1,Field,Noise
train/noise/97cf9f9eab556238_w05.png,97cf9f9eab556238,5,Field,Noise
train/noise/97cf9f9eab556238_w06.png,97cf9f9eab556238,6,Field,Noise
train/noise/97cf9f9eab556238_w07.png,97cf9f9eab556238,7,Field,Noise
train/noise/97cf9f9eab556238_w12.png,97cf9f9eab556238,12,Field,Noise
train/noise/97cf9f9eab556238_w16.png,97cf9f9eab556238,16,Field,Noise
train/noise/97cf9f9eab556238_w19.png,97cf9f9eab556238,19,Field,Noise
train/noise/97cf9f9eab556238_w26.png,97cf9f9eab556238,26,Field,Noise
train/noise/97e4ee4cd42e8796_w00.png,97e4ee4cd42e8796,0,Field,Noise
train/noise/97e4ee4cd42e8796_w07.png,97e4ee4cd42e8796,7,Field,Noise
train/noise/97e4ee4cd42e8796_w09.png,97e4ee4cd42e8796,9,Field,Noise
train/noise/97e4ee4cd42e8796_w12.png,97e4ee4cd42e8796,12,Field,Noise
train/noise/97e4ee4cd42e8796_w14.png,97e4ee4cd42e8796,14,Field,Noise
train/noise/97e4ee4cd42e8796_w17.png,97e4ee4cd42e8796,17,Field,Noise
train/noise/97e4ee4cd42e8796_w18.png,97e4ee4cd42e8796,18,Field,Noise
train/noise/97e4ee4cd42e8796_w23.png,97e4ee4cd42e8796,23,Field,Noise
train/noise/97e7bd14c71b2f43_w00.png,97e7bd14c71b2f43,0,Field,Noise
train/noise/97e7bd14c71b2f43_w09.png,97e7bd14c71b2f43,9,Field,Noise
train/noise/97e7bd14c71b2f43_w11.png,97e7bd14c71b2f43,11,Field,Noise
train/noise/97e7bd14c71b2f43_w13.png,97e7bd14c71b2f43,13,Field,Noise
train/noise/97e7bd14c71b2f43_w17.png,97e7bd14c71b2f43,17,Field,Noise
train/noise/97e7bd14c71b2f43_w18.png,97e7bd14c71b2f43,18,Field,Noise
train/noise/97e7bd14c71b2f43_w21.png,97e7bd14c71b2f43,21,Field,Noise
train/noise/97e7bd14c71b2f43_w22.png,97e7bd14c71b2f43,22,Field,Noise
train/noise/980778740f04a540_w03.png,980778740f04a540,3,Lab,Noise
train/noise/980778740f04a540_w07.png,980778740f04a540,7,Lab,Noise
train/noise/980778740f04a540_w08.png,980778740f04a540,8,Lab,Noise
train/noise/980778740f04a540_w09.png,980778740f04a540,9,Lab,Noise
train/noise/980778740f04a540_w12.png,980778740f04a540,12,Lab,Noise
train/noise/980778740f04a540_w18.png,980778740f04a540,18,Lab,Noise
train/noise/980778740f04a540_w19.png,980778740f04a540,19,Lab,Noise
train/noise/980778740f04a540_w24.png,980778740f04a540,24,Lab,Noise
train/noise/989a06a3795716d4_w03.png,989a06a3795716d4,3,Field,Noise
train/noise/989a06a3795716d4_w10.png,989a06a3795716d4,10,Field,Noise
train/noise/989a06a3795716d4_w13.png,989a06a3795716d4,13,Field,Noise
train/noise/989a06a3795716d4_w18.png,989a06a3795716d4,18,Field,Noise
train/noise/989a06a3795716d4_w20.png,989a06a3795716d4,20,Field,Noise
train/noise/989a06a3795716d4_w24.png,989a06a3795716d4,24,Field,Noise
train/noise/989a06a3795716d4_w25.png,989a06a3795716d4,25,Field,Noise
train/noise/989a06a3795716d4_w27.png,989a06a3795716d4,27,Field,Noise
train/noise/98e21d6e50b09e8b_w07.png,98e21d6e50b09e8b,7,Lab,Noise
train/noise/98e21d6e50b09e8b_w11.png,98e21d6e50b09e8b,11,Lab,Noise
train/noise/98e21d6e50b09e8b_w12.png,98e21d6e50b09e8b,12,Lab,Noise
train/noise/98e21d6e50b09e8b_w16.png,98e21d6e50b09e8b,16,Lab,Noise
train/noise/98e21d6e50b09e8b_w18.png,98e21d6e50b09e8b,18,Lab,Noise
train/noise/98e21d6e50b09e8b_w19.png,98e21d6e50b09e8b,19,Lab,Noise
train/noise/98e21d6e50b09e8b_w21.png,98e21d6e50b09e8b,21,Lab,Noise
train/noise/98e21d6e50b09e8b_w23.png,98e21d6e50b09e8b,23,Lab,Noise
train/noise/9926ef04cf06c802_w04.png,9926ef04cf06c802,4,Lab,Noise
train/noise/9926ef04cf06c802_w05.png,9926ef04cf06c802,5,Lab,Noise
train/noise/9926ef04cf06c802_w06.png,9926ef04cf06c802,6,Lab,Noise
train/noise/9926ef04cf06c802_w08.png,9926ef04cf06c802,8,Lab,Noise
train/noise/9926ef04cf06c802_w11.png,9926ef04cf06c802,11,Lab,Noise
train/noise/9926ef04cf06c802_w12.png,9926ef04cf06c802,12,Lab,Noise
train/noise/9926ef04cf06c802_w19.png,9926ef04cf06c802,19,Lab,Noise
train/noise/9926ef04cf06c802_w22.png,9926ef04cf06c802,22,Lab,Noise
train/noise/9946ac0b039f2fd3_w01.png,9946ac0b039f2fd3,1,Field,Noise
train/noise/9946ac0b039f2fd3_w06.png,9946ac0b039f2fd3,6,Field,Noise
train/noise/9946ac0b039f2fd3_w07.png,9946ac0b039f2fd3,7,Field,Noise
train/noise/9946ac0b039f2fd3_w09.png,9946ac0b039f2fd3,9,Field,Noise
train/noise/9946ac0b039f2fd3_w12.png,9946ac0b039f2fd3,12,Field,Noise
train/noise/9946ac0b039f2fd3_w17.png,9946ac0b039f2fd3,17,Field,Noise
train/noise/9946ac0b039f2fd3_w20.png,9946ac0b039f2fd3,20,Field,Noise
train/noise/9946ac0b039f2fd3_w21.png,9946ac0b039f2fd3,21,Field,Noise
train/noise/995da59129374a44_w00.png,995da59129374a44,0,Lab,Noise
train/noise/995da59129374a44_w02.png,995da59129374a44,2,Lab,Noise
train/noise/995da59129374a44_w06.png,995da59129374a44,6,Lab,Noise
train/noise/995da59129374a44_w10.png,995da59129374a44,10,Lab,Noise
train/noise/995da59129374a44_w18.png,995da59129374a44,18,Lab,Noise
train/noise/995da59129374a44_w20.png,995da59129374a44,20,Lab,Noise
train/noise/995da59129374a44_w24.png,995da59129374a44,24,Lab,Noise
train/noise/995da59129374a44_w27.png,995da59129374a44,27,Lab,Noise
train/noise/99ceb10529af1f72_w01.png,99ceb10529af1f72,1,Field,Noise
train/noise/99ceb10529af1f72_w04.png,99ceb10529af1f72,4,Field,Noise
train/noise/99ceb10529af1f72_w06.png,99ceb10529af1f72,6,Field,Noise
train/noise/99ceb10529af1f72_w07.png,99ceb10529af1f72,7,Field,Noise
train/noise/99ceb10529af1f72_w09.png,99ceb10529af1f72,9,Field,Noise
train/noise/99ceb10529af1f72_w15.png,99ceb10529af1f72,15,Field,Noise
train/noise/99ceb10529af1f72_w20.png,99ceb10529af1f72,20,Field,Noise
train/noise/99ceb10529af1f72_w22.png,99ceb10529af1f72,22,Field,Noise
train/noise/99f5b0c93f04e9fa_w00.png,99f5b0c93f04e9fa,0,Field,Noise
train/noise/99f5b0c93f04e9fa_w03.png,99f5b0c93f04e9fa,3,Field,Noise
train/noise/99f5b0c93f04e9fa_w04.png,99f5b0c93f04e9fa,4,Field,Noise
train/noise/99f5b0c93f04e9fa_w07.png,99f5b0c93f04e9fa,7,Field,Noise
train/noise/99f5b0c93f04e9fa_w15.png,99f5b0c93f04e9fa,15,Field,Noise
train/noise/99f5b0c93f04e9fa_w16.png,99f5b0c93f04e9fa,16,Field,Noise
train/noise/99f5b0c93f04e9fa_w21.png,99f5b0c93f04e9fa,21,Field,Noise
train/noise/99f5b0c93f04e9fa_w23.png,99f5b0c93f04e9fa,23,Field,Noise
train/noise/9a17f6b0858600b6_w01.png,9a17f6b0858600b6,1,Lab,Noise
train/noise/9a17f6b0858600b6_w07.png,9a17f6b0858600b6,7,Lab,Noise
train/noise/9a17f6b0858600b6_w08.png,9a17f6b0858600b6,8,Lab,Noise
train/noise/9a17f6b0858600b6_w10.png,9a17f6b0858600b6,10,Lab,Noise
train/noise/9a17f6b0858600b6_w11.png,9a17f6b0858600b6,11,Lab,Noise
train/noise/9a17f6b0858600b6_w14.png,9a17f6b0858600b6,14,Lab,Noise
train/noise/9a17f6b0858600b6_w15.png,9a17f6b0858600b6,15,Lab,Noise
train/noise/9a17f6b0858600b6_w16.png,9a17f6b0858600b6,16,Lab,Noise
train/noise/9a2873dd42cda6b6_w02.png,9a2873dd42cda6b6,2,Field,Noise
train/noise/9a2873dd42cda6b6_w06.png,9a2873dd42cda6b6,6,Field,Noise
train/noise/9a2873dd42cda6b6_w07.png,9a2873dd42cda6b6,7,Field,Noise
train/noise/9a2873dd42cda6b6_w09.png,9a2873dd42cda6b6,9,Field,Noise
train/noise/9a2873dd42cda6b6_w15.png,9a2873dd42cda6b6,15,Field,Noise
train/noise/9a2873dd42cda6b6_w17.png,9a2873dd42cda6b6,17,Field,Noise
train/noise/9a2873dd42cda6b6_w18.png,9a2873dd42cda6b6,18,Field,Noise
train/noise/9a2873dd42cda6b6_w22.png,9a2873dd42cda6b6,22,Field,Noise
train/noise/9a3cc2591a8a2e2c_w11.png,9a3cc2591a8a2e2c,11,Lab,Noise
train/noise/9a3cc2591a8a2e2c_w13.png,9a3cc2591a8a2e2c,13,Lab,Noise
train/noise/9a3cc2591a8a2e2c_w14.png,9a3cc2591a8a2e2c,14,Lab,Noise
train/noise/9a3cc2591a8a2e2c_w16.png,9a3cc2591a8a2e2c,16,Lab,Noise
train/noise/9a3cc2591a8a2e2c_w18.png,9a3cc2591a8a2e2c,18,Lab,Noise
train/noise/9a3cc2591a8a2e2c_w22.png,9a3cc2591a8a2e2c,22,Lab,Noise
train/noise/9a3cc2591a8a2e2c_w26.png,9a3cc2591a8a2e2c,26,Lab,Noise
train/noise/9a3cc2591a8a2e2c_w27.png,9a3cc2591a8a2e2c,27,Lab,Noise
train/noise/9a601316fbab5235_w03.png,9a601316fbab5235,3,Field,Noise
train/noise/9a601316fbab5235_w06.png,9a601316fbab5235,6,Field,Noise
train/noise/9a601316fbab5235_w07.png,9a601316fbab5235,7,Field,Noise
train/noise/9a601316fbab5235_w08.png,9a601316fbab5235,8,Field,Noise
train/noise/9a601316fbab5235_w11.png,9a601316fbab5235,11,Field,Noise
train/noise/9a601316fbab5235_w14.png,9a601316fbab5235,14,Field,Noise
train/noise/9a601316fbab5235_w16.png,9a601316fbab5235,16,Field,Noise
train/noise/9a601316fbab5235_w19.png,9a601316fbab5235,19,Field,Noise
train/noise/9b5fbc4dd191b6c9_w01.png,9b5fbc4dd191b6c9,1,Field,Noise
train/noise/9b5fbc4dd191b6c9_w05.png,9b5fbc4dd191b6c9,5,Field,Noise
train/noise/9b5fbc4dd191b6c9_w08.png,9b5fbc4dd191b6c9,8,Field,Noise
train/noise/9b5fbc4dd191b6c9_w10.png,9b5fbc4dd191b6c9,10,Field,Noise
train/noise/9b5fbc4dd191b6c9_w13.png,9b5fbc4dd191b6c9,13,Field,Noise
train/noise/9b5fbc4dd191b6c9_w21.png,9b5fbc4dd191b6c9,21,Field,Noise
train/noise/9b5fbc4dd191b6c9_w24.png,9b5fbc4dd191b6c9,24,Field,Noise
train/noise/9b5fbc4dd191b6c9_w25.png,9b5fbc4dd191b6c9,25,Field,Noise
train/noise/9b8e32793e4b2ece_w01.png,9b8e32793e4b2ece,1,Field,Noise
train/noise/9b8e32793e4b2ece_w03.png,9b8e32793e4b2ece,3,Field,Noise
train/noise/9b8e32793e4b2ece_w13.png,9b8e32793e4b2ece,13,Field,Noise
train/noise/9b8e32793e4b2ece_w15.png,9b8e32793e4b2ece,15,Field,Noise
train/noise/9b8e32793e4b2ece_w21.png,9b8e32793e4b2ece,21,Field,Noise
train/noise/9b8e32793e4b2ece_w24.png,9b8e32793e4b2ece,24,Field,Noise
train/noise/9b8e32793e4b2ece_w26.png,9b8e32793e4b2ece,26,Field,Noise
train/noise/9b8e32793e4b2ece_w27.png,9b8e32793e4b2ece,27,Field,Noise
train/noise/9c494da5ac56b307_w00.png,9c494da5ac56b307,0,Field,Noise
train/noise/9c494da5ac56b307_w07.png,9c494da5ac56b307,7,Field,Noise
train/noise/9c494da5ac56b307_w09.png,9c494da5ac56b307,9,Field,Noise
train/noise/9c494da5ac56b307_w10.png,9c494da5ac56b307,10,Field,Noise
train/noise/9c494da5ac56b307_w19.png,9c494da5ac56b307,19,Field,Noise
train/noise/9c494da5ac56b307_w24.png,9c494da5ac56b307,24,Field,Noise
train/noise/9c494da5ac56b307_w25.png,9c494da5ac56b307,25,Field,Noise
train/noise/9c494da5ac56b307_w26.png,9c494da5ac56b307,26,Field,Noise
train/noise/9c88972826aa69d1_w02.png,9c88972826aa69d1,2,Field,Noise
train/noise/9c88972826aa69d1_w03.png,9c88972826aa69d1,3,Field,Noise
train/noise/9c88972826aa69d1_w13.png,9c88972826aa69d1,13,Field,Noise
train/noise/9c88972826aa69d1_w15.png,9c88972826aa69d1,15,Field,Noise
train/noise/9c88972826aa69d1_w19.png,9c88972826aa69d1,19,Field,Noise
train/noise/9c88972826aa69d1_w20.png,9c88972826aa69d1,20,Field,Noise
train/noise/9c88972826aa69d1_w22.png,9c88972826aa69d1,22,Field,Noise
train/noise/9c88972826aa69d1_w26.png,9c88972826aa69d1,26,Field,Noise
train/noise/9cad205b8584541b_w00.png,9cad205b8584541b,0,Field,Noise
train/noise/9cad205b8584541b_w14.png,9cad205b8584541b,14,Field,Noise
train/noise/9cad205b8584541b_w16.png,9cad205b8584541b,16,Field,Noise
train/noise/9cad205b8584541b_w17.png,9cad205b8584541b,17,Field,Noise
train/noise/9cad205b8584541b_w21.png,9cad205b8584541b,21,Field,Noise
train/noise/9cad205b8584541b_w22.png,9cad205b8584541b,22,Field,Noise
train/noise/9cad205b8584541b_w23.png,9cad205b8584541b,23,Field,Noise
train/noise/9cad205b8584541b_w25.png,9cad205b8584541b,25,Field,Noise
train/noise/9cb600f558b86d1f_w00.png,9cb600f558b86d1f,0,Field,Noise
train/noise/9cb600f558b86d1f_w02.png,9cb600f558b86d1f,2,Field,Noise
train/noise/9cb600f558b86d1f_w06.png,9cb600f558b86d1f,6,Field,Noise
train/noise/9cb600f558b86d1f_w10.png,9cb600f558b86d1f,10,Field,Noise
train/noise/9cb600f558b86d1f_w13.png,9cb600f558b86d1f,13,Field,Noise
train/noise/9cb600f558b86d1f_w23.png,9cb600f558b86d1f,23,Field,Noise
train/noise/9cb600f558b86d1f_w24.png,9cb600f558b86d1f,24,Field,Noise
train/noise/9cb600f558b86d1f_w25.png,9cb600f558b86d1f,25,Field,Noise
train/noise/9cc4913880f5be55_w04.png,9cc4913880f5be55,4,Field,Noise
train/noise/9cc4913880f5be55_w07.png,9cc4913880f5be55,7,Field,Noise
train/noise/9cc4913880f5be55_w10.png,9cc4913880f5be55,10,Field,Noise
train/noise/9cc4913880f5be55_w11.png,9cc4913880f5be55,11,Field,Noise
train/noise/9cc4913880f5be55_w12.png,9cc4913880f5be55,12,Field,Noise
train/noise/9cc4913880f5be55_w16.png,9cc4913880f5be55,16,Field,Noise
train/noise/9cc4913880f5be55_w24.png,9cc4913880f5be55,24,Field,Noise
train/noise/9cc4913880f5be55_w26.png,9cc4913880f5be55,26,Field,Noise
train/noise/9d81cc325e1830b0_w01.png,9d81cc325e1830b0,1,Field,Noise
train/noise/9d81cc325e1830b0_w02.png,9d81cc325e1830b0,2,Field,Noise
train/noise/9d81cc325e1830b0_w05.png,9d81cc325e1830b0,5,Field,Noise
train/noise/9d81cc325e1830b0_w12.png,9d81cc325e1830b0,12,Field,Noise
train/noise/9d81cc325e1830b0_w13.png,9d81cc325e1830b0,13,Field,Noise
train/noise/9d81cc325e1830b0_w14.png,9d81cc325e1830b0,14,Field,Noise
train/noise/9d81cc325e1830b0_w17.png,9d81cc325e1830b0,17,Field,Noise
train/noise/9d81cc325e1830b0_w20.png,9d81cc325e1830b0,20,Field,Noise
train/noise/9d91098a3991e6de_w01.png,9d91098a3991e6de,1,Field,Noise
train/noise/9d91098a3991e6de_w09.png,9d91098a3991e6de,9,Field,Noise
train/noise/9d91098a3991e6de_w11.png,9d91098a3991e6de,11,Field,Noise
train/noise/9d91098a3991e6de_w14.png,9d91098a3991e6de,14,Field,Noise
train/noise/9d91098a3991e6de_w16.png,9d91098a3991e6de,16,Field,Noise
train/noise/9d91098a3991e6de_w17.png,9d91098a3991e6de,17,Field,Noise
train/noise/9d91098a3991e6de_w22.png,9d91098a3991e6de,22,Field,Noise
train/noise/9d91098a3991e6de_w27.png,9d91098a3991e6de,27,Field,Noise
train/noise/9dc0d28f5572cc52_w03.png,9dc0d28f5572cc52,3,Field,Noise
train/noise/9dc0d28f5572cc52_w07.png,9dc0d28f5572cc52,7,Field,Noise
train/noise/9dc0d28f5572cc52_w09.png,9dc0d28f5572cc52,9,Field,Noise
train/noise/9dc0d28f5572cc52_w15.png,9dc0d28f5572cc52,15,Field,Noise
train/noise/9dc0d28f5572cc52_w18.png,9dc0d28f5572cc52,18,Field,Noise
train/noise/9dc0d28f5572cc52_w21.png,9dc0d28f5572cc52,21,Field,Noise
train/noise/9dc0d28f5572cc52_w23.png,9dc0d28f5572cc52,23,Field,Noise
train/noise/9dc0d28f5572cc52_w24.png,9dc0d28f5572cc52,24,Field,Noise
train/noise/9df7c23dca312cc8_w01.png,9df7c23dca312cc8,1,Field,Noise
train/noise/9df7c23dca312cc8_w05.png,9df7c23dca312cc8,5,Field,Noise
train/noise/9df7c23dca312cc8_w08.png,9df7c23dca312cc8,8,Field,Noise
train/noise/9df7c23dca312cc8_w14.png,9df7c23dca312cc8,14,Field,Noise
train/noise/9df7c23dca312cc8_w17.png,9df7c23dca312cc8,17,Field,Noise
train/noise/9df7c23dca312cc8_w22.png,9df7c23dca312cc8,22,Field,Noise
train/noise/9df7c23dca312cc8_w24.png,9df7c23dca312cc8,24,Field,Noise
train/noise/9df7c23dca312cc8_w26.png,9df7c23dca312cc8,26,Field,Noise
train/noise/9e301b9023c3b994_w03.png,9e301b9023c3b994,3,Field,Noise
train/noise/9e301b9023c3b994_w05.png,9e301b9023c3b994,5,Field,Noise
train/noise/9e301b9023c3b994_w09.png,9e301b9023c3b994,9,Field,Noise
train/noise/9e301b9023c3b994_w12.png,9e301b9023c3b994,12,Field,Noise
train/noise/9e301b9023c3b994_w16.png,9e301b9023c3b994,16,Field,Noise
train/noise/9e301b9023c3b994_w19.png,9e301b9023c3b994,19,Field,Noise
train/noise/9e301b9023c3b994_w21.png,9e301b9023c3b994,21,Field,Noise
train/noise/9e301b9023c3b994_w23.png,9e301b9023c3b994,23,Field,Noise
train/noise/9e51a433201e1aa5_w00.png,9e51a433201e1aa5,0,Lab,Noise
train/noise/9e51a433201e1aa5_w04.png,9e51a433201e1aa5,4,Lab,Noise
train/noise/9e51a433201e1aa5_w15.png,9e51a433201e1aa5,15,Lab,Noise
train/noise/9e51a433201e1aa5_w18.png,9e51a433201e1aa5,18,Lab,Noise
train/noise/9e51a433201e1aa5_w19.png,9e51a433201e1aa5,19,Lab,Noise
train/noise/9e51a433201e1aa5_w21.png,9e51a433201e1aa5,21,Lab,Noise
train/noise/9e51a433201e1aa5_w22.png,9e51a433201e1aa5,22,Lab,Noise
train/noise/9e51a433201e1aa5_w24.png,9e51a433201e1aa5,24,Lab,Noise
train/noise/9e625908b01b31a3_w06.png,9e625908b01b31a3,6,Field,Noise
train/noise/9e625908b01b31a3_w07.png,9e625908b01b31a3,7,Field,Noise
train/noise/9e625908b01b31a3_w13.png,9e625908b01b31a3,13,Field,Noise
train/noise/9e625908b01b31a3_w15.png,9e625908b01b31a3,15,Field,Noise
train/noise/9e625908b01b31a3_w21.png,9e625908b01b31a3,21,Field,Noise
train/noise/9e625908b01b31a3_w24.png,9e625908b01b31a3,24,Field,Noise
train/noise/9e625908b01b31a3_w25.png,9e625908b01b31a3,25,Field,Noise
train/noise/9e625908b01b31a3_w26.png,9e625908b01b31a3,26,Field,Noise
train/noise/9eb4732b7c5aae40_w02.png,9eb4732b7c5aae40,2,Field,Noise
train/noise/9eb4732b7c5aae40_w10.png,9eb4732b7c5aae40,10,Field,Noise
train/noise/9eb4732b7c5aae40_w11.png,9eb4732b7c5aae40,11,Field,Noise
train/noise/9eb4732b7c5aae40_w12.png,9eb4732b7c5aae40,12,Field,Noise
train/noise/9eb4732b7c5aae40_w15.png,9eb4732b7c5aae40,15,Field,Noise
train/noise/9eb4732b7c5aae40_w19.png,9eb4732b7c5aae40,19,Field,Noise
train/noise/9eb4732b7c5aae40_w25.png,9eb4732b7c5aae40,25,Field,Noise
train/noise/9eb4732b7c5aae40_w27.png,9eb4732b7c5aae40,27,Field,Noise
train/noise/9ee1832c9f07de75_w06.png,9ee1832c9f07de75,6,Field,Noise
train/noise/9ee1832c9f07de75_w07.png,9ee1832c9f07de75,7,Field,Noise
train/noise/9ee1832c9f07de75_w09.png,9ee1832c9f07de75,9,Field,Noise
train/noise/9ee1832c9f07de75_w10.png,9ee1832c9f07de75,10,Field,Noise
train/noise/9ee1832c9f07de75_w14.png,9ee1832c9f07de75,14,Field,Noise
train/noise/9ee1832c9f07de75_w23.png,9ee1832c9f07de75,23,Field,Noise
train/noise/9ee1832c9f07de75_w24.png,9ee1832c9f07de75,24,Field,Noise
train/noise/9ee1832c9f07de75_w25.png,9ee1832c9f07de75,25,Field,Noise
train/noise/9f0451f21f1a8439_w00.png,9f0451f21f1a8439,0,Field,Noise
train/noise/9f0451f21f1a8439_w01.png,9f0451f21f1a8439,1,Field,Noise
train/noise/9f0451f21f1a8439_w12.png,9f0451f21f1a8439,12,Field,Noise
train/noise/9f0451f21f1a8439_w16.png,9f0451f21f1a8439,16,Field,Noise
train/noise/9f0451f21f1a8439_w17.png,9f0451f21f1a8439,17,Field,Noise
train/noise/9f0451f21f1a8439_w18.png,9f0451f21f1a8439,18,Field,Noise
train/noise/9f0451f21f1a8439_w21.png,9f0451f21f1a8439,21,Field,Noise
train/noise/9f0451f21f1a8439_w23.png,9f0451f21f1a8439,23,Field,Noise
train/noise/9f4c8a13dd0ce299_w04.png,9f4c8a13dd0ce299,4,Lab,Noise
train/noise/9f4c8a13dd0ce299_w06.png,9f4c8a13dd0ce299,6,Lab,Noise
train/noise/9f4c8a13dd0ce299_w09.png,9f4c8a13dd0ce299,9,Lab,Noise
train/noise/9f4c8a13dd0ce299_w12.png,9f4c8a13dd0ce299,12,Lab,Noise
train/noise/9f4c8a13dd0ce299_w16.png,9f4c8a13dd0ce299,16,Lab,Noise
train/noise/9f4c8a13dd0ce299_w20.png,9f4c8a13dd0ce299,20,Lab,Noise
train/noise/9f4c8a13dd0ce299_w25.png,9f4c8a13dd0ce299,25,Lab,Noise
train/noise/9f4c8a13dd0ce299_w27.png,9f4c8a13dd0ce299,27,Lab,Noise
train/noise/9fa70f9e5fb6706b_w02.png,9fa70f9e5fb6706b,2,Field,Noise
train/noise/9fa70f9e5fb6706b_w06.png,9fa70f9e5fb6706b,6,Field,Noise
train/noise/9fa70f9e5fb6706b_w09.png,9fa70f9e5fb6706b,9,Field,Noise
train/noise/9fa70f9e5fb6706b_w15.png,9fa70f9e5fb6706b,15,Field,Noise
train/noise/9fa70f9e5fb6706b_w20.png,9fa70f9e5fb6706b,20,Field,Noise
train/noise/9fa70f9e5fb6706b_w22.png,9fa70f9e5fb6706b,22,Field,Noise
train/noise/9fa70f9e5fb6706b_w23.png,9fa70f9e5fb6706b,23,Field,Noise
train/noise/9fa70f9e5fb6706b_w25.png,9fa70f9e5fb6706b,25,Field,Noise
train/noise/9fc25ab082f0531e_w04.png,9fc25ab082f0531e,4,Field,Noise
train/noise/9fc25ab082f0531e_w05.png,9fc25ab082f0531e,5,Field,Noise
train/noise/9fc25ab082f0531e_w07.png,9fc25ab082f0531e,7,Field,Noise
train/noise/9fc25ab082f0531e_w08.png,9fc25ab082f0531e,8,Field,Noise
train/noise/9fc25ab082f0531e_w19.png,9fc25ab082f0531e,19,Field,Noise
train/noise/9fc25ab082f0531e_w21.png,9fc25ab082f0531e,21,Field,Noise
train/noise/9fc25ab082f0531e_w24.png,9fc25ab082f0531e,24,Field,Noise
train/noise/9fc25ab082f0531e_w27.png,9fc25ab082f0531e,27,Field,Noise
train/noise/a0064deadcc46df3_w03.png,a0064deadcc46df3,3,Field,Noise
train/noise/a0064deadcc46df3_w10.png,a0064deadcc46df3,10,Field,Noise
train/noise/a0064deadcc46df3_w11.png,a0064deadcc46df3,11,Field,Noise
train/noise/a0064deadcc46df3_w12.png,a0064deadcc46df3,12,Field,Noise
train/noise/a0064deadcc46df3_w18.png,a0064deadcc46df3,18,Field,Noise
train/noise/a0064deadcc46df3_w20.png,a0064deadcc46df3,20,Field,Noise
train/noise/a0064deadcc46df3_w24.png,a0064deadcc46df3,24,Field,Noise
train/noise/a0064deadcc46df3_w27.png,a0064deadcc46df3,27,Field,Noise
train/noise/a09a9caee8e02e0f_w02.png,a09a9caee8e02e0f,2,Lab,Noise
train/noise/a09a9caee8e02e0f_w04.png,a09a9caee8e02e0f,4,Lab,Noise
train/noise/a09a9caee8e02e0f_w05.png,a09a9caee8e02e0f,5,Lab,Noise
train/noise/a09a9caee8e02e0f_w07.png,a09a9caee8e02e0f,7,Lab,Noise
train/noise/a09a9caee8e02e0f_w13.png,a09a9caee8e02e0f,13,Lab,Noise
train/noise/a09a9caee8e02e0f_w17.png,a09a9caee8e02e0f,17,Lab,Noise
train/noise/a09a9caee8e02e0f_w20.png,a09a9caee8e02e0f,20,Lab,Noise
train/noise/a09a9caee8e02e0f_w25.png,a09a9caee8e02e0f,25,Lab,Noise
train/noise/a1967c91c314aac1_w00.png,a1967c91c314aac1,0,Field,Noise
train/noise/a1967c91c314aac1_w05.png,a1967c91c314aac1,5,Field,Noise
train/noise/a1967c91c314aac1_w07.png,a1967c91c314aac1,7,Field,Noise
train/noise/a1967c91c314aac1_w12.png,a1967c91c314aac1,12,Field,Noise
train/noise/a1967c91c314aac1_w17.png,a1967c91c314aac1,17,Field,Noise
train/noise/a1967c91c314aac1_w21.png,a1967c91c314aac1,21,Field,Noise
train/noise/a1967c91c314aac1_w25.png,a1967c91c314aac1,25,Field,Noise
train/noise/a1967c91c314aac1_w26.png,a1967c91c314aac1,26,Field,Noise
train/noise/a1b56d2971b8579f_w05.png,a1b56d2971b8579f,5,Field,Noise
train/noise/a1b56d2971b8579f_w08.png,a1b56d2971b8579f,8,Field,Noise
train/noise/a1b56d2971b8579f_w13.png,a1b56d2971b8579f,13,Field,Noise
train/noise/a1b56d2971b8579f_w16.png,a1b56d2971b8579f,16,Field,Noise
train/noise/a1b56d2971b8579f_w17.png,a1b56d2971b8579f,17,Field,Noise
train/noise/a1b56d2971b8579f_w24.png,a1b56d2971b8579f,24,Field,Noise
train/noise/a1b56d2971b8579f_w26.png,a1b56d2971b8579f,26,Field,Noise
train/noise/a1b56d2971b8579f_w27.png,a1b56d2971b8579f,27,Field,Noise
train/noise/a1d69ec70bcd9b29_w01.png,a1d69ec70bcd9b29,1,Field,Noise
train/noise/a1d69ec70bcd9b29_w05.png,a1d69ec70bcd9b29,5,Field,Noise
train/noise/a1d69ec70bcd9b29_w11.png,a1d69ec70bcd9b29,11,Field,Noise
train/noise/a1d69ec70bcd9b29_w13.png,a1d69ec70bcd9b29,13,Field,Noise
train/noise/a1d69ec70bcd9b29_w18.png,a1d69ec70bcd9b29,18,Field,Noise
train/noise/a1d69ec70bcd9b29_w24.png,a1d69ec70bcd9b29,24,Field,Noise
train/noise/a1d69ec70bcd9b29_w25.png,a1d69ec70bcd9b29,25,Field,Noise
train/noise/a1d69ec70bcd9b29_w27.png,a1d69ec70bcd9b29,27,Field,Noise
train/noise/a25998cd0dbd6aaa_w00.png,a25998cd0dbd6aaa,0,Field,Noise
train/noise/a25998cd0dbd6aaa_w02.png,a25998cd0dbd6aaa,2,Field,Noise
train/noise/a25998cd0dbd6aaa_w13.png,a25998cd0dbd6aaa,13,Field,Noise
train/noise/a25998cd0dbd6aaa_w21.png,a25998cd0dbd6aaa,21,Field,Noise
train/noise/a25998cd0dbd6aaa_w22.png,a25998cd0dbd6aaa,22,Field,Noise
train/noise/a25998cd0dbd6aaa_w24.png,a25998cd0dbd6aaa,24,Field,Noise
train/noise/a25998cd0dbd6aaa_w25.png,a25998cd0dbd6aaa,25,Field,Noise
train/noise/a25998cd0dbd6aaa_w27.png,a25998cd0dbd6aaa,27,Field,Noise
train/noise/a2a723eb5a18b5ce_w05.png,a2a723eb5a18b5ce,5,Field,Noise
train/noise/a2a723eb5a18b5ce_w07.png,a2a723eb5a18b5ce,7,Field,Noise
train/noise/a2a723eb5a18b5ce_w10.png,a2a723eb5a18b5ce,10,Field,Noise
train/noise/a2a723eb5a18b5ce_w13.png,a2a723eb5a18b5ce,13,Field,Noise
train/noise/a2a723eb5a18b5ce_w16.png,a2a723eb5a18b5ce,16,Field,Noise
train/noise/a2a723eb5a18b5ce_w18.png,a2a723eb5a18b5ce,18,Field,Noise
train/noise/a2a723eb5a18b5ce_w19.png,a2a723eb5a18b5ce,19,Field,Noise
train/noise/a2a723eb5a18b5ce_w24.png,a2a723eb5a18b5ce,24,Field,Noise
train/noise/a2a8ca443d6c0b0d_w01.png,a2a8ca443d6c0b0d,1,Field,Noise
train/noise/a2a8ca443d6c0b0d_w06.png,a2a8ca443d6c0b0d,6,Field,Noise
train/noise/a2a8ca443d6c0b0d_w07.png,a2a8ca443d6c0b0d,7,Field,Noise
train/noise/a2a8ca443d6c0b0d_w08.png,a2a8ca443d6c0b0d,8,Field,Noise
train/noise/a2a8ca443d6c0b0d_w10.png,a2a8ca443d6c0b0d,10,Field,Noise
train/noise/a2a8ca443d6c0b0d_w11.png,a2a8ca443d6c0b0d,11,Field,Noise
train/noise/a2a8ca443d6c0b0d_w14.png,a2a8ca443d6c0b0d,14,Field,Noise
train/noise/a2a8ca443d6c0b0d_w20.png,a2a8ca443d6c0b0d,20,Field,Noise
train/noise/a301e3fc7b9f027c_w09.png,a301e3fc7b9f027c,9,Field,Noise
train/noise/a301e3fc7b9f027c_w10.png,a301e3fc7b9f027c,10,Field,Noise
train/noise/a301e3fc7b9f027c_w15.png,a301e3fc7b9f027c,15,Field,Noise
train/noise/a301e3fc7b9f027c_w16.png,a301e3fc7b9f027c,16,Field,Noise
train/noise/a301e3fc7b9f027c_w17.png,a301e3fc7b9f027c,17,Field,Noise
train/noise/a301e3fc7b9f027c_w18.png,a301e3fc7b9f027c,18,Field,Noise
train/noise/a301e3fc7b9f027c_w19.png,a301e3fc7b9f027c,19,Field,Noise
train/noise/a301e3fc7b9f027c_w21.png,a301e3fc7b9f027c,21,Field,Noise
train/noise/a30205fdc9fc9c30_w01.png,a30205fdc9fc9c30,1,Field,Noise
train/noise/a30205fdc9fc9c30_w02.png,a30205fdc9fc9c30,2,Field,Noise
train/noise/a30205fdc9fc9c30_w07.png,a30205fdc9fc9c30,7,Field,Noise
train/noise/a30205fdc9fc9c30_w08.png,a30205fdc9fc9c30,8,Field,Noise
train/noise/a30205fdc9fc9c30_w09.png,a30205fdc9fc9c30,9,Field,Noise
train/noise/a30205fdc9fc9c30_w15.png,a30205fdc9fc9c30,15,Field,Noise
train/noise/a30205fdc9fc9c30_w17.png,a30205fdc9fc9c30,17,Field,Noise
train/noise/a30205fdc9fc9c30_w18.png,a30205fdc9fc9c30,18,Field,Noise
train/noise/a31ee1c962302fa0_w00.png,a31ee1c962302fa0,0,Field,Noise
train/noise/a31ee1c962302fa0_w01.png,a31ee1c962302fa0,1,Field,Noise
train/noise/a31ee1c962302fa0_w08.png,a31ee1c962302fa0,8,Field,Noise
train/noise/a31ee1c962302fa0_w11.png,a31ee1c962302fa0,11,Field,Noise
train/noise/a31ee1c962302fa0_w13.png,a31ee1c962302fa0,13,Field,Noise
train/noise/a31ee1c962302fa0_w15.png,a31ee1c962302fa0,15,Field,Noise
train/noise/a31ee1c962302fa0_w18.png,a31ee1c962302fa0,18,Field,Noise
train/noise/a31ee1c962302fa0_w23.png,a31ee1c962302fa0,23,Field,Noise
train/noise/a42338527a3ea057_w05.png,a42338527a3ea057,5,Field,Noise
train/noise/a42338527a3ea057_w10.png,a42338527a3ea057,10,Field,Noise
train/noise/a42338527a3ea057_w11.png,a42338527a3ea057,11,Field,Noise
train/noise/a42338527a3ea057_w14.png,a42338527a3ea057,14,Field,Noise
train/noise/a42338527a3ea057_w18.png,a42338527a3ea057,18,Field,Noise
train/noise/a42338527a3ea057_w19.png,a42338527a3ea057,19,Field,Noise
train/noise/a42338527a3ea057_w20.png,a42338527a3ea057,20,Field,Noise
train/noise/a42338527a3ea057_w22.png,a42338527a3ea057,22,Field,Noise
train/noise/a43e57f140404a09_w09.png,a43e57f140404a09,9,Field,Noise
train/noise/a43e57f140404a09_w11.png,a43e57f140404a09,11,Field,Noise
train/noise/a43e57f140404a09_w12.png,a43e57f140404a09,12,Field,Noise
train/noise/a43e57f140404a09_w14.png,a43e57f140404a09,14,Field,Noise
train/noise/a43e57f140404a09_w16.png,a43e57f140404a09,16,Field,Noise
train/noise/a43e57f140404a09_w20.png,a43e57f140404a09,20,Field,Noise
train/noise/a43e57f140404a09_w24.png,a43e57f140404a09,24,Field,Noise
train/noise/a43e57f140404a09_w27.png,a43e57f140404a09,27,Field,Noise
train/noise/a474b6277be44090_w01.png,a474b6277be44090,1,Field,Noise
train/noise/a474b6277be44090_w03.png,a474b6277be44090,3,Field,Noise
train/noise/a474b6277be44090_w04.png,a474b6277be44090,4,Field,Noise
train/noise/a474b6277be44090_w05.png,a474b6277be44090,5,Field,Noise
train/noise/a474b6277be44090_w12.png,a474b6277be44090,12,Field,Noise
train/noise/a474b6277be44090_w24.png,a474b6277be44090,24,Field,Noise
train/noise/a474b6277be44090_w26.png,a474b6277be44090,26,Field,Noise
train/noise/a474b6277be44090_w27.png,a474b6277be44090,27,Field,Noise
train/noise/a500b1b72fc9c06a_w04.png,a500b1b72fc9c06a,4,Field,Noise
train/noise/a500b1b72fc9c06a_w07.png,a500b1b72fc9c06a,7,Field,Noise
train/noise/a500b1b72fc9c06a_w09.png,a500b1b72fc9c06a,9,Field,Noise
train/noise/a500b1b72fc9c06a_w13.png,a500b1b72fc9c06a,13,Field,Noise
train/noise/a500b1b72fc9c06a_w14.png,a500b1b72fc9c06a,14,Field,Noise
train/noise/a500b1b72fc9c06a_w15.png,a500b1b72fc9c06a,15,Field,Noise
train/noise/a500b1b72fc9c06a_w16.png,a500b1b72fc9c06a,16,Field,Noise
train/noise/a500b1b72fc9c06a_w23.png,a500b1b72fc9c06a,23,Field,Noise
train/noise/a544434e650e1055_w03.png,a544434e650e1055,3,Field,Noise
train/noise/a544434e650e1055_w05.png,a544434e650e1055,5,Field,Noise
train/noise/a544434e650e1055_w07.png,a544434e650e1055,7,Field,Noise
train/noise/a544434e650e1055_w12.png,a544434e650e1055,12,Field,Noise
train/noise/a544434e650e1055_w13.png,a544434e650e1055,13,Field,Noise
train/noise/a544434e650e1055_w15.png,a544434e650e1055,15,Field,Noise
train/noise/a544434e650e1055_w17.png,a544434e650e1055,17,Field,Noise
train/noise/a544434e650e1055_w18.png,a544434e650e1055,18,Field,Noise
train/noise/a5740bc7e1121abc_w02.png,a5740bc7e1121abc,2,Field,Noise
train/noise/a5740bc7e1121abc_w11.png,a5740bc7e1121abc,11,Field,Noise
train/noise/a5740bc7e1121abc_w12.png,a5740bc7e1121abc,12,Field,Noise
train/noise/a5740bc7e1121abc_w21.png,a5740bc7e1121abc,21,Field,Noise
train/noise/a5740bc7e1121abc_w24.png,a5740bc7e1121abc,24,Field,Noise
train/noise/a5740bc7e1121abc_w25.png,a5740bc7e1121abc,25,Field,Noise
train/noise/a5740bc7e1121abc_w26.png,a5740bc7e1121abc,26,Field,Noise
train/noise/a5740bc7e1121abc_w27.png,a5740bc7e1121abc,27,Field,Noise
train/noise/a586e512e869d022_w04.png,a586e512e869d022,4,Field,Noise
train/noise/a586e512e869d022_w05.png,a586e512e869d022,5,Field,Noise
train/noise/a586e512e869d022_w06.png,a586e512e869d022,6,Field,Noise
train/noise/a586e512e869d022_w08.png,a586e512e869d022,8,Field,Noise
train/noise/a586e512e869d022_w14.png,a586e512e869d022,14,Field,Noise
train/noise/a586e512e869d022_w18.png,a586e512e869d022,18,Field,Noise
train/noise/a586e512e869d022_w21.png,a586e512e869d022,21,Field,Noise
train/noise/a586e512e869d022_w24.png,a586e512e869d022,24,Field,Noise
train/noise/a5963026bb601f29_w00.png,a5963026bb601f29,0,Field,Noise
train/noise/a5963026bb601f29_w02.png,a5963026bb601f29,2,Field,Noise
train/noise/a5963026bb601f29_w04.png,a5963026bb601f29,4,Field,Noise
train/noise/a5963026bb601f29_w05.png,a5963026bb601f29,5,Field,Noise
train/noise/a5963026bb601f29_w08.png,a5963026bb601f29,8,Field,Noise
train/noise/a5963026bb601f29_w11.png,a5963026bb601f29,11,Field,Noise
train/noise/a5963026bb601f29_w20.png,a5963026bb601f29,20,Field,Noise
train/noise/a5963026bb601f29_w23.png,a5963026bb601f29,23,Field,Noise
train/noise/a6887fb82634a7e7_w01.png,a6887fb82634a7e7,1,Field,Noise
train/noise/a6887fb82634a7e7_w06.png,a6887fb82634a7e7,6,Field,Noise
train/noise/a6887fb82634a7e7_w15.png,a6887fb82634a7e7,15,Field,Noise
train/noise/a6887fb82634a7e7_w21.png,a6887fb82634a7e7,21,Field,Noise
train/noise/a6887fb82634a7e7_w23.png,a6887fb82634a7e7,23,Field,Noise
train/noise/a6887fb82634a7e7_w25.png,a6887fb82634a7e7,25,Field,Noise
train/noise/a6887fb82634a7e7_w26.png,a6887fb82634a7e7,26,Field,Noise
train/noise/a6887fb82634a7e7_w27.png,a6887fb82634a7e7,27,Field,Noise
train/noise/a6bc42f816a9e477_w04.png,a6bc42f816a9e477,4,Field,Noise
train/noise/a6bc42f816a9e477_w05.png,a6bc42f816a9e477,5,Field,Noise
train/noise/a6bc42f816a9e477_w11.png,a6bc42f816a9e477,11,Field,Noise
train/noise/a6bc42f816a9e477_w12.png,a6bc42f816a9e477,12,Field,Noise
train/noise/a6bc42f816a9e477_w17.png,a6bc42f816a9e477,17,Field,Noise
train/noise/a6bc42f816a9e477_w18.png,a6bc42f816a9e477,18,Field,Noise
train/noise/a6bc42f816a9e477_w22.png,a6bc42f816a9e477,22,Field,Noise
train/noise/a6bc42f816a9e477_w25.png,a6bc42f816a9e477,25,Field,Noise
train/noise/a6e8068ec81578bd_w01.png,a6e8068ec81578bd,1,Field,Noise
train/noise/a6e8068ec81578bd_w02.png,a6e8068ec81578bd,2,Field,Noise
train/noise/a6e8068ec81578bd_w04.png,a6e8068ec81578bd,4,Field,Noise
train/noise/a6e8068ec81578bd_w08.png,a6e8068ec81578bd,8,Field,Noise
train/noise/a6e8068ec81578bd_w19.png,a6e8068ec81578bd,19,Field,Noise
train/noise/a6e8068ec81578bd_w20.png,a6e8068ec81578bd,20,Field,Noise
train/noise/a6e8068ec81578bd_w21.png,a6e8068ec81578bd,21,Field,Noise
train/noise/a6e8068ec81578bd_w23.png,a6e8068ec81578bd,23,Field,Noise
train/noise/a6f32982e6f94d39_w05.png,a6f32982e6f94d39,5,Lab,Noise
train/noise/a6f32982e6f94d39_w06.png,a6f32982e6f94d39,6,Lab,Noise
train/noise/a6f32982e6f94d39_w08.png,a6f32982e6f94d39,8,Lab,Noise
train/noise/a6f32982e6f94d39_w11.png,a6f32982e6f94d39,11,Lab,Noise
train/noise/a6f32982e6f94d39_w12.png,a6f32982e6f94d39,12,Lab,Noise
train/noise/a6f32982e6f94d39_w15.png,a6f32982e6f94d39,15,Lab,Noise
train/noise/a6f32982e6f94d39_w16.png,a6f32982e6f94d39,16,Lab,Noise
train/noise/a6f32982e6f94d39_w24.png,a6f32982e6f94d39,24,Lab,Noise
train/noise/a77e747fec2ae371_w05.png,a77e747fec2ae371,5,Field,Noise
train/noise/a77e747fec2ae371_w06.png,a77e747fec2ae371,6,Field,Noise
train/noise/a77e747fec2ae371_w08.png,a77e747fec2ae371,8,Field,Noise
train/noise/a77e747fec2ae371_w11.png,a77e747fec2ae371,11,Field,Noise
train/noise/a77e747fec2ae371_w13.png,a77e747fec2ae371,13,Field,Noise
train/noise/a77e747fec2ae371_w14.png,a77e747fec2ae371,14,Field,Noise
train/noise/a77e747fec2ae371_w16.png,a77e747fec2ae371,16,Field,Noise
train/noise/a77e747fec2ae371_w21.png,a77e747fec2ae371,21,Field,Noise
train/noise/a7c5c51db99f2099_w00.png,a7c5c51db99f2099,0,Lab,Noise
train/noise/a7c5c51db99f2099_w07.png,a7c5c51db99f2099,7,Lab,Noise
train/noise/a7c5c51db99f2099_w09.png,a7c5c51db99f2099,9,Lab,Noise
train/noise/a7c5c51db99f2099_w10.png,a7c5c51db99f2099,10,Lab,Noise
train/noise/a7c5c51db99f2099_w16.png,a7c5c51db99f2099,16,Lab,Noise
train/noise/a7c5c51db99f2099_w20.png,a7c5c51db99f2099,20,Lab,Noise
train/noise/a7c5c51db99f2099_w23.png,a7c5c51db99f2099,23,Lab,Noise
train/noise/a7c5c51db99f2099_w27.png,a7c5c51db99f2099,27,Lab,Noise
train/noise/a7f91ed25267b2eb_w00.png,a7f91ed25267b2eb,0,Field,Noise
train/noise/a7f91ed25267b2eb_w03.png,a7f91ed25267b2eb,3,Field,Noise
train/noise/a7f91ed25267b2eb_w06.png,a7f91ed25267b2eb,6,Field,Noise
train/noise/a7f91ed25267b2eb_w07.png,a7f91ed25267b2eb,7,Field,Noise
train/noise/a7f91ed25267b2eb_w13.png,a7f91ed25267b2eb,13,Field,Noise
train/noise/a7f91ed25267b2eb_w15.png,a7f91ed25267b2eb,15,Field,Noise
train/noise/a7f91ed25267b2eb_w17.png,a7f91ed25267b2eb,17,Field,Noise
train/noise/a7f91ed25267b2eb_w25.png,a7f91ed25267b2eb,25,Field,Noise
train/noise/a868615849e27b9a_w06.png,a868615849e27b9a,6,Field,Noise
train/noise/a868615849e27b9a_w07.png,a868615849e27b9a,7,Field,Noise
train/noise/a868615849e27b9a_w10.png,a868615849e27b9a,10,Field,Noise
train/noise/a868615849e27b9a_w13.png,a868615849e27b9a,13,Field,Noise
train/noise/a868615849e27b9a_w15.png,a868615849e27b9a,15,Field,Noise
train/noise/a868615849e27b9a_w17.png,a868615849e27b9a,17,Field,Noise
train/noise/a868615849e27b9a_w24.png,a868615849e27b9a,24,Field,Noise
train/noise/a868615849e27b9a_w26.png,a868615849e27b9a,26,Field,Noise
train/noise/a8c11c5cc144b945_w00.png,a8c11c5cc144b945,0,Field,Noise
train/noise/a8c11c5cc144b945_w01.png,a8c11c5cc144b945,1,Field,Noise
train/noise/a8c11c5cc144b945_w03.png,a8c11c5cc144b945,3,Field,Noise
train/noise/a8c11c5cc144b945_w05.png,a8c11c5cc144b945,5,Field,Noise
train/noise/a8c11c5cc144b945_w07.png,a8c11c5cc144b945,7,Field,Noise
train/noise/a8c11c5cc144b945_w09.png,a8c11c5cc144b945,9,Field,Noise
train/noise/a8c11c5cc144b945_w12.png,a8c11c5cc144b945,12,Field,Noise
train/noise/a8c11c5cc144b945_w18.png,a8c11c5cc144b945,18,Field,Noise
train/noise/a9f341076d2c6ac6_w05.png,a9f341076d2c6ac6,5,Field,Noise
train/noise/a9f341076d2c6ac6_w07.png,a9f341076d2c6ac6,7,Field,Noise
train/noise/a9f341076d2c6ac6_w12.png,a9f341076d2c6ac6,12,Field,Noise
train/noise/a9f341076d2c6ac6_w13.png,a9f341076d2c6ac6,13,Field,Noise
train/noise/a9f341076d2c6ac6_w16.png,a9f341076d2c6ac6,16,Field,Noise
train/noise/a9f341076d2c6ac6_w18.png,a9f341076d2c6ac6,18,Field,Noise
train/noise/a9f341076d2c6ac6_w19.png,a9f341076d2c6ac6,19,Field,Noise
train/noise/a9f341076d2c6ac6_w22.png,a9f341076d2c6ac6,22,Field,Noise
train/noise/aa2901679f7d0a2e_w00.png,aa2901679f7d0a2e,0,Field,Noise
train/noise/aa2901679f7d0a2e_w04.png,aa2901679f7d0a2e,4,Field,Noise
train/noise/aa2901679f7d0a2e_w10.png,aa2901679f7d0a2e,10,Field,Noise
train/noise/aa2901679f7d0a2e_w11.png,aa2901679f7d0a2e,11,Field,Noise
train/noise/aa2901679f7d0a2e_w13.png,aa2901679f7d0a2e,13,Field,Noise
train/noise/aa2901679f7d0a2e_w15.png,aa2901679f7d0a2e,15,Field,Noise
train/noise/aa2901679f7d0a2e_w21.png,aa2901679f7d0a2e,21,Field,Noise
train/noise/aa2901679f7d0a2e_w27.png,aa2901679f7d0a2e,27,Field,Noise
train/noise/aa57b8962804342e_w01.png,aa57b8962804342e,1,Field,Noise
train/noise/aa57b8962804342e_w03.png,aa57b8962804342e,3,Field,Noise
train/noise/aa57b8962804342e_w10.png,aa57b8962804342e,10,Field,Noise
train/noise/aa57b8962804342e_w11.png,aa57b8962804342e,11,Field,Noise
train/noise/aa57b8962804342e_w13.png,aa57b8962804342e,13,Field,Noise
train/noise/aa57b8962804342e_w17.png,aa57b8962804342e,17,Field,Noise
train/noise/aa57b8962804342e_w26.png,aa57b8962804342e,26,Field,Noise
train/noise/aa57b8962804342e_w27.png,aa57b8962804342e,27,Field,Noise
train/noise/aa8a17b7ee06d915_w03.png,aa8a17b7ee06d915,3,Field,Noise
train/noise/aa8a17b7ee06d915_w04.png,aa8a17b7ee06d915,4,Field,Noise
train/noise/aa8a17b7ee06d915_w06.png,aa8a17b7ee06d915,6,Field,Noise
train/noise/aa8a17b7ee06d915_w10.png,aa8a17b7ee06d915,10,Field,Noise
train/noise/aa8a17b7ee06d915_w18.png,aa8a17b7ee06d915,18,Field,Noise
train/noise/aa8a17b7ee06d915_w25.png,aa8a17b7ee06d915,25,Field,Noise
train/noise/aa8a17b7ee06d915_w26.png,aa8a17b7ee06d915,26,Field,Noise
train/noise/aa8a17b7ee06d915_w27.png,aa8a17b7ee06d915,27,Field,Noise
train/noise/aa90f9c47727a037_w02.png,aa90f9c47727a037,2,Field,Noise
train/noise/aa90f9c47727a037_w04.png,aa90f9c47727a037,4,Field,Noise
train/noise/aa90f9c47727a037_w08.png,aa90f9c47727a037,8,Field,Noise
train/noise/aa90f9c47727a037_w12.png,aa90f9c47727a037,12,Field,Noise
train/noise/aa90f9c47727a037_w15.png,aa90f9c47727a037,15,Field,Noise
train/noise/aa90f9c47727a037_w17.png,aa90f9c47727a037,17,Field,Noise
train/noise/aa90f9c47727a037_w20.png,aa90f9c47727a037,20,Field,Noise
train/noise/aa90f9c47727a037_w23.png,aa90f9c47727a037,23,Field,Noise
train/noise/aa96d41315dd9b7d_w00.png,aa96d41315dd9b7d,0,Field,Noise
train/noise/aa96d41315dd9b7d_w08.png,aa96d41315dd9b7d,8,Field,Noise
train/noise/aa96d41315dd9b7d_w09.png,aa96d41315dd9b7d,9,Field,Noise
train/noise/aa96d41315dd9b7d_w16.png,aa96d41315dd9b7d,16,Field,Noise
train/noise/aa96d41315dd9b7d_w17.png,aa96d41315dd9b7d,17,Field,Noise
train/noise/aa96d41315dd9b7d_w19.png,aa96d41315dd9b7d,19,Field,Noise
train/noise/aa96d41315dd9b7d_w20.png,aa96d41315dd9b7d,20,Field,Noise
train/noise/aa96d41315dd9b7d_w23.png,aa96d41315dd9b7d,23,Field,Noise
train/noise/aadfcbbb4839d8a1_w01.png,aadfcbbb4839d8a1,1,Field,Noise
train/noise/aadfcbbb4839d8a1_w02.png,aadfcbbb4839d8a1,2,Field,Noise
train/noise/aadfcbbb4839d8a1_w06.png,aadfcbbb4839d8a1,6,Field,Noise
train/noise/aadfcbbb4839d8a1_w08.png,aadfcbbb4839d8a1,8,Field,Noise
train/noise/aadfcbbb4839d8a1_w13.png,aadfcbbb4839d8a1,13,Field,Noise
train/noise/aadfcbbb4839d8a1_w20.png,aadfcbbb4839d8a1,20,Field,Noise
train/noise/aadfcbbb4839d8a1_w22.png,aadfcbbb4839d8a1,22,Field,Noise
train/noise/aadfcbbb4839d8a1_w23.png,aadfcbbb4839d8a1,23,Field,Noise
train/noise/aaeeea5b3b5e492d_w00.png,aaeeea5b3b5e492d,0,Field,Noise
train/noise/aaeeea5b3b5e492d_w03.png,aaeeea5b3b5e492d,3,Field,Noise
train/noise/aaeeea5b3b5e492d_w12.png,aaeeea5b3b5e492d,12,Field,Noise
train/noise/aaeeea5b3b5e492d_w14.png,aaeeea5b3b5e492d,14,Field,Noise
train/noise/aaeeea5b3b5e492d_w16.png,aaeeea5b3b5e492d,16,Field,Noise
train/noise/aaeeea5b3b5e492d_w18.png,aaeeea5b3b5e492d,18,Field,Noise
train/noise/aaeeea5b3b5e492d_w22.png,aaeeea5b3b5e492d,22,Field,Noise
train/noise/aaeeea5b3b5e492d_w27.png,aaeeea5b3b5e492d,27,Field,Noise
train/noise/ab0aea8bf3a566b4_w03.png,ab0aea8bf3a566b4,3,Field,Noise
train/noise/ab0aea8bf3a566b4_w08.png,ab0aea8bf3a566b4,8,Field,Noise
train/noise/ab0aea8bf3a566b4_w12.png,ab0aea8bf3a566b4,12,Field,Noise
train/noise/ab0aea8bf3a566b4_w14.png,ab0aea8bf3a566b4,14,Field,Noise
train/noise/ab0aea8bf3a566b4_w15.png,ab0aea8bf3a566b4,15,Field,Noise
train/noise/ab0aea8bf3a566b4_w16.png,ab0aea8bf3a566b4,16,Field,Noise
train/noise/ab0aea8bf3a566b4_w18.png,ab0aea8bf3a566b4,18,Field,Noise
train/noise/ab0aea8bf3a566b4_w27.png,ab0aea8bf3a566b4,27,Field,Noise
train/noise/ab26fa8ec1eea766_w03.png,ab26fa8ec1eea766,3,Lab,Noise
train/noise/ab26fa8ec1eea766_w12.png,ab26fa8ec1eea766,12,Lab,Noise
train/noise/ab26fa8ec1eea766_w13.png,ab26fa8ec1eea766,13,Lab,Noise
train/noise/ab26fa8ec1eea766_w14.png,ab26fa8ec1eea766,14,Lab,Noise
train/noise/ab26fa8ec1eea766_w15.png,ab26fa8ec1eea766,15,Lab,Noise
train/noise/ab26fa8ec1eea766_w17.png,ab26fa8ec1eea766,17,Lab,Noise
train/noise/ab26fa8ec1eea766_w20.png,ab26fa8ec1eea766,20,Lab,Noise
train/noise/ab26fa8ec1eea766_w23.png,ab26fa8ec1eea766,23,Lab,Noise
train/noise/ab352e3a7a2c37c8_w00.png,ab352e3a7a2c37c8,0,Lab,Noise
train/noise/ab352e3a7a2c37c8_w07.png,ab352e3a7a2c37c8,7,Lab,Noise
train/noise/ab352e3a7a2c37c8_w11.png,ab352e3a7a2c37c8,11,Lab,Noise
train/noise/ab352e3a7a2c37c8_w15.png,ab352e3a7a2c37c8,15,Lab,Noise
train/noise/ab352e3a7a2c37c8_w18.png,ab352e3a7a2c37c8,18,Lab,Noise
train/noise/ab352e3a7a2c37c8_w19.png,ab352e3a7a2c37c8,19,Lab,Noise
train/noise/ab352e3a7a2c37c8_w23.png,ab352e3a7a2c37c8,23,Lab,Noise
train/noise/ab352e3a7a2c37c8_w26.png,ab352e3a7a2c37c8,26,Lab,Noise
train/noise/ac0f02930b8e5a1f_w06.png,ac0f02930b8e5a1f,6,Field,Noise
train/noise/ac0f02930b8e5a1f_w10.png,ac0f02930b8e5a1f,10,Field,Noise
train/noise/ac0f02930b8e5a1f_w12.png,ac0f02930b8e5a1f,12,Field,Noise
train/noise/ac0f02930b8e5a1f_w14.png,ac0f02930b8e5a1f,14,Field,Noise
train/noise/ac0f02930b8e5a1f_w15.png,ac0f02930b8e5a1f,15,Field,Noise
train/noise/ac0f02930b8e5a1f_w17.png,ac0f02930b8e5a1f,17,Field,Noise
train/noise/ac0f02930b8e5a1f_w18.png,ac0f02930b8e5a1f,18,Field,Noise
train/noise/ac0f02930b8e5a1f_w22.png,ac0f02930b8e5a1f,22,Field,Noise
train/noise/ac57572c83494398_w04.png,ac57572c83494398,4,Field,Noise
train/noise/ac57572c83494398_w05.png,ac57572c83494398,5,Field,Noise
train/noise/ac57572c83494398_w14.png,ac57572c83494398,14,Field,Noise
train/noise/ac57572c83494398_w16.png,ac57572c83494398,16,Field,Noise
train/noise/ac57572c83494398_w17.png,ac57572c83494398,17,Field,Noise
train/noise/ac57572c83494398_w18.png,ac57572c83494398,18,Field,Noise
train/noise/ac57572c83494398_w20.png,ac57572c83494398,20,Field,Noise
train/noise/ac57572c83494398_w22.png,ac57572c83494398,22,Field,Noise
train/noise/ad755f5380a294af_w00.png,ad755f5380a294af,0,Field,Noise
train/noise/ad755f5380a294af_w03.png,ad755f5380a294af,3,Field,Noise
train/noise/ad755f5380a294af_w07.png,ad755f5380a294af,7,Field,Noise
train/noise/ad755f5380a294af_w14.png,ad755f5380a294af,14,Field,Noise
train/noise/ad755f5380a294af_w15.png,ad755f5380a294af,15,Field,Noise
train/noise/ad755f5380a294af_w21.png,ad755f5380a294af,21,Field,Noise
train/noise/ad755f5380a294af_w23.png,ad755f5380a294af,23,Field,Noise
train/noise/ad755f5380a294af_w24.png,ad755f5380a294af,24,Field,Noise
train/noise/ae129c31b1c0832a_w00.png,ae129c31b1c0832a,0,Field,Noise
train/noise/ae129c31b1c0832a_w08.png,ae129c31b1c0832a,8,Field,Noise
train/noise/ae129c31b1c0832a_w11.png,ae129c31b1c0832a,11,Field,Noise
train/noise/ae129c31b1c0832a_w17.png,ae129c31b1c0832a,17,Field,Noise
train/noise/ae129c31b1c0832a_w18.png,ae129c31b1c0832a,18,Field,Noise
train/noise/ae129c31b1c0832a_w21.png,ae129c31b1c0832a,21,Field,Noise
train/noise/ae129c31b1c0832a_w26.png,ae129c31b1c0832a,26,Field,Noise
train/noise/ae129c31b1c0832a_w27.png,ae129c31b1c0832a,27,Field,Noise
train/noise/ae35ebc2b1de3648_w03.png,ae35ebc2b1de3648,3,Field,Noise
train/noise/ae35ebc2b1de3648_w12.png,ae35ebc2b1de3648,12,Field,Noise
train/noise/ae35ebc2b1de3648_w16.png,ae35ebc2b1de3648,16,Field,Noise
train/noise/ae35ebc2b1de3648_w21.png,ae35ebc2b1de3648,21,Field,Noise
train/noise/ae35ebc2b1de3648_w23.png,ae35ebc2b1de3648,23,Field,Noise
train/noise/ae35ebc2b1de3648_w24.png,ae35ebc2b1de3648,24,Field,Noise
train/noise/ae35ebc2b1de3648_w25.png,ae35ebc2b1de3648,25,Field,Noise
train/noise/ae35ebc2b1de3648_w27.png,ae35ebc2b1de3648,27,Field,Noise
train/noise/aedd2974c89027c7_w03.png,aedd2974c89027c7,3,Field,Noise
train/noise/aedd2974c89027c7_w04.png,aedd2974c89027c7,4,Field,Noise
train/noise/aedd2974c89027c7_w07.png,aedd2974c89027c7,7,Field,Noise
train/noise/aedd2974c89027c7_w08.png,aedd2974c89027c7,8,Field,Noise
train/noise/aedd2974c89027c7_w21.png,aedd2974c89027c7,21,Field,Noise
train/noise/aedd2974c89027c7_w25.png,aedd2974c89027c7,25,Field,Noise
train/noise/aedd2974c89027c7_w26.png,aedd2974c89027c7,26,Field,Noise
train/noise/aedd2974c89027c7_w27.png,aedd2974c89027c7,27,Field,Noise
train/noise/afb6ba96f98f00a0_w01.png,afb6ba96f98f00a0,1,Field,Noise
train/noise/afb6ba96f98f00a0_w02.png,afb6ba96f98f00a0,2,Field,Noise
train/noise/afb6ba96f98f00a0_w07.png,afb6ba96f98f00a0,7,Field,Noise
train/noise/afb6ba96f98f00a0_w08.png,afb6ba96f98f00a0,8,Field,Noise
train/noise/afb6ba96f98f00a0_w10.png,afb6ba96f98f00a0,10,Field,Noise
train/noise/afb6ba96f98f00a0_w15.png,afb6ba96f98f00a0,15,Field,Noise
train/noise/afb6ba96f98f00a0_w17.png,afb6ba96f98f00a0,17,Field,Noise
train/noise/afb6ba96f98f00a0_w23.png,afb6ba96f98f00a0,23,Field,Noise
train/noise/b0214e9c2c7e6f9d_w01.png,b0214e9c2c7e6f9d,1,Field,Noise
train/noise/b0214e9c2c7e6f9d_w07.png,b0214e9c2c7e6f9d,7,Field,Noise
train/noise/b0214e9c2c7e6f9d_w09.png,b0214e9c2c7e6f9d,9,Field,Noise
train/noise/b0214e9c2c7e6f9d_w15.png,b0214e9c2c7e6f9d,15,Field,Noise
train/noise/b0214e9c2c7e6f9d_w17.png,b0214e9c2c7e6f9d,17,Field,Noise
train/noise/b0214e9c2c7e6f9d_w18.png,b0214e9c2c7e6f9d,18,Field,Noise
train/noise/b0214e9c2c7e6f9d_w20.png,b0214e9c2c7e6f9d,20,Field,Noise
train/noise/b0214e9c2c7e6f9d_w27.png,b0214e9c2c7e6f9d,27,Field,Noise
train/noise/b0baeae8b18fa3dd_w00.png,b0baeae8b18fa3dd,0,Field,Noise
train/noise/b0baeae8b18fa3dd_w01.png,b0baeae8b18fa3dd,1,Field,Noise
train/noise/b0baeae8b18fa3dd_w03.png,b0baeae8b18fa3dd,3,Field,Noise
train/noise/b0baeae8b18fa3dd_w08.png,b0baeae8b18fa3dd,8,Field,Noise
train/noise/b0baeae8b18fa3dd_w14.png,b0baeae8b18fa3dd,14,Field,Noise
train/noise/b0baeae8b18fa3dd_w18.png,b0baeae8b18fa3dd,18,Field,Noise
train/noise/b0baeae8b18fa3dd_w21.png,b0baeae8b18fa3dd,21,Field,Noise
train/noise/b0baeae8b18fa3dd_w24.png,b0baeae8b18fa3dd,24,Field,Noise
train/noise/b10b407ea9527596_w02.png,b10b407ea9527596,2,Field,Noise
train/noise/b10b407ea9527596_w03.png,b10b407ea9527596,3,Field,Noise
train/noise/b10b407ea9527596_w05.png,b10b407ea9527596,5,Field,Noise
train/noise/b10b407ea9527596_w06.png,b10b407ea9527596,6,Field,Noise
train/noise/b10b407ea9527596_w14.png,b10b407ea9527596,14,Field,Noise
train/noise/b10b407ea9527596_w15.png,b10b407ea9527596,15,Field,Noise
train/noise/b10b407ea9527596_w19.png,b10b407ea9527596,19,Field,Noise
train/noise/b10b407ea9527596_w27.png,b10b407ea9527596,27,Field,Noise
train/noise/b1229d78554f91b8_w00.png,b1229d78554f91b8,0,Field,Noise
train/noise/b1229d78554f91b8_w08.png,b1229d78554f91b8,8,Field,Noise
train/noise/b1229d78554f91b8_w11.png,b1229d78554f91b8,11,Field,Noise
train/noise/b1229d78554f91b8_w15.png,b1229d78554f91b8,15,Field,Noise
train/noise/b1229d78554f91b8_w17.png,b1229d78554f91b8,17,Field,Noise
train/noise/b1229d78554f91b8_w20.png,b1229d78554f91b8,20,Field,Noise
train/noise/b1229d78554f91b8_w21.png,b1229d78554f91b8,21,Field,Noise
train/noise/b1229d78554f91b8_w27.png,b1229d78554f91b8,27,Field,Noise
train/noise/b157a296424f0a88_w00.png,b157a296424f0a88,0,Field,Noise
train/noise/b157a296424f0a88_w07.png,b157a296424f0a88,7,Field,Noise
train/noise/b157a296424f0a88_w12.png,b157a296424f0a88,12,Field,Noise
train/noise/b157a296424f0a88_w17.png,b157a296424f0a88,17,Field,Noise
train/noise/b157a296424f0a88_w18.png,b157a296424f0a88,18,Field,Noise
train/noise/b157a296424f0a88_w21.png,b157a296424f0a88,21,Field,Noise
train/noise/b157a296424f0a88_w23.png,b157a296424f0a88,23,Field,Noise
train/noise/b157a296424f0a88_w25.png,b157a296424f0a88,25,Field,Noise
train/noise/b1688031254eb7fd_w00.png,b1688031254eb7fd,0,Lab,Noise
train/noise/b1688031254eb7fd_w02.png,b1688031254eb7fd,2,Lab,Noise
train/noise/b1688031254eb7fd_w05.png,b1688031254eb7fd,5,Lab,Noise
train/noise/b1688031254eb7fd_w16.png,b1688031254eb7fd,16,Lab,Noise
train/noise/b1688031254eb7fd_w17.png,b1688031254eb7fd,17,Lab,Noise
train/noise/b1688031254eb7fd_w20.png,b1688031254eb7fd,20,Lab,Noise
train/noise/b1688031254eb7fd_w21.png,b1688031254eb7fd,21,Lab,Noise
train/noise/b1688031254eb7fd_w23.png,b1688031254eb7fd,23,Lab,Noise
train/noise/b193c7340c22430a_w05.png,b193c7340c22430a,5,Field,Noise
train/noise/b193c7340c22430a_w11.png,b193c7340c22430a,11,Field,Noise
train/noise/b193c7340c22430a_w16.png,b193c7340c22430a,16,Field,Noise
train/noise/b193c7340c22430a_w18.png,b193c7340c22430a,18,Field,Noise
train/noise/b193c7340c22430a_w21.png,b193c7340c22430a,21,Field,Noise
train/noise/b193c7340c22430a_w22.png,b193c7340c22430a,22,Field,Noise
train/noise/b193c7340c22430a_w23.png,b193c7340c22430a,23,Field,Noise
train/noise/b193c7340c22430a_w26.png,b193c7340c22430a,26,Field,Noise
train/noise/b1bd35a410e2aaa8_w02.png,b1bd35a410e2aaa8,2,Field,Noise
train/noise/b1bd35a410e2aaa8_w07.png,b1bd35a410e2aaa8,7,Field,Noise
train/noise/b1bd35a410e2aaa8_w14.png,b1bd35a410e2aaa8,14,Field,Noise
train/noise/b1bd35a410e2aaa8_w16.png,b1bd35a410e2aaa8,16,Field,Noise
train/noise/b1bd35a410e2aaa8_w18.png,b1bd35a410e2aaa8,18,Field,Noise
train/noise/b1bd35a410e2aaa8_w20.png,b1bd35a410e2aaa8,20,Field,Noise
train/noise/b1bd35a410e2aaa8_w24.png,b1bd35a410e2aaa8,24,Field,Noise
train/noise/b1bd35a410e2aaa8_w27.png,b1bd35a410e2aaa8,27,Field,Noise
train/noise/b1cc3702f6c40f72_w00.png,b1cc3702f6c40f72,0,Field,Noise
train/noise/b1cc3702f6c40f72_w01.png,b1cc3702f6c40f72,1,Field,Noise
train/noise/b1cc3702f6c40f72_w02.png,b1cc3702f6c40f72,2,Field,Noise
train/noise/b1cc3702f6c40f72_w04.png,b1cc3702f6c40f72,4,Field,Noise
train/noise/b1cc3702f6c40f72_w14.png,b1cc3702f6c40f72,14,Field,Noise
train/noise/b1cc3702f6c40f72_w17.png,b1cc3702f6c40f72,17,Field,Noise
train/noise/b1cc3702f6c40f72_w18.png,b1cc3702f6c40f72,18,Field,Noise
train/noise/b1cc3702f6c40f72_w24.png,b1cc3702f6c40f72,24,Field,Noise
train/noise/b1e4a2a7f890370a_w02.png,b1e4a2a7f890370a,2,Field,Noise
train/noise/b1e4a2a7f890370a_w06.png,b1e4a2a7f890370a,6,Field,Noise
train/noise/b1e4a2a7f890370a_w10.png,b1e4a2a7f890370a,10,Field,Noise
train/noise/b1e4a2a7f890370a_w15.png,b1e4a2a7f890370a,15,Field,Noise
train/noise/b1e4a2a7f890370a_w19.png,b1e4a2a7f890370a,19,Field,Noise
train/noise/b1e4a2a7f890370a_w20.png,b1e4a2a7f890370a,20,Field,Noise
train/noise/b1e4a2a7f890370a_w21.png,b1e4a2a7f890370a,21,Field,Noise
train/noise/b1e4a2a7f890370a_w24.png,b1e4a2a7f890370a,24,Field,Noise
train/noise/b20867fd279f8588_w01.png,b20867fd279f8588,1,Field,Noise
train/noise/b20867fd279f8588_w02.png,b20867fd279f8588,2,Field,Noise
train/noise/b20867fd279f8588_w12.png,b20867fd279f8588,12,Field,Noise
train/noise/b20867fd279f8588_w13.png,b20867fd279f8588,13,Field,Noise
train/noise/b20867fd279f8588_w14.png,b20867fd279f8588,14,Field,Noise
train/noise/b20867fd279f8588_w22.png,b20867fd279f8588,22,Field,Noise
train/noise/b20867fd279f8588_w26.png,b20867fd279f8588,26,Field,Noise
train/noise/b20867fd279f8588_w27.png,b20867fd279f8588,27,Field,Noise
train/noise/b288a998892a527a_w03.png,b288a998892a527a,3,Field,Noise
train/noise/b288a998892a527a_w06.png,b288a998892a527a,6,Field,Noise
train/noise/b288a998892a527a_w11.png,b288a998892a527a,11,Field,Noise
train/noise/b288a998892a527a_w14.png,b288a998892a527a,14,Field,Noise
train/noise/b288a998892a527a_w15.png,b288a998892a527a,15,Field,Noise
train/noise/b288a998892a527a_w19.png,b288a998892a527a,19,Field,Noise
train/noise/b288a998892a527a_w25.png,b288a998892a527a,25,Field,Noise
train/noise/b288a998892a527a_w26.png,b288a998892a527a,26,Field,Noise
train/noise/b3f90fbc6fa1646a_w04.png,b3f90fbc6fa1646a,4,Field,Noise
train/noise/b3f90fbc6fa1646a_w05.png,b3f90fbc6fa1646a,5,Field,Noise
train/noise/b3f90fbc6fa1646a_w06.png,b3f90fbc6fa1646a,6,Field,Noise
train/noise/b3f90fbc6fa1646a_w08.png,b3f90fbc6fa1646a,8,Field,Noise
train/noise/b3f90fbc6fa1646a_w10.png,b3f90fbc6fa1646a,10,Field,Noise
train/noise/b3f90fbc6fa1646a_w13.png,b3f90fbc6fa1646a,13,Field,Noise
train/noise/b3f90fbc6fa1646a_w16.png,b3f90fbc6fa1646a,16,Field,Noise
train/noise/b3f90fbc6fa1646a_w17.png,b3f90fbc6fa1646a,17,Field,Noise
train/noise/b40d0198b9756f85_w00.png,b40d0198b9756f85,0,Field,Noise
train/noise/b40d0198b9756f85_w03.png,b40d0198b9756f85,3,Field,Noise
train/noise/b40d0198b9756f85_w12.png,b40d0198b9756f85,12,Field,Noise
train/noise/b40d0198b9756f85_w13.png,b40d0198b9756f85,13,Field,Noise
train/noise/b40d0198b9756f85_w18.png,b40d0198b9756f85,18,Field,Noise
train/noise/b40d0198b9756f85_w19.png,b40d0198b9756f85,19,Field,Noise
train/noise/b40d0198b9756f85_w22.png,b40d0198b9756f85,22,Field,Noise
train/noise/b40d0198b9756f85_w23.png,b40d0198b9756f85,23,Field,Noise
train/noise/b492d8db6d9d43bb_w02.png,b492d8db6d9d43bb,2,Lab,Noise
train/noise/b492d8db6d9d43bb_w05.png,b492d8db6d9d43bb,5,Lab,Noise
train/noise/b492d8db6d9d43bb_w08.png,b492d8db6d9d43bb,8,Lab,Noise
train/noise/b492d8db6d9d43bb_w12.png,b492d8db6d9d43bb,12,Lab,Noise
train/noise/b492d8db6d9d43bb_w13.png,b492d8db6d9d43bb,13,Lab,Noise
train/noise/b492d8db6d9d43bb_w15.png,b492d8db6d9d43bb,15,Lab,Noise
train/noise/b492d8db6d9d43bb_w25.png,b492d8db6d9d43bb,25,Lab,Noise
train/noise/b492d8db6d9d43bb_w27.png,b492d8db6d9d43bb,27,Lab,Noise
train/noise/b4e1393b567db0a7_w04.png,b4e1393b567db0a7,4,Field,Noise
train/noise/b4e1393b567db0a7_w07.png,b4e1393b567db0a7,7,Field,Noise
train/noise/b4e1393b567db0a7_w10.png,b4e1393b567db0a7,10,Field,Noise
train/noise/b4e1393b567db0a7_w11.png,b4e1393b567db0a7,11,Field,Noise
train/noise/b4e1393b567db0a7_w14.png,b4e1393b567db0a7,14,Field,Noise
train/noise/b4e1393b567db0a7_w15.png,b4e1393b567db0a7,15,Field,Noise
train/noise/b4e1393b567db0a7_w16.png,b4e1393b567db0a7,16,Field,Noise
train/noise/b4e1393b567db0a7_w24.png,b4e1393b567db0a7,24,Field,Noise
train/noise/b52c1b0f4e624035_w01.png,b52c1b0f4e624035,1,Field,Noise
train/noise/b52c1b0f4e624035_w05.png,b52c1b0f4e624035,5,Field,Noise
train/noise/b52c1b0f4e624035_w09.png,b52c1b0f4e624035,9,Field,Noise
train/noise/b52c1b0f4e624035_w17.png,b52c1b0f4e624035,17,Field,Noise
train/noise/b52c1b0f4e624035_w19.png,b52c1b0f4e624035,19,Field,Noise
train/noise/b52c1b0f4e624035_w21.png,b52c1b0f4e624035,21,Field,Noise
train/noise/b52c1b0f4e624035_w23.png,b52c1b0f4e624035,23,Field,Noise
train/noise/b52c1b0f4e624035_w25.png,b52c1b0f4e624035,25,Field,Noise
train/noise/b53906ac5240656d_w05.png,b53906ac5240656d,5,Field,Noise
train/noise/b53906ac5240656d_w06.png,b53906ac5240656d,6,Field,Noise
train/noise/b53906ac5240656d_w10.png,b53906ac5240656d,10,Field,Noise
train/noise/b53906ac5240656d_w12.png,b53906ac5240656d,12,Field,Noise
train/noise/b53906ac5240656d_w14.png,b53906ac5240656d,14,Field,Noise
train/noise/b53906ac5240656d_w19.png,b53906ac5240656d,19,Field,Noise
train/noise/b53906ac5240656d_w22.png,b53906ac5240656d,22,Field,Noise
train/noise/b53906ac5240656d_w27.png,b53906ac5240656d,27,Field,Noise
train/noise/b5b6a152e8750d0b_w00.png,b5b6a152e8750d0b,0,Field,Noise
train/noise/b5b6a152e8750d0b_w02.png,b5b6a152e8750d0b,2,Field,Noise
train/noise/b5b6a152e8750d0b_w04.png,b5b6a152e8750d0b,4,Field,Noise
train/noise/b5b6a152e8750d0b_w07.png,b5b6a152e8750d0b,7,Field,Noise
train/noise/b5b6a152e8750d0b_w10.png,b5b6a152e8750d0b,10,Field,Noise
train/noise/b5b6a152e8750d0b_w12.png,b5b6a152e8750d0b,12,Field,Noise
train/noise/b5b6a152e8750d0b_w18.png,b5b6a152e8750d0b,18,Field,Noise
train/noise/b5b6a152e8750d0b_w23.png,b5b6a152e8750d0b,23,Field,Noise
train/noise/b637e52628429829_w01.png,b637e52628429829,1,Field,Noise
train/noise/b637e52628429829_w05.png,b637e52628429829,5,Field,Noise
train/noise/b637e52628429829_w07.png,b637e52628429829,7,Field,Noise
train/noise/b637e52628429829_w10.png,b637e52628429829,10,Field,Noise
train/noise/b637e52628429829_w12.png,b637e52628429829,12,Field,Noise
train/noise/b637e52628429829_w13.png,b637e52628429829,13,Field,Noise
train/noise/b637e52628429829_w20.png,b637e52628429829,20,Field,Noise
train/noise/b637e52628429829_w21.png,b637e52628429829,21,Field,Noise
train/noise/b66daec5adf91e2b_w04.png,b66daec5adf91e2b,4,Field,Noise
train/noise/b66daec5adf91e2b_w05.png,b66daec5adf91e2b,5,Field,Noise
train/noise/b66daec5adf91e2b_w13.png,b66daec5adf91e2b,13,Field,Noise
train/noise/b66daec5adf91e2b_w15.png,b66daec5adf91e2b,15,Field,Noise
train/noise/b66daec5adf91e2b_w18.png,b66daec5adf91e2b,18,Field,Noise
train/noise/b66daec5adf91e2b_w23.png,b66daec5adf91e2b,23,Field,Noise
train/noise/b66daec5adf91e2b_w24.png,b66daec5adf91e2b,24,Field,Noise
train/noise/b66daec5adf91e2b_w27.png,b66daec5adf91e2b,27,Field,Noise
train/noise/b69d3d60cfebe4ab_w01.png,b69d3d60cfebe4ab,1,Field,Noise
train/noise/b69d3d60cfebe4ab_w02.png,b69d3d60cfebe4ab,2,Field,Noise
train/noise/b69d3d60cfebe4ab_w07.png,b69d3d60cfebe4ab,7,Field,Noise
train/noise/b69d3d60cfebe4ab_w08.png,b69d3d60cfebe4ab,8,Field,Noise
train/noise/b69d3d60cfebe4ab_w09.png,b69d3d60cfebe4ab,9,Field,Noise
train/noise/b69d3d60cfebe4ab_w12.png,b69d3d60cfebe4ab,12,Field,Noise
train/noise/b69d3d60cfebe4ab_w21.png,b69d3d60cfebe4ab,21,Field,Noise
train/noise/b69d3d60cfebe4ab_w24.png,b69d3d60cfebe4ab,24,Field,Noise
train/noise/b6a81203a693a074_w03.png,b6a81203a693a074,3,Field,Noise
train/noise/b6a81203a693a074_w07.png,b6a81203a693a074,7,Field,Noise
train/noise/b6a81203a693a074_w13.png,b6a81203a693a074,13,Field,Noise
train/noise/b6a81203a693a074_w14.png,b6a81203a693a074,14,Field,Noise
train/noise/b6a81203a693a074_w15.png,b6a81203a693a074,15,Field,Noise
train/noise/b6a81203a693a074_w18.png,b6a81203a693a074,18,Field,Noise
train/noise/b6a81203a693a074_w19.png,b6a81203a693a074,19,Field,Noise
train/noise/b6a81203a693a074_w23.png,b6a81203a693a074,23,Field,Noise
train/noise/b7439748cbb8cf8a_w00.png,b7439748cbb8cf8a,0,Field,Noise
train/noise/b7439748cbb8cf8a_w01.png,b7439748cbb8cf8a,1,Field,Noise
train/noise/b7439748cbb8cf8a_w02.png,b7439748cbb8cf8a,2,Field,Noise
train/noise/b7439748cbb8cf8a_w09.png,b7439748cbb8cf8a,9,Field,Noise
train/noise/b7439748cbb8cf8a_w13.png,b7439748cbb8cf8a,13,Field,Noise
train/noise/b7439748cbb8cf8a_w19.png,b7439748cbb8cf8a,19,Field,Noise
train/noise/b7439748cbb8cf8a_w23.png,b7439748cbb8cf8a,23,Field,Noise
train/noise/b7439748cbb8cf8a_w27.png,b7439748cbb8cf8a,27,Field,Noise
train/noise/b75f4b4131619dc9_w02.png,b75f4b4131619dc9,2,Field,Noise
train/noise/b75f4b4131619dc9_w04.png,b75f4b4131619dc9,4,Field,Noise
train/noise/b75f4b4131619dc9_w10.png,b75f4b4131619dc9,10,Field,Noise
train/noise/b75f4b4131619dc9_w11.png,b75f4b4131619dc9,11,Field,Noise
train/noise/b75f4b4131619dc9_w17.png,b75f4b4131619dc9,17,Field,Noise
train/noise/b75f4b4131619dc9_w18.png,b75f4b4131619dc9,18,Field,Noise
train/noise/b75f4b4131619dc9_w21.png,b75f4b4131619dc9,21,Field,Noise
train/noise/b75f4b4131619dc9_w25.png,b75f4b4131619dc9,25,Field,Noise
train/noise/b7c4d75dd7236d29_w03.png,b7c4d75dd7236d29,3,Field,Noise
train/noise/b7c4d75dd7236d29_w05.png,b7c4d75dd7236d29,5,Field,Noise
train/noise/b7c4d75dd7236d29_w13.png,b7c4d75dd7236d29,13,Field,Noise
train/noise/b7c4d75dd7236d29_w14.png,b7c4d75dd7236d29,14,Field,Noise
train/noise/b7c4d75dd7236d29_w20.png,b7c4d75dd7236d29,20,Field,Noise
train/noise/b7c4d75dd7236d29_w21.png,b7c4d75dd7236d29,21,Field,Noise
train/noise/b7c4d75dd7236d29_w25.png,b7c4d75dd7236d29,25,Field,Noise
train/noise/b7c4d75dd7236d29_w27.png,b7c4d75dd7236d29,27,Field,Noise
train/noise/b7f63e094e899dbb_w00.png,b7f63e094e899dbb,0,Field,Noise
train/noise/b7f63e094e899dbb_w02.png,b7f63e094e899dbb,2,Field,Noise
train/noise/b7f63e094e899dbb_w04.png,b7f63e094e899dbb,4,Field,Noise
train/noise/b7f63e094e899dbb_w07.png,b7f63e094e899dbb,7,Field,Noise
train/noise/b7f63e094e899dbb_w09.png,b7f63e094e899dbb,9,Field,Noise
train/noise/b7f63e094e899dbb_w14.png,b7f63e094e899dbb,14,Field,Noise
train/noise/b7f63e094e899dbb_w21.png,b7f63e094e899dbb,21,Field,Noise
train/noise/b7f63e094e899dbb_w22.png,b7f63e094e899dbb,22,Field,Noise
train/noise/b80888c2b784a837_w01.png,b80888c2b784a837,1,Field,Noise
train/noise/b80888c2b784a837_w04.png,b80888c2b784a837,4,Field,Noise
train/noise/b80888c2b784a837_w11.png,b80888c2b784a837,11,Field,Noise
train/noise/b80888c2b784a837_w13.png,b80888c2b784a837,13,Field,Noise
train/noise/b80888c2b784a837_w23.png,b80888c2b784a837,23,Field,Noise
train/noise/b80888c2b784a837_w24.png,b80888c2b784a837,24,Field,Noise
train/noise/b80888c2b784a837_w25.png,b80888c2b784a837,25,Field,Noise
train/noise/b80888c2b784a837_w26.png,b80888c2b784a837,26,Field,Noise
train/noise/b82b2bb8e3042b16_w01.png,b82b2bb8e3042b16,1,Field,Noise
train/noise/b82b2bb8e3042b16_w09.png,b82b2bb8e3042b16,9,Field,Noise
train/noise/b82b2bb8e3042b16_w13.png,b82b2bb8e3042b16,13,Field,Noise
train/noise/b82b2bb8e3042b16_w17.png,b82b2bb8e3042b16,17,Field,Noise
train/noise/b82b2bb8e3042b16_w20.png,b82b2bb8e3042b16,20,Field,Noise
train/noise/b82b2bb8e3042b16_w21.png,b82b2bb8e3042b16,21,Field,Noise
train/noise/b82b2bb8e3042b16_w22.png,b82b2bb8e3042b16,22,Field,Noise
train/noise/b82b2bb8e3042b16_w27.png,b82b2bb8e3042b16,27,Field,Noise
train/noise/b82c8c189342136d_w00.png,b82c8c189342136d,0,Field,Noise
train/noise/b82c8c189342136d_w01.png,b82c8c189342136d,1,Field,Noise
train/noise/b82c8c189342136d_w03.png,b82c8c189342136d,3,Field,Noise
train/noise/b82c8c189342136d_w08.png,b82c8c189342136d,8,Field,Noise
train/noise/b82c8c189342136d_w11.png,b82c8c189342136d,11,Field,Noise
train/noise/b82c8c189342136d_w23.png,b82c8c189342136d,23,Field,Noise
train/noise/b82c8c189342136d_w24.png,b82c8c189342136d,24,Field,Noise
train/noise/b82c8c189342136d_w26.png,b82c8c189342136d,26,Field,Noise
train/noise/b896cc4a9206a94c_w03.png,b896cc4a9206a94c,3,Field,Noise
train/noise/b896cc4a9206a94c_w05.png,b896cc4a9206a94c,5,Field,Noise
train/noise/b896cc4a9206a94c_w08.png,b896cc4a9206a94c,8,Field,Noise
train/noise/b896cc4a9206a94c_w11.png,b896cc4a9206a94c,11,Field,Noise
train/noise/b896cc4a9206a94c_w19.png,b896cc4a9206a94c,19,Field,Noise
train/noise/b896cc4a9206a94c_w20.png,b896cc4a9206a94c,20,Field,Noise
train/noise/b896cc4a9206a94c_w24.png,b896cc4a9206a94c,24,Field,Noise
train/noise/b896cc4a9206a94c_w25.png,b896cc4a9206a94c,25,Field,Noise
train/noise/b8da0c03e6781c68_w01.png,b8da0c03e6781c68,1,Field,Noise
train/noise/b8da0c03e6781c68_w04.png,b8da0c03e6781c68,4,Field,Noise
train/noise/b8da0c03e6781c68_w05.png,b8da0c03e6781c68,5,Field,Noise
train/noise/b8da0c03e6781c68_w16.png,b8da0c03e6781c68,16,Field,Noise
train/noise/b8da0c03e6781c68_w19.png,b8da0c03e6781c68,19,Field,Noise
train/noise/b8da0c03e6781c68_w20.png,b8da0c03e6781c68,20,Field,Noise
train/noise/b8da0c03e6781c68_w26.png,b8da0c03e6781c68,26,Field,Noise
train/noise/b8da0c03e6781c68_w27.png,b8da0c03e6781c68,27,Field,Noise
train/noise/b92847c17efff3f8_w02.png,b92847c17efff3f8,2,Lab,Noise
train/noise/b92847c17efff3f8_w05.png,b92847c17efff3f8,5,Lab,Noise
train/noise/b92847c17efff3f8_w12.png,b92847c17efff3f8,12,Lab,Noise
train/noise/b92847c17efff3f8_w14.png,b92847c17efff3f8,14,Lab,Noise
train/noise/b92847c17efff3f8_w16.png,b92847c17efff3f8,16,Lab,Noise
train/noise/b92847c17efff3f8_w18.png,b92847c17efff3f8,18,Lab,Noise
train/noise/b92847c17efff3f8_w21.png,b92847c17efff3f8,21,Lab,Noise
train/noise/b92847c17efff3f8_w27.png,b92847c17efff3f8,27,Lab,Noise
train/noise/b9943804b888e683_w07.png,b9943804b888e683,7,Field,Noise
train/noise/b9943804b888e683_w08.png,b9943804b888e683,8,Field,Noise
train/noise/b9943804b888e683_w09.png,b9943804b888e683,9,Field,Noise
train/noise/b9943804b888e683_w11.png,b9943804b888e683,11,Field,Noise
train/noise/b9943804b888e683_w14.png,b9943804b888e683,14,Field,Noise
train/noise/b9943804b888e683_w17.png,b9943804b888e683,17,Field,Noise
train/noise/b9943804b888e683_w19.png,b9943804b888e683,19,Field,Noise
train/noise/b9943804b888e683_w26.png,b9943804b888e683,26,Field,Noise
train/noise/ba3d6dee00c58880_w01.png,ba3d6dee00c58880,1,Lab,Noise
train/noise/ba3d6dee00c58880_w02.png,ba3d6dee00c58880,2,Lab,Noise
train/noise/ba3d6dee00c58880_w05.png,ba3d6dee00c58880,5,Lab,Noise
train/noise/ba3d6dee00c58880_w10.png,ba3d6dee00c58880,10,Lab,Noise
train/noise/ba3d6dee00c58880_w11.png,ba3d6dee00c58880,11,Lab,Noise
train/noise/ba3d6dee00c58880_w19.png,ba3d6dee00c58880,19,Lab,Noise
train/noise/ba3d6dee00c58880_w20.png,ba3d6dee00c58880,20,Lab,Noise
train/noise/ba3d6dee00c58880_w22.png,ba3d6dee00c58880,22,Lab,Noise
train/noise/ba53ade84e7a9edf_w01.png,ba53ade84e7a9edf,1,Field,Noise
train/noise/ba53ade84e7a9edf_w02.png,ba53ade84e7a9edf,2,Field,Noise
train/noise/ba53ade84e7a9edf_w05.png,ba53ade84e7a9edf,5,Field,Noise
train/noise/ba53ade84e7a9edf_w12.png,ba53ade84e7a9edf,12,Field,Noise
train/noise/ba53ade84e7a9edf_w13.png,ba53ade84e7a9edf,13,Field,Noise
train/noise/ba53ade84e7a9edf_w14.png,ba53ade84e7a9edf,14,Field,Noise
train/noise/ba53ade84e7a9edf_w16.png,ba53ade84e7a9edf,16,Field,Noise
train/noise/ba53ade84e7a9edf_w21.png,ba53ade84e7a9edf,21,Field,Noise
train/noise/ba7007a8df0d14f1_w04.png,ba7007a8df0d14f1,4,Field,Noise
train/noise/ba7007a8df0d14f1_w05.png,ba7007a8df0d14f1,5,Field,Noise
train/noise/ba7007a8df0d14f1_w10.png,ba7007a8df0d14f1,10,Field,Noise
train/noise/ba7007a8df0d14f1_w13.png,ba7007a8df0d14f1,13,Field,Noise
train/noise/ba7007a8df0d14f1_w17.png,ba7007a8df0d14f1,17,Field,Noise
train/noise/ba7007a8df0d14f1_w18.png,ba7007a8df0d14f1,18,Field,Noise
train/noise/ba7007a8df0d14f1_w22.png,ba7007a8df0d14f1,22,Field,Noise
train/noise/ba7007a8df0d14f1_w24.png,ba7007a8df0d14f1,24,Field,Noise
train/noise/baf74f2de98713e6_w08.png,baf74f2de98713e6,8,Field,Noise
train/noise/baf74f2de98713e6_w10.png,baf74f2de98713e6,10,Field,Noise
train/noise/baf74f2de98713e6_w13.png,baf74f2de98713e6,13,Field,Noise
train/noise/baf74f2de98713e6_w17.png,baf74f2de98713e6,17,Field,Noise
train/noise/baf74f2de98713e6_w18.png,baf74f2de98713e6,18,Field,Noise
train/noise/baf74f2de98713e6_w23.png,baf74f2de98713e6,23,Field,Noise
train/noise/baf74f2de98713e6_w25.png,baf74f2de98713e6,25,Field,Noise
train/noise/baf74f2de98713e6_w27.png,baf74f2de98713e6,27,Field,Noise
train/noise/bb8b690bb0c88035_w03.png,bb8b690bb0c88035,3,Lab,Noise
train/noise/bb8b690bb0c88035_w06.png,bb8b690bb0c88035,6,Lab,Noise
train/noise/bb8b690bb0c88035_w07.png,bb8b690bb0c88035,7,Lab,Noise
train/noise/bb8b690bb0c88035_w09.png,bb8b690bb0c88035,9,Lab,Noise
train/noise/bb8b690bb0c88035_w14.png,bb8b690bb0c88035,14,Lab,Noise
train/noise/bb8b690bb0c88035_w22.png,bb8b690bb0c88035,22,Lab,Noise
train/noise/bb8b690bb0c88035_w23.png,bb8b690bb0c88035,23,Lab,Noise
train/noise/bb8b690bb0c88035_w27.png,bb8b690bb0c88035,27,Lab,Noise
train/noise/bbc3f41c6b96cbf0_w00.png,bbc3f41c6b96cbf0,0,Lab,Noise
train/noise/bbc3f41c6b96cbf0_w05.png,bbc3f41c6b96cbf0,5,Lab,Noise
train/noise/bbc3f41c6b96cbf0_w14.png,bbc3f41c6b96cbf0,14,Lab,Noise
train/noise/bbc3f41c6b96cbf0_w18.png,bbc3f41c6b96cbf0,18,Lab,Noise
train/noise/bbc3f41c6b96cbf0_w21.png,bbc3f41c6b96cbf0,21,Lab,Noise
train/noise/bbc3f41c6b96cbf0_w23.png,bbc3f41c6b96cbf0,23,Lab,Noise
train/noise/bbc3f41c6b96cbf0_w24.png,bbc3f41c6b96cbf0,24,Lab,Noise
train/noise/bbc3f41c6b96cbf0_w26.png,bbc3f41c6b96cbf0,26,Lab,Noise
train/noise/bbe1d3d7d26cca46_w01.png,bbe1d3d7d26cca46,1,Lab,Noise
train/noise/bbe1d3d7d26cca46_w04.png,bbe1d3d7d26cca46,4,Lab,Noise
train/noise/bbe1d3d7d26cca46_w05.png,bbe1d3d7d26cca46,5,Lab,Noise
train/noise/bbe1d3d7d26cca46_w07.png,bbe1d3d7d26cca46,7,Lab,Noise
train/noise/bbe1d3d7d26cca46_w17.png,bbe1d3d7d26cca46,17,Lab,Noise
train/noise/bbe1d3d7d26cca46_w19.png,bbe1d3d7d26cca46,19,Lab,Noise
train/noise/bbe1d3d7d26cca46_w22.png,bbe1d3d7d26cca46,22,Lab,Noise
train/noise/bbe1d3d7d26cca46_w26.png,bbe1d3d7d26cca46,26,Lab,Noise
train/noise/bc48602a89ce0926_w06.png,bc48602a89ce0926,6,Field,Noise
train/noise/bc48602a89ce0926_w07.png,bc48602a89ce0926,7,Field,Noise
train/noise/bc48602a89ce0926_w17.png,bc48602a89ce0926,17,Field,Noise
train/noise/bc48602a89ce0926_w18.png,bc48602a89ce0926,18,Field,Noise
train/noise/bc48602a89ce0926_w21.png,bc48602a89ce0926,21,Field,Noise
train/noise/bc48602a89ce0926_w22.png,bc48602a89ce0926,22,Field,Noise
train/noise/bc48602a89ce0926_w24.png,bc48602a89ce0926,24,Field,Noise
train/noise/bc48602a89ce0926_w25.png,bc48602a89ce0926,25,Field,Noise
train/noise/bcb57df996d1d9f0_w01.png,bcb57df996d1d9f0,1,Lab,Noise
train/noise/bcb57df996d1d9f0_w03.png,bcb57df996d1d9f0,3,Lab,Noise
train/noise/bcb57df996d1d9f0_w07.png,bcb57df996d1d9f0,7,Lab,Noise
train/noise/bcb57df996d1d9f0_w12.png,bcb57df996d1d9f0,12,Lab,Noise
train/noise/bcb57df996d1d9f0_w16.png,bcb57df996d1d9f0,16,Lab,Noise
train/noise/bcb57df996d1d9f0_w17.png,bcb57df996d1d9f0,17,Lab,Noise
train/noise/bcb57df996d1d9f0_w19.png,bcb57df996d1d9f0,19,Lab,Noise
train/noise/bcb57df996d1d9f0_w27.png,bcb57df996d1d9f0,27,Lab,Noise
train/noise/bd8c7501e20e9984_w02.png,bd8c7501e20e9984,2,Lab,Noise
train/noise/bd8c7501e20e9984_w03.png,bd8c7501e20e9984,3,Lab,Noise
train/noise/bd8c7501e20e9984_w05.png,bd8c7501e20e9984,5,Lab,Noise
train/noise/bd8c7501e20e9984_w08.png,bd8c7501e20e9984,8,Lab,Noise
train/noise/bd8c7501e20e9984_w20.png,bd8c7501e20e9984,20,Lab,Noise
train/noise/bd8c7501e20e9984_w21.png,bd8c7501e20e9984,21,Lab,Noise
train/noise/bd8c7501e20e9984_w25.png,bd8c7501e20e9984,25,Lab,Noise
train/noise/bd8c7501e20e9984_w27.png,bd8c7501e20e9984,27,Lab,Noise
train/noise/bd8e66770087f5de_w04.png,bd8e66770087f5de,4,Lab,Noise
train/noise/bd8e66770087f5de_w05.png,bd8e66770087f5de,5,Lab,Noise
train/noise/bd8e66770087f5de_w09.png,bd8e66770087f5de,9,Lab,Noise
train/noise/bd8e66770087f5de_w14.png,bd8e66770087f5de,14,Lab,Noise
train/noise/bd8e66770087f5de_w18.png,bd8e66770087f5de,18,Lab,Noise
train/noise/bd8e66770087f5de_w21.png,bd8e66770087f5de,21,Lab,Noise
train/noise/bd8e66770087f5de_w23.png,bd8e66770087f5de,23,Lab,Noise
train/noise/bd8e66770087f5de_w25.png,bd8e66770087f5de,25,Lab,Noise
train/noise/bd9346587c820775_w02.png,bd9346587c820775,2,Field,Noise
train/noise/bd9346587c820775_w05.png,bd9346587c820775,5,Field,Noise
train/noise/bd9346587c820775_w08.png,bd9346587c820775,8,Field,Noise
train/noise/bd9346587c820775_w11.png,bd9346587c820775,11,Field,Noise
train/noise/bd9346587c820775_w13.png,bd9346587c820775,13,Field,Noise
train/noise/bd9346587c820775_w14.png,bd9346587c820775,14,Field,Noise
train/noise/bd9346587c820775_w21.png,bd9346587c820775,21,Field,Noise
train/noise/bd9346587c820775_w26.png,bd9346587c820775,26,Field,Noise
train/noise/bdaae1b1a853e234_w12.png,bdaae1b1a853e234,12,Field,Noise
train/noise/bdaae1b1a853e234_w14.png,bdaae1b1a853e234,14,Field,Noise
train/noise/bdaae1b1a853e234_w17.png,bdaae1b1a853e234,17,Field,Noise
train/noise/bdaae1b1a853e234_w18.png,bdaae1b1a853e234,18,Field,Noise
train/noise/bdaae1b1a853e234_w23.png,bdaae1b1a853e234,23,Field,Noise
train/noise/bdaae1b1a853e234_w24.png,bdaae1b1a853e234,24,Field,Noise
train/noise/bdaae1b1a853e234_w25.png,bdaae1b1a853e234,25,Field,Noise
train/noise/bdaae1b1a853e234_w26.png,bdaae1b1a853e234,26,Field,Noise
train/noise/be30805c35a8d4c4_w01.png,be30805c35a8d4c4,1,Field,Noise
train/noise/be30805c35a8d4c4_w02.png,be30805c35a8d4c4,2,Field,Noise
train/noise/be30805c35a8d4c4_w06.png,be30805c35a8d4c4,6,Field,Noise
train/noise/be30805c35a8d4c4_w09.png,be30805c35a8d4c4,9,Field,Noise
train/noise/be30805c35a8d4c4_w13.png,be30805c35a8d4c4,13,Field,Noise
train/noise/be30805c35a8d4c4_w15.png,be30805c35a8d4c4,15,Field,Noise
train/noise/be30805c35a8d4c4_w26.png,be30805c35a8d4c4,26,Field,Noise
train/noise/be30805c35a8d4c4_w27.png,be30805c35a8d4c4,27,Field,Noise
train/noise/be53eaac777cc7b7_w00.png,be53eaac777cc7b7,0,Field,Noise
train/noise/be53eaac777cc7b7_w04.png,be53eaac777cc7b7,4,Field,Noise
train/noise/be53eaac777cc7b7_w11.png,be53eaac777cc7b7,11,Field,Noise
train/noise/be53eaac777cc7b7_w13.png,be53eaac777cc7b7,13,Field,Noise
train/noise/be53eaac777cc7b7_w15.png,be53eaac777cc7b7,15,Field,Noise
train/noise/be53eaac777cc7b7_w20.png,be53eaac777cc7b7,20,Field,Noise
train/noise/be53eaac777cc7b7_w22.png,be53eaac777cc7b7,22,Field,Noise
train/noise/be53eaac777cc7b7_w25.png,be53eaac777cc7b7,25,Field,Noise
train/noise/bed97cc356d0d183_w02.png,bed97cc356d0d183,2,Field,Noise
train/noise/bed97cc356d0d183_w04.png,bed97cc356d0d183,4,Field,Noise
train/noise/bed97cc356d0d183_w06.png,bed97cc356d0d183,6,Field,Noise
train/noise/bed97cc356d0d183_w09.png,bed97cc356d0d183,9,Field,Noise
train/noise/bed97cc356d0d183_w13.png,bed97cc356d0d183,13,Field,Noise
train/noise/bed97cc356d0d183_w14.png,bed97cc356d0d183,14,Field,Noise
train/noise/bed97cc356d0d183_w15.png,bed97cc356d0d183,15,Field,Noise
train/noise/bed97cc356d0d183_w23.png,bed97cc356d0d183,23,Field,Noise
train/noise/bf05a8324f82d0d2_w01.png,bf05a8324f82d0d2,1,Field,Noise
train/noise/bf05a8324f82d0d2_w03.png,bf05a8324f82d0d2,3,Field,Noise
train/noise/bf05a8324f82d0d2_w04.png,bf05a8324f82d0d2,4,Field,Noise
train/noise/bf05a8324f82d0d2_w08.png,bf05a8324f82d0d2,8,Field,Noise
train/noise/bf05a8324f82d0d2_w09.png,bf05a8324f82d0d2,9,Field,Noise
train/noise/bf05a8324f82d0d2_w12.png,bf05a8324f82d0d2,12,Field,Noise
train/noise/bf05a8324f82d0d2_w15.png,bf05a8324f82d0d2,15,Field,Noise
train/noise/bf05a8324f82d0d2_w21.png,bf05a8324f82d0d2,21,Field,Noise
train/noise/bf951361d142f163_w02.png,bf951361d142f163,2,Field,Noise
train/noise/bf951361d142f163_w04.png,bf951361d142f163,4,Field,Noise
train/noise/bf951361d142f163_w08.png,bf951361d142f163,8,Field,Noise
train/noise/bf951361d142f163_w09.png,bf951361d142f163,9,Field,Noise
train/noise/bf951361d142f163_w20.png,bf951361d142f163,20,Field,Noise
train/noise/bf951361d142f163_w22.png,bf951361d142f163,22,Field,Noise
train/noise/bf951361d142f163_w23.png,bf951361d142f163,23,Field,Noise
train/noise/bf951361d142f163_w24.png,bf951361d142f163,24,Field,Noise
train/noise/c02ecba100f80067_w00.png,c02ecba100f80067,0,Field,Noise
train/noise/c02ecba100f80067_w06.png,c02ecba100f80067,6,Field,Noise
train/noise/c02ecba100f80067_w10.png,c02ecba100f80067,10,Field,Noise
train/noise/c02ecba100f80067_w16.png,c02ecba100f80067,16,Field,Noise
train/noise/c02ecba100f80067_w24.png,c02ecba100f80067,24,Field,Noise
train/noise/c02ecba100f80067_w25.png,c02ecba100f80067,25,Field,Noise
train/noise/c02ecba100f80067_w26.png,c02ecba100f80067,26,Field,Noise
train/noise/c02ecba100f80067_w27.png,c02ecba100f80067,27,Field,Noise
train/noise/c062a553c7a41ec9_w06.png,c062a553c7a41ec9,6,Lab,Noise
train/noise/c062a553c7a41ec9_w07.png,c062a553c7a41ec9,7,Lab,Noise
train/noise/c062a553c7a41ec9_w08.png,c062a553c7a41ec9,8,Lab,Noise
train/noise/c062a553c7a41ec9_w09.png,c062a553c7a41ec9,9,Lab,Noise
train/noise/c062a553c7a41ec9_w11.png,c062a553c7a41ec9,11,Lab,Noise
train/noise/c062a553c7a41ec9_w12.png,c062a553c7a41ec9,12,Lab,Noise
train/noise/c062a553c7a41ec9_w20.png,c062a553c7a41ec9,20,Lab,Noise
train/noise/c062a553c7a41ec9_w21.png,c062a553c7a41ec9,21,Lab,Noise
train/noise/c0745a8460604d24_w02.png,c0745a8460604d24,2,Field,Noise
train/noise/c0745a8460604d24_w05.png,c0745a8460604d24,5,Field,Noise
train/noise/c0745a8460604d24_w07.png,c0745a8460604d24,7,Field,Noise
train/noise/c0745a8460604d24_w08.png,c0745a8460604d24,8,Field,Noise
train/noise/c0745a8460604d24_w09.png,c0745a8460604d24,9,Field,Noise
train/noise/c0745a8460604d24_w12.png,c0745a8460604d24,12,Field,Noise
train/noise/c0745a8460604d24_w20.png,c0745a8460604d24,20,Field,Noise
train/noise/c0745a8460604d24_w21.png,c0745a8460604d24,21,Field,Noise
train/noise/c0789301eb57e23e_w01.png,c0789301eb57e23e,1,Field,Noise
train/noise/c0789301eb57e23e_w06.png,c0789301eb57e23e,6,Field,Noise
train/noise/c0789301eb57e23e_w08.png,c0789301eb57e23e,8,Field,Noise
train/noise/c0789301eb57e23e_w11.png,c0789301eb57e23e,11,Field,Noise
train/noise/c0789301eb57e23e_w17.png,c0789301eb57e23e,17,Field,Noise
train/noise/c0789301eb57e23e_w19.png,c0789301eb57e23e,19,Field,Noise
train/noise/c0789301eb57e23e_w21.png,c0789301eb57e23e,21,Field,Noise
train/noise/c0789301eb57e23e_w24.png,c0789301eb57e23e,24,Field,Noise
train/noise/c1287f085daeae0b_w08.png,c1287f085daeae0b,8,Lab,Noise
train/noise/c1287f085daeae0b_w10.png,c1287f085daeae0b,10,Lab,Noise
train/noise/c1287f085daeae0b_w14.png,c1287f085daeae0b,14,Lab,Noise
train/noise/c1287f085daeae0b_w16.png,c1287f085daeae0b,16,Lab,Noise
train/noise/c1287f085daeae0b_w19.png,c1287f085daeae0b,19,Lab,Noise
train/noise/c1287f085daeae0b_w21.png,c1287f085daeae0b,21,Lab,Noise
train/noise/c1287f085daeae0b_w22.png,c1287f085daeae0b,22,Lab,Noise
train/noise/c1287f085daeae0b_w26.png,c1287f085daeae0b,26,Lab,Noise
train/noise/c1603704398c8e46_w00.png,c1603704398c8e46,0,Field,Noise
train/noise/c1603704398c8e46_w01.png,c1603704398c8e46,1,Field,Noise
train/noise/c1603704398c8e46_w05.png,c1603704398c8e46,5,Field,Noise
train/noise/c1603704398c8e46_w06.png,c1603704398c8e46,6,Field,Noise
train/noise/c1603704398c8e46_w17.png,c1603704398c8e46,17,Field,Noise
train/noise/c1603704398c8e46_w18.png,c1603704398c8e46,18,Field,Noise
train/noise/c1603704398c8e46_w20.png,c1603704398c8e46,20,Field,Noise
train/noise/c1603704398c8e46_w22.png,c1603704398c8e46,22,Field,Noise
train/noise/c17d07f6247fc1f7_w02.png,c17d07f6247fc1f7,2,Lab,Noise
train/noise/c17d07f6247fc1f7_w05.png,c17d07f6247fc1f7,5,Lab,Noise
train/noise/c17d07f6247fc1f7_w08.png,c17d07f6247fc1f7,8,Lab,Noise
train/noise/c17d07f6247fc1f7_w11.png,c17d07f6247fc1f7,11,Lab,Noise
train/noise/c17d07f6247fc1f7_w15.png,c17d07f6247fc1f7,15,Lab,Noise
train/noise/c17d07f6247fc1f7_w18.png,c17d07f6247fc1f7,18,Lab,Noise
train/noise/c17d07f6247fc1f7_w19.png,c17d07f6247fc1f7,19,Lab,Noise
train/noise/c17d07f6247fc1f7_w22.png,c17d07f6247fc1f7,22,Lab,Noise
train/noise/c228b4d23b16f637_w02.png,c228b4d23b16f637,2,Field,Noise
train/noise/c228b4d23b16f637_w03.png,c228b4d23b16f637,3,Field,Noise
train/noise/c228b4d23b16f637_w04.png,c228b4d23b16f637,4,Field,Noise
train/noise/c228b4d23b16f637_w10.png,c228b4d23b16f637,10,Field,Noise
train/noise/c228b4d23b16f637_w11.png,c228b4d23b16f637,11,Field,Noise
train/noise/c228b4d23b16f637_w12.png,c228b4d23b16f637,12,Field,Noise
train/noise/c228b4d23b16f637_w21.png,c228b4d23b16f637,21,Field,Noise
train/noise/c228b4d23b16f637_w24.png,c228b4d23b16f637,24,Field,Noise
train/noise/c26aceddc9e7d8b4_w05.png,c26aceddc9e7d8b4,5,Field,Noise
train/noise/c26aceddc9e7d8b4_w08.png,c26aceddc9e7d8b4,8,Field,Noise
train/noise/c26aceddc9e7d8b4_w12.png,c26aceddc9e7d8b4,12,Field,Noise
train/noise/c26aceddc9e7d8b4_w17.png,c26aceddc9e7d8b4,17,Field,Noise
train/noise/c26aceddc9e7d8b4_w19.png,c26aceddc9e7d8b4,19,Field,Noise
train/noise/c26aceddc9e7d8b4_w22.png,c26aceddc9e7d8b4,22,Field,Noise
train/noise/c26aceddc9e7d8b4_w23.png,c26aceddc9e7d8b4,23,Field,Noise
train/noise/c26aceddc9e7d8b4_w26.png,c26aceddc9e7d8b4,26,Field,Noise
train/noise/c2dee7f91f0b6d3c_w01.png,c2dee7f91f0b6d3c,1,Field,Noise
train/noise/c2dee7f91f0b6d3c_w06.png,c2dee7f91f0b6d3c,6,Field,Noise
train/noise/c2dee7f91f0b6d3c_w13.png,c2dee7f91f0b6d3c,13,Field,Noise
train/noise/c2dee7f91f0b6d3c_w15.png,c2dee7f91f0b6d3c,15,Field,Noise
train/noise/c2dee7f91f0b6d3c_w16.png,c2dee7f91f0b6d3c,16,Field,Noise
train/noise/c2dee7f91f0b6d3c_w19.png,c2dee7f91f0b6d3c,19,Field,Noise
train/noise/c2dee7f91f0b6d3c_w22.png,c2dee7f91f0b6d3c,22,Field,Noise
train/noise/c2dee7f91f0b6d3c_w25.png,c2dee7f91f0b6d3c,25,Field,Noise
train/noise/c2f4672acdd72fb8_w00.png,c2f4672acdd72fb8,0,Field,Noise
train/noise/c2f4672acdd72fb8_w03.png,c2f4672acdd72fb8,3,Field,Noise
train/noise/c2f4672acdd72fb8_w07.png,c2f4672acdd72fb8,7,Field,Noise
train/noise/c2f4672acdd72fb8_w09.png,c2f4672acdd72fb8,9,Field,Noise
train/noise/c2f4672acdd72fb8_w12.png,c2f4672acdd72fb8,12,Field,Noise
train/noise/c2f4672acdd72fb8_w15.png,c2f4672acdd72fb8,15,Field,Noise
train/noise/c2f4672acdd72fb8_w19.png,c2f4672acdd72fb8,19,Field,Noise
train/noise/c2f4672acdd72fb8_w25.png,c2f4672acdd72fb8,25,Field,Noise
train/noise/c351cc0046c552c8_w03.png,c351cc0046c552c8,3,Field,Noise
train/noise/c351cc0046c552c8_w07.png,c351cc0046c552c8,7,Field,Noise
train/noise/c351cc0046c552c8_w10.png,c351cc0046c552c8,10,Field,Noise
train/noise/c351cc0046c552c8_w11.png,c351cc0046c552c8,11,Field,Noise
train/noise/c351cc0046c552c8_w17.png,c351cc0046c552c8,17,Field,Noise
train/noise/c351cc0046c552c8_w19.png,c351cc0046c552c8,19,Field,Noise
train/noise/c351cc0046c552c8_w21.png,c351cc0046c552c8,21,Field,Noise
train/noise/c351cc0046c552c8_w27.png,c351cc0046c552c8,27,Field,Noise
train/noise/c3843c8bab2fc7ab_w03.png,c3843c8bab2fc7ab,3,Lab,Noise
train/noise/c3843c8bab2fc7ab_w13.png,c3843c8bab2fc7ab,13,Lab,Noise
train/noise/c3843c8bab2fc7ab_w18.png,c3843c8bab2fc7ab,18,Lab,Noise
train/noise/c3843c8bab2fc7ab_w19.png,c3843c8bab2fc7ab,19,Lab,Noise
train/noise/c3843c8bab2fc7ab_w20.png,c3843c8bab2fc7ab,20,Lab,Noise
train/noise/c3843c8bab2fc7ab_w23.png,c3843c8bab2fc7ab,23,Lab,Noise
train/noise/c3843c8bab2fc7ab_w25.png,c3843c8bab2fc7ab,25,Lab,Noise
train/noise/c3843c8bab2fc7ab_w26.png,c3843c8bab2fc7ab,26,Lab,Noise
train/noise/c3bc3683ad11d1c5_w04.png,c3bc3683ad11d1c5,4,Field,Noise
train/noise/c3bc3683ad11d1c5_w08.png,c3bc3683ad11d1c5,8,Field,Noise
train/noise/c3bc3683ad11d1c5_w12.png,c3bc3683ad11d1c5,12,Field,Noise
train/noise/c3bc3683ad11d1c5_w16.png,c3bc3683ad11d1c5,16,Field,Noise
train/noise/c3bc3683ad11d1c5_w18.png,c3bc3683ad11d1c5,18,Field,Noise
train/noise/c3bc3683ad11d1c5_w19.png,c3bc3683ad11d1c5,19,Field,Noise
train/noise/c3bc3683ad11d1c5_w23.png,c3bc3683ad11d1c5,23,Field,Noise
train/noise/c3bc3683ad11d1c5_w25.png,c3bc3683ad11d1c5,25,Field,Noise
train/noise/c40d832afe67e5f2_w00.png,c40d832afe67e5f2,0,Field,Noise
train/noise/c40d832afe67e5f2_w01.png,c40d832afe67e5f2,1,Field,Noise
train/noise/c40d832afe67e5f2_w06.png,c40d832afe67e5f2,6,Field,Noise
train/noise/c40d832afe67e5f2_w10.png,c40d832afe67e5f2,10,Field,Noise
train/noise/c40d832afe67e5f2_w19.png,c40d832afe67e5f2,19,Field,Noise
train/noise/c40d832afe67e5f2_w20.png,c40d832afe67e5f2,20,Field,Noise
train/noise/c40d832afe67e5f2_w24.png,c40d832afe67e5f2,24,Field,Noise
train/noise/c40d832afe67e5f2_w27.png,c40d832afe67e5f2,27,Field,Noise
train/noise/c434023e4935750e_w07.png,c434023e4935750e,7,Field,Noise
train/noise/c434023e4935750e_w10.png,c434023e4935750e,10,Field,Noise
train/noise/c434023e4935750e_w13.png,c434023e4935750e,13,Field,Noise
train/noise/c434023e4935750e_w14.png,c434023e4935750e,14,Field,Noise
train/noise/c434023e4935750e_w16.png,c434023e4935750e,16,Field,Noise
train/noise/c434023e4935750e_w17.png,c434023e4935750e,17,Field,Noise
train/noise/c434023e4935750e_w25.png,c434023e4935750e,25,Field,Noise
train/noise/c434023e4935750e_w27.png,c434023e4935750e,27,Field,Noise
train/noise/c4aecafa996a3723_w05.png,c4aecafa996a3723,5,Field,Noise
train/noise/c4aecafa996a3723_w08.png,c4aecafa996a3723,8,Field,Noise
train/noise/c4aecafa996a3723_w09.png,c4aecafa996a3723,9,Field,Noise
train/noise/c4aecafa996a3723_w11.png,c4aecafa996a3723,11,Field,Noise
train/noise/c4aecafa996a3723_w13.png,c4aecafa996a3723,13,Field,Noise
train/noise/c4aecafa996a3723_w16.png,c4aecafa996a3723,16,Field,Noise
train/noise/c4aecafa996a3723_w17.png,c4aecafa996a3723,17,Field,Noise
train/noise/c4aecafa996a3723_w23.png,c4aecafa996a3723,23,Field,Noise
train/noise/c4c5422115a79551_w01.png,c4c5422115a79551,1,Field,Noise
train/noise/c4c5422115a79551_w04.png,c4c5422115a79551,4,Field,Noise
train/noise/c4c5422115a79551_w07.png,c4c5422115a79551,7,Field,Noise
train/noise/c4c5422115a79551_w10.png,c4c5422115a79551,10,Field,Noise
train/noise/c4c5422115a79551_w13.png,c4c5422115a79551,13,Field,Noise
train/noise/c4c5422115a79551_w23.png,c4c5422115a79551,23,Field,Noise
train/noise/c4c5422115a79551_w24.png,c4c5422115a79551,24,Field,Noise
train/noise/c4c5422115a79551_w27.png,c4c5422115a79551,27,Field,Noise
train/noise/c4e8a17705c9471f_w00.png,c4e8a17705c9471f,0,Field,Noise
train/noise/c4e8a17705c9471f_w02.png,c4e8a17705c9471f,2,Field,Noise
train/noise/c4e8a17705c9471f_w03.png,c4e8a17705c9471f,3,Field,Noise
train/noise/c4e8a17705c9471f_w04.png,c4e8a17705c9471f,4,Field,Noise
train/noise/c4e8a17705c9471f_w06.png,c4e8a17705c9471f,6,Field,Noise
train/noise/c4e8a17705c9471f_w07.png,c4e8a17705c9471f,7,Field,Noise
train/noise/c4e8a17705c9471f_w08.png,c4e8a17705c9471f,8,Field,Noise
train/noise/c4e8a17705c9471f_w25.png,c4e8a17705c9471f,25,Field,Noise
train/noise/c4ee488bfb6dbd8b_w00.png,c4ee488bfb6dbd8b,0,Field,Noise
train/noise/c4ee488bfb6dbd8b_w02.png,c4ee488bfb6dbd8b,2,Field,Noise
train/noise/c4ee488bfb6dbd8b_w10.png,c4ee488bfb6dbd8b,10,Field,Noise
train/noise/c4ee488bfb6dbd8b_w11.png,c4ee488bfb6dbd8b,11,Field,Noise
train/noise/c4ee488bfb6dbd8b_w12.png,c4ee488bfb6dbd8b,12,Field,Noise
train/noise/c4ee488bfb6dbd8b_w14.png,c4ee488bfb6dbd8b,14,Field,Noise
train/noise/c4ee488bfb6dbd8b_w19.png,c4ee488bfb6dbd8b,19,Field,Noise
train/noise/c4ee488bfb6dbd8b_w21.png,c4ee488bfb6dbd8b,21,Field,Noise
train/noise/c554f7bfa1fcd844_w00.png,c554f7bfa1fcd844,0,Lab,Noise
train/noise/c554f7bfa1fcd844_w05.png,c554f7bfa1fcd844,5,Lab,Noise
train/noise/c554f7bfa1fcd844_w06.png,c554f7bfa1fcd844,6,Lab,Noise
train/noise/c554f7bfa1fcd844_w09.png,c554f7bfa1fcd844,9,Lab,Noise
train/noise/c554f7bfa1fcd844_w18.png,c554f7bfa1fcd844,18,Lab,Noise
train/noise/c554f7bfa1fcd844_w25.png,c554f7bfa1fcd844,25,Lab,Noise
train/noise/c554f7bfa1fcd844_w26.png,c554f7bfa1fcd844,26,Lab,Noise
train/noise/c554f7bfa1fcd844_w27.png,c554f7bfa1fcd844,27,Lab,Noise
train/noise/c5a62b787341064a_w04.png,c5a62b787341064a,4,Field,Noise
train/noise/c5a62b787341064a_w07.png,c5a62b787341064a,7,Field,Noise
train/noise/c5a62b787341064a_w14.png,c5a62b787341064a,14,Field,Noise
train/noise/c5a62b787341064a_w15.png,c5a62b787341064a,15,Field,Noise
train/noise/c5a62b787341064a_w18.png,c5a62b787341064a,18,Field,Noise
train/noise/c5a62b787341064a_w20.png,c5a62b787341064a,20,Field,Noise
train/noise/c5a62b787341064a_w24.png,c5a62b787341064a,24,Field,Noise
train/noise/c5a62b787341064a_w25.png,c5a62b787341064a,25,Field,Noise
train/noise/c5f3e74ae4ea2d39_w02.png,c5f3e74ae4ea2d39,2,Field,Noise
train/noise/c5f3e74ae4ea2d39_w03.png,c5f3e74ae4ea2d39,3,Field,Noise
train/noise/c5f3e74ae4ea2d39_w07.png,c5f3e74ae4ea2d39,7,Field,Noise
train/noise/c5f3e74ae4ea2d39_w13.png,c5f3e74ae4ea2d39,13,Field,Noise
train/noise/c5f3e74ae4ea2d39_w18.png,c5f3e74ae4ea2d39,18,Field,Noise
train/noise/c5f3e74ae4ea2d39_w25.png,c5f3e74ae4ea2d39,25,Field,Noise
train/noise/c5f3e74ae4ea2d39_w26.png,c5f3e74ae4ea2d39,26,Field,Noise
train/noise/c5f3e74ae4ea2d39_w27.png,c5f3e74ae4ea2d39,27,Field,Noise
train/noise/c63047cfd8e5672f_w00.png,c63047cfd8e5672f,0,Lab,Noise
train/noise/c63047cfd8e5672f_w03.png,c63047cfd8e5672f,3,Lab,Noise
train/noise/c63047cfd8e5672f_w06.png,c63047cfd8e5672f,6,Lab,Noise
train/noise/c63047cfd8e5672f_w11.png,c63047cfd8e5672f,11,Lab,Noise
train/noise/c63047cfd8e5672f_w14.png,c63047cfd8e5672f,14,Lab,Noise
train/noise/c63047cfd8e5672f_w15.png,c63047cfd8e5672f,15,Lab,Noise
train/noise/c63047cfd8e5672f_w18.png,c63047cfd8e5672f,18,Lab,Noise
train/noise/c63047cfd8e5672f_w25.png,c63047cfd8e5672f,25,Lab,Noise
train/noise/c699d61525b57d35_w00.png,c699d61525b57d35,0,Field,Noise
train/noise/c699d61525b57d35_w04.png,c699d61525b57d35,4,Field,Noise
train/noise/c699d61525b57d35_w09.png,c699d61525b57d35,9,Field,Noise
train/noise/c699d61525b57d35_w11.png,c699d61525b57d35,11,Field,Noise
train/noise/c699d61525b57d35_w13.png,c699d61525b57d35,13,Field,Noise
train/noise/c699d61525b57d35_w19.png,c699d61525b57d35,19,Field,Noise
train/noise/c699d61525b57d35_w22.png,c699d61525b57d35,22,Field,Noise
train/noise/c699d61525b57d35_w27.png,c699d61525b57d35,27,Field,Noise
train/noise/c6f4ec7eac6c22c9_w01.png,c6f4ec7eac6c22c9,1,Field,Noise
train/noise/c6f4ec7eac6c22c9_w02.png,c6f4ec7eac6c22c9,2,Field,Noise
train/noise/c6f4ec7eac6c22c9_w04.png,c6f4ec7eac6c22c9,4,Field,Noise
train/noise/c6f4ec7eac6c22c9_w05.png,c6f4ec7eac6c22c9,5,Field,Noise
train/noise/c6f4ec7eac6c22c9_w06.png,c6f4ec7eac6c22c9,6,Field,Noise
train/noise/c6f4ec7eac6c22c9_w13.png,c6f4ec7eac6c22c9,13,Field,Noise
train/noise/c6f4ec7eac6c22c9_w21.png,c6f4ec7eac6c22c9,21,Field,Noise
train/noise/c6f4ec7eac6c22c9_w26.png,c6f4ec7eac6c22c9,26,Field,Noise
train/noise/c7017f02b24e74bb_w05.png,c7017f02b24e74bb,5,Field,Noise
train/noise/c7017f02b24e74bb_w08.png,c7017f02b24e74bb,8,Field,Noise
train/noise/c7017f02b24e74bb_w09.png,c7017f02b24e74bb,9,Field,Noise
train/noise/c7017f02b24e74bb_w13.png,c7017f02b24e74bb,13,Field,Noise
train/noise/c7017f02b24e74bb_w18.png,c7017f02b24e74bb,18,Field,Noise
train/noise/c7017f02b24e74bb_w22.png,c7017f02b24e74bb,22,Field,Noise
train/noise/c7017f02b24e74bb_w24.png,c7017f02b24e74bb,24,Field,Noise
train/noise/c7017f02b24e74bb_w25.png,c7017f02b24e74bb,25,Field,Noise
train/noise/c72f14f720220524_w05.png,c72f14f720220524,5,Lab,Noise
train/noise/c72f14f720220524_w06.png,c72f14f720220524,6,Lab,Noise
train/noise/c72f14f720220524_w07.png,c72f14f720220524,7,Lab,Noise
train/noise/c72f14f720220524_w08.png,c72f14f720220524,8,Lab,Noise
train/noise/c72f14f720220524_w16.png,c72f14f720220524,16,Lab,Noise
train/noise/c72f14f720220524_w17.png,c72f14f720220524,17,Lab,Noise
train/noise/c72f14f720220524_w19.png,c72f14f720220524,19,Lab,Noise
train/noise/c72f14f720220524_w24.png,c72f14f720220524,24,Lab,Noise
train/noise/c7b61b5a6341a8b4_w01.png,c7b61b5a6341a8b4,1,Field,Noise
train/noise/c7b61b5a6341a8b4_w04.png,c7b61b5a6341a8b4,4,Field,Noise
train/noise/c7b61b5a6341a8b4_w08.png,c7b61b5a6341a8b4,8,Field,Noise
train/noise/c7b61b5a6341a8b4_w10.png,c7b61b5a6341a8b4,10,Field,Noise
train/noise/c7b61b5a6341a8b4_w14.png,c7b61b5a6341a8b4,14,Field,Noise
train/noise/c7b61b5a6341a8b4_w18.png,c7b61b5a6341a8b4,18,Field,Noise
train/noise/c7b61b5a6341a8b4_w21.png,c7b61b5a6341a8b4,21,Field,Noise
train/noise/c7b61b5a6341a8b4_w27.png,c7b61b5a6341a8b4,27,Field,Noise
train/noise/c7d3b8159fede0d2_w00.png,c7d3b8159fede0d2,0,Field,Noise
train/noise/c7d3b8159fede0d2_w08.png,c7d3b8159fede0d2,8,Field,Noise
train/noise/c7d3b8159fede0d2_w13.png,c7d3b8159fede0d2,13,Field,Noise
train/noise/c7d3b8159fede0d2_w15.png,c7d3b8159fede0d2,15,Field,Noise
train/noise/c7d3b8159fede0d2_w17.png,c7d3b8159fede0d2,17,Field,Noise
train/noise/c7d3b8159fede0d2_w20.png,c7d3b8159fede0d2,20,Field,Noise
train/noise/c7d3b8159fede0d2_w23.png,c7d3b8159fede0d2,23,Field,Noise
train/noise/c7d3b8159fede0d2_w25.png,c7d3b8159fede0d2,25,Field,Noise
train/noise/c7f9b38aac538fb7_w01.png,c7f9b38aac538fb7,1,Field,Noise
train/noise/c7f9b38aac538fb7_w07.png,c7f9b38aac538fb7,7,Field,Noise
train/noise/c7f9b38aac538fb7_w12.png,c7f9b38aac538fb7,12,Field,Noise
train/noise/c7f9b38aac538fb7_w15.png,c7f9b38aac538fb7,15,Field,Noise
train/noise/c7f9b38aac538fb7_w18.png,c7f9b38aac538fb7,18,Field,Noise
train/noise/c7f9b38aac538fb7_w20.png,c7f9b38aac538fb7,20,Field,Noise
train/noise/c7f9b38aac538fb7_w21.png,c7f9b38aac538fb7,21,Field,Noise
train/noise/c7f9b38aac538fb7_w22.png,c7f9b38aac538fb7,22,Field,Noise
train/noise/c86c99ce6335adbe_w01.png,c86c99ce6335adbe,1,Field,Noise
train/noise/c86c99ce6335adbe_w05.png,c86c99ce6335adbe,5,Field,Noise
train/noise/c86c99ce6335adbe_w10.png,c86c99ce6335adbe,10,Field,Noise
train/noise/c86c99ce6335adbe_w13.png,c86c99ce6335adbe,13,Field,Noise
train/noise/c86c99ce6335adbe_w15.png,c86c99ce6335adbe,15,Field,Noise
train/noise/c86c99ce6335adbe_w19.png,c86c99ce6335adbe,19,Field,Noise
train/noise/c86c99ce6335adbe_w24.png,c86c99ce6335adbe,24,Field,Noise
train/noise/c86c99ce6335adbe_w25.png,c86c99ce6335adbe,25,Field,Noise
train/noise/c898a378426390b3_w05.png,c898a378426390b3,5,Field,Noise
train/noise/c898a378426390b3_w09.png,c898a378426390b3,9,Field,Noise
train/noise/c898a378426390b3_w13.png,c898a378426390b3,13,Field,Noise
train/noise/c898a378426390b3_w17.png,c898a378426390b3,17,Field,Noise
train/noise/c898a378426390b3_w20.png,c898a378426390b3,20,Field,Noise
train/noise/c898a378426390b3_w21.png,c898a378426390b3,21,Field,Noise
train/noise/c898a378426390b3_w25.png,c898a378426390b3,25,Field,Noise
train/noise/c898a378426390b3_w26.png,c898a378426390b3,26,Field,Noise
train/noise/c8a722bb2fe81a46_w02.png,c8a722bb2fe81a46,2,Field,Noise
train/noise/c8a722bb2fe81a46_w06.png,c8a722bb2fe81a46,6,Field,Noise
train/noise/c8a722bb2fe81a46_w07.png,c8a722bb2fe81a46,7,Field,Noise
train/noise/c8a722bb2fe81a46_w09.png,c8a722bb2fe81a46,9,Field,Noise
train/noise/c8a722bb2fe81a46_w12.png,c8a722bb2fe81a46,12,Field,Noise
train/noise/c8a722bb2fe81a46_w16.png,c8a722bb2fe81a46,16,Field,Noise
train/noise/c8a722bb2fe81a46_w25.png,c8a722bb2fe81a46,25,Field,Noise
train/noise/c8a722bb2fe81a46_w26.png,c8a722bb2fe81a46,26,Field,Noise
train/noise/c9271d329bca3f9e_w01.png,c9271d329bca3f9e,1,Lab,Noise
train/noise/c9271d329bca3f9e_w03.png,c9271d329bca3f9e,3,Lab,Noise
train/noise/c9271d329bca3f9e_w04.png,c9271d329bca3f9e,4,Lab,Noise
train/noise/c9271d329bca3f9e_w06.png,c9271d329bca3f9e,6,Lab,Noise
train/noise/c9271d329bca3f9e_w14.png,c9271d329bca3f9e,14,Lab,Noise
train/noise/c9271d329bca3f9e_w15.png,c9271d329bca3f9e,15,Lab,Noise
train/noise/c9271d329bca3f9e_w18.png,c9271d329bca3f9e,18,Lab,Noise
train/noise/c9271d329bca3f9e_w23.png,c9271d329bca3f9e,23,Lab,Noise
train/noise/c92df620ee92dd3a_w07.png,c92df620ee92dd3a,7,Field,Noise
train/noise/c92df620ee92dd3a_w09.png,c92df620ee92dd3a,9,Field,Noise
train/noise/c92df620ee92dd3a_w13.png,c92df620ee92dd3a,13,Field,Noise
train/noise/c92df620ee92dd3a_w14.png,c92df620ee92dd3a,14,Field,Noise
train/noise/c92df620ee92dd3a_w15.png,c92df620ee92dd3a,15,Field,Noise
train/noise/c92df620ee92dd3a_w23.png,c92df620ee92dd3a,23,Field,Noise
train/noise/c92df620ee92dd3a_w24.png,c92df620ee92dd3a,24,Field,Noise
train/noise/c92df620ee92dd3a_w27.png,c92df620ee92dd3a,27,Field,Noise
train/noise/ca3264d1c2283b0f_w04.png,ca3264d1c2283b0f,4,Field,Noise
train/noise/ca3264d1c2283b0f_w05.png,ca3264d1c2283b0f,5,Field,Noise
train/noise/ca3264d1c2283b0f_w06.png,ca3264d1c2283b0f,6,Field,Noise
train/noise/ca3264d1c2283b0f_w13.png,ca3264d1c2283b0f,13,Field,Noise
train/noise/ca3264d1c2283b0f_w14.png,ca3264d1c2283b0f,14,Field,Noise
train/noise/ca3264d1c2283b0f_w21.png,ca3264d1c2283b0f,21,Field,Noise
train/noise/ca3264d1c2283b0f_w23.png,ca3264d1c2283b0f,23,Field,Noise
train/noise/ca3264d1c2283b0f_w25.png,ca3264d1c2283b0f,25,Field,Noise
train/noise/cbd4a33f11ebcd16_w08.png,cbd4a33f11ebcd16,8,Field,Noise
train/noise/cbd4a33f11ebcd16_w09.png,cbd4a33f11ebcd16,9,Field,Noise
train/noise/cbd4a33f11ebcd16_w10.png,cbd4a33f11ebcd16,10,Field,Noise
train/noise/cbd4a33f11ebcd16_w12.png,cbd4a33f11ebcd16,12,Field,Noise
train/noise/cbd4a33f11ebcd16_w20.png,cbd4a33f11ebcd16,20,Field,Noise
train/noise/cbd4a33f11ebcd16_w24.png,cbd4a33f11ebcd16,24,Field,Noise
train/noise/cbd4a33f11ebcd16_w26.png,cbd4a33f11ebcd16,26,Field,Noise
train/noise/cbd4a33f11ebcd16_w27.png,cbd4a33f11ebcd16,27,Field,Noise
train/noise/cc03878bd5813ca8_w04.png,cc03878bd5813ca8,4,Field,Noise
train/noise/cc03878bd5813ca8_w05.png,cc03878bd5813ca8,5,Field,Noise
train/noise/cc03878bd5813ca8_w09.png,cc03878bd5813ca8,9,Field,Noise
train/noise/cc03878bd5813ca8_w11.png,cc03878bd5813ca8,11,Field,Noise
train/noise/cc03878bd5813ca8_w12.png,cc03878bd5813ca8,12,Field,Noise
train/noise/cc03878bd5813ca8_w16.png,cc03878bd5813ca8,16,Field,Noise
train/noise/cc03878bd5813ca8_w21.png,cc03878bd5813ca8,21,Field,Noise
train/noise/cc03878bd5813ca8_w27.png,cc03878bd5813ca8,27,Field,Noise
train/noise/cc04e6a98a9e7069_w00.png,cc04e6a98a9e7069,0,Field,Noise
train/noise/cc04e6a98a9e7069_w01.png,cc04e6a98a9e7069,1,Field,Noise
train/noise/cc04e6a98a9e7069_w06.png,cc04e6a98a9e7069,6,Field,Noise
train/noise/cc04e6a98a9e7069_w14.png,cc04e6a98a9e7069,14,Field,Noise
train/noise/cc04e6a98a9e7069_w18.png,cc04e6a98a9e7069,18,Field,Noise
train/noise/cc04e6a98a9e7069_w20.png,cc04e6a98a9e7069,20,Field,Noise
train/noise/cc04e6a98a9e7069_w24.png,cc04e6a98a9e7069,24,Field,Noise
train/noise/cc04e6a98a9e7069_w27.png,cc04e6a98a9e7069,27,Field,Noise
train/noise/ccc78ff9885e1c9e_w01.png,ccc78ff9885e1c9e,1,Field,Noise
train/noise/ccc78ff9885e1c9e_w04.png,ccc78ff9885e1c9e,4,Field,Noise
train/noise/ccc78ff9885e1c9e_w08.png,ccc78ff9885e1c9e,8,Field,Noise
train/noise/ccc78ff9885e1c9e_w13.png,ccc78ff9885e1c9e,13,Field,Noise
train/noise/ccc78ff9885e1c9e_w16.png,ccc78ff9885e1c9e,16,Field,Noise
train/noise/ccc78ff9885e1c9e_w17.png,ccc78ff9885e1c9e,17,Field,Noise
train/noise/ccc78ff9885e1c9e_w20.png,ccc78ff9885e1c9e,20,Field,Noise
train/noise/ccc78ff9885e1c9e_w21.png,ccc78ff9885e1c9e,21,Field,Noise
train/noise/cd6e88a4bef5d029_w00.png,cd6e88a4bef5d029,0,Lab,Noise
train/noise/cd6e88a4bef5d029_w02.png,cd6e88a4bef5d029,2,Lab,Noise
train/noise/cd6e88a4bef5d029_w12.png,cd6e88a4bef5d029,12,Lab,Noise
train/noise/cd6e88a4bef5d029_w14.png,cd6e88a4bef5d029,14,Lab,Noise
train/noise/cd6e88a4bef5d029_w15.png,cd6e88a4bef5d029,15,Lab,Noise
train/noise/cd6e88a4bef5d029_w21.png,cd6e88a4bef5d029,21,Lab,Noise
train/noise/cd6e88a4bef5d029_w23.png,cd6e88a4bef5d029,23,Lab,Noise
train/noise/cd6e88a4bef5d029_w27.png,cd6e88a4bef5d029,27,Lab,Noise
train/noise/cd7f164dd1240a8f_w01.png,cd7f164dd1240a8f,1,Field,Noise
train/noise/cd7f164dd1240a8f_w02.png,cd7f164dd1240a8f,2,Field,Noise
train/noise/cd7f164dd1240a8f_w07.png,cd7f164dd1240a8f,7,Field,Noise
train/noise/cd7f164dd1240a8f_w08.png,cd7f164dd1240a8f,8,Field,Noise
train/noise/cd7f164dd1240a8f_w15.png,cd7f164dd1240a8f,15,Field,Noise
train/noise/cd7f164dd1240a8f_w20.png,cd7f164dd1240a8f,20,Field,Noise
train/noise/cd7f164dd1240a8f_w23.png,cd7f164dd1240a8f,23,Field,Noise
train/noise/cd7f164dd1240a8f_w27.png,cd7f164dd1240a8f,27,Field,Noise
train/noise/cdcb4286d24807ea_w00.png,cdcb4286d24807ea,0,Field,Noise
train/noise/cdcb4286d24807ea_w04.png,cdcb4286d24807ea,4,Field,Noise
train/noise/cdcb4286d24807ea_w05.png,cdcb4286d24807ea,5,Field,Noise
train/noise/cdcb4286d24807ea_w06.png,cdcb4286d24807ea,6,Field,Noise
train/noise/cdcb4286d24807ea_w09.png,cdcb4286d24807ea,9,Field,Noise
train/noise/cdcb4286d24807ea_w13.png,cdcb4286d24807ea,13,Field,Noise
train/noise/cdcb4286d24807ea_w23.png,cdcb4286d24807ea,23,Field,Noise
train/noise/cdcb4286d24807ea_w27.png,cdcb4286d24807ea,27,Field,Noise
train/noise/cde946d16b862060_w01.png,cde946d16b862060,1,Field,Noise
train/noise/cde946d16b862060_w08.png,cde946d16b862060,8,Field,Noise
train/noise/cde946d16b862060_w17.png,cde946d16b862060,17,Field,Noise
train/noise/cde946d16b862060_w18.png,cde946d16b862060,18,Field,Noise
train/noise/cde946d16b862060_w20.png,cde946d16b862060,20,Field,Noise
train/noise/cde946d16b862060_w21.png,cde946d16b862060,21,Field,Noise
train/noise/cde946d16b862060_w22.png,cde946d16b862060,22,Field,Noise
train/noise/cde946d16b862060_w23.png,cde946d16b862060,23,Field,Noise
train/noise/cdf4db05026c32af_w00.png,cdf4db05026c32af,0,Field,Noise
train/noise/cdf4db05026c32af_w03.png,cdf4db05026c32af,3,Field,Noise
train/noise/cdf4db05026c32af_w07.png,cdf4db05026c32af,7,Field,Noise
train/noise/cdf4db05026c32af_w11.png,cdf4db05026c32af,11,Field,Noise
train/noise/cdf4db05026c32af_w13.png,cdf4db05026c32af,13,Field,Noise
train/noise/cdf4db05026c32af_w18.png,cdf4db05026c32af,18,Field,Noise
train/noise/cdf4db05026c32af_w22.png,cdf4db05026c32af,22,Field,Noise
train/noise/cdf4db05026c32af_w25.png,cdf4db05026c32af,25,Field,Noise
train/noise/ce7137142a2a1d3c_w02.png,ce7137142a2a1d3c,2,Field,Noise
train/noise/ce7137142a2a1d3c_w06.png,ce7137142a2a1d3c,6,Field,Noise
train/noise/ce7137142a2a1d3c_w08.png,ce7137142a2a1d3c,8,Field,Noise
train/noise/ce7137142a2a1d3c_w10.png,ce7137142a2a1d3c,10,Field,Noise
train/noise/ce7137142a2a1d3c_w13.png,ce7137142a2a1d3c,13,Field,Noise
train/noise/ce7137142a2a1d3c_w17.png,ce7137142a2a1d3c,17,Field,Noise
train/noise/ce7137142a2a1d3c_w24.png,ce7137142a2a1d3c,24,Field,Noise
train/noise/ce7137142a2a1d3c_w26.png,ce7137142a2a1d3c,26,Field,Noise
train/noise/ce77f39b82d3fc31_w06.png,ce77f39b82d3fc31,6,Field,Noise
train/noise/ce77f39b82d3fc31_w08.png,ce77f39b82d3fc31,8,Field,Noise
train/noise/ce77f39b82d3fc31_w11.png,ce77f39b82d3fc31,11,Field,Noise
train/noise/ce77f39b82d3fc31_w12.png,ce77f39b82d3fc31,12,Field,Noise
train/noise/ce77f39b82d3fc31_w14.png,ce77f39b82d3fc31,14,Field,Noise
train/noise/ce77f39b82d3fc31_w15.png,ce77f39b82d3fc31,15,Field,Noise
train/noise/ce77f39b82d3fc31_w19.png,ce77f39b82d3fc31,19,Field,Noise
train/noise/ce77f39b82d3fc31_w21.png,ce77f39b82d3fc31,21,Field,Noise
train/noise/ce983dee28d888fd_w04.png,ce983dee28d888fd,4,Field,Noise
train/noise/ce983dee28d888fd_w06.png,ce983dee28d888fd,6,Field,Noise
train/noise/ce983dee28d888fd_w14.png,ce983dee28d888fd,14,Field,Noise
train/noise/ce983dee28d888fd_w17.png,ce983dee28d888fd,17,Field,Noise
train/noise/ce983dee28d888fd_w21.png,ce983dee28d888fd,21,Field,Noise
train/noise/ce983dee28d888fd_w22.png,ce983dee28d888fd,22,Field,Noise
train/noise/ce983dee28d888fd_w26.png,ce983dee28d888fd,26,Field,Noise
train/noise/ce983dee28d888fd_w27.png,ce983dee28d888fd,27,Field,Noise
train/noise/cef70fcafdfb19e2_w02.png,cef70fcafdfb19e2,2,Field,Noise
train/noise/cef70fcafdfb19e2_w11.png,cef70fcafdfb19e2,11,Field,Noise
train/noise/cef70fcafdfb19e2_w13.png,cef70fcafdfb19e2,13,Field,Noise
train/noise/cef70fcafdfb19e2_w14.png,cef70fcafdfb19e2,14,Field,Noise
train/noise/cef70fcafdfb19e2_w16.png,cef70fcafdfb19e2,16,Field,Noise
train/noise/cef70fcafdfb19e2_w19.png,cef70fcafdfb19e2,19,Field,Noise
train/noise/cef70fcafdfb19e2_w21.png,cef70fcafdfb19e2,21,Field,Noise
train/noise/cef70fcafdfb19e2_w26.png,cef70fcafdfb19e2,26,Field,Noise
train/noise/cfa6e5f469ca5758_w02.png,cfa6e5f469ca5758,2,Field,Noise
train/noise/cfa6e5f469ca5758_w05.png,cfa6e5f469ca5758,5,Field,Noise
train/noise/cfa6e5f469ca5758_w06.png,cfa6e5f469ca5758,6,Field,Noise
train/noise/cfa6e5f469ca5758_w14.png,cfa6e5f469ca5758,14,Field,Noise
train/noise/cfa6e5f469ca5758_w19.png,cfa6e5f469ca5758,19,Field,Noise
train/noise/cfa6e5f469ca5758_w20.png,cfa6e5f469ca5758,20,Field,Noise
train/noise/cfa6e5f469ca5758_w26.png,cfa6e5f469ca5758,26,Field,Noise
train/noise/cfa6e5f469ca5758_w27.png,cfa6e5f469ca5758,27,Field,Noise
train/noise/cfd86d4c1fd911b9_w03.png,cfd86d4c1fd911b9,3,Lab,Noise
train/noise/cfd86d4c1fd911b9_w09.png,cfd86d4c1fd911b9,9,Lab,Noise
train/noise/cfd86d4c1fd911b9_w11.png,cfd86d4c1fd911b9,11,Lab,Noise
train/noise/cfd86d4c1fd911b9_w20.png,cfd86d4c1fd911b9,20,Lab,Noise
train/noise/cfd86d4c1fd911b9_w21.png,cfd86d4c1fd911b9,21,Lab,Noise
train/noise/cfd86d4c1fd911b9_w24.png,cfd86d4c1fd911b9,24,Lab,Noise
train/noise/cfd86d4c1fd911b9_w25.png,cfd86d4c1fd911b9,25,Lab,Noise
train/noise/cfd86d4c1fd911b9_w27.png,cfd86d4c1fd911b9,27,Lab,Noise
train/noise/cfe23a48a6bdee5b_w06.png,cfe23a48a6bdee5b,6,Lab,Noise
train/noise/cfe23a48a6bdee5b_w07.png,cfe23a48a6bdee5b,7,Lab,Noise
train/noise/cfe23a48a6bdee5b_w08.png,cfe23a48a6bdee5b,8,Lab,Noise
train/noise/cfe23a48a6bdee5b_w14.png,cfe23a48a6bdee5b,14,Lab,Noise
train/noise/cfe23a48a6bdee5b_w17.png,cfe23a48a6bdee5b,17,Lab,Noise
train/noise/cfe23a48a6bdee5b_w21.png,cfe23a48a6bdee5b,21,Lab,Noise
train/noise/cfe23a48a6bdee5b_w24.png,cfe23a48a6bdee5b,24,Lab,Noise
train/noise/cfe23a48a6bdee5b_w27.png,cfe23a48a6bdee5b,27,Lab,Noise
train/noise/d04875ba95e79c15_w01.png,d04875ba95e79c15,1,Field,Noise
train/noise/d04875ba95e79c15_w06.png,d04875ba95e79c15,6,Field,Noise
train/noise/d04875ba95e79c15_w07.png,d04875ba95e79c15,7,Field,Noise
train/noise/d04875ba95e79c15_w10.png,d04875ba95e79c15,10,Field,Noise
train/noise/d04875ba95e79c15_w12.png,d04875ba95e79c15,12,Field,Noise
train/noise/d04875ba95e79c15_w19.png,d04875ba95e79c15,19,Field,Noise
train/noise/d04875ba95e79c15_w23.png,d04875ba95e79c15,23,Field,Noise
train/noise/d04875ba95e79c15_w24.png,d04875ba95e79c15,24,Field,Noise
train/noise/d0526b4a8db969bc_w02.png,d0526b4a8db969bc,2,Lab,Noise
train/noise/d0526b4a8db969bc_w04.png,d0526b4a8db969bc,4,Lab,Noise
train/noise/d0526b4a8db969bc_w12.png,d0526b4a8db969bc,12,Lab,Noise
train/noise/d0526b4a8db969bc_w16.png,d0526b4a8db969bc,16,Lab,Noise
train/noise/d0526b4a8db969bc_w21.png,d0526b4a8db969bc,21,Lab,Noise
train/noise/d0526b4a8db969bc_w22.png,d0526b4a8db969bc,22,Lab,Noise
train/noise/d0526b4a8db969bc_w23.png,d0526b4a8db969bc,23,Lab,Noise
train/noise/d0526b4a8db969bc_w27.png,d0526b4a8db969bc,27,Lab,Noise
train/noise/d05ddc01ae8a9ae5_w03.png,d05ddc01ae8a9ae5,3,Field,Noise
train/noise/d05ddc01ae8a9ae5_w07.png,d05ddc01ae8a9ae5,7,Field,Noise
train/noise/d05ddc01ae8a9ae5_w08.png,d05ddc01ae8a9ae5,8,Field,Noise
train/noise/d05ddc01ae8a9ae5_w12.png,d05ddc01ae8a9ae5,12,Field,Noise
train/noise/d05ddc01ae8a9ae5_w16.png,d05ddc01ae8a9ae5,16,Field,Noise
train/noise/d05ddc01ae8a9ae5_w20.png,d05ddc01ae8a9ae5,20,Field,Noise
train/noise/d05ddc01ae8a9ae5_w23.png,d05ddc01ae8a9ae5,23,Field,Noise
train/noise/d05ddc01ae8a9ae5_w27.png,d05ddc01ae8a9ae5,27,Field,Noise
train/noise/d0bf2ce0f9ae854b_w00.png,d0bf2ce0f9ae854b,0,Field,Noise
train/noise/d0bf2ce0f9ae854b_w09.png,d0bf2ce0f9ae854b,9,Field,Noise
train/noise/d0bf2ce0f9ae854b_w15.png,d0bf2ce0f9ae854b,15,Field,Noise
train/noise/d0bf2ce0f9ae854b_w17.png,d0bf2ce0f9ae854b,17,Field,Noise
train/noise/d0bf2ce0f9ae854b_w19.png,d0bf2ce0f9ae854b,19,Field,Noise
train/noise/d0bf2ce0f9ae854b_w20.png,d0bf2ce0f9ae854b,20,Field,Noise
train/noise/d0bf2ce0f9ae854b_w21.png,d0bf2ce0f9ae854b,21,Field,Noise
train/noise/d0bf2ce0f9ae854b_w25.png,d0bf2ce0f9ae854b,25,Field,Noise
train/noise/d0f954d39a795067_w03.png,d0f954d39a795067,3,Field,Noise
train/noise/d0f954d39a795067_w08.png,d0f954d39a795067,8,Field,Noise
train/noise/d0f954d39a795067_w10.png,d0f954d39a795067,10,Field,Noise
train/noise/d0f954d39a795067_w13.png,d0f954d39a795067,13,Field,Noise
train/noise/d0f954d39a795067_w22.png,d0f954d39a795067,22,Field,Noise
train/noise/d0f954d39a795067_w23.png,d0f954d39a795067,23,Field,Noise
train/noise/d0f954d39a795067_w26.png,d0f954d39a795067,26,Field,Noise
train/noise/d0f954d39a795067_w27.png,d0f954d39a795067,27,Field,Noise
train/noise/d124caf9fce177a5_w05.png,d124caf9fce177a5,5,Field,Noise
train/noise/d124caf9fce177a5_w08.png,d124caf9fce177a5,8,Field,Noise
train/noise/d124caf9fce177a5_w09.png,d124caf9fce177a5,9,Field,Noise
train/noise/d124caf9fce177a5_w15.png,d124caf9fce177a5,15,Field,Noise
train/noise/d124caf9fce177a5_w18.png,d124caf9fce177a5,18,Field,Noise
train/noise/d124caf9fce177a5_w20.png,d124caf9fce177a5,20,Field,Noise
train/noise/d124caf9fce177a5_w22.png,d124caf9fce177a5,22,Field,Noise
train/noise/d124caf9fce177a5_w23.png,d124caf9fce177a5,23,Field,Noise
train/noise/d12e485cfb251148_w07.png,d12e485cfb251148,7,Lab,Noise
train/noise/d12e485cfb251148_w08.png,d12e485cfb251148,8,Lab,Noise
train/noise/d12e485cfb251148_w10.png,d12e485cfb251148,10,Lab,Noise
train/noise/d12e485cfb251148_w17.png,d12e485cfb251148,17,Lab,Noise
train/noise/d12e485cfb251148_w20.png,d12e485cfb251148,20,Lab,Noise
train/noise/d12e485cfb251148_w22.png,d12e485cfb251148,22,Lab,Noise
train/noise/d12e485cfb251148_w26.png,d12e485cfb251148,26,Lab,Noise
train/noise/d12e485cfb251148_w27.png,d12e485cfb251148,27,Lab,Noise
train/noise/d13697b9a095c20e_w04.png,d13697b9a095c20e,4,Field,Noise
train/noise/d13697b9a095c20e_w05.png,d13697b9a095c20e,5,Field,Noise
train/noise/d13697b9a095c20e_w09.png,d13697b9a095c20e,9,Field,Noise
train/noise/d13697b9a095c20e_w11.png,d13697b9a095c20e,11,Field,Noise
train/noise/d13697b9a095c20e_w19.png,d13697b9a095c20e,19,Field,Noise
train/noise/d13697b9a095c20e_w20.png,d13697b9a095c20e,20,Field,Noise
train/noise/d13697b9a095c20e_w25.png,d13697b9a095c20e,25,Field,Noise
train/noise/d13697b9a095c20e_w27.png,d13697b9a095c20e,27,Field,Noise
train/noise/d1846f9b91dcf1a7_w04.png,d1846f9b91dcf1a7,4,Field,Noise
train/noise/d1846f9b91dcf1a7_w05.png,d1846f9b91dcf1a7,5,Field,Noise
train/noise/d1846f9b91dcf1a7_w07.png,d1846f9b91dcf1a7,7,Field,Noise
train/noise/d1846f9b91dcf1a7_w10.png,d1846f9b91dcf1a7,10,Field,Noise
train/noise/d1846f9b91dcf1a7_w14.png,d1846f9b91dcf1a7,14,Field,Noise
train/noise/d1846f9b91dcf1a7_w21.png,d1846f9b91dcf1a7,21,Field,Noise
train/noise/d1846f9b91dcf1a7_w22.png,d1846f9b91dcf1a7,22,Field,Noise
train/noise/d1846f9b91dcf1a7_w27.png,d1846f9b91dcf1a7,27,Field,Noise
train/noise/d19c46417301ea09_w04.png,d19c46417301ea09,4,Field,Noise
train/noise/d19c46417301ea09_w09.png,d19c46417301ea09,9,Field,Noise
train/noise/d19c46417301ea09_w13.png,d19c46417301ea09,13,Field,Noise
train/noise/d19c46417301ea09_w16.png,d19c46417301ea09,16,Field,Noise
train/noise/d19c46417301ea09_w20.png,d19c46417301ea09,20,Field,Noise
train/noise/d19c46417301ea09_w22.png,d19c46417301ea09,22,Field,Noise
train/noise/d19c46417301ea09_w24.png,d19c46417301ea09,24,Field,Noise
train/noise/d19c46417301ea09_w27.png,d19c46417301ea09,27,Field,Noise
train/noise/d1c5b28642f6835b_w02.png,d1c5b28642f6835b,2,Field,Noise
train/noise/d1c5b28642f6835b_w03.png,d1c5b28642f6835b,3,Field,Noise
train/noise/d1c5b28642f6835b_w04.png,d1c5b28642f6835b,4,Field,Noise
train/noise/d1c5b28642f6835b_w06.png,d1c5b28642f6835b,6,Field,Noise
train/noise/d1c5b28642f6835b_w13.png,d1c5b28642f6835b,13,Field,Noise
train/noise/d1c5b28642f6835b_w15.png,d1c5b28642f6835b,15,Field,Noise
train/noise/d1c5b28642f6835b_w16.png,d1c5b28642f6835b,16,Field,Noise
train/noise/d1c5b28642f6835b_w23.png,d1c5b28642f6835b,23,Field,Noise
train/noise/d1e29a019d226193_w01.png,d1e29a019d226193,1,Field,Noise
train/noise/d1e29a019d226193_w05.png,d1e29a019d226193,5,Field,Noise
train/noise/d1e29a019d226193_w06.png,d1e29a019d226193,6,Field,Noise
train/noise/d1e29a019d226193_w07.png,d1e29a019d226193,7,Field,Noise
train/noise/d1e29a019d226193_w15.png,d1e29a019d226193,15,Field,Noise
train/noise/d1e29a019d226193_w16.png,d1e29a019d226193,16,Field,Noise
train/noise/d1e29a019d226193_w20.png,d1e29a019d226193,20,Field,Noise
train/noise/d1e29a019d226193_w24.png,d1e29a019d226193,24,Field,Noise
train/noise/d2624f487e0e96f2_w02.png,d2624f487e0e96f2,2,Field,Noise
train/noise/d2624f487e0e96f2_w10.png,d2624f487e0e96f2,10,Field,Noise
train/noise/d2624f487e0e96f2_w12.png,d2624f487e0e96f2,12,Field,Noise
train/noise/d2624f487e0e96f2_w14.png,d2624f487e0e96f2,14,Field,Noise
train/noise/d2624f487e0e96f2_w15.png,d2624f487e0e96f2,15,Field,Noise
train/noise/d2624f487e0e96f2_w18.png,d2624f487e0e96f2,18,Field,Noise
train/noise/d2624f487e0e96f2_w21.png,d2624f487e0e96f2,21,Field,Noise
train/noise/d2624f487e0e96f2_w25.png,d2624f487e0e96f2,25,Field,Noise
train/noise/d2e6ecac930b8aa0_w01.png,d2e6ecac930b8aa0,1,Field,Noise
train/noise/d2e6ecac930b8aa0_w12.png,d2e6ecac930b8aa0,12,Field,Noise
train/noise/d2e6ecac930b8aa0_w14.png,d2e6ecac930b8aa0,14,Field,Noise
train/noise/d2e6ecac930b8aa0_w15.png,d2e6ecac930b8aa0,15,Field,Noise
train/noise/d2e6ecac930b8aa0_w18.png,d2e6ecac930b8aa0,18,Field,Noise
train/noise/d2e6ecac930b8aa0_w21.png,d2e6ecac930b8aa0,21,Field,Noise
train/noise/d2e6ecac930b8aa0_w25.png,d2e6ecac930b8aa0,25,Field,Noise
train/noise/d2e6ecac930b8aa0_w27.png,d2e6ecac930b8aa0,27,Field,Noise
train/noise/d3349fccd2ba0462_w03.png,d3349fccd2ba0462,3,Field,Noise
train/noise/d3349fccd2ba0462_w07.png,d3349fccd2ba0462,7,Field,Noise
train/noise/d3349fccd2ba0462_w09.png,d3349fccd2ba0462,9,Field,Noise
train/noise/d3349fccd2ba0462_w10.png,d3349fccd2ba0462,10,Field,Noise
train/noise/d3349fccd2ba0462_w12.png,d3349fccd2ba0462,12,Field,Noise
train/noise/d3349fccd2ba0462_w13.png,d3349fccd2ba0462,13,Field,Noise
train/noise/d3349fccd2ba0462_w19.png,d3349fccd2ba0462,19,Field,Noise
train/noise/d3349fccd2ba0462_w21.png,d3349fccd2ba0462,21,Field,Noise
train/noise/d3396fa0c0c28cde_w05.png,d3396fa0c0c28cde,5,Field,Noise
train/noise/d3396fa0c0c28cde_w06.png,d3396fa0c0c28cde,6,Field,Noise
train/noise/d3396fa0c0c28cde_w07.png,d3396fa0c0c28cde,7,Field,Noise
train/noise/d3396fa0c0c28cde_w10.png,d3396fa0c0c28cde,10,Field,Noise
train/noise/d3396fa0c0c28cde_w11.png,d3396fa0c0c28cde,11,Field,Noise
train/noise/d3396fa0c0c28cde_w13.png,d3396fa0c0c28cde,13,Field,Noise
train/noise/d3396fa0c0c28cde_w24.png,d3396fa0c0c28cde,24,Field,Noise
train/noise/d3396fa0c0c28cde_w27.png,d3396fa0c0c28cde,27,Field,Noise
train/noise/d35ca4701da6bb13_w03.png,d35ca4701da6bb13,3,Lab,Noise
train/noise/d35ca4701da6bb13_w10.png,d35ca4701da6bb13,10,Lab,Noise
train/noise/d35ca4701da6bb13_w13.png,d35ca4701da6bb13,13,Lab,Noise
train/noise/d35ca4701da6bb13_w20.png,d35ca4701da6bb13,20,Lab,Noise
train/noise/d35ca4701da6bb13_w22.png,d35ca4701da6bb13,22,Lab,Noise
train/noise/d35ca4701da6bb13_w24.png,d35ca4701da6bb13,24,Lab,Noise
train/noise/d35ca4701da6bb13_w26.png,d35ca4701da6bb13,26,Lab,Noise
train/noise/d35ca4701da6bb13_w27.png,d35ca4701da6bb13,27,Lab,Noise
train/noise/d3badf0fb898f3b1_w01.png,d3badf0fb898f3b1,1,Field,Noise
train/noise/d3badf0fb898f3b1_w04.png,d3badf0fb898f3b1,4,Field,Noise
train/noise/d3badf0fb898f3b1_w16.png,d3badf0fb898f3b1,16,Field,Noise
train/noise/d3badf0fb898f3b1_w18.png,d3badf0fb898f3b1,18,Field,Noise
train/noise/d3badf0fb898f3b1_w20.png,d3badf0fb898f3b1,20,Field,Noise
train/noise/d3badf0fb898f3b1_w22.png,d3badf0fb898f3b1,22,Field,Noise
train/noise/d3badf0fb898f3b1_w25.png,d3badf0fb898f3b1,25,Field,Noise
train/noise/d3badf0fb898f3b1_w27.png,d3badf0fb898f3b1,27,Field,Noise
train/noise/d41dd7ff2ba57cf5_w00.png,d41dd7ff2ba57cf5,0,Field,Noise
train/noise/d41dd7ff2ba57cf5_w07.png,d41dd7ff2ba57cf5,7,Field,Noise
train/noise/d41dd7ff2ba57cf5_w09.png,d41dd7ff2ba57cf5,9,Field,Noise
train/noise/d41dd7ff2ba57cf5_w14.png,d41dd7ff2ba57cf5,14,Field,Noise
train/noise/d41dd7ff2ba57cf5_w15.png,d41dd7ff2ba57cf5,15,Field,Noise
train/noise/d41dd7ff2ba57cf5_w20.png,d41dd7ff2ba57cf5,20,Field,Noise
train/noise/d41dd7ff2ba57cf5_w22.png,d41dd7ff2ba57cf5,22,Field,Noise
train/noise/d41dd7ff2ba57cf5_w26.png,d41dd7ff2ba57cf5,26,Field,Noise
train/noise/d43e9782307e3668_w00.png,d43e9782307e3668,0,Field,Noise
train/noise/d43e9782307e3668_w06.png,d43e9782307e3668,6,Field,Noise
train/noise/d43e9782307e3668_w14.png,d43e9782307e3668,14,Field,Noise
train/noise/d43e9782307e3668_w16.png,d43e9782307e3668,16,Field,Noise
train/noise/d43e9782307e3668_w17.png,d43e9782307e3668,17,Field,Noise
train/noise/d43e9782307e3668_w18.png,d43e9782307e3668,18,Field,Noise
train/noise/d43e9782307e3668_w22.png,d43e9782307e3668,22,Field,Noise
train/noise/d43e9782307e3668_w25.png,d43e9782307e3668,25,Field,Noise
train/noise/d468ab1bb6d3a904_w01.png,d468ab1bb6d3a904,1,Field,Noise
train/noise/d468ab1bb6d3a904_w04.png,d468ab1bb6d3a904,4,Field,Noise
train/noise/d468ab1bb6d3a904_w06.png,d468ab1bb6d3a904,6,Field,Noise
train/noise/d468ab1bb6d3a904_w09.png,d468ab1bb6d3a904,9,Field,Noise
train/noise/d468ab1bb6d3a904_w14.png,d468ab1bb6d3a904,14,Field,Noise
train/noise/d468ab1bb6d3a904_w15.png,d468ab1bb6d3a904,15,Field,Noise
train/noise/d468ab1bb6d3a904_w19.png,d468ab1bb6d3a904,19,Field,Noise
train/noise/d468ab1bb6d3a904_w21.png,d468ab1bb6d3a904,21,Field,Noise
train/noise/d46ea693bfab4038_w00.png,d46ea693bfab4038,0,Field,Noise
train/noise/d46ea693bfab4038_w03.png,d46ea693bfab4038,3,Field,Noise
train/noise/d46ea693bfab4038_w05.png,d46ea693bfab4038,5,Field,Noise
train/noise/d46ea693bfab4038_w15.png,d46ea693bfab4038,15,Field,Noise
train/noise/d46ea693bfab4038_w17.png,d46ea693bfab4038,17,Field,Noise
train/noise/d46ea693bfab4038_w21.png,d46ea693bfab4038,21,Field,Noise
train/noise/d46ea693bfab4038_w22.png,d46ea693bfab4038,22,Field,Noise
train/noise/d46ea693bfab4038_w27.png,d46ea693bfab4038,27,Field,Noise
train/noise/d4a6fb04652979a8_w00.png,d4a6fb04652979a8,0,Field,Noise
train/noise/d4a6fb04652979a8_w01.png,d4a6fb04652979a8,1,Field,Noise
train/noise/d4a6fb04652979a8_w02.png,d4a6fb04652979a8,2,Field,Noise
train/noise/d4a6fb04652979a8_w05.png,d4a6fb04652979a8,5,Field,Noise
train/noise/d4a6fb04652979a8_w07.png,d4a6fb04652979a8,7,Field,Noise
train/noise/d4a6fb04652979a8_w20.png,d4a6fb04652979a8,20,Field,Noise
train/noise/d4a6fb04652979a8_w25.png,d4a6fb04652979a8,25,Field,Noise
train/noise/d4a6fb04652979a8_w27.png,d4a6fb04652979a8,27,Field,Noise
train/noise/d517ed9f54bd4404_w00.png,d517ed9f54bd4404,0,Field,Noise
train/noise/d517ed9f54bd4404_w03.png,d517ed9f54bd4404,3,Field,Noise
train/noise/d517ed9f54bd4404_w07.png,d517ed9f54bd4404,7,Field,Noise
train/noise/d517ed9f54bd4404_w09.png,d517ed9f54bd4404,9,Field,Noise
train/noise/d517ed9f54bd4404_w12.png,d517ed9f54bd4404,12,Field,Noise
train/noise/d517ed9f54bd4404_w13.png,d517ed9f54bd4404,13,Field,Noise
train/noise/d517ed9f54bd4404_w20.png,d517ed9f54bd4404,20,Field,Noise
train/noise/d517ed9f54bd4404_w22.png,d517ed9f54bd4404,22,Field,Noise
train/noise/d536ab2dc6690e4b_w02.png,d536ab2dc6690e4b,2,Field,Noise
train/noise/d536ab2dc6690e4b_w03.png,d536ab2dc6690e4b,3,Field,Noise
train/noise/d536ab2dc6690e4b_w04.png,d536ab2dc6690e4b,4,Field,Noise
train/noise/d536ab2dc6690e4b_w06.png,d536ab2dc6690e4b,6,Field,Noise
train/noise/d536ab2dc6690e4b_w19.png,d536ab2dc6690e4b,19,Field,Noise
train/noise/d536ab2dc6690e4b_w21.png,d536ab2dc6690e4b,21,Field,Noise
train/noise/d536ab2dc6690e4b_w23.png,d536ab2dc6690e4b,23,Field,Noise
train/noise/d536ab2dc6690e4b_w25.png,d536ab2dc6690e4b,25,Field,Noise
train/noise/d63abc7e475b9e12_w03.png,d63abc7e475b9e12,3,Field,Noise
train/noise/d63abc7e475b9e12_w06.png,d63abc7e475b9e12,6,Field,Noise
train/noise/d63abc7e475b9e12_w08.png,d63abc7e475b9e12,8,Field,Noise
train/noise/d63abc7e475b9e12_w10.png,d63abc7e475b9e12,10,Field,Noise
train/noise/d63abc7e475b9e12_w11.png,d63abc7e475b9e12,11,Field,Noise
train/noise/d63abc7e475b9e12_w21.png,d63abc7e475b9e12,21,Field,Noise
train/noise/d63abc7e475b9e12_w22.png,d63abc7e475b9e12,22,Field,Noise
train/noise/d63abc7e475b9e12_w25.png,d63abc7e475b9e12,25,Field,Noise
train/noise/d69655deb402d719_w00.png,d69655deb402d719,0,Field,Noise
train/noise/d69655deb402d719_w03.png,d69655deb402d719,3,Field,Noise
train/noise/d69655deb402d719_w08.png,d69655deb402d719,8,Field,Noise
train/noise/d69655deb402d719_w09.png,d69655deb402d719,9,Field,Noise
train/noise/d69655deb402d719_w14.png,d69655deb402d719,14,Field,Noise
train/noise/d69655deb402d719_w22.png,d69655deb402d719,22,Field,Noise
train/noise/d69655deb402d719_w24.png,d69655deb402d719,24,Field,Noise
train/noise/d69655deb402d719_w25.png,d69655deb402d719,25,Field,Noise
train/noise/d6e2855b51e3e238_w03.png,d6e2855b51e3e238,3,Field,Noise
train/noise/d6e2855b51e3e238_w07.png,d6e2855b51e3e238,7,Field,Noise
train/noise/d6e2855b51e3e238_w14.png,d6e2855b51e3e238,14,Field,Noise
train/noise/d6e2855b51e3e238_w15.png,d6e2855b51e3e238,15,Field,Noise
train/noise/d6e2855b51e3e238_w16.png,d6e2855b51e3e238,16,Field,Noise
train/noise/d6e2855b51e3e238_w18.png,d6e2855b51e3e238,18,Field,Noise
train/noise/d6e2855b51e3e238_w21.png,d6e2855b51e3e238,21,Field,Noise
train/noise/d6e2855b51e3e238_w22.png,d6e2855b51e3e238,22,Field,Noise
train/noise/d7b68437e6bf0c45_w04.png,d7b68437e6bf0c45,4,Field,Noise
train/noise/d7b68437e6bf0c45_w07.png,d7b68437e6bf0c45,7,Field,Noise
train/noise/d7b68437e6bf0c45_w09.png,d7b68437e6bf0c45,9,Field,Noise
train/noise/d7b68437e6bf0c45_w10.png,d7b68437e6bf0c45,10,Field,Noise
train/noise/d7b68437e6bf0c45_w16.png,d7b68437e6bf0c45,16,Field,Noise
train/noise/d7b68437e6bf0c45_w23.png,d7b68437e6bf0c45,23,Field,Noise
train/noise/d7b68437e6bf0c45_w25.png,d7b68437e6bf0c45,25,Field,Noise
train/noise/d7b68437e6bf0c45_w26.png,d7b68437e6bf0c45,26,Field,Noise
train/noise/d7e0926e8223d6db_w00.png,d7e0926e8223d6db,0,Field,Noise
train/noise/d7e0926e8223d6db_w03.png,d7e0926e8223d6db,3,Field,Noise
train/noise/d7e0926e8223d6db_w06.png,d7e0926e8223d6db,6,Field,Noise
train/noise/d7e0926e8223d6db_w10.png,d7e0926e8223d6db,10,Field,Noise
train/noise/d7e0926e8223d6db_w18.png,d7e0926e8223d6db,18,Field,Noise
train/noise/d7e0926e8223d6db_w20.png,d7e0926e8223d6db,20,Field,Noise
train/noise/d7e0926e8223d6db_w23.png,d7e0926e8223d6db,23,Field,Noise
train/noise/d7e0926e8223d6db_w26.png,d7e0926e8223d6db,26,Field,Noise
train/noise/d855671e7906e4ec_w00.png,d855671e7906e4ec,0,Field,Noise
train/noise/d855671e7906e4ec_w01.png,d855671e7906e4ec,1,Field,Noise
train/noise/d855671e7906e4ec_w07.png,d855671e7906e4ec,7,Field,Noise
train/noise/d855671e7906e4ec_w09.png,d855671e7906e4ec,9,Field,Noise
train/noise/d855671e7906e4ec_w12.png,d855671e7906e4ec,12,Field,Noise
train/noise/d855671e7906e4ec_w14.png,d855671e7906e4ec,14,Field,Noise
train/noise/d855671e7906e4ec_w23.png,d855671e7906e4ec,23,Field,Noise
train/noise/d855671e7906e4ec_w24.png,d855671e7906e4ec,24,Field,Noise
train/noise/d8ab5dfd7872649a_w01.png,d8ab5dfd7872649a,1,Field,Noise
train/noise/d8ab5dfd7872649a_w02.png,d8ab5dfd7872649a,2,Field,Noise
train/noise/d8ab5dfd7872649a_w05.png,d8ab5dfd7872649a,5,Field,Noise
train/noise/d8ab5dfd7872649a_w06.png,d8ab5dfd7872649a,6,Field,Noise
train/noise/d8ab5dfd7872649a_w13.png,d8ab5dfd7872649a,13,Field,Noise
train/noise/d8ab5dfd7872649a_w18.png,d8ab5dfd7872649a,18,Field,Noise
train/noise/d8ab5dfd7872649a_w22.png,d8ab5dfd7872649a,22,Field,Noise
train/noise/d8ab5dfd7872649a_w24.png,d8ab5dfd7872649a,24,Field,Noise
train/noise/d8ba1045b2fa0d94_w08.png,d8ba1045b2fa0d94,8,Field,Noise
train/noise/d8ba1045b2fa0d94_w11.png,d8ba1045b2fa0d94,11,Field,Noise
train/noise/d8ba1045b2fa0d94_w15.png,d8ba1045b2fa0d94,15,Field,Noise
train/noise/d8ba1045b2fa0d94_w18.png,d8ba1045b2fa0d94,18,Field,Noise
train/noise/d8ba1045b2fa0d94_w19.png,d8ba1045b2fa0d94,19,Field,Noise
train/noise/d8ba1045b2fa0d94_w22.png,d8ba1045b2fa0d94,22,Field,Noise
train/noise/d8ba1045b2fa0d94_w25.png,d8ba1045b2fa0d94,25,Field,Noise
train/noise/d8ba1045b2fa0d94_w26.png,d8ba1045b2fa0d94,26,Field,Noise
train/noise/d8fa6c79aa0f3459_w02.png,d8fa6c79aa0f3459,2,Field,Noise
train/noise/d8fa6c79aa0f3459_w09.png,d8fa6c79aa0f3459,9,Field,Noise
train/noise/d8fa6c79aa0f3459_w11.png,d8fa6c79aa0f3459,11,Field,Noise
train/noise/d8fa6c79aa0f3459_w12.png,d8fa6c79aa0f3459,12,Field,Noise
train/noise/d8fa6c79aa0f3459_w17.png,d8fa6c79aa0f3459,17,Field,Noise
train/noise/d8fa6c79aa0f3459_w18.png,d8fa6c79aa0f3459,18,Field,Noise
train/noise/d8fa6c79aa0f3459_w21.png,d8fa6c79aa0f3459,21,Field,Noise
train/noise/d8fa6c79aa0f3459_w24.png,d8fa6c79aa0f3459,24,Field,Noise
train/noise/d8fd43fe61d32f2a_w02.png,d8fd43fe61d32f2a,2,Field,Noise
train/noise/d8fd43fe61d32f2a_w03.png,d8fd43fe61d32f2a,3,Field,Noise
train/noise/d8fd43fe61d32f2a_w06.png,d8fd43fe61d32f2a,6,Field,Noise
train/noise/d8fd43fe61d32f2a_w09.png,d8fd43fe61d32f2a,9,Field,Noise
train/noise/d8fd43fe61d32f2a_w11.png,d8fd43fe61d32f2a,11,Field,Noise
train/noise/d8fd43fe61d32f2a_w23.png,d8fd43fe61d32f2a,23,Field,Noise
train/noise/d8fd43fe61d32f2a_w25.png,d8fd43fe61d32f2a,25,Field,Noise
train/noise/d8fd43fe61d32f2a_w27.png,d8fd43fe61d32f2a,27,Field,Noise
train/noise/d953af76941e9126_w05.png,d953af76941e9126,5,Lab,Noise
train/noise/d953af76941e9126_w10.png,d953af76941e9126,10,Lab,Noise
train/noise/d953af76941e9126_w11.png,d953af76941e9126,11,Lab,Noise
train/noise/d953af76941e9126_w12.png,d953af76941e9126,12,Lab,Noise
train/noise/d953af76941e9126_w14.png,d953af76941e9126,14,Lab,Noise
train/noise/d953af76941e9126_w15.png,d953af76941e9126,15,Lab,Noise
train/noise/d953af76941e9126_w17.png,d953af76941e9126,17,Lab,Noise
train/noise/d953af76941e9126_w24.png,d953af76941e9126,24,Lab,Noise
train/noise/d98339ad1fbf8711_w04.png,d98339ad1fbf8711,4,Lab,Noise
train/noise/d98339ad1fbf8711_w11.png,d98339ad1fbf8711,11,Lab,Noise
train/noise/d98339ad1fbf8711_w14.png,d98339ad1fbf8711,14,Lab,Noise
train/noise/d98339ad1fbf8711_w17.png,d98339ad1fbf8711,17,Lab,Noise
train/noise/d98339ad1fbf8711_w23.png,d98339ad1fbf8711,23,Lab,Noise
train/noise/d98339ad1fbf8711_w25.png,d98339ad1fbf8711,25,Lab,Noise
train/noise/d98339ad1fbf8711_w26.png,d98339ad1fbf8711,26,Lab,Noise
train/noise/d98339ad1fbf8711_w27.png,d98339ad1fbf8711,27,Lab,Noise
train/noise/d9b887d74b399845_w01.png,d9b887d74b399845,1,Field,Noise
train/noise/d9b887d74b399845_w07.png,d9b887d74b399845,7,Field,Noise
train/noise/d9b887d74b399845_w10.png,d9b887d74b399845,10,Field,Noise
train/noise/d9b887d74b399845_w16.png,d9b887d74b399845,16,Field,Noise
train/noise/d9b887d74b399845_w17.png,d9b887d74b399845,17,Field,Noise
train/noise/d9b887d74b399845_w23.png,d9b887d74b399845,23,Field,Noise
train/noise/d9b887d74b399845_w26.png,d9b887d74b399845,26,Field,Noise
train/noise/d9b887d74b399845_w27.png,d9b887d74b399845,27,Field,Noise
train/noise/da44a4b11d378adf_w05.png,da44a4b11d378adf,5,Field,Noise
train/noise/da44a4b11d378adf_w06.png,da44a4b11d378adf,6,Field,Noise
train/noise/da44a4b11d378adf_w11.png,da44a4b11d378adf,11,Field,Noise
train/noise/da44a4b11d378adf_w12.png,da44a4b11d378adf,12,Field,Noise
train/noise/da44a4b11d378adf_w15.png,da44a4b11d378adf,15,Field,Noise
train/noise/da44a4b11d378adf_w17.png,da44a4b11d378adf,17,Field,Noise
train/noise/da44a4b11d378adf_w21.png,da44a4b11d378adf,21,Field,Noise
train/noise/da44a4b11d378adf_w25.png,da44a4b11d378adf,25,Field,Noise
train/noise/daa1c673cfacbbab_w00.png,daa1c673cfacbbab,0,Field,Noise
train/noise/daa1c673cfacbbab_w05.png,daa1c673cfacbbab,5,Field,Noise
train/noise/daa1c673cfacbbab_w07.png,daa1c673cfacbbab,7,Field,Noise
train/noise/daa1c673cfacbbab_w10.png,daa1c673cfacbbab,10,Field,Noise
train/noise/daa1c673cfacbbab_w16.png,daa1c673cfacbbab,16,Field,Noise
train/noise/daa1c673cfacbbab_w22.png,daa1c673cfacbbab,22,Field,Noise
train/noise/daa1c673cfacbbab_w25.png,daa1c673cfacbbab,25,Field,Noise
train/noise/daa1c673cfacbbab_w27.png,daa1c673cfacbbab,27,Field,Noise
train/noise/dafb3dd8852aa26a_w00.png,dafb3dd8852aa26a,0,Field,Noise
train/noise/dafb3dd8852aa26a_w03.png,dafb3dd8852aa26a,3,Field,Noise
train/noise/dafb3dd8852aa26a_w07.png,dafb3dd8852aa26a,7,Field,Noise
train/noise/dafb3dd8852aa26a_w08.png,dafb3dd8852aa26a,8,Field,Noise
train/noise/dafb3dd8852aa26a_w13.png,dafb3dd8852aa26a,13,Field,Noise
train/noise/dafb3dd8852aa26a_w17.png,dafb3dd8852aa26a,17,Field,Noise
train/noise/dafb3dd8852aa26a_w19.png,dafb3dd8852aa26a,19,Field,Noise
train/noise/dafb3dd8852aa26a_w27.png,dafb3dd8852aa26a,27,Field,Noise
train/noise/db07554a279e215c_w02.png,db07554a279e215c,2,Field,Noise
train/noise/db07554a279e215c_w03.png,db07554a279e215c,3,Field,Noise
train/noise/db07554a279e215c_w06.png,db07554a279e215c,6,Field,Noise
train/noise/db07554a279e215c_w12.png,db07554a279e215c,12,Field,Noise
train/noise/db07554a279e215c_w22.png,db07554a279e215c,22,Field,Noise
train/noise/db07554a279e215c_w24.png,db07554a279e215c,24,Field,Noise
train/noise/db07554a279e215c_w26.png,db07554a279e215c,26,Field,Noise
train/noise/db07554a279e215c_w27.png,db07554a279e215c,27,Field,Noise
train/noise/db5e7e8e748f4289_w00.png,db5e7e8e748f4289,0,Field,Noise
train/noise/db5e7e8e748f4289_w01.png,db5e7e8e748f4289,1,Field,Noise
train/noise/db5e7e8e748f4289_w06.png,db5e7e8e748f4289,6,Field,Noise
train/noise/db5e7e8e748f4289_w08.png,db5e7e8e748f4289,8,Field,Noise
train/noise/db5e7e8e748f4289_w12.png,db5e7e8e748f4289,12,Field,Noise
train/noise/db5e7e8e748f4289_w15.png,db5e7e8e748f4289,15,Field,Noise
train/noise/db5e7e8e748f4289_w18.png,db5e7e8e748f4289,18,Field,Noise
train/noise/db5e7e8e748f4289_w27.png,db5e7e8e748f4289,27,Field,Noise
train/noise/dbc866bfbb1e1cfa_w00.png,dbc866bfbb1e1cfa,0,Field,Noise
train/noise/dbc866bfbb1e1cfa_w02.png,dbc866bfbb1e1cfa,2,Field,Noise
train/noise/dbc866bfbb1e1cfa_w03.png,dbc866bfbb1e1cfa,3,Field,Noise
train/noise/dbc866bfbb1e1cfa_w06.png,dbc866bfbb1e1cfa,6,Field,Noise
train/noise/dbc866bfbb1e1cfa_w09.png,dbc866bfbb1e1cfa,9,Field,Noise
train/noise/dbc866bfbb1e1cfa_w17.png,dbc866bfbb1e1cfa,17,Field,Noise
train/noise/dbc866bfbb1e1cfa_w20.png,dbc866bfbb1e1cfa,20,Field,Noise
train/noise/dbc866bfbb1e1cfa_w27.png,dbc866bfbb1e1cfa,27,Field,Noise
train/noise/dbc8d6994ff3c947_w01.png,dbc8d6994ff3c947,1,Field,Noise
train/noise/dbc8d6994ff3c947_w03.png,dbc8d6994ff3c947,3,Field,Noise
train/noise/dbc8d6994ff3c947_w07.png,dbc8d6994ff3c947,7,Field,Noise
train/noise/dbc8d6994ff3c947_w11.png,dbc8d6994ff3c947,11,Field,Noise
train/noise/dbc8d6994ff3c947_w16.png,dbc8d6994ff3c947,16,Field,Noise
train/noise/dbc8d6994ff3c947_w21.png,dbc8d6994ff3c947,21,Field,Noise
train/noise/dbc8d6994ff3c947_w22.png,dbc8d6994ff3c947,22,Field,Noise
train/noise/dbc8d6994ff3c947_w27.png,dbc8d6994ff3c947,27,Field,Noise
train/noise/dc0d83ca3589c9a0_w04.png,dc0d83ca3589c9a0,4,Field,Noise
train/noise/dc0d83ca3589c9a0_w08.png,dc0d83ca3589c9a0,8,Field,Noise
train/noise/dc0d83ca3589c9a0_w11.png,dc0d83ca3589c9a0,11,Field,Noise
train/noise/dc0d83ca3589c9a0_w14.png,dc0d83ca3589c9a0,14,Field,Noise
train/noise/dc0d83ca3589c9a0_w17.png,dc0d83ca3589c9a0,17,Field,Noise
train/noise/dc0d83ca3589c9a0_w22.png,dc0d83ca3589c9a0,22,Field,Noise
train/noise/dc0d83ca3589c9a0_w23.png,dc0d83ca3589c9a0,23,Field,Noise
train/noise/dc0d83ca3589c9a0_w24.png,dc0d83ca3589c9a0,24,Field,Noise
train/noise/dc585838dcea7a8d_w06.png,dc585838dcea7a8d,6,Field,Noise
train/noise/dc585838dcea7a8d_w08.png,dc585838dcea7a8d,8,Field,Noise
train/noise/dc585838dcea7a8d_w14.png,dc585838dcea7a8d,14,Field,Noise
train/noise/dc585838dcea7a8d_w18.png,dc585838dcea7a8d,18,Field,Noise
train/noise/dc585838dcea7a8d_w23.png,dc585838dcea7a8d,23,Field,Noise
train/noise/dc585838dcea7a8d_w24.png,dc585838dcea7a8d,24,Field,Noise
train/noise/dc585838dcea7a8d_w26.png,dc585838dcea7a8d,26,Field,Noise
train/noise/dc585838dcea7a8d_w27.png,dc585838dcea7a8d,27,Field,Noise
train/noise/dc64571fe1f155ff_w02.png,dc64571fe1f155ff,2,Field,Noise
train/noise/dc64571fe1f155ff_w05.png,dc64571fe1f155ff,5,Field,Noise
train/noise/dc64571fe1f155ff_w07.png,dc64571fe1f155ff,7,Field,Noise
train/noise/dc64571fe1f155ff_w13.png,dc64571fe1f155ff,13,Field,Noise
train/noise/dc64571fe1f155ff_w14.png,dc64571fe1f155ff,14,Field,Noise
train/noise/dc64571fe1f155ff_w16.png,dc64571fe1f155ff,16,Field,Noise
train/noise/dc64571fe1f155ff_w22.png,dc64571fe1f155ff,22,Field,Noise
train/noise/dc64571fe1f155ff_w23.png,dc64571fe1f155ff,23,Field,Noise
train/noise/dce7b1a5bf98c616_w01.png,dce7b1a5bf98c616,1,Field,Noise
train/noise/dce7b1a5bf98c616_w03.png,dce7b1a5bf98c616,3,Field,Noise
train/noise/dce7b1a5bf98c616_w04.png,dce7b1a5bf98c616,4,Field,Noise
train/noise/dce7b1a5bf98c616_w06.png,dce7b1a5bf98c616,6,Field,Noise
train/noise/dce7b1a5bf98c616_w09.png,dce7b1a5bf98c616,9,Field,Noise
train/noise/dce7b1a5bf98c616_w12.png,dce7b1a5bf98c616,12,Field,Noise
train/noise/dce7b1a5bf98c616_w15.png,dce7b1a5bf98c616,15,Field,Noise
train/noise/dce7b1a5bf98c616_w21.png,dce7b1a5bf98c616,21,Field,Noise
train/noise/dd30a8bf6bccb071_w01.png,dd30a8bf6bccb071,1,Field,Noise
train/noise/dd30a8bf6bccb071_w04.png,dd30a8bf6bccb071,4,Field,Noise
train/noise/dd30a8bf6bccb071_w07.png,dd30a8bf6bccb071,7,Field,Noise
train/noise/dd30a8bf6bccb071_w08.png,dd30a8bf6bccb071,8,Field,Noise
train/noise/dd30a8bf6bccb071_w10.png,dd30a8bf6bccb071,10,Field,Noise
train/noise/dd30a8bf6bccb071_w13.png,dd30a8bf6bccb071,13,Field,Noise
train/noise/dd30a8bf6bccb071_w23.png,dd30a8bf6bccb071,23,Field,Noise
train/noise/dd30a8bf6bccb071_w26.png,dd30a8bf6bccb071,26,Field,Noise
train/noise/dd3450bb1ce7642e_w01.png,dd3450bb1ce7642e,1,Lab,Noise
train/noise/dd3450bb1ce7642e_w02.png,dd3450bb1ce7642e,2,Lab,Noise
train/noise/dd3450bb1ce7642e_w07.png,dd3450bb1ce7642e,7,Lab,Noise
train/noise/dd3450bb1ce7642e_w09.png,dd3450bb1ce7642e,9,Lab,Noise
train/noise/dd3450bb1ce7642e_w10.png,dd3450bb1ce7642e,10,Lab,Noise
train/noise/dd3450bb1ce7642e_w12.png,dd3450bb1ce7642e,12,Lab,Noise
train/noise/dd3450bb1ce7642e_w17.png,dd3450bb1ce7642e,17,Lab,Noise
train/noise/dd3450bb1ce7642e_w18.png,dd3450bb1ce7642e,18,Lab,Noise
train/noise/dd4d4707064a954d_w04.png,dd4d4707064a954d,4,Lab,Noise
train/noise/dd4d4707064a954d_w07.png,dd4d4707064a954d,7,Lab,Noise
train/noise/dd4d4707064a954d_w09.png,dd4d4707064a954d,9,Lab,Noise
train/noise/dd4d4707064a954d_w15.png,dd4d4707064a954d,15,Lab,Noise
train/noise/dd4d4707064a954d_w17.png,dd4d4707064a954d,17,Lab,Noise
train/noise/dd4d4707064a954d_w18.png,dd4d4707064a954d,18,Lab,Noise
train/noise/dd4d4707064a954d_w21.png,dd4d4707064a954d,21,Lab,Noise
train/noise/dd4d4707064a954d_w24.png,dd4d4707064a954d,24,Lab,Noise
train/noise/dd68b3bbdf4cbee0_w00.png,dd68b3bbdf4cbee0,0,Field,Noise
train/noise/dd68b3bbdf4cbee0_w02.png,dd68b3bbdf4cbee0,2,Field,Noise
train/noise/dd68b3bbdf4cbee0_w03.png,dd68b3bbdf4cbee0,3,Field,Noise
train/noise/dd68b3bbdf4cbee0_w04.png,dd68b3bbdf4cbee0,4,Field,Noise
train/noise/dd68b3bbdf4cbee0_w06.png,dd68b3bbdf4cbee0,6,Field,Noise
train/noise/dd68b3bbdf4cbee0_w13.png,dd68b3bbdf4cbee0,13,Field,Noise
train/noise/dd68b3bbdf4cbee0_w22.png,dd68b3bbdf4cbee0,22,Field,Noise
train/noise/dd68b3bbdf4cbee0_w23.png,dd68b3bbdf4cbee0,23,Field,Noise
train/noise/de847c7465e9a0ef_w03.png,de847c7465e9a0ef,3,Field,Noise
train/noise/de847c7465e9a0ef_w08.png,de847c7465e9a0ef,8,Field,Noise
train/noise/de847c7465e9a0ef_w11.png,de847c7465e9a0ef,11,Field,Noise
train/noise/de847c7465e9a0ef_w21.png,de847c7465e9a0ef,21,Field,Noise
train/noise/de847c7465e9a0ef_w22.png,de847c7465e9a0ef,22,Field,Noise
train/noise/de847c7465e9a0ef_w24.png,de847c7465e9a0ef,24,Field,Noise
train/noise/de847c7465e9a0ef_w25.png,de847c7465e9a0ef,25,Field,Noise
train/noise/de847c7465e9a0ef_w27.png,de847c7465e9a0ef,27,Field,Noise
train/noise/df411709bb0136fd_w00.png,df411709bb0136fd,0,Lab,Noise
train/noise/df411709bb0136fd_w03.png,df411709bb0136fd,3,Lab,Noise
train/noise/df411709bb0136fd_w11.png,df411709bb0136fd,11,Lab,Noise
train/noise/df411709bb0136fd_w13.png,df411709bb0136fd,13,Lab,Noise
train/noise/df411709bb0136fd_w18.png,df411709bb0136fd,18,Lab,Noise
train/noise/df411709bb0136fd_w19.png,df411709bb0136fd,19,Lab,Noise
train/noise/df411709bb0136fd_w20.png,df411709bb0136fd,20,Lab,Noise
train/noise/df411709bb0136fd_w25.png,df411709bb0136fd,25,Lab,Noise
train/noise/df6f195c31df9beb_w07.png,df6f195c31df9beb,7,Field,Noise
train/noise/df6f195c31df9beb_w11.png,df6f195c31df9beb,11,Field,Noise
train/noise/df6f195c31df9beb_w12.png,df6f195c31df9beb,12,Field,Noise
train/noise/df6f195c31df9beb_w13.png,df6f195c31df9beb,13,Field,Noise
train/noise/df6f195c31df9beb_w14.png,df6f195c31df9beb,14,Field,Noise
train/noise/df6f195c31df9beb_w22.png,df6f195c31df9beb,22,Field,Noise
train/noise/df6f195c31df9beb_w23.png,df6f195c31df9beb,23,Field,Noise
train/noise/df6f195c31df9beb_w27.png,df6f195c31df9beb,27,Field,Noise
train/noise/df74519ef9873433_w06.png,df74519ef9873433,6,Field,Noise
train/noise/df74519ef9873433_w07.png,df74519ef9873433,7,Field,Noise
train/noise/df74519ef9873433_w11.png,df74519ef9873433,11,Field,Noise
train/noise/df74519ef9873433_w14.png,df74519ef9873433,14,Field,Noise
train/noise/df74519ef9873433_w16.png,df74519ef9873433,16,Field,Noise
train/noise/df74519ef9873433_w18.png,df74519ef9873433,18,Field,Noise
train/noise/df74519ef9873433_w21.png,df74519ef9873433,21,Field,Noise
train/noise/df74519ef9873433_w27.png,df74519ef9873433,27,Field,Noise
train/noise/df85f85f348595d4_w03.png,df85f85f348595d4,3,Lab,Noise
train/noise/df85f85f348595d4_w14.png,df85f85f348595d4,14,Lab,Noise
train/noise/df85f85f348595d4_w16.png,df85f85f348595d4,16,Lab,Noise
train/noise/df85f85f348595d4_w20.png,df85f85f348595d4,20,Lab,Noise
train/noise/df85f85f348595d4_w23.png,df85f85f348595d4,23,Lab,Noise
train/noise/df85f85f348595d4_w25.png,df85f85f348595d4,25,Lab,Noise
train/noise/df85f85f348595d4_w26.png,df85f85f348595d4,26,Lab,Noise
train/noise/df85f85f348595d4_w27.png,df85f85f348595d4,27,Lab,Noise
train/noise/dfe66124782487e5_w09.png,dfe66124782487e5,9,Field,Noise
train/noise/dfe66124782487e5_w10.png,dfe66124782487e5,10,Field,Noise
train/noise/dfe66124782487e5_w11.png,dfe66124782487e5,11,Field,Noise
train/noise/dfe66124782487e5_w13.png,dfe66124782487e5,13,Field,Noise
train/noise/dfe66124782487e5_w15.png,dfe66124782487e5,15,Field,Noise
train/noise/dfe66124782487e5_w16.png,dfe66124782487e5,16,Field,Noise
train/noise/dfe66124782487e5_w24.png,dfe66124782487e5,24,Field,Noise
train/noise/dfe66124782487e5_w26.png,dfe66124782487e5,26,Field,Noise
train/noise/e007afa520d12ffb_w00.png,e007afa520d12ffb,0,Field,Noise
train/noise/e007afa520d12ffb_w08.png,e007afa520d12ffb,8,Field,Noise
train/noise/e007afa520d12ffb_w12.png,e007afa520d12ffb,12,Field,Noise
train/noise/e007afa520d12ffb_w17.png,e007afa520d12ffb,17,Field,Noise
train/noise/e007afa520d12ffb_w20.png,e007afa520d12ffb,20,Field,Noise
train/noise/e007afa520d12ffb_w21.png,e007afa520d12ffb,21,Field,Noise
train/noise/e007afa520d12ffb_w22.png,e007afa520d12ffb,22,Field,Noise
train/noise/e007afa520d12ffb_w24.png,e007afa520d12ffb,24,Field,Noise
train/noise/e10f89724681ea62_w03.png,e10f89724681ea62,3,Field,Noise
train/noise/e10f89724681ea62_w06.png,e10f89724681ea62,6,Field,Noise
train/noise/e10f89724681ea62_w08.png,e10f89724681ea62,8,Field,Noise
train/noise/e10f89724681ea62_w10.png,e10f89724681ea62,10,Field,Noise
train/noise/e10f89724681ea62_w12.png,e10f89724681ea62,12,Field,Noise
train/noise/e10f89724681ea62_w15.png,e10f89724681ea62,15,Field,Noise
train/noise/e10f89724681ea62_w17.png,e10f89724681ea62,17,Field,Noise
train/noise/e10f89724681ea62_w24.png,e10f89724681ea62,24,Field,Noise
train/noise/e1115fb9eab08571_w00.png,e1115fb9eab08571,0,Lab,Noise
train/noise/e1115fb9eab08571_w04.png,e1115fb9eab08571,4,Lab,Noise
train/noise/e1115fb9eab08571_w09.png,e1115fb9eab08571,9,Lab,Noise
train/noise/e1115fb9eab08571_w16.png,e1115fb9eab08571,16,Lab,Noise
train/noise/e1115fb9eab08571_w22.png,e1115fb9eab08571,22,Lab,Noise
train/noise/e1115fb9eab08571_w23.png,e1115fb9eab08571,23,Lab,Noise
train/noise/e1115fb9eab08571_w26.png,e1115fb9eab08571,26,Lab,Noise
train/noise/e1115fb9eab08571_w27.png,e1115fb9eab08571,27,Lab,Noise
train/noise/e11dc347f1b40f37_w03.png,e11dc347f1b40f37,3,Field,Noise
train/noise/e11dc347f1b40f37_w04.png,e11dc347f1b40f37,4,Field,Noise
train/noise/e11dc347f1b40f37_w07.png,e11dc347f1b40f37,7,Field,Noise
train/noise/e11dc347f1b40f37_w08.png,e11dc347f1b40f37,8,Field,Noise
train/noise/e11dc347f1b40f37_w14.png,e11dc347f1b40f37,14,Field,Noise
train/noise/e11dc347f1b40f37_w23.png,e11dc347f1b40f37,23,Field,Noise
train/noise/e11dc347f1b40f37_w24.png,e11dc347f1b40f37,24,Field,Noise
train/noise/e11dc347f1b40f37_w25.png,e11dc347f1b40f37,25,Field,Noise
train/noise/e169f4afbbfcb90d_w01.png,e169f4afbbfcb90d,1,Field,Noise
train/noise/e169f4afbbfcb90d_w02.png,e169f4afbbfcb90d,2,Field,Noise
train/noise/e169f4afbbfcb90d_w07.png,e169f4afbbfcb90d,7,Field,Noise
train/noise/e169f4afbbfcb90d_w12.png,e169f4afbbfcb90d,12,Field,Noise
train/noise/e169f4afbbfcb90d_w17.png,e169f4afbbfcb90d,17,Field,Noise
train/noise/e169f4afbbfcb90d_w19.png,e169f4afbbfcb90d,19,Field,Noise
train/noise/e169f4afbbfcb90d_w21.png,e169f4afbbfcb90d,21,Field,Noise
train/noise/e169f4afbbfcb90d_w22.png,e169f4afbbfcb90d,22,Field,Noise
train/noise/e16a7067f8485857_w02.png,e16a7067f8485857,2,Field,Noise
train/noise/e16a7067f8485857_w07.png,e16a7067f8485857,7,Field,Noise
train/noise/e16a7067f8485857_w08.png,e16a7067f8485857,8,Field,Noise
train/noise/e16a7067f8485857_w14.png,e16a7067f8485857,14,Field,Noise
train/noise/e16a7067f8485857_w17.png,e16a7067f8485857,17,Field,Noise
train/noise/e16a7067f8485857_w19.png,e16a7067f8485857,19,Field,Noise
train/noise/e16a7067f8485857_w20.png,e16a7067f8485857,20,Field,Noise
train/noise/e16a7067f8485857_w23.png,e16a7067f8485857,23,Field,Noise
train/noise/e1f24769e7a0fcf4_w01.png,e1f24769e7a0fcf4,1,Field,Noise
train/noise/e1f24769e7a0fcf4_w03.png,e1f24769e7a0fcf4,3,Field,Noise
train/noise/e1f24769e7a0fcf4_w07.png,e1f24769e7a0fcf4,7,Field,Noise
train/noise/e1f24769e7a0fcf4_w09.png,e1f24769e7a0fcf4,9,Field,Noise
train/noise/e1f24769e7a0fcf4_w15.png,e1f24769e7a0fcf4,15,Field,Noise
train/noise/e1f24769e7a0fcf4_w22.png,e1f24769e7a0fcf4,22,Field,Noise
train/noise/e1f24769e7a0fcf4_w24.png,e1f24769e7a0fcf4,24,Field,Noise
train/noise/e1f24769e7a0fcf4_w26.png,e1f24769e7a0fcf4,26,Field,Noise
train/noise/e20fb91448c6d2ea_w00.png,e20fb91448c6d2ea,0,Field,Noise
train/noise/e20fb91448c6d2ea_w04.png,e20fb91448c6d2ea,4,Field,Noise
train/noise/e20fb91448c6d2ea_w13.png,e20fb91448c6d2ea,13,Field,Noise
train/noise/e20fb91448c6d2ea_w17.png,e20fb91448c6d2ea,17,Field,Noise
train/noise/e20fb91448c6d2ea_w18.png,e20fb91448c6d2ea,18,Field,Noise
train/noise/e20fb91448c6d2ea_w22.png,e20fb91448c6d2ea,22,Field,Noise
train/noise/e20fb91448c6d2ea_w23.png,e20fb91448c6d2ea,23,Field,Noise
train/noise/e20fb91448c6d2ea_w27.png,e20fb91448c6d2ea,27,Field,Noise
train/noise/e222d69e096d3f9c_w00.png,e222d69e096d3f9c,0,Lab,Noise
train/noise/e222d69e096d3f9c_w02.png,e222d69e096d3f9c,2,Lab,Noise
train/noise/e222d69e096d3f9c_w04.png,e222d69e096d3f9c,4,Lab,Noise
train/noise/e222d69e096d3f9c_w06.png,e222d69e096d3f9c,6,Lab,Noise
train/noise/e222d69e096d3f9c_w07.png,e222d69e096d3f9c,7,Lab,Noise
train/noise/e222d69e096d3f9c_w08.png,e222d69e096d3f9c,8,Lab,Noise
train/noise/e222d69e096d3f9c_w10.png,e222d69e096d3f9c,10,Lab,Noise
train/noise/e222d69e096d3f9c_w24.png,e222d69e096d3f9c,24,Lab,Noise
train/noise/e25aa59d6d310702_w03.png,e25aa59d6d310702,3,Field,Noise
train/noise/e25aa59d6d310702_w08.png,e25aa59d6d310702,8,Field,Noise
train/noise/e25aa59d6d310702_w11.png,e25aa59d6d310702,11,Field,Noise
train/noise/e25aa59d6d310702_w13.png,e25aa59d6d310702,13,Field,Noise
train/noise/e25aa59d6d310702_w17.png,e25aa59d6d310702,17,Field,Noise
train/noise/e25aa59d6d310702_w18.png,e25aa59d6d310702,18,Field,Noise
train/noise/e25aa59d6d310702_w19.png,e25aa59d6d310702,19,Field,Noise
train/noise/e25aa59d6d310702_w25.png,e25aa59d6d310702,25,Field,Noise
train/noise/e27bb97e10dbb17c_w02.png,e27bb97e10dbb17c,2,Field,Noise
train/noise/e27bb97e10dbb17c_w07.png,e27bb97e10dbb17c,7,Field,Noise
train/noise/e27bb97e10dbb17c_w08.png,e27bb97e10dbb17c,8,Field,Noise
train/noise/e27bb97e10dbb17c_w09.png,e27bb97e10dbb17c,9,Field,Noise
train/noise/e27bb97e10dbb17c_w10.png,e27bb97e10dbb17c,10,Field,Noise
train/noise/e27bb97e10dbb17c_w20.png,e27bb97e10dbb17c,20,Field,Noise
train/noise/e27bb97e10dbb17c_w26.png,e27bb97e10dbb17c,26,Field,Noise
train/noise/e27bb97e10dbb17c_w27.png,e27bb97e10dbb17c,27,Field,Noise
train/noise/e2b4eab8ea8e0ee4_w03.png,e2b4eab8ea8e0ee4,3,Lab,Noise
train/noise/e2b4eab8ea8e0ee4_w09.png,e2b4eab8ea8e0ee4,9,Lab,Noise
train/noise/e2b4eab8ea8e0ee4_w12.png,e2b4eab8ea8e0ee4,12,Lab,Noise
train/noise/e2b4eab8ea8e0ee4_w16.png,e2b4eab8ea8e0ee4,16,Lab,Noise
train/noise/e2b4eab8ea8e0ee4_w20.png,e2b4eab8ea8e0ee4,20,Lab,Noise
train/noise/e2b4eab8ea8e0ee4_w21.png,e2b4eab8ea8e0ee4,21,Lab,Noise
train/noise/e2b4eab8ea8e0ee4_w23.png,e2b4eab8ea8e0ee4,23,Lab,Noise
train/noise/e2b4eab8ea8e0ee4_w24.png,e2b4eab8ea8e0ee4,24,Lab,Noise
train/noise/e2ea45470858d2b4_w00.png,e2ea45470858d2b4,0,Field,Noise
train/noise/e2ea45470858d2b4_w03.png,e2ea45470858d2b4,3,Field,Noise
train/noise/e2ea45470858d2b4_w06.png,e2ea45470858d2b4,6,Field,Noise
train/noise/e2ea45470858d2b4_w08.png,e2ea45470858d2b4,8,Field,Noise
train/noise/e2ea45470858d2b4_w09.png,e2ea45470858d2b4,9,Field,Noise
train/noise/e2ea45470858d2b4_w17.png,e2ea45470858d2b4,17,Field,Noise
train/noise/e2ea45470858d2b4_w19.png,e2ea45470858d2b4,19,Field,Noise
train/noise/e2ea45470858d2b4_w27.png,e2ea45470858d2b4,27,Field,Noise
train/noise/e2ea9b277c965b09_w03.png,e2ea9b277c965b09,3,Lab,Noise
train/noise/e2ea9b277c965b09_w04.png,e2ea9b277c965b09,4,Lab,Noise
train/noise/e2ea9b277c965b09_w06.png,e2ea9b277c965b09,6,Lab,Noise
train/noise/e2ea9b277c965b09_w10.png,e2ea9b277c965b09,10,Lab,Noise
train/noise/e2ea9b277c965b09_w15.png,e2ea9b277c965b09,15,Lab,Noise
train/noise/e2ea9b277c965b09_w19.png,e2ea9b277c965b09,19,Lab,Noise
train/noise/e2ea9b277c965b09_w22.png,e2ea9b277c965b09,22,Lab,Noise
train/noise/e2ea9b277c965b09_w25.png,e2ea9b277c965b09,25,Lab,Noise
train/noise/e43a70192ca95647_w00.png,e43a70192ca95647,0,Field,Noise
train/noise/e43a70192ca95647_w02.png,e43a70192ca95647,2,Field,Noise
train/noise/e43a70192ca95647_w05.png,e43a70192ca95647,5,Field,Noise
train/noise/e43a70192ca95647_w10.png,e43a70192ca95647,10,Field,Noise
train/noise/e43a70192ca95647_w12.png,e43a70192ca95647,12,Field,Noise
train/noise/e43a70192ca95647_w14.png,e43a70192ca95647,14,Field,Noise
train/noise/e43a70192ca95647_w18.png,e43a70192ca95647,18,Field,Noise
train/noise/e43a70192ca95647_w27.png,e43a70192ca95647,27,Field,Noise
train/noise/e43e4896fbb34396_w00.png,e43e4896fbb34396,0,Lab,Noise
train/noise/e43e4896fbb34396_w01.png,e43e4896fbb34396,1,Lab,Noise
train/noise/e43e4896fbb34396_w03.png,e43e4896fbb34396,3,Lab,Noise
train/noise/e43e4896fbb34396_w04.png,e43e4896fbb34396,4,Lab,Noise
train/noise/e43e4896fbb34396_w06.png,e43e4896fbb34396,6,Lab,Noise
train/noise/e43e4896fbb34396_w17.png,e43e4896fbb34396,17,Lab,Noise
train/noise/e43e4896fbb34396_w19.png,e43e4896fbb34396,19,Lab,Noise
train/noise/e43e4896fbb34396_w27.png,e43e4896fbb34396,27,Lab,Noise
train/noise/e4db889c65327b60_w02.png,e4db889c65327b60,2,Field,Noise
train/noise/e4db889c65327b60_w06.png,e4db889c65327b60,6,Field,Noise
train/noise/e4db889c65327b60_w07.png,e4db889c65327b60,7,Field,Noise
train/noise/e4db889c65327b60_w10.png,e4db889c65327b60,10,Field,Noise
train/noise/e4db889c65327b60_w16.png,e4db889c65327b60,16,Field,Noise
train/noise/e4db889c65327b60_w17.png,e4db889c65327b60,17,Field,Noise
train/noise/e4db889c65327b60_w20.png,e4db889c65327b60,20,Field,Noise
train/noise/e4db889c65327b60_w23.png,e4db889c65327b60,23,Field,Noise
train/noise/e4fa510c6c38e45c_w04.png,e4fa510c6c38e45c,4,Field,Noise
train/noise/e4fa510c6c38e45c_w06.png,e4fa510c6c38e45c,6,Field,Noise
train/noise/e4fa510c6c38e45c_w11.png,e4fa510c6c38e45c,11,Field,Noise
train/noise/e4fa510c6c38e45c_w14.png,e4fa510c6c38e45c,14,Field,Noise
train/noise/e4fa510c6c38e45c_w15.png,e4fa510c6c38e45c,15,Field,Noise
train/noise/e4fa510c6c38e45c_w16.png,e4fa510c6c38e45c,16,Field,Noise
train/noise/e4fa510c6c38e45c_w24.png,e4fa510c6c38e45c,24,Field,Noise
train/noise/e4fa510c6c38e45c_w25.png,e4fa510c6c38e45c,25,Field,Noise
train/noise/e52260ab71df968b_w00.png,e52260ab71df968b,0,Field,Noise
train/noise/e52260ab71df968b_w05.png,e52260ab71df968b,5,Field,Noise
train/noise/e52260ab71df968b_w08.png,e52260ab71df968b,8,Field,Noise
train/noise/e52260ab71df968b_w13.png,e52260ab71df968b,13,Field,Noise
train/noise/e52260ab71df968b_w16.png,e52260ab71df968b,16,Field,Noise
train/noise/e52260ab71df968b_w22.png,e52260ab71df968b,22,Field,Noise
train/noise/e52260ab71df968b_w25.png,e52260ab71df968b,25,Field,Noise
train/noise/e52260ab71df968b_w26.png,e52260ab71df968b,26,Field,Noise
train/noise/e52bbbcfeae9949f_w04.png,e52bbbcfeae9949f,4,Field,Noise
train/noise/e52bbbcfeae9949f_w05.png,e52bbbcfeae9949f,5,Field,Noise
train/noise/e52bbbcfeae9949f_w07.png,e52bbbcfeae9949f,7,Field,Noise
train/noise/e52bbbcfeae9949f_w08.png,e52bbbcfeae9949f,8,Field,Noise
train/noise/e52bbbcfeae9949f_w15.png,e52bbbcfeae9949f,15,Field,Noise
train/noise/e52bbbcfeae9949f_w18.png,e52bbbcfeae9949f,18,Field,Noise
train/noise/e52bbbcfeae9949f_w23.png,e52bbbcfeae9949f,23,Field,Noise
train/noise/e52bbbcfeae9949f_w25.png,e52bbbcfeae9949f,25,Field,Noise
train/noise/e54bd953d449fd16_w05.png,e54bd953d449fd16,5,Field,Noise
train/noise/e54bd953d449fd16_w08.png,e54bd953d449fd16,8,Field,Noise
train/noise/e54bd953d449fd16_w10.png,e54bd953d449fd16,10,Field,Noise
train/noise/e54bd953d449fd16_w13.png,e54bd953d449fd16,13,Field,Noise
train/noise/e54bd953d449fd16_w15.png,e54bd953d449fd16,15,Field,Noise
train/noise/e54bd953d449fd16_w17.png,e54bd953d449fd16,17,Field,Noise
train/noise/e54bd953d449fd16_w21.png,e54bd953d449fd16,21,Field,Noise
train/noise/e54bd953d449fd16_w26.png,e54bd953d449fd16,26,Field,Noise
train/noise/e5c198adc8ace590_w00.png,e5c198adc8ace590,0,Field,Noise
train/noise/e5c198adc8ace590_w02.png,e5c198adc8ace590,2,Field,Noise
train/noise/e5c198adc8ace590_w10.png,e5c198adc8ace590,10,Field,Noise
train/noise/e5c198adc8ace590_w12.png,e5c198adc8ace590,12,Field,Noise
train/noise/e5c198adc8ace590_w18.png,e5c198adc8ace590,18,Field,Noise
train/noise/e5c198adc8ace590_w20.png,e5c198adc8ace590,20,Field,Noise
train/noise/e5c198adc8ace590_w21.png,e5c198adc8ace590,21,Field,Noise
train/noise/e5c198adc8ace590_w24.png,e5c198adc8ace590,24,Field,Noise
train/noise/e637bf57f47d5a42_w04.png,e637bf57f47d5a42,4,Field,Noise
train/noise/e637bf57f47d5a42_w05.png,e637bf57f47d5a42,5,Field,Noise
train/noise/e637bf57f47d5a42_w06.png,e637bf57f47d5a42,6,Field,Noise
train/noise/e637bf57f47d5a42_w10.png,e637bf57f47d5a42,10,Field,Noise
train/noise/e637bf57f47d5a42_w11.png,e637bf57f47d5a42,11,Field,Noise
train/noise/e637bf57f47d5a42_w17.png,e637bf57f47d5a42,17,Field,Noise
train/noise/e637bf57f47d5a42_w24.png,e637bf57f47d5a42,24,Field,Noise
train/noise/e637bf57f47d5a42_w27.png,e637bf57f47d5a42,27,Field,Noise
train/noise/e65675cc39959be2_w03.png,e65675cc39959be2,3,Field,Noise
train/noise/e65675cc39959be2_w04.png,e65675cc39959be2,4,Field,Noise
train/noise/e65675cc39959be2_w08.png,e65675cc39959be2,8,Field,Noise
train/noise/e65675cc39959be2_w10.png,e65675cc39959be2,10,Field,Noise
train/noise/e65675cc39959be2_w11.png,e65675cc39959be2,11,Field,Noise
train/noise/e65675cc39959be2_w14.png,e65675cc39959be2,14,Field,Noise
train/noise/e65675cc39959be2_w18.png,e65675cc39959be2,18,Field,Noise
train/noise/e65675cc39959be2_w21.png,e65675cc39959be2,21,Field,Noise
train/noise/e6f4b9f433c6eb66_w03.png,e6f4b9f433c6eb66,3,Field,Noise
train/noise/e6f4b9f433c6eb66_w06.png,e6f4b9f433c6eb66,6,Field,Noise
train/noise/e6f4b9f433c6eb66_w11.png,e6f4b9f433c6eb66,11,Field,Noise
train/noise/e6f4b9f433c6eb66_w18.png,e6f4b9f433c6eb66,18,Field,Noise
train/noise/e6f4b9f433c6eb66_w19.png,e6f4b9f433c6eb66,19,Field,Noise
train/noise/e6f4b9f433c6eb66_w20.png,e6f4b9f433c6eb66,20,Field,Noise
train/noise/e6f4b9f433c6eb66_w24.png,e6f4b9f433c6eb66,24,Field,Noise
train/noise/e6f4b9f433c6eb66_w27.png,e6f4b9f433c6eb66,27,Field,Noise
train/noise/e76deb044cb2588c_w02.png,e76deb044cb2588c,2,Field,Noise
train/noise/e76deb044cb2588c_w05.png,e76deb044cb2588c,5,Field,Noise
train/noise/e76deb044cb2588c_w06.png,e76deb044cb2588c,6,Field,Noise
train/noise/e76deb044cb2588c_w13.png,e76deb044cb2588c,13,Field,Noise
train/noise/e76deb044cb2588c_w16.png,e76deb044cb2588c,16,Field,Noise
train/noise/e76deb044cb2588c_w19.png,e76deb044cb2588c,19,Field,Noise
train/noise/e76deb044cb2588c_w21.png,e76deb044cb2588c,21,Field,Noise
train/noise/e76deb044cb2588c_w23.png,e76deb044cb2588c,23,Field,Noise
train/noise/e77726fb18811c39_w00.png,e77726fb18811c39,0,Field,Noise
train/noise/e77726fb18811c39_w02.png,e77726fb18811c39,2,Field,Noise
train/noise/e77726fb18811c39_w06.png,e77726fb18811c39,6,Field,Noise
train/noise/e77726fb18811c39_w11.png,e77726fb18811c39,11,Field,Noise
train/noise/e77726fb18811c39_w12.png,e77726fb18811c39,12,Field,Noise
train/noise/e77726fb18811c39_w13.png,e77726fb18811c39,13,Field,Noise
train/noise/e77726fb18811c39_w23.png,e77726fb18811c39,23,Field,Noise
train/noise/e77726fb18811c39_w27.png,e77726fb18811c39,27,Field,Noise
train/noise/e8718f4f074f6e32_w01.png,e8718f4f074f6e32,1,Lab,Noise
train/noise/e8718f4f074f6e32_w02.png,e8718f4f074f6e32,2,Lab,Noise
train/noise/e8718f4f074f6e32_w03.png,e8718f4f074f6e32,3,Lab,Noise
train/noise/e8718f4f074f6e32_w05.png,e8718f4f074f6e32,5,Lab,Noise
train/noise/e8718f4f074f6e32_w09.png,e8718f4f074f6e32,9,Lab,Noise
train/noise/e8718f4f074f6e32_w15.png,e8718f4f074f6e32,15,Lab,Noise
train/noise/e8718f4f074f6e32_w19.png,e8718f4f074f6e32,19,Lab,Noise
train/noise/e8718f4f074f6e32_w23.png,e8718f4f074f6e32,23,Lab,Noise
train/noise/e878c612be5920dc_w01.png,e878c612be5920dc,1,Lab,Noise
train/noise/e878c612be5920dc_w04.png,e878c612be5920dc,4,Lab,Noise
train/noise/e878c612be5920dc_w07.png,e878c612be5920dc,7,Lab,Noise
train/noise/e878c612be5920dc_w13.png,e878c612be5920dc,13,Lab,Noise
train/noise/e878c612be5920dc_w15.png,e878c612be5920dc,15,Lab,Noise
train/noise/e878c612be5920dc_w22.png,e878c612be5920dc,22,Lab,Noise
train/noise/e878c612be5920dc_w25.png,e878c612be5920dc,25,Lab,Noise
train/noise/e878c612be5920dc_w27.png,e878c612be5920dc,27,Lab,Noise
train/noise/e8bd420f627ad700_w01.png,e8bd420f627ad700,1,Field,Noise
train/noise/e8bd420f627ad700_w07.png,e8bd420f627ad700,7,Field,Noise
train/noise/e8bd420f627ad700_w08.png,e8bd420f627ad700,8,Field,Noise
train/noise/e8bd420f627ad700_w13.png,e8bd420f627ad700,13,Field,Noise
train/noise/e8bd420f627ad700_w16.png,e8bd420f627ad700,16,Field,Noise
train/noise/e8bd420f627ad700_w23.png,e8bd420f627ad700,23,Field,Noise
train/noise/e8bd420f627ad700_w26.png,e8bd420f627ad700,26,Field,Noise
train/noise/e8bd420f627ad700_w27.png,e8bd420f627ad700,27,Field,Noise
train/noise/e8ce4c9e92730004_w00.png,e8ce4c9e92730004,0,Field,Noise
train/noise/e8ce4c9e92730004_w01.png,e8ce4c9e92730004,1,Field,Noise
train/noise/e8ce4c9e92730004_w08.png,e8ce4c9e92730004,8,Field,Noise
train/noise/e8ce4c9e92730004_w10.png,e8ce4c9e92730004,10,Field,Noise
train/noise/e8ce4c9e92730004_w12.png,e8ce4c9e92730004,12,Field,Noise
train/noise/e8ce4c9e92730004_w17.png,e8ce4c9e92730004,17,Field,Noise
train/noise/e8ce4c9e92730004_w23.png,e8ce4c9e92730004,23,Field,Noise
train/noise/e8ce4c9e92730004_w26.png,e8ce4c9e92730004,26,Field,Noise
train/noise/e8e24af181506862_w01.png,e8e24af181506862,1,Field,Noise
train/noise/e8e24af181506862_w04.png,e8e24af181506862,4,Field,Noise
train/noise/e8e24af181506862_w09.png,e8e24af181506862,9,Field,Noise
train/noise/e8e24af181506862_w13.png,e8e24af181506862,13,Field,Noise
train/noise/e8e24af181506862_w16.png,e8e24af181506862,16,Field,Noise
train/noise/e8e24af181506862_w17.png,e8e24af181506862,17,Field,Noise
train/noise/e8e24af181506862_w21.png,e8e24af181506862,21,Field,Noise
train/noise/e8e24af181506862_w24.png,e8e24af181506862,24,Field,Noise
train/noise/e95be5940c69f07c_w08.png,e95be5940c69f07c,8,Field,Noise
train/noise/e95be5940c69f07c_w09.png,e95be5940c69f07c,9,Field,Noise
train/noise/e95be5940c69f07c_w12.png,e95be5940c69f07c,12,Field,Noise
train/noise/e95be5940c69f07c_w14.png,e95be5940c69f07c,14,Field,Noise
train/noise/e95be5940c69f07c_w15.png,e95be5940c69f07c,15,Field,Noise
train/noise/e95be5940c69f07c_w19.png,e95be5940c69f07c,19,Field,Noise
train/noise/e95be5940c69f07c_w26.png,e95be5940c69f07c,26,Field,Noise
train/noise/e95be5940c69f07c_w27.png,e95be5940c69f07c,27,Field,Noise
train/noise/e9682a4b67985762_w05.png,e9682a4b67985762,5,Field,Noise
train/noise/e9682a4b67985762_w08.png,e9682a4b67985762,8,Field,Noise
train/noise/e9682a4b67985762_w09.png,e9682a4b67985762,9,Field,Noise
train/noise/e9682a4b67985762_w11.png,e9682a4b67985762,11,Field,Noise
train/noise/e9682a4b67985762_w13.png,e9682a4b67985762,13,Field,Noise
train/noise/e9682a4b67985762_w16.png,e9682a4b67985762,16,Field,Noise
train/noise/e9682a4b67985762_w19.png,e9682a4b67985762,19,Field,Noise
train/noise/e9682a4b67985762_w21.png,e9682a4b67985762,21,Field,Noise
train/noise/ea151e32c1d28eab_w04.png,ea151e32c1d28eab,4,Field,Noise
train/noise/ea151e32c1d28eab_w07.png,ea151e32c1d28eab,7,Field,Noise
train/noise/ea151e32c1d28eab_w15.png,ea151e32c1d28eab,15,Field,Noise
train/noise/ea151e32c1d28eab_w17.png,ea151e32c1d28eab,17,Field,Noise
train/noise/ea151e32c1d28eab_w20.png,ea151e32c1d28eab,20,Field,Noise
train/noise/ea151e32c1d28eab_w21.png,ea151e32c1d28eab,21,Field,Noise
train/noise/ea151e32c1d28eab_w22.png,ea151e32c1d28eab,22,Field,Noise
train/noise/ea151e32c1d28eab_w25.png,ea151e32c1d28eab,25,Field,Noise
train/noise/ea62377c4309d1d0_w04.png,ea62377c4309d1d0,4,Field,Noise
train/noise/ea62377c4309d1d0_w06.png,ea62377c4309d1d0,6,Field,Noise
train/noise/ea62377c4309d1d0_w08.png,ea62377c4309d1d0,8,Field,Noise
train/noise/ea62377c4309d1d0_w09.png,ea62377c4309d1d0,9,Field,Noise
train/noise/ea62377c4309d1d0_w13.png,ea62377c4309d1d0,13,Field,Noise
train/noise/ea62377c4309d1d0_w18.png,ea62377c4309d1d0,18,Field,Noise
train/noise/ea62377c4309d1d0_w19.png,ea62377c4309d1d0,19,Field,Noise
train/noise/ea62377c4309d1d0_w22.png,ea62377c4309d1d0,22,Field,Noise
train/noise/ea65bdcc659add2a_w09.png,ea65bdcc659add2a,9,Field,Noise
train/noise/ea65bdcc659add2a_w10.png,ea65bdcc659add2a,10,Field,Noise
train/noise/ea65bdcc659add2a_w13.png,ea65bdcc659add2a,13,Field,Noise
train/noise/ea65bdcc659add2a_w14.png,ea65bdcc659add2a,14,Field,Noise
train/noise/ea65bdcc659add2a_w15.png,ea65bdcc659add2a,15,Field,Noise
train/noise/ea65bdcc659add2a_w18.png,ea65bdcc659add2a,18,Field,Noise
train/noise/ea65bdcc659add2a_w21.png,ea65bdcc659add2a,21,Field,Noise
train/noise/ea65bdcc659add2a_w23.png,ea65bdcc659add2a,23,Field,Noise
train/noise/eae986bd18b8b1ab_w01.png,eae986bd18b8b1ab,1,Field,Noise
train/noise/eae986bd18b8b1ab_w09.png,eae986bd18b8b1ab,9,Field,Noise
train/noise/eae986bd18b8b1ab_w16.png,eae986bd18b8b1ab,16,Field,Noise
train/noise/eae986bd18b8b1ab_w17.png,eae986bd18b8b1ab,17,Field,Noise
train/noise/eae986bd18b8b1ab_w19.png,eae986bd18b8b1ab,19,Field,Noise
train/noise/eae986bd18b8b1ab_w21.png,eae986bd18b8b1ab,21,Field,Noise
train/noise/eae986bd18b8b1ab_w25.png,eae986bd18b8b1ab,25,Field,Noise
train/noise/eae986bd18b8b1ab_w27.png,eae986bd18b8b1ab,27,Field,Noise
train/noise/eaf4ae916a5f4eb9_w01.png,eaf4ae916a5f4eb9,1,Field,Noise
train/noise/eaf4ae916a5f4eb9_w07.png,eaf4ae916a5f4eb9,7,Field,Noise
train/noise/eaf4ae916a5f4eb9_w12.png,eaf4ae916a5f4eb9,12,Field,Noise
train/noise/eaf4ae916a5f4eb9_w15.png,eaf4ae916a5f4eb9,15,Field,Noise
train/noise/eaf4ae916a5f4eb9_w17.png,eaf4ae916a5f4eb9,17,Field,Noise
train/noise/eaf4ae916a5f4eb9_w20.png,eaf4ae916a5f4eb9,20,Field,Noise
train/noise/eaf4ae916a5f4eb9_w22.png,eaf4ae916a5f4eb9,22,Field,Noise
train/noise/eaf4ae916a5f4eb9_w25.png,eaf4ae916a5f4eb9,25,Field,Noise
train/noise/eb23cddab83d06c9_w01.png,eb23cddab83d06c9,1,Field,Noise
train/noise/eb23cddab83d06c9_w02.png,eb23cddab83d06c9,2,Field,Noise
train/noise/eb23cddab83d06c9_w09.png,eb23cddab83d06c9,9,Field,Noise
train/noise/eb23cddab83d06c9_w11.png,eb23cddab83d06c9,11,Field,Noise
train/noise/eb23cddab83d06c9_w13.png,eb23cddab83d06c9,13,Field,Noise
train/noise/eb23cddab83d06c9_w14.png,eb23cddab83d06c9,14,Field,Noise
train/noise/eb23cddab83d06c9_w16.png,eb23cddab83d06c9,16,Field,Noise
train/noise/eb23cddab83d06c9_w19.png,eb23cddab83d06c9,19,Field,Noise
train/noise/eb336bf89e4fdd4c_w03.png,eb336bf89e4fdd4c,3,Field,Noise
train/noise/eb336bf89e4fdd4c_w06.png,eb336bf89e4fdd4c,6,Field,Noise
train/noise/eb336bf89e4fdd4c_w08.png,eb336bf89e4fdd4c,8,Field,Noise
train/noise/eb336bf89e4fdd4c_w14.png,eb336bf89e4fdd4c,14,Field,Noise
train/noise/eb336bf89e4fdd4c_w18.png,eb336bf89e4fdd4c,18,Field,Noise
train/noise/eb336bf89e4fdd4c_w21.png,eb336bf89e4fdd4c,21,Field,Noise
train/noise/eb336bf89e4fdd4c_w25.png,eb336bf89e4fdd4c,25,Field,Noise
train/noise/eb336bf89e4fdd4c_w27.png,eb336bf89e4fdd4c,27,Field,Noise
train/noise/eb8b71a609c5143e_w00.png,eb8b71a609c5143e,0,Lab,Noise
train/noise/eb8b71a609c5143e_w03.png,eb8b71a609c5143e,3,Lab,Noise
train/noise/eb8b71a609c5143e_w07.png,eb8b71a609c5143e,7,Lab,Noise
train/noise/eb8b71a609c5143e_w08.png,eb8b71a609c5143e,8,Lab,Noise
train/noise/eb8b71a609c5143e_w11.png,eb8b71a609c5143e,11,Lab,Noise
train/noise/eb8b71a609c5143e_w19.png,eb8b71a609c5143e,19,Lab,Noise
train/noise/eb8b71a609c5143e_w20.png,eb8b71a609c5143e,20,Lab,Noise
train/noise/eb8b71a609c5143e_w21.png,eb8b71a609c5143e,21,Lab,Noise
train/noise/ebba7c4e1add7992_w02.png,ebba7c4e1add7992,2,Field,Noise
train/noise/ebba7c4e1add7992_w06.png,ebba7c4e1add7992,6,Field,Noise
train/noise/ebba7c4e1add7992_w11.png,ebba7c4e1add7992,11,Field,Noise
train/noise/ebba7c4e1add7992_w12.png,ebba7c4e1add7992,12,Field,Noise
train/noise/ebba7c4e1add7992_w15.png,ebba7c4e1add7992,15,Field,Noise
train/noise/ebba7c4e1add7992_w17.png,ebba7c4e1add7992,17,Field,Noise
train/noise/ebba7c4e1add7992_w22.png,ebba7c4e1add7992,22,Field,Noise
train/noise/ebba7c4e1add7992_w25.png,ebba7c4e1add7992,25,Field,Noise
train/noise/ebc5faceb39b5e94_w01.png,ebc5faceb39b5e94,1,Field,Noise
train/noise/ebc5faceb39b5e94_w11.png,ebc5faceb39b5e94,11,Field,Noise
train/noise/ebc5faceb39b5e94_w12.png,ebc5faceb39b5e94,12,Field,Noise
train/noise/ebc5faceb39b5e94_w14.png,ebc5faceb39b5e94,14,Field,Noise
train/noise/ebc5faceb39b5e94_w17.png,ebc5faceb39b5e94,17,Field,Noise
train/noise/ebc5faceb39b5e94_w18.png,ebc5faceb39b5e94,18,Field,Noise
train/noise/ebc5faceb39b5e94_w25.png,ebc5faceb39b5e94,25,Field,Noise
train/noise/ebc5faceb39b5e94_w26.png,ebc5faceb39b5e94,26,Field,Noise
train/noise/ed0a1b4f01b3ce0b_w05.png,ed0a1b4f01b3ce0b,5,Field,Noise
train/noise/ed0a1b4f01b3ce0b_w10.png,ed0a1b4f01b3ce0b,10,Field,Noise
train/noise/ed0a1b4f01b3ce0b_w12.png,ed0a1b4f01b3ce0b,12,Field,Noise
train/noise/ed0a1b4f01b3ce0b_w18.png,ed0a1b4f01b3ce0b,18,Field,Noise
train/noise/ed0a1b4f01b3ce0b_w19.png,ed0a1b4f01b3ce0b,19,Field,Noise
train/noise/ed0a1b4f01b3ce0b_w20.png,ed0a1b4f01b3ce0b,20,Field,Noise
train/noise/ed0a1b4f01b3ce0b_w21.png,ed0a1b4f01b3ce0b,21,Field,Noise
train/noise/ed0a1b4f01b3ce0b_w25.png,ed0a1b4f01b3ce0b,25,Field,Noise
train/noise/ed23bd63553bb610_w01.png,ed23bd63553bb610,1,Field,Noise
train/noise/ed23bd63553bb610_w02.png,ed23bd63553bb610,2,Field,Noise
train/noise/ed23bd63553bb610_w09.png,ed23bd63553bb610,9,Field,Noise
train/noise/ed23bd63553bb610_w10.png,ed23bd63553bb610,10,Field,Noise
train/noise/ed23bd63553bb610_w14.png,ed23bd63553bb610,14,Field,Noise
train/noise/ed23bd63553bb610_w15.png,ed23bd63553bb610,15,Field,Noise
train/noise/ed23bd63553bb610_w19.png,ed23bd63553bb610,19,Field,Noise
train/noise/ed23bd63553bb610_w21.png,ed23bd63553bb610,21,Field,Noise
train/noise/ed3bb813b41b209c_w00.png,ed3bb813b41b209c,0,Field,Noise
train/noise/ed3bb813b41b209c_w01.png,ed3bb813b41b209c,1,Field,Noise
train/noise/ed3bb813b41b209c_w04.png,ed3bb813b41b209c,4,Field,Noise
train/noise/ed3bb813b41b209c_w05.png,ed3bb813b41b209c,5,Field,Noise
train/noise/ed3bb813b41b209c_w06.png,ed3bb813b41b209c,6,Field,Noise
train/noise/ed3bb813b41b209c_w13.png,ed3bb813b41b209c,13,Field,Noise
train/noise/ed3bb813b41b209c_w17.png,ed3bb813b41b209c,17,Field,Noise
train/noise/ed3bb813b41b209c_w24.png,ed3bb813b41b209c,24,Field,Noise
train/noise/ed73b562df269773_w00.png,ed73b562df269773,0,Field,Noise
train/noise/ed73b562df269773_w03.png,ed73b562df269773,3,Field,Noise
train/noise/ed73b562df269773_w05.png,ed73b562df269773,5,Field,Noise
train/noise/ed73b562df269773_w08.png,ed73b562df269773,8,Field,Noise
train/noise/ed73b562df269773_w10.png,ed73b562df269773,10,Field,Noise
train/noise/ed73b562df269773_w13.png,ed73b562df269773,13,Field,Noise
train/noise/ed73b562df269773_w14.png,ed73b562df269773,14,Field,Noise
train/noise/ed73b562df269773_w22.png,ed73b562df269773,22,Field,Noise
train/noise/ed99465fa85c4cac_w01.png,ed99465fa85c4cac,1,Field,Noise
train/noise/ed99465fa85c4cac_w03.png,ed99465fa85c4cac,3,Field,Noise
train/noise/ed99465fa85c4cac_w07.png,ed99465fa85c4cac,7,Field,Noise
train/noise/ed99465fa85c4cac_w08.png,ed99465fa85c4cac,8,Field,Noise
train/noise/ed99465fa85c4cac_w12.png,ed99465fa85c4cac,12,Field,Noise
train/noise/ed99465fa85c4cac_w13.png,ed99465fa85c4cac,13,Field,Noise
train/noise/ed99465fa85c4cac_w15.png,ed99465fa85c4cac,15,Field,Noise
train/noise/ed99465fa85c4cac_w19.png,ed99465fa85c4cac,19,Field,Noise
train/noise/ee0663a1cd6db404_w03.png,ee0663a1cd6db404,3,Lab,Noise
train/noise/ee0663a1cd6db404_w07.png,ee0663a1cd6db404,7,Lab,Noise
train/noise/ee0663a1cd6db404_w08.png,ee0663a1cd6db404,8,Lab,Noise
train/noise/ee0663a1cd6db404_w14.png,ee0663a1cd6db404,14,Lab,Noise
train/noise/ee0663a1cd6db404_w16.png,ee0663a1cd6db404,16,Lab,Noise
train/noise/ee0663a1cd6db404_w18.png,ee0663a1cd6db404,18,Lab,Noise
train/noise/ee0663a1cd6db404_w19.png,ee0663a1cd6db404,19,Lab,Noise
train/noise/ee0663a1cd6db404_w22.png,ee0663a1cd6db404,22,Lab,Noise
train/noise/ee52d7985b546dba_w00.png,ee52d7985b546dba,0,Field,Noise
train/noise/ee52d7985b546dba_w05.png,ee52d7985b546dba,5,Field,Noise
train/noise/ee52d7985b546dba_w07.png,ee52d7985b546dba,7,Field,Noise
train/noise/ee52d7985b546dba_w10.png,ee52d7985b546dba,10,Field,Noise
train/noise/ee52d7985b546dba_w11.png,ee52d7985b546dba,11,Field,Noise
train/noise/ee52d7985b546dba_w12.png,ee52d7985b546dba,12,Field,Noise
train/noise/ee52d7985b546dba_w13.png,ee52d7985b546dba,13,Field,Noise
train/noise/ee52d7985b546dba_w17.png,ee52d7985b546dba,17,Field,Noise
train/noise/ee576470e71c66a1_w03.png,ee576470e71c66a1,3,Lab,Noise
train/noise/ee576470e71c66a1_w07.png,ee576470e71c66a1,7,Lab,Noise
train/noise/ee576470e71c66a1_w11.png,ee576470e71c66a1,11,Lab,Noise
train/noise/ee576470e71c66a1_w17.png,ee576470e71c66a1,17,Lab,Noise
train/noise/ee576470e71c66a1_w20.png,ee576470e71c66a1,20,Lab,Noise
train/noise/ee576470e71c66a1_w24.png,ee576470e71c66a1,24,Lab,Noise
train/noise/ee576470e71c66a1_w25.png,ee576470e71c66a1,25,Lab,Noise
train/noise/ee576470e71c66a1_w27.png,ee576470e71c66a1,27,Lab,Noise
train/noise/ee72681f80881b12_w00.png,ee72681f80881b12,0,Field,Noise
train/noise/ee72681f80881b12_w01.png,ee72681f80881b12,1,Field,Noise
train/noise/ee72681f80881b12_w04.png,ee72681f80881b12,4,Field,Noise
train/noise/ee72681f80881b12_w11.png,ee72681f80881b12,11,Field,Noise
train/noise/ee72681f80881b12_w19.png,ee72681f80881b12,19,Field,Noise
train/noise/ee72681f80881b12_w21.png,ee72681f80881b12,21,Field,Noise
train/noise/ee72681f80881b12_w24.png,ee72681f80881b12,24,Field,Noise
train/noise/ee72681f80881b12_w25.png,ee72681f80881b12,25,Field,Noise
train/noise/eef5290c4a491099_w05.png,eef5290c4a491099,5,Field,Noise
train/noise/eef5290c4a491099_w07.png,eef5290c4a491099,7,Field,Noise
train/noise/eef5290c4a491099_w09.png,eef5290c4a491099,9,Field,Noise
train/noise/eef5290c4a491099_w12.png,eef5290c4a491099,12,Field,Noise
train/noise/eef5290c4a491099_w16.png,eef5290c4a491099,16,Field,Noise
train/noise/eef5290c4a491099_w18.png,eef5290c4a491099,18,Field,Noise
train/noise/eef5290c4a491099_w23.png,eef5290c4a491099,23,Field,Noise
train/noise/eef5290c4a491099_w25.png,eef5290c4a491099,25,Field,Noise
train/noise/ef15a0ed67c0796d_w01.png,ef15a0ed67c0796d,1,Field,Noise
train/noise/ef15a0ed67c0796d_w02.png,ef15a0ed67c0796d,2,Field,Noise
train/noise/ef15a0ed67c0796d_w08.png,ef15a0ed67c0796d,8,Field,Noise
train/noise/ef15a0ed67c0796d_w09.png,ef15a0ed67c0796d,9,Field,Noise
train/noise/ef15a0ed67c0796d_w13.png,ef15a0ed67c0796d,13,Field,Noise
train/noise/ef15a0ed67c0796d_w16.png,ef15a0ed67c0796d,16,Field,Noise
train/noise/ef15a0ed67c0796d_w22.png,ef15a0ed67c0796d,22,Field,Noise
train/noise/ef15a0ed67c0796d_w23.png,ef15a0ed67c0796d,23,Field,Noise
train/noise/ef479a0392b6b31d_w02.png,ef479a0392b6b31d,2,Lab,Noise
train/noise/ef479a0392b6b31d_w06.png,ef479a0392b6b31d,6,Lab,Noise
train/noise/ef479a0392b6b31d_w10.png,ef479a0392b6b31d,10,Lab,Noise
train/noise/ef479a0392b6b31d_w11.png,ef479a0392b6b31d,11,Lab,Noise
train/noise/ef479a0392b6b31d_w15.png,ef479a0392b6b31d,15,Lab,Noise
train/noise/ef479a0392b6b31d_w18.png,ef479a0392b6b31d,18,Lab,Noise
train/noise/ef479a0392b6b31d_w24.png,ef479a0392b6b31d,24,Lab,Noise
train/noise/ef479a0392b6b31d_w26.png,ef479a0392b6b31d,26,Lab,Noise
train/noise/ef614ba84844e49f_w00.png,ef614ba84844e49f,0,Field,Noise
train/noise/ef614ba84844e49f_w01.png,ef614ba84844e49f,1,Field,Noise
train/noise/ef614ba84844e49f_w07.png,ef614ba84844e49f,7,Field,Noise
train/noise/ef614ba84844e49f_w10.png,ef614ba84844e49f,10,Field,Noise
train/noise/ef614ba84844e49f_w14.png,ef614ba84844e49f,14,Field,Noise
train/noise/ef614ba84844e49f_w20.png,ef614ba84844e49f,20,Field,Noise
train/noise/ef614ba84844e49f_w21.png,ef614ba84844e49f,21,Field,Noise
train/noise/ef614ba84844e49f_w23.png,ef614ba84844e49f,23,Field,Noise
train/noise/ef61d196db14f51a_w00.png,ef61d196db14f51a,0,Field,Noise
train/noise/ef61d196db14f51a_w07.png,ef61d196db14f51a,7,Field,Noise
train/noise/ef61d196db14f51a_w08.png,ef61d196db14f51a,8,Field,Noise
train/noise/ef61d196db14f51a_w14.png,ef61d196db14f51a,14,Field,Noise
train/noise/ef61d196db14f51a_w20.png,ef61d196db14f51a,20,Field,Noise
train/noise/ef61d196db14f51a_w21.png,ef61d196db14f51a,21,Field,Noise
train/noise/ef61d196db14f51a_w26.png,ef61d196db14f51a,26,Field,Noise
train/noise/ef61d196db14f51a_w27.png,ef61d196db14f51a,27,Field,Noise
train/noise/efdb30a402ab6bb2_w01.png,efdb30a402ab6bb2,1,Field,Noise
train/noise/efdb30a402ab6bb2_w03.png,efdb30a402ab6bb2,3,Field,Noise
train/noise/efdb30a402ab6bb2_w05.png,efdb30a402ab6bb2,5,Field,Noise
train/noise/efdb30a402ab6bb2_w12.png,efdb30a402ab6bb2,12,Field,Noise
train/noise/efdb30a402ab6bb2_w14.png,efdb30a402ab6bb2,14,Field,Noise
train/noise/efdb30a402ab6bb2_w18.png,efdb30a402ab6bb2,18,Field,Noise
train/noise/efdb30a402ab6bb2_w22.png,efdb30a402ab6bb2,22,Field,Noise
train/noise/efdb30a402ab6bb2_w26.png,efdb30a402ab6bb2,26,Field,Noise
train/noise/efdf8835b6fad8b0_w00.png,efdf8835b6fad8b0,0,Field,Noise
train/noise/efdf8835b6fad8b0_w05.png,efdf8835b6fad8b0,5,Field,Noise
train/noise/efdf8835b6fad8b0_w07.png,efdf8835b6fad8b0,7,Field,Noise
train/noise/efdf8835b6fad8b0_w13.png,efdf8835b6fad8b0,13,Field,Noise
train/noise/efdf8835b6fad8b0_w19.png,efdf8835b6fad8b0,19,Field,Noise
train/noise/efdf8835b6fad8b0_w21.png,efdf8835b6fad8b0,21,Field,Noise
train/noise/efdf8835b6fad8b0_w22.png,efdf8835b6fad8b0,22,Field,Noise
train/noise/efdf8835b6fad8b0_w27.png,efdf8835b6fad8b0,27,Field,Noise
train/noise/f08a3b0c0bc237ec_w03.png,f08a3b0c0bc237ec,3,Lab,Noise
train/noise/f08a3b0c0bc237ec_w04.png,f08a3b0c0bc237ec,4,Lab,Noise
train/noise/f08a3b0c0bc237ec_w06.png,f08a3b0c0bc237ec,6,Lab,Noise
train/noise/f08a3b0c0bc237ec_w10.png,f08a3b0c0bc237ec,10,Lab,Noise
train/noise/f08a3b0c0bc237ec_w15.png,f08a3b0c0bc237ec,15,Lab,Noise
train/noise/f08a3b0c0bc237ec_w19.png,f08a3b0c0bc237ec,19,Lab,Noise
train/noise/f08a3b0c0bc237ec_w20.png,f08a3b0c0bc237ec,20,Lab,Noise
train/noise/f08a3b0c0bc237ec_w25.png,f08a3b0c0bc237ec,25,Lab,Noise
train/noise/f096cc9f36f23e81_w00.png,f096cc9f36f23e81,0,Field,Noise
train/noise/f096cc9f36f23e81_w04.png,f096cc9f36f23e81,4,Field,Noise
train/noise/f096cc9f36f23e81_w08.png,f096cc9f36f23e81,8,Field,Noise
train/noise/f096cc9f36f23e81_w15.png,f096cc9f36f23e81,15,Field,Noise
train/noise/f096cc9f36f23e81_w16.png,f096cc9f36f23e81,16,Field,Noise
train/noise/f096cc9f36f23e81_w17.png,f096cc9f36f23e81,17,Field,Noise
train/noise/f096cc9f36f23e81_w23.png,f096cc9f36f23e81,23,Field,Noise
train/noise/f096cc9f36f23e81_w26.png,f096cc9f36f23e81,26,Field,Noise
train/noise/f0a657cd79c6dfb3_w03.png,f0a657cd79c6dfb3,3,Field,Noise
train/noise/f0a657cd79c6dfb3_w04.png,f0a657cd79c6dfb3,4,Field,Noise
train/noise/f0a657cd79c6dfb3_w05.png,f0a657cd79c6dfb3,5,Field,Noise
train/noise/f0a657cd79c6dfb3_w08.png,f0a657cd79c6dfb3,8,Field,Noise
train/noise/f0a657cd79c6dfb3_w13.png,f0a657cd79c6dfb3,13,Field,Noise
train/noise/f0a657cd79c6dfb3_w18.png,f0a657cd79c6dfb3,18,Field,Noise
train/noise/f0a657cd79c6dfb3_w23.png,f0a657cd79c6dfb3,23,Field,Noise
train/noise/f0a657cd79c6dfb3_w27.png,f0a657cd79c6dfb3,27,Field,Noise
train/noise/f0e422d432db6acf_w01.png,f0e422d432db6acf,1,Field,Noise
train/noise/f0e422d432db6acf_w02.png,f0e422d432db6acf,2,Field,Noise
train/noise/f0e422d432db6acf_w04.png,f0e422d432db6acf,4,Field,Noise
train/noise/f0e422d432db6acf_w09.png,f0e422d432db6acf,9,Field,Noise
train/noise/f0e422d432db6acf_w16.png,f0e422d432db6acf,16,Field,Noise
train/noise/f0e422d432db6acf_w19.png,f0e422d432db6acf,19,Field,Noise
train/noise/f0e422d432db6acf_w21.png,f0e422d432db6acf,21,Field,Noise
train/noise/f0e422d432db6acf_w27.png,f0e422d432db6acf,27,Field,Noise
train/noise/f0ff90efd4670b13_w03.png,f0ff90efd4670b13,3,Field,Noise
train/noise/f0ff90efd4670b13_w04.png,f0ff90efd4670b13,4,Field,Noise
train/noise/f0ff90efd4670b13_w06.png,f0ff90efd4670b13,6,Field,Noise
train/noise/f0ff90efd4670b13_w14.png,f0ff90efd4670b13,14,Field,Noise
train/noise/f0ff90efd4670b13_w15.png,f0ff90efd4670b13,15,Field,Noise
train/noise/f0ff90efd4670b13_w20.png,f0ff90efd4670b13,20,Field,Noise
train/noise/f0ff90efd4670b13_w21.png,f0ff90efd4670b13,21,Field,Noise
train/noise/f0ff90efd4670b13_w24.png,f0ff90efd4670b13,24,Field,Noise
train/noise/f12ee67939ca3d62_w00.png,f12ee67939ca3d62,0,Field,Noise
train/noise/f12ee67939ca3d62_w06.png,f12ee67939ca3d62,6,Field,Noise
train/noise/f12ee67939ca3d62_w08.png,f12ee67939ca3d62,8,Field,Noise
train/noise/f12ee67939ca3d62_w11.png,f12ee67939ca3d62,11,Field,Noise
train/noise/f12ee67939ca3d62_w19.png,f12ee67939ca3d62,19,Field,Noise
train/noise/f12ee67939ca3d62_w24.png,f12ee67939ca3d62,24,Field,Noise
train/noise/f12ee67939ca3d62_w26.png,f12ee67939ca3d62,26,Field,Noise
train/noise/f12ee67939ca3d62_w27.png,f12ee67939ca3d62,27,Field,Noise
train/noise/f1feb7a173b2b5cd_w03.png,f1feb7a173b2b5cd,3,Lab,Noise
train/noise/f1feb7a173b2b5cd_w10.png,f1feb7a173b2b5cd,10,Lab,Noise
train/noise/f1feb7a173b2b5cd_w12.png,f1feb7a173b2b5cd,12,Lab,Noise
train/noise/f1feb7a173b2b5cd_w16.png,f1feb7a173b2b5cd,16,Lab,Noise
train/noise/f1feb7a173b2b5cd_w17.png,f1feb7a173b2b5cd,17,Lab,Noise
train/noise/f1feb7a173b2b5cd_w18.png,f1feb7a173b2b5cd,18,Lab,Noise
train/noise/f1feb7a173b2b5cd_w25.png,f1feb7a173b2b5cd,25,Lab,Noise
train/noise/f1feb7a173b2b5cd_w26.png,f1feb7a173b2b5cd,26,Lab,Noise
train/noise/f242680cae8a8ed4_w04.png,f242680cae8a8ed4,4,Field,Noise
train/noise/f242680cae8a8ed4_w08.png,f242680cae8a8ed4,8,Field,Noise
train/noise/f242680cae8a8ed4_w14.png,f242680cae8a8ed4,14,Field,Noise
train/noise/f242680cae8a8ed4_w18.png,f242680cae8a8ed4,18,Field,Noise
train/noise/f242680cae8a8ed4_w20.png,f242680cae8a8ed4,20,Field,Noise
train/noise/f242680cae8a8ed4_w22.png,f242680cae8a8ed4,22,Field,Noise
train/noise/f242680cae8a8ed4_w25.png,f242680cae8a8ed4,25,Field,Noise
train/noise/f242680cae8a8ed4_w26.png,f242680cae8a8ed4,26,Field,Noise
train/noise/f24c0ccb5d60e9e6_w02.png,f24c0ccb5d60e9e6,2,Field,Noise
train/noise/f24c0ccb5d60e9e6_w04.png,f24c0ccb5d60e9e6,4,Field,Noise
train/noise/f24c0ccb5d60e9e6_w09.png,f24c0ccb5d60e9e6,9,Field,Noise
train/noise/f24c0ccb5d60e9e6_w11.png,f24c0ccb5d60e9e6,11,Field,Noise
train/noise/f24c0ccb5d60e9e6_w13.png,f24c0ccb5d60e9e6,13,Field,Noise
train/noise/f24c0ccb5d60e9e6_w17.png,f24c0ccb5d60e9e6,17,Field,Noise
train/noise/f24c0ccb5d60e9e6_w22.png,f24c0ccb5d60e9e6,22,Field,Noise
train/noise/f24c0ccb5d60e9e6_w24.png,f24c0ccb5d60e9e6,24,Field,Noise
train/noise/f26db391606dd631_w01.png,f26db391606dd631,1,Field,Noise
train/noise/f26db391606dd631_w04.png,f26db391606dd631,4,Field,Noise
train/noise/f26db391606dd631_w07.png,f26db391606dd631,7,Field,Noise
train/noise/f26db391606dd631_w09.png,f26db391606dd631,9,Field,Noise
train/noise/f26db391606dd631_w11.png,f26db391606dd631,11,Field,Noise
train/noise/f26db391606dd631_w12.png,f26db391606dd631,12,Field,Noise
train/noise/f26db391606dd631_w21.png,f26db391606dd631,21,Field,Noise
train/noise/f26db391606dd631_w27.png,f26db391606dd631,27,Field,Noise
train/noise/f28816bfedb13d1c_w02.png,f28816bfedb13d1c,2,Field,Noise
train/noise/f28816bfedb13d1c_w06.png,f28816bfedb13d1c,6,Field,Noise
train/noise/f28816bfedb13d1c_w07.png,f28816bfedb13d1c,7,Field,Noise
train/noise/f28816bfedb13d1c_w12.png,f28816bfedb13d1c,12,Field,Noise
train/noise/f28816bfedb13d1c_w15.png,f28816bfedb13d1c,15,Field,Noise
train/noise/f28816bfedb13d1c_w16.png,f28816bfedb13d1c,16,Field,Noise
train/noise/f28816bfedb13d1c_w20.png,f28816bfedb13d1c,20,Field,Noise
train/noise/f28816bfedb13d1c_w25.png,f28816bfedb13d1c,25,Field,Noise
train/noise/f291bc9f92c19288_w01.png,f291bc9f92c19288,1,Field,Noise
train/noise/f291bc9f92c19288_w03.png,f291bc9f92c19288,3,Field,Noise
train/noise/f291bc9f92c19288_w08.png,f291bc9f92c19288,8,Field,Noise
train/noise/f291bc9f92c19288_w10.png,f291bc9f92c19288,10,Field,Noise
train/noise/f291bc9f92c19288_w17.png,f291bc9f92c19288,17,Field,Noise
train/noise/f291bc9f92c19288_w19.png,f291bc9f92c19288,19,Field,Noise
train/noise/f291bc9f92c19288_w25.png,f291bc9f92c19288,25,Field,Noise
train/noise/f291bc9f92c19288_w26.png,f291bc9f92c19288,26,Field,Noise
train/noise/f2b8bf30772a3c15_w01.png,f2b8bf30772a3c15,1,Lab,Noise
train/noise/f2b8bf30772a3c15_w04.png,f2b8bf30772a3c15,4,Lab,Noise
train/noise/f2b8bf30772a3c15_w05.png,f2b8bf30772a3c15,5,Lab,Noise
train/noise/f2b8bf30772a3c15_w09.png,f2b8bf30772a3c15,9,Lab,Noise
train/noise/f2b8bf30772a3c15_w15.png,f2b8bf30772a3c15,15,Lab,Noise
train/noise/f2b8bf30772a3c15_w16.png,f2b8bf30772a3c15,16,Lab,Noise
train/noise/f2b8bf30772a3c15_w21.png,f2b8bf30772a3c15,21,Lab,Noise
train/noise/f2b8bf30772a3c15_w22.png,f2b8bf30772a3c15,22,Lab,Noise
train/noise/f2e770f70dd3735f_w05.png,f2e770f70dd3735f,5,Field,Noise
train/noise/f2e770f70dd3735f_w10.png,f2e770f70dd3735f,10,Field,Noise
train/noise/f2e770f70dd3735f_w12.png,f2e770f70dd3735f,12,Field,Noise
train/noise/f2e770f70dd3735f_w13.png,f2e770f70dd3735f,13,Field,Noise
train/noise/f2e770f70dd3735f_w19.png,f2e770f70dd3735f,19,Field,Noise
train/noise/f2e770f70dd3735f_w21.png,f2e770f70dd3735f,21,Field,Noise
train/noise/f2e770f70dd3735f_w23.png,f2e770f70dd3735f,23,Field,Noise
train/noise/f2e770f70dd3735f_w24.png,f2e770f70dd3735f,24,Field,Noise
train/noise/f30571af8d2c13cb_w02.png,f30571af8d2c13cb,2,Field,Noise
train/noise/f30571af8d2c13cb_w04.png,f30571af8d2c13cb,4,Field,Noise
train/noise/f30571af8d2c13cb_w07.png,f30571af8d2c13cb,7,Field,Noise
train/noise/f30571af8d2c13cb_w08.png,f30571af8d2c13cb,8,Field,Noise
train/noise/f30571af8d2c13cb_w12.png,f30571af8d2c13cb,12,Field,Noise
train/noise/f30571af8d2c13cb_w13.png,f30571af8d2c13cb,13,Field,Noise
train/noise/f30571af8d2c13cb_w18.png,f30571af8d2c13cb,18,Field,Noise
train/noise/f30571af8d2c13cb_w24.png,f30571af8d2c13cb,24,Field,Noise
train/noise/f32da6ad5b9080e1_w00.png,f32da6ad5b9080e1,0,Field,Noise
train/noise/f32da6ad5b9080e1_w01.png,f32da6ad5b9080e1,1,Field,Noise
train/noise/f32da6ad5b9080e1_w05.png,f32da6ad5b9080e1,5,Field,Noise
train/noise/f32da6ad5b9080e1_w06.png,f32da6ad5b9080e1,6,Field,Noise
train/noise/f32da6ad5b9080e1_w11.png,f32da6ad5b9080e1,11,Field,Noise
train/noise/f32da6ad5b9080e1_w12.png,f32da6ad5b9080e1,12,Field,Noise
train/noise/f32da6ad5b9080e1_w19.png,f32da6ad5b9080e1,19,Field,Noise
train/noise/f32da6ad5b9080e1_w25.png,f32da6ad5b9080e1,25,Field,Noise
train/noise/f376fda8b7389c01_w03.png,f376fda8b7389c01,3,Field,Noise
train/noise/f376fda8b7389c01_w08.png,f376fda8b7389c01,8,Field,Noise
train/noise/f376fda8b7389c01_w14.png,f376fda8b7389c01,14,Field,Noise
train/noise/f376fda8b7389c01_w16.png,f376fda8b7389c01,16,Field,Noise
train/noise/f376fda8b7389c01_w18.png,f376fda8b7389c01,18,Field,Noise
train/noise/f376fda8b7389c01_w19.png,f376fda8b7389c01,19,Field,Noise
train/noise/f376fda8b7389c01_w20.png,f376fda8b7389c01,20,Field,Noise
train/noise/f376fda8b7389c01_w21.png,f376fda8b7389c01,21,Field,Noise
train/noise/f38e7840ba69f43f_w03.png,f38e7840ba69f43f,3,Field,Noise
train/noise/f38e7840ba69f43f_w04.png,f38e7840ba69f43f,4,Field,Noise
train/noise/f38e7840ba69f43f_w08.png,f38e7840ba69f43f,8,Field,Noise
train/noise/f38e7840ba69f43f_w15.png,f38e7840ba69f43f,15,Field,Noise
train/noise/f38e7840ba69f43f_w16.png,f38e7840ba69f43f,16,Field,Noise
train/noise/f38e7840ba69f43f_w23.png,f38e7840ba69f43f,23,Field,Noise
train/noise/f38e7840ba69f43f_w24.png,f38e7840ba69f43f,24,Field,Noise
train/noise/f38e7840ba69f43f_w26.png,f38e7840ba69f43f,26,Field,Noise
train/noise/f3a37a5d9d270c7e_w00.png,f3a37a5d9d270c7e,0,Field,Noise
train/noise/f3a37a5d9d270c7e_w07.png,f3a37a5d9d270c7e,7,Field,Noise
train/noise/f3a37a5d9d270c7e_w08.png,f3a37a5d9d270c7e,8,Field,Noise
train/noise/f3a37a5d9d270c7e_w09.png,f3a37a5d9d270c7e,9,Field,Noise
train/noise/f3a37a5d9d270c7e_w11.png,f3a37a5d9d270c7e,11,Field,Noise
train/noise/f3a37a5d9d270c7e_w13.png,f3a37a5d9d270c7e,13,Field,Noise
train/noise/f3a37a5d9d270c7e_w24.png,f3a37a5d9d270c7e,24,Field,Noise
train/noise/f3a37a5d9d270c7e_w25.png,f3a37a5d9d270c7e,25,Field,Noise
train/noise/f3aa491a7e84fec2_w03.png,f3aa491a7e84fec2,3,Field,Noise
train/noise/f3aa491a7e84fec2_w04.png,f3aa491a7e84fec2,4,Field,Noise
train/noise/f3aa491a7e84fec2_w10.png,f3aa491a7e84fec2,10,Field,Noise
train/noise/f3aa491a7e84fec2_w13.png,f3aa491a7e84fec2,13,Field,Noise
train/noise/f3aa491a7e84fec2_w14.png,f3aa491a7e84fec2,14,Field,Noise
train/noise/f3aa491a7e84fec2_w15.png,f3aa491a7e84fec2,15,Field,Noise
train/noise/f3aa491a7e84fec2_w18.png,f3aa491a7e84fec2,18,Field,Noise
train/noise/f3aa491a7e84fec2_w21.png,f3aa491a7e84fec2,21,Field,Noise
train/noise/f3ee241b66c51f5f_w04.png,f3ee241b66c51f5f,4,Field,Noise
train/noise/f3ee241b66c51f5f_w05.png,f3ee241b66c51f5f,5,Field,Noise
train/noise/f3ee241b66c51f5f_w07.png,f3ee241b66c51f5f,7,Field,Noise
train/noise/f3ee241b66c51f5f_w11.png,f3ee241b66c51f5f,11,Field,Noise
train/noise/f3ee241b66c51f5f_w14.png,f3ee241b66c51f5f,14,Field,Noise
train/noise/f3ee241b66c51f5f_w18.png,f3ee241b66c51f5f,18,Field,Noise
train/noise/f3ee241b66c51f5f_w21.png,f3ee241b66c51f5f,21,Field,Noise
train/noise/f3ee241b66c51f5f_w26.png,f3ee241b66c51f5f,26,Field,Noise
train/noise/f425f910aac2105b_w03.png,f425f910aac2105b,3,Field,Noise
train/noise/f425f910aac2105b_w04.png,f425f910aac2105b,4,Field,Noise
train/noise/f425f910aac2105b_w13.png,f425f910aac2105b,13,Field,Noise
train/noise/f425f910aac2105b_w17.png,f425f910aac2105b,17,Field,Noise
train/noise/f425f910aac2105b_w18.png,f425f910aac2105b,18,Field,Noise
train/noise/f425f910aac2105b_w21.png,f425f910aac2105b,21,Field,Noise
train/noise/f425f910aac2105b_w24.png,f425f910aac2105b,24,Field,Noise
train/noise/f425f910aac2105b_w26.png,f425f910aac2105b,26,Field,Noise
train/noise/f429813534832f0d_w03.png,f429813534832f0d,3,Field,Noise
train/noise/f429813534832f0d_w05.png,f429813534832f0d,5,Field,Noise
train/noise/f429813534832f0d_w07.png,f429813534832f0d,7,Field,Noise
train/noise/f429813534832f0d_w09.png,f429813534832f0d,9,Field,Noise
train/noise/f429813534832f0d_w14.png,f429813534832f0d,14,Field,Noise
train/noise/f429813534832f0d_w16.png,f429813534832f0d,16,Field,Noise
train/noise/f429813534832f0d_w20.png,f429813534832f0d,20,Field,Noise
train/noise/f429813534832f0d_w24.png,f429813534832f0d,24,Field,Noise
train/noise/f47e8daf6678a080_w02.png,f47e8daf6678a080,2,Field,Noise
train/noise/f47e8daf6678a080_w06.png,f47e8daf6678a080,6,Field,Noise
train/noise/f47e8daf6678a080_w08.png,f47e8daf6678a080,8,Field,Noise
train/noise/f47e8daf6678a080_w10.png,f47e8daf6678a080,10,Field,Noise
train/noise/f47e8daf6678a080_w11.png,f47e8daf6678a080,11,Field,Noise
train/noise/f47e8daf6678a080_w13.png,f47e8daf6678a080,13,Field,Noise
train/noise/f47e8daf6678a080_w18.png,f47e8daf6678a080,18,Field,Noise
train/noise/f47e8daf6678a080_w25.png,f47e8daf6678a080,25,Field,Noise
train/noise/f47eeecc39250abf_w01.png,f47eeecc39250abf,1,Field,Noise
train/noise/f47eeecc39250abf_w02.png,f47eeecc39250abf,2,Field,Noise
train/noise/f47eeecc39250abf_w05.png,f47eeecc39250abf,5,Field,Noise
train/noise/f47eeecc39250abf_w10.png,f47eeecc39250abf,10,Field,Noise
train/noise/f47eeecc39250abf_w16.png,f47eeecc39250abf,16,Field,Noise
train/noise/f47eeecc39250abf_w19.png,f47eeecc39250abf,19,Field,Noise
train/noise/f47eeecc39250abf_w21.png,f47eeecc39250abf,21,Field,Noise
train/noise/f47eeecc39250abf_w26.png,f47eeecc39250abf,26,Field,Noise
train/noise/f4a7c56d0afc59dc_w04.png,f4a7c56d0afc59dc,4,Field,Noise
train/noise/f4a7c56d0afc59dc_w08.png,f4a7c56d0afc59dc,8,Field,Noise
train/noise/f4a7c56d0afc59dc_w09.png,f4a7c56d0afc59dc,9,Field,Noise
train/noise/f4a7c56d0afc59dc_w11.png,f4a7c56d0afc59dc,11,Field,Noise
train/noise/f4a7c56d0afc59dc_w12.png,f4a7c56d0afc59dc,12,Field,Noise
train/noise/f4a7c56d0afc59dc_w19.png,f4a7c56d0afc59dc,19,Field,Noise
train/noise/f4a7c56d0afc59dc_w26.png,f4a7c56d0afc59dc,26,Field,Noise
train/noise/f4a7c56d0afc59dc_w27.png,f4a7c56d0afc59dc,27,Field,Noise
train/noise/f60bff5382df6785_w10.png,f60bff5382df6785,10,Field,Noise
train/noise/f60bff5382df6785_w11.png,f60bff5382df6785,11,Field,Noise
train/noise/f60bff5382df6785_w14.png,f60bff5382df6785,14,Field,Noise
train/noise/f60bff5382df6785_w16.png,f60bff5382df6785,16,Field,Noise
train/noise/f60bff5382df6785_w24.png,f60bff5382df6785,24,Field,Noise
train/noise/f60bff5382df6785_w25.png,f60bff5382df6785,25,Field,Noise
train/noise/f60bff5382df6785_w26.png,f60bff5382df6785,26,Field,Noise
train/noise/f60bff5382df6785_w27.png,f60bff5382df6785,27,Field,Noise
train/noise/f640277a4906031d_w00.png,f640277a4906031d,0,Field,Noise
train/noise/f640277a4906031d_w09.png,f640277a4906031d,9,Field,Noise
train/noise/f640277a4906031d_w12.png,f640277a4906031d,12,Field,Noise
train/noise/f640277a4906031d_w16.png,f640277a4906031d,16,Field,Noise
train/noise/f640277a4906031d_w20.png,f640277a4906031d,20,Field,Noise
train/noise/f640277a4906031d_w23.png,f640277a4906031d,23,Field,Noise
train/noise/f640277a4906031d_w24.png,f640277a4906031d,24,Field,Noise
train/noise/f640277a4906031d_w26.png,f640277a4906031d,26,Field,Noise
train/noise/f7376060044fad58_w07.png,f7376060044fad58,7,Field,Noise
train/noise/f7376060044fad58_w08.png,f7376060044fad58,8,Field,Noise
train/noise/f7376060044fad58_w12.png,f7376060044fad58,12,Field,Noise
train/noise/f7376060044fad58_w14.png,f7376060044fad58,14,Field,Noise
train/noise/f7376060044fad58_w16.png,f7376060044fad58,16,Field,Noise
train/noise/f7376060044fad58_w20.png,f7376060044fad58,20,Field,Noise
train/noise/f7376060044fad58_w21.png,f7376060044fad58,21,Field,Noise
train/noise/f7376060044fad58_w22.png,f7376060044fad58,22,Field,Noise
train/noise/f7c6ae21894a2e0c_w01.png,f7c6ae21894a2e0c,1,Field,Noise
train/noise/f7c6ae21894a2e0c_w04.png,f7c6ae21894a2e0c,4,Field,Noise
train/noise/f7c6ae21894a2e0c_w05.png,f7c6ae21894a2e0c,5,Field,Noise
train/noise/f7c6ae21894a2e0c_w08.png,f7c6ae21894a2e0c,8,Field,Noise
train/noise/f7c6ae21894a2e0c_w09.png,f7c6ae21894a2e0c,9,Field,Noise
train/noise/f7c6ae21894a2e0c_w10.png,f7c6ae21894a2e0c,10,Field,Noise
train/noise/f7c6ae21894a2e0c_w11.png,f7c6ae21894a2e0c,11,Field,Noise
train/noise/f7c6ae21894a2e0c_w23.png,f7c6ae21894a2e0c,23,Field,Noise
train/noise/f7cd115baa2d0e2c_w01.png,f7cd115baa2d0e2c,1,Field,Noise
train/noise/f7cd115baa2d0e2c_w04.png,f7cd115baa2d0e2c,4,Field,Noise
train/noise/f7cd115baa2d0e2c_w05.png,f7cd115baa2d0e2c,5,Field,Noise
train/noise/f7cd115baa2d0e2c_w06.png,f7cd115baa2d0e2c,6,Field,Noise
train/noise/f7cd115baa2d0e2c_w08.png,f7cd115baa2d0e2c,8,Field,Noise
train/noise/f7cd115baa2d0e2c_w11.png,f7cd115baa2d0e2c,11,Field,Noise
train/noise/f7cd115baa2d0e2c_w14.png,f7cd115baa2d0e2c,14,Field,Noise
train/noise/f7cd115baa2d0e2c_w17.png,f7cd115baa2d0e2c,17,Field,Noise
train/noise/f83f91737d315a8f_w03.png,f83f91737d315a8f,3,Lab,Noise
train/noise/f83f91737d315a8f_w04.png,f83f91737d315a8f,4,Lab,Noise
train/noise/f83f91737d315a8f_w09.png,f83f91737d315a8f,9,Lab,Noise
train/noise/f83f91737d315a8f_w15.png,f83f91737d315a8f,15,Lab,Noise
train/noise/f83f91737d315a8f_w22.png,f83f91737d315a8f,22,Lab,Noise
train/noise/f83f91737d315a8f_w23.png,f83f91737d315a8f,23,Lab,Noise
train/noise/f83f91737d315a8f_w24.png,f83f91737d315a8f,24,Lab,Noise
train/noise/f83f91737d315a8f_w26.png,f83f91737d315a8f,26,Lab,Noise
train/noise/f8886faf6ae5e41e_w06.png,f8886faf6ae5e41e,6,Field,Noise
train/noise/f8886faf6ae5e41e_w09.png,f8886faf6ae5e41e,9,Field,Noise
train/noise/f8886faf6ae5e41e_w10.png,f8886faf6ae5e41e,10,Field,Noise
train/noise/f8886faf6ae5e41e_w17.png,f8886faf6ae5e41e,17,Field,Noise
train/noise/f8886faf6ae5e41e_w19.png,f8886faf6ae5e41e,19,Field,Noise
train/noise/f8886faf6ae5e41e_w22.png,f8886faf6ae5e41e,22,Field,Noise
train/noise/f8886faf6ae5e41e_w23.png,f8886faf6ae5e41e,23,Field,Noise
train/noise/f8886faf6ae5e41e_w24.png,f8886faf6ae5e41e,24,Field,Noise
train/noise/f8b983aa5610165b_w00.png,f8b983aa5610165b,0,Field,Noise
train/noise/f8b983aa5610165b_w02.png,f8b983aa5610165b,2,Field,Noise
train/noise/f8b983aa5610165b_w06.png,f8b983aa5610165b,6,Field,Noise
train/noise/f8b983aa5610165b_w12.png,f8b983aa5610165b,12,Field,Noise
train/noise/f8b983aa5610165b_w14.png,f8b983aa5610165b,14,Field,Noise
train/noise/f8b983aa5610165b_w23.png,f8b983aa5610165b,23,Field,Noise
train/noise/f8b983aa5610165b_w25.png,f8b983aa5610165b,25,Field,Noise
train/noise/f8b983aa5610165b_w26.png,f8b983aa5610165b,26,Field,Noise
train/noise/f9b3cb4e1c7c339b_w02.png,f9b3cb4e1c7c339b,2,Field,Noise
train/noise/f9b3cb4e1c7c339b_w08.png,f9b3cb4e1c7c339b,8,Field,Noise
train/noise/f9b3cb4e1c7c339b_w09.png,f9b3cb4e1c7c339b,9,Field,Noise
train/noise/f9b3cb4e1c7c339b_w14.png,f9b3cb4e1c7c339b,14,Field,Noise
train/noise/f9b3cb4e1c7c339b_w15.png,f9b3cb4e1c7c339b,15,Field,Noise
train/noise/f9b3cb4e1c7c339b_w18.png,f9b3cb4e1c7c339b,18,Field,Noise
train/noise/f9b3cb4e1c7c339b_w20.png,f9b3cb4e1c7c339b,20,Field,Noise
train/noise/f9b3cb4e1c7c339b_w25.png,f9b3cb4e1c7c339b,25,Field,Noise
train/noise/f9def65566de470d_w01.png,f9def65566de470d,1,Field,Noise
train/noise/f9def65566de470d_w10.png,f9def65566de470d,10,Field,Noise
train/noise/f9def65566de470d_w14.png,f9def65566de470d,14,Field,Noise
train/noise/f9def65566de470d_w15.png,f9def65566de470d,15,Field,Noise
train/noise/f9def65566de470d_w17.png,f9def65566de470d,17,Field,Noise
train/noise/f9def65566de470d_w24.png,f9def65566de470d,24,Field,Noise
train/noise/f9def65566de470d_w25.png,f9def65566de470d,25,Field,Noise
train/noise/f9def65566de470d_w26.png,f9def65566de470d,26,Field,Noise
train/noise/fa4187ce20350b9a_w05.png,fa4187ce20350b9a,5,Field,Noise
train/noise/fa4187ce20350b9a_w09.png,fa4187ce20350b9a,9,Field,Noise
train/noise/fa4187ce20350b9a_w10.png,fa4187ce20350b9a,10,Field,Noise
train/noise/fa4187ce20350b9a_w16.png,fa4187ce20350b9a,16,Field,Noise
train/noise/fa4187ce20350b9a_w21.png,fa4187ce20350b9a,21,Field,Noise
train/noise/fa4187ce20350b9a_w22.png,fa4187ce20350b9a,22,Field,Noise
train/noise/fa4187ce20350b9a_w24.png,fa4187ce20350b9a,24,Field,Noise
train/noise/fa4187ce20350b9a_w26.png,fa4187ce20350b9a,26,Field,Noise
train/noise/fab543fdb99f6ea5_w04.png,fab543fdb99f6ea5,4,Field,Noise
train/noise/fab543fdb99f6ea5_w05.png,fab543fdb99f6ea5,5,Field,Noise
train/noise/fab543fdb99f6ea5_w08.png,fab543fdb99f6ea5,8,Field,Noise
train/noise/fab543fdb99f6ea5_w11.png,fab543fdb99f6ea5,11,Field,Noise
train/noise/fab543fdb99f6ea5_w18.png,fab543fdb99f6ea5,18,Field,Noise
train/noise/fab543fdb99f6ea5_w20.png,fab543fdb99f6ea5,20,Field,Noise
train/noise/fab543fdb99f6ea5_w23.png,fab543fdb99f6ea5,23,Field,Noise
train/noise/fab543fdb99f6ea5_w24.png,fab543fdb99f6ea5,24,Field,Noise
train/noise/fb1df535efc5f218_w06.png,fb1df535efc5f218,6,Field,Noise
train/noise/fb1df535efc5f218_w12.png,fb1df535efc5f218,12,Field,Noise
train/noise/fb1df535efc5f218_w13.png,fb1df535efc5f218,13,Field,Noise
train/noise/fb1df535efc5f218_w14.png,fb1df535efc5f218,14,Field,Noise
train/noise/fb1df535efc5f218_w22.png,fb1df535efc5f218,22,Field,Noise
train/noise/fb1df535efc5f218_w23.png,fb1df535efc5f218,23,Field,Noise
train/noise/fb1df535efc5f218_w24.png,fb1df535efc5f218,24,Field,Noise
train/noise/fb1df535efc5f218_w25.png,fb1df535efc5f218,25,Field,Noise
train/noise/fb2137fc20d5b728_w00.png,fb2137fc20d5b728,0,Field,Noise
train/noise/fb2137fc20d5b728_w04.png,fb2137fc20d5b728,4,Field,Noise
train/noise/fb2137fc20d5b728_w08.png,fb2137fc20d5b728,8,Field,Noise
train/noise/fb2137fc20d5b728_w16.png,fb2137fc20d5b728,16,Field,Noise
train/noise/fb2137fc20d5b728_w18.png,fb2137fc20d5b728,18,Field,Noise
train/noise/fb2137fc20d5b728_w21.png,fb2137fc20d5b728,21,Field,Noise
train/noise/fb2137fc20d5b728_w24.png,fb2137fc20d5b728,24,Field,Noise
train/noise/fb2137fc20d5b728_w26.png,fb2137fc20d5b728,26,Field,Noise
train/noise/fb3e6f2854a974f1_w07.png,fb3e6f2854a974f1,7,Field,Noise
train/noise/fb3e6f2854a974f1_w15.png,fb3e6f2854a974f1,15,Field,Noise
train/noise/fb3e6f2854a974f1_w16.png,fb3e6f2854a974f1,16,Field,Noise
train/noise/fb3e6f2854a974f1_w19.png,fb3e6f2854a974f1,19,Field,Noise
train/noise/fb3e6f2854a974f1_w21.png,fb3e6f2854a974f1,21,Field,Noise
train/noise/fb3e6f2854a974f1_w22.png,fb3e6f2854a974f1,22,Field,Noise
train/noise/fb3e6f2854a974f1_w23.png,fb3e6f2854a974f1,23,Field,Noise
train/noise/fb3e6f2854a974f1_w24.png,fb3e6f2854a974f1,24,Field,Noise
train/noise/fc2dbfc79eb8c82d_w02.png,fc2dbfc79eb8c82d,2,Field,Noise
train/noise/fc2dbfc79eb8c82d_w04.png,fc2dbfc79eb8c82d,4,Field,Noise
train/noise/fc2dbfc79eb8c82d_w05.png,fc2dbfc79eb8c82d,5,Field,Noise
train/noise/fc2dbfc79eb8c82d_w07.png,fc2dbfc79eb8c82d,7,Field,Noise
train/noise/fc2dbfc79eb8c82d_w16.png,fc2dbfc79eb8c82d,16,Field,Noise
train/noise/fc2dbfc79eb8c82d_w18.png,fc2dbfc79eb8c82d,18,Field,Noise
train/noise/fc2dbfc79eb8c82d_w24.png,fc2dbfc79eb8c82d,24,Field,Noise
train/noise/fc2dbfc79eb8c82d_w27.png,fc2dbfc79eb8c82d,27,Field,Noise
train/noise/fc3f48a8102c18e1_w05.png,fc3f48a8102c18e1,5,Field,Noise
train/noise/fc3f48a8102c18e1_w09.png,fc3f48a8102c18e1,9,Field,Noise
train/noise/fc3f48a8102c18e1_w13.png,fc3f48a8102c18e1,13,Field,Noise
train/noise/fc3f48a8102c18e1_w16.png,fc3f48a8102c18e1,16,Field,Noise
train/noise/fc3f48a8102c18e1_w17.png,fc3f48a8102c18e1,17,Field,Noise
train/noise/fc3f48a8102c18e1_w21.png,fc3f48a8102c18e1,21,Field,Noise
train/noise/fc3f48a8102c18e1_w22.png,fc3f48a8102c18e1,22,Field,Noise
train/noise/fc3f48a8102c18e1_w23.png,fc3f48a8102c18e1,23,Field,Noise
train/noise/fc4d392f0514ce88_w00.png,fc4d392f0514ce88,0,Field,Noise
train/noise/fc4d392f0514ce88_w04.png,fc4d392f0514ce88,4,Field,Noise
train/noise/fc4d392f0514ce88_w05.png,fc4d392f0514ce88,5,Field,Noise
train/noise/fc4d392f0514ce88_w06.png,fc4d392f0514ce88,6,Field,Noise
train/noise/fc4d392f0514ce88_w16.png,fc4d392f0514ce88,16,Field,Noise
train/noise/fc4d392f0514ce88_w18.png,fc4d392f0514ce88,18,Field,Noise
train/noise/fc4d392f0514ce88_w22.png,fc4d392f0514ce88,22,Field,Noise
train/noise/fc4d392f0514ce88_w26.png,fc4d392f0514ce88,26,Field,Noise
train/noise/fc6a776cad5bcd1d_w00.png,fc6a776cad5bcd1d,0,Field,Noise
train/noise/fc6a776cad5bcd1d_w05.png,fc6a776cad5bcd1d,5,Field,Noise
train/noise/fc6a776cad5bcd1d_w12.png,fc6a776cad5bcd1d,12,Field,Noise
train/noise/fc6a776cad5bcd1d_w13.png,fc6a776cad5bcd1d,13,Field,Noise
train/noise/fc6a776cad5bcd1d_w14.png,fc6a776cad5bcd1d,14,Field,Noise
train/noise/fc6a776cad5bcd1d_w20.png,fc6a776cad5bcd1d,20,Field,Noise
train/noise/fc6a776cad5bcd1d_w23.png,fc6a776cad5bcd1d,23,Field,Noise
train/noise/fc6a776cad5bcd1d_w25.png,fc6a776cad5bcd1d,25,Field,Noise
train/noise/fc6c104a908d5c20_w03.png,fc6c104a908d5c20,3,Field,Noise
train/noise/fc6c104a908d5c20_w04.png,fc6c104a908d5c20,4,Field,Noise
train/noise/fc6c104a908d5c20_w07.png,fc6c104a908d5c20,7,Field,Noise
train/noise/fc6c104a908d5c20_w11.png,fc6c104a908d5c20,11,Field,Noise
train/noise/fc6c104a908d5c20_w13.png,fc6c104a908d5c20,13,Field,Noise
train/noise/fc6c104a908d5c20_w14.png,fc6c104a908d5c20,14,Field,Noise
train/noise/fc6c104a908d5c20_w23.png,fc6c104a908d5c20,23,Field,Noise
train/noise/fc6c104a908d5c20_w24.png,fc6c104a908d5c20,24,Field,Noise
train/noise/fc9acf20e18bf9a7_w07.png,fc9acf20e18bf9a7,7,Field,Noise
train/noise/fc9acf20e18bf9a7_w09.png,fc9acf20e18bf9a7,9,Field,Noise
train/noise/fc9acf20e18bf9a7_w14.png,fc9acf20e18bf9a7,14,Field,Noise
train/noise/fc9acf20e18bf9a7_w16.png,fc9acf20e18bf9a7,16,Field,Noise
train/noise/fc9acf20e18bf9a7_w22.png,fc9acf20e18bf9a7,22,Field,Noise
train/noise/fc9acf20e18bf9a7_w23.png,fc9acf20e18bf9a7,23,Field,Noise
train/noise/fc9acf20e18bf9a7_w24.png,fc9acf20e18bf9a7,24,Field,Noise
train/noise/fc9acf20e18bf9a7_w26.png,fc9acf20e18bf9a7,26,Field,Noise
train/noise/fcdfea32e7a88a5b_w05.png,fcdfea32e7a88a5b,5,Field,Noise
train/noise/fcdfea32e7a88a5b_w07.png,fcdfea32e7a88a5b,7,Field,Noise
train/noise/fcdfea32e7a88a5b_w08.png,fcdfea32e7a88a5b,8,Field,Noise
train/noise/fcdfea32e7a88a5b_w10.png,fcdfea32e7a88a5b,10,Field,Noise
train/noise/fcdfea32e7a88a5b_w12.png,fcdfea32e7a88a5b,12,Field,Noise
train/noise/fcdfea32e7a88a5b_w18.png,fcdfea32e7a88a5b,18,Field,Noise
train/noise/fcdfea32e7a88a5b_w21.png,fcdfea32e7a88a5b,21,Field,Noise
train/noise/fcdfea32e7a88a5b_w22.png,fcdfea32e7a88a5b,22,Field,Noise
train/noise/fd0c20927031e645_w00.png,fd0c20927031e645,0,Field,Noise
train/noise/fd0c20927031e645_w05.png,fd0c20927031e645,5,Field,Noise
train/noise/fd0c20927031e645_w07.png,fd0c20927031e645,7,Field,Noise
train/noise/fd0c20927031e645_w09.png,fd0c20927031e645,9,Field,Noise
train/noise/fd0c20927031e645_w13.png,fd0c20927031e645,13,Field,Noise
train/noise/fd0c20927031e645_w15.png,fd0c20927031e645,15,Field,Noise
train/noise/fd0c20927031e645_w20.png,fd0c20927031e645,20,Field,Noise
train/noise/fd0c20927031e645_w23.png,fd0c20927031e645,23,Field,Noise
train/noise/fd1a74bfbfb9e3c3_w00.png,fd1a74bfbfb9e3c3,0,Field,Noise
train/noise/fd1a74bfbfb9e3c3_w06.png,fd1a74bfbfb9e3c3,6,Field,Noise
train/noise/fd1a74bfbfb9e3c3_w08.png,fd1a74bfbfb9e3c3,8,Field,Noise
train/noise/fd1a74bfbfb9e3c3_w10.png,fd1a74bfbfb9e3c3,10,Field,Noise
train/noise/fd1a74bfbfb9e3c3_w11.png,fd1a74bfbfb9e3c3,11,Field,Noise
train/noise/fd1a74bfbfb9e3c3_w12.png,fd1a74bfbfb9e3c3,12,Field,Noise
train/noise/fd1a74bfbfb9e3c3_w24.png,fd1a74bfbfb9e3c3,24,Field,Noise
train/noise/fd1a74bfbfb9e3c3_w27.png,fd1a74bfbfb9e3c3,27,Field,Noise
train/noise/fdc7cbcedbea7755_w01.png,fdc7cbcedbea7755,1,Lab,Noise
train/noise/fdc7cbcedbea7755_w04.png,fdc7cbcedbea7755,4,Lab,Noise
train/noise/fdc7cbcedbea7755_w10.png,fdc7cbcedbea7755,10,Lab,Noise
train/noise/fdc7cbcedbea7755_w19.png,fdc7cbcedbea7755,19,Lab,Noise
train/noise/fdc7cbcedbea7755_w20.png,fdc7cbcedbea7755,20,Lab,Noise
train/noise/fdc7cbcedbea7755_w22.png,fdc7cbcedbea7755,22,Lab,Noise
train/noise/fdc7cbcedbea7755_w23.png,fdc7cbcedbea7755,23,Lab,Noise
train/noise/fdc7cbcedbea7755_w27.png,fdc7cbcedbea7755,27,Lab,Noise
train/noise/fddc90ee481e96d6_w00.png,fddc90ee481e96d6,0,Field,Noise
train/noise/fddc90ee481e96d6_w06.png,fddc90ee481e96d6,6,Field,Noise
train/noise/fddc90ee481e96d6_w11.png,fddc90ee481e96d6,11,Field,Noise
train/noise/fddc90ee481e96d6_w12.png,fddc90ee481e96d6,12,Field,Noise
train/noise/fddc90ee481e96d6_w15.png,fddc90ee481e96d6,15,Field,Noise
train/noise/fddc90ee481e96d6_w17.png,fddc90ee481e96d6,17,Field,Noise
train/noise/fddc90ee481e96d6_w25.png,fddc90ee481e96d6,25,Field,Noise
train/noise/fddc90ee481e96d6_w27.png,fddc90ee481e96d6,27,Field,Noise
train/noise/fddd0f72517c3278_w00.png,fddd0f72517c3278,0,Field,Noise
train/noise/fddd0f72517c3278_w01.png,fddd0f72517c3278,1,Field,Noise
train/noise/fddd0f72517c3278_w04.png,fddd0f72517c3278,4,Field,Noise
train/noise/fddd0f72517c3278_w07.png,fddd0f72517c3278,7,Field,Noise
train/noise/fddd0f72517c3278_w08.png,fddd0f72517c3278,8,Field,Noise
train/noise/fddd0f72517c3278_w15.png,fddd0f72517c3278,15,Field,Noise
train/noise/fddd0f72517c3278_w17.png,fddd0f72517c3278,17,Field,Noise
train/noise/fddd0f72517c3278_w20.png,fddd0f72517c3278,20,Field,Noise
train/noise/fe3ef3dace813e1f_w01.png,fe3ef3dace813e1f,1,Field,Noise
train/noise/fe3ef3dace813e1f_w04.png,fe3ef3dace813e1f,4,Field,Noise
train/noise/fe3ef3dace813e1f_w09.png,fe3ef3dace813e1f,9,Field,Noise
train/noise/fe3ef3dace813e1f_w13.png,fe3ef3dace813e1f,13,Field,Noise
train/noise/fe3ef3dace813e1f_w15.png,fe3ef3dace813e1f,15,Field,Noise
train/noise/fe3ef3dace813e1f_w18.png,fe3ef3dace813e1f,18,Field,Noise
train/noise/fe3ef3dace813e1f_w21.png,fe3ef3dace813e1f,21,Field,Noise
train/noise/fe3ef3dace813e1f_w23.png,fe3ef3dace813e1f,23,Field,Noise
train/noise/fea4281785ac8036_w03.png,fea4281785ac8036,3,Field,Noise
train/noise/fea4281785ac8036_w04.png,fea4281785ac8036,4,Field,Noise
train/noise/fea4281785ac8036_w10.png,fea4281785ac8036,10,Field,Noise
train/noise/fea4281785ac8036_w15.png,fea4281785ac8036,15,Field,Noise
train/noise/fea4281785ac8036_w16.png,fea4281785ac8036,16,Field,Noise
train/noise/fea4281785ac8036_w19.png,fea4281785ac8036,19,Field,Noise
train/noise/fea4281785ac8036_w21.png,fea4281785ac8036,21,Field,Noise
train/noise/fea4281785ac8036_w22.png,fea4281785ac8036,22,Field,Noise
train/noise/feb4b96a1e408c71_w04.png,feb4b96a1e408c71,4,Field,Noise
train/noise/feb4b96a1e408c71_w06.png,feb4b96a1e408c71,6,Field,Noise
train/noise/feb4b96a1e408c71_w07.png,feb4b96a1e408c71,7,Field,Noise
train/noise/feb4b96a1e408c71_w16.png,feb4b96a1e408c71,16,Field,Noise
train/noise/feb4b96a1e408c71_w18.png,feb4b96a1e408c71,18,Field,Noise
train/noise/feb4b96a1e408c71_w19.png,feb4b96a1e408c71,19,Field,Noise
train/noise/feb4b96a1e408c71_w25.png,feb4b96a1e408c71,25,Field,Noise
train/noise/feb4b96a1e408c71_w27.png,feb4b96a1e408c71,27,Field,Noise
train/noise/feb5ffaab670ae92_w00.png,feb5ffaab670ae92,0,Lab,Noise
train/noise/feb5ffaab670ae92_w03.png,feb5ffaab670ae92,3,Lab,Noise
train/noise/feb5ffaab670ae92_w04.png,feb5ffaab670ae92,4,Lab,Noise
train/noise/feb5ffaab670ae92_w15.png,feb5ffaab670ae92,15,Lab,Noise
train/noise/feb5ffaab670ae92_w17.png,feb5ffaab670ae92,17,Lab,Noise
train/noise/feb5ffaab670ae92_w18.png,feb5ffaab670ae92,18,Lab,Noise
train/noise/feb5ffaab670ae92_w19.png,feb5ffaab670ae92,19,Lab,Noise
train/noise/feb5ffaab670ae92_w24.png,feb5ffaab670ae92,24,Lab,Noise
train/noise/ff2d33d9913e6aa4_w01.png,ff2d33d9913e6aa4,1,Field,Noise
train/noise/ff2d33d9913e6aa4_w03.png,ff2d33d9913e6aa4,3,Field,Noise
train/noise/ff2d33d9913e6aa4_w07.png,ff2d33d9913e6aa4,7,Field,Noise
train/noise/ff2d33d9913e6aa4_w12.png,ff2d33d9913e6aa4,12,Field,Noise
train/noise/ff2d33d9913e6aa4_w13.png,ff2d33d9913e6aa4,13,Field,Noise
train/noise/ff2d33d9913e6aa4_w14.png,ff2d33d9913e6aa4,14,Field,Noise
train/noise/ff2d33d9913e6aa4_w17.png,ff2d33d9913e6aa4,17,Field,Noise
train/noise/ff2d33d9913e6aa4_w22.png,ff2d33d9913e6aa4,22,Field,Noise
train/noise/ff8440744f4a3262_w03.png,ff8440744f4a3262,3,Field,Noise
train/noise/ff8440744f4a3262_w07.png,ff8440744f4a3262,7,Field,Noise
train/noise/ff8440744f4a3262_w11.png,ff8440744f4a3262,11,Field,Noise
train/noise/ff8440744f4a3262_w12.png,ff8440744f4a3262,12,Field,Noise
train/noise/ff8440744f4a3262_w16.png,ff8440744f4a3262,16,Field,Noise
train/noise/ff8440744f4a3262_w17.png,ff8440744f4a3262,17,Field,Noise
train/noise/ff8440744f4a3262_w20.png,ff8440744f4a3262,20,Field,Noise
train/noise/ff8440744f4a3262_w24.png,ff8440744f4a3262,24,Field,Noise
