image_path,sample_id,window_idx,domain,label
train/noise/001568d14bfb264d_w02.png,001568d14bfb264d,2,Field,Noise
train/noise/001568d14bfb264d_w21.png,001568d14bfb264d,21,Field,Noise
train/noise/002471f3fcbacb0f_w11.png,002471f3fcbacb0f,11,Field,Noise
train/noise/002471f3fcbacb0f_w12.png,002471f3fcbacb0f,12,Field,Noise
train/noise/00735a963743eb60_w02.png,00735a963743eb60,2,Field,Noise
train/noise/00735a963743eb60_w19.png,00735a963743eb60,19,Field,Noise
train/noise/00b727195f9c1b69_w02.png,00b727195f9c1b69,2,Field,Noise
train/noise/00b727195f9c1b69_w14.png,00b727195f9c1b69,14,Field,Noise
train/noise/00c5c9534e5b054b_w19.png,00c5c9534e5b054b,19,Field,Noise
train/noise/00c5c9534e5b054b_w21.png,00c5c9534e5b054b,21,Field,Noise
train/noise/00cd084c581944e4_w14.png,00cd084c581944e4,14,Field,Noise
train/noise/00cd084c581944e4_w21.png,00cd084c581944e4,21,Field,Noise
train/noise/00ed5017f66573dc_w12.png,00ed5017f66573dc,12,Field,Noise
train/noise/00ed5017f66573dc_w22.png,00ed5017f66573dc,22,Field,Noise
train/noise/0141913eaea5b3cf_w05.png,0141913eaea5b3cf,5,Lab,Noise
train/noise/0141913eaea5b3cf_w10.png,0141913eaea5b3cf,10,Lab,Noise
train/noise/01d834b201436cc2_w18.png,01d834b201436cc2,18,Field,Noise
train/noise/01d834b201436cc2_w21.png,01d834b201436cc2,21,Field,Noise
train/noise/02ecfd4d87feb9ed_w15.png,02ecfd4d87feb9ed,15,Field,Noise
train/noise/02ecfd4d87feb9ed_w22.png,02ecfd4d87feb9ed,22,Field,Noise
train/noise/02f213ee3eaae262_w06.png,02f213ee3eaae262,6,Field,Noise
train/noise/02f213ee3eaae262_w12.png,02f213ee3eaae262,12,Field,Noise
train/noise/02f4bb7b47ed9639_w14.png,02f4bb7b47ed9639,14,Lab,Noise
train/noise/02f4bb7b47ed9639_w24.png,02f4bb7b47ed9639,24,Lab,Noise
train/noise/033820c1cb6a2e9a_w23.png,033820c1cb6a2e9a,23,Field,Noise
train/noise/033820c1cb6a2e9a_w27.png,033820c1cb6a2e9a,27,Field,Noise
train/noise/034899569be3cb26_w04.png,034899569be3cb26,4,Field,Noise
train/noise/034899569be3cb26_w17.png,034899569be3cb26,17,Field,Noise
train/noise/03751e1c73153b1c_w09.png,03751e1c73153b1c,9,Field,Noise
train/noise/03751e1c73153b1c_w18.png,03751e1c73153b1c,18,Field,Noise
train/noise/039ec3feb4fd4ad2_w12.png,039ec3feb4fd4ad2,12,Field,Noise
train/noise/039ec3feb4fd4ad2_w26.png,039ec3feb4fd4ad2,26,Field,Noise
train/noise/0404f62d0c05083c_w18.png,0404f62d0c05083c,18,Field,Noise
train/noise/0404f62d0c05083c_w21.png,0404f62d0c05083c,21,Field,Noise
train/noise/041ae2cd3f93f54d_w05.png,041ae2cd3f93f54d,5,Field,Noise
train/noise/041ae2cd3f93f54d_w10.png,041ae2cd3f93f54d,10,Field,Noise
train/noise/04302ea872fd9c22_w01.png,04302ea872fd9c22,1,Field,Noise
train/noise/04302ea872fd9c22_w13.png,04302ea872fd9c22,13,Field,Noise
train/noise/0449ec6e0a42eb6c_w04.png,0449ec6e0a42eb6c,4,Field,Noise
train/noise/0449ec6e0a42eb6c_w20.png,0449ec6e0a42eb6c,20,Field,Noise
train/noise/0485a2a024f8d2fc_w20.png,0485a2a024f8d2fc,20,Field,Noise
train/noise/0485a2a024f8d2fc_w24.png,0485a2a024f8d2fc,24,Field,Noise
train/noise/0490210ca168eb67_w11.png,0490210ca168eb67,11,Field,Noise
train/noise/0490210ca168eb67_w26.png,0490210ca168eb67,26,Field,Noise
train/noise/04a3d2a4210f462a_w10.png,04a3d2a4210f462a,10,Field,Noise
train/noise/04a3d2a4210f462a_w24.png,04a3d2a4210f462a,24,Field,Noise
train/noise/04d989413ae82a35_w12.png,04d989413ae82a35,12,Field,Noise
train/noise/04d989413ae82a35_w22.png,04d989413ae82a35,22,Field,Noise
train/noise/050f0fc4f5999a1b_w03.png,050f0fc4f5999a1b,3,Lab,Noise
train/noise/050f0fc4f5999a1b_w12.png,050f0fc4f5999a1b,12,Lab,Noise
train/noise/051c6e9fdc436442_w09.png,051c6e9fdc436442,9,Lab,Noise
train/noise/051c6e9fdc436442_w12.png,051c6e9fdc436442,12,Lab,Noise
train/noise/05454ec1ded87bd2_w15.png,05454ec1ded87bd2,15,Lab,Noise
train/noise/05454ec1ded87bd2_w18.png,05454ec1ded87bd2,18,Lab,Noise
train/noise/05a1bb143abc9243_w04.png,05a1bb143abc9243,4,Field,Noise
train/noise/05a1bb143abc9243_w11.png,05a1bb143abc9243,11,Field,Noise
train/noise/06175ecd890fb7af_w17.png,06175ecd890fb7af,17,Field,Noise
train/noise/06175ecd890fb7af_w19.png,06175ecd890fb7af,19,Field,Noise
train/noise/062d9a217b2c70ae_w08.png,062d9a217b2c70ae,8,Field,Noise
train/noise/062d9a217b2c70ae_w21.png,062d9a217b2c70ae,21,Field,Noise
train/noise/067a7f0a8354e2b1_w11.png,067a7f0a8354e2b1,11,Field,Noise
train/noise/067a7f0a8354e2b1_w22.png,067a7f0a8354e2b1,22,Field,Noise
train/noise/06da8eeede77219d_w10.png,06da8eeede77219d,10,Field,Noise
train/noise/06da8eeede77219d_w25.png,06da8eeede77219d,25,Field,Noise
train/noise/08b1439c42371a4b_w06.png,08b1439c42371a4b,6,Field,Noise
train/noise/08b1439c42371a4b_w19.png,08b1439c42371a4b,19,Field,Noise
train/noise/08c970fab0a8a778_w03.png,08c970fab0a8a778,3,Lab,Noise
train/noise/08c970fab0a8a778_w23.png,08c970fab0a8a778,23,Lab,Noise
train/noise/09786fa8d6e7a506_w00.png,09786fa8d6e7a506,0,Field,Noise
train/noise/09786fa8d6e7a506_w21.png,09786fa8d6e7a506,21,Field,Noise
train/noise/09ae387a65b7509c_w21.png,09ae387a65b7509c,21,Field,Noise
train/noise/09ae387a65b7509c_w27.png,09ae387a65b7509c,27,Field,Noise
train/noise/0a1d17053e6b17f6_w12.png,0a1d17053e6b17f6,12,Lab,Noise
train/noise/0a1d17053e6b17f6_w19.png,0a1d17053e6b17f6,19,Lab,Noise
train/noise/0acd3e3d58b4f272_w15.png,0acd3e3d58b4f272,15,Field,Noise
train/noise/0acd3e3d58b4f272_w21.png,0acd3e3d58b4f272,21,Field,Noise
train/noise/0b0d2c02d539bd29_w13.png,0b0d2c02d539bd29,13,Field,Noise
train/noise/0b0d2c02d539bd29_w15.png,0b0d2c02d539bd29,15,Field,Noise
train/noise/0b0e5bf1047ada9a_w03.png,0b0e5bf1047ada9a,3,Field,Noise
train/noise/0b0e5bf1047ada9a_w06.png,0b0e5bf1047ada9a,6,Field,Noise
train/noise/0b9cf4ddff8bea51_w11.png,0b9cf4ddff8bea51,11,Field,Noise
train/noise/0b9cf4ddff8bea51_w18.png,0b9cf4ddff8bea51,18,Field,Noise
train/noise/0c065fddb0199136_w12.png,0c065fddb0199136,12,Field,Noise
train/noise/0c065fddb0199136_w23.png,0c065fddb0199136,23,Field,Noise
train/noise/0c7ecfbd750a6a56_w02.png,0c7ecfbd750a6a56,2,Field,Noise
train/noise/0c7ecfbd750a6a56_w21.png,0c7ecfbd750a6a56,21,Field,Noise
train/noise/0c81c23296c3b960_w15.png,0c81c23296c3b960,15,Field,Noise
train/noise/0c81c23296c3b960_w17.png,0c81c23296c3b960,17,Field,Noise
train/noise/0c9902bd009944d0_w02.png,0c9902bd009944d0,2,Field,Noise
train/noise/0c9902bd009944d0_w15.png,0c9902bd009944d0,15,Field,Noise
train/noise/0cc891c5a2c22d17_w08.png,0cc891c5a2c22d17,8,Field,Noise
train/noise/0cc891c5a2c22d17_w16.png,0cc891c5a2c22d17,16,Field,Noise
train/noise/0d6d4fcc0fad030b_w09.png,0d6d4fcc0fad030b,9,Field,Noise
train/noise/0d6d4fcc0fad030b_w12.png,0d6d4fcc0fad030b,12,Field,Noise
train/noise/0d95b3bc32e7ae09_w05.png,0d95b3bc32e7ae09,5,Field,Noise
train/noise/0d95b3bc32e7ae09_w07.png,0d95b3bc32e7ae09,7,Field,Noise
train/noise/0d9df5189589ccb7_w23.png,0d9df5189589ccb7,23,Field,Noise
train/noise/0d9df5189589ccb7_w26.png,0d9df5189589ccb7,26,Field,Noise
train/noise/0de0d12bd5a85f15_w06.png,0de0d12bd5a85f15,6,Field,Noise
train/noise/0de0d12bd5a85f15_w23.png,0de0d12bd5a85f15,23,Field,Noise
train/noise/0e3ef95345288e4f_w07.png,0e3ef95345288e4f,7,Lab,Noise
train/noise/0e3ef95345288e4f_w23.png,0e3ef95345288e4f,23,Lab,Noise
train/noise/0e9ab03b2c92c716_w07.png,0e9ab03b2c92c716,7,Field,Noise
train/noise/0e9ab03b2c92c716_w12.png,0e9ab03b2c92c716,12,Field,Noise
train/noise/0e9bbf7650e344be_w03.png,0e9bbf7650e344be,3,Field,Noise
train/noise/0e9bbf7650e344be_w15.png,0e9bbf7650e344be,15,Field,Noise
train/noise/0ea907e0b449e1c4_w21.png,0ea907e0b449e1c4,21,Lab,Noise
train/noise/0ea907e0b449e1c4_w27.png,0ea907e0b449e1c4,27,Lab,Noise
train/noise/0eace51d7c833d4b_w11.png,0eace51d7c833d4b,11,Field,Noise
train/noise/0eace51d7c833d4b_w27.png,0eace51d7c833d4b,27,Field,Noise
train/noise/0eba3a92bc21f301_w08.png,0eba3a92bc21f301,8,Field,Noise
train/noise/0eba3a92bc21f301_w21.png,0eba3a92bc21f301,21,Field,Noise
train/noise/0ebf148bc7f8ce0c_w00.png,0ebf148bc7f8ce0c,0,Field,Noise
train/noise/0ebf148bc7f8ce0c_w09.png,0ebf148bc7f8ce0c,9,Field,Noise
train/noise/0ed0546f71d3eb27_w02.png,0ed0546f71d3eb27,2,Field,Noise
train/noise/0ed0546f71d3eb27_w21.png,0ed0546f71d3eb27,21,Field,Noise
train/noise/0f57e638177c91d6_w12.png,0f57e638177c91d6,12,Field,Noise
train/noise/0f57e638177c91d6_w18.png,0f57e638177c91d6,18,Field,Noise
train/noise/0fde3333e66e97da_w04.png,0fde3333e66e97da,4,Field,Noise
train/noise/0fde3333e66e97da_w25.png,0fde3333e66e97da,25,Field,Noise
train/noise/0fe1cb5fab7d135e_w04.png,0fe1cb5fab7d135e,4,Field,Noise
train/noise/0fe1cb5fab7d135e_w25.png,0fe1cb5fab7d135e,25,Field,Noise
train/noise/1049fce6cc040bec_w13.png,1049fce6cc040bec,13,Field,Noise
train/noise/1049fce6cc040bec_w18.png,1049fce6cc040bec,18,Field,Noise
train/noise/10587e228fb47ec2_w04.png,10587e228fb47ec2,4,Field,Noise
train/noise/10587e228fb47ec2_w10.png,10587e228fb47ec2,10,Field,Noise
train/noise/10d8fbeb6f34644d_w08.png,10d8fbeb6f34644d,8,Field,Noise
train/noise/10d8fbeb6f34644d_w19.png,10d8fbeb6f34644d,19,Field,Noise
train/noise/11030131c79bb7a4_w10.png,11030131c79bb7a4,10,Field,Noise
train/noise/11030131c79bb7a4_w16.png,11030131c79bb7a4,16,Field,Noise
train/noise/111d78ffcfb72804_w02.png,111d78ffcfb72804,2,Field,Noise
train/noise/111d78ffcfb72804_w09.png,111d78ffcfb72804,9,Field,Noise
train/noise/112ecd97e76f9389_w09.png,112ecd97e76f9389,9,Field,Noise
train/noise/112ecd97e76f9389_w26.png,112ecd97e76f9389,26,Field,Noise
train/noise/11a26a24856d3fae_w13.png,11a26a24856d3fae,13,Field,Noise
train/noise/11a26a24856d3fae_w24.png,11a26a24856d3fae,24,Field,Noise
train/noise/11cf8ed215ebd899_w07.png,11cf8ed215ebd899,7,Field,Noise
train/noise/11cf8ed215ebd899_w12.png,11cf8ed215ebd899,12,Field,Noise
train/noise/120ec420643dfe9a_w07.png,120ec420643dfe9a,7,Lab,Noise
train/noise/120ec420643dfe9a_w26.png,120ec420643dfe9a,26,Lab,Noise
train/noise/1238951467278080_w07.png,1238951467278080,7,Field,Noise
train/noise/1238951467278080_w20.png,1238951467278080,20,Field,Noise
train/noise/124b9d7ff52f3661_w12.png,124b9d7ff52f3661,12,Field,Noise
train/noise/124b9d7ff52f3661_w20.png,124b9d7ff52f3661,20,Field,Noise
train/noise/1284e77e210e2a38_w02.png,1284e77e210e2a38,2,Field,Noise
train/noise/1284e77e210e2a38_w27.png,1284e77e210e2a38,27,Field,Noise
train/noise/128c643476610080_w03.png,128c643476610080,3,Field,Noise
train/noise/128c643476610080_w24.png,128c643476610080,24,Field,Noise
train/noise/12cbf0c7ac33bd19_w05.png,12cbf0c7ac33bd19,5,Field,Noise
train/noise/12cbf0c7ac33bd19_w19.png,12cbf0c7ac33bd19,19,Field,Noise
train/noise/12d2902d9fbf99d7_w08.png,12d2902d9fbf99d7,8,Field,Noise
train/noise/12d2902d9fbf99d7_w22.png,12d2902d9fbf99d7,22,Field,Noise
train/noise/12dd322e7e08776a_w04.png,12dd322e7e08776a,4,Field,Noise
train/noise/12dd322e7e08776a_w14.png,12dd322e7e08776a,14,Field,Noise
train/noise/12e31a2ea78d1713_w00.png,12e31a2ea78d1713,0,Lab,Noise
train/noise/12e31a2ea78d1713_w23.png,12e31a2ea78d1713,23,Lab,Noise
train/noise/132e9448ab1a8077_w13.png,132e9448ab1a8077,13,Field,Noise
train/noise/132e9448ab1a8077_w20.png,132e9448ab1a8077,20,Field,Noise
train/noise/136ce83b4d77955d_w08.png,136ce83b4d77955d,8,Field,Noise
train/noise/136ce83b4d77955d_w11.png,136ce83b4d77955d,11,Field,Noise
train/noise/138a90ea1e8c51d8_w03.png,138a90ea1e8c51d8,3,Field,Noise
train/noise/138a90ea1e8c51d8_w16.png,138a90ea1e8c51d8,16,Field,Noise
train/noise/13acd94ccc9bdd5e_w17.png,13acd94ccc9bdd5e,17,Field,Noise
train/noise/13acd94ccc9bdd5e_w27.png,13acd94ccc9bdd5e,27,Field,Noise
train/noise/13add92bdd56b5ba_w11.png,13add92bdd56b5ba,11,Field,Noise
train/noise/13add92bdd56b5ba_w20.png,13add92bdd56b5ba,20,Field,Noise
train/noise/141a9fb419c3d9ce_w01.png,141a9fb419c3d9ce,1,Field,Noise
train/noise/141a9fb419c3d9ce_w05.png,141a9fb419c3d9ce,5,Field,Noise
train/noise/1542aa49a21a9998_w05.png,1542aa49a21a9998,5,Field,Noise
train/noise/1542aa49a21a9998_w09.png,1542aa49a21a9998,9,Field,Noise
train/noise/1562d0b85170809e_w03.png,1562d0b85170809e,3,Field,Noise
train/noise/1562d0b85170809e_w18.png,1562d0b85170809e,18,Field,Noise
train/noise/15819c9c849cda84_w04.png,15819c9c849cda84,4,Field,Noise
train/noise/15819c9c849cda84_w16.png,15819c9c849cda84,16,Field,Noise
train/noise/15b1ac55947638ab_w04.png,15b1ac55947638ab,4,Field,Noise
train/noise/15b1ac55947638ab_w08.png,15b1ac55947638ab,8,Field,Noise
train/noise/16b319f214511877_w16.png,16b319f214511877,16,Field,Noise
train/noise/16b319f214511877_w26.png,16b319f214511877,26,Field,Noise
train/noise/16bf2a4b9afeb694_w09.png,16bf2a4b9afeb694,9,Field,Noise
train/noise/16bf2a4b9afeb694_w17.png,16bf2a4b9afeb694,17,Field,Noise
train/noise/16dcf50546719158_w00.png,16dcf50546719158,0,Field,Noise
train/noise/16dcf50546719158_w07.png,16dcf50546719158,7,Field,Noise
train/noise/16ff9056774275dc_w11.png,16ff9056774275dc,11,Field,Noise
train/noise/16ff9056774275dc_w25.png,16ff9056774275dc,25,Field,Noise
train/noise/17371ce5ab246c9d_w12.png,17371ce5ab246c9d,12,Lab,Noise
train/noise/17371ce5ab246c9d_w21.png,17371ce5ab246c9d,21,Lab,Noise
train/noise/1737576a3887f2ab_w02.png,1737576a3887f2ab,2,Field,Noise
train/noise/1737576a3887f2ab_w07.png,1737576a3887f2ab,7,Field,Noise
train/noise/17b1991261da06f1_w13.png,17b1991261da06f1,13,Field,Noise
train/noise/17b1991261da06f1_w18.png,17b1991261da06f1,18,Field,Noise
train/noise/17c73f78609ee931_w04.png,17c73f78609ee931,4,Field,Noise
train/noise/17c73f78609ee931_w25.png,17c73f78609ee931,25,Field,Noise
train/noise/17ec6355a168f8b0_w13.png,17ec6355a168f8b0,13,Field,Noise
train/noise/17ec6355a168f8b0_w14.png,17ec6355a168f8b0,14,Field,Noise
train/noise/1854f6a194d4d93f_w07.png,1854f6a194d4d93f,7,Lab,Noise
train/noise/1854f6a194d4d93f_w26.png,1854f6a194d4d93f,26,Lab,Noise
train/noise/18f72d19b6d090c9_w14.png,18f72d19b6d090c9,14,Field,Noise
train/noise/18f72d19b6d090c9_w27.png,18f72d19b6d090c9,27,Field,Noise
train/noise/196afbe139852268_w07.png,196afbe139852268,7,Field,Noise
train/noise/196afbe139852268_w11.png,196afbe139852268,11,Field,Noise
train/noise/197aef53671adfab_w09.png,197aef53671adfab,9,Lab,Noise
train/noise/197aef53671adfab_w23.png,197aef53671adfab,23,Lab,Noise
train/noise/19ba0de9aecdd5d2_w15.png,19ba0de9aecdd5d2,15,Field,Noise
train/noise/19ba0de9aecdd5d2_w24.png,19ba0de9aecdd5d2,24,Field,Noise
train/noise/19f0f99e4a34238d_w08.png,19f0f99e4a34238d,8,Field,Noise
train/noise/19f0f99e4a34238d_w15.png,19f0f99e4a34238d,15,Field,Noise
train/noise/19f53ac754a1c154_w02.png,19f53ac754a1c154,2,Field,Noise
train/noise/19f53ac754a1c154_w18.png,19f53ac754a1c154,18,Field,Noise
train/noise/1a3010cbbd8b08e5_w03.png,1a3010cbbd8b08e5,3,Field,Noise
train/noise/1a3010cbbd8b08e5_w07.png,1a3010cbbd8b08e5,7,Field,Noise
train/noise/1a654485452c6615_w17.png,1a654485452c6615,17,Lab,Noise
train/noise/1a654485452c6615_w20.png,1a654485452c6615,20,Lab,Noise
train/noise/1a727cef2dd68398_w21.png,1a727cef2dd68398,21,Field,Noise
train/noise/1a727cef2dd68398_w25.png,1a727cef2dd68398,25,Field,Noise
train/noise/1ac847778ebc5784_w02.png,1ac847778ebc5784,2,Lab,Noise
train/noise/1ac847778ebc5784_w17.png,1ac847778ebc5784,17,Lab,Noise
train/noise/1b473a87c8311ced_w06.png,1b473a87c8311ced,6,Field,Noise
train/noise/1b473a87c8311ced_w26.png,1b473a87c8311ced,26,Field,Noise
train/noise/1b4efbc1f443330c_w01.png,1b4efbc1f443330c,1,Field,Noise
train/noise/1b4efbc1f443330c_w03.png,1b4efbc1f443330c,3,Field,Noise
train/noise/1b73a42096e9bcee_w10.png,1b73a42096e9bcee,10,Field,Noise
train/noise/1b73a42096e9bcee_w14.png,1b73a42096e9bcee,14,Field,Noise
train/noise/1b9b18b0dd3cc129_w12.png,1b9b18b0dd3cc129,12,Field,Noise
train/noise/1b9b18b0dd3cc129_w22.png,1b9b18b0dd3cc129,22,Field,Noise
train/noise/1c3ea257bad89bc0_w08.png,1c3ea257bad89bc0,8,Field,Noise
train/noise/1c3ea257bad89bc0_w26.png,1c3ea257bad89bc0,26,Field,Noise
train/noise/1cd1b5f8cbdf1eb7_w17.png,1cd1b5f8cbdf1eb7,17,Field,Noise
train/noise/1cd1b5f8cbdf1eb7_w25.png,1cd1b5f8cbdf1eb7,25,Field,Noise
train/noise/1d21e820df124af0_w14.png,1d21e820df124af0,14,Field,Noise
train/noise/1d21e820df124af0_w16.png,1d21e820df124af0,16,Field,Noise
train/noise/1d8b7dc535ed83ac_w06.png,1d8b7dc535ed83ac,6,Field,Noise
train/noise/1d8b7dc535ed83ac_w27.png,1d8b7dc535ed83ac,27,Field,Noise
train/noise/1da17e91acbf15fd_w04.png,1da17e91acbf15fd,4,Field,Noise
train/noise/1da17e91acbf15fd_w27.png,1da17e91acbf15fd,27,Field,Noise
train/noise/1dbd19e2ae04ba2b_w01.png,1dbd19e2ae04ba2b,1,Field,Noise
train/noise/1dbd19e2ae04ba2b_w08.png,1dbd19e2ae04ba2b,8,Field,Noise
train/noise/1dcc1b1dda42fcde_w26.png,1dcc1b1dda42fcde,26,Field,Noise
train/noise/1dcc1b1dda42fcde_w27.png,1dcc1b1dda42fcde,27,Field,Noise
train/noise/1deb9bbf56251391_w02.png,1deb9bbf56251391,2,Field,Noise
train/noise/1deb9bbf56251391_w24.png,1deb9bbf56251391,24,Field,Noise
train/noise/1e1ae31740519907_w22.png,1e1ae31740519907,22,Field,Noise
train/noise/1e1ae31740519907_w24.png,1e1ae31740519907,24,Field,Noise
train/noise/1e5179d67ab37dd8_w03.png,1e5179d67ab37dd8,3,Field,Noise
train/noise/1e5179d67ab37dd8_w24.png,1e5179d67ab37dd8,24,Field,Noise
train/noise/1e7cf68658ad92ea_w08.png,1e7cf68658ad92ea,8,Field,Noise
train/noise/1e7cf68658ad92ea_w12.png,1e7cf68658ad92ea,12,Field,Noise
train/noise/1ebbc8c9d0c253c5_w09.png,1ebbc8c9d0c253c5,9,Field,Noise
train/noise/1ebbc8c9d0c253c5_w20.png,1ebbc8c9d0c253c5,20,Field,Noise
train/noise/1ec586e62c5675b8_w10.png,1ec586e62c5675b8,10,Field,Noise
train/noise/1ec586e62c5675b8_w11.png,1ec586e62c5675b8,11,Field,Noise
train/noise/1ecef12ee420216f_w02.png,1ecef12ee420216f,2,Field,Noise
train/noise/1ecef12ee420216f_w20.png,1ecef12ee420216f,20,Field,Noise
train/noise/1fd0d595cabbdf49_w07.png,1fd0d595cabbdf49,7,Field,Noise
train/noise/1fd0d595cabbdf49_w10.png,1fd0d595cabbdf49,10,Field,Noise
train/noise/1fee6bce7734cb35_w25.png,1fee6bce7734cb35,25,Field,Noise
train/noise/1fee6bce7734cb35_w26.png,1fee6bce7734cb35,26,Field,Noise
train/noise/20bfe200070f00f7_w00.png,20bfe200070f00f7,0,Field,Noise
train/noise/20bfe200070f00f7_w03.png,20bfe200070f00f7,3,Field,Noise
train/noise/20ceaecd9694eecb_w22.png,20ceaecd9694eecb,22,Lab,Noise
train/noise/20ceaecd9694eecb_w24.png,20ceaecd9694eecb,24,Lab,Noise
train/noise/229708181ced27d8_w05.png,229708181ced27d8,5,Field,Noise
train/noise/229708181ced27d8_w20.png,229708181ced27d8,20,Field,Noise
train/noise/22a31d2665f2d725_w16.png,22a31d2665f2d725,16,Field,Noise
train/noise/22a31d2665f2d725_w20.png,22a31d2665f2d725,20,Field,Noise
train/noise/22fff19114f0cf4a_w01.png,22fff19114f0cf4a,1,Field,Noise
train/noise/22fff19114f0cf4a_w05.png,22fff19114f0cf4a,5,Field,Noise
train/noise/239e01b7d50314d5_w08.png,239e01b7d50314d5,8,Field,Noise
train/noise/239e01b7d50314d5_w27.png,239e01b7d50314d5,27,Field,Noise
train/noise/23c2d13b8fdfc4a1_w08.png,23c2d13b8fdfc4a1,8,Field,Noise
train/noise/23c2d13b8fdfc4a1_w27.png,23c2d13b8fdfc4a1,27,Field,Noise
train/noise/23ec8b14745fa51f_w12.png,23ec8b14745fa51f,12,Field,Noise
train/noise/23ec8b14745fa51f_w13.png,23ec8b14745fa51f,13,Field,Noise
train/noise/2408071a43a7de94_w00.png,2408071a43a7de94,0,Field,Noise
train/noise/2408071a43a7de94_w25.png,2408071a43a7de94,25,Field,Noise
train/noise/2411bf1a03947c7d_w06.png,2411bf1a03947c7d,6,Field,Noise
train/noise/2411bf1a03947c7d_w07.png,2411bf1a03947c7d,7,Field,Noise
train/noise/243a4f8060dd8257_w00.png,243a4f8060dd8257,0,Field,Noise
train/noise/243a4f8060dd8257_w18.png,243a4f8060dd8257,18,Field,Noise
train/noise/2459660804e42d19_w03.png,2459660804e42d19,3,Field,Noise
train/noise/2459660804e42d19_w08.png,2459660804e42d19,8,Field,Noise
train/noise/25e23d2292847dde_w19.png,25e23d2292847dde,19,Lab,Noise
train/noise/25e23d2292847dde_w25.png,25e23d2292847dde,25,Lab,Noise
train/noise/260df4f2a1a28528_w11.png,260df4f2a1a28528,11,Lab,Noise
train/noise/260df4f2a1a28528_w15.png,260df4f2a1a28528,15,Lab,Noise
train/noise/2655e4c2f6507a88_w22.png,2655e4c2f6507a88,22,Field,Noise
train/noise/2655e4c2f6507a88_w23.png,2655e4c2f6507a88,23,Field,Noise
train/noise/26b6619b874271d6_w02.png,26b6619b874271d6,2,Field,Noise
train/noise/26b6619b874271d6_w19.png,26b6619b874271d6,19,Field,Noise
train/noise/26c2f3fe3f4c8419_w03.png,26c2f3fe3f4c8419,3,Field,Noise
train/noise/26c2f3fe3f4c8419_w22.png,26c2f3fe3f4c8419,22,Field,Noise
train/noise/26e72bb7a0adbf02_w03.png,26e72bb7a0adbf02,3,Lab,Noise
train/noise/26e72bb7a0adbf02_w15.png,26e72bb7a0adbf02,15,Lab,Noise
train/noise/26f3f1fd32995b55_w02.png,26f3f1fd32995b55,2,Field,Noise
train/noise/26f3f1fd32995b55_w11.png,26f3f1fd32995b55,11,Field,Noise
train/noise/273ae74be4843435_w03.png,273ae74be4843435,3,Field,Noise
train/noise/273ae74be4843435_w08.png,273ae74be4843435,8,Field,Noise
train/noise/276190d7e773e3e4_w13.png,276190d7e773e3e4,13,Field,Noise
train/noise/276190d7e773e3e4_w18.png,276190d7e773e3e4,18,Field,Noise
train/noise/27ec8071ea7506bd_w14.png,27ec8071ea7506bd,14,Field,Noise
train/noise/27ec8071ea7506bd_w25.png,27ec8071ea7506bd,25,Field,Noise
train/noise/29113acdf8fb777b_w25.png,29113acdf8fb777b,25,Field,Noise
train/noise/29113acdf8fb777b_w27.png,29113acdf8fb777b,27,Field,Noise
train/noise/2992ac2c2353e73d_w00.png,2992ac2c2353e73d,0,Lab,Noise
train/noise/2992ac2c2353e73d_w16.png,2992ac2c2353e73d,16,Lab,Noise
train/noise/299f60d58530a2e3_w04.png,299f60d58530a2e3,4,Lab,Noise
train/noise/299f60d58530a2e3_w17.png,299f60d58530a2e3,17,Lab,Noise
train/noise/29af74cbc5f0cf05_w02.png,29af74cbc5f0cf05,2,Lab,Noise
train/noise/29af74cbc5f0cf05_w20.png,29af74cbc5f0cf05,20,Lab,Noise
train/noise/29d33cbc85ce18ed_w11.png,29d33cbc85ce18ed,11,Field,Noise
train/noise/29d33cbc85ce18ed_w20.png,29d33cbc85ce18ed,20,Field,Noise
train/noise/2a188a04afe0efbd_w04.png,2a188a04afe0efbd,4,Field,Noise
train/noise/2a188a04afe0efbd_w26.png,2a188a04afe0efbd,26,Field,Noise
train/noise/2a3c657bfe0bd66e_w04.png,2a3c657bfe0bd66e,4,Field,Noise
train/noise/2a3c657bfe0bd66e_w26.png,2a3c657bfe0bd66e,26,Field,Noise
train/noise/2ab249945173f166_w12.png,2ab249945173f166,12,Field,Noise
train/noise/2ab249945173f166_w21.png,2ab249945173f166,21,Field,Noise
train/noise/2ab67b97ae3c9194_w17.png,2ab67b97ae3c9194,17,Field,Noise
train/noise/2ab67b97ae3c9194_w21.png,2ab67b97ae3c9194,21,Field,Noise
train/noise/2abe13208635f716_w00.png,2abe13208635f716,0,Field,Noise
train/noise/2abe13208635f716_w18.png,2abe13208635f716,18,Field,Noise
train/noise/2b19f574cc511718_w07.png,2b19f574cc511718,7,Field,Noise
train/noise/2b19f574cc511718_w23.png,2b19f574cc511718,23,Field,Noise
train/noise/2b5a918896211e1e_w12.png,2b5a918896211e1e,12,Lab,Noise
train/noise/2b5a918896211e1e_w21.png,2b5a918896211e1e,21,Lab,Noise
train/noise/2b7c9ed556aa2ab6_w09.png,2b7c9ed556aa2ab6,9,Field,Noise
train/noise/2b7c9ed556aa2ab6_w14.png,2b7c9ed556aa2ab6,14,Field,Noise
train/noise/2bca2655eea906ba_w16.png,2bca2655eea906ba,16,Field,Noise
train/noise/2bca2655eea906ba_w26.png,2bca2655eea906ba,26,Field,Noise
train/noise/2bf4a85686a25f93_w16.png,2bf4a85686a25f93,16,Field,Noise
train/noise/2bf4a85686a25f93_w20.png,2bf4a85686a25f93,20,Field,Noise
train/noise/2c05afd3b43b4b2a_w03.png,2c05afd3b43b4b2a,3,Field,Noise
train/noise/2c05afd3b43b4b2a_w11.png,2c05afd3b43b4b2a,11,Field,Noise
train/noise/2c5547cb797f4a06_w11.png,2c5547cb797f4a06,11,Lab,Noise
train/noise/2c5547cb797f4a06_w25.png,2c5547cb797f4a06,25,Lab,Noise
train/noise/2c97bc48f525424f_w17.png,2c97bc48f525424f,17,Field,Noise
train/noise/2c97bc48f525424f_w26.png,2c97bc48f525424f,26,Field,Noise
train/noise/2cd4557b66bbf7a4_w07.png,2cd4557b66bbf7a4,7,Field,Noise
train/noise/2cd4557b66bbf7a4_w12.png,2cd4557b66bbf7a4,12,Field,Noise
train/noise/2d0634e251e1fa5d_w06.png,2d0634e251e1fa5d,6,Field,Noise
train/noise/2d0634e251e1fa5d_w07.png,2d0634e251e1fa5d,7,Field,Noise
train/noise/2d292f3c6cbccb49_w20.png,2d292f3c6cbccb49,20,Field,Noise
train/noise/2d292f3c6cbccb49_w26.png,2d292f3c6cbccb49,26,Field,Noise
train/noise/2d8c184320168e8f_w22.png,2d8c184320168e8f,22,Field,Noise
train/noise/2d8c184320168e8f_w26.png,2d8c184320168e8f,26,Field,Noise
train/noise/2e3755ed6a421caf_w01.png,2e3755ed6a421caf,1,Field,Noise
train/noise/2e3755ed6a421caf_w23.png,2e3755ed6a421caf,23,Field,Noise
train/noise/2e4007a425ba404f_w10.png,2e4007a425ba404f,10,Field,Noise
train/noise/2e4007a425ba404f_w16.png,2e4007a425ba404f,16,Field,Noise
train/noise/2ebf5b72e7d6c386_w05.png,2ebf5b72e7d6c386,5,Field,Noise
train/noise/2ebf5b72e7d6c386_w23.png,2ebf5b72e7d6c386,23,Field,Noise
train/noise/2f4c91db73a43248_w08.png,2f4c91db73a43248,8,Field,Noise
train/noise/2f4c91db73a43248_w25.png,2f4c91db73a43248,25,Field,Noise
train/noise/2f7fae980b539ebf_w24.png,2f7fae980b539ebf,24,Field,Noise
train/noise/2f7fae980b539ebf_w25.png,2f7fae980b539ebf,25,Field,Noise
train/noise/2f8663c4bddafeeb_w04.png,2f8663c4bddafeeb,4,Field,Noise
train/noise/2f8663c4bddafeeb_w27.png,2f8663c4bddafeeb,27,Field,Noise
train/noise/2fa5359e6c12a96d_w04.png,2fa5359e6c12a96d,4,Field,Noise
train/noise/2fa5359e6c12a96d_w15.png,2fa5359e6c12a96d,15,Field,Noise
train/noise/2fb21772cf8eea5a_w03.png,2fb21772cf8eea5a,3,Field,Noise
train/noise/2fb21772cf8eea5a_w15.png,2fb21772cf8eea5a,15,Field,Noise
train/noise/300439d8af426e67_w01.png,300439d8af426e67,1,Field,Noise
train/noise/300439d8af426e67_w19.png,300439d8af426e67,19,Field,Noise
train/noise/30638bde95d0136b_w04.png,30638bde95d0136b,4,Field,Noise
train/noise/30638bde95d0136b_w23.png,30638bde95d0136b,23,Field,Noise
train/noise/30ce99acf67ca5b0_w11.png,30ce99acf67ca5b0,11,Lab,Noise
train/noise/30ce99acf67ca5b0_w16.png,30ce99acf67ca5b0,16,Lab,Noise
train/noise/30e59175922d1359_w18.png,30e59175922d1359,18,Field,Noise
train/noise/30e59175922d1359_w22.png,30e59175922d1359,22,Field,Noise
train/noise/30ebdde0f13e7858_w08.png,30ebdde0f13e7858,8,Lab,Noise
train/noise/30ebdde0f13e7858_w22.png,30ebdde0f13e7858,22,Lab,Noise
train/noise/31406f1e5c84d8d5_w13.png,31406f1e5c84d8d5,13,Field,Noise
train/noise/31406f1e5c84d8d5_w20.png,31406f1e5c84d8d5,20,Field,Noise
train/noise/3159feac5c2f8438_w21.png,3159feac5c2f8438,21,Field,Noise
train/noise/3159feac5c2f8438_w23.png,3159feac5c2f8438,23,Field,Noise
train/noise/31675d55aae1681a_w01.png,31675d55aae1681a,1,Field,Noise
train/noise/31675d55aae1681a_w13.png,31675d55aae1681a,13,Field,Noise
train/noise/318ee13a0a8cb474_w06.png,318ee13a0a8cb474,6,Field,Noise
train/noise/318ee13a0a8cb474_w24.png,318ee13a0a8cb474,24,Field,Noise
train/noise/31c3b7ba4d1e736c_w06.png,31c3b7ba4d1e736c,6,Field,Noise
train/noise/31c3b7ba4d1e736c_w17.png,31c3b7ba4d1e736c,17,Field,Noise
train/noise/31e87ab1b7c96b15_w11.png,31e87ab1b7c96b15,11,Lab,Noise
train/noise/31e87ab1b7c96b15_w25.png,31e87ab1b7c96b15,25,Lab,Noise
train/noise/321c5dea1c696187_w00.png,321c5dea1c696187,0,Field,Noise
train/noise/321c5dea1c696187_w01.png,321c5dea1c696187,1,Field,Noise
train/noise/32305c6a8c4cb526_w14.png,32305c6a8c4cb526,14,Field,Noise
train/noise/32305c6a8c4cb526_w24.png,32305c6a8c4cb526,24,Field,Noise
train/noise/324bc796d7f1c4c5_w02.png,324bc796d7f1c4c5,2,Lab,Noise
train/noise/324bc796d7f1c4c5_w27.png,324bc796d7f1c4c5,27,Lab,Noise
train/noise/3285840e0b398946_w01.png,3285840e0b398946,1,Field,Noise
train/noise/3285840e0b398946_w02.png,3285840e0b398946,2,Field,Noise
train/noise/32e0502ecd628796_w19.png,32e0502ecd628796,19,Field,Noise
train/noise/32e0502ecd628796_w24.png,32e0502ecd628796,24,Field,Noise
train/noise/33585cd1f7467ca9_w22.png,33585cd1f7467ca9,22,Field,Noise
train/noise/33585cd1f7467ca9_w23.png,33585cd1f7467ca9,23,Field,Noise
train/noise/3367e774de7482b2_w06.png,3367e774de7482b2,6,Field,Noise
train/noise/3367e774de7482b2_w24.png,3367e774de7482b2,24,Field,Noise
train/noise/33737b1263ab1319_w08.png,33737b1263ab1319,8,Field,Noise
train/noise/33737b1263ab1319_w22.png,33737b1263ab1319,22,Field,Noise
train/noise/341cb1129761fbc7_w17.png,341cb1129761fbc7,17,Field,Noise
train/noise/341cb1129761fbc7_w21.png,341cb1129761fbc7,21,Field,Noise
train/noise/34acada8a4d93f5c_w16.png,34acada8a4d93f5c,16,Field,Noise
train/noise/34acada8a4d93f5c_w21.png,34acada8a4d93f5c,21,Field,Noise
train/noise/34e3d09785a517cf_w03.png,34e3d09785a517cf,3,Field,Noise
train/noise/34e3d09785a517cf_w23.png,34e3d09785a517cf,23,Field,Noise
train/noise/34e7a26ebc907405_w08.png,34e7a26ebc907405,8,Field,Noise
train/noise/34e7a26ebc907405_w14.png,34e7a26ebc907405,14,Field,Noise
train/noise/34ea31b91530917f_w23.png,34ea31b91530917f,23,Field,Noise
train/noise/34ea31b91530917f_w27.png,34ea31b91530917f,27,Field,Noise
train/noise/354617c7ecb438e1_w10.png,354617c7ecb438e1,10,Field,Noise
train/noise/354617c7ecb438e1_w21.png,354617c7ecb438e1,21,Field,Noise
train/noise/356b3df2b31151e5_w06.png,356b3df2b31151e5,6,Field,Noise
train/noise/356b3df2b31151e5_w17.png,356b3df2b31151e5,17,Field,Noise
train/noise/3654037937fb9248_w01.png,3654037937fb9248,1,Field,Noise
train/noise/3654037937fb9248_w03.png,3654037937fb9248,3,Field,Noise
train/noise/3677e883898b03df_w04.png,3677e883898b03df,4,Field,Noise
train/noise/3677e883898b03df_w12.png,3677e883898b03df,12,Field,Noise
train/noise/36dd3127e56a4916_w06.png,36dd3127e56a4916,6,Field,Noise
train/noise/36dd3127e56a4916_w16.png,36dd3127e56a4916,16,Field,Noise
train/noise/36e5a40f2ae72e35_w09.png,36e5a40f2ae72e35,9,Lab,Noise
train/noise/36e5a40f2ae72e35_w14.png,36e5a40f2ae72e35,14,Lab,Noise
train/noise/36f3ec12f2c6e55b_w09.png,36f3ec12f2c6e55b,9,Field,Noise
train/noise/36f3ec12f2c6e55b_w19.png,36f3ec12f2c6e55b,19,Field,Noise
train/noise/376aefbf43228067_w05.png,376aefbf43228067,5,Field,Noise
train/noise/376aefbf43228067_w10.png,376aefbf43228067,10,Field,Noise
train/noise/37fbdc87b2024b6a_w06.png,37fbdc87b2024b6a,6,Field,Noise
train/noise/37fbdc87b2024b6a_w08.png,37fbdc87b2024b6a,8,Field,Noise
train/noise/380612b50af4c39b_w18.png,380612b50af4c39b,18,Lab,Noise
train/noise/380612b50af4c39b_w25.png,380612b50af4c39b,25,Lab,Noise
train/noise/3837a362dcef6e5f_w13.png,3837a362dcef6e5f,13,Field,Noise
train/noise/3837a362dcef6e5f_w23.png,3837a362dcef6e5f,23,Field,Noise
train/noise/3847fbdcc65bdd57_w08.png,3847fbdcc65bdd57,8,Field,Noise
train/noise/3847fbdcc65bdd57_w12.png,3847fbdcc65bdd57,12,Field,Noise
train/noise/387d56c59ea0b5bb_w23.png,387d56c59ea0b5bb,23,Lab,Noise
train/noise/387d56c59ea0b5bb_w25.png,387d56c59ea0b5bb,25,Lab,Noise
train/noise/38870896ea92fb7c_w05.png,38870896ea92fb7c,5,Field,Noise
train/noise/38870896ea92fb7c_w17.png,38870896ea92fb7c,17,Field,Noise
train/noise/3912ba7fa7fbb8bf_w14.png,3912ba7fa7fbb8bf,14,Field,Noise
train/noise/3912ba7fa7fbb8bf_w27.png,3912ba7fa7fbb8bf,27,Field,Noise
train/noise/3abcd41504b589d6_w02.png,3abcd41504b589d6,2,Field,Noise
train/noise/3abcd41504b589d6_w17.png,3abcd41504b589d6,17,Field,Noise
train/noise/3aeb18d02416c241_w04.png,3aeb18d02416c241,4,Field,Noise
train/noise/3aeb18d02416c241_w20.png,3aeb18d02416c241,20,Field,Noise
train/noise/3b0d975a3c13d774_w05.png,3b0d975a3c13d774,5,Field,Noise
train/noise/3b0d975a3c13d774_w16.png,3b0d975a3c13d774,16,Field,Noise
train/noise/3b23658d12644ac4_w13.png,3b23658d12644ac4,13,Field,Noise
train/noise/3b23658d12644ac4_w24.png,3b23658d12644ac4,24,Field,Noise
train/noise/3b2df06d87c9570b_w03.png,3b2df06d87c9570b,3,Field,Noise
train/noise/3b2df06d87c9570b_w26.png,3b2df06d87c9570b,26,Field,Noise
train/noise/3b57306c67cb8ed2_w02.png,3b57306c67cb8ed2,2,Field,Noise
train/noise/3b57306c67cb8ed2_w17.png,3b57306c67cb8ed2,17,Field,Noise
train/noise/3bbc3fbb2a1b3779_w16.png,3bbc3fbb2a1b3779,16,Field,Noise
train/noise/3bbc3fbb2a1b3779_w19.png,3bbc3fbb2a1b3779,19,Field,Noise
train/noise/3c3f9174ce7f44ec_w14.png,3c3f9174ce7f44ec,14,Field,Noise
train/noise/3c3f9174ce7f44ec_w26.png,3c3f9174ce7f44ec,26,Field,Noise
train/noise/3d1f30c9fe35ba8b_w03.png,3d1f30c9fe35ba8b,3,Field,Noise
train/noise/3d1f30c9fe35ba8b_w26.png,3d1f30c9fe35ba8b,26,Field,Noise
train/noise/3d5f47a3ac17f5af_w04.png,3d5f47a3ac17f5af,4,Field,Noise
train/noise/3d5f47a3ac17f5af_w22.png,3d5f47a3ac17f5af,22,Field,Noise
train/noise/3d67cfed7e43221a_w12.png,3d67cfed7e43221a,12,Field,Noise
train/noise/3d67cfed7e43221a_w16.png,3d67cfed7e43221a,16,Field,Noise
train/noise/3db17ff1a23419da_w22.png,3db17ff1a23419da,22,Field,Noise
train/noise/3db17ff1a23419da_w26.png,3db17ff1a23419da,26,Field,Noise
train/noise/3db62a70ab4fe750_w02.png,3db62a70ab4fe750,2,Field,Noise
train/noise/3db62a70ab4fe750_w25.png,3db62a70ab4fe750,25,Field,Noise
train/noise/3e280808650311ff_w16.png,3e280808650311ff,16,Field,Noise
train/noise/3e280808650311ff_w19.png,3e280808650311ff,19,Field,Noise
train/noise/3e2c972051c79442_w02.png,3e2c972051c79442,2,Field,Noise
train/noise/3e2c972051c79442_w14.png,3e2c972051c79442,14,Field,Noise
train/noise/3e5bdf9c70a98327_w04.png,3e5bdf9c70a98327,4,Lab,Noise
train/noise/3e5bdf9c70a98327_w27.png,3e5bdf9c70a98327,27,Lab,Noise
train/noise/3e6cb60e5e4dc3fa_w00.png,3e6cb60e5e4dc3fa,0,Lab,Noise
train/noise/3e6cb60e5e4dc3fa_w15.png,3e6cb60e5e4dc3fa,15,Lab,Noise
train/noise/3f091f1fb4f4b145_w12.png,3f091f1fb4f4b145,12,Field,Noise
train/noise/3f091f1fb4f4b145_w13.png,3f091f1fb4f4b145,13,Field,Noise
train/noise/3f77ba36bef33927_w14.png,3f77ba36bef33927,14,Field,Noise
train/noise/3f77ba36bef33927_w20.png,3f77ba36bef33927,20,Field,Noise
train/noise/3f79956c1f02b6a6_w22.png,3f79956c1f02b6a6,22,Field,Noise
train/noise/3f79956c1f02b6a6_w24.png,3f79956c1f02b6a6,24,Field,Noise
train/noise/401c8ff1639a9efe_w06.png,401c8ff1639a9efe,6,Lab,Noise
train/noise/401c8ff1639a9efe_w13.png,401c8ff1639a9efe,13,Lab,Noise
train/noise/406c872e5f3b8e72_w03.png,406c872e5f3b8e72,3,Field,Noise
train/noise/406c872e5f3b8e72_w26.png,406c872e5f3b8e72,26,Field,Noise
train/noise/407fd8c5eae48590_w03.png,407fd8c5eae48590,3,Lab,Noise
train/noise/407fd8c5eae48590_w22.png,407fd8c5eae48590,22,Lab,Noise
train/noise/418a614edb1e48f5_w02.png,418a614edb1e48f5,2,Field,Noise
train/noise/418a614edb1e48f5_w19.png,418a614edb1e48f5,19,Field,Noise
train/noise/4193266b280c5859_w17.png,4193266b280c5859,17,Field,Noise
train/noise/4193266b280c5859_w20.png,4193266b280c5859,20,Field,Noise
train/noise/41978eca3e9e094e_w21.png,41978eca3e9e094e,21,Lab,Noise
train/noise/41978eca3e9e094e_w24.png,41978eca3e9e094e,24,Lab,Noise
train/noise/41c16b447aa93389_w18.png,41c16b447aa93389,18,Field,Noise
train/noise/41c16b447aa93389_w20.png,41c16b447aa93389,20,Field,Noise
train/noise/41c5379fbf1637f3_w19.png,41c5379fbf1637f3,19,Field,Noise
train/noise/41c5379fbf1637f3_w25.png,41c5379fbf1637f3,25,Field,Noise
train/noise/41d70a4f528730ee_w17.png,41d70a4f528730ee,17,Field,Noise
train/noise/41d70a4f528730ee_w20.png,41d70a4f528730ee,20,Field,Noise
train/noise/41f18a8daaa3c16b_w10.png,41f18a8daaa3c16b,10,Lab,Noise
train/noise/41f18a8daaa3c16b_w21.png,41f18a8daaa3c16b,21,Lab,Noise
train/noise/426d948307f0693b_w08.png,426d948307f0693b,8,Lab,Noise
train/noise/426d948307f0693b_w27.png,426d948307f0693b,27,Lab,Noise
train/noise/427d071e1f9f653b_w04.png,427d071e1f9f653b,4,Field,Noise
train/noise/427d071e1f9f653b_w25.png,427d071e1f9f653b,25,Field,Noise
train/noise/427ef8fdce41e582_w15.png,427ef8fdce41e582,15,Field,Noise
train/noise/427ef8fdce41e582_w25.png,427ef8fdce41e582,25,Field,Noise
train/noise/42c0db3d61bf128d_w10.png,42c0db3d61bf128d,10,Field,Noise
train/noise/42c0db3d61bf128d_w19.png,42c0db3d61bf128d,19,Field,Noise
train/noise/430436c9c4fee6eb_w04.png,430436c9c4fee6eb,4,Field,Noise
train/noise/430436c9c4fee6eb_w19.png,430436c9c4fee6eb,19,Field,Noise
train/noise/43721aa19c54008f_w25.png,43721aa19c54008f,25,Field,Noise
train/noise/43721aa19c54008f_w26.png,43721aa19c54008f,26,Field,Noise
train/noise/43aad6ad9da47ac8_w17.png,43aad6ad9da47ac8,17,Field,Noise
train/noise/43aad6ad9da47ac8_w21.png,43aad6ad9da47ac8,21,Field,Noise
train/noise/4416a3dfecab87d7_w03.png,4416a3dfecab87d7,3,Lab,Noise
train/noise/4416a3dfecab87d7_w10.png,4416a3dfecab87d7,10,Lab,Noise
train/noise/44289907ac58e52b_w00.png,44289907ac58e52b,0,Field,Noise
train/noise/44289907ac58e52b_w26.png,44289907ac58e52b,26,Field,Noise
train/noise/44b5b210483ff825_w22.png,44b5b210483ff825,22,Field,Noise
train/noise/44b5b210483ff825_w26.png,44b5b210483ff825,26,Field,Noise
train/noise/44b78d0ec4559599_w03.png,44b78d0ec4559599,3,Field,Noise
train/noise/44b78d0ec4559599_w07.png,44b78d0ec4559599,7,Field,Noise
train/noise/456ad83851f8e1e6_w17.png,456ad83851f8e1e6,17,Lab,Noise
train/noise/456ad83851f8e1e6_w23.png,456ad83851f8e1e6,23,Lab,Noise
train/noise/457ef32e7552ff13_w03.png,457ef32e7552ff13,3,Field,Noise
train/noise/457ef32e7552ff13_w13.png,457ef32e7552ff13,13,Field,Noise
train/noise/45a191169f4029df_w00.png,45a191169f4029df,0,Field,Noise
train/noise/45a191169f4029df_w19.png,45a191169f4029df,19,Field,Noise
train/noise/45b35eabb8db3f03_w00.png,45b35eabb8db3f03,0,Field,Noise
train/noise/45b35eabb8db3f03_w02.png,45b35eabb8db3f03,2,Field,Noise
train/noise/45cbec58025bb0ff_w19.png,45cbec58025bb0ff,19,Lab,Noise
train/noise/45cbec58025bb0ff_w23.png,45cbec58025bb0ff,23,Lab,Noise
train/noise/45d466f91a8692bc_w07.png,45d466f91a8692bc,7,Field,Noise
train/noise/45d466f91a8692bc_w27.png,45d466f91a8692bc,27,Field,Noise
train/noise/45dc1035d278aef2_w08.png,45dc1035d278aef2,8,Field,Noise
train/noise/45dc1035d278aef2_w12.png,45dc1035d278aef2,12,Field,Noise
train/noise/45ff9440e95bbf97_w08.png,45ff9440e95bbf97,8,Field,Noise
train/noise/45ff9440e95bbf97_w14.png,45ff9440e95bbf97,14,Field,Noise
train/noise/467da51d44d017ca_w19.png,467da51d44d017ca,19,Field,Noise
train/noise/467da51d44d017ca_w21.png,467da51d44d017ca,21,Field,Noise
train/noise/47d7c8e31249ca2a_w02.png,47d7c8e31249ca2a,2,Field,Noise
train/noise/47d7c8e31249ca2a_w10.png,47d7c8e31249ca2a,10,Field,Noise
train/noise/483457bcd9177d04_w01.png,483457bcd9177d04,1,Field,Noise
train/noise/483457bcd9177d04_w24.png,483457bcd9177d04,24,Field,Noise
train/noise/485790c4cf8aed4a_w07.png,485790c4cf8aed4a,7,Lab,Noise
train/noise/485790c4cf8aed4a_w21.png,485790c4cf8aed4a,21,Lab,Noise
train/noise/4870b5977100b5da_w01.png,4870b5977100b5da,1,Lab,Noise
train/noise/4870b5977100b5da_w02.png,4870b5977100b5da,2,Lab,Noise
train/noise/48ba1a719c261369_w00.png,48ba1a719c261369,0,Field,Noise
train/noise/48ba1a719c261369_w26.png,48ba1a719c261369,26,Field,Noise
train/noise/4970d32e19899a11_w03.png,4970d32e19899a11,3,Field,Noise
train/noise/4970d32e19899a11_w18.png,4970d32e19899a11,18,Field,Noise
train/noise/49862578cd12cd8e_w02.png,49862578cd12cd8e,2,Field,Noise
train/noise/49862578cd12cd8e_w19.png,49862578cd12cd8e,19,Field,Noise
train/noise/4a010cc0e373359f_w00.png,4a010cc0e373359f,0,Field,Noise
train/noise/4a010cc0e373359f_w23.png,4a010cc0e373359f,23,Field,Noise
train/noise/4aef81b14bf3c3f1_w06.png,4aef81b14bf3c3f1,6,Field,Noise
train/noise/4aef81b14bf3c3f1_w12.png,4aef81b14bf3c3f1,12,Field,Noise
train/noise/4b44ab1897e5def8_w21.png,4b44ab1897e5def8,21,Field,Noise
train/noise/4b44ab1897e5def8_w23.png,4b44ab1897e5def8,23,Field,Noise
train/noise/4b6ef1c174e4ef5a_w00.png,4b6ef1c174e4ef5a,0,Field,Noise
train/noise/4b6ef1c174e4ef5a_w05.png,4b6ef1c174e4ef5a,5,Field,Noise
train/noise/4b706d374032f65e_w07.png,4b706d374032f65e,7,Field,Noise
train/noise/4b706d374032f65e_w18.png,4b706d374032f65e,18,Field,Noise
train/noise/4c69e9047c3687bb_w00.png,4c69e9047c3687bb,0,Field,Noise
train/noise/4c69e9047c3687bb_w27.png,4c69e9047c3687bb,27,Field,Noise
train/noise/4c8bf85c2176acc1_w01.png,4c8bf85c2176acc1,1,Lab,Noise
train/noise/4c8bf85c2176acc1_w04.png,4c8bf85c2176acc1,4,Lab,Noise
train/noise/4d0b2457e702b1de_w16.png,4d0b2457e702b1de,16,Field,Noise
train/noise/4d0b2457e702b1de_w27.png,4d0b2457e702b1de,27,Field,Noise
train/noise/4d5697153bc54ece_w06.png,4d5697153bc54ece,6,Field,Noise
train/noise/4d5697153bc54ece_w26.png,4d5697153bc54ece,26,Field,Noise
train/noise/4d58a2f667099cac_w06.png,4d58a2f667099cac,6,Lab,Noise
train/noise/4d58a2f667099cac_w22.png,4d58a2f667099cac,22,Lab,Noise
train/noise/4e090f96f4732c33_w18.png,4e090f96f4732c33,18,Field,Noise
train/noise/4e090f96f4732c33_w22.png,4e090f96f4732c33,22,Field,Noise
train/noise/4ec63814ddd8c1aa_w03.png,4ec63814ddd8c1aa,3,Field,Noise
train/noise/4ec63814ddd8c1aa_w25.png,4ec63814ddd8c1aa,25,Field,Noise
train/noise/4ef5f2ccd7691678_w19.png,4ef5f2ccd7691678,19,Field,Noise
train/noise/4ef5f2ccd7691678_w22.png,4ef5f2ccd7691678,22,Field,Noise
train/noise/4effa76de18a6f65_w12.png,4effa76de18a6f65,12,Field,Noise
train/noise/4effa76de18a6f65_w22.png,4effa76de18a6f65,22,Field,Noise
train/noise/4f8d3954a14b7218_w05.png,4f8d3954a14b7218,5,Field,Noise
train/noise/4f8d3954a14b7218_w12.png,4f8d3954a14b7218,12,Field,Noise
train/noise/4feb2a7e2c6c93e5_w03.png,4feb2a7e2c6c93e5,3,Field,Noise
train/noise/4feb2a7e2c6c93e5_w19.png,4feb2a7e2c6c93e5,19,Field,Noise
train/noise/4ff97921af2ad7f7_w14.png,4ff97921af2ad7f7,14,Field,Noise
train/noise/4ff97921af2ad7f7_w20.png,4ff97921af2ad7f7,20,Field,Noise
train/noise/502440fc6f6e13e1_w02.png,502440fc6f6e13e1,2,Field,Noise
train/noise/502440fc6f6e13e1_w17.png,502440fc6f6e13e1,17,Field,Noise
train/noise/504ef493a2a9cea0_w04.png,504ef493a2a9cea0,4,Lab,Noise
train/noise/504ef493a2a9cea0_w12.png,504ef493a2a9cea0,12,Lab,Noise
train/noise/5106fa385460d6a8_w01.png,5106fa385460d6a8,1,Field,Noise
train/noise/5106fa385460d6a8_w19.png,5106fa385460d6a8,19,Field,Noise
train/noise/51335c650720b16c_w00.png,51335c650720b16c,0,Field,Noise
train/noise/51335c650720b16c_w07.png,51335c650720b16c,7,Field,Noise
train/noise/517cdc0b6eddeec0_w14.png,517cdc0b6eddeec0,14,Lab,Noise
train/noise/517cdc0b6eddeec0_w19.png,517cdc0b6eddeec0,19,Lab,Noise
train/noise/518bd8801cf80e99_w17.png,518bd8801cf80e99,17,Lab,Noise
train/noise/518bd8801cf80e99_w20.png,518bd8801cf80e99,20,Lab,Noise
train/noise/52614fca70e46b16_w01.png,52614fca70e46b16,1,Field,Noise
train/noise/52614fca70e46b16_w27.png,52614fca70e46b16,27,Field,Noise
train/noise/527e95e659f0ed42_w00.png,527e95e659f0ed42,0,Field,Noise
train/noise/527e95e659f0ed42_w01.png,527e95e659f0ed42,1,Field,Noise
train/noise/52b1780c949aec89_w12.png,52b1780c949aec89,12,Field,Noise
train/noise/52b1780c949aec89_w23.png,52b1780c949aec89,23,Field,Noise
train/noise/52d0358702f35703_w04.png,52d0358702f35703,4,Field,Noise
train/noise/52d0358702f35703_w11.png,52d0358702f35703,11,Field,Noise
train/noise/52fb3e3f5116fe61_w02.png,52fb3e3f5116fe61,2,Field,Noise
train/noise/52fb3e3f5116fe61_w21.png,52fb3e3f5116fe61,21,Field,Noise
train/noise/5379fe519f5566a6_w10.png,5379fe519f5566a6,10,Field,Noise
train/noise/5379fe519f5566a6_w27.png,5379fe519f5566a6,27,Field,Noise
train/noise/53d000ca9cb0a845_w12.png,53d000ca9cb0a845,12,Field,Noise
train/noise/53d000ca9cb0a845_w15.png,53d000ca9cb0a845,15,Field,Noise
train/noise/53e9a933e800ae38_w06.png,53e9a933e800ae38,6,Field,Noise
train/noise/53e9a933e800ae38_w17.png,53e9a933e800ae38,17,Field,Noise
train/noise/53fc588126d74ff8_w12.png,53fc588126d74ff8,12,Field,Noise
train/noise/53fc588126d74ff8_w15.png,53fc588126d74ff8,15,Field,Noise
train/noise/53fec3b22ea6f82c_w06.png,53fec3b22ea6f82c,6,Field,Noise
train/noise/53fec3b22ea6f82c_w26.png,53fec3b22ea6f82c,26,Field,Noise
train/noise/54cf5e90662e7f9f_w08.png,54cf5e90662e7f9f,8,Field,Noise
train/noise/54cf5e90662e7f9f_w11.png,54cf5e90662e7f9f,11,Field,Noise
train/noise/550931f67aa1cc36_w14.png,550931f67aa1cc36,14,Field,Noise
train/noise/550931f67aa1cc36_w19.png,550931f67aa1cc36,19,Field,Noise
train/noise/553173dc3bcff53a_w12.png,553173dc3bcff53a,12,Field,Noise
train/noise/553173dc3bcff53a_w17.png,553173dc3bcff53a,17,Field,Noise
train/noise/55c98f0698db3112_w04.png,55c98f0698db3112,4,Field,Noise
train/noise/55c98f0698db3112_w27.png,55c98f0698db3112,27,Field,Noise
train/noise/578bce00a845b7b7_w13.png,578bce00a845b7b7,13,Field,Noise
train/noise/578bce00a845b7b7_w19.png,578bce00a845b7b7,19,Field,Noise
train/noise/579d52e9877751d7_w13.png,579d52e9877751d7,13,Lab,Noise
train/noise/579d52e9877751d7_w24.png,579d52e9877751d7,24,Lab,Noise
train/noise/57fe1e31594d86c3_w03.png,57fe1e31594d86c3,3,Field,Noise
train/noise/57fe1e31594d86c3_w27.png,57fe1e31594d86c3,27,Field,Noise
train/noise/5818f6d9444c39d9_w07.png,5818f6d9444c39d9,7,Field,Noise
train/noise/5818f6d9444c39d9_w25.png,5818f6d9444c39d9,25,Field,Noise
train/noise/582e32f187e8ea80_w08.png,582e32f187e8ea80,8,Lab,Noise
train/noise/582e32f187e8ea80_w17.png,582e32f187e8ea80,17,Lab,Noise
train/noise/58649f46cf28596a_w17.png,58649f46cf28596a,17,Field,Noise
train/noise/58649f46cf28596a_w21.png,58649f46cf28596a,21,Field,Noise
train/noise/589dc6a3ee0f4ec7_w17.png,589dc6a3ee0f4ec7,17,Field,Noise
train/noise/589dc6a3ee0f4ec7_w27.png,589dc6a3ee0f4ec7,27,Field,Noise
train/noise/5a5ecc8b16d1dddc_w04.png,5a5ecc8b16d1dddc,4,Field,Noise
train/noise/5a5ecc8b16d1dddc_w11.png,5a5ecc8b16d1dddc,11,Field,Noise
train/noise/5a7b66a335d24b6f_w05.png,5a7b66a335d24b6f,5,Field,Noise
train/noise/5a7b66a335d24b6f_w26.png,5a7b66a335d24b6f,26,Field,Noise
train/noise/5a9651b018abaaed_w08.png,5a9651b018abaaed,8,Lab,Noise
train/noise/5a9651b018abaaed_w16.png,5a9651b018abaaed,16,Lab,Noise
train/noise/5ac930c22962359d_w00.png,5ac930c22962359d,0,Field,Noise
train/noise/5ac930c22962359d_w08.png,5ac930c22962359d,8,Field,Noise
train/noise/5b59e6bc903d2d77_w12.png,5b59e6bc903d2d77,12,Field,Noise
train/noise/5b59e6bc903d2d77_w13.png,5b59e6bc903d2d77,13,Field,Noise
train/noise/5c5b7ae64225334f_w02.png,5c5b7ae64225334f,2,Field,Noise
train/noise/5c5b7ae64225334f_w06.png,5c5b7ae64225334f,6,Field,Noise
train/noise/5c5cd74b54ea1e4d_w09.png,5c5cd74b54ea1e4d,9,Field,Noise
train/noise/5c5cd74b54ea1e4d_w15.png,5c5cd74b54ea1e4d,15,Field,Noise
train/noise/5d770ba1f029d31f_w15.png,5d770ba1f029d31f,15,Field,Noise
train/noise/5d770ba1f029d31f_w18.png,5d770ba1f029d31f,18,Field,Noise
train/noise/5d7bd0ae8f20713b_w15.png,5d7bd0ae8f20713b,15,Field,Noise
train/noise/5d7bd0ae8f20713b_w18.png,5d7bd0ae8f20713b,18,Field,Noise
train/noise/5d98fc8f3f16ce49_w06.png,5d98fc8f3f16ce49,6,Field,Noise
train/noise/5d98fc8f3f16ce49_w08.png,5d98fc8f3f16ce49,8,Field,Noise
train/noise/5dd7054c6dd9bbe2_w09.png,5dd7054c6dd9bbe2,9,Lab,Noise
train/noise/5dd7054c6dd9bbe2_w15.png,5dd7054c6dd9bbe2,15,Lab,Noise
train/noise/5df2e3a8275b15dc_w11.png,5df2e3a8275b15dc,11,Field,Noise
train/noise/5df2e3a8275b15dc_w14.png,5df2e3a8275b15dc,14,Field,Noise
train/noise/5e6793bc6df530e4_w10.png,5e6793bc6df530e4,10,Field,Noise
train/noise/5e6793bc6df530e4_w14.png,5e6793bc6df530e4,14,Field,Noise
train/noise/5e74904db41de1fb_w13.png,5e74904db41de1fb,13,Lab,Noise
train/noise/5e74904db41de1fb_w22.png,5e74904db41de1fb,22,Lab,Noise
train/noise/5ea75b3b28665b27_w15.png,5ea75b3b28665b27,15,Field,Noise
train/noise/5ea75b3b28665b27_w24.png,5ea75b3b28665b27,24,Field,Noise
train/noise/5fc0b92b59a9ffb1_w23.png,5fc0b92b59a9ffb1,23,Field,Noise
train/noise/5fc0b92b59a9ffb1_w24.png,5fc0b92b59a9ffb1,24,Field,Noise
train/noise/60b44ebb50e3123c_w14.png,60b44ebb50e3123c,14,Lab,Noise
train/noise/60b44ebb50e3123c_w19.png,60b44ebb50e3123c,19,Lab,Noise
train/noise/60c6a607c5d1e7b9_w06.png,60c6a607c5d1e7b9,6,Lab,Noise
train/noise/60c6a607c5d1e7b9_w21.png,60c6a607c5d1e7b9,21,Lab,Noise
train/noise/60f059cddcf516df_w14.png,60f059cddcf516df,14,Field,Noise
train/noise/60f059cddcf516df_w23.png,60f059cddcf516df,23,Field,Noise
train/noise/612efabdd9384cdf_w01.png,612efabdd9384cdf,1,Field,Noise
train/noise/612efabdd9384cdf_w13.png,612efabdd9384cdf,13,Field,Noise
train/noise/618585de0558a2a1_w01.png,618585de0558a2a1,1,Field,Noise
train/noise/618585de0558a2a1_w02.png,618585de0558a2a1,2,Field,Noise
train/noise/618b82c2c3e5d7e0_w22.png,618b82c2c3e5d7e0,22,Field,Noise
train/noise/618b82c2c3e5d7e0_w23.png,618b82c2c3e5d7e0,23,Field,Noise
train/noise/6244e8c850185dce_w02.png,6244e8c850185dce,2,Field,Noise
train/noise/6244e8c850185dce_w07.png,6244e8c850185dce,7,Field,Noise
train/noise/6247747551c39f55_w09.png,6247747551c39f55,9,Field,Noise
train/noise/6247747551c39f55_w13.png,6247747551c39f55,13,Field,Noise
train/noise/62595cb8a0ac149f_w08.png,62595cb8a0ac149f,8,Field,Noise
train/noise/62595cb8a0ac149f_w19.png,62595cb8a0ac149f,19,Field,Noise
train/noise/628c14e417528b81_w20.png,628c14e417528b81,20,Lab,Noise
train/noise/628c14e417528b81_w25.png,628c14e417528b81,25,Lab,Noise
train/noise/636c69db932e8f13_w11.png,636c69db932e8f13,11,Lab,Noise
train/noise/636c69db932e8f13_w23.png,636c69db932e8f13,23,Lab,Noise
train/noise/63bad5b1cb902a11_w11.png,63bad5b1cb902a11,11,Field,Noise
train/noise/63bad5b1cb902a11_w23.png,63bad5b1cb902a11,23,Field,Noise
train/noise/63e5c178bbf211c6_w04.png,63e5c178bbf211c6,4,Lab,Noise
train/noise/63e5c178bbf211c6_w19.png,63e5c178bbf211c6,19,Lab,Noise
train/noise/6402dfcb6a289a0e_w16.png,6402dfcb6a289a0e,16,Lab,Noise
train/noise/6402dfcb6a289a0e_w18.png,6402dfcb6a289a0e,18,Lab,Noise
train/noise/640a959eba53bb39_w10.png,640a959eba53bb39,10,Lab,Noise
train/noise/640a959eba53bb39_w13.png,640a959eba53bb39,13,Lab,Noise
train/noise/6471616b75aa56ce_w02.png,6471616b75aa56ce,2,Lab,Noise
train/noise/6471616b75aa56ce_w25.png,6471616b75aa56ce,25,Lab,Noise
train/noise/65d9febb5beda411_w12.png,65d9febb5beda411,12,Lab,Noise
train/noise/65d9febb5beda411_w21.png,65d9febb5beda411,21,Lab,Noise
train/noise/6620733e9f4e1218_w08.png,6620733e9f4e1218,8,Field,Noise
train/noise/6620733e9f4e1218_w21.png,6620733e9f4e1218,21,Field,Noise
train/noise/66bd2d7f1f580aee_w03.png,66bd2d7f1f580aee,3,Field,Noise
train/noise/66bd2d7f1f580aee_w19.png,66bd2d7f1f580aee,19,Field,Noise
train/noise/67067f414328e7cc_w10.png,67067f414328e7cc,10,Lab,Noise
train/noise/67067f414328e7cc_w25.png,67067f414328e7cc,25,Lab,Noise
train/noise/6713c0afc11a5702_w00.png,6713c0afc11a5702,0,Field,Noise
train/noise/6713c0afc11a5702_w09.png,6713c0afc11a5702,9,Field,Noise
train/noise/6719ef54e9f49de2_w05.png,6719ef54e9f49de2,5,Field,Noise
train/noise/6719ef54e9f49de2_w21.png,6719ef54e9f49de2,21,Field,Noise
train/noise/67837ef55ae53444_w04.png,67837ef55ae53444,4,Field,Noise
train/noise/67837ef55ae53444_w12.png,67837ef55ae53444,12,Field,Noise
train/noise/67f65e4d6313b23f_w04.png,67f65e4d6313b23f,4,Field,Noise
train/noise/67f65e4d6313b23f_w11.png,67f65e4d6313b23f,11,Field,Noise
train/noise/68dd44c9a2309526_w24.png,68dd44c9a2309526,24,Field,Noise
train/noise/68dd44c9a2309526_w27.png,68dd44c9a2309526,27,Field,Noise
train/noise/697105f3ce6f1df4_w05.png,697105f3ce6f1df4,5,Field,Noise
train/noise/697105f3ce6f1df4_w15.png,697105f3ce6f1df4,15,Field,Noise
train/noise/6998dba9f4e52f57_w21.png,6998dba9f4e52f57,21,Field,Noise
train/noise/6998dba9f4e52f57_w27.png,6998dba9f4e52f57,27,Field,Noise
train/noise/6a0f9da82fc4dd4b_w03.png,6a0f9da82fc4dd4b,3,Field,Noise
train/noise/6a0f9da82fc4dd4b_w14.png,6a0f9da82fc4dd4b,14,Field,Noise
train/noise/6a4a3c4f95e0ef4c_w10.png,6a4a3c4f95e0ef4c,10,Field,Noise
train/noise/6a4a3c4f95e0ef4c_w22.png,6a4a3c4f95e0ef4c,22,Field,Noise
train/noise/6a79c92b865a8cb0_w02.png,6a79c92b865a8cb0,2,Lab,Noise
train/noise/6a79c92b865a8cb0_w23.png,6a79c92b865a8cb0,23,Lab,Noise
train/noise/6aaf771770214590_w01.png,6aaf771770214590,1,Field,Noise
train/noise/6aaf771770214590_w12.png,6aaf771770214590,12,Field,Noise
train/noise/6ab2c3047d552c7f_w12.png,6ab2c3047d552c7f,12,Field,Noise
train/noise/6ab2c3047d552c7f_w25.png,6ab2c3047d552c7f,25,Field,Noise
train/noise/6ab71d8671e0bdbf_w05.png,6ab71d8671e0bdbf,5,Field,Noise
train/noise/6ab71d8671e0bdbf_w08.png,6ab71d8671e0bdbf,8,Field,Noise
train/noise/6bc08c558519a56a_w24.png,6bc08c558519a56a,24,Lab,Noise
train/noise/6bc08c558519a56a_w26.png,6bc08c558519a56a,26,Lab,Noise
train/noise/6bc75ebb8d0f60ac_w06.png,6bc75ebb8d0f60ac,6,Field,Noise
train/noise/6bc75ebb8d0f60ac_w17.png,6bc75ebb8d0f60ac,17,Field,Noise
train/noise/6bcbd997c10fd14b_w05.png,6bcbd997c10fd14b,5,Field,Noise
train/noise/6bcbd997c10fd14b_w07.png,6bcbd997c10fd14b,7,Field,Noise
train/noise/6bd6cbdbd6297d34_w16.png,6bd6cbdbd6297d34,16,Field,Noise
train/noise/6bd6cbdbd6297d34_w26.png,6bd6cbdbd6297d34,26,Field,Noise
train/noise/6c0fc2ee6d3c2398_w00.png,6c0fc2ee6d3c2398,0,Lab,Noise
train/noise/6c0fc2ee6d3c2398_w13.png,6c0fc2ee6d3c2398,13,Lab,Noise
train/noise/6c322b4cf94a36bf_w06.png,6c322b4cf94a36bf,6,Lab,Noise
train/noise/6c322b4cf94a36bf_w07.png,6c322b4cf94a36bf,7,Lab,Noise
train/noise/6cf142a5d3dd7f45_w22.png,6cf142a5d3dd7f45,22,Field,Noise
train/noise/6cf142a5d3dd7f45_w23.png,6cf142a5d3dd7f45,23,Field,Noise
train/noise/6cffc6a670a3ae5f_w15.png,6cffc6a670a3ae5f,15,Field,Noise
train/noise/6cffc6a670a3ae5f_w18.png,6cffc6a670a3ae5f,18,Field,Noise
train/noise/6d4c373eb4b519a4_w18.png,6d4c373eb4b519a4,18,Field,Noise
train/noise/6d4c373eb4b519a4_w22.png,6d4c373eb4b519a4,22,Field,Noise
train/noise/6d55b24e4d7a0169_w01.png,6d55b24e4d7a0169,1,Field,Noise
train/noise/6d55b24e4d7a0169_w16.png,6d55b24e4d7a0169,16,Field,Noise
train/noise/6d578bbe2094383d_w09.png,6d578bbe2094383d,9,Field,Noise
train/noise/6d578bbe2094383d_w20.png,6d578bbe2094383d,20,Field,Noise
train/noise/6f4bfcbb28b76419_w09.png,6f4bfcbb28b76419,9,Lab,Noise
train/noise/6f4bfcbb28b76419_w23.png,6f4bfcbb28b76419,23,Lab,Noise
train/noise/6f7803400890ba71_w09.png,6f7803400890ba71,9,Field,Noise
train/noise/6f7803400890ba71_w22.png,6f7803400890ba71,22,Field,Noise
train/noise/7003ef7e1211c51e_w14.png,7003ef7e1211c51e,14,Field,Noise
train/noise/7003ef7e1211c51e_w21.png,7003ef7e1211c51e,21,Field,Noise
train/noise/701b6ff50a4a088a_w10.png,701b6ff50a4a088a,10,Field,Noise
train/noise/701b6ff50a4a088a_w23.png,701b6ff50a4a088a,23,Field,Noise
train/noise/702c3d23d46c9195_w11.png,702c3d23d46c9195,11,Lab,Noise
train/noise/702c3d23d46c9195_w25.png,702c3d23d46c9195,25,Lab,Noise
train/noise/704acfda0269041f_w03.png,704acfda0269041f,3,Field,Noise
train/noise/704acfda0269041f_w15.png,704acfda0269041f,15,Field,Noise
train/noise/70a2f9f8df4fd3ea_w09.png,70a2f9f8df4fd3ea,9,Lab,Noise
train/noise/70a2f9f8df4fd3ea_w10.png,70a2f9f8df4fd3ea,10,Lab,Noise
train/noise/7196a14b3ff9920c_w13.png,7196a14b3ff9920c,13,Field,Noise
train/noise/7196a14b3ff9920c_w23.png,7196a14b3ff9920c,23,Field,Noise
train/noise/7208db96ff6d8722_w02.png,7208db96ff6d8722,2,Lab,Noise
train/noise/7208db96ff6d8722_w13.png,7208db96ff6d8722,13,Lab,Noise
train/noise/720e9c678f087317_w10.png,720e9c678f087317,10,Lab,Noise
train/noise/720e9c678f087317_w27.png,720e9c678f087317,27,Lab,Noise
train/noise/723420f566a92783_w16.png,723420f566a92783,16,Field,Noise
train/noise/723420f566a92783_w17.png,723420f566a92783,17,Field,Noise
train/noise/732fff371ee9d84b_w00.png,732fff371ee9d84b,0,Field,Noise
train/noise/732fff371ee9d84b_w04.png,732fff371ee9d84b,4,Field,Noise
train/noise/73454e7bfc085f31_w05.png,73454e7bfc085f31,5,Field,Noise
train/noise/73454e7bfc085f31_w08.png,73454e7bfc085f31,8,Field,Noise
train/noise/7376db02d8e6e30e_w00.png,7376db02d8e6e30e,0,Field,Noise
train/noise/7376db02d8e6e30e_w17.png,7376db02d8e6e30e,17,Field,Noise
train/noise/73d286ae964d689d_w12.png,73d286ae964d689d,12,Lab,Noise
train/noise/73d286ae964d689d_w18.png,73d286ae964d689d,18,Lab,Noise
train/noise/7423c25947e11b92_w03.png,7423c25947e11b92,3,Field,Noise
train/noise/7423c25947e11b92_w08.png,7423c25947e11b92,8,Field,Noise
train/noise/7478fc32572d8ebb_w00.png,7478fc32572d8ebb,0,Field,Noise
train/noise/7478fc32572d8ebb_w15.png,7478fc32572d8ebb,15,Field,Noise
train/noise/749e0426d8119595_w04.png,749e0426d8119595,4,Field,Noise
train/noise/749e0426d8119595_w07.png,749e0426d8119595,7,Field,Noise
train/noise/74d3f7042a96df5b_w14.png,74d3f7042a96df5b,14,Field,Noise
train/noise/74d3f7042a96df5b_w17.png,74d3f7042a96df5b,17,Field,Noise
train/noise/74fa5bf776ecc7b5_w22.png,74fa5bf776ecc7b5,22,Field,Noise
train/noise/74fa5bf776ecc7b5_w26.png,74fa5bf776ecc7b5,26,Field,Noise
train/noise/751c822b2ddff60e_w13.png,751c822b2ddff60e,13,Field,Noise
train/noise/751c822b2ddff60e_w23.png,751c822b2ddff60e,23,Field,Noise
train/noise/753d4ba35e5bbe8a_w18.png,753d4ba35e5bbe8a,18,Field,Noise
train/noise/753d4ba35e5bbe8a_w20.png,753d4ba35e5bbe8a,20,Field,Noise
train/noise/75a27143f4e1002f_w13.png,75a27143f4e1002f,13,Field,Noise
train/noise/75a27143f4e1002f_w20.png,75a27143f4e1002f,20,Field,Noise
train/noise/75f193b06b9dc69a_w17.png,75f193b06b9dc69a,17,Lab,Noise
train/noise/75f193b06b9dc69a_w26.png,75f193b06b9dc69a,26,Lab,Noise
train/noise/75fbd5dcd934674f_w12.png,75fbd5dcd934674f,12,Field,Noise
train/noise/75fbd5dcd934674f_w24.png,75fbd5dcd934674f,24,Field,Noise
train/noise/762a6d46f474f139_w03.png,762a6d46f474f139,3,Lab,Noise
train/noise/762a6d46f474f139_w14.png,762a6d46f474f139,14,Lab,Noise
train/noise/7692f19b2866e0d6_w12.png,7692f19b2866e0d6,12,Field,Noise
train/noise/7692f19b2866e0d6_w21.png,7692f19b2866e0d6,21,Field,Noise
train/noise/76e2d339b097d8f8_w14.png,76e2d339b097d8f8,14,Field,Noise
train/noise/76e2d339b097d8f8_w26.png,76e2d339b097d8f8,26,Field,Noise
train/noise/7702527f5a1f3bfc_w11.png,7702527f5a1f3bfc,11,Field,Noise
train/noise/7702527f5a1f3bfc_w27.png,7702527f5a1f3bfc,27,Field,Noise
train/noise/779387ab287e2737_w04.png,779387ab287e2737,4,Field,Noise
train/noise/779387ab287e2737_w26.png,779387ab287e2737,26,Field,Noise
train/noise/77ac3c3a87270c04_w20.png,77ac3c3a87270c04,20,Lab,Noise
train/noise/77ac3c3a87270c04_w22.png,77ac3c3a87270c04,22,Lab,Noise
train/noise/77f296c12d31b600_w17.png,77f296c12d31b600,17,Field,Noise
train/noise/77f296c12d31b600_w20.png,77f296c12d31b600,20,Field,Noise
train/noise/787a91851ed98ea5_w00.png,787a91851ed98ea5,0,Field,Noise
train/noise/787a91851ed98ea5_w03.png,787a91851ed98ea5,3,Field,Noise
train/noise/7887ff990a857023_w01.png,7887ff990a857023,1,Field,Noise
train/noise/7887ff990a857023_w14.png,7887ff990a857023,14,Field,Noise
train/noise/794a2ad451a34528_w13.png,794a2ad451a34528,13,Field,Noise
train/noise/794a2ad451a34528_w26.png,794a2ad451a34528,26,Field,Noise
train/noise/79c7d75f4902c991_w24.png,79c7d75f4902c991,24,Field,Noise
train/noise/79c7d75f4902c991_w26.png,79c7d75f4902c991,26,Field,Noise
train/noise/79d4de435823c25f_w08.png,79d4de435823c25f,8,Field,Noise
train/noise/79d4de435823c25f_w27.png,79d4de435823c25f,27,Field,Noise
train/noise/7a4ca097159465b1_w02.png,7a4ca097159465b1,2,Lab,Noise
train/noise/7a4ca097159465b1_w11.png,7a4ca097159465b1,11,Lab,Noise
train/noise/7a6490177b5a4f35_w02.png,7a6490177b5a4f35,2,Field,Noise
train/noise/7a6490177b5a4f35_w17.png,7a6490177b5a4f35,17,Field,Noise
train/noise/7abc8f550bbb7f7f_w14.png,7abc8f550bbb7f7f,14,Field,Noise
train/noise/7abc8f550bbb7f7f_w15.png,7abc8f550bbb7f7f,15,Field,Noise
train/noise/7b68eab2330dc4b2_w07.png,7b68eab2330dc4b2,7,Field,Noise
train/noise/7b68eab2330dc4b2_w25.png,7b68eab2330dc4b2,25,Field,Noise
train/noise/7b6e9cd5d776d92a_w06.png,7b6e9cd5d776d92a,6,Field,Noise
train/noise/7b6e9cd5d776d92a_w22.png,7b6e9cd5d776d92a,22,Field,Noise
train/noise/7b9ef13c0f0628be_w01.png,7b9ef13c0f0628be,1,Field,Noise
train/noise/7b9ef13c0f0628be_w10.png,7b9ef13c0f0628be,10,Field,Noise
train/noise/7bc14c77fb79be93_w01.png,7bc14c77fb79be93,1,Field,Noise
train/noise/7bc14c77fb79be93_w10.png,7bc14c77fb79be93,10,Field,Noise
train/noise/7c456f270e9d6e66_w18.png,7c456f270e9d6e66,18,Field,Noise
train/noise/7c456f270e9d6e66_w25.png,7c456f270e9d6e66,25,Field,Noise
train/noise/7c768ff6b8555516_w18.png,7c768ff6b8555516,18,Field,Noise
train/noise/7c768ff6b8555516_w19.png,7c768ff6b8555516,19,Field,Noise
train/noise/7ce787c8c375d462_w00.png,7ce787c8c375d462,0,Field,Noise
train/noise/7ce787c8c375d462_w24.png,7ce787c8c375d462,24,Field,Noise
train/noise/7d1be0597a86451e_w11.png,7d1be0597a86451e,11,Field,Noise
train/noise/7d1be0597a86451e_w19.png,7d1be0597a86451e,19,Field,Noise
train/noise/7d8c440c52d222fe_w01.png,7d8c440c52d222fe,1,Lab,Noise
train/noise/7d8c440c52d222fe_w10.png,7d8c440c52d222fe,10,Lab,Noise
train/noise/7da44ed9e33ea63d_w02.png,7da44ed9e33ea63d,2,Field,Noise
train/noise/7da44ed9e33ea63d_w06.png,7da44ed9e33ea63d,6,Field,Noise
train/noise/7ea138b725618702_w06.png,7ea138b725618702,6,Field,Noise
train/noise/7ea138b725618702_w24.png,7ea138b725618702,24,Field,Noise
train/noise/7eeead391f63a387_w00.png,7eeead391f63a387,0,Field,Noise
train/noise/7eeead391f63a387_w26.png,7eeead391f63a387,26,Field,Noise
train/noise/7efdd9f0fd2717f2_w07.png,7efdd9f0fd2717f2,7,Field,Noise
train/noise/7efdd9f0fd2717f2_w18.png,7efdd9f0fd2717f2,18,Field,Noise
train/noise/7f0927a46c0cba49_w00.png,7f0927a46c0cba49,0,Field,Noise
train/noise/7f0927a46c0cba49_w21.png,7f0927a46c0cba49,21,Field,Noise
train/noise/7f1b8cff2b120806_w18.png,7f1b8cff2b120806,18,Lab,Noise
train/noise/7f1b8cff2b120806_w25.png,7f1b8cff2b120806,25,Lab,Noise
train/noise/7fc7670e7fa23174_w07.png,7fc7670e7fa23174,7,Field,Noise
train/noise/7fc7670e7fa23174_w18.png,7fc7670e7fa23174,18,Field,Noise
train/noise/7fca66f90cf98fe7_w11.png,7fca66f90cf98fe7,11,Field,Noise
train/noise/7fca66f90cf98fe7_w23.png,7fca66f90cf98fe7,23,Field,Noise
train/noise/8043741ce693c2bc_w09.png,8043741ce693c2bc,9,Lab,Noise
train/noise/8043741ce693c2bc_w21.png,8043741ce693c2bc,21,Lab,Noise
train/noise/805f4289742c9a72_w08.png,805f4289742c9a72,8,Field,Noise
train/noise/805f4289742c9a72_w24.png,805f4289742c9a72,24,Field,Noise
train/noise/807dc653536aa228_w12.png,807dc653536aa228,12,Field,Noise
train/noise/807dc653536aa228_w15.png,807dc653536aa228,15,Field,Noise
train/noise/8088d9d0e91c826e_w03.png,8088d9d0e91c826e,3,Field,Noise
train/noise/8088d9d0e91c826e_w07.png,8088d9d0e91c826e,7,Field,Noise
train/noise/8096219367bcab79_w23.png,8096219367bcab79,23,Field,Noise
train/noise/8096219367bcab79_w24.png,8096219367bcab79,24,Field,Noise
train/noise/8099cff6b2174b8a_w02.png,8099cff6b2174b8a,2,Field,Noise
train/noise/8099cff6b2174b8a_w18.png,8099cff6b2174b8a,18,Field,Noise
train/noise/80c6c413ee217dd2_w09.png,80c6c413ee217dd2,9,Field,Noise
train/noise/80c6c413ee217dd2_w12.png,80c6c413ee217dd2,12,Field,Noise
train/noise/80db5dd67bd66e8c_w11.png,80db5dd67bd66e8c,11,Field,Noise
train/noise/80db5dd67bd66e8c_w22.png,80db5dd67bd66e8c,22,Field,Noise
train/noise/817a9e5af872e1bb_w17.png,817a9e5af872e1bb,17,Field,Noise
train/noise/817a9e5af872e1bb_w26.png,817a9e5af872e1bb,26,Field,Noise
train/noise/818be87b7fe463c1_w11.png,818be87b7fe463c1,11,Lab,Noise
train/noise/818be87b7fe463c1_w20.png,818be87b7fe463c1,20,Lab,Noise
train/noise/81dbbe4ca2520471_w03.png,81dbbe4ca2520471,3,Field,Noise
train/noise/81dbbe4ca2520471_w27.png,81dbbe4ca2520471,27,Field,Noise
train/noise/828caa686b2bc85a_w05.png,828caa686b2bc85a,5,Lab,Noise
train/noise/828caa686b2bc85a_w27.png,828caa686b2bc85a,27,Lab,Noise
train/noise/82c43b37617174e5_w18.png,82c43b37617174e5,18,Field,Noise
train/noise/82c43b37617174e5_w20.png,82c43b37617174e5,20,Field,Noise
train/noise/832947b6227fb364_w01.png,832947b6227fb364,1,Field,Noise
train/noise/832947b6227fb364_w10.png,832947b6227fb364,10,Field,Noise
train/noise/8342d9e7c9899e10_w06.png,8342d9e7c9899e10,6,Field,Noise
train/noise/8342d9e7c9899e10_w24.png,8342d9e7c9899e10,24,Field,Noise
train/noise/834cbd73629d5b98_w03.png,834cbd73629d5b98,3,Field,Noise
train/noise/834cbd73629d5b98_w09.png,834cbd73629d5b98,9,Field,Noise
train/noise/8353b30dc246a408_w02.png,8353b30dc246a408,2,Field,Noise
train/noise/8353b30dc246a408_w09.png,8353b30dc246a408,9,Field,Noise
train/noise/84685eaa80704a1a_w05.png,84685eaa80704a1a,5,Field,Noise
train/noise/84685eaa80704a1a_w09.png,84685eaa80704a1a,9,Field,Noise
train/noise/8481e77dcd58c32e_w00.png,8481e77dcd58c32e,0,Field,Noise
train/noise/8481e77dcd58c32e_w08.png,8481e77dcd58c32e,8,Field,Noise
train/noise/84ac305ea5f981a6_w17.png,84ac305ea5f981a6,17,Lab,Noise
train/noise/84ac305ea5f981a6_w26.png,84ac305ea5f981a6,26,Lab,Noise
train/noise/8541c5401f9d2e83_w09.png,8541c5401f9d2e83,9,Field,Noise
train/noise/8541c5401f9d2e83_w12.png,8541c5401f9d2e83,12,Field,Noise
train/noise/8545a012b64bfa8a_w23.png,8545a012b64bfa8a,23,Field,Noise
train/noise/8545a012b64bfa8a_w26.png,8545a012b64bfa8a,26,Field,Noise
train/noise/85d54bc50fbc69c7_w14.png,85d54bc50fbc69c7,14,Field,Noise
train/noise/85d54bc50fbc69c7_w20.png,85d54bc50fbc69c7,20,Field,Noise
train/noise/85f47db08bec6970_w07.png,85f47db08bec6970,7,Lab,Noise
train/noise/85f47db08bec6970_w26.png,85f47db08bec6970,26,Lab,Noise
train/noise/86444a3adea5fef0_w10.png,86444a3adea5fef0,10,Lab,Noise
train/noise/86444a3adea5fef0_w24.png,86444a3adea5fef0,24,Lab,Noise
train/noise/8652267f9534c4c5_w09.png,8652267f9534c4c5,9,Field,Noise
train/noise/8652267f9534c4c5_w15.png,8652267f9534c4c5,15,Field,Noise
train/noise/8679af098091053f_w08.png,8679af098091053f,8,Field,Noise
train/noise/8679af098091053f_w24.png,8679af098091053f,24,Field,Noise
train/noise/8680d3c08f92f089_w20.png,8680d3c08f92f089,20,Field,Noise
train/noise/8680d3c08f92f089_w26.png,8680d3c08f92f089,26,Field,Noise
train/noise/86a208a2a3f90664_w15.png,86a208a2a3f90664,15,Field,Noise
train/noise/86a208a2a3f90664_w17.png,86a208a2a3f90664,17,Field,Noise
train/noise/86c02a067a15fa30_w00.png,86c02a067a15fa30,0,Field,Noise
train/noise/86c02a067a15fa30_w08.png,86c02a067a15fa30,8,Field,Noise
train/noise/87251036db8864f4_w06.png,87251036db8864f4,6,Lab,Noise
train/noise/87251036db8864f4_w08.png,87251036db8864f4,8,Lab,Noise
train/noise/8732ee3d359509bd_w04.png,8732ee3d359509bd,4,Field,Noise
train/noise/8732ee3d359509bd_w27.png,8732ee3d359509bd,27,Field,Noise
train/noise/87b3e40e58a3cfd8_w00.png,87b3e40e58a3cfd8,0,Field,Noise
train/noise/87b3e40e58a3cfd8_w23.png,87b3e40e58a3cfd8,23,Field,Noise
train/noise/8835a88ba173f4e9_w01.png,8835a88ba173f4e9,1,Field,Noise
train/noise/8835a88ba173f4e9_w15.png,8835a88ba173f4e9,15,Field,Noise
train/noise/8879d487511cc368_w16.png,8879d487511cc368,16,Field,Noise
train/noise/8879d487511cc368_w21.png,8879d487511cc368,21,Field,Noise
train/noise/8895e8b91eab3f06_w12.png,8895e8b91eab3f06,12,Field,Noise
train/noise/8895e8b91eab3f06_w17.png,8895e8b91eab3f06,17,Field,Noise
train/noise/88aa720983393979_w12.png,88aa720983393979,12,Field,Noise
train/noise/88aa720983393979_w26.png,88aa720983393979,26,Field,Noise
train/noise/8908e4968ba2ce5e_w15.png,8908e4968ba2ce5e,15,Field,Noise
train/noise/8908e4968ba2ce5e_w18.png,8908e4968ba2ce5e,18,Field,Noise
train/noise/89475594ea35c1fa_w18.png,89475594ea35c1fa,18,Field,Noise
train/noise/89475594ea35c1fa_w21.png,89475594ea35c1fa,21,Field,Noise
train/noise/89a634b509360c2b_w07.png,89a634b509360c2b,7,Lab,Noise
train/noise/89a634b509360c2b_w22.png,89a634b509360c2b,22,Lab,Noise
train/noise/89c6e499658a1ef0_w04.png,89c6e499658a1ef0,4,Field,Noise
train/noise/89c6e499658a1ef0_w27.png,89c6e499658a1ef0,27,Field,Noise
train/noise/89e5e51b0cd025a2_w02.png,89e5e51b0cd025a2,2,Lab,Noise
train/noise/89e5e51b0cd025a2_w08.png,89e5e51b0cd025a2,8,Lab,Noise
train/noise/8a0346388477f2cc_w08.png,8a0346388477f2cc,8,Field,Noise
train/noise/8a0346388477f2cc_w17.png,8a0346388477f2cc,17,Field,Noise
train/noise/8b09a0a126c65882_w14.png,8b09a0a126c65882,14,Lab,Noise
train/noise/8b09a0a126c65882_w21.png,8b09a0a126c65882,21,Lab,Noise
train/noise/8b2bbda5bc423cb5_w03.png,8b2bbda5bc423cb5,3,Field,Noise
train/noise/8b2bbda5bc423cb5_w11.png,8b2bbda5bc423cb5,11,Field,Noise
train/noise/8b2db6e9e5a2492f_w25.png,8b2db6e9e5a2492f,25,Lab,Noise
train/noise/8b2db6e9e5a2492f_w26.png,8b2db6e9e5a2492f,26,Lab,Noise
train/noise/8b317a01d41b36c8_w02.png,8b317a01d41b36c8,2,Field,Noise
train/noise/8b317a01d41b36c8_w08.png,8b317a01d41b36c8,8,Field,Noise
train/noise/8c356b49d028bd13_w01.png,8c356b49d028bd13,1,Field,Noise
train/noise/8c356b49d028bd13_w06.png,8c356b49d028bd13,6,Field,Noise
train/noise/8c49588a1544bc3f_w01.png,8c49588a1544bc3f,1,Lab,Noise
train/noise/8c49588a1544bc3f_w27.png,8c49588a1544bc3f,27,Lab,Noise
train/noise/8cd084a08a280100_w07.png,8cd084a08a280100,7,Field,Noise
train/noise/8cd084a08a280100_w14.png,8cd084a08a280100,14,Field,Noise
train/noise/8ce700877caef928_w01.png,8ce700877caef928,1,Lab,Noise
train/noise/8ce700877caef928_w08.png,8ce700877caef928,8,Lab,Noise
train/noise/8d3f779b3e8ec6e8_w03.png,8d3f779b3e8ec6e8,3,Field,Noise
train/noise/8d3f779b3e8ec6e8_w23.png,8d3f779b3e8ec6e8,23,Field,Noise
train/noise/8e481657563f232b_w10.png,8e481657563f232b,10,Field,Noise
train/noise/8e481657563f232b_w21.png,8e481657563f232b,21,Field,Noise
train/noise/8e6c4cfe5a52c50c_w19.png,8e6c4cfe5a52c50c,19,Field,Noise
train/noise/8e6c4cfe5a52c50c_w24.png,8e6c4cfe5a52c50c,24,Field,Noise
train/noise/8e81433988191912_w05.png,8e81433988191912,5,Lab,Noise
train/noise/8e81433988191912_w27.png,8e81433988191912,27,Lab,Noise
train/noise/8ea7126f35d4df64_w11.png,8ea7126f35d4df64,11,Field,Noise
train/noise/8ea7126f35d4df64_w13.png,8ea7126f35d4df64,13,Field,Noise
train/noise/8ecdf354693a60ff_w04.png,8ecdf354693a60ff,4,Lab,Noise
train/noise/8ecdf354693a60ff_w11.png,8ecdf354693a60ff,11,Lab,Noise
train/noise/8efaad829f841383_w03.png,8efaad829f841383,3,Field,Noise
train/noise/8efaad829f841383_w07.png,8efaad829f841383,7,Field,Noise
train/noise/8f0d10d5e502c487_w04.png,8f0d10d5e502c487,4,Field,Noise
train/noise/8f0d10d5e502c487_w23.png,8f0d10d5e502c487,23,Field,Noise
train/noise/901f3b5e40c85e45_w02.png,901f3b5e40c85e45,2,Field,Noise
train/noise/901f3b5e40c85e45_w14.png,901f3b5e40c85e45,14,Field,Noise
train/noise/90739ec4d0212483_w00.png,90739ec4d0212483,0,Field,Noise
train/noise/90739ec4d0212483_w13.png,90739ec4d0212483,13,Field,Noise
train/noise/90c47885ac859630_w11.png,90c47885ac859630,11,Field,Noise
train/noise/90c47885ac859630_w12.png,90c47885ac859630,12,Field,Noise
train/noise/9180a423bc93abc8_w13.png,9180a423bc93abc8,13,Field,Noise
train/noise/9180a423bc93abc8_w21.png,9180a423bc93abc8,21,Field,Noise
train/noise/91e113d90e10a658_w07.png,91e113d90e10a658,7,Field,Noise
train/noise/91e113d90e10a658_w14.png,91e113d90e10a658,14,Field,Noise
train/noise/92300f2a00fa936c_w08.png,92300f2a00fa936c,8,Field,Noise
train/noise/92300f2a00fa936c_w16.png,92300f2a00fa936c,16,Field,Noise
train/noise/9259a612c36edf7e_w13.png,9259a612c36edf7e,13,Field,Noise
train/noise/9259a612c36edf7e_w24.png,9259a612c36edf7e,24,Field,Noise
train/noise/93863fe081f4668c_w09.png,93863fe081f4668c,9,Field,Noise
train/noise/93863fe081f4668c_w18.png,93863fe081f4668c,18,Field,Noise
train/noise/93f5e8e2b6fb6ff6_w09.png,93f5e8e2b6fb6ff6,9,Field,Noise
train/noise/93f5e8e2b6fb6ff6_w20.png,93f5e8e2b6fb6ff6,20,Field,Noise
train/noise/9493459278416c27_w13.png,9493459278416c27,13,Field,Noise
train/noise/9493459278416c27_w25.png,9493459278416c27,25,Field,Noise
train/noise/94e76d9c2546db84_w12.png,94e76d9c2546db84,12,Field,Noise
train/noise/94e76d9c2546db84_w13.png,94e76d9c2546db84,13,Field,Noise
train/noise/957abc00bdd79933_w05.png,957abc00bdd79933,5,Field,Noise
train/noise/957abc00bdd79933_w19.png,957abc00bdd79933,19,Field,Noise
train/noise/9601fcdb8c2b904b_w01.png,9601fcdb8c2b904b,1,Field,Noise
train/noise/9601fcdb8c2b904b_w16.png,9601fcdb8c2b904b,16,Field,Noise
train/noise/96b76c5ddc431495_w00.png,96b76c5ddc431495,0,Field,Noise
train/noise/96b76c5ddc431495_w03.png,96b76c5ddc431495,3,Field,Noise
train/noise/970b8468ed9cae4e_w00.png,970b8468ed9cae4e,0,Field,Noise
train/noise/970b8468ed9cae4e_w02.png,970b8468ed9cae4e,2,Field,Noise
train/noise/9718dffeb3ed894c_w05.png,9718dffeb3ed894c,5,Lab,Noise
train/noise/9718dffeb3ed894c_w22.png,9718dffeb3ed894c,22,Lab,Noise
train/noise/97cf9f9eab556238_w03.png,97cf9f9eab556238,3,Field,Noise
train/noise/97cf9f9eab556238_w04.png,97cf9f9eab556238,4,Field,Noise
train/noise/97e4ee4cd42e8796_w13.png,97e4ee4cd42e8796,13,Field,Noise
train/noise/97e4ee4cd42e8796_w16.png,97e4ee4cd42e8796,16,Field,Noise
train/noise/97e7bd14c71b2f43_w02.png,97e7bd14c71b2f43,2,Field,Noise
train/noise/97e7bd14c71b2f43_w15.png,97e7bd14c71b2f43,15,Field,Noise
train/noise/980778740f04a540_w15.png,980778740f04a540,15,Lab,Noise
train/noise/980778740f04a540_w19.png,980778740f04a540,19,Lab,Noise
train/noise/989a06a3795716d4_w00.png,989a06a3795716d4,0,Field,Noise
train/noise/989a06a3795716d4_w13.png,989a06a3795716d4,13,Field,Noise
train/noise/98e21d6e50b09e8b_w14.png,98e21d6e50b09e8b,14,Lab,Noise
train/noise/98e21d6e50b09e8b_w23.png,98e21d6e50b09e8b,23,Lab,Noise
train/noise/9926ef04cf06c802_w04.png,9926ef04cf06c802,4,Lab,Noise
train/noise/9926ef04cf06c802_w12.png,9926ef04cf06c802,12,Lab,Noise
train/noise/9946ac0b039f2fd3_w20.png,9946ac0b039f2fd3,20,Field,Noise
train/noise/9946ac0b039f2fd3_w27.png,9946ac0b039f2fd3,27,Field,Noise
train/noise/995da59129374a44_w07.png,995da59129374a44,7,Lab,Noise
train/noise/995da59129374a44_w27.png,995da59129374a44,27,Lab,Noise
train/noise/99ceb10529af1f72_w15.png,99ceb10529af1f72,15,Field,Noise
train/noise/99ceb10529af1f72_w24.png,99ceb10529af1f72,24,Field,Noise
train/noise/99f5b0c93f04e9fa_w16.png,99f5b0c93f04e9fa,16,Field,Noise
train/noise/99f5b0c93f04e9fa_w26.png,99f5b0c93f04e9fa,26,Field,Noise
train/noise/9a17f6b0858600b6_w02.png,9a17f6b0858600b6,2,Lab,Noise
train/noise/9a17f6b0858600b6_w26.png,9a17f6b0858600b6,26,Lab,Noise
train/noise/9a2873dd42cda6b6_w19.png,9a2873dd42cda6b6,19,Field,Noise
train/noise/9a2873dd42cda6b6_w22.png,9a2873dd42cda6b6,22,Field,Noise
train/noise/9a3cc2591a8a2e2c_w08.png,9a3cc2591a8a2e2c,8,Lab,Noise
train/noise/9a3cc2591a8a2e2c_w15.png,9a3cc2591a8a2e2c,15,Lab,Noise
train/noise/9a601316fbab5235_w03.png,9a601316fbab5235,3,Field,Noise
train/noise/9a601316fbab5235_w16.png,9a601316fbab5235,16,Field,Noise
train/noise/9b5fbc4dd191b6c9_w05.png,9b5fbc4dd191b6c9,5,Field,Noise
train/noise/9b5fbc4dd191b6c9_w14.png,9b5fbc4dd191b6c9,14,Field,Noise
train/noise/9b8e32793e4b2ece_w08.png,9b8e32793e4b2ece,8,Field,Noise
train/noise/9b8e32793e4b2ece_w17.png,9b8e32793e4b2ece,17,Field,Noise
train/noise/9c494da5ac56b307_w02.png,9c494da5ac56b307,2,Field,Noise
train/noise/9c494da5ac56b307_w24.png,9c494da5ac56b307,24,Field,Noise
train/noise/9c88972826aa69d1_w09.png,9c88972826aa69d1,9,Field,Noise
train/noise/9c88972826aa69d1_w19.png,9c88972826aa69d1,19,Field,Noise
train/noise/9cad205b8584541b_w00.png,9cad205b8584541b,0,Field,Noise
train/noise/9cad205b8584541b_w19.png,9cad205b8584541b,19,Field,Noise
train/noise/9cb600f558b86d1f_w17.png,9cb600f558b86d1f,17,Field,Noise
train/noise/9cb600f558b86d1f_w20.png,9cb600f558b86d1f,20,Field,Noise
train/noise/9cc4913880f5be55_w08.png,9cc4913880f5be55,8,Field,Noise
train/noise/9cc4913880f5be55_w19.png,9cc4913880f5be55,19,Field,Noise
train/noise/9d81cc325e1830b0_w08.png,9d81cc325e1830b0,8,Field,Noise
train/noise/9d81cc325e1830b0_w22.png,9d81cc325e1830b0,22,Field,Noise
train/noise/9d91098a3991e6de_w04.png,9d91098a3991e6de,4,Field,Noise
train/noise/9d91098a3991e6de_w24.png,9d91098a3991e6de,24,Field,Noise
train/noise/9dc0d28f5572cc52_w03.png,9dc0d28f5572cc52,3,Field,Noise
train/noise/9dc0d28f5572cc52_w06.png,9dc0d28f5572cc52,6,Field,Noise
train/noise/9df7c23dca312cc8_w03.png,9df7c23dca312cc8,3,Field,Noise
train/noise/9df7c23dca312cc8_w18.png,9df7c23dca312cc8,18,Field,Noise
train/noise/9e301b9023c3b994_w01.png,9e301b9023c3b994,1,Field,Noise
train/noise/9e301b9023c3b994_w04.png,9e301b9023c3b994,4,Field,Noise
train/noise/9e51a433201e1aa5_w03.png,9e51a433201e1aa5,3,Lab,Noise
train/noise/9e51a433201e1aa5_w13.png,9e51a433201e1aa5,13,Lab,Noise
train/noise/9e625908b01b31a3_w00.png,9e625908b01b31a3,0,Field,Noise
train/noise/9e625908b01b31a3_w07.png,9e625908b01b31a3,7,Field,Noise
train/noise/9eb4732b7c5aae40_w00.png,9eb4732b7c5aae40,0,Field,Noise
train/noise/9eb4732b7c5aae40_w15.png,9eb4732b7c5aae40,15,Field,Noise
train/noise/9ee1832c9f07de75_w15.png,9ee1832c9f07de75,15,Field,Noise
train/noise/9ee1832c9f07de75_w16.png,9ee1832c9f07de75,16,Field,Noise
train/noise/9f0451f21f1a8439_w03.png,9f0451f21f1a8439,3,Field,Noise
train/noise/9f0451f21f1a8439_w16.png,9f0451f21f1a8439,16,Field,Noise
train/noise/9f4c8a13dd0ce299_w02.png,9f4c8a13dd0ce299,2,Lab,Noise
train/noise/9f4c8a13dd0ce299_w24.png,9f4c8a13dd0ce299,24,Lab,Noise
train/noise/9fa70f9e5fb6706b_w04.png,9fa70f9e5fb6706b,4,Field,Noise
train/noise/9fa70f9e5fb6706b_w14.png,9fa70f9e5fb6706b,14,Field,Noise
train/noise/9fc25ab082f0531e_w04.png,9fc25ab082f0531e,4,Field,Noise
train/noise/9fc25ab082f0531e_w07.png,9fc25ab082f0531e,7,Field,Noise
train/noise/a0064deadcc46df3_w01.png,a0064deadcc46df3,1,Field,Noise
train/noise/a0064deadcc46df3_w12.png,a0064deadcc46df3,12,Field,Noise
train/noise/a09a9caee8e02e0f_w03.png,a09a9caee8e02e0f,3,Lab,Noise
train/noise/a09a9caee8e02e0f_w08.png,a09a9caee8e02e0f,8,Lab,Noise
train/noise/a1967c91c314aac1_w17.png,a1967c91c314aac1,17,Field,Noise
train/noise/a1967c91c314aac1_w27.png,a1967c91c314aac1,27,Field,Noise
train/noise/a1b56d2971b8579f_w00.png,a1b56d2971b8579f,0,Field,Noise
train/noise/a1b56d2971b8579f_w05.png,a1b56d2971b8579f,5,Field,Noise
train/noise/a1d69ec70bcd9b29_w04.png,a1d69ec70bcd9b29,4,Field,Noise
train/noise/a1d69ec70bcd9b29_w16.png,a1d69ec70bcd9b29,16,Field,Noise
train/noise/a25998cd0dbd6aaa_w22.png,a25998cd0dbd6aaa,22,Field,Noise
train/noise/a25998cd0dbd6aaa_w24.png,a25998cd0dbd6aaa,24,Field,Noise
train/noise/a2a723eb5a18b5ce_w06.png,a2a723eb5a18b5ce,6,Field,Noise
train/noise/a2a723eb5a18b5ce_w17.png,a2a723eb5a18b5ce,17,Field,Noise
train/noise/a2a8ca443d6c0b0d_w05.png,a2a8ca443d6c0b0d,5,Field,Noise
train/noise/a2a8ca443d6c0b0d_w15.png,a2a8ca443d6c0b0d,15,Field,Noise
train/noise/a301e3fc7b9f027c_w10.png,a301e3fc7b9f027c,10,Field,Noise
train/noise/a301e3fc7b9f027c_w21.png,a301e3fc7b9f027c,21,Field,Noise
train/noise/a30205fdc9fc9c30_w14.png,a30205fdc9fc9c30,14,Field,Noise
train/noise/a30205fdc9fc9c30_w20.png,a30205fdc9fc9c30,20,Field,Noise
train/noise/a31ee1c962302fa0_w07.png,a31ee1c962302fa0,7,Field,Noise
train/noise/a31ee1c962302fa0_w15.png,a31ee1c962302fa0,15,Field,Noise
train/noise/a42338527a3ea057_w19.png,a42338527a3ea057,19,Field,Noise
train/noise/a42338527a3ea057_w27.png,a42338527a3ea057,27,Field,Noise
train/noise/a43e57f140404a09_w11.png,a43e57f140404a09,11,Field,Noise
train/noise/a43e57f140404a09_w25.png,a43e57f140404a09,25,Field,Noise
train/noise/a474b6277be44090_w00.png,a474b6277be44090,0,Field,Noise
train/noise/a474b6277be44090_w25.png,a474b6277be44090,25,Field,Noise
train/noise/a500b1b72fc9c06a_w10.png,a500b1b72fc9c06a,10,Field,Noise
train/noise/a500b1b72fc9c06a_w21.png,a500b1b72fc9c06a,21,Field,Noise
train/noise/a544434e650e1055_w11.png,a544434e650e1055,11,Field,Noise
train/noise/a544434e650e1055_w27.png,a544434e650e1055,27,Field,Noise
train/noise/a5740bc7e1121abc_w02.png,a5740bc7e1121abc,2,Field,Noise
train/noise/a5740bc7e1121abc_w21.png,a5740bc7e1121abc,21,Field,Noise
train/noise/a586e512e869d022_w11.png,a586e512e869d022,11,Field,Noise
train/noise/a586e512e869d022_w17.png,a586e512e869d022,17,Field,Noise
train/noise/a5963026bb601f29_w13.png,a5963026bb601f29,13,Field,Noise
train/noise/a5963026bb601f29_w18.png,a5963026bb601f29,18,Field,Noise
train/noise/a6887fb82634a7e7_w09.png,a6887fb82634a7e7,9,Field,Noise
train/noise/a6887fb82634a7e7_w26.png,a6887fb82634a7e7,26,Field,Noise
train/noise/a6bc42f816a9e477_w04.png,a6bc42f816a9e477,4,Field,Noise
train/noise/a6bc42f816a9e477_w19.png,a6bc42f816a9e477,19,Field,Noise
train/noise/a6e8068ec81578bd_w24.png,a6e8068ec81578bd,24,Field,Noise
train/noise/a6e8068ec81578bd_w27.png,a6e8068ec81578bd,27,Field,Noise
train/noise/a6f32982e6f94d39_w06.png,a6f32982e6f94d39,6,Lab,Noise
train/noise/a6f32982e6f94d39_w24.png,a6f32982e6f94d39,24,Lab,Noise
train/noise/a77e747fec2ae371_w09.png,a77e747fec2ae371,9,Field,Noise
train/noise/a77e747fec2ae371_w13.png,a77e747fec2ae371,13,Field,Noise
train/noise/a7c5c51db99f2099_w18.png,a7c5c51db99f2099,18,Lab,Noise
train/noise/a7c5c51db99f2099_w19.png,a7c5c51db99f2099,19,Lab,Noise
train/noise/a7f91ed25267b2eb_w10.png,a7f91ed25267b2eb,10,Field,Noise
train/noise/a7f91ed25267b2eb_w17.png,a7f91ed25267b2eb,17,Field,Noise
train/noise/a868615849e27b9a_w02.png,a868615849e27b9a,2,Field,Noise
train/noise/a868615849e27b9a_w13.png,a868615849e27b9a,13,Field,Noise
train/noise/a8c11c5cc144b945_w17.png,a8c11c5cc144b945,17,Field,Noise
train/noise/a8c11c5cc144b945_w20.png,a8c11c5cc144b945,20,Field,Noise
train/noise/a9f341076d2c6ac6_w21.png,a9f341076d2c6ac6,21,Field,Noise
train/noise/a9f341076d2c6ac6_w26.png,a9f341076d2c6ac6,26,Field,Noise
train/noise/aa2901679f7d0a2e_w02.png,aa2901679f7d0a2e,2,Field,Noise
train/noise/aa2901679f7d0a2e_w11.png,aa2901679f7d0a2e,11,Field,Noise
train/noise/aa57b8962804342e_w19.png,aa57b8962804342e,19,Field,Noise
train/noise/aa57b8962804342e_w24.png,aa57b8962804342e,24,Field,Noise
train/noise/aa8a17b7ee06d915_w22.png,aa8a17b7ee06d915,22,Field,Noise
train/noise/aa8a17b7ee06d915_w23.png,aa8a17b7ee06d915,23,Field,Noise
train/noise/aa90f9c47727a037_w00.png,aa90f9c47727a037,0,Field,Noise
train/noise/aa90f9c47727a037_w02.png,aa90f9c47727a037,2,Field,Noise
train/noise/aa96d41315dd9b7d_w11.png,aa96d41315dd9b7d,11,Field,Noise
train/noise/aa96d41315dd9b7d_w20.png,aa96d41315dd9b7d,20,Field,Noise
train/noise/aadfcbbb4839d8a1_w00.png,aadfcbbb4839d8a1,0,Field,Noise
train/noise/aadfcbbb4839d8a1_w05.png,aadfcbbb4839d8a1,5,Field,Noise
train/noise/aaeeea5b3b5e492d_w10.png,aaeeea5b3b5e492d,10,Field,Noise
train/noise/aaeeea5b3b5e492d_w26.png,aaeeea5b3b5e492d,26,Field,Noise
train/noise/ab0aea8bf3a566b4_w19.png,ab0aea8bf3a566b4,19,Field,Noise
train/noise/ab0aea8bf3a566b4_w26.png,ab0aea8bf3a566b4,26,Field,Noise
train/noise/ab26fa8ec1eea766_w11.png,ab26fa8ec1eea766,11,Lab,Noise
train/noise/ab26fa8ec1eea766_w16.png,ab26fa8ec1eea766,16,Lab,Noise
train/noise/ab352e3a7a2c37c8_w08.png,ab352e3a7a2c37c8,8,Lab,Noise
train/noise/ab352e3a7a2c37c8_w09.png,ab352e3a7a2c37c8,9,Lab,Noise
train/noise/ac0f02930b8e5a1f_w15.png,ac0f02930b8e5a1f,15,Field,Noise
train/noise/ac0f02930b8e5a1f_w16.png,ac0f02930b8e5a1f,16,Field,Noise
train/noise/ac57572c83494398_w00.png,ac57572c83494398,0,Field,Noise
train/noise/ac57572c83494398_w11.png,ac57572c83494398,11,Field,Noise
train/noise/ad755f5380a294af_w15.png,ad755f5380a294af,15,Field,Noise
train/noise/ad755f5380a294af_w26.png,ad755f5380a294af,26,Field,Noise
train/noise/ae129c31b1c0832a_w01.png,ae129c31b1c0832a,1,Field,Noise
train/noise/ae129c31b1c0832a_w12.png,ae129c31b1c0832a,12,Field,Noise
train/noise/ae35ebc2b1de3648_w09.png,ae35ebc2b1de3648,9,Field,Noise
train/noise/ae35ebc2b1de3648_w10.png,ae35ebc2b1de3648,10,Field,Noise
train/noise/aedd2974c89027c7_w10.png,aedd2974c89027c7,10,Field,Noise
train/noise/aedd2974c89027c7_w21.png,aedd2974c89027c7,21,Field,Noise
train/noise/afb6ba96f98f00a0_w04.png,afb6ba96f98f00a0,4,Field,Noise
train/noise/afb6ba96f98f00a0_w08.png,afb6ba96f98f00a0,8,Field,Noise
train/noise/b0214e9c2c7e6f9d_w01.png,b0214e9c2c7e6f9d,1,Field,Noise
train/noise/b0214e9c2c7e6f9d_w18.png,b0214e9c2c7e6f9d,18,Field,Noise
train/noise/b0baeae8b18fa3dd_w00.png,b0baeae8b18fa3dd,0,Field,Noise
train/noise/b0baeae8b18fa3dd_w26.png,b0baeae8b18fa3dd,26,Field,Noise
train/noise/b10b407ea9527596_w05.png,b10b407ea9527596,5,Field,Noise
train/noise/b10b407ea9527596_w06.png,b10b407ea9527596,6,Field,Noise
train/noise/b1229d78554f91b8_w12.png,b1229d78554f91b8,12,Field,Noise
train/noise/b1229d78554f91b8_w21.png,b1229d78554f91b8,21,Field,Noise
train/noise/b157a296424f0a88_w09.png,b157a296424f0a88,9,Field,Noise
train/noise/b157a296424f0a88_w23.png,b157a296424f0a88,23,Field,Noise
train/noise/b1688031254eb7fd_w05.png,b1688031254eb7fd,5,Lab,Noise
train/noise/b1688031254eb7fd_w12.png,b1688031254eb7fd,12,Lab,Noise
train/noise/b193c7340c22430a_w05.png,b193c7340c22430a,5,Field,Noise
train/noise/b193c7340c22430a_w13.png,b193c7340c22430a,13,Field,Noise
train/noise/b1bd35a410e2aaa8_w01.png,b1bd35a410e2aaa8,1,Field,Noise
train/noise/b1bd35a410e2aaa8_w13.png,b1bd35a410e2aaa8,13,Field,Noise
train/noise/b1cc3702f6c40f72_w03.png,b1cc3702f6c40f72,3,Field,Noise
train/noise/b1cc3702f6c40f72_w07.png,b1cc3702f6c40f72,7,Field,Noise
train/noise/b1e4a2a7f890370a_w00.png,b1e4a2a7f890370a,0,Field,Noise
train/noise/b1e4a2a7f890370a_w13.png,b1e4a2a7f890370a,13,Field,Noise
train/noise/b20867fd279f8588_w06.png,b20867fd279f8588,6,Field,Noise
train/noise/b20867fd279f8588_w25.png,b20867fd279f8588,25,Field,Noise
train/noise/b288a998892a527a_w13.png,b288a998892a527a,13,Field,Noise
train/noise/b288a998892a527a_w18.png,b288a998892a527a,18,Field,Noise
train/noise/b3f90fbc6fa1646a_w02.png,b3f90fbc6fa1646a,2,Field,Noise
train/noise/b3f90fbc6fa1646a_w06.png,b3f90fbc6fa1646a,6,Field,Noise
train/noise/b40d0198b9756f85_w03.png,b40d0198b9756f85,3,Field,Noise
train/noise/b40d0198b9756f85_w08.png,b40d0198b9756f85,8,Field,Noise
train/noise/b492d8db6d9d43bb_w08.png,b492d8db6d9d43bb,8,Lab,Noise
train/noise/b492d8db6d9d43bb_w20.png,b492d8db6d9d43bb,20,Lab,Noise
train/noise/b4e1393b567db0a7_w20.png,b4e1393b567db0a7,20,Field,Noise
train/noise/b4e1393b567db0a7_w25.png,b4e1393b567db0a7,25,Field,Noise
train/noise/b52c1b0f4e624035_w17.png,b52c1b0f4e624035,17,Field,Noise
train/noise/b52c1b0f4e624035_w26.png,b52c1b0f4e624035,26,Field,Noise
train/noise/b53906ac5240656d_w09.png,b53906ac5240656d,9,Field,Noise
train/noise/b53906ac5240656d_w26.png,b53906ac5240656d,26,Field,Noise
train/noise/b5b6a152e8750d0b_w01.png,b5b6a152e8750d0b,1,Field,Noise
train/noise/b5b6a152e8750d0b_w11.png,b5b6a152e8750d0b,11,Field,Noise
train/noise/b637e52628429829_w08.png,b637e52628429829,8,Field,Noise
train/noise/b637e52628429829_w25.png,b637e52628429829,25,Field,Noise
train/noise/b66daec5adf91e2b_w11.png,b66daec5adf91e2b,11,Field,Noise
train/noise/b66daec5adf91e2b_w14.png,b66daec5adf91e2b,14,Field,Noise
train/noise/b69d3d60cfebe4ab_w22.png,b69d3d60cfebe4ab,22,Field,Noise
train/noise/b69d3d60cfebe4ab_w23.png,b69d3d60cfebe4ab,23,Field,Noise
train/noise/b6a81203a693a074_w11.png,b6a81203a693a074,11,Field,Noise
train/noise/b6a81203a693a074_w16.png,b6a81203a693a074,16,Field,Noise
train/noise/b7439748cbb8cf8a_w04.png,b7439748cbb8cf8a,4,Field,Noise
train/noise/b7439748cbb8cf8a_w14.png,b7439748cbb8cf8a,14,Field,Noise
train/noise/b75f4b4131619dc9_w06.png,b75f4b4131619dc9,6,Field,Noise
train/noise/b75f4b4131619dc9_w12.png,b75f4b4131619dc9,12,Field,Noise
train/noise/b7c4d75dd7236d29_w02.png,b7c4d75dd7236d29,2,Field,Noise
train/noise/b7c4d75dd7236d29_w23.png,b7c4d75dd7236d29,23,Field,Noise
train/noise/b7f63e094e899dbb_w14.png,b7f63e094e899dbb,14,Field,Noise
train/noise/b7f63e094e899dbb_w15.png,b7f63e094e899dbb,15,Field,Noise
train/noise/b80888c2b784a837_w08.png,b80888c2b784a837,8,Field,Noise
train/noise/b80888c2b784a837_w19.png,b80888c2b784a837,19,Field,Noise
train/noise/b82b2bb8e3042b16_w10.png,b82b2bb8e3042b16,10,Field,Noise
train/noise/b82b2bb8e3042b16_w23.png,b82b2bb8e3042b16,23,Field,Noise
train/noise/b82c8c189342136d_w02.png,b82c8c189342136d,2,Field,Noise
train/noise/b82c8c189342136d_w21.png,b82c8c189342136d,21,Field,Noise
train/noise/b896cc4a9206a94c_w01.png,b896cc4a9206a94c,1,Field,Noise
train/noise/b896cc4a9206a94c_w20.png,b896cc4a9206a94c,20,Field,Noise
train/noise/b8da0c03e6781c68_w16.png,b8da0c03e6781c68,16,Field,Noise
train/noise/b8da0c03e6781c68_w26.png,b8da0c03e6781c68,26,Field,Noise
train/noise/b92847c17efff3f8_w03.png,b92847c17efff3f8,3,Lab,Noise
train/noise/b92847c17efff3f8_w06.png,b92847c17efff3f8,6,Lab,Noise
train/noise/b9943804b888e683_w02.png,b9943804b888e683,2,Field,Noise
train/noise/b9943804b888e683_w19.png,b9943804b888e683,19,Field,Noise
train/noise/ba3d6dee00c58880_w04.png,ba3d6dee00c58880,4,Lab,Noise
train/noise/ba3d6dee00c58880_w07.png,ba3d6dee00c58880,7,Lab,Noise
train/noise/ba53ade84e7a9edf_w05.png,ba53ade84e7a9edf,5,Field,Noise
train/noise/ba53ade84e7a9edf_w16.png,ba53ade84e7a9edf,16,Field,Noise
train/noise/ba7007a8df0d14f1_w01.png,ba7007a8df0d14f1,1,Field,Noise
train/noise/ba7007a8df0d14f1_w11.png,ba7007a8df0d14f1,11,Field,Noise
train/noise/baf74f2de98713e6_w05.png,baf74f2de98713e6,5,Field,Noise
train/noise/baf74f2de98713e6_w06.png,baf74f2de98713e6,6,Field,Noise
train/noise/bb8b690bb0c88035_w03.png,bb8b690bb0c88035,3,Lab,Noise
train/noise/bb8b690bb0c88035_w19.png,bb8b690bb0c88035,19,Lab,Noise
train/noise/bbc3f41c6b96cbf0_w15.png,bbc3f41c6b96cbf0,15,Lab,Noise
train/noise/bbc3f41c6b96cbf0_w24.png,bbc3f41c6b96cbf0,24,Lab,Noise
train/noise/bbe1d3d7d26cca46_w09.png,bbe1d3d7d26cca46,9,Lab,Noise
train/noise/bbe1d3d7d26cca46_w14.png,bbe1d3d7d26cca46,14,Lab,Noise
train/noise/bc48602a89ce0926_w06.png,bc48602a89ce0926,6,Field,Noise
train/noise/bc48602a89ce0926_w19.png,bc48602a89ce0926,19,Field,Noise
train/noise/bcb57df996d1d9f0_w06.png,bcb57df996d1d9f0,6,Lab,Noise
train/noise/bcb57df996d1d9f0_w08.png,bcb57df996d1d9f0,8,Lab,Noise
train/noise/bd8c7501e20e9984_w00.png,bd8c7501e20e9984,0,Lab,Noise
train/noise/bd8c7501e20e9984_w26.png,bd8c7501e20e9984,26,Lab,Noise
train/noise/bd8e66770087f5de_w00.png,bd8e66770087f5de,0,Lab,Noise
train/noise/bd8e66770087f5de_w23.png,bd8e66770087f5de,23,Lab,Noise
train/noise/bd9346587c820775_w08.png,bd9346587c820775,8,Field,Noise
train/noise/bd9346587c820775_w14.png,bd9346587c820775,14,Field,Noise
train/noise/bdaae1b1a853e234_w12.png,bdaae1b1a853e234,12,Field,Noise
train/noise/bdaae1b1a853e234_w13.png,bdaae1b1a853e234,13,Field,Noise
train/noise/be30805c35a8d4c4_w10.png,be30805c35a8d4c4,10,Field,Noise
train/noise/be30805c35a8d4c4_w15.png,be30805c35a8d4c4,15,Field,Noise
train/noise/be53eaac777cc7b7_w10.png,be53eaac777cc7b7,10,Field,Noise
train/noise/be53eaac777cc7b7_w11.png,be53eaac777cc7b7,11,Field,Noise
train/noise/bed97cc356d0d183_w03.png,bed97cc356d0d183,3,Field,Noise
train/noise/bed97cc356d0d183_w09.png,bed97cc356d0d183,9,Field,Noise
train/noise/bf05a8324f82d0d2_w02.png,bf05a8324f82d0d2,2,Field,Noise
train/noise/bf05a8324f82d0d2_w25.png,bf05a8324f82d0d2,25,Field,Noise
train/noise/bf951361d142f163_w22.png,bf951361d142f163,22,Field,Noise
train/noise/bf951361d142f163_w26.png,bf951361d142f163,26,Field,Noise
train/noise/c02ecba100f80067_w04.png,c02ecba100f80067,4,Field,Noise
train/noise/c02ecba100f80067_w10.png,c02ecba100f80067,10,Field,Noise
train/noise/c062a553c7a41ec9_w05.png,c062a553c7a41ec9,5,Lab,Noise
train/noise/c062a553c7a41ec9_w25.png,c062a553c7a41ec9,25,Lab,Noise
train/noise/c0745a8460604d24_w06.png,c0745a8460604d24,6,Field,Noise
train/noise/c0745a8460604d24_w24.png,c0745a8460604d24,24,Field,Noise
train/noise/c0789301eb57e23e_w03.png,c0789301eb57e23e,3,Field,Noise
train/noise/c0789301eb57e23e_w10.png,c0789301eb57e23e,10,Field,Noise
train/noise/c1287f085daeae0b_w00.png,c1287f085daeae0b,0,Lab,Noise
train/noise/c1287f085daeae0b_w24.png,c1287f085daeae0b,24,Lab,Noise
train/noise/c1603704398c8e46_w17.png,c1603704398c8e46,17,Field,Noise
train/noise/c1603704398c8e46_w24.png,c1603704398c8e46,24,Field,Noise
train/noise/c17d07f6247fc1f7_w12.png,c17d07f6247fc1f7,12,Lab,Noise
train/noise/c17d07f6247fc1f7_w27.png,c17d07f6247fc1f7,27,Lab,Noise
train/noise/c228b4d23b16f637_w14.png,c228b4d23b16f637,14,Field,Noise
train/noise/c228b4d23b16f637_w27.png,c228b4d23b16f637,27,Field,Noise
train/noise/c26aceddc9e7d8b4_w05.png,c26aceddc9e7d8b4,5,Field,Noise
train/noise/c26aceddc9e7d8b4_w23.png,c26aceddc9e7d8b4,23,Field,Noise
train/noise/c2dee7f91f0b6d3c_w03.png,c2dee7f91f0b6d3c,3,Field,Noise
train/noise/c2dee7f91f0b6d3c_w22.png,c2dee7f91f0b6d3c,22,Field,Noise
train/noise/c2f4672acdd72fb8_w10.png,c2f4672acdd72fb8,10,Field,Noise
train/noise/c2f4672acdd72fb8_w20.png,c2f4672acdd72fb8,20,Field,Noise
train/noise/c351cc0046c552c8_w04.png,c351cc0046c552c8,4,Field,Noise
train/noise/c351cc0046c552c8_w22.png,c351cc0046c552c8,22,Field,Noise
train/noise/c3843c8bab2fc7ab_w19.png,c3843c8bab2fc7ab,19,Lab,Noise
train/noise/c3843c8bab2fc7ab_w24.png,c3843c8bab2fc7ab,24,Lab,Noise
train/noise/c3bc3683ad11d1c5_w01.png,c3bc3683ad11d1c5,1,Field,Noise
train/noise/c3bc3683ad11d1c5_w15.png,c3bc3683ad11d1c5,15,Field,Noise
train/noise/c40d832afe67e5f2_w01.png,c40d832afe67e5f2,1,Field,Noise
train/noise/c40d832afe67e5f2_w09.png,c40d832afe67e5f2,9,Field,Noise
train/noise/c434023e4935750e_w17.png,c434023e4935750e,17,Field,Noise
train/noise/c434023e4935750e_w27.png,c434023e4935750e,27,Field,Noise
train/noise/c4aecafa996a3723_w17.png,c4aecafa996a3723,17,Field,Noise
train/noise/c4aecafa996a3723_w20.png,c4aecafa996a3723,20,Field,Noise
train/noise/c4c5422115a79551_w05.png,c4c5422115a79551,5,Field,Noise
train/noise/c4c5422115a79551_w22.png,c4c5422115a79551,22,Field,Noise
train/noise/c4e8a17705c9471f_w14.png,c4e8a17705c9471f,14,Field,Noise
train/noise/c4e8a17705c9471f_w24.png,c4e8a17705c9471f,24,Field,Noise
train/noise/c4ee488bfb6dbd8b_w07.png,c4ee488bfb6dbd8b,7,Field,Noise
train/noise/c4ee488bfb6dbd8b_w17.png,c4ee488bfb6dbd8b,17,Field,Noise
train/noise/c554f7bfa1fcd844_w00.png,c554f7bfa1fcd844,0,Lab,Noise
train/noise/c554f7bfa1fcd844_w15.png,c554f7bfa1fcd844,15,Lab,Noise
train/noise/c5a62b787341064a_w07.png,c5a62b787341064a,7,Field,Noise
train/noise/c5a62b787341064a_w27.png,c5a62b787341064a,27,Field,Noise
train/noise/c5f3e74ae4ea2d39_w01.png,c5f3e74ae4ea2d39,1,Field,Noise
train/noise/c5f3e74ae4ea2d39_w11.png,c5f3e74ae4ea2d39,11,Field,Noise
train/noise/c63047cfd8e5672f_w03.png,c63047cfd8e5672f,3,Lab,Noise
train/noise/c63047cfd8e5672f_w21.png,c63047cfd8e5672f,21,Lab,Noise
train/noise/c699d61525b57d35_w04.png,c699d61525b57d35,4,Field,Noise
train/noise/c699d61525b57d35_w22.png,c699d61525b57d35,22,Field,Noise
train/noise/c6f4ec7eac6c22c9_w11.png,c6f4ec7eac6c22c9,11,Field,Noise
train/noise/c6f4ec7eac6c22c9_w13.png,c6f4ec7eac6c22c9,13,Field,Noise
train/noise/c7017f02b24e74bb_w18.png,c7017f02b24e74bb,18,Field,Noise
train/noise/c7017f02b24e74bb_w24.png,c7017f02b24e74bb,24,Field,Noise
train/noise/c72f14f720220524_w11.png,c72f14f720220524,11,Lab,Noise
train/noise/c72f14f720220524_w20.png,c72f14f720220524,20,Lab,Noise
train/noise/c7b61b5a6341a8b4_w08.png,c7b61b5a6341a8b4,8,Field,Noise
train/noise/c7b61b5a6341a8b4_w12.png,c7b61b5a6341a8b4,12,Field,Noise
train/noise/c7d3b8159fede0d2_w16.png,c7d3b8159fede0d2,16,Field,Noise
train/noise/c7d3b8159fede0d2_w17.png,c7d3b8159fede0d2,17,Field,Noise
train/noise/c7f9b38aac538fb7_w12.png,c7f9b38aac538fb7,12,Field,Noise
train/noise/c7f9b38aac538fb7_w17.png,c7f9b38aac538fb7,17,Field,Noise
train/noise/c86c99ce6335adbe_w09.png,c86c99ce6335adbe,9,Field,Noise
train/noise/c86c99ce6335adbe_w14.png,c86c99ce6335adbe,14,Field,Noise
train/noise/c898a378426390b3_w02.png,c898a378426390b3,2,Field,Noise
train/noise/c898a378426390b3_w04.png,c898a378426390b3,4,Field,Noise
train/noise/c8a722bb2fe81a46_w23.png,c8a722bb2fe81a46,23,Field,Noise
train/noise/c8a722bb2fe81a46_w26.png,c8a722bb2fe81a46,26,Field,Noise
train/noise/c9271d329bca3f9e_w01.png,c9271d329bca3f9e,1,Lab,Noise
train/noise/c9271d329bca3f9e_w27.png,c9271d329bca3f9e,27,Lab,Noise
train/noise/c92df620ee92dd3a_w07.png,c92df620ee92dd3a,7,Field,Noise
train/noise/c92df620ee92dd3a_w24.png,c92df620ee92dd3a,24,Field,Noise
train/noise/ca3264d1c2283b0f_w07.png,ca3264d1c2283b0f,7,Field,Noise
train/noise/ca3264d1c2283b0f_w20.png,ca3264d1c2283b0f,20,Field,Noise
train/noise/cbd4a33f11ebcd16_w12.png,cbd4a33f11ebcd16,12,Field,Noise
train/noise/cbd4a33f11ebcd16_w14.png,cbd4a33f11ebcd16,14,Field,Noise
train/noise/cc03878bd5813ca8_w04.png,cc03878bd5813ca8,4,Field,Noise
train/noise/cc03878bd5813ca8_w17.png,cc03878bd5813ca8,17,Field,Noise
train/noise/cc04e6a98a9e7069_w09.png,cc04e6a98a9e7069,9,Field,Noise
train/noise/cc04e6a98a9e7069_w26.png,cc04e6a98a9e7069,26,Field,Noise
train/noise/ccc78ff9885e1c9e_w09.png,ccc78ff9885e1c9e,9,Field,Noise
train/noise/ccc78ff9885e1c9e_w20.png,ccc78ff9885e1c9e,20,Field,Noise
train/noise/cd6e88a4bef5d029_w10.png,cd6e88a4bef5d029,10,Lab,Noise
train/noise/cd6e88a4bef5d029_w11.png,cd6e88a4bef5d029,11,Lab,Noise
train/noise/cd7f164dd1240a8f_w04.png,cd7f164dd1240a8f,4,Field,Noise
train/noise/cd7f164dd1240a8f_w15.png,cd7f164dd1240a8f,15,Field,Noise
train/noise/cdcb4286d24807ea_w14.png,cdcb4286d24807ea,14,Field,Noise
train/noise/cdcb4286d24807ea_w15.png,cdcb4286d24807ea,15,Field,Noise
train/noise/cde946d16b862060_w09.png,cde946d16b862060,9,Field,Noise
train/noise/cde946d16b862060_w24.png,cde946d16b862060,24,Field,Noise
train/noise/cdf4db05026c32af_w05.png,cdf4db05026c32af,5,Field,Noise
train/noise/cdf4db05026c32af_w18.png,cdf4db05026c32af,18,Field,Noise
train/noise/ce7137142a2a1d3c_w09.png,ce7137142a2a1d3c,9,Field,Noise
train/noise/ce7137142a2a1d3c_w19.png,ce7137142a2a1d3c,19,Field,Noise
train/noise/ce77f39b82d3fc31_w12.png,ce77f39b82d3fc31,12,Field,Noise
train/noise/ce77f39b82d3fc31_w27.png,ce77f39b82d3fc31,27,Field,Noise
train/noise/ce983dee28d888fd_w03.png,ce983dee28d888fd,3,Field,Noise
train/noise/ce983dee28d888fd_w23.png,ce983dee28d888fd,23,Field,Noise
train/noise/cef70fcafdfb19e2_w08.png,cef70fcafdfb19e2,8,Field,Noise
train/noise/cef70fcafdfb19e2_w18.png,cef70fcafdfb19e2,18,Field,Noise
train/noise/cfa6e5f469ca5758_w17.png,cfa6e5f469ca5758,17,Field,Noise
train/noise/cfa6e5f469ca5758_w20.png,cfa6e5f469ca5758,20,Field,Noise
train/noise/cfd86d4c1fd911b9_w00.png,cfd86d4c1fd911b9,0,Lab,Noise
train/noise/cfd86d4c1fd911b9_w08.png,cfd86d4c1fd911b9,8,Lab,Noise
train/noise/cfe23a48a6bdee5b_w08.png,cfe23a48a6bdee5b,8,Lab,Noise
train/noise/cfe23a48a6bdee5b_w22.png,cfe23a48a6bdee5b,22,Lab,Noise
train/noise/d04875ba95e79c15_w04.png,d04875ba95e79c15,4,Field,Noise
train/noise/d04875ba95e79c15_w21.png,d04875ba95e79c15,21,Field,Noise
train/noise/d0526b4a8db969bc_w21.png,d0526b4a8db969bc,21,Lab,Noise
train/noise/d0526b4a8db969bc_w23.png,d0526b4a8db969bc,23,Lab,Noise
train/noise/d05ddc01ae8a9ae5_w18.png,d05ddc01ae8a9ae5,18,Field,Noise
train/noise/d05ddc01ae8a9ae5_w24.png,d05ddc01ae8a9ae5,24,Field,Noise
train/noise/d0bf2ce0f9ae854b_w03.png,d0bf2ce0f9ae854b,3,Field,Noise
train/noise/d0bf2ce0f9ae854b_w24.png,d0bf2ce0f9ae854b,24,Field,Noise
train/noise/d0f954d39a795067_w03.png,d0f954d39a795067,3,Field,Noise
train/noise/d0f954d39a795067_w20.png,d0f954d39a795067,20,Field,Noise
train/noise/d124caf9fce177a5_w07.png,d124caf9fce177a5,7,Field,Noise
train/noise/d124caf9fce177a5_w27.png,d124caf9fce177a5,27,Field,Noise
train/noise/d12e485cfb251148_w24.png,d12e485cfb251148,24,Lab,Noise
train/noise/d12e485cfb251148_w25.png,d12e485cfb251148,25,Lab,Noise
train/noise/d13697b9a095c20e_w05.png,d13697b9a095c20e,5,Field,Noise
train/noise/d13697b9a095c20e_w26.png,d13697b9a095c20e,26,Field,Noise
train/noise/d1846f9b91dcf1a7_w14.png,d1846f9b91dcf1a7,14,Field,Noise
train/noise/d1846f9b91dcf1a7_w19.png,d1846f9b91dcf1a7,19,Field,Noise
train/noise/d19c46417301ea09_w16.png,d19c46417301ea09,16,Field,Noise
train/noise/d19c46417301ea09_w25.png,d19c46417301ea09,25,Field,Noise
train/noise/d1c5b28642f6835b_w07.png,d1c5b28642f6835b,7,Field,Noise
train/noise/d1c5b28642f6835b_w20.png,d1c5b28642f6835b,20,Field,Noise
train/noise/d1e29a019d226193_w01.png,d1e29a019d226193,1,Field,Noise
train/noise/d1e29a019d226193_w16.png,d1e29a019d226193,16,Field,Noise
train/noise/d2624f487e0e96f2_w19.png,d2624f487e0e96f2,19,Field,Noise
train/noise/d2624f487e0e96f2_w27.png,d2624f487e0e96f2,27,Field,Noise
train/noise/d2e6ecac930b8aa0_w10.png,d2e6ecac930b8aa0,10,Field,Noise
train/noise/d2e6ecac930b8aa0_w12.png,d2e6ecac930b8aa0,12,Field,Noise
train/noise/d3349fccd2ba0462_w00.png,d3349fccd2ba0462,0,Field,Noise
train/noise/d3349fccd2ba0462_w14.png,d3349fccd2ba0462,14,Field,Noise
train/noise/d3396fa0c0c28cde_w10.png,d3396fa0c0c28cde,10,Field,Noise
train/noise/d3396fa0c0c28cde_w19.png,d3396fa0c0c28cde,19,Field,Noise
train/noise/d35ca4701da6bb13_w17.png,d35ca4701da6bb13,17,Lab,Noise
train/noise/d35ca4701da6bb13_w25.png,d35ca4701da6bb13,25,Lab,Noise
train/noise/d3badf0fb898f3b1_w04.png,d3badf0fb898f3b1,4,Field,Noise
train/noise/d3badf0fb898f3b1_w11.png,d3badf0fb898f3b1,11,Field,Noise
train/noise/d41dd7ff2ba57cf5_w22.png,d41dd7ff2ba57cf5,22,Field,Noise
train/noise/d41dd7ff2ba57cf5_w23.png,d41dd7ff2ba57cf5,23,Field,Noise
train/noise/d43e9782307e3668_w08.png,d43e9782307e3668,8,Field,Noise
train/noise/d43e9782307e3668_w23.png,d43e9782307e3668,23,Field,Noise
train/noise/d468ab1bb6d3a904_w13.png,d468ab1bb6d3a904,13,Field,Noise
train/noise/d468ab1bb6d3a904_w19.png,d468ab1bb6d3a904,19,Field,Noise
train/noise/d46ea693bfab4038_w17.png,d46ea693bfab4038,17,Field,Noise
train/noise/d46ea693bfab4038_w22.png,d46ea693bfab4038,22,Field,Noise
train/noise/d4a6fb04652979a8_w06.png,d4a6fb04652979a8,6,Field,Noise
train/noise/d4a6fb04652979a8_w21.png,d4a6fb04652979a8,21,Field,Noise
train/noise/d517ed9f54bd4404_w24.png,d517ed9f54bd4404,24,Field,Noise
train/noise/d517ed9f54bd4404_w26.png,d517ed9f54bd4404,26,Field,Noise
train/noise/d536ab2dc6690e4b_w08.png,d536ab2dc6690e4b,8,Field,Noise
train/noise/d536ab2dc6690e4b_w23.png,d536ab2dc6690e4b,23,Field,Noise
train/noise/d63abc7e475b9e12_w00.png,d63abc7e475b9e12,0,Field,Noise
train/noise/d63abc7e475b9e12_w26.png,d63abc7e475b9e12,26,Field,Noise
train/noise/d69655deb402d719_w21.png,d69655deb402d719,21,Field,Noise
train/noise/d69655deb402d719_w26.png,d69655deb402d719,26,Field,Noise
train/noise/d6e2855b51e3e238_w02.png,d6e2855b51e3e238,2,Field,Noise
train/noise/d6e2855b51e3e238_w20.png,d6e2855b51e3e238,20,Field,Noise
train/noise/d7b68437e6bf0c45_w12.png,d7b68437e6bf0c45,12,Field,Noise
train/noise/d7b68437e6bf0c45_w16.png,d7b68437e6bf0c45,16,Field,Noise
train/noise/d7e0926e8223d6db_w06.png,d7e0926e8223d6db,6,Field,Noise
train/noise/d7e0926e8223d6db_w16.png,d7e0926e8223d6db,16,Field,Noise
train/noise/d855671e7906e4ec_w08.png,d855671e7906e4ec,8,Field,Noise
train/noise/d855671e7906e4ec_w17.png,d855671e7906e4ec,17,Field,Noise
train/noise/d8ab5dfd7872649a_w06.png,d8ab5dfd7872649a,6,Field,Noise
train/noise/d8ab5dfd7872649a_w12.png,d8ab5dfd7872649a,12,Field,Noise
train/noise/d8ba1045b2fa0d94_w09.png,d8ba1045b2fa0d94,9,Field,Noise
train/noise/d8ba1045b2fa0d94_w11.png,d8ba1045b2fa0d94,11,Field,Noise
train/noise/d8fa6c79aa0f3459_w05.png,d8fa6c79aa0f3459,5,Field,Noise
train/noise/d8fa6c79aa0f3459_w18.png,d8fa6c79aa0f3459,18,Field,Noise
train/noise/d8fd43fe61d32f2a_w07.png,d8fd43fe61d32f2a,7,Field,Noise
train/noise/d8fd43fe61d32f2a_w24.png,d8fd43fe61d32f2a,24,Field,Noise
train/noise/d953af76941e9126_w04.png,d953af76941e9126,4,Lab,Noise
train/noise/d953af76941e9126_w10.png,d953af76941e9126,10,Lab,Noise
train/noise/d98339ad1fbf8711_w01.png,d98339ad1fbf8711,1,Lab,Noise
train/noise/d98339ad1fbf8711_w09.png,d98339ad1fbf8711,9,Lab,Noise
train/noise/d9b887d74b399845_w03.png,d9b887d74b399845,3,Field,Noise
train/noise/d9b887d74b399845_w21.png,d9b887d74b399845,21,Field,Noise
train/noise/da44a4b11d378adf_w03.png,da44a4b11d378adf,3,Field,Noise
train/noise/da44a4b11d378adf_w06.png,da44a4b11d378adf,6,Field,Noise
train/noise/daa1c673cfacbbab_w16.png,daa1c673cfacbbab,16,Field,Noise
train/noise/daa1c673cfacbbab_w20.png,daa1c673cfacbbab,20,Field,Noise
train/noise/dafb3dd8852aa26a_w03.png,dafb3dd8852aa26a,3,Field,Noise
train/noise/dafb3dd8852aa26a_w10.png,dafb3dd8852aa26a,10,Field,Noise
train/noise/db07554a279e215c_w08.png,db07554a279e215c,8,Field,Noise
train/noise/db07554a279e215c_w26.png,db07554a279e215c,26,Field,Noise
train/noise/db5e7e8e748f4289_w04.png,db5e7e8e748f4289,4,Field,Noise
train/noise/db5e7e8e748f4289_w25.png,db5e7e8e748f4289,25,Field,Noise
train/noise/dbc866bfbb1e1cfa_w11.png,dbc866bfbb1e1cfa,11,Field,Noise
train/noise/dbc866bfbb1e1cfa_w27.png,dbc866bfbb1e1cfa,27,Field,Noise
train/noise/dbc8d6994ff3c947_w23.png,dbc8d6994ff3c947,23,Field,Noise
train/noise/dbc8d6994ff3c947_w26.png,dbc8d6994ff3c947,26,Field,Noise
train/noise/dc0d83ca3589c9a0_w17.png,dc0d83ca3589c9a0,17,Field,Noise
train/noise/dc0d83ca3589c9a0_w26.png,dc0d83ca3589c9a0,26,Field,Noise
train/noise/dc585838dcea7a8d_w03.png,dc585838dcea7a8d,3,Field,Noise
train/noise/dc585838dcea7a8d_w25.png,dc585838dcea7a8d,25,Field,Noise
train/noise/dc64571fe1f155ff_w06.png,dc64571fe1f155ff,6,Field,Noise
train/noise/dc64571fe1f155ff_w21.png,dc64571fe1f155ff,21,Field,Noise
train/noise/dce7b1a5bf98c616_w12.png,dce7b1a5bf98c616,12,Field,Noise
train/noise/dce7b1a5bf98c616_w24.png,dce7b1a5bf98c616,24,Field,Noise
train/noise/dd30a8bf6bccb071_w12.png,dd30a8bf6bccb071,12,Field,Noise
train/noise/dd30a8bf6bccb071_w17.png,dd30a8bf6bccb071,17,Field,Noise
train/noise/dd3450bb1ce7642e_w19.png,dd3450bb1ce7642e,19,Lab,Noise
train/noise/dd3450bb1ce7642e_w23.png,dd3450bb1ce7642e,23,Lab,Noise
train/noise/dd4d4707064a954d_w04.png,dd4d4707064a954d,4,Lab,Noise
train/noise/dd4d4707064a954d_w27.png,dd4d4707064a954d,27,Lab,Noise
train/noise/dd68b3bbdf4cbee0_w13.png,dd68b3bbdf4cbee0,13,Field,Noise
train/noise/dd68b3bbdf4cbee0_w15.png,dd68b3bbdf4cbee0,15,Field,Noise
train/noise/de847c7465e9a0ef_w08.png,de847c7465e9a0ef,8,Field,Noise
train/noise/de847c7465e9a0ef_w13.png,de847c7465e9a0ef,13,Field,Noise
train/noise/df411709bb0136fd_w18.png,df411709bb0136fd,18,Lab,Noise
train/noise/df411709bb0136fd_w21.png,df411709bb0136fd,21,Lab,Noise
train/noise/df6f195c31df9beb_w00.png,df6f195c31df9beb,0,Field,Noise
train/noise/df6f195c31df9beb_w26.png,df6f195c31df9beb,26,Field,Noise
train/noise/df74519ef9873433_w00.png,df74519ef9873433,0,Field,Noise
train/noise/df74519ef9873433_w14.png,df74519ef9873433,14,Field,Noise
train/noise/df85f85f348595d4_w02.png,df85f85f348595d4,2,Lab,Noise
train/noise/df85f85f348595d4_w19.png,df85f85f348595d4,19,Lab,Noise
train/noise/dfe66124782487e5_w03.png,dfe66124782487e5,3,Field,Noise
train/noise/dfe66124782487e5_w27.png,dfe66124782487e5,27,Field,Noise
train/noise/e007afa520d12ffb_w08.png,e007afa520d12ffb,8,Field,Noise
train/noise/e007afa520d12ffb_w27.png,e007afa520d12ffb,27,Field,Noise
train/noise/e10f89724681ea62_w04.png,e10f89724681ea62,4,Field,Noise
train/noise/e10f89724681ea62_w11.png,e10f89724681ea62,11,Field,Noise
train/noise/e1115fb9eab08571_w01.png,e1115fb9eab08571,1,Lab,Noise
train/noise/e1115fb9eab08571_w10.png,e1115fb9eab08571,10,Lab,Noise
train/noise/e11dc347f1b40f37_w09.png,e11dc347f1b40f37,9,Field,Noise
train/noise/e11dc347f1b40f37_w20.png,e11dc347f1b40f37,20,Field,Noise
train/noise/e169f4afbbfcb90d_w19.png,e169f4afbbfcb90d,19,Field,Noise
train/noise/e169f4afbbfcb90d_w21.png,e169f4afbbfcb90d,21,Field,Noise
train/noise/e16a7067f8485857_w22.png,e16a7067f8485857,22,Field,Noise
train/noise/e16a7067f8485857_w24.png,e16a7067f8485857,24,Field,Noise
train/noise/e1f24769e7a0fcf4_w11.png,e1f24769e7a0fcf4,11,Field,Noise
train/noise/e1f24769e7a0fcf4_w27.png,e1f24769e7a0fcf4,27,Field,Noise
train/noise/e20fb91448c6d2ea_w06.png,e20fb91448c6d2ea,6,Field,Noise
train/noise/e20fb91448c6d2ea_w20.png,e20fb91448c6d2ea,20,Field,Noise
train/noise/e222d69e096d3f9c_w04.png,e222d69e096d3f9c,4,Lab,Noise
train/noise/e222d69e096d3f9c_w21.png,e222d69e096d3f9c,21,Lab,Noise
train/noise/e25aa59d6d310702_w05.png,e25aa59d6d310702,5,Field,Noise
train/noise/e25aa59d6d310702_w25.png,e25aa59d6d310702,25,Field,Noise
train/noise/e27bb97e10dbb17c_w03.png,e27bb97e10dbb17c,3,Field,Noise
train/noise/e27bb97e10dbb17c_w15.png,e27bb97e10dbb17c,15,Field,Noise
train/noise/e2b4eab8ea8e0ee4_w02.png,e2b4eab8ea8e0ee4,2,Lab,Noise
train/noise/e2b4eab8ea8e0ee4_w24.png,e2b4eab8ea8e0ee4,24,Lab,Noise
train/noise/e2ea45470858d2b4_w04.png,e2ea45470858d2b4,4,Field,Noise
train/noise/e2ea45470858d2b4_w08.png,e2ea45470858d2b4,8,Field,Noise
train/noise/e2ea9b277c965b09_w01.png,e2ea9b277c965b09,1,Lab,Noise
train/noise/e2ea9b277c965b09_w07.png,e2ea9b277c965b09,7,Lab,Noise
train/noise/e43a70192ca95647_w01.png,e43a70192ca95647,1,Field,Noise
train/noise/e43a70192ca95647_w06.png,e43a70192ca95647,6,Field,Noise
train/noise/e43e4896fbb34396_w02.png,e43e4896fbb34396,2,Lab,Noise
train/noise/e43e4896fbb34396_w12.png,e43e4896fbb34396,12,Lab,Noise
train/noise/e4db889c65327b60_w02.png,e4db889c65327b60,2,Field,Noise
train/noise/e4db889c65327b60_w20.png,e4db889c65327b60,20,Field,Noise
train/noise/e4fa510c6c38e45c_w09.png,e4fa510c6c38e45c,9,Field,Noise
train/noise/e4fa510c6c38e45c_w18.png,e4fa510c6c38e45c,18,Field,Noise
train/noise/e52260ab71df968b_w09.png,e52260ab71df968b,9,Field,Noise
train/noise/e52260ab71df968b_w22.png,e52260ab71df968b,22,Field,Noise
train/noise/e52bbbcfeae9949f_w00.png,e52bbbcfeae9949f,0,Field,Noise
train/noise/e52bbbcfeae9949f_w04.png,e52bbbcfeae9949f,4,Field,Noise
train/noise/e54bd953d449fd16_w07.png,e54bd953d449fd16,7,Field,Noise
train/noise/e54bd953d449fd16_w23.png,e54bd953d449fd16,23,Field,Noise
train/noise/e5c198adc8ace590_w14.png,e5c198adc8ace590,14,Field,Noise
train/noise/e5c198adc8ace590_w15.png,e5c198adc8ace590,15,Field,Noise
train/noise/e637bf57f47d5a42_w01.png,e637bf57f47d5a42,1,Field,Noise
train/noise/e637bf57f47d5a42_w22.png,e637bf57f47d5a42,22,Field,Noise
train/noise/e65675cc39959be2_w11.png,e65675cc39959be2,11,Field,Noise
train/noise/e65675cc39959be2_w27.png,e65675cc39959be2,27,Field,Noise
train/noise/e6f4b9f433c6eb66_w16.png,e6f4b9f433c6eb66,16,Field,Noise
train/noise/e6f4b9f433c6eb66_w19.png,e6f4b9f433c6eb66,19,Field,Noise
train/noise/e76deb044cb2588c_w08.png,e76deb044cb2588c,8,Field,Noise
train/noise/e76deb044cb2588c_w21.png,e76deb044cb2588c,21,Field,Noise
train/noise/e77726fb18811c39_w13.png,e77726fb18811c39,13,Field,Noise
train/noise/e77726fb18811c39_w15.png,e77726fb18811c39,15,Field,Noise
train/noise/e8718f4f074f6e32_w13.png,e8718f4f074f6e32,13,Lab,Noise
train/noise/e8718f4f074f6e32_w19.png,e8718f4f074f6e32,19,Lab,Noise
train/noise/e878c612be5920dc_w09.png,e878c612be5920dc,9,Lab,Noise
train/noise/e878c612be5920dc_w11.png,e878c612be5920dc,11,Lab,Noise
train/noise/e8bd420f627ad700_w05.png,e8bd420f627ad700,5,Field,Noise
train/noise/e8bd420f627ad700_w16.png,e8bd420f627ad700,16,Field,Noise
train/noise/e8ce4c9e92730004_w20.png,e8ce4c9e92730004,20,Field,Noise
train/noise/e8ce4c9e92730004_w26.png,e8ce4c9e92730004,26,Field,Noise
train/noise/e8e24af181506862_w02.png,e8e24af181506862,2,Field,Noise
train/noise/e8e24af181506862_w20.png,e8e24af181506862,20,Field,Noise
train/noise/e95be5940c69f07c_w04.png,e95be5940c69f07c,4,Field,Noise
train/noise/e95be5940c69f07c_w27.png,e95be5940c69f07c,27,Field,Noise
train/noise/e9682a4b67985762_w01.png,e9682a4b67985762,1,Field,Noise
train/noise/e9682a4b67985762_w23.png,e9682a4b67985762,23,Field,Noise
train/noise/ea151e32c1d28eab_w10.png,ea151e32c1d28eab,10,Field,Noise
train/noise/ea151e32c1d28eab_w19.png,ea151e32c1d28eab,19,Field,Noise
train/noise/ea62377c4309d1d0_w03.png,ea62377c4309d1d0,3,Field,Noise
train/noise/ea62377c4309d1d0_w23.png,ea62377c4309d1d0,23,Field,Noise
train/noise/ea65bdcc659add2a_w05.png,ea65bdcc659add2a,5,Field,Noise
train/noise/ea65bdcc659add2a_w17.png,ea65bdcc659add2a,17,Field,Noise
train/noise/eae986bd18b8b1ab_w11.png,eae986bd18b8b1ab,11,Field,Noise
train/noise/eae986bd18b8b1ab_w24.png,eae986bd18b8b1ab,24,Field,Noise
train/noise/eaf4ae916a5f4eb9_w23.png,eaf4ae916a5f4eb9,23,Field,Noise
train/noise/eaf4ae916a5f4eb9_w26.png,eaf4ae916a5f4eb9,26,Field,Noise
train/noise/eb23cddab83d06c9_w24.png,eb23cddab83d06c9,24,Field,Noise
train/noise/eb23cddab83d06c9_w25.png,eb23cddab83d06c9,25,Field,Noise
train/noise/eb336bf89e4fdd4c_w05.png,eb336bf89e4fdd4c,5,Field,Noise
train/noise/eb336bf89e4fdd4c_w17.png,eb336bf89e4fdd4c,17,Field,Noise
train/noise/eb8b71a609c5143e_w12.png,eb8b71a609c5143e,12,Lab,Noise
train/noise/eb8b71a609c5143e_w18.png,eb8b71a609c5143e,18,Lab,Noise
train/noise/ebba7c4e1add7992_w07.png,ebba7c4e1add7992,7,Field,Noise
train/noise/ebba7c4e1add7992_w27.png,ebba7c4e1add7992,27,Field,Noise
train/noise/ebc5faceb39b5e94_w00.png,ebc5faceb39b5e94,0,Field,Noise
train/noise/ebc5faceb39b5e94_w15.png,ebc5faceb39b5e94,15,Field,Noise
train/noise/ed0a1b4f01b3ce0b_w10.png,ed0a1b4f01b3ce0b,10,Field,Noise
train/noise/ed0a1b4f01b3ce0b_w14.png,ed0a1b4f01b3ce0b,14,Field,Noise
train/noise/ed23bd63553bb610_w10.png,ed23bd63553bb610,10,Field,Noise
train/noise/ed23bd63553bb610_w19.png,ed23bd63553bb610,19,Field,Noise
train/noise/ed3bb813b41b209c_w00.png,ed3bb813b41b209c,0,Field,Noise
train/noise/ed3bb813b41b209c_w14.png,ed3bb813b41b209c,14,Field,Noise
train/noise/ed73b562df269773_w16.png,ed73b562df269773,16,Field,Noise
train/noise/ed73b562df269773_w25.png,ed73b562df269773,25,Field,Noise
train/noise/ed99465fa85c4cac_w13.png,ed99465fa85c4cac,13,Field,Noise
train/noise/ed99465fa85c4cac_w17.png,ed99465fa85c4cac,17,Field,Noise
train/noise/ee0663a1cd6db404_w07.png,ee0663a1cd6db404,7,Lab,Noise
train/noise/ee0663a1cd6db404_w11.png,ee0663a1cd6db404,11,Lab,Noise
train/noise/ee52d7985b546dba_w02.png,ee52d7985b546dba,2,Field,Noise
train/noise/ee52d7985b546dba_w20.png,ee52d7985b546dba,20,Field,Noise
train/noise/ee576470e71c66a1_w09.png,ee576470e71c66a1,9,Lab,Noise
train/noise/ee576470e71c66a1_w15.png,ee576470e71c66a1,15,Lab,Noise
train/noise/ee72681f80881b12_w10.png,ee72681f80881b12,10,Field,Noise
train/noise/ee72681f80881b12_w21.png,ee72681f80881b12,21,Field,Noise
train/noise/eef5290c4a491099_w03.png,eef5290c4a491099,3,Field,Noise
train/noise/eef5290c4a491099_w14.png,eef5290c4a491099,14,Field,Noise
train/noise/ef15a0ed67c0796d_w08.png,ef15a0ed67c0796d,8,Field,Noise
train/noise/ef15a0ed67c0796d_w12.png,ef15a0ed67c0796d,12,Field,Noise
train/noise/ef479a0392b6b31d_w17.png,ef479a0392b6b31d,17,Lab,Noise
train/noise/ef479a0392b6b31d_w18.png,ef479a0392b6b31d,18,Lab,Noise
train/noise/ef614ba84844e49f_w01.png,ef614ba84844e49f,1,Field,Noise
train/noise/ef614ba84844e49f_w10.png,ef614ba84844e49f,10,Field,Noise
train/noise/ef61d196db14f51a_w00.png,ef61d196db14f51a,0,Field,Noise
train/noise/ef61d196db14f51a_w05.png,ef61d196db14f51a,5,Field,Noise
train/noise/efdb30a402ab6bb2_w21.png,efdb30a402ab6bb2,21,Field,Noise
train/noise/efdb30a402ab6bb2_w24.png,efdb30a402ab6bb2,24,Field,Noise
train/noise/efdf8835b6fad8b0_w04.png,efdf8835b6fad8b0,4,Field,Noise
train/noise/efdf8835b6fad8b0_w21.png,efdf8835b6fad8b0,21,Field,Noise
train/noise/f08a3b0c0bc237ec_w02.png,f08a3b0c0bc237ec,2,Lab,Noise
train/noise/f08a3b0c0bc237ec_w24.png,f08a3b0c0bc237ec,24,Lab,Noise
train/noise/f096cc9f36f23e81_w13.png,f096cc9f36f23e81,13,Field,Noise
train/noise/f096cc9f36f23e81_w22.png,f096cc9f36f23e81,22,Field,Noise
train/noise/f0a657cd79c6dfb3_w13.png,f0a657cd79c6dfb3,13,Field,Noise
train/noise/f0a657cd79c6dfb3_w25.png,f0a657cd79c6dfb3,25,Field,Noise
train/noise/f0e422d432db6acf_w06.png,f0e422d432db6acf,6,Field,Noise
train/noise/f0e422d432db6acf_w09.png,f0e422d432db6acf,9,Field,Noise
train/noise/f0ff90efd4670b13_w12.png,f0ff90efd4670b13,12,Field,Noise
train/noise/f0ff90efd4670b13_w15.png,f0ff90efd4670b13,15,Field,Noise
train/noise/f12ee67939ca3d62_w08.png,f12ee67939ca3d62,8,Field,Noise
train/noise/f12ee67939ca3d62_w19.png,f12ee67939ca3d62,19,Field,Noise
train/noise/f1feb7a173b2b5cd_w05.png,f1feb7a173b2b5cd,5,Lab,Noise
train/noise/f1feb7a173b2b5cd_w24.png,f1feb7a173b2b5cd,24,Lab,Noise
train/noise/f242680cae8a8ed4_w05.png,f242680cae8a8ed4,5,Field,Noise
train/noise/f242680cae8a8ed4_w11.png,f242680cae8a8ed4,11,Field,Noise
train/noise/f24c0ccb5d60e9e6_w11.png,f24c0ccb5d60e9e6,11,Field,Noise
train/noise/f24c0ccb5d60e9e6_w14.png,f24c0ccb5d60e9e6,14,Field,Noise
train/noise/f26db391606dd631_w02.png,f26db391606dd631,2,Field,Noise
train/noise/f26db391606dd631_w03.png,f26db391606dd631,3,Field,Noise
train/noise/f28816bfedb13d1c_w05.png,f28816bfedb13d1c,5,Field,Noise
train/noise/f28816bfedb13d1c_w23.png,f28816bfedb13d1c,23,Field,Noise
train/noise/f291bc9f92c19288_w09.png,f291bc9f92c19288,9,Field,Noise
train/noise/f291bc9f92c19288_w10.png,f291bc9f92c19288,10,Field,Noise
train/noise/f2b8bf30772a3c15_w01.png,f2b8bf30772a3c15,1,Lab,Noise
train/noise/f2b8bf30772a3c15_w14.png,f2b8bf30772a3c15,14,Lab,Noise
train/noise/f2e770f70dd3735f_w07.png,f2e770f70dd3735f,7,Field,Noise
train/noise/f2e770f70dd3735f_w09.png,f2e770f70dd3735f,9,Field,Noise
train/noise/f30571af8d2c13cb_w11.png,f30571af8d2c13cb,11,Field,Noise
train/noise/f30571af8d2c13cb_w16.png,f30571af8d2c13cb,16,Field,Noise
train/noise/f32da6ad5b9080e1_w21.png,f32da6ad5b9080e1,21,Field,Noise
train/noise/f32da6ad5b9080e1_w24.png,f32da6ad5b9080e1,24,Field,Noise
train/noise/f376fda8b7389c01_w19.png,f376fda8b7389c01,19,Field,Noise
train/noise/f376fda8b7389c01_w25.png,f376fda8b7389c01,25,Field,Noise
train/noise/f38e7840ba69f43f_w03.png,f38e7840ba69f43f,3,Field,Noise
train/noise/f38e7840ba69f43f_w20.png,f38e7840ba69f43f,20,Field,Noise
train/noise/f3a37a5d9d270c7e_w03.png,f3a37a5d9d270c7e,3,Field,Noise
train/noise/f3a37a5d9d270c7e_w12.png,f3a37a5d9d270c7e,12,Field,Noise
train/noise/f3aa491a7e84fec2_w03.png,f3aa491a7e84fec2,3,Field,Noise
train/noise/f3aa491a7e84fec2_w10.png,f3aa491a7e84fec2,10,Field,Noise
train/noise/f3ee241b66c51f5f_w23.png,f3ee241b66c51f5f,23,Field,Noise
train/noise/f3ee241b66c51f5f_w26.png,f3ee241b66c51f5f,26,Field,Noise
train/noise/f425f910aac2105b_w02.png,f425f910aac2105b,2,Field,Noise
train/noise/f425f910aac2105b_w22.png,f425f910aac2105b,22,Field,Noise
train/noise/f429813534832f0d_w04.png,f429813534832f0d,4,Field,Noise
train/noise/f429813534832f0d_w14.png,f429813534832f0d,14,Field,Noise
train/noise/f47e8daf6678a080_w01.png,f47e8daf6678a080,1,Field,Noise
train/noise/f47e8daf6678a080_w11.png,f47e8daf6678a080,11,Field,Noise
train/noise/f47eeecc39250abf_w01.png,f47eeecc39250abf,1,Field,Noise
train/noise/f47eeecc39250abf_w10.png,f47eeecc39250abf,10,Field,Noise
train/noise/f4a7c56d0afc59dc_w12.png,f4a7c56d0afc59dc,12,Field,Noise
train/noise/f4a7c56d0afc59dc_w26.png,f4a7c56d0afc59dc,26,Field,Noise
train/noise/f60bff5382df6785_w15.png,f60bff5382df6785,15,Field,Noise
train/noise/f60bff5382df6785_w25.png,f60bff5382df6785,25,Field,Noise
train/noise/f640277a4906031d_w04.png,f640277a4906031d,4,Field,Noise
train/noise/f640277a4906031d_w24.png,f640277a4906031d,24,Field,Noise
train/noise/f7376060044fad58_w09.png,f7376060044fad58,9,Field,Noise
train/noise/f7376060044fad58_w26.png,f7376060044fad58,26,Field,Noise
train/noise/f7c6ae21894a2e0c_w13.png,f7c6ae21894a2e0c,13,Field,Noise
train/noise/f7c6ae21894a2e0c_w14.png,f7c6ae21894a2e0c,14,Field,Noise
train/noise/f7cd115baa2d0e2c_w26.png,f7cd115baa2d0e2c,26,Field,Noise
train/noise/f7cd115baa2d0e2c_w27.png,f7cd115baa2d0e2c,27,Field,Noise
train/noise/f83f91737d315a8f_w11.png,f83f91737d315a8f,11,Lab,Noise
train/noise/f83f91737d315a8f_w21.png,f83f91737d315a8f,21,Lab,Noise
train/noise/f8886faf6ae5e41e_w13.png,f8886faf6ae5e41e,13,Field,Noise
train/noise/f8886faf6ae5e41e_w15.png,f8886faf6ae5e41e,15,Field,Noise
train/noise/f8b983aa5610165b_w08.png,f8b983aa5610165b,8,Field,Noise
train/noise/f8b983aa5610165b_w17.png,f8b983aa5610165b,17,Field,Noise
train/noise/f9b3cb4e1c7c339b_w05.png,f9b3cb4e1c7c339b,5,Field,Noise
train/noise/f9b3cb4e1c7c339b_w27.png,f9b3cb4e1c7c339b,27,Field,Noise
train/noise/f9def65566de470d_w21.png,f9def65566de470d,21,Field,Noise
train/noise/f9def65566de470d_w24.png,f9def65566de470d,24,Field,Noise
train/noise/fa4187ce20350b9a_w15.png,fa4187ce20350b9a,15,Field,Noise
train/noise/fa4187ce20350b9a_w16.png,fa4187ce20350b9a,16,Field,Noise
train/noise/fab543fdb99f6ea5_w11.png,fab543fdb99f6ea5,11,Field,Noise
train/noise/fab543fdb99f6ea5_w18.png,fab543fdb99f6ea5,18,Field,Noise
train/noise/fb1df535efc5f218_w11.png,fb1df535efc5f218,11,Field,Noise
train/noise/fb1df535efc5f218_w22.png,fb1df535efc5f218,22,Field,Noise
train/noise/fb2137fc20d5b728_w10.png,fb2137fc20d5b728,10,Field,Noise
train/noise/fb2137fc20d5b728_w25.png,fb2137fc20d5b728,25,Field,Noise
train/noise/fb3e6f2854a974f1_w20.png,fb3e6f2854a974f1,20,Field,Noise
train/noise/fb3e6f2854a974f1_w25.png,fb3e6f2854a974f1,25,Field,Noise
train/noise/fc2dbfc79eb8c82d_w09.png,fc2dbfc79eb8c82d,9,Field,Noise
train/noise/fc2dbfc79eb8c82d_w20.png,fc2dbfc79eb8c82d,20,Field,Noise
train/noise/fc3f48a8102c18e1_w12.png,fc3f48a8102c18e1,12,Field,Noise
train/noise/fc3f48a8102c18e1_w27.png,fc3f48a8102c18e1,27,Field,Noise
train/noise/fc4d392f0514ce88_w10.png,fc4d392f0514ce88,10,Field,Noise
train/noise/fc4d392f0514ce88_w12.png,fc4d392f0514ce88,12,Field,Noise
train/noise/fc6a776cad5bcd1d_w09.png,fc6a776cad5bcd1d,9,Field,Noise
train/noise/fc6a776cad5bcd1d_w17.png,fc6a776cad5bcd1d,17,Field,Noise
train/noise/fc6c104a908d5c20_w08.png,fc6c104a908d5c20,8,Field,Noise
train/noise/fc6c104a908d5c20_w09.png,fc6c104a908d5c20,9,Field,Noise
train/noise/fc9acf20e18bf9a7_w01.png,fc9acf20e18bf9a7,1,Field,Noise
train/noise/fc9acf20e18bf9a7_w09.png,fc9acf20e18bf9a7,9,Field,Noise
train/noise/fcdfea32e7a88a5b_w02.png,fcdfea32e7a88a5b,2,Field,Noise
train/noise/fcdfea32e7a88a5b_w14.png,fcdfea32e7a88a5b,14,Field,Noise
train/noise/fd0c20927031e645_w04.png,fd0c20927031e645,4,Field,Noise
train/noise/fd0c20927031e645_w14.png,fd0c20927031e645,14,Field,Noise
train/noise/fd1a74bfbfb9e3c3_w10.png,fd1a74bfbfb9e3c3,10,Field,Noise
train/noise/fd1a74bfbfb9e3c3_w26.png,fd1a74bfbfb9e3c3,26,Field,Noise
train/noise/fdc7cbcedbea7755_w05.png,fdc7cbcedbea7755,5,Lab,Noise
train/noise/fdc7cbcedbea7755_w21.png,fdc7cbcedbea7755,21,Lab,Noise
train/noise/fddc90ee481e96d6_w20.png,fddc90ee481e96d6,20,Field,Noise
train/noise/fddc90ee481e96d6_w21.png,fddc90ee481e96d6,21,Field,Noise
train/noise/fddd0f72517c3278_w06.png,fddd0f72517c3278,6,Field,Noise
train/noise/fddd0f72517c3278_w14.png,fddd0f72517c3278,14,Field,Noise
train/noise/fe3ef3dace813e1f_w25.png,fe3ef3dace813e1f,25,Field,Noise
train/noise/fe3ef3dace813e1f_w26.png,fe3ef3dace813e1f,26,Field,Noise
train/noise/fea4281785ac8036_w02.png,fea4281785ac8036,2,Field,Noise
train/noise/fea4281785ac8036_w16.png,fea4281785ac8036,16,Field,Noise
train/noise/feb4b96a1e408c71_w01.png,feb4b96a1e408c71,1,Field,Noise
train/noise/feb4b96a1e408c71_w26.png,feb4b96a1e408c71,26,Field,Noise
train/noise/feb5ffaab670ae92_w23.png,feb5ffaab670ae92,23,Lab,Noise
train/noise/feb5ffaab670ae92_w25.png,feb5ffaab670ae92,25,Lab,Noise
train/noise/ff2d33d9913e6aa4_w02.png,ff2d33d9913e6aa4,2,Field,Noise
train/noise/ff2d33d9913e6aa4_w25.png,ff2d33d9913e6aa4,25,Field,Noise
train/noise/ff8440744f4a3262_w15.png,ff8440744f4a3262,15,Field,Noise
train/noise/ff8440744f4a3262_w27.png,ff8440744f4a3262,27,Field,Noise
