image_path,sample_id,window_idx,domain,label
train/pd/0014ab117e2e4389_w01.png,0014ab117e2e4389,1,Lab,Corona
train/pd/0014ab117e2e4389_w02.png,0014ab117e2e4389,2,Lab,Corona
train/pd/0014ab117e2e4389_w10.png,0014ab117e2e4389,10,Lab,Corona
train/pd/0014ab117e2e4389_w15.png,0014ab117e2e4389,15,Lab,Corona
train/pd/0014ab117e2e4389_w17.png,0014ab117e2e4389,17,Lab,Corona
train/pd/0014ab117e2e4389_w19.png,0014ab117e2e4389,19,Lab,Corona
train/pd/0014ab117e2e4389_w22.png,0014ab117e2e4389,22,Lab,Corona
train/pd/0014ab117e2e4389_w24.png,0014ab117e2e4389,24,Lab,Corona
train/pd/002f0cb46ffd7da4_w02.png,002f0cb46ffd7da4,2,Lab,Particle
train/pd/002f0cb46ffd7da4_w05.png,002f0cb46ffd7da4,5,Lab,Particle
train/pd/002f0cb46ffd7da4_w10.png,002f0cb46ffd7da4,10,Lab,Particle
train/pd/002f0cb46ffd7da4_w11.png,002f0cb46ffd7da4,11,Lab,Particle
train/pd/002f0cb46ffd7da4_w13.png,002f0cb46ffd7da4,13,Lab,Particle
train/pd/002f0cb46ffd7da4_w16.png,002f0cb46ffd7da4,16,Lab,Particle
train/pd/002f0cb46ffd7da4_w20.png,002f0cb46ffd7da4,20,Lab,Particle
train/pd/002f0cb46ffd7da4_w24.png,002f0cb46ffd7da4,24,Lab,Particle
train/pd/00621327816c8404_w01.png,00621327816c8404,1,Lab,Void
train/pd/00621327816c8404_w02.png,00621327816c8404,2,Lab,Void
train/pd/00621327816c8404_w04.png,00621327816c8404,4,Lab,Void
train/pd/00621327816c8404_w09.png,00621327816c8404,9,Lab,Void
train/pd/00621327816c8404_w13.png,00621327816c8404,13,Lab,Void
train/pd/00621327816c8404_w22.png,00621327816c8404,22,Lab,Void
train/pd/00621327816c8404_w23.png,00621327816c8404,23,Lab,Void
train/pd/00621327816c8404_w27.png,00621327816c8404,27,Lab,Void
train/pd/0063a66020eef28c_w05.png,0063a66020eef28c,5,Lab,Corona
train/pd/0063a66020eef28c_w09.png,0063a66020eef28c,9,Lab,Corona
train/pd/0063a66020eef28c_w10.png,0063a66020eef28c,10,Lab,Corona
train/pd/0063a66020eef28c_w16.png,0063a66020eef28c,16,Lab,Corona
train/pd/0063a66020eef28c_w19.png,0063a66020eef28c,19,Lab,Corona
train/pd/0063a66020eef28c_w20.png,0063a66020eef28c,20,Lab,Corona
train/pd/0063a66020eef28c_w22.png,0063a66020eef28c,22,Lab,Corona
train/pd/0063a66020eef28c_w25.png,0063a66020eef28c,25,Lab,Corona
train/pd/0079e7b5bb0f0237_w08.png,0079e7b5bb0f0237,8,Field,Void
train/pd/0079e7b5bb0f0237_w10.png,0079e7b5bb0f0237,10,Field,Void
train/pd/0079e7b5bb0f0237_w16.png,0079e7b5bb0f0237,16,Field,Void
train/pd/0079e7b5bb0f0237_w19.png,0079e7b5bb0f0237,19,Field,Void
train/pd/0079e7b5bb0f0237_w23.png,0079e7b5bb0f0237,23,Field,Void
train/pd/0079e7b5bb0f0237_w24.png,0079e7b5bb0f0237,24,Field,Void
train/pd/0079e7b5bb0f0237_w25.png,0079e7b5bb0f0237,25,Field,Void
train/pd/0079e7b5bb0f0237_w27.png,0079e7b5bb0f0237,27,Field,Void
train/pd/008912ce1689ee32_w04.png,008912ce1689ee32,4,Lab,Corona
train/pd/008912ce1689ee32_w05.png,008912ce1689ee32,5,Lab,Corona
train/pd/008912ce1689ee32_w07.png,008912ce1689ee32,7,Lab,Corona
train/pd/008912ce1689ee32_w09.png,008912ce1689ee32,9,Lab,Corona
train/pd/008912ce1689ee32_w11.png,008912ce1689ee32,11,Lab,Corona
train/pd/008912ce1689ee32_w13.png,008912ce1689ee32,13,Lab,Corona
train/pd/008912ce1689ee32_w16.png,008912ce1689ee32,16,Lab,Corona
train/pd/008912ce1689ee32_w24.png,008912ce1689ee32,24,Lab,Corona
train/pd/0091c10e5bfef409_w06.png,0091c10e5bfef409,6,Lab,Floating
train/pd/0091c10e5bfef409_w07.png,0091c10e5bfef409,7,Lab,Floating
train/pd/0091c10e5bfef409_w09.png,0091c10e5bfef409,9,Lab,Floating
train/pd/0091c10e5bfef409_w17.png,0091c10e5bfef409,17,Lab,Floating
train/pd/0091c10e5bfef409_w19.png,0091c10e5bfef409,19,Lab,Floating
train/pd/0091c10e5bfef409_w22.png,0091c10e5bfef409,22,Lab,Floating
train/pd/0091c10e5bfef409_w23.png,0091c10e5bfef409,23,Lab,Floating
train/pd/0091c10e5bfef409_w27.png,0091c10e5bfef409,27,Lab,Floating
train/pd/00ce90272c37ef67_w07.png,00ce90272c37ef67,7,Lab,Void
train/pd/00ce90272c37ef67_w11.png,00ce90272c37ef67,11,Lab,Void
train/pd/00ce90272c37ef67_w15.png,00ce90272c37ef67,15,Lab,Void
train/pd/00ce90272c37ef67_w16.png,00ce90272c37ef67,16,Lab,Void
train/pd/00ce90272c37ef67_w17.png,00ce90272c37ef67,17,Lab,Void
train/pd/00ce90272c37ef67_w21.png,00ce90272c37ef67,21,Lab,Void
train/pd/00ce90272c37ef67_w24.png,00ce90272c37ef67,24,Lab,Void
train/pd/00ce90272c37ef67_w27.png,00ce90272c37ef67,27,Lab,Void
train/pd/0102c22d62a9e3bd_w02.png,0102c22d62a9e3bd,2,Lab,Void
train/pd/0102c22d62a9e3bd_w09.png,0102c22d62a9e3bd,9,Lab,Void
train/pd/0102c22d62a9e3bd_w11.png,0102c22d62a9e3bd,11,Lab,Void
train/pd/0102c22d62a9e3bd_w14.png,0102c22d62a9e3bd,14,Lab,Void
train/pd/0102c22d62a9e3bd_w15.png,0102c22d62a9e3bd,15,Lab,Void
train/pd/0102c22d62a9e3bd_w21.png,0102c22d62a9e3bd,21,Lab,Void
train/pd/0102c22d62a9e3bd_w25.png,0102c22d62a9e3bd,25,Lab,Void
train/pd/0102c22d62a9e3bd_w27.png,0102c22d62a9e3bd,27,Lab,Void
train/pd/01107ea4ea9402b2_w00.png,01107ea4ea9402b2,0,Lab,Floating
train/pd/01107ea4ea9402b2_w05.png,01107ea4ea9402b2,5,Lab,Floating
train/pd/01107ea4ea9402b2_w06.png,01107ea4ea9402b2,6,Lab,Floating
train/pd/01107ea4ea9402b2_w07.png,01107ea4ea9402b2,7,Lab,Floating
train/pd/01107ea4ea9402b2_w08.png,01107ea4ea9402b2,8,Lab,Floating
train/pd/01107ea4ea9402b2_w10.png,01107ea4ea9402b2,10,Lab,Floating
train/pd/01107ea4ea9402b2_w13.png,01107ea4ea9402b2,13,Lab,Floating
train/pd/01107ea4ea9402b2_w25.png,01107ea4ea9402b2,25,Lab,Floating
train/pd/015bf74e1ee8ee73_w03.png,015bf74e1ee8ee73,3,Field,Corona
train/pd/015bf74e1ee8ee73_w06.png,015bf74e1ee8ee73,6,Field,Corona
train/pd/015bf74e1ee8ee73_w07.png,015bf74e1ee8ee73,7,Field,Corona
train/pd/015bf74e1ee8ee73_w10.png,015bf74e1ee8ee73,10,Field,Corona
train/pd/015bf74e1ee8ee73_w15.png,015bf74e1ee8ee73,15,Field,Corona
train/pd/015bf74e1ee8ee73_w17.png,015bf74e1ee8ee73,17,Field,Corona
train/pd/015bf74e1ee8ee73_w21.png,015bf74e1ee8ee73,21,Field,Corona
train/pd/015bf74e1ee8ee73_w25.png,015bf74e1ee8ee73,25,Field,Corona
train/pd/0172c90f6bc43807_w00.png,0172c90f6bc43807,0,Lab,Corona
train/pd/0172c90f6bc43807_w02.png,0172c90f6bc43807,2,Lab,Corona
train/pd/0172c90f6bc43807_w03.png,0172c90f6bc43807,3,Lab,Corona
train/pd/0172c90f6bc43807_w07.png,0172c90f6bc43807,7,Lab,Corona
train/pd/0172c90f6bc43807_w08.png,0172c90f6bc43807,8,Lab,Corona
train/pd/0172c90f6bc43807_w17.png,0172c90f6bc43807,17,Lab,Corona
train/pd/0172c90f6bc43807_w21.png,0172c90f6bc43807,21,Lab,Corona
train/pd/0172c90f6bc43807_w26.png,0172c90f6bc43807,26,Lab,Corona
train/pd/018060a1f34d3230_w03.png,018060a1f34d3230,3,Lab,Void
train/pd/018060a1f34d3230_w04.png,018060a1f34d3230,4,Lab,Void
train/pd/018060a1f34d3230_w10.png,018060a1f34d3230,10,Lab,Void
train/pd/018060a1f34d3230_w11.png,018060a1f34d3230,11,Lab,Void
train/pd/018060a1f34d3230_w12.png,018060a1f34d3230,12,Lab,Void
train/pd/018060a1f34d3230_w16.png,018060a1f34d3230,16,Lab,Void
train/pd/018060a1f34d3230_w19.png,018060a1f34d3230,19,Lab,Void
train/pd/018060a1f34d3230_w25.png,018060a1f34d3230,25,Lab,Void
train/pd/018cc000a847b7b9_w01.png,018cc000a847b7b9,1,Lab,Particle
train/pd/018cc000a847b7b9_w02.png,018cc000a847b7b9,2,Lab,Particle
train/pd/018cc000a847b7b9_w07.png,018cc000a847b7b9,7,Lab,Particle
train/pd/018cc000a847b7b9_w08.png,018cc000a847b7b9,8,Lab,Particle
train/pd/018cc000a847b7b9_w09.png,018cc000a847b7b9,9,Lab,Particle
train/pd/018cc000a847b7b9_w13.png,018cc000a847b7b9,13,Lab,Particle
train/pd/018cc000a847b7b9_w24.png,018cc000a847b7b9,24,Lab,Particle
train/pd/018cc000a847b7b9_w26.png,018cc000a847b7b9,26,Lab,Particle
train/pd/01bb961f944e9018_w02.png,01bb961f944e9018,2,Lab,Void
train/pd/01bb961f944e9018_w05.png,01bb961f944e9018,5,Lab,Void
train/pd/01bb961f944e9018_w07.png,01bb961f944e9018,7,Lab,Void
train/pd/01bb961f944e9018_w10.png,01bb961f944e9018,10,Lab,Void
train/pd/01bb961f944e9018_w15.png,01bb961f944e9018,15,Lab,Void
train/pd/01bb961f944e9018_w18.png,01bb961f944e9018,18,Lab,Void
train/pd/01bb961f944e9018_w24.png,01bb961f944e9018,24,Lab,Void
train/pd/01bb961f944e9018_w27.png,01bb961f944e9018,27,Lab,Void
train/pd/01f7e9f73116ac02_w00.png,01f7e9f73116ac02,0,Lab,Void
train/pd/01f7e9f73116ac02_w04.png,01f7e9f73116ac02,4,Lab,Void
train/pd/01f7e9f73116ac02_w06.png,01f7e9f73116ac02,6,Lab,Void
train/pd/01f7e9f73116ac02_w12.png,01f7e9f73116ac02,12,Lab,Void
train/pd/01f7e9f73116ac02_w13.png,01f7e9f73116ac02,13,Lab,Void
train/pd/01f7e9f73116ac02_w17.png,01f7e9f73116ac02,17,Lab,Void
train/pd/01f7e9f73116ac02_w23.png,01f7e9f73116ac02,23,Lab,Void
train/pd/01f7e9f73116ac02_w26.png,01f7e9f73116ac02,26,Lab,Void
train/pd/01fb59b5c6284e87_w02.png,01fb59b5c6284e87,2,Lab,Particle
train/pd/01fb59b5c6284e87_w11.png,01fb59b5c6284e87,11,Lab,Particle
train/pd/01fb59b5c6284e87_w12.png,01fb59b5c6284e87,12,Lab,Particle
train/pd/01fb59b5c6284e87_w15.png,01fb59b5c6284e87,15,Lab,Particle
train/pd/01fb59b5c6284e87_w20.png,01fb59b5c6284e87,20,Lab,Particle
train/pd/01fb59b5c6284e87_w22.png,01fb59b5c6284e87,22,Lab,Particle
train/pd/01fb59b5c6284e87_w24.png,01fb59b5c6284e87,24,Lab,Particle
train/pd/01fb59b5c6284e87_w25.png,01fb59b5c6284e87,25,Lab,Particle
train/pd/024a640a121fcbea_w02.png,024a640a121fcbea,2,Lab,Void
train/pd/024a640a121fcbea_w03.png,024a640a121fcbea,3,Lab,Void
train/pd/024a640a121fcbea_w04.png,024a640a121fcbea,4,Lab,Void
train/pd/024a640a121fcbea_w08.png,024a640a121fcbea,8,Lab,Void
train/pd/024a640a121fcbea_w14.png,024a640a121fcbea,14,Lab,Void
train/pd/024a640a121fcbea_w20.png,024a640a121fcbea,20,Lab,Void
train/pd/024a640a121fcbea_w24.png,024a640a121fcbea,24,Lab,Void
train/pd/024a640a121fcbea_w26.png,024a640a121fcbea,26,Lab,Void
train/pd/025402f7f6029c84_w00.png,025402f7f6029c84,0,Lab,Particle
train/pd/025402f7f6029c84_w03.png,025402f7f6029c84,3,Lab,Particle
train/pd/025402f7f6029c84_w06.png,025402f7f6029c84,6,Lab,Particle
train/pd/025402f7f6029c84_w10.png,025402f7f6029c84,10,Lab,Particle
train/pd/025402f7f6029c84_w12.png,025402f7f6029c84,12,Lab,Particle
train/pd/025402f7f6029c84_w21.png,025402f7f6029c84,21,Lab,Particle
train/pd/025402f7f6029c84_w23.png,025402f7f6029c84,23,Lab,Particle
train/pd/025402f7f6029c84_w26.png,025402f7f6029c84,26,Lab,Particle
train/pd/0263afc1184c1da7_w03.png,0263afc1184c1da7,3,Lab,Corona
train/pd/0263afc1184c1da7_w07.png,0263afc1184c1da7,7,Lab,Corona
train/pd/0263afc1184c1da7_w11.png,0263afc1184c1da7,11,Lab,Corona
train/pd/0263afc1184c1da7_w13.png,0263afc1184c1da7,13,Lab,Corona
train/pd/0263afc1184c1da7_w19.png,0263afc1184c1da7,19,Lab,Corona
train/pd/0263afc1184c1da7_w20.png,0263afc1184c1da7,20,Lab,Corona
train/pd/0263afc1184c1da7_w23.png,0263afc1184c1da7,23,Lab,Corona
train/pd/0263afc1184c1da7_w26.png,0263afc1184c1da7,26,Lab,Corona
train/pd/029583c7524e996e_w00.png,029583c7524e996e,0,Lab,Particle
train/pd/029583c7524e996e_w03.png,029583c7524e996e,3,Lab,Particle
train/pd/029583c7524e996e_w07.png,029583c7524e996e,7,Lab,Particle
train/pd/029583c7524e996e_w08.png,029583c7524e996e,8,Lab,Particle
train/pd/029583c7524e996e_w13.png,029583c7524e996e,13,Lab,Particle
train/pd/029583c7524e996e_w15.png,029583c7524e996e,15,Lab,Particle
train/pd/029583c7524e996e_w18.png,029583c7524e996e,18,Lab,Particle
train/pd/029583c7524e996e_w21.png,029583c7524e996e,21,Lab,Particle
train/pd/02a4d77011696bef_w02.png,02a4d77011696bef,2,Lab,Particle
train/pd/02a4d77011696bef_w08.png,02a4d77011696bef,8,Lab,Particle
train/pd/02a4d77011696bef_w13.png,02a4d77011696bef,13,Lab,Particle
train/pd/02a4d77011696bef_w16.png,02a4d77011696bef,16,Lab,Particle
train/pd/02a4d77011696bef_w17.png,02a4d77011696bef,17,Lab,Particle
train/pd/02a4d77011696bef_w19.png,02a4d77011696bef,19,Lab,Particle
train/pd/02a4d77011696bef_w22.png,02a4d77011696bef,22,Lab,Particle
train/pd/02a4d77011696bef_w23.png,02a4d77011696bef,23,Lab,Particle
train/pd/02a891dd302f6c91_w07.png,02a891dd302f6c91,7,Lab,Void
train/pd/02a891dd302f6c91_w08.png,02a891dd302f6c91,8,Lab,Void
train/pd/02a891dd302f6c91_w11.png,02a891dd302f6c91,11,Lab,Void
train/pd/02a891dd302f6c91_w19.png,02a891dd302f6c91,19,Lab,Void
train/pd/02a891dd302f6c91_w21.png,02a891dd302f6c91,21,Lab,Void
train/pd/02a891dd302f6c91_w24.png,02a891dd302f6c91,24,Lab,Void
train/pd/02a891dd302f6c91_w26.png,02a891dd302f6c91,26,Lab,Void
train/pd/02a891dd302f6c91_w27.png,02a891dd302f6c91,27,Lab,Void
train/pd/02b10600b1cc8902_w01.png,02b10600b1cc8902,1,Lab,Void
train/pd/02b10600b1cc8902_w04.png,02b10600b1cc8902,4,Lab,Void
train/pd/02b10600b1cc8902_w05.png,02b10600b1cc8902,5,Lab,Void
train/pd/02b10600b1cc8902_w08.png,02b10600b1cc8902,8,Lab,Void
train/pd/02b10600b1cc8902_w13.png,02b10600b1cc8902,13,Lab,Void
train/pd/02b10600b1cc8902_w21.png,02b10600b1cc8902,21,Lab,Void
train/pd/02b10600b1cc8902_w22.png,02b10600b1cc8902,22,Lab,Void
train/pd/02b10600b1cc8902_w24.png,02b10600b1cc8902,24,Lab,Void
train/pd/02f5342e2dcd4622_w02.png,02f5342e2dcd4622,2,Lab,Corona
train/pd/02f5342e2dcd4622_w05.png,02f5342e2dcd4622,5,Lab,Corona
train/pd/02f5342e2dcd4622_w08.png,02f5342e2dcd4622,8,Lab,Corona
train/pd/02f5342e2dcd4622_w12.png,02f5342e2dcd4622,12,Lab,Corona
train/pd/02f5342e2dcd4622_w13.png,02f5342e2dcd4622,13,Lab,Corona
train/pd/02f5342e2dcd4622_w17.png,02f5342e2dcd4622,17,Lab,Corona
train/pd/02f5342e2dcd4622_w19.png,02f5342e2dcd4622,19,Lab,Corona
train/pd/02f5342e2dcd4622_w21.png,02f5342e2dcd4622,21,Lab,Corona
train/pd/02fd3bc274f1db69_w00.png,02fd3bc274f1db69,0,Field,Floating
train/pd/02fd3bc274f1db69_w01.png,02fd3bc274f1db69,1,Field,Floating
train/pd/02fd3bc274f1db69_w06.png,02fd3bc274f1db69,6,Field,Floating
train/pd/02fd3bc274f1db69_w09.png,02fd3bc274f1db69,9,Field,Floating
train/pd/02fd3bc274f1db69_w16.png,02fd3bc274f1db69,16,Field,Floating
train/pd/02fd3bc274f1db69_w17.png,02fd3bc274f1db69,17,Field,Floating
train/pd/02fd3bc274f1db69_w25.png,02fd3bc274f1db69,25,Field,Floating
train/pd/02fd3bc274f1db69_w26.png,02fd3bc274f1db69,26,Field,Floating
train/pd/033ab11f6d7648a7_w01.png,033ab11f6d7648a7,1,Field,Void
train/pd/033ab11f6d7648a7_w03.png,033ab11f6d7648a7,3,Field,Void
train/pd/033ab11f6d7648a7_w05.png,033ab11f6d7648a7,5,Field,Void
train/pd/033ab11f6d7648a7_w08.png,033ab11f6d7648a7,8,Field,Void
train/pd/033ab11f6d7648a7_w14.png,033ab11f6d7648a7,14,Field,Void
train/pd/033ab11f6d7648a7_w15.png,033ab11f6d7648a7,15,Field,Void
train/pd/033ab11f6d7648a7_w17.png,033ab11f6d7648a7,17,Field,Void
train/pd/033ab11f6d7648a7_w22.png,033ab11f6d7648a7,22,Field,Void
train/pd/033c770dbe5f08eb_w00.png,033c770dbe5f08eb,0,Field,Floating
train/pd/033c770dbe5f08eb_w03.png,033c770dbe5f08eb,3,Field,Floating
train/pd/033c770dbe5f08eb_w04.png,033c770dbe5f08eb,4,Field,Floating
train/pd/033c770dbe5f08eb_w06.png,033c770dbe5f08eb,6,Field,Floating
train/pd/033c770dbe5f08eb_w07.png,033c770dbe5f08eb,7,Field,Floating
train/pd/033c770dbe5f08eb_w09.png,033c770dbe5f08eb,9,Field,Floating
train/pd/033c770dbe5f08eb_w10.png,033c770dbe5f08eb,10,Field,Floating
train/pd/033c770dbe5f08eb_w22.png,033c770dbe5f08eb,22,Field,Floating
train/pd/033fe180796ae41e_w05.png,033fe180796ae41e,5,Lab,Particle
train/pd/033fe180796ae41e_w10.png,033fe180796ae41e,10,Lab,Particle
train/pd/033fe180796ae41e_w13.png,033fe180796ae41e,13,Lab,Particle
train/pd/033fe180796ae41e_w15.png,033fe180796ae41e,15,Lab,Particle
train/pd/033fe180796ae41e_w17.png,033fe180796ae41e,17,Lab,Particle
train/pd/033fe180796ae41e_w19.png,033fe180796ae41e,19,Lab,Particle
train/pd/033fe180796ae41e_w22.png,033fe180796ae41e,22,Lab,Particle
train/pd/033fe180796ae41e_w23.png,033fe180796ae41e,23,Lab,Particle
train/pd/0347337629b72767_w01.png,0347337629b72767,1,Lab,Void
train/pd/0347337629b72767_w02.png,0347337629b72767,2,Lab,Void
train/pd/0347337629b72767_w03.png,0347337629b72767,3,Lab,Void
train/pd/0347337629b72767_w08.png,0347337629b72767,8,Lab,Void
train/pd/0347337629b72767_w09.png,0347337629b72767,9,Lab,Void
train/pd/0347337629b72767_w12.png,0347337629b72767,12,Lab,Void
train/pd/0347337629b72767_w21.png,0347337629b72767,21,Lab,Void
train/pd/0347337629b72767_w25.png,0347337629b72767,25,Lab,Void
train/pd/035efdea56fada3c_w00.png,035efdea56fada3c,0,Lab,Void
train/pd/035efdea56fada3c_w04.png,035efdea56fada3c,4,Lab,Void
train/pd/035efdea56fada3c_w11.png,035efdea56fada3c,11,Lab,Void
train/pd/035efdea56fada3c_w14.png,035efdea56fada3c,14,Lab,Void
train/pd/035efdea56fada3c_w17.png,035efdea56fada3c,17,Lab,Void
train/pd/035efdea56fada3c_w20.png,035efdea56fada3c,20,Lab,Void
train/pd/035efdea56fada3c_w21.png,035efdea56fada3c,21,Lab,Void
train/pd/035efdea56fada3c_w25.png,035efdea56fada3c,25,Lab,Void
train/pd/03799c0d98bc4b9b_w03.png,03799c0d98bc4b9b,3,Lab,Corona
train/pd/03799c0d98bc4b9b_w04.png,03799c0d98bc4b9b,4,Lab,Corona
train/pd/03799c0d98bc4b9b_w12.png,03799c0d98bc4b9b,12,Lab,Corona
train/pd/03799c0d98bc4b9b_w13.png,03799c0d98bc4b9b,13,Lab,Corona
train/pd/03799c0d98bc4b9b_w19.png,03799c0d98bc4b9b,19,Lab,Corona
train/pd/03799c0d98bc4b9b_w20.png,03799c0d98bc4b9b,20,Lab,Corona
train/pd/03799c0d98bc4b9b_w21.png,03799c0d98bc4b9b,21,Lab,Corona
train/pd/03799c0d98bc4b9b_w23.png,03799c0d98bc4b9b,23,Lab,Corona
train/pd/0382cce67366ef2c_w05.png,0382cce67366ef2c,5,Field,Void
train/pd/0382cce67366ef2c_w06.png,0382cce67366ef2c,6,Field,Void
train/pd/0382cce67366ef2c_w09.png,0382cce67366ef2c,9,Field,Void
train/pd/0382cce67366ef2c_w11.png,0382cce67366ef2c,11,Field,Void
train/pd/0382cce67366ef2c_w14.png,0382cce67366ef2c,14,Field,Void
train/pd/0382cce67366ef2c_w18.png,0382cce67366ef2c,18,Field,Void
train/pd/0382cce67366ef2c_w19.png,0382cce67366ef2c,19,Field,Void
train/pd/0382cce67366ef2c_w25.png,0382cce67366ef2c,25,Field,Void
train/pd/03ae032589240651_w02.png,03ae032589240651,2,Lab,Void
train/pd/03ae032589240651_w08.png,03ae032589240651,8,Lab,Void
train/pd/03ae032589240651_w10.png,03ae032589240651,10,Lab,Void
train/pd/03ae032589240651_w17.png,03ae032589240651,17,Lab,Void
train/pd/03ae032589240651_w22.png,03ae032589240651,22,Lab,Void
train/pd/03ae032589240651_w23.png,03ae032589240651,23,Lab,Void
train/pd/03ae032589240651_w25.png,03ae032589240651,25,Lab,Void
train/pd/03ae032589240651_w26.png,03ae032589240651,26,Lab,Void
train/pd/03af5944b5af227d_w01.png,03af5944b5af227d,1,Lab,Void
train/pd/03af5944b5af227d_w02.png,03af5944b5af227d,2,Lab,Void
train/pd/03af5944b5af227d_w16.png,03af5944b5af227d,16,Lab,Void
train/pd/03af5944b5af227d_w19.png,03af5944b5af227d,19,Lab,Void
train/pd/03af5944b5af227d_w20.png,03af5944b5af227d,20,Lab,Void
train/pd/03af5944b5af227d_w23.png,03af5944b5af227d,23,Lab,Void
train/pd/03af5944b5af227d_w24.png,03af5944b5af227d,24,Lab,Void
train/pd/03af5944b5af227d_w26.png,03af5944b5af227d,26,Lab,Void
train/pd/03b0a38d9eefc3fc_w03.png,03b0a38d9eefc3fc,3,Lab,Floating
train/pd/03b0a38d9eefc3fc_w04.png,03b0a38d9eefc3fc,4,Lab,Floating
train/pd/03b0a38d9eefc3fc_w06.png,03b0a38d9eefc3fc,6,Lab,Floating
train/pd/03b0a38d9eefc3fc_w15.png,03b0a38d9eefc3fc,15,Lab,Floating
train/pd/03b0a38d9eefc3fc_w20.png,03b0a38d9eefc3fc,20,Lab,Floating
train/pd/03b0a38d9eefc3fc_w21.png,03b0a38d9eefc3fc,21,Lab,Floating
train/pd/03b0a38d9eefc3fc_w23.png,03b0a38d9eefc3fc,23,Lab,Floating
train/pd/03b0a38d9eefc3fc_w27.png,03b0a38d9eefc3fc,27,Lab,Floating
train/pd/03b0f52d9f891665_w01.png,03b0f52d9f891665,1,Field,Void
train/pd/03b0f52d9f891665_w04.png,03b0f52d9f891665,4,Field,Void
train/pd/03b0f52d9f891665_w11.png,03b0f52d9f891665,11,Field,Void
train/pd/03b0f52d9f891665_w14.png,03b0f52d9f891665,14,Field,Void
train/pd/03b0f52d9f891665_w16.png,03b0f52d9f891665,16,Field,Void
train/pd/03b0f52d9f891665_w20.png,03b0f52d9f891665,20,Field,Void
train/pd/03b0f52d9f891665_w23.png,03b0f52d9f891665,23,Field,Void
train/pd/03b0f52d9f891665_w25.png,03b0f52d9f891665,25,Field,Void
train/pd/03c1612d726cce6a_w01.png,03c1612d726cce6a,1,Lab,Floating
train/pd/03c1612d726cce6a_w10.png,03c1612d726cce6a,10,Lab,Floating
train/pd/03c1612d726cce6a_w13.png,03c1612d726cce6a,13,Lab,Floating
train/pd/03c1612d726cce6a_w16.png,03c1612d726cce6a,16,Lab,Floating
train/pd/03c1612d726cce6a_w19.png,03c1612d726cce6a,19,Lab,Floating
train/pd/03c1612d726cce6a_w20.png,03c1612d726cce6a,20,Lab,Floating
train/pd/03c1612d726cce6a_w21.png,03c1612d726cce6a,21,Lab,Floating
train/pd/03c1612d726cce6a_w27.png,03c1612d726cce6a,27,Lab,Floating
train/pd/03f9673ed19d74e4_w00.png,03f9673ed19d74e4,0,Lab,Void
train/pd/03f9673ed19d74e4_w01.png,03f9673ed19d74e4,1,Lab,Void
train/pd/03f9673ed19d74e4_w06.png,03f9673ed19d74e4,6,Lab,Void
train/pd/03f9673ed19d74e4_w09.png,03f9673ed19d74e4,9,Lab,Void
train/pd/03f9673ed19d74e4_w14.png,03f9673ed19d74e4,14,Lab,Void
train/pd/03f9673ed19d74e4_w19.png,03f9673ed19d74e4,19,Lab,Void
train/pd/03f9673ed19d74e4_w24.png,03f9673ed19d74e4,24,Lab,Void
train/pd/03f9673ed19d74e4_w25.png,03f9673ed19d74e4,25,Lab,Void
train/pd/041b0b55b2c5c41b_w02.png,041b0b55b2c5c41b,2,Lab,Particle
train/pd/041b0b55b2c5c41b_w06.png,041b0b55b2c5c41b,6,Lab,Particle
train/pd/041b0b55b2c5c41b_w15.png,041b0b55b2c5c41b,15,Lab,Particle
train/pd/041b0b55b2c5c41b_w19.png,041b0b55b2c5c41b,19,Lab,Particle
train/pd/041b0b55b2c5c41b_w20.png,041b0b55b2c5c41b,20,Lab,Particle
train/pd/041b0b55b2c5c41b_w21.png,041b0b55b2c5c41b,21,Lab,Particle
train/pd/041b0b55b2c5c41b_w24.png,041b0b55b2c5c41b,24,Lab,Particle
train/pd/041b0b55b2c5c41b_w25.png,041b0b55b2c5c41b,25,Lab,Particle
train/pd/0437970ae6b4cf56_w03.png,0437970ae6b4cf56,3,Lab,Void
train/pd/0437970ae6b4cf56_w08.png,0437970ae6b4cf56,8,Lab,Void
train/pd/0437970ae6b4cf56_w12.png,0437970ae6b4cf56,12,Lab,Void
train/pd/0437970ae6b4cf56_w13.png,0437970ae6b4cf56,13,Lab,Void
train/pd/0437970ae6b4cf56_w14.png,0437970ae6b4cf56,14,Lab,Void
train/pd/0437970ae6b4cf56_w16.png,0437970ae6b4cf56,16,Lab,Void
train/pd/0437970ae6b4cf56_w17.png,0437970ae6b4cf56,17,Lab,Void
train/pd/0437970ae6b4cf56_w20.png,0437970ae6b4cf56,20,Lab,Void
train/pd/044211217b14f462_w01.png,044211217b14f462,1,Lab,Corona
train/pd/044211217b14f462_w03.png,044211217b14f462,3,Lab,Corona
train/pd/044211217b14f462_w04.png,044211217b14f462,4,Lab,Corona
train/pd/044211217b14f462_w05.png,044211217b14f462,5,Lab,Corona
train/pd/044211217b14f462_w06.png,044211217b14f462,6,Lab,Corona
train/pd/044211217b14f462_w11.png,044211217b14f462,11,Lab,Corona
train/pd/044211217b14f462_w12.png,044211217b14f462,12,Lab,Corona
train/pd/044211217b14f462_w13.png,044211217b14f462,13,Lab,Corona
train/pd/045866fe70cdcab0_w04.png,045866fe70cdcab0,4,Lab,Floating
train/pd/045866fe70cdcab0_w06.png,045866fe70cdcab0,6,Lab,Floating
train/pd/045866fe70cdcab0_w07.png,045866fe70cdcab0,7,Lab,Floating
train/pd/045866fe70cdcab0_w08.png,045866fe70cdcab0,8,Lab,Floating
train/pd/045866fe70cdcab0_w09.png,045866fe70cdcab0,9,Lab,Floating
train/pd/045866fe70cdcab0_w15.png,045866fe70cdcab0,15,Lab,Floating
train/pd/045866fe70cdcab0_w17.png,045866fe70cdcab0,17,Lab,Floating
train/pd/045866fe70cdcab0_w23.png,045866fe70cdcab0,23,Lab,Floating
train/pd/04bbb5e2aa9ddbc6_w05.png,04bbb5e2aa9ddbc6,5,Lab,Floating
train/pd/04bbb5e2aa9ddbc6_w06.png,04bbb5e2aa9ddbc6,6,Lab,Floating
train/pd/04bbb5e2aa9ddbc6_w10.png,04bbb5e2aa9ddbc6,10,Lab,Floating
train/pd/04bbb5e2aa9ddbc6_w12.png,04bbb5e2aa9ddbc6,12,Lab,Floating
train/pd/04bbb5e2aa9ddbc6_w17.png,04bbb5e2aa9ddbc6,17,Lab,Floating
train/pd/04bbb5e2aa9ddbc6_w21.png,04bbb5e2aa9ddbc6,21,Lab,Floating
train/pd/04bbb5e2aa9ddbc6_w23.png,04bbb5e2aa9ddbc6,23,Lab,Floating
train/pd/04bbb5e2aa9ddbc6_w25.png,04bbb5e2aa9ddbc6,25,Lab,Floating
train/pd/04d1bf0f066827bb_w00.png,04d1bf0f066827bb,0,Lab,Void
train/pd/04d1bf0f066827bb_w03.png,04d1bf0f066827bb,3,Lab,Void
train/pd/04d1bf0f066827bb_w04.png,04d1bf0f066827bb,4,Lab,Void
train/pd/04d1bf0f066827bb_w13.png,04d1bf0f066827bb,13,Lab,Void
train/pd/04d1bf0f066827bb_w14.png,04d1bf0f066827bb,14,Lab,Void
train/pd/04d1bf0f066827bb_w16.png,04d1bf0f066827bb,16,Lab,Void
train/pd/04d1bf0f066827bb_w18.png,04d1bf0f066827bb,18,Lab,Void
train/pd/04d1bf0f066827bb_w24.png,04d1bf0f066827bb,24,Lab,Void
train/pd/04d2d59509a3bd23_w01.png,04d2d59509a3bd23,1,Field,Void
train/pd/04d2d59509a3bd23_w03.png,04d2d59509a3bd23,3,Field,Void
train/pd/04d2d59509a3bd23_w12.png,04d2d59509a3bd23,12,Field,Void
train/pd/04d2d59509a3bd23_w15.png,04d2d59509a3bd23,15,Field,Void
train/pd/04d2d59509a3bd23_w18.png,04d2d59509a3bd23,18,Field,Void
train/pd/04d2d59509a3bd23_w23.png,04d2d59509a3bd23,23,Field,Void
train/pd/04d2d59509a3bd23_w24.png,04d2d59509a3bd23,24,Field,Void
train/pd/04d2d59509a3bd23_w26.png,04d2d59509a3bd23,26,Field,Void
train/pd/04df85b00a332214_w02.png,04df85b00a332214,2,Lab,Particle
train/pd/04df85b00a332214_w06.png,04df85b00a332214,6,Lab,Particle
train/pd/04df85b00a332214_w16.png,04df85b00a332214,16,Lab,Particle
train/pd/04df85b00a332214_w17.png,04df85b00a332214,17,Lab,Particle
train/pd/04df85b00a332214_w19.png,04df85b00a332214,19,Lab,Particle
train/pd/04df85b00a332214_w20.png,04df85b00a332214,20,Lab,Particle
train/pd/04df85b00a332214_w21.png,04df85b00a332214,21,Lab,Particle
train/pd/04df85b00a332214_w22.png,04df85b00a332214,22,Lab,Particle
train/pd/04e2cd1396c51a43_w00.png,04e2cd1396c51a43,0,Lab,Particle
train/pd/04e2cd1396c51a43_w11.png,04e2cd1396c51a43,11,Lab,Particle
train/pd/04e2cd1396c51a43_w13.png,04e2cd1396c51a43,13,Lab,Particle
train/pd/04e2cd1396c51a43_w14.png,04e2cd1396c51a43,14,Lab,Particle
train/pd/04e2cd1396c51a43_w17.png,04e2cd1396c51a43,17,Lab,Particle
train/pd/04e2cd1396c51a43_w20.png,04e2cd1396c51a43,20,Lab,Particle
train/pd/04e2cd1396c51a43_w23.png,04e2cd1396c51a43,23,Lab,Particle
train/pd/04e2cd1396c51a43_w24.png,04e2cd1396c51a43,24,Lab,Particle
train/pd/05d0d468106e23be_w02.png,05d0d468106e23be,2,Lab,Void
train/pd/05d0d468106e23be_w03.png,05d0d468106e23be,3,Lab,Void
train/pd/05d0d468106e23be_w19.png,05d0d468106e23be,19,Lab,Void
train/pd/05d0d468106e23be_w20.png,05d0d468106e23be,20,Lab,Void
train/pd/05d0d468106e23be_w23.png,05d0d468106e23be,23,Lab,Void
train/pd/05d0d468106e23be_w24.png,05d0d468106e23be,24,Lab,Void
train/pd/05d0d468106e23be_w26.png,05d0d468106e23be,26,Lab,Void
train/pd/05d0d468106e23be_w27.png,05d0d468106e23be,27,Lab,Void
train/pd/05ddfa2cb331c58f_w07.png,05ddfa2cb331c58f,7,Lab,Void
train/pd/05ddfa2cb331c58f_w14.png,05ddfa2cb331c58f,14,Lab,Void
train/pd/05ddfa2cb331c58f_w16.png,05ddfa2cb331c58f,16,Lab,Void
train/pd/05ddfa2cb331c58f_w17.png,05ddfa2cb331c58f,17,Lab,Void
train/pd/05ddfa2cb331c58f_w20.png,05ddfa2cb331c58f,20,Lab,Void
train/pd/05ddfa2cb331c58f_w21.png,05ddfa2cb331c58f,21,Lab,Void
train/pd/05ddfa2cb331c58f_w22.png,05ddfa2cb331c58f,22,Lab,Void
train/pd/05ddfa2cb331c58f_w27.png,05ddfa2cb331c58f,27,Lab,Void
train/pd/06b050889d84aac6_w01.png,06b050889d84aac6,1,Lab,Floating
train/pd/06b050889d84aac6_w03.png,06b050889d84aac6,3,Lab,Floating
train/pd/06b050889d84aac6_w10.png,06b050889d84aac6,10,Lab,Floating
train/pd/06b050889d84aac6_w11.png,06b050889d84aac6,11,Lab,Floating
train/pd/06b050889d84aac6_w13.png,06b050889d84aac6,13,Lab,Floating
train/pd/06b050889d84aac6_w19.png,06b050889d84aac6,19,Lab,Floating
train/pd/06b050889d84aac6_w20.png,06b050889d84aac6,20,Lab,Floating
train/pd/06b050889d84aac6_w22.png,06b050889d84aac6,22,Lab,Floating
train/pd/06bde3f422d3c588_w00.png,06bde3f422d3c588,0,Lab,Particle
train/pd/06bde3f422d3c588_w03.png,06bde3f422d3c588,3,Lab,Particle
train/pd/06bde3f422d3c588_w09.png,06bde3f422d3c588,9,Lab,Particle
train/pd/06bde3f422d3c588_w11.png,06bde3f422d3c588,11,Lab,Particle
train/pd/06bde3f422d3c588_w13.png,06bde3f422d3c588,13,Lab,Particle
train/pd/06bde3f422d3c588_w16.png,06bde3f422d3c588,16,Lab,Particle
train/pd/06bde3f422d3c588_w25.png,06bde3f422d3c588,25,Lab,Particle
train/pd/06bde3f422d3c588_w26.png,06bde3f422d3c588,26,Lab,Particle
train/pd/06c768d8a6c20a83_w00.png,06c768d8a6c20a83,0,Lab,Floating
train/pd/06c768d8a6c20a83_w02.png,06c768d8a6c20a83,2,Lab,Floating
train/pd/06c768d8a6c20a83_w11.png,06c768d8a6c20a83,11,Lab,Floating
train/pd/06c768d8a6c20a83_w14.png,06c768d8a6c20a83,14,Lab,Floating
train/pd/06c768d8a6c20a83_w15.png,06c768d8a6c20a83,15,Lab,Floating
train/pd/06c768d8a6c20a83_w18.png,06c768d8a6c20a83,18,Lab,Floating
train/pd/06c768d8a6c20a83_w19.png,06c768d8a6c20a83,19,Lab,Floating
train/pd/06c768d8a6c20a83_w23.png,06c768d8a6c20a83,23,Lab,Floating
train/pd/06efbf7dbfc5977b_w00.png,06efbf7dbfc5977b,0,Field,Corona
train/pd/06efbf7dbfc5977b_w06.png,06efbf7dbfc5977b,6,Field,Corona
train/pd/06efbf7dbfc5977b_w07.png,06efbf7dbfc5977b,7,Field,Corona
train/pd/06efbf7dbfc5977b_w08.png,06efbf7dbfc5977b,8,Field,Corona
train/pd/06efbf7dbfc5977b_w10.png,06efbf7dbfc5977b,10,Field,Corona
train/pd/06efbf7dbfc5977b_w11.png,06efbf7dbfc5977b,11,Field,Corona
train/pd/06efbf7dbfc5977b_w14.png,06efbf7dbfc5977b,14,Field,Corona
train/pd/06efbf7dbfc5977b_w21.png,06efbf7dbfc5977b,21,Field,Corona
train/pd/07182dd031d3b312_w00.png,07182dd031d3b312,0,Lab,Void
train/pd/07182dd031d3b312_w01.png,07182dd031d3b312,1,Lab,Void
train/pd/07182dd031d3b312_w02.png,07182dd031d3b312,2,Lab,Void
train/pd/07182dd031d3b312_w06.png,07182dd031d3b312,6,Lab,Void
train/pd/07182dd031d3b312_w15.png,07182dd031d3b312,15,Lab,Void
train/pd/07182dd031d3b312_w19.png,07182dd031d3b312,19,Lab,Void
train/pd/07182dd031d3b312_w21.png,07182dd031d3b312,21,Lab,Void
train/pd/07182dd031d3b312_w24.png,07182dd031d3b312,24,Lab,Void
train/pd/0768c4c9aca50c46_w00.png,0768c4c9aca50c46,0,Lab,Corona
train/pd/0768c4c9aca50c46_w01.png,0768c4c9aca50c46,1,Lab,Corona
train/pd/0768c4c9aca50c46_w06.png,0768c4c9aca50c46,6,Lab,Corona
train/pd/0768c4c9aca50c46_w12.png,0768c4c9aca50c46,12,Lab,Corona
train/pd/0768c4c9aca50c46_w14.png,0768c4c9aca50c46,14,Lab,Corona
train/pd/0768c4c9aca50c46_w20.png,0768c4c9aca50c46,20,Lab,Corona
train/pd/0768c4c9aca50c46_w23.png,0768c4c9aca50c46,23,Lab,Corona
train/pd/0768c4c9aca50c46_w26.png,0768c4c9aca50c46,26,Lab,Corona
train/pd/0773808513d582f3_w00.png,0773808513d582f3,0,Lab,Particle
train/pd/0773808513d582f3_w01.png,0773808513d582f3,1,Lab,Particle
train/pd/0773808513d582f3_w04.png,0773808513d582f3,4,Lab,Particle
train/pd/0773808513d582f3_w06.png,0773808513d582f3,6,Lab,Particle
train/pd/0773808513d582f3_w14.png,0773808513d582f3,14,Lab,Particle
train/pd/0773808513d582f3_w20.png,0773808513d582f3,20,Lab,Particle
train/pd/0773808513d582f3_w24.png,0773808513d582f3,24,Lab,Particle
train/pd/0773808513d582f3_w25.png,0773808513d582f3,25,Lab,Particle
train/pd/07c899c413bd57e2_w01.png,07c899c413bd57e2,1,Lab,Void
train/pd/07c899c413bd57e2_w03.png,07c899c413bd57e2,3,Lab,Void
train/pd/07c899c413bd57e2_w05.png,07c899c413bd57e2,5,Lab,Void
train/pd/07c899c413bd57e2_w16.png,07c899c413bd57e2,16,Lab,Void
train/pd/07c899c413bd57e2_w17.png,07c899c413bd57e2,17,Lab,Void
train/pd/07c899c413bd57e2_w20.png,07c899c413bd57e2,20,Lab,Void
train/pd/07c899c413bd57e2_w25.png,07c899c413bd57e2,25,Lab,Void
train/pd/07c899c413bd57e2_w26.png,07c899c413bd57e2,26,Lab,Void
train/pd/07cf05e9c19942d3_w02.png,07cf05e9c19942d3,2,Lab,Void
train/pd/07cf05e9c19942d3_w04.png,07cf05e9c19942d3,4,Lab,Void
train/pd/07cf05e9c19942d3_w09.png,07cf05e9c19942d3,9,Lab,Void
train/pd/07cf05e9c19942d3_w13.png,07cf05e9c19942d3,13,Lab,Void
train/pd/07cf05e9c19942d3_w14.png,07cf05e9c19942d3,14,Lab,Void
train/pd/07cf05e9c19942d3_w17.png,07cf05e9c19942d3,17,Lab,Void
train/pd/07cf05e9c19942d3_w20.png,07cf05e9c19942d3,20,Lab,Void
train/pd/07cf05e9c19942d3_w23.png,07cf05e9c19942d3,23,Lab,Void
train/pd/07e965d9ce6d745d_w00.png,07e965d9ce6d745d,0,Field,Floating
train/pd/07e965d9ce6d745d_w01.png,07e965d9ce6d745d,1,Field,Floating
train/pd/07e965d9ce6d745d_w02.png,07e965d9ce6d745d,2,Field,Floating
train/pd/07e965d9ce6d745d_w04.png,07e965d9ce6d745d,4,Field,Floating
train/pd/07e965d9ce6d745d_w06.png,07e965d9ce6d745d,6,Field,Floating
train/pd/07e965d9ce6d745d_w14.png,07e965d9ce6d745d,14,Field,Floating
train/pd/07e965d9ce6d745d_w15.png,07e965d9ce6d745d,15,Field,Floating
train/pd/07e965d9ce6d745d_w19.png,07e965d9ce6d745d,19,Field,Floating
train/pd/07ea126f3564e39d_w00.png,07ea126f3564e39d,0,Lab,Void
train/pd/07ea126f3564e39d_w04.png,07ea126f3564e39d,4,Lab,Void
train/pd/07ea126f3564e39d_w05.png,07ea126f3564e39d,5,Lab,Void
train/pd/07ea126f3564e39d_w11.png,07ea126f3564e39d,11,Lab,Void
train/pd/07ea126f3564e39d_w18.png,07ea126f3564e39d,18,Lab,Void
train/pd/07ea126f3564e39d_w21.png,07ea126f3564e39d,21,Lab,Void
train/pd/07ea126f3564e39d_w23.png,07ea126f3564e39d,23,Lab,Void
train/pd/07ea126f3564e39d_w26.png,07ea126f3564e39d,26,Lab,Void
train/pd/08231624edb288c6_w06.png,08231624edb288c6,6,Lab,Void
train/pd/08231624edb288c6_w09.png,08231624edb288c6,9,Lab,Void
train/pd/08231624edb288c6_w11.png,08231624edb288c6,11,Lab,Void
train/pd/08231624edb288c6_w12.png,08231624edb288c6,12,Lab,Void
train/pd/08231624edb288c6_w15.png,08231624edb288c6,15,Lab,Void
train/pd/08231624edb288c6_w18.png,08231624edb288c6,18,Lab,Void
train/pd/08231624edb288c6_w22.png,08231624edb288c6,22,Lab,Void
train/pd/08231624edb288c6_w26.png,08231624edb288c6,26,Lab,Void
train/pd/082b1d613d8516d1_w04.png,082b1d613d8516d1,4,Field,Floating
train/pd/082b1d613d8516d1_w05.png,082b1d613d8516d1,5,Field,Floating
train/pd/082b1d613d8516d1_w11.png,082b1d613d8516d1,11,Field,Floating
train/pd/082b1d613d8516d1_w15.png,082b1d613d8516d1,15,Field,Floating
train/pd/082b1d613d8516d1_w23.png,082b1d613d8516d1,23,Field,Floating
train/pd/082b1d613d8516d1_w24.png,082b1d613d8516d1,24,Field,Floating
train/pd/082b1d613d8516d1_w25.png,082b1d613d8516d1,25,Field,Floating
train/pd/082b1d613d8516d1_w27.png,082b1d613d8516d1,27,Field,Floating
train/pd/085e400497616eea_w02.png,085e400497616eea,2,Lab,Particle
train/pd/085e400497616eea_w03.png,085e400497616eea,3,Lab,Particle
train/pd/085e400497616eea_w06.png,085e400497616eea,6,Lab,Particle
train/pd/085e400497616eea_w08.png,085e400497616eea,8,Lab,Particle
train/pd/085e400497616eea_w17.png,085e400497616eea,17,Lab,Particle
train/pd/085e400497616eea_w21.png,085e400497616eea,21,Lab,Particle
train/pd/085e400497616eea_w22.png,085e400497616eea,22,Lab,Particle
train/pd/085e400497616eea_w25.png,085e400497616eea,25,Lab,Particle
train/pd/08e23a8f4dcb8701_w03.png,08e23a8f4dcb8701,3,Lab,Floating
train/pd/08e23a8f4dcb8701_w05.png,08e23a8f4dcb8701,5,Lab,Floating
train/pd/08e23a8f4dcb8701_w08.png,08e23a8f4dcb8701,8,Lab,Floating
train/pd/08e23a8f4dcb8701_w15.png,08e23a8f4dcb8701,15,Lab,Floating
train/pd/08e23a8f4dcb8701_w16.png,08e23a8f4dcb8701,16,Lab,Floating
train/pd/08e23a8f4dcb8701_w19.png,08e23a8f4dcb8701,19,Lab,Floating
train/pd/08e23a8f4dcb8701_w23.png,08e23a8f4dcb8701,23,Lab,Floating
train/pd/08e23a8f4dcb8701_w27.png,08e23a8f4dcb8701,27,Lab,Floating
train/pd/090cee838cc2f863_w02.png,090cee838cc2f863,2,Lab,Particle
train/pd/090cee838cc2f863_w04.png,090cee838cc2f863,4,Lab,Particle
train/pd/090cee838cc2f863_w08.png,090cee838cc2f863,8,Lab,Particle
train/pd/090cee838cc2f863_w13.png,090cee838cc2f863,13,Lab,Particle
train/pd/090cee838cc2f863_w14.png,090cee838cc2f863,14,Lab,Particle
train/pd/090cee838cc2f863_w15.png,090cee838cc2f863,15,Lab,Particle
train/pd/090cee838cc2f863_w18.png,090cee838cc2f863,18,Lab,Particle
train/pd/090cee838cc2f863_w27.png,090cee838cc2f863,27,Lab,Particle
train/pd/095fefc81892cf75_w04.png,095fefc81892cf75,4,Lab,Floating
train/pd/095fefc81892cf75_w07.png,095fefc81892cf75,7,Lab,Floating
train/pd/095fefc81892cf75_w10.png,095fefc81892cf75,10,Lab,Floating
train/pd/095fefc81892cf75_w12.png,095fefc81892cf75,12,Lab,Floating
train/pd/095fefc81892cf75_w13.png,095fefc81892cf75,13,Lab,Floating
train/pd/095fefc81892cf75_w14.png,095fefc81892cf75,14,Lab,Floating
train/pd/095fefc81892cf75_w16.png,095fefc81892cf75,16,Lab,Floating
train/pd/095fefc81892cf75_w27.png,095fefc81892cf75,27,Lab,Floating
train/pd/097364f95618061d_w06.png,097364f95618061d,6,Lab,Corona
train/pd/097364f95618061d_w11.png,097364f95618061d,11,Lab,Corona
train/pd/097364f95618061d_w13.png,097364f95618061d,13,Lab,Corona
train/pd/097364f95618061d_w17.png,097364f95618061d,17,Lab,Corona
train/pd/097364f95618061d_w18.png,097364f95618061d,18,Lab,Corona
train/pd/097364f95618061d_w19.png,097364f95618061d,19,Lab,Corona
train/pd/097364f95618061d_w21.png,097364f95618061d,21,Lab,Corona
train/pd/097364f95618061d_w27.png,097364f95618061d,27,Lab,Corona
train/pd/09c77134a6736ced_w01.png,09c77134a6736ced,1,Lab,Particle
train/pd/09c77134a6736ced_w02.png,09c77134a6736ced,2,Lab,Particle
train/pd/09c77134a6736ced_w07.png,09c77134a6736ced,7,Lab,Particle
train/pd/09c77134a6736ced_w19.png,09c77134a6736ced,19,Lab,Particle
train/pd/09c77134a6736ced_w20.png,09c77134a6736ced,20,Lab,Particle
train/pd/09c77134a6736ced_w21.png,09c77134a6736ced,21,Lab,Particle
train/pd/09c77134a6736ced_w24.png,09c77134a6736ced,24,Lab,Particle
train/pd/09c77134a6736ced_w25.png,09c77134a6736ced,25,Lab,Particle
train/pd/0a08c43d9d0e7b42_w00.png,0a08c43d9d0e7b42,0,Field,Void
train/pd/0a08c43d9d0e7b42_w10.png,0a08c43d9d0e7b42,10,Field,Void
train/pd/0a08c43d9d0e7b42_w11.png,0a08c43d9d0e7b42,11,Field,Void
train/pd/0a08c43d9d0e7b42_w15.png,0a08c43d9d0e7b42,15,Field,Void
train/pd/0a08c43d9d0e7b42_w18.png,0a08c43d9d0e7b42,18,Field,Void
train/pd/0a08c43d9d0e7b42_w19.png,0a08c43d9d0e7b42,19,Field,Void
train/pd/0a08c43d9d0e7b42_w20.png,0a08c43d9d0e7b42,20,Field,Void
train/pd/0a08c43d9d0e7b42_w23.png,0a08c43d9d0e7b42,23,Field,Void
train/pd/0a60a4ccf8a8172f_w01.png,0a60a4ccf8a8172f,1,Lab,Void
train/pd/0a60a4ccf8a8172f_w08.png,0a60a4ccf8a8172f,8,Lab,Void
train/pd/0a60a4ccf8a8172f_w10.png,0a60a4ccf8a8172f,10,Lab,Void
train/pd/0a60a4ccf8a8172f_w11.png,0a60a4ccf8a8172f,11,Lab,Void
train/pd/0a60a4ccf8a8172f_w12.png,0a60a4ccf8a8172f,12,Lab,Void
train/pd/0a60a4ccf8a8172f_w21.png,0a60a4ccf8a8172f,21,Lab,Void
train/pd/0a60a4ccf8a8172f_w23.png,0a60a4ccf8a8172f,23,Lab,Void
train/pd/0a60a4ccf8a8172f_w25.png,0a60a4ccf8a8172f,25,Lab,Void
train/pd/0aa277f5ced49941_w00.png,0aa277f5ced49941,0,Field,Floating
train/pd/0aa277f5ced49941_w05.png,0aa277f5ced49941,5,Field,Floating
train/pd/0aa277f5ced49941_w08.png,0aa277f5ced49941,8,Field,Floating
train/pd/0aa277f5ced49941_w14.png,0aa277f5ced49941,14,Field,Floating
train/pd/0aa277f5ced49941_w17.png,0aa277f5ced49941,17,Field,Floating
train/pd/0aa277f5ced49941_w20.png,0aa277f5ced49941,20,Field,Floating
train/pd/0aa277f5ced49941_w21.png,0aa277f5ced49941,21,Field,Floating
train/pd/0aa277f5ced49941_w23.png,0aa277f5ced49941,23,Field,Floating
train/pd/0abb67a28225af33_w05.png,0abb67a28225af33,5,Lab,Void
train/pd/0abb67a28225af33_w13.png,0abb67a28225af33,13,Lab,Void
train/pd/0abb67a28225af33_w19.png,0abb67a28225af33,19,Lab,Void
train/pd/0abb67a28225af33_w21.png,0abb67a28225af33,21,Lab,Void
train/pd/0abb67a28225af33_w22.png,0abb67a28225af33,22,Lab,Void
train/pd/0abb67a28225af33_w25.png,0abb67a28225af33,25,Lab,Void
train/pd/0abb67a28225af33_w26.png,0abb67a28225af33,26,Lab,Void
train/pd/0abb67a28225af33_w27.png,0abb67a28225af33,27,Lab,Void
train/pd/0abc71e52190e52e_w00.png,0abc71e52190e52e,0,Lab,Particle
train/pd/0abc71e52190e52e_w01.png,0abc71e52190e52e,1,Lab,Particle
train/pd/0abc71e52190e52e_w10.png,0abc71e52190e52e,10,Lab,Particle
train/pd/0abc71e52190e52e_w12.png,0abc71e52190e52e,12,Lab,Particle
train/pd/0abc71e52190e52e_w17.png,0abc71e52190e52e,17,Lab,Particle
train/pd/0abc71e52190e52e_w18.png,0abc71e52190e52e,18,Lab,Particle
train/pd/0abc71e52190e52e_w25.png,0abc71e52190e52e,25,Lab,Particle
train/pd/0abc71e52190e52e_w26.png,0abc71e52190e52e,26,Lab,Particle
train/pd/0b38616905380041_w04.png,0b38616905380041,4,Lab,Corona
train/pd/0b38616905380041_w05.png,0b38616905380041,5,Lab,Corona
train/pd/0b38616905380041_w07.png,0b38616905380041,7,Lab,Corona
train/pd/0b38616905380041_w12.png,0b38616905380041,12,Lab,Corona
train/pd/0b38616905380041_w13.png,0b38616905380041,13,Lab,Corona
train/pd/0b38616905380041_w16.png,0b38616905380041,16,Lab,Corona
train/pd/0b38616905380041_w24.png,0b38616905380041,24,Lab,Corona
train/pd/0b38616905380041_w26.png,0b38616905380041,26,Lab,Corona
train/pd/0b44275d611a5760_w10.png,0b44275d611a5760,10,Lab,Void
train/pd/0b44275d611a5760_w13.png,0b44275d611a5760,13,Lab,Void
train/pd/0b44275d611a5760_w14.png,0b44275d611a5760,14,Lab,Void
train/pd/0b44275d611a5760_w16.png,0b44275d611a5760,16,Lab,Void
train/pd/0b44275d611a5760_w17.png,0b44275d611a5760,17,Lab,Void
train/pd/0b44275d611a5760_w18.png,0b44275d611a5760,18,Lab,Void
train/pd/0b44275d611a5760_w22.png,0b44275d611a5760,22,Lab,Void
train/pd/0b44275d611a5760_w26.png,0b44275d611a5760,26,Lab,Void
train/pd/0bc6d5603a1512d4_w07.png,0bc6d5603a1512d4,7,Field,Floating
train/pd/0bc6d5603a1512d4_w08.png,0bc6d5603a1512d4,8,Field,Floating
train/pd/0bc6d5603a1512d4_w12.png,0bc6d5603a1512d4,12,Field,Floating
train/pd/0bc6d5603a1512d4_w14.png,0bc6d5603a1512d4,14,Field,Floating
train/pd/0bc6d5603a1512d4_w18.png,0bc6d5603a1512d4,18,Field,Floating
train/pd/0bc6d5603a1512d4_w20.png,0bc6d5603a1512d4,20,Field,Floating
train/pd/0bc6d5603a1512d4_w21.png,0bc6d5603a1512d4,21,Field,Floating
train/pd/0bc6d5603a1512d4_w27.png,0bc6d5603a1512d4,27,Field,Floating
train/pd/0bf22ac9998c2097_w02.png,0bf22ac9998c2097,2,Lab,Corona
train/pd/0bf22ac9998c2097_w08.png,0bf22ac9998c2097,8,Lab,Corona
train/pd/0bf22ac9998c2097_w09.png,0bf22ac9998c2097,9,Lab,Corona
train/pd/0bf22ac9998c2097_w12.png,0bf22ac9998c2097,12,Lab,Corona
train/pd/0bf22ac9998c2097_w13.png,0bf22ac9998c2097,13,Lab,Corona
train/pd/0bf22ac9998c2097_w15.png,0bf22ac9998c2097,15,Lab,Corona
train/pd/0bf22ac9998c2097_w19.png,0bf22ac9998c2097,19,Lab,Corona
train/pd/0bf22ac9998c2097_w23.png,0bf22ac9998c2097,23,Lab,Corona
train/pd/0c2989ab2c07a5c4_w00.png,0c2989ab2c07a5c4,0,Lab,Void
train/pd/0c2989ab2c07a5c4_w04.png,0c2989ab2c07a5c4,4,Lab,Void
train/pd/0c2989ab2c07a5c4_w05.png,0c2989ab2c07a5c4,5,Lab,Void
train/pd/0c2989ab2c07a5c4_w08.png,0c2989ab2c07a5c4,8,Lab,Void
train/pd/0c2989ab2c07a5c4_w09.png,0c2989ab2c07a5c4,9,Lab,Void
train/pd/0c2989ab2c07a5c4_w13.png,0c2989ab2c07a5c4,13,Lab,Void
train/pd/0c2989ab2c07a5c4_w21.png,0c2989ab2c07a5c4,21,Lab,Void
train/pd/0c2989ab2c07a5c4_w26.png,0c2989ab2c07a5c4,26,Lab,Void
train/pd/0c29c10484cc1e80_w00.png,0c29c10484cc1e80,0,Field,Floating
train/pd/0c29c10484cc1e80_w03.png,0c29c10484cc1e80,3,Field,Floating
train/pd/0c29c10484cc1e80_w04.png,0c29c10484cc1e80,4,Field,Floating
train/pd/0c29c10484cc1e80_w06.png,0c29c10484cc1e80,6,Field,Floating
train/pd/0c29c10484cc1e80_w07.png,0c29c10484cc1e80,7,Field,Floating
train/pd/0c29c10484cc1e80_w10.png,0c29c10484cc1e80,10,Field,Floating
train/pd/0c29c10484cc1e80_w13.png,0c29c10484cc1e80,13,Field,Floating
train/pd/0c29c10484cc1e80_w23.png,0c29c10484cc1e80,23,Field,Floating
train/pd/0c38fe95cd6392e2_w10.png,0c38fe95cd6392e2,10,Lab,Void
train/pd/0c38fe95cd6392e2_w13.png,0c38fe95cd6392e2,13,Lab,Void
train/pd/0c38fe95cd6392e2_w16.png,0c38fe95cd6392e2,16,Lab,Void
train/pd/0c38fe95cd6392e2_w18.png,0c38fe95cd6392e2,18,Lab,Void
train/pd/0c38fe95cd6392e2_w20.png,0c38fe95cd6392e2,20,Lab,Void
train/pd/0c38fe95cd6392e2_w22.png,0c38fe95cd6392e2,22,Lab,Void
train/pd/0c38fe95cd6392e2_w23.png,0c38fe95cd6392e2,23,Lab,Void
train/pd/0c38fe95cd6392e2_w25.png,0c38fe95cd6392e2,25,Lab,Void
train/pd/0c39873a19ce5929_w02.png,0c39873a19ce5929,2,Field,Void
train/pd/0c39873a19ce5929_w11.png,0c39873a19ce5929,11,Field,Void
train/pd/0c39873a19ce5929_w14.png,0c39873a19ce5929,14,Field,Void
train/pd/0c39873a19ce5929_w16.png,0c39873a19ce5929,16,Field,Void
train/pd/0c39873a19ce5929_w19.png,0c39873a19ce5929,19,Field,Void
train/pd/0c39873a19ce5929_w24.png,0c39873a19ce5929,24,Field,Void
train/pd/0c39873a19ce5929_w25.png,0c39873a19ce5929,25,Field,Void
train/pd/0c39873a19ce5929_w26.png,0c39873a19ce5929,26,Field,Void
train/pd/0c6ab0283b33848f_w00.png,0c6ab0283b33848f,0,Lab,Corona
train/pd/0c6ab0283b33848f_w03.png,0c6ab0283b33848f,3,Lab,Corona
train/pd/0c6ab0283b33848f_w09.png,0c6ab0283b33848f,9,Lab,Corona
train/pd/0c6ab0283b33848f_w15.png,0c6ab0283b33848f,15,Lab,Corona
train/pd/0c6ab0283b33848f_w16.png,0c6ab0283b33848f,16,Lab,Corona
train/pd/0c6ab0283b33848f_w17.png,0c6ab0283b33848f,17,Lab,Corona
train/pd/0c6ab0283b33848f_w22.png,0c6ab0283b33848f,22,Lab,Corona
train/pd/0c6ab0283b33848f_w23.png,0c6ab0283b33848f,23,Lab,Corona
train/pd/0c98d4607b4750ea_w02.png,0c98d4607b4750ea,2,Lab,Floating
train/pd/0c98d4607b4750ea_w06.png,0c98d4607b4750ea,6,Lab,Floating
train/pd/0c98d4607b4750ea_w07.png,0c98d4607b4750ea,7,Lab,Floating
train/pd/0c98d4607b4750ea_w10.png,0c98d4607b4750ea,10,Lab,Floating
train/pd/0c98d4607b4750ea_w11.png,0c98d4607b4750ea,11,Lab,Floating
train/pd/0c98d4607b4750ea_w18.png,0c98d4607b4750ea,18,Lab,Floating
train/pd/0c98d4607b4750ea_w20.png,0c98d4607b4750ea,20,Lab,Floating
train/pd/0c98d4607b4750ea_w24.png,0c98d4607b4750ea,24,Lab,Floating
train/pd/0c9c51ca07bff816_w00.png,0c9c51ca07bff816,0,Lab,Corona
train/pd/0c9c51ca07bff816_w01.png,0c9c51ca07bff816,1,Lab,Corona
train/pd/0c9c51ca07bff816_w05.png,0c9c51ca07bff816,5,Lab,Corona
train/pd/0c9c51ca07bff816_w10.png,0c9c51ca07bff816,10,Lab,Corona
train/pd/0c9c51ca07bff816_w19.png,0c9c51ca07bff816,19,Lab,Corona
train/pd/0c9c51ca07bff816_w20.png,0c9c51ca07bff816,20,Lab,Corona
train/pd/0c9c51ca07bff816_w24.png,0c9c51ca07bff816,24,Lab,Corona
train/pd/0c9c51ca07bff816_w27.png,0c9c51ca07bff816,27,Lab,Corona
train/pd/0ca1c3ed6261b5fa_w00.png,0ca1c3ed6261b5fa,0,Lab,Void
train/pd/0ca1c3ed6261b5fa_w11.png,0ca1c3ed6261b5fa,11,Lab,Void
train/pd/0ca1c3ed6261b5fa_w14.png,0ca1c3ed6261b5fa,14,Lab,Void
train/pd/0ca1c3ed6261b5fa_w17.png,0ca1c3ed6261b5fa,17,Lab,Void
train/pd/0ca1c3ed6261b5fa_w19.png,0ca1c3ed6261b5fa,19,Lab,Void
train/pd/0ca1c3ed6261b5fa_w21.png,0ca1c3ed6261b5fa,21,Lab,Void
train/pd/0ca1c3ed6261b5fa_w24.png,0ca1c3ed6261b5fa,24,Lab,Void
train/pd/0ca1c3ed6261b5fa_w26.png,0ca1c3ed6261b5fa,26,Lab,Void
train/pd/0ce8f55980216d83_w00.png,0ce8f55980216d83,0,Lab,Particle
train/pd/0ce8f55980216d83_w04.png,0ce8f55980216d83,4,Lab,Particle
train/pd/0ce8f55980216d83_w07.png,0ce8f55980216d83,7,Lab,Particle
train/pd/0ce8f55980216d83_w10.png,0ce8f55980216d83,10,Lab,Particle
train/pd/0ce8f55980216d83_w13.png,0ce8f55980216d83,13,Lab,Particle
train/pd/0ce8f55980216d83_w18.png,0ce8f55980216d83,18,Lab,Particle
train/pd/0ce8f55980216d83_w23.png,0ce8f55980216d83,23,Lab,Particle
train/pd/0ce8f55980216d83_w27.png,0ce8f55980216d83,27,Lab,Particle
train/pd/0d122309135e9ef0_w05.png,0d122309135e9ef0,5,Lab,Particle
train/pd/0d122309135e9ef0_w09.png,0d122309135e9ef0,9,Lab,Particle
train/pd/0d122309135e9ef0_w13.png,0d122309135e9ef0,13,Lab,Particle
train/pd/0d122309135e9ef0_w14.png,0d122309135e9ef0,14,Lab,Particle
train/pd/0d122309135e9ef0_w21.png,0d122309135e9ef0,21,Lab,Particle
train/pd/0d122309135e9ef0_w22.png,0d122309135e9ef0,22,Lab,Particle
train/pd/0d122309135e9ef0_w26.png,0d122309135e9ef0,26,Lab,Particle
train/pd/0d122309135e9ef0_w27.png,0d122309135e9ef0,27,Lab,Particle
train/pd/0d7e1cdeb65c093c_w02.png,0d7e1cdeb65c093c,2,Lab,Void
train/pd/0d7e1cdeb65c093c_w04.png,0d7e1cdeb65c093c,4,Lab,Void
train/pd/0d7e1cdeb65c093c_w06.png,0d7e1cdeb65c093c,6,Lab,Void
train/pd/0d7e1cdeb65c093c_w12.png,0d7e1cdeb65c093c,12,Lab,Void
train/pd/0d7e1cdeb65c093c_w18.png,0d7e1cdeb65c093c,18,Lab,Void
train/pd/0d7e1cdeb65c093c_w21.png,0d7e1cdeb65c093c,21,Lab,Void
train/pd/0d7e1cdeb65c093c_w24.png,0d7e1cdeb65c093c,24,Lab,Void
train/pd/0d7e1cdeb65c093c_w27.png,0d7e1cdeb65c093c,27,Lab,Void
train/pd/0dd8b43a6a2991df_w03.png,0dd8b43a6a2991df,3,Lab,Particle
train/pd/0dd8b43a6a2991df_w06.png,0dd8b43a6a2991df,6,Lab,Particle
train/pd/0dd8b43a6a2991df_w10.png,0dd8b43a6a2991df,10,Lab,Particle
train/pd/0dd8b43a6a2991df_w13.png,0dd8b43a6a2991df,13,Lab,Particle
train/pd/0dd8b43a6a2991df_w14.png,0dd8b43a6a2991df,14,Lab,Particle
train/pd/0dd8b43a6a2991df_w18.png,0dd8b43a6a2991df,18,Lab,Particle
train/pd/0dd8b43a6a2991df_w20.png,0dd8b43a6a2991df,20,Lab,Particle
train/pd/0dd8b43a6a2991df_w27.png,0dd8b43a6a2991df,27,Lab,Particle
train/pd/0dddab4d15b241df_w01.png,0dddab4d15b241df,1,Lab,Particle
train/pd/0dddab4d15b241df_w03.png,0dddab4d15b241df,3,Lab,Particle
train/pd/0dddab4d15b241df_w05.png,0dddab4d15b241df,5,Lab,Particle
train/pd/0dddab4d15b241df_w08.png,0dddab4d15b241df,8,Lab,Particle
train/pd/0dddab4d15b241df_w09.png,0dddab4d15b241df,9,Lab,Particle
train/pd/0dddab4d15b241df_w11.png,0dddab4d15b241df,11,Lab,Particle
train/pd/0dddab4d15b241df_w12.png,0dddab4d15b241df,12,Lab,Particle
train/pd/0dddab4d15b241df_w21.png,0dddab4d15b241df,21,Lab,Particle
train/pd/0e13918e3eaa9cc8_w00.png,0e13918e3eaa9cc8,0,Lab,Particle
train/pd/0e13918e3eaa9cc8_w06.png,0e13918e3eaa9cc8,6,Lab,Particle
train/pd/0e13918e3eaa9cc8_w09.png,0e13918e3eaa9cc8,9,Lab,Particle
train/pd/0e13918e3eaa9cc8_w10.png,0e13918e3eaa9cc8,10,Lab,Particle
train/pd/0e13918e3eaa9cc8_w12.png,0e13918e3eaa9cc8,12,Lab,Particle
train/pd/0e13918e3eaa9cc8_w15.png,0e13918e3eaa9cc8,15,Lab,Particle
train/pd/0e13918e3eaa9cc8_w22.png,0e13918e3eaa9cc8,22,Lab,Particle
train/pd/0e13918e3eaa9cc8_w23.png,0e13918e3eaa9cc8,23,Lab,Particle
train/pd/0e16e7df1f1be307_w06.png,0e16e7df1f1be307,6,Field,Void
train/pd/0e16e7df1f1be307_w07.png,0e16e7df1f1be307,7,Field,Void
train/pd/0e16e7df1f1be307_w09.png,0e16e7df1f1be307,9,Field,Void
train/pd/0e16e7df1f1be307_w15.png,0e16e7df1f1be307,15,Field,Void
train/pd/0e16e7df1f1be307_w20.png,0e16e7df1f1be307,20,Field,Void
train/pd/0e16e7df1f1be307_w21.png,0e16e7df1f1be307,21,Field,Void
train/pd/0e16e7df1f1be307_w25.png,0e16e7df1f1be307,25,Field,Void
train/pd/0e16e7df1f1be307_w27.png,0e16e7df1f1be307,27,Field,Void
train/pd/0e2cf495a8c53d8b_w00.png,0e2cf495a8c53d8b,0,Lab,Void
train/pd/0e2cf495a8c53d8b_w06.png,0e2cf495a8c53d8b,6,Lab,Void
train/pd/0e2cf495a8c53d8b_w07.png,0e2cf495a8c53d8b,7,Lab,Void
train/pd/0e2cf495a8c53d8b_w08.png,0e2cf495a8c53d8b,8,Lab,Void
train/pd/0e2cf495a8c53d8b_w12.png,0e2cf495a8c53d8b,12,Lab,Void
train/pd/0e2cf495a8c53d8b_w13.png,0e2cf495a8c53d8b,13,Lab,Void
train/pd/0e2cf495a8c53d8b_w15.png,0e2cf495a8c53d8b,15,Lab,Void
train/pd/0e2cf495a8c53d8b_w22.png,0e2cf495a8c53d8b,22,Lab,Void
train/pd/0e3d53516eb2091b_w01.png,0e3d53516eb2091b,1,Lab,Void
train/pd/0e3d53516eb2091b_w05.png,0e3d53516eb2091b,5,Lab,Void
train/pd/0e3d53516eb2091b_w12.png,0e3d53516eb2091b,12,Lab,Void
train/pd/0e3d53516eb2091b_w14.png,0e3d53516eb2091b,14,Lab,Void
train/pd/0e3d53516eb2091b_w17.png,0e3d53516eb2091b,17,Lab,Void
train/pd/0e3d53516eb2091b_w19.png,0e3d53516eb2091b,19,Lab,Void
train/pd/0e3d53516eb2091b_w20.png,0e3d53516eb2091b,20,Lab,Void
train/pd/0e3d53516eb2091b_w27.png,0e3d53516eb2091b,27,Lab,Void
train/pd/0e62d677d212d0cd_w04.png,0e62d677d212d0cd,4,Lab,Corona
train/pd/0e62d677d212d0cd_w06.png,0e62d677d212d0cd,6,Lab,Corona
train/pd/0e62d677d212d0cd_w12.png,0e62d677d212d0cd,12,Lab,Corona
train/pd/0e62d677d212d0cd_w14.png,0e62d677d212d0cd,14,Lab,Corona
train/pd/0e62d677d212d0cd_w17.png,0e62d677d212d0cd,17,Lab,Corona
train/pd/0e62d677d212d0cd_w19.png,0e62d677d212d0cd,19,Lab,Corona
train/pd/0e62d677d212d0cd_w20.png,0e62d677d212d0cd,20,Lab,Corona
train/pd/0e62d677d212d0cd_w27.png,0e62d677d212d0cd,27,Lab,Corona
train/pd/0e66bfe3ce7019a3_w00.png,0e66bfe3ce7019a3,0,Lab,Void
train/pd/0e66bfe3ce7019a3_w03.png,0e66bfe3ce7019a3,3,Lab,Void
train/pd/0e66bfe3ce7019a3_w10.png,0e66bfe3ce7019a3,10,Lab,Void
train/pd/0e66bfe3ce7019a3_w11.png,0e66bfe3ce7019a3,11,Lab,Void
train/pd/0e66bfe3ce7019a3_w16.png,0e66bfe3ce7019a3,16,Lab,Void
train/pd/0e66bfe3ce7019a3_w21.png,0e66bfe3ce7019a3,21,Lab,Void
train/pd/0e66bfe3ce7019a3_w25.png,0e66bfe3ce7019a3,25,Lab,Void
train/pd/0e66bfe3ce7019a3_w26.png,0e66bfe3ce7019a3,26,Lab,Void
train/pd/0ec2a8528df37d34_w01.png,0ec2a8528df37d34,1,Field,Void
train/pd/0ec2a8528df37d34_w06.png,0ec2a8528df37d34,6,Field,Void
train/pd/0ec2a8528df37d34_w08.png,0ec2a8528df37d34,8,Field,Void
train/pd/0ec2a8528df37d34_w10.png,0ec2a8528df37d34,10,Field,Void
train/pd/0ec2a8528df37d34_w12.png,0ec2a8528df37d34,12,Field,Void
train/pd/0ec2a8528df37d34_w20.png,0ec2a8528df37d34,20,Field,Void
train/pd/0ec2a8528df37d34_w21.png,0ec2a8528df37d34,21,Field,Void
train/pd/0ec2a8528df37d34_w27.png,0ec2a8528df37d34,27,Field,Void
train/pd/0ed667da1a0290a7_w04.png,0ed667da1a0290a7,4,Field,Void
train/pd/0ed667da1a0290a7_w07.png,0ed667da1a0290a7,7,Field,Void
train/pd/0ed667da1a0290a7_w10.png,0ed667da1a0290a7,10,Field,Void
train/pd/0ed667da1a0290a7_w11.png,0ed667da1a0290a7,11,Field,Void
train/pd/0ed667da1a0290a7_w13.png,0ed667da1a0290a7,13,Field,Void
train/pd/0ed667da1a0290a7_w15.png,0ed667da1a0290a7,15,Field,Void
train/pd/0ed667da1a0290a7_w18.png,0ed667da1a0290a7,18,Field,Void
train/pd/0ed667da1a0290a7_w24.png,0ed667da1a0290a7,24,Field,Void
train/pd/0f3932f0b313350f_w00.png,0f3932f0b313350f,0,Lab,Particle
train/pd/0f3932f0b313350f_w02.png,0f3932f0b313350f,2,Lab,Particle
train/pd/0f3932f0b313350f_w03.png,0f3932f0b313350f,3,Lab,Particle
train/pd/0f3932f0b313350f_w07.png,0f3932f0b313350f,7,Lab,Particle
train/pd/0f3932f0b313350f_w12.png,0f3932f0b313350f,12,Lab,Particle
train/pd/0f3932f0b313350f_w13.png,0f3932f0b313350f,13,Lab,Particle
train/pd/0f3932f0b313350f_w18.png,0f3932f0b313350f,18,Lab,Particle
train/pd/0f3932f0b313350f_w27.png,0f3932f0b313350f,27,Lab,Particle
train/pd/0f83bfda172e2119_w05.png,0f83bfda172e2119,5,Lab,Floating
train/pd/0f83bfda172e2119_w06.png,0f83bfda172e2119,6,Lab,Floating
train/pd/0f83bfda172e2119_w07.png,0f83bfda172e2119,7,Lab,Floating
train/pd/0f83bfda172e2119_w11.png,0f83bfda172e2119,11,Lab,Floating
train/pd/0f83bfda172e2119_w13.png,0f83bfda172e2119,13,Lab,Floating
train/pd/0f83bfda172e2119_w14.png,0f83bfda172e2119,14,Lab,Floating
train/pd/0f83bfda172e2119_w22.png,0f83bfda172e2119,22,Lab,Floating
train/pd/0f83bfda172e2119_w24.png,0f83bfda172e2119,24,Lab,Floating
train/pd/0f91b9d54c6219ac_w01.png,0f91b9d54c6219ac,1,Field,Floating
train/pd/0f91b9d54c6219ac_w05.png,0f91b9d54c6219ac,5,Field,Floating
train/pd/0f91b9d54c6219ac_w10.png,0f91b9d54c6219ac,10,Field,Floating
train/pd/0f91b9d54c6219ac_w11.png,0f91b9d54c6219ac,11,Field,Floating
train/pd/0f91b9d54c6219ac_w19.png,0f91b9d54c6219ac,19,Field,Floating
train/pd/0f91b9d54c6219ac_w22.png,0f91b9d54c6219ac,22,Field,Floating
train/pd/0f91b9d54c6219ac_w24.png,0f91b9d54c6219ac,24,Field,Floating
train/pd/0f91b9d54c6219ac_w26.png,0f91b9d54c6219ac,26,Field,Floating
train/pd/0f97c742b047cf55_w00.png,0f97c742b047cf55,0,Lab,Particle
train/pd/0f97c742b047cf55_w01.png,0f97c742b047cf55,1,Lab,Particle
train/pd/0f97c742b047cf55_w03.png,0f97c742b047cf55,3,Lab,Particle
train/pd/0f97c742b047cf55_w04.png,0f97c742b047cf55,4,Lab,Particle
train/pd/0f97c742b047cf55_w20.png,0f97c742b047cf55,20,Lab,Particle
train/pd/0f97c742b047cf55_w21.png,0f97c742b047cf55,21,Lab,Particle
train/pd/0f97c742b047cf55_w25.png,0f97c742b047cf55,25,Lab,Particle
train/pd/0f97c742b047cf55_w26.png,0f97c742b047cf55,26,Lab,Particle
train/pd/0fa6740bfca579aa_w00.png,0fa6740bfca579aa,0,Lab,Void
train/pd/0fa6740bfca579aa_w07.png,0fa6740bfca579aa,7,Lab,Void
train/pd/0fa6740bfca579aa_w11.png,0fa6740bfca579aa,11,Lab,Void
train/pd/0fa6740bfca579aa_w12.png,0fa6740bfca579aa,12,Lab,Void
train/pd/0fa6740bfca579aa_w14.png,0fa6740bfca579aa,14,Lab,Void
train/pd/0fa6740bfca579aa_w15.png,0fa6740bfca579aa,15,Lab,Void
train/pd/0fa6740bfca579aa_w19.png,0fa6740bfca579aa,19,Lab,Void
train/pd/0fa6740bfca579aa_w23.png,0fa6740bfca579aa,23,Lab,Void
train/pd/0fae1b043900edf7_w05.png,0fae1b043900edf7,5,Lab,Floating
train/pd/0fae1b043900edf7_w06.png,0fae1b043900edf7,6,Lab,Floating
train/pd/0fae1b043900edf7_w11.png,0fae1b043900edf7,11,Lab,Floating
train/pd/0fae1b043900edf7_w13.png,0fae1b043900edf7,13,Lab,Floating
train/pd/0fae1b043900edf7_w16.png,0fae1b043900edf7,16,Lab,Floating
train/pd/0fae1b043900edf7_w22.png,0fae1b043900edf7,22,Lab,Floating
train/pd/0fae1b043900edf7_w23.png,0fae1b043900edf7,23,Lab,Floating
train/pd/0fae1b043900edf7_w26.png,0fae1b043900edf7,26,Lab,Floating
train/pd/0fbaedc67eaccd90_w02.png,0fbaedc67eaccd90,2,Lab,Void
train/pd/0fbaedc67eaccd90_w05.png,0fbaedc67eaccd90,5,Lab,Void
train/pd/0fbaedc67eaccd90_w06.png,0fbaedc67eaccd90,6,Lab,Void
train/pd/0fbaedc67eaccd90_w07.png,0fbaedc67eaccd90,7,Lab,Void
train/pd/0fbaedc67eaccd90_w12.png,0fbaedc67eaccd90,12,Lab,Void
train/pd/0fbaedc67eaccd90_w14.png,0fbaedc67eaccd90,14,Lab,Void
train/pd/0fbaedc67eaccd90_w15.png,0fbaedc67eaccd90,15,Lab,Void
train/pd/0fbaedc67eaccd90_w18.png,0fbaedc67eaccd90,18,Lab,Void
train/pd/0fbebf6ebf6811a8_w00.png,0fbebf6ebf6811a8,0,Lab,Corona
train/pd/0fbebf6ebf6811a8_w04.png,0fbebf6ebf6811a8,4,Lab,Corona
train/pd/0fbebf6ebf6811a8_w07.png,0fbebf6ebf6811a8,7,Lab,Corona
train/pd/0fbebf6ebf6811a8_w08.png,0fbebf6ebf6811a8,8,Lab,Corona
train/pd/0fbebf6ebf6811a8_w15.png,0fbebf6ebf6811a8,15,Lab,Corona
train/pd/0fbebf6ebf6811a8_w17.png,0fbebf6ebf6811a8,17,Lab,Corona
train/pd/0fbebf6ebf6811a8_w20.png,0fbebf6ebf6811a8,20,Lab,Corona
train/pd/0fbebf6ebf6811a8_w26.png,0fbebf6ebf6811a8,26,Lab,Corona
train/pd/0fc8325580fd52b1_w03.png,0fc8325580fd52b1,3,Lab,Corona
train/pd/0fc8325580fd52b1_w05.png,0fc8325580fd52b1,5,Lab,Corona
train/pd/0fc8325580fd52b1_w13.png,0fc8325580fd52b1,13,Lab,Corona
train/pd/0fc8325580fd52b1_w18.png,0fc8325580fd52b1,18,Lab,Corona
train/pd/0fc8325580fd52b1_w20.png,0fc8325580fd52b1,20,Lab,Corona
train/pd/0fc8325580fd52b1_w24.png,0fc8325580fd52b1,24,Lab,Corona
train/pd/0fc8325580fd52b1_w26.png,0fc8325580fd52b1,26,Lab,Corona
train/pd/0fc8325580fd52b1_w27.png,0fc8325580fd52b1,27,Lab,Corona
train/pd/0fdde75396bc5184_w00.png,0fdde75396bc5184,0,Lab,Void
train/pd/0fdde75396bc5184_w05.png,0fdde75396bc5184,5,Lab,Void
train/pd/0fdde75396bc5184_w13.png,0fdde75396bc5184,13,Lab,Void
train/pd/0fdde75396bc5184_w15.png,0fdde75396bc5184,15,Lab,Void
train/pd/0fdde75396bc5184_w16.png,0fdde75396bc5184,16,Lab,Void
train/pd/0fdde75396bc5184_w21.png,0fdde75396bc5184,21,Lab,Void
train/pd/0fdde75396bc5184_w23.png,0fdde75396bc5184,23,Lab,Void
train/pd/0fdde75396bc5184_w25.png,0fdde75396bc5184,25,Lab,Void
train/pd/10006aa588d1ae8a_w01.png,10006aa588d1ae8a,1,Lab,Floating
train/pd/10006aa588d1ae8a_w03.png,10006aa588d1ae8a,3,Lab,Floating
train/pd/10006aa588d1ae8a_w04.png,10006aa588d1ae8a,4,Lab,Floating
train/pd/10006aa588d1ae8a_w06.png,10006aa588d1ae8a,6,Lab,Floating
train/pd/10006aa588d1ae8a_w11.png,10006aa588d1ae8a,11,Lab,Floating
train/pd/10006aa588d1ae8a_w12.png,10006aa588d1ae8a,12,Lab,Floating
train/pd/10006aa588d1ae8a_w14.png,10006aa588d1ae8a,14,Lab,Floating
train/pd/10006aa588d1ae8a_w18.png,10006aa588d1ae8a,18,Lab,Floating
train/pd/102686eb0cc9a199_w00.png,102686eb0cc9a199,0,Field,Void
train/pd/102686eb0cc9a199_w01.png,102686eb0cc9a199,1,Field,Void
train/pd/102686eb0cc9a199_w03.png,102686eb0cc9a199,3,Field,Void
train/pd/102686eb0cc9a199_w06.png,102686eb0cc9a199,6,Field,Void
train/pd/102686eb0cc9a199_w14.png,102686eb0cc9a199,14,Field,Void
train/pd/102686eb0cc9a199_w22.png,102686eb0cc9a199,22,Field,Void
train/pd/102686eb0cc9a199_w24.png,102686eb0cc9a199,24,Field,Void
train/pd/102686eb0cc9a199_w27.png,102686eb0cc9a199,27,Field,Void
train/pd/103159772e4b7b1d_w07.png,103159772e4b7b1d,7,Lab,Corona
train/pd/103159772e4b7b1d_w08.png,103159772e4b7b1d,8,Lab,Corona
train/pd/103159772e4b7b1d_w12.png,103159772e4b7b1d,12,Lab,Corona
train/pd/103159772e4b7b1d_w15.png,103159772e4b7b1d,15,Lab,Corona
train/pd/103159772e4b7b1d_w16.png,103159772e4b7b1d,16,Lab,Corona
train/pd/103159772e4b7b1d_w18.png,103159772e4b7b1d,18,Lab,Corona
train/pd/103159772e4b7b1d_w19.png,103159772e4b7b1d,19,Lab,Corona
train/pd/103159772e4b7b1d_w26.png,103159772e4b7b1d,26,Lab,Corona
train/pd/103679f6b843f102_w00.png,103679f6b843f102,0,Field,Void
train/pd/103679f6b843f102_w08.png,103679f6b843f102,8,Field,Void
train/pd/103679f6b843f102_w11.png,103679f6b843f102,11,Field,Void
train/pd/103679f6b843f102_w13.png,103679f6b843f102,13,Field,Void
train/pd/103679f6b843f102_w19.png,103679f6b843f102,19,Field,Void
train/pd/103679f6b843f102_w22.png,103679f6b843f102,22,Field,Void
train/pd/103679f6b843f102_w23.png,103679f6b843f102,23,Field,Void
train/pd/103679f6b843f102_w27.png,103679f6b843f102,27,Field,Void
train/pd/10465dd9f5e26fa1_w03.png,10465dd9f5e26fa1,3,Lab,Void
train/pd/10465dd9f5e26fa1_w04.png,10465dd9f5e26fa1,4,Lab,Void
train/pd/10465dd9f5e26fa1_w06.png,10465dd9f5e26fa1,6,Lab,Void
train/pd/10465dd9f5e26fa1_w08.png,10465dd9f5e26fa1,8,Lab,Void
train/pd/10465dd9f5e26fa1_w10.png,10465dd9f5e26fa1,10,Lab,Void
train/pd/10465dd9f5e26fa1_w14.png,10465dd9f5e26fa1,14,Lab,Void
train/pd/10465dd9f5e26fa1_w19.png,10465dd9f5e26fa1,19,Lab,Void
train/pd/10465dd9f5e26fa1_w24.png,10465dd9f5e26fa1,24,Lab,Void
train/pd/10631eeda2e2cb4b_w07.png,10631eeda2e2cb4b,7,Lab,Particle
train/pd/10631eeda2e2cb4b_w10.png,10631eeda2e2cb4b,10,Lab,Particle
train/pd/10631eeda2e2cb4b_w16.png,10631eeda2e2cb4b,16,Lab,Particle
train/pd/10631eeda2e2cb4b_w17.png,10631eeda2e2cb4b,17,Lab,Particle
train/pd/10631eeda2e2cb4b_w20.png,10631eeda2e2cb4b,20,Lab,Particle
train/pd/10631eeda2e2cb4b_w22.png,10631eeda2e2cb4b,22,Lab,Particle
train/pd/10631eeda2e2cb4b_w26.png,10631eeda2e2cb4b,26,Lab,Particle
train/pd/10631eeda2e2cb4b_w27.png,10631eeda2e2cb4b,27,Lab,Particle
train/pd/1089e478426c9bb7_w02.png,1089e478426c9bb7,2,Field,Void
train/pd/1089e478426c9bb7_w10.png,1089e478426c9bb7,10,Field,Void
train/pd/1089e478426c9bb7_w13.png,1089e478426c9bb7,13,Field,Void
train/pd/1089e478426c9bb7_w16.png,1089e478426c9bb7,16,Field,Void
train/pd/1089e478426c9bb7_w19.png,1089e478426c9bb7,19,Field,Void
train/pd/1089e478426c9bb7_w20.png,1089e478426c9bb7,20,Field,Void
train/pd/1089e478426c9bb7_w24.png,1089e478426c9bb7,24,Field,Void
train/pd/1089e478426c9bb7_w25.png,1089e478426c9bb7,25,Field,Void
train/pd/10a385f21fb32016_w00.png,10a385f21fb32016,0,Lab,Void
train/pd/10a385f21fb32016_w05.png,10a385f21fb32016,5,Lab,Void
train/pd/10a385f21fb32016_w09.png,10a385f21fb32016,9,Lab,Void
train/pd/10a385f21fb32016_w10.png,10a385f21fb32016,10,Lab,Void
train/pd/10a385f21fb32016_w16.png,10a385f21fb32016,16,Lab,Void
train/pd/10a385f21fb32016_w25.png,10a385f21fb32016,25,Lab,Void
train/pd/10a385f21fb32016_w26.png,10a385f21fb32016,26,Lab,Void
train/pd/10a385f21fb32016_w27.png,10a385f21fb32016,27,Lab,Void
train/pd/110514308c37ceb3_w00.png,110514308c37ceb3,0,Lab,Void
train/pd/110514308c37ceb3_w06.png,110514308c37ceb3,6,Lab,Void
train/pd/110514308c37ceb3_w07.png,110514308c37ceb3,7,Lab,Void
train/pd/110514308c37ceb3_w10.png,110514308c37ceb3,10,Lab,Void
train/pd/110514308c37ceb3_w11.png,110514308c37ceb3,11,Lab,Void
train/pd/110514308c37ceb3_w13.png,110514308c37ceb3,13,Lab,Void
train/pd/110514308c37ceb3_w14.png,110514308c37ceb3,14,Lab,Void
train/pd/110514308c37ceb3_w24.png,110514308c37ceb3,24,Lab,Void
train/pd/110662a677985190_w03.png,110662a677985190,3,Field,Floating
train/pd/110662a677985190_w04.png,110662a677985190,4,Field,Floating
train/pd/110662a677985190_w07.png,110662a677985190,7,Field,Floating
train/pd/110662a677985190_w08.png,110662a677985190,8,Field,Floating
train/pd/110662a677985190_w09.png,110662a677985190,9,Field,Floating
train/pd/110662a677985190_w19.png,110662a677985190,19,Field,Floating
train/pd/110662a677985190_w22.png,110662a677985190,22,Field,Floating
train/pd/110662a677985190_w26.png,110662a677985190,26,Field,Floating
train/pd/1113be4062fed4fb_w02.png,1113be4062fed4fb,2,Field,Void
train/pd/1113be4062fed4fb_w04.png,1113be4062fed4fb,4,Field,Void
train/pd/1113be4062fed4fb_w05.png,1113be4062fed4fb,5,Field,Void
train/pd/1113be4062fed4fb_w09.png,1113be4062fed4fb,9,Field,Void
train/pd/1113be4062fed4fb_w11.png,1113be4062fed4fb,11,Field,Void
train/pd/1113be4062fed4fb_w15.png,1113be4062fed4fb,15,Field,Void
train/pd/1113be4062fed4fb_w18.png,1113be4062fed4fb,18,Field,Void
train/pd/1113be4062fed4fb_w23.png,1113be4062fed4fb,23,Field,Void
train/pd/112e5af6be86de79_w00.png,112e5af6be86de79,0,Lab,Void
train/pd/112e5af6be86de79_w01.png,112e5af6be86de79,1,Lab,Void
train/pd/112e5af6be86de79_w03.png,112e5af6be86de79,3,Lab,Void
train/pd/112e5af6be86de79_w06.png,112e5af6be86de79,6,Lab,Void
train/pd/112e5af6be86de79_w10.png,112e5af6be86de79,10,Lab,Void
train/pd/112e5af6be86de79_w13.png,112e5af6be86de79,13,Lab,Void
train/pd/112e5af6be86de79_w22.png,112e5af6be86de79,22,Lab,Void
train/pd/112e5af6be86de79_w25.png,112e5af6be86de79,25,Lab,Void
train/pd/112fd69e2cb40d58_w02.png,112fd69e2cb40d58,2,Lab,Corona
train/pd/112fd69e2cb40d58_w03.png,112fd69e2cb40d58,3,Lab,Corona
train/pd/112fd69e2cb40d58_w05.png,112fd69e2cb40d58,5,Lab,Corona
train/pd/112fd69e2cb40d58_w07.png,112fd69e2cb40d58,7,Lab,Corona
train/pd/112fd69e2cb40d58_w08.png,112fd69e2cb40d58,8,Lab,Corona
train/pd/112fd69e2cb40d58_w20.png,112fd69e2cb40d58,20,Lab,Corona
train/pd/112fd69e2cb40d58_w22.png,112fd69e2cb40d58,22,Lab,Corona
train/pd/112fd69e2cb40d58_w27.png,112fd69e2cb40d58,27,Lab,Corona
train/pd/114000437f5c36ef_w01.png,114000437f5c36ef,1,Lab,Void
train/pd/114000437f5c36ef_w03.png,114000437f5c36ef,3,Lab,Void
train/pd/114000437f5c36ef_w07.png,114000437f5c36ef,7,Lab,Void
train/pd/114000437f5c36ef_w08.png,114000437f5c36ef,8,Lab,Void
train/pd/114000437f5c36ef_w10.png,114000437f5c36ef,10,Lab,Void
train/pd/114000437f5c36ef_w13.png,114000437f5c36ef,13,Lab,Void
train/pd/114000437f5c36ef_w20.png,114000437f5c36ef,20,Lab,Void
train/pd/114000437f5c36ef_w25.png,114000437f5c36ef,25,Lab,Void
train/pd/11610200adc6d265_w02.png,11610200adc6d265,2,Lab,Floating
train/pd/11610200adc6d265_w04.png,11610200adc6d265,4,Lab,Floating
train/pd/11610200adc6d265_w06.png,11610200adc6d265,6,Lab,Floating
train/pd/11610200adc6d265_w08.png,11610200adc6d265,8,Lab,Floating
train/pd/11610200adc6d265_w12.png,11610200adc6d265,12,Lab,Floating
train/pd/11610200adc6d265_w22.png,11610200adc6d265,22,Lab,Floating
train/pd/11610200adc6d265_w23.png,11610200adc6d265,23,Lab,Floating
train/pd/11610200adc6d265_w27.png,11610200adc6d265,27,Lab,Floating
train/pd/118ebda7254c5d97_w02.png,118ebda7254c5d97,2,Field,Void
train/pd/118ebda7254c5d97_w06.png,118ebda7254c5d97,6,Field,Void
train/pd/118ebda7254c5d97_w08.png,118ebda7254c5d97,8,Field,Void
train/pd/118ebda7254c5d97_w10.png,118ebda7254c5d97,10,Field,Void
train/pd/118ebda7254c5d97_w15.png,118ebda7254c5d97,15,Field,Void
train/pd/118ebda7254c5d97_w19.png,118ebda7254c5d97,19,Field,Void
train/pd/118ebda7254c5d97_w20.png,118ebda7254c5d97,20,Field,Void
train/pd/118ebda7254c5d97_w21.png,118ebda7254c5d97,21,Field,Void
train/pd/1191af87130b0df7_w02.png,1191af87130b0df7,2,Lab,Corona
train/pd/1191af87130b0df7_w04.png,1191af87130b0df7,4,Lab,Corona
train/pd/1191af87130b0df7_w05.png,1191af87130b0df7,5,Lab,Corona
train/pd/1191af87130b0df7_w07.png,1191af87130b0df7,7,Lab,Corona
train/pd/1191af87130b0df7_w10.png,1191af87130b0df7,10,Lab,Corona
train/pd/1191af87130b0df7_w17.png,1191af87130b0df7,17,Lab,Corona
train/pd/1191af87130b0df7_w20.png,1191af87130b0df7,20,Lab,Corona
train/pd/1191af87130b0df7_w24.png,1191af87130b0df7,24,Lab,Corona
train/pd/11a00e5c28e8c3dc_w03.png,11a00e5c28e8c3dc,3,Field,Void
train/pd/11a00e5c28e8c3dc_w05.png,11a00e5c28e8c3dc,5,Field,Void
train/pd/11a00e5c28e8c3dc_w15.png,11a00e5c28e8c3dc,15,Field,Void
train/pd/11a00e5c28e8c3dc_w17.png,11a00e5c28e8c3dc,17,Field,Void
train/pd/11a00e5c28e8c3dc_w20.png,11a00e5c28e8c3dc,20,Field,Void
train/pd/11a00e5c28e8c3dc_w22.png,11a00e5c28e8c3dc,22,Field,Void
train/pd/11a00e5c28e8c3dc_w24.png,11a00e5c28e8c3dc,24,Field,Void
train/pd/11a00e5c28e8c3dc_w27.png,11a00e5c28e8c3dc,27,Field,Void
train/pd/11b959c90955203f_w00.png,11b959c90955203f,0,Field,Corona
train/pd/11b959c90955203f_w01.png,11b959c90955203f,1,Field,Corona
train/pd/11b959c90955203f_w03.png,11b959c90955203f,3,Field,Corona
train/pd/11b959c90955203f_w05.png,11b959c90955203f,5,Field,Corona
train/pd/11b959c90955203f_w06.png,11b959c90955203f,6,Field,Corona
train/pd/11b959c90955203f_w23.png,11b959c90955203f,23,Field,Corona
train/pd/11b959c90955203f_w26.png,11b959c90955203f,26,Field,Corona
train/pd/11b959c90955203f_w27.png,11b959c90955203f,27,Field,Corona
train/pd/11bdafe34919556a_w03.png,11bdafe34919556a,3,Lab,Floating
train/pd/11bdafe34919556a_w08.png,11bdafe34919556a,8,Lab,Floating
train/pd/11bdafe34919556a_w09.png,11bdafe34919556a,9,Lab,Floating
train/pd/11bdafe34919556a_w10.png,11bdafe34919556a,10,Lab,Floating
train/pd/11bdafe34919556a_w11.png,11bdafe34919556a,11,Lab,Floating
train/pd/11bdafe34919556a_w18.png,11bdafe34919556a,18,Lab,Floating
train/pd/11bdafe34919556a_w26.png,11bdafe34919556a,26,Lab,Floating
train/pd/11bdafe34919556a_w27.png,11bdafe34919556a,27,Lab,Floating
train/pd/11ce1e5f41f37819_w03.png,11ce1e5f41f37819,3,Field,Floating
train/pd/11ce1e5f41f37819_w04.png,11ce1e5f41f37819,4,Field,Floating
train/pd/11ce1e5f41f37819_w05.png,11ce1e5f41f37819,5,Field,Floating
train/pd/11ce1e5f41f37819_w06.png,11ce1e5f41f37819,6,Field,Floating
train/pd/11ce1e5f41f37819_w08.png,11ce1e5f41f37819,8,Field,Floating
train/pd/11ce1e5f41f37819_w12.png,11ce1e5f41f37819,12,Field,Floating
train/pd/11ce1e5f41f37819_w23.png,11ce1e5f41f37819,23,Field,Floating
train/pd/11ce1e5f41f37819_w24.png,11ce1e5f41f37819,24,Field,Floating
train/pd/11eedea457541203_w01.png,11eedea457541203,1,Lab,Void
train/pd/11eedea457541203_w10.png,11eedea457541203,10,Lab,Void
train/pd/11eedea457541203_w11.png,11eedea457541203,11,Lab,Void
train/pd/11eedea457541203_w13.png,11eedea457541203,13,Lab,Void
train/pd/11eedea457541203_w14.png,11eedea457541203,14,Lab,Void
train/pd/11eedea457541203_w19.png,11eedea457541203,19,Lab,Void
train/pd/11eedea457541203_w24.png,11eedea457541203,24,Lab,Void
train/pd/11eedea457541203_w27.png,11eedea457541203,27,Lab,Void
train/pd/11fb64fde5226491_w03.png,11fb64fde5226491,3,Lab,Void
train/pd/11fb64fde5226491_w08.png,11fb64fde5226491,8,Lab,Void
train/pd/11fb64fde5226491_w10.png,11fb64fde5226491,10,Lab,Void
train/pd/11fb64fde5226491_w15.png,11fb64fde5226491,15,Lab,Void
train/pd/11fb64fde5226491_w19.png,11fb64fde5226491,19,Lab,Void
train/pd/11fb64fde5226491_w20.png,11fb64fde5226491,20,Lab,Void
train/pd/11fb64fde5226491_w21.png,11fb64fde5226491,21,Lab,Void
train/pd/11fb64fde5226491_w24.png,11fb64fde5226491,24,Lab,Void
train/pd/1209cd11218e8840_w01.png,1209cd11218e8840,1,Lab,Floating
train/pd/1209cd11218e8840_w05.png,1209cd11218e8840,5,Lab,Floating
train/pd/1209cd11218e8840_w13.png,1209cd11218e8840,13,Lab,Floating
train/pd/1209cd11218e8840_w15.png,1209cd11218e8840,15,Lab,Floating
train/pd/1209cd11218e8840_w18.png,1209cd11218e8840,18,Lab,Floating
train/pd/1209cd11218e8840_w20.png,1209cd11218e8840,20,Lab,Floating
train/pd/1209cd11218e8840_w21.png,1209cd11218e8840,21,Lab,Floating
train/pd/1209cd11218e8840_w22.png,1209cd11218e8840,22,Lab,Floating
train/pd/120ba5126b00a0c5_w00.png,120ba5126b00a0c5,0,Lab,Floating
train/pd/120ba5126b00a0c5_w01.png,120ba5126b00a0c5,1,Lab,Floating
train/pd/120ba5126b00a0c5_w06.png,120ba5126b00a0c5,6,Lab,Floating
train/pd/120ba5126b00a0c5_w07.png,120ba5126b00a0c5,7,Lab,Floating
train/pd/120ba5126b00a0c5_w11.png,120ba5126b00a0c5,11,Lab,Floating
train/pd/120ba5126b00a0c5_w12.png,120ba5126b00a0c5,12,Lab,Floating
train/pd/120ba5126b00a0c5_w22.png,120ba5126b00a0c5,22,Lab,Floating
train/pd/120ba5126b00a0c5_w25.png,120ba5126b00a0c5,25,Lab,Floating
train/pd/121eaeb6434695d7_w03.png,121eaeb6434695d7,3,Lab,Particle
train/pd/121eaeb6434695d7_w08.png,121eaeb6434695d7,8,Lab,Particle
train/pd/121eaeb6434695d7_w10.png,121eaeb6434695d7,10,Lab,Particle
train/pd/121eaeb6434695d7_w11.png,121eaeb6434695d7,11,Lab,Particle
train/pd/121eaeb6434695d7_w16.png,121eaeb6434695d7,16,Lab,Particle
train/pd/121eaeb6434695d7_w20.png,121eaeb6434695d7,20,Lab,Particle
train/pd/121eaeb6434695d7_w22.png,121eaeb6434695d7,22,Lab,Particle
train/pd/121eaeb6434695d7_w25.png,121eaeb6434695d7,25,Lab,Particle
train/pd/123949047498c616_w02.png,123949047498c616,2,Lab,Particle
train/pd/123949047498c616_w04.png,123949047498c616,4,Lab,Particle
train/pd/123949047498c616_w08.png,123949047498c616,8,Lab,Particle
train/pd/123949047498c616_w09.png,123949047498c616,9,Lab,Particle
train/pd/123949047498c616_w12.png,123949047498c616,12,Lab,Particle
train/pd/123949047498c616_w13.png,123949047498c616,13,Lab,Particle
train/pd/123949047498c616_w14.png,123949047498c616,14,Lab,Particle
train/pd/123949047498c616_w21.png,123949047498c616,21,Lab,Particle
train/pd/124c5a565a08580a_w06.png,124c5a565a08580a,6,Lab,Particle
train/pd/124c5a565a08580a_w12.png,124c5a565a08580a,12,Lab,Particle
train/pd/124c5a565a08580a_w14.png,124c5a565a08580a,14,Lab,Particle
train/pd/124c5a565a08580a_w17.png,124c5a565a08580a,17,Lab,Particle
train/pd/124c5a565a08580a_w19.png,124c5a565a08580a,19,Lab,Particle
train/pd/124c5a565a08580a_w23.png,124c5a565a08580a,23,Lab,Particle
train/pd/124c5a565a08580a_w24.png,124c5a565a08580a,24,Lab,Particle
train/pd/124c5a565a08580a_w25.png,124c5a565a08580a,25,Lab,Particle
train/pd/12890519a0dcab66_w04.png,12890519a0dcab66,4,Lab,Void
train/pd/12890519a0dcab66_w07.png,12890519a0dcab66,7,Lab,Void
train/pd/12890519a0dcab66_w09.png,12890519a0dcab66,9,Lab,Void
train/pd/12890519a0dcab66_w10.png,12890519a0dcab66,10,Lab,Void
train/pd/12890519a0dcab66_w15.png,12890519a0dcab66,15,Lab,Void
train/pd/12890519a0dcab66_w16.png,12890519a0dcab66,16,Lab,Void
train/pd/12890519a0dcab66_w22.png,12890519a0dcab66,22,Lab,Void
train/pd/12890519a0dcab66_w23.png,12890519a0dcab66,23,Lab,Void
train/pd/128b6d3297df969b_w03.png,128b6d3297df969b,3,Lab,Particle
train/pd/128b6d3297df969b_w08.png,128b6d3297df969b,8,Lab,Particle
train/pd/128b6d3297df969b_w09.png,128b6d3297df969b,9,Lab,Particle
train/pd/128b6d3297df969b_w10.png,128b6d3297df969b,10,Lab,Particle
train/pd/128b6d3297df969b_w12.png,128b6d3297df969b,12,Lab,Particle
train/pd/128b6d3297df969b_w14.png,128b6d3297df969b,14,Lab,Particle
train/pd/128b6d3297df969b_w17.png,128b6d3297df969b,17,Lab,Particle
train/pd/128b6d3297df969b_w27.png,128b6d3297df969b,27,Lab,Particle
train/pd/129ec883028f99ac_w00.png,129ec883028f99ac,0,Field,Void
train/pd/129ec883028f99ac_w07.png,129ec883028f99ac,7,Field,Void
train/pd/129ec883028f99ac_w08.png,129ec883028f99ac,8,Field,Void
train/pd/129ec883028f99ac_w13.png,129ec883028f99ac,13,Field,Void
train/pd/129ec883028f99ac_w15.png,129ec883028f99ac,15,Field,Void
train/pd/129ec883028f99ac_w16.png,129ec883028f99ac,16,Field,Void
train/pd/129ec883028f99ac_w22.png,129ec883028f99ac,22,Field,Void
train/pd/129ec883028f99ac_w23.png,129ec883028f99ac,23,Field,Void
train/pd/12a7e707abb57191_w03.png,12a7e707abb57191,3,Lab,Void
train/pd/12a7e707abb57191_w07.png,12a7e707abb57191,7,Lab,Void
train/pd/12a7e707abb57191_w14.png,12a7e707abb57191,14,Lab,Void
train/pd/12a7e707abb57191_w19.png,12a7e707abb57191,19,Lab,Void
train/pd/12a7e707abb57191_w20.png,12a7e707abb57191,20,Lab,Void
train/pd/12a7e707abb57191_w21.png,12a7e707abb57191,21,Lab,Void
train/pd/12a7e707abb57191_w23.png,12a7e707abb57191,23,Lab,Void
train/pd/12a7e707abb57191_w27.png,12a7e707abb57191,27,Lab,Void
train/pd/12ac1204ecbc6df5_w04.png,12ac1204ecbc6df5,4,Lab,Floating
train/pd/12ac1204ecbc6df5_w12.png,12ac1204ecbc6df5,12,Lab,Floating
train/pd/12ac1204ecbc6df5_w13.png,12ac1204ecbc6df5,13,Lab,Floating
train/pd/12ac1204ecbc6df5_w16.png,12ac1204ecbc6df5,16,Lab,Floating
train/pd/12ac1204ecbc6df5_w17.png,12ac1204ecbc6df5,17,Lab,Floating
train/pd/12ac1204ecbc6df5_w19.png,12ac1204ecbc6df5,19,Lab,Floating
train/pd/12ac1204ecbc6df5_w21.png,12ac1204ecbc6df5,21,Lab,Floating
train/pd/12ac1204ecbc6df5_w25.png,12ac1204ecbc6df5,25,Lab,Floating
train/pd/13031db39a23ad24_w00.png,13031db39a23ad24,0,Lab,Corona
train/pd/13031db39a23ad24_w09.png,13031db39a23ad24,9,Lab,Corona
train/pd/13031db39a23ad24_w11.png,13031db39a23ad24,11,Lab,Corona
train/pd/13031db39a23ad24_w14.png,13031db39a23ad24,14,Lab,Corona
train/pd/13031db39a23ad24_w15.png,13031db39a23ad24,15,Lab,Corona
train/pd/13031db39a23ad24_w17.png,13031db39a23ad24,17,Lab,Corona
train/pd/13031db39a23ad24_w21.png,13031db39a23ad24,21,Lab,Corona
train/pd/13031db39a23ad24_w24.png,13031db39a23ad24,24,Lab,Corona
train/pd/131283e2dabe9428_w03.png,131283e2dabe9428,3,Field,Void
train/pd/131283e2dabe9428_w08.png,131283e2dabe9428,8,Field,Void
train/pd/131283e2dabe9428_w09.png,131283e2dabe9428,9,Field,Void
train/pd/131283e2dabe9428_w20.png,131283e2dabe9428,20,Field,Void
train/pd/131283e2dabe9428_w21.png,131283e2dabe9428,21,Field,Void
train/pd/131283e2dabe9428_w23.png,131283e2dabe9428,23,Field,Void
train/pd/131283e2dabe9428_w24.png,131283e2dabe9428,24,Field,Void
train/pd/131283e2dabe9428_w26.png,131283e2dabe9428,26,Field,Void
train/pd/13431e62f730bffe_w05.png,13431e62f730bffe,5,Field,Void
train/pd/13431e62f730bffe_w08.png,13431e62f730bffe,8,Field,Void
train/pd/13431e62f730bffe_w09.png,13431e62f730bffe,9,Field,Void
train/pd/13431e62f730bffe_w16.png,13431e62f730bffe,16,Field,Void
train/pd/13431e62f730bffe_w21.png,13431e62f730bffe,21,Field,Void
train/pd/13431e62f730bffe_w23.png,13431e62f730bffe,23,Field,Void
train/pd/13431e62f730bffe_w24.png,13431e62f730bffe,24,Field,Void
train/pd/13431e62f730bffe_w27.png,13431e62f730bffe,27,Field,Void
train/pd/1358c8f24a081f44_w02.png,1358c8f24a081f44,2,Lab,Void
train/pd/1358c8f24a081f44_w06.png,1358c8f24a081f44,6,Lab,Void
train/pd/1358c8f24a081f44_w11.png,1358c8f24a081f44,11,Lab,Void
train/pd/1358c8f24a081f44_w15.png,1358c8f24a081f44,15,Lab,Void
train/pd/1358c8f24a081f44_w16.png,1358c8f24a081f44,16,Lab,Void
train/pd/1358c8f24a081f44_w18.png,1358c8f24a081f44,18,Lab,Void
train/pd/1358c8f24a081f44_w24.png,1358c8f24a081f44,24,Lab,Void
train/pd/1358c8f24a081f44_w27.png,1358c8f24a081f44,27,Lab,Void
train/pd/138aa20fe8f5402d_w05.png,138aa20fe8f5402d,5,Lab,Void
train/pd/138aa20fe8f5402d_w06.png,138aa20fe8f5402d,6,Lab,Void
train/pd/138aa20fe8f5402d_w07.png,138aa20fe8f5402d,7,Lab,Void
train/pd/138aa20fe8f5402d_w09.png,138aa20fe8f5402d,9,Lab,Void
train/pd/138aa20fe8f5402d_w16.png,138aa20fe8f5402d,16,Lab,Void
train/pd/138aa20fe8f5402d_w21.png,138aa20fe8f5402d,21,Lab,Void
train/pd/138aa20fe8f5402d_w24.png,138aa20fe8f5402d,24,Lab,Void
train/pd/138aa20fe8f5402d_w26.png,138aa20fe8f5402d,26,Lab,Void
train/pd/13e8fee70ebd32d4_w02.png,13e8fee70ebd32d4,2,Lab,Void
train/pd/13e8fee70ebd32d4_w03.png,13e8fee70ebd32d4,3,Lab,Void
train/pd/13e8fee70ebd32d4_w05.png,13e8fee70ebd32d4,5,Lab,Void
train/pd/13e8fee70ebd32d4_w16.png,13e8fee70ebd32d4,16,Lab,Void
train/pd/13e8fee70ebd32d4_w18.png,13e8fee70ebd32d4,18,Lab,Void
train/pd/13e8fee70ebd32d4_w19.png,13e8fee70ebd32d4,19,Lab,Void
train/pd/13e8fee70ebd32d4_w20.png,13e8fee70ebd32d4,20,Lab,Void
train/pd/13e8fee70ebd32d4_w27.png,13e8fee70ebd32d4,27,Lab,Void
train/pd/1413c6efa38cf98c_w00.png,1413c6efa38cf98c,0,Lab,Void
train/pd/1413c6efa38cf98c_w03.png,1413c6efa38cf98c,3,Lab,Void
train/pd/1413c6efa38cf98c_w10.png,1413c6efa38cf98c,10,Lab,Void
train/pd/1413c6efa38cf98c_w16.png,1413c6efa38cf98c,16,Lab,Void
train/pd/1413c6efa38cf98c_w19.png,1413c6efa38cf98c,19,Lab,Void
train/pd/1413c6efa38cf98c_w23.png,1413c6efa38cf98c,23,Lab,Void
train/pd/1413c6efa38cf98c_w24.png,1413c6efa38cf98c,24,Lab,Void
train/pd/1413c6efa38cf98c_w26.png,1413c6efa38cf98c,26,Lab,Void
train/pd/14573bee235211c6_w05.png,14573bee235211c6,5,Lab,Corona
train/pd/14573bee235211c6_w06.png,14573bee235211c6,6,Lab,Corona
train/pd/14573bee235211c6_w11.png,14573bee235211c6,11,Lab,Corona
train/pd/14573bee235211c6_w12.png,14573bee235211c6,12,Lab,Corona
train/pd/14573bee235211c6_w16.png,14573bee235211c6,16,Lab,Corona
train/pd/14573bee235211c6_w17.png,14573bee235211c6,17,Lab,Corona
train/pd/14573bee235211c6_w22.png,14573bee235211c6,22,Lab,Corona
train/pd/14573bee235211c6_w25.png,14573bee235211c6,25,Lab,Corona
train/pd/14646f6a8216c464_w05.png,14646f6a8216c464,5,Lab,Corona
train/pd/14646f6a8216c464_w07.png,14646f6a8216c464,7,Lab,Corona
train/pd/14646f6a8216c464_w10.png,14646f6a8216c464,10,Lab,Corona
train/pd/14646f6a8216c464_w12.png,14646f6a8216c464,12,Lab,Corona
train/pd/14646f6a8216c464_w17.png,14646f6a8216c464,17,Lab,Corona
train/pd/14646f6a8216c464_w18.png,14646f6a8216c464,18,Lab,Corona
train/pd/14646f6a8216c464_w21.png,14646f6a8216c464,21,Lab,Corona
train/pd/14646f6a8216c464_w23.png,14646f6a8216c464,23,Lab,Corona
train/pd/149ffeea74398362_w01.png,149ffeea74398362,1,Lab,Floating
train/pd/149ffeea74398362_w02.png,149ffeea74398362,2,Lab,Floating
train/pd/149ffeea74398362_w08.png,149ffeea74398362,8,Lab,Floating
train/pd/149ffeea74398362_w15.png,149ffeea74398362,15,Lab,Floating
train/pd/149ffeea74398362_w16.png,149ffeea74398362,16,Lab,Floating
train/pd/149ffeea74398362_w24.png,149ffeea74398362,24,Lab,Floating
train/pd/149ffeea74398362_w26.png,149ffeea74398362,26,Lab,Floating
train/pd/149ffeea74398362_w27.png,149ffeea74398362,27,Lab,Floating
train/pd/14dcb23e235611b1_w07.png,14dcb23e235611b1,7,Lab,Floating
train/pd/14dcb23e235611b1_w16.png,14dcb23e235611b1,16,Lab,Floating
train/pd/14dcb23e235611b1_w17.png,14dcb23e235611b1,17,Lab,Floating
train/pd/14dcb23e235611b1_w18.png,14dcb23e235611b1,18,Lab,Floating
train/pd/14dcb23e235611b1_w21.png,14dcb23e235611b1,21,Lab,Floating
train/pd/14dcb23e235611b1_w22.png,14dcb23e235611b1,22,Lab,Floating
train/pd/14dcb23e235611b1_w24.png,14dcb23e235611b1,24,Lab,Floating
train/pd/14dcb23e235611b1_w27.png,14dcb23e235611b1,27,Lab,Floating
train/pd/14e11d52872da858_w03.png,14e11d52872da858,3,Lab,Particle
train/pd/14e11d52872da858_w05.png,14e11d52872da858,5,Lab,Particle
train/pd/14e11d52872da858_w06.png,14e11d52872da858,6,Lab,Particle
train/pd/14e11d52872da858_w11.png,14e11d52872da858,11,Lab,Particle
train/pd/14e11d52872da858_w15.png,14e11d52872da858,15,Lab,Particle
train/pd/14e11d52872da858_w16.png,14e11d52872da858,16,Lab,Particle
train/pd/14e11d52872da858_w22.png,14e11d52872da858,22,Lab,Particle
train/pd/14e11d52872da858_w26.png,14e11d52872da858,26,Lab,Particle
train/pd/14fca6f41a505ffb_w00.png,14fca6f41a505ffb,0,Lab,Corona
train/pd/14fca6f41a505ffb_w01.png,14fca6f41a505ffb,1,Lab,Corona
train/pd/14fca6f41a505ffb_w02.png,14fca6f41a505ffb,2,Lab,Corona
train/pd/14fca6f41a505ffb_w05.png,14fca6f41a505ffb,5,Lab,Corona
train/pd/14fca6f41a505ffb_w11.png,14fca6f41a505ffb,11,Lab,Corona
train/pd/14fca6f41a505ffb_w12.png,14fca6f41a505ffb,12,Lab,Corona
train/pd/14fca6f41a505ffb_w23.png,14fca6f41a505ffb,23,Lab,Corona
train/pd/14fca6f41a505ffb_w24.png,14fca6f41a505ffb,24,Lab,Corona
train/pd/150243a2ca07352f_w00.png,150243a2ca07352f,0,Field,Void
train/pd/150243a2ca07352f_w01.png,150243a2ca07352f,1,Field,Void
train/pd/150243a2ca07352f_w03.png,150243a2ca07352f,3,Field,Void
train/pd/150243a2ca07352f_w07.png,150243a2ca07352f,7,Field,Void
train/pd/150243a2ca07352f_w17.png,150243a2ca07352f,17,Field,Void
train/pd/150243a2ca07352f_w23.png,150243a2ca07352f,23,Field,Void
train/pd/150243a2ca07352f_w24.png,150243a2ca07352f,24,Field,Void
train/pd/150243a2ca07352f_w27.png,150243a2ca07352f,27,Field,Void
train/pd/150295379dbf43d8_w06.png,150295379dbf43d8,6,Lab,Void
train/pd/150295379dbf43d8_w08.png,150295379dbf43d8,8,Lab,Void
train/pd/150295379dbf43d8_w12.png,150295379dbf43d8,12,Lab,Void
train/pd/150295379dbf43d8_w14.png,150295379dbf43d8,14,Lab,Void
train/pd/150295379dbf43d8_w17.png,150295379dbf43d8,17,Lab,Void
train/pd/150295379dbf43d8_w21.png,150295379dbf43d8,21,Lab,Void
train/pd/150295379dbf43d8_w26.png,150295379dbf43d8,26,Lab,Void
train/pd/150295379dbf43d8_w27.png,150295379dbf43d8,27,Lab,Void
train/pd/1506223df47be275_w05.png,1506223df47be275,5,Lab,Particle
train/pd/1506223df47be275_w07.png,1506223df47be275,7,Lab,Particle
train/pd/1506223df47be275_w09.png,1506223df47be275,9,Lab,Particle
train/pd/1506223df47be275_w15.png,1506223df47be275,15,Lab,Particle
train/pd/1506223df47be275_w16.png,1506223df47be275,16,Lab,Particle
train/pd/1506223df47be275_w20.png,1506223df47be275,20,Lab,Particle
train/pd/1506223df47be275_w24.png,1506223df47be275,24,Lab,Particle
train/pd/1506223df47be275_w26.png,1506223df47be275,26,Lab,Particle
train/pd/15066757e16817d8_w00.png,15066757e16817d8,0,Lab,Floating
train/pd/15066757e16817d8_w01.png,15066757e16817d8,1,Lab,Floating
train/pd/15066757e16817d8_w03.png,15066757e16817d8,3,Lab,Floating
train/pd/15066757e16817d8_w09.png,15066757e16817d8,9,Lab,Floating
train/pd/15066757e16817d8_w17.png,15066757e16817d8,17,Lab,Floating
train/pd/15066757e16817d8_w18.png,15066757e16817d8,18,Lab,Floating
train/pd/15066757e16817d8_w23.png,15066757e16817d8,23,Lab,Floating
train/pd/15066757e16817d8_w25.png,15066757e16817d8,25,Lab,Floating
train/pd/1509f095b991e5d3_w05.png,1509f095b991e5d3,5,Lab,Corona
train/pd/1509f095b991e5d3_w11.png,1509f095b991e5d3,11,Lab,Corona
train/pd/1509f095b991e5d3_w17.png,1509f095b991e5d3,17,Lab,Corona
train/pd/1509f095b991e5d3_w18.png,1509f095b991e5d3,18,Lab,Corona
train/pd/1509f095b991e5d3_w20.png,1509f095b991e5d3,20,Lab,Corona
train/pd/1509f095b991e5d3_w21.png,1509f095b991e5d3,21,Lab,Corona
train/pd/1509f095b991e5d3_w22.png,1509f095b991e5d3,22,Lab,Corona
train/pd/1509f095b991e5d3_w23.png,1509f095b991e5d3,23,Lab,Corona
train/pd/150d0e28f0a934cf_w00.png,150d0e28f0a934cf,0,Lab,Void
train/pd/150d0e28f0a934cf_w09.png,150d0e28f0a934cf,9,Lab,Void
train/pd/150d0e28f0a934cf_w10.png,150d0e28f0a934cf,10,Lab,Void
train/pd/150d0e28f0a934cf_w12.png,150d0e28f0a934cf,12,Lab,Void
train/pd/150d0e28f0a934cf_w13.png,150d0e28f0a934cf,13,Lab,Void
train/pd/150d0e28f0a934cf_w17.png,150d0e28f0a934cf,17,Lab,Void
train/pd/150d0e28f0a934cf_w19.png,150d0e28f0a934cf,19,Lab,Void
train/pd/150d0e28f0a934cf_w21.png,150d0e28f0a934cf,21,Lab,Void
train/pd/153eb0e3c7fdcaec_w02.png,153eb0e3c7fdcaec,2,Lab,Void
train/pd/153eb0e3c7fdcaec_w05.png,153eb0e3c7fdcaec,5,Lab,Void
train/pd/153eb0e3c7fdcaec_w06.png,153eb0e3c7fdcaec,6,Lab,Void
train/pd/153eb0e3c7fdcaec_w10.png,153eb0e3c7fdcaec,10,Lab,Void
train/pd/153eb0e3c7fdcaec_w13.png,153eb0e3c7fdcaec,13,Lab,Void
train/pd/153eb0e3c7fdcaec_w20.png,153eb0e3c7fdcaec,20,Lab,Void
train/pd/153eb0e3c7fdcaec_w24.png,153eb0e3c7fdcaec,24,Lab,Void
train/pd/153eb0e3c7fdcaec_w25.png,153eb0e3c7fdcaec,25,Lab,Void
train/pd/159e0ce0d5bb9c18_w02.png,159e0ce0d5bb9c18,2,Lab,Void
train/pd/159e0ce0d5bb9c18_w03.png,159e0ce0d5bb9c18,3,Lab,Void
train/pd/159e0ce0d5bb9c18_w07.png,159e0ce0d5bb9c18,7,Lab,Void
train/pd/159e0ce0d5bb9c18_w11.png,159e0ce0d5bb9c18,11,Lab,Void
train/pd/159e0ce0d5bb9c18_w14.png,159e0ce0d5bb9c18,14,Lab,Void
train/pd/159e0ce0d5bb9c18_w17.png,159e0ce0d5bb9c18,17,Lab,Void
train/pd/159e0ce0d5bb9c18_w18.png,159e0ce0d5bb9c18,18,Lab,Void
train/pd/159e0ce0d5bb9c18_w24.png,159e0ce0d5bb9c18,24,Lab,Void
train/pd/15e590f1775e3dd1_w02.png,15e590f1775e3dd1,2,Field,Void
train/pd/15e590f1775e3dd1_w04.png,15e590f1775e3dd1,4,Field,Void
train/pd/15e590f1775e3dd1_w14.png,15e590f1775e3dd1,14,Field,Void
train/pd/15e590f1775e3dd1_w17.png,15e590f1775e3dd1,17,Field,Void
train/pd/15e590f1775e3dd1_w18.png,15e590f1775e3dd1,18,Field,Void
train/pd/15e590f1775e3dd1_w21.png,15e590f1775e3dd1,21,Field,Void
train/pd/15e590f1775e3dd1_w23.png,15e590f1775e3dd1,23,Field,Void
train/pd/15e590f1775e3dd1_w24.png,15e590f1775e3dd1,24,Field,Void
train/pd/15f10c237a2c46b5_w04.png,15f10c237a2c46b5,4,Lab,Void
train/pd/15f10c237a2c46b5_w05.png,15f10c237a2c46b5,5,Lab,Void
train/pd/15f10c237a2c46b5_w07.png,15f10c237a2c46b5,7,Lab,Void
train/pd/15f10c237a2c46b5_w08.png,15f10c237a2c46b5,8,Lab,Void
train/pd/15f10c237a2c46b5_w10.png,15f10c237a2c46b5,10,Lab,Void
train/pd/15f10c237a2c46b5_w11.png,15f10c237a2c46b5,11,Lab,Void
train/pd/15f10c237a2c46b5_w14.png,15f10c237a2c46b5,14,Lab,Void
train/pd/15f10c237a2c46b5_w19.png,15f10c237a2c46b5,19,Lab,Void
train/pd/1600a6941c316f2d_w01.png,1600a6941c316f2d,1,Lab,Void
train/pd/1600a6941c316f2d_w03.png,1600a6941c316f2d,3,Lab,Void
train/pd/1600a6941c316f2d_w04.png,1600a6941c316f2d,4,Lab,Void
train/pd/1600a6941c316f2d_w05.png,1600a6941c316f2d,5,Lab,Void
train/pd/1600a6941c316f2d_w08.png,1600a6941c316f2d,8,Lab,Void
train/pd/1600a6941c316f2d_w11.png,1600a6941c316f2d,11,Lab,Void
train/pd/1600a6941c316f2d_w16.png,1600a6941c316f2d,16,Lab,Void
train/pd/1600a6941c316f2d_w23.png,1600a6941c316f2d,23,Lab,Void
train/pd/1617a1fd075fc6bd_w05.png,1617a1fd075fc6bd,5,Lab,Corona
train/pd/1617a1fd075fc6bd_w07.png,1617a1fd075fc6bd,7,Lab,Corona
train/pd/1617a1fd075fc6bd_w10.png,1617a1fd075fc6bd,10,Lab,Corona
train/pd/1617a1fd075fc6bd_w14.png,1617a1fd075fc6bd,14,Lab,Corona
train/pd/1617a1fd075fc6bd_w21.png,1617a1fd075fc6bd,21,Lab,Corona
train/pd/1617a1fd075fc6bd_w24.png,1617a1fd075fc6bd,24,Lab,Corona
train/pd/1617a1fd075fc6bd_w25.png,1617a1fd075fc6bd,25,Lab,Corona
train/pd/1617a1fd075fc6bd_w26.png,1617a1fd075fc6bd,26,Lab,Corona
train/pd/162fb151f981d382_w02.png,162fb151f981d382,2,Lab,Corona
train/pd/162fb151f981d382_w03.png,162fb151f981d382,3,Lab,Corona
train/pd/162fb151f981d382_w05.png,162fb151f981d382,5,Lab,Corona
train/pd/162fb151f981d382_w09.png,162fb151f981d382,9,Lab,Corona
train/pd/162fb151f981d382_w10.png,162fb151f981d382,10,Lab,Corona
train/pd/162fb151f981d382_w14.png,162fb151f981d382,14,Lab,Corona
train/pd/162fb151f981d382_w23.png,162fb151f981d382,23,Lab,Corona
train/pd/162fb151f981d382_w26.png,162fb151f981d382,26,Lab,Corona
train/pd/1662489c20e0497d_w00.png,1662489c20e0497d,0,Field,Floating
train/pd/1662489c20e0497d_w01.png,1662489c20e0497d,1,Field,Floating
train/pd/1662489c20e0497d_w04.png,1662489c20e0497d,4,Field,Floating
train/pd/1662489c20e0497d_w08.png,1662489c20e0497d,8,Field,Floating
train/pd/1662489c20e0497d_w09.png,1662489c20e0497d,9,Field,Floating
train/pd/1662489c20e0497d_w12.png,1662489c20e0497d,12,Field,Floating
train/pd/1662489c20e0497d_w23.png,1662489c20e0497d,23,Field,Floating
train/pd/1662489c20e0497d_w26.png,1662489c20e0497d,26,Field,Floating
train/pd/1691447ca1b9b3d9_w07.png,1691447ca1b9b3d9,7,Lab,Void
train/pd/1691447ca1b9b3d9_w11.png,1691447ca1b9b3d9,11,Lab,Void
train/pd/1691447ca1b9b3d9_w12.png,1691447ca1b9b3d9,12,Lab,Void
train/pd/1691447ca1b9b3d9_w20.png,1691447ca1b9b3d9,20,Lab,Void
train/pd/1691447ca1b9b3d9_w24.png,1691447ca1b9b3d9,24,Lab,Void
train/pd/1691447ca1b9b3d9_w25.png,1691447ca1b9b3d9,25,Lab,Void
train/pd/1691447ca1b9b3d9_w26.png,1691447ca1b9b3d9,26,Lab,Void
train/pd/1691447ca1b9b3d9_w27.png,1691447ca1b9b3d9,27,Lab,Void
train/pd/171a5a3ebe22f403_w02.png,171a5a3ebe22f403,2,Lab,Corona
train/pd/171a5a3ebe22f403_w04.png,171a5a3ebe22f403,4,Lab,Corona
train/pd/171a5a3ebe22f403_w07.png,171a5a3ebe22f403,7,Lab,Corona
train/pd/171a5a3ebe22f403_w13.png,171a5a3ebe22f403,13,Lab,Corona
train/pd/171a5a3ebe22f403_w21.png,171a5a3ebe22f403,21,Lab,Corona
train/pd/171a5a3ebe22f403_w23.png,171a5a3ebe22f403,23,Lab,Corona
train/pd/171a5a3ebe22f403_w24.png,171a5a3ebe22f403,24,Lab,Corona
train/pd/171a5a3ebe22f403_w27.png,171a5a3ebe22f403,27,Lab,Corona
train/pd/1730d73b670a81a7_w09.png,1730d73b670a81a7,9,Lab,Particle
train/pd/1730d73b670a81a7_w14.png,1730d73b670a81a7,14,Lab,Particle
train/pd/1730d73b670a81a7_w17.png,1730d73b670a81a7,17,Lab,Particle
train/pd/1730d73b670a81a7_w20.png,1730d73b670a81a7,20,Lab,Particle
train/pd/1730d73b670a81a7_w23.png,1730d73b670a81a7,23,Lab,Particle
train/pd/1730d73b670a81a7_w24.png,1730d73b670a81a7,24,Lab,Particle
train/pd/1730d73b670a81a7_w25.png,1730d73b670a81a7,25,Lab,Particle
train/pd/1730d73b670a81a7_w27.png,1730d73b670a81a7,27,Lab,Particle
train/pd/179d94ca2b8e2e25_w06.png,179d94ca2b8e2e25,6,Lab,Void
train/pd/179d94ca2b8e2e25_w08.png,179d94ca2b8e2e25,8,Lab,Void
train/pd/179d94ca2b8e2e25_w09.png,179d94ca2b8e2e25,9,Lab,Void
train/pd/179d94ca2b8e2e25_w10.png,179d94ca2b8e2e25,10,Lab,Void
train/pd/179d94ca2b8e2e25_w14.png,179d94ca2b8e2e25,14,Lab,Void
train/pd/179d94ca2b8e2e25_w15.png,179d94ca2b8e2e25,15,Lab,Void
train/pd/179d94ca2b8e2e25_w24.png,179d94ca2b8e2e25,24,Lab,Void
train/pd/179d94ca2b8e2e25_w27.png,179d94ca2b8e2e25,27,Lab,Void
train/pd/17a1b1a11f5e65fe_w03.png,17a1b1a11f5e65fe,3,Lab,Floating
train/pd/17a1b1a11f5e65fe_w05.png,17a1b1a11f5e65fe,5,Lab,Floating
train/pd/17a1b1a11f5e65fe_w09.png,17a1b1a11f5e65fe,9,Lab,Floating
train/pd/17a1b1a11f5e65fe_w11.png,17a1b1a11f5e65fe,11,Lab,Floating
train/pd/17a1b1a11f5e65fe_w16.png,17a1b1a11f5e65fe,16,Lab,Floating
train/pd/17a1b1a11f5e65fe_w21.png,17a1b1a11f5e65fe,21,Lab,Floating
train/pd/17a1b1a11f5e65fe_w22.png,17a1b1a11f5e65fe,22,Lab,Floating
train/pd/17a1b1a11f5e65fe_w23.png,17a1b1a11f5e65fe,23,Lab,Floating
train/pd/17a2f9d69087ac22_w01.png,17a2f9d69087ac22,1,Field,Floating
train/pd/17a2f9d69087ac22_w02.png,17a2f9d69087ac22,2,Field,Floating
train/pd/17a2f9d69087ac22_w04.png,17a2f9d69087ac22,4,Field,Floating
train/pd/17a2f9d69087ac22_w14.png,17a2f9d69087ac22,14,Field,Floating
train/pd/17a2f9d69087ac22_w17.png,17a2f9d69087ac22,17,Field,Floating
train/pd/17a2f9d69087ac22_w20.png,17a2f9d69087ac22,20,Field,Floating
train/pd/17a2f9d69087ac22_w21.png,17a2f9d69087ac22,21,Field,Floating
train/pd/17a2f9d69087ac22_w26.png,17a2f9d69087ac22,26,Field,Floating
train/pd/17b37ea2afc8a2f5_w00.png,17b37ea2afc8a2f5,0,Lab,Void
train/pd/17b37ea2afc8a2f5_w12.png,17b37ea2afc8a2f5,12,Lab,Void
train/pd/17b37ea2afc8a2f5_w14.png,17b37ea2afc8a2f5,14,Lab,Void
train/pd/17b37ea2afc8a2f5_w18.png,17b37ea2afc8a2f5,18,Lab,Void
train/pd/17b37ea2afc8a2f5_w21.png,17b37ea2afc8a2f5,21,Lab,Void
train/pd/17b37ea2afc8a2f5_w24.png,17b37ea2afc8a2f5,24,Lab,Void
train/pd/17b37ea2afc8a2f5_w25.png,17b37ea2afc8a2f5,25,Lab,Void
train/pd/17b37ea2afc8a2f5_w27.png,17b37ea2afc8a2f5,27,Lab,Void
train/pd/17bf1af5f1de095d_w00.png,17bf1af5f1de095d,0,Lab,Void
train/pd/17bf1af5f1de095d_w04.png,17bf1af5f1de095d,4,Lab,Void
train/pd/17bf1af5f1de095d_w05.png,17bf1af5f1de095d,5,Lab,Void
train/pd/17bf1af5f1de095d_w10.png,17bf1af5f1de095d,10,Lab,Void
train/pd/17bf1af5f1de095d_w11.png,17bf1af5f1de095d,11,Lab,Void
train/pd/17bf1af5f1de095d_w15.png,17bf1af5f1de095d,15,Lab,Void
train/pd/17bf1af5f1de095d_w22.png,17bf1af5f1de095d,22,Lab,Void
train/pd/17bf1af5f1de095d_w24.png,17bf1af5f1de095d,24,Lab,Void
train/pd/17c1f13dfda0faf6_w01.png,17c1f13dfda0faf6,1,Lab,Corona
train/pd/17c1f13dfda0faf6_w04.png,17c1f13dfda0faf6,4,Lab,Corona
train/pd/17c1f13dfda0faf6_w06.png,17c1f13dfda0faf6,6,Lab,Corona
train/pd/17c1f13dfda0faf6_w11.png,17c1f13dfda0faf6,11,Lab,Corona
train/pd/17c1f13dfda0faf6_w16.png,17c1f13dfda0faf6,16,Lab,Corona
train/pd/17c1f13dfda0faf6_w20.png,17c1f13dfda0faf6,20,Lab,Corona
train/pd/17c1f13dfda0faf6_w25.png,17c1f13dfda0faf6,25,Lab,Corona
train/pd/17c1f13dfda0faf6_w27.png,17c1f13dfda0faf6,27,Lab,Corona
train/pd/183819f7d30f5c85_w04.png,183819f7d30f5c85,4,Lab,Floating
train/pd/183819f7d30f5c85_w15.png,183819f7d30f5c85,15,Lab,Floating
train/pd/183819f7d30f5c85_w16.png,183819f7d30f5c85,16,Lab,Floating
train/pd/183819f7d30f5c85_w18.png,183819f7d30f5c85,18,Lab,Floating
train/pd/183819f7d30f5c85_w19.png,183819f7d30f5c85,19,Lab,Floating
train/pd/183819f7d30f5c85_w23.png,183819f7d30f5c85,23,Lab,Floating
train/pd/183819f7d30f5c85_w24.png,183819f7d30f5c85,24,Lab,Floating
train/pd/183819f7d30f5c85_w25.png,183819f7d30f5c85,25,Lab,Floating
train/pd/1865f8814ee9e6f4_w05.png,1865f8814ee9e6f4,5,Lab,Void
train/pd/1865f8814ee9e6f4_w10.png,1865f8814ee9e6f4,10,Lab,Void
train/pd/1865f8814ee9e6f4_w12.png,1865f8814ee9e6f4,12,Lab,Void
train/pd/1865f8814ee9e6f4_w15.png,1865f8814ee9e6f4,15,Lab,Void
train/pd/1865f8814ee9e6f4_w16.png,1865f8814ee9e6f4,16,Lab,Void
train/pd/1865f8814ee9e6f4_w18.png,1865f8814ee9e6f4,18,Lab,Void
train/pd/1865f8814ee9e6f4_w24.png,1865f8814ee9e6f4,24,Lab,Void
train/pd/1865f8814ee9e6f4_w25.png,1865f8814ee9e6f4,25,Lab,Void
train/pd/186987e4232aeb4c_w01.png,186987e4232aeb4c,1,Lab,Floating
train/pd/186987e4232aeb4c_w05.png,186987e4232aeb4c,5,Lab,Floating
train/pd/186987e4232aeb4c_w07.png,186987e4232aeb4c,7,Lab,Floating
train/pd/186987e4232aeb4c_w08.png,186987e4232aeb4c,8,Lab,Floating
train/pd/186987e4232aeb4c_w17.png,186987e4232aeb4c,17,Lab,Floating
train/pd/186987e4232aeb4c_w18.png,186987e4232aeb4c,18,Lab,Floating
train/pd/186987e4232aeb4c_w19.png,186987e4232aeb4c,19,Lab,Floating
train/pd/186987e4232aeb4c_w20.png,186987e4232aeb4c,20,Lab,Floating
train/pd/1887cbb323a5df3b_w03.png,1887cbb323a5df3b,3,Field,Void
train/pd/1887cbb323a5df3b_w04.png,1887cbb323a5df3b,4,Field,Void
train/pd/1887cbb323a5df3b_w09.png,1887cbb323a5df3b,9,Field,Void
train/pd/1887cbb323a5df3b_w13.png,1887cbb323a5df3b,13,Field,Void
train/pd/1887cbb323a5df3b_w15.png,1887cbb323a5df3b,15,Field,Void
train/pd/1887cbb323a5df3b_w16.png,1887cbb323a5df3b,16,Field,Void
train/pd/1887cbb323a5df3b_w18.png,1887cbb323a5df3b,18,Field,Void
train/pd/1887cbb323a5df3b_w21.png,1887cbb323a5df3b,21,Field,Void
train/pd/18d375753bb2ebd9_w03.png,18d375753bb2ebd9,3,Lab,Void
train/pd/18d375753bb2ebd9_w05.png,18d375753bb2ebd9,5,Lab,Void
train/pd/18d375753bb2ebd9_w11.png,18d375753bb2ebd9,11,Lab,Void
train/pd/18d375753bb2ebd9_w15.png,18d375753bb2ebd9,15,Lab,Void
train/pd/18d375753bb2ebd9_w20.png,18d375753bb2ebd9,20,Lab,Void
train/pd/18d375753bb2ebd9_w21.png,18d375753bb2ebd9,21,Lab,Void
train/pd/18d375753bb2ebd9_w24.png,18d375753bb2ebd9,24,Lab,Void
train/pd/18d375753bb2ebd9_w27.png,18d375753bb2ebd9,27,Lab,Void
train/pd/18d41dc2b91296be_w02.png,18d41dc2b91296be,2,Lab,Particle
train/pd/18d41dc2b91296be_w04.png,18d41dc2b91296be,4,Lab,Particle
train/pd/18d41dc2b91296be_w06.png,18d41dc2b91296be,6,Lab,Particle
train/pd/18d41dc2b91296be_w08.png,18d41dc2b91296be,8,Lab,Particle
train/pd/18d41dc2b91296be_w09.png,18d41dc2b91296be,9,Lab,Particle
train/pd/18d41dc2b91296be_w16.png,18d41dc2b91296be,16,Lab,Particle
train/pd/18d41dc2b91296be_w18.png,18d41dc2b91296be,18,Lab,Particle
train/pd/18d41dc2b91296be_w24.png,18d41dc2b91296be,24,Lab,Particle
train/pd/18d8b63b8300b742_w00.png,18d8b63b8300b742,0,Lab,Floating
train/pd/18d8b63b8300b742_w02.png,18d8b63b8300b742,2,Lab,Floating
train/pd/18d8b63b8300b742_w05.png,18d8b63b8300b742,5,Lab,Floating
train/pd/18d8b63b8300b742_w08.png,18d8b63b8300b742,8,Lab,Floating
train/pd/18d8b63b8300b742_w09.png,18d8b63b8300b742,9,Lab,Floating
train/pd/18d8b63b8300b742_w13.png,18d8b63b8300b742,13,Lab,Floating
train/pd/18d8b63b8300b742_w26.png,18d8b63b8300b742,26,Lab,Floating
train/pd/18d8b63b8300b742_w27.png,18d8b63b8300b742,27,Lab,Floating
train/pd/18ebe9521a8508d1_w01.png,18ebe9521a8508d1,1,Lab,Particle
train/pd/18ebe9521a8508d1_w06.png,18ebe9521a8508d1,6,Lab,Particle
train/pd/18ebe9521a8508d1_w08.png,18ebe9521a8508d1,8,Lab,Particle
train/pd/18ebe9521a8508d1_w09.png,18ebe9521a8508d1,9,Lab,Particle
train/pd/18ebe9521a8508d1_w11.png,18ebe9521a8508d1,11,Lab,Particle
train/pd/18ebe9521a8508d1_w20.png,18ebe9521a8508d1,20,Lab,Particle
train/pd/18ebe9521a8508d1_w21.png,18ebe9521a8508d1,21,Lab,Particle
train/pd/18ebe9521a8508d1_w25.png,18ebe9521a8508d1,25,Lab,Particle
train/pd/18fbd1417747e498_w01.png,18fbd1417747e498,1,Lab,Void
train/pd/18fbd1417747e498_w03.png,18fbd1417747e498,3,Lab,Void
train/pd/18fbd1417747e498_w12.png,18fbd1417747e498,12,Lab,Void
train/pd/18fbd1417747e498_w15.png,18fbd1417747e498,15,Lab,Void
train/pd/18fbd1417747e498_w16.png,18fbd1417747e498,16,Lab,Void
train/pd/18fbd1417747e498_w19.png,18fbd1417747e498,19,Lab,Void
train/pd/18fbd1417747e498_w23.png,18fbd1417747e498,23,Lab,Void
train/pd/18fbd1417747e498_w26.png,18fbd1417747e498,26,Lab,Void
train/pd/18fffddccf1b3b31_w04.png,18fffddccf1b3b31,4,Field,Void
train/pd/18fffddccf1b3b31_w05.png,18fffddccf1b3b31,5,Field,Void
train/pd/18fffddccf1b3b31_w06.png,18fffddccf1b3b31,6,Field,Void
train/pd/18fffddccf1b3b31_w07.png,18fffddccf1b3b31,7,Field,Void
train/pd/18fffddccf1b3b31_w13.png,18fffddccf1b3b31,13,Field,Void
train/pd/18fffddccf1b3b31_w18.png,18fffddccf1b3b31,18,Field,Void
train/pd/18fffddccf1b3b31_w20.png,18fffddccf1b3b31,20,Field,Void
train/pd/18fffddccf1b3b31_w26.png,18fffddccf1b3b31,26,Field,Void
train/pd/192db13e8c2cdb6a_w02.png,192db13e8c2cdb6a,2,Field,Void
train/pd/192db13e8c2cdb6a_w09.png,192db13e8c2cdb6a,9,Field,Void
train/pd/192db13e8c2cdb6a_w11.png,192db13e8c2cdb6a,11,Field,Void
train/pd/192db13e8c2cdb6a_w15.png,192db13e8c2cdb6a,15,Field,Void
train/pd/192db13e8c2cdb6a_w18.png,192db13e8c2cdb6a,18,Field,Void
train/pd/192db13e8c2cdb6a_w21.png,192db13e8c2cdb6a,21,Field,Void
train/pd/192db13e8c2cdb6a_w23.png,192db13e8c2cdb6a,23,Field,Void
train/pd/192db13e8c2cdb6a_w26.png,192db13e8c2cdb6a,26,Field,Void
train/pd/19b90cd81231f80a_w05.png,19b90cd81231f80a,5,Lab,Particle
train/pd/19b90cd81231f80a_w11.png,19b90cd81231f80a,11,Lab,Particle
train/pd/19b90cd81231f80a_w19.png,19b90cd81231f80a,19,Lab,Particle
train/pd/19b90cd81231f80a_w20.png,19b90cd81231f80a,20,Lab,Particle
train/pd/19b90cd81231f80a_w21.png,19b90cd81231f80a,21,Lab,Particle
train/pd/19b90cd81231f80a_w24.png,19b90cd81231f80a,24,Lab,Particle
train/pd/19b90cd81231f80a_w25.png,19b90cd81231f80a,25,Lab,Particle
train/pd/19b90cd81231f80a_w27.png,19b90cd81231f80a,27,Lab,Particle
train/pd/19bea6e21f08d8b7_w02.png,19bea6e21f08d8b7,2,Lab,Floating
train/pd/19bea6e21f08d8b7_w04.png,19bea6e21f08d8b7,4,Lab,Floating
train/pd/19bea6e21f08d8b7_w08.png,19bea6e21f08d8b7,8,Lab,Floating
train/pd/19bea6e21f08d8b7_w15.png,19bea6e21f08d8b7,15,Lab,Floating
train/pd/19bea6e21f08d8b7_w18.png,19bea6e21f08d8b7,18,Lab,Floating
train/pd/19bea6e21f08d8b7_w21.png,19bea6e21f08d8b7,21,Lab,Floating
train/pd/19bea6e21f08d8b7_w23.png,19bea6e21f08d8b7,23,Lab,Floating
train/pd/19bea6e21f08d8b7_w25.png,19bea6e21f08d8b7,25,Lab,Floating
train/pd/19c9e61e59a5400b_w00.png,19c9e61e59a5400b,0,Lab,Void
train/pd/19c9e61e59a5400b_w03.png,19c9e61e59a5400b,3,Lab,Void
train/pd/19c9e61e59a5400b_w05.png,19c9e61e59a5400b,5,Lab,Void
train/pd/19c9e61e59a5400b_w06.png,19c9e61e59a5400b,6,Lab,Void
train/pd/19c9e61e59a5400b_w07.png,19c9e61e59a5400b,7,Lab,Void
train/pd/19c9e61e59a5400b_w20.png,19c9e61e59a5400b,20,Lab,Void
train/pd/19c9e61e59a5400b_w22.png,19c9e61e59a5400b,22,Lab,Void
train/pd/19c9e61e59a5400b_w26.png,19c9e61e59a5400b,26,Lab,Void
train/pd/1a0bf88308680fe2_w00.png,1a0bf88308680fe2,0,Lab,Floating
train/pd/1a0bf88308680fe2_w01.png,1a0bf88308680fe2,1,Lab,Floating
train/pd/1a0bf88308680fe2_w03.png,1a0bf88308680fe2,3,Lab,Floating
train/pd/1a0bf88308680fe2_w05.png,1a0bf88308680fe2,5,Lab,Floating
train/pd/1a0bf88308680fe2_w08.png,1a0bf88308680fe2,8,Lab,Floating
train/pd/1a0bf88308680fe2_w12.png,1a0bf88308680fe2,12,Lab,Floating
train/pd/1a0bf88308680fe2_w25.png,1a0bf88308680fe2,25,Lab,Floating
train/pd/1a0bf88308680fe2_w27.png,1a0bf88308680fe2,27,Lab,Floating
train/pd/1a223719cbff308c_w05.png,1a223719cbff308c,5,Lab,Void
train/pd/1a223719cbff308c_w11.png,1a223719cbff308c,11,Lab,Void
train/pd/1a223719cbff308c_w13.png,1a223719cbff308c,13,Lab,Void
train/pd/1a223719cbff308c_w14.png,1a223719cbff308c,14,Lab,Void
train/pd/1a223719cbff308c_w19.png,1a223719cbff308c,19,Lab,Void
train/pd/1a223719cbff308c_w21.png,1a223719cbff308c,21,Lab,Void
train/pd/1a223719cbff308c_w22.png,1a223719cbff308c,22,Lab,Void
train/pd/1a223719cbff308c_w24.png,1a223719cbff308c,24,Lab,Void
train/pd/1a3727915e83c55c_w01.png,1a3727915e83c55c,1,Field,Void
train/pd/1a3727915e83c55c_w02.png,1a3727915e83c55c,2,Field,Void
train/pd/1a3727915e83c55c_w05.png,1a3727915e83c55c,5,Field,Void
train/pd/1a3727915e83c55c_w10.png,1a3727915e83c55c,10,Field,Void
train/pd/1a3727915e83c55c_w11.png,1a3727915e83c55c,11,Field,Void
train/pd/1a3727915e83c55c_w16.png,1a3727915e83c55c,16,Field,Void
train/pd/1a3727915e83c55c_w24.png,1a3727915e83c55c,24,Field,Void
train/pd/1a3727915e83c55c_w26.png,1a3727915e83c55c,26,Field,Void
train/pd/1a6b29430dafaebd_w03.png,1a6b29430dafaebd,3,Lab,Void
train/pd/1a6b29430dafaebd_w04.png,1a6b29430dafaebd,4,Lab,Void
train/pd/1a6b29430dafaebd_w07.png,1a6b29430dafaebd,7,Lab,Void
train/pd/1a6b29430dafaebd_w13.png,1a6b29430dafaebd,13,Lab,Void
train/pd/1a6b29430dafaebd_w16.png,1a6b29430dafaebd,16,Lab,Void
train/pd/1a6b29430dafaebd_w18.png,1a6b29430dafaebd,18,Lab,Void
train/pd/1a6b29430dafaebd_w25.png,1a6b29430dafaebd,25,Lab,Void
train/pd/1a6b29430dafaebd_w27.png,1a6b29430dafaebd,27,Lab,Void
train/pd/1ade9869c1b12175_w02.png,1ade9869c1b12175,2,Lab,Floating
train/pd/1ade9869c1b12175_w04.png,1ade9869c1b12175,4,Lab,Floating
train/pd/1ade9869c1b12175_w13.png,1ade9869c1b12175,13,Lab,Floating
train/pd/1ade9869c1b12175_w15.png,1ade9869c1b12175,15,Lab,Floating
train/pd/1ade9869c1b12175_w17.png,1ade9869c1b12175,17,Lab,Floating
train/pd/1ade9869c1b12175_w20.png,1ade9869c1b12175,20,Lab,Floating
train/pd/1ade9869c1b12175_w24.png,1ade9869c1b12175,24,Lab,Floating
train/pd/1ade9869c1b12175_w26.png,1ade9869c1b12175,26,Lab,Floating
train/pd/1ae9cd7993b8a738_w02.png,1ae9cd7993b8a738,2,Lab,Void
train/pd/1ae9cd7993b8a738_w11.png,1ae9cd7993b8a738,11,Lab,Void
train/pd/1ae9cd7993b8a738_w12.png,1ae9cd7993b8a738,12,Lab,Void
train/pd/1ae9cd7993b8a738_w20.png,1ae9cd7993b8a738,20,Lab,Void
train/pd/1ae9cd7993b8a738_w23.png,1ae9cd7993b8a738,23,Lab,Void
train/pd/1ae9cd7993b8a738_w24.png,1ae9cd7993b8a738,24,Lab,Void
train/pd/1ae9cd7993b8a738_w26.png,1ae9cd7993b8a738,26,Lab,Void
train/pd/1ae9cd7993b8a738_w27.png,1ae9cd7993b8a738,27,Lab,Void
train/pd/1b09ebd27c99b548_w00.png,1b09ebd27c99b548,0,Lab,Void
train/pd/1b09ebd27c99b548_w01.png,1b09ebd27c99b548,1,Lab,Void
train/pd/1b09ebd27c99b548_w12.png,1b09ebd27c99b548,12,Lab,Void
train/pd/1b09ebd27c99b548_w13.png,1b09ebd27c99b548,13,Lab,Void
train/pd/1b09ebd27c99b548_w23.png,1b09ebd27c99b548,23,Lab,Void
train/pd/1b09ebd27c99b548_w25.png,1b09ebd27c99b548,25,Lab,Void
train/pd/1b09ebd27c99b548_w26.png,1b09ebd27c99b548,26,Lab,Void
train/pd/1b09ebd27c99b548_w27.png,1b09ebd27c99b548,27,Lab,Void
train/pd/1b32dfbd59915ca9_w05.png,1b32dfbd59915ca9,5,Lab,Void
train/pd/1b32dfbd59915ca9_w10.png,1b32dfbd59915ca9,10,Lab,Void
train/pd/1b32dfbd59915ca9_w11.png,1b32dfbd59915ca9,11,Lab,Void
train/pd/1b32dfbd59915ca9_w13.png,1b32dfbd59915ca9,13,Lab,Void
train/pd/1b32dfbd59915ca9_w16.png,1b32dfbd59915ca9,16,Lab,Void
train/pd/1b32dfbd59915ca9_w17.png,1b32dfbd59915ca9,17,Lab,Void
train/pd/1b32dfbd59915ca9_w21.png,1b32dfbd59915ca9,21,Lab,Void
train/pd/1b32dfbd59915ca9_w26.png,1b32dfbd59915ca9,26,Lab,Void
train/pd/1b56de791ca65521_w09.png,1b56de791ca65521,9,Lab,Corona
train/pd/1b56de791ca65521_w11.png,1b56de791ca65521,11,Lab,Corona
train/pd/1b56de791ca65521_w14.png,1b56de791ca65521,14,Lab,Corona
train/pd/1b56de791ca65521_w16.png,1b56de791ca65521,16,Lab,Corona
train/pd/1b56de791ca65521_w17.png,1b56de791ca65521,17,Lab,Corona
train/pd/1b56de791ca65521_w21.png,1b56de791ca65521,21,Lab,Corona
train/pd/1b56de791ca65521_w23.png,1b56de791ca65521,23,Lab,Corona
train/pd/1b56de791ca65521_w26.png,1b56de791ca65521,26,Lab,Corona
train/pd/1b677bd6ee23c382_w03.png,1b677bd6ee23c382,3,Field,Void
train/pd/1b677bd6ee23c382_w04.png,1b677bd6ee23c382,4,Field,Void
train/pd/1b677bd6ee23c382_w09.png,1b677bd6ee23c382,9,Field,Void
train/pd/1b677bd6ee23c382_w10.png,1b677bd6ee23c382,10,Field,Void
train/pd/1b677bd6ee23c382_w11.png,1b677bd6ee23c382,11,Field,Void
train/pd/1b677bd6ee23c382_w14.png,1b677bd6ee23c382,14,Field,Void
train/pd/1b677bd6ee23c382_w18.png,1b677bd6ee23c382,18,Field,Void
train/pd/1b677bd6ee23c382_w25.png,1b677bd6ee23c382,25,Field,Void
train/pd/1b7f1fcfe84af99b_w02.png,1b7f1fcfe84af99b,2,Lab,Particle
train/pd/1b7f1fcfe84af99b_w04.png,1b7f1fcfe84af99b,4,Lab,Particle
train/pd/1b7f1fcfe84af99b_w05.png,1b7f1fcfe84af99b,5,Lab,Particle
train/pd/1b7f1fcfe84af99b_w12.png,1b7f1fcfe84af99b,12,Lab,Particle
train/pd/1b7f1fcfe84af99b_w15.png,1b7f1fcfe84af99b,15,Lab,Particle
train/pd/1b7f1fcfe84af99b_w21.png,1b7f1fcfe84af99b,21,Lab,Particle
train/pd/1b7f1fcfe84af99b_w24.png,1b7f1fcfe84af99b,24,Lab,Particle
train/pd/1b7f1fcfe84af99b_w25.png,1b7f1fcfe84af99b,25,Lab,Particle
train/pd/1bd941f6b209140a_w04.png,1bd941f6b209140a,4,Lab,Void
train/pd/1bd941f6b209140a_w16.png,1bd941f6b209140a,16,Lab,Void
train/pd/1bd941f6b209140a_w17.png,1bd941f6b209140a,17,Lab,Void
train/pd/1bd941f6b209140a_w18.png,1bd941f6b209140a,18,Lab,Void
train/pd/1bd941f6b209140a_w21.png,1bd941f6b209140a,21,Lab,Void
train/pd/1bd941f6b209140a_w24.png,1bd941f6b209140a,24,Lab,Void
train/pd/1bd941f6b209140a_w26.png,1bd941f6b209140a,26,Lab,Void
train/pd/1bd941f6b209140a_w27.png,1bd941f6b209140a,27,Lab,Void
train/pd/1bea5923e4645cdb_w03.png,1bea5923e4645cdb,3,Lab,Void
train/pd/1bea5923e4645cdb_w05.png,1bea5923e4645cdb,5,Lab,Void
train/pd/1bea5923e4645cdb_w06.png,1bea5923e4645cdb,6,Lab,Void
train/pd/1bea5923e4645cdb_w08.png,1bea5923e4645cdb,8,Lab,Void
train/pd/1bea5923e4645cdb_w14.png,1bea5923e4645cdb,14,Lab,Void
train/pd/1bea5923e4645cdb_w17.png,1bea5923e4645cdb,17,Lab,Void
train/pd/1bea5923e4645cdb_w19.png,1bea5923e4645cdb,19,Lab,Void
train/pd/1bea5923e4645cdb_w22.png,1bea5923e4645cdb,22,Lab,Void
train/pd/1bea6f82bd139b8d_w02.png,1bea6f82bd139b8d,2,Lab,Void
train/pd/1bea6f82bd139b8d_w04.png,1bea6f82bd139b8d,4,Lab,Void
train/pd/1bea6f82bd139b8d_w07.png,1bea6f82bd139b8d,7,Lab,Void
train/pd/1bea6f82bd139b8d_w11.png,1bea6f82bd139b8d,11,Lab,Void
train/pd/1bea6f82bd139b8d_w15.png,1bea6f82bd139b8d,15,Lab,Void
train/pd/1bea6f82bd139b8d_w18.png,1bea6f82bd139b8d,18,Lab,Void
train/pd/1bea6f82bd139b8d_w22.png,1bea6f82bd139b8d,22,Lab,Void
train/pd/1bea6f82bd139b8d_w25.png,1bea6f82bd139b8d,25,Lab,Void
train/pd/1bf3f336e17f05e8_w04.png,1bf3f336e17f05e8,4,Lab,Void
train/pd/1bf3f336e17f05e8_w05.png,1bf3f336e17f05e8,5,Lab,Void
train/pd/1bf3f336e17f05e8_w07.png,1bf3f336e17f05e8,7,Lab,Void
train/pd/1bf3f336e17f05e8_w08.png,1bf3f336e17f05e8,8,Lab,Void
train/pd/1bf3f336e17f05e8_w16.png,1bf3f336e17f05e8,16,Lab,Void
train/pd/1bf3f336e17f05e8_w19.png,1bf3f336e17f05e8,19,Lab,Void
train/pd/1bf3f336e17f05e8_w22.png,1bf3f336e17f05e8,22,Lab,Void
train/pd/1bf3f336e17f05e8_w27.png,1bf3f336e17f05e8,27,Lab,Void
train/pd/1bfc8547be5a544c_w01.png,1bfc8547be5a544c,1,Field,Void
train/pd/1bfc8547be5a544c_w05.png,1bfc8547be5a544c,5,Field,Void
train/pd/1bfc8547be5a544c_w06.png,1bfc8547be5a544c,6,Field,Void
train/pd/1bfc8547be5a544c_w08.png,1bfc8547be5a544c,8,Field,Void
train/pd/1bfc8547be5a544c_w14.png,1bfc8547be5a544c,14,Field,Void
train/pd/1bfc8547be5a544c_w18.png,1bfc8547be5a544c,18,Field,Void
train/pd/1bfc8547be5a544c_w20.png,1bfc8547be5a544c,20,Field,Void
train/pd/1bfc8547be5a544c_w21.png,1bfc8547be5a544c,21,Field,Void
train/pd/1c378e32193abd43_w10.png,1c378e32193abd43,10,Field,Void
train/pd/1c378e32193abd43_w11.png,1c378e32193abd43,11,Field,Void
train/pd/1c378e32193abd43_w13.png,1c378e32193abd43,13,Field,Void
train/pd/1c378e32193abd43_w14.png,1c378e32193abd43,14,Field,Void
train/pd/1c378e32193abd43_w21.png,1c378e32193abd43,21,Field,Void
train/pd/1c378e32193abd43_w22.png,1c378e32193abd43,22,Field,Void
train/pd/1c378e32193abd43_w23.png,1c378e32193abd43,23,Field,Void
train/pd/1c378e32193abd43_w25.png,1c378e32193abd43,25,Field,Void
train/pd/1caa8df3ee3b8d3c_w00.png,1caa8df3ee3b8d3c,0,Lab,Particle
train/pd/1caa8df3ee3b8d3c_w10.png,1caa8df3ee3b8d3c,10,Lab,Particle
train/pd/1caa8df3ee3b8d3c_w11.png,1caa8df3ee3b8d3c,11,Lab,Particle
train/pd/1caa8df3ee3b8d3c_w12.png,1caa8df3ee3b8d3c,12,Lab,Particle
train/pd/1caa8df3ee3b8d3c_w24.png,1caa8df3ee3b8d3c,24,Lab,Particle
train/pd/1caa8df3ee3b8d3c_w25.png,1caa8df3ee3b8d3c,25,Lab,Particle
train/pd/1caa8df3ee3b8d3c_w26.png,1caa8df3ee3b8d3c,26,Lab,Particle
train/pd/1caa8df3ee3b8d3c_w27.png,1caa8df3ee3b8d3c,27,Lab,Particle
train/pd/1cb8766953954f75_w01.png,1cb8766953954f75,1,Lab,Corona
train/pd/1cb8766953954f75_w04.png,1cb8766953954f75,4,Lab,Corona
train/pd/1cb8766953954f75_w14.png,1cb8766953954f75,14,Lab,Corona
train/pd/1cb8766953954f75_w19.png,1cb8766953954f75,19,Lab,Corona
train/pd/1cb8766953954f75_w20.png,1cb8766953954f75,20,Lab,Corona
train/pd/1cb8766953954f75_w22.png,1cb8766953954f75,22,Lab,Corona
train/pd/1cb8766953954f75_w25.png,1cb8766953954f75,25,Lab,Corona
train/pd/1cb8766953954f75_w27.png,1cb8766953954f75,27,Lab,Corona
train/pd/1cf8d5daa9e956f1_w06.png,1cf8d5daa9e956f1,6,Field,Floating
train/pd/1cf8d5daa9e956f1_w08.png,1cf8d5daa9e956f1,8,Field,Floating
train/pd/1cf8d5daa9e956f1_w12.png,1cf8d5daa9e956f1,12,Field,Floating
train/pd/1cf8d5daa9e956f1_w15.png,1cf8d5daa9e956f1,15,Field,Floating
train/pd/1cf8d5daa9e956f1_w16.png,1cf8d5daa9e956f1,16,Field,Floating
train/pd/1cf8d5daa9e956f1_w19.png,1cf8d5daa9e956f1,19,Field,Floating
train/pd/1cf8d5daa9e956f1_w25.png,1cf8d5daa9e956f1,25,Field,Floating
train/pd/1cf8d5daa9e956f1_w26.png,1cf8d5daa9e956f1,26,Field,Floating
train/pd/1d32a03c3b8801e5_w01.png,1d32a03c3b8801e5,1,Lab,Particle
train/pd/1d32a03c3b8801e5_w04.png,1d32a03c3b8801e5,4,Lab,Particle
train/pd/1d32a03c3b8801e5_w11.png,1d32a03c3b8801e5,11,Lab,Particle
train/pd/1d32a03c3b8801e5_w15.png,1d32a03c3b8801e5,15,Lab,Particle
train/pd/1d32a03c3b8801e5_w17.png,1d32a03c3b8801e5,17,Lab,Particle
train/pd/1d32a03c3b8801e5_w20.png,1d32a03c3b8801e5,20,Lab,Particle
train/pd/1d32a03c3b8801e5_w21.png,1d32a03c3b8801e5,21,Lab,Particle
train/pd/1d32a03c3b8801e5_w24.png,1d32a03c3b8801e5,24,Lab,Particle
train/pd/1d3383d234d85ed5_w03.png,1d3383d234d85ed5,3,Field,Void
train/pd/1d3383d234d85ed5_w04.png,1d3383d234d85ed5,4,Field,Void
train/pd/1d3383d234d85ed5_w06.png,1d3383d234d85ed5,6,Field,Void
train/pd/1d3383d234d85ed5_w18.png,1d3383d234d85ed5,18,Field,Void
train/pd/1d3383d234d85ed5_w21.png,1d3383d234d85ed5,21,Field,Void
train/pd/1d3383d234d85ed5_w23.png,1d3383d234d85ed5,23,Field,Void
train/pd/1d3383d234d85ed5_w24.png,1d3383d234d85ed5,24,Field,Void
train/pd/1d3383d234d85ed5_w25.png,1d3383d234d85ed5,25,Field,Void
train/pd/1d847d244a423b7e_w00.png,1d847d244a423b7e,0,Lab,Void
train/pd/1d847d244a423b7e_w06.png,1d847d244a423b7e,6,Lab,Void
train/pd/1d847d244a423b7e_w07.png,1d847d244a423b7e,7,Lab,Void
train/pd/1d847d244a423b7e_w12.png,1d847d244a423b7e,12,Lab,Void
train/pd/1d847d244a423b7e_w14.png,1d847d244a423b7e,14,Lab,Void
train/pd/1d847d244a423b7e_w20.png,1d847d244a423b7e,20,Lab,Void
train/pd/1d847d244a423b7e_w23.png,1d847d244a423b7e,23,Lab,Void
train/pd/1d847d244a423b7e_w25.png,1d847d244a423b7e,25,Lab,Void
train/pd/1da03da3854c62a6_w05.png,1da03da3854c62a6,5,Field,Corona
train/pd/1da03da3854c62a6_w08.png,1da03da3854c62a6,8,Field,Corona
train/pd/1da03da3854c62a6_w12.png,1da03da3854c62a6,12,Field,Corona
train/pd/1da03da3854c62a6_w16.png,1da03da3854c62a6,16,Field,Corona
train/pd/1da03da3854c62a6_w17.png,1da03da3854c62a6,17,Field,Corona
train/pd/1da03da3854c62a6_w18.png,1da03da3854c62a6,18,Field,Corona
train/pd/1da03da3854c62a6_w20.png,1da03da3854c62a6,20,Field,Corona
train/pd/1da03da3854c62a6_w21.png,1da03da3854c62a6,21,Field,Corona
train/pd/1db39f2979b7310d_w02.png,1db39f2979b7310d,2,Lab,Floating
train/pd/1db39f2979b7310d_w04.png,1db39f2979b7310d,4,Lab,Floating
train/pd/1db39f2979b7310d_w12.png,1db39f2979b7310d,12,Lab,Floating
train/pd/1db39f2979b7310d_w18.png,1db39f2979b7310d,18,Lab,Floating
train/pd/1db39f2979b7310d_w20.png,1db39f2979b7310d,20,Lab,Floating
train/pd/1db39f2979b7310d_w21.png,1db39f2979b7310d,21,Lab,Floating
train/pd/1db39f2979b7310d_w25.png,1db39f2979b7310d,25,Lab,Floating
train/pd/1db39f2979b7310d_w26.png,1db39f2979b7310d,26,Lab,Floating
train/pd/1e3f140bcf27168f_w03.png,1e3f140bcf27168f,3,Lab,Void
train/pd/1e3f140bcf27168f_w04.png,1e3f140bcf27168f,4,Lab,Void
train/pd/1e3f140bcf27168f_w10.png,1e3f140bcf27168f,10,Lab,Void
train/pd/1e3f140bcf27168f_w11.png,1e3f140bcf27168f,11,Lab,Void
train/pd/1e3f140bcf27168f_w12.png,1e3f140bcf27168f,12,Lab,Void
train/pd/1e3f140bcf27168f_w13.png,1e3f140bcf27168f,13,Lab,Void
train/pd/1e3f140bcf27168f_w20.png,1e3f140bcf27168f,20,Lab,Void
train/pd/1e3f140bcf27168f_w21.png,1e3f140bcf27168f,21,Lab,Void
train/pd/1e41f6197aedb9da_w01.png,1e41f6197aedb9da,1,Lab,Floating
train/pd/1e41f6197aedb9da_w03.png,1e41f6197aedb9da,3,Lab,Floating
train/pd/1e41f6197aedb9da_w06.png,1e41f6197aedb9da,6,Lab,Floating
train/pd/1e41f6197aedb9da_w09.png,1e41f6197aedb9da,9,Lab,Floating
train/pd/1e41f6197aedb9da_w15.png,1e41f6197aedb9da,15,Lab,Floating
train/pd/1e41f6197aedb9da_w23.png,1e41f6197aedb9da,23,Lab,Floating
train/pd/1e41f6197aedb9da_w24.png,1e41f6197aedb9da,24,Lab,Floating
train/pd/1e41f6197aedb9da_w27.png,1e41f6197aedb9da,27,Lab,Floating
train/pd/1e420344bbcc755f_w02.png,1e420344bbcc755f,2,Lab,Void
train/pd/1e420344bbcc755f_w04.png,1e420344bbcc755f,4,Lab,Void
train/pd/1e420344bbcc755f_w06.png,1e420344bbcc755f,6,Lab,Void
train/pd/1e420344bbcc755f_w09.png,1e420344bbcc755f,9,Lab,Void
train/pd/1e420344bbcc755f_w10.png,1e420344bbcc755f,10,Lab,Void
train/pd/1e420344bbcc755f_w12.png,1e420344bbcc755f,12,Lab,Void
train/pd/1e420344bbcc755f_w23.png,1e420344bbcc755f,23,Lab,Void
train/pd/1e420344bbcc755f_w24.png,1e420344bbcc755f,24,Lab,Void
train/pd/1e76a9b7805f6fe1_w02.png,1e76a9b7805f6fe1,2,Lab,Void
train/pd/1e76a9b7805f6fe1_w03.png,1e76a9b7805f6fe1,3,Lab,Void
train/pd/1e76a9b7805f6fe1_w05.png,1e76a9b7805f6fe1,5,Lab,Void
train/pd/1e76a9b7805f6fe1_w06.png,1e76a9b7805f6fe1,6,Lab,Void
train/pd/1e76a9b7805f6fe1_w07.png,1e76a9b7805f6fe1,7,Lab,Void
train/pd/1e76a9b7805f6fe1_w13.png,1e76a9b7805f6fe1,13,Lab,Void
train/pd/1e76a9b7805f6fe1_w22.png,1e76a9b7805f6fe1,22,Lab,Void
train/pd/1e76a9b7805f6fe1_w25.png,1e76a9b7805f6fe1,25,Lab,Void
train/pd/1e7bcdc6b089bf0e_w00.png,1e7bcdc6b089bf0e,0,Field,Void
train/pd/1e7bcdc6b089bf0e_w02.png,1e7bcdc6b089bf0e,2,Field,Void
train/pd/1e7bcdc6b089bf0e_w04.png,1e7bcdc6b089bf0e,4,Field,Void
train/pd/1e7bcdc6b089bf0e_w06.png,1e7bcdc6b089bf0e,6,Field,Void
train/pd/1e7bcdc6b089bf0e_w09.png,1e7bcdc6b089bf0e,9,Field,Void
train/pd/1e7bcdc6b089bf0e_w13.png,1e7bcdc6b089bf0e,13,Field,Void
train/pd/1e7bcdc6b089bf0e_w17.png,1e7bcdc6b089bf0e,17,Field,Void
train/pd/1e7bcdc6b089bf0e_w22.png,1e7bcdc6b089bf0e,22,Field,Void
train/pd/1ebde1426205c3fe_w01.png,1ebde1426205c3fe,1,Lab,Floating
train/pd/1ebde1426205c3fe_w05.png,1ebde1426205c3fe,5,Lab,Floating
train/pd/1ebde1426205c3fe_w12.png,1ebde1426205c3fe,12,Lab,Floating
train/pd/1ebde1426205c3fe_w14.png,1ebde1426205c3fe,14,Lab,Floating
train/pd/1ebde1426205c3fe_w18.png,1ebde1426205c3fe,18,Lab,Floating
train/pd/1ebde1426205c3fe_w20.png,1ebde1426205c3fe,20,Lab,Floating
train/pd/1ebde1426205c3fe_w25.png,1ebde1426205c3fe,25,Lab,Floating
train/pd/1ebde1426205c3fe_w27.png,1ebde1426205c3fe,27,Lab,Floating
train/pd/1ef27ef24fa7dad0_w02.png,1ef27ef24fa7dad0,2,Lab,Void
train/pd/1ef27ef24fa7dad0_w04.png,1ef27ef24fa7dad0,4,Lab,Void
train/pd/1ef27ef24fa7dad0_w13.png,1ef27ef24fa7dad0,13,Lab,Void
train/pd/1ef27ef24fa7dad0_w15.png,1ef27ef24fa7dad0,15,Lab,Void
train/pd/1ef27ef24fa7dad0_w19.png,1ef27ef24fa7dad0,19,Lab,Void
train/pd/1ef27ef24fa7dad0_w23.png,1ef27ef24fa7dad0,23,Lab,Void
train/pd/1ef27ef24fa7dad0_w25.png,1ef27ef24fa7dad0,25,Lab,Void
train/pd/1ef27ef24fa7dad0_w27.png,1ef27ef24fa7dad0,27,Lab,Void
train/pd/1f1e1e1e47dd32bb_w01.png,1f1e1e1e47dd32bb,1,Lab,Void
train/pd/1f1e1e1e47dd32bb_w04.png,1f1e1e1e47dd32bb,4,Lab,Void
train/pd/1f1e1e1e47dd32bb_w08.png,1f1e1e1e47dd32bb,8,Lab,Void
train/pd/1f1e1e1e47dd32bb_w16.png,1f1e1e1e47dd32bb,16,Lab,Void
train/pd/1f1e1e1e47dd32bb_w19.png,1f1e1e1e47dd32bb,19,Lab,Void
train/pd/1f1e1e1e47dd32bb_w20.png,1f1e1e1e47dd32bb,20,Lab,Void
train/pd/1f1e1e1e47dd32bb_w25.png,1f1e1e1e47dd32bb,25,Lab,Void
train/pd/1f1e1e1e47dd32bb_w26.png,1f1e1e1e47dd32bb,26,Lab,Void
train/pd/1f6b6655acf96cf4_w09.png,1f6b6655acf96cf4,9,Lab,Void
train/pd/1f6b6655acf96cf4_w10.png,1f6b6655acf96cf4,10,Lab,Void
train/pd/1f6b6655acf96cf4_w11.png,1f6b6655acf96cf4,11,Lab,Void
train/pd/1f6b6655acf96cf4_w13.png,1f6b6655acf96cf4,13,Lab,Void
train/pd/1f6b6655acf96cf4_w20.png,1f6b6655acf96cf4,20,Lab,Void
train/pd/1f6b6655acf96cf4_w21.png,1f6b6655acf96cf4,21,Lab,Void
train/pd/1f6b6655acf96cf4_w26.png,1f6b6655acf96cf4,26,Lab,Void
train/pd/1f6b6655acf96cf4_w27.png,1f6b6655acf96cf4,27,Lab,Void
train/pd/1f936d693befa53f_w04.png,1f936d693befa53f,4,Lab,Floating
train/pd/1f936d693befa53f_w05.png,1f936d693befa53f,5,Lab,Floating
train/pd/1f936d693befa53f_w08.png,1f936d693befa53f,8,Lab,Floating
train/pd/1f936d693befa53f_w11.png,1f936d693befa53f,11,Lab,Floating
train/pd/1f936d693befa53f_w12.png,1f936d693befa53f,12,Lab,Floating
train/pd/1f936d693befa53f_w18.png,1f936d693befa53f,18,Lab,Floating
train/pd/1f936d693befa53f_w20.png,1f936d693befa53f,20,Lab,Floating
train/pd/1f936d693befa53f_w26.png,1f936d693befa53f,26,Lab,Floating
train/pd/1faba984c321104e_w01.png,1faba984c321104e,1,Field,Floating
train/pd/1faba984c321104e_w06.png,1faba984c321104e,6,Field,Floating
train/pd/1faba984c321104e_w07.png,1faba984c321104e,7,Field,Floating
train/pd/1faba984c321104e_w11.png,1faba984c321104e,11,Field,Floating
train/pd/1faba984c321104e_w14.png,1faba984c321104e,14,Field,Floating
train/pd/1faba984c321104e_w15.png,1faba984c321104e,15,Field,Floating
train/pd/1faba984c321104e_w21.png,1faba984c321104e,21,Field,Floating
train/pd/1faba984c321104e_w26.png,1faba984c321104e,26,Field,Floating
train/pd/1fbae17918161be9_w09.png,1fbae17918161be9,9,Lab,Void
train/pd/1fbae17918161be9_w10.png,1fbae17918161be9,10,Lab,Void
train/pd/1fbae17918161be9_w12.png,1fbae17918161be9,12,Lab,Void
train/pd/1fbae17918161be9_w13.png,1fbae17918161be9,13,Lab,Void
train/pd/1fbae17918161be9_w15.png,1fbae17918161be9,15,Lab,Void
train/pd/1fbae17918161be9_w17.png,1fbae17918161be9,17,Lab,Void
train/pd/1fbae17918161be9_w24.png,1fbae17918161be9,24,Lab,Void
train/pd/1fbae17918161be9_w25.png,1fbae17918161be9,25,Lab,Void
train/pd/1fbdec13116b776b_w00.png,1fbdec13116b776b,0,Lab,Void
train/pd/1fbdec13116b776b_w06.png,1fbdec13116b776b,6,Lab,Void
train/pd/1fbdec13116b776b_w12.png,1fbdec13116b776b,12,Lab,Void
train/pd/1fbdec13116b776b_w15.png,1fbdec13116b776b,15,Lab,Void
train/pd/1fbdec13116b776b_w20.png,1fbdec13116b776b,20,Lab,Void
train/pd/1fbdec13116b776b_w22.png,1fbdec13116b776b,22,Lab,Void
train/pd/1fbdec13116b776b_w24.png,1fbdec13116b776b,24,Lab,Void
train/pd/1fbdec13116b776b_w27.png,1fbdec13116b776b,27,Lab,Void
train/pd/1ff74f6c43b34c30_w00.png,1ff74f6c43b34c30,0,Lab,Corona
train/pd/1ff74f6c43b34c30_w01.png,1ff74f6c43b34c30,1,Lab,Corona
train/pd/1ff74f6c43b34c30_w08.png,1ff74f6c43b34c30,8,Lab,Corona
train/pd/1ff74f6c43b34c30_w09.png,1ff74f6c43b34c30,9,Lab,Corona
train/pd/1ff74f6c43b34c30_w10.png,1ff74f6c43b34c30,10,Lab,Corona
train/pd/1ff74f6c43b34c30_w20.png,1ff74f6c43b34c30,20,Lab,Corona
train/pd/1ff74f6c43b34c30_w22.png,1ff74f6c43b34c30,22,Lab,Corona
train/pd/1ff74f6c43b34c30_w26.png,1ff74f6c43b34c30,26,Lab,Corona
train/pd/202c0949fddea68b_w05.png,202c0949fddea68b,5,Field,Floating
train/pd/202c0949fddea68b_w11.png,202c0949fddea68b,11,Field,Floating
train/pd/202c0949fddea68b_w12.png,202c0949fddea68b,12,Field,Floating
train/pd/202c0949fddea68b_w15.png,202c0949fddea68b,15,Field,Floating
train/pd/202c0949fddea68b_w20.png,202c0949fddea68b,20,Field,Floating
train/pd/202c0949fddea68b_w21.png,202c0949fddea68b,21,Field,Floating
train/pd/202c0949fddea68b_w25.png,202c0949fddea68b,25,Field,Floating
train/pd/202c0949fddea68b_w27.png,202c0949fddea68b,27,Field,Floating
train/pd/2030f9e6eaa32df1_w00.png,2030f9e6eaa32df1,0,Lab,Particle
train/pd/2030f9e6eaa32df1_w05.png,2030f9e6eaa32df1,5,Lab,Particle
train/pd/2030f9e6eaa32df1_w09.png,2030f9e6eaa32df1,9,Lab,Particle
train/pd/2030f9e6eaa32df1_w10.png,2030f9e6eaa32df1,10,Lab,Particle
train/pd/2030f9e6eaa32df1_w16.png,2030f9e6eaa32df1,16,Lab,Particle
train/pd/2030f9e6eaa32df1_w18.png,2030f9e6eaa32df1,18,Lab,Particle
train/pd/2030f9e6eaa32df1_w23.png,2030f9e6eaa32df1,23,Lab,Particle
train/pd/2030f9e6eaa32df1_w26.png,2030f9e6eaa32df1,26,Lab,Particle
train/pd/206464f041e361c5_w01.png,206464f041e361c5,1,Lab,Void
train/pd/206464f041e361c5_w02.png,206464f041e361c5,2,Lab,Void
train/pd/206464f041e361c5_w08.png,206464f041e361c5,8,Lab,Void
train/pd/206464f041e361c5_w10.png,206464f041e361c5,10,Lab,Void
train/pd/206464f041e361c5_w11.png,206464f041e361c5,11,Lab,Void
train/pd/206464f041e361c5_w17.png,206464f041e361c5,17,Lab,Void
train/pd/206464f041e361c5_w23.png,206464f041e361c5,23,Lab,Void
train/pd/206464f041e361c5_w24.png,206464f041e361c5,24,Lab,Void
train/pd/208ba238e479fb10_w02.png,208ba238e479fb10,2,Field,Void
train/pd/208ba238e479fb10_w03.png,208ba238e479fb10,3,Field,Void
train/pd/208ba238e479fb10_w04.png,208ba238e479fb10,4,Field,Void
train/pd/208ba238e479fb10_w06.png,208ba238e479fb10,6,Field,Void
train/pd/208ba238e479fb10_w12.png,208ba238e479fb10,12,Field,Void
train/pd/208ba238e479fb10_w20.png,208ba238e479fb10,20,Field,Void
train/pd/208ba238e479fb10_w25.png,208ba238e479fb10,25,Field,Void
train/pd/208ba238e479fb10_w27.png,208ba238e479fb10,27,Field,Void
train/pd/208f34c9b1a06a7b_w01.png,208f34c9b1a06a7b,1,Lab,Corona
train/pd/208f34c9b1a06a7b_w02.png,208f34c9b1a06a7b,2,Lab,Corona
train/pd/208f34c9b1a06a7b_w03.png,208f34c9b1a06a7b,3,Lab,Corona
train/pd/208f34c9b1a06a7b_w04.png,208f34c9b1a06a7b,4,Lab,Corona
train/pd/208f34c9b1a06a7b_w09.png,208f34c9b1a06a7b,9,Lab,Corona
train/pd/208f34c9b1a06a7b_w22.png,208f34c9b1a06a7b,22,Lab,Corona
train/pd/208f34c9b1a06a7b_w23.png,208f34c9b1a06a7b,23,Lab,Corona
train/pd/208f34c9b1a06a7b_w27.png,208f34c9b1a06a7b,27,Lab,Corona
train/pd/20dcc76c0bc03721_w00.png,20dcc76c0bc03721,0,Lab,Particle
train/pd/20dcc76c0bc03721_w01.png,20dcc76c0bc03721,1,Lab,Particle
train/pd/20dcc76c0bc03721_w11.png,20dcc76c0bc03721,11,Lab,Particle
train/pd/20dcc76c0bc03721_w12.png,20dcc76c0bc03721,12,Lab,Particle
train/pd/20dcc76c0bc03721_w15.png,20dcc76c0bc03721,15,Lab,Particle
train/pd/20dcc76c0bc03721_w16.png,20dcc76c0bc03721,16,Lab,Particle
train/pd/20dcc76c0bc03721_w18.png,20dcc76c0bc03721,18,Lab,Particle
train/pd/20dcc76c0bc03721_w24.png,20dcc76c0bc03721,24,Lab,Particle
train/pd/211c6867b836a3db_w01.png,211c6867b836a3db,1,Lab,Particle
train/pd/211c6867b836a3db_w04.png,211c6867b836a3db,4,Lab,Particle
train/pd/211c6867b836a3db_w07.png,211c6867b836a3db,7,Lab,Particle
train/pd/211c6867b836a3db_w09.png,211c6867b836a3db,9,Lab,Particle
train/pd/211c6867b836a3db_w11.png,211c6867b836a3db,11,Lab,Particle
train/pd/211c6867b836a3db_w15.png,211c6867b836a3db,15,Lab,Particle
train/pd/211c6867b836a3db_w26.png,211c6867b836a3db,26,Lab,Particle
train/pd/211c6867b836a3db_w27.png,211c6867b836a3db,27,Lab,Particle
train/pd/21566c3a973e1737_w07.png,21566c3a973e1737,7,Lab,Particle
train/pd/21566c3a973e1737_w15.png,21566c3a973e1737,15,Lab,Particle
train/pd/21566c3a973e1737_w16.png,21566c3a973e1737,16,Lab,Particle
train/pd/21566c3a973e1737_w17.png,21566c3a973e1737,17,Lab,Particle
train/pd/21566c3a973e1737_w18.png,21566c3a973e1737,18,Lab,Particle
train/pd/21566c3a973e1737_w23.png,21566c3a973e1737,23,Lab,Particle
train/pd/21566c3a973e1737_w26.png,21566c3a973e1737,26,Lab,Particle
train/pd/21566c3a973e1737_w27.png,21566c3a973e1737,27,Lab,Particle
train/pd/216f3504d0609878_w02.png,216f3504d0609878,2,Lab,Floating
train/pd/216f3504d0609878_w04.png,216f3504d0609878,4,Lab,Floating
train/pd/216f3504d0609878_w07.png,216f3504d0609878,7,Lab,Floating
train/pd/216f3504d0609878_w09.png,216f3504d0609878,9,Lab,Floating
train/pd/216f3504d0609878_w15.png,216f3504d0609878,15,Lab,Floating
train/pd/216f3504d0609878_w22.png,216f3504d0609878,22,Lab,Floating
train/pd/216f3504d0609878_w23.png,216f3504d0609878,23,Lab,Floating
train/pd/216f3504d0609878_w27.png,216f3504d0609878,27,Lab,Floating
train/pd/2198989bf74f1e70_w03.png,2198989bf74f1e70,3,Lab,Particle
train/pd/2198989bf74f1e70_w08.png,2198989bf74f1e70,8,Lab,Particle
train/pd/2198989bf74f1e70_w09.png,2198989bf74f1e70,9,Lab,Particle
train/pd/2198989bf74f1e70_w13.png,2198989bf74f1e70,13,Lab,Particle
train/pd/2198989bf74f1e70_w14.png,2198989bf74f1e70,14,Lab,Particle
train/pd/2198989bf74f1e70_w19.png,2198989bf74f1e70,19,Lab,Particle
train/pd/2198989bf74f1e70_w23.png,2198989bf74f1e70,23,Lab,Particle
train/pd/2198989bf74f1e70_w25.png,2198989bf74f1e70,25,Lab,Particle
train/pd/21b2cd88d8583515_w01.png,21b2cd88d8583515,1,Lab,Floating
train/pd/21b2cd88d8583515_w02.png,21b2cd88d8583515,2,Lab,Floating
train/pd/21b2cd88d8583515_w06.png,21b2cd88d8583515,6,Lab,Floating
train/pd/21b2cd88d8583515_w09.png,21b2cd88d8583515,9,Lab,Floating
train/pd/21b2cd88d8583515_w10.png,21b2cd88d8583515,10,Lab,Floating
train/pd/21b2cd88d8583515_w22.png,21b2cd88d8583515,22,Lab,Floating
train/pd/21b2cd88d8583515_w25.png,21b2cd88d8583515,25,Lab,Floating
train/pd/21b2cd88d8583515_w27.png,21b2cd88d8583515,27,Lab,Floating
train/pd/21bf76e93743536e_w00.png,21bf76e93743536e,0,Field,Void
train/pd/21bf76e93743536e_w09.png,21bf76e93743536e,9,Field,Void
train/pd/21bf76e93743536e_w12.png,21bf76e93743536e,12,Field,Void
train/pd/21bf76e93743536e_w13.png,21bf76e93743536e,13,Field,Void
train/pd/21bf76e93743536e_w14.png,21bf76e93743536e,14,Field,Void
train/pd/21bf76e93743536e_w18.png,21bf76e93743536e,18,Field,Void
train/pd/21bf76e93743536e_w24.png,21bf76e93743536e,24,Field,Void
train/pd/21bf76e93743536e_w25.png,21bf76e93743536e,25,Field,Void
train/pd/2232408eacd406f2_w01.png,2232408eacd406f2,1,Lab,Void
train/pd/2232408eacd406f2_w03.png,2232408eacd406f2,3,Lab,Void
train/pd/2232408eacd406f2_w11.png,2232408eacd406f2,11,Lab,Void
train/pd/2232408eacd406f2_w13.png,2232408eacd406f2,13,Lab,Void
train/pd/2232408eacd406f2_w14.png,2232408eacd406f2,14,Lab,Void
train/pd/2232408eacd406f2_w18.png,2232408eacd406f2,18,Lab,Void
train/pd/2232408eacd406f2_w23.png,2232408eacd406f2,23,Lab,Void
train/pd/2232408eacd406f2_w27.png,2232408eacd406f2,27,Lab,Void
train/pd/22342b245a3c574b_w05.png,22342b245a3c574b,5,Field,Floating
train/pd/22342b245a3c574b_w10.png,22342b245a3c574b,10,Field,Floating
train/pd/22342b245a3c574b_w11.png,22342b245a3c574b,11,Field,Floating
train/pd/22342b245a3c574b_w12.png,22342b245a3c574b,12,Field,Floating
train/pd/22342b245a3c574b_w15.png,22342b245a3c574b,15,Field,Floating
train/pd/22342b245a3c574b_w22.png,22342b245a3c574b,22,Field,Floating
train/pd/22342b245a3c574b_w23.png,22342b245a3c574b,23,Field,Floating
train/pd/22342b245a3c574b_w25.png,22342b245a3c574b,25,Field,Floating
train/pd/225b98a8452e2334_w00.png,225b98a8452e2334,0,Lab,Corona
train/pd/225b98a8452e2334_w06.png,225b98a8452e2334,6,Lab,Corona
train/pd/225b98a8452e2334_w08.png,225b98a8452e2334,8,Lab,Corona
train/pd/225b98a8452e2334_w09.png,225b98a8452e2334,9,Lab,Corona
train/pd/225b98a8452e2334_w12.png,225b98a8452e2334,12,Lab,Corona
train/pd/225b98a8452e2334_w17.png,225b98a8452e2334,17,Lab,Corona
train/pd/225b98a8452e2334_w18.png,225b98a8452e2334,18,Lab,Corona
train/pd/225b98a8452e2334_w25.png,225b98a8452e2334,25,Lab,Corona
train/pd/22781ea1e1b11122_w04.png,22781ea1e1b11122,4,Lab,Void
train/pd/22781ea1e1b11122_w07.png,22781ea1e1b11122,7,Lab,Void
train/pd/22781ea1e1b11122_w08.png,22781ea1e1b11122,8,Lab,Void
train/pd/22781ea1e1b11122_w09.png,22781ea1e1b11122,9,Lab,Void
train/pd/22781ea1e1b11122_w11.png,22781ea1e1b11122,11,Lab,Void
train/pd/22781ea1e1b11122_w13.png,22781ea1e1b11122,13,Lab,Void
train/pd/22781ea1e1b11122_w16.png,22781ea1e1b11122,16,Lab,Void
train/pd/22781ea1e1b11122_w26.png,22781ea1e1b11122,26,Lab,Void
train/pd/228583faddc81a52_w03.png,228583faddc81a52,3,Field,Void
train/pd/228583faddc81a52_w09.png,228583faddc81a52,9,Field,Void
train/pd/228583faddc81a52_w10.png,228583faddc81a52,10,Field,Void
train/pd/228583faddc81a52_w11.png,228583faddc81a52,11,Field,Void
train/pd/228583faddc81a52_w17.png,228583faddc81a52,17,Field,Void
train/pd/228583faddc81a52_w21.png,228583faddc81a52,21,Field,Void
train/pd/228583faddc81a52_w22.png,228583faddc81a52,22,Field,Void
train/pd/228583faddc81a52_w26.png,228583faddc81a52,26,Field,Void
train/pd/22bb2414ca420be5_w00.png,22bb2414ca420be5,0,Field,Floating
train/pd/22bb2414ca420be5_w02.png,22bb2414ca420be5,2,Field,Floating
train/pd/22bb2414ca420be5_w12.png,22bb2414ca420be5,12,Field,Floating
train/pd/22bb2414ca420be5_w13.png,22bb2414ca420be5,13,Field,Floating
train/pd/22bb2414ca420be5_w14.png,22bb2414ca420be5,14,Field,Floating
train/pd/22bb2414ca420be5_w17.png,22bb2414ca420be5,17,Field,Floating
train/pd/22bb2414ca420be5_w23.png,22bb2414ca420be5,23,Field,Floating
train/pd/22bb2414ca420be5_w25.png,22bb2414ca420be5,25,Field,Floating
train/pd/23080e03ed6b0f38_w04.png,23080e03ed6b0f38,4,Lab,Particle
train/pd/23080e03ed6b0f38_w05.png,23080e03ed6b0f38,5,Lab,Particle
train/pd/23080e03ed6b0f38_w08.png,23080e03ed6b0f38,8,Lab,Particle
train/pd/23080e03ed6b0f38_w12.png,23080e03ed6b0f38,12,Lab,Particle
train/pd/23080e03ed6b0f38_w16.png,23080e03ed6b0f38,16,Lab,Particle
train/pd/23080e03ed6b0f38_w20.png,23080e03ed6b0f38,20,Lab,Particle
train/pd/23080e03ed6b0f38_w26.png,23080e03ed6b0f38,26,Lab,Particle
train/pd/23080e03ed6b0f38_w27.png,23080e03ed6b0f38,27,Lab,Particle
train/pd/230a8ce4c23d21e9_w00.png,230a8ce4c23d21e9,0,Lab,Void
train/pd/230a8ce4c23d21e9_w06.png,230a8ce4c23d21e9,6,Lab,Void
train/pd/230a8ce4c23d21e9_w08.png,230a8ce4c23d21e9,8,Lab,Void
train/pd/230a8ce4c23d21e9_w12.png,230a8ce4c23d21e9,12,Lab,Void
train/pd/230a8ce4c23d21e9_w15.png,230a8ce4c23d21e9,15,Lab,Void
train/pd/230a8ce4c23d21e9_w17.png,230a8ce4c23d21e9,17,Lab,Void
train/pd/230a8ce4c23d21e9_w22.png,230a8ce4c23d21e9,22,Lab,Void
train/pd/230a8ce4c23d21e9_w26.png,230a8ce4c23d21e9,26,Lab,Void
train/pd/230fd3d91e5c8abe_w08.png,230fd3d91e5c8abe,8,Field,Corona
train/pd/230fd3d91e5c8abe_w11.png,230fd3d91e5c8abe,11,Field,Corona
train/pd/230fd3d91e5c8abe_w14.png,230fd3d91e5c8abe,14,Field,Corona
train/pd/230fd3d91e5c8abe_w17.png,230fd3d91e5c8abe,17,Field,Corona
train/pd/230fd3d91e5c8abe_w19.png,230fd3d91e5c8abe,19,Field,Corona
train/pd/230fd3d91e5c8abe_w24.png,230fd3d91e5c8abe,24,Field,Corona
train/pd/230fd3d91e5c8abe_w26.png,230fd3d91e5c8abe,26,Field,Corona
train/pd/230fd3d91e5c8abe_w27.png,230fd3d91e5c8abe,27,Field,Corona
train/pd/2313ec7e98c1fd67_w00.png,2313ec7e98c1fd67,0,Lab,Particle
train/pd/2313ec7e98c1fd67_w01.png,2313ec7e98c1fd67,1,Lab,Particle
train/pd/2313ec7e98c1fd67_w02.png,2313ec7e98c1fd67,2,Lab,Particle
train/pd/2313ec7e98c1fd67_w04.png,2313ec7e98c1fd67,4,Lab,Particle
train/pd/2313ec7e98c1fd67_w05.png,2313ec7e98c1fd67,5,Lab,Particle
train/pd/2313ec7e98c1fd67_w14.png,2313ec7e98c1fd67,14,Lab,Particle
train/pd/2313ec7e98c1fd67_w18.png,2313ec7e98c1fd67,18,Lab,Particle
train/pd/2313ec7e98c1fd67_w24.png,2313ec7e98c1fd67,24,Lab,Particle
train/pd/233648054a8be520_w00.png,233648054a8be520,0,Lab,Corona
train/pd/233648054a8be520_w01.png,233648054a8be520,1,Lab,Corona
train/pd/233648054a8be520_w05.png,233648054a8be520,5,Lab,Corona
train/pd/233648054a8be520_w15.png,233648054a8be520,15,Lab,Corona
train/pd/233648054a8be520_w22.png,233648054a8be520,22,Lab,Corona
train/pd/233648054a8be520_w24.png,233648054a8be520,24,Lab,Corona
train/pd/233648054a8be520_w25.png,233648054a8be520,25,Lab,Corona
train/pd/233648054a8be520_w26.png,233648054a8be520,26,Lab,Corona
train/pd/2338e738807db174_w01.png,2338e738807db174,1,Lab,Void
train/pd/2338e738807db174_w04.png,2338e738807db174,4,Lab,Void
train/pd/2338e738807db174_w09.png,2338e738807db174,9,Lab,Void
train/pd/2338e738807db174_w10.png,2338e738807db174,10,Lab,Void
train/pd/2338e738807db174_w12.png,2338e738807db174,12,Lab,Void
train/pd/2338e738807db174_w15.png,2338e738807db174,15,Lab,Void
train/pd/2338e738807db174_w22.png,2338e738807db174,22,Lab,Void
train/pd/2338e738807db174_w24.png,2338e738807db174,24,Lab,Void
train/pd/2344e46e5bac1913_w03.png,2344e46e5bac1913,3,Lab,Void
train/pd/2344e46e5bac1913_w05.png,2344e46e5bac1913,5,Lab,Void
train/pd/2344e46e5bac1913_w07.png,2344e46e5bac1913,7,Lab,Void
train/pd/2344e46e5bac1913_w12.png,2344e46e5bac1913,12,Lab,Void
train/pd/2344e46e5bac1913_w16.png,2344e46e5bac1913,16,Lab,Void
train/pd/2344e46e5bac1913_w18.png,2344e46e5bac1913,18,Lab,Void
train/pd/2344e46e5bac1913_w22.png,2344e46e5bac1913,22,Lab,Void
train/pd/2344e46e5bac1913_w23.png,2344e46e5bac1913,23,Lab,Void
train/pd/2345949826795285_w07.png,2345949826795285,7,Lab,Void
train/pd/2345949826795285_w10.png,2345949826795285,10,Lab,Void
train/pd/2345949826795285_w12.png,2345949826795285,12,Lab,Void
train/pd/2345949826795285_w18.png,2345949826795285,18,Lab,Void
train/pd/2345949826795285_w20.png,2345949826795285,20,Lab,Void
train/pd/2345949826795285_w23.png,2345949826795285,23,Lab,Void
train/pd/2345949826795285_w25.png,2345949826795285,25,Lab,Void
train/pd/2345949826795285_w27.png,2345949826795285,27,Lab,Void
train/pd/238db5985cb70c76_w00.png,238db5985cb70c76,0,Lab,Corona
train/pd/238db5985cb70c76_w06.png,238db5985cb70c76,6,Lab,Corona
train/pd/238db5985cb70c76_w07.png,238db5985cb70c76,7,Lab,Corona
train/pd/238db5985cb70c76_w10.png,238db5985cb70c76,10,Lab,Corona
train/pd/238db5985cb70c76_w14.png,238db5985cb70c76,14,Lab,Corona
train/pd/238db5985cb70c76_w17.png,238db5985cb70c76,17,Lab,Corona
train/pd/238db5985cb70c76_w23.png,238db5985cb70c76,23,Lab,Corona
train/pd/238db5985cb70c76_w25.png,238db5985cb70c76,25,Lab,Corona
train/pd/2431a66d45210845_w00.png,2431a66d45210845,0,Lab,Floating
train/pd/2431a66d45210845_w02.png,2431a66d45210845,2,Lab,Floating
train/pd/2431a66d45210845_w06.png,2431a66d45210845,6,Lab,Floating
train/pd/2431a66d45210845_w11.png,2431a66d45210845,11,Lab,Floating
train/pd/2431a66d45210845_w15.png,2431a66d45210845,15,Lab,Floating
train/pd/2431a66d45210845_w18.png,2431a66d45210845,18,Lab,Floating
train/pd/2431a66d45210845_w19.png,2431a66d45210845,19,Lab,Floating
train/pd/2431a66d45210845_w25.png,2431a66d45210845,25,Lab,Floating
train/pd/243f8296203b6211_w01.png,243f8296203b6211,1,Lab,Corona
train/pd/243f8296203b6211_w03.png,243f8296203b6211,3,Lab,Corona
train/pd/243f8296203b6211_w04.png,243f8296203b6211,4,Lab,Corona
train/pd/243f8296203b6211_w08.png,243f8296203b6211,8,Lab,Corona
train/pd/243f8296203b6211_w12.png,243f8296203b6211,12,Lab,Corona
train/pd/243f8296203b6211_w14.png,243f8296203b6211,14,Lab,Corona
train/pd/243f8296203b6211_w20.png,243f8296203b6211,20,Lab,Corona
train/pd/243f8296203b6211_w24.png,243f8296203b6211,24,Lab,Corona
train/pd/24b87f5f86254d59_w00.png,24b87f5f86254d59,0,Field,Void
train/pd/24b87f5f86254d59_w10.png,24b87f5f86254d59,10,Field,Void
train/pd/24b87f5f86254d59_w11.png,24b87f5f86254d59,11,Field,Void
train/pd/24b87f5f86254d59_w19.png,24b87f5f86254d59,19,Field,Void
train/pd/24b87f5f86254d59_w20.png,24b87f5f86254d59,20,Field,Void
train/pd/24b87f5f86254d59_w21.png,24b87f5f86254d59,21,Field,Void
train/pd/24b87f5f86254d59_w26.png,24b87f5f86254d59,26,Field,Void
train/pd/24b87f5f86254d59_w27.png,24b87f5f86254d59,27,Field,Void
train/pd/24c05724212ef108_w01.png,24c05724212ef108,1,Lab,Void
train/pd/24c05724212ef108_w13.png,24c05724212ef108,13,Lab,Void
train/pd/24c05724212ef108_w15.png,24c05724212ef108,15,Lab,Void
train/pd/24c05724212ef108_w16.png,24c05724212ef108,16,Lab,Void
train/pd/24c05724212ef108_w19.png,24c05724212ef108,19,Lab,Void
train/pd/24c05724212ef108_w21.png,24c05724212ef108,21,Lab,Void
train/pd/24c05724212ef108_w23.png,24c05724212ef108,23,Lab,Void
train/pd/24c05724212ef108_w24.png,24c05724212ef108,24,Lab,Void
train/pd/2543be97cf30dfbf_w01.png,2543be97cf30dfbf,1,Field,Void
train/pd/2543be97cf30dfbf_w04.png,2543be97cf30dfbf,4,Field,Void
train/pd/2543be97cf30dfbf_w13.png,2543be97cf30dfbf,13,Field,Void
train/pd/2543be97cf30dfbf_w14.png,2543be97cf30dfbf,14,Field,Void
train/pd/2543be97cf30dfbf_w16.png,2543be97cf30dfbf,16,Field,Void
train/pd/2543be97cf30dfbf_w17.png,2543be97cf30dfbf,17,Field,Void
train/pd/2543be97cf30dfbf_w22.png,2543be97cf30dfbf,22,Field,Void
train/pd/2543be97cf30dfbf_w26.png,2543be97cf30dfbf,26,Field,Void
train/pd/2567ea8b1459fcce_w00.png,2567ea8b1459fcce,0,Lab,Corona
train/pd/2567ea8b1459fcce_w04.png,2567ea8b1459fcce,4,Lab,Corona
train/pd/2567ea8b1459fcce_w05.png,2567ea8b1459fcce,5,Lab,Corona
train/pd/2567ea8b1459fcce_w08.png,2567ea8b1459fcce,8,Lab,Corona
train/pd/2567ea8b1459fcce_w09.png,2567ea8b1459fcce,9,Lab,Corona
train/pd/2567ea8b1459fcce_w15.png,2567ea8b1459fcce,15,Lab,Corona
train/pd/2567ea8b1459fcce_w20.png,2567ea8b1459fcce,20,Lab,Corona
train/pd/2567ea8b1459fcce_w23.png,2567ea8b1459fcce,23,Lab,Corona
train/pd/2591cc129c9610cd_w04.png,2591cc129c9610cd,4,Lab,Void
train/pd/2591cc129c9610cd_w06.png,2591cc129c9610cd,6,Lab,Void
train/pd/2591cc129c9610cd_w09.png,2591cc129c9610cd,9,Lab,Void
train/pd/2591cc129c9610cd_w15.png,2591cc129c9610cd,15,Lab,Void
train/pd/2591cc129c9610cd_w18.png,2591cc129c9610cd,18,Lab,Void
train/pd/2591cc129c9610cd_w19.png,2591cc129c9610cd,19,Lab,Void
train/pd/2591cc129c9610cd_w21.png,2591cc129c9610cd,21,Lab,Void
train/pd/2591cc129c9610cd_w22.png,2591cc129c9610cd,22,Lab,Void
train/pd/25e816dd6a7a5c86_w02.png,25e816dd6a7a5c86,2,Lab,Corona
train/pd/25e816dd6a7a5c86_w03.png,25e816dd6a7a5c86,3,Lab,Corona
train/pd/25e816dd6a7a5c86_w11.png,25e816dd6a7a5c86,11,Lab,Corona
train/pd/25e816dd6a7a5c86_w13.png,25e816dd6a7a5c86,13,Lab,Corona
train/pd/25e816dd6a7a5c86_w14.png,25e816dd6a7a5c86,14,Lab,Corona
train/pd/25e816dd6a7a5c86_w18.png,25e816dd6a7a5c86,18,Lab,Corona
train/pd/25e816dd6a7a5c86_w21.png,25e816dd6a7a5c86,21,Lab,Corona
train/pd/25e816dd6a7a5c86_w22.png,25e816dd6a7a5c86,22,Lab,Corona
train/pd/2600bcd4aa9afd44_w00.png,2600bcd4aa9afd44,0,Lab,Void
train/pd/2600bcd4aa9afd44_w03.png,2600bcd4aa9afd44,3,Lab,Void
train/pd/2600bcd4aa9afd44_w06.png,2600bcd4aa9afd44,6,Lab,Void
train/pd/2600bcd4aa9afd44_w08.png,2600bcd4aa9afd44,8,Lab,Void
train/pd/2600bcd4aa9afd44_w12.png,2600bcd4aa9afd44,12,Lab,Void
train/pd/2600bcd4aa9afd44_w15.png,2600bcd4aa9afd44,15,Lab,Void
train/pd/2600bcd4aa9afd44_w16.png,2600bcd4aa9afd44,16,Lab,Void
train/pd/2600bcd4aa9afd44_w23.png,2600bcd4aa9afd44,23,Lab,Void
train/pd/26090c0bc0789c42_w02.png,26090c0bc0789c42,2,Field,Floating
train/pd/26090c0bc0789c42_w04.png,26090c0bc0789c42,4,Field,Floating
train/pd/26090c0bc0789c42_w05.png,26090c0bc0789c42,5,Field,Floating
train/pd/26090c0bc0789c42_w09.png,26090c0bc0789c42,9,Field,Floating
train/pd/26090c0bc0789c42_w14.png,26090c0bc0789c42,14,Field,Floating
train/pd/26090c0bc0789c42_w19.png,26090c0bc0789c42,19,Field,Floating
train/pd/26090c0bc0789c42_w20.png,26090c0bc0789c42,20,Field,Floating
train/pd/26090c0bc0789c42_w23.png,26090c0bc0789c42,23,Field,Floating
train/pd/260b7fd65404fa98_w01.png,260b7fd65404fa98,1,Field,Void
train/pd/260b7fd65404fa98_w02.png,260b7fd65404fa98,2,Field,Void
train/pd/260b7fd65404fa98_w03.png,260b7fd65404fa98,3,Field,Void
train/pd/260b7fd65404fa98_w05.png,260b7fd65404fa98,5,Field,Void
train/pd/260b7fd65404fa98_w06.png,260b7fd65404fa98,6,Field,Void
train/pd/260b7fd65404fa98_w11.png,260b7fd65404fa98,11,Field,Void
train/pd/260b7fd65404fa98_w12.png,260b7fd65404fa98,12,Field,Void
train/pd/260b7fd65404fa98_w27.png,260b7fd65404fa98,27,Field,Void
train/pd/2653886fcc514715_w00.png,2653886fcc514715,0,Lab,Floating
train/pd/2653886fcc514715_w07.png,2653886fcc514715,7,Lab,Floating
train/pd/2653886fcc514715_w08.png,2653886fcc514715,8,Lab,Floating
train/pd/2653886fcc514715_w09.png,2653886fcc514715,9,Lab,Floating
train/pd/2653886fcc514715_w14.png,2653886fcc514715,14,Lab,Floating
train/pd/2653886fcc514715_w15.png,2653886fcc514715,15,Lab,Floating
train/pd/2653886fcc514715_w17.png,2653886fcc514715,17,Lab,Floating
train/pd/2653886fcc514715_w21.png,2653886fcc514715,21,Lab,Floating
train/pd/2668ec81d3e15523_w00.png,2668ec81d3e15523,0,Field,Void
train/pd/2668ec81d3e15523_w06.png,2668ec81d3e15523,6,Field,Void
train/pd/2668ec81d3e15523_w08.png,2668ec81d3e15523,8,Field,Void
train/pd/2668ec81d3e15523_w09.png,2668ec81d3e15523,9,Field,Void
train/pd/2668ec81d3e15523_w14.png,2668ec81d3e15523,14,Field,Void
train/pd/2668ec81d3e15523_w17.png,2668ec81d3e15523,17,Field,Void
train/pd/2668ec81d3e15523_w19.png,2668ec81d3e15523,19,Field,Void
train/pd/2668ec81d3e15523_w22.png,2668ec81d3e15523,22,Field,Void
train/pd/269d435148e42ad1_w02.png,269d435148e42ad1,2,Lab,Corona
train/pd/269d435148e42ad1_w07.png,269d435148e42ad1,7,Lab,Corona
train/pd/269d435148e42ad1_w09.png,269d435148e42ad1,9,Lab,Corona
train/pd/269d435148e42ad1_w17.png,269d435148e42ad1,17,Lab,Corona
train/pd/269d435148e42ad1_w18.png,269d435148e42ad1,18,Lab,Corona
train/pd/269d435148e42ad1_w21.png,269d435148e42ad1,21,Lab,Corona
train/pd/269d435148e42ad1_w23.png,269d435148e42ad1,23,Lab,Corona
train/pd/269d435148e42ad1_w25.png,269d435148e42ad1,25,Lab,Corona
train/pd/269fd25d9bd9a7ea_w06.png,269fd25d9bd9a7ea,6,Lab,Void
train/pd/269fd25d9bd9a7ea_w07.png,269fd25d9bd9a7ea,7,Lab,Void
train/pd/269fd25d9bd9a7ea_w12.png,269fd25d9bd9a7ea,12,Lab,Void
train/pd/269fd25d9bd9a7ea_w16.png,269fd25d9bd9a7ea,16,Lab,Void
train/pd/269fd25d9bd9a7ea_w17.png,269fd25d9bd9a7ea,17,Lab,Void
train/pd/269fd25d9bd9a7ea_w18.png,269fd25d9bd9a7ea,18,Lab,Void
train/pd/269fd25d9bd9a7ea_w23.png,269fd25d9bd9a7ea,23,Lab,Void
train/pd/269fd25d9bd9a7ea_w26.png,269fd25d9bd9a7ea,26,Lab,Void
train/pd/26c0fbe0be79d90e_w02.png,26c0fbe0be79d90e,2,Field,Void
train/pd/26c0fbe0be79d90e_w03.png,26c0fbe0be79d90e,3,Field,Void
train/pd/26c0fbe0be79d90e_w05.png,26c0fbe0be79d90e,5,Field,Void
train/pd/26c0fbe0be79d90e_w08.png,26c0fbe0be79d90e,8,Field,Void
train/pd/26c0fbe0be79d90e_w11.png,26c0fbe0be79d90e,11,Field,Void
train/pd/26c0fbe0be79d90e_w19.png,26c0fbe0be79d90e,19,Field,Void
train/pd/26c0fbe0be79d90e_w21.png,26c0fbe0be79d90e,21,Field,Void
train/pd/26c0fbe0be79d90e_w26.png,26c0fbe0be79d90e,26,Field,Void
train/pd/270135e8c7d65028_w00.png,270135e8c7d65028,0,Lab,Corona
train/pd/270135e8c7d65028_w03.png,270135e8c7d65028,3,Lab,Corona
train/pd/270135e8c7d65028_w07.png,270135e8c7d65028,7,Lab,Corona
train/pd/270135e8c7d65028_w10.png,270135e8c7d65028,10,Lab,Corona
train/pd/270135e8c7d65028_w12.png,270135e8c7d65028,12,Lab,Corona
train/pd/270135e8c7d65028_w23.png,270135e8c7d65028,23,Lab,Corona
train/pd/270135e8c7d65028_w26.png,270135e8c7d65028,26,Lab,Corona
train/pd/270135e8c7d65028_w27.png,270135e8c7d65028,27,Lab,Corona
train/pd/27048388de551759_w00.png,27048388de551759,0,Lab,Particle
train/pd/27048388de551759_w01.png,27048388de551759,1,Lab,Particle
train/pd/27048388de551759_w02.png,27048388de551759,2,Lab,Particle
train/pd/27048388de551759_w10.png,27048388de551759,10,Lab,Particle
train/pd/27048388de551759_w13.png,27048388de551759,13,Lab,Particle
train/pd/27048388de551759_w20.png,27048388de551759,20,Lab,Particle
train/pd/27048388de551759_w24.png,27048388de551759,24,Lab,Particle
train/pd/27048388de551759_w25.png,27048388de551759,25,Lab,Particle
train/pd/27383cfa13e3e5ff_w03.png,27383cfa13e3e5ff,3,Lab,Void
train/pd/27383cfa13e3e5ff_w07.png,27383cfa13e3e5ff,7,Lab,Void
train/pd/27383cfa13e3e5ff_w10.png,27383cfa13e3e5ff,10,Lab,Void
train/pd/27383cfa13e3e5ff_w11.png,27383cfa13e3e5ff,11,Lab,Void
train/pd/27383cfa13e3e5ff_w15.png,27383cfa13e3e5ff,15,Lab,Void
train/pd/27383cfa13e3e5ff_w18.png,27383cfa13e3e5ff,18,Lab,Void
train/pd/27383cfa13e3e5ff_w23.png,27383cfa13e3e5ff,23,Lab,Void
train/pd/27383cfa13e3e5ff_w24.png,27383cfa13e3e5ff,24,Lab,Void
train/pd/27620fcc531fb408_w00.png,27620fcc531fb408,0,Field,Floating
train/pd/27620fcc531fb408_w03.png,27620fcc531fb408,3,Field,Floating
train/pd/27620fcc531fb408_w04.png,27620fcc531fb408,4,Field,Floating
train/pd/27620fcc531fb408_w06.png,27620fcc531fb408,6,Field,Floating
train/pd/27620fcc531fb408_w10.png,27620fcc531fb408,10,Field,Floating
train/pd/27620fcc531fb408_w15.png,27620fcc531fb408,15,Field,Floating
train/pd/27620fcc531fb408_w26.png,27620fcc531fb408,26,Field,Floating
train/pd/27620fcc531fb408_w27.png,27620fcc531fb408,27,Field,Floating
train/pd/27b9012d7cacbfc6_w05.png,27b9012d7cacbfc6,5,Lab,Void
train/pd/27b9012d7cacbfc6_w07.png,27b9012d7cacbfc6,7,Lab,Void
train/pd/27b9012d7cacbfc6_w08.png,27b9012d7cacbfc6,8,Lab,Void
train/pd/27b9012d7cacbfc6_w09.png,27b9012d7cacbfc6,9,Lab,Void
train/pd/27b9012d7cacbfc6_w10.png,27b9012d7cacbfc6,10,Lab,Void
train/pd/27b9012d7cacbfc6_w11.png,27b9012d7cacbfc6,11,Lab,Void
train/pd/27b9012d7cacbfc6_w20.png,27b9012d7cacbfc6,20,Lab,Void
train/pd/27b9012d7cacbfc6_w26.png,27b9012d7cacbfc6,26,Lab,Void
train/pd/27d99d06c78134ca_w01.png,27d99d06c78134ca,1,Lab,Floating
train/pd/27d99d06c78134ca_w04.png,27d99d06c78134ca,4,Lab,Floating
train/pd/27d99d06c78134ca_w05.png,27d99d06c78134ca,5,Lab,Floating
train/pd/27d99d06c78134ca_w09.png,27d99d06c78134ca,9,Lab,Floating
train/pd/27d99d06c78134ca_w11.png,27d99d06c78134ca,11,Lab,Floating
train/pd/27d99d06c78134ca_w12.png,27d99d06c78134ca,12,Lab,Floating
train/pd/27d99d06c78134ca_w20.png,27d99d06c78134ca,20,Lab,Floating
train/pd/27d99d06c78134ca_w22.png,27d99d06c78134ca,22,Lab,Floating
train/pd/27e9afa929135512_w03.png,27e9afa929135512,3,Lab,Corona
train/pd/27e9afa929135512_w07.png,27e9afa929135512,7,Lab,Corona
train/pd/27e9afa929135512_w14.png,27e9afa929135512,14,Lab,Corona
train/pd/27e9afa929135512_w16.png,27e9afa929135512,16,Lab,Corona
train/pd/27e9afa929135512_w20.png,27e9afa929135512,20,Lab,Corona
train/pd/27e9afa929135512_w24.png,27e9afa929135512,24,Lab,Corona
train/pd/27e9afa929135512_w26.png,27e9afa929135512,26,Lab,Corona
train/pd/27e9afa929135512_w27.png,27e9afa929135512,27,Lab,Corona
train/pd/283adce61f56bfae_w02.png,283adce61f56bfae,2,Lab,Void
train/pd/283adce61f56bfae_w04.png,283adce61f56bfae,4,Lab,Void
train/pd/283adce61f56bfae_w07.png,283adce61f56bfae,7,Lab,Void
train/pd/283adce61f56bfae_w10.png,283adce61f56bfae,10,Lab,Void
train/pd/283adce61f56bfae_w12.png,283adce61f56bfae,12,Lab,Void
train/pd/283adce61f56bfae_w14.png,283adce61f56bfae,14,Lab,Void
train/pd/283adce61f56bfae_w20.png,283adce61f56bfae,20,Lab,Void
train/pd/283adce61f56bfae_w23.png,283adce61f56bfae,23,Lab,Void
train/pd/2841c3500f58a4ab_w01.png,2841c3500f58a4ab,1,Lab,Particle
train/pd/2841c3500f58a4ab_w03.png,2841c3500f58a4ab,3,Lab,Particle
train/pd/2841c3500f58a4ab_w06.png,2841c3500f58a4ab,6,Lab,Particle
train/pd/2841c3500f58a4ab_w13.png,2841c3500f58a4ab,13,Lab,Particle
train/pd/2841c3500f58a4ab_w20.png,2841c3500f58a4ab,20,Lab,Particle
train/pd/2841c3500f58a4ab_w24.png,2841c3500f58a4ab,24,Lab,Particle
train/pd/2841c3500f58a4ab_w25.png,2841c3500f58a4ab,25,Lab,Particle
train/pd/2841c3500f58a4ab_w26.png,2841c3500f58a4ab,26,Lab,Particle
train/pd/287652e042271dce_w04.png,287652e042271dce,4,Lab,Floating
train/pd/287652e042271dce_w05.png,287652e042271dce,5,Lab,Floating
train/pd/287652e042271dce_w06.png,287652e042271dce,6,Lab,Floating
train/pd/287652e042271dce_w09.png,287652e042271dce,9,Lab,Floating
train/pd/287652e042271dce_w10.png,287652e042271dce,10,Lab,Floating
train/pd/287652e042271dce_w21.png,287652e042271dce,21,Lab,Floating
train/pd/287652e042271dce_w26.png,287652e042271dce,26,Lab,Floating
train/pd/287652e042271dce_w27.png,287652e042271dce,27,Lab,Floating
train/pd/289aba55bcebc9a6_w04.png,289aba55bcebc9a6,4,Lab,Particle
train/pd/289aba55bcebc9a6_w06.png,289aba55bcebc9a6,6,Lab,Particle
train/pd/289aba55bcebc9a6_w09.png,289aba55bcebc9a6,9,Lab,Particle
train/pd/289aba55bcebc9a6_w14.png,289aba55bcebc9a6,14,Lab,Particle
train/pd/289aba55bcebc9a6_w18.png,289aba55bcebc9a6,18,Lab,Particle
train/pd/289aba55bcebc9a6_w21.png,289aba55bcebc9a6,21,Lab,Particle
train/pd/289aba55bcebc9a6_w25.png,289aba55bcebc9a6,25,Lab,Particle
train/pd/289aba55bcebc9a6_w27.png,289aba55bcebc9a6,27,Lab,Particle
train/pd/28e22092ae434383_w01.png,28e22092ae434383,1,Lab,Particle
train/pd/28e22092ae434383_w04.png,28e22092ae434383,4,Lab,Particle
train/pd/28e22092ae434383_w12.png,28e22092ae434383,12,Lab,Particle
train/pd/28e22092ae434383_w16.png,28e22092ae434383,16,Lab,Particle
train/pd/28e22092ae434383_w17.png,28e22092ae434383,17,Lab,Particle
train/pd/28e22092ae434383_w21.png,28e22092ae434383,21,Lab,Particle
train/pd/28e22092ae434383_w23.png,28e22092ae434383,23,Lab,Particle
train/pd/28e22092ae434383_w24.png,28e22092ae434383,24,Lab,Particle
train/pd/28f0a9296a110a4c_w01.png,28f0a9296a110a4c,1,Lab,Void
train/pd/28f0a9296a110a4c_w02.png,28f0a9296a110a4c,2,Lab,Void
train/pd/28f0a9296a110a4c_w11.png,28f0a9296a110a4c,11,Lab,Void
train/pd/28f0a9296a110a4c_w12.png,28f0a9296a110a4c,12,Lab,Void
train/pd/28f0a9296a110a4c_w20.png,28f0a9296a110a4c,20,Lab,Void
train/pd/28f0a9296a110a4c_w21.png,28f0a9296a110a4c,21,Lab,Void
train/pd/28f0a9296a110a4c_w23.png,28f0a9296a110a4c,23,Lab,Void
train/pd/28f0a9296a110a4c_w25.png,28f0a9296a110a4c,25,Lab,Void
train/pd/290e4865161c80d6_w09.png,290e4865161c80d6,9,Lab,Void
train/pd/290e4865161c80d6_w13.png,290e4865161c80d6,13,Lab,Void
train/pd/290e4865161c80d6_w15.png,290e4865161c80d6,15,Lab,Void
train/pd/290e4865161c80d6_w16.png,290e4865161c80d6,16,Lab,Void
train/pd/290e4865161c80d6_w18.png,290e4865161c80d6,18,Lab,Void
train/pd/290e4865161c80d6_w19.png,290e4865161c80d6,19,Lab,Void
train/pd/290e4865161c80d6_w21.png,290e4865161c80d6,21,Lab,Void
train/pd/290e4865161c80d6_w23.png,290e4865161c80d6,23,Lab,Void
train/pd/2947aab1dcea741d_w06.png,2947aab1dcea741d,6,Lab,Corona
train/pd/2947aab1dcea741d_w09.png,2947aab1dcea741d,9,Lab,Corona
train/pd/2947aab1dcea741d_w10.png,2947aab1dcea741d,10,Lab,Corona
train/pd/2947aab1dcea741d_w11.png,2947aab1dcea741d,11,Lab,Corona
train/pd/2947aab1dcea741d_w13.png,2947aab1dcea741d,13,Lab,Corona
train/pd/2947aab1dcea741d_w22.png,2947aab1dcea741d,22,Lab,Corona
train/pd/2947aab1dcea741d_w24.png,2947aab1dcea741d,24,Lab,Corona
train/pd/2947aab1dcea741d_w25.png,2947aab1dcea741d,25,Lab,Corona
train/pd/2949dc0c630c4579_w01.png,2949dc0c630c4579,1,Lab,Particle
train/pd/2949dc0c630c4579_w07.png,2949dc0c630c4579,7,Lab,Particle
train/pd/2949dc0c630c4579_w08.png,2949dc0c630c4579,8,Lab,Particle
train/pd/2949dc0c630c4579_w11.png,2949dc0c630c4579,11,Lab,Particle
train/pd/2949dc0c630c4579_w12.png,2949dc0c630c4579,12,Lab,Particle
train/pd/2949dc0c630c4579_w13.png,2949dc0c630c4579,13,Lab,Particle
train/pd/2949dc0c630c4579_w16.png,2949dc0c630c4579,16,Lab,Particle
train/pd/2949dc0c630c4579_w17.png,2949dc0c630c4579,17,Lab,Particle
train/pd/296020cd032c039f_w07.png,296020cd032c039f,7,Lab,Corona
train/pd/296020cd032c039f_w09.png,296020cd032c039f,9,Lab,Corona
train/pd/296020cd032c039f_w12.png,296020cd032c039f,12,Lab,Corona
train/pd/296020cd032c039f_w21.png,296020cd032c039f,21,Lab,Corona
train/pd/296020cd032c039f_w22.png,296020cd032c039f,22,Lab,Corona
train/pd/296020cd032c039f_w24.png,296020cd032c039f,24,Lab,Corona
train/pd/296020cd032c039f_w25.png,296020cd032c039f,25,Lab,Corona
train/pd/296020cd032c039f_w26.png,296020cd032c039f,26,Lab,Corona
train/pd/297dcabcb4f00f1b_w03.png,297dcabcb4f00f1b,3,Field,Floating
train/pd/297dcabcb4f00f1b_w04.png,297dcabcb4f00f1b,4,Field,Floating
train/pd/297dcabcb4f00f1b_w06.png,297dcabcb4f00f1b,6,Field,Floating
train/pd/297dcabcb4f00f1b_w13.png,297dcabcb4f00f1b,13,Field,Floating
train/pd/297dcabcb4f00f1b_w14.png,297dcabcb4f00f1b,14,Field,Floating
train/pd/297dcabcb4f00f1b_w17.png,297dcabcb4f00f1b,17,Field,Floating
train/pd/297dcabcb4f00f1b_w22.png,297dcabcb4f00f1b,22,Field,Floating
train/pd/297dcabcb4f00f1b_w23.png,297dcabcb4f00f1b,23,Field,Floating
train/pd/298bb96184ddc5f1_w01.png,298bb96184ddc5f1,1,Lab,Floating
train/pd/298bb96184ddc5f1_w02.png,298bb96184ddc5f1,2,Lab,Floating
train/pd/298bb96184ddc5f1_w07.png,298bb96184ddc5f1,7,Lab,Floating
train/pd/298bb96184ddc5f1_w08.png,298bb96184ddc5f1,8,Lab,Floating
train/pd/298bb96184ddc5f1_w09.png,298bb96184ddc5f1,9,Lab,Floating
train/pd/298bb96184ddc5f1_w13.png,298bb96184ddc5f1,13,Lab,Floating
train/pd/298bb96184ddc5f1_w18.png,298bb96184ddc5f1,18,Lab,Floating
train/pd/298bb96184ddc5f1_w19.png,298bb96184ddc5f1,19,Lab,Floating
train/pd/29e2fc9f8df5d35f_w01.png,29e2fc9f8df5d35f,1,Lab,Void
train/pd/29e2fc9f8df5d35f_w03.png,29e2fc9f8df5d35f,3,Lab,Void
train/pd/29e2fc9f8df5d35f_w05.png,29e2fc9f8df5d35f,5,Lab,Void
train/pd/29e2fc9f8df5d35f_w06.png,29e2fc9f8df5d35f,6,Lab,Void
train/pd/29e2fc9f8df5d35f_w09.png,29e2fc9f8df5d35f,9,Lab,Void
train/pd/29e2fc9f8df5d35f_w10.png,29e2fc9f8df5d35f,10,Lab,Void
train/pd/29e2fc9f8df5d35f_w11.png,29e2fc9f8df5d35f,11,Lab,Void
train/pd/29e2fc9f8df5d35f_w16.png,29e2fc9f8df5d35f,16,Lab,Void
train/pd/29e8b3c8ad4b0128_w02.png,29e8b3c8ad4b0128,2,Lab,Void
train/pd/29e8b3c8ad4b0128_w04.png,29e8b3c8ad4b0128,4,Lab,Void
train/pd/29e8b3c8ad4b0128_w07.png,29e8b3c8ad4b0128,7,Lab,Void
train/pd/29e8b3c8ad4b0128_w11.png,29e8b3c8ad4b0128,11,Lab,Void
train/pd/29e8b3c8ad4b0128_w12.png,29e8b3c8ad4b0128,12,Lab,Void
train/pd/29e8b3c8ad4b0128_w17.png,29e8b3c8ad4b0128,17,Lab,Void
train/pd/29e8b3c8ad4b0128_w24.png,29e8b3c8ad4b0128,24,Lab,Void
train/pd/29e8b3c8ad4b0128_w26.png,29e8b3c8ad4b0128,26,Lab,Void
train/pd/2a1011dcb8a12e7c_w02.png,2a1011dcb8a12e7c,2,Lab,Void
train/pd/2a1011dcb8a12e7c_w05.png,2a1011dcb8a12e7c,5,Lab,Void
train/pd/2a1011dcb8a12e7c_w11.png,2a1011dcb8a12e7c,11,Lab,Void
train/pd/2a1011dcb8a12e7c_w18.png,2a1011dcb8a12e7c,18,Lab,Void
train/pd/2a1011dcb8a12e7c_w23.png,2a1011dcb8a12e7c,23,Lab,Void
train/pd/2a1011dcb8a12e7c_w24.png,2a1011dcb8a12e7c,24,Lab,Void
train/pd/2a1011dcb8a12e7c_w25.png,2a1011dcb8a12e7c,25,Lab,Void
train/pd/2a1011dcb8a12e7c_w27.png,2a1011dcb8a12e7c,27,Lab,Void
train/pd/2a217634b5ec14b5_w05.png,2a217634b5ec14b5,5,Lab,Floating
train/pd/2a217634b5ec14b5_w06.png,2a217634b5ec14b5,6,Lab,Floating
train/pd/2a217634b5ec14b5_w07.png,2a217634b5ec14b5,7,Lab,Floating
train/pd/2a217634b5ec14b5_w08.png,2a217634b5ec14b5,8,Lab,Floating
train/pd/2a217634b5ec14b5_w10.png,2a217634b5ec14b5,10,Lab,Floating
train/pd/2a217634b5ec14b5_w15.png,2a217634b5ec14b5,15,Lab,Floating
train/pd/2a217634b5ec14b5_w18.png,2a217634b5ec14b5,18,Lab,Floating
train/pd/2a217634b5ec14b5_w25.png,2a217634b5ec14b5,25,Lab,Floating
train/pd/2a24e76dd6a2b4c0_w00.png,2a24e76dd6a2b4c0,0,Lab,Void
train/pd/2a24e76dd6a2b4c0_w01.png,2a24e76dd6a2b4c0,1,Lab,Void
train/pd/2a24e76dd6a2b4c0_w02.png,2a24e76dd6a2b4c0,2,Lab,Void
train/pd/2a24e76dd6a2b4c0_w09.png,2a24e76dd6a2b4c0,9,Lab,Void
train/pd/2a24e76dd6a2b4c0_w13.png,2a24e76dd6a2b4c0,13,Lab,Void
train/pd/2a24e76dd6a2b4c0_w16.png,2a24e76dd6a2b4c0,16,Lab,Void
train/pd/2a24e76dd6a2b4c0_w25.png,2a24e76dd6a2b4c0,25,Lab,Void
train/pd/2a24e76dd6a2b4c0_w27.png,2a24e76dd6a2b4c0,27,Lab,Void
train/pd/2a2e55bc3bfd53fa_w03.png,2a2e55bc3bfd53fa,3,Lab,Floating
train/pd/2a2e55bc3bfd53fa_w08.png,2a2e55bc3bfd53fa,8,Lab,Floating
train/pd/2a2e55bc3bfd53fa_w10.png,2a2e55bc3bfd53fa,10,Lab,Floating
train/pd/2a2e55bc3bfd53fa_w11.png,2a2e55bc3bfd53fa,11,Lab,Floating
train/pd/2a2e55bc3bfd53fa_w19.png,2a2e55bc3bfd53fa,19,Lab,Floating
train/pd/2a2e55bc3bfd53fa_w21.png,2a2e55bc3bfd53fa,21,Lab,Floating
train/pd/2a2e55bc3bfd53fa_w25.png,2a2e55bc3bfd53fa,25,Lab,Floating
train/pd/2a2e55bc3bfd53fa_w26.png,2a2e55bc3bfd53fa,26,Lab,Floating
train/pd/2a30ae181faf0147_w04.png,2a30ae181faf0147,4,Lab,Floating
train/pd/2a30ae181faf0147_w05.png,2a30ae181faf0147,5,Lab,Floating
train/pd/2a30ae181faf0147_w07.png,2a30ae181faf0147,7,Lab,Floating
train/pd/2a30ae181faf0147_w09.png,2a30ae181faf0147,9,Lab,Floating
train/pd/2a30ae181faf0147_w11.png,2a30ae181faf0147,11,Lab,Floating
train/pd/2a30ae181faf0147_w15.png,2a30ae181faf0147,15,Lab,Floating
train/pd/2a30ae181faf0147_w19.png,2a30ae181faf0147,19,Lab,Floating
train/pd/2a30ae181faf0147_w26.png,2a30ae181faf0147,26,Lab,Floating
train/pd/2a32ad573a4faad6_w00.png,2a32ad573a4faad6,0,Lab,Void
train/pd/2a32ad573a4faad6_w07.png,2a32ad573a4faad6,7,Lab,Void
train/pd/2a32ad573a4faad6_w09.png,2a32ad573a4faad6,9,Lab,Void
train/pd/2a32ad573a4faad6_w11.png,2a32ad573a4faad6,11,Lab,Void
train/pd/2a32ad573a4faad6_w14.png,2a32ad573a4faad6,14,Lab,Void
train/pd/2a32ad573a4faad6_w16.png,2a32ad573a4faad6,16,Lab,Void
train/pd/2a32ad573a4faad6_w18.png,2a32ad573a4faad6,18,Lab,Void
train/pd/2a32ad573a4faad6_w22.png,2a32ad573a4faad6,22,Lab,Void
train/pd/2a68041bcf284758_w01.png,2a68041bcf284758,1,Field,Void
train/pd/2a68041bcf284758_w07.png,2a68041bcf284758,7,Field,Void
train/pd/2a68041bcf284758_w10.png,2a68041bcf284758,10,Field,Void
train/pd/2a68041bcf284758_w15.png,2a68041bcf284758,15,Field,Void
train/pd/2a68041bcf284758_w16.png,2a68041bcf284758,16,Field,Void
train/pd/2a68041bcf284758_w17.png,2a68041bcf284758,17,Field,Void
train/pd/2a68041bcf284758_w18.png,2a68041bcf284758,18,Field,Void
train/pd/2a68041bcf284758_w25.png,2a68041bcf284758,25,Field,Void
train/pd/2aa0b3ac000b9416_w00.png,2aa0b3ac000b9416,0,Field,Void
train/pd/2aa0b3ac000b9416_w02.png,2aa0b3ac000b9416,2,Field,Void
train/pd/2aa0b3ac000b9416_w13.png,2aa0b3ac000b9416,13,Field,Void
train/pd/2aa0b3ac000b9416_w16.png,2aa0b3ac000b9416,16,Field,Void
train/pd/2aa0b3ac000b9416_w18.png,2aa0b3ac000b9416,18,Field,Void
train/pd/2aa0b3ac000b9416_w20.png,2aa0b3ac000b9416,20,Field,Void
train/pd/2aa0b3ac000b9416_w24.png,2aa0b3ac000b9416,24,Field,Void
train/pd/2aa0b3ac000b9416_w26.png,2aa0b3ac000b9416,26,Field,Void
train/pd/2aa11a8b7d8de830_w00.png,2aa11a8b7d8de830,0,Lab,Particle
train/pd/2aa11a8b7d8de830_w01.png,2aa11a8b7d8de830,1,Lab,Particle
train/pd/2aa11a8b7d8de830_w02.png,2aa11a8b7d8de830,2,Lab,Particle
train/pd/2aa11a8b7d8de830_w12.png,2aa11a8b7d8de830,12,Lab,Particle
train/pd/2aa11a8b7d8de830_w15.png,2aa11a8b7d8de830,15,Lab,Particle
train/pd/2aa11a8b7d8de830_w19.png,2aa11a8b7d8de830,19,Lab,Particle
train/pd/2aa11a8b7d8de830_w21.png,2aa11a8b7d8de830,21,Lab,Particle
train/pd/2aa11a8b7d8de830_w23.png,2aa11a8b7d8de830,23,Lab,Particle
train/pd/2ab036194bf6b439_w00.png,2ab036194bf6b439,0,Lab,Void
train/pd/2ab036194bf6b439_w04.png,2ab036194bf6b439,4,Lab,Void
train/pd/2ab036194bf6b439_w08.png,2ab036194bf6b439,8,Lab,Void
train/pd/2ab036194bf6b439_w09.png,2ab036194bf6b439,9,Lab,Void
train/pd/2ab036194bf6b439_w10.png,2ab036194bf6b439,10,Lab,Void
train/pd/2ab036194bf6b439_w19.png,2ab036194bf6b439,19,Lab,Void
train/pd/2ab036194bf6b439_w22.png,2ab036194bf6b439,22,Lab,Void
train/pd/2ab036194bf6b439_w27.png,2ab036194bf6b439,27,Lab,Void
train/pd/2ae5cc9f6dafaeba_w01.png,2ae5cc9f6dafaeba,1,Lab,Void
train/pd/2ae5cc9f6dafaeba_w04.png,2ae5cc9f6dafaeba,4,Lab,Void
train/pd/2ae5cc9f6dafaeba_w05.png,2ae5cc9f6dafaeba,5,Lab,Void
train/pd/2ae5cc9f6dafaeba_w06.png,2ae5cc9f6dafaeba,6,Lab,Void
train/pd/2ae5cc9f6dafaeba_w07.png,2ae5cc9f6dafaeba,7,Lab,Void
train/pd/2ae5cc9f6dafaeba_w16.png,2ae5cc9f6dafaeba,16,Lab,Void
train/pd/2ae5cc9f6dafaeba_w26.png,2ae5cc9f6dafaeba,26,Lab,Void
train/pd/2ae5cc9f6dafaeba_w27.png,2ae5cc9f6dafaeba,27,Lab,Void
train/pd/2b143e6f47fab797_w00.png,2b143e6f47fab797,0,Lab,Particle
train/pd/2b143e6f47fab797_w01.png,2b143e6f47fab797,1,Lab,Particle
train/pd/2b143e6f47fab797_w14.png,2b143e6f47fab797,14,Lab,Particle
train/pd/2b143e6f47fab797_w15.png,2b143e6f47fab797,15,Lab,Particle
train/pd/2b143e6f47fab797_w17.png,2b143e6f47fab797,17,Lab,Particle
train/pd/2b143e6f47fab797_w24.png,2b143e6f47fab797,24,Lab,Particle
train/pd/2b143e6f47fab797_w25.png,2b143e6f47fab797,25,Lab,Particle
train/pd/2b143e6f47fab797_w27.png,2b143e6f47fab797,27,Lab,Particle
train/pd/2b33204158a96ece_w02.png,2b33204158a96ece,2,Lab,Particle
train/pd/2b33204158a96ece_w05.png,2b33204158a96ece,5,Lab,Particle
train/pd/2b33204158a96ece_w08.png,2b33204158a96ece,8,Lab,Particle
train/pd/2b33204158a96ece_w09.png,2b33204158a96ece,9,Lab,Particle
train/pd/2b33204158a96ece_w10.png,2b33204158a96ece,10,Lab,Particle
train/pd/2b33204158a96ece_w11.png,2b33204158a96ece,11,Lab,Particle
train/pd/2b33204158a96ece_w20.png,2b33204158a96ece,20,Lab,Particle
train/pd/2b33204158a96ece_w22.png,2b33204158a96ece,22,Lab,Particle
train/pd/2bb76a3feb49a6d7_w00.png,2bb76a3feb49a6d7,0,Lab,Particle
train/pd/2bb76a3feb49a6d7_w01.png,2bb76a3feb49a6d7,1,Lab,Particle
train/pd/2bb76a3feb49a6d7_w05.png,2bb76a3feb49a6d7,5,Lab,Particle
train/pd/2bb76a3feb49a6d7_w09.png,2bb76a3feb49a6d7,9,Lab,Particle
train/pd/2bb76a3feb49a6d7_w10.png,2bb76a3feb49a6d7,10,Lab,Particle
train/pd/2bb76a3feb49a6d7_w12.png,2bb76a3feb49a6d7,12,Lab,Particle
train/pd/2bb76a3feb49a6d7_w19.png,2bb76a3feb49a6d7,19,Lab,Particle
train/pd/2bb76a3feb49a6d7_w21.png,2bb76a3feb49a6d7,21,Lab,Particle
train/pd/2bd4d40fbfe0b4ae_w00.png,2bd4d40fbfe0b4ae,0,Lab,Corona
train/pd/2bd4d40fbfe0b4ae_w11.png,2bd4d40fbfe0b4ae,11,Lab,Corona
train/pd/2bd4d40fbfe0b4ae_w14.png,2bd4d40fbfe0b4ae,14,Lab,Corona
train/pd/2bd4d40fbfe0b4ae_w16.png,2bd4d40fbfe0b4ae,16,Lab,Corona
train/pd/2bd4d40fbfe0b4ae_w18.png,2bd4d40fbfe0b4ae,18,Lab,Corona
train/pd/2bd4d40fbfe0b4ae_w21.png,2bd4d40fbfe0b4ae,21,Lab,Corona
train/pd/2bd4d40fbfe0b4ae_w22.png,2bd4d40fbfe0b4ae,22,Lab,Corona
train/pd/2bd4d40fbfe0b4ae_w26.png,2bd4d40fbfe0b4ae,26,Lab,Corona
train/pd/2be63271e1f9a16e_w03.png,2be63271e1f9a16e,3,Lab,Particle
train/pd/2be63271e1f9a16e_w05.png,2be63271e1f9a16e,5,Lab,Particle
train/pd/2be63271e1f9a16e_w07.png,2be63271e1f9a16e,7,Lab,Particle
train/pd/2be63271e1f9a16e_w08.png,2be63271e1f9a16e,8,Lab,Particle
train/pd/2be63271e1f9a16e_w16.png,2be63271e1f9a16e,16,Lab,Particle
train/pd/2be63271e1f9a16e_w21.png,2be63271e1f9a16e,21,Lab,Particle
train/pd/2be63271e1f9a16e_w25.png,2be63271e1f9a16e,25,Lab,Particle
train/pd/2be63271e1f9a16e_w26.png,2be63271e1f9a16e,26,Lab,Particle
train/pd/2beb4bb1829a027e_w02.png,2beb4bb1829a027e,2,Lab,Corona
train/pd/2beb4bb1829a027e_w03.png,2beb4bb1829a027e,3,Lab,Corona
train/pd/2beb4bb1829a027e_w05.png,2beb4bb1829a027e,5,Lab,Corona
train/pd/2beb4bb1829a027e_w06.png,2beb4bb1829a027e,6,Lab,Corona
train/pd/2beb4bb1829a027e_w10.png,2beb4bb1829a027e,10,Lab,Corona
train/pd/2beb4bb1829a027e_w17.png,2beb4bb1829a027e,17,Lab,Corona
train/pd/2beb4bb1829a027e_w18.png,2beb4bb1829a027e,18,Lab,Corona
train/pd/2beb4bb1829a027e_w23.png,2beb4bb1829a027e,23,Lab,Corona
train/pd/2bfb2ad8d128affd_w01.png,2bfb2ad8d128affd,1,Lab,Particle
train/pd/2bfb2ad8d128affd_w03.png,2bfb2ad8d128affd,3,Lab,Particle
train/pd/2bfb2ad8d128affd_w06.png,2bfb2ad8d128affd,6,Lab,Particle
train/pd/2bfb2ad8d128affd_w08.png,2bfb2ad8d128affd,8,Lab,Particle
train/pd/2bfb2ad8d128affd_w12.png,2bfb2ad8d128affd,12,Lab,Particle
train/pd/2bfb2ad8d128affd_w16.png,2bfb2ad8d128affd,16,Lab,Particle
train/pd/2bfb2ad8d128affd_w18.png,2bfb2ad8d128affd,18,Lab,Particle
train/pd/2bfb2ad8d128affd_w25.png,2bfb2ad8d128affd,25,Lab,Particle
train/pd/2c630389cf34d47c_w00.png,2c630389cf34d47c,0,Lab,Void
train/pd/2c630389cf34d47c_w01.png,2c630389cf34d47c,1,Lab,Void
train/pd/2c630389cf34d47c_w02.png,2c630389cf34d47c,2,Lab,Void
train/pd/2c630389cf34d47c_w07.png,2c630389cf34d47c,7,Lab,Void
train/pd/2c630389cf34d47c_w15.png,2c630389cf34d47c,15,Lab,Void
train/pd/2c630389cf34d47c_w17.png,2c630389cf34d47c,17,Lab,Void
train/pd/2c630389cf34d47c_w23.png,2c630389cf34d47c,23,Lab,Void
train/pd/2c630389cf34d47c_w26.png,2c630389cf34d47c,26,Lab,Void
train/pd/2c8b1638daad092e_w00.png,2c8b1638daad092e,0,Field,Void
train/pd/2c8b1638daad092e_w05.png,2c8b1638daad092e,5,Field,Void
train/pd/2c8b1638daad092e_w11.png,2c8b1638daad092e,11,Field,Void
train/pd/2c8b1638daad092e_w13.png,2c8b1638daad092e,13,Field,Void
train/pd/2c8b1638daad092e_w17.png,2c8b1638daad092e,17,Field,Void
train/pd/2c8b1638daad092e_w20.png,2c8b1638daad092e,20,Field,Void
train/pd/2c8b1638daad092e_w24.png,2c8b1638daad092e,24,Field,Void
train/pd/2c8b1638daad092e_w27.png,2c8b1638daad092e,27,Field,Void
train/pd/2cf17d21dd36a3b0_w02.png,2cf17d21dd36a3b0,2,Lab,Void
train/pd/2cf17d21dd36a3b0_w10.png,2cf17d21dd36a3b0,10,Lab,Void
train/pd/2cf17d21dd36a3b0_w16.png,2cf17d21dd36a3b0,16,Lab,Void
train/pd/2cf17d21dd36a3b0_w18.png,2cf17d21dd36a3b0,18,Lab,Void
train/pd/2cf17d21dd36a3b0_w20.png,2cf17d21dd36a3b0,20,Lab,Void
train/pd/2cf17d21dd36a3b0_w21.png,2cf17d21dd36a3b0,21,Lab,Void
train/pd/2cf17d21dd36a3b0_w23.png,2cf17d21dd36a3b0,23,Lab,Void
train/pd/2cf17d21dd36a3b0_w25.png,2cf17d21dd36a3b0,25,Lab,Void
train/pd/2cfd47cb72373302_w05.png,2cfd47cb72373302,5,Lab,Particle
train/pd/2cfd47cb72373302_w07.png,2cfd47cb72373302,7,Lab,Particle
train/pd/2cfd47cb72373302_w09.png,2cfd47cb72373302,9,Lab,Particle
train/pd/2cfd47cb72373302_w10.png,2cfd47cb72373302,10,Lab,Particle
train/pd/2cfd47cb72373302_w17.png,2cfd47cb72373302,17,Lab,Particle
train/pd/2cfd47cb72373302_w20.png,2cfd47cb72373302,20,Lab,Particle
train/pd/2cfd47cb72373302_w25.png,2cfd47cb72373302,25,Lab,Particle
train/pd/2cfd47cb72373302_w27.png,2cfd47cb72373302,27,Lab,Particle
train/pd/2cff0c2067cd4a11_w02.png,2cff0c2067cd4a11,2,Lab,Void
train/pd/2cff0c2067cd4a11_w03.png,2cff0c2067cd4a11,3,Lab,Void
train/pd/2cff0c2067cd4a11_w10.png,2cff0c2067cd4a11,10,Lab,Void
train/pd/2cff0c2067cd4a11_w12.png,2cff0c2067cd4a11,12,Lab,Void
train/pd/2cff0c2067cd4a11_w17.png,2cff0c2067cd4a11,17,Lab,Void
train/pd/2cff0c2067cd4a11_w21.png,2cff0c2067cd4a11,21,Lab,Void
train/pd/2cff0c2067cd4a11_w22.png,2cff0c2067cd4a11,22,Lab,Void
train/pd/2cff0c2067cd4a11_w25.png,2cff0c2067cd4a11,25,Lab,Void
train/pd/2d24db42d115b71b_w01.png,2d24db42d115b71b,1,Lab,Particle
train/pd/2d24db42d115b71b_w04.png,2d24db42d115b71b,4,Lab,Particle
train/pd/2d24db42d115b71b_w06.png,2d24db42d115b71b,6,Lab,Particle
train/pd/2d24db42d115b71b_w09.png,2d24db42d115b71b,9,Lab,Particle
train/pd/2d24db42d115b71b_w16.png,2d24db42d115b71b,16,Lab,Particle
train/pd/2d24db42d115b71b_w20.png,2d24db42d115b71b,20,Lab,Particle
train/pd/2d24db42d115b71b_w23.png,2d24db42d115b71b,23,Lab,Particle
train/pd/2d24db42d115b71b_w24.png,2d24db42d115b71b,24,Lab,Particle
train/pd/2d2b764acb42ecd8_w00.png,2d2b764acb42ecd8,0,Lab,Void
train/pd/2d2b764acb42ecd8_w05.png,2d2b764acb42ecd8,5,Lab,Void
train/pd/2d2b764acb42ecd8_w07.png,2d2b764acb42ecd8,7,Lab,Void
train/pd/2d2b764acb42ecd8_w12.png,2d2b764acb42ecd8,12,Lab,Void
train/pd/2d2b764acb42ecd8_w14.png,2d2b764acb42ecd8,14,Lab,Void
train/pd/2d2b764acb42ecd8_w23.png,2d2b764acb42ecd8,23,Lab,Void
train/pd/2d2b764acb42ecd8_w26.png,2d2b764acb42ecd8,26,Lab,Void
train/pd/2d2b764acb42ecd8_w27.png,2d2b764acb42ecd8,27,Lab,Void
train/pd/2d4ffaabf4abcdf6_w05.png,2d4ffaabf4abcdf6,5,Lab,Floating
train/pd/2d4ffaabf4abcdf6_w12.png,2d4ffaabf4abcdf6,12,Lab,Floating
train/pd/2d4ffaabf4abcdf6_w13.png,2d4ffaabf4abcdf6,13,Lab,Floating
train/pd/2d4ffaabf4abcdf6_w17.png,2d4ffaabf4abcdf6,17,Lab,Floating
train/pd/2d4ffaabf4abcdf6_w19.png,2d4ffaabf4abcdf6,19,Lab,Floating
train/pd/2d4ffaabf4abcdf6_w24.png,2d4ffaabf4abcdf6,24,Lab,Floating
train/pd/2d4ffaabf4abcdf6_w25.png,2d4ffaabf4abcdf6,25,Lab,Floating
train/pd/2d4ffaabf4abcdf6_w26.png,2d4ffaabf4abcdf6,26,Lab,Floating
train/pd/2d53017050cd7013_w06.png,2d53017050cd7013,6,Lab,Floating
train/pd/2d53017050cd7013_w07.png,2d53017050cd7013,7,Lab,Floating
train/pd/2d53017050cd7013_w12.png,2d53017050cd7013,12,Lab,Floating
train/pd/2d53017050cd7013_w14.png,2d53017050cd7013,14,Lab,Floating
train/pd/2d53017050cd7013_w18.png,2d53017050cd7013,18,Lab,Floating
train/pd/2d53017050cd7013_w19.png,2d53017050cd7013,19,Lab,Floating
train/pd/2d53017050cd7013_w23.png,2d53017050cd7013,23,Lab,Floating
train/pd/2d53017050cd7013_w25.png,2d53017050cd7013,25,Lab,Floating
train/pd/2d89c6ef9d7b96ff_w01.png,2d89c6ef9d7b96ff,1,Lab,Corona
train/pd/2d89c6ef9d7b96ff_w02.png,2d89c6ef9d7b96ff,2,Lab,Corona
train/pd/2d89c6ef9d7b96ff_w03.png,2d89c6ef9d7b96ff,3,Lab,Corona
train/pd/2d89c6ef9d7b96ff_w05.png,2d89c6ef9d7b96ff,5,Lab,Corona
train/pd/2d89c6ef9d7b96ff_w07.png,2d89c6ef9d7b96ff,7,Lab,Corona
train/pd/2d89c6ef9d7b96ff_w08.png,2d89c6ef9d7b96ff,8,Lab,Corona
train/pd/2d89c6ef9d7b96ff_w13.png,2d89c6ef9d7b96ff,13,Lab,Corona
train/pd/2d89c6ef9d7b96ff_w24.png,2d89c6ef9d7b96ff,24,Lab,Corona
train/pd/2d9c8e4f1ed90a3e_w02.png,2d9c8e4f1ed90a3e,2,Lab,Corona
train/pd/2d9c8e4f1ed90a3e_w03.png,2d9c8e4f1ed90a3e,3,Lab,Corona
train/pd/2d9c8e4f1ed90a3e_w16.png,2d9c8e4f1ed90a3e,16,Lab,Corona
train/pd/2d9c8e4f1ed90a3e_w18.png,2d9c8e4f1ed90a3e,18,Lab,Corona
train/pd/2d9c8e4f1ed90a3e_w19.png,2d9c8e4f1ed90a3e,19,Lab,Corona
train/pd/2d9c8e4f1ed90a3e_w22.png,2d9c8e4f1ed90a3e,22,Lab,Corona
train/pd/2d9c8e4f1ed90a3e_w24.png,2d9c8e4f1ed90a3e,24,Lab,Corona
train/pd/2d9c8e4f1ed90a3e_w27.png,2d9c8e4f1ed90a3e,27,Lab,Corona
train/pd/2db9a43dba2682a8_w01.png,2db9a43dba2682a8,1,Lab,Corona
train/pd/2db9a43dba2682a8_w09.png,2db9a43dba2682a8,9,Lab,Corona
train/pd/2db9a43dba2682a8_w12.png,2db9a43dba2682a8,12,Lab,Corona
train/pd/2db9a43dba2682a8_w15.png,2db9a43dba2682a8,15,Lab,Corona
train/pd/2db9a43dba2682a8_w17.png,2db9a43dba2682a8,17,Lab,Corona
train/pd/2db9a43dba2682a8_w18.png,2db9a43dba2682a8,18,Lab,Corona
train/pd/2db9a43dba2682a8_w20.png,2db9a43dba2682a8,20,Lab,Corona
train/pd/2db9a43dba2682a8_w21.png,2db9a43dba2682a8,21,Lab,Corona
train/pd/2dd4bf023d29b9a3_w09.png,2dd4bf023d29b9a3,9,Lab,Corona
train/pd/2dd4bf023d29b9a3_w10.png,2dd4bf023d29b9a3,10,Lab,Corona
train/pd/2dd4bf023d29b9a3_w13.png,2dd4bf023d29b9a3,13,Lab,Corona
train/pd/2dd4bf023d29b9a3_w16.png,2dd4bf023d29b9a3,16,Lab,Corona
train/pd/2dd4bf023d29b9a3_w18.png,2dd4bf023d29b9a3,18,Lab,Corona
train/pd/2dd4bf023d29b9a3_w25.png,2dd4bf023d29b9a3,25,Lab,Corona
train/pd/2dd4bf023d29b9a3_w26.png,2dd4bf023d29b9a3,26,Lab,Corona
train/pd/2dd4bf023d29b9a3_w27.png,2dd4bf023d29b9a3,27,Lab,Corona
train/pd/2e39dc78c98cfb74_w01.png,2e39dc78c98cfb74,1,Lab,Void
train/pd/2e39dc78c98cfb74_w10.png,2e39dc78c98cfb74,10,Lab,Void
train/pd/2e39dc78c98cfb74_w12.png,2e39dc78c98cfb74,12,Lab,Void
train/pd/2e39dc78c98cfb74_w16.png,2e39dc78c98cfb74,16,Lab,Void
train/pd/2e39dc78c98cfb74_w17.png,2e39dc78c98cfb74,17,Lab,Void
train/pd/2e39dc78c98cfb74_w22.png,2e39dc78c98cfb74,22,Lab,Void
train/pd/2e39dc78c98cfb74_w23.png,2e39dc78c98cfb74,23,Lab,Void
train/pd/2e39dc78c98cfb74_w24.png,2e39dc78c98cfb74,24,Lab,Void
train/pd/2e57a807a3b8ac1b_w00.png,2e57a807a3b8ac1b,0,Lab,Void
train/pd/2e57a807a3b8ac1b_w06.png,2e57a807a3b8ac1b,6,Lab,Void
train/pd/2e57a807a3b8ac1b_w13.png,2e57a807a3b8ac1b,13,Lab,Void
train/pd/2e57a807a3b8ac1b_w14.png,2e57a807a3b8ac1b,14,Lab,Void
train/pd/2e57a807a3b8ac1b_w15.png,2e57a807a3b8ac1b,15,Lab,Void
train/pd/2e57a807a3b8ac1b_w18.png,2e57a807a3b8ac1b,18,Lab,Void
train/pd/2e57a807a3b8ac1b_w19.png,2e57a807a3b8ac1b,19,Lab,Void
train/pd/2e57a807a3b8ac1b_w24.png,2e57a807a3b8ac1b,24,Lab,Void
train/pd/2e6ac55704f0a37a_w02.png,2e6ac55704f0a37a,2,Field,Floating
train/pd/2e6ac55704f0a37a_w08.png,2e6ac55704f0a37a,8,Field,Floating
train/pd/2e6ac55704f0a37a_w10.png,2e6ac55704f0a37a,10,Field,Floating
train/pd/2e6ac55704f0a37a_w12.png,2e6ac55704f0a37a,12,Field,Floating
train/pd/2e6ac55704f0a37a_w16.png,2e6ac55704f0a37a,16,Field,Floating
train/pd/2e6ac55704f0a37a_w19.png,2e6ac55704f0a37a,19,Field,Floating
train/pd/2e6ac55704f0a37a_w20.png,2e6ac55704f0a37a,20,Field,Floating
train/pd/2e6ac55704f0a37a_w27.png,2e6ac55704f0a37a,27,Field,Floating
train/pd/2e70ba83ad1282f5_w07.png,2e70ba83ad1282f5,7,Lab,Corona
train/pd/2e70ba83ad1282f5_w08.png,2e70ba83ad1282f5,8,Lab,Corona
train/pd/2e70ba83ad1282f5_w12.png,2e70ba83ad1282f5,12,Lab,Corona
train/pd/2e70ba83ad1282f5_w13.png,2e70ba83ad1282f5,13,Lab,Corona
train/pd/2e70ba83ad1282f5_w18.png,2e70ba83ad1282f5,18,Lab,Corona
train/pd/2e70ba83ad1282f5_w21.png,2e70ba83ad1282f5,21,Lab,Corona
train/pd/2e70ba83ad1282f5_w23.png,2e70ba83ad1282f5,23,Lab,Corona
train/pd/2e70ba83ad1282f5_w26.png,2e70ba83ad1282f5,26,Lab,Corona
train/pd/2e986900bb82b2ad_w01.png,2e986900bb82b2ad,1,Lab,Particle
train/pd/2e986900bb82b2ad_w03.png,2e986900bb82b2ad,3,Lab,Particle
train/pd/2e986900bb82b2ad_w04.png,2e986900bb82b2ad,4,Lab,Particle
train/pd/2e986900bb82b2ad_w05.png,2e986900bb82b2ad,5,Lab,Particle
train/pd/2e986900bb82b2ad_w06.png,2e986900bb82b2ad,6,Lab,Particle
train/pd/2e986900bb82b2ad_w09.png,2e986900bb82b2ad,9,Lab,Particle
train/pd/2e986900bb82b2ad_w10.png,2e986900bb82b2ad,10,Lab,Particle
train/pd/2e986900bb82b2ad_w18.png,2e986900bb82b2ad,18,Lab,Particle
train/pd/2ea9d13832fcbac0_w00.png,2ea9d13832fcbac0,0,Field,Void
train/pd/2ea9d13832fcbac0_w02.png,2ea9d13832fcbac0,2,Field,Void
train/pd/2ea9d13832fcbac0_w04.png,2ea9d13832fcbac0,4,Field,Void
train/pd/2ea9d13832fcbac0_w07.png,2ea9d13832fcbac0,7,Field,Void
train/pd/2ea9d13832fcbac0_w10.png,2ea9d13832fcbac0,10,Field,Void
train/pd/2ea9d13832fcbac0_w20.png,2ea9d13832fcbac0,20,Field,Void
train/pd/2ea9d13832fcbac0_w22.png,2ea9d13832fcbac0,22,Field,Void
train/pd/2ea9d13832fcbac0_w23.png,2ea9d13832fcbac0,23,Field,Void
train/pd/2ed6e4965873664d_w01.png,2ed6e4965873664d,1,Lab,Corona
train/pd/2ed6e4965873664d_w04.png,2ed6e4965873664d,4,Lab,Corona
train/pd/2ed6e4965873664d_w09.png,2ed6e4965873664d,9,Lab,Corona
train/pd/2ed6e4965873664d_w18.png,2ed6e4965873664d,18,Lab,Corona
train/pd/2ed6e4965873664d_w21.png,2ed6e4965873664d,21,Lab,Corona
train/pd/2ed6e4965873664d_w24.png,2ed6e4965873664d,24,Lab,Corona
train/pd/2ed6e4965873664d_w25.png,2ed6e4965873664d,25,Lab,Corona
train/pd/2ed6e4965873664d_w26.png,2ed6e4965873664d,26,Lab,Corona
train/pd/2efaa434169b3160_w00.png,2efaa434169b3160,0,Lab,Corona
train/pd/2efaa434169b3160_w04.png,2efaa434169b3160,4,Lab,Corona
train/pd/2efaa434169b3160_w05.png,2efaa434169b3160,5,Lab,Corona
train/pd/2efaa434169b3160_w12.png,2efaa434169b3160,12,Lab,Corona
train/pd/2efaa434169b3160_w16.png,2efaa434169b3160,16,Lab,Corona
train/pd/2efaa434169b3160_w17.png,2efaa434169b3160,17,Lab,Corona
train/pd/2efaa434169b3160_w18.png,2efaa434169b3160,18,Lab,Corona
train/pd/2efaa434169b3160_w23.png,2efaa434169b3160,23,Lab,Corona
train/pd/2f0c7f37cfe5334f_w01.png,2f0c7f37cfe5334f,1,Lab,Particle
train/pd/2f0c7f37cfe5334f_w13.png,2f0c7f37cfe5334f,13,Lab,Particle
train/pd/2f0c7f37cfe5334f_w14.png,2f0c7f37cfe5334f,14,Lab,Particle
train/pd/2f0c7f37cfe5334f_w16.png,2f0c7f37cfe5334f,16,Lab,Particle
train/pd/2f0c7f37cfe5334f_w17.png,2f0c7f37cfe5334f,17,Lab,Particle
train/pd/2f0c7f37cfe5334f_w22.png,2f0c7f37cfe5334f,22,Lab,Particle
train/pd/2f0c7f37cfe5334f_w24.png,2f0c7f37cfe5334f,24,Lab,Particle
train/pd/2f0c7f37cfe5334f_w26.png,2f0c7f37cfe5334f,26,Lab,Particle
train/pd/2f15120639c50051_w02.png,2f15120639c50051,2,Field,Void
train/pd/2f15120639c50051_w05.png,2f15120639c50051,5,Field,Void
train/pd/2f15120639c50051_w08.png,2f15120639c50051,8,Field,Void
train/pd/2f15120639c50051_w10.png,2f15120639c50051,10,Field,Void
train/pd/2f15120639c50051_w16.png,2f15120639c50051,16,Field,Void
train/pd/2f15120639c50051_w22.png,2f15120639c50051,22,Field,Void
train/pd/2f15120639c50051_w24.png,2f15120639c50051,24,Field,Void
train/pd/2f15120639c50051_w26.png,2f15120639c50051,26,Field,Void
train/pd/2f47df54f08e9cb3_w03.png,2f47df54f08e9cb3,3,Lab,Floating
train/pd/2f47df54f08e9cb3_w07.png,2f47df54f08e9cb3,7,Lab,Floating
train/pd/2f47df54f08e9cb3_w09.png,2f47df54f08e9cb3,9,Lab,Floating
train/pd/2f47df54f08e9cb3_w13.png,2f47df54f08e9cb3,13,Lab,Floating
train/pd/2f47df54f08e9cb3_w17.png,2f47df54f08e9cb3,17,Lab,Floating
train/pd/2f47df54f08e9cb3_w20.png,2f47df54f08e9cb3,20,Lab,Floating
train/pd/2f47df54f08e9cb3_w25.png,2f47df54f08e9cb3,25,Lab,Floating
train/pd/2f47df54f08e9cb3_w26.png,2f47df54f08e9cb3,26,Lab,Floating
train/pd/2f4e9d39fea452f8_w06.png,2f4e9d39fea452f8,6,Field,Void
train/pd/2f4e9d39fea452f8_w13.png,2f4e9d39fea452f8,13,Field,Void
train/pd/2f4e9d39fea452f8_w15.png,2f4e9d39fea452f8,15,Field,Void
train/pd/2f4e9d39fea452f8_w16.png,2f4e9d39fea452f8,16,Field,Void
train/pd/2f4e9d39fea452f8_w17.png,2f4e9d39fea452f8,17,Field,Void
train/pd/2f4e9d39fea452f8_w18.png,2f4e9d39fea452f8,18,Field,Void
train/pd/2f4e9d39fea452f8_w19.png,2f4e9d39fea452f8,19,Field,Void
train/pd/2f4e9d39fea452f8_w20.png,2f4e9d39fea452f8,20,Field,Void
train/pd/2f66eca5cc60254a_w00.png,2f66eca5cc60254a,0,Lab,Corona
train/pd/2f66eca5cc60254a_w03.png,2f66eca5cc60254a,3,Lab,Corona
train/pd/2f66eca5cc60254a_w04.png,2f66eca5cc60254a,4,Lab,Corona
train/pd/2f66eca5cc60254a_w08.png,2f66eca5cc60254a,8,Lab,Corona
train/pd/2f66eca5cc60254a_w09.png,2f66eca5cc60254a,9,Lab,Corona
train/pd/2f66eca5cc60254a_w12.png,2f66eca5cc60254a,12,Lab,Corona
train/pd/2f66eca5cc60254a_w18.png,2f66eca5cc60254a,18,Lab,Corona
train/pd/2f66eca5cc60254a_w19.png,2f66eca5cc60254a,19,Lab,Corona
train/pd/2fa0305ec021c955_w01.png,2fa0305ec021c955,1,Lab,Floating
train/pd/2fa0305ec021c955_w03.png,2fa0305ec021c955,3,Lab,Floating
train/pd/2fa0305ec021c955_w05.png,2fa0305ec021c955,5,Lab,Floating
train/pd/2fa0305ec021c955_w07.png,2fa0305ec021c955,7,Lab,Floating
train/pd/2fa0305ec021c955_w10.png,2fa0305ec021c955,10,Lab,Floating
train/pd/2fa0305ec021c955_w13.png,2fa0305ec021c955,13,Lab,Floating
train/pd/2fa0305ec021c955_w18.png,2fa0305ec021c955,18,Lab,Floating
train/pd/2fa0305ec021c955_w23.png,2fa0305ec021c955,23,Lab,Floating
train/pd/2fa875d4af9c0c13_w02.png,2fa875d4af9c0c13,2,Lab,Void
train/pd/2fa875d4af9c0c13_w05.png,2fa875d4af9c0c13,5,Lab,Void
train/pd/2fa875d4af9c0c13_w11.png,2fa875d4af9c0c13,11,Lab,Void
train/pd/2fa875d4af9c0c13_w16.png,2fa875d4af9c0c13,16,Lab,Void
train/pd/2fa875d4af9c0c13_w20.png,2fa875d4af9c0c13,20,Lab,Void
train/pd/2fa875d4af9c0c13_w21.png,2fa875d4af9c0c13,21,Lab,Void
train/pd/2fa875d4af9c0c13_w23.png,2fa875d4af9c0c13,23,Lab,Void
train/pd/2fa875d4af9c0c13_w26.png,2fa875d4af9c0c13,26,Lab,Void
train/pd/2fb5f2ade9c0a6bf_w00.png,2fb5f2ade9c0a6bf,0,Lab,Floating
train/pd/2fb5f2ade9c0a6bf_w05.png,2fb5f2ade9c0a6bf,5,Lab,Floating
train/pd/2fb5f2ade9c0a6bf_w10.png,2fb5f2ade9c0a6bf,10,Lab,Floating
train/pd/2fb5f2ade9c0a6bf_w16.png,2fb5f2ade9c0a6bf,16,Lab,Floating
train/pd/2fb5f2ade9c0a6bf_w17.png,2fb5f2ade9c0a6bf,17,Lab,Floating
train/pd/2fb5f2ade9c0a6bf_w20.png,2fb5f2ade9c0a6bf,20,Lab,Floating
train/pd/2fb5f2ade9c0a6bf_w21.png,2fb5f2ade9c0a6bf,21,Lab,Floating
train/pd/2fb5f2ade9c0a6bf_w25.png,2fb5f2ade9c0a6bf,25,Lab,Floating
train/pd/2fbb90fca601c29c_w00.png,2fbb90fca601c29c,0,Lab,Corona
train/pd/2fbb90fca601c29c_w02.png,2fbb90fca601c29c,2,Lab,Corona
train/pd/2fbb90fca601c29c_w06.png,2fbb90fca601c29c,6,Lab,Corona
train/pd/2fbb90fca601c29c_w08.png,2fbb90fca601c29c,8,Lab,Corona
train/pd/2fbb90fca601c29c_w10.png,2fbb90fca601c29c,10,Lab,Corona
train/pd/2fbb90fca601c29c_w12.png,2fbb90fca601c29c,12,Lab,Corona
train/pd/2fbb90fca601c29c_w18.png,2fbb90fca601c29c,18,Lab,Corona
train/pd/2fbb90fca601c29c_w27.png,2fbb90fca601c29c,27,Lab,Corona
train/pd/2fd0787550510056_w04.png,2fd0787550510056,4,Lab,Void
train/pd/2fd0787550510056_w07.png,2fd0787550510056,7,Lab,Void
train/pd/2fd0787550510056_w08.png,2fd0787550510056,8,Lab,Void
train/pd/2fd0787550510056_w10.png,2fd0787550510056,10,Lab,Void
train/pd/2fd0787550510056_w13.png,2fd0787550510056,13,Lab,Void
train/pd/2fd0787550510056_w15.png,2fd0787550510056,15,Lab,Void
train/pd/2fd0787550510056_w16.png,2fd0787550510056,16,Lab,Void
train/pd/2fd0787550510056_w19.png,2fd0787550510056,19,Lab,Void
train/pd/2fd9cef669598089_w00.png,2fd9cef669598089,0,Lab,Void
train/pd/2fd9cef669598089_w01.png,2fd9cef669598089,1,Lab,Void
train/pd/2fd9cef669598089_w05.png,2fd9cef669598089,5,Lab,Void
train/pd/2fd9cef669598089_w06.png,2fd9cef669598089,6,Lab,Void
train/pd/2fd9cef669598089_w07.png,2fd9cef669598089,7,Lab,Void
train/pd/2fd9cef669598089_w08.png,2fd9cef669598089,8,Lab,Void
train/pd/2fd9cef669598089_w19.png,2fd9cef669598089,19,Lab,Void
train/pd/2fd9cef669598089_w20.png,2fd9cef669598089,20,Lab,Void
train/pd/2fe5b4aa89f0170c_w02.png,2fe5b4aa89f0170c,2,Lab,Void
train/pd/2fe5b4aa89f0170c_w03.png,2fe5b4aa89f0170c,3,Lab,Void
train/pd/2fe5b4aa89f0170c_w04.png,2fe5b4aa89f0170c,4,Lab,Void
train/pd/2fe5b4aa89f0170c_w10.png,2fe5b4aa89f0170c,10,Lab,Void
train/pd/2fe5b4aa89f0170c_w17.png,2fe5b4aa89f0170c,17,Lab,Void
train/pd/2fe5b4aa89f0170c_w20.png,2fe5b4aa89f0170c,20,Lab,Void
train/pd/2fe5b4aa89f0170c_w22.png,2fe5b4aa89f0170c,22,Lab,Void
train/pd/2fe5b4aa89f0170c_w24.png,2fe5b4aa89f0170c,24,Lab,Void
train/pd/2fecec3bd373061e_w02.png,2fecec3bd373061e,2,Lab,Void
train/pd/2fecec3bd373061e_w09.png,2fecec3bd373061e,9,Lab,Void
train/pd/2fecec3bd373061e_w10.png,2fecec3bd373061e,10,Lab,Void
train/pd/2fecec3bd373061e_w11.png,2fecec3bd373061e,11,Lab,Void
train/pd/2fecec3bd373061e_w15.png,2fecec3bd373061e,15,Lab,Void
train/pd/2fecec3bd373061e_w20.png,2fecec3bd373061e,20,Lab,Void
train/pd/2fecec3bd373061e_w25.png,2fecec3bd373061e,25,Lab,Void
train/pd/2fecec3bd373061e_w26.png,2fecec3bd373061e,26,Lab,Void
train/pd/300c94601b35e04d_w00.png,300c94601b35e04d,0,Lab,Floating
train/pd/300c94601b35e04d_w02.png,300c94601b35e04d,2,Lab,Floating
train/pd/300c94601b35e04d_w03.png,300c94601b35e04d,3,Lab,Floating
train/pd/300c94601b35e04d_w09.png,300c94601b35e04d,9,Lab,Floating
train/pd/300c94601b35e04d_w11.png,300c94601b35e04d,11,Lab,Floating
train/pd/300c94601b35e04d_w12.png,300c94601b35e04d,12,Lab,Floating
train/pd/300c94601b35e04d_w15.png,300c94601b35e04d,15,Lab,Floating
train/pd/300c94601b35e04d_w17.png,300c94601b35e04d,17,Lab,Floating
train/pd/302d139824a5e72b_w06.png,302d139824a5e72b,6,Lab,Void
train/pd/302d139824a5e72b_w08.png,302d139824a5e72b,8,Lab,Void
train/pd/302d139824a5e72b_w12.png,302d139824a5e72b,12,Lab,Void
train/pd/302d139824a5e72b_w13.png,302d139824a5e72b,13,Lab,Void
train/pd/302d139824a5e72b_w19.png,302d139824a5e72b,19,Lab,Void
train/pd/302d139824a5e72b_w21.png,302d139824a5e72b,21,Lab,Void
train/pd/302d139824a5e72b_w23.png,302d139824a5e72b,23,Lab,Void
train/pd/302d139824a5e72b_w27.png,302d139824a5e72b,27,Lab,Void
train/pd/30405246670fe7c8_w09.png,30405246670fe7c8,9,Lab,Corona
train/pd/30405246670fe7c8_w12.png,30405246670fe7c8,12,Lab,Corona
train/pd/30405246670fe7c8_w18.png,30405246670fe7c8,18,Lab,Corona
train/pd/30405246670fe7c8_w21.png,30405246670fe7c8,21,Lab,Corona
train/pd/30405246670fe7c8_w22.png,30405246670fe7c8,22,Lab,Corona
train/pd/30405246670fe7c8_w23.png,30405246670fe7c8,23,Lab,Corona
train/pd/30405246670fe7c8_w24.png,30405246670fe7c8,24,Lab,Corona
train/pd/30405246670fe7c8_w25.png,30405246670fe7c8,25,Lab,Corona
train/pd/308a740df87fd772_w01.png,308a740df87fd772,1,Lab,Void
train/pd/308a740df87fd772_w03.png,308a740df87fd772,3,Lab,Void
train/pd/308a740df87fd772_w08.png,308a740df87fd772,8,Lab,Void
train/pd/308a740df87fd772_w09.png,308a740df87fd772,9,Lab,Void
train/pd/308a740df87fd772_w13.png,308a740df87fd772,13,Lab,Void
train/pd/308a740df87fd772_w16.png,308a740df87fd772,16,Lab,Void
train/pd/308a740df87fd772_w25.png,308a740df87fd772,25,Lab,Void
train/pd/308a740df87fd772_w27.png,308a740df87fd772,27,Lab,Void
train/pd/30e411692f6d3b54_w04.png,30e411692f6d3b54,4,Lab,Floating
train/pd/30e411692f6d3b54_w06.png,30e411692f6d3b54,6,Lab,Floating
train/pd/30e411692f6d3b54_w11.png,30e411692f6d3b54,11,Lab,Floating
train/pd/30e411692f6d3b54_w13.png,30e411692f6d3b54,13,Lab,Floating
train/pd/30e411692f6d3b54_w14.png,30e411692f6d3b54,14,Lab,Floating
train/pd/30e411692f6d3b54_w16.png,30e411692f6d3b54,16,Lab,Floating
train/pd/30e411692f6d3b54_w18.png,30e411692f6d3b54,18,Lab,Floating
train/pd/30e411692f6d3b54_w26.png,30e411692f6d3b54,26,Lab,Floating
train/pd/312834409915c517_w07.png,312834409915c517,7,Lab,Void
train/pd/312834409915c517_w14.png,312834409915c517,14,Lab,Void
train/pd/312834409915c517_w15.png,312834409915c517,15,Lab,Void
train/pd/312834409915c517_w18.png,312834409915c517,18,Lab,Void
train/pd/312834409915c517_w19.png,312834409915c517,19,Lab,Void
train/pd/312834409915c517_w24.png,312834409915c517,24,Lab,Void
train/pd/312834409915c517_w25.png,312834409915c517,25,Lab,Void
train/pd/312834409915c517_w27.png,312834409915c517,27,Lab,Void
train/pd/31323f2ec5af1ec7_w00.png,31323f2ec5af1ec7,0,Lab,Void
train/pd/31323f2ec5af1ec7_w01.png,31323f2ec5af1ec7,1,Lab,Void
train/pd/31323f2ec5af1ec7_w04.png,31323f2ec5af1ec7,4,Lab,Void
train/pd/31323f2ec5af1ec7_w15.png,31323f2ec5af1ec7,15,Lab,Void
train/pd/31323f2ec5af1ec7_w16.png,31323f2ec5af1ec7,16,Lab,Void
train/pd/31323f2ec5af1ec7_w21.png,31323f2ec5af1ec7,21,Lab,Void
train/pd/31323f2ec5af1ec7_w26.png,31323f2ec5af1ec7,26,Lab,Void
train/pd/31323f2ec5af1ec7_w27.png,31323f2ec5af1ec7,27,Lab,Void
train/pd/3148c0e364a6a6f5_w02.png,3148c0e364a6a6f5,2,Lab,Void
train/pd/3148c0e364a6a6f5_w04.png,3148c0e364a6a6f5,4,Lab,Void
train/pd/3148c0e364a6a6f5_w09.png,3148c0e364a6a6f5,9,Lab,Void
train/pd/3148c0e364a6a6f5_w10.png,3148c0e364a6a6f5,10,Lab,Void
train/pd/3148c0e364a6a6f5_w14.png,3148c0e364a6a6f5,14,Lab,Void
train/pd/3148c0e364a6a6f5_w19.png,3148c0e364a6a6f5,19,Lab,Void
train/pd/3148c0e364a6a6f5_w20.png,3148c0e364a6a6f5,20,Lab,Void
train/pd/3148c0e364a6a6f5_w26.png,3148c0e364a6a6f5,26,Lab,Void
train/pd/31aaaa7bc08a2ff9_w04.png,31aaaa7bc08a2ff9,4,Lab,Void
train/pd/31aaaa7bc08a2ff9_w05.png,31aaaa7bc08a2ff9,5,Lab,Void
train/pd/31aaaa7bc08a2ff9_w08.png,31aaaa7bc08a2ff9,8,Lab,Void
train/pd/31aaaa7bc08a2ff9_w10.png,31aaaa7bc08a2ff9,10,Lab,Void
train/pd/31aaaa7bc08a2ff9_w12.png,31aaaa7bc08a2ff9,12,Lab,Void
train/pd/31aaaa7bc08a2ff9_w14.png,31aaaa7bc08a2ff9,14,Lab,Void
train/pd/31aaaa7bc08a2ff9_w21.png,31aaaa7bc08a2ff9,21,Lab,Void
train/pd/31aaaa7bc08a2ff9_w24.png,31aaaa7bc08a2ff9,24,Lab,Void
train/pd/31c3b507a259b225_w06.png,31c3b507a259b225,6,Lab,Floating
train/pd/31c3b507a259b225_w07.png,31c3b507a259b225,7,Lab,Floating
train/pd/31c3b507a259b225_w10.png,31c3b507a259b225,10,Lab,Floating
train/pd/31c3b507a259b225_w13.png,31c3b507a259b225,13,Lab,Floating
train/pd/31c3b507a259b225_w22.png,31c3b507a259b225,22,Lab,Floating
train/pd/31c3b507a259b225_w25.png,31c3b507a259b225,25,Lab,Floating
train/pd/31c3b507a259b225_w26.png,31c3b507a259b225,26,Lab,Floating
train/pd/31c3b507a259b225_w27.png,31c3b507a259b225,27,Lab,Floating
train/pd/31ebe78086756fd2_w01.png,31ebe78086756fd2,1,Field,Void
train/pd/31ebe78086756fd2_w08.png,31ebe78086756fd2,8,Field,Void
train/pd/31ebe78086756fd2_w15.png,31ebe78086756fd2,15,Field,Void
train/pd/31ebe78086756fd2_w16.png,31ebe78086756fd2,16,Field,Void
train/pd/31ebe78086756fd2_w17.png,31ebe78086756fd2,17,Field,Void
train/pd/31ebe78086756fd2_w21.png,31ebe78086756fd2,21,Field,Void
train/pd/31ebe78086756fd2_w22.png,31ebe78086756fd2,22,Field,Void
train/pd/31ebe78086756fd2_w25.png,31ebe78086756fd2,25,Field,Void
train/pd/32030b1d03ce1139_w04.png,32030b1d03ce1139,4,Field,Void
train/pd/32030b1d03ce1139_w05.png,32030b1d03ce1139,5,Field,Void
train/pd/32030b1d03ce1139_w07.png,32030b1d03ce1139,7,Field,Void
train/pd/32030b1d03ce1139_w08.png,32030b1d03ce1139,8,Field,Void
train/pd/32030b1d03ce1139_w16.png,32030b1d03ce1139,16,Field,Void
train/pd/32030b1d03ce1139_w17.png,32030b1d03ce1139,17,Field,Void
train/pd/32030b1d03ce1139_w18.png,32030b1d03ce1139,18,Field,Void
train/pd/32030b1d03ce1139_w21.png,32030b1d03ce1139,21,Field,Void
train/pd/321c79123f8739de_w04.png,321c79123f8739de,4,Lab,Void
train/pd/321c79123f8739de_w05.png,321c79123f8739de,5,Lab,Void
train/pd/321c79123f8739de_w11.png,321c79123f8739de,11,Lab,Void
train/pd/321c79123f8739de_w18.png,321c79123f8739de,18,Lab,Void
train/pd/321c79123f8739de_w21.png,321c79123f8739de,21,Lab,Void
train/pd/321c79123f8739de_w22.png,321c79123f8739de,22,Lab,Void
train/pd/321c79123f8739de_w26.png,321c79123f8739de,26,Lab,Void
train/pd/321c79123f8739de_w27.png,321c79123f8739de,27,Lab,Void
train/pd/32384f6b2fa9d513_w00.png,32384f6b2fa9d513,0,Lab,Floating
train/pd/32384f6b2fa9d513_w10.png,32384f6b2fa9d513,10,Lab,Floating
train/pd/32384f6b2fa9d513_w12.png,32384f6b2fa9d513,12,Lab,Floating
train/pd/32384f6b2fa9d513_w15.png,32384f6b2fa9d513,15,Lab,Floating
train/pd/32384f6b2fa9d513_w17.png,32384f6b2fa9d513,17,Lab,Floating
train/pd/32384f6b2fa9d513_w19.png,32384f6b2fa9d513,19,Lab,Floating
train/pd/32384f6b2fa9d513_w22.png,32384f6b2fa9d513,22,Lab,Floating
train/pd/32384f6b2fa9d513_w27.png,32384f6b2fa9d513,27,Lab,Floating
train/pd/3278edbf94eb214a_w02.png,3278edbf94eb214a,2,Lab,Corona
train/pd/3278edbf94eb214a_w03.png,3278edbf94eb214a,3,Lab,Corona
train/pd/3278edbf94eb214a_w04.png,3278edbf94eb214a,4,Lab,Corona
train/pd/3278edbf94eb214a_w07.png,3278edbf94eb214a,7,Lab,Corona
train/pd/3278edbf94eb214a_w13.png,3278edbf94eb214a,13,Lab,Corona
train/pd/3278edbf94eb214a_w16.png,3278edbf94eb214a,16,Lab,Corona
train/pd/3278edbf94eb214a_w20.png,3278edbf94eb214a,20,Lab,Corona
train/pd/3278edbf94eb214a_w26.png,3278edbf94eb214a,26,Lab,Corona
train/pd/32b4fdd3463cfc7a_w00.png,32b4fdd3463cfc7a,0,Lab,Particle
train/pd/32b4fdd3463cfc7a_w04.png,32b4fdd3463cfc7a,4,Lab,Particle
train/pd/32b4fdd3463cfc7a_w07.png,32b4fdd3463cfc7a,7,Lab,Particle
train/pd/32b4fdd3463cfc7a_w10.png,32b4fdd3463cfc7a,10,Lab,Particle
train/pd/32b4fdd3463cfc7a_w12.png,32b4fdd3463cfc7a,12,Lab,Particle
train/pd/32b4fdd3463cfc7a_w13.png,32b4fdd3463cfc7a,13,Lab,Particle
train/pd/32b4fdd3463cfc7a_w20.png,32b4fdd3463cfc7a,20,Lab,Particle
train/pd/32b4fdd3463cfc7a_w25.png,32b4fdd3463cfc7a,25,Lab,Particle
train/pd/32bde353de89eeb2_w04.png,32bde353de89eeb2,4,Lab,Void
train/pd/32bde353de89eeb2_w06.png,32bde353de89eeb2,6,Lab,Void
train/pd/32bde353de89eeb2_w07.png,32bde353de89eeb2,7,Lab,Void
train/pd/32bde353de89eeb2_w09.png,32bde353de89eeb2,9,Lab,Void
train/pd/32bde353de89eeb2_w10.png,32bde353de89eeb2,10,Lab,Void
train/pd/32bde353de89eeb2_w14.png,32bde353de89eeb2,14,Lab,Void
train/pd/32bde353de89eeb2_w20.png,32bde353de89eeb2,20,Lab,Void
train/pd/32bde353de89eeb2_w23.png,32bde353de89eeb2,23,Lab,Void
train/pd/33071a04aac5ba3e_w00.png,33071a04aac5ba3e,0,Lab,Corona
train/pd/33071a04aac5ba3e_w04.png,33071a04aac5ba3e,4,Lab,Corona
train/pd/33071a04aac5ba3e_w07.png,33071a04aac5ba3e,7,Lab,Corona
train/pd/33071a04aac5ba3e_w09.png,33071a04aac5ba3e,9,Lab,Corona
train/pd/33071a04aac5ba3e_w14.png,33071a04aac5ba3e,14,Lab,Corona
train/pd/33071a04aac5ba3e_w16.png,33071a04aac5ba3e,16,Lab,Corona
train/pd/33071a04aac5ba3e_w18.png,33071a04aac5ba3e,18,Lab,Corona
train/pd/33071a04aac5ba3e_w26.png,33071a04aac5ba3e,26,Lab,Corona
train/pd/33166ce915884282_w02.png,33166ce915884282,2,Field,Void
train/pd/33166ce915884282_w05.png,33166ce915884282,5,Field,Void
train/pd/33166ce915884282_w08.png,33166ce915884282,8,Field,Void
train/pd/33166ce915884282_w11.png,33166ce915884282,11,Field,Void
train/pd/33166ce915884282_w14.png,33166ce915884282,14,Field,Void
train/pd/33166ce915884282_w16.png,33166ce915884282,16,Field,Void
train/pd/33166ce915884282_w25.png,33166ce915884282,25,Field,Void
train/pd/33166ce915884282_w26.png,33166ce915884282,26,Field,Void
train/pd/342241b7ad4443ac_w04.png,342241b7ad4443ac,4,Lab,Floating
train/pd/342241b7ad4443ac_w09.png,342241b7ad4443ac,9,Lab,Floating
train/pd/342241b7ad4443ac_w13.png,342241b7ad4443ac,13,Lab,Floating
train/pd/342241b7ad4443ac_w17.png,342241b7ad4443ac,17,Lab,Floating
train/pd/342241b7ad4443ac_w19.png,342241b7ad4443ac,19,Lab,Floating
train/pd/342241b7ad4443ac_w20.png,342241b7ad4443ac,20,Lab,Floating
train/pd/342241b7ad4443ac_w23.png,342241b7ad4443ac,23,Lab,Floating
train/pd/342241b7ad4443ac_w25.png,342241b7ad4443ac,25,Lab,Floating
train/pd/3434d6836c7d4a22_w01.png,3434d6836c7d4a22,1,Lab,Void
train/pd/3434d6836c7d4a22_w02.png,3434d6836c7d4a22,2,Lab,Void
train/pd/3434d6836c7d4a22_w10.png,3434d6836c7d4a22,10,Lab,Void
train/pd/3434d6836c7d4a22_w13.png,3434d6836c7d4a22,13,Lab,Void
train/pd/3434d6836c7d4a22_w17.png,3434d6836c7d4a22,17,Lab,Void
train/pd/3434d6836c7d4a22_w21.png,3434d6836c7d4a22,21,Lab,Void
train/pd/3434d6836c7d4a22_w22.png,3434d6836c7d4a22,22,Lab,Void
train/pd/3434d6836c7d4a22_w25.png,3434d6836c7d4a22,25,Lab,Void
train/pd/343e2d608cb97198_w02.png,343e2d608cb97198,2,Lab,Void
train/pd/343e2d608cb97198_w08.png,343e2d608cb97198,8,Lab,Void
train/pd/343e2d608cb97198_w09.png,343e2d608cb97198,9,Lab,Void
train/pd/343e2d608cb97198_w14.png,343e2d608cb97198,14,Lab,Void
train/pd/343e2d608cb97198_w15.png,343e2d608cb97198,15,Lab,Void
train/pd/343e2d608cb97198_w17.png,343e2d608cb97198,17,Lab,Void
train/pd/343e2d608cb97198_w22.png,343e2d608cb97198,22,Lab,Void
train/pd/343e2d608cb97198_w26.png,343e2d608cb97198,26,Lab,Void
train/pd/34416ff885fbeff6_w01.png,34416ff885fbeff6,1,Lab,Floating
train/pd/34416ff885fbeff6_w04.png,34416ff885fbeff6,4,Lab,Floating
train/pd/34416ff885fbeff6_w07.png,34416ff885fbeff6,7,Lab,Floating
train/pd/34416ff885fbeff6_w08.png,34416ff885fbeff6,8,Lab,Floating
train/pd/34416ff885fbeff6_w14.png,34416ff885fbeff6,14,Lab,Floating
train/pd/34416ff885fbeff6_w19.png,34416ff885fbeff6,19,Lab,Floating
train/pd/34416ff885fbeff6_w23.png,34416ff885fbeff6,23,Lab,Floating
train/pd/34416ff885fbeff6_w24.png,34416ff885fbeff6,24,Lab,Floating
train/pd/34657b6b8ea25609_w02.png,34657b6b8ea25609,2,Lab,Void
train/pd/34657b6b8ea25609_w07.png,34657b6b8ea25609,7,Lab,Void
train/pd/34657b6b8ea25609_w12.png,34657b6b8ea25609,12,Lab,Void
train/pd/34657b6b8ea25609_w13.png,34657b6b8ea25609,13,Lab,Void
train/pd/34657b6b8ea25609_w15.png,34657b6b8ea25609,15,Lab,Void
train/pd/34657b6b8ea25609_w23.png,34657b6b8ea25609,23,Lab,Void
train/pd/34657b6b8ea25609_w25.png,34657b6b8ea25609,25,Lab,Void
train/pd/34657b6b8ea25609_w27.png,34657b6b8ea25609,27,Lab,Void
train/pd/34824892fccfa8a4_w04.png,34824892fccfa8a4,4,Field,Void
train/pd/34824892fccfa8a4_w05.png,34824892fccfa8a4,5,Field,Void
train/pd/34824892fccfa8a4_w06.png,34824892fccfa8a4,6,Field,Void
train/pd/34824892fccfa8a4_w07.png,34824892fccfa8a4,7,Field,Void
train/pd/34824892fccfa8a4_w08.png,34824892fccfa8a4,8,Field,Void
train/pd/34824892fccfa8a4_w13.png,34824892fccfa8a4,13,Field,Void
train/pd/34824892fccfa8a4_w18.png,34824892fccfa8a4,18,Field,Void
train/pd/34824892fccfa8a4_w19.png,34824892fccfa8a4,19,Field,Void
train/pd/348f558d0b706c33_w01.png,348f558d0b706c33,1,Field,Void
train/pd/348f558d0b706c33_w06.png,348f558d0b706c33,6,Field,Void
train/pd/348f558d0b706c33_w11.png,348f558d0b706c33,11,Field,Void
train/pd/348f558d0b706c33_w16.png,348f558d0b706c33,16,Field,Void
train/pd/348f558d0b706c33_w18.png,348f558d0b706c33,18,Field,Void
train/pd/348f558d0b706c33_w19.png,348f558d0b706c33,19,Field,Void
train/pd/348f558d0b706c33_w24.png,348f558d0b706c33,24,Field,Void
train/pd/348f558d0b706c33_w27.png,348f558d0b706c33,27,Field,Void
train/pd/349696d7631b8d0e_w00.png,349696d7631b8d0e,0,Lab,Particle
train/pd/349696d7631b8d0e_w07.png,349696d7631b8d0e,7,Lab,Particle
train/pd/349696d7631b8d0e_w08.png,349696d7631b8d0e,8,Lab,Particle
train/pd/349696d7631b8d0e_w11.png,349696d7631b8d0e,11,Lab,Particle
train/pd/349696d7631b8d0e_w15.png,349696d7631b8d0e,15,Lab,Particle
train/pd/349696d7631b8d0e_w18.png,349696d7631b8d0e,18,Lab,Particle
train/pd/349696d7631b8d0e_w19.png,349696d7631b8d0e,19,Lab,Particle
train/pd/349696d7631b8d0e_w26.png,349696d7631b8d0e,26,Lab,Particle
train/pd/34d3338665ede193_w05.png,34d3338665ede193,5,Lab,Floating
train/pd/34d3338665ede193_w07.png,34d3338665ede193,7,Lab,Floating
train/pd/34d3338665ede193_w14.png,34d3338665ede193,14,Lab,Floating
train/pd/34d3338665ede193_w19.png,34d3338665ede193,19,Lab,Floating
train/pd/34d3338665ede193_w21.png,34d3338665ede193,21,Lab,Floating
train/pd/34d3338665ede193_w24.png,34d3338665ede193,24,Lab,Floating
train/pd/34d3338665ede193_w26.png,34d3338665ede193,26,Lab,Floating
train/pd/34d3338665ede193_w27.png,34d3338665ede193,27,Lab,Floating
train/pd/34e1434394538f0a_w00.png,34e1434394538f0a,0,Lab,Void
train/pd/34e1434394538f0a_w09.png,34e1434394538f0a,9,Lab,Void
train/pd/34e1434394538f0a_w10.png,34e1434394538f0a,10,Lab,Void
train/pd/34e1434394538f0a_w12.png,34e1434394538f0a,12,Lab,Void
train/pd/34e1434394538f0a_w14.png,34e1434394538f0a,14,Lab,Void
train/pd/34e1434394538f0a_w15.png,34e1434394538f0a,15,Lab,Void
train/pd/34e1434394538f0a_w24.png,34e1434394538f0a,24,Lab,Void
train/pd/34e1434394538f0a_w27.png,34e1434394538f0a,27,Lab,Void
train/pd/3583a21032ad0334_w01.png,3583a21032ad0334,1,Field,Void
train/pd/3583a21032ad0334_w06.png,3583a21032ad0334,6,Field,Void
train/pd/3583a21032ad0334_w15.png,3583a21032ad0334,15,Field,Void
train/pd/3583a21032ad0334_w16.png,3583a21032ad0334,16,Field,Void
train/pd/3583a21032ad0334_w22.png,3583a21032ad0334,22,Field,Void
train/pd/3583a21032ad0334_w23.png,3583a21032ad0334,23,Field,Void
train/pd/3583a21032ad0334_w24.png,3583a21032ad0334,24,Field,Void
train/pd/3583a21032ad0334_w26.png,3583a21032ad0334,26,Field,Void
train/pd/3583ecb0b6b38cdc_w03.png,3583ecb0b6b38cdc,3,Lab,Particle
train/pd/3583ecb0b6b38cdc_w04.png,3583ecb0b6b38cdc,4,Lab,Particle
train/pd/3583ecb0b6b38cdc_w05.png,3583ecb0b6b38cdc,5,Lab,Particle
train/pd/3583ecb0b6b38cdc_w12.png,3583ecb0b6b38cdc,12,Lab,Particle
train/pd/3583ecb0b6b38cdc_w18.png,3583ecb0b6b38cdc,18,Lab,Particle
train/pd/3583ecb0b6b38cdc_w22.png,3583ecb0b6b38cdc,22,Lab,Particle
train/pd/3583ecb0b6b38cdc_w24.png,3583ecb0b6b38cdc,24,Lab,Particle
train/pd/3583ecb0b6b38cdc_w27.png,3583ecb0b6b38cdc,27,Lab,Particle
train/pd/359decb6b06db6e6_w07.png,359decb6b06db6e6,7,Lab,Void
train/pd/359decb6b06db6e6_w10.png,359decb6b06db6e6,10,Lab,Void
train/pd/359decb6b06db6e6_w12.png,359decb6b06db6e6,12,Lab,Void
train/pd/359decb6b06db6e6_w14.png,359decb6b06db6e6,14,Lab,Void
train/pd/359decb6b06db6e6_w15.png,359decb6b06db6e6,15,Lab,Void
train/pd/359decb6b06db6e6_w21.png,359decb6b06db6e6,21,Lab,Void
train/pd/359decb6b06db6e6_w25.png,359decb6b06db6e6,25,Lab,Void
train/pd/359decb6b06db6e6_w26.png,359decb6b06db6e6,26,Lab,Void
train/pd/35bb54207db664d7_w05.png,35bb54207db664d7,5,Lab,Floating
train/pd/35bb54207db664d7_w09.png,35bb54207db664d7,9,Lab,Floating
train/pd/35bb54207db664d7_w15.png,35bb54207db664d7,15,Lab,Floating
train/pd/35bb54207db664d7_w16.png,35bb54207db664d7,16,Lab,Floating
train/pd/35bb54207db664d7_w18.png,35bb54207db664d7,18,Lab,Floating
train/pd/35bb54207db664d7_w24.png,35bb54207db664d7,24,Lab,Floating
train/pd/35bb54207db664d7_w25.png,35bb54207db664d7,25,Lab,Floating
train/pd/35bb54207db664d7_w27.png,35bb54207db664d7,27,Lab,Floating
train/pd/35e53e87d9590444_w06.png,35e53e87d9590444,6,Lab,Particle
train/pd/35e53e87d9590444_w07.png,35e53e87d9590444,7,Lab,Particle
train/pd/35e53e87d9590444_w08.png,35e53e87d9590444,8,Lab,Particle
train/pd/35e53e87d9590444_w10.png,35e53e87d9590444,10,Lab,Particle
train/pd/35e53e87d9590444_w11.png,35e53e87d9590444,11,Lab,Particle
train/pd/35e53e87d9590444_w13.png,35e53e87d9590444,13,Lab,Particle
train/pd/35e53e87d9590444_w21.png,35e53e87d9590444,21,Lab,Particle
train/pd/35e53e87d9590444_w27.png,35e53e87d9590444,27,Lab,Particle
train/pd/3663daf043796fa8_w00.png,3663daf043796fa8,0,Lab,Void
train/pd/3663daf043796fa8_w04.png,3663daf043796fa8,4,Lab,Void
train/pd/3663daf043796fa8_w09.png,3663daf043796fa8,9,Lab,Void
train/pd/3663daf043796fa8_w11.png,3663daf043796fa8,11,Lab,Void
train/pd/3663daf043796fa8_w17.png,3663daf043796fa8,17,Lab,Void
train/pd/3663daf043796fa8_w19.png,3663daf043796fa8,19,Lab,Void
train/pd/3663daf043796fa8_w25.png,3663daf043796fa8,25,Lab,Void
train/pd/3663daf043796fa8_w26.png,3663daf043796fa8,26,Lab,Void
train/pd/3692e729188a2b5f_w02.png,3692e729188a2b5f,2,Field,Corona
train/pd/3692e729188a2b5f_w08.png,3692e729188a2b5f,8,Field,Corona
train/pd/3692e729188a2b5f_w09.png,3692e729188a2b5f,9,Field,Corona
train/pd/3692e729188a2b5f_w14.png,3692e729188a2b5f,14,Field,Corona
train/pd/3692e729188a2b5f_w16.png,3692e729188a2b5f,16,Field,Corona
train/pd/3692e729188a2b5f_w17.png,3692e729188a2b5f,17,Field,Corona
train/pd/3692e729188a2b5f_w19.png,3692e729188a2b5f,19,Field,Corona
train/pd/3692e729188a2b5f_w26.png,3692e729188a2b5f,26,Field,Corona
train/pd/369f40de5743a556_w00.png,369f40de5743a556,0,Lab,Corona
train/pd/369f40de5743a556_w02.png,369f40de5743a556,2,Lab,Corona
train/pd/369f40de5743a556_w03.png,369f40de5743a556,3,Lab,Corona
train/pd/369f40de5743a556_w05.png,369f40de5743a556,5,Lab,Corona
train/pd/369f40de5743a556_w09.png,369f40de5743a556,9,Lab,Corona
train/pd/369f40de5743a556_w22.png,369f40de5743a556,22,Lab,Corona
train/pd/369f40de5743a556_w25.png,369f40de5743a556,25,Lab,Corona
train/pd/369f40de5743a556_w26.png,369f40de5743a556,26,Lab,Corona
train/pd/36c315ef16bfa52f_w02.png,36c315ef16bfa52f,2,Lab,Particle
train/pd/36c315ef16bfa52f_w03.png,36c315ef16bfa52f,3,Lab,Particle
train/pd/36c315ef16bfa52f_w04.png,36c315ef16bfa52f,4,Lab,Particle
train/pd/36c315ef16bfa52f_w07.png,36c315ef16bfa52f,7,Lab,Particle
train/pd/36c315ef16bfa52f_w08.png,36c315ef16bfa52f,8,Lab,Particle
train/pd/36c315ef16bfa52f_w09.png,36c315ef16bfa52f,9,Lab,Particle
train/pd/36c315ef16bfa52f_w14.png,36c315ef16bfa52f,14,Lab,Particle
train/pd/36c315ef16bfa52f_w23.png,36c315ef16bfa52f,23,Lab,Particle
train/pd/36d7c62d70b7a7d3_w02.png,36d7c62d70b7a7d3,2,Lab,Corona
train/pd/36d7c62d70b7a7d3_w03.png,36d7c62d70b7a7d3,3,Lab,Corona
train/pd/36d7c62d70b7a7d3_w05.png,36d7c62d70b7a7d3,5,Lab,Corona
train/pd/36d7c62d70b7a7d3_w08.png,36d7c62d70b7a7d3,8,Lab,Corona
train/pd/36d7c62d70b7a7d3_w16.png,36d7c62d70b7a7d3,16,Lab,Corona
train/pd/36d7c62d70b7a7d3_w19.png,36d7c62d70b7a7d3,19,Lab,Corona
train/pd/36d7c62d70b7a7d3_w24.png,36d7c62d70b7a7d3,24,Lab,Corona
train/pd/36d7c62d70b7a7d3_w26.png,36d7c62d70b7a7d3,26,Lab,Corona
train/pd/36f22644ad2e3368_w01.png,36f22644ad2e3368,1,Field,Void
train/pd/36f22644ad2e3368_w05.png,36f22644ad2e3368,5,Field,Void
train/pd/36f22644ad2e3368_w09.png,36f22644ad2e3368,9,Field,Void
train/pd/36f22644ad2e3368_w10.png,36f22644ad2e3368,10,Field,Void
train/pd/36f22644ad2e3368_w15.png,36f22644ad2e3368,15,Field,Void
train/pd/36f22644ad2e3368_w17.png,36f22644ad2e3368,17,Field,Void
train/pd/36f22644ad2e3368_w23.png,36f22644ad2e3368,23,Field,Void
train/pd/36f22644ad2e3368_w26.png,36f22644ad2e3368,26,Field,Void
train/pd/370178b4f7a08d88_w03.png,370178b4f7a08d88,3,Field,Floating
train/pd/370178b4f7a08d88_w08.png,370178b4f7a08d88,8,Field,Floating
train/pd/370178b4f7a08d88_w09.png,370178b4f7a08d88,9,Field,Floating
train/pd/370178b4f7a08d88_w11.png,370178b4f7a08d88,11,Field,Floating
train/pd/370178b4f7a08d88_w17.png,370178b4f7a08d88,17,Field,Floating
train/pd/370178b4f7a08d88_w22.png,370178b4f7a08d88,22,Field,Floating
train/pd/370178b4f7a08d88_w24.png,370178b4f7a08d88,24,Field,Floating
train/pd/370178b4f7a08d88_w26.png,370178b4f7a08d88,26,Field,Floating
train/pd/3707407c5379ae8e_w03.png,3707407c5379ae8e,3,Lab,Corona
train/pd/3707407c5379ae8e_w04.png,3707407c5379ae8e,4,Lab,Corona
train/pd/3707407c5379ae8e_w12.png,3707407c5379ae8e,12,Lab,Corona
train/pd/3707407c5379ae8e_w13.png,3707407c5379ae8e,13,Lab,Corona
train/pd/3707407c5379ae8e_w15.png,3707407c5379ae8e,15,Lab,Corona
train/pd/3707407c5379ae8e_w18.png,3707407c5379ae8e,18,Lab,Corona
train/pd/3707407c5379ae8e_w20.png,3707407c5379ae8e,20,Lab,Corona
train/pd/3707407c5379ae8e_w24.png,3707407c5379ae8e,24,Lab,Corona
train/pd/3750260ea45708b5_w00.png,3750260ea45708b5,0,Lab,Floating
train/pd/3750260ea45708b5_w06.png,3750260ea45708b5,6,Lab,Floating
train/pd/3750260ea45708b5_w15.png,3750260ea45708b5,15,Lab,Floating
train/pd/3750260ea45708b5_w17.png,3750260ea45708b5,17,Lab,Floating
train/pd/3750260ea45708b5_w19.png,3750260ea45708b5,19,Lab,Floating
train/pd/3750260ea45708b5_w20.png,3750260ea45708b5,20,Lab,Floating
train/pd/3750260ea45708b5_w24.png,3750260ea45708b5,24,Lab,Floating
train/pd/3750260ea45708b5_w26.png,3750260ea45708b5,26,Lab,Floating
train/pd/3794d757aea96cda_w03.png,3794d757aea96cda,3,Lab,Particle
train/pd/3794d757aea96cda_w05.png,3794d757aea96cda,5,Lab,Particle
train/pd/3794d757aea96cda_w10.png,3794d757aea96cda,10,Lab,Particle
train/pd/3794d757aea96cda_w12.png,3794d757aea96cda,12,Lab,Particle
train/pd/3794d757aea96cda_w15.png,3794d757aea96cda,15,Lab,Particle
train/pd/3794d757aea96cda_w16.png,3794d757aea96cda,16,Lab,Particle
train/pd/3794d757aea96cda_w26.png,3794d757aea96cda,26,Lab,Particle
train/pd/3794d757aea96cda_w27.png,3794d757aea96cda,27,Lab,Particle
train/pd/37a3dbd3a76171ce_w11.png,37a3dbd3a76171ce,11,Lab,Void
train/pd/37a3dbd3a76171ce_w12.png,37a3dbd3a76171ce,12,Lab,Void
train/pd/37a3dbd3a76171ce_w15.png,37a3dbd3a76171ce,15,Lab,Void
train/pd/37a3dbd3a76171ce_w16.png,37a3dbd3a76171ce,16,Lab,Void
train/pd/37a3dbd3a76171ce_w20.png,37a3dbd3a76171ce,20,Lab,Void
train/pd/37a3dbd3a76171ce_w22.png,37a3dbd3a76171ce,22,Lab,Void
train/pd/37a3dbd3a76171ce_w25.png,37a3dbd3a76171ce,25,Lab,Void
train/pd/37a3dbd3a76171ce_w27.png,37a3dbd3a76171ce,27,Lab,Void
train/pd/37afb066045075a3_w03.png,37afb066045075a3,3,Lab,Floating
train/pd/37afb066045075a3_w04.png,37afb066045075a3,4,Lab,Floating
train/pd/37afb066045075a3_w05.png,37afb066045075a3,5,Lab,Floating
train/pd/37afb066045075a3_w19.png,37afb066045075a3,19,Lab,Floating
train/pd/37afb066045075a3_w21.png,37afb066045075a3,21,Lab,Floating
train/pd/37afb066045075a3_w24.png,37afb066045075a3,24,Lab,Floating
train/pd/37afb066045075a3_w25.png,37afb066045075a3,25,Lab,Floating
train/pd/37afb066045075a3_w26.png,37afb066045075a3,26,Lab,Floating
train/pd/37b2c90119fa4c94_w00.png,37b2c90119fa4c94,0,Lab,Particle
train/pd/37b2c90119fa4c94_w02.png,37b2c90119fa4c94,2,Lab,Particle
train/pd/37b2c90119fa4c94_w04.png,37b2c90119fa4c94,4,Lab,Particle
train/pd/37b2c90119fa4c94_w15.png,37b2c90119fa4c94,15,Lab,Particle
train/pd/37b2c90119fa4c94_w16.png,37b2c90119fa4c94,16,Lab,Particle
train/pd/37b2c90119fa4c94_w21.png,37b2c90119fa4c94,21,Lab,Particle
train/pd/37b2c90119fa4c94_w22.png,37b2c90119fa4c94,22,Lab,Particle
train/pd/37b2c90119fa4c94_w24.png,37b2c90119fa4c94,24,Lab,Particle
train/pd/37e7e8f6fb46989d_w00.png,37e7e8f6fb46989d,0,Lab,Floating
train/pd/37e7e8f6fb46989d_w03.png,37e7e8f6fb46989d,3,Lab,Floating
train/pd/37e7e8f6fb46989d_w04.png,37e7e8f6fb46989d,4,Lab,Floating
train/pd/37e7e8f6fb46989d_w06.png,37e7e8f6fb46989d,6,Lab,Floating
train/pd/37e7e8f6fb46989d_w07.png,37e7e8f6fb46989d,7,Lab,Floating
train/pd/37e7e8f6fb46989d_w08.png,37e7e8f6fb46989d,8,Lab,Floating
train/pd/37e7e8f6fb46989d_w13.png,37e7e8f6fb46989d,13,Lab,Floating
train/pd/37e7e8f6fb46989d_w15.png,37e7e8f6fb46989d,15,Lab,Floating
train/pd/37ec760b17a3f666_w02.png,37ec760b17a3f666,2,Lab,Void
train/pd/37ec760b17a3f666_w06.png,37ec760b17a3f666,6,Lab,Void
train/pd/37ec760b17a3f666_w09.png,37ec760b17a3f666,9,Lab,Void
train/pd/37ec760b17a3f666_w13.png,37ec760b17a3f666,13,Lab,Void
train/pd/37ec760b17a3f666_w14.png,37ec760b17a3f666,14,Lab,Void
train/pd/37ec760b17a3f666_w16.png,37ec760b17a3f666,16,Lab,Void
train/pd/37ec760b17a3f666_w23.png,37ec760b17a3f666,23,Lab,Void
train/pd/37ec760b17a3f666_w24.png,37ec760b17a3f666,24,Lab,Void
train/pd/3826ddfdcf3e7e0c_w03.png,3826ddfdcf3e7e0c,3,Lab,Floating
train/pd/3826ddfdcf3e7e0c_w04.png,3826ddfdcf3e7e0c,4,Lab,Floating
train/pd/3826ddfdcf3e7e0c_w05.png,3826ddfdcf3e7e0c,5,Lab,Floating
train/pd/3826ddfdcf3e7e0c_w06.png,3826ddfdcf3e7e0c,6,Lab,Floating
train/pd/3826ddfdcf3e7e0c_w07.png,3826ddfdcf3e7e0c,7,Lab,Floating
train/pd/3826ddfdcf3e7e0c_w10.png,3826ddfdcf3e7e0c,10,Lab,Floating
train/pd/3826ddfdcf3e7e0c_w15.png,3826ddfdcf3e7e0c,15,Lab,Floating
train/pd/3826ddfdcf3e7e0c_w26.png,3826ddfdcf3e7e0c,26,Lab,Floating
train/pd/382902825cd7291d_w04.png,382902825cd7291d,4,Field,Floating
train/pd/382902825cd7291d_w14.png,382902825cd7291d,14,Field,Floating
train/pd/382902825cd7291d_w16.png,382902825cd7291d,16,Field,Floating
train/pd/382902825cd7291d_w21.png,382902825cd7291d,21,Field,Floating
train/pd/382902825cd7291d_w23.png,382902825cd7291d,23,Field,Floating
train/pd/382902825cd7291d_w25.png,382902825cd7291d,25,Field,Floating
train/pd/382902825cd7291d_w26.png,382902825cd7291d,26,Field,Floating
train/pd/382902825cd7291d_w27.png,382902825cd7291d,27,Field,Floating
train/pd/3840418e449a4a7a_w01.png,3840418e449a4a7a,1,Lab,Particle
train/pd/3840418e449a4a7a_w04.png,3840418e449a4a7a,4,Lab,Particle
train/pd/3840418e449a4a7a_w05.png,3840418e449a4a7a,5,Lab,Particle
train/pd/3840418e449a4a7a_w11.png,3840418e449a4a7a,11,Lab,Particle
train/pd/3840418e449a4a7a_w14.png,3840418e449a4a7a,14,Lab,Particle
train/pd/3840418e449a4a7a_w15.png,3840418e449a4a7a,15,Lab,Particle
train/pd/3840418e449a4a7a_w24.png,3840418e449a4a7a,24,Lab,Particle
train/pd/3840418e449a4a7a_w25.png,3840418e449a4a7a,25,Lab,Particle
train/pd/384c1df4c2602288_w01.png,384c1df4c2602288,1,Lab,Particle
train/pd/384c1df4c2602288_w06.png,384c1df4c2602288,6,Lab,Particle
train/pd/384c1df4c2602288_w12.png,384c1df4c2602288,12,Lab,Particle
train/pd/384c1df4c2602288_w14.png,384c1df4c2602288,14,Lab,Particle
train/pd/384c1df4c2602288_w20.png,384c1df4c2602288,20,Lab,Particle
train/pd/384c1df4c2602288_w23.png,384c1df4c2602288,23,Lab,Particle
train/pd/384c1df4c2602288_w26.png,384c1df4c2602288,26,Lab,Particle
train/pd/384c1df4c2602288_w27.png,384c1df4c2602288,27,Lab,Particle
train/pd/3870703b4979ab20_w06.png,3870703b4979ab20,6,Field,Void
train/pd/3870703b4979ab20_w07.png,3870703b4979ab20,7,Field,Void
train/pd/3870703b4979ab20_w11.png,3870703b4979ab20,11,Field,Void
train/pd/3870703b4979ab20_w13.png,3870703b4979ab20,13,Field,Void
train/pd/3870703b4979ab20_w14.png,3870703b4979ab20,14,Field,Void
train/pd/3870703b4979ab20_w18.png,3870703b4979ab20,18,Field,Void
train/pd/3870703b4979ab20_w20.png,3870703b4979ab20,20,Field,Void
train/pd/3870703b4979ab20_w23.png,3870703b4979ab20,23,Field,Void
train/pd/387198fcae4839b3_w01.png,387198fcae4839b3,1,Lab,Particle
train/pd/387198fcae4839b3_w02.png,387198fcae4839b3,2,Lab,Particle
train/pd/387198fcae4839b3_w06.png,387198fcae4839b3,6,Lab,Particle
train/pd/387198fcae4839b3_w07.png,387198fcae4839b3,7,Lab,Particle
train/pd/387198fcae4839b3_w08.png,387198fcae4839b3,8,Lab,Particle
train/pd/387198fcae4839b3_w18.png,387198fcae4839b3,18,Lab,Particle
train/pd/387198fcae4839b3_w24.png,387198fcae4839b3,24,Lab,Particle
train/pd/387198fcae4839b3_w26.png,387198fcae4839b3,26,Lab,Particle
train/pd/38baf2120f3756ae_w02.png,38baf2120f3756ae,2,Lab,Void
train/pd/38baf2120f3756ae_w06.png,38baf2120f3756ae,6,Lab,Void
train/pd/38baf2120f3756ae_w09.png,38baf2120f3756ae,9,Lab,Void
train/pd/38baf2120f3756ae_w15.png,38baf2120f3756ae,15,Lab,Void
train/pd/38baf2120f3756ae_w17.png,38baf2120f3756ae,17,Lab,Void
train/pd/38baf2120f3756ae_w18.png,38baf2120f3756ae,18,Lab,Void
train/pd/38baf2120f3756ae_w22.png,38baf2120f3756ae,22,Lab,Void
train/pd/38baf2120f3756ae_w26.png,38baf2120f3756ae,26,Lab,Void
train/pd/38e1dfd4e7d463b4_w02.png,38e1dfd4e7d463b4,2,Lab,Floating
train/pd/38e1dfd4e7d463b4_w03.png,38e1dfd4e7d463b4,3,Lab,Floating
train/pd/38e1dfd4e7d463b4_w04.png,38e1dfd4e7d463b4,4,Lab,Floating
train/pd/38e1dfd4e7d463b4_w07.png,38e1dfd4e7d463b4,7,Lab,Floating
train/pd/38e1dfd4e7d463b4_w09.png,38e1dfd4e7d463b4,9,Lab,Floating
train/pd/38e1dfd4e7d463b4_w10.png,38e1dfd4e7d463b4,10,Lab,Floating
train/pd/38e1dfd4e7d463b4_w13.png,38e1dfd4e7d463b4,13,Lab,Floating
train/pd/38e1dfd4e7d463b4_w27.png,38e1dfd4e7d463b4,27,Lab,Floating
train/pd/3964cf3681d5223a_w01.png,3964cf3681d5223a,1,Lab,Void
train/pd/3964cf3681d5223a_w06.png,3964cf3681d5223a,6,Lab,Void
train/pd/3964cf3681d5223a_w08.png,3964cf3681d5223a,8,Lab,Void
train/pd/3964cf3681d5223a_w09.png,3964cf3681d5223a,9,Lab,Void
train/pd/3964cf3681d5223a_w10.png,3964cf3681d5223a,10,Lab,Void
train/pd/3964cf3681d5223a_w17.png,3964cf3681d5223a,17,Lab,Void
train/pd/3964cf3681d5223a_w24.png,3964cf3681d5223a,24,Lab,Void
train/pd/3964cf3681d5223a_w27.png,3964cf3681d5223a,27,Lab,Void
train/pd/397cb24bdbf714ac_w00.png,397cb24bdbf714ac,0,Lab,Corona
train/pd/397cb24bdbf714ac_w04.png,397cb24bdbf714ac,4,Lab,Corona
train/pd/397cb24bdbf714ac_w06.png,397cb24bdbf714ac,6,Lab,Corona
train/pd/397cb24bdbf714ac_w10.png,397cb24bdbf714ac,10,Lab,Corona
train/pd/397cb24bdbf714ac_w13.png,397cb24bdbf714ac,13,Lab,Corona
train/pd/397cb24bdbf714ac_w15.png,397cb24bdbf714ac,15,Lab,Corona
train/pd/397cb24bdbf714ac_w23.png,397cb24bdbf714ac,23,Lab,Corona
train/pd/397cb24bdbf714ac_w27.png,397cb24bdbf714ac,27,Lab,Corona
train/pd/397f34da4a29f499_w04.png,397f34da4a29f499,4,Lab,Corona
train/pd/397f34da4a29f499_w07.png,397f34da4a29f499,7,Lab,Corona
train/pd/397f34da4a29f499_w11.png,397f34da4a29f499,11,Lab,Corona
train/pd/397f34da4a29f499_w16.png,397f34da4a29f499,16,Lab,Corona
train/pd/397f34da4a29f499_w18.png,397f34da4a29f499,18,Lab,Corona
train/pd/397f34da4a29f499_w21.png,397f34da4a29f499,21,Lab,Corona
train/pd/397f34da4a29f499_w22.png,397f34da4a29f499,22,Lab,Corona
train/pd/397f34da4a29f499_w25.png,397f34da4a29f499,25,Lab,Corona
train/pd/3995b58fe80c5e13_w00.png,3995b58fe80c5e13,0,Field,Floating
train/pd/3995b58fe80c5e13_w12.png,3995b58fe80c5e13,12,Field,Floating
train/pd/3995b58fe80c5e13_w13.png,3995b58fe80c5e13,13,Field,Floating
train/pd/3995b58fe80c5e13_w14.png,3995b58fe80c5e13,14,Field,Floating
train/pd/3995b58fe80c5e13_w15.png,3995b58fe80c5e13,15,Field,Floating
train/pd/3995b58fe80c5e13_w18.png,3995b58fe80c5e13,18,Field,Floating
train/pd/3995b58fe80c5e13_w22.png,3995b58fe80c5e13,22,Field,Floating
train/pd/3995b58fe80c5e13_w26.png,3995b58fe80c5e13,26,Field,Floating
train/pd/399fd11e5496ea0d_w03.png,399fd11e5496ea0d,3,Lab,Void
train/pd/399fd11e5496ea0d_w04.png,399fd11e5496ea0d,4,Lab,Void
train/pd/399fd11e5496ea0d_w06.png,399fd11e5496ea0d,6,Lab,Void
train/pd/399fd11e5496ea0d_w10.png,399fd11e5496ea0d,10,Lab,Void
train/pd/399fd11e5496ea0d_w13.png,399fd11e5496ea0d,13,Lab,Void
train/pd/399fd11e5496ea0d_w18.png,399fd11e5496ea0d,18,Lab,Void
train/pd/399fd11e5496ea0d_w24.png,399fd11e5496ea0d,24,Lab,Void
train/pd/399fd11e5496ea0d_w26.png,399fd11e5496ea0d,26,Lab,Void
train/pd/39b6fb0795841d0d_w00.png,39b6fb0795841d0d,0,Lab,Corona
train/pd/39b6fb0795841d0d_w01.png,39b6fb0795841d0d,1,Lab,Corona
train/pd/39b6fb0795841d0d_w03.png,39b6fb0795841d0d,3,Lab,Corona
train/pd/39b6fb0795841d0d_w08.png,39b6fb0795841d0d,8,Lab,Corona
train/pd/39b6fb0795841d0d_w11.png,39b6fb0795841d0d,11,Lab,Corona
train/pd/39b6fb0795841d0d_w14.png,39b6fb0795841d0d,14,Lab,Corona
train/pd/39b6fb0795841d0d_w16.png,39b6fb0795841d0d,16,Lab,Corona
train/pd/39b6fb0795841d0d_w21.png,39b6fb0795841d0d,21,Lab,Corona
train/pd/39e6bab50c22a917_w00.png,39e6bab50c22a917,0,Lab,Void
train/pd/39e6bab50c22a917_w02.png,39e6bab50c22a917,2,Lab,Void
train/pd/39e6bab50c22a917_w08.png,39e6bab50c22a917,8,Lab,Void
train/pd/39e6bab50c22a917_w15.png,39e6bab50c22a917,15,Lab,Void
train/pd/39e6bab50c22a917_w17.png,39e6bab50c22a917,17,Lab,Void
train/pd/39e6bab50c22a917_w19.png,39e6bab50c22a917,19,Lab,Void
train/pd/39e6bab50c22a917_w24.png,39e6bab50c22a917,24,Lab,Void
train/pd/39e6bab50c22a917_w25.png,39e6bab50c22a917,25,Lab,Void
train/pd/3a5c549a710f8b35_w06.png,3a5c549a710f8b35,6,Field,Floating
train/pd/3a5c549a710f8b35_w08.png,3a5c549a710f8b35,8,Field,Floating
train/pd/3a5c549a710f8b35_w13.png,3a5c549a710f8b35,13,Field,Floating
train/pd/3a5c549a710f8b35_w14.png,3a5c549a710f8b35,14,Field,Floating
train/pd/3a5c549a710f8b35_w17.png,3a5c549a710f8b35,17,Field,Floating
train/pd/3a5c549a710f8b35_w19.png,3a5c549a710f8b35,19,Field,Floating
train/pd/3a5c549a710f8b35_w24.png,3a5c549a710f8b35,24,Field,Floating
train/pd/3a5c549a710f8b35_w26.png,3a5c549a710f8b35,26,Field,Floating
train/pd/3acfe0bab0d1e8c2_w03.png,3acfe0bab0d1e8c2,3,Lab,Void
train/pd/3acfe0bab0d1e8c2_w04.png,3acfe0bab0d1e8c2,4,Lab,Void
train/pd/3acfe0bab0d1e8c2_w08.png,3acfe0bab0d1e8c2,8,Lab,Void
train/pd/3acfe0bab0d1e8c2_w10.png,3acfe0bab0d1e8c2,10,Lab,Void
train/pd/3acfe0bab0d1e8c2_w19.png,3acfe0bab0d1e8c2,19,Lab,Void
train/pd/3acfe0bab0d1e8c2_w21.png,3acfe0bab0d1e8c2,21,Lab,Void
train/pd/3acfe0bab0d1e8c2_w22.png,3acfe0bab0d1e8c2,22,Lab,Void
train/pd/3acfe0bab0d1e8c2_w27.png,3acfe0bab0d1e8c2,27,Lab,Void
train/pd/3ad0b54f756c95d9_w03.png,3ad0b54f756c95d9,3,Lab,Particle
train/pd/3ad0b54f756c95d9_w04.png,3ad0b54f756c95d9,4,Lab,Particle
train/pd/3ad0b54f756c95d9_w05.png,3ad0b54f756c95d9,5,Lab,Particle
train/pd/3ad0b54f756c95d9_w06.png,3ad0b54f756c95d9,6,Lab,Particle
train/pd/3ad0b54f756c95d9_w08.png,3ad0b54f756c95d9,8,Lab,Particle
train/pd/3ad0b54f756c95d9_w13.png,3ad0b54f756c95d9,13,Lab,Particle
train/pd/3ad0b54f756c95d9_w24.png,3ad0b54f756c95d9,24,Lab,Particle
train/pd/3ad0b54f756c95d9_w25.png,3ad0b54f756c95d9,25,Lab,Particle
train/pd/3afaa4e30d94f323_w01.png,3afaa4e30d94f323,1,Lab,Floating
train/pd/3afaa4e30d94f323_w05.png,3afaa4e30d94f323,5,Lab,Floating
train/pd/3afaa4e30d94f323_w07.png,3afaa4e30d94f323,7,Lab,Floating
train/pd/3afaa4e30d94f323_w11.png,3afaa4e30d94f323,11,Lab,Floating
train/pd/3afaa4e30d94f323_w13.png,3afaa4e30d94f323,13,Lab,Floating
train/pd/3afaa4e30d94f323_w14.png,3afaa4e30d94f323,14,Lab,Floating
train/pd/3afaa4e30d94f323_w16.png,3afaa4e30d94f323,16,Lab,Floating
train/pd/3afaa4e30d94f323_w17.png,3afaa4e30d94f323,17,Lab,Floating
train/pd/3afd8e11dc68f6ae_w00.png,3afd8e11dc68f6ae,0,Lab,Void
train/pd/3afd8e11dc68f6ae_w04.png,3afd8e11dc68f6ae,4,Lab,Void
train/pd/3afd8e11dc68f6ae_w11.png,3afd8e11dc68f6ae,11,Lab,Void
train/pd/3afd8e11dc68f6ae_w12.png,3afd8e11dc68f6ae,12,Lab,Void
train/pd/3afd8e11dc68f6ae_w13.png,3afd8e11dc68f6ae,13,Lab,Void
train/pd/3afd8e11dc68f6ae_w14.png,3afd8e11dc68f6ae,14,Lab,Void
train/pd/3afd8e11dc68f6ae_w15.png,3afd8e11dc68f6ae,15,Lab,Void
train/pd/3afd8e11dc68f6ae_w17.png,3afd8e11dc68f6ae,17,Lab,Void
train/pd/3b0f42bd90315c3e_w03.png,3b0f42bd90315c3e,3,Field,Floating
train/pd/3b0f42bd90315c3e_w07.png,3b0f42bd90315c3e,7,Field,Floating
train/pd/3b0f42bd90315c3e_w08.png,3b0f42bd90315c3e,8,Field,Floating
train/pd/3b0f42bd90315c3e_w12.png,3b0f42bd90315c3e,12,Field,Floating
train/pd/3b0f42bd90315c3e_w13.png,3b0f42bd90315c3e,13,Field,Floating
train/pd/3b0f42bd90315c3e_w20.png,3b0f42bd90315c3e,20,Field,Floating
train/pd/3b0f42bd90315c3e_w21.png,3b0f42bd90315c3e,21,Field,Floating
train/pd/3b0f42bd90315c3e_w26.png,3b0f42bd90315c3e,26,Field,Floating
train/pd/3b0ffa8f7647e024_w02.png,3b0ffa8f7647e024,2,Lab,Corona
train/pd/3b0ffa8f7647e024_w03.png,3b0ffa8f7647e024,3,Lab,Corona
train/pd/3b0ffa8f7647e024_w06.png,3b0ffa8f7647e024,6,Lab,Corona
train/pd/3b0ffa8f7647e024_w11.png,3b0ffa8f7647e024,11,Lab,Corona
train/pd/3b0ffa8f7647e024_w13.png,3b0ffa8f7647e024,13,Lab,Corona
train/pd/3b0ffa8f7647e024_w15.png,3b0ffa8f7647e024,15,Lab,Corona
train/pd/3b0ffa8f7647e024_w17.png,3b0ffa8f7647e024,17,Lab,Corona
train/pd/3b0ffa8f7647e024_w23.png,3b0ffa8f7647e024,23,Lab,Corona
train/pd/3b13fbea67c20575_w01.png,3b13fbea67c20575,1,Field,Floating
train/pd/3b13fbea67c20575_w10.png,3b13fbea67c20575,10,Field,Floating
train/pd/3b13fbea67c20575_w13.png,3b13fbea67c20575,13,Field,Floating
train/pd/3b13fbea67c20575_w14.png,3b13fbea67c20575,14,Field,Floating
train/pd/3b13fbea67c20575_w16.png,3b13fbea67c20575,16,Field,Floating
train/pd/3b13fbea67c20575_w20.png,3b13fbea67c20575,20,Field,Floating
train/pd/3b13fbea67c20575_w21.png,3b13fbea67c20575,21,Field,Floating
train/pd/3b13fbea67c20575_w26.png,3b13fbea67c20575,26,Field,Floating
train/pd/3b1534a8eaeb0017_w00.png,3b1534a8eaeb0017,0,Lab,Corona
train/pd/3b1534a8eaeb0017_w01.png,3b1534a8eaeb0017,1,Lab,Corona
train/pd/3b1534a8eaeb0017_w06.png,3b1534a8eaeb0017,6,Lab,Corona
train/pd/3b1534a8eaeb0017_w10.png,3b1534a8eaeb0017,10,Lab,Corona
train/pd/3b1534a8eaeb0017_w17.png,3b1534a8eaeb0017,17,Lab,Corona
train/pd/3b1534a8eaeb0017_w20.png,3b1534a8eaeb0017,20,Lab,Corona
train/pd/3b1534a8eaeb0017_w22.png,3b1534a8eaeb0017,22,Lab,Corona
train/pd/3b1534a8eaeb0017_w24.png,3b1534a8eaeb0017,24,Lab,Corona
train/pd/3b32c5a17a0079e1_w00.png,3b32c5a17a0079e1,0,Lab,Corona
train/pd/3b32c5a17a0079e1_w03.png,3b32c5a17a0079e1,3,Lab,Corona
train/pd/3b32c5a17a0079e1_w07.png,3b32c5a17a0079e1,7,Lab,Corona
train/pd/3b32c5a17a0079e1_w09.png,3b32c5a17a0079e1,9,Lab,Corona
train/pd/3b32c5a17a0079e1_w14.png,3b32c5a17a0079e1,14,Lab,Corona
train/pd/3b32c5a17a0079e1_w21.png,3b32c5a17a0079e1,21,Lab,Corona
train/pd/3b32c5a17a0079e1_w24.png,3b32c5a17a0079e1,24,Lab,Corona
train/pd/3b32c5a17a0079e1_w27.png,3b32c5a17a0079e1,27,Lab,Corona
train/pd/3b5147e897009573_w01.png,3b5147e897009573,1,Lab,Void
train/pd/3b5147e897009573_w03.png,3b5147e897009573,3,Lab,Void
train/pd/3b5147e897009573_w07.png,3b5147e897009573,7,Lab,Void
train/pd/3b5147e897009573_w11.png,3b5147e897009573,11,Lab,Void
train/pd/3b5147e897009573_w17.png,3b5147e897009573,17,Lab,Void
train/pd/3b5147e897009573_w20.png,3b5147e897009573,20,Lab,Void
train/pd/3b5147e897009573_w21.png,3b5147e897009573,21,Lab,Void
train/pd/3b5147e897009573_w26.png,3b5147e897009573,26,Lab,Void
train/pd/3bc7627b4700a1db_w01.png,3bc7627b4700a1db,1,Lab,Corona
train/pd/3bc7627b4700a1db_w02.png,3bc7627b4700a1db,2,Lab,Corona
train/pd/3bc7627b4700a1db_w04.png,3bc7627b4700a1db,4,Lab,Corona
train/pd/3bc7627b4700a1db_w05.png,3bc7627b4700a1db,5,Lab,Corona
train/pd/3bc7627b4700a1db_w14.png,3bc7627b4700a1db,14,Lab,Corona
train/pd/3bc7627b4700a1db_w15.png,3bc7627b4700a1db,15,Lab,Corona
train/pd/3bc7627b4700a1db_w24.png,3bc7627b4700a1db,24,Lab,Corona
train/pd/3bc7627b4700a1db_w27.png,3bc7627b4700a1db,27,Lab,Corona
train/pd/3bc78e8e3c253227_w01.png,3bc78e8e3c253227,1,Lab,Void
train/pd/3bc78e8e3c253227_w03.png,3bc78e8e3c253227,3,Lab,Void
train/pd/3bc78e8e3c253227_w08.png,3bc78e8e3c253227,8,Lab,Void
train/pd/3bc78e8e3c253227_w11.png,3bc78e8e3c253227,11,Lab,Void
train/pd/3bc78e8e3c253227_w12.png,3bc78e8e3c253227,12,Lab,Void
train/pd/3bc78e8e3c253227_w14.png,3bc78e8e3c253227,14,Lab,Void
train/pd/3bc78e8e3c253227_w16.png,3bc78e8e3c253227,16,Lab,Void
train/pd/3bc78e8e3c253227_w22.png,3bc78e8e3c253227,22,Lab,Void
train/pd/3bf07e09d420562f_w04.png,3bf07e09d420562f,4,Lab,Void
train/pd/3bf07e09d420562f_w06.png,3bf07e09d420562f,6,Lab,Void
train/pd/3bf07e09d420562f_w12.png,3bf07e09d420562f,12,Lab,Void
train/pd/3bf07e09d420562f_w13.png,3bf07e09d420562f,13,Lab,Void
train/pd/3bf07e09d420562f_w17.png,3bf07e09d420562f,17,Lab,Void
train/pd/3bf07e09d420562f_w20.png,3bf07e09d420562f,20,Lab,Void
train/pd/3bf07e09d420562f_w22.png,3bf07e09d420562f,22,Lab,Void
train/pd/3bf07e09d420562f_w24.png,3bf07e09d420562f,24,Lab,Void
train/pd/3c216c778bcf0aaa_w03.png,3c216c778bcf0aaa,3,Lab,Corona
train/pd/3c216c778bcf0aaa_w05.png,3c216c778bcf0aaa,5,Lab,Corona
train/pd/3c216c778bcf0aaa_w07.png,3c216c778bcf0aaa,7,Lab,Corona
train/pd/3c216c778bcf0aaa_w13.png,3c216c778bcf0aaa,13,Lab,Corona
train/pd/3c216c778bcf0aaa_w17.png,3c216c778bcf0aaa,17,Lab,Corona
train/pd/3c216c778bcf0aaa_w18.png,3c216c778bcf0aaa,18,Lab,Corona
train/pd/3c216c778bcf0aaa_w22.png,3c216c778bcf0aaa,22,Lab,Corona
train/pd/3c216c778bcf0aaa_w25.png,3c216c778bcf0aaa,25,Lab,Corona
train/pd/3c323291969e447d_w02.png,3c323291969e447d,2,Lab,Floating
train/pd/3c323291969e447d_w04.png,3c323291969e447d,4,Lab,Floating
train/pd/3c323291969e447d_w05.png,3c323291969e447d,5,Lab,Floating
train/pd/3c323291969e447d_w08.png,3c323291969e447d,8,Lab,Floating
train/pd/3c323291969e447d_w13.png,3c323291969e447d,13,Lab,Floating
train/pd/3c323291969e447d_w14.png,3c323291969e447d,14,Lab,Floating
train/pd/3c323291969e447d_w15.png,3c323291969e447d,15,Lab,Floating
train/pd/3c323291969e447d_w26.png,3c323291969e447d,26,Lab,Floating
train/pd/3c3dcb912ce62340_w02.png,3c3dcb912ce62340,2,Lab,Void
train/pd/3c3dcb912ce62340_w11.png,3c3dcb912ce62340,11,Lab,Void
train/pd/3c3dcb912ce62340_w12.png,3c3dcb912ce62340,12,Lab,Void
train/pd/3c3dcb912ce62340_w14.png,3c3dcb912ce62340,14,Lab,Void
train/pd/3c3dcb912ce62340_w16.png,3c3dcb912ce62340,16,Lab,Void
train/pd/3c3dcb912ce62340_w19.png,3c3dcb912ce62340,19,Lab,Void
train/pd/3c3dcb912ce62340_w22.png,3c3dcb912ce62340,22,Lab,Void
train/pd/3c3dcb912ce62340_w23.png,3c3dcb912ce62340,23,Lab,Void
train/pd/3c4530b779a9210e_w04.png,3c4530b779a9210e,4,Lab,Particle
train/pd/3c4530b779a9210e_w07.png,3c4530b779a9210e,7,Lab,Particle
train/pd/3c4530b779a9210e_w13.png,3c4530b779a9210e,13,Lab,Particle
train/pd/3c4530b779a9210e_w16.png,3c4530b779a9210e,16,Lab,Particle
train/pd/3c4530b779a9210e_w20.png,3c4530b779a9210e,20,Lab,Particle
train/pd/3c4530b779a9210e_w24.png,3c4530b779a9210e,24,Lab,Particle
train/pd/3c4530b779a9210e_w26.png,3c4530b779a9210e,26,Lab,Particle
train/pd/3c4530b779a9210e_w27.png,3c4530b779a9210e,27,Lab,Particle
train/pd/3c76b557024bb3c1_w00.png,3c76b557024bb3c1,0,Field,Void
train/pd/3c76b557024bb3c1_w01.png,3c76b557024bb3c1,1,Field,Void
train/pd/3c76b557024bb3c1_w06.png,3c76b557024bb3c1,6,Field,Void
train/pd/3c76b557024bb3c1_w07.png,3c76b557024bb3c1,7,Field,Void
train/pd/3c76b557024bb3c1_w08.png,3c76b557024bb3c1,8,Field,Void
train/pd/3c76b557024bb3c1_w15.png,3c76b557024bb3c1,15,Field,Void
train/pd/3c76b557024bb3c1_w17.png,3c76b557024bb3c1,17,Field,Void
train/pd/3c76b557024bb3c1_w21.png,3c76b557024bb3c1,21,Field,Void
train/pd/3d03431399e8443e_w05.png,3d03431399e8443e,5,Lab,Void
train/pd/3d03431399e8443e_w07.png,3d03431399e8443e,7,Lab,Void
train/pd/3d03431399e8443e_w11.png,3d03431399e8443e,11,Lab,Void
train/pd/3d03431399e8443e_w16.png,3d03431399e8443e,16,Lab,Void
train/pd/3d03431399e8443e_w17.png,3d03431399e8443e,17,Lab,Void
train/pd/3d03431399e8443e_w18.png,3d03431399e8443e,18,Lab,Void
train/pd/3d03431399e8443e_w22.png,3d03431399e8443e,22,Lab,Void
train/pd/3d03431399e8443e_w23.png,3d03431399e8443e,23,Lab,Void
train/pd/3d1f96b4ade161ac_w00.png,3d1f96b4ade161ac,0,Lab,Particle
train/pd/3d1f96b4ade161ac_w02.png,3d1f96b4ade161ac,2,Lab,Particle
train/pd/3d1f96b4ade161ac_w03.png,3d1f96b4ade161ac,3,Lab,Particle
train/pd/3d1f96b4ade161ac_w04.png,3d1f96b4ade161ac,4,Lab,Particle
train/pd/3d1f96b4ade161ac_w08.png,3d1f96b4ade161ac,8,Lab,Particle
train/pd/3d1f96b4ade161ac_w10.png,3d1f96b4ade161ac,10,Lab,Particle
train/pd/3d1f96b4ade161ac_w12.png,3d1f96b4ade161ac,12,Lab,Particle
train/pd/3d1f96b4ade161ac_w27.png,3d1f96b4ade161ac,27,Lab,Particle
train/pd/3d269e6526532130_w08.png,3d269e6526532130,8,Field,Floating
train/pd/3d269e6526532130_w13.png,3d269e6526532130,13,Field,Floating
train/pd/3d269e6526532130_w17.png,3d269e6526532130,17,Field,Floating
train/pd/3d269e6526532130_w19.png,3d269e6526532130,19,Field,Floating
train/pd/3d269e6526532130_w21.png,3d269e6526532130,21,Field,Floating
train/pd/3d269e6526532130_w23.png,3d269e6526532130,23,Field,Floating
train/pd/3d269e6526532130_w25.png,3d269e6526532130,25,Field,Floating
train/pd/3d269e6526532130_w26.png,3d269e6526532130,26,Field,Floating
train/pd/3d8f779967dbb03c_w03.png,3d8f779967dbb03c,3,Field,Floating
train/pd/3d8f779967dbb03c_w07.png,3d8f779967dbb03c,7,Field,Floating
train/pd/3d8f779967dbb03c_w11.png,3d8f779967dbb03c,11,Field,Floating
train/pd/3d8f779967dbb03c_w13.png,3d8f779967dbb03c,13,Field,Floating
train/pd/3d8f779967dbb03c_w14.png,3d8f779967dbb03c,14,Field,Floating
train/pd/3d8f779967dbb03c_w16.png,3d8f779967dbb03c,16,Field,Floating
train/pd/3d8f779967dbb03c_w20.png,3d8f779967dbb03c,20,Field,Floating
train/pd/3d8f779967dbb03c_w26.png,3d8f779967dbb03c,26,Field,Floating
train/pd/3d902dc6b6cb170b_w02.png,3d902dc6b6cb170b,2,Lab,Particle
train/pd/3d902dc6b6cb170b_w05.png,3d902dc6b6cb170b,5,Lab,Particle
train/pd/3d902dc6b6cb170b_w07.png,3d902dc6b6cb170b,7,Lab,Particle
train/pd/3d902dc6b6cb170b_w08.png,3d902dc6b6cb170b,8,Lab,Particle
train/pd/3d902dc6b6cb170b_w15.png,3d902dc6b6cb170b,15,Lab,Particle
train/pd/3d902dc6b6cb170b_w17.png,3d902dc6b6cb170b,17,Lab,Particle
train/pd/3d902dc6b6cb170b_w20.png,3d902dc6b6cb170b,20,Lab,Particle
train/pd/3d902dc6b6cb170b_w23.png,3d902dc6b6cb170b,23,Lab,Particle
train/pd/3dce3e2ba31a5761_w00.png,3dce3e2ba31a5761,0,Lab,Particle
train/pd/3dce3e2ba31a5761_w01.png,3dce3e2ba31a5761,1,Lab,Particle
train/pd/3dce3e2ba31a5761_w06.png,3dce3e2ba31a5761,6,Lab,Particle
train/pd/3dce3e2ba31a5761_w08.png,3dce3e2ba31a5761,8,Lab,Particle
train/pd/3dce3e2ba31a5761_w10.png,3dce3e2ba31a5761,10,Lab,Particle
train/pd/3dce3e2ba31a5761_w13.png,3dce3e2ba31a5761,13,Lab,Particle
train/pd/3dce3e2ba31a5761_w20.png,3dce3e2ba31a5761,20,Lab,Particle
train/pd/3dce3e2ba31a5761_w25.png,3dce3e2ba31a5761,25,Lab,Particle
train/pd/3dd2d3662afb4d22_w04.png,3dd2d3662afb4d22,4,Lab,Floating
train/pd/3dd2d3662afb4d22_w07.png,3dd2d3662afb4d22,7,Lab,Floating
train/pd/3dd2d3662afb4d22_w14.png,3dd2d3662afb4d22,14,Lab,Floating
train/pd/3dd2d3662afb4d22_w16.png,3dd2d3662afb4d22,16,Lab,Floating
train/pd/3dd2d3662afb4d22_w18.png,3dd2d3662afb4d22,18,Lab,Floating
train/pd/3dd2d3662afb4d22_w19.png,3dd2d3662afb4d22,19,Lab,Floating
train/pd/3dd2d3662afb4d22_w21.png,3dd2d3662afb4d22,21,Lab,Floating
train/pd/3dd2d3662afb4d22_w27.png,3dd2d3662afb4d22,27,Lab,Floating
train/pd/3dd72d7d1663c466_w02.png,3dd72d7d1663c466,2,Lab,Corona
train/pd/3dd72d7d1663c466_w03.png,3dd72d7d1663c466,3,Lab,Corona
train/pd/3dd72d7d1663c466_w07.png,3dd72d7d1663c466,7,Lab,Corona
train/pd/3dd72d7d1663c466_w11.png,3dd72d7d1663c466,11,Lab,Corona
train/pd/3dd72d7d1663c466_w13.png,3dd72d7d1663c466,13,Lab,Corona
train/pd/3dd72d7d1663c466_w16.png,3dd72d7d1663c466,16,Lab,Corona
train/pd/3dd72d7d1663c466_w17.png,3dd72d7d1663c466,17,Lab,Corona
train/pd/3dd72d7d1663c466_w22.png,3dd72d7d1663c466,22,Lab,Corona
train/pd/3e13ffa3307c4ed0_w00.png,3e13ffa3307c4ed0,0,Lab,Floating
train/pd/3e13ffa3307c4ed0_w01.png,3e13ffa3307c4ed0,1,Lab,Floating
train/pd/3e13ffa3307c4ed0_w02.png,3e13ffa3307c4ed0,2,Lab,Floating
train/pd/3e13ffa3307c4ed0_w03.png,3e13ffa3307c4ed0,3,Lab,Floating
train/pd/3e13ffa3307c4ed0_w10.png,3e13ffa3307c4ed0,10,Lab,Floating
train/pd/3e13ffa3307c4ed0_w14.png,3e13ffa3307c4ed0,14,Lab,Floating
train/pd/3e13ffa3307c4ed0_w15.png,3e13ffa3307c4ed0,15,Lab,Floating
train/pd/3e13ffa3307c4ed0_w17.png,3e13ffa3307c4ed0,17,Lab,Floating
train/pd/3e339e3500c003c7_w00.png,3e339e3500c003c7,0,Lab,Floating
train/pd/3e339e3500c003c7_w05.png,3e339e3500c003c7,5,Lab,Floating
train/pd/3e339e3500c003c7_w10.png,3e339e3500c003c7,10,Lab,Floating
train/pd/3e339e3500c003c7_w11.png,3e339e3500c003c7,11,Lab,Floating
train/pd/3e339e3500c003c7_w12.png,3e339e3500c003c7,12,Lab,Floating
train/pd/3e339e3500c003c7_w21.png,3e339e3500c003c7,21,Lab,Floating
train/pd/3e339e3500c003c7_w24.png,3e339e3500c003c7,24,Lab,Floating
train/pd/3e339e3500c003c7_w26.png,3e339e3500c003c7,26,Lab,Floating
train/pd/3e4bd366ca2878c3_w02.png,3e4bd366ca2878c3,2,Lab,Floating
train/pd/3e4bd366ca2878c3_w06.png,3e4bd366ca2878c3,6,Lab,Floating
train/pd/3e4bd366ca2878c3_w07.png,3e4bd366ca2878c3,7,Lab,Floating
train/pd/3e4bd366ca2878c3_w10.png,3e4bd366ca2878c3,10,Lab,Floating
train/pd/3e4bd366ca2878c3_w11.png,3e4bd366ca2878c3,11,Lab,Floating
train/pd/3e4bd366ca2878c3_w20.png,3e4bd366ca2878c3,20,Lab,Floating
train/pd/3e4bd366ca2878c3_w23.png,3e4bd366ca2878c3,23,Lab,Floating
train/pd/3e4bd366ca2878c3_w27.png,3e4bd366ca2878c3,27,Lab,Floating
train/pd/3e5e6f0f3928f8a6_w00.png,3e5e6f0f3928f8a6,0,Lab,Void
train/pd/3e5e6f0f3928f8a6_w01.png,3e5e6f0f3928f8a6,1,Lab,Void
train/pd/3e5e6f0f3928f8a6_w03.png,3e5e6f0f3928f8a6,3,Lab,Void
train/pd/3e5e6f0f3928f8a6_w07.png,3e5e6f0f3928f8a6,7,Lab,Void
train/pd/3e5e6f0f3928f8a6_w10.png,3e5e6f0f3928f8a6,10,Lab,Void
train/pd/3e5e6f0f3928f8a6_w13.png,3e5e6f0f3928f8a6,13,Lab,Void
train/pd/3e5e6f0f3928f8a6_w22.png,3e5e6f0f3928f8a6,22,Lab,Void
train/pd/3e5e6f0f3928f8a6_w25.png,3e5e6f0f3928f8a6,25,Lab,Void
train/pd/3e973b0d04454421_w01.png,3e973b0d04454421,1,Lab,Void
train/pd/3e973b0d04454421_w02.png,3e973b0d04454421,2,Lab,Void
train/pd/3e973b0d04454421_w04.png,3e973b0d04454421,4,Lab,Void
train/pd/3e973b0d04454421_w10.png,3e973b0d04454421,10,Lab,Void
train/pd/3e973b0d04454421_w17.png,3e973b0d04454421,17,Lab,Void
train/pd/3e973b0d04454421_w21.png,3e973b0d04454421,21,Lab,Void
train/pd/3e973b0d04454421_w26.png,3e973b0d04454421,26,Lab,Void
train/pd/3e973b0d04454421_w27.png,3e973b0d04454421,27,Lab,Void
train/pd/3ea1ba08d7226ca9_w03.png,3ea1ba08d7226ca9,3,Lab,Void
train/pd/3ea1ba08d7226ca9_w05.png,3ea1ba08d7226ca9,5,Lab,Void
train/pd/3ea1ba08d7226ca9_w13.png,3ea1ba08d7226ca9,13,Lab,Void
train/pd/3ea1ba08d7226ca9_w14.png,3ea1ba08d7226ca9,14,Lab,Void
train/pd/3ea1ba08d7226ca9_w15.png,3ea1ba08d7226ca9,15,Lab,Void
train/pd/3ea1ba08d7226ca9_w18.png,3ea1ba08d7226ca9,18,Lab,Void
train/pd/3ea1ba08d7226ca9_w22.png,3ea1ba08d7226ca9,22,Lab,Void
train/pd/3ea1ba08d7226ca9_w26.png,3ea1ba08d7226ca9,26,Lab,Void
train/pd/3ebc27b4a8a35c3b_w00.png,3ebc27b4a8a35c3b,0,Lab,Void
train/pd/3ebc27b4a8a35c3b_w01.png,3ebc27b4a8a35c3b,1,Lab,Void
train/pd/3ebc27b4a8a35c3b_w02.png,3ebc27b4a8a35c3b,2,Lab,Void
train/pd/3ebc27b4a8a35c3b_w06.png,3ebc27b4a8a35c3b,6,Lab,Void
train/pd/3ebc27b4a8a35c3b_w11.png,3ebc27b4a8a35c3b,11,Lab,Void
train/pd/3ebc27b4a8a35c3b_w17.png,3ebc27b4a8a35c3b,17,Lab,Void
train/pd/3ebc27b4a8a35c3b_w20.png,3ebc27b4a8a35c3b,20,Lab,Void
train/pd/3ebc27b4a8a35c3b_w27.png,3ebc27b4a8a35c3b,27,Lab,Void
train/pd/3f021f4e26ad465b_w04.png,3f021f4e26ad465b,4,Lab,Floating
train/pd/3f021f4e26ad465b_w06.png,3f021f4e26ad465b,6,Lab,Floating
train/pd/3f021f4e26ad465b_w09.png,3f021f4e26ad465b,9,Lab,Floating
train/pd/3f021f4e26ad465b_w13.png,3f021f4e26ad465b,13,Lab,Floating
train/pd/3f021f4e26ad465b_w17.png,3f021f4e26ad465b,17,Lab,Floating
train/pd/3f021f4e26ad465b_w18.png,3f021f4e26ad465b,18,Lab,Floating
train/pd/3f021f4e26ad465b_w20.png,3f021f4e26ad465b,20,Lab,Floating
train/pd/3f021f4e26ad465b_w21.png,3f021f4e26ad465b,21,Lab,Floating
train/pd/3f181fcd1645214a_w03.png,3f181fcd1645214a,3,Field,Floating
train/pd/3f181fcd1645214a_w09.png,3f181fcd1645214a,9,Field,Floating
train/pd/3f181fcd1645214a_w14.png,3f181fcd1645214a,14,Field,Floating
train/pd/3f181fcd1645214a_w15.png,3f181fcd1645214a,15,Field,Floating
train/pd/3f181fcd1645214a_w19.png,3f181fcd1645214a,19,Field,Floating
train/pd/3f181fcd1645214a_w21.png,3f181fcd1645214a,21,Field,Floating
train/pd/3f181fcd1645214a_w23.png,3f181fcd1645214a,23,Field,Floating
train/pd/3f181fcd1645214a_w26.png,3f181fcd1645214a,26,Field,Floating
train/pd/3f2accee35b3c597_w00.png,3f2accee35b3c597,0,Lab,Void
train/pd/3f2accee35b3c597_w04.png,3f2accee35b3c597,4,Lab,Void
train/pd/3f2accee35b3c597_w07.png,3f2accee35b3c597,7,Lab,Void
train/pd/3f2accee35b3c597_w09.png,3f2accee35b3c597,9,Lab,Void
train/pd/3f2accee35b3c597_w12.png,3f2accee35b3c597,12,Lab,Void
train/pd/3f2accee35b3c597_w15.png,3f2accee35b3c597,15,Lab,Void
train/pd/3f2accee35b3c597_w21.png,3f2accee35b3c597,21,Lab,Void
train/pd/3f2accee35b3c597_w25.png,3f2accee35b3c597,25,Lab,Void
train/pd/3f2ae4888b839387_w04.png,3f2ae4888b839387,4,Field,Void
train/pd/3f2ae4888b839387_w06.png,3f2ae4888b839387,6,Field,Void
train/pd/3f2ae4888b839387_w08.png,3f2ae4888b839387,8,Field,Void
train/pd/3f2ae4888b839387_w15.png,3f2ae4888b839387,15,Field,Void
train/pd/3f2ae4888b839387_w16.png,3f2ae4888b839387,16,Field,Void
train/pd/3f2ae4888b839387_w18.png,3f2ae4888b839387,18,Field,Void
train/pd/3f2ae4888b839387_w23.png,3f2ae4888b839387,23,Field,Void
train/pd/3f2ae4888b839387_w24.png,3f2ae4888b839387,24,Field,Void
train/pd/3f440b5953c05c77_w00.png,3f440b5953c05c77,0,Field,Void
train/pd/3f440b5953c05c77_w03.png,3f440b5953c05c77,3,Field,Void
train/pd/3f440b5953c05c77_w08.png,3f440b5953c05c77,8,Field,Void
train/pd/3f440b5953c05c77_w11.png,3f440b5953c05c77,11,Field,Void
train/pd/3f440b5953c05c77_w13.png,3f440b5953c05c77,13,Field,Void
train/pd/3f440b5953c05c77_w14.png,3f440b5953c05c77,14,Field,Void
train/pd/3f440b5953c05c77_w23.png,3f440b5953c05c77,23,Field,Void
train/pd/3f440b5953c05c77_w24.png,3f440b5953c05c77,24,Field,Void
train/pd/3f4d0e9391be5893_w00.png,3f4d0e9391be5893,0,Lab,Void
train/pd/3f4d0e9391be5893_w09.png,3f4d0e9391be5893,9,Lab,Void
train/pd/3f4d0e9391be5893_w12.png,3f4d0e9391be5893,12,Lab,Void
train/pd/3f4d0e9391be5893_w14.png,3f4d0e9391be5893,14,Lab,Void
train/pd/3f4d0e9391be5893_w15.png,3f4d0e9391be5893,15,Lab,Void
train/pd/3f4d0e9391be5893_w16.png,3f4d0e9391be5893,16,Lab,Void
train/pd/3f4d0e9391be5893_w23.png,3f4d0e9391be5893,23,Lab,Void
train/pd/3f4d0e9391be5893_w26.png,3f4d0e9391be5893,26,Lab,Void
train/pd/3f5caa8e3d26e732_w05.png,3f5caa8e3d26e732,5,Lab,Void
train/pd/3f5caa8e3d26e732_w12.png,3f5caa8e3d26e732,12,Lab,Void
train/pd/3f5caa8e3d26e732_w14.png,3f5caa8e3d26e732,14,Lab,Void
train/pd/3f5caa8e3d26e732_w18.png,3f5caa8e3d26e732,18,Lab,Void
train/pd/3f5caa8e3d26e732_w19.png,3f5caa8e3d26e732,19,Lab,Void
train/pd/3f5caa8e3d26e732_w23.png,3f5caa8e3d26e732,23,Lab,Void
train/pd/3f5caa8e3d26e732_w25.png,3f5caa8e3d26e732,25,Lab,Void
train/pd/3f5caa8e3d26e732_w27.png,3f5caa8e3d26e732,27,Lab,Void
train/pd/3f718da601031d84_w00.png,3f718da601031d84,0,Lab,Particle
train/pd/3f718da601031d84_w03.png,3f718da601031d84,3,Lab,Particle
train/pd/3f718da601031d84_w06.png,3f718da601031d84,6,Lab,Particle
train/pd/3f718da601031d84_w09.png,3f718da601031d84,9,Lab,Particle
train/pd/3f718da601031d84_w16.png,3f718da601031d84,16,Lab,Particle
train/pd/3f718da601031d84_w17.png,3f718da601031d84,17,Lab,Particle
train/pd/3f718da601031d84_w18.png,3f718da601031d84,18,Lab,Particle
train/pd/3f718da601031d84_w25.png,3f718da601031d84,25,Lab,Particle
train/pd/3f97cfdc7f9be0be_w01.png,3f97cfdc7f9be0be,1,Lab,Void
train/pd/3f97cfdc7f9be0be_w02.png,3f97cfdc7f9be0be,2,Lab,Void
train/pd/3f97cfdc7f9be0be_w11.png,3f97cfdc7f9be0be,11,Lab,Void
train/pd/3f97cfdc7f9be0be_w14.png,3f97cfdc7f9be0be,14,Lab,Void
train/pd/3f97cfdc7f9be0be_w15.png,3f97cfdc7f9be0be,15,Lab,Void
train/pd/3f97cfdc7f9be0be_w16.png,3f97cfdc7f9be0be,16,Lab,Void
train/pd/3f97cfdc7f9be0be_w22.png,3f97cfdc7f9be0be,22,Lab,Void
train/pd/3f97cfdc7f9be0be_w26.png,3f97cfdc7f9be0be,26,Lab,Void
train/pd/3fa29809ea54cebe_w06.png,3fa29809ea54cebe,6,Lab,Particle
train/pd/3fa29809ea54cebe_w09.png,3fa29809ea54cebe,9,Lab,Particle
train/pd/3fa29809ea54cebe_w12.png,3fa29809ea54cebe,12,Lab,Particle
train/pd/3fa29809ea54cebe_w14.png,3fa29809ea54cebe,14,Lab,Particle
train/pd/3fa29809ea54cebe_w17.png,3fa29809ea54cebe,17,Lab,Particle
train/pd/3fa29809ea54cebe_w21.png,3fa29809ea54cebe,21,Lab,Particle
train/pd/3fa29809ea54cebe_w23.png,3fa29809ea54cebe,23,Lab,Particle
train/pd/3fa29809ea54cebe_w24.png,3fa29809ea54cebe,24,Lab,Particle
train/pd/3faf063845430cca_w01.png,3faf063845430cca,1,Lab,Void
train/pd/3faf063845430cca_w06.png,3faf063845430cca,6,Lab,Void
train/pd/3faf063845430cca_w07.png,3faf063845430cca,7,Lab,Void
train/pd/3faf063845430cca_w10.png,3faf063845430cca,10,Lab,Void
train/pd/3faf063845430cca_w11.png,3faf063845430cca,11,Lab,Void
train/pd/3faf063845430cca_w12.png,3faf063845430cca,12,Lab,Void
train/pd/3faf063845430cca_w16.png,3faf063845430cca,16,Lab,Void
train/pd/3faf063845430cca_w23.png,3faf063845430cca,23,Lab,Void
train/pd/3fbf64cbdfe68c11_w02.png,3fbf64cbdfe68c11,2,Lab,Particle
train/pd/3fbf64cbdfe68c11_w05.png,3fbf64cbdfe68c11,5,Lab,Particle
train/pd/3fbf64cbdfe68c11_w06.png,3fbf64cbdfe68c11,6,Lab,Particle
train/pd/3fbf64cbdfe68c11_w08.png,3fbf64cbdfe68c11,8,Lab,Particle
train/pd/3fbf64cbdfe68c11_w11.png,3fbf64cbdfe68c11,11,Lab,Particle
train/pd/3fbf64cbdfe68c11_w17.png,3fbf64cbdfe68c11,17,Lab,Particle
train/pd/3fbf64cbdfe68c11_w18.png,3fbf64cbdfe68c11,18,Lab,Particle
train/pd/3fbf64cbdfe68c11_w27.png,3fbf64cbdfe68c11,27,Lab,Particle
train/pd/3fed45ac7dd4c05d_w05.png,3fed45ac7dd4c05d,5,Lab,Void
train/pd/3fed45ac7dd4c05d_w10.png,3fed45ac7dd4c05d,10,Lab,Void
train/pd/3fed45ac7dd4c05d_w15.png,3fed45ac7dd4c05d,15,Lab,Void
train/pd/3fed45ac7dd4c05d_w18.png,3fed45ac7dd4c05d,18,Lab,Void
train/pd/3fed45ac7dd4c05d_w20.png,3fed45ac7dd4c05d,20,Lab,Void
train/pd/3fed45ac7dd4c05d_w21.png,3fed45ac7dd4c05d,21,Lab,Void
train/pd/3fed45ac7dd4c05d_w25.png,3fed45ac7dd4c05d,25,Lab,Void
train/pd/3fed45ac7dd4c05d_w26.png,3fed45ac7dd4c05d,26,Lab,Void
train/pd/4015ec7db4fa1211_w00.png,4015ec7db4fa1211,0,Lab,Corona
train/pd/4015ec7db4fa1211_w03.png,4015ec7db4fa1211,3,Lab,Corona
train/pd/4015ec7db4fa1211_w07.png,4015ec7db4fa1211,7,Lab,Corona
train/pd/4015ec7db4fa1211_w08.png,4015ec7db4fa1211,8,Lab,Corona
train/pd/4015ec7db4fa1211_w11.png,4015ec7db4fa1211,11,Lab,Corona
train/pd/4015ec7db4fa1211_w12.png,4015ec7db4fa1211,12,Lab,Corona
train/pd/4015ec7db4fa1211_w22.png,4015ec7db4fa1211,22,Lab,Corona
train/pd/4015ec7db4fa1211_w26.png,4015ec7db4fa1211,26,Lab,Corona
train/pd/40228955a7b91b90_w00.png,40228955a7b91b90,0,Lab,Particle
train/pd/40228955a7b91b90_w02.png,40228955a7b91b90,2,Lab,Particle
train/pd/40228955a7b91b90_w03.png,40228955a7b91b90,3,Lab,Particle
train/pd/40228955a7b91b90_w08.png,40228955a7b91b90,8,Lab,Particle
train/pd/40228955a7b91b90_w09.png,40228955a7b91b90,9,Lab,Particle
train/pd/40228955a7b91b90_w19.png,40228955a7b91b90,19,Lab,Particle
train/pd/40228955a7b91b90_w21.png,40228955a7b91b90,21,Lab,Particle
train/pd/40228955a7b91b90_w27.png,40228955a7b91b90,27,Lab,Particle
train/pd/4024c782d6483821_w00.png,4024c782d6483821,0,Lab,Void
train/pd/4024c782d6483821_w13.png,4024c782d6483821,13,Lab,Void
train/pd/4024c782d6483821_w15.png,4024c782d6483821,15,Lab,Void
train/pd/4024c782d6483821_w18.png,4024c782d6483821,18,Lab,Void
train/pd/4024c782d6483821_w24.png,4024c782d6483821,24,Lab,Void
train/pd/4024c782d6483821_w25.png,4024c782d6483821,25,Lab,Void
train/pd/4024c782d6483821_w26.png,4024c782d6483821,26,Lab,Void
train/pd/4024c782d6483821_w27.png,4024c782d6483821,27,Lab,Void
train/pd/403cd76ebd39b6ce_w00.png,403cd76ebd39b6ce,0,Field,Void
train/pd/403cd76ebd39b6ce_w01.png,403cd76ebd39b6ce,1,Field,Void
train/pd/403cd76ebd39b6ce_w06.png,403cd76ebd39b6ce,6,Field,Void
train/pd/403cd76ebd39b6ce_w12.png,403cd76ebd39b6ce,12,Field,Void
train/pd/403cd76ebd39b6ce_w13.png,403cd76ebd39b6ce,13,Field,Void
train/pd/403cd76ebd39b6ce_w18.png,403cd76ebd39b6ce,18,Field,Void
train/pd/403cd76ebd39b6ce_w19.png,403cd76ebd39b6ce,19,Field,Void
train/pd/403cd76ebd39b6ce_w22.png,403cd76ebd39b6ce,22,Field,Void
train/pd/406cbfe283093904_w01.png,406cbfe283093904,1,Lab,Void
train/pd/406cbfe283093904_w07.png,406cbfe283093904,7,Lab,Void
train/pd/406cbfe283093904_w08.png,406cbfe283093904,8,Lab,Void
train/pd/406cbfe283093904_w09.png,406cbfe283093904,9,Lab,Void
train/pd/406cbfe283093904_w13.png,406cbfe283093904,13,Lab,Void
train/pd/406cbfe283093904_w14.png,406cbfe283093904,14,Lab,Void
train/pd/406cbfe283093904_w17.png,406cbfe283093904,17,Lab,Void
train/pd/406cbfe283093904_w22.png,406cbfe283093904,22,Lab,Void
train/pd/40bcb5c6fd8aeb74_w09.png,40bcb5c6fd8aeb74,9,Lab,Corona
train/pd/40bcb5c6fd8aeb74_w10.png,40bcb5c6fd8aeb74,10,Lab,Corona
train/pd/40bcb5c6fd8aeb74_w11.png,40bcb5c6fd8aeb74,11,Lab,Corona
train/pd/40bcb5c6fd8aeb74_w13.png,40bcb5c6fd8aeb74,13,Lab,Corona
train/pd/40bcb5c6fd8aeb74_w17.png,40bcb5c6fd8aeb74,17,Lab,Corona
train/pd/40bcb5c6fd8aeb74_w22.png,40bcb5c6fd8aeb74,22,Lab,Corona
train/pd/40bcb5c6fd8aeb74_w23.png,40bcb5c6fd8aeb74,23,Lab,Corona
train/pd/40bcb5c6fd8aeb74_w26.png,40bcb5c6fd8aeb74,26,Lab,Corona
train/pd/41860e33ddee4a08_w02.png,41860e33ddee4a08,2,Lab,Void
train/pd/41860e33ddee4a08_w05.png,41860e33ddee4a08,5,Lab,Void
train/pd/41860e33ddee4a08_w07.png,41860e33ddee4a08,7,Lab,Void
train/pd/41860e33ddee4a08_w09.png,41860e33ddee4a08,9,Lab,Void
train/pd/41860e33ddee4a08_w15.png,41860e33ddee4a08,15,Lab,Void
train/pd/41860e33ddee4a08_w16.png,41860e33ddee4a08,16,Lab,Void
train/pd/41860e33ddee4a08_w21.png,41860e33ddee4a08,21,Lab,Void
train/pd/41860e33ddee4a08_w24.png,41860e33ddee4a08,24,Lab,Void
train/pd/4212fc1838a10b14_w04.png,4212fc1838a10b14,4,Lab,Particle
train/pd/4212fc1838a10b14_w07.png,4212fc1838a10b14,7,Lab,Particle
train/pd/4212fc1838a10b14_w12.png,4212fc1838a10b14,12,Lab,Particle
train/pd/4212fc1838a10b14_w14.png,4212fc1838a10b14,14,Lab,Particle
train/pd/4212fc1838a10b14_w15.png,4212fc1838a10b14,15,Lab,Particle
train/pd/4212fc1838a10b14_w17.png,4212fc1838a10b14,17,Lab,Particle
train/pd/4212fc1838a10b14_w26.png,4212fc1838a10b14,26,Lab,Particle
train/pd/4212fc1838a10b14_w27.png,4212fc1838a10b14,27,Lab,Particle
train/pd/421c5bdb8b602590_w05.png,421c5bdb8b602590,5,Lab,Floating
train/pd/421c5bdb8b602590_w09.png,421c5bdb8b602590,9,Lab,Floating
train/pd/421c5bdb8b602590_w10.png,421c5bdb8b602590,10,Lab,Floating
train/pd/421c5bdb8b602590_w12.png,421c5bdb8b602590,12,Lab,Floating
train/pd/421c5bdb8b602590_w17.png,421c5bdb8b602590,17,Lab,Floating
train/pd/421c5bdb8b602590_w18.png,421c5bdb8b602590,18,Lab,Floating
train/pd/421c5bdb8b602590_w19.png,421c5bdb8b602590,19,Lab,Floating
train/pd/421c5bdb8b602590_w23.png,421c5bdb8b602590,23,Lab,Floating
train/pd/422d4b8655ad0571_w00.png,422d4b8655ad0571,0,Lab,Corona
train/pd/422d4b8655ad0571_w13.png,422d4b8655ad0571,13,Lab,Corona
train/pd/422d4b8655ad0571_w14.png,422d4b8655ad0571,14,Lab,Corona
train/pd/422d4b8655ad0571_w15.png,422d4b8655ad0571,15,Lab,Corona
train/pd/422d4b8655ad0571_w17.png,422d4b8655ad0571,17,Lab,Corona
train/pd/422d4b8655ad0571_w20.png,422d4b8655ad0571,20,Lab,Corona
train/pd/422d4b8655ad0571_w23.png,422d4b8655ad0571,23,Lab,Corona
train/pd/422d4b8655ad0571_w25.png,422d4b8655ad0571,25,Lab,Corona
train/pd/4230f084147fe66e_w03.png,4230f084147fe66e,3,Lab,Floating
train/pd/4230f084147fe66e_w06.png,4230f084147fe66e,6,Lab,Floating
train/pd/4230f084147fe66e_w10.png,4230f084147fe66e,10,Lab,Floating
train/pd/4230f084147fe66e_w13.png,4230f084147fe66e,13,Lab,Floating
train/pd/4230f084147fe66e_w16.png,4230f084147fe66e,16,Lab,Floating
train/pd/4230f084147fe66e_w21.png,4230f084147fe66e,21,Lab,Floating
train/pd/4230f084147fe66e_w25.png,4230f084147fe66e,25,Lab,Floating
train/pd/4230f084147fe66e_w27.png,4230f084147fe66e,27,Lab,Floating
train/pd/428122c7ebb1c712_w01.png,428122c7ebb1c712,1,Field,Void
train/pd/428122c7ebb1c712_w03.png,428122c7ebb1c712,3,Field,Void
train/pd/428122c7ebb1c712_w12.png,428122c7ebb1c712,12,Field,Void
train/pd/428122c7ebb1c712_w13.png,428122c7ebb1c712,13,Field,Void
train/pd/428122c7ebb1c712_w14.png,428122c7ebb1c712,14,Field,Void
train/pd/428122c7ebb1c712_w17.png,428122c7ebb1c712,17,Field,Void
train/pd/428122c7ebb1c712_w19.png,428122c7ebb1c712,19,Field,Void
train/pd/428122c7ebb1c712_w24.png,428122c7ebb1c712,24,Field,Void
train/pd/42ad0fb1bdf06ecb_w02.png,42ad0fb1bdf06ecb,2,Lab,Corona
train/pd/42ad0fb1bdf06ecb_w03.png,42ad0fb1bdf06ecb,3,Lab,Corona
train/pd/42ad0fb1bdf06ecb_w09.png,42ad0fb1bdf06ecb,9,Lab,Corona
train/pd/42ad0fb1bdf06ecb_w10.png,42ad0fb1bdf06ecb,10,Lab,Corona
train/pd/42ad0fb1bdf06ecb_w15.png,42ad0fb1bdf06ecb,15,Lab,Corona
train/pd/42ad0fb1bdf06ecb_w20.png,42ad0fb1bdf06ecb,20,Lab,Corona
train/pd/42ad0fb1bdf06ecb_w23.png,42ad0fb1bdf06ecb,23,Lab,Corona
train/pd/42ad0fb1bdf06ecb_w27.png,42ad0fb1bdf06ecb,27,Lab,Corona
train/pd/42d1ae764012ccd2_w00.png,42d1ae764012ccd2,0,Lab,Floating
train/pd/42d1ae764012ccd2_w03.png,42d1ae764012ccd2,3,Lab,Floating
train/pd/42d1ae764012ccd2_w07.png,42d1ae764012ccd2,7,Lab,Floating
train/pd/42d1ae764012ccd2_w09.png,42d1ae764012ccd2,9,Lab,Floating
train/pd/42d1ae764012ccd2_w15.png,42d1ae764012ccd2,15,Lab,Floating
train/pd/42d1ae764012ccd2_w17.png,42d1ae764012ccd2,17,Lab,Floating
train/pd/42d1ae764012ccd2_w21.png,42d1ae764012ccd2,21,Lab,Floating
train/pd/42d1ae764012ccd2_w27.png,42d1ae764012ccd2,27,Lab,Floating
train/pd/42dec103b34d05c7_w06.png,42dec103b34d05c7,6,Lab,Void
train/pd/42dec103b34d05c7_w07.png,42dec103b34d05c7,7,Lab,Void
train/pd/42dec103b34d05c7_w12.png,42dec103b34d05c7,12,Lab,Void
train/pd/42dec103b34d05c7_w13.png,42dec103b34d05c7,13,Lab,Void
train/pd/42dec103b34d05c7_w16.png,42dec103b34d05c7,16,Lab,Void
train/pd/42dec103b34d05c7_w19.png,42dec103b34d05c7,19,Lab,Void
train/pd/42dec103b34d05c7_w23.png,42dec103b34d05c7,23,Lab,Void
train/pd/42dec103b34d05c7_w24.png,42dec103b34d05c7,24,Lab,Void
train/pd/42e45eb595eb8a3d_w02.png,42e45eb595eb8a3d,2,Field,Floating
train/pd/42e45eb595eb8a3d_w03.png,42e45eb595eb8a3d,3,Field,Floating
train/pd/42e45eb595eb8a3d_w05.png,42e45eb595eb8a3d,5,Field,Floating
train/pd/42e45eb595eb8a3d_w11.png,42e45eb595eb8a3d,11,Field,Floating
train/pd/42e45eb595eb8a3d_w18.png,42e45eb595eb8a3d,18,Field,Floating
train/pd/42e45eb595eb8a3d_w20.png,42e45eb595eb8a3d,20,Field,Floating
train/pd/42e45eb595eb8a3d_w21.png,42e45eb595eb8a3d,21,Field,Floating
train/pd/42e45eb595eb8a3d_w23.png,42e45eb595eb8a3d,23,Field,Floating
train/pd/433048a2e39e527d_w00.png,433048a2e39e527d,0,Lab,Corona
train/pd/433048a2e39e527d_w11.png,433048a2e39e527d,11,Lab,Corona
train/pd/433048a2e39e527d_w13.png,433048a2e39e527d,13,Lab,Corona
train/pd/433048a2e39e527d_w17.png,433048a2e39e527d,17,Lab,Corona
train/pd/433048a2e39e527d_w21.png,433048a2e39e527d,21,Lab,Corona
train/pd/433048a2e39e527d_w24.png,433048a2e39e527d,24,Lab,Corona
train/pd/433048a2e39e527d_w26.png,433048a2e39e527d,26,Lab,Corona
train/pd/433048a2e39e527d_w27.png,433048a2e39e527d,27,Lab,Corona
train/pd/43684b0e54a5b670_w04.png,43684b0e54a5b670,4,Lab,Void
train/pd/43684b0e54a5b670_w07.png,43684b0e54a5b670,7,Lab,Void
train/pd/43684b0e54a5b670_w08.png,43684b0e54a5b670,8,Lab,Void
train/pd/43684b0e54a5b670_w18.png,43684b0e54a5b670,18,Lab,Void
train/pd/43684b0e54a5b670_w19.png,43684b0e54a5b670,19,Lab,Void
train/pd/43684b0e54a5b670_w21.png,43684b0e54a5b670,21,Lab,Void
train/pd/43684b0e54a5b670_w22.png,43684b0e54a5b670,22,Lab,Void
train/pd/43684b0e54a5b670_w24.png,43684b0e54a5b670,24,Lab,Void
train/pd/43a4a04d6b3e77b8_w03.png,43a4a04d6b3e77b8,3,Field,Void
train/pd/43a4a04d6b3e77b8_w05.png,43a4a04d6b3e77b8,5,Field,Void
train/pd/43a4a04d6b3e77b8_w07.png,43a4a04d6b3e77b8,7,Field,Void
train/pd/43a4a04d6b3e77b8_w12.png,43a4a04d6b3e77b8,12,Field,Void
train/pd/43a4a04d6b3e77b8_w16.png,43a4a04d6b3e77b8,16,Field,Void
train/pd/43a4a04d6b3e77b8_w22.png,43a4a04d6b3e77b8,22,Field,Void
train/pd/43a4a04d6b3e77b8_w23.png,43a4a04d6b3e77b8,23,Field,Void
train/pd/43a4a04d6b3e77b8_w24.png,43a4a04d6b3e77b8,24,Field,Void
train/pd/43adf6351df807cc_w01.png,43adf6351df807cc,1,Lab,Corona
train/pd/43adf6351df807cc_w03.png,43adf6351df807cc,3,Lab,Corona
train/pd/43adf6351df807cc_w05.png,43adf6351df807cc,5,Lab,Corona
train/pd/43adf6351df807cc_w16.png,43adf6351df807cc,16,Lab,Corona
train/pd/43adf6351df807cc_w17.png,43adf6351df807cc,17,Lab,Corona
train/pd/43adf6351df807cc_w20.png,43adf6351df807cc,20,Lab,Corona
train/pd/43adf6351df807cc_w25.png,43adf6351df807cc,25,Lab,Corona
train/pd/43adf6351df807cc_w27.png,43adf6351df807cc,27,Lab,Corona
train/pd/441f905751835eec_w02.png,441f905751835eec,2,Lab,Void
train/pd/441f905751835eec_w09.png,441f905751835eec,9,Lab,Void
train/pd/441f905751835eec_w12.png,441f905751835eec,12,Lab,Void
train/pd/441f905751835eec_w17.png,441f905751835eec,17,Lab,Void
train/pd/441f905751835eec_w18.png,441f905751835eec,18,Lab,Void
train/pd/441f905751835eec_w20.png,441f905751835eec,20,Lab,Void
train/pd/441f905751835eec_w21.png,441f905751835eec,21,Lab,Void
train/pd/441f905751835eec_w22.png,441f905751835eec,22,Lab,Void
train/pd/444b5eaacc4383bc_w01.png,444b5eaacc4383bc,1,Lab,Floating
train/pd/444b5eaacc4383bc_w06.png,444b5eaacc4383bc,6,Lab,Floating
train/pd/444b5eaacc4383bc_w10.png,444b5eaacc4383bc,10,Lab,Floating
train/pd/444b5eaacc4383bc_w12.png,444b5eaacc4383bc,12,Lab,Floating
train/pd/444b5eaacc4383bc_w15.png,444b5eaacc4383bc,15,Lab,Floating
train/pd/444b5eaacc4383bc_w16.png,444b5eaacc4383bc,16,Lab,Floating
train/pd/444b5eaacc4383bc_w24.png,444b5eaacc4383bc,24,Lab,Floating
train/pd/444b5eaacc4383bc_w26.png,444b5eaacc4383bc,26,Lab,Floating
train/pd/449b80e32f6dbd63_w00.png,449b80e32f6dbd63,0,Lab,Void
train/pd/449b80e32f6dbd63_w03.png,449b80e32f6dbd63,3,Lab,Void
train/pd/449b80e32f6dbd63_w06.png,449b80e32f6dbd63,6,Lab,Void
train/pd/449b80e32f6dbd63_w13.png,449b80e32f6dbd63,13,Lab,Void
train/pd/449b80e32f6dbd63_w14.png,449b80e32f6dbd63,14,Lab,Void
train/pd/449b80e32f6dbd63_w22.png,449b80e32f6dbd63,22,Lab,Void
train/pd/449b80e32f6dbd63_w26.png,449b80e32f6dbd63,26,Lab,Void
train/pd/449b80e32f6dbd63_w27.png,449b80e32f6dbd63,27,Lab,Void
train/pd/449f87dbfd9398d6_w04.png,449f87dbfd9398d6,4,Lab,Particle
train/pd/449f87dbfd9398d6_w05.png,449f87dbfd9398d6,5,Lab,Particle
train/pd/449f87dbfd9398d6_w06.png,449f87dbfd9398d6,6,Lab,Particle
train/pd/449f87dbfd9398d6_w09.png,449f87dbfd9398d6,9,Lab,Particle
train/pd/449f87dbfd9398d6_w11.png,449f87dbfd9398d6,11,Lab,Particle
train/pd/449f87dbfd9398d6_w13.png,449f87dbfd9398d6,13,Lab,Particle
train/pd/449f87dbfd9398d6_w17.png,449f87dbfd9398d6,17,Lab,Particle
train/pd/449f87dbfd9398d6_w24.png,449f87dbfd9398d6,24,Lab,Particle
train/pd/44be844486a393c4_w04.png,44be844486a393c4,4,Lab,Void
train/pd/44be844486a393c4_w08.png,44be844486a393c4,8,Lab,Void
train/pd/44be844486a393c4_w10.png,44be844486a393c4,10,Lab,Void
train/pd/44be844486a393c4_w12.png,44be844486a393c4,12,Lab,Void
train/pd/44be844486a393c4_w15.png,44be844486a393c4,15,Lab,Void
train/pd/44be844486a393c4_w22.png,44be844486a393c4,22,Lab,Void
train/pd/44be844486a393c4_w24.png,44be844486a393c4,24,Lab,Void
train/pd/44be844486a393c4_w27.png,44be844486a393c4,27,Lab,Void
train/pd/44cb3f64cbb5d54d_w03.png,44cb3f64cbb5d54d,3,Lab,Void
train/pd/44cb3f64cbb5d54d_w08.png,44cb3f64cbb5d54d,8,Lab,Void
train/pd/44cb3f64cbb5d54d_w09.png,44cb3f64cbb5d54d,9,Lab,Void
train/pd/44cb3f64cbb5d54d_w15.png,44cb3f64cbb5d54d,15,Lab,Void
train/pd/44cb3f64cbb5d54d_w16.png,44cb3f64cbb5d54d,16,Lab,Void
train/pd/44cb3f64cbb5d54d_w19.png,44cb3f64cbb5d54d,19,Lab,Void
train/pd/44cb3f64cbb5d54d_w21.png,44cb3f64cbb5d54d,21,Lab,Void
train/pd/44cb3f64cbb5d54d_w23.png,44cb3f64cbb5d54d,23,Lab,Void
train/pd/44ce39dda4041358_w02.png,44ce39dda4041358,2,Lab,Void
train/pd/44ce39dda4041358_w04.png,44ce39dda4041358,4,Lab,Void
train/pd/44ce39dda4041358_w11.png,44ce39dda4041358,11,Lab,Void
train/pd/44ce39dda4041358_w12.png,44ce39dda4041358,12,Lab,Void
train/pd/44ce39dda4041358_w15.png,44ce39dda4041358,15,Lab,Void
train/pd/44ce39dda4041358_w17.png,44ce39dda4041358,17,Lab,Void
train/pd/44ce39dda4041358_w20.png,44ce39dda4041358,20,Lab,Void
train/pd/44ce39dda4041358_w23.png,44ce39dda4041358,23,Lab,Void
train/pd/44cff9eb8a85a238_w04.png,44cff9eb8a85a238,4,Field,Void
train/pd/44cff9eb8a85a238_w05.png,44cff9eb8a85a238,5,Field,Void
train/pd/44cff9eb8a85a238_w07.png,44cff9eb8a85a238,7,Field,Void
train/pd/44cff9eb8a85a238_w12.png,44cff9eb8a85a238,12,Field,Void
train/pd/44cff9eb8a85a238_w13.png,44cff9eb8a85a238,13,Field,Void
train/pd/44cff9eb8a85a238_w16.png,44cff9eb8a85a238,16,Field,Void
train/pd/44cff9eb8a85a238_w18.png,44cff9eb8a85a238,18,Field,Void
train/pd/44cff9eb8a85a238_w19.png,44cff9eb8a85a238,19,Field,Void
train/pd/44e3517f5c8a8ea1_w05.png,44e3517f5c8a8ea1,5,Lab,Corona
train/pd/44e3517f5c8a8ea1_w06.png,44e3517f5c8a8ea1,6,Lab,Corona
train/pd/44e3517f5c8a8ea1_w07.png,44e3517f5c8a8ea1,7,Lab,Corona
train/pd/44e3517f5c8a8ea1_w08.png,44e3517f5c8a8ea1,8,Lab,Corona
train/pd/44e3517f5c8a8ea1_w10.png,44e3517f5c8a8ea1,10,Lab,Corona
train/pd/44e3517f5c8a8ea1_w14.png,44e3517f5c8a8ea1,14,Lab,Corona
train/pd/44e3517f5c8a8ea1_w16.png,44e3517f5c8a8ea1,16,Lab,Corona
train/pd/44e3517f5c8a8ea1_w27.png,44e3517f5c8a8ea1,27,Lab,Corona
train/pd/44f9b8c8fff88b81_w02.png,44f9b8c8fff88b81,2,Lab,Void
train/pd/44f9b8c8fff88b81_w04.png,44f9b8c8fff88b81,4,Lab,Void
train/pd/44f9b8c8fff88b81_w06.png,44f9b8c8fff88b81,6,Lab,Void
train/pd/44f9b8c8fff88b81_w07.png,44f9b8c8fff88b81,7,Lab,Void
train/pd/44f9b8c8fff88b81_w11.png,44f9b8c8fff88b81,11,Lab,Void
train/pd/44f9b8c8fff88b81_w14.png,44f9b8c8fff88b81,14,Lab,Void
train/pd/44f9b8c8fff88b81_w18.png,44f9b8c8fff88b81,18,Lab,Void
train/pd/44f9b8c8fff88b81_w22.png,44f9b8c8fff88b81,22,Lab,Void
train/pd/45472d513dd2ed3f_w04.png,45472d513dd2ed3f,4,Field,Floating
train/pd/45472d513dd2ed3f_w06.png,45472d513dd2ed3f,6,Field,Floating
train/pd/45472d513dd2ed3f_w11.png,45472d513dd2ed3f,11,Field,Floating
train/pd/45472d513dd2ed3f_w19.png,45472d513dd2ed3f,19,Field,Floating
train/pd/45472d513dd2ed3f_w21.png,45472d513dd2ed3f,21,Field,Floating
train/pd/45472d513dd2ed3f_w22.png,45472d513dd2ed3f,22,Field,Floating
train/pd/45472d513dd2ed3f_w23.png,45472d513dd2ed3f,23,Field,Floating
train/pd/45472d513dd2ed3f_w25.png,45472d513dd2ed3f,25,Field,Floating
train/pd/456073c3e8eaf47a_w02.png,456073c3e8eaf47a,2,Lab,Void
train/pd/456073c3e8eaf47a_w08.png,456073c3e8eaf47a,8,Lab,Void
train/pd/456073c3e8eaf47a_w09.png,456073c3e8eaf47a,9,Lab,Void
train/pd/456073c3e8eaf47a_w14.png,456073c3e8eaf47a,14,Lab,Void
train/pd/456073c3e8eaf47a_w21.png,456073c3e8eaf47a,21,Lab,Void
train/pd/456073c3e8eaf47a_w22.png,456073c3e8eaf47a,22,Lab,Void
train/pd/456073c3e8eaf47a_w23.png,456073c3e8eaf47a,23,Lab,Void
train/pd/456073c3e8eaf47a_w27.png,456073c3e8eaf47a,27,Lab,Void
train/pd/4578ae824347473c_w07.png,4578ae824347473c,7,Field,Void
train/pd/4578ae824347473c_w08.png,4578ae824347473c,8,Field,Void
train/pd/4578ae824347473c_w14.png,4578ae824347473c,14,Field,Void
train/pd/4578ae824347473c_w16.png,4578ae824347473c,16,Field,Void
train/pd/4578ae824347473c_w19.png,4578ae824347473c,19,Field,Void
train/pd/4578ae824347473c_w23.png,4578ae824347473c,23,Field,Void
train/pd/4578ae824347473c_w26.png,4578ae824347473c,26,Field,Void
train/pd/4578ae824347473c_w27.png,4578ae824347473c,27,Field,Void
train/pd/45920b451ce87bf7_w02.png,45920b451ce87bf7,2,Lab,Corona
train/pd/45920b451ce87bf7_w04.png,45920b451ce87bf7,4,Lab,Corona
train/pd/45920b451ce87bf7_w08.png,45920b451ce87bf7,8,Lab,Corona
train/pd/45920b451ce87bf7_w11.png,45920b451ce87bf7,11,Lab,Corona
train/pd/45920b451ce87bf7_w16.png,45920b451ce87bf7,16,Lab,Corona
train/pd/45920b451ce87bf7_w19.png,45920b451ce87bf7,19,Lab,Corona
train/pd/45920b451ce87bf7_w26.png,45920b451ce87bf7,26,Lab,Corona
train/pd/45920b451ce87bf7_w27.png,45920b451ce87bf7,27,Lab,Corona
train/pd/459d07be96a212d6_w00.png,459d07be96a212d6,0,Lab,Corona
train/pd/459d07be96a212d6_w02.png,459d07be96a212d6,2,Lab,Corona
train/pd/459d07be96a212d6_w05.png,459d07be96a212d6,5,Lab,Corona
train/pd/459d07be96a212d6_w14.png,459d07be96a212d6,14,Lab,Corona
train/pd/459d07be96a212d6_w15.png,459d07be96a212d6,15,Lab,Corona
train/pd/459d07be96a212d6_w21.png,459d07be96a212d6,21,Lab,Corona
train/pd/459d07be96a212d6_w23.png,459d07be96a212d6,23,Lab,Corona
train/pd/459d07be96a212d6_w27.png,459d07be96a212d6,27,Lab,Corona
train/pd/45fb8ebcf2e1bb2e_w00.png,45fb8ebcf2e1bb2e,0,Lab,Void
train/pd/45fb8ebcf2e1bb2e_w02.png,45fb8ebcf2e1bb2e,2,Lab,Void
train/pd/45fb8ebcf2e1bb2e_w10.png,45fb8ebcf2e1bb2e,10,Lab,Void
train/pd/45fb8ebcf2e1bb2e_w19.png,45fb8ebcf2e1bb2e,19,Lab,Void
train/pd/45fb8ebcf2e1bb2e_w22.png,45fb8ebcf2e1bb2e,22,Lab,Void
train/pd/45fb8ebcf2e1bb2e_w23.png,45fb8ebcf2e1bb2e,23,Lab,Void
train/pd/45fb8ebcf2e1bb2e_w24.png,45fb8ebcf2e1bb2e,24,Lab,Void
train/pd/45fb8ebcf2e1bb2e_w26.png,45fb8ebcf2e1bb2e,26,Lab,Void
train/pd/4671567c75515ba9_w01.png,4671567c75515ba9,1,Lab,Corona
train/pd/4671567c75515ba9_w03.png,4671567c75515ba9,3,Lab,Corona
train/pd/4671567c75515ba9_w06.png,4671567c75515ba9,6,Lab,Corona
train/pd/4671567c75515ba9_w07.png,4671567c75515ba9,7,Lab,Corona
train/pd/4671567c75515ba9_w12.png,4671567c75515ba9,12,Lab,Corona
train/pd/4671567c75515ba9_w15.png,4671567c75515ba9,15,Lab,Corona
train/pd/4671567c75515ba9_w17.png,4671567c75515ba9,17,Lab,Corona
train/pd/4671567c75515ba9_w22.png,4671567c75515ba9,22,Lab,Corona
train/pd/468edff07760ca81_w10.png,468edff07760ca81,10,Lab,Corona
train/pd/468edff07760ca81_w12.png,468edff07760ca81,12,Lab,Corona
train/pd/468edff07760ca81_w17.png,468edff07760ca81,17,Lab,Corona
train/pd/468edff07760ca81_w20.png,468edff07760ca81,20,Lab,Corona
train/pd/468edff07760ca81_w21.png,468edff07760ca81,21,Lab,Corona
train/pd/468edff07760ca81_w22.png,468edff07760ca81,22,Lab,Corona
train/pd/468edff07760ca81_w23.png,468edff07760ca81,23,Lab,Corona
train/pd/468edff07760ca81_w24.png,468edff07760ca81,24,Lab,Corona
train/pd/46a623f58c0fbbef_w03.png,46a623f58c0fbbef,3,Lab,Void
train/pd/46a623f58c0fbbef_w04.png,46a623f58c0fbbef,4,Lab,Void
train/pd/46a623f58c0fbbef_w12.png,46a623f58c0fbbef,12,Lab,Void
train/pd/46a623f58c0fbbef_w13.png,46a623f58c0fbbef,13,Lab,Void
train/pd/46a623f58c0fbbef_w14.png,46a623f58c0fbbef,14,Lab,Void
train/pd/46a623f58c0fbbef_w16.png,46a623f58c0fbbef,16,Lab,Void
train/pd/46a623f58c0fbbef_w22.png,46a623f58c0fbbef,22,Lab,Void
train/pd/46a623f58c0fbbef_w27.png,46a623f58c0fbbef,27,Lab,Void
train/pd/4712022cfa4729c3_w02.png,4712022cfa4729c3,2,Lab,Void
train/pd/4712022cfa4729c3_w05.png,4712022cfa4729c3,5,Lab,Void
train/pd/4712022cfa4729c3_w12.png,4712022cfa4729c3,12,Lab,Void
train/pd/4712022cfa4729c3_w14.png,4712022cfa4729c3,14,Lab,Void
train/pd/4712022cfa4729c3_w16.png,4712022cfa4729c3,16,Lab,Void
train/pd/4712022cfa4729c3_w18.png,4712022cfa4729c3,18,Lab,Void
train/pd/4712022cfa4729c3_w25.png,4712022cfa4729c3,25,Lab,Void
train/pd/4712022cfa4729c3_w27.png,4712022cfa4729c3,27,Lab,Void
train/pd/4731a93a96e2a712_w05.png,4731a93a96e2a712,5,Lab,Particle
train/pd/4731a93a96e2a712_w06.png,4731a93a96e2a712,6,Lab,Particle
train/pd/4731a93a96e2a712_w11.png,4731a93a96e2a712,11,Lab,Particle
train/pd/4731a93a96e2a712_w15.png,4731a93a96e2a712,15,Lab,Particle
train/pd/4731a93a96e2a712_w18.png,4731a93a96e2a712,18,Lab,Particle
train/pd/4731a93a96e2a712_w21.png,4731a93a96e2a712,21,Lab,Particle
train/pd/4731a93a96e2a712_w22.png,4731a93a96e2a712,22,Lab,Particle
train/pd/4731a93a96e2a712_w25.png,4731a93a96e2a712,25,Lab,Particle
train/pd/475443bc3f776b35_w00.png,475443bc3f776b35,0,Lab,Void
train/pd/475443bc3f776b35_w02.png,475443bc3f776b35,2,Lab,Void
train/pd/475443bc3f776b35_w05.png,475443bc3f776b35,5,Lab,Void
train/pd/475443bc3f776b35_w11.png,475443bc3f776b35,11,Lab,Void
train/pd/475443bc3f776b35_w17.png,475443bc3f776b35,17,Lab,Void
train/pd/475443bc3f776b35_w19.png,475443bc3f776b35,19,Lab,Void
train/pd/475443bc3f776b35_w21.png,475443bc3f776b35,21,Lab,Void
train/pd/475443bc3f776b35_w25.png,475443bc3f776b35,25,Lab,Void
train/pd/475a5cc56e77a257_w01.png,475a5cc56e77a257,1,Lab,Particle
train/pd/475a5cc56e77a257_w04.png,475a5cc56e77a257,4,Lab,Particle
train/pd/475a5cc56e77a257_w11.png,475a5cc56e77a257,11,Lab,Particle
train/pd/475a5cc56e77a257_w12.png,475a5cc56e77a257,12,Lab,Particle
train/pd/475a5cc56e77a257_w17.png,475a5cc56e77a257,17,Lab,Particle
train/pd/475a5cc56e77a257_w18.png,475a5cc56e77a257,18,Lab,Particle
train/pd/475a5cc56e77a257_w21.png,475a5cc56e77a257,21,Lab,Particle
train/pd/475a5cc56e77a257_w24.png,475a5cc56e77a257,24,Lab,Particle
train/pd/476928b0f263e8ba_w00.png,476928b0f263e8ba,0,Lab,Void
train/pd/476928b0f263e8ba_w03.png,476928b0f263e8ba,3,Lab,Void
train/pd/476928b0f263e8ba_w04.png,476928b0f263e8ba,4,Lab,Void
train/pd/476928b0f263e8ba_w05.png,476928b0f263e8ba,5,Lab,Void
train/pd/476928b0f263e8ba_w13.png,476928b0f263e8ba,13,Lab,Void
train/pd/476928b0f263e8ba_w21.png,476928b0f263e8ba,21,Lab,Void
train/pd/476928b0f263e8ba_w23.png,476928b0f263e8ba,23,Lab,Void
train/pd/476928b0f263e8ba_w26.png,476928b0f263e8ba,26,Lab,Void
train/pd/477a67a894bb9431_w05.png,477a67a894bb9431,5,Lab,Floating
train/pd/477a67a894bb9431_w06.png,477a67a894bb9431,6,Lab,Floating
train/pd/477a67a894bb9431_w08.png,477a67a894bb9431,8,Lab,Floating
train/pd/477a67a894bb9431_w12.png,477a67a894bb9431,12,Lab,Floating
train/pd/477a67a894bb9431_w17.png,477a67a894bb9431,17,Lab,Floating
train/pd/477a67a894bb9431_w18.png,477a67a894bb9431,18,Lab,Floating
train/pd/477a67a894bb9431_w19.png,477a67a894bb9431,19,Lab,Floating
train/pd/477a67a894bb9431_w25.png,477a67a894bb9431,25,Lab,Floating
train/pd/47c30b811b464969_w09.png,47c30b811b464969,9,Lab,Particle
train/pd/47c30b811b464969_w11.png,47c30b811b464969,11,Lab,Particle
train/pd/47c30b811b464969_w13.png,47c30b811b464969,13,Lab,Particle
train/pd/47c30b811b464969_w14.png,47c30b811b464969,14,Lab,Particle
train/pd/47c30b811b464969_w18.png,47c30b811b464969,18,Lab,Particle
train/pd/47c30b811b464969_w19.png,47c30b811b464969,19,Lab,Particle
train/pd/47c30b811b464969_w21.png,47c30b811b464969,21,Lab,Particle
train/pd/47c30b811b464969_w27.png,47c30b811b464969,27,Lab,Particle
train/pd/484618772a3aace1_w01.png,484618772a3aace1,1,Lab,Floating
train/pd/484618772a3aace1_w06.png,484618772a3aace1,6,Lab,Floating
train/pd/484618772a3aace1_w11.png,484618772a3aace1,11,Lab,Floating
train/pd/484618772a3aace1_w13.png,484618772a3aace1,13,Lab,Floating
train/pd/484618772a3aace1_w20.png,484618772a3aace1,20,Lab,Floating
train/pd/484618772a3aace1_w24.png,484618772a3aace1,24,Lab,Floating
train/pd/484618772a3aace1_w26.png,484618772a3aace1,26,Lab,Floating
train/pd/484618772a3aace1_w27.png,484618772a3aace1,27,Lab,Floating
train/pd/485f703944f88d0c_w00.png,485f703944f88d0c,0,Lab,Floating
train/pd/485f703944f88d0c_w02.png,485f703944f88d0c,2,Lab,Floating
train/pd/485f703944f88d0c_w05.png,485f703944f88d0c,5,Lab,Floating
train/pd/485f703944f88d0c_w08.png,485f703944f88d0c,8,Lab,Floating
train/pd/485f703944f88d0c_w14.png,485f703944f88d0c,14,Lab,Floating
train/pd/485f703944f88d0c_w17.png,485f703944f88d0c,17,Lab,Floating
train/pd/485f703944f88d0c_w19.png,485f703944f88d0c,19,Lab,Floating
train/pd/485f703944f88d0c_w20.png,485f703944f88d0c,20,Lab,Floating
train/pd/487044016f9d3d59_w02.png,487044016f9d3d59,2,Lab,Floating
train/pd/487044016f9d3d59_w11.png,487044016f9d3d59,11,Lab,Floating
train/pd/487044016f9d3d59_w12.png,487044016f9d3d59,12,Lab,Floating
train/pd/487044016f9d3d59_w14.png,487044016f9d3d59,14,Lab,Floating
train/pd/487044016f9d3d59_w15.png,487044016f9d3d59,15,Lab,Floating
train/pd/487044016f9d3d59_w17.png,487044016f9d3d59,17,Lab,Floating
train/pd/487044016f9d3d59_w20.png,487044016f9d3d59,20,Lab,Floating
train/pd/487044016f9d3d59_w24.png,487044016f9d3d59,24,Lab,Floating
train/pd/48c8bcab3cf66059_w00.png,48c8bcab3cf66059,0,Lab,Corona
train/pd/48c8bcab3cf66059_w01.png,48c8bcab3cf66059,1,Lab,Corona
train/pd/48c8bcab3cf66059_w04.png,48c8bcab3cf66059,4,Lab,Corona
train/pd/48c8bcab3cf66059_w06.png,48c8bcab3cf66059,6,Lab,Corona
train/pd/48c8bcab3cf66059_w11.png,48c8bcab3cf66059,11,Lab,Corona
train/pd/48c8bcab3cf66059_w12.png,48c8bcab3cf66059,12,Lab,Corona
train/pd/48c8bcab3cf66059_w23.png,48c8bcab3cf66059,23,Lab,Corona
train/pd/48c8bcab3cf66059_w26.png,48c8bcab3cf66059,26,Lab,Corona
train/pd/48dae5dd3ec934e4_w01.png,48dae5dd3ec934e4,1,Lab,Void
train/pd/48dae5dd3ec934e4_w03.png,48dae5dd3ec934e4,3,Lab,Void
train/pd/48dae5dd3ec934e4_w05.png,48dae5dd3ec934e4,5,Lab,Void
train/pd/48dae5dd3ec934e4_w12.png,48dae5dd3ec934e4,12,Lab,Void
train/pd/48dae5dd3ec934e4_w14.png,48dae5dd3ec934e4,14,Lab,Void
train/pd/48dae5dd3ec934e4_w19.png,48dae5dd3ec934e4,19,Lab,Void
train/pd/48dae5dd3ec934e4_w21.png,48dae5dd3ec934e4,21,Lab,Void
train/pd/48dae5dd3ec934e4_w22.png,48dae5dd3ec934e4,22,Lab,Void
train/pd/48dcff1918b3fa2f_w03.png,48dcff1918b3fa2f,3,Field,Floating
train/pd/48dcff1918b3fa2f_w05.png,48dcff1918b3fa2f,5,Field,Floating
train/pd/48dcff1918b3fa2f_w11.png,48dcff1918b3fa2f,11,Field,Floating
train/pd/48dcff1918b3fa2f_w15.png,48dcff1918b3fa2f,15,Field,Floating
train/pd/48dcff1918b3fa2f_w16.png,48dcff1918b3fa2f,16,Field,Floating
train/pd/48dcff1918b3fa2f_w19.png,48dcff1918b3fa2f,19,Field,Floating
train/pd/48dcff1918b3fa2f_w20.png,48dcff1918b3fa2f,20,Field,Floating
train/pd/48dcff1918b3fa2f_w21.png,48dcff1918b3fa2f,21,Field,Floating
train/pd/48e8030bd0e9bbaf_w03.png,48e8030bd0e9bbaf,3,Lab,Void
train/pd/48e8030bd0e9bbaf_w06.png,48e8030bd0e9bbaf,6,Lab,Void
train/pd/48e8030bd0e9bbaf_w07.png,48e8030bd0e9bbaf,7,Lab,Void
train/pd/48e8030bd0e9bbaf_w08.png,48e8030bd0e9bbaf,8,Lab,Void
train/pd/48e8030bd0e9bbaf_w11.png,48e8030bd0e9bbaf,11,Lab,Void
train/pd/48e8030bd0e9bbaf_w21.png,48e8030bd0e9bbaf,21,Lab,Void
train/pd/48e8030bd0e9bbaf_w23.png,48e8030bd0e9bbaf,23,Lab,Void
train/pd/48e8030bd0e9bbaf_w26.png,48e8030bd0e9bbaf,26,Lab,Void
train/pd/490aaf6ee21507ae_w02.png,490aaf6ee21507ae,2,Lab,Void
train/pd/490aaf6ee21507ae_w06.png,490aaf6ee21507ae,6,Lab,Void
train/pd/490aaf6ee21507ae_w07.png,490aaf6ee21507ae,7,Lab,Void
train/pd/490aaf6ee21507ae_w08.png,490aaf6ee21507ae,8,Lab,Void
train/pd/490aaf6ee21507ae_w10.png,490aaf6ee21507ae,10,Lab,Void
train/pd/490aaf6ee21507ae_w11.png,490aaf6ee21507ae,11,Lab,Void
train/pd/490aaf6ee21507ae_w12.png,490aaf6ee21507ae,12,Lab,Void
train/pd/490aaf6ee21507ae_w19.png,490aaf6ee21507ae,19,Lab,Void
train/pd/492ee647848233c0_w01.png,492ee647848233c0,1,Lab,Corona
train/pd/492ee647848233c0_w07.png,492ee647848233c0,7,Lab,Corona
train/pd/492ee647848233c0_w12.png,492ee647848233c0,12,Lab,Corona
train/pd/492ee647848233c0_w15.png,492ee647848233c0,15,Lab,Corona
train/pd/492ee647848233c0_w16.png,492ee647848233c0,16,Lab,Corona
train/pd/492ee647848233c0_w17.png,492ee647848233c0,17,Lab,Corona
train/pd/492ee647848233c0_w19.png,492ee647848233c0,19,Lab,Corona
train/pd/492ee647848233c0_w23.png,492ee647848233c0,23,Lab,Corona
train/pd/49587c2a57dc9257_w01.png,49587c2a57dc9257,1,Lab,Corona
train/pd/49587c2a57dc9257_w05.png,49587c2a57dc9257,5,Lab,Corona
train/pd/49587c2a57dc9257_w07.png,49587c2a57dc9257,7,Lab,Corona
train/pd/49587c2a57dc9257_w11.png,49587c2a57dc9257,11,Lab,Corona
train/pd/49587c2a57dc9257_w13.png,49587c2a57dc9257,13,Lab,Corona
train/pd/49587c2a57dc9257_w14.png,49587c2a57dc9257,14,Lab,Corona
train/pd/49587c2a57dc9257_w26.png,49587c2a57dc9257,26,Lab,Corona
train/pd/49587c2a57dc9257_w27.png,49587c2a57dc9257,27,Lab,Corona
train/pd/49a185fe0f3f75fe_w03.png,49a185fe0f3f75fe,3,Lab,Void
train/pd/49a185fe0f3f75fe_w04.png,49a185fe0f3f75fe,4,Lab,Void
train/pd/49a185fe0f3f75fe_w05.png,49a185fe0f3f75fe,5,Lab,Void
train/pd/49a185fe0f3f75fe_w08.png,49a185fe0f3f75fe,8,Lab,Void
train/pd/49a185fe0f3f75fe_w11.png,49a185fe0f3f75fe,11,Lab,Void
train/pd/49a185fe0f3f75fe_w18.png,49a185fe0f3f75fe,18,Lab,Void
train/pd/49a185fe0f3f75fe_w19.png,49a185fe0f3f75fe,19,Lab,Void
train/pd/49a185fe0f3f75fe_w27.png,49a185fe0f3f75fe,27,Lab,Void
train/pd/49b0ec7bd20970ab_w00.png,49b0ec7bd20970ab,0,Lab,Void
train/pd/49b0ec7bd20970ab_w05.png,49b0ec7bd20970ab,5,Lab,Void
train/pd/49b0ec7bd20970ab_w07.png,49b0ec7bd20970ab,7,Lab,Void
train/pd/49b0ec7bd20970ab_w08.png,49b0ec7bd20970ab,8,Lab,Void
train/pd/49b0ec7bd20970ab_w14.png,49b0ec7bd20970ab,14,Lab,Void
train/pd/49b0ec7bd20970ab_w23.png,49b0ec7bd20970ab,23,Lab,Void
train/pd/49b0ec7bd20970ab_w25.png,49b0ec7bd20970ab,25,Lab,Void
train/pd/49b0ec7bd20970ab_w27.png,49b0ec7bd20970ab,27,Lab,Void
train/pd/49b76579dac633c4_w02.png,49b76579dac633c4,2,Field,Void
train/pd/49b76579dac633c4_w03.png,49b76579dac633c4,3,Field,Void
train/pd/49b76579dac633c4_w04.png,49b76579dac633c4,4,Field,Void
train/pd/49b76579dac633c4_w08.png,49b76579dac633c4,8,Field,Void
train/pd/49b76579dac633c4_w19.png,49b76579dac633c4,19,Field,Void
train/pd/49b76579dac633c4_w22.png,49b76579dac633c4,22,Field,Void
train/pd/49b76579dac633c4_w24.png,49b76579dac633c4,24,Field,Void
train/pd/49b76579dac633c4_w25.png,49b76579dac633c4,25,Field,Void
train/pd/49cdb82a521e8ef6_w00.png,49cdb82a521e8ef6,0,Lab,Void
train/pd/49cdb82a521e8ef6_w03.png,49cdb82a521e8ef6,3,Lab,Void
train/pd/49cdb82a521e8ef6_w09.png,49cdb82a521e8ef6,9,Lab,Void
train/pd/49cdb82a521e8ef6_w10.png,49cdb82a521e8ef6,10,Lab,Void
train/pd/49cdb82a521e8ef6_w14.png,49cdb82a521e8ef6,14,Lab,Void
train/pd/49cdb82a521e8ef6_w19.png,49cdb82a521e8ef6,19,Lab,Void
train/pd/49cdb82a521e8ef6_w20.png,49cdb82a521e8ef6,20,Lab,Void
train/pd/49cdb82a521e8ef6_w26.png,49cdb82a521e8ef6,26,Lab,Void
train/pd/49dd32e2be6bbea3_w00.png,49dd32e2be6bbea3,0,Lab,Void
train/pd/49dd32e2be6bbea3_w02.png,49dd32e2be6bbea3,2,Lab,Void
train/pd/49dd32e2be6bbea3_w04.png,49dd32e2be6bbea3,4,Lab,Void
train/pd/49dd32e2be6bbea3_w13.png,49dd32e2be6bbea3,13,Lab,Void
train/pd/49dd32e2be6bbea3_w22.png,49dd32e2be6bbea3,22,Lab,Void
train/pd/49dd32e2be6bbea3_w23.png,49dd32e2be6bbea3,23,Lab,Void
train/pd/49dd32e2be6bbea3_w26.png,49dd32e2be6bbea3,26,Lab,Void
train/pd/49dd32e2be6bbea3_w27.png,49dd32e2be6bbea3,27,Lab,Void
train/pd/49f50993d69e9ff1_w10.png,49f50993d69e9ff1,10,Field,Void
train/pd/49f50993d69e9ff1_w12.png,49f50993d69e9ff1,12,Field,Void
train/pd/49f50993d69e9ff1_w15.png,49f50993d69e9ff1,15,Field,Void
train/pd/49f50993d69e9ff1_w16.png,49f50993d69e9ff1,16,Field,Void
train/pd/49f50993d69e9ff1_w20.png,49f50993d69e9ff1,20,Field,Void
train/pd/49f50993d69e9ff1_w23.png,49f50993d69e9ff1,23,Field,Void
train/pd/49f50993d69e9ff1_w24.png,49f50993d69e9ff1,24,Field,Void
train/pd/49f50993d69e9ff1_w27.png,49f50993d69e9ff1,27,Field,Void
train/pd/4a167ab6f5cf5a4c_w03.png,4a167ab6f5cf5a4c,3,Field,Void
train/pd/4a167ab6f5cf5a4c_w06.png,4a167ab6f5cf5a4c,6,Field,Void
train/pd/4a167ab6f5cf5a4c_w09.png,4a167ab6f5cf5a4c,9,Field,Void
train/pd/4a167ab6f5cf5a4c_w14.png,4a167ab6f5cf5a4c,14,Field,Void
train/pd/4a167ab6f5cf5a4c_w16.png,4a167ab6f5cf5a4c,16,Field,Void
train/pd/4a167ab6f5cf5a4c_w18.png,4a167ab6f5cf5a4c,18,Field,Void
train/pd/4a167ab6f5cf5a4c_w19.png,4a167ab6f5cf5a4c,19,Field,Void
train/pd/4a167ab6f5cf5a4c_w25.png,4a167ab6f5cf5a4c,25,Field,Void
train/pd/4a315fe103cfcc78_w00.png,4a315fe103cfcc78,0,Lab,Floating
train/pd/4a315fe103cfcc78_w04.png,4a315fe103cfcc78,4,Lab,Floating
train/pd/4a315fe103cfcc78_w11.png,4a315fe103cfcc78,11,Lab,Floating
train/pd/4a315fe103cfcc78_w12.png,4a315fe103cfcc78,12,Lab,Floating
train/pd/4a315fe103cfcc78_w13.png,4a315fe103cfcc78,13,Lab,Floating
train/pd/4a315fe103cfcc78_w16.png,4a315fe103cfcc78,16,Lab,Floating
train/pd/4a315fe103cfcc78_w18.png,4a315fe103cfcc78,18,Lab,Floating
train/pd/4a315fe103cfcc78_w20.png,4a315fe103cfcc78,20,Lab,Floating
train/pd/4a54ab4738a8167b_w03.png,4a54ab4738a8167b,3,Field,Void
train/pd/4a54ab4738a8167b_w06.png,4a54ab4738a8167b,6,Field,Void
train/pd/4a54ab4738a8167b_w09.png,4a54ab4738a8167b,9,Field,Void
train/pd/4a54ab4738a8167b_w10.png,4a54ab4738a8167b,10,Field,Void
train/pd/4a54ab4738a8167b_w12.png,4a54ab4738a8167b,12,Field,Void
train/pd/4a54ab4738a8167b_w14.png,4a54ab4738a8167b,14,Field,Void
train/pd/4a54ab4738a8167b_w18.png,4a54ab4738a8167b,18,Field,Void
train/pd/4a54ab4738a8167b_w23.png,4a54ab4738a8167b,23,Field,Void
train/pd/4ab5fc371ca0fbe9_w01.png,4ab5fc371ca0fbe9,1,Lab,Void
train/pd/4ab5fc371ca0fbe9_w05.png,4ab5fc371ca0fbe9,5,Lab,Void
train/pd/4ab5fc371ca0fbe9_w06.png,4ab5fc371ca0fbe9,6,Lab,Void
train/pd/4ab5fc371ca0fbe9_w07.png,4ab5fc371ca0fbe9,7,Lab,Void
train/pd/4ab5fc371ca0fbe9_w08.png,4ab5fc371ca0fbe9,8,Lab,Void
train/pd/4ab5fc371ca0fbe9_w15.png,4ab5fc371ca0fbe9,15,Lab,Void
train/pd/4ab5fc371ca0fbe9_w21.png,4ab5fc371ca0fbe9,21,Lab,Void
train/pd/4ab5fc371ca0fbe9_w24.png,4ab5fc371ca0fbe9,24,Lab,Void
train/pd/4abe24816fffccef_w01.png,4abe24816fffccef,1,Lab,Particle
train/pd/4abe24816fffccef_w05.png,4abe24816fffccef,5,Lab,Particle
train/pd/4abe24816fffccef_w11.png,4abe24816fffccef,11,Lab,Particle
train/pd/4abe24816fffccef_w13.png,4abe24816fffccef,13,Lab,Particle
train/pd/4abe24816fffccef_w14.png,4abe24816fffccef,14,Lab,Particle
train/pd/4abe24816fffccef_w18.png,4abe24816fffccef,18,Lab,Particle
train/pd/4abe24816fffccef_w25.png,4abe24816fffccef,25,Lab,Particle
train/pd/4abe24816fffccef_w26.png,4abe24816fffccef,26,Lab,Particle
train/pd/4ac883614ceabf94_w01.png,4ac883614ceabf94,1,Lab,Void
train/pd/4ac883614ceabf94_w02.png,4ac883614ceabf94,2,Lab,Void
train/pd/4ac883614ceabf94_w08.png,4ac883614ceabf94,8,Lab,Void
train/pd/4ac883614ceabf94_w09.png,4ac883614ceabf94,9,Lab,Void
train/pd/4ac883614ceabf94_w11.png,4ac883614ceabf94,11,Lab,Void
train/pd/4ac883614ceabf94_w13.png,4ac883614ceabf94,13,Lab,Void
train/pd/4ac883614ceabf94_w19.png,4ac883614ceabf94,19,Lab,Void
train/pd/4ac883614ceabf94_w25.png,4ac883614ceabf94,25,Lab,Void
train/pd/4ae0e4b5a66cc35d_w02.png,4ae0e4b5a66cc35d,2,Lab,Particle
train/pd/4ae0e4b5a66cc35d_w04.png,4ae0e4b5a66cc35d,4,Lab,Particle
train/pd/4ae0e4b5a66cc35d_w05.png,4ae0e4b5a66cc35d,5,Lab,Particle
train/pd/4ae0e4b5a66cc35d_w07.png,4ae0e4b5a66cc35d,7,Lab,Particle
train/pd/4ae0e4b5a66cc35d_w18.png,4ae0e4b5a66cc35d,18,Lab,Particle
train/pd/4ae0e4b5a66cc35d_w19.png,4ae0e4b5a66cc35d,19,Lab,Particle
train/pd/4ae0e4b5a66cc35d_w23.png,4ae0e4b5a66cc35d,23,Lab,Particle
train/pd/4ae0e4b5a66cc35d_w24.png,4ae0e4b5a66cc35d,24,Lab,Particle
train/pd/4af540eee6b77065_w01.png,4af540eee6b77065,1,Lab,Particle
train/pd/4af540eee6b77065_w02.png,4af540eee6b77065,2,Lab,Particle
train/pd/4af540eee6b77065_w05.png,4af540eee6b77065,5,Lab,Particle
train/pd/4af540eee6b77065_w16.png,4af540eee6b77065,16,Lab,Particle
train/pd/4af540eee6b77065_w19.png,4af540eee6b77065,19,Lab,Particle
train/pd/4af540eee6b77065_w22.png,4af540eee6b77065,22,Lab,Particle
train/pd/4af540eee6b77065_w25.png,4af540eee6b77065,25,Lab,Particle
train/pd/4af540eee6b77065_w26.png,4af540eee6b77065,26,Lab,Particle
train/pd/4b2eb9244a4d6023_w03.png,4b2eb9244a4d6023,3,Lab,Floating
train/pd/4b2eb9244a4d6023_w06.png,4b2eb9244a4d6023,6,Lab,Floating
train/pd/4b2eb9244a4d6023_w07.png,4b2eb9244a4d6023,7,Lab,Floating
train/pd/4b2eb9244a4d6023_w12.png,4b2eb9244a4d6023,12,Lab,Floating
train/pd/4b2eb9244a4d6023_w18.png,4b2eb9244a4d6023,18,Lab,Floating
train/pd/4b2eb9244a4d6023_w24.png,4b2eb9244a4d6023,24,Lab,Floating
train/pd/4b2eb9244a4d6023_w26.png,4b2eb9244a4d6023,26,Lab,Floating
train/pd/4b2eb9244a4d6023_w27.png,4b2eb9244a4d6023,27,Lab,Floating
train/pd/4b3b446199e2eaa6_w01.png,4b3b446199e2eaa6,1,Field,Void
train/pd/4b3b446199e2eaa6_w03.png,4b3b446199e2eaa6,3,Field,Void
train/pd/4b3b446199e2eaa6_w04.png,4b3b446199e2eaa6,4,Field,Void
train/pd/4b3b446199e2eaa6_w09.png,4b3b446199e2eaa6,9,Field,Void
train/pd/4b3b446199e2eaa6_w16.png,4b3b446199e2eaa6,16,Field,Void
train/pd/4b3b446199e2eaa6_w24.png,4b3b446199e2eaa6,24,Field,Void
train/pd/4b3b446199e2eaa6_w25.png,4b3b446199e2eaa6,25,Field,Void
train/pd/4b3b446199e2eaa6_w27.png,4b3b446199e2eaa6,27,Field,Void
train/pd/4b48dd98b25fc2ad_w01.png,4b48dd98b25fc2ad,1,Lab,Corona
train/pd/4b48dd98b25fc2ad_w03.png,4b48dd98b25fc2ad,3,Lab,Corona
train/pd/4b48dd98b25fc2ad_w04.png,4b48dd98b25fc2ad,4,Lab,Corona
train/pd/4b48dd98b25fc2ad_w13.png,4b48dd98b25fc2ad,13,Lab,Corona
train/pd/4b48dd98b25fc2ad_w16.png,4b48dd98b25fc2ad,16,Lab,Corona
train/pd/4b48dd98b25fc2ad_w18.png,4b48dd98b25fc2ad,18,Lab,Corona
train/pd/4b48dd98b25fc2ad_w20.png,4b48dd98b25fc2ad,20,Lab,Corona
train/pd/4b48dd98b25fc2ad_w27.png,4b48dd98b25fc2ad,27,Lab,Corona
train/pd/4b5e7e3f731ecf3e_w00.png,4b5e7e3f731ecf3e,0,Lab,Floating
train/pd/4b5e7e3f731ecf3e_w01.png,4b5e7e3f731ecf3e,1,Lab,Floating
train/pd/4b5e7e3f731ecf3e_w04.png,4b5e7e3f731ecf3e,4,Lab,Floating
train/pd/4b5e7e3f731ecf3e_w05.png,4b5e7e3f731ecf3e,5,Lab,Floating
train/pd/4b5e7e3f731ecf3e_w09.png,4b5e7e3f731ecf3e,9,Lab,Floating
train/pd/4b5e7e3f731ecf3e_w12.png,4b5e7e3f731ecf3e,12,Lab,Floating
train/pd/4b5e7e3f731ecf3e_w25.png,4b5e7e3f731ecf3e,25,Lab,Floating
train/pd/4b5e7e3f731ecf3e_w27.png,4b5e7e3f731ecf3e,27,Lab,Floating
train/pd/4b9c07e0223a50e8_w02.png,4b9c07e0223a50e8,2,Lab,Void
train/pd/4b9c07e0223a50e8_w09.png,4b9c07e0223a50e8,9,Lab,Void
train/pd/4b9c07e0223a50e8_w10.png,4b9c07e0223a50e8,10,Lab,Void
train/pd/4b9c07e0223a50e8_w12.png,4b9c07e0223a50e8,12,Lab,Void
train/pd/4b9c07e0223a50e8_w17.png,4b9c07e0223a50e8,17,Lab,Void
train/pd/4b9c07e0223a50e8_w18.png,4b9c07e0223a50e8,18,Lab,Void
train/pd/4b9c07e0223a50e8_w21.png,4b9c07e0223a50e8,21,Lab,Void
train/pd/4b9c07e0223a50e8_w22.png,4b9c07e0223a50e8,22,Lab,Void
train/pd/4c0659afba10505c_w03.png,4c0659afba10505c,3,Lab,Void
train/pd/4c0659afba10505c_w04.png,4c0659afba10505c,4,Lab,Void
train/pd/4c0659afba10505c_w07.png,4c0659afba10505c,7,Lab,Void
train/pd/4c0659afba10505c_w09.png,4c0659afba10505c,9,Lab,Void
train/pd/4c0659afba10505c_w15.png,4c0659afba10505c,15,Lab,Void
train/pd/4c0659afba10505c_w16.png,4c0659afba10505c,16,Lab,Void
train/pd/4c0659afba10505c_w19.png,4c0659afba10505c,19,Lab,Void
train/pd/4c0659afba10505c_w27.png,4c0659afba10505c,27,Lab,Void
train/pd/4c210ab3740056c6_w01.png,4c210ab3740056c6,1,Lab,Void
train/pd/4c210ab3740056c6_w03.png,4c210ab3740056c6,3,Lab,Void
train/pd/4c210ab3740056c6_w04.png,4c210ab3740056c6,4,Lab,Void
train/pd/4c210ab3740056c6_w11.png,4c210ab3740056c6,11,Lab,Void
train/pd/4c210ab3740056c6_w19.png,4c210ab3740056c6,19,Lab,Void
train/pd/4c210ab3740056c6_w23.png,4c210ab3740056c6,23,Lab,Void
train/pd/4c210ab3740056c6_w26.png,4c210ab3740056c6,26,Lab,Void
train/pd/4c210ab3740056c6_w27.png,4c210ab3740056c6,27,Lab,Void
train/pd/4c28631d4212735a_w00.png,4c28631d4212735a,0,Lab,Void
train/pd/4c28631d4212735a_w06.png,4c28631d4212735a,6,Lab,Void
train/pd/4c28631d4212735a_w10.png,4c28631d4212735a,10,Lab,Void
train/pd/4c28631d4212735a_w12.png,4c28631d4212735a,12,Lab,Void
train/pd/4c28631d4212735a_w14.png,4c28631d4212735a,14,Lab,Void
train/pd/4c28631d4212735a_w18.png,4c28631d4212735a,18,Lab,Void
train/pd/4c28631d4212735a_w19.png,4c28631d4212735a,19,Lab,Void
train/pd/4c28631d4212735a_w26.png,4c28631d4212735a,26,Lab,Void
train/pd/4c5ff72120093750_w04.png,4c5ff72120093750,4,Lab,Particle
train/pd/4c5ff72120093750_w08.png,4c5ff72120093750,8,Lab,Particle
train/pd/4c5ff72120093750_w10.png,4c5ff72120093750,10,Lab,Particle
train/pd/4c5ff72120093750_w11.png,4c5ff72120093750,11,Lab,Particle
train/pd/4c5ff72120093750_w18.png,4c5ff72120093750,18,Lab,Particle
train/pd/4c5ff72120093750_w22.png,4c5ff72120093750,22,Lab,Particle
train/pd/4c5ff72120093750_w23.png,4c5ff72120093750,23,Lab,Particle
train/pd/4c5ff72120093750_w25.png,4c5ff72120093750,25,Lab,Particle
train/pd/4cb26f9e32a2f514_w05.png,4cb26f9e32a2f514,5,Lab,Void
train/pd/4cb26f9e32a2f514_w10.png,4cb26f9e32a2f514,10,Lab,Void
train/pd/4cb26f9e32a2f514_w11.png,4cb26f9e32a2f514,11,Lab,Void
train/pd/4cb26f9e32a2f514_w13.png,4cb26f9e32a2f514,13,Lab,Void
train/pd/4cb26f9e32a2f514_w15.png,4cb26f9e32a2f514,15,Lab,Void
train/pd/4cb26f9e32a2f514_w21.png,4cb26f9e32a2f514,21,Lab,Void
train/pd/4cb26f9e32a2f514_w22.png,4cb26f9e32a2f514,22,Lab,Void
train/pd/4cb26f9e32a2f514_w26.png,4cb26f9e32a2f514,26,Lab,Void
train/pd/4cb38774133e09e4_w01.png,4cb38774133e09e4,1,Lab,Void
train/pd/4cb38774133e09e4_w07.png,4cb38774133e09e4,7,Lab,Void
train/pd/4cb38774133e09e4_w08.png,4cb38774133e09e4,8,Lab,Void
train/pd/4cb38774133e09e4_w10.png,4cb38774133e09e4,10,Lab,Void
train/pd/4cb38774133e09e4_w14.png,4cb38774133e09e4,14,Lab,Void
train/pd/4cb38774133e09e4_w15.png,4cb38774133e09e4,15,Lab,Void
train/pd/4cb38774133e09e4_w20.png,4cb38774133e09e4,20,Lab,Void
train/pd/4cb38774133e09e4_w22.png,4cb38774133e09e4,22,Lab,Void
train/pd/4cb38c417d058d73_w02.png,4cb38c417d058d73,2,Field,Floating
train/pd/4cb38c417d058d73_w07.png,4cb38c417d058d73,7,Field,Floating
train/pd/4cb38c417d058d73_w12.png,4cb38c417d058d73,12,Field,Floating
train/pd/4cb38c417d058d73_w13.png,4cb38c417d058d73,13,Field,Floating
train/pd/4cb38c417d058d73_w14.png,4cb38c417d058d73,14,Field,Floating
train/pd/4cb38c417d058d73_w18.png,4cb38c417d058d73,18,Field,Floating
train/pd/4cb38c417d058d73_w21.png,4cb38c417d058d73,21,Field,Floating
train/pd/4cb38c417d058d73_w27.png,4cb38c417d058d73,27,Field,Floating
train/pd/4cc69984b1e15246_w04.png,4cc69984b1e15246,4,Lab,Particle
train/pd/4cc69984b1e15246_w09.png,4cc69984b1e15246,9,Lab,Particle
train/pd/4cc69984b1e15246_w12.png,4cc69984b1e15246,12,Lab,Particle
train/pd/4cc69984b1e15246_w13.png,4cc69984b1e15246,13,Lab,Particle
train/pd/4cc69984b1e15246_w14.png,4cc69984b1e15246,14,Lab,Particle
train/pd/4cc69984b1e15246_w16.png,4cc69984b1e15246,16,Lab,Particle
train/pd/4cc69984b1e15246_w20.png,4cc69984b1e15246,20,Lab,Particle
train/pd/4cc69984b1e15246_w24.png,4cc69984b1e15246,24,Lab,Particle
train/pd/4d171f85bd4f60e1_w02.png,4d171f85bd4f60e1,2,Lab,Void
train/pd/4d171f85bd4f60e1_w09.png,4d171f85bd4f60e1,9,Lab,Void
train/pd/4d171f85bd4f60e1_w10.png,4d171f85bd4f60e1,10,Lab,Void
train/pd/4d171f85bd4f60e1_w12.png,4d171f85bd4f60e1,12,Lab,Void
train/pd/4d171f85bd4f60e1_w20.png,4d171f85bd4f60e1,20,Lab,Void
train/pd/4d171f85bd4f60e1_w24.png,4d171f85bd4f60e1,24,Lab,Void
train/pd/4d171f85bd4f60e1_w26.png,4d171f85bd4f60e1,26,Lab,Void
train/pd/4d171f85bd4f60e1_w27.png,4d171f85bd4f60e1,27,Lab,Void
train/pd/4d2015d69f106bc9_w02.png,4d2015d69f106bc9,2,Lab,Floating
train/pd/4d2015d69f106bc9_w06.png,4d2015d69f106bc9,6,Lab,Floating
train/pd/4d2015d69f106bc9_w15.png,4d2015d69f106bc9,15,Lab,Floating
train/pd/4d2015d69f106bc9_w17.png,4d2015d69f106bc9,17,Lab,Floating
train/pd/4d2015d69f106bc9_w18.png,4d2015d69f106bc9,18,Lab,Floating
train/pd/4d2015d69f106bc9_w22.png,4d2015d69f106bc9,22,Lab,Floating
train/pd/4d2015d69f106bc9_w25.png,4d2015d69f106bc9,25,Lab,Floating
train/pd/4d2015d69f106bc9_w27.png,4d2015d69f106bc9,27,Lab,Floating
train/pd/4d468f13ed38c175_w00.png,4d468f13ed38c175,0,Lab,Void
train/pd/4d468f13ed38c175_w02.png,4d468f13ed38c175,2,Lab,Void
train/pd/4d468f13ed38c175_w04.png,4d468f13ed38c175,4,Lab,Void
train/pd/4d468f13ed38c175_w08.png,4d468f13ed38c175,8,Lab,Void
train/pd/4d468f13ed38c175_w10.png,4d468f13ed38c175,10,Lab,Void
train/pd/4d468f13ed38c175_w12.png,4d468f13ed38c175,12,Lab,Void
train/pd/4d468f13ed38c175_w21.png,4d468f13ed38c175,21,Lab,Void
train/pd/4d468f13ed38c175_w25.png,4d468f13ed38c175,25,Lab,Void
train/pd/4d6cbe3e038beb60_w02.png,4d6cbe3e038beb60,2,Lab,Void
train/pd/4d6cbe3e038beb60_w03.png,4d6cbe3e038beb60,3,Lab,Void
train/pd/4d6cbe3e038beb60_w06.png,4d6cbe3e038beb60,6,Lab,Void
train/pd/4d6cbe3e038beb60_w07.png,4d6cbe3e038beb60,7,Lab,Void
train/pd/4d6cbe3e038beb60_w08.png,4d6cbe3e038beb60,8,Lab,Void
train/pd/4d6cbe3e038beb60_w18.png,4d6cbe3e038beb60,18,Lab,Void
train/pd/4d6cbe3e038beb60_w24.png,4d6cbe3e038beb60,24,Lab,Void
train/pd/4d6cbe3e038beb60_w27.png,4d6cbe3e038beb60,27,Lab,Void
train/pd/4d9e3d63686b993c_w01.png,4d9e3d63686b993c,1,Lab,Floating
train/pd/4d9e3d63686b993c_w02.png,4d9e3d63686b993c,2,Lab,Floating
train/pd/4d9e3d63686b993c_w03.png,4d9e3d63686b993c,3,Lab,Floating
train/pd/4d9e3d63686b993c_w04.png,4d9e3d63686b993c,4,Lab,Floating
train/pd/4d9e3d63686b993c_w12.png,4d9e3d63686b993c,12,Lab,Floating
train/pd/4d9e3d63686b993c_w16.png,4d9e3d63686b993c,16,Lab,Floating
train/pd/4d9e3d63686b993c_w20.png,4d9e3d63686b993c,20,Lab,Floating
train/pd/4d9e3d63686b993c_w25.png,4d9e3d63686b993c,25,Lab,Floating
train/pd/4da2538389a3b3da_w03.png,4da2538389a3b3da,3,Lab,Void
train/pd/4da2538389a3b3da_w04.png,4da2538389a3b3da,4,Lab,Void
train/pd/4da2538389a3b3da_w07.png,4da2538389a3b3da,7,Lab,Void
train/pd/4da2538389a3b3da_w09.png,4da2538389a3b3da,9,Lab,Void
train/pd/4da2538389a3b3da_w14.png,4da2538389a3b3da,14,Lab,Void
train/pd/4da2538389a3b3da_w16.png,4da2538389a3b3da,16,Lab,Void
train/pd/4da2538389a3b3da_w19.png,4da2538389a3b3da,19,Lab,Void
train/pd/4da2538389a3b3da_w22.png,4da2538389a3b3da,22,Lab,Void
train/pd/4e183d95d1aaf68a_w02.png,4e183d95d1aaf68a,2,Lab,Corona
train/pd/4e183d95d1aaf68a_w07.png,4e183d95d1aaf68a,7,Lab,Corona
train/pd/4e183d95d1aaf68a_w10.png,4e183d95d1aaf68a,10,Lab,Corona
train/pd/4e183d95d1aaf68a_w11.png,4e183d95d1aaf68a,11,Lab,Corona
train/pd/4e183d95d1aaf68a_w17.png,4e183d95d1aaf68a,17,Lab,Corona
train/pd/4e183d95d1aaf68a_w22.png,4e183d95d1aaf68a,22,Lab,Corona
train/pd/4e183d95d1aaf68a_w23.png,4e183d95d1aaf68a,23,Lab,Corona
train/pd/4e183d95d1aaf68a_w26.png,4e183d95d1aaf68a,26,Lab,Corona
train/pd/4ead9a81ad5b37f2_w06.png,4ead9a81ad5b37f2,6,Field,Void
train/pd/4ead9a81ad5b37f2_w07.png,4ead9a81ad5b37f2,7,Field,Void
train/pd/4ead9a81ad5b37f2_w14.png,4ead9a81ad5b37f2,14,Field,Void
train/pd/4ead9a81ad5b37f2_w16.png,4ead9a81ad5b37f2,16,Field,Void
train/pd/4ead9a81ad5b37f2_w19.png,4ead9a81ad5b37f2,19,Field,Void
train/pd/4ead9a81ad5b37f2_w20.png,4ead9a81ad5b37f2,20,Field,Void
train/pd/4ead9a81ad5b37f2_w22.png,4ead9a81ad5b37f2,22,Field,Void
train/pd/4ead9a81ad5b37f2_w27.png,4ead9a81ad5b37f2,27,Field,Void
train/pd/4f67caae29129762_w07.png,4f67caae29129762,7,Lab,Corona
train/pd/4f67caae29129762_w12.png,4f67caae29129762,12,Lab,Corona
train/pd/4f67caae29129762_w15.png,4f67caae29129762,15,Lab,Corona
train/pd/4f67caae29129762_w18.png,4f67caae29129762,18,Lab,Corona
train/pd/4f67caae29129762_w21.png,4f67caae29129762,21,Lab,Corona
train/pd/4f67caae29129762_w24.png,4f67caae29129762,24,Lab,Corona
train/pd/4f67caae29129762_w25.png,4f67caae29129762,25,Lab,Corona
train/pd/4f67caae29129762_w26.png,4f67caae29129762,26,Lab,Corona
train/pd/4f68d8cbb77b4bcb_w00.png,4f68d8cbb77b4bcb,0,Lab,Void
train/pd/4f68d8cbb77b4bcb_w03.png,4f68d8cbb77b4bcb,3,Lab,Void
train/pd/4f68d8cbb77b4bcb_w12.png,4f68d8cbb77b4bcb,12,Lab,Void
train/pd/4f68d8cbb77b4bcb_w15.png,4f68d8cbb77b4bcb,15,Lab,Void
train/pd/4f68d8cbb77b4bcb_w20.png,4f68d8cbb77b4bcb,20,Lab,Void
train/pd/4f68d8cbb77b4bcb_w22.png,4f68d8cbb77b4bcb,22,Lab,Void
train/pd/4f68d8cbb77b4bcb_w23.png,4f68d8cbb77b4bcb,23,Lab,Void
train/pd/4f68d8cbb77b4bcb_w25.png,4f68d8cbb77b4bcb,25,Lab,Void
train/pd/4f8c9de8dab8d68b_w00.png,4f8c9de8dab8d68b,0,Lab,Void
train/pd/4f8c9de8dab8d68b_w03.png,4f8c9de8dab8d68b,3,Lab,Void
train/pd/4f8c9de8dab8d68b_w08.png,4f8c9de8dab8d68b,8,Lab,Void
train/pd/4f8c9de8dab8d68b_w11.png,4f8c9de8dab8d68b,11,Lab,Void
train/pd/4f8c9de8dab8d68b_w12.png,4f8c9de8dab8d68b,12,Lab,Void
train/pd/4f8c9de8dab8d68b_w23.png,4f8c9de8dab8d68b,23,Lab,Void
train/pd/4f8c9de8dab8d68b_w25.png,4f8c9de8dab8d68b,25,Lab,Void
train/pd/4f8c9de8dab8d68b_w27.png,4f8c9de8dab8d68b,27,Lab,Void
train/pd/5030ee2cca4f8ec2_w00.png,5030ee2cca4f8ec2,0,Lab,Void
train/pd/5030ee2cca4f8ec2_w01.png,5030ee2cca4f8ec2,1,Lab,Void
train/pd/5030ee2cca4f8ec2_w08.png,5030ee2cca4f8ec2,8,Lab,Void
train/pd/5030ee2cca4f8ec2_w10.png,5030ee2cca4f8ec2,10,Lab,Void
train/pd/5030ee2cca4f8ec2_w12.png,5030ee2cca4f8ec2,12,Lab,Void
train/pd/5030ee2cca4f8ec2_w13.png,5030ee2cca4f8ec2,13,Lab,Void
train/pd/5030ee2cca4f8ec2_w19.png,5030ee2cca4f8ec2,19,Lab,Void
train/pd/5030ee2cca4f8ec2_w25.png,5030ee2cca4f8ec2,25,Lab,Void
train/pd/5043986519e67c1e_w01.png,5043986519e67c1e,1,Lab,Void
train/pd/5043986519e67c1e_w06.png,5043986519e67c1e,6,Lab,Void
train/pd/5043986519e67c1e_w10.png,5043986519e67c1e,10,Lab,Void
train/pd/5043986519e67c1e_w13.png,5043986519e67c1e,13,Lab,Void
train/pd/5043986519e67c1e_w14.png,5043986519e67c1e,14,Lab,Void
train/pd/5043986519e67c1e_w17.png,5043986519e67c1e,17,Lab,Void
train/pd/5043986519e67c1e_w24.png,5043986519e67c1e,24,Lab,Void
train/pd/5043986519e67c1e_w25.png,5043986519e67c1e,25,Lab,Void
train/pd/505fa22371d91c0d_w00.png,505fa22371d91c0d,0,Lab,Corona
train/pd/505fa22371d91c0d_w01.png,505fa22371d91c0d,1,Lab,Corona
train/pd/505fa22371d91c0d_w09.png,505fa22371d91c0d,9,Lab,Corona
train/pd/505fa22371d91c0d_w12.png,505fa22371d91c0d,12,Lab,Corona
train/pd/505fa22371d91c0d_w18.png,505fa22371d91c0d,18,Lab,Corona
train/pd/505fa22371d91c0d_w21.png,505fa22371d91c0d,21,Lab,Corona
train/pd/505fa22371d91c0d_w24.png,505fa22371d91c0d,24,Lab,Corona
train/pd/505fa22371d91c0d_w25.png,505fa22371d91c0d,25,Lab,Corona
train/pd/5076f49efed3244e_w00.png,5076f49efed3244e,0,Lab,Void
train/pd/5076f49efed3244e_w03.png,5076f49efed3244e,3,Lab,Void
train/pd/5076f49efed3244e_w06.png,5076f49efed3244e,6,Lab,Void
train/pd/5076f49efed3244e_w09.png,5076f49efed3244e,9,Lab,Void
train/pd/5076f49efed3244e_w15.png,5076f49efed3244e,15,Lab,Void
train/pd/5076f49efed3244e_w18.png,5076f49efed3244e,18,Lab,Void
train/pd/5076f49efed3244e_w19.png,5076f49efed3244e,19,Lab,Void
train/pd/5076f49efed3244e_w26.png,5076f49efed3244e,26,Lab,Void
train/pd/508cb3d574c98d90_w04.png,508cb3d574c98d90,4,Field,Void
train/pd/508cb3d574c98d90_w06.png,508cb3d574c98d90,6,Field,Void
train/pd/508cb3d574c98d90_w07.png,508cb3d574c98d90,7,Field,Void
train/pd/508cb3d574c98d90_w08.png,508cb3d574c98d90,8,Field,Void
train/pd/508cb3d574c98d90_w16.png,508cb3d574c98d90,16,Field,Void
train/pd/508cb3d574c98d90_w18.png,508cb3d574c98d90,18,Field,Void
train/pd/508cb3d574c98d90_w21.png,508cb3d574c98d90,21,Field,Void
train/pd/508cb3d574c98d90_w25.png,508cb3d574c98d90,25,Field,Void
train/pd/50cb72f934732568_w04.png,50cb72f934732568,4,Lab,Void
train/pd/50cb72f934732568_w15.png,50cb72f934732568,15,Lab,Void
train/pd/50cb72f934732568_w16.png,50cb72f934732568,16,Lab,Void
train/pd/50cb72f934732568_w19.png,50cb72f934732568,19,Lab,Void
train/pd/50cb72f934732568_w20.png,50cb72f934732568,20,Lab,Void
train/pd/50cb72f934732568_w21.png,50cb72f934732568,21,Lab,Void
train/pd/50cb72f934732568_w22.png,50cb72f934732568,22,Lab,Void
train/pd/50cb72f934732568_w27.png,50cb72f934732568,27,Lab,Void
train/pd/50d50eb61c232330_w01.png,50d50eb61c232330,1,Lab,Void
train/pd/50d50eb61c232330_w02.png,50d50eb61c232330,2,Lab,Void
train/pd/50d50eb61c232330_w03.png,50d50eb61c232330,3,Lab,Void
train/pd/50d50eb61c232330_w04.png,50d50eb61c232330,4,Lab,Void
train/pd/50d50eb61c232330_w15.png,50d50eb61c232330,15,Lab,Void
train/pd/50d50eb61c232330_w17.png,50d50eb61c232330,17,Lab,Void
train/pd/50d50eb61c232330_w20.png,50d50eb61c232330,20,Lab,Void
train/pd/50d50eb61c232330_w22.png,50d50eb61c232330,22,Lab,Void
train/pd/50ee4d59c5a05243_w06.png,50ee4d59c5a05243,6,Lab,Void
train/pd/50ee4d59c5a05243_w11.png,50ee4d59c5a05243,11,Lab,Void
train/pd/50ee4d59c5a05243_w13.png,50ee4d59c5a05243,13,Lab,Void
train/pd/50ee4d59c5a05243_w14.png,50ee4d59c5a05243,14,Lab,Void
train/pd/50ee4d59c5a05243_w19.png,50ee4d59c5a05243,19,Lab,Void
train/pd/50ee4d59c5a05243_w21.png,50ee4d59c5a05243,21,Lab,Void
train/pd/50ee4d59c5a05243_w25.png,50ee4d59c5a05243,25,Lab,Void
train/pd/50ee4d59c5a05243_w26.png,50ee4d59c5a05243,26,Lab,Void
train/pd/50f26aeba2f297f0_w01.png,50f26aeba2f297f0,1,Lab,Void
train/pd/50f26aeba2f297f0_w02.png,50f26aeba2f297f0,2,Lab,Void
train/pd/50f26aeba2f297f0_w04.png,50f26aeba2f297f0,4,Lab,Void
train/pd/50f26aeba2f297f0_w14.png,50f26aeba2f297f0,14,Lab,Void
train/pd/50f26aeba2f297f0_w17.png,50f26aeba2f297f0,17,Lab,Void
train/pd/50f26aeba2f297f0_w19.png,50f26aeba2f297f0,19,Lab,Void
train/pd/50f26aeba2f297f0_w21.png,50f26aeba2f297f0,21,Lab,Void
train/pd/50f26aeba2f297f0_w26.png,50f26aeba2f297f0,26,Lab,Void
train/pd/50f61fbacf03799a_w01.png,50f61fbacf03799a,1,Lab,Particle
train/pd/50f61fbacf03799a_w05.png,50f61fbacf03799a,5,Lab,Particle
train/pd/50f61fbacf03799a_w06.png,50f61fbacf03799a,6,Lab,Particle
train/pd/50f61fbacf03799a_w10.png,50f61fbacf03799a,10,Lab,Particle
train/pd/50f61fbacf03799a_w11.png,50f61fbacf03799a,11,Lab,Particle
train/pd/50f61fbacf03799a_w17.png,50f61fbacf03799a,17,Lab,Particle
train/pd/50f61fbacf03799a_w18.png,50f61fbacf03799a,18,Lab,Particle
train/pd/50f61fbacf03799a_w19.png,50f61fbacf03799a,19,Lab,Particle
train/pd/51132358108e9056_w01.png,51132358108e9056,1,Lab,Corona
train/pd/51132358108e9056_w04.png,51132358108e9056,4,Lab,Corona
train/pd/51132358108e9056_w05.png,51132358108e9056,5,Lab,Corona
train/pd/51132358108e9056_w08.png,51132358108e9056,8,Lab,Corona
train/pd/51132358108e9056_w16.png,51132358108e9056,16,Lab,Corona
train/pd/51132358108e9056_w22.png,51132358108e9056,22,Lab,Corona
train/pd/51132358108e9056_w25.png,51132358108e9056,25,Lab,Corona
train/pd/51132358108e9056_w27.png,51132358108e9056,27,Lab,Corona
train/pd/5119f047f273b295_w03.png,5119f047f273b295,3,Lab,Particle
train/pd/5119f047f273b295_w05.png,5119f047f273b295,5,Lab,Particle
train/pd/5119f047f273b295_w07.png,5119f047f273b295,7,Lab,Particle
train/pd/5119f047f273b295_w10.png,5119f047f273b295,10,Lab,Particle
train/pd/5119f047f273b295_w14.png,5119f047f273b295,14,Lab,Particle
train/pd/5119f047f273b295_w19.png,5119f047f273b295,19,Lab,Particle
train/pd/5119f047f273b295_w23.png,5119f047f273b295,23,Lab,Particle
train/pd/5119f047f273b295_w27.png,5119f047f273b295,27,Lab,Particle
train/pd/51370a633d965282_w00.png,51370a633d965282,0,Field,Void
train/pd/51370a633d965282_w10.png,51370a633d965282,10,Field,Void
train/pd/51370a633d965282_w11.png,51370a633d965282,11,Field,Void
train/pd/51370a633d965282_w15.png,51370a633d965282,15,Field,Void
train/pd/51370a633d965282_w19.png,51370a633d965282,19,Field,Void
train/pd/51370a633d965282_w21.png,51370a633d965282,21,Field,Void
train/pd/51370a633d965282_w22.png,51370a633d965282,22,Field,Void
train/pd/51370a633d965282_w27.png,51370a633d965282,27,Field,Void
train/pd/5153f39258ba6ca7_w10.png,5153f39258ba6ca7,10,Field,Void
train/pd/5153f39258ba6ca7_w12.png,5153f39258ba6ca7,12,Field,Void
train/pd/5153f39258ba6ca7_w15.png,5153f39258ba6ca7,15,Field,Void
train/pd/5153f39258ba6ca7_w16.png,5153f39258ba6ca7,16,Field,Void
train/pd/5153f39258ba6ca7_w18.png,5153f39258ba6ca7,18,Field,Void
train/pd/5153f39258ba6ca7_w21.png,5153f39258ba6ca7,21,Field,Void
train/pd/5153f39258ba6ca7_w25.png,5153f39258ba6ca7,25,Field,Void
train/pd/5153f39258ba6ca7_w27.png,5153f39258ba6ca7,27,Field,Void
train/pd/516bda4b02335138_w00.png,516bda4b02335138,0,Lab,Floating
train/pd/516bda4b02335138_w05.png,516bda4b02335138,5,Lab,Floating
train/pd/516bda4b02335138_w07.png,516bda4b02335138,7,Lab,Floating
train/pd/516bda4b02335138_w08.png,516bda4b02335138,8,Lab,Floating
train/pd/516bda4b02335138_w10.png,516bda4b02335138,10,Lab,Floating
train/pd/516bda4b02335138_w20.png,516bda4b02335138,20,Lab,Floating
train/pd/516bda4b02335138_w26.png,516bda4b02335138,26,Lab,Floating
train/pd/516bda4b02335138_w27.png,516bda4b02335138,27,Lab,Floating
train/pd/51ab34772e68a714_w00.png,51ab34772e68a714,0,Lab,Void
train/pd/51ab34772e68a714_w01.png,51ab34772e68a714,1,Lab,Void
train/pd/51ab34772e68a714_w03.png,51ab34772e68a714,3,Lab,Void
train/pd/51ab34772e68a714_w10.png,51ab34772e68a714,10,Lab,Void
train/pd/51ab34772e68a714_w12.png,51ab34772e68a714,12,Lab,Void
train/pd/51ab34772e68a714_w17.png,51ab34772e68a714,17,Lab,Void
train/pd/51ab34772e68a714_w21.png,51ab34772e68a714,21,Lab,Void
train/pd/51ab34772e68a714_w23.png,51ab34772e68a714,23,Lab,Void
train/pd/51abd75ad11b235a_w07.png,51abd75ad11b235a,7,Field,Void
train/pd/51abd75ad11b235a_w10.png,51abd75ad11b235a,10,Field,Void
train/pd/51abd75ad11b235a_w12.png,51abd75ad11b235a,12,Field,Void
train/pd/51abd75ad11b235a_w13.png,51abd75ad11b235a,13,Field,Void
train/pd/51abd75ad11b235a_w16.png,51abd75ad11b235a,16,Field,Void
train/pd/51abd75ad11b235a_w21.png,51abd75ad11b235a,21,Field,Void
train/pd/51abd75ad11b235a_w22.png,51abd75ad11b235a,22,Field,Void
train/pd/51abd75ad11b235a_w23.png,51abd75ad11b235a,23,Field,Void
train/pd/51d3dcb281591d40_w00.png,51d3dcb281591d40,0,Lab,Corona
train/pd/51d3dcb281591d40_w12.png,51d3dcb281591d40,12,Lab,Corona
train/pd/51d3dcb281591d40_w13.png,51d3dcb281591d40,13,Lab,Corona
train/pd/51d3dcb281591d40_w17.png,51d3dcb281591d40,17,Lab,Corona
train/pd/51d3dcb281591d40_w18.png,51d3dcb281591d40,18,Lab,Corona
train/pd/51d3dcb281591d40_w24.png,51d3dcb281591d40,24,Lab,Corona
train/pd/51d3dcb281591d40_w26.png,51d3dcb281591d40,26,Lab,Corona
train/pd/51d3dcb281591d40_w27.png,51d3dcb281591d40,27,Lab,Corona
train/pd/520bb60c91d99da3_w00.png,520bb60c91d99da3,0,Lab,Particle
train/pd/520bb60c91d99da3_w08.png,520bb60c91d99da3,8,Lab,Particle
train/pd/520bb60c91d99da3_w09.png,520bb60c91d99da3,9,Lab,Particle
train/pd/520bb60c91d99da3_w11.png,520bb60c91d99da3,11,Lab,Particle
train/pd/520bb60c91d99da3_w18.png,520bb60c91d99da3,18,Lab,Particle
train/pd/520bb60c91d99da3_w22.png,520bb60c91d99da3,22,Lab,Particle
train/pd/520bb60c91d99da3_w23.png,520bb60c91d99da3,23,Lab,Particle
train/pd/520bb60c91d99da3_w24.png,520bb60c91d99da3,24,Lab,Particle
train/pd/5212695ff62b600b_w00.png,5212695ff62b600b,0,Lab,Corona
train/pd/5212695ff62b600b_w02.png,5212695ff62b600b,2,Lab,Corona
train/pd/5212695ff62b600b_w04.png,5212695ff62b600b,4,Lab,Corona
train/pd/5212695ff62b600b_w12.png,5212695ff62b600b,12,Lab,Corona
train/pd/5212695ff62b600b_w17.png,5212695ff62b600b,17,Lab,Corona
train/pd/5212695ff62b600b_w22.png,5212695ff62b600b,22,Lab,Corona
train/pd/5212695ff62b600b_w24.png,5212695ff62b600b,24,Lab,Corona
train/pd/5212695ff62b600b_w25.png,5212695ff62b600b,25,Lab,Corona
train/pd/5238dc869e23958e_w01.png,5238dc869e23958e,1,Lab,Void
train/pd/5238dc869e23958e_w04.png,5238dc869e23958e,4,Lab,Void
train/pd/5238dc869e23958e_w05.png,5238dc869e23958e,5,Lab,Void
train/pd/5238dc869e23958e_w16.png,5238dc869e23958e,16,Lab,Void
train/pd/5238dc869e23958e_w20.png,5238dc869e23958e,20,Lab,Void
train/pd/5238dc869e23958e_w23.png,5238dc869e23958e,23,Lab,Void
train/pd/5238dc869e23958e_w24.png,5238dc869e23958e,24,Lab,Void
train/pd/5238dc869e23958e_w25.png,5238dc869e23958e,25,Lab,Void
train/pd/5245e08b5e3702df_w07.png,5245e08b5e3702df,7,Lab,Floating
train/pd/5245e08b5e3702df_w12.png,5245e08b5e3702df,12,Lab,Floating
train/pd/5245e08b5e3702df_w17.png,5245e08b5e3702df,17,Lab,Floating
train/pd/5245e08b5e3702df_w21.png,5245e08b5e3702df,21,Lab,Floating
train/pd/5245e08b5e3702df_w22.png,5245e08b5e3702df,22,Lab,Floating
train/pd/5245e08b5e3702df_w25.png,5245e08b5e3702df,25,Lab,Floating
train/pd/5245e08b5e3702df_w26.png,5245e08b5e3702df,26,Lab,Floating
train/pd/5245e08b5e3702df_w27.png,5245e08b5e3702df,27,Lab,Floating
train/pd/5299878181ff6d36_w02.png,5299878181ff6d36,2,Lab,Void
train/pd/5299878181ff6d36_w04.png,5299878181ff6d36,4,Lab,Void
train/pd/5299878181ff6d36_w08.png,5299878181ff6d36,8,Lab,Void
train/pd/5299878181ff6d36_w13.png,5299878181ff6d36,13,Lab,Void
train/pd/5299878181ff6d36_w20.png,5299878181ff6d36,20,Lab,Void
train/pd/5299878181ff6d36_w24.png,5299878181ff6d36,24,Lab,Void
train/pd/5299878181ff6d36_w25.png,5299878181ff6d36,25,Lab,Void
train/pd/5299878181ff6d36_w26.png,5299878181ff6d36,26,Lab,Void
train/pd/52a4c1f8c14f8181_w00.png,52a4c1f8c14f8181,0,Lab,Corona
train/pd/52a4c1f8c14f8181_w05.png,52a4c1f8c14f8181,5,Lab,Corona
train/pd/52a4c1f8c14f8181_w06.png,52a4c1f8c14f8181,6,Lab,Corona
train/pd/52a4c1f8c14f8181_w11.png,52a4c1f8c14f8181,11,Lab,Corona
train/pd/52a4c1f8c14f8181_w12.png,52a4c1f8c14f8181,12,Lab,Corona
train/pd/52a4c1f8c14f8181_w16.png,52a4c1f8c14f8181,16,Lab,Corona
train/pd/52a4c1f8c14f8181_w17.png,52a4c1f8c14f8181,17,Lab,Corona
train/pd/52a4c1f8c14f8181_w18.png,52a4c1f8c14f8181,18,Lab,Corona
train/pd/52bc82cbc99195cb_w01.png,52bc82cbc99195cb,1,Lab,Corona
train/pd/52bc82cbc99195cb_w12.png,52bc82cbc99195cb,12,Lab,Corona
train/pd/52bc82cbc99195cb_w13.png,52bc82cbc99195cb,13,Lab,Corona
train/pd/52bc82cbc99195cb_w16.png,52bc82cbc99195cb,16,Lab,Corona
train/pd/52bc82cbc99195cb_w18.png,52bc82cbc99195cb,18,Lab,Corona
train/pd/52bc82cbc99195cb_w20.png,52bc82cbc99195cb,20,Lab,Corona
train/pd/52bc82cbc99195cb_w26.png,52bc82cbc99195cb,26,Lab,Corona
train/pd/52bc82cbc99195cb_w27.png,52bc82cbc99195cb,27,Lab,Corona
train/pd/530949cd5d2b8e11_w02.png,530949cd5d2b8e11,2,Lab,Void
train/pd/530949cd5d2b8e11_w05.png,530949cd5d2b8e11,5,Lab,Void
train/pd/530949cd5d2b8e11_w08.png,530949cd5d2b8e11,8,Lab,Void
train/pd/530949cd5d2b8e11_w15.png,530949cd5d2b8e11,15,Lab,Void
train/pd/530949cd5d2b8e11_w18.png,530949cd5d2b8e11,18,Lab,Void
train/pd/530949cd5d2b8e11_w19.png,530949cd5d2b8e11,19,Lab,Void
train/pd/530949cd5d2b8e11_w23.png,530949cd5d2b8e11,23,Lab,Void
train/pd/530949cd5d2b8e11_w24.png,530949cd5d2b8e11,24,Lab,Void
train/pd/537c26c509fd9fe2_w00.png,537c26c509fd9fe2,0,Lab,Particle
train/pd/537c26c509fd9fe2_w01.png,537c26c509fd9fe2,1,Lab,Particle
train/pd/537c26c509fd9fe2_w05.png,537c26c509fd9fe2,5,Lab,Particle
train/pd/537c26c509fd9fe2_w14.png,537c26c509fd9fe2,14,Lab,Particle
train/pd/537c26c509fd9fe2_w21.png,537c26c509fd9fe2,21,Lab,Particle
train/pd/537c26c509fd9fe2_w23.png,537c26c509fd9fe2,23,Lab,Particle
train/pd/537c26c509fd9fe2_w25.png,537c26c509fd9fe2,25,Lab,Particle
train/pd/537c26c509fd9fe2_w27.png,537c26c509fd9fe2,27,Lab,Particle
train/pd/53bed7a9b9c33055_w01.png,53bed7a9b9c33055,1,Lab,Particle
train/pd/53bed7a9b9c33055_w05.png,53bed7a9b9c33055,5,Lab,Particle
train/pd/53bed7a9b9c33055_w08.png,53bed7a9b9c33055,8,Lab,Particle
train/pd/53bed7a9b9c33055_w11.png,53bed7a9b9c33055,11,Lab,Particle
train/pd/53bed7a9b9c33055_w12.png,53bed7a9b9c33055,12,Lab,Particle
train/pd/53bed7a9b9c33055_w18.png,53bed7a9b9c33055,18,Lab,Particle
train/pd/53bed7a9b9c33055_w25.png,53bed7a9b9c33055,25,Lab,Particle
train/pd/53bed7a9b9c33055_w27.png,53bed7a9b9c33055,27,Lab,Particle
train/pd/53d3bcd058d3539e_w01.png,53d3bcd058d3539e,1,Lab,Floating
train/pd/53d3bcd058d3539e_w04.png,53d3bcd058d3539e,4,Lab,Floating
train/pd/53d3bcd058d3539e_w11.png,53d3bcd058d3539e,11,Lab,Floating
train/pd/53d3bcd058d3539e_w15.png,53d3bcd058d3539e,15,Lab,Floating
train/pd/53d3bcd058d3539e_w17.png,53d3bcd058d3539e,17,Lab,Floating
train/pd/53d3bcd058d3539e_w22.png,53d3bcd058d3539e,22,Lab,Floating
train/pd/53d3bcd058d3539e_w25.png,53d3bcd058d3539e,25,Lab,Floating
train/pd/53d3bcd058d3539e_w27.png,53d3bcd058d3539e,27,Lab,Floating
train/pd/541a6ceaf71153e8_w06.png,541a6ceaf71153e8,6,Lab,Particle
train/pd/541a6ceaf71153e8_w11.png,541a6ceaf71153e8,11,Lab,Particle
train/pd/541a6ceaf71153e8_w15.png,541a6ceaf71153e8,15,Lab,Particle
train/pd/541a6ceaf71153e8_w18.png,541a6ceaf71153e8,18,Lab,Particle
train/pd/541a6ceaf71153e8_w21.png,541a6ceaf71153e8,21,Lab,Particle
train/pd/541a6ceaf71153e8_w23.png,541a6ceaf71153e8,23,Lab,Particle
train/pd/541a6ceaf71153e8_w25.png,541a6ceaf71153e8,25,Lab,Particle
train/pd/541a6ceaf71153e8_w26.png,541a6ceaf71153e8,26,Lab,Particle
train/pd/544a93338496e643_w02.png,544a93338496e643,2,Lab,Floating
train/pd/544a93338496e643_w04.png,544a93338496e643,4,Lab,Floating
train/pd/544a93338496e643_w08.png,544a93338496e643,8,Lab,Floating
train/pd/544a93338496e643_w11.png,544a93338496e643,11,Lab,Floating
train/pd/544a93338496e643_w12.png,544a93338496e643,12,Lab,Floating
train/pd/544a93338496e643_w15.png,544a93338496e643,15,Lab,Floating
train/pd/544a93338496e643_w19.png,544a93338496e643,19,Lab,Floating
train/pd/544a93338496e643_w26.png,544a93338496e643,26,Lab,Floating
train/pd/544be3b9c54e2e72_w01.png,544be3b9c54e2e72,1,Field,Floating
train/pd/544be3b9c54e2e72_w03.png,544be3b9c54e2e72,3,Field,Floating
train/pd/544be3b9c54e2e72_w04.png,544be3b9c54e2e72,4,Field,Floating
train/pd/544be3b9c54e2e72_w05.png,544be3b9c54e2e72,5,Field,Floating
train/pd/544be3b9c54e2e72_w10.png,544be3b9c54e2e72,10,Field,Floating
train/pd/544be3b9c54e2e72_w11.png,544be3b9c54e2e72,11,Field,Floating
train/pd/544be3b9c54e2e72_w14.png,544be3b9c54e2e72,14,Field,Floating
train/pd/544be3b9c54e2e72_w22.png,544be3b9c54e2e72,22,Field,Floating
train/pd/545b34d4d6764664_w05.png,545b34d4d6764664,5,Lab,Particle
train/pd/545b34d4d6764664_w07.png,545b34d4d6764664,7,Lab,Particle
train/pd/545b34d4d6764664_w11.png,545b34d4d6764664,11,Lab,Particle
train/pd/545b34d4d6764664_w13.png,545b34d4d6764664,13,Lab,Particle
train/pd/545b34d4d6764664_w17.png,545b34d4d6764664,17,Lab,Particle
train/pd/545b34d4d6764664_w20.png,545b34d4d6764664,20,Lab,Particle
train/pd/545b34d4d6764664_w24.png,545b34d4d6764664,24,Lab,Particle
train/pd/545b34d4d6764664_w26.png,545b34d4d6764664,26,Lab,Particle
train/pd/548e26455f5682ec_w03.png,548e26455f5682ec,3,Lab,Corona
train/pd/548e26455f5682ec_w05.png,548e26455f5682ec,5,Lab,Corona
train/pd/548e26455f5682ec_w13.png,548e26455f5682ec,13,Lab,Corona
train/pd/548e26455f5682ec_w14.png,548e26455f5682ec,14,Lab,Corona
train/pd/548e26455f5682ec_w16.png,548e26455f5682ec,16,Lab,Corona
train/pd/548e26455f5682ec_w18.png,548e26455f5682ec,18,Lab,Corona
train/pd/548e26455f5682ec_w23.png,548e26455f5682ec,23,Lab,Corona
train/pd/548e26455f5682ec_w27.png,548e26455f5682ec,27,Lab,Corona
train/pd/548fa3c0c6ea1619_w04.png,548fa3c0c6ea1619,4,Lab,Floating
train/pd/548fa3c0c6ea1619_w09.png,548fa3c0c6ea1619,9,Lab,Floating
train/pd/548fa3c0c6ea1619_w11.png,548fa3c0c6ea1619,11,Lab,Floating
train/pd/548fa3c0c6ea1619_w14.png,548fa3c0c6ea1619,14,Lab,Floating
train/pd/548fa3c0c6ea1619_w19.png,548fa3c0c6ea1619,19,Lab,Floating
train/pd/548fa3c0c6ea1619_w24.png,548fa3c0c6ea1619,24,Lab,Floating
train/pd/548fa3c0c6ea1619_w26.png,548fa3c0c6ea1619,26,Lab,Floating
train/pd/548fa3c0c6ea1619_w27.png,548fa3c0c6ea1619,27,Lab,Floating
train/pd/549fb05985d3b782_w00.png,549fb05985d3b782,0,Lab,Floating
train/pd/549fb05985d3b782_w06.png,549fb05985d3b782,6,Lab,Floating
train/pd/549fb05985d3b782_w11.png,549fb05985d3b782,11,Lab,Floating
train/pd/549fb05985d3b782_w13.png,549fb05985d3b782,13,Lab,Floating
train/pd/549fb05985d3b782_w15.png,549fb05985d3b782,15,Lab,Floating
train/pd/549fb05985d3b782_w16.png,549fb05985d3b782,16,Lab,Floating
train/pd/549fb05985d3b782_w18.png,549fb05985d3b782,18,Lab,Floating
train/pd/549fb05985d3b782_w23.png,549fb05985d3b782,23,Lab,Floating
train/pd/54b2893bd7e53cda_w01.png,54b2893bd7e53cda,1,Lab,Void
train/pd/54b2893bd7e53cda_w04.png,54b2893bd7e53cda,4,Lab,Void
train/pd/54b2893bd7e53cda_w06.png,54b2893bd7e53cda,6,Lab,Void
train/pd/54b2893bd7e53cda_w08.png,54b2893bd7e53cda,8,Lab,Void
train/pd/54b2893bd7e53cda_w10.png,54b2893bd7e53cda,10,Lab,Void
train/pd/54b2893bd7e53cda_w14.png,54b2893bd7e53cda,14,Lab,Void
train/pd/54b2893bd7e53cda_w17.png,54b2893bd7e53cda,17,Lab,Void
train/pd/54b2893bd7e53cda_w19.png,54b2893bd7e53cda,19,Lab,Void
train/pd/550085f22ee57a7e_w00.png,550085f22ee57a7e,0,Lab,Floating
train/pd/550085f22ee57a7e_w06.png,550085f22ee57a7e,6,Lab,Floating
train/pd/550085f22ee57a7e_w07.png,550085f22ee57a7e,7,Lab,Floating
train/pd/550085f22ee57a7e_w08.png,550085f22ee57a7e,8,Lab,Floating
train/pd/550085f22ee57a7e_w12.png,550085f22ee57a7e,12,Lab,Floating
train/pd/550085f22ee57a7e_w16.png,550085f22ee57a7e,16,Lab,Floating
train/pd/550085f22ee57a7e_w18.png,550085f22ee57a7e,18,Lab,Floating
train/pd/550085f22ee57a7e_w22.png,550085f22ee57a7e,22,Lab,Floating
train/pd/551b08d5e2970029_w03.png,551b08d5e2970029,3,Field,Corona
train/pd/551b08d5e2970029_w04.png,551b08d5e2970029,4,Field,Corona
train/pd/551b08d5e2970029_w05.png,551b08d5e2970029,5,Field,Corona
train/pd/551b08d5e2970029_w06.png,551b08d5e2970029,6,Field,Corona
train/pd/551b08d5e2970029_w08.png,551b08d5e2970029,8,Field,Corona
train/pd/551b08d5e2970029_w12.png,551b08d5e2970029,12,Field,Corona
train/pd/551b08d5e2970029_w14.png,551b08d5e2970029,14,Field,Corona
train/pd/551b08d5e2970029_w26.png,551b08d5e2970029,26,Field,Corona
train/pd/55859469ad1e8d92_w00.png,55859469ad1e8d92,0,Field,Void
train/pd/55859469ad1e8d92_w02.png,55859469ad1e8d92,2,Field,Void
train/pd/55859469ad1e8d92_w08.png,55859469ad1e8d92,8,Field,Void
train/pd/55859469ad1e8d92_w14.png,55859469ad1e8d92,14,Field,Void
train/pd/55859469ad1e8d92_w15.png,55859469ad1e8d92,15,Field,Void
train/pd/55859469ad1e8d92_w17.png,55859469ad1e8d92,17,Field,Void
train/pd/55859469ad1e8d92_w22.png,55859469ad1e8d92,22,Field,Void
train/pd/55859469ad1e8d92_w23.png,55859469ad1e8d92,23,Field,Void
train/pd/558e4cd70e7ad4a4_w00.png,558e4cd70e7ad4a4,0,Field,Floating
train/pd/558e4cd70e7ad4a4_w03.png,558e4cd70e7ad4a4,3,Field,Floating
train/pd/558e4cd70e7ad4a4_w06.png,558e4cd70e7ad4a4,6,Field,Floating
train/pd/558e4cd70e7ad4a4_w07.png,558e4cd70e7ad4a4,7,Field,Floating
train/pd/558e4cd70e7ad4a4_w09.png,558e4cd70e7ad4a4,9,Field,Floating
train/pd/558e4cd70e7ad4a4_w18.png,558e4cd70e7ad4a4,18,Field,Floating
train/pd/558e4cd70e7ad4a4_w22.png,558e4cd70e7ad4a4,22,Field,Floating
train/pd/558e4cd70e7ad4a4_w25.png,558e4cd70e7ad4a4,25,Field,Floating
train/pd/55d7c59b9aaf87f4_w00.png,55d7c59b9aaf87f4,0,Lab,Particle
train/pd/55d7c59b9aaf87f4_w03.png,55d7c59b9aaf87f4,3,Lab,Particle
train/pd/55d7c59b9aaf87f4_w06.png,55d7c59b9aaf87f4,6,Lab,Particle
train/pd/55d7c59b9aaf87f4_w10.png,55d7c59b9aaf87f4,10,Lab,Particle
train/pd/55d7c59b9aaf87f4_w12.png,55d7c59b9aaf87f4,12,Lab,Particle
train/pd/55d7c59b9aaf87f4_w15.png,55d7c59b9aaf87f4,15,Lab,Particle
train/pd/55d7c59b9aaf87f4_w17.png,55d7c59b9aaf87f4,17,Lab,Particle
train/pd/55d7c59b9aaf87f4_w22.png,55d7c59b9aaf87f4,22,Lab,Particle
train/pd/55ea94e57c8ca0b7_w01.png,55ea94e57c8ca0b7,1,Field,Void
train/pd/55ea94e57c8ca0b7_w03.png,55ea94e57c8ca0b7,3,Field,Void
train/pd/55ea94e57c8ca0b7_w04.png,55ea94e57c8ca0b7,4,Field,Void
train/pd/55ea94e57c8ca0b7_w07.png,55ea94e57c8ca0b7,7,Field,Void
train/pd/55ea94e57c8ca0b7_w08.png,55ea94e57c8ca0b7,8,Field,Void
train/pd/55ea94e57c8ca0b7_w15.png,55ea94e57c8ca0b7,15,Field,Void
train/pd/55ea94e57c8ca0b7_w16.png,55ea94e57c8ca0b7,16,Field,Void
train/pd/55ea94e57c8ca0b7_w25.png,55ea94e57c8ca0b7,25,Field,Void
train/pd/55fb4088617e04d0_w04.png,55fb4088617e04d0,4,Lab,Void
train/pd/55fb4088617e04d0_w06.png,55fb4088617e04d0,6,Lab,Void
train/pd/55fb4088617e04d0_w15.png,55fb4088617e04d0,15,Lab,Void
train/pd/55fb4088617e04d0_w16.png,55fb4088617e04d0,16,Lab,Void
train/pd/55fb4088617e04d0_w22.png,55fb4088617e04d0,22,Lab,Void
train/pd/55fb4088617e04d0_w24.png,55fb4088617e04d0,24,Lab,Void
train/pd/55fb4088617e04d0_w25.png,55fb4088617e04d0,25,Lab,Void
train/pd/55fb4088617e04d0_w26.png,55fb4088617e04d0,26,Lab,Void
train/pd/563ffc5cfac0ac47_w00.png,563ffc5cfac0ac47,0,Field,Void
train/pd/563ffc5cfac0ac47_w01.png,563ffc5cfac0ac47,1,Field,Void
train/pd/563ffc5cfac0ac47_w02.png,563ffc5cfac0ac47,2,Field,Void
train/pd/563ffc5cfac0ac47_w06.png,563ffc5cfac0ac47,6,Field,Void
train/pd/563ffc5cfac0ac47_w16.png,563ffc5cfac0ac47,16,Field,Void
train/pd/563ffc5cfac0ac47_w19.png,563ffc5cfac0ac47,19,Field,Void
train/pd/563ffc5cfac0ac47_w21.png,563ffc5cfac0ac47,21,Field,Void
train/pd/563ffc5cfac0ac47_w27.png,563ffc5cfac0ac47,27,Field,Void
train/pd/564191eb7fa8e166_w04.png,564191eb7fa8e166,4,Lab,Void
train/pd/564191eb7fa8e166_w10.png,564191eb7fa8e166,10,Lab,Void
train/pd/564191eb7fa8e166_w11.png,564191eb7fa8e166,11,Lab,Void
train/pd/564191eb7fa8e166_w12.png,564191eb7fa8e166,12,Lab,Void
train/pd/564191eb7fa8e166_w14.png,564191eb7fa8e166,14,Lab,Void
train/pd/564191eb7fa8e166_w19.png,564191eb7fa8e166,19,Lab,Void
train/pd/564191eb7fa8e166_w24.png,564191eb7fa8e166,24,Lab,Void
train/pd/564191eb7fa8e166_w27.png,564191eb7fa8e166,27,Lab,Void
train/pd/564bdf87a81f93ac_w02.png,564bdf87a81f93ac,2,Lab,Void
train/pd/564bdf87a81f93ac_w04.png,564bdf87a81f93ac,4,Lab,Void
train/pd/564bdf87a81f93ac_w06.png,564bdf87a81f93ac,6,Lab,Void
train/pd/564bdf87a81f93ac_w07.png,564bdf87a81f93ac,7,Lab,Void
train/pd/564bdf87a81f93ac_w08.png,564bdf87a81f93ac,8,Lab,Void
train/pd/564bdf87a81f93ac_w12.png,564bdf87a81f93ac,12,Lab,Void
train/pd/564bdf87a81f93ac_w18.png,564bdf87a81f93ac,18,Lab,Void
train/pd/564bdf87a81f93ac_w20.png,564bdf87a81f93ac,20,Lab,Void
train/pd/5654c98e7ba2dcfa_w00.png,5654c98e7ba2dcfa,0,Lab,Floating
train/pd/5654c98e7ba2dcfa_w02.png,5654c98e7ba2dcfa,2,Lab,Floating
train/pd/5654c98e7ba2dcfa_w06.png,5654c98e7ba2dcfa,6,Lab,Floating
train/pd/5654c98e7ba2dcfa_w09.png,5654c98e7ba2dcfa,9,Lab,Floating
train/pd/5654c98e7ba2dcfa_w16.png,5654c98e7ba2dcfa,16,Lab,Floating
train/pd/5654c98e7ba2dcfa_w20.png,5654c98e7ba2dcfa,20,Lab,Floating
train/pd/5654c98e7ba2dcfa_w25.png,5654c98e7ba2dcfa,25,Lab,Floating
train/pd/5654c98e7ba2dcfa_w27.png,5654c98e7ba2dcfa,27,Lab,Floating
train/pd/56751936b524ab7a_w00.png,56751936b524ab7a,0,Lab,Void
train/pd/56751936b524ab7a_w09.png,56751936b524ab7a,9,Lab,Void
train/pd/56751936b524ab7a_w10.png,56751936b524ab7a,10,Lab,Void
train/pd/56751936b524ab7a_w12.png,56751936b524ab7a,12,Lab,Void
train/pd/56751936b524ab7a_w15.png,56751936b524ab7a,15,Lab,Void
train/pd/56751936b524ab7a_w16.png,56751936b524ab7a,16,Lab,Void
train/pd/56751936b524ab7a_w19.png,56751936b524ab7a,19,Lab,Void
train/pd/56751936b524ab7a_w21.png,56751936b524ab7a,21,Lab,Void
train/pd/569c558e0fb839ca_w02.png,569c558e0fb839ca,2,Lab,Floating
train/pd/569c558e0fb839ca_w03.png,569c558e0fb839ca,3,Lab,Floating
train/pd/569c558e0fb839ca_w08.png,569c558e0fb839ca,8,Lab,Floating
train/pd/569c558e0fb839ca_w15.png,569c558e0fb839ca,15,Lab,Floating
train/pd/569c558e0fb839ca_w17.png,569c558e0fb839ca,17,Lab,Floating
train/pd/569c558e0fb839ca_w19.png,569c558e0fb839ca,19,Lab,Floating
train/pd/569c558e0fb839ca_w21.png,569c558e0fb839ca,21,Lab,Floating
train/pd/569c558e0fb839ca_w24.png,569c558e0fb839ca,24,Lab,Floating
train/pd/56b1a39cb34307ae_w04.png,56b1a39cb34307ae,4,Lab,Void
train/pd/56b1a39cb34307ae_w06.png,56b1a39cb34307ae,6,Lab,Void
train/pd/56b1a39cb34307ae_w07.png,56b1a39cb34307ae,7,Lab,Void
train/pd/56b1a39cb34307ae_w10.png,56b1a39cb34307ae,10,Lab,Void
train/pd/56b1a39cb34307ae_w14.png,56b1a39cb34307ae,14,Lab,Void
train/pd/56b1a39cb34307ae_w16.png,56b1a39cb34307ae,16,Lab,Void
train/pd/56b1a39cb34307ae_w21.png,56b1a39cb34307ae,21,Lab,Void
train/pd/56b1a39cb34307ae_w27.png,56b1a39cb34307ae,27,Lab,Void
train/pd/56b2f8f5ca24cdb5_w00.png,56b2f8f5ca24cdb5,0,Lab,Particle
train/pd/56b2f8f5ca24cdb5_w01.png,56b2f8f5ca24cdb5,1,Lab,Particle
train/pd/56b2f8f5ca24cdb5_w09.png,56b2f8f5ca24cdb5,9,Lab,Particle
train/pd/56b2f8f5ca24cdb5_w15.png,56b2f8f5ca24cdb5,15,Lab,Particle
train/pd/56b2f8f5ca24cdb5_w16.png,56b2f8f5ca24cdb5,16,Lab,Particle
train/pd/56b2f8f5ca24cdb5_w18.png,56b2f8f5ca24cdb5,18,Lab,Particle
train/pd/56b2f8f5ca24cdb5_w19.png,56b2f8f5ca24cdb5,19,Lab,Particle
train/pd/56b2f8f5ca24cdb5_w20.png,56b2f8f5ca24cdb5,20,Lab,Particle
train/pd/56dece57f3bde1d7_w07.png,56dece57f3bde1d7,7,Lab,Particle
train/pd/56dece57f3bde1d7_w13.png,56dece57f3bde1d7,13,Lab,Particle
train/pd/56dece57f3bde1d7_w14.png,56dece57f3bde1d7,14,Lab,Particle
train/pd/56dece57f3bde1d7_w15.png,56dece57f3bde1d7,15,Lab,Particle
train/pd/56dece57f3bde1d7_w16.png,56dece57f3bde1d7,16,Lab,Particle
train/pd/56dece57f3bde1d7_w17.png,56dece57f3bde1d7,17,Lab,Particle
train/pd/56dece57f3bde1d7_w22.png,56dece57f3bde1d7,22,Lab,Particle
train/pd/56dece57f3bde1d7_w23.png,56dece57f3bde1d7,23,Lab,Particle
train/pd/5702b89b36cf3d71_w01.png,5702b89b36cf3d71,1,Lab,Particle
train/pd/5702b89b36cf3d71_w02.png,5702b89b36cf3d71,2,Lab,Particle
train/pd/5702b89b36cf3d71_w03.png,5702b89b36cf3d71,3,Lab,Particle
train/pd/5702b89b36cf3d71_w05.png,5702b89b36cf3d71,5,Lab,Particle
train/pd/5702b89b36cf3d71_w09.png,5702b89b36cf3d71,9,Lab,Particle
train/pd/5702b89b36cf3d71_w15.png,5702b89b36cf3d71,15,Lab,Particle
train/pd/5702b89b36cf3d71_w18.png,5702b89b36cf3d71,18,Lab,Particle
train/pd/5702b89b36cf3d71_w23.png,5702b89b36cf3d71,23,Lab,Particle
train/pd/570bc666a46d4d3a_w03.png,570bc666a46d4d3a,3,Lab,Corona
train/pd/570bc666a46d4d3a_w05.png,570bc666a46d4d3a,5,Lab,Corona
train/pd/570bc666a46d4d3a_w06.png,570bc666a46d4d3a,6,Lab,Corona
train/pd/570bc666a46d4d3a_w11.png,570bc666a46d4d3a,11,Lab,Corona
train/pd/570bc666a46d4d3a_w16.png,570bc666a46d4d3a,16,Lab,Corona
train/pd/570bc666a46d4d3a_w20.png,570bc666a46d4d3a,20,Lab,Corona
train/pd/570bc666a46d4d3a_w23.png,570bc666a46d4d3a,23,Lab,Corona
train/pd/570bc666a46d4d3a_w25.png,570bc666a46d4d3a,25,Lab,Corona
train/pd/57141ef9fe54cf2b_w00.png,57141ef9fe54cf2b,0,Lab,Void
train/pd/57141ef9fe54cf2b_w04.png,57141ef9fe54cf2b,4,Lab,Void
train/pd/57141ef9fe54cf2b_w06.png,57141ef9fe54cf2b,6,Lab,Void
train/pd/57141ef9fe54cf2b_w08.png,57141ef9fe54cf2b,8,Lab,Void
train/pd/57141ef9fe54cf2b_w10.png,57141ef9fe54cf2b,10,Lab,Void
train/pd/57141ef9fe54cf2b_w15.png,57141ef9fe54cf2b,15,Lab,Void
train/pd/57141ef9fe54cf2b_w20.png,57141ef9fe54cf2b,20,Lab,Void
train/pd/57141ef9fe54cf2b_w24.png,57141ef9fe54cf2b,24,Lab,Void
train/pd/571da10fe92f64df_w00.png,571da10fe92f64df,0,Lab,Void
train/pd/571da10fe92f64df_w05.png,571da10fe92f64df,5,Lab,Void
train/pd/571da10fe92f64df_w07.png,571da10fe92f64df,7,Lab,Void
train/pd/571da10fe92f64df_w13.png,571da10fe92f64df,13,Lab,Void
train/pd/571da10fe92f64df_w21.png,571da10fe92f64df,21,Lab,Void
train/pd/571da10fe92f64df_w22.png,571da10fe92f64df,22,Lab,Void
train/pd/571da10fe92f64df_w23.png,571da10fe92f64df,23,Lab,Void
train/pd/571da10fe92f64df_w27.png,571da10fe92f64df,27,Lab,Void
train/pd/57327a6ac95f3b56_w00.png,57327a6ac95f3b56,0,Lab,Corona
train/pd/57327a6ac95f3b56_w02.png,57327a6ac95f3b56,2,Lab,Corona
train/pd/57327a6ac95f3b56_w08.png,57327a6ac95f3b56,8,Lab,Corona
train/pd/57327a6ac95f3b56_w12.png,57327a6ac95f3b56,12,Lab,Corona
train/pd/57327a6ac95f3b56_w13.png,57327a6ac95f3b56,13,Lab,Corona
train/pd/57327a6ac95f3b56_w14.png,57327a6ac95f3b56,14,Lab,Corona
train/pd/57327a6ac95f3b56_w22.png,57327a6ac95f3b56,22,Lab,Corona
train/pd/57327a6ac95f3b56_w25.png,57327a6ac95f3b56,25,Lab,Corona
train/pd/57623c723846c65a_w02.png,57623c723846c65a,2,Lab,Void
train/pd/57623c723846c65a_w04.png,57623c723846c65a,4,Lab,Void
train/pd/57623c723846c65a_w07.png,57623c723846c65a,7,Lab,Void
train/pd/57623c723846c65a_w13.png,57623c723846c65a,13,Lab,Void
train/pd/57623c723846c65a_w17.png,57623c723846c65a,17,Lab,Void
train/pd/57623c723846c65a_w19.png,57623c723846c65a,19,Lab,Void
train/pd/57623c723846c65a_w22.png,57623c723846c65a,22,Lab,Void
train/pd/57623c723846c65a_w26.png,57623c723846c65a,26,Lab,Void
train/pd/576432eedf46adff_w01.png,576432eedf46adff,1,Lab,Corona
train/pd/576432eedf46adff_w14.png,576432eedf46adff,14,Lab,Corona
train/pd/576432eedf46adff_w16.png,576432eedf46adff,16,Lab,Corona
train/pd/576432eedf46adff_w17.png,576432eedf46adff,17,Lab,Corona
train/pd/576432eedf46adff_w20.png,576432eedf46adff,20,Lab,Corona
train/pd/576432eedf46adff_w22.png,576432eedf46adff,22,Lab,Corona
train/pd/576432eedf46adff_w23.png,576432eedf46adff,23,Lab,Corona
train/pd/576432eedf46adff_w24.png,576432eedf46adff,24,Lab,Corona
train/pd/5772f992643a4b82_w00.png,5772f992643a4b82,0,Lab,Particle
train/pd/5772f992643a4b82_w05.png,5772f992643a4b82,5,Lab,Particle
train/pd/5772f992643a4b82_w11.png,5772f992643a4b82,11,Lab,Particle
train/pd/5772f992643a4b82_w17.png,5772f992643a4b82,17,Lab,Particle
train/pd/5772f992643a4b82_w18.png,5772f992643a4b82,18,Lab,Particle
train/pd/5772f992643a4b82_w20.png,5772f992643a4b82,20,Lab,Particle
train/pd/5772f992643a4b82_w24.png,5772f992643a4b82,24,Lab,Particle
train/pd/5772f992643a4b82_w27.png,5772f992643a4b82,27,Lab,Particle
train/pd/5778740597b38955_w00.png,5778740597b38955,0,Lab,Floating
train/pd/5778740597b38955_w03.png,5778740597b38955,3,Lab,Floating
train/pd/5778740597b38955_w07.png,5778740597b38955,7,Lab,Floating
train/pd/5778740597b38955_w09.png,5778740597b38955,9,Lab,Floating
train/pd/5778740597b38955_w11.png,5778740597b38955,11,Lab,Floating
train/pd/5778740597b38955_w16.png,5778740597b38955,16,Lab,Floating
train/pd/5778740597b38955_w20.png,5778740597b38955,20,Lab,Floating
train/pd/5778740597b38955_w27.png,5778740597b38955,27,Lab,Floating
train/pd/578c0dcfa3622ed5_w02.png,578c0dcfa3622ed5,2,Lab,Corona
train/pd/578c0dcfa3622ed5_w05.png,578c0dcfa3622ed5,5,Lab,Corona
train/pd/578c0dcfa3622ed5_w07.png,578c0dcfa3622ed5,7,Lab,Corona
train/pd/578c0dcfa3622ed5_w15.png,578c0dcfa3622ed5,15,Lab,Corona
train/pd/578c0dcfa3622ed5_w19.png,578c0dcfa3622ed5,19,Lab,Corona
train/pd/578c0dcfa3622ed5_w20.png,578c0dcfa3622ed5,20,Lab,Corona
train/pd/578c0dcfa3622ed5_w21.png,578c0dcfa3622ed5,21,Lab,Corona
train/pd/578c0dcfa3622ed5_w22.png,578c0dcfa3622ed5,22,Lab,Corona
train/pd/57a3366a100f5eb1_w07.png,57a3366a100f5eb1,7,Lab,Void
train/pd/57a3366a100f5eb1_w08.png,57a3366a100f5eb1,8,Lab,Void
train/pd/57a3366a100f5eb1_w10.png,57a3366a100f5eb1,10,Lab,Void
train/pd/57a3366a100f5eb1_w14.png,57a3366a100f5eb1,14,Lab,Void
train/pd/57a3366a100f5eb1_w15.png,57a3366a100f5eb1,15,Lab,Void
train/pd/57a3366a100f5eb1_w16.png,57a3366a100f5eb1,16,Lab,Void
train/pd/57a3366a100f5eb1_w19.png,57a3366a100f5eb1,19,Lab,Void
train/pd/57a3366a100f5eb1_w25.png,57a3366a100f5eb1,25,Lab,Void
train/pd/57b913cabda31614_w04.png,57b913cabda31614,4,Lab,Particle
train/pd/57b913cabda31614_w05.png,57b913cabda31614,5,Lab,Particle
train/pd/57b913cabda31614_w14.png,57b913cabda31614,14,Lab,Particle
train/pd/57b913cabda31614_w16.png,57b913cabda31614,16,Lab,Particle
train/pd/57b913cabda31614_w18.png,57b913cabda31614,18,Lab,Particle
train/pd/57b913cabda31614_w22.png,57b913cabda31614,22,Lab,Particle
train/pd/57b913cabda31614_w24.png,57b913cabda31614,24,Lab,Particle
train/pd/57b913cabda31614_w25.png,57b913cabda31614,25,Lab,Particle
train/pd/57c29f92bdc2d7af_w04.png,57c29f92bdc2d7af,4,Lab,Void
train/pd/57c29f92bdc2d7af_w06.png,57c29f92bdc2d7af,6,Lab,Void
train/pd/57c29f92bdc2d7af_w07.png,57c29f92bdc2d7af,7,Lab,Void
train/pd/57c29f92bdc2d7af_w09.png,57c29f92bdc2d7af,9,Lab,Void
train/pd/57c29f92bdc2d7af_w10.png,57c29f92bdc2d7af,10,Lab,Void
train/pd/57c29f92bdc2d7af_w23.png,57c29f92bdc2d7af,23,Lab,Void
train/pd/57c29f92bdc2d7af_w24.png,57c29f92bdc2d7af,24,Lab,Void
train/pd/57c29f92bdc2d7af_w27.png,57c29f92bdc2d7af,27,Lab,Void
train/pd/57d8942f1bc901ef_w01.png,57d8942f1bc901ef,1,Lab,Void
train/pd/57d8942f1bc901ef_w04.png,57d8942f1bc901ef,4,Lab,Void
train/pd/57d8942f1bc901ef_w08.png,57d8942f1bc901ef,8,Lab,Void
train/pd/57d8942f1bc901ef_w17.png,57d8942f1bc901ef,17,Lab,Void
train/pd/57d8942f1bc901ef_w19.png,57d8942f1bc901ef,19,Lab,Void
train/pd/57d8942f1bc901ef_w20.png,57d8942f1bc901ef,20,Lab,Void
train/pd/57d8942f1bc901ef_w24.png,57d8942f1bc901ef,24,Lab,Void
train/pd/57d8942f1bc901ef_w27.png,57d8942f1bc901ef,27,Lab,Void
train/pd/57fb071074ad53c5_w00.png,57fb071074ad53c5,0,Lab,Floating
train/pd/57fb071074ad53c5_w06.png,57fb071074ad53c5,6,Lab,Floating
train/pd/57fb071074ad53c5_w08.png,57fb071074ad53c5,8,Lab,Floating
train/pd/57fb071074ad53c5_w09.png,57fb071074ad53c5,9,Lab,Floating
train/pd/57fb071074ad53c5_w14.png,57fb071074ad53c5,14,Lab,Floating
train/pd/57fb071074ad53c5_w19.png,57fb071074ad53c5,19,Lab,Floating
train/pd/57fb071074ad53c5_w21.png,57fb071074ad53c5,21,Lab,Floating
train/pd/57fb071074ad53c5_w26.png,57fb071074ad53c5,26,Lab,Floating
train/pd/581bac3259290cbe_w03.png,581bac3259290cbe,3,Lab,Void
train/pd/581bac3259290cbe_w04.png,581bac3259290cbe,4,Lab,Void
train/pd/581bac3259290cbe_w11.png,581bac3259290cbe,11,Lab,Void
train/pd/581bac3259290cbe_w12.png,581bac3259290cbe,12,Lab,Void
train/pd/581bac3259290cbe_w18.png,581bac3259290cbe,18,Lab,Void
train/pd/581bac3259290cbe_w19.png,581bac3259290cbe,19,Lab,Void
train/pd/581bac3259290cbe_w26.png,581bac3259290cbe,26,Lab,Void
train/pd/581bac3259290cbe_w27.png,581bac3259290cbe,27,Lab,Void
train/pd/584801a8b2e513ac_w02.png,584801a8b2e513ac,2,Lab,Corona
train/pd/584801a8b2e513ac_w03.png,584801a8b2e513ac,3,Lab,Corona
train/pd/584801a8b2e513ac_w07.png,584801a8b2e513ac,7,Lab,Corona
train/pd/584801a8b2e513ac_w10.png,584801a8b2e513ac,10,Lab,Corona
train/pd/584801a8b2e513ac_w13.png,584801a8b2e513ac,13,Lab,Corona
train/pd/584801a8b2e513ac_w18.png,584801a8b2e513ac,18,Lab,Corona
train/pd/584801a8b2e513ac_w21.png,584801a8b2e513ac,21,Lab,Corona
train/pd/584801a8b2e513ac_w23.png,584801a8b2e513ac,23,Lab,Corona
train/pd/584a48e1c83dacce_w02.png,584a48e1c83dacce,2,Lab,Floating
train/pd/584a48e1c83dacce_w08.png,584a48e1c83dacce,8,Lab,Floating
train/pd/584a48e1c83dacce_w10.png,584a48e1c83dacce,10,Lab,Floating
train/pd/584a48e1c83dacce_w14.png,584a48e1c83dacce,14,Lab,Floating
train/pd/584a48e1c83dacce_w19.png,584a48e1c83dacce,19,Lab,Floating
train/pd/584a48e1c83dacce_w23.png,584a48e1c83dacce,23,Lab,Floating
train/pd/584a48e1c83dacce_w24.png,584a48e1c83dacce,24,Lab,Floating
train/pd/584a48e1c83dacce_w25.png,584a48e1c83dacce,25,Lab,Floating
train/pd/584dfc279a6da63a_w00.png,584dfc279a6da63a,0,Lab,Corona
train/pd/584dfc279a6da63a_w01.png,584dfc279a6da63a,1,Lab,Corona
train/pd/584dfc279a6da63a_w03.png,584dfc279a6da63a,3,Lab,Corona
train/pd/584dfc279a6da63a_w06.png,584dfc279a6da63a,6,Lab,Corona
train/pd/584dfc279a6da63a_w16.png,584dfc279a6da63a,16,Lab,Corona
train/pd/584dfc279a6da63a_w17.png,584dfc279a6da63a,17,Lab,Corona
train/pd/584dfc279a6da63a_w18.png,584dfc279a6da63a,18,Lab,Corona
train/pd/584dfc279a6da63a_w23.png,584dfc279a6da63a,23,Lab,Corona
train/pd/585fefa6551aeea7_w01.png,585fefa6551aeea7,1,Lab,Particle
train/pd/585fefa6551aeea7_w08.png,585fefa6551aeea7,8,Lab,Particle
train/pd/585fefa6551aeea7_w09.png,585fefa6551aeea7,9,Lab,Particle
train/pd/585fefa6551aeea7_w15.png,585fefa6551aeea7,15,Lab,Particle
train/pd/585fefa6551aeea7_w19.png,585fefa6551aeea7,19,Lab,Particle
train/pd/585fefa6551aeea7_w20.png,585fefa6551aeea7,20,Lab,Particle
train/pd/585fefa6551aeea7_w21.png,585fefa6551aeea7,21,Lab,Particle
train/pd/585fefa6551aeea7_w27.png,585fefa6551aeea7,27,Lab,Particle
train/pd/5861a977256e53e5_w00.png,5861a977256e53e5,0,Lab,Particle
train/pd/5861a977256e53e5_w09.png,5861a977256e53e5,9,Lab,Particle
train/pd/5861a977256e53e5_w12.png,5861a977256e53e5,12,Lab,Particle
train/pd/5861a977256e53e5_w18.png,5861a977256e53e5,18,Lab,Particle
train/pd/5861a977256e53e5_w19.png,5861a977256e53e5,19,Lab,Particle
train/pd/5861a977256e53e5_w20.png,5861a977256e53e5,20,Lab,Particle
train/pd/5861a977256e53e5_w21.png,5861a977256e53e5,21,Lab,Particle
train/pd/5861a977256e53e5_w24.png,5861a977256e53e5,24,Lab,Particle
train/pd/58735553d274f7cb_w04.png,58735553d274f7cb,4,Lab,Floating
train/pd/58735553d274f7cb_w06.png,58735553d274f7cb,6,Lab,Floating
train/pd/58735553d274f7cb_w08.png,58735553d274f7cb,8,Lab,Floating
train/pd/58735553d274f7cb_w09.png,58735553d274f7cb,9,Lab,Floating
train/pd/58735553d274f7cb_w12.png,58735553d274f7cb,12,Lab,Floating
train/pd/58735553d274f7cb_w14.png,58735553d274f7cb,14,Lab,Floating
train/pd/58735553d274f7cb_w23.png,58735553d274f7cb,23,Lab,Floating
train/pd/58735553d274f7cb_w27.png,58735553d274f7cb,27,Lab,Floating
train/pd/589d70ecb0dac35e_w03.png,589d70ecb0dac35e,3,Lab,Particle
train/pd/589d70ecb0dac35e_w06.png,589d70ecb0dac35e,6,Lab,Particle
train/pd/589d70ecb0dac35e_w07.png,589d70ecb0dac35e,7,Lab,Particle
train/pd/589d70ecb0dac35e_w08.png,589d70ecb0dac35e,8,Lab,Particle
train/pd/589d70ecb0dac35e_w19.png,589d70ecb0dac35e,19,Lab,Particle
train/pd/589d70ecb0dac35e_w21.png,589d70ecb0dac35e,21,Lab,Particle
train/pd/589d70ecb0dac35e_w22.png,589d70ecb0dac35e,22,Lab,Particle
train/pd/589d70ecb0dac35e_w26.png,589d70ecb0dac35e,26,Lab,Particle
train/pd/58bf95c192f7c5ab_w05.png,58bf95c192f7c5ab,5,Field,Void
train/pd/58bf95c192f7c5ab_w06.png,58bf95c192f7c5ab,6,Field,Void
train/pd/58bf95c192f7c5ab_w09.png,58bf95c192f7c5ab,9,Field,Void
train/pd/58bf95c192f7c5ab_w10.png,58bf95c192f7c5ab,10,Field,Void
train/pd/58bf95c192f7c5ab_w11.png,58bf95c192f7c5ab,11,Field,Void
train/pd/58bf95c192f7c5ab_w15.png,58bf95c192f7c5ab,15,Field,Void
train/pd/58bf95c192f7c5ab_w17.png,58bf95c192f7c5ab,17,Field,Void
train/pd/58bf95c192f7c5ab_w25.png,58bf95c192f7c5ab,25,Field,Void
train/pd/58d228b6543dc777_w01.png,58d228b6543dc777,1,Lab,Particle
train/pd/58d228b6543dc777_w03.png,58d228b6543dc777,3,Lab,Particle
train/pd/58d228b6543dc777_w05.png,58d228b6543dc777,5,Lab,Particle
train/pd/58d228b6543dc777_w08.png,58d228b6543dc777,8,Lab,Particle
train/pd/58d228b6543dc777_w10.png,58d228b6543dc777,10,Lab,Particle
train/pd/58d228b6543dc777_w11.png,58d228b6543dc777,11,Lab,Particle
train/pd/58d228b6543dc777_w12.png,58d228b6543dc777,12,Lab,Particle
train/pd/58d228b6543dc777_w26.png,58d228b6543dc777,26,Lab,Particle
train/pd/58df0eb557fec0ed_w01.png,58df0eb557fec0ed,1,Lab,Void
train/pd/58df0eb557fec0ed_w06.png,58df0eb557fec0ed,6,Lab,Void
train/pd/58df0eb557fec0ed_w07.png,58df0eb557fec0ed,7,Lab,Void
train/pd/58df0eb557fec0ed_w16.png,58df0eb557fec0ed,16,Lab,Void
train/pd/58df0eb557fec0ed_w19.png,58df0eb557fec0ed,19,Lab,Void
train/pd/58df0eb557fec0ed_w22.png,58df0eb557fec0ed,22,Lab,Void
train/pd/58df0eb557fec0ed_w25.png,58df0eb557fec0ed,25,Lab,Void
train/pd/58df0eb557fec0ed_w27.png,58df0eb557fec0ed,27,Lab,Void
train/pd/58e27bf1faac116d_w05.png,58e27bf1faac116d,5,Lab,Particle
train/pd/58e27bf1faac116d_w07.png,58e27bf1faac116d,7,Lab,Particle
train/pd/58e27bf1faac116d_w09.png,58e27bf1faac116d,9,Lab,Particle
train/pd/58e27bf1faac116d_w14.png,58e27bf1faac116d,14,Lab,Particle
train/pd/58e27bf1faac116d_w20.png,58e27bf1faac116d,20,Lab,Particle
train/pd/58e27bf1faac116d_w21.png,58e27bf1faac116d,21,Lab,Particle
train/pd/58e27bf1faac116d_w22.png,58e27bf1faac116d,22,Lab,Particle
train/pd/58e27bf1faac116d_w27.png,58e27bf1faac116d,27,Lab,Particle
train/pd/58ee7990f94181e7_w00.png,58ee7990f94181e7,0,Lab,Corona
train/pd/58ee7990f94181e7_w04.png,58ee7990f94181e7,4,Lab,Corona
train/pd/58ee7990f94181e7_w05.png,58ee7990f94181e7,5,Lab,Corona
train/pd/58ee7990f94181e7_w08.png,58ee7990f94181e7,8,Lab,Corona
train/pd/58ee7990f94181e7_w09.png,58ee7990f94181e7,9,Lab,Corona
train/pd/58ee7990f94181e7_w11.png,58ee7990f94181e7,11,Lab,Corona
train/pd/58ee7990f94181e7_w12.png,58ee7990f94181e7,12,Lab,Corona
train/pd/58ee7990f94181e7_w20.png,58ee7990f94181e7,20,Lab,Corona
train/pd/590c15528933c234_w02.png,590c15528933c234,2,Lab,Floating
train/pd/590c15528933c234_w05.png,590c15528933c234,5,Lab,Floating
train/pd/590c15528933c234_w06.png,590c15528933c234,6,Lab,Floating
train/pd/590c15528933c234_w08.png,590c15528933c234,8,Lab,Floating
train/pd/590c15528933c234_w12.png,590c15528933c234,12,Lab,Floating
train/pd/590c15528933c234_w19.png,590c15528933c234,19,Lab,Floating
train/pd/590c15528933c234_w22.png,590c15528933c234,22,Lab,Floating
train/pd/590c15528933c234_w23.png,590c15528933c234,23,Lab,Floating
train/pd/59596e96bc6ee6db_w01.png,59596e96bc6ee6db,1,Field,Void
train/pd/59596e96bc6ee6db_w04.png,59596e96bc6ee6db,4,Field,Void
train/pd/59596e96bc6ee6db_w09.png,59596e96bc6ee6db,9,Field,Void
train/pd/59596e96bc6ee6db_w10.png,59596e96bc6ee6db,10,Field,Void
train/pd/59596e96bc6ee6db_w11.png,59596e96bc6ee6db,11,Field,Void
train/pd/59596e96bc6ee6db_w15.png,59596e96bc6ee6db,15,Field,Void
train/pd/59596e96bc6ee6db_w25.png,59596e96bc6ee6db,25,Field,Void
train/pd/59596e96bc6ee6db_w26.png,59596e96bc6ee6db,26,Field,Void
train/pd/597e085f7dfb8fd9_w03.png,597e085f7dfb8fd9,3,Lab,Floating
train/pd/597e085f7dfb8fd9_w07.png,597e085f7dfb8fd9,7,Lab,Floating
train/pd/597e085f7dfb8fd9_w10.png,597e085f7dfb8fd9,10,Lab,Floating
train/pd/597e085f7dfb8fd9_w11.png,597e085f7dfb8fd9,11,Lab,Floating
train/pd/597e085f7dfb8fd9_w15.png,597e085f7dfb8fd9,15,Lab,Floating
train/pd/597e085f7dfb8fd9_w17.png,597e085f7dfb8fd9,17,Lab,Floating
train/pd/597e085f7dfb8fd9_w18.png,597e085f7dfb8fd9,18,Lab,Floating
train/pd/597e085f7dfb8fd9_w19.png,597e085f7dfb8fd9,19,Lab,Floating
train/pd/59dac452112c8144_w00.png,59dac452112c8144,0,Field,Floating
train/pd/59dac452112c8144_w05.png,59dac452112c8144,5,Field,Floating
train/pd/59dac452112c8144_w09.png,59dac452112c8144,9,Field,Floating
train/pd/59dac452112c8144_w12.png,59dac452112c8144,12,Field,Floating
train/pd/59dac452112c8144_w14.png,59dac452112c8144,14,Field,Floating
train/pd/59dac452112c8144_w16.png,59dac452112c8144,16,Field,Floating
train/pd/59dac452112c8144_w25.png,59dac452112c8144,25,Field,Floating
train/pd/59dac452112c8144_w26.png,59dac452112c8144,26,Field,Floating
train/pd/5a1bb938f8f3b40b_w01.png,5a1bb938f8f3b40b,1,Lab,Particle
train/pd/5a1bb938f8f3b40b_w06.png,5a1bb938f8f3b40b,6,Lab,Particle
train/pd/5a1bb938f8f3b40b_w08.png,5a1bb938f8f3b40b,8,Lab,Particle
train/pd/5a1bb938f8f3b40b_w14.png,5a1bb938f8f3b40b,14,Lab,Particle
train/pd/5a1bb938f8f3b40b_w16.png,5a1bb938f8f3b40b,16,Lab,Particle
train/pd/5a1bb938f8f3b40b_w18.png,5a1bb938f8f3b40b,18,Lab,Particle
train/pd/5a1bb938f8f3b40b_w24.png,5a1bb938f8f3b40b,24,Lab,Particle
train/pd/5a1bb938f8f3b40b_w27.png,5a1bb938f8f3b40b,27,Lab,Particle
train/pd/5a7a5bc8e87866c9_w03.png,5a7a5bc8e87866c9,3,Lab,Corona
train/pd/5a7a5bc8e87866c9_w07.png,5a7a5bc8e87866c9,7,Lab,Corona
train/pd/5a7a5bc8e87866c9_w09.png,5a7a5bc8e87866c9,9,Lab,Corona
train/pd/5a7a5bc8e87866c9_w17.png,5a7a5bc8e87866c9,17,Lab,Corona
train/pd/5a7a5bc8e87866c9_w19.png,5a7a5bc8e87866c9,19,Lab,Corona
train/pd/5a7a5bc8e87866c9_w21.png,5a7a5bc8e87866c9,21,Lab,Corona
train/pd/5a7a5bc8e87866c9_w25.png,5a7a5bc8e87866c9,25,Lab,Corona
train/pd/5a7a5bc8e87866c9_w27.png,5a7a5bc8e87866c9,27,Lab,Corona
train/pd/5af90a2b99acf193_w04.png,5af90a2b99acf193,4,Lab,Corona
train/pd/5af90a2b99acf193_w05.png,5af90a2b99acf193,5,Lab,Corona
train/pd/5af90a2b99acf193_w06.png,5af90a2b99acf193,6,Lab,Corona
train/pd/5af90a2b99acf193_w07.png,5af90a2b99acf193,7,Lab,Corona
train/pd/5af90a2b99acf193_w12.png,5af90a2b99acf193,12,Lab,Corona
train/pd/5af90a2b99acf193_w20.png,5af90a2b99acf193,20,Lab,Corona
train/pd/5af90a2b99acf193_w21.png,5af90a2b99acf193,21,Lab,Corona
train/pd/5af90a2b99acf193_w27.png,5af90a2b99acf193,27,Lab,Corona
train/pd/5b004c16465e73fc_w01.png,5b004c16465e73fc,1,Lab,Void
train/pd/5b004c16465e73fc_w03.png,5b004c16465e73fc,3,Lab,Void
train/pd/5b004c16465e73fc_w05.png,5b004c16465e73fc,5,Lab,Void
train/pd/5b004c16465e73fc_w08.png,5b004c16465e73fc,8,Lab,Void
train/pd/5b004c16465e73fc_w09.png,5b004c16465e73fc,9,Lab,Void
train/pd/5b004c16465e73fc_w10.png,5b004c16465e73fc,10,Lab,Void
train/pd/5b004c16465e73fc_w11.png,5b004c16465e73fc,11,Lab,Void
train/pd/5b004c16465e73fc_w12.png,5b004c16465e73fc,12,Lab,Void
train/pd/5b15a6f9eac98a06_w04.png,5b15a6f9eac98a06,4,Lab,Floating
train/pd/5b15a6f9eac98a06_w05.png,5b15a6f9eac98a06,5,Lab,Floating
train/pd/5b15a6f9eac98a06_w09.png,5b15a6f9eac98a06,9,Lab,Floating
train/pd/5b15a6f9eac98a06_w10.png,5b15a6f9eac98a06,10,Lab,Floating
train/pd/5b15a6f9eac98a06_w12.png,5b15a6f9eac98a06,12,Lab,Floating
train/pd/5b15a6f9eac98a06_w13.png,5b15a6f9eac98a06,13,Lab,Floating
train/pd/5b15a6f9eac98a06_w14.png,5b15a6f9eac98a06,14,Lab,Floating
train/pd/5b15a6f9eac98a06_w22.png,5b15a6f9eac98a06,22,Lab,Floating
train/pd/5b3230cbec978b18_w00.png,5b3230cbec978b18,0,Lab,Particle
train/pd/5b3230cbec978b18_w05.png,5b3230cbec978b18,5,Lab,Particle
train/pd/5b3230cbec978b18_w13.png,5b3230cbec978b18,13,Lab,Particle
train/pd/5b3230cbec978b18_w15.png,5b3230cbec978b18,15,Lab,Particle
train/pd/5b3230cbec978b18_w18.png,5b3230cbec978b18,18,Lab,Particle
train/pd/5b3230cbec978b18_w21.png,5b3230cbec978b18,21,Lab,Particle
train/pd/5b3230cbec978b18_w23.png,5b3230cbec978b18,23,Lab,Particle
train/pd/5b3230cbec978b18_w26.png,5b3230cbec978b18,26,Lab,Particle
train/pd/5b59cc6c7cef6304_w07.png,5b59cc6c7cef6304,7,Lab,Void
train/pd/5b59cc6c7cef6304_w08.png,5b59cc6c7cef6304,8,Lab,Void
train/pd/5b59cc6c7cef6304_w10.png,5b59cc6c7cef6304,10,Lab,Void
train/pd/5b59cc6c7cef6304_w13.png,5b59cc6c7cef6304,13,Lab,Void
train/pd/5b59cc6c7cef6304_w16.png,5b59cc6c7cef6304,16,Lab,Void
train/pd/5b59cc6c7cef6304_w23.png,5b59cc6c7cef6304,23,Lab,Void
train/pd/5b59cc6c7cef6304_w26.png,5b59cc6c7cef6304,26,Lab,Void
train/pd/5b59cc6c7cef6304_w27.png,5b59cc6c7cef6304,27,Lab,Void
train/pd/5ba02b77200cd26d_w01.png,5ba02b77200cd26d,1,Field,Floating
train/pd/5ba02b77200cd26d_w02.png,5ba02b77200cd26d,2,Field,Floating
train/pd/5ba02b77200cd26d_w03.png,5ba02b77200cd26d,3,Field,Floating
train/pd/5ba02b77200cd26d_w07.png,5ba02b77200cd26d,7,Field,Floating
train/pd/5ba02b77200cd26d_w13.png,5ba02b77200cd26d,13,Field,Floating
train/pd/5ba02b77200cd26d_w16.png,5ba02b77200cd26d,16,Field,Floating
train/pd/5ba02b77200cd26d_w17.png,5ba02b77200cd26d,17,Field,Floating
train/pd/5ba02b77200cd26d_w20.png,5ba02b77200cd26d,20,Field,Floating
train/pd/5bc754ff371909c7_w00.png,5bc754ff371909c7,0,Field,Void
train/pd/5bc754ff371909c7_w02.png,5bc754ff371909c7,2,Field,Void
train/pd/5bc754ff371909c7_w03.png,5bc754ff371909c7,3,Field,Void
train/pd/5bc754ff371909c7_w12.png,5bc754ff371909c7,12,Field,Void
train/pd/5bc754ff371909c7_w18.png,5bc754ff371909c7,18,Field,Void
train/pd/5bc754ff371909c7_w19.png,5bc754ff371909c7,19,Field,Void
train/pd/5bc754ff371909c7_w23.png,5bc754ff371909c7,23,Field,Void
train/pd/5bc754ff371909c7_w25.png,5bc754ff371909c7,25,Field,Void
train/pd/5bd76735f4938e01_w00.png,5bd76735f4938e01,0,Field,Void
train/pd/5bd76735f4938e01_w02.png,5bd76735f4938e01,2,Field,Void
train/pd/5bd76735f4938e01_w03.png,5bd76735f4938e01,3,Field,Void
train/pd/5bd76735f4938e01_w06.png,5bd76735f4938e01,6,Field,Void
train/pd/5bd76735f4938e01_w11.png,5bd76735f4938e01,11,Field,Void
train/pd/5bd76735f4938e01_w13.png,5bd76735f4938e01,13,Field,Void
train/pd/5bd76735f4938e01_w17.png,5bd76735f4938e01,17,Field,Void
train/pd/5bd76735f4938e01_w27.png,5bd76735f4938e01,27,Field,Void
train/pd/5c73234aed4a241a_w02.png,5c73234aed4a241a,2,Lab,Corona
train/pd/5c73234aed4a241a_w03.png,5c73234aed4a241a,3,Lab,Corona
train/pd/5c73234aed4a241a_w07.png,5c73234aed4a241a,7,Lab,Corona
train/pd/5c73234aed4a241a_w14.png,5c73234aed4a241a,14,Lab,Corona
train/pd/5c73234aed4a241a_w16.png,5c73234aed4a241a,16,Lab,Corona
train/pd/5c73234aed4a241a_w20.png,5c73234aed4a241a,20,Lab,Corona
train/pd/5c73234aed4a241a_w24.png,5c73234aed4a241a,24,Lab,Corona
train/pd/5c73234aed4a241a_w25.png,5c73234aed4a241a,25,Lab,Corona
train/pd/5c8601d34b62c276_w02.png,5c8601d34b62c276,2,Field,Void
train/pd/5c8601d34b62c276_w07.png,5c8601d34b62c276,7,Field,Void
train/pd/5c8601d34b62c276_w11.png,5c8601d34b62c276,11,Field,Void
train/pd/5c8601d34b62c276_w16.png,5c8601d34b62c276,16,Field,Void
train/pd/5c8601d34b62c276_w21.png,5c8601d34b62c276,21,Field,Void
train/pd/5c8601d34b62c276_w25.png,5c8601d34b62c276,25,Field,Void
train/pd/5c8601d34b62c276_w26.png,5c8601d34b62c276,26,Field,Void
train/pd/5c8601d34b62c276_w27.png,5c8601d34b62c276,27,Field,Void
train/pd/5c994361e2c271a3_w04.png,5c994361e2c271a3,4,Lab,Particle
train/pd/5c994361e2c271a3_w09.png,5c994361e2c271a3,9,Lab,Particle
train/pd/5c994361e2c271a3_w10.png,5c994361e2c271a3,10,Lab,Particle
train/pd/5c994361e2c271a3_w11.png,5c994361e2c271a3,11,Lab,Particle
train/pd/5c994361e2c271a3_w14.png,5c994361e2c271a3,14,Lab,Particle
train/pd/5c994361e2c271a3_w15.png,5c994361e2c271a3,15,Lab,Particle
train/pd/5c994361e2c271a3_w21.png,5c994361e2c271a3,21,Lab,Particle
train/pd/5c994361e2c271a3_w22.png,5c994361e2c271a3,22,Lab,Particle
train/pd/5c99925e669444fc_w05.png,5c99925e669444fc,5,Lab,Particle
train/pd/5c99925e669444fc_w06.png,5c99925e669444fc,6,Lab,Particle
train/pd/5c99925e669444fc_w08.png,5c99925e669444fc,8,Lab,Particle
train/pd/5c99925e669444fc_w10.png,5c99925e669444fc,10,Lab,Particle
train/pd/5c99925e669444fc_w12.png,5c99925e669444fc,12,Lab,Particle
train/pd/5c99925e669444fc_w14.png,5c99925e669444fc,14,Lab,Particle
train/pd/5c99925e669444fc_w17.png,5c99925e669444fc,17,Lab,Particle
train/pd/5c99925e669444fc_w18.png,5c99925e669444fc,18,Lab,Particle
train/pd/5ca63beb79089cbd_w03.png,5ca63beb79089cbd,3,Lab,Void
train/pd/5ca63beb79089cbd_w07.png,5ca63beb79089cbd,7,Lab,Void
train/pd/5ca63beb79089cbd_w12.png,5ca63beb79089cbd,12,Lab,Void
train/pd/5ca63beb79089cbd_w16.png,5ca63beb79089cbd,16,Lab,Void
train/pd/5ca63beb79089cbd_w21.png,5ca63beb79089cbd,21,Lab,Void
train/pd/5ca63beb79089cbd_w22.png,5ca63beb79089cbd,22,Lab,Void
train/pd/5ca63beb79089cbd_w23.png,5ca63beb79089cbd,23,Lab,Void
train/pd/5ca63beb79089cbd_w26.png,5ca63beb79089cbd,26,Lab,Void
train/pd/5cb2a91bab7c2bd3_w04.png,5cb2a91bab7c2bd3,4,Lab,Corona
train/pd/5cb2a91bab7c2bd3_w06.png,5cb2a91bab7c2bd3,6,Lab,Corona
train/pd/5cb2a91bab7c2bd3_w07.png,5cb2a91bab7c2bd3,7,Lab,Corona
train/pd/5cb2a91bab7c2bd3_w11.png,5cb2a91bab7c2bd3,11,Lab,Corona
train/pd/5cb2a91bab7c2bd3_w14.png,5cb2a91bab7c2bd3,14,Lab,Corona
train/pd/5cb2a91bab7c2bd3_w22.png,5cb2a91bab7c2bd3,22,Lab,Corona
train/pd/5cb2a91bab7c2bd3_w23.png,5cb2a91bab7c2bd3,23,Lab,Corona
train/pd/5cb2a91bab7c2bd3_w25.png,5cb2a91bab7c2bd3,25,Lab,Corona
train/pd/5cccbdcc0ab1b614_w10.png,5cccbdcc0ab1b614,10,Lab,Void
train/pd/5cccbdcc0ab1b614_w13.png,5cccbdcc0ab1b614,13,Lab,Void
train/pd/5cccbdcc0ab1b614_w17.png,5cccbdcc0ab1b614,17,Lab,Void
train/pd/5cccbdcc0ab1b614_w18.png,5cccbdcc0ab1b614,18,Lab,Void
train/pd/5cccbdcc0ab1b614_w19.png,5cccbdcc0ab1b614,19,Lab,Void
train/pd/5cccbdcc0ab1b614_w20.png,5cccbdcc0ab1b614,20,Lab,Void
train/pd/5cccbdcc0ab1b614_w26.png,5cccbdcc0ab1b614,26,Lab,Void
train/pd/5cccbdcc0ab1b614_w27.png,5cccbdcc0ab1b614,27,Lab,Void
train/pd/5cdf6e1ebe7712a5_w03.png,5cdf6e1ebe7712a5,3,Lab,Floating
train/pd/5cdf6e1ebe7712a5_w06.png,5cdf6e1ebe7712a5,6,Lab,Floating
train/pd/5cdf6e1ebe7712a5_w07.png,5cdf6e1ebe7712a5,7,Lab,Floating
train/pd/5cdf6e1ebe7712a5_w12.png,5cdf6e1ebe7712a5,12,Lab,Floating
train/pd/5cdf6e1ebe7712a5_w19.png,5cdf6e1ebe7712a5,19,Lab,Floating
train/pd/5cdf6e1ebe7712a5_w20.png,5cdf6e1ebe7712a5,20,Lab,Floating
train/pd/5cdf6e1ebe7712a5_w21.png,5cdf6e1ebe7712a5,21,Lab,Floating
train/pd/5cdf6e1ebe7712a5_w24.png,5cdf6e1ebe7712a5,24,Lab,Floating
train/pd/5ce52fdbc3f6010c_w01.png,5ce52fdbc3f6010c,1,Lab,Void
train/pd/5ce52fdbc3f6010c_w08.png,5ce52fdbc3f6010c,8,Lab,Void
train/pd/5ce52fdbc3f6010c_w10.png,5ce52fdbc3f6010c,10,Lab,Void
train/pd/5ce52fdbc3f6010c_w20.png,5ce52fdbc3f6010c,20,Lab,Void
train/pd/5ce52fdbc3f6010c_w21.png,5ce52fdbc3f6010c,21,Lab,Void
train/pd/5ce52fdbc3f6010c_w22.png,5ce52fdbc3f6010c,22,Lab,Void
train/pd/5ce52fdbc3f6010c_w23.png,5ce52fdbc3f6010c,23,Lab,Void
train/pd/5ce52fdbc3f6010c_w24.png,5ce52fdbc3f6010c,24,Lab,Void
train/pd/5cfe4e0ce8731d05_w03.png,5cfe4e0ce8731d05,3,Field,Floating
train/pd/5cfe4e0ce8731d05_w07.png,5cfe4e0ce8731d05,7,Field,Floating
train/pd/5cfe4e0ce8731d05_w08.png,5cfe4e0ce8731d05,8,Field,Floating
train/pd/5cfe4e0ce8731d05_w15.png,5cfe4e0ce8731d05,15,Field,Floating
train/pd/5cfe4e0ce8731d05_w18.png,5cfe4e0ce8731d05,18,Field,Floating
train/pd/5cfe4e0ce8731d05_w20.png,5cfe4e0ce8731d05,20,Field,Floating
train/pd/5cfe4e0ce8731d05_w24.png,5cfe4e0ce8731d05,24,Field,Floating
train/pd/5cfe4e0ce8731d05_w26.png,5cfe4e0ce8731d05,26,Field,Floating
train/pd/5d1fc600c7a79e67_w07.png,5d1fc600c7a79e67,7,Field,Floating
train/pd/5d1fc600c7a79e67_w08.png,5d1fc600c7a79e67,8,Field,Floating
train/pd/5d1fc600c7a79e67_w10.png,5d1fc600c7a79e67,10,Field,Floating
train/pd/5d1fc600c7a79e67_w13.png,5d1fc600c7a79e67,13,Field,Floating
train/pd/5d1fc600c7a79e67_w16.png,5d1fc600c7a79e67,16,Field,Floating
train/pd/5d1fc600c7a79e67_w20.png,5d1fc600c7a79e67,20,Field,Floating
train/pd/5d1fc600c7a79e67_w24.png,5d1fc600c7a79e67,24,Field,Floating
train/pd/5d1fc600c7a79e67_w27.png,5d1fc600c7a79e67,27,Field,Floating
train/pd/5d2f37d60d9b3355_w03.png,5d2f37d60d9b3355,3,Lab,Void
train/pd/5d2f37d60d9b3355_w08.png,5d2f37d60d9b3355,8,Lab,Void
train/pd/5d2f37d60d9b3355_w13.png,5d2f37d60d9b3355,13,Lab,Void
train/pd/5d2f37d60d9b3355_w17.png,5d2f37d60d9b3355,17,Lab,Void
train/pd/5d2f37d60d9b3355_w18.png,5d2f37d60d9b3355,18,Lab,Void
train/pd/5d2f37d60d9b3355_w21.png,5d2f37d60d9b3355,21,Lab,Void
train/pd/5d2f37d60d9b3355_w26.png,5d2f37d60d9b3355,26,Lab,Void
train/pd/5d2f37d60d9b3355_w27.png,5d2f37d60d9b3355,27,Lab,Void
train/pd/5d3eedb20e54a82a_w01.png,5d3eedb20e54a82a,1,Lab,Particle
train/pd/5d3eedb20e54a82a_w12.png,5d3eedb20e54a82a,12,Lab,Particle
train/pd/5d3eedb20e54a82a_w13.png,5d3eedb20e54a82a,13,Lab,Particle
train/pd/5d3eedb20e54a82a_w14.png,5d3eedb20e54a82a,14,Lab,Particle
train/pd/5d3eedb20e54a82a_w21.png,5d3eedb20e54a82a,21,Lab,Particle
train/pd/5d3eedb20e54a82a_w22.png,5d3eedb20e54a82a,22,Lab,Particle
train/pd/5d3eedb20e54a82a_w23.png,5d3eedb20e54a82a,23,Lab,Particle
train/pd/5d3eedb20e54a82a_w24.png,5d3eedb20e54a82a,24,Lab,Particle
train/pd/5d470d67ace7e305_w05.png,5d470d67ace7e305,5,Lab,Corona
train/pd/5d470d67ace7e305_w06.png,5d470d67ace7e305,6,Lab,Corona
train/pd/5d470d67ace7e305_w12.png,5d470d67ace7e305,12,Lab,Corona
train/pd/5d470d67ace7e305_w15.png,5d470d67ace7e305,15,Lab,Corona
train/pd/5d470d67ace7e305_w17.png,5d470d67ace7e305,17,Lab,Corona
train/pd/5d470d67ace7e305_w23.png,5d470d67ace7e305,23,Lab,Corona
train/pd/5d470d67ace7e305_w25.png,5d470d67ace7e305,25,Lab,Corona
train/pd/5d470d67ace7e305_w27.png,5d470d67ace7e305,27,Lab,Corona
train/pd/5dd2848be82dee18_w01.png,5dd2848be82dee18,1,Lab,Corona
train/pd/5dd2848be82dee18_w04.png,5dd2848be82dee18,4,Lab,Corona
train/pd/5dd2848be82dee18_w05.png,5dd2848be82dee18,5,Lab,Corona
train/pd/5dd2848be82dee18_w08.png,5dd2848be82dee18,8,Lab,Corona
train/pd/5dd2848be82dee18_w16.png,5dd2848be82dee18,16,Lab,Corona
train/pd/5dd2848be82dee18_w17.png,5dd2848be82dee18,17,Lab,Corona
train/pd/5dd2848be82dee18_w19.png,5dd2848be82dee18,19,Lab,Corona
train/pd/5dd2848be82dee18_w25.png,5dd2848be82dee18,25,Lab,Corona
train/pd/5df4cb0dcbf452f5_w00.png,5df4cb0dcbf452f5,0,Lab,Particle
train/pd/5df4cb0dcbf452f5_w07.png,5df4cb0dcbf452f5,7,Lab,Particle
train/pd/5df4cb0dcbf452f5_w08.png,5df4cb0dcbf452f5,8,Lab,Particle
train/pd/5df4cb0dcbf452f5_w15.png,5df4cb0dcbf452f5,15,Lab,Particle
train/pd/5df4cb0dcbf452f5_w22.png,5df4cb0dcbf452f5,22,Lab,Particle
train/pd/5df4cb0dcbf452f5_w24.png,5df4cb0dcbf452f5,24,Lab,Particle
train/pd/5df4cb0dcbf452f5_w25.png,5df4cb0dcbf452f5,25,Lab,Particle
train/pd/5df4cb0dcbf452f5_w27.png,5df4cb0dcbf452f5,27,Lab,Particle
train/pd/5e206df500d5ea45_w01.png,5e206df500d5ea45,1,Field,Void
train/pd/5e206df500d5ea45_w06.png,5e206df500d5ea45,6,Field,Void
train/pd/5e206df500d5ea45_w10.png,5e206df500d5ea45,10,Field,Void
train/pd/5e206df500d5ea45_w11.png,5e206df500d5ea45,11,Field,Void
train/pd/5e206df500d5ea45_w14.png,5e206df500d5ea45,14,Field,Void
train/pd/5e206df500d5ea45_w15.png,5e206df500d5ea45,15,Field,Void
train/pd/5e206df500d5ea45_w20.png,5e206df500d5ea45,20,Field,Void
train/pd/5e206df500d5ea45_w22.png,5e206df500d5ea45,22,Field,Void
train/pd/5ea4e84e17f6f670_w02.png,5ea4e84e17f6f670,2,Field,Void
train/pd/5ea4e84e17f6f670_w04.png,5ea4e84e17f6f670,4,Field,Void
train/pd/5ea4e84e17f6f670_w05.png,5ea4e84e17f6f670,5,Field,Void
train/pd/5ea4e84e17f6f670_w08.png,5ea4e84e17f6f670,8,Field,Void
train/pd/5ea4e84e17f6f670_w16.png,5ea4e84e17f6f670,16,Field,Void
train/pd/5ea4e84e17f6f670_w17.png,5ea4e84e17f6f670,17,Field,Void
train/pd/5ea4e84e17f6f670_w20.png,5ea4e84e17f6f670,20,Field,Void
train/pd/5ea4e84e17f6f670_w21.png,5ea4e84e17f6f670,21,Field,Void
train/pd/5ea5f0cb332bebfb_w00.png,5ea5f0cb332bebfb,0,Lab,Floating
train/pd/5ea5f0cb332bebfb_w02.png,5ea5f0cb332bebfb,2,Lab,Floating
train/pd/5ea5f0cb332bebfb_w03.png,5ea5f0cb332bebfb,3,Lab,Floating
train/pd/5ea5f0cb332bebfb_w04.png,5ea5f0cb332bebfb,4,Lab,Floating
train/pd/5ea5f0cb332bebfb_w06.png,5ea5f0cb332bebfb,6,Lab,Floating
train/pd/5ea5f0cb332bebfb_w09.png,5ea5f0cb332bebfb,9,Lab,Floating
train/pd/5ea5f0cb332bebfb_w11.png,5ea5f0cb332bebfb,11,Lab,Floating
train/pd/5ea5f0cb332bebfb_w21.png,5ea5f0cb332bebfb,21,Lab,Floating
train/pd/5ed2246013f5580c_w04.png,5ed2246013f5580c,4,Lab,Corona
train/pd/5ed2246013f5580c_w06.png,5ed2246013f5580c,6,Lab,Corona
train/pd/5ed2246013f5580c_w09.png,5ed2246013f5580c,9,Lab,Corona
train/pd/5ed2246013f5580c_w12.png,5ed2246013f5580c,12,Lab,Corona
train/pd/5ed2246013f5580c_w21.png,5ed2246013f5580c,21,Lab,Corona
train/pd/5ed2246013f5580c_w23.png,5ed2246013f5580c,23,Lab,Corona
train/pd/5ed2246013f5580c_w24.png,5ed2246013f5580c,24,Lab,Corona
train/pd/5ed2246013f5580c_w26.png,5ed2246013f5580c,26,Lab,Corona
train/pd/5ef845f3d4d69ba0_w01.png,5ef845f3d4d69ba0,1,Field,Void
train/pd/5ef845f3d4d69ba0_w03.png,5ef845f3d4d69ba0,3,Field,Void
train/pd/5ef845f3d4d69ba0_w11.png,5ef845f3d4d69ba0,11,Field,Void
train/pd/5ef845f3d4d69ba0_w14.png,5ef845f3d4d69ba0,14,Field,Void
train/pd/5ef845f3d4d69ba0_w16.png,5ef845f3d4d69ba0,16,Field,Void
train/pd/5ef845f3d4d69ba0_w18.png,5ef845f3d4d69ba0,18,Field,Void
train/pd/5ef845f3d4d69ba0_w22.png,5ef845f3d4d69ba0,22,Field,Void
train/pd/5ef845f3d4d69ba0_w25.png,5ef845f3d4d69ba0,25,Field,Void
train/pd/5ef89e2796901fa3_w01.png,5ef89e2796901fa3,1,Lab,Corona
train/pd/5ef89e2796901fa3_w04.png,5ef89e2796901fa3,4,Lab,Corona
train/pd/5ef89e2796901fa3_w05.png,5ef89e2796901fa3,5,Lab,Corona
train/pd/5ef89e2796901fa3_w12.png,5ef89e2796901fa3,12,Lab,Corona
train/pd/5ef89e2796901fa3_w14.png,5ef89e2796901fa3,14,Lab,Corona
train/pd/5ef89e2796901fa3_w20.png,5ef89e2796901fa3,20,Lab,Corona
train/pd/5ef89e2796901fa3_w25.png,5ef89e2796901fa3,25,Lab,Corona
train/pd/5ef89e2796901fa3_w26.png,5ef89e2796901fa3,26,Lab,Corona
train/pd/5f2115bcf7b817fa_w10.png,5f2115bcf7b817fa,10,Lab,Floating
train/pd/5f2115bcf7b817fa_w13.png,5f2115bcf7b817fa,13,Lab,Floating
train/pd/5f2115bcf7b817fa_w15.png,5f2115bcf7b817fa,15,Lab,Floating
train/pd/5f2115bcf7b817fa_w21.png,5f2115bcf7b817fa,21,Lab,Floating
train/pd/5f2115bcf7b817fa_w23.png,5f2115bcf7b817fa,23,Lab,Floating
train/pd/5f2115bcf7b817fa_w24.png,5f2115bcf7b817fa,24,Lab,Floating
train/pd/5f2115bcf7b817fa_w26.png,5f2115bcf7b817fa,26,Lab,Floating
train/pd/5f2115bcf7b817fa_w27.png,5f2115bcf7b817fa,27,Lab,Floating
train/pd/5f2cda38772e9101_w06.png,5f2cda38772e9101,6,Lab,Particle
train/pd/5f2cda38772e9101_w08.png,5f2cda38772e9101,8,Lab,Particle
train/pd/5f2cda38772e9101_w10.png,5f2cda38772e9101,10,Lab,Particle
train/pd/5f2cda38772e9101_w13.png,5f2cda38772e9101,13,Lab,Particle
train/pd/5f2cda38772e9101_w16.png,5f2cda38772e9101,16,Lab,Particle
train/pd/5f2cda38772e9101_w18.png,5f2cda38772e9101,18,Lab,Particle
train/pd/5f2cda38772e9101_w19.png,5f2cda38772e9101,19,Lab,Particle
train/pd/5f2cda38772e9101_w24.png,5f2cda38772e9101,24,Lab,Particle
train/pd/5f2f2b3fbd0755c5_w00.png,5f2f2b3fbd0755c5,0,Lab,Corona
train/pd/5f2f2b3fbd0755c5_w05.png,5f2f2b3fbd0755c5,5,Lab,Corona
train/pd/5f2f2b3fbd0755c5_w06.png,5f2f2b3fbd0755c5,6,Lab,Corona
train/pd/5f2f2b3fbd0755c5_w07.png,5f2f2b3fbd0755c5,7,Lab,Corona
train/pd/5f2f2b3fbd0755c5_w10.png,5f2f2b3fbd0755c5,10,Lab,Corona
train/pd/5f2f2b3fbd0755c5_w12.png,5f2f2b3fbd0755c5,12,Lab,Corona
train/pd/5f2f2b3fbd0755c5_w15.png,5f2f2b3fbd0755c5,15,Lab,Corona
train/pd/5f2f2b3fbd0755c5_w17.png,5f2f2b3fbd0755c5,17,Lab,Corona
train/pd/5f482952789e9007_w02.png,5f482952789e9007,2,Lab,Particle
train/pd/5f482952789e9007_w03.png,5f482952789e9007,3,Lab,Particle
train/pd/5f482952789e9007_w04.png,5f482952789e9007,4,Lab,Particle
train/pd/5f482952789e9007_w05.png,5f482952789e9007,5,Lab,Particle
train/pd/5f482952789e9007_w08.png,5f482952789e9007,8,Lab,Particle
train/pd/5f482952789e9007_w11.png,5f482952789e9007,11,Lab,Particle
train/pd/5f482952789e9007_w14.png,5f482952789e9007,14,Lab,Particle
train/pd/5f482952789e9007_w22.png,5f482952789e9007,22,Lab,Particle
train/pd/5fd3c9596dbb5d91_w03.png,5fd3c9596dbb5d91,3,Lab,Corona
train/pd/5fd3c9596dbb5d91_w06.png,5fd3c9596dbb5d91,6,Lab,Corona
train/pd/5fd3c9596dbb5d91_w15.png,5fd3c9596dbb5d91,15,Lab,Corona
train/pd/5fd3c9596dbb5d91_w17.png,5fd3c9596dbb5d91,17,Lab,Corona
train/pd/5fd3c9596dbb5d91_w20.png,5fd3c9596dbb5d91,20,Lab,Corona
train/pd/5fd3c9596dbb5d91_w21.png,5fd3c9596dbb5d91,21,Lab,Corona
train/pd/5fd3c9596dbb5d91_w24.png,5fd3c9596dbb5d91,24,Lab,Corona
train/pd/5fd3c9596dbb5d91_w25.png,5fd3c9596dbb5d91,25,Lab,Corona
train/pd/5fdb1172929b7413_w01.png,5fdb1172929b7413,1,Lab,Particle
train/pd/5fdb1172929b7413_w06.png,5fdb1172929b7413,6,Lab,Particle
train/pd/5fdb1172929b7413_w11.png,5fdb1172929b7413,11,Lab,Particle
train/pd/5fdb1172929b7413_w13.png,5fdb1172929b7413,13,Lab,Particle
train/pd/5fdb1172929b7413_w14.png,5fdb1172929b7413,14,Lab,Particle
train/pd/5fdb1172929b7413_w16.png,5fdb1172929b7413,16,Lab,Particle
train/pd/5fdb1172929b7413_w17.png,5fdb1172929b7413,17,Lab,Particle
train/pd/5fdb1172929b7413_w26.png,5fdb1172929b7413,26,Lab,Particle
train/pd/606dbb10e2a9fd6a_w03.png,606dbb10e2a9fd6a,3,Lab,Void
train/pd/606dbb10e2a9fd6a_w05.png,606dbb10e2a9fd6a,5,Lab,Void
train/pd/606dbb10e2a9fd6a_w06.png,606dbb10e2a9fd6a,6,Lab,Void
train/pd/606dbb10e2a9fd6a_w07.png,606dbb10e2a9fd6a,7,Lab,Void
train/pd/606dbb10e2a9fd6a_w09.png,606dbb10e2a9fd6a,9,Lab,Void
train/pd/606dbb10e2a9fd6a_w13.png,606dbb10e2a9fd6a,13,Lab,Void
train/pd/606dbb10e2a9fd6a_w23.png,606dbb10e2a9fd6a,23,Lab,Void
train/pd/606dbb10e2a9fd6a_w27.png,606dbb10e2a9fd6a,27,Lab,Void
train/pd/60748dc732b8e649_w05.png,60748dc732b8e649,5,Lab,Void
train/pd/60748dc732b8e649_w06.png,60748dc732b8e649,6,Lab,Void
train/pd/60748dc732b8e649_w07.png,60748dc732b8e649,7,Lab,Void
train/pd/60748dc732b8e649_w08.png,60748dc732b8e649,8,Lab,Void
train/pd/60748dc732b8e649_w09.png,60748dc732b8e649,9,Lab,Void
train/pd/60748dc732b8e649_w11.png,60748dc732b8e649,11,Lab,Void
train/pd/60748dc732b8e649_w14.png,60748dc732b8e649,14,Lab,Void
train/pd/60748dc732b8e649_w25.png,60748dc732b8e649,25,Lab,Void
train/pd/61606ec0ccf77d2e_w02.png,61606ec0ccf77d2e,2,Lab,Void
train/pd/61606ec0ccf77d2e_w03.png,61606ec0ccf77d2e,3,Lab,Void
train/pd/61606ec0ccf77d2e_w04.png,61606ec0ccf77d2e,4,Lab,Void
train/pd/61606ec0ccf77d2e_w08.png,61606ec0ccf77d2e,8,Lab,Void
train/pd/61606ec0ccf77d2e_w11.png,61606ec0ccf77d2e,11,Lab,Void
train/pd/61606ec0ccf77d2e_w17.png,61606ec0ccf77d2e,17,Lab,Void
train/pd/61606ec0ccf77d2e_w21.png,61606ec0ccf77d2e,21,Lab,Void
train/pd/61606ec0ccf77d2e_w25.png,61606ec0ccf77d2e,25,Lab,Void
train/pd/616ec74c4ec26bc6_w01.png,616ec74c4ec26bc6,1,Lab,Corona
train/pd/616ec74c4ec26bc6_w09.png,616ec74c4ec26bc6,9,Lab,Corona
train/pd/616ec74c4ec26bc6_w10.png,616ec74c4ec26bc6,10,Lab,Corona
train/pd/616ec74c4ec26bc6_w11.png,616ec74c4ec26bc6,11,Lab,Corona
train/pd/616ec74c4ec26bc6_w18.png,616ec74c4ec26bc6,18,Lab,Corona
train/pd/616ec74c4ec26bc6_w20.png,616ec74c4ec26bc6,20,Lab,Corona
train/pd/616ec74c4ec26bc6_w24.png,616ec74c4ec26bc6,24,Lab,Corona
train/pd/616ec74c4ec26bc6_w26.png,616ec74c4ec26bc6,26,Lab,Corona
train/pd/61db86c07052b8a7_w00.png,61db86c07052b8a7,0,Lab,Corona
train/pd/61db86c07052b8a7_w02.png,61db86c07052b8a7,2,Lab,Corona
train/pd/61db86c07052b8a7_w07.png,61db86c07052b8a7,7,Lab,Corona
train/pd/61db86c07052b8a7_w08.png,61db86c07052b8a7,8,Lab,Corona
train/pd/61db86c07052b8a7_w09.png,61db86c07052b8a7,9,Lab,Corona
train/pd/61db86c07052b8a7_w15.png,61db86c07052b8a7,15,Lab,Corona
train/pd/61db86c07052b8a7_w24.png,61db86c07052b8a7,24,Lab,Corona
train/pd/61db86c07052b8a7_w27.png,61db86c07052b8a7,27,Lab,Corona
train/pd/61e03063233349dc_w00.png,61e03063233349dc,0,Lab,Corona
train/pd/61e03063233349dc_w04.png,61e03063233349dc,4,Lab,Corona
train/pd/61e03063233349dc_w07.png,61e03063233349dc,7,Lab,Corona
train/pd/61e03063233349dc_w12.png,61e03063233349dc,12,Lab,Corona
train/pd/61e03063233349dc_w16.png,61e03063233349dc,16,Lab,Corona
train/pd/61e03063233349dc_w17.png,61e03063233349dc,17,Lab,Corona
train/pd/61e03063233349dc_w18.png,61e03063233349dc,18,Lab,Corona
train/pd/61e03063233349dc_w23.png,61e03063233349dc,23,Lab,Corona
train/pd/61ecf68e6dd0403e_w04.png,61ecf68e6dd0403e,4,Lab,Void
train/pd/61ecf68e6dd0403e_w06.png,61ecf68e6dd0403e,6,Lab,Void
train/pd/61ecf68e6dd0403e_w09.png,61ecf68e6dd0403e,9,Lab,Void
train/pd/61ecf68e6dd0403e_w11.png,61ecf68e6dd0403e,11,Lab,Void
train/pd/61ecf68e6dd0403e_w12.png,61ecf68e6dd0403e,12,Lab,Void
train/pd/61ecf68e6dd0403e_w16.png,61ecf68e6dd0403e,16,Lab,Void
train/pd/61ecf68e6dd0403e_w20.png,61ecf68e6dd0403e,20,Lab,Void
train/pd/61ecf68e6dd0403e_w27.png,61ecf68e6dd0403e,27,Lab,Void
train/pd/61ef06edd703a1a8_w00.png,61ef06edd703a1a8,0,Lab,Void
train/pd/61ef06edd703a1a8_w01.png,61ef06edd703a1a8,1,Lab,Void
train/pd/61ef06edd703a1a8_w04.png,61ef06edd703a1a8,4,Lab,Void
train/pd/61ef06edd703a1a8_w14.png,61ef06edd703a1a8,14,Lab,Void
train/pd/61ef06edd703a1a8_w19.png,61ef06edd703a1a8,19,Lab,Void
train/pd/61ef06edd703a1a8_w20.png,61ef06edd703a1a8,20,Lab,Void
train/pd/61ef06edd703a1a8_w24.png,61ef06edd703a1a8,24,Lab,Void
train/pd/61ef06edd703a1a8_w25.png,61ef06edd703a1a8,25,Lab,Void
train/pd/6207590c6ddfad21_w01.png,6207590c6ddfad21,1,Lab,Particle
train/pd/6207590c6ddfad21_w05.png,6207590c6ddfad21,5,Lab,Particle
train/pd/6207590c6ddfad21_w09.png,6207590c6ddfad21,9,Lab,Particle
train/pd/6207590c6ddfad21_w12.png,6207590c6ddfad21,12,Lab,Particle
train/pd/6207590c6ddfad21_w13.png,6207590c6ddfad21,13,Lab,Particle
train/pd/6207590c6ddfad21_w15.png,6207590c6ddfad21,15,Lab,Particle
train/pd/6207590c6ddfad21_w18.png,6207590c6ddfad21,18,Lab,Particle
train/pd/6207590c6ddfad21_w19.png,6207590c6ddfad21,19,Lab,Particle
train/pd/620809829d685c95_w03.png,620809829d685c95,3,Lab,Floating
train/pd/620809829d685c95_w04.png,620809829d685c95,4,Lab,Floating
train/pd/620809829d685c95_w05.png,620809829d685c95,5,Lab,Floating
train/pd/620809829d685c95_w06.png,620809829d685c95,6,Lab,Floating
train/pd/620809829d685c95_w08.png,620809829d685c95,8,Lab,Floating
train/pd/620809829d685c95_w13.png,620809829d685c95,13,Lab,Floating
train/pd/620809829d685c95_w16.png,620809829d685c95,16,Lab,Floating
train/pd/620809829d685c95_w21.png,620809829d685c95,21,Lab,Floating
train/pd/620e3509986533b3_w00.png,620e3509986533b3,0,Lab,Void
train/pd/620e3509986533b3_w01.png,620e3509986533b3,1,Lab,Void
train/pd/620e3509986533b3_w05.png,620e3509986533b3,5,Lab,Void
train/pd/620e3509986533b3_w08.png,620e3509986533b3,8,Lab,Void
train/pd/620e3509986533b3_w16.png,620e3509986533b3,16,Lab,Void
train/pd/620e3509986533b3_w18.png,620e3509986533b3,18,Lab,Void
train/pd/620e3509986533b3_w21.png,620e3509986533b3,21,Lab,Void
train/pd/620e3509986533b3_w25.png,620e3509986533b3,25,Lab,Void
train/pd/621372930768011a_w01.png,621372930768011a,1,Lab,Corona
train/pd/621372930768011a_w06.png,621372930768011a,6,Lab,Corona
train/pd/621372930768011a_w12.png,621372930768011a,12,Lab,Corona
train/pd/621372930768011a_w15.png,621372930768011a,15,Lab,Corona
train/pd/621372930768011a_w18.png,621372930768011a,18,Lab,Corona
train/pd/621372930768011a_w19.png,621372930768011a,19,Lab,Corona
train/pd/621372930768011a_w21.png,621372930768011a,21,Lab,Corona
train/pd/621372930768011a_w25.png,621372930768011a,25,Lab,Corona
train/pd/6246ca9e9fa734ee_w00.png,6246ca9e9fa734ee,0,Lab,Particle
train/pd/6246ca9e9fa734ee_w01.png,6246ca9e9fa734ee,1,Lab,Particle
train/pd/6246ca9e9fa734ee_w02.png,6246ca9e9fa734ee,2,Lab,Particle
train/pd/6246ca9e9fa734ee_w04.png,6246ca9e9fa734ee,4,Lab,Particle
train/pd/6246ca9e9fa734ee_w09.png,6246ca9e9fa734ee,9,Lab,Particle
train/pd/6246ca9e9fa734ee_w11.png,6246ca9e9fa734ee,11,Lab,Particle
train/pd/6246ca9e9fa734ee_w14.png,6246ca9e9fa734ee,14,Lab,Particle
train/pd/6246ca9e9fa734ee_w25.png,6246ca9e9fa734ee,25,Lab,Particle
train/pd/62690b96298f41e2_w03.png,62690b96298f41e2,3,Field,Void
train/pd/62690b96298f41e2_w11.png,62690b96298f41e2,11,Field,Void
train/pd/62690b96298f41e2_w12.png,62690b96298f41e2,12,Field,Void
train/pd/62690b96298f41e2_w20.png,62690b96298f41e2,20,Field,Void
train/pd/62690b96298f41e2_w21.png,62690b96298f41e2,21,Field,Void
train/pd/62690b96298f41e2_w22.png,62690b96298f41e2,22,Field,Void
train/pd/62690b96298f41e2_w23.png,62690b96298f41e2,23,Field,Void
train/pd/62690b96298f41e2_w27.png,62690b96298f41e2,27,Field,Void
train/pd/626f8748af449595_w02.png,626f8748af449595,2,Lab,Particle
train/pd/626f8748af449595_w05.png,626f8748af449595,5,Lab,Particle
train/pd/626f8748af449595_w08.png,626f8748af449595,8,Lab,Particle
train/pd/626f8748af449595_w15.png,626f8748af449595,15,Lab,Particle
train/pd/626f8748af449595_w16.png,626f8748af449595,16,Lab,Particle
train/pd/626f8748af449595_w19.png,626f8748af449595,19,Lab,Particle
train/pd/626f8748af449595_w21.png,626f8748af449595,21,Lab,Particle
train/pd/626f8748af449595_w23.png,626f8748af449595,23,Lab,Particle
train/pd/62775a242ec5e1ea_w00.png,62775a242ec5e1ea,0,Lab,Particle
train/pd/62775a242ec5e1ea_w01.png,62775a242ec5e1ea,1,Lab,Particle
train/pd/62775a242ec5e1ea_w04.png,62775a242ec5e1ea,4,Lab,Particle
train/pd/62775a242ec5e1ea_w05.png,62775a242ec5e1ea,5,Lab,Particle
train/pd/62775a242ec5e1ea_w14.png,62775a242ec5e1ea,14,Lab,Particle
train/pd/62775a242ec5e1ea_w15.png,62775a242ec5e1ea,15,Lab,Particle
train/pd/62775a242ec5e1ea_w18.png,62775a242ec5e1ea,18,Lab,Particle
train/pd/62775a242ec5e1ea_w26.png,62775a242ec5e1ea,26,Lab,Particle
train/pd/62a52ec1e12ae052_w00.png,62a52ec1e12ae052,0,Lab,Floating
train/pd/62a52ec1e12ae052_w01.png,62a52ec1e12ae052,1,Lab,Floating
train/pd/62a52ec1e12ae052_w03.png,62a52ec1e12ae052,3,Lab,Floating
train/pd/62a52ec1e12ae052_w05.png,62a52ec1e12ae052,5,Lab,Floating
train/pd/62a52ec1e12ae052_w08.png,62a52ec1e12ae052,8,Lab,Floating
train/pd/62a52ec1e12ae052_w09.png,62a52ec1e12ae052,9,Lab,Floating
train/pd/62a52ec1e12ae052_w15.png,62a52ec1e12ae052,15,Lab,Floating
train/pd/62a52ec1e12ae052_w23.png,62a52ec1e12ae052,23,Lab,Floating
train/pd/62d822581ed63bcc_w03.png,62d822581ed63bcc,3,Field,Void
train/pd/62d822581ed63bcc_w04.png,62d822581ed63bcc,4,Field,Void
train/pd/62d822581ed63bcc_w13.png,62d822581ed63bcc,13,Field,Void
train/pd/62d822581ed63bcc_w15.png,62d822581ed63bcc,15,Field,Void
train/pd/62d822581ed63bcc_w16.png,62d822581ed63bcc,16,Field,Void
train/pd/62d822581ed63bcc_w18.png,62d822581ed63bcc,18,Field,Void
train/pd/62d822581ed63bcc_w26.png,62d822581ed63bcc,26,Field,Void
train/pd/62d822581ed63bcc_w27.png,62d822581ed63bcc,27,Field,Void
train/pd/62ff833ff67831c1_w05.png,62ff833ff67831c1,5,Lab,Particle
train/pd/62ff833ff67831c1_w06.png,62ff833ff67831c1,6,Lab,Particle
train/pd/62ff833ff67831c1_w07.png,62ff833ff67831c1,7,Lab,Particle
train/pd/62ff833ff67831c1_w13.png,62ff833ff67831c1,13,Lab,Particle
train/pd/62ff833ff67831c1_w16.png,62ff833ff67831c1,16,Lab,Particle
train/pd/62ff833ff67831c1_w17.png,62ff833ff67831c1,17,Lab,Particle
train/pd/62ff833ff67831c1_w19.png,62ff833ff67831c1,19,Lab,Particle
train/pd/62ff833ff67831c1_w25.png,62ff833ff67831c1,25,Lab,Particle
train/pd/632c9536ad44efb5_w00.png,632c9536ad44efb5,0,Lab,Void
train/pd/632c9536ad44efb5_w01.png,632c9536ad44efb5,1,Lab,Void
train/pd/632c9536ad44efb5_w02.png,632c9536ad44efb5,2,Lab,Void
train/pd/632c9536ad44efb5_w04.png,632c9536ad44efb5,4,Lab,Void
train/pd/632c9536ad44efb5_w08.png,632c9536ad44efb5,8,Lab,Void
train/pd/632c9536ad44efb5_w13.png,632c9536ad44efb5,13,Lab,Void
train/pd/632c9536ad44efb5_w22.png,632c9536ad44efb5,22,Lab,Void
train/pd/632c9536ad44efb5_w24.png,632c9536ad44efb5,24,Lab,Void
train/pd/63385eaf348ff920_w06.png,63385eaf348ff920,6,Lab,Void
train/pd/63385eaf348ff920_w07.png,63385eaf348ff920,7,Lab,Void
train/pd/63385eaf348ff920_w10.png,63385eaf348ff920,10,Lab,Void
train/pd/63385eaf348ff920_w12.png,63385eaf348ff920,12,Lab,Void
train/pd/63385eaf348ff920_w15.png,63385eaf348ff920,15,Lab,Void
train/pd/63385eaf348ff920_w16.png,63385eaf348ff920,16,Lab,Void
train/pd/63385eaf348ff920_w20.png,63385eaf348ff920,20,Lab,Void
train/pd/63385eaf348ff920_w22.png,63385eaf348ff920,22,Lab,Void
train/pd/633f73c4b9ddcf4d_w02.png,633f73c4b9ddcf4d,2,Lab,Void
train/pd/633f73c4b9ddcf4d_w07.png,633f73c4b9ddcf4d,7,Lab,Void
train/pd/633f73c4b9ddcf4d_w10.png,633f73c4b9ddcf4d,10,Lab,Void
train/pd/633f73c4b9ddcf4d_w11.png,633f73c4b9ddcf4d,11,Lab,Void
train/pd/633f73c4b9ddcf4d_w13.png,633f73c4b9ddcf4d,13,Lab,Void
train/pd/633f73c4b9ddcf4d_w21.png,633f73c4b9ddcf4d,21,Lab,Void
train/pd/633f73c4b9ddcf4d_w25.png,633f73c4b9ddcf4d,25,Lab,Void
train/pd/633f73c4b9ddcf4d_w27.png,633f73c4b9ddcf4d,27,Lab,Void
train/pd/635af96f49975d66_w00.png,635af96f49975d66,0,Lab,Corona
train/pd/635af96f49975d66_w02.png,635af96f49975d66,2,Lab,Corona
train/pd/635af96f49975d66_w04.png,635af96f49975d66,4,Lab,Corona
train/pd/635af96f49975d66_w05.png,635af96f49975d66,5,Lab,Corona
train/pd/635af96f49975d66_w07.png,635af96f49975d66,7,Lab,Corona
train/pd/635af96f49975d66_w21.png,635af96f49975d66,21,Lab,Corona
train/pd/635af96f49975d66_w25.png,635af96f49975d66,25,Lab,Corona
train/pd/635af96f49975d66_w27.png,635af96f49975d66,27,Lab,Corona
train/pd/636f671d18b1f0cd_w02.png,636f671d18b1f0cd,2,Lab,Void
train/pd/636f671d18b1f0cd_w04.png,636f671d18b1f0cd,4,Lab,Void
train/pd/636f671d18b1f0cd_w09.png,636f671d18b1f0cd,9,Lab,Void
train/pd/636f671d18b1f0cd_w12.png,636f671d18b1f0cd,12,Lab,Void
train/pd/636f671d18b1f0cd_w13.png,636f671d18b1f0cd,13,Lab,Void
train/pd/636f671d18b1f0cd_w16.png,636f671d18b1f0cd,16,Lab,Void
train/pd/636f671d18b1f0cd_w19.png,636f671d18b1f0cd,19,Lab,Void
train/pd/636f671d18b1f0cd_w27.png,636f671d18b1f0cd,27,Lab,Void
train/pd/63a321af72fb2d3e_w01.png,63a321af72fb2d3e,1,Lab,Corona
train/pd/63a321af72fb2d3e_w06.png,63a321af72fb2d3e,6,Lab,Corona
train/pd/63a321af72fb2d3e_w11.png,63a321af72fb2d3e,11,Lab,Corona
train/pd/63a321af72fb2d3e_w17.png,63a321af72fb2d3e,17,Lab,Corona
train/pd/63a321af72fb2d3e_w19.png,63a321af72fb2d3e,19,Lab,Corona
train/pd/63a321af72fb2d3e_w22.png,63a321af72fb2d3e,22,Lab,Corona
train/pd/63a321af72fb2d3e_w23.png,63a321af72fb2d3e,23,Lab,Corona
train/pd/63a321af72fb2d3e_w25.png,63a321af72fb2d3e,25,Lab,Corona
train/pd/63c279c38f1b5e06_w01.png,63c279c38f1b5e06,1,Field,Void
train/pd/63c279c38f1b5e06_w06.png,63c279c38f1b5e06,6,Field,Void
train/pd/63c279c38f1b5e06_w09.png,63c279c38f1b5e06,9,Field,Void
train/pd/63c279c38f1b5e06_w10.png,63c279c38f1b5e06,10,Field,Void
train/pd/63c279c38f1b5e06_w15.png,63c279c38f1b5e06,15,Field,Void
train/pd/63c279c38f1b5e06_w22.png,63c279c38f1b5e06,22,Field,Void
train/pd/63c279c38f1b5e06_w23.png,63c279c38f1b5e06,23,Field,Void
train/pd/63c279c38f1b5e06_w26.png,63c279c38f1b5e06,26,Field,Void
train/pd/63de64812343db96_w04.png,63de64812343db96,4,Lab,Particle
train/pd/63de64812343db96_w08.png,63de64812343db96,8,Lab,Particle
train/pd/63de64812343db96_w09.png,63de64812343db96,9,Lab,Particle
train/pd/63de64812343db96_w12.png,63de64812343db96,12,Lab,Particle
train/pd/63de64812343db96_w17.png,63de64812343db96,17,Lab,Particle
train/pd/63de64812343db96_w18.png,63de64812343db96,18,Lab,Particle
train/pd/63de64812343db96_w25.png,63de64812343db96,25,Lab,Particle
train/pd/63de64812343db96_w27.png,63de64812343db96,27,Lab,Particle
train/pd/63efded6d1cb95d8_w01.png,63efded6d1cb95d8,1,Lab,Particle
train/pd/63efded6d1cb95d8_w03.png,63efded6d1cb95d8,3,Lab,Particle
train/pd/63efded6d1cb95d8_w05.png,63efded6d1cb95d8,5,Lab,Particle
train/pd/63efded6d1cb95d8_w07.png,63efded6d1cb95d8,7,Lab,Particle
train/pd/63efded6d1cb95d8_w16.png,63efded6d1cb95d8,16,Lab,Particle
train/pd/63efded6d1cb95d8_w22.png,63efded6d1cb95d8,22,Lab,Particle
train/pd/63efded6d1cb95d8_w25.png,63efded6d1cb95d8,25,Lab,Particle
train/pd/63efded6d1cb95d8_w27.png,63efded6d1cb95d8,27,Lab,Particle
train/pd/6400fdcf3f7f621f_w09.png,6400fdcf3f7f621f,9,Lab,Void
train/pd/6400fdcf3f7f621f_w17.png,6400fdcf3f7f621f,17,Lab,Void
train/pd/6400fdcf3f7f621f_w18.png,6400fdcf3f7f621f,18,Lab,Void
train/pd/6400fdcf3f7f621f_w19.png,6400fdcf3f7f621f,19,Lab,Void
train/pd/6400fdcf3f7f621f_w20.png,6400fdcf3f7f621f,20,Lab,Void
train/pd/6400fdcf3f7f621f_w24.png,6400fdcf3f7f621f,24,Lab,Void
train/pd/6400fdcf3f7f621f_w25.png,6400fdcf3f7f621f,25,Lab,Void
train/pd/6400fdcf3f7f621f_w27.png,6400fdcf3f7f621f,27,Lab,Void
train/pd/641de3880c80389e_w04.png,641de3880c80389e,4,Field,Void
train/pd/641de3880c80389e_w07.png,641de3880c80389e,7,Field,Void
train/pd/641de3880c80389e_w10.png,641de3880c80389e,10,Field,Void
train/pd/641de3880c80389e_w15.png,641de3880c80389e,15,Field,Void
train/pd/641de3880c80389e_w21.png,641de3880c80389e,21,Field,Void
train/pd/641de3880c80389e_w23.png,641de3880c80389e,23,Field,Void
train/pd/641de3880c80389e_w24.png,641de3880c80389e,24,Field,Void
train/pd/641de3880c80389e_w25.png,641de3880c80389e,25,Field,Void
train/pd/6420becda9109455_w07.png,6420becda9109455,7,Lab,Void
train/pd/6420becda9109455_w08.png,6420becda9109455,8,Lab,Void
train/pd/6420becda9109455_w11.png,6420becda9109455,11,Lab,Void
train/pd/6420becda9109455_w12.png,6420becda9109455,12,Lab,Void
train/pd/6420becda9109455_w15.png,6420becda9109455,15,Lab,Void
train/pd/6420becda9109455_w17.png,6420becda9109455,17,Lab,Void
train/pd/6420becda9109455_w18.png,6420becda9109455,18,Lab,Void
train/pd/6420becda9109455_w19.png,6420becda9109455,19,Lab,Void
train/pd/643765f89e64851c_w06.png,643765f89e64851c,6,Lab,Corona
train/pd/643765f89e64851c_w07.png,643765f89e64851c,7,Lab,Corona
train/pd/643765f89e64851c_w08.png,643765f89e64851c,8,Lab,Corona
train/pd/643765f89e64851c_w12.png,643765f89e64851c,12,Lab,Corona
train/pd/643765f89e64851c_w16.png,643765f89e64851c,16,Lab,Corona
train/pd/643765f89e64851c_w20.png,643765f89e64851c,20,Lab,Corona
train/pd/643765f89e64851c_w23.png,643765f89e64851c,23,Lab,Corona
train/pd/643765f89e64851c_w25.png,643765f89e64851c,25,Lab,Corona
train/pd/644eccbfa4ed335b_w00.png,644eccbfa4ed335b,0,Field,Void
train/pd/644eccbfa4ed335b_w01.png,644eccbfa4ed335b,1,Field,Void
train/pd/644eccbfa4ed335b_w03.png,644eccbfa4ed335b,3,Field,Void
train/pd/644eccbfa4ed335b_w07.png,644eccbfa4ed335b,7,Field,Void
train/pd/644eccbfa4ed335b_w09.png,644eccbfa4ed335b,9,Field,Void
train/pd/644eccbfa4ed335b_w11.png,644eccbfa4ed335b,11,Field,Void
train/pd/644eccbfa4ed335b_w15.png,644eccbfa4ed335b,15,Field,Void
train/pd/644eccbfa4ed335b_w17.png,644eccbfa4ed335b,17,Field,Void
train/pd/645d093b1d170e72_w06.png,645d093b1d170e72,6,Lab,Void
train/pd/645d093b1d170e72_w07.png,645d093b1d170e72,7,Lab,Void
train/pd/645d093b1d170e72_w09.png,645d093b1d170e72,9,Lab,Void
train/pd/645d093b1d170e72_w17.png,645d093b1d170e72,17,Lab,Void
train/pd/645d093b1d170e72_w22.png,645d093b1d170e72,22,Lab,Void
train/pd/645d093b1d170e72_w24.png,645d093b1d170e72,24,Lab,Void
train/pd/645d093b1d170e72_w25.png,645d093b1d170e72,25,Lab,Void
train/pd/645d093b1d170e72_w26.png,645d093b1d170e72,26,Lab,Void
train/pd/64b9cd156a8f2ea3_w00.png,64b9cd156a8f2ea3,0,Lab,Particle
train/pd/64b9cd156a8f2ea3_w02.png,64b9cd156a8f2ea3,2,Lab,Particle
train/pd/64b9cd156a8f2ea3_w08.png,64b9cd156a8f2ea3,8,Lab,Particle
train/pd/64b9cd156a8f2ea3_w09.png,64b9cd156a8f2ea3,9,Lab,Particle
train/pd/64b9cd156a8f2ea3_w12.png,64b9cd156a8f2ea3,12,Lab,Particle
train/pd/64b9cd156a8f2ea3_w18.png,64b9cd156a8f2ea3,18,Lab,Particle
train/pd/64b9cd156a8f2ea3_w19.png,64b9cd156a8f2ea3,19,Lab,Particle
train/pd/64b9cd156a8f2ea3_w22.png,64b9cd156a8f2ea3,22,Lab,Particle
train/pd/65097aea25ff678f_w03.png,65097aea25ff678f,3,Lab,Void
train/pd/65097aea25ff678f_w06.png,65097aea25ff678f,6,Lab,Void
train/pd/65097aea25ff678f_w11.png,65097aea25ff678f,11,Lab,Void
train/pd/65097aea25ff678f_w12.png,65097aea25ff678f,12,Lab,Void
train/pd/65097aea25ff678f_w14.png,65097aea25ff678f,14,Lab,Void
train/pd/65097aea25ff678f_w20.png,65097aea25ff678f,20,Lab,Void
train/pd/65097aea25ff678f_w21.png,65097aea25ff678f,21,Lab,Void
train/pd/65097aea25ff678f_w23.png,65097aea25ff678f,23,Lab,Void
train/pd/6510a55bb5d73912_w03.png,6510a55bb5d73912,3,Lab,Void
train/pd/6510a55bb5d73912_w05.png,6510a55bb5d73912,5,Lab,Void
train/pd/6510a55bb5d73912_w07.png,6510a55bb5d73912,7,Lab,Void
train/pd/6510a55bb5d73912_w08.png,6510a55bb5d73912,8,Lab,Void
train/pd/6510a55bb5d73912_w09.png,6510a55bb5d73912,9,Lab,Void
train/pd/6510a55bb5d73912_w20.png,6510a55bb5d73912,20,Lab,Void
train/pd/6510a55bb5d73912_w23.png,6510a55bb5d73912,23,Lab,Void
train/pd/6510a55bb5d73912_w27.png,6510a55bb5d73912,27,Lab,Void
train/pd/6516e0fed01f6611_w01.png,6516e0fed01f6611,1,Lab,Void
train/pd/6516e0fed01f6611_w07.png,6516e0fed01f6611,7,Lab,Void
train/pd/6516e0fed01f6611_w15.png,6516e0fed01f6611,15,Lab,Void
train/pd/6516e0fed01f6611_w16.png,6516e0fed01f6611,16,Lab,Void
train/pd/6516e0fed01f6611_w18.png,6516e0fed01f6611,18,Lab,Void
train/pd/6516e0fed01f6611_w19.png,6516e0fed01f6611,19,Lab,Void
train/pd/6516e0fed01f6611_w22.png,6516e0fed01f6611,22,Lab,Void
train/pd/6516e0fed01f6611_w27.png,6516e0fed01f6611,27,Lab,Void
train/pd/657131c39c55c7cd_w02.png,657131c39c55c7cd,2,Lab,Particle
train/pd/657131c39c55c7cd_w05.png,657131c39c55c7cd,5,Lab,Particle
train/pd/657131c39c55c7cd_w11.png,657131c39c55c7cd,11,Lab,Particle
train/pd/657131c39c55c7cd_w12.png,657131c39c55c7cd,12,Lab,Particle
train/pd/657131c39c55c7cd_w15.png,657131c39c55c7cd,15,Lab,Particle
train/pd/657131c39c55c7cd_w18.png,657131c39c55c7cd,18,Lab,Particle
train/pd/657131c39c55c7cd_w22.png,657131c39c55c7cd,22,Lab,Particle
train/pd/657131c39c55c7cd_w24.png,657131c39c55c7cd,24,Lab,Particle
train/pd/65f3560134e8d38f_w06.png,65f3560134e8d38f,6,Lab,Floating
train/pd/65f3560134e8d38f_w08.png,65f3560134e8d38f,8,Lab,Floating
train/pd/65f3560134e8d38f_w10.png,65f3560134e8d38f,10,Lab,Floating
train/pd/65f3560134e8d38f_w14.png,65f3560134e8d38f,14,Lab,Floating
train/pd/65f3560134e8d38f_w17.png,65f3560134e8d38f,17,Lab,Floating
train/pd/65f3560134e8d38f_w20.png,65f3560134e8d38f,20,Lab,Floating
train/pd/65f3560134e8d38f_w23.png,65f3560134e8d38f,23,Lab,Floating
train/pd/65f3560134e8d38f_w27.png,65f3560134e8d38f,27,Lab,Floating
train/pd/66044d4de90885ad_w02.png,66044d4de90885ad,2,Lab,Floating
train/pd/66044d4de90885ad_w06.png,66044d4de90885ad,6,Lab,Floating
train/pd/66044d4de90885ad_w11.png,66044d4de90885ad,11,Lab,Floating
train/pd/66044d4de90885ad_w17.png,66044d4de90885ad,17,Lab,Floating
train/pd/66044d4de90885ad_w20.png,66044d4de90885ad,20,Lab,Floating
train/pd/66044d4de90885ad_w22.png,66044d4de90885ad,22,Lab,Floating
train/pd/66044d4de90885ad_w25.png,66044d4de90885ad,25,Lab,Floating
train/pd/66044d4de90885ad_w26.png,66044d4de90885ad,26,Lab,Floating
train/pd/66245ccd58b40c92_w00.png,66245ccd58b40c92,0,Field,Void
train/pd/66245ccd58b40c92_w03.png,66245ccd58b40c92,3,Field,Void
train/pd/66245ccd58b40c92_w11.png,66245ccd58b40c92,11,Field,Void
train/pd/66245ccd58b40c92_w12.png,66245ccd58b40c92,12,Field,Void
train/pd/66245ccd58b40c92_w15.png,66245ccd58b40c92,15,Field,Void
train/pd/66245ccd58b40c92_w16.png,66245ccd58b40c92,16,Field,Void
train/pd/66245ccd58b40c92_w20.png,66245ccd58b40c92,20,Field,Void
train/pd/66245ccd58b40c92_w23.png,66245ccd58b40c92,23,Field,Void
train/pd/664c801b1fcf57e1_w03.png,664c801b1fcf57e1,3,Lab,Corona
train/pd/664c801b1fcf57e1_w04.png,664c801b1fcf57e1,4,Lab,Corona
train/pd/664c801b1fcf57e1_w05.png,664c801b1fcf57e1,5,Lab,Corona
train/pd/664c801b1fcf57e1_w14.png,664c801b1fcf57e1,14,Lab,Corona
train/pd/664c801b1fcf57e1_w15.png,664c801b1fcf57e1,15,Lab,Corona
train/pd/664c801b1fcf57e1_w20.png,664c801b1fcf57e1,20,Lab,Corona
train/pd/664c801b1fcf57e1_w22.png,664c801b1fcf57e1,22,Lab,Corona
train/pd/664c801b1fcf57e1_w26.png,664c801b1fcf57e1,26,Lab,Corona
train/pd/6671840401609084_w01.png,6671840401609084,1,Lab,Corona
train/pd/6671840401609084_w02.png,6671840401609084,2,Lab,Corona
train/pd/6671840401609084_w04.png,6671840401609084,4,Lab,Corona
train/pd/6671840401609084_w10.png,6671840401609084,10,Lab,Corona
train/pd/6671840401609084_w12.png,6671840401609084,12,Lab,Corona
train/pd/6671840401609084_w15.png,6671840401609084,15,Lab,Corona
train/pd/6671840401609084_w17.png,6671840401609084,17,Lab,Corona
train/pd/6671840401609084_w25.png,6671840401609084,25,Lab,Corona
train/pd/66b6092f3ad2b4a8_w00.png,66b6092f3ad2b4a8,0,Field,Corona
train/pd/66b6092f3ad2b4a8_w02.png,66b6092f3ad2b4a8,2,Field,Corona
train/pd/66b6092f3ad2b4a8_w08.png,66b6092f3ad2b4a8,8,Field,Corona
train/pd/66b6092f3ad2b4a8_w10.png,66b6092f3ad2b4a8,10,Field,Corona
train/pd/66b6092f3ad2b4a8_w11.png,66b6092f3ad2b4a8,11,Field,Corona
train/pd/66b6092f3ad2b4a8_w16.png,66b6092f3ad2b4a8,16,Field,Corona
train/pd/66b6092f3ad2b4a8_w20.png,66b6092f3ad2b4a8,20,Field,Corona
train/pd/66b6092f3ad2b4a8_w24.png,66b6092f3ad2b4a8,24,Field,Corona
train/pd/66e18192275e3a33_w04.png,66e18192275e3a33,4,Lab,Void
train/pd/66e18192275e3a33_w05.png,66e18192275e3a33,5,Lab,Void
train/pd/66e18192275e3a33_w09.png,66e18192275e3a33,9,Lab,Void
train/pd/66e18192275e3a33_w10.png,66e18192275e3a33,10,Lab,Void
train/pd/66e18192275e3a33_w14.png,66e18192275e3a33,14,Lab,Void
train/pd/66e18192275e3a33_w15.png,66e18192275e3a33,15,Lab,Void
train/pd/66e18192275e3a33_w19.png,66e18192275e3a33,19,Lab,Void
train/pd/66e18192275e3a33_w27.png,66e18192275e3a33,27,Lab,Void
train/pd/66f0d60386ab80ad_w03.png,66f0d60386ab80ad,3,Lab,Floating
train/pd/66f0d60386ab80ad_w05.png,66f0d60386ab80ad,5,Lab,Floating
train/pd/66f0d60386ab80ad_w07.png,66f0d60386ab80ad,7,Lab,Floating
train/pd/66f0d60386ab80ad_w12.png,66f0d60386ab80ad,12,Lab,Floating
train/pd/66f0d60386ab80ad_w16.png,66f0d60386ab80ad,16,Lab,Floating
train/pd/66f0d60386ab80ad_w20.png,66f0d60386ab80ad,20,Lab,Floating
train/pd/66f0d60386ab80ad_w23.png,66f0d60386ab80ad,23,Lab,Floating
train/pd/66f0d60386ab80ad_w27.png,66f0d60386ab80ad,27,Lab,Floating
train/pd/670bc7196b90d697_w00.png,670bc7196b90d697,0,Lab,Floating
train/pd/670bc7196b90d697_w03.png,670bc7196b90d697,3,Lab,Floating
train/pd/670bc7196b90d697_w04.png,670bc7196b90d697,4,Lab,Floating
train/pd/670bc7196b90d697_w06.png,670bc7196b90d697,6,Lab,Floating
train/pd/670bc7196b90d697_w07.png,670bc7196b90d697,7,Lab,Floating
train/pd/670bc7196b90d697_w10.png,670bc7196b90d697,10,Lab,Floating
train/pd/670bc7196b90d697_w12.png,670bc7196b90d697,12,Lab,Floating
train/pd/670bc7196b90d697_w24.png,670bc7196b90d697,24,Lab,Floating
train/pd/6736392c38530f5d_w00.png,6736392c38530f5d,0,Lab,Void
train/pd/6736392c38530f5d_w03.png,6736392c38530f5d,3,Lab,Void
train/pd/6736392c38530f5d_w16.png,6736392c38530f5d,16,Lab,Void
train/pd/6736392c38530f5d_w17.png,6736392c38530f5d,17,Lab,Void
train/pd/6736392c38530f5d_w22.png,6736392c38530f5d,22,Lab,Void
train/pd/6736392c38530f5d_w23.png,6736392c38530f5d,23,Lab,Void
train/pd/6736392c38530f5d_w24.png,6736392c38530f5d,24,Lab,Void
train/pd/6736392c38530f5d_w25.png,6736392c38530f5d,25,Lab,Void
train/pd/67384c8cee6fb5d5_w00.png,67384c8cee6fb5d5,0,Lab,Particle
train/pd/67384c8cee6fb5d5_w07.png,67384c8cee6fb5d5,7,Lab,Particle
train/pd/67384c8cee6fb5d5_w08.png,67384c8cee6fb5d5,8,Lab,Particle
train/pd/67384c8cee6fb5d5_w10.png,67384c8cee6fb5d5,10,Lab,Particle
train/pd/67384c8cee6fb5d5_w11.png,67384c8cee6fb5d5,11,Lab,Particle
train/pd/67384c8cee6fb5d5_w17.png,67384c8cee6fb5d5,17,Lab,Particle
train/pd/67384c8cee6fb5d5_w20.png,67384c8cee6fb5d5,20,Lab,Particle
train/pd/67384c8cee6fb5d5_w22.png,67384c8cee6fb5d5,22,Lab,Particle
train/pd/674a87bb7585709b_w01.png,674a87bb7585709b,1,Field,Floating
train/pd/674a87bb7585709b_w03.png,674a87bb7585709b,3,Field,Floating
train/pd/674a87bb7585709b_w04.png,674a87bb7585709b,4,Field,Floating
train/pd/674a87bb7585709b_w10.png,674a87bb7585709b,10,Field,Floating
train/pd/674a87bb7585709b_w18.png,674a87bb7585709b,18,Field,Floating
train/pd/674a87bb7585709b_w21.png,674a87bb7585709b,21,Field,Floating
train/pd/674a87bb7585709b_w25.png,674a87bb7585709b,25,Field,Floating
train/pd/674a87bb7585709b_w26.png,674a87bb7585709b,26,Field,Floating
train/pd/676081d784e77ff9_w05.png,676081d784e77ff9,5,Lab,Void
train/pd/676081d784e77ff9_w09.png,676081d784e77ff9,9,Lab,Void
train/pd/676081d784e77ff9_w10.png,676081d784e77ff9,10,Lab,Void
train/pd/676081d784e77ff9_w15.png,676081d784e77ff9,15,Lab,Void
train/pd/676081d784e77ff9_w19.png,676081d784e77ff9,19,Lab,Void
train/pd/676081d784e77ff9_w22.png,676081d784e77ff9,22,Lab,Void
train/pd/676081d784e77ff9_w25.png,676081d784e77ff9,25,Lab,Void
train/pd/676081d784e77ff9_w26.png,676081d784e77ff9,26,Lab,Void
train/pd/679f047e873fe824_w04.png,679f047e873fe824,4,Lab,Floating
train/pd/679f047e873fe824_w14.png,679f047e873fe824,14,Lab,Floating
train/pd/679f047e873fe824_w15.png,679f047e873fe824,15,Lab,Floating
train/pd/679f047e873fe824_w16.png,679f047e873fe824,16,Lab,Floating
train/pd/679f047e873fe824_w19.png,679f047e873fe824,19,Lab,Floating
train/pd/679f047e873fe824_w22.png,679f047e873fe824,22,Lab,Floating
train/pd/679f047e873fe824_w23.png,679f047e873fe824,23,Lab,Floating
train/pd/679f047e873fe824_w27.png,679f047e873fe824,27,Lab,Floating
train/pd/67c9b61aac3e9187_w01.png,67c9b61aac3e9187,1,Field,Floating
train/pd/67c9b61aac3e9187_w02.png,67c9b61aac3e9187,2,Field,Floating
train/pd/67c9b61aac3e9187_w13.png,67c9b61aac3e9187,13,Field,Floating
train/pd/67c9b61aac3e9187_w14.png,67c9b61aac3e9187,14,Field,Floating
train/pd/67c9b61aac3e9187_w15.png,67c9b61aac3e9187,15,Field,Floating
train/pd/67c9b61aac3e9187_w20.png,67c9b61aac3e9187,20,Field,Floating
train/pd/67c9b61aac3e9187_w25.png,67c9b61aac3e9187,25,Field,Floating
train/pd/67c9b61aac3e9187_w27.png,67c9b61aac3e9187,27,Field,Floating
train/pd/67f73c24ad8df22e_w02.png,67f73c24ad8df22e,2,Field,Floating
train/pd/67f73c24ad8df22e_w09.png,67f73c24ad8df22e,9,Field,Floating
train/pd/67f73c24ad8df22e_w11.png,67f73c24ad8df22e,11,Field,Floating
train/pd/67f73c24ad8df22e_w16.png,67f73c24ad8df22e,16,Field,Floating
train/pd/67f73c24ad8df22e_w17.png,67f73c24ad8df22e,17,Field,Floating
train/pd/67f73c24ad8df22e_w18.png,67f73c24ad8df22e,18,Field,Floating
train/pd/67f73c24ad8df22e_w20.png,67f73c24ad8df22e,20,Field,Floating
train/pd/67f73c24ad8df22e_w24.png,67f73c24ad8df22e,24,Field,Floating
train/pd/687e2b988c3cb1f8_w01.png,687e2b988c3cb1f8,1,Lab,Particle
train/pd/687e2b988c3cb1f8_w02.png,687e2b988c3cb1f8,2,Lab,Particle
train/pd/687e2b988c3cb1f8_w05.png,687e2b988c3cb1f8,5,Lab,Particle
train/pd/687e2b988c3cb1f8_w11.png,687e2b988c3cb1f8,11,Lab,Particle
train/pd/687e2b988c3cb1f8_w14.png,687e2b988c3cb1f8,14,Lab,Particle
train/pd/687e2b988c3cb1f8_w16.png,687e2b988c3cb1f8,16,Lab,Particle
train/pd/687e2b988c3cb1f8_w21.png,687e2b988c3cb1f8,21,Lab,Particle
train/pd/687e2b988c3cb1f8_w24.png,687e2b988c3cb1f8,24,Lab,Particle
train/pd/68a8ad575a3e11fb_w00.png,68a8ad575a3e11fb,0,Field,Void
train/pd/68a8ad575a3e11fb_w06.png,68a8ad575a3e11fb,6,Field,Void
train/pd/68a8ad575a3e11fb_w07.png,68a8ad575a3e11fb,7,Field,Void
train/pd/68a8ad575a3e11fb_w08.png,68a8ad575a3e11fb,8,Field,Void
train/pd/68a8ad575a3e11fb_w20.png,68a8ad575a3e11fb,20,Field,Void
train/pd/68a8ad575a3e11fb_w21.png,68a8ad575a3e11fb,21,Field,Void
train/pd/68a8ad575a3e11fb_w22.png,68a8ad575a3e11fb,22,Field,Void
train/pd/68a8ad575a3e11fb_w24.png,68a8ad575a3e11fb,24,Field,Void
train/pd/68c8d402d2af0ef8_w06.png,68c8d402d2af0ef8,6,Lab,Void
train/pd/68c8d402d2af0ef8_w09.png,68c8d402d2af0ef8,9,Lab,Void
train/pd/68c8d402d2af0ef8_w10.png,68c8d402d2af0ef8,10,Lab,Void
train/pd/68c8d402d2af0ef8_w15.png,68c8d402d2af0ef8,15,Lab,Void
train/pd/68c8d402d2af0ef8_w21.png,68c8d402d2af0ef8,21,Lab,Void
train/pd/68c8d402d2af0ef8_w22.png,68c8d402d2af0ef8,22,Lab,Void
train/pd/68c8d402d2af0ef8_w25.png,68c8d402d2af0ef8,25,Lab,Void
train/pd/68c8d402d2af0ef8_w26.png,68c8d402d2af0ef8,26,Lab,Void
train/pd/68e8c5eb8c85e4c3_w00.png,68e8c5eb8c85e4c3,0,Lab,Void
train/pd/68e8c5eb8c85e4c3_w04.png,68e8c5eb8c85e4c3,4,Lab,Void
train/pd/68e8c5eb8c85e4c3_w05.png,68e8c5eb8c85e4c3,5,Lab,Void
train/pd/68e8c5eb8c85e4c3_w06.png,68e8c5eb8c85e4c3,6,Lab,Void
train/pd/68e8c5eb8c85e4c3_w13.png,68e8c5eb8c85e4c3,13,Lab,Void
train/pd/68e8c5eb8c85e4c3_w17.png,68e8c5eb8c85e4c3,17,Lab,Void
train/pd/68e8c5eb8c85e4c3_w22.png,68e8c5eb8c85e4c3,22,Lab,Void
train/pd/68e8c5eb8c85e4c3_w24.png,68e8c5eb8c85e4c3,24,Lab,Void
train/pd/68e996d4c9cbfea4_w00.png,68e996d4c9cbfea4,0,Lab,Particle
train/pd/68e996d4c9cbfea4_w04.png,68e996d4c9cbfea4,4,Lab,Particle
train/pd/68e996d4c9cbfea4_w07.png,68e996d4c9cbfea4,7,Lab,Particle
train/pd/68e996d4c9cbfea4_w10.png,68e996d4c9cbfea4,10,Lab,Particle
train/pd/68e996d4c9cbfea4_w11.png,68e996d4c9cbfea4,11,Lab,Particle
train/pd/68e996d4c9cbfea4_w22.png,68e996d4c9cbfea4,22,Lab,Particle
train/pd/68e996d4c9cbfea4_w23.png,68e996d4c9cbfea4,23,Lab,Particle
train/pd/68e996d4c9cbfea4_w24.png,68e996d4c9cbfea4,24,Lab,Particle
train/pd/69313ba3cef87848_w02.png,69313ba3cef87848,2,Lab,Floating
train/pd/69313ba3cef87848_w05.png,69313ba3cef87848,5,Lab,Floating
train/pd/69313ba3cef87848_w07.png,69313ba3cef87848,7,Lab,Floating
train/pd/69313ba3cef87848_w08.png,69313ba3cef87848,8,Lab,Floating
train/pd/69313ba3cef87848_w09.png,69313ba3cef87848,9,Lab,Floating
train/pd/69313ba3cef87848_w16.png,69313ba3cef87848,16,Lab,Floating
train/pd/69313ba3cef87848_w17.png,69313ba3cef87848,17,Lab,Floating
train/pd/69313ba3cef87848_w26.png,69313ba3cef87848,26,Lab,Floating
train/pd/694342eb147c3bf9_w05.png,694342eb147c3bf9,5,Lab,Void
train/pd/694342eb147c3bf9_w06.png,694342eb147c3bf9,6,Lab,Void
train/pd/694342eb147c3bf9_w09.png,694342eb147c3bf9,9,Lab,Void
train/pd/694342eb147c3bf9_w11.png,694342eb147c3bf9,11,Lab,Void
train/pd/694342eb147c3bf9_w12.png,694342eb147c3bf9,12,Lab,Void
train/pd/694342eb147c3bf9_w13.png,694342eb147c3bf9,13,Lab,Void
train/pd/694342eb147c3bf9_w18.png,694342eb147c3bf9,18,Lab,Void
train/pd/694342eb147c3bf9_w24.png,694342eb147c3bf9,24,Lab,Void
train/pd/694b37f1d0f42df7_w02.png,694b37f1d0f42df7,2,Field,Void
train/pd/694b37f1d0f42df7_w04.png,694b37f1d0f42df7,4,Field,Void
train/pd/694b37f1d0f42df7_w09.png,694b37f1d0f42df7,9,Field,Void
train/pd/694b37f1d0f42df7_w13.png,694b37f1d0f42df7,13,Field,Void
train/pd/694b37f1d0f42df7_w18.png,694b37f1d0f42df7,18,Field,Void
train/pd/694b37f1d0f42df7_w20.png,694b37f1d0f42df7,20,Field,Void
train/pd/694b37f1d0f42df7_w21.png,694b37f1d0f42df7,21,Field,Void
train/pd/694b37f1d0f42df7_w23.png,694b37f1d0f42df7,23,Field,Void
train/pd/695cb79c1af21c11_w05.png,695cb79c1af21c11,5,Lab,Corona
train/pd/695cb79c1af21c11_w07.png,695cb79c1af21c11,7,Lab,Corona
train/pd/695cb79c1af21c11_w10.png,695cb79c1af21c11,10,Lab,Corona
train/pd/695cb79c1af21c11_w12.png,695cb79c1af21c11,12,Lab,Corona
train/pd/695cb79c1af21c11_w15.png,695cb79c1af21c11,15,Lab,Corona
train/pd/695cb79c1af21c11_w16.png,695cb79c1af21c11,16,Lab,Corona
train/pd/695cb79c1af21c11_w23.png,695cb79c1af21c11,23,Lab,Corona
train/pd/695cb79c1af21c11_w27.png,695cb79c1af21c11,27,Lab,Corona
train/pd/69b51196d385c803_w00.png,69b51196d385c803,0,Field,Floating
train/pd/69b51196d385c803_w01.png,69b51196d385c803,1,Field,Floating
train/pd/69b51196d385c803_w07.png,69b51196d385c803,7,Field,Floating
train/pd/69b51196d385c803_w09.png,69b51196d385c803,9,Field,Floating
train/pd/69b51196d385c803_w12.png,69b51196d385c803,12,Field,Floating
train/pd/69b51196d385c803_w13.png,69b51196d385c803,13,Field,Floating
train/pd/69b51196d385c803_w15.png,69b51196d385c803,15,Field,Floating
train/pd/69b51196d385c803_w24.png,69b51196d385c803,24,Field,Floating
train/pd/69d9417cf23fca4d_w01.png,69d9417cf23fca4d,1,Field,Corona
train/pd/69d9417cf23fca4d_w04.png,69d9417cf23fca4d,4,Field,Corona
train/pd/69d9417cf23fca4d_w06.png,69d9417cf23fca4d,6,Field,Corona
train/pd/69d9417cf23fca4d_w08.png,69d9417cf23fca4d,8,Field,Corona
train/pd/69d9417cf23fca4d_w09.png,69d9417cf23fca4d,9,Field,Corona
train/pd/69d9417cf23fca4d_w16.png,69d9417cf23fca4d,16,Field,Corona
train/pd/69d9417cf23fca4d_w18.png,69d9417cf23fca4d,18,Field,Corona
train/pd/69d9417cf23fca4d_w22.png,69d9417cf23fca4d,22,Field,Corona
train/pd/69e996002e3691d4_w03.png,69e996002e3691d4,3,Lab,Corona
train/pd/69e996002e3691d4_w06.png,69e996002e3691d4,6,Lab,Corona
train/pd/69e996002e3691d4_w07.png,69e996002e3691d4,7,Lab,Corona
train/pd/69e996002e3691d4_w15.png,69e996002e3691d4,15,Lab,Corona
train/pd/69e996002e3691d4_w23.png,69e996002e3691d4,23,Lab,Corona
train/pd/69e996002e3691d4_w25.png,69e996002e3691d4,25,Lab,Corona
train/pd/69e996002e3691d4_w26.png,69e996002e3691d4,26,Lab,Corona
train/pd/69e996002e3691d4_w27.png,69e996002e3691d4,27,Lab,Corona
train/pd/6a07f8b8efaf93e6_w04.png,6a07f8b8efaf93e6,4,Lab,Void
train/pd/6a07f8b8efaf93e6_w05.png,6a07f8b8efaf93e6,5,Lab,Void
train/pd/6a07f8b8efaf93e6_w14.png,6a07f8b8efaf93e6,14,Lab,Void
train/pd/6a07f8b8efaf93e6_w15.png,6a07f8b8efaf93e6,15,Lab,Void
train/pd/6a07f8b8efaf93e6_w19.png,6a07f8b8efaf93e6,19,Lab,Void
train/pd/6a07f8b8efaf93e6_w21.png,6a07f8b8efaf93e6,21,Lab,Void
train/pd/6a07f8b8efaf93e6_w23.png,6a07f8b8efaf93e6,23,Lab,Void
train/pd/6a07f8b8efaf93e6_w27.png,6a07f8b8efaf93e6,27,Lab,Void
train/pd/6a24830979bbd972_w00.png,6a24830979bbd972,0,Lab,Void
train/pd/6a24830979bbd972_w03.png,6a24830979bbd972,3,Lab,Void
train/pd/6a24830979bbd972_w07.png,6a24830979bbd972,7,Lab,Void
train/pd/6a24830979bbd972_w08.png,6a24830979bbd972,8,Lab,Void
train/pd/6a24830979bbd972_w10.png,6a24830979bbd972,10,Lab,Void
train/pd/6a24830979bbd972_w19.png,6a24830979bbd972,19,Lab,Void
train/pd/6a24830979bbd972_w20.png,6a24830979bbd972,20,Lab,Void
train/pd/6a24830979bbd972_w27.png,6a24830979bbd972,27,Lab,Void
train/pd/6a2e164fd07191a6_w08.png,6a2e164fd07191a6,8,Lab,Particle
train/pd/6a2e164fd07191a6_w09.png,6a2e164fd07191a6,9,Lab,Particle
train/pd/6a2e164fd07191a6_w12.png,6a2e164fd07191a6,12,Lab,Particle
train/pd/6a2e164fd07191a6_w14.png,6a2e164fd07191a6,14,Lab,Particle
train/pd/6a2e164fd07191a6_w15.png,6a2e164fd07191a6,15,Lab,Particle
train/pd/6a2e164fd07191a6_w20.png,6a2e164fd07191a6,20,Lab,Particle
train/pd/6a2e164fd07191a6_w23.png,6a2e164fd07191a6,23,Lab,Particle
train/pd/6a2e164fd07191a6_w25.png,6a2e164fd07191a6,25,Lab,Particle
train/pd/6a4f1239a312f3b6_w06.png,6a4f1239a312f3b6,6,Lab,Particle
train/pd/6a4f1239a312f3b6_w10.png,6a4f1239a312f3b6,10,Lab,Particle
train/pd/6a4f1239a312f3b6_w11.png,6a4f1239a312f3b6,11,Lab,Particle
train/pd/6a4f1239a312f3b6_w12.png,6a4f1239a312f3b6,12,Lab,Particle
train/pd/6a4f1239a312f3b6_w15.png,6a4f1239a312f3b6,15,Lab,Particle
train/pd/6a4f1239a312f3b6_w17.png,6a4f1239a312f3b6,17,Lab,Particle
train/pd/6a4f1239a312f3b6_w22.png,6a4f1239a312f3b6,22,Lab,Particle
train/pd/6a4f1239a312f3b6_w26.png,6a4f1239a312f3b6,26,Lab,Particle
train/pd/6a678b481534159f_w00.png,6a678b481534159f,0,Lab,Void
train/pd/6a678b481534159f_w04.png,6a678b481534159f,4,Lab,Void
train/pd/6a678b481534159f_w05.png,6a678b481534159f,5,Lab,Void
train/pd/6a678b481534159f_w10.png,6a678b481534159f,10,Lab,Void
train/pd/6a678b481534159f_w13.png,6a678b481534159f,13,Lab,Void
train/pd/6a678b481534159f_w15.png,6a678b481534159f,15,Lab,Void
train/pd/6a678b481534159f_w16.png,6a678b481534159f,16,Lab,Void
train/pd/6a678b481534159f_w21.png,6a678b481534159f,21,Lab,Void
train/pd/6a6c58179580f64c_w01.png,6a6c58179580f64c,1,Field,Void
train/pd/6a6c58179580f64c_w09.png,6a6c58179580f64c,9,Field,Void
train/pd/6a6c58179580f64c_w11.png,6a6c58179580f64c,11,Field,Void
train/pd/6a6c58179580f64c_w12.png,6a6c58179580f64c,12,Field,Void
train/pd/6a6c58179580f64c_w13.png,6a6c58179580f64c,13,Field,Void
train/pd/6a6c58179580f64c_w15.png,6a6c58179580f64c,15,Field,Void
train/pd/6a6c58179580f64c_w18.png,6a6c58179580f64c,18,Field,Void
train/pd/6a6c58179580f64c_w20.png,6a6c58179580f64c,20,Field,Void
train/pd/6a8ec88665bccb82_w01.png,6a8ec88665bccb82,1,Lab,Floating
train/pd/6a8ec88665bccb82_w07.png,6a8ec88665bccb82,7,Lab,Floating
train/pd/6a8ec88665bccb82_w10.png,6a8ec88665bccb82,10,Lab,Floating
train/pd/6a8ec88665bccb82_w12.png,6a8ec88665bccb82,12,Lab,Floating
train/pd/6a8ec88665bccb82_w17.png,6a8ec88665bccb82,17,Lab,Floating
train/pd/6a8ec88665bccb82_w18.png,6a8ec88665bccb82,18,Lab,Floating
train/pd/6a8ec88665bccb82_w19.png,6a8ec88665bccb82,19,Lab,Floating
train/pd/6a8ec88665bccb82_w24.png,6a8ec88665bccb82,24,Lab,Floating
train/pd/6b356a7e9471f828_w01.png,6b356a7e9471f828,1,Lab,Void
train/pd/6b356a7e9471f828_w07.png,6b356a7e9471f828,7,Lab,Void
train/pd/6b356a7e9471f828_w11.png,6b356a7e9471f828,11,Lab,Void
train/pd/6b356a7e9471f828_w13.png,6b356a7e9471f828,13,Lab,Void
train/pd/6b356a7e9471f828_w16.png,6b356a7e9471f828,16,Lab,Void
train/pd/6b356a7e9471f828_w17.png,6b356a7e9471f828,17,Lab,Void
train/pd/6b356a7e9471f828_w21.png,6b356a7e9471f828,21,Lab,Void
train/pd/6b356a7e9471f828_w23.png,6b356a7e9471f828,23,Lab,Void
train/pd/6b64a9caf0dbec0b_w01.png,6b64a9caf0dbec0b,1,Lab,Void
train/pd/6b64a9caf0dbec0b_w02.png,6b64a9caf0dbec0b,2,Lab,Void
train/pd/6b64a9caf0dbec0b_w07.png,6b64a9caf0dbec0b,7,Lab,Void
train/pd/6b64a9caf0dbec0b_w13.png,6b64a9caf0dbec0b,13,Lab,Void
train/pd/6b64a9caf0dbec0b_w15.png,6b64a9caf0dbec0b,15,Lab,Void
train/pd/6b64a9caf0dbec0b_w17.png,6b64a9caf0dbec0b,17,Lab,Void
train/pd/6b64a9caf0dbec0b_w18.png,6b64a9caf0dbec0b,18,Lab,Void
train/pd/6b64a9caf0dbec0b_w19.png,6b64a9caf0dbec0b,19,Lab,Void
train/pd/6b8561aba7fa4f5a_w01.png,6b8561aba7fa4f5a,1,Lab,Corona
train/pd/6b8561aba7fa4f5a_w02.png,6b8561aba7fa4f5a,2,Lab,Corona
train/pd/6b8561aba7fa4f5a_w03.png,6b8561aba7fa4f5a,3,Lab,Corona
train/pd/6b8561aba7fa4f5a_w08.png,6b8561aba7fa4f5a,8,Lab,Corona
train/pd/6b8561aba7fa4f5a_w10.png,6b8561aba7fa4f5a,10,Lab,Corona
train/pd/6b8561aba7fa4f5a_w14.png,6b8561aba7fa4f5a,14,Lab,Corona
train/pd/6b8561aba7fa4f5a_w18.png,6b8561aba7fa4f5a,18,Lab,Corona
train/pd/6b8561aba7fa4f5a_w20.png,6b8561aba7fa4f5a,20,Lab,Corona
train/pd/6bb519f4dc5835c1_w01.png,6bb519f4dc5835c1,1,Lab,Corona
train/pd/6bb519f4dc5835c1_w02.png,6bb519f4dc5835c1,2,Lab,Corona
train/pd/6bb519f4dc5835c1_w03.png,6bb519f4dc5835c1,3,Lab,Corona
train/pd/6bb519f4dc5835c1_w08.png,6bb519f4dc5835c1,8,Lab,Corona
train/pd/6bb519f4dc5835c1_w10.png,6bb519f4dc5835c1,10,Lab,Corona
train/pd/6bb519f4dc5835c1_w15.png,6bb519f4dc5835c1,15,Lab,Corona
train/pd/6bb519f4dc5835c1_w19.png,6bb519f4dc5835c1,19,Lab,Corona
train/pd/6bb519f4dc5835c1_w20.png,6bb519f4dc5835c1,20,Lab,Corona
train/pd/6bf611bd32c49904_w01.png,6bf611bd32c49904,1,Lab,Particle
train/pd/6bf611bd32c49904_w03.png,6bf611bd32c49904,3,Lab,Particle
train/pd/6bf611bd32c49904_w04.png,6bf611bd32c49904,4,Lab,Particle
train/pd/6bf611bd32c49904_w06.png,6bf611bd32c49904,6,Lab,Particle
train/pd/6bf611bd32c49904_w09.png,6bf611bd32c49904,9,Lab,Particle
train/pd/6bf611bd32c49904_w21.png,6bf611bd32c49904,21,Lab,Particle
train/pd/6bf611bd32c49904_w23.png,6bf611bd32c49904,23,Lab,Particle
train/pd/6bf611bd32c49904_w25.png,6bf611bd32c49904,25,Lab,Particle
train/pd/6c0dfcb73b6604f2_w03.png,6c0dfcb73b6604f2,3,Lab,Particle
train/pd/6c0dfcb73b6604f2_w04.png,6c0dfcb73b6604f2,4,Lab,Particle
train/pd/6c0dfcb73b6604f2_w16.png,6c0dfcb73b6604f2,16,Lab,Particle
train/pd/6c0dfcb73b6604f2_w19.png,6c0dfcb73b6604f2,19,Lab,Particle
train/pd/6c0dfcb73b6604f2_w20.png,6c0dfcb73b6604f2,20,Lab,Particle
train/pd/6c0dfcb73b6604f2_w21.png,6c0dfcb73b6604f2,21,Lab,Particle
train/pd/6c0dfcb73b6604f2_w25.png,6c0dfcb73b6604f2,25,Lab,Particle
train/pd/6c0dfcb73b6604f2_w26.png,6c0dfcb73b6604f2,26,Lab,Particle
train/pd/6c6c8f95bc9daeaa_w01.png,6c6c8f95bc9daeaa,1,Lab,Floating
train/pd/6c6c8f95bc9daeaa_w02.png,6c6c8f95bc9daeaa,2,Lab,Floating
train/pd/6c6c8f95bc9daeaa_w05.png,6c6c8f95bc9daeaa,5,Lab,Floating
train/pd/6c6c8f95bc9daeaa_w11.png,6c6c8f95bc9daeaa,11,Lab,Floating
train/pd/6c6c8f95bc9daeaa_w18.png,6c6c8f95bc9daeaa,18,Lab,Floating
train/pd/6c6c8f95bc9daeaa_w22.png,6c6c8f95bc9daeaa,22,Lab,Floating
train/pd/6c6c8f95bc9daeaa_w25.png,6c6c8f95bc9daeaa,25,Lab,Floating
train/pd/6c6c8f95bc9daeaa_w26.png,6c6c8f95bc9daeaa,26,Lab,Floating
train/pd/6c8fa603c5f72f4b_w09.png,6c8fa603c5f72f4b,9,Lab,Void
train/pd/6c8fa603c5f72f4b_w13.png,6c8fa603c5f72f4b,13,Lab,Void
train/pd/6c8fa603c5f72f4b_w15.png,6c8fa603c5f72f4b,15,Lab,Void
train/pd/6c8fa603c5f72f4b_w17.png,6c8fa603c5f72f4b,17,Lab,Void
train/pd/6c8fa603c5f72f4b_w20.png,6c8fa603c5f72f4b,20,Lab,Void
train/pd/6c8fa603c5f72f4b_w22.png,6c8fa603c5f72f4b,22,Lab,Void
train/pd/6c8fa603c5f72f4b_w23.png,6c8fa603c5f72f4b,23,Lab,Void
train/pd/6c8fa603c5f72f4b_w26.png,6c8fa603c5f72f4b,26,Lab,Void
train/pd/6c91dcd115802089_w06.png,6c91dcd115802089,6,Lab,Corona
train/pd/6c91dcd115802089_w09.png,6c91dcd115802089,9,Lab,Corona
train/pd/6c91dcd115802089_w12.png,6c91dcd115802089,12,Lab,Corona
train/pd/6c91dcd115802089_w14.png,6c91dcd115802089,14,Lab,Corona
train/pd/6c91dcd115802089_w17.png,6c91dcd115802089,17,Lab,Corona
train/pd/6c91dcd115802089_w21.png,6c91dcd115802089,21,Lab,Corona
train/pd/6c91dcd115802089_w23.png,6c91dcd115802089,23,Lab,Corona
train/pd/6c91dcd115802089_w24.png,6c91dcd115802089,24,Lab,Corona
train/pd/6c937cffd188cc1f_w00.png,6c937cffd188cc1f,0,Field,Void
train/pd/6c937cffd188cc1f_w01.png,6c937cffd188cc1f,1,Field,Void
train/pd/6c937cffd188cc1f_w05.png,6c937cffd188cc1f,5,Field,Void
train/pd/6c937cffd188cc1f_w16.png,6c937cffd188cc1f,16,Field,Void
train/pd/6c937cffd188cc1f_w17.png,6c937cffd188cc1f,17,Field,Void
train/pd/6c937cffd188cc1f_w21.png,6c937cffd188cc1f,21,Field,Void
train/pd/6c937cffd188cc1f_w22.png,6c937cffd188cc1f,22,Field,Void
train/pd/6c937cffd188cc1f_w26.png,6c937cffd188cc1f,26,Field,Void
train/pd/6cacb59a3fa8adb9_w00.png,6cacb59a3fa8adb9,0,Field,Void
train/pd/6cacb59a3fa8adb9_w03.png,6cacb59a3fa8adb9,3,Field,Void
train/pd/6cacb59a3fa8adb9_w04.png,6cacb59a3fa8adb9,4,Field,Void
train/pd/6cacb59a3fa8adb9_w07.png,6cacb59a3fa8adb9,7,Field,Void
train/pd/6cacb59a3fa8adb9_w11.png,6cacb59a3fa8adb9,11,Field,Void
train/pd/6cacb59a3fa8adb9_w18.png,6cacb59a3fa8adb9,18,Field,Void
train/pd/6cacb59a3fa8adb9_w19.png,6cacb59a3fa8adb9,19,Field,Void
train/pd/6cacb59a3fa8adb9_w21.png,6cacb59a3fa8adb9,21,Field,Void
train/pd/6cc3edb4f150c9a2_w01.png,6cc3edb4f150c9a2,1,Lab,Void
train/pd/6cc3edb4f150c9a2_w02.png,6cc3edb4f150c9a2,2,Lab,Void
train/pd/6cc3edb4f150c9a2_w07.png,6cc3edb4f150c9a2,7,Lab,Void
train/pd/6cc3edb4f150c9a2_w18.png,6cc3edb4f150c9a2,18,Lab,Void
train/pd/6cc3edb4f150c9a2_w20.png,6cc3edb4f150c9a2,20,Lab,Void
train/pd/6cc3edb4f150c9a2_w21.png,6cc3edb4f150c9a2,21,Lab,Void
train/pd/6cc3edb4f150c9a2_w25.png,6cc3edb4f150c9a2,25,Lab,Void
train/pd/6cc3edb4f150c9a2_w26.png,6cc3edb4f150c9a2,26,Lab,Void
train/pd/6cebb17381cc5a7f_w01.png,6cebb17381cc5a7f,1,Lab,Particle
train/pd/6cebb17381cc5a7f_w14.png,6cebb17381cc5a7f,14,Lab,Particle
train/pd/6cebb17381cc5a7f_w15.png,6cebb17381cc5a7f,15,Lab,Particle
train/pd/6cebb17381cc5a7f_w17.png,6cebb17381cc5a7f,17,Lab,Particle
train/pd/6cebb17381cc5a7f_w20.png,6cebb17381cc5a7f,20,Lab,Particle
train/pd/6cebb17381cc5a7f_w21.png,6cebb17381cc5a7f,21,Lab,Particle
train/pd/6cebb17381cc5a7f_w24.png,6cebb17381cc5a7f,24,Lab,Particle
train/pd/6cebb17381cc5a7f_w25.png,6cebb17381cc5a7f,25,Lab,Particle
train/pd/6d3ec0536610592f_w02.png,6d3ec0536610592f,2,Lab,Particle
train/pd/6d3ec0536610592f_w03.png,6d3ec0536610592f,3,Lab,Particle
train/pd/6d3ec0536610592f_w04.png,6d3ec0536610592f,4,Lab,Particle
train/pd/6d3ec0536610592f_w05.png,6d3ec0536610592f,5,Lab,Particle
train/pd/6d3ec0536610592f_w08.png,6d3ec0536610592f,8,Lab,Particle
train/pd/6d3ec0536610592f_w11.png,6d3ec0536610592f,11,Lab,Particle
train/pd/6d3ec0536610592f_w19.png,6d3ec0536610592f,19,Lab,Particle
train/pd/6d3ec0536610592f_w25.png,6d3ec0536610592f,25,Lab,Particle
train/pd/6d3fd05e30f525eb_w01.png,6d3fd05e30f525eb,1,Lab,Corona
train/pd/6d3fd05e30f525eb_w14.png,6d3fd05e30f525eb,14,Lab,Corona
train/pd/6d3fd05e30f525eb_w20.png,6d3fd05e30f525eb,20,Lab,Corona
train/pd/6d3fd05e30f525eb_w21.png,6d3fd05e30f525eb,21,Lab,Corona
train/pd/6d3fd05e30f525eb_w23.png,6d3fd05e30f525eb,23,Lab,Corona
train/pd/6d3fd05e30f525eb_w24.png,6d3fd05e30f525eb,24,Lab,Corona
train/pd/6d3fd05e30f525eb_w25.png,6d3fd05e30f525eb,25,Lab,Corona
train/pd/6d3fd05e30f525eb_w26.png,6d3fd05e30f525eb,26,Lab,Corona
train/pd/6d4baf1dbe41f199_w03.png,6d4baf1dbe41f199,3,Field,Void
train/pd/6d4baf1dbe41f199_w06.png,6d4baf1dbe41f199,6,Field,Void
train/pd/6d4baf1dbe41f199_w13.png,6d4baf1dbe41f199,13,Field,Void
train/pd/6d4baf1dbe41f199_w17.png,6d4baf1dbe41f199,17,Field,Void
train/pd/6d4baf1dbe41f199_w20.png,6d4baf1dbe41f199,20,Field,Void
train/pd/6d4baf1dbe41f199_w21.png,6d4baf1dbe41f199,21,Field,Void
train/pd/6d4baf1dbe41f199_w24.png,6d4baf1dbe41f199,24,Field,Void
train/pd/6d4baf1dbe41f199_w25.png,6d4baf1dbe41f199,25,Field,Void
train/pd/6d4cf56222c552c6_w00.png,6d4cf56222c552c6,0,Lab,Floating
train/pd/6d4cf56222c552c6_w01.png,6d4cf56222c552c6,1,Lab,Floating
train/pd/6d4cf56222c552c6_w04.png,6d4cf56222c552c6,4,Lab,Floating
train/pd/6d4cf56222c552c6_w06.png,6d4cf56222c552c6,6,Lab,Floating
train/pd/6d4cf56222c552c6_w09.png,6d4cf56222c552c6,9,Lab,Floating
train/pd/6d4cf56222c552c6_w14.png,6d4cf56222c552c6,14,Lab,Floating
train/pd/6d4cf56222c552c6_w19.png,6d4cf56222c552c6,19,Lab,Floating
train/pd/6d4cf56222c552c6_w21.png,6d4cf56222c552c6,21,Lab,Floating
train/pd/6da661c53911d0f7_w00.png,6da661c53911d0f7,0,Lab,Particle
train/pd/6da661c53911d0f7_w01.png,6da661c53911d0f7,1,Lab,Particle
train/pd/6da661c53911d0f7_w04.png,6da661c53911d0f7,4,Lab,Particle
train/pd/6da661c53911d0f7_w10.png,6da661c53911d0f7,10,Lab,Particle
train/pd/6da661c53911d0f7_w11.png,6da661c53911d0f7,11,Lab,Particle
train/pd/6da661c53911d0f7_w23.png,6da661c53911d0f7,23,Lab,Particle
train/pd/6da661c53911d0f7_w24.png,6da661c53911d0f7,24,Lab,Particle
train/pd/6da661c53911d0f7_w27.png,6da661c53911d0f7,27,Lab,Particle
train/pd/6e727dc9b756f1a6_w02.png,6e727dc9b756f1a6,2,Lab,Floating
train/pd/6e727dc9b756f1a6_w04.png,6e727dc9b756f1a6,4,Lab,Floating
train/pd/6e727dc9b756f1a6_w06.png,6e727dc9b756f1a6,6,Lab,Floating
train/pd/6e727dc9b756f1a6_w07.png,6e727dc9b756f1a6,7,Lab,Floating
train/pd/6e727dc9b756f1a6_w08.png,6e727dc9b756f1a6,8,Lab,Floating
train/pd/6e727dc9b756f1a6_w15.png,6e727dc9b756f1a6,15,Lab,Floating
train/pd/6e727dc9b756f1a6_w16.png,6e727dc9b756f1a6,16,Lab,Floating
train/pd/6e727dc9b756f1a6_w17.png,6e727dc9b756f1a6,17,Lab,Floating
train/pd/6e7c043aa521bc87_w01.png,6e7c043aa521bc87,1,Field,Void
train/pd/6e7c043aa521bc87_w05.png,6e7c043aa521bc87,5,Field,Void
train/pd/6e7c043aa521bc87_w08.png,6e7c043aa521bc87,8,Field,Void
train/pd/6e7c043aa521bc87_w09.png,6e7c043aa521bc87,9,Field,Void
train/pd/6e7c043aa521bc87_w14.png,6e7c043aa521bc87,14,Field,Void
train/pd/6e7c043aa521bc87_w19.png,6e7c043aa521bc87,19,Field,Void
train/pd/6e7c043aa521bc87_w21.png,6e7c043aa521bc87,21,Field,Void
train/pd/6e7c043aa521bc87_w26.png,6e7c043aa521bc87,26,Field,Void
train/pd/6e8a1d320fc9cdc3_w04.png,6e8a1d320fc9cdc3,4,Lab,Void
train/pd/6e8a1d320fc9cdc3_w08.png,6e8a1d320fc9cdc3,8,Lab,Void
train/pd/6e8a1d320fc9cdc3_w12.png,6e8a1d320fc9cdc3,12,Lab,Void
train/pd/6e8a1d320fc9cdc3_w14.png,6e8a1d320fc9cdc3,14,Lab,Void
train/pd/6e8a1d320fc9cdc3_w18.png,6e8a1d320fc9cdc3,18,Lab,Void
train/pd/6e8a1d320fc9cdc3_w19.png,6e8a1d320fc9cdc3,19,Lab,Void
train/pd/6e8a1d320fc9cdc3_w21.png,6e8a1d320fc9cdc3,21,Lab,Void
train/pd/6e8a1d320fc9cdc3_w26.png,6e8a1d320fc9cdc3,26,Lab,Void
train/pd/6e90c5ea939d219b_w00.png,6e90c5ea939d219b,0,Field,Void
train/pd/6e90c5ea939d219b_w07.png,6e90c5ea939d219b,7,Field,Void
train/pd/6e90c5ea939d219b_w09.png,6e90c5ea939d219b,9,Field,Void
train/pd/6e90c5ea939d219b_w14.png,6e90c5ea939d219b,14,Field,Void
train/pd/6e90c5ea939d219b_w15.png,6e90c5ea939d219b,15,Field,Void
train/pd/6e90c5ea939d219b_w16.png,6e90c5ea939d219b,16,Field,Void
train/pd/6e90c5ea939d219b_w20.png,6e90c5ea939d219b,20,Field,Void
train/pd/6e90c5ea939d219b_w24.png,6e90c5ea939d219b,24,Field,Void
train/pd/6e9ac5ec57f28cfa_w02.png,6e9ac5ec57f28cfa,2,Lab,Floating
train/pd/6e9ac5ec57f28cfa_w06.png,6e9ac5ec57f28cfa,6,Lab,Floating
train/pd/6e9ac5ec57f28cfa_w09.png,6e9ac5ec57f28cfa,9,Lab,Floating
train/pd/6e9ac5ec57f28cfa_w12.png,6e9ac5ec57f28cfa,12,Lab,Floating
train/pd/6e9ac5ec57f28cfa_w19.png,6e9ac5ec57f28cfa,19,Lab,Floating
train/pd/6e9ac5ec57f28cfa_w22.png,6e9ac5ec57f28cfa,22,Lab,Floating
train/pd/6e9ac5ec57f28cfa_w25.png,6e9ac5ec57f28cfa,25,Lab,Floating
train/pd/6e9ac5ec57f28cfa_w26.png,6e9ac5ec57f28cfa,26,Lab,Floating
train/pd/6f096909ee2dbf1a_w02.png,6f096909ee2dbf1a,2,Lab,Floating
train/pd/6f096909ee2dbf1a_w03.png,6f096909ee2dbf1a,3,Lab,Floating
train/pd/6f096909ee2dbf1a_w04.png,6f096909ee2dbf1a,4,Lab,Floating
train/pd/6f096909ee2dbf1a_w08.png,6f096909ee2dbf1a,8,Lab,Floating
train/pd/6f096909ee2dbf1a_w15.png,6f096909ee2dbf1a,15,Lab,Floating
train/pd/6f096909ee2dbf1a_w16.png,6f096909ee2dbf1a,16,Lab,Floating
train/pd/6f096909ee2dbf1a_w18.png,6f096909ee2dbf1a,18,Lab,Floating
train/pd/6f096909ee2dbf1a_w27.png,6f096909ee2dbf1a,27,Lab,Floating
train/pd/6f36ae5daecc0d4f_w09.png,6f36ae5daecc0d4f,9,Field,Void
train/pd/6f36ae5daecc0d4f_w11.png,6f36ae5daecc0d4f,11,Field,Void
train/pd/6f36ae5daecc0d4f_w13.png,6f36ae5daecc0d4f,13,Field,Void
train/pd/6f36ae5daecc0d4f_w15.png,6f36ae5daecc0d4f,15,Field,Void
train/pd/6f36ae5daecc0d4f_w19.png,6f36ae5daecc0d4f,19,Field,Void
train/pd/6f36ae5daecc0d4f_w22.png,6f36ae5daecc0d4f,22,Field,Void
train/pd/6f36ae5daecc0d4f_w23.png,6f36ae5daecc0d4f,23,Field,Void
train/pd/6f36ae5daecc0d4f_w26.png,6f36ae5daecc0d4f,26,Field,Void
train/pd/6f56ff3a4497be8f_w01.png,6f56ff3a4497be8f,1,Lab,Particle
train/pd/6f56ff3a4497be8f_w07.png,6f56ff3a4497be8f,7,Lab,Particle
train/pd/6f56ff3a4497be8f_w09.png,6f56ff3a4497be8f,9,Lab,Particle
train/pd/6f56ff3a4497be8f_w15.png,6f56ff3a4497be8f,15,Lab,Particle
train/pd/6f56ff3a4497be8f_w16.png,6f56ff3a4497be8f,16,Lab,Particle
train/pd/6f56ff3a4497be8f_w19.png,6f56ff3a4497be8f,19,Lab,Particle
train/pd/6f56ff3a4497be8f_w20.png,6f56ff3a4497be8f,20,Lab,Particle
train/pd/6f56ff3a4497be8f_w21.png,6f56ff3a4497be8f,21,Lab,Particle
train/pd/6f974ac0e4cf30b1_w06.png,6f974ac0e4cf30b1,6,Lab,Floating
train/pd/6f974ac0e4cf30b1_w11.png,6f974ac0e4cf30b1,11,Lab,Floating
train/pd/6f974ac0e4cf30b1_w13.png,6f974ac0e4cf30b1,13,Lab,Floating
train/pd/6f974ac0e4cf30b1_w14.png,6f974ac0e4cf30b1,14,Lab,Floating
train/pd/6f974ac0e4cf30b1_w15.png,6f974ac0e4cf30b1,15,Lab,Floating
train/pd/6f974ac0e4cf30b1_w16.png,6f974ac0e4cf30b1,16,Lab,Floating
train/pd/6f974ac0e4cf30b1_w21.png,6f974ac0e4cf30b1,21,Lab,Floating
train/pd/6f974ac0e4cf30b1_w23.png,6f974ac0e4cf30b1,23,Lab,Floating
train/pd/6fb2e581b3afeb41_w03.png,6fb2e581b3afeb41,3,Field,Floating
train/pd/6fb2e581b3afeb41_w04.png,6fb2e581b3afeb41,4,Field,Floating
train/pd/6fb2e581b3afeb41_w06.png,6fb2e581b3afeb41,6,Field,Floating
train/pd/6fb2e581b3afeb41_w10.png,6fb2e581b3afeb41,10,Field,Floating
train/pd/6fb2e581b3afeb41_w11.png,6fb2e581b3afeb41,11,Field,Floating
train/pd/6fb2e581b3afeb41_w15.png,6fb2e581b3afeb41,15,Field,Floating
train/pd/6fb2e581b3afeb41_w18.png,6fb2e581b3afeb41,18,Field,Floating
train/pd/6fb2e581b3afeb41_w20.png,6fb2e581b3afeb41,20,Field,Floating
train/pd/6fbe6d583ab20836_w05.png,6fbe6d583ab20836,5,Field,Corona
train/pd/6fbe6d583ab20836_w07.png,6fbe6d583ab20836,7,Field,Corona
train/pd/6fbe6d583ab20836_w10.png,6fbe6d583ab20836,10,Field,Corona
train/pd/6fbe6d583ab20836_w12.png,6fbe6d583ab20836,12,Field,Corona
train/pd/6fbe6d583ab20836_w18.png,6fbe6d583ab20836,18,Field,Corona
train/pd/6fbe6d583ab20836_w19.png,6fbe6d583ab20836,19,Field,Corona
train/pd/6fbe6d583ab20836_w23.png,6fbe6d583ab20836,23,Field,Corona
train/pd/6fbe6d583ab20836_w24.png,6fbe6d583ab20836,24,Field,Corona
train/pd/6fe76db4b809e66e_w02.png,6fe76db4b809e66e,2,Lab,Floating
train/pd/6fe76db4b809e66e_w04.png,6fe76db4b809e66e,4,Lab,Floating
train/pd/6fe76db4b809e66e_w13.png,6fe76db4b809e66e,13,Lab,Floating
train/pd/6fe76db4b809e66e_w20.png,6fe76db4b809e66e,20,Lab,Floating
train/pd/6fe76db4b809e66e_w22.png,6fe76db4b809e66e,22,Lab,Floating
train/pd/6fe76db4b809e66e_w23.png,6fe76db4b809e66e,23,Lab,Floating
train/pd/6fe76db4b809e66e_w26.png,6fe76db4b809e66e,26,Lab,Floating
train/pd/6fe76db4b809e66e_w27.png,6fe76db4b809e66e,27,Lab,Floating
train/pd/70044ade1f5d47e7_w02.png,70044ade1f5d47e7,2,Lab,Void
train/pd/70044ade1f5d47e7_w03.png,70044ade1f5d47e7,3,Lab,Void
train/pd/70044ade1f5d47e7_w05.png,70044ade1f5d47e7,5,Lab,Void
train/pd/70044ade1f5d47e7_w11.png,70044ade1f5d47e7,11,Lab,Void
train/pd/70044ade1f5d47e7_w13.png,70044ade1f5d47e7,13,Lab,Void
train/pd/70044ade1f5d47e7_w14.png,70044ade1f5d47e7,14,Lab,Void
train/pd/70044ade1f5d47e7_w19.png,70044ade1f5d47e7,19,Lab,Void
train/pd/70044ade1f5d47e7_w24.png,70044ade1f5d47e7,24,Lab,Void
train/pd/700fcd501bf07a58_w00.png,700fcd501bf07a58,0,Lab,Floating
train/pd/700fcd501bf07a58_w02.png,700fcd501bf07a58,2,Lab,Floating
train/pd/700fcd501bf07a58_w07.png,700fcd501bf07a58,7,Lab,Floating
train/pd/700fcd501bf07a58_w14.png,700fcd501bf07a58,14,Lab,Floating
train/pd/700fcd501bf07a58_w19.png,700fcd501bf07a58,19,Lab,Floating
train/pd/700fcd501bf07a58_w20.png,700fcd501bf07a58,20,Lab,Floating
train/pd/700fcd501bf07a58_w21.png,700fcd501bf07a58,21,Lab,Floating
train/pd/700fcd501bf07a58_w25.png,700fcd501bf07a58,25,Lab,Floating
train/pd/703b9c9ac28cbeda_w06.png,703b9c9ac28cbeda,6,Lab,Void
train/pd/703b9c9ac28cbeda_w09.png,703b9c9ac28cbeda,9,Lab,Void
train/pd/703b9c9ac28cbeda_w10.png,703b9c9ac28cbeda,10,Lab,Void
train/pd/703b9c9ac28cbeda_w12.png,703b9c9ac28cbeda,12,Lab,Void
train/pd/703b9c9ac28cbeda_w15.png,703b9c9ac28cbeda,15,Lab,Void
train/pd/703b9c9ac28cbeda_w16.png,703b9c9ac28cbeda,16,Lab,Void
train/pd/703b9c9ac28cbeda_w22.png,703b9c9ac28cbeda,22,Lab,Void
train/pd/703b9c9ac28cbeda_w25.png,703b9c9ac28cbeda,25,Lab,Void
train/pd/70570bd18a2236a3_w03.png,70570bd18a2236a3,3,Lab,Floating
train/pd/70570bd18a2236a3_w07.png,70570bd18a2236a3,7,Lab,Floating
train/pd/70570bd18a2236a3_w08.png,70570bd18a2236a3,8,Lab,Floating
train/pd/70570bd18a2236a3_w11.png,70570bd18a2236a3,11,Lab,Floating
train/pd/70570bd18a2236a3_w12.png,70570bd18a2236a3,12,Lab,Floating
train/pd/70570bd18a2236a3_w18.png,70570bd18a2236a3,18,Lab,Floating
train/pd/70570bd18a2236a3_w19.png,70570bd18a2236a3,19,Lab,Floating
train/pd/70570bd18a2236a3_w27.png,70570bd18a2236a3,27,Lab,Floating
train/pd/705a975c1b33dc2b_w01.png,705a975c1b33dc2b,1,Field,Floating
train/pd/705a975c1b33dc2b_w02.png,705a975c1b33dc2b,2,Field,Floating
train/pd/705a975c1b33dc2b_w03.png,705a975c1b33dc2b,3,Field,Floating
train/pd/705a975c1b33dc2b_w04.png,705a975c1b33dc2b,4,Field,Floating
train/pd/705a975c1b33dc2b_w10.png,705a975c1b33dc2b,10,Field,Floating
train/pd/705a975c1b33dc2b_w12.png,705a975c1b33dc2b,12,Field,Floating
train/pd/705a975c1b33dc2b_w15.png,705a975c1b33dc2b,15,Field,Floating
train/pd/705a975c1b33dc2b_w25.png,705a975c1b33dc2b,25,Field,Floating
train/pd/706ac2f745be8ec2_w04.png,706ac2f745be8ec2,4,Lab,Void
train/pd/706ac2f745be8ec2_w05.png,706ac2f745be8ec2,5,Lab,Void
train/pd/706ac2f745be8ec2_w06.png,706ac2f745be8ec2,6,Lab,Void
train/pd/706ac2f745be8ec2_w12.png,706ac2f745be8ec2,12,Lab,Void
train/pd/706ac2f745be8ec2_w19.png,706ac2f745be8ec2,19,Lab,Void
train/pd/706ac2f745be8ec2_w20.png,706ac2f745be8ec2,20,Lab,Void
train/pd/706ac2f745be8ec2_w22.png,706ac2f745be8ec2,22,Lab,Void
train/pd/706ac2f745be8ec2_w26.png,706ac2f745be8ec2,26,Lab,Void
train/pd/708b5b18732cb766_w02.png,708b5b18732cb766,2,Lab,Particle
train/pd/708b5b18732cb766_w03.png,708b5b18732cb766,3,Lab,Particle
train/pd/708b5b18732cb766_w16.png,708b5b18732cb766,16,Lab,Particle
train/pd/708b5b18732cb766_w19.png,708b5b18732cb766,19,Lab,Particle
train/pd/708b5b18732cb766_w23.png,708b5b18732cb766,23,Lab,Particle
train/pd/708b5b18732cb766_w25.png,708b5b18732cb766,25,Lab,Particle
train/pd/708b5b18732cb766_w26.png,708b5b18732cb766,26,Lab,Particle
train/pd/708b5b18732cb766_w27.png,708b5b18732cb766,27,Lab,Particle
train/pd/709d769d7e357359_w02.png,709d769d7e357359,2,Lab,Floating
train/pd/709d769d7e357359_w03.png,709d769d7e357359,3,Lab,Floating
train/pd/709d769d7e357359_w06.png,709d769d7e357359,6,Lab,Floating
train/pd/709d769d7e357359_w12.png,709d769d7e357359,12,Lab,Floating
train/pd/709d769d7e357359_w14.png,709d769d7e357359,14,Lab,Floating
train/pd/709d769d7e357359_w17.png,709d769d7e357359,17,Lab,Floating
train/pd/709d769d7e357359_w21.png,709d769d7e357359,21,Lab,Floating
train/pd/709d769d7e357359_w27.png,709d769d7e357359,27,Lab,Floating
train/pd/70d04df5befb841c_w02.png,70d04df5befb841c,2,Field,Void
train/pd/70d04df5befb841c_w06.png,70d04df5befb841c,6,Field,Void
train/pd/70d04df5befb841c_w11.png,70d04df5befb841c,11,Field,Void
train/pd/70d04df5befb841c_w15.png,70d04df5befb841c,15,Field,Void
train/pd/70d04df5befb841c_w17.png,70d04df5befb841c,17,Field,Void
train/pd/70d04df5befb841c_w18.png,70d04df5befb841c,18,Field,Void
train/pd/70d04df5befb841c_w19.png,70d04df5befb841c,19,Field,Void
train/pd/70d04df5befb841c_w23.png,70d04df5befb841c,23,Field,Void
train/pd/70de5e7530220069_w02.png,70de5e7530220069,2,Lab,Floating
train/pd/70de5e7530220069_w07.png,70de5e7530220069,7,Lab,Floating
train/pd/70de5e7530220069_w13.png,70de5e7530220069,13,Lab,Floating
train/pd/70de5e7530220069_w14.png,70de5e7530220069,14,Lab,Floating
train/pd/70de5e7530220069_w15.png,70de5e7530220069,15,Lab,Floating
train/pd/70de5e7530220069_w21.png,70de5e7530220069,21,Lab,Floating
train/pd/70de5e7530220069_w24.png,70de5e7530220069,24,Lab,Floating
train/pd/70de5e7530220069_w25.png,70de5e7530220069,25,Lab,Floating
train/pd/70f7d661906a98b4_w05.png,70f7d661906a98b4,5,Lab,Void
train/pd/70f7d661906a98b4_w07.png,70f7d661906a98b4,7,Lab,Void
train/pd/70f7d661906a98b4_w12.png,70f7d661906a98b4,12,Lab,Void
train/pd/70f7d661906a98b4_w13.png,70f7d661906a98b4,13,Lab,Void
train/pd/70f7d661906a98b4_w16.png,70f7d661906a98b4,16,Lab,Void
train/pd/70f7d661906a98b4_w17.png,70f7d661906a98b4,17,Lab,Void
train/pd/70f7d661906a98b4_w19.png,70f7d661906a98b4,19,Lab,Void
train/pd/70f7d661906a98b4_w27.png,70f7d661906a98b4,27,Lab,Void
train/pd/714ef4a3948ada17_w03.png,714ef4a3948ada17,3,Field,Void
train/pd/714ef4a3948ada17_w10.png,714ef4a3948ada17,10,Field,Void
train/pd/714ef4a3948ada17_w11.png,714ef4a3948ada17,11,Field,Void
train/pd/714ef4a3948ada17_w17.png,714ef4a3948ada17,17,Field,Void
train/pd/714ef4a3948ada17_w18.png,714ef4a3948ada17,18,Field,Void
train/pd/714ef4a3948ada17_w19.png,714ef4a3948ada17,19,Field,Void
train/pd/714ef4a3948ada17_w21.png,714ef4a3948ada17,21,Field,Void
train/pd/714ef4a3948ada17_w24.png,714ef4a3948ada17,24,Field,Void
train/pd/715a4e3a6dc51d10_w00.png,715a4e3a6dc51d10,0,Lab,Floating
train/pd/715a4e3a6dc51d10_w02.png,715a4e3a6dc51d10,2,Lab,Floating
train/pd/715a4e3a6dc51d10_w05.png,715a4e3a6dc51d10,5,Lab,Floating
train/pd/715a4e3a6dc51d10_w06.png,715a4e3a6dc51d10,6,Lab,Floating
train/pd/715a4e3a6dc51d10_w13.png,715a4e3a6dc51d10,13,Lab,Floating
train/pd/715a4e3a6dc51d10_w14.png,715a4e3a6dc51d10,14,Lab,Floating
train/pd/715a4e3a6dc51d10_w24.png,715a4e3a6dc51d10,24,Lab,Floating
train/pd/715a4e3a6dc51d10_w25.png,715a4e3a6dc51d10,25,Lab,Floating
train/pd/71682be62d18f0f8_w03.png,71682be62d18f0f8,3,Field,Floating
train/pd/71682be62d18f0f8_w04.png,71682be62d18f0f8,4,Field,Floating
train/pd/71682be62d18f0f8_w10.png,71682be62d18f0f8,10,Field,Floating
train/pd/71682be62d18f0f8_w14.png,71682be62d18f0f8,14,Field,Floating
train/pd/71682be62d18f0f8_w15.png,71682be62d18f0f8,15,Field,Floating
train/pd/71682be62d18f0f8_w19.png,71682be62d18f0f8,19,Field,Floating
train/pd/71682be62d18f0f8_w22.png,71682be62d18f0f8,22,Field,Floating
train/pd/71682be62d18f0f8_w23.png,71682be62d18f0f8,23,Field,Floating
train/pd/7187dd4a9ece4f3a_w06.png,7187dd4a9ece4f3a,6,Lab,Floating
train/pd/7187dd4a9ece4f3a_w08.png,7187dd4a9ece4f3a,8,Lab,Floating
train/pd/7187dd4a9ece4f3a_w09.png,7187dd4a9ece4f3a,9,Lab,Floating
train/pd/7187dd4a9ece4f3a_w11.png,7187dd4a9ece4f3a,11,Lab,Floating
train/pd/7187dd4a9ece4f3a_w14.png,7187dd4a9ece4f3a,14,Lab,Floating
train/pd/7187dd4a9ece4f3a_w16.png,7187dd4a9ece4f3a,16,Lab,Floating
train/pd/7187dd4a9ece4f3a_w18.png,7187dd4a9ece4f3a,18,Lab,Floating
train/pd/7187dd4a9ece4f3a_w23.png,7187dd4a9ece4f3a,23,Lab,Floating
train/pd/718e061455ccb2b0_w01.png,718e061455ccb2b0,1,Lab,Void
train/pd/718e061455ccb2b0_w02.png,718e061455ccb2b0,2,Lab,Void
train/pd/718e061455ccb2b0_w04.png,718e061455ccb2b0,4,Lab,Void
train/pd/718e061455ccb2b0_w11.png,718e061455ccb2b0,11,Lab,Void
train/pd/718e061455ccb2b0_w13.png,718e061455ccb2b0,13,Lab,Void
train/pd/718e061455ccb2b0_w14.png,718e061455ccb2b0,14,Lab,Void
train/pd/718e061455ccb2b0_w18.png,718e061455ccb2b0,18,Lab,Void
train/pd/718e061455ccb2b0_w27.png,718e061455ccb2b0,27,Lab,Void
train/pd/71b5c442b04d55d2_w02.png,71b5c442b04d55d2,2,Field,Corona
train/pd/71b5c442b04d55d2_w03.png,71b5c442b04d55d2,3,Field,Corona
train/pd/71b5c442b04d55d2_w05.png,71b5c442b04d55d2,5,Field,Corona
train/pd/71b5c442b04d55d2_w06.png,71b5c442b04d55d2,6,Field,Corona
train/pd/71b5c442b04d55d2_w07.png,71b5c442b04d55d2,7,Field,Corona
train/pd/71b5c442b04d55d2_w10.png,71b5c442b04d55d2,10,Field,Corona
train/pd/71b5c442b04d55d2_w17.png,71b5c442b04d55d2,17,Field,Corona
train/pd/71b5c442b04d55d2_w23.png,71b5c442b04d55d2,23,Field,Corona
train/pd/71be94e25610c0a3_w01.png,71be94e25610c0a3,1,Field,Void
train/pd/71be94e25610c0a3_w06.png,71be94e25610c0a3,6,Field,Void
train/pd/71be94e25610c0a3_w08.png,71be94e25610c0a3,8,Field,Void
train/pd/71be94e25610c0a3_w12.png,71be94e25610c0a3,12,Field,Void
train/pd/71be94e25610c0a3_w13.png,71be94e25610c0a3,13,Field,Void
train/pd/71be94e25610c0a3_w18.png,71be94e25610c0a3,18,Field,Void
train/pd/71be94e25610c0a3_w22.png,71be94e25610c0a3,22,Field,Void
train/pd/71be94e25610c0a3_w27.png,71be94e25610c0a3,27,Field,Void
train/pd/71bebb37c642fbc1_w00.png,71bebb37c642fbc1,0,Field,Void
train/pd/71bebb37c642fbc1_w03.png,71bebb37c642fbc1,3,Field,Void
train/pd/71bebb37c642fbc1_w07.png,71bebb37c642fbc1,7,Field,Void
train/pd/71bebb37c642fbc1_w13.png,71bebb37c642fbc1,13,Field,Void
train/pd/71bebb37c642fbc1_w16.png,71bebb37c642fbc1,16,Field,Void
train/pd/71bebb37c642fbc1_w18.png,71bebb37c642fbc1,18,Field,Void
train/pd/71bebb37c642fbc1_w23.png,71bebb37c642fbc1,23,Field,Void
train/pd/71bebb37c642fbc1_w27.png,71bebb37c642fbc1,27,Field,Void
train/pd/721cf53f7ba0ff8f_w01.png,721cf53f7ba0ff8f,1,Lab,Floating
train/pd/721cf53f7ba0ff8f_w08.png,721cf53f7ba0ff8f,8,Lab,Floating
train/pd/721cf53f7ba0ff8f_w09.png,721cf53f7ba0ff8f,9,Lab,Floating
train/pd/721cf53f7ba0ff8f_w10.png,721cf53f7ba0ff8f,10,Lab,Floating
train/pd/721cf53f7ba0ff8f_w13.png,721cf53f7ba0ff8f,13,Lab,Floating
train/pd/721cf53f7ba0ff8f_w14.png,721cf53f7ba0ff8f,14,Lab,Floating
train/pd/721cf53f7ba0ff8f_w26.png,721cf53f7ba0ff8f,26,Lab,Floating
train/pd/721cf53f7ba0ff8f_w27.png,721cf53f7ba0ff8f,27,Lab,Floating
train/pd/7269bccf11836e3d_w02.png,7269bccf11836e3d,2,Lab,Void
train/pd/7269bccf11836e3d_w10.png,7269bccf11836e3d,10,Lab,Void
train/pd/7269bccf11836e3d_w14.png,7269bccf11836e3d,14,Lab,Void
train/pd/7269bccf11836e3d_w20.png,7269bccf11836e3d,20,Lab,Void
train/pd/7269bccf11836e3d_w21.png,7269bccf11836e3d,21,Lab,Void
train/pd/7269bccf11836e3d_w22.png,7269bccf11836e3d,22,Lab,Void
train/pd/7269bccf11836e3d_w23.png,7269bccf11836e3d,23,Lab,Void
train/pd/7269bccf11836e3d_w26.png,7269bccf11836e3d,26,Lab,Void
train/pd/727471c16f047e02_w01.png,727471c16f047e02,1,Lab,Floating
train/pd/727471c16f047e02_w02.png,727471c16f047e02,2,Lab,Floating
train/pd/727471c16f047e02_w04.png,727471c16f047e02,4,Lab,Floating
train/pd/727471c16f047e02_w10.png,727471c16f047e02,10,Lab,Floating
train/pd/727471c16f047e02_w14.png,727471c16f047e02,14,Lab,Floating
train/pd/727471c16f047e02_w21.png,727471c16f047e02,21,Lab,Floating
train/pd/727471c16f047e02_w25.png,727471c16f047e02,25,Lab,Floating
train/pd/727471c16f047e02_w26.png,727471c16f047e02,26,Lab,Floating
train/pd/730c9ddfa17fcbc8_w02.png,730c9ddfa17fcbc8,2,Field,Corona
train/pd/730c9ddfa17fcbc8_w08.png,730c9ddfa17fcbc8,8,Field,Corona
train/pd/730c9ddfa17fcbc8_w10.png,730c9ddfa17fcbc8,10,Field,Corona
train/pd/730c9ddfa17fcbc8_w17.png,730c9ddfa17fcbc8,17,Field,Corona
train/pd/730c9ddfa17fcbc8_w18.png,730c9ddfa17fcbc8,18,Field,Corona
train/pd/730c9ddfa17fcbc8_w20.png,730c9ddfa17fcbc8,20,Field,Corona
train/pd/730c9ddfa17fcbc8_w21.png,730c9ddfa17fcbc8,21,Field,Corona
train/pd/730c9ddfa17fcbc8_w27.png,730c9ddfa17fcbc8,27,Field,Corona
train/pd/731076c47bb26f27_w01.png,731076c47bb26f27,1,Lab,Corona
train/pd/731076c47bb26f27_w03.png,731076c47bb26f27,3,Lab,Corona
train/pd/731076c47bb26f27_w11.png,731076c47bb26f27,11,Lab,Corona
train/pd/731076c47bb26f27_w13.png,731076c47bb26f27,13,Lab,Corona
train/pd/731076c47bb26f27_w15.png,731076c47bb26f27,15,Lab,Corona
train/pd/731076c47bb26f27_w20.png,731076c47bb26f27,20,Lab,Corona
train/pd/731076c47bb26f27_w21.png,731076c47bb26f27,21,Lab,Corona
train/pd/731076c47bb26f27_w22.png,731076c47bb26f27,22,Lab,Corona
train/pd/732cf09997ecc831_w02.png,732cf09997ecc831,2,Lab,Floating
train/pd/732cf09997ecc831_w03.png,732cf09997ecc831,3,Lab,Floating
train/pd/732cf09997ecc831_w14.png,732cf09997ecc831,14,Lab,Floating
train/pd/732cf09997ecc831_w20.png,732cf09997ecc831,20,Lab,Floating
train/pd/732cf09997ecc831_w22.png,732cf09997ecc831,22,Lab,Floating
train/pd/732cf09997ecc831_w23.png,732cf09997ecc831,23,Lab,Floating
train/pd/732cf09997ecc831_w24.png,732cf09997ecc831,24,Lab,Floating
train/pd/732cf09997ecc831_w25.png,732cf09997ecc831,25,Lab,Floating
train/pd/73b369d56a2f07c7_w00.png,73b369d56a2f07c7,0,Lab,Void
train/pd/73b369d56a2f07c7_w01.png,73b369d56a2f07c7,1,Lab,Void
train/pd/73b369d56a2f07c7_w03.png,73b369d56a2f07c7,3,Lab,Void
train/pd/73b369d56a2f07c7_w06.png,73b369d56a2f07c7,6,Lab,Void
train/pd/73b369d56a2f07c7_w07.png,73b369d56a2f07c7,7,Lab,Void
train/pd/73b369d56a2f07c7_w08.png,73b369d56a2f07c7,8,Lab,Void
train/pd/73b369d56a2f07c7_w10.png,73b369d56a2f07c7,10,Lab,Void
train/pd/73b369d56a2f07c7_w21.png,73b369d56a2f07c7,21,Lab,Void
train/pd/73be268004fe5eab_w05.png,73be268004fe5eab,5,Lab,Void
train/pd/73be268004fe5eab_w10.png,73be268004fe5eab,10,Lab,Void
train/pd/73be268004fe5eab_w12.png,73be268004fe5eab,12,Lab,Void
train/pd/73be268004fe5eab_w16.png,73be268004fe5eab,16,Lab,Void
train/pd/73be268004fe5eab_w19.png,73be268004fe5eab,19,Lab,Void
train/pd/73be268004fe5eab_w22.png,73be268004fe5eab,22,Lab,Void
train/pd/73be268004fe5eab_w25.png,73be268004fe5eab,25,Lab,Void
train/pd/73be268004fe5eab_w27.png,73be268004fe5eab,27,Lab,Void
train/pd/73df859484b72c70_w02.png,73df859484b72c70,2,Lab,Floating
train/pd/73df859484b72c70_w07.png,73df859484b72c70,7,Lab,Floating
train/pd/73df859484b72c70_w08.png,73df859484b72c70,8,Lab,Floating
train/pd/73df859484b72c70_w09.png,73df859484b72c70,9,Lab,Floating
train/pd/73df859484b72c70_w14.png,73df859484b72c70,14,Lab,Floating
train/pd/73df859484b72c70_w19.png,73df859484b72c70,19,Lab,Floating
train/pd/73df859484b72c70_w23.png,73df859484b72c70,23,Lab,Floating
train/pd/73df859484b72c70_w26.png,73df859484b72c70,26,Lab,Floating
train/pd/73e46064f73f9c43_w00.png,73e46064f73f9c43,0,Lab,Void
train/pd/73e46064f73f9c43_w01.png,73e46064f73f9c43,1,Lab,Void
train/pd/73e46064f73f9c43_w05.png,73e46064f73f9c43,5,Lab,Void
train/pd/73e46064f73f9c43_w06.png,73e46064f73f9c43,6,Lab,Void
train/pd/73e46064f73f9c43_w09.png,73e46064f73f9c43,9,Lab,Void
train/pd/73e46064f73f9c43_w16.png,73e46064f73f9c43,16,Lab,Void
train/pd/73e46064f73f9c43_w17.png,73e46064f73f9c43,17,Lab,Void
train/pd/73e46064f73f9c43_w26.png,73e46064f73f9c43,26,Lab,Void
train/pd/73e7d5fe32f470b4_w04.png,73e7d5fe32f470b4,4,Lab,Floating
train/pd/73e7d5fe32f470b4_w07.png,73e7d5fe32f470b4,7,Lab,Floating
train/pd/73e7d5fe32f470b4_w09.png,73e7d5fe32f470b4,9,Lab,Floating
train/pd/73e7d5fe32f470b4_w11.png,73e7d5fe32f470b4,11,Lab,Floating
train/pd/73e7d5fe32f470b4_w13.png,73e7d5fe32f470b4,13,Lab,Floating
train/pd/73e7d5fe32f470b4_w15.png,73e7d5fe32f470b4,15,Lab,Floating
train/pd/73e7d5fe32f470b4_w20.png,73e7d5fe32f470b4,20,Lab,Floating
train/pd/73e7d5fe32f470b4_w24.png,73e7d5fe32f470b4,24,Lab,Floating
train/pd/740bf4c225444dc8_w00.png,740bf4c225444dc8,0,Lab,Floating
train/pd/740bf4c225444dc8_w02.png,740bf4c225444dc8,2,Lab,Floating
train/pd/740bf4c225444dc8_w03.png,740bf4c225444dc8,3,Lab,Floating
train/pd/740bf4c225444dc8_w04.png,740bf4c225444dc8,4,Lab,Floating
train/pd/740bf4c225444dc8_w06.png,740bf4c225444dc8,6,Lab,Floating
train/pd/740bf4c225444dc8_w08.png,740bf4c225444dc8,8,Lab,Floating
train/pd/740bf4c225444dc8_w14.png,740bf4c225444dc8,14,Lab,Floating
train/pd/740bf4c225444dc8_w24.png,740bf4c225444dc8,24,Lab,Floating
train/pd/742eb4d756472472_w01.png,742eb4d756472472,1,Lab,Void
train/pd/742eb4d756472472_w02.png,742eb4d756472472,2,Lab,Void
train/pd/742eb4d756472472_w09.png,742eb4d756472472,9,Lab,Void
train/pd/742eb4d756472472_w11.png,742eb4d756472472,11,Lab,Void
train/pd/742eb4d756472472_w15.png,742eb4d756472472,15,Lab,Void
train/pd/742eb4d756472472_w16.png,742eb4d756472472,16,Lab,Void
train/pd/742eb4d756472472_w23.png,742eb4d756472472,23,Lab,Void
train/pd/742eb4d756472472_w24.png,742eb4d756472472,24,Lab,Void
train/pd/7438f8b5ee571fd8_w01.png,7438f8b5ee571fd8,1,Lab,Void
train/pd/7438f8b5ee571fd8_w02.png,7438f8b5ee571fd8,2,Lab,Void
train/pd/7438f8b5ee571fd8_w12.png,7438f8b5ee571fd8,12,Lab,Void
train/pd/7438f8b5ee571fd8_w14.png,7438f8b5ee571fd8,14,Lab,Void
train/pd/7438f8b5ee571fd8_w17.png,7438f8b5ee571fd8,17,Lab,Void
train/pd/7438f8b5ee571fd8_w21.png,7438f8b5ee571fd8,21,Lab,Void
train/pd/7438f8b5ee571fd8_w22.png,7438f8b5ee571fd8,22,Lab,Void
train/pd/7438f8b5ee571fd8_w27.png,7438f8b5ee571fd8,27,Lab,Void
train/pd/747dec083d671b06_w01.png,747dec083d671b06,1,Lab,Void
train/pd/747dec083d671b06_w02.png,747dec083d671b06,2,Lab,Void
train/pd/747dec083d671b06_w03.png,747dec083d671b06,3,Lab,Void
train/pd/747dec083d671b06_w14.png,747dec083d671b06,14,Lab,Void
train/pd/747dec083d671b06_w16.png,747dec083d671b06,16,Lab,Void
train/pd/747dec083d671b06_w22.png,747dec083d671b06,22,Lab,Void
train/pd/747dec083d671b06_w24.png,747dec083d671b06,24,Lab,Void
train/pd/747dec083d671b06_w27.png,747dec083d671b06,27,Lab,Void
train/pd/74b2065e5efc7226_w00.png,74b2065e5efc7226,0,Lab,Corona
train/pd/74b2065e5efc7226_w03.png,74b2065e5efc7226,3,Lab,Corona
train/pd/74b2065e5efc7226_w09.png,74b2065e5efc7226,9,Lab,Corona
train/pd/74b2065e5efc7226_w11.png,74b2065e5efc7226,11,Lab,Corona
train/pd/74b2065e5efc7226_w13.png,74b2065e5efc7226,13,Lab,Corona
train/pd/74b2065e5efc7226_w14.png,74b2065e5efc7226,14,Lab,Corona
train/pd/74b2065e5efc7226_w20.png,74b2065e5efc7226,20,Lab,Corona
train/pd/74b2065e5efc7226_w26.png,74b2065e5efc7226,26,Lab,Corona
train/pd/74bf3f141668e45e_w00.png,74bf3f141668e45e,0,Lab,Corona
train/pd/74bf3f141668e45e_w01.png,74bf3f141668e45e,1,Lab,Corona
train/pd/74bf3f141668e45e_w03.png,74bf3f141668e45e,3,Lab,Corona
train/pd/74bf3f141668e45e_w05.png,74bf3f141668e45e,5,Lab,Corona
train/pd/74bf3f141668e45e_w10.png,74bf3f141668e45e,10,Lab,Corona
train/pd/74bf3f141668e45e_w18.png,74bf3f141668e45e,18,Lab,Corona
train/pd/74bf3f141668e45e_w21.png,74bf3f141668e45e,21,Lab,Corona
train/pd/74bf3f141668e45e_w23.png,74bf3f141668e45e,23,Lab,Corona
train/pd/74c94aba2a4cdf58_w01.png,74c94aba2a4cdf58,1,Lab,Floating
train/pd/74c94aba2a4cdf58_w04.png,74c94aba2a4cdf58,4,Lab,Floating
train/pd/74c94aba2a4cdf58_w05.png,74c94aba2a4cdf58,5,Lab,Floating
train/pd/74c94aba2a4cdf58_w10.png,74c94aba2a4cdf58,10,Lab,Floating
train/pd/74c94aba2a4cdf58_w13.png,74c94aba2a4cdf58,13,Lab,Floating
train/pd/74c94aba2a4cdf58_w20.png,74c94aba2a4cdf58,20,Lab,Floating
train/pd/74c94aba2a4cdf58_w21.png,74c94aba2a4cdf58,21,Lab,Floating
train/pd/74c94aba2a4cdf58_w27.png,74c94aba2a4cdf58,27,Lab,Floating
train/pd/74cc49fe66c3a5a3_w01.png,74cc49fe66c3a5a3,1,Lab,Particle
train/pd/74cc49fe66c3a5a3_w03.png,74cc49fe66c3a5a3,3,Lab,Particle
train/pd/74cc49fe66c3a5a3_w04.png,74cc49fe66c3a5a3,4,Lab,Particle
train/pd/74cc49fe66c3a5a3_w08.png,74cc49fe66c3a5a3,8,Lab,Particle
train/pd/74cc49fe66c3a5a3_w09.png,74cc49fe66c3a5a3,9,Lab,Particle
train/pd/74cc49fe66c3a5a3_w11.png,74cc49fe66c3a5a3,11,Lab,Particle
train/pd/74cc49fe66c3a5a3_w17.png,74cc49fe66c3a5a3,17,Lab,Particle
train/pd/74cc49fe66c3a5a3_w26.png,74cc49fe66c3a5a3,26,Lab,Particle
train/pd/74d17bf4fbfd712d_w00.png,74d17bf4fbfd712d,0,Lab,Particle
train/pd/74d17bf4fbfd712d_w02.png,74d17bf4fbfd712d,2,Lab,Particle
train/pd/74d17bf4fbfd712d_w07.png,74d17bf4fbfd712d,7,Lab,Particle
train/pd/74d17bf4fbfd712d_w09.png,74d17bf4fbfd712d,9,Lab,Particle
train/pd/74d17bf4fbfd712d_w12.png,74d17bf4fbfd712d,12,Lab,Particle
train/pd/74d17bf4fbfd712d_w20.png,74d17bf4fbfd712d,20,Lab,Particle
train/pd/74d17bf4fbfd712d_w23.png,74d17bf4fbfd712d,23,Lab,Particle
train/pd/74d17bf4fbfd712d_w25.png,74d17bf4fbfd712d,25,Lab,Particle
train/pd/74ff19c918088ada_w04.png,74ff19c918088ada,4,Field,Floating
train/pd/74ff19c918088ada_w05.png,74ff19c918088ada,5,Field,Floating
train/pd/74ff19c918088ada_w06.png,74ff19c918088ada,6,Field,Floating
train/pd/74ff19c918088ada_w16.png,74ff19c918088ada,16,Field,Floating
train/pd/74ff19c918088ada_w17.png,74ff19c918088ada,17,Field,Floating
train/pd/74ff19c918088ada_w22.png,74ff19c918088ada,22,Field,Floating
train/pd/74ff19c918088ada_w23.png,74ff19c918088ada,23,Field,Floating
train/pd/74ff19c918088ada_w27.png,74ff19c918088ada,27,Field,Floating
train/pd/75098c2e5204b205_w02.png,75098c2e5204b205,2,Lab,Particle
train/pd/75098c2e5204b205_w06.png,75098c2e5204b205,6,Lab,Particle
train/pd/75098c2e5204b205_w10.png,75098c2e5204b205,10,Lab,Particle
train/pd/75098c2e5204b205_w11.png,75098c2e5204b205,11,Lab,Particle
train/pd/75098c2e5204b205_w14.png,75098c2e5204b205,14,Lab,Particle
train/pd/75098c2e5204b205_w15.png,75098c2e5204b205,15,Lab,Particle
train/pd/75098c2e5204b205_w17.png,75098c2e5204b205,17,Lab,Particle
train/pd/75098c2e5204b205_w26.png,75098c2e5204b205,26,Lab,Particle
train/pd/754548717a3ce53c_w04.png,754548717a3ce53c,4,Lab,Void
train/pd/754548717a3ce53c_w06.png,754548717a3ce53c,6,Lab,Void
train/pd/754548717a3ce53c_w07.png,754548717a3ce53c,7,Lab,Void
train/pd/754548717a3ce53c_w09.png,754548717a3ce53c,9,Lab,Void
train/pd/754548717a3ce53c_w16.png,754548717a3ce53c,16,Lab,Void
train/pd/754548717a3ce53c_w17.png,754548717a3ce53c,17,Lab,Void
train/pd/754548717a3ce53c_w23.png,754548717a3ce53c,23,Lab,Void
train/pd/754548717a3ce53c_w25.png,754548717a3ce53c,25,Lab,Void
train/pd/755b5261f546c898_w00.png,755b5261f546c898,0,Lab,Corona
train/pd/755b5261f546c898_w03.png,755b5261f546c898,3,Lab,Corona
train/pd/755b5261f546c898_w05.png,755b5261f546c898,5,Lab,Corona
train/pd/755b5261f546c898_w07.png,755b5261f546c898,7,Lab,Corona
train/pd/755b5261f546c898_w18.png,755b5261f546c898,18,Lab,Corona
train/pd/755b5261f546c898_w22.png,755b5261f546c898,22,Lab,Corona
train/pd/755b5261f546c898_w23.png,755b5261f546c898,23,Lab,Corona
train/pd/755b5261f546c898_w27.png,755b5261f546c898,27,Lab,Corona
train/pd/75637e2a1865d3f0_w09.png,75637e2a1865d3f0,9,Lab,Particle
train/pd/75637e2a1865d3f0_w11.png,75637e2a1865d3f0,11,Lab,Particle
train/pd/75637e2a1865d3f0_w14.png,75637e2a1865d3f0,14,Lab,Particle
train/pd/75637e2a1865d3f0_w17.png,75637e2a1865d3f0,17,Lab,Particle
train/pd/75637e2a1865d3f0_w18.png,75637e2a1865d3f0,18,Lab,Particle
train/pd/75637e2a1865d3f0_w22.png,75637e2a1865d3f0,22,Lab,Particle
train/pd/75637e2a1865d3f0_w23.png,75637e2a1865d3f0,23,Lab,Particle
train/pd/75637e2a1865d3f0_w26.png,75637e2a1865d3f0,26,Lab,Particle
train/pd/7563b18146b80bb5_w05.png,7563b18146b80bb5,5,Lab,Floating
train/pd/7563b18146b80bb5_w08.png,7563b18146b80bb5,8,Lab,Floating
train/pd/7563b18146b80bb5_w09.png,7563b18146b80bb5,9,Lab,Floating
train/pd/7563b18146b80bb5_w10.png,7563b18146b80bb5,10,Lab,Floating
train/pd/7563b18146b80bb5_w14.png,7563b18146b80bb5,14,Lab,Floating
train/pd/7563b18146b80bb5_w17.png,7563b18146b80bb5,17,Lab,Floating
train/pd/7563b18146b80bb5_w18.png,7563b18146b80bb5,18,Lab,Floating
train/pd/7563b18146b80bb5_w26.png,7563b18146b80bb5,26,Lab,Floating
train/pd/7576a620c6e6303d_w00.png,7576a620c6e6303d,0,Lab,Void
train/pd/7576a620c6e6303d_w09.png,7576a620c6e6303d,9,Lab,Void
train/pd/7576a620c6e6303d_w12.png,7576a620c6e6303d,12,Lab,Void
train/pd/7576a620c6e6303d_w16.png,7576a620c6e6303d,16,Lab,Void
train/pd/7576a620c6e6303d_w18.png,7576a620c6e6303d,18,Lab,Void
train/pd/7576a620c6e6303d_w21.png,7576a620c6e6303d,21,Lab,Void
train/pd/7576a620c6e6303d_w22.png,7576a620c6e6303d,22,Lab,Void
train/pd/7576a620c6e6303d_w25.png,7576a620c6e6303d,25,Lab,Void
train/pd/75865bd85a81d9d2_w01.png,75865bd85a81d9d2,1,Lab,Floating
train/pd/75865bd85a81d9d2_w05.png,75865bd85a81d9d2,5,Lab,Floating
train/pd/75865bd85a81d9d2_w06.png,75865bd85a81d9d2,6,Lab,Floating
train/pd/75865bd85a81d9d2_w14.png,75865bd85a81d9d2,14,Lab,Floating
train/pd/75865bd85a81d9d2_w15.png,75865bd85a81d9d2,15,Lab,Floating
train/pd/75865bd85a81d9d2_w18.png,75865bd85a81d9d2,18,Lab,Floating
train/pd/75865bd85a81d9d2_w22.png,75865bd85a81d9d2,22,Lab,Floating
train/pd/75865bd85a81d9d2_w24.png,75865bd85a81d9d2,24,Lab,Floating
train/pd/75db0e18b9affdf7_w02.png,75db0e18b9affdf7,2,Field,Void
train/pd/75db0e18b9affdf7_w03.png,75db0e18b9affdf7,3,Field,Void
train/pd/75db0e18b9affdf7_w09.png,75db0e18b9affdf7,9,Field,Void
train/pd/75db0e18b9affdf7_w10.png,75db0e18b9affdf7,10,Field,Void
train/pd/75db0e18b9affdf7_w12.png,75db0e18b9affdf7,12,Field,Void
train/pd/75db0e18b9affdf7_w15.png,75db0e18b9affdf7,15,Field,Void
train/pd/75db0e18b9affdf7_w18.png,75db0e18b9affdf7,18,Field,Void
train/pd/75db0e18b9affdf7_w26.png,75db0e18b9affdf7,26,Field,Void
train/pd/75f8a87071c1b762_w03.png,75f8a87071c1b762,3,Field,Void
train/pd/75f8a87071c1b762_w04.png,75f8a87071c1b762,4,Field,Void
train/pd/75f8a87071c1b762_w06.png,75f8a87071c1b762,6,Field,Void
train/pd/75f8a87071c1b762_w10.png,75f8a87071c1b762,10,Field,Void
train/pd/75f8a87071c1b762_w11.png,75f8a87071c1b762,11,Field,Void
train/pd/75f8a87071c1b762_w18.png,75f8a87071c1b762,18,Field,Void
train/pd/75f8a87071c1b762_w21.png,75f8a87071c1b762,21,Field,Void
train/pd/75f8a87071c1b762_w27.png,75f8a87071c1b762,27,Field,Void
train/pd/76042779b994af4a_w00.png,76042779b994af4a,0,Field,Corona
train/pd/76042779b994af4a_w08.png,76042779b994af4a,8,Field,Corona
train/pd/76042779b994af4a_w09.png,76042779b994af4a,9,Field,Corona
train/pd/76042779b994af4a_w10.png,76042779b994af4a,10,Field,Corona
train/pd/76042779b994af4a_w11.png,76042779b994af4a,11,Field,Corona
train/pd/76042779b994af4a_w16.png,76042779b994af4a,16,Field,Corona
train/pd/76042779b994af4a_w17.png,76042779b994af4a,17,Field,Corona
train/pd/76042779b994af4a_w26.png,76042779b994af4a,26,Field,Corona
train/pd/762bc0f3722477aa_w04.png,762bc0f3722477aa,4,Lab,Void
train/pd/762bc0f3722477aa_w08.png,762bc0f3722477aa,8,Lab,Void
train/pd/762bc0f3722477aa_w10.png,762bc0f3722477aa,10,Lab,Void
train/pd/762bc0f3722477aa_w12.png,762bc0f3722477aa,12,Lab,Void
train/pd/762bc0f3722477aa_w14.png,762bc0f3722477aa,14,Lab,Void
train/pd/762bc0f3722477aa_w25.png,762bc0f3722477aa,25,Lab,Void
train/pd/762bc0f3722477aa_w26.png,762bc0f3722477aa,26,Lab,Void
train/pd/762bc0f3722477aa_w27.png,762bc0f3722477aa,27,Lab,Void
train/pd/7685f23a424afa42_w02.png,7685f23a424afa42,2,Lab,Floating
train/pd/7685f23a424afa42_w03.png,7685f23a424afa42,3,Lab,Floating
train/pd/7685f23a424afa42_w06.png,7685f23a424afa42,6,Lab,Floating
train/pd/7685f23a424afa42_w08.png,7685f23a424afa42,8,Lab,Floating
train/pd/7685f23a424afa42_w11.png,7685f23a424afa42,11,Lab,Floating
train/pd/7685f23a424afa42_w12.png,7685f23a424afa42,12,Lab,Floating
train/pd/7685f23a424afa42_w13.png,7685f23a424afa42,13,Lab,Floating
train/pd/7685f23a424afa42_w19.png,7685f23a424afa42,19,Lab,Floating
train/pd/7690d47ffb0c03d8_w02.png,7690d47ffb0c03d8,2,Field,Void
train/pd/7690d47ffb0c03d8_w05.png,7690d47ffb0c03d8,5,Field,Void
train/pd/7690d47ffb0c03d8_w08.png,7690d47ffb0c03d8,8,Field,Void
train/pd/7690d47ffb0c03d8_w10.png,7690d47ffb0c03d8,10,Field,Void
train/pd/7690d47ffb0c03d8_w17.png,7690d47ffb0c03d8,17,Field,Void
train/pd/7690d47ffb0c03d8_w18.png,7690d47ffb0c03d8,18,Field,Void
train/pd/7690d47ffb0c03d8_w26.png,7690d47ffb0c03d8,26,Field,Void
train/pd/7690d47ffb0c03d8_w27.png,7690d47ffb0c03d8,27,Field,Void
train/pd/76bb5f7e8b52fb13_w00.png,76bb5f7e8b52fb13,0,Field,Void
train/pd/76bb5f7e8b52fb13_w04.png,76bb5f7e8b52fb13,4,Field,Void
train/pd/76bb5f7e8b52fb13_w10.png,76bb5f7e8b52fb13,10,Field,Void
train/pd/76bb5f7e8b52fb13_w14.png,76bb5f7e8b52fb13,14,Field,Void
train/pd/76bb5f7e8b52fb13_w20.png,76bb5f7e8b52fb13,20,Field,Void
train/pd/76bb5f7e8b52fb13_w22.png,76bb5f7e8b52fb13,22,Field,Void
train/pd/76bb5f7e8b52fb13_w25.png,76bb5f7e8b52fb13,25,Field,Void
train/pd/76bb5f7e8b52fb13_w26.png,76bb5f7e8b52fb13,26,Field,Void
train/pd/775114d0aba87817_w04.png,775114d0aba87817,4,Lab,Void
train/pd/775114d0aba87817_w05.png,775114d0aba87817,5,Lab,Void
train/pd/775114d0aba87817_w07.png,775114d0aba87817,7,Lab,Void
train/pd/775114d0aba87817_w09.png,775114d0aba87817,9,Lab,Void
train/pd/775114d0aba87817_w14.png,775114d0aba87817,14,Lab,Void
train/pd/775114d0aba87817_w20.png,775114d0aba87817,20,Lab,Void
train/pd/775114d0aba87817_w22.png,775114d0aba87817,22,Lab,Void
train/pd/775114d0aba87817_w27.png,775114d0aba87817,27,Lab,Void
train/pd/7772196a38e2ac6e_w02.png,7772196a38e2ac6e,2,Lab,Void
train/pd/7772196a38e2ac6e_w12.png,7772196a38e2ac6e,12,Lab,Void
train/pd/7772196a38e2ac6e_w13.png,7772196a38e2ac6e,13,Lab,Void
train/pd/7772196a38e2ac6e_w15.png,7772196a38e2ac6e,15,Lab,Void
train/pd/7772196a38e2ac6e_w20.png,7772196a38e2ac6e,20,Lab,Void
train/pd/7772196a38e2ac6e_w22.png,7772196a38e2ac6e,22,Lab,Void
train/pd/7772196a38e2ac6e_w24.png,7772196a38e2ac6e,24,Lab,Void
train/pd/7772196a38e2ac6e_w25.png,7772196a38e2ac6e,25,Lab,Void
train/pd/777922c0c39bfdb2_w01.png,777922c0c39bfdb2,1,Lab,Particle
train/pd/777922c0c39bfdb2_w05.png,777922c0c39bfdb2,5,Lab,Particle
train/pd/777922c0c39bfdb2_w09.png,777922c0c39bfdb2,9,Lab,Particle
train/pd/777922c0c39bfdb2_w11.png,777922c0c39bfdb2,11,Lab,Particle
train/pd/777922c0c39bfdb2_w16.png,777922c0c39bfdb2,16,Lab,Particle
train/pd/777922c0c39bfdb2_w17.png,777922c0c39bfdb2,17,Lab,Particle
train/pd/777922c0c39bfdb2_w22.png,777922c0c39bfdb2,22,Lab,Particle
train/pd/777922c0c39bfdb2_w25.png,777922c0c39bfdb2,25,Lab,Particle
train/pd/777b67bb306eab62_w00.png,777b67bb306eab62,0,Lab,Void
train/pd/777b67bb306eab62_w01.png,777b67bb306eab62,1,Lab,Void
train/pd/777b67bb306eab62_w05.png,777b67bb306eab62,5,Lab,Void
train/pd/777b67bb306eab62_w10.png,777b67bb306eab62,10,Lab,Void
train/pd/777b67bb306eab62_w15.png,777b67bb306eab62,15,Lab,Void
train/pd/777b67bb306eab62_w17.png,777b67bb306eab62,17,Lab,Void
train/pd/777b67bb306eab62_w22.png,777b67bb306eab62,22,Lab,Void
train/pd/777b67bb306eab62_w25.png,777b67bb306eab62,25,Lab,Void
train/pd/77bac80f41dd8ff3_w01.png,77bac80f41dd8ff3,1,Field,Void
train/pd/77bac80f41dd8ff3_w04.png,77bac80f41dd8ff3,4,Field,Void
train/pd/77bac80f41dd8ff3_w10.png,77bac80f41dd8ff3,10,Field,Void
train/pd/77bac80f41dd8ff3_w13.png,77bac80f41dd8ff3,13,Field,Void
train/pd/77bac80f41dd8ff3_w17.png,77bac80f41dd8ff3,17,Field,Void
train/pd/77bac80f41dd8ff3_w19.png,77bac80f41dd8ff3,19,Field,Void
train/pd/77bac80f41dd8ff3_w20.png,77bac80f41dd8ff3,20,Field,Void
train/pd/77bac80f41dd8ff3_w25.png,77bac80f41dd8ff3,25,Field,Void
train/pd/78002afc07f41c5a_w04.png,78002afc07f41c5a,4,Lab,Corona
train/pd/78002afc07f41c5a_w05.png,78002afc07f41c5a,5,Lab,Corona
train/pd/78002afc07f41c5a_w07.png,78002afc07f41c5a,7,Lab,Corona
train/pd/78002afc07f41c5a_w09.png,78002afc07f41c5a,9,Lab,Corona
train/pd/78002afc07f41c5a_w12.png,78002afc07f41c5a,12,Lab,Corona
train/pd/78002afc07f41c5a_w17.png,78002afc07f41c5a,17,Lab,Corona
train/pd/78002afc07f41c5a_w23.png,78002afc07f41c5a,23,Lab,Corona
train/pd/78002afc07f41c5a_w25.png,78002afc07f41c5a,25,Lab,Corona
train/pd/78369ebd100291b4_w02.png,78369ebd100291b4,2,Lab,Particle
train/pd/78369ebd100291b4_w03.png,78369ebd100291b4,3,Lab,Particle
train/pd/78369ebd100291b4_w08.png,78369ebd100291b4,8,Lab,Particle
train/pd/78369ebd100291b4_w15.png,78369ebd100291b4,15,Lab,Particle
train/pd/78369ebd100291b4_w19.png,78369ebd100291b4,19,Lab,Particle
train/pd/78369ebd100291b4_w20.png,78369ebd100291b4,20,Lab,Particle
train/pd/78369ebd100291b4_w21.png,78369ebd100291b4,21,Lab,Particle
train/pd/78369ebd100291b4_w22.png,78369ebd100291b4,22,Lab,Particle
train/pd/785b5319ae1b0abf_w04.png,785b5319ae1b0abf,4,Lab,Particle
train/pd/785b5319ae1b0abf_w11.png,785b5319ae1b0abf,11,Lab,Particle
train/pd/785b5319ae1b0abf_w13.png,785b5319ae1b0abf,13,Lab,Particle
train/pd/785b5319ae1b0abf_w16.png,785b5319ae1b0abf,16,Lab,Particle
train/pd/785b5319ae1b0abf_w17.png,785b5319ae1b0abf,17,Lab,Particle
train/pd/785b5319ae1b0abf_w21.png,785b5319ae1b0abf,21,Lab,Particle
train/pd/785b5319ae1b0abf_w24.png,785b5319ae1b0abf,24,Lab,Particle
train/pd/785b5319ae1b0abf_w27.png,785b5319ae1b0abf,27,Lab,Particle
train/pd/785f81eb123bbe4d_w00.png,785f81eb123bbe4d,0,Lab,Void
train/pd/785f81eb123bbe4d_w01.png,785f81eb123bbe4d,1,Lab,Void
train/pd/785f81eb123bbe4d_w04.png,785f81eb123bbe4d,4,Lab,Void
train/pd/785f81eb123bbe4d_w08.png,785f81eb123bbe4d,8,Lab,Void
train/pd/785f81eb123bbe4d_w09.png,785f81eb123bbe4d,9,Lab,Void
train/pd/785f81eb123bbe4d_w17.png,785f81eb123bbe4d,17,Lab,Void
train/pd/785f81eb123bbe4d_w22.png,785f81eb123bbe4d,22,Lab,Void
train/pd/785f81eb123bbe4d_w24.png,785f81eb123bbe4d,24,Lab,Void
train/pd/786802e3bf69f54c_w00.png,786802e3bf69f54c,0,Lab,Floating
train/pd/786802e3bf69f54c_w01.png,786802e3bf69f54c,1,Lab,Floating
train/pd/786802e3bf69f54c_w08.png,786802e3bf69f54c,8,Lab,Floating
train/pd/786802e3bf69f54c_w11.png,786802e3bf69f54c,11,Lab,Floating
train/pd/786802e3bf69f54c_w12.png,786802e3bf69f54c,12,Lab,Floating
train/pd/786802e3bf69f54c_w13.png,786802e3bf69f54c,13,Lab,Floating
train/pd/786802e3bf69f54c_w18.png,786802e3bf69f54c,18,Lab,Floating
train/pd/786802e3bf69f54c_w23.png,786802e3bf69f54c,23,Lab,Floating
train/pd/78aaa2092210c259_w02.png,78aaa2092210c259,2,Lab,Floating
train/pd/78aaa2092210c259_w04.png,78aaa2092210c259,4,Lab,Floating
train/pd/78aaa2092210c259_w06.png,78aaa2092210c259,6,Lab,Floating
train/pd/78aaa2092210c259_w09.png,78aaa2092210c259,9,Lab,Floating
train/pd/78aaa2092210c259_w14.png,78aaa2092210c259,14,Lab,Floating
train/pd/78aaa2092210c259_w18.png,78aaa2092210c259,18,Lab,Floating
train/pd/78aaa2092210c259_w23.png,78aaa2092210c259,23,Lab,Floating
train/pd/78aaa2092210c259_w24.png,78aaa2092210c259,24,Lab,Floating
train/pd/791e14c34ec443c5_w01.png,791e14c34ec443c5,1,Lab,Void
train/pd/791e14c34ec443c5_w06.png,791e14c34ec443c5,6,Lab,Void
train/pd/791e14c34ec443c5_w09.png,791e14c34ec443c5,9,Lab,Void
train/pd/791e14c34ec443c5_w12.png,791e14c34ec443c5,12,Lab,Void
train/pd/791e14c34ec443c5_w13.png,791e14c34ec443c5,13,Lab,Void
train/pd/791e14c34ec443c5_w21.png,791e14c34ec443c5,21,Lab,Void
train/pd/791e14c34ec443c5_w22.png,791e14c34ec443c5,22,Lab,Void
train/pd/791e14c34ec443c5_w27.png,791e14c34ec443c5,27,Lab,Void
train/pd/79768d4e8a9bb2cc_w03.png,79768d4e8a9bb2cc,3,Lab,Corona
train/pd/79768d4e8a9bb2cc_w07.png,79768d4e8a9bb2cc,7,Lab,Corona
train/pd/79768d4e8a9bb2cc_w10.png,79768d4e8a9bb2cc,10,Lab,Corona
train/pd/79768d4e8a9bb2cc_w13.png,79768d4e8a9bb2cc,13,Lab,Corona
train/pd/79768d4e8a9bb2cc_w14.png,79768d4e8a9bb2cc,14,Lab,Corona
train/pd/79768d4e8a9bb2cc_w17.png,79768d4e8a9bb2cc,17,Lab,Corona
train/pd/79768d4e8a9bb2cc_w23.png,79768d4e8a9bb2cc,23,Lab,Corona
train/pd/79768d4e8a9bb2cc_w27.png,79768d4e8a9bb2cc,27,Lab,Corona
train/pd/7996706c803dbf2e_w10.png,7996706c803dbf2e,10,Lab,Void
train/pd/7996706c803dbf2e_w13.png,7996706c803dbf2e,13,Lab,Void
train/pd/7996706c803dbf2e_w14.png,7996706c803dbf2e,14,Lab,Void
train/pd/7996706c803dbf2e_w18.png,7996706c803dbf2e,18,Lab,Void
train/pd/7996706c803dbf2e_w22.png,7996706c803dbf2e,22,Lab,Void
train/pd/7996706c803dbf2e_w23.png,7996706c803dbf2e,23,Lab,Void
train/pd/7996706c803dbf2e_w25.png,7996706c803dbf2e,25,Lab,Void
train/pd/7996706c803dbf2e_w27.png,7996706c803dbf2e,27,Lab,Void
train/pd/79d54303905ffb98_w06.png,79d54303905ffb98,6,Lab,Void
train/pd/79d54303905ffb98_w08.png,79d54303905ffb98,8,Lab,Void
train/pd/79d54303905ffb98_w09.png,79d54303905ffb98,9,Lab,Void
train/pd/79d54303905ffb98_w13.png,79d54303905ffb98,13,Lab,Void
train/pd/79d54303905ffb98_w16.png,79d54303905ffb98,16,Lab,Void
train/pd/79d54303905ffb98_w18.png,79d54303905ffb98,18,Lab,Void
train/pd/79d54303905ffb98_w22.png,79d54303905ffb98,22,Lab,Void
train/pd/79d54303905ffb98_w27.png,79d54303905ffb98,27,Lab,Void
train/pd/79dbde85544b6881_w03.png,79dbde85544b6881,3,Field,Void
train/pd/79dbde85544b6881_w07.png,79dbde85544b6881,7,Field,Void
train/pd/79dbde85544b6881_w11.png,79dbde85544b6881,11,Field,Void
train/pd/79dbde85544b6881_w13.png,79dbde85544b6881,13,Field,Void
train/pd/79dbde85544b6881_w15.png,79dbde85544b6881,15,Field,Void
train/pd/79dbde85544b6881_w22.png,79dbde85544b6881,22,Field,Void
train/pd/79dbde85544b6881_w26.png,79dbde85544b6881,26,Field,Void
train/pd/79dbde85544b6881_w27.png,79dbde85544b6881,27,Field,Void
train/pd/7a5f3f53c0187982_w02.png,7a5f3f53c0187982,2,Lab,Void
train/pd/7a5f3f53c0187982_w04.png,7a5f3f53c0187982,4,Lab,Void
train/pd/7a5f3f53c0187982_w07.png,7a5f3f53c0187982,7,Lab,Void
train/pd/7a5f3f53c0187982_w08.png,7a5f3f53c0187982,8,Lab,Void
train/pd/7a5f3f53c0187982_w11.png,7a5f3f53c0187982,11,Lab,Void
train/pd/7a5f3f53c0187982_w12.png,7a5f3f53c0187982,12,Lab,Void
train/pd/7a5f3f53c0187982_w17.png,7a5f3f53c0187982,17,Lab,Void
train/pd/7a5f3f53c0187982_w23.png,7a5f3f53c0187982,23,Lab,Void
train/pd/7a6a284e0be3e5e6_w04.png,7a6a284e0be3e5e6,4,Field,Void
train/pd/7a6a284e0be3e5e6_w06.png,7a6a284e0be3e5e6,6,Field,Void
train/pd/7a6a284e0be3e5e6_w07.png,7a6a284e0be3e5e6,7,Field,Void
train/pd/7a6a284e0be3e5e6_w08.png,7a6a284e0be3e5e6,8,Field,Void
train/pd/7a6a284e0be3e5e6_w13.png,7a6a284e0be3e5e6,13,Field,Void
train/pd/7a6a284e0be3e5e6_w16.png,7a6a284e0be3e5e6,16,Field,Void
train/pd/7a6a284e0be3e5e6_w22.png,7a6a284e0be3e5e6,22,Field,Void
train/pd/7a6a284e0be3e5e6_w27.png,7a6a284e0be3e5e6,27,Field,Void
train/pd/7ab29d70acbd6ab6_w04.png,7ab29d70acbd6ab6,4,Lab,Corona
train/pd/7ab29d70acbd6ab6_w09.png,7ab29d70acbd6ab6,9,Lab,Corona
train/pd/7ab29d70acbd6ab6_w13.png,7ab29d70acbd6ab6,13,Lab,Corona
train/pd/7ab29d70acbd6ab6_w14.png,7ab29d70acbd6ab6,14,Lab,Corona
train/pd/7ab29d70acbd6ab6_w17.png,7ab29d70acbd6ab6,17,Lab,Corona
train/pd/7ab29d70acbd6ab6_w23.png,7ab29d70acbd6ab6,23,Lab,Corona
train/pd/7ab29d70acbd6ab6_w25.png,7ab29d70acbd6ab6,25,Lab,Corona
train/pd/7ab29d70acbd6ab6_w27.png,7ab29d70acbd6ab6,27,Lab,Corona
train/pd/7ab9f306036c25ac_w03.png,7ab9f306036c25ac,3,Lab,Void
train/pd/7ab9f306036c25ac_w05.png,7ab9f306036c25ac,5,Lab,Void
train/pd/7ab9f306036c25ac_w08.png,7ab9f306036c25ac,8,Lab,Void
train/pd/7ab9f306036c25ac_w12.png,7ab9f306036c25ac,12,Lab,Void
train/pd/7ab9f306036c25ac_w15.png,7ab9f306036c25ac,15,Lab,Void
train/pd/7ab9f306036c25ac_w24.png,7ab9f306036c25ac,24,Lab,Void
train/pd/7ab9f306036c25ac_w25.png,7ab9f306036c25ac,25,Lab,Void
train/pd/7ab9f306036c25ac_w27.png,7ab9f306036c25ac,27,Lab,Void
train/pd/7ad562538294270b_w00.png,7ad562538294270b,0,Lab,Particle
train/pd/7ad562538294270b_w03.png,7ad562538294270b,3,Lab,Particle
train/pd/7ad562538294270b_w04.png,7ad562538294270b,4,Lab,Particle
train/pd/7ad562538294270b_w08.png,7ad562538294270b,8,Lab,Particle
train/pd/7ad562538294270b_w12.png,7ad562538294270b,12,Lab,Particle
train/pd/7ad562538294270b_w20.png,7ad562538294270b,20,Lab,Particle
train/pd/7ad562538294270b_w22.png,7ad562538294270b,22,Lab,Particle
train/pd/7ad562538294270b_w23.png,7ad562538294270b,23,Lab,Particle
train/pd/7adab29df2cf4369_w02.png,7adab29df2cf4369,2,Lab,Corona
train/pd/7adab29df2cf4369_w05.png,7adab29df2cf4369,5,Lab,Corona
train/pd/7adab29df2cf4369_w12.png,7adab29df2cf4369,12,Lab,Corona
train/pd/7adab29df2cf4369_w14.png,7adab29df2cf4369,14,Lab,Corona
train/pd/7adab29df2cf4369_w15.png,7adab29df2cf4369,15,Lab,Corona
train/pd/7adab29df2cf4369_w18.png,7adab29df2cf4369,18,Lab,Corona
train/pd/7adab29df2cf4369_w23.png,7adab29df2cf4369,23,Lab,Corona
train/pd/7adab29df2cf4369_w24.png,7adab29df2cf4369,24,Lab,Corona
train/pd/7adfa3c361d9fb64_w02.png,7adfa3c361d9fb64,2,Lab,Void
train/pd/7adfa3c361d9fb64_w04.png,7adfa3c361d9fb64,4,Lab,Void
train/pd/7adfa3c361d9fb64_w09.png,7adfa3c361d9fb64,9,Lab,Void
train/pd/7adfa3c361d9fb64_w10.png,7adfa3c361d9fb64,10,Lab,Void
train/pd/7adfa3c361d9fb64_w12.png,7adfa3c361d9fb64,12,Lab,Void
train/pd/7adfa3c361d9fb64_w13.png,7adfa3c361d9fb64,13,Lab,Void
train/pd/7adfa3c361d9fb64_w21.png,7adfa3c361d9fb64,21,Lab,Void
train/pd/7adfa3c361d9fb64_w24.png,7adfa3c361d9fb64,24,Lab,Void
train/pd/7b017b58a9586409_w02.png,7b017b58a9586409,2,Lab,Particle
train/pd/7b017b58a9586409_w07.png,7b017b58a9586409,7,Lab,Particle
train/pd/7b017b58a9586409_w11.png,7b017b58a9586409,11,Lab,Particle
train/pd/7b017b58a9586409_w12.png,7b017b58a9586409,12,Lab,Particle
train/pd/7b017b58a9586409_w14.png,7b017b58a9586409,14,Lab,Particle
train/pd/7b017b58a9586409_w17.png,7b017b58a9586409,17,Lab,Particle
train/pd/7b017b58a9586409_w21.png,7b017b58a9586409,21,Lab,Particle
train/pd/7b017b58a9586409_w25.png,7b017b58a9586409,25,Lab,Particle
train/pd/7b258fb0bc962e5d_w02.png,7b258fb0bc962e5d,2,Field,Void
train/pd/7b258fb0bc962e5d_w03.png,7b258fb0bc962e5d,3,Field,Void
train/pd/7b258fb0bc962e5d_w08.png,7b258fb0bc962e5d,8,Field,Void
train/pd/7b258fb0bc962e5d_w10.png,7b258fb0bc962e5d,10,Field,Void
train/pd/7b258fb0bc962e5d_w11.png,7b258fb0bc962e5d,11,Field,Void
train/pd/7b258fb0bc962e5d_w16.png,7b258fb0bc962e5d,16,Field,Void
train/pd/7b258fb0bc962e5d_w22.png,7b258fb0bc962e5d,22,Field,Void
train/pd/7b258fb0bc962e5d_w24.png,7b258fb0bc962e5d,24,Field,Void
train/pd/7b6862ae5a878905_w02.png,7b6862ae5a878905,2,Lab,Corona
train/pd/7b6862ae5a878905_w08.png,7b6862ae5a878905,8,Lab,Corona
train/pd/7b6862ae5a878905_w12.png,7b6862ae5a878905,12,Lab,Corona
train/pd/7b6862ae5a878905_w13.png,7b6862ae5a878905,13,Lab,Corona
train/pd/7b6862ae5a878905_w21.png,7b6862ae5a878905,21,Lab,Corona
train/pd/7b6862ae5a878905_w23.png,7b6862ae5a878905,23,Lab,Corona
train/pd/7b6862ae5a878905_w25.png,7b6862ae5a878905,25,Lab,Corona
train/pd/7b6862ae5a878905_w27.png,7b6862ae5a878905,27,Lab,Corona
train/pd/7b87b1ee32b3f3bf_w00.png,7b87b1ee32b3f3bf,0,Lab,Floating
train/pd/7b87b1ee32b3f3bf_w04.png,7b87b1ee32b3f3bf,4,Lab,Floating
train/pd/7b87b1ee32b3f3bf_w05.png,7b87b1ee32b3f3bf,5,Lab,Floating
train/pd/7b87b1ee32b3f3bf_w06.png,7b87b1ee32b3f3bf,6,Lab,Floating
train/pd/7b87b1ee32b3f3bf_w17.png,7b87b1ee32b3f3bf,17,Lab,Floating
train/pd/7b87b1ee32b3f3bf_w18.png,7b87b1ee32b3f3bf,18,Lab,Floating
train/pd/7b87b1ee32b3f3bf_w20.png,7b87b1ee32b3f3bf,20,Lab,Floating
train/pd/7b87b1ee32b3f3bf_w21.png,7b87b1ee32b3f3bf,21,Lab,Floating
train/pd/7b886c9131927637_w01.png,7b886c9131927637,1,Field,Floating
train/pd/7b886c9131927637_w02.png,7b886c9131927637,2,Field,Floating
train/pd/7b886c9131927637_w06.png,7b886c9131927637,6,Field,Floating
train/pd/7b886c9131927637_w07.png,7b886c9131927637,7,Field,Floating
train/pd/7b886c9131927637_w11.png,7b886c9131927637,11,Field,Floating
train/pd/7b886c9131927637_w12.png,7b886c9131927637,12,Field,Floating
train/pd/7b886c9131927637_w23.png,7b886c9131927637,23,Field,Floating
train/pd/7b886c9131927637_w24.png,7b886c9131927637,24,Field,Floating
train/pd/7b917fc12291e3b3_w02.png,7b917fc12291e3b3,2,Lab,Void
train/pd/7b917fc12291e3b3_w04.png,7b917fc12291e3b3,4,Lab,Void
train/pd/7b917fc12291e3b3_w06.png,7b917fc12291e3b3,6,Lab,Void
train/pd/7b917fc12291e3b3_w11.png,7b917fc12291e3b3,11,Lab,Void
train/pd/7b917fc12291e3b3_w15.png,7b917fc12291e3b3,15,Lab,Void
train/pd/7b917fc12291e3b3_w17.png,7b917fc12291e3b3,17,Lab,Void
train/pd/7b917fc12291e3b3_w23.png,7b917fc12291e3b3,23,Lab,Void
train/pd/7b917fc12291e3b3_w24.png,7b917fc12291e3b3,24,Lab,Void
train/pd/7bac88b1dd19010d_w05.png,7bac88b1dd19010d,5,Lab,Corona
train/pd/7bac88b1dd19010d_w08.png,7bac88b1dd19010d,8,Lab,Corona
train/pd/7bac88b1dd19010d_w16.png,7bac88b1dd19010d,16,Lab,Corona
train/pd/7bac88b1dd19010d_w18.png,7bac88b1dd19010d,18,Lab,Corona
train/pd/7bac88b1dd19010d_w19.png,7bac88b1dd19010d,19,Lab,Corona
train/pd/7bac88b1dd19010d_w21.png,7bac88b1dd19010d,21,Lab,Corona
train/pd/7bac88b1dd19010d_w22.png,7bac88b1dd19010d,22,Lab,Corona
train/pd/7bac88b1dd19010d_w26.png,7bac88b1dd19010d,26,Lab,Corona
train/pd/7bb04c839ef79da4_w00.png,7bb04c839ef79da4,0,Lab,Particle
train/pd/7bb04c839ef79da4_w01.png,7bb04c839ef79da4,1,Lab,Particle
train/pd/7bb04c839ef79da4_w02.png,7bb04c839ef79da4,2,Lab,Particle
train/pd/7bb04c839ef79da4_w13.png,7bb04c839ef79da4,13,Lab,Particle
train/pd/7bb04c839ef79da4_w14.png,7bb04c839ef79da4,14,Lab,Particle
train/pd/7bb04c839ef79da4_w20.png,7bb04c839ef79da4,20,Lab,Particle
train/pd/7bb04c839ef79da4_w23.png,7bb04c839ef79da4,23,Lab,Particle
train/pd/7bb04c839ef79da4_w25.png,7bb04c839ef79da4,25,Lab,Particle
train/pd/7c1422c2e40f0b23_w02.png,7c1422c2e40f0b23,2,Lab,Void
train/pd/7c1422c2e40f0b23_w11.png,7c1422c2e40f0b23,11,Lab,Void
train/pd/7c1422c2e40f0b23_w14.png,7c1422c2e40f0b23,14,Lab,Void
train/pd/7c1422c2e40f0b23_w16.png,7c1422c2e40f0b23,16,Lab,Void
train/pd/7c1422c2e40f0b23_w20.png,7c1422c2e40f0b23,20,Lab,Void
train/pd/7c1422c2e40f0b23_w21.png,7c1422c2e40f0b23,21,Lab,Void
train/pd/7c1422c2e40f0b23_w22.png,7c1422c2e40f0b23,22,Lab,Void
train/pd/7c1422c2e40f0b23_w24.png,7c1422c2e40f0b23,24,Lab,Void
train/pd/7c9ab08e84437a40_w00.png,7c9ab08e84437a40,0,Lab,Particle
train/pd/7c9ab08e84437a40_w06.png,7c9ab08e84437a40,6,Lab,Particle
train/pd/7c9ab08e84437a40_w07.png,7c9ab08e84437a40,7,Lab,Particle
train/pd/7c9ab08e84437a40_w09.png,7c9ab08e84437a40,9,Lab,Particle
train/pd/7c9ab08e84437a40_w10.png,7c9ab08e84437a40,10,Lab,Particle
train/pd/7c9ab08e84437a40_w13.png,7c9ab08e84437a40,13,Lab,Particle
train/pd/7c9ab08e84437a40_w18.png,7c9ab08e84437a40,18,Lab,Particle
train/pd/7c9ab08e84437a40_w24.png,7c9ab08e84437a40,24,Lab,Particle
train/pd/7ca5ae099e330a63_w00.png,7ca5ae099e330a63,0,Lab,Void
train/pd/7ca5ae099e330a63_w01.png,7ca5ae099e330a63,1,Lab,Void
train/pd/7ca5ae099e330a63_w04.png,7ca5ae099e330a63,4,Lab,Void
train/pd/7ca5ae099e330a63_w06.png,7ca5ae099e330a63,6,Lab,Void
train/pd/7ca5ae099e330a63_w10.png,7ca5ae099e330a63,10,Lab,Void
train/pd/7ca5ae099e330a63_w12.png,7ca5ae099e330a63,12,Lab,Void
train/pd/7ca5ae099e330a63_w15.png,7ca5ae099e330a63,15,Lab,Void
train/pd/7ca5ae099e330a63_w27.png,7ca5ae099e330a63,27,Lab,Void
train/pd/7cc9d2e39cba7248_w01.png,7cc9d2e39cba7248,1,Lab,Void
train/pd/7cc9d2e39cba7248_w05.png,7cc9d2e39cba7248,5,Lab,Void
train/pd/7cc9d2e39cba7248_w11.png,7cc9d2e39cba7248,11,Lab,Void
train/pd/7cc9d2e39cba7248_w12.png,7cc9d2e39cba7248,12,Lab,Void
train/pd/7cc9d2e39cba7248_w19.png,7cc9d2e39cba7248,19,Lab,Void
train/pd/7cc9d2e39cba7248_w20.png,7cc9d2e39cba7248,20,Lab,Void
train/pd/7cc9d2e39cba7248_w22.png,7cc9d2e39cba7248,22,Lab,Void
train/pd/7cc9d2e39cba7248_w25.png,7cc9d2e39cba7248,25,Lab,Void
train/pd/7d0133b43a9c3252_w00.png,7d0133b43a9c3252,0,Lab,Void
train/pd/7d0133b43a9c3252_w03.png,7d0133b43a9c3252,3,Lab,Void
train/pd/7d0133b43a9c3252_w04.png,7d0133b43a9c3252,4,Lab,Void
train/pd/7d0133b43a9c3252_w05.png,7d0133b43a9c3252,5,Lab,Void
train/pd/7d0133b43a9c3252_w15.png,7d0133b43a9c3252,15,Lab,Void
train/pd/7d0133b43a9c3252_w17.png,7d0133b43a9c3252,17,Lab,Void
train/pd/7d0133b43a9c3252_w19.png,7d0133b43a9c3252,19,Lab,Void
train/pd/7d0133b43a9c3252_w21.png,7d0133b43a9c3252,21,Lab,Void
train/pd/7d0c1dd4fe778f89_w01.png,7d0c1dd4fe778f89,1,Lab,Corona
train/pd/7d0c1dd4fe778f89_w04.png,7d0c1dd4fe778f89,4,Lab,Corona
train/pd/7d0c1dd4fe778f89_w06.png,7d0c1dd4fe778f89,6,Lab,Corona
train/pd/7d0c1dd4fe778f89_w07.png,7d0c1dd4fe778f89,7,Lab,Corona
train/pd/7d0c1dd4fe778f89_w08.png,7d0c1dd4fe778f89,8,Lab,Corona
train/pd/7d0c1dd4fe778f89_w13.png,7d0c1dd4fe778f89,13,Lab,Corona
train/pd/7d0c1dd4fe778f89_w16.png,7d0c1dd4fe778f89,16,Lab,Corona
train/pd/7d0c1dd4fe778f89_w26.png,7d0c1dd4fe778f89,26,Lab,Corona
train/pd/7d3102fe0dc6da93_w00.png,7d3102fe0dc6da93,0,Lab,Particle
train/pd/7d3102fe0dc6da93_w03.png,7d3102fe0dc6da93,3,Lab,Particle
train/pd/7d3102fe0dc6da93_w04.png,7d3102fe0dc6da93,4,Lab,Particle
train/pd/7d3102fe0dc6da93_w06.png,7d3102fe0dc6da93,6,Lab,Particle
train/pd/7d3102fe0dc6da93_w07.png,7d3102fe0dc6da93,7,Lab,Particle
train/pd/7d3102fe0dc6da93_w14.png,7d3102fe0dc6da93,14,Lab,Particle
train/pd/7d3102fe0dc6da93_w21.png,7d3102fe0dc6da93,21,Lab,Particle
train/pd/7d3102fe0dc6da93_w26.png,7d3102fe0dc6da93,26,Lab,Particle
train/pd/7d32c184920851de_w01.png,7d32c184920851de,1,Lab,Void
train/pd/7d32c184920851de_w04.png,7d32c184920851de,4,Lab,Void
train/pd/7d32c184920851de_w11.png,7d32c184920851de,11,Lab,Void
train/pd/7d32c184920851de_w12.png,7d32c184920851de,12,Lab,Void
train/pd/7d32c184920851de_w13.png,7d32c184920851de,13,Lab,Void
train/pd/7d32c184920851de_w14.png,7d32c184920851de,14,Lab,Void
train/pd/7d32c184920851de_w16.png,7d32c184920851de,16,Lab,Void
train/pd/7d32c184920851de_w27.png,7d32c184920851de,27,Lab,Void
train/pd/7d3943c506800431_w03.png,7d3943c506800431,3,Lab,Void
train/pd/7d3943c506800431_w04.png,7d3943c506800431,4,Lab,Void
train/pd/7d3943c506800431_w05.png,7d3943c506800431,5,Lab,Void
train/pd/7d3943c506800431_w14.png,7d3943c506800431,14,Lab,Void
train/pd/7d3943c506800431_w19.png,7d3943c506800431,19,Lab,Void
train/pd/7d3943c506800431_w23.png,7d3943c506800431,23,Lab,Void
train/pd/7d3943c506800431_w25.png,7d3943c506800431,25,Lab,Void
train/pd/7d3943c506800431_w26.png,7d3943c506800431,26,Lab,Void
train/pd/7d3c44a9863da386_w00.png,7d3c44a9863da386,0,Lab,Corona
train/pd/7d3c44a9863da386_w06.png,7d3c44a9863da386,6,Lab,Corona
train/pd/7d3c44a9863da386_w07.png,7d3c44a9863da386,7,Lab,Corona
train/pd/7d3c44a9863da386_w09.png,7d3c44a9863da386,9,Lab,Corona
train/pd/7d3c44a9863da386_w11.png,7d3c44a9863da386,11,Lab,Corona
train/pd/7d3c44a9863da386_w16.png,7d3c44a9863da386,16,Lab,Corona
train/pd/7d3c44a9863da386_w22.png,7d3c44a9863da386,22,Lab,Corona
train/pd/7d3c44a9863da386_w23.png,7d3c44a9863da386,23,Lab,Corona
train/pd/7d887f06773d10d3_w02.png,7d887f06773d10d3,2,Lab,Particle
train/pd/7d887f06773d10d3_w03.png,7d887f06773d10d3,3,Lab,Particle
train/pd/7d887f06773d10d3_w08.png,7d887f06773d10d3,8,Lab,Particle
train/pd/7d887f06773d10d3_w10.png,7d887f06773d10d3,10,Lab,Particle
train/pd/7d887f06773d10d3_w15.png,7d887f06773d10d3,15,Lab,Particle
train/pd/7d887f06773d10d3_w17.png,7d887f06773d10d3,17,Lab,Particle
train/pd/7d887f06773d10d3_w20.png,7d887f06773d10d3,20,Lab,Particle
train/pd/7d887f06773d10d3_w24.png,7d887f06773d10d3,24,Lab,Particle
train/pd/7e010d7c84f2ac28_w02.png,7e010d7c84f2ac28,2,Lab,Particle
train/pd/7e010d7c84f2ac28_w10.png,7e010d7c84f2ac28,10,Lab,Particle
train/pd/7e010d7c84f2ac28_w11.png,7e010d7c84f2ac28,11,Lab,Particle
train/pd/7e010d7c84f2ac28_w14.png,7e010d7c84f2ac28,14,Lab,Particle
train/pd/7e010d7c84f2ac28_w18.png,7e010d7c84f2ac28,18,Lab,Particle
train/pd/7e010d7c84f2ac28_w20.png,7e010d7c84f2ac28,20,Lab,Particle
train/pd/7e010d7c84f2ac28_w21.png,7e010d7c84f2ac28,21,Lab,Particle
train/pd/7e010d7c84f2ac28_w24.png,7e010d7c84f2ac28,24,Lab,Particle
train/pd/7e232668d5b02a04_w00.png,7e232668d5b02a04,0,Field,Floating
train/pd/7e232668d5b02a04_w06.png,7e232668d5b02a04,6,Field,Floating
train/pd/7e232668d5b02a04_w07.png,7e232668d5b02a04,7,Field,Floating
train/pd/7e232668d5b02a04_w12.png,7e232668d5b02a04,12,Field,Floating
train/pd/7e232668d5b02a04_w15.png,7e232668d5b02a04,15,Field,Floating
train/pd/7e232668d5b02a04_w16.png,7e232668d5b02a04,16,Field,Floating
train/pd/7e232668d5b02a04_w22.png,7e232668d5b02a04,22,Field,Floating
train/pd/7e232668d5b02a04_w27.png,7e232668d5b02a04,27,Field,Floating
train/pd/7e3096d00c26cc8d_w00.png,7e3096d00c26cc8d,0,Lab,Corona
train/pd/7e3096d00c26cc8d_w09.png,7e3096d00c26cc8d,9,Lab,Corona
train/pd/7e3096d00c26cc8d_w15.png,7e3096d00c26cc8d,15,Lab,Corona
train/pd/7e3096d00c26cc8d_w22.png,7e3096d00c26cc8d,22,Lab,Corona
train/pd/7e3096d00c26cc8d_w23.png,7e3096d00c26cc8d,23,Lab,Corona
train/pd/7e3096d00c26cc8d_w25.png,7e3096d00c26cc8d,25,Lab,Corona
train/pd/7e3096d00c26cc8d_w26.png,7e3096d00c26cc8d,26,Lab,Corona
train/pd/7e3096d00c26cc8d_w27.png,7e3096d00c26cc8d,27,Lab,Corona
train/pd/7e43916c2ae73e6d_w00.png,7e43916c2ae73e6d,0,Lab,Particle
train/pd/7e43916c2ae73e6d_w05.png,7e43916c2ae73e6d,5,Lab,Particle
train/pd/7e43916c2ae73e6d_w12.png,7e43916c2ae73e6d,12,Lab,Particle
train/pd/7e43916c2ae73e6d_w15.png,7e43916c2ae73e6d,15,Lab,Particle
train/pd/7e43916c2ae73e6d_w22.png,7e43916c2ae73e6d,22,Lab,Particle
train/pd/7e43916c2ae73e6d_w24.png,7e43916c2ae73e6d,24,Lab,Particle
train/pd/7e43916c2ae73e6d_w25.png,7e43916c2ae73e6d,25,Lab,Particle
train/pd/7e43916c2ae73e6d_w27.png,7e43916c2ae73e6d,27,Lab,Particle
train/pd/7e75bb8c03be2ded_w06.png,7e75bb8c03be2ded,6,Lab,Particle
train/pd/7e75bb8c03be2ded_w09.png,7e75bb8c03be2ded,9,Lab,Particle
train/pd/7e75bb8c03be2ded_w18.png,7e75bb8c03be2ded,18,Lab,Particle
train/pd/7e75bb8c03be2ded_w20.png,7e75bb8c03be2ded,20,Lab,Particle
train/pd/7e75bb8c03be2ded_w21.png,7e75bb8c03be2ded,21,Lab,Particle
train/pd/7e75bb8c03be2ded_w23.png,7e75bb8c03be2ded,23,Lab,Particle
train/pd/7e75bb8c03be2ded_w24.png,7e75bb8c03be2ded,24,Lab,Particle
train/pd/7e75bb8c03be2ded_w26.png,7e75bb8c03be2ded,26,Lab,Particle
train/pd/7e7a5f196b4b914a_w00.png,7e7a5f196b4b914a,0,Lab,Void
train/pd/7e7a5f196b4b914a_w02.png,7e7a5f196b4b914a,2,Lab,Void
train/pd/7e7a5f196b4b914a_w04.png,7e7a5f196b4b914a,4,Lab,Void
train/pd/7e7a5f196b4b914a_w07.png,7e7a5f196b4b914a,7,Lab,Void
train/pd/7e7a5f196b4b914a_w10.png,7e7a5f196b4b914a,10,Lab,Void
train/pd/7e7a5f196b4b914a_w11.png,7e7a5f196b4b914a,11,Lab,Void
train/pd/7e7a5f196b4b914a_w19.png,7e7a5f196b4b914a,19,Lab,Void
train/pd/7e7a5f196b4b914a_w24.png,7e7a5f196b4b914a,24,Lab,Void
train/pd/7e9ace586b3e7d34_w00.png,7e9ace586b3e7d34,0,Lab,Void
train/pd/7e9ace586b3e7d34_w02.png,7e9ace586b3e7d34,2,Lab,Void
train/pd/7e9ace586b3e7d34_w04.png,7e9ace586b3e7d34,4,Lab,Void
train/pd/7e9ace586b3e7d34_w07.png,7e9ace586b3e7d34,7,Lab,Void
train/pd/7e9ace586b3e7d34_w11.png,7e9ace586b3e7d34,11,Lab,Void
train/pd/7e9ace586b3e7d34_w12.png,7e9ace586b3e7d34,12,Lab,Void
train/pd/7e9ace586b3e7d34_w19.png,7e9ace586b3e7d34,19,Lab,Void
train/pd/7e9ace586b3e7d34_w27.png,7e9ace586b3e7d34,27,Lab,Void
train/pd/7eb19f7da9814c0b_w02.png,7eb19f7da9814c0b,2,Lab,Void
train/pd/7eb19f7da9814c0b_w04.png,7eb19f7da9814c0b,4,Lab,Void
train/pd/7eb19f7da9814c0b_w06.png,7eb19f7da9814c0b,6,Lab,Void
train/pd/7eb19f7da9814c0b_w09.png,7eb19f7da9814c0b,9,Lab,Void
train/pd/7eb19f7da9814c0b_w15.png,7eb19f7da9814c0b,15,Lab,Void
train/pd/7eb19f7da9814c0b_w22.png,7eb19f7da9814c0b,22,Lab,Void
train/pd/7eb19f7da9814c0b_w25.png,7eb19f7da9814c0b,25,Lab,Void
train/pd/7eb19f7da9814c0b_w27.png,7eb19f7da9814c0b,27,Lab,Void
train/pd/7eba8c5fdc8dd013_w00.png,7eba8c5fdc8dd013,0,Lab,Particle
train/pd/7eba8c5fdc8dd013_w05.png,7eba8c5fdc8dd013,5,Lab,Particle
train/pd/7eba8c5fdc8dd013_w09.png,7eba8c5fdc8dd013,9,Lab,Particle
train/pd/7eba8c5fdc8dd013_w14.png,7eba8c5fdc8dd013,14,Lab,Particle
train/pd/7eba8c5fdc8dd013_w21.png,7eba8c5fdc8dd013,21,Lab,Particle
train/pd/7eba8c5fdc8dd013_w24.png,7eba8c5fdc8dd013,24,Lab,Particle
train/pd/7eba8c5fdc8dd013_w26.png,7eba8c5fdc8dd013,26,Lab,Particle
train/pd/7eba8c5fdc8dd013_w27.png,7eba8c5fdc8dd013,27,Lab,Particle
train/pd/7ebae18133955247_w01.png,7ebae18133955247,1,Lab,Floating
train/pd/7ebae18133955247_w13.png,7ebae18133955247,13,Lab,Floating
train/pd/7ebae18133955247_w14.png,7ebae18133955247,14,Lab,Floating
train/pd/7ebae18133955247_w15.png,7ebae18133955247,15,Lab,Floating
train/pd/7ebae18133955247_w16.png,7ebae18133955247,16,Lab,Floating
train/pd/7ebae18133955247_w17.png,7ebae18133955247,17,Lab,Floating
train/pd/7ebae18133955247_w22.png,7ebae18133955247,22,Lab,Floating
train/pd/7ebae18133955247_w25.png,7ebae18133955247,25,Lab,Floating
train/pd/7ecc0ed73f4a40d2_w00.png,7ecc0ed73f4a40d2,0,Field,Corona
train/pd/7ecc0ed73f4a40d2_w01.png,7ecc0ed73f4a40d2,1,Field,Corona
train/pd/7ecc0ed73f4a40d2_w07.png,7ecc0ed73f4a40d2,7,Field,Corona
train/pd/7ecc0ed73f4a40d2_w09.png,7ecc0ed73f4a40d2,9,Field,Corona
train/pd/7ecc0ed73f4a40d2_w14.png,7ecc0ed73f4a40d2,14,Field,Corona
train/pd/7ecc0ed73f4a40d2_w16.png,7ecc0ed73f4a40d2,16,Field,Corona
train/pd/7ecc0ed73f4a40d2_w18.png,7ecc0ed73f4a40d2,18,Field,Corona
train/pd/7ecc0ed73f4a40d2_w19.png,7ecc0ed73f4a40d2,19,Field,Corona
train/pd/7efa77df3c9b02f3_w00.png,7efa77df3c9b02f3,0,Lab,Void
train/pd/7efa77df3c9b02f3_w01.png,7efa77df3c9b02f3,1,Lab,Void
train/pd/7efa77df3c9b02f3_w02.png,7efa77df3c9b02f3,2,Lab,Void
train/pd/7efa77df3c9b02f3_w07.png,7efa77df3c9b02f3,7,Lab,Void
train/pd/7efa77df3c9b02f3_w23.png,7efa77df3c9b02f3,23,Lab,Void
train/pd/7efa77df3c9b02f3_w25.png,7efa77df3c9b02f3,25,Lab,Void
train/pd/7efa77df3c9b02f3_w26.png,7efa77df3c9b02f3,26,Lab,Void
train/pd/7efa77df3c9b02f3_w27.png,7efa77df3c9b02f3,27,Lab,Void
train/pd/7f0d5cfd9dc82995_w03.png,7f0d5cfd9dc82995,3,Lab,Corona
train/pd/7f0d5cfd9dc82995_w06.png,7f0d5cfd9dc82995,6,Lab,Corona
train/pd/7f0d5cfd9dc82995_w10.png,7f0d5cfd9dc82995,10,Lab,Corona
train/pd/7f0d5cfd9dc82995_w11.png,7f0d5cfd9dc82995,11,Lab,Corona
train/pd/7f0d5cfd9dc82995_w12.png,7f0d5cfd9dc82995,12,Lab,Corona
train/pd/7f0d5cfd9dc82995_w13.png,7f0d5cfd9dc82995,13,Lab,Corona
train/pd/7f0d5cfd9dc82995_w14.png,7f0d5cfd9dc82995,14,Lab,Corona
train/pd/7f0d5cfd9dc82995_w23.png,7f0d5cfd9dc82995,23,Lab,Corona
train/pd/7f814bb4227f7a0c_w03.png,7f814bb4227f7a0c,3,Field,Void
train/pd/7f814bb4227f7a0c_w07.png,7f814bb4227f7a0c,7,Field,Void
train/pd/7f814bb4227f7a0c_w08.png,7f814bb4227f7a0c,8,Field,Void
train/pd/7f814bb4227f7a0c_w16.png,7f814bb4227f7a0c,16,Field,Void
train/pd/7f814bb4227f7a0c_w21.png,7f814bb4227f7a0c,21,Field,Void
train/pd/7f814bb4227f7a0c_w22.png,7f814bb4227f7a0c,22,Field,Void
train/pd/7f814bb4227f7a0c_w23.png,7f814bb4227f7a0c,23,Field,Void
train/pd/7f814bb4227f7a0c_w24.png,7f814bb4227f7a0c,24,Field,Void
train/pd/7fa02e566b91381d_w00.png,7fa02e566b91381d,0,Lab,Floating
train/pd/7fa02e566b91381d_w01.png,7fa02e566b91381d,1,Lab,Floating
train/pd/7fa02e566b91381d_w04.png,7fa02e566b91381d,4,Lab,Floating
train/pd/7fa02e566b91381d_w06.png,7fa02e566b91381d,6,Lab,Floating
train/pd/7fa02e566b91381d_w09.png,7fa02e566b91381d,9,Lab,Floating
train/pd/7fa02e566b91381d_w10.png,7fa02e566b91381d,10,Lab,Floating
train/pd/7fa02e566b91381d_w21.png,7fa02e566b91381d,21,Lab,Floating
train/pd/7fa02e566b91381d_w24.png,7fa02e566b91381d,24,Lab,Floating
train/pd/7fc65522d8b3ad2b_w00.png,7fc65522d8b3ad2b,0,Lab,Void
train/pd/7fc65522d8b3ad2b_w01.png,7fc65522d8b3ad2b,1,Lab,Void
train/pd/7fc65522d8b3ad2b_w03.png,7fc65522d8b3ad2b,3,Lab,Void
train/pd/7fc65522d8b3ad2b_w07.png,7fc65522d8b3ad2b,7,Lab,Void
train/pd/7fc65522d8b3ad2b_w10.png,7fc65522d8b3ad2b,10,Lab,Void
train/pd/7fc65522d8b3ad2b_w17.png,7fc65522d8b3ad2b,17,Lab,Void
train/pd/7fc65522d8b3ad2b_w23.png,7fc65522d8b3ad2b,23,Lab,Void
train/pd/7fc65522d8b3ad2b_w24.png,7fc65522d8b3ad2b,24,Lab,Void
train/pd/80103d43d17da672_w00.png,80103d43d17da672,0,Field,Floating
train/pd/80103d43d17da672_w05.png,80103d43d17da672,5,Field,Floating
train/pd/80103d43d17da672_w08.png,80103d43d17da672,8,Field,Floating
train/pd/80103d43d17da672_w09.png,80103d43d17da672,9,Field,Floating
train/pd/80103d43d17da672_w12.png,80103d43d17da672,12,Field,Floating
train/pd/80103d43d17da672_w13.png,80103d43d17da672,13,Field,Floating
train/pd/80103d43d17da672_w18.png,80103d43d17da672,18,Field,Floating
train/pd/80103d43d17da672_w27.png,80103d43d17da672,27,Field,Floating
train/pd/802ab606a7314c08_w01.png,802ab606a7314c08,1,Field,Void
train/pd/802ab606a7314c08_w04.png,802ab606a7314c08,4,Field,Void
train/pd/802ab606a7314c08_w09.png,802ab606a7314c08,9,Field,Void
train/pd/802ab606a7314c08_w12.png,802ab606a7314c08,12,Field,Void
train/pd/802ab606a7314c08_w17.png,802ab606a7314c08,17,Field,Void
train/pd/802ab606a7314c08_w22.png,802ab606a7314c08,22,Field,Void
train/pd/802ab606a7314c08_w23.png,802ab606a7314c08,23,Field,Void
train/pd/802ab606a7314c08_w26.png,802ab606a7314c08,26,Field,Void
train/pd/8031f3c924abe380_w02.png,8031f3c924abe380,2,Lab,Corona
train/pd/8031f3c924abe380_w06.png,8031f3c924abe380,6,Lab,Corona
train/pd/8031f3c924abe380_w08.png,8031f3c924abe380,8,Lab,Corona
train/pd/8031f3c924abe380_w10.png,8031f3c924abe380,10,Lab,Corona
train/pd/8031f3c924abe380_w13.png,8031f3c924abe380,13,Lab,Corona
train/pd/8031f3c924abe380_w16.png,8031f3c924abe380,16,Lab,Corona
train/pd/8031f3c924abe380_w23.png,8031f3c924abe380,23,Lab,Corona
train/pd/8031f3c924abe380_w24.png,8031f3c924abe380,24,Lab,Corona
train/pd/804478e8a3494436_w04.png,804478e8a3494436,4,Lab,Corona
train/pd/804478e8a3494436_w10.png,804478e8a3494436,10,Lab,Corona
train/pd/804478e8a3494436_w13.png,804478e8a3494436,13,Lab,Corona
train/pd/804478e8a3494436_w15.png,804478e8a3494436,15,Lab,Corona
train/pd/804478e8a3494436_w16.png,804478e8a3494436,16,Lab,Corona
train/pd/804478e8a3494436_w18.png,804478e8a3494436,18,Lab,Corona
train/pd/804478e8a3494436_w22.png,804478e8a3494436,22,Lab,Corona
train/pd/804478e8a3494436_w24.png,804478e8a3494436,24,Lab,Corona
train/pd/805f7769820d21f7_w00.png,805f7769820d21f7,0,Lab,Void
train/pd/805f7769820d21f7_w01.png,805f7769820d21f7,1,Lab,Void
train/pd/805f7769820d21f7_w06.png,805f7769820d21f7,6,Lab,Void
train/pd/805f7769820d21f7_w09.png,805f7769820d21f7,9,Lab,Void
train/pd/805f7769820d21f7_w14.png,805f7769820d21f7,14,Lab,Void
train/pd/805f7769820d21f7_w15.png,805f7769820d21f7,15,Lab,Void
train/pd/805f7769820d21f7_w17.png,805f7769820d21f7,17,Lab,Void
train/pd/805f7769820d21f7_w22.png,805f7769820d21f7,22,Lab,Void
train/pd/8074cdc80725edea_w00.png,8074cdc80725edea,0,Lab,Void
train/pd/8074cdc80725edea_w01.png,8074cdc80725edea,1,Lab,Void
train/pd/8074cdc80725edea_w03.png,8074cdc80725edea,3,Lab,Void
train/pd/8074cdc80725edea_w08.png,8074cdc80725edea,8,Lab,Void
train/pd/8074cdc80725edea_w09.png,8074cdc80725edea,9,Lab,Void
train/pd/8074cdc80725edea_w10.png,8074cdc80725edea,10,Lab,Void
train/pd/8074cdc80725edea_w17.png,8074cdc80725edea,17,Lab,Void
train/pd/8074cdc80725edea_w24.png,8074cdc80725edea,24,Lab,Void
train/pd/807a64e2d5160aaf_w01.png,807a64e2d5160aaf,1,Lab,Particle
train/pd/807a64e2d5160aaf_w03.png,807a64e2d5160aaf,3,Lab,Particle
train/pd/807a64e2d5160aaf_w05.png,807a64e2d5160aaf,5,Lab,Particle
train/pd/807a64e2d5160aaf_w14.png,807a64e2d5160aaf,14,Lab,Particle
train/pd/807a64e2d5160aaf_w15.png,807a64e2d5160aaf,15,Lab,Particle
train/pd/807a64e2d5160aaf_w17.png,807a64e2d5160aaf,17,Lab,Particle
train/pd/807a64e2d5160aaf_w21.png,807a64e2d5160aaf,21,Lab,Particle
train/pd/807a64e2d5160aaf_w25.png,807a64e2d5160aaf,25,Lab,Particle
train/pd/808efed2b327d252_w00.png,808efed2b327d252,0,Lab,Corona
train/pd/808efed2b327d252_w03.png,808efed2b327d252,3,Lab,Corona
train/pd/808efed2b327d252_w05.png,808efed2b327d252,5,Lab,Corona
train/pd/808efed2b327d252_w12.png,808efed2b327d252,12,Lab,Corona
train/pd/808efed2b327d252_w15.png,808efed2b327d252,15,Lab,Corona
train/pd/808efed2b327d252_w21.png,808efed2b327d252,21,Lab,Corona
train/pd/808efed2b327d252_w22.png,808efed2b327d252,22,Lab,Corona
train/pd/808efed2b327d252_w27.png,808efed2b327d252,27,Lab,Corona
train/pd/80a5d95ff5236a11_w00.png,80a5d95ff5236a11,0,Field,Void
train/pd/80a5d95ff5236a11_w01.png,80a5d95ff5236a11,1,Field,Void
train/pd/80a5d95ff5236a11_w02.png,80a5d95ff5236a11,2,Field,Void
train/pd/80a5d95ff5236a11_w09.png,80a5d95ff5236a11,9,Field,Void
train/pd/80a5d95ff5236a11_w10.png,80a5d95ff5236a11,10,Field,Void
train/pd/80a5d95ff5236a11_w16.png,80a5d95ff5236a11,16,Field,Void
train/pd/80a5d95ff5236a11_w23.png,80a5d95ff5236a11,23,Field,Void
train/pd/80a5d95ff5236a11_w26.png,80a5d95ff5236a11,26,Field,Void
train/pd/80d2c15a0568f6b1_w00.png,80d2c15a0568f6b1,0,Lab,Corona
train/pd/80d2c15a0568f6b1_w03.png,80d2c15a0568f6b1,3,Lab,Corona
train/pd/80d2c15a0568f6b1_w06.png,80d2c15a0568f6b1,6,Lab,Corona
train/pd/80d2c15a0568f6b1_w10.png,80d2c15a0568f6b1,10,Lab,Corona
train/pd/80d2c15a0568f6b1_w16.png,80d2c15a0568f6b1,16,Lab,Corona
train/pd/80d2c15a0568f6b1_w20.png,80d2c15a0568f6b1,20,Lab,Corona
train/pd/80d2c15a0568f6b1_w24.png,80d2c15a0568f6b1,24,Lab,Corona
train/pd/80d2c15a0568f6b1_w25.png,80d2c15a0568f6b1,25,Lab,Corona
train/pd/80d428f3f1d26a09_w01.png,80d428f3f1d26a09,1,Field,Void
train/pd/80d428f3f1d26a09_w06.png,80d428f3f1d26a09,6,Field,Void
train/pd/80d428f3f1d26a09_w07.png,80d428f3f1d26a09,7,Field,Void
train/pd/80d428f3f1d26a09_w09.png,80d428f3f1d26a09,9,Field,Void
train/pd/80d428f3f1d26a09_w18.png,80d428f3f1d26a09,18,Field,Void
train/pd/80d428f3f1d26a09_w21.png,80d428f3f1d26a09,21,Field,Void
train/pd/80d428f3f1d26a09_w24.png,80d428f3f1d26a09,24,Field,Void
train/pd/80d428f3f1d26a09_w25.png,80d428f3f1d26a09,25,Field,Void
train/pd/810b7df07bbaa3c7_w00.png,810b7df07bbaa3c7,0,Field,Corona
train/pd/810b7df07bbaa3c7_w08.png,810b7df07bbaa3c7,8,Field,Corona
train/pd/810b7df07bbaa3c7_w12.png,810b7df07bbaa3c7,12,Field,Corona
train/pd/810b7df07bbaa3c7_w13.png,810b7df07bbaa3c7,13,Field,Corona
train/pd/810b7df07bbaa3c7_w14.png,810b7df07bbaa3c7,14,Field,Corona
train/pd/810b7df07bbaa3c7_w16.png,810b7df07bbaa3c7,16,Field,Corona
train/pd/810b7df07bbaa3c7_w19.png,810b7df07bbaa3c7,19,Field,Corona
train/pd/810b7df07bbaa3c7_w22.png,810b7df07bbaa3c7,22,Field,Corona
train/pd/813748fc2e4d83c9_w01.png,813748fc2e4d83c9,1,Lab,Void
train/pd/813748fc2e4d83c9_w09.png,813748fc2e4d83c9,9,Lab,Void
train/pd/813748fc2e4d83c9_w10.png,813748fc2e4d83c9,10,Lab,Void
train/pd/813748fc2e4d83c9_w12.png,813748fc2e4d83c9,12,Lab,Void
train/pd/813748fc2e4d83c9_w13.png,813748fc2e4d83c9,13,Lab,Void
train/pd/813748fc2e4d83c9_w20.png,813748fc2e4d83c9,20,Lab,Void
train/pd/813748fc2e4d83c9_w22.png,813748fc2e4d83c9,22,Lab,Void
train/pd/813748fc2e4d83c9_w23.png,813748fc2e4d83c9,23,Lab,Void
train/pd/817b609504173c41_w01.png,817b609504173c41,1,Lab,Void
train/pd/817b609504173c41_w05.png,817b609504173c41,5,Lab,Void
train/pd/817b609504173c41_w07.png,817b609504173c41,7,Lab,Void
train/pd/817b609504173c41_w08.png,817b609504173c41,8,Lab,Void
train/pd/817b609504173c41_w09.png,817b609504173c41,9,Lab,Void
train/pd/817b609504173c41_w14.png,817b609504173c41,14,Lab,Void
train/pd/817b609504173c41_w16.png,817b609504173c41,16,Lab,Void
train/pd/817b609504173c41_w27.png,817b609504173c41,27,Lab,Void
train/pd/818258f17d6154be_w05.png,818258f17d6154be,5,Lab,Floating
train/pd/818258f17d6154be_w09.png,818258f17d6154be,9,Lab,Floating
train/pd/818258f17d6154be_w10.png,818258f17d6154be,10,Lab,Floating
train/pd/818258f17d6154be_w15.png,818258f17d6154be,15,Lab,Floating
train/pd/818258f17d6154be_w17.png,818258f17d6154be,17,Lab,Floating
train/pd/818258f17d6154be_w21.png,818258f17d6154be,21,Lab,Floating
train/pd/818258f17d6154be_w22.png,818258f17d6154be,22,Lab,Floating
train/pd/818258f17d6154be_w24.png,818258f17d6154be,24,Lab,Floating
train/pd/81a34254c9b5f71f_w03.png,81a34254c9b5f71f,3,Lab,Void
train/pd/81a34254c9b5f71f_w04.png,81a34254c9b5f71f,4,Lab,Void
train/pd/81a34254c9b5f71f_w11.png,81a34254c9b5f71f,11,Lab,Void
train/pd/81a34254c9b5f71f_w12.png,81a34254c9b5f71f,12,Lab,Void
train/pd/81a34254c9b5f71f_w15.png,81a34254c9b5f71f,15,Lab,Void
train/pd/81a34254c9b5f71f_w18.png,81a34254c9b5f71f,18,Lab,Void
train/pd/81a34254c9b5f71f_w24.png,81a34254c9b5f71f,24,Lab,Void
train/pd/81a34254c9b5f71f_w25.png,81a34254c9b5f71f,25,Lab,Void
train/pd/81b0ea40133be371_w00.png,81b0ea40133be371,0,Lab,Particle
train/pd/81b0ea40133be371_w07.png,81b0ea40133be371,7,Lab,Particle
train/pd/81b0ea40133be371_w08.png,81b0ea40133be371,8,Lab,Particle
train/pd/81b0ea40133be371_w10.png,81b0ea40133be371,10,Lab,Particle
train/pd/81b0ea40133be371_w18.png,81b0ea40133be371,18,Lab,Particle
train/pd/81b0ea40133be371_w20.png,81b0ea40133be371,20,Lab,Particle
train/pd/81b0ea40133be371_w21.png,81b0ea40133be371,21,Lab,Particle
train/pd/81b0ea40133be371_w22.png,81b0ea40133be371,22,Lab,Particle
train/pd/821d3cd0da74c33f_w01.png,821d3cd0da74c33f,1,Lab,Particle
train/pd/821d3cd0da74c33f_w02.png,821d3cd0da74c33f,2,Lab,Particle
train/pd/821d3cd0da74c33f_w03.png,821d3cd0da74c33f,3,Lab,Particle
train/pd/821d3cd0da74c33f_w06.png,821d3cd0da74c33f,6,Lab,Particle
train/pd/821d3cd0da74c33f_w08.png,821d3cd0da74c33f,8,Lab,Particle
train/pd/821d3cd0da74c33f_w14.png,821d3cd0da74c33f,14,Lab,Particle
train/pd/821d3cd0da74c33f_w15.png,821d3cd0da74c33f,15,Lab,Particle
train/pd/821d3cd0da74c33f_w27.png,821d3cd0da74c33f,27,Lab,Particle
train/pd/8244854ccb8b4023_w00.png,8244854ccb8b4023,0,Lab,Void
train/pd/8244854ccb8b4023_w02.png,8244854ccb8b4023,2,Lab,Void
train/pd/8244854ccb8b4023_w03.png,8244854ccb8b4023,3,Lab,Void
train/pd/8244854ccb8b4023_w09.png,8244854ccb8b4023,9,Lab,Void
train/pd/8244854ccb8b4023_w17.png,8244854ccb8b4023,17,Lab,Void
train/pd/8244854ccb8b4023_w22.png,8244854ccb8b4023,22,Lab,Void
train/pd/8244854ccb8b4023_w24.png,8244854ccb8b4023,24,Lab,Void
train/pd/8244854ccb8b4023_w27.png,8244854ccb8b4023,27,Lab,Void
train/pd/825158c2d64fe5b9_w00.png,825158c2d64fe5b9,0,Field,Void
train/pd/825158c2d64fe5b9_w07.png,825158c2d64fe5b9,7,Field,Void
train/pd/825158c2d64fe5b9_w12.png,825158c2d64fe5b9,12,Field,Void
train/pd/825158c2d64fe5b9_w16.png,825158c2d64fe5b9,16,Field,Void
train/pd/825158c2d64fe5b9_w17.png,825158c2d64fe5b9,17,Field,Void
train/pd/825158c2d64fe5b9_w19.png,825158c2d64fe5b9,19,Field,Void
train/pd/825158c2d64fe5b9_w22.png,825158c2d64fe5b9,22,Field,Void
train/pd/825158c2d64fe5b9_w24.png,825158c2d64fe5b9,24,Field,Void
train/pd/8252a51104f40eaf_w04.png,8252a51104f40eaf,4,Field,Floating
train/pd/8252a51104f40eaf_w05.png,8252a51104f40eaf,5,Field,Floating
train/pd/8252a51104f40eaf_w06.png,8252a51104f40eaf,6,Field,Floating
train/pd/8252a51104f40eaf_w07.png,8252a51104f40eaf,7,Field,Floating
train/pd/8252a51104f40eaf_w10.png,8252a51104f40eaf,10,Field,Floating
train/pd/8252a51104f40eaf_w17.png,8252a51104f40eaf,17,Field,Floating
train/pd/8252a51104f40eaf_w22.png,8252a51104f40eaf,22,Field,Floating
train/pd/8252a51104f40eaf_w23.png,8252a51104f40eaf,23,Field,Floating
train/pd/82788e73515480a5_w02.png,82788e73515480a5,2,Lab,Particle
train/pd/82788e73515480a5_w03.png,82788e73515480a5,3,Lab,Particle
train/pd/82788e73515480a5_w09.png,82788e73515480a5,9,Lab,Particle
train/pd/82788e73515480a5_w11.png,82788e73515480a5,11,Lab,Particle
train/pd/82788e73515480a5_w15.png,82788e73515480a5,15,Lab,Particle
train/pd/82788e73515480a5_w18.png,82788e73515480a5,18,Lab,Particle
train/pd/82788e73515480a5_w21.png,82788e73515480a5,21,Lab,Particle
train/pd/82788e73515480a5_w23.png,82788e73515480a5,23,Lab,Particle
train/pd/82860a7107dd50b6_w04.png,82860a7107dd50b6,4,Lab,Void
train/pd/82860a7107dd50b6_w08.png,82860a7107dd50b6,8,Lab,Void
train/pd/82860a7107dd50b6_w09.png,82860a7107dd50b6,9,Lab,Void
train/pd/82860a7107dd50b6_w12.png,82860a7107dd50b6,12,Lab,Void
train/pd/82860a7107dd50b6_w23.png,82860a7107dd50b6,23,Lab,Void
train/pd/82860a7107dd50b6_w25.png,82860a7107dd50b6,25,Lab,Void
train/pd/82860a7107dd50b6_w26.png,82860a7107dd50b6,26,Lab,Void
train/pd/82860a7107dd50b6_w27.png,82860a7107dd50b6,27,Lab,Void
train/pd/828827ae078a189d_w00.png,828827ae078a189d,0,Lab,Void
train/pd/828827ae078a189d_w04.png,828827ae078a189d,4,Lab,Void
train/pd/828827ae078a189d_w05.png,828827ae078a189d,5,Lab,Void
train/pd/828827ae078a189d_w06.png,828827ae078a189d,6,Lab,Void
train/pd/828827ae078a189d_w07.png,828827ae078a189d,7,Lab,Void
train/pd/828827ae078a189d_w08.png,828827ae078a189d,8,Lab,Void
train/pd/828827ae078a189d_w16.png,828827ae078a189d,16,Lab,Void
train/pd/828827ae078a189d_w18.png,828827ae078a189d,18,Lab,Void
train/pd/82a32e1213b09782_w01.png,82a32e1213b09782,1,Lab,Void
train/pd/82a32e1213b09782_w07.png,82a32e1213b09782,7,Lab,Void
train/pd/82a32e1213b09782_w09.png,82a32e1213b09782,9,Lab,Void
train/pd/82a32e1213b09782_w11.png,82a32e1213b09782,11,Lab,Void
train/pd/82a32e1213b09782_w13.png,82a32e1213b09782,13,Lab,Void
train/pd/82a32e1213b09782_w21.png,82a32e1213b09782,21,Lab,Void
train/pd/82a32e1213b09782_w25.png,82a32e1213b09782,25,Lab,Void
train/pd/82a32e1213b09782_w27.png,82a32e1213b09782,27,Lab,Void
train/pd/82b12a655cdf7252_w03.png,82b12a655cdf7252,3,Field,Floating
train/pd/82b12a655cdf7252_w07.png,82b12a655cdf7252,7,Field,Floating
train/pd/82b12a655cdf7252_w08.png,82b12a655cdf7252,8,Field,Floating
train/pd/82b12a655cdf7252_w09.png,82b12a655cdf7252,9,Field,Floating
train/pd/82b12a655cdf7252_w11.png,82b12a655cdf7252,11,Field,Floating
train/pd/82b12a655cdf7252_w13.png,82b12a655cdf7252,13,Field,Floating
train/pd/82b12a655cdf7252_w14.png,82b12a655cdf7252,14,Field,Floating
train/pd/82b12a655cdf7252_w25.png,82b12a655cdf7252,25,Field,Floating
train/pd/82f3fd66221f109e_w01.png,82f3fd66221f109e,1,Field,Void
train/pd/82f3fd66221f109e_w02.png,82f3fd66221f109e,2,Field,Void
train/pd/82f3fd66221f109e_w06.png,82f3fd66221f109e,6,Field,Void
train/pd/82f3fd66221f109e_w15.png,82f3fd66221f109e,15,Field,Void
train/pd/82f3fd66221f109e_w22.png,82f3fd66221f109e,22,Field,Void
train/pd/82f3fd66221f109e_w23.png,82f3fd66221f109e,23,Field,Void
train/pd/82f3fd66221f109e_w24.png,82f3fd66221f109e,24,Field,Void
train/pd/82f3fd66221f109e_w25.png,82f3fd66221f109e,25,Field,Void
train/pd/82f97c70fc55363c_w06.png,82f97c70fc55363c,6,Lab,Floating
train/pd/82f97c70fc55363c_w10.png,82f97c70fc55363c,10,Lab,Floating
train/pd/82f97c70fc55363c_w15.png,82f97c70fc55363c,15,Lab,Floating
train/pd/82f97c70fc55363c_w17.png,82f97c70fc55363c,17,Lab,Floating
train/pd/82f97c70fc55363c_w20.png,82f97c70fc55363c,20,Lab,Floating
train/pd/82f97c70fc55363c_w21.png,82f97c70fc55363c,21,Lab,Floating
train/pd/82f97c70fc55363c_w26.png,82f97c70fc55363c,26,Lab,Floating
train/pd/82f97c70fc55363c_w27.png,82f97c70fc55363c,27,Lab,Floating
train/pd/830afe4a2656069b_w01.png,830afe4a2656069b,1,Lab,Floating
train/pd/830afe4a2656069b_w02.png,830afe4a2656069b,2,Lab,Floating
train/pd/830afe4a2656069b_w03.png,830afe4a2656069b,3,Lab,Floating
train/pd/830afe4a2656069b_w04.png,830afe4a2656069b,4,Lab,Floating
train/pd/830afe4a2656069b_w05.png,830afe4a2656069b,5,Lab,Floating
train/pd/830afe4a2656069b_w16.png,830afe4a2656069b,16,Lab,Floating
train/pd/830afe4a2656069b_w23.png,830afe4a2656069b,23,Lab,Floating
train/pd/830afe4a2656069b_w26.png,830afe4a2656069b,26,Lab,Floating
train/pd/834c84b3b99ec1dd_w07.png,834c84b3b99ec1dd,7,Lab,Void
train/pd/834c84b3b99ec1dd_w08.png,834c84b3b99ec1dd,8,Lab,Void
train/pd/834c84b3b99ec1dd_w12.png,834c84b3b99ec1dd,12,Lab,Void
train/pd/834c84b3b99ec1dd_w17.png,834c84b3b99ec1dd,17,Lab,Void
train/pd/834c84b3b99ec1dd_w18.png,834c84b3b99ec1dd,18,Lab,Void
train/pd/834c84b3b99ec1dd_w22.png,834c84b3b99ec1dd,22,Lab,Void
train/pd/834c84b3b99ec1dd_w24.png,834c84b3b99ec1dd,24,Lab,Void
train/pd/834c84b3b99ec1dd_w27.png,834c84b3b99ec1dd,27,Lab,Void
train/pd/834e0304cefc17d1_w06.png,834e0304cefc17d1,6,Lab,Floating
train/pd/834e0304cefc17d1_w09.png,834e0304cefc17d1,9,Lab,Floating
train/pd/834e0304cefc17d1_w11.png,834e0304cefc17d1,11,Lab,Floating
train/pd/834e0304cefc17d1_w15.png,834e0304cefc17d1,15,Lab,Floating
train/pd/834e0304cefc17d1_w16.png,834e0304cefc17d1,16,Lab,Floating
train/pd/834e0304cefc17d1_w17.png,834e0304cefc17d1,17,Lab,Floating
train/pd/834e0304cefc17d1_w20.png,834e0304cefc17d1,20,Lab,Floating
train/pd/834e0304cefc17d1_w22.png,834e0304cefc17d1,22,Lab,Floating
train/pd/836789467d9b8dee_w01.png,836789467d9b8dee,1,Field,Floating
train/pd/836789467d9b8dee_w02.png,836789467d9b8dee,2,Field,Floating
train/pd/836789467d9b8dee_w07.png,836789467d9b8dee,7,Field,Floating
train/pd/836789467d9b8dee_w08.png,836789467d9b8dee,8,Field,Floating
train/pd/836789467d9b8dee_w16.png,836789467d9b8dee,16,Field,Floating
train/pd/836789467d9b8dee_w17.png,836789467d9b8dee,17,Field,Floating
train/pd/836789467d9b8dee_w19.png,836789467d9b8dee,19,Field,Floating
train/pd/836789467d9b8dee_w21.png,836789467d9b8dee,21,Field,Floating
train/pd/836f1aeb04497627_w04.png,836f1aeb04497627,4,Lab,Floating
train/pd/836f1aeb04497627_w05.png,836f1aeb04497627,5,Lab,Floating
train/pd/836f1aeb04497627_w08.png,836f1aeb04497627,8,Lab,Floating
train/pd/836f1aeb04497627_w09.png,836f1aeb04497627,9,Lab,Floating
train/pd/836f1aeb04497627_w10.png,836f1aeb04497627,10,Lab,Floating
train/pd/836f1aeb04497627_w11.png,836f1aeb04497627,11,Lab,Floating
train/pd/836f1aeb04497627_w13.png,836f1aeb04497627,13,Lab,Floating
train/pd/836f1aeb04497627_w24.png,836f1aeb04497627,24,Lab,Floating
train/pd/8399916af50860bd_w05.png,8399916af50860bd,5,Lab,Floating
train/pd/8399916af50860bd_w07.png,8399916af50860bd,7,Lab,Floating
train/pd/8399916af50860bd_w09.png,8399916af50860bd,9,Lab,Floating
train/pd/8399916af50860bd_w14.png,8399916af50860bd,14,Lab,Floating
train/pd/8399916af50860bd_w17.png,8399916af50860bd,17,Lab,Floating
train/pd/8399916af50860bd_w19.png,8399916af50860bd,19,Lab,Floating
train/pd/8399916af50860bd_w23.png,8399916af50860bd,23,Lab,Floating
train/pd/8399916af50860bd_w25.png,8399916af50860bd,25,Lab,Floating
train/pd/839fae35306dfa21_w01.png,839fae35306dfa21,1,Lab,Floating
train/pd/839fae35306dfa21_w06.png,839fae35306dfa21,6,Lab,Floating
train/pd/839fae35306dfa21_w11.png,839fae35306dfa21,11,Lab,Floating
train/pd/839fae35306dfa21_w14.png,839fae35306dfa21,14,Lab,Floating
train/pd/839fae35306dfa21_w19.png,839fae35306dfa21,19,Lab,Floating
train/pd/839fae35306dfa21_w20.png,839fae35306dfa21,20,Lab,Floating
train/pd/839fae35306dfa21_w25.png,839fae35306dfa21,25,Lab,Floating
train/pd/839fae35306dfa21_w26.png,839fae35306dfa21,26,Lab,Floating
train/pd/8424b1e4d12ca8ba_w16.png,8424b1e4d12ca8ba,16,Lab,Void
train/pd/8424b1e4d12ca8ba_w17.png,8424b1e4d12ca8ba,17,Lab,Void
train/pd/8424b1e4d12ca8ba_w18.png,8424b1e4d12ca8ba,18,Lab,Void
train/pd/8424b1e4d12ca8ba_w19.png,8424b1e4d12ca8ba,19,Lab,Void
train/pd/8424b1e4d12ca8ba_w20.png,8424b1e4d12ca8ba,20,Lab,Void
train/pd/8424b1e4d12ca8ba_w23.png,8424b1e4d12ca8ba,23,Lab,Void
train/pd/8424b1e4d12ca8ba_w24.png,8424b1e4d12ca8ba,24,Lab,Void
train/pd/8424b1e4d12ca8ba_w26.png,8424b1e4d12ca8ba,26,Lab,Void
train/pd/8433480f7d1d6a31_w00.png,8433480f7d1d6a31,0,Lab,Floating
train/pd/8433480f7d1d6a31_w02.png,8433480f7d1d6a31,2,Lab,Floating
train/pd/8433480f7d1d6a31_w07.png,8433480f7d1d6a31,7,Lab,Floating
train/pd/8433480f7d1d6a31_w10.png,8433480f7d1d6a31,10,Lab,Floating
train/pd/8433480f7d1d6a31_w12.png,8433480f7d1d6a31,12,Lab,Floating
train/pd/8433480f7d1d6a31_w14.png,8433480f7d1d6a31,14,Lab,Floating
train/pd/8433480f7d1d6a31_w17.png,8433480f7d1d6a31,17,Lab,Floating
train/pd/8433480f7d1d6a31_w19.png,8433480f7d1d6a31,19,Lab,Floating
train/pd/845bb0ee336b5d46_w04.png,845bb0ee336b5d46,4,Lab,Corona
train/pd/845bb0ee336b5d46_w06.png,845bb0ee336b5d46,6,Lab,Corona
train/pd/845bb0ee336b5d46_w07.png,845bb0ee336b5d46,7,Lab,Corona
train/pd/845bb0ee336b5d46_w11.png,845bb0ee336b5d46,11,Lab,Corona
train/pd/845bb0ee336b5d46_w14.png,845bb0ee336b5d46,14,Lab,Corona
train/pd/845bb0ee336b5d46_w19.png,845bb0ee336b5d46,19,Lab,Corona
train/pd/845bb0ee336b5d46_w22.png,845bb0ee336b5d46,22,Lab,Corona
train/pd/845bb0ee336b5d46_w27.png,845bb0ee336b5d46,27,Lab,Corona
train/pd/8487a38d0d634493_w03.png,8487a38d0d634493,3,Lab,Floating
train/pd/8487a38d0d634493_w11.png,8487a38d0d634493,11,Lab,Floating
train/pd/8487a38d0d634493_w13.png,8487a38d0d634493,13,Lab,Floating
train/pd/8487a38d0d634493_w14.png,8487a38d0d634493,14,Lab,Floating
train/pd/8487a38d0d634493_w19.png,8487a38d0d634493,19,Lab,Floating
train/pd/8487a38d0d634493_w20.png,8487a38d0d634493,20,Lab,Floating
train/pd/8487a38d0d634493_w24.png,8487a38d0d634493,24,Lab,Floating
train/pd/8487a38d0d634493_w25.png,8487a38d0d634493,25,Lab,Floating
train/pd/84ca23825729b0d4_w00.png,84ca23825729b0d4,0,Lab,Particle
train/pd/84ca23825729b0d4_w05.png,84ca23825729b0d4,5,Lab,Particle
train/pd/84ca23825729b0d4_w16.png,84ca23825729b0d4,16,Lab,Particle
train/pd/84ca23825729b0d4_w17.png,84ca23825729b0d4,17,Lab,Particle
train/pd/84ca23825729b0d4_w19.png,84ca23825729b0d4,19,Lab,Particle
train/pd/84ca23825729b0d4_w20.png,84ca23825729b0d4,20,Lab,Particle
train/pd/84ca23825729b0d4_w21.png,84ca23825729b0d4,21,Lab,Particle
train/pd/84ca23825729b0d4_w22.png,84ca23825729b0d4,22,Lab,Particle
train/pd/85599cdcf95beaf6_w05.png,85599cdcf95beaf6,5,Lab,Particle
train/pd/85599cdcf95beaf6_w07.png,85599cdcf95beaf6,7,Lab,Particle
train/pd/85599cdcf95beaf6_w08.png,85599cdcf95beaf6,8,Lab,Particle
train/pd/85599cdcf95beaf6_w16.png,85599cdcf95beaf6,16,Lab,Particle
train/pd/85599cdcf95beaf6_w17.png,85599cdcf95beaf6,17,Lab,Particle
train/pd/85599cdcf95beaf6_w23.png,85599cdcf95beaf6,23,Lab,Particle
train/pd/85599cdcf95beaf6_w25.png,85599cdcf95beaf6,25,Lab,Particle
train/pd/85599cdcf95beaf6_w27.png,85599cdcf95beaf6,27,Lab,Particle
train/pd/85982d1c1de01fe5_w01.png,85982d1c1de01fe5,1,Field,Void
train/pd/85982d1c1de01fe5_w02.png,85982d1c1de01fe5,2,Field,Void
train/pd/85982d1c1de01fe5_w06.png,85982d1c1de01fe5,6,Field,Void
train/pd/85982d1c1de01fe5_w14.png,85982d1c1de01fe5,14,Field,Void
train/pd/85982d1c1de01fe5_w19.png,85982d1c1de01fe5,19,Field,Void
train/pd/85982d1c1de01fe5_w23.png,85982d1c1de01fe5,23,Field,Void
train/pd/85982d1c1de01fe5_w24.png,85982d1c1de01fe5,24,Field,Void
train/pd/85982d1c1de01fe5_w26.png,85982d1c1de01fe5,26,Field,Void
train/pd/85a378384a8022c3_w02.png,85a378384a8022c3,2,Lab,Corona
train/pd/85a378384a8022c3_w08.png,85a378384a8022c3,8,Lab,Corona
train/pd/85a378384a8022c3_w10.png,85a378384a8022c3,10,Lab,Corona
train/pd/85a378384a8022c3_w12.png,85a378384a8022c3,12,Lab,Corona
train/pd/85a378384a8022c3_w18.png,85a378384a8022c3,18,Lab,Corona
train/pd/85a378384a8022c3_w19.png,85a378384a8022c3,19,Lab,Corona
train/pd/85a378384a8022c3_w20.png,85a378384a8022c3,20,Lab,Corona
train/pd/85a378384a8022c3_w22.png,85a378384a8022c3,22,Lab,Corona
train/pd/85b7da745bcf19f3_w00.png,85b7da745bcf19f3,0,Lab,Void
train/pd/85b7da745bcf19f3_w01.png,85b7da745bcf19f3,1,Lab,Void
train/pd/85b7da745bcf19f3_w02.png,85b7da745bcf19f3,2,Lab,Void
train/pd/85b7da745bcf19f3_w06.png,85b7da745bcf19f3,6,Lab,Void
train/pd/85b7da745bcf19f3_w09.png,85b7da745bcf19f3,9,Lab,Void
train/pd/85b7da745bcf19f3_w15.png,85b7da745bcf19f3,15,Lab,Void
train/pd/85b7da745bcf19f3_w19.png,85b7da745bcf19f3,19,Lab,Void
train/pd/85b7da745bcf19f3_w23.png,85b7da745bcf19f3,23,Lab,Void
train/pd/85f0a03db1988533_w00.png,85f0a03db1988533,0,Lab,Corona
train/pd/85f0a03db1988533_w06.png,85f0a03db1988533,6,Lab,Corona
train/pd/85f0a03db1988533_w08.png,85f0a03db1988533,8,Lab,Corona
train/pd/85f0a03db1988533_w14.png,85f0a03db1988533,14,Lab,Corona
train/pd/85f0a03db1988533_w16.png,85f0a03db1988533,16,Lab,Corona
train/pd/85f0a03db1988533_w17.png,85f0a03db1988533,17,Lab,Corona
train/pd/85f0a03db1988533_w21.png,85f0a03db1988533,21,Lab,Corona
train/pd/85f0a03db1988533_w26.png,85f0a03db1988533,26,Lab,Corona
train/pd/85f851c93963a1ba_w08.png,85f851c93963a1ba,8,Lab,Void
train/pd/85f851c93963a1ba_w10.png,85f851c93963a1ba,10,Lab,Void
train/pd/85f851c93963a1ba_w11.png,85f851c93963a1ba,11,Lab,Void
train/pd/85f851c93963a1ba_w13.png,85f851c93963a1ba,13,Lab,Void
train/pd/85f851c93963a1ba_w20.png,85f851c93963a1ba,20,Lab,Void
train/pd/85f851c93963a1ba_w21.png,85f851c93963a1ba,21,Lab,Void
train/pd/85f851c93963a1ba_w23.png,85f851c93963a1ba,23,Lab,Void
train/pd/85f851c93963a1ba_w25.png,85f851c93963a1ba,25,Lab,Void
train/pd/85fb3a8d39973e53_w00.png,85fb3a8d39973e53,0,Lab,Floating
train/pd/85fb3a8d39973e53_w05.png,85fb3a8d39973e53,5,Lab,Floating
train/pd/85fb3a8d39973e53_w14.png,85fb3a8d39973e53,14,Lab,Floating
train/pd/85fb3a8d39973e53_w16.png,85fb3a8d39973e53,16,Lab,Floating
train/pd/85fb3a8d39973e53_w21.png,85fb3a8d39973e53,21,Lab,Floating
train/pd/85fb3a8d39973e53_w22.png,85fb3a8d39973e53,22,Lab,Floating
train/pd/85fb3a8d39973e53_w23.png,85fb3a8d39973e53,23,Lab,Floating
train/pd/85fb3a8d39973e53_w24.png,85fb3a8d39973e53,24,Lab,Floating
train/pd/8613099635394451_w02.png,8613099635394451,2,Lab,Particle
train/pd/8613099635394451_w04.png,8613099635394451,4,Lab,Particle
train/pd/8613099635394451_w07.png,8613099635394451,7,Lab,Particle
train/pd/8613099635394451_w10.png,8613099635394451,10,Lab,Particle
train/pd/8613099635394451_w13.png,8613099635394451,13,Lab,Particle
train/pd/8613099635394451_w19.png,8613099635394451,19,Lab,Particle
train/pd/8613099635394451_w20.png,8613099635394451,20,Lab,Particle
train/pd/8613099635394451_w24.png,8613099635394451,24,Lab,Particle
train/pd/8650307f03f3368c_w01.png,8650307f03f3368c,1,Lab,Corona
train/pd/8650307f03f3368c_w02.png,8650307f03f3368c,2,Lab,Corona
train/pd/8650307f03f3368c_w04.png,8650307f03f3368c,4,Lab,Corona
train/pd/8650307f03f3368c_w05.png,8650307f03f3368c,5,Lab,Corona
train/pd/8650307f03f3368c_w10.png,8650307f03f3368c,10,Lab,Corona
train/pd/8650307f03f3368c_w24.png,8650307f03f3368c,24,Lab,Corona
train/pd/8650307f03f3368c_w25.png,8650307f03f3368c,25,Lab,Corona
train/pd/8650307f03f3368c_w26.png,8650307f03f3368c,26,Lab,Corona
train/pd/86540320b8498b2c_w05.png,86540320b8498b2c,5,Lab,Floating
train/pd/86540320b8498b2c_w07.png,86540320b8498b2c,7,Lab,Floating
train/pd/86540320b8498b2c_w09.png,86540320b8498b2c,9,Lab,Floating
train/pd/86540320b8498b2c_w12.png,86540320b8498b2c,12,Lab,Floating
train/pd/86540320b8498b2c_w13.png,86540320b8498b2c,13,Lab,Floating
train/pd/86540320b8498b2c_w20.png,86540320b8498b2c,20,Lab,Floating
train/pd/86540320b8498b2c_w21.png,86540320b8498b2c,21,Lab,Floating
train/pd/86540320b8498b2c_w26.png,86540320b8498b2c,26,Lab,Floating
train/pd/865d932b3b16532a_w02.png,865d932b3b16532a,2,Field,Void
train/pd/865d932b3b16532a_w04.png,865d932b3b16532a,4,Field,Void
train/pd/865d932b3b16532a_w07.png,865d932b3b16532a,7,Field,Void
train/pd/865d932b3b16532a_w10.png,865d932b3b16532a,10,Field,Void
train/pd/865d932b3b16532a_w11.png,865d932b3b16532a,11,Field,Void
train/pd/865d932b3b16532a_w13.png,865d932b3b16532a,13,Field,Void
train/pd/865d932b3b16532a_w20.png,865d932b3b16532a,20,Field,Void
train/pd/865d932b3b16532a_w24.png,865d932b3b16532a,24,Field,Void
train/pd/8665dfcbc8808005_w02.png,8665dfcbc8808005,2,Lab,Void
train/pd/8665dfcbc8808005_w09.png,8665dfcbc8808005,9,Lab,Void
train/pd/8665dfcbc8808005_w11.png,8665dfcbc8808005,11,Lab,Void
train/pd/8665dfcbc8808005_w13.png,8665dfcbc8808005,13,Lab,Void
train/pd/8665dfcbc8808005_w17.png,8665dfcbc8808005,17,Lab,Void
train/pd/8665dfcbc8808005_w20.png,8665dfcbc8808005,20,Lab,Void
train/pd/8665dfcbc8808005_w23.png,8665dfcbc8808005,23,Lab,Void
train/pd/8665dfcbc8808005_w24.png,8665dfcbc8808005,24,Lab,Void
train/pd/866d9c8ec5bd18e2_w05.png,866d9c8ec5bd18e2,5,Field,Void
train/pd/866d9c8ec5bd18e2_w06.png,866d9c8ec5bd18e2,6,Field,Void
train/pd/866d9c8ec5bd18e2_w08.png,866d9c8ec5bd18e2,8,Field,Void
train/pd/866d9c8ec5bd18e2_w10.png,866d9c8ec5bd18e2,10,Field,Void
train/pd/866d9c8ec5bd18e2_w12.png,866d9c8ec5bd18e2,12,Field,Void
train/pd/866d9c8ec5bd18e2_w19.png,866d9c8ec5bd18e2,19,Field,Void
train/pd/866d9c8ec5bd18e2_w22.png,866d9c8ec5bd18e2,22,Field,Void
train/pd/866d9c8ec5bd18e2_w26.png,866d9c8ec5bd18e2,26,Field,Void
train/pd/86715b0e2643f8ff_w05.png,86715b0e2643f8ff,5,Lab,Void
train/pd/86715b0e2643f8ff_w09.png,86715b0e2643f8ff,9,Lab,Void
train/pd/86715b0e2643f8ff_w15.png,86715b0e2643f8ff,15,Lab,Void
train/pd/86715b0e2643f8ff_w17.png,86715b0e2643f8ff,17,Lab,Void
train/pd/86715b0e2643f8ff_w20.png,86715b0e2643f8ff,20,Lab,Void
train/pd/86715b0e2643f8ff_w23.png,86715b0e2643f8ff,23,Lab,Void
train/pd/86715b0e2643f8ff_w25.png,86715b0e2643f8ff,25,Lab,Void
train/pd/86715b0e2643f8ff_w27.png,86715b0e2643f8ff,27,Lab,Void
train/pd/875a3cc54f2eeb69_w02.png,875a3cc54f2eeb69,2,Lab,Particle
train/pd/875a3cc54f2eeb69_w04.png,875a3cc54f2eeb69,4,Lab,Particle
train/pd/875a3cc54f2eeb69_w05.png,875a3cc54f2eeb69,5,Lab,Particle
train/pd/875a3cc54f2eeb69_w08.png,875a3cc54f2eeb69,8,Lab,Particle
train/pd/875a3cc54f2eeb69_w10.png,875a3cc54f2eeb69,10,Lab,Particle
train/pd/875a3cc54f2eeb69_w12.png,875a3cc54f2eeb69,12,Lab,Particle
train/pd/875a3cc54f2eeb69_w19.png,875a3cc54f2eeb69,19,Lab,Particle
train/pd/875a3cc54f2eeb69_w23.png,875a3cc54f2eeb69,23,Lab,Particle
train/pd/8770d4ef431751a4_w00.png,8770d4ef431751a4,0,Field,Floating
train/pd/8770d4ef431751a4_w02.png,8770d4ef431751a4,2,Field,Floating
train/pd/8770d4ef431751a4_w05.png,8770d4ef431751a4,5,Field,Floating
train/pd/8770d4ef431751a4_w06.png,8770d4ef431751a4,6,Field,Floating
train/pd/8770d4ef431751a4_w07.png,8770d4ef431751a4,7,Field,Floating
train/pd/8770d4ef431751a4_w08.png,8770d4ef431751a4,8,Field,Floating
train/pd/8770d4ef431751a4_w11.png,8770d4ef431751a4,11,Field,Floating
train/pd/8770d4ef431751a4_w14.png,8770d4ef431751a4,14,Field,Floating
train/pd/8786add935e296c9_w01.png,8786add935e296c9,1,Lab,Floating
train/pd/8786add935e296c9_w06.png,8786add935e296c9,6,Lab,Floating
train/pd/8786add935e296c9_w09.png,8786add935e296c9,9,Lab,Floating
train/pd/8786add935e296c9_w12.png,8786add935e296c9,12,Lab,Floating
train/pd/8786add935e296c9_w18.png,8786add935e296c9,18,Lab,Floating
train/pd/8786add935e296c9_w19.png,8786add935e296c9,19,Lab,Floating
train/pd/8786add935e296c9_w26.png,8786add935e296c9,26,Lab,Floating
train/pd/8786add935e296c9_w27.png,8786add935e296c9,27,Lab,Floating
train/pd/878ea9646817b077_w01.png,878ea9646817b077,1,Lab,Particle
train/pd/878ea9646817b077_w12.png,878ea9646817b077,12,Lab,Particle
train/pd/878ea9646817b077_w14.png,878ea9646817b077,14,Lab,Particle
train/pd/878ea9646817b077_w17.png,878ea9646817b077,17,Lab,Particle
train/pd/878ea9646817b077_w19.png,878ea9646817b077,19,Lab,Particle
train/pd/878ea9646817b077_w21.png,878ea9646817b077,21,Lab,Particle
train/pd/878ea9646817b077_w25.png,878ea9646817b077,25,Lab,Particle
train/pd/878ea9646817b077_w27.png,878ea9646817b077,27,Lab,Particle
train/pd/87a2597dc12ca715_w05.png,87a2597dc12ca715,5,Lab,Void
train/pd/87a2597dc12ca715_w07.png,87a2597dc12ca715,7,Lab,Void
train/pd/87a2597dc12ca715_w10.png,87a2597dc12ca715,10,Lab,Void
train/pd/87a2597dc12ca715_w14.png,87a2597dc12ca715,14,Lab,Void
train/pd/87a2597dc12ca715_w16.png,87a2597dc12ca715,16,Lab,Void
train/pd/87a2597dc12ca715_w18.png,87a2597dc12ca715,18,Lab,Void
train/pd/87a2597dc12ca715_w19.png,87a2597dc12ca715,19,Lab,Void
train/pd/87a2597dc12ca715_w25.png,87a2597dc12ca715,25,Lab,Void
train/pd/87b2988abd774250_w07.png,87b2988abd774250,7,Lab,Corona
train/pd/87b2988abd774250_w11.png,87b2988abd774250,11,Lab,Corona
train/pd/87b2988abd774250_w20.png,87b2988abd774250,20,Lab,Corona
train/pd/87b2988abd774250_w21.png,87b2988abd774250,21,Lab,Corona
train/pd/87b2988abd774250_w22.png,87b2988abd774250,22,Lab,Corona
train/pd/87b2988abd774250_w23.png,87b2988abd774250,23,Lab,Corona
train/pd/87b2988abd774250_w24.png,87b2988abd774250,24,Lab,Corona
train/pd/87b2988abd774250_w26.png,87b2988abd774250,26,Lab,Corona
train/pd/87dcc03f2f8677b1_w00.png,87dcc03f2f8677b1,0,Lab,Void
train/pd/87dcc03f2f8677b1_w02.png,87dcc03f2f8677b1,2,Lab,Void
train/pd/87dcc03f2f8677b1_w07.png,87dcc03f2f8677b1,7,Lab,Void
train/pd/87dcc03f2f8677b1_w09.png,87dcc03f2f8677b1,9,Lab,Void
train/pd/87dcc03f2f8677b1_w12.png,87dcc03f2f8677b1,12,Lab,Void
train/pd/87dcc03f2f8677b1_w15.png,87dcc03f2f8677b1,15,Lab,Void
train/pd/87dcc03f2f8677b1_w18.png,87dcc03f2f8677b1,18,Lab,Void
train/pd/87dcc03f2f8677b1_w21.png,87dcc03f2f8677b1,21,Lab,Void
train/pd/87ebcbdc8f01876f_w02.png,87ebcbdc8f01876f,2,Lab,Particle
train/pd/87ebcbdc8f01876f_w06.png,87ebcbdc8f01876f,6,Lab,Particle
train/pd/87ebcbdc8f01876f_w07.png,87ebcbdc8f01876f,7,Lab,Particle
train/pd/87ebcbdc8f01876f_w09.png,87ebcbdc8f01876f,9,Lab,Particle
train/pd/87ebcbdc8f01876f_w10.png,87ebcbdc8f01876f,10,Lab,Particle
train/pd/87ebcbdc8f01876f_w12.png,87ebcbdc8f01876f,12,Lab,Particle
train/pd/87ebcbdc8f01876f_w17.png,87ebcbdc8f01876f,17,Lab,Particle
train/pd/87ebcbdc8f01876f_w19.png,87ebcbdc8f01876f,19,Lab,Particle
train/pd/87f012ee99af45ea_w02.png,87f012ee99af45ea,2,Lab,Floating
train/pd/87f012ee99af45ea_w05.png,87f012ee99af45ea,5,Lab,Floating
train/pd/87f012ee99af45ea_w07.png,87f012ee99af45ea,7,Lab,Floating
train/pd/87f012ee99af45ea_w15.png,87f012ee99af45ea,15,Lab,Floating
train/pd/87f012ee99af45ea_w16.png,87f012ee99af45ea,16,Lab,Floating
train/pd/87f012ee99af45ea_w22.png,87f012ee99af45ea,22,Lab,Floating
train/pd/87f012ee99af45ea_w23.png,87f012ee99af45ea,23,Lab,Floating
train/pd/87f012ee99af45ea_w26.png,87f012ee99af45ea,26,Lab,Floating
train/pd/8800148ff5abb0e0_w02.png,8800148ff5abb0e0,2,Lab,Particle
train/pd/8800148ff5abb0e0_w05.png,8800148ff5abb0e0,5,Lab,Particle
train/pd/8800148ff5abb0e0_w08.png,8800148ff5abb0e0,8,Lab,Particle
train/pd/8800148ff5abb0e0_w12.png,8800148ff5abb0e0,12,Lab,Particle
train/pd/8800148ff5abb0e0_w16.png,8800148ff5abb0e0,16,Lab,Particle
train/pd/8800148ff5abb0e0_w20.png,8800148ff5abb0e0,20,Lab,Particle
train/pd/8800148ff5abb0e0_w21.png,8800148ff5abb0e0,21,Lab,Particle
train/pd/8800148ff5abb0e0_w24.png,8800148ff5abb0e0,24,Lab,Particle
train/pd/8803a25e5806af31_w00.png,8803a25e5806af31,0,Lab,Particle
train/pd/8803a25e5806af31_w01.png,8803a25e5806af31,1,Lab,Particle
train/pd/8803a25e5806af31_w09.png,8803a25e5806af31,9,Lab,Particle
train/pd/8803a25e5806af31_w11.png,8803a25e5806af31,11,Lab,Particle
train/pd/8803a25e5806af31_w18.png,8803a25e5806af31,18,Lab,Particle
train/pd/8803a25e5806af31_w23.png,8803a25e5806af31,23,Lab,Particle
train/pd/8803a25e5806af31_w26.png,8803a25e5806af31,26,Lab,Particle
train/pd/8803a25e5806af31_w27.png,8803a25e5806af31,27,Lab,Particle
train/pd/8815c3885dbb07d1_w03.png,8815c3885dbb07d1,3,Lab,Void
train/pd/8815c3885dbb07d1_w04.png,8815c3885dbb07d1,4,Lab,Void
train/pd/8815c3885dbb07d1_w05.png,8815c3885dbb07d1,5,Lab,Void
train/pd/8815c3885dbb07d1_w11.png,8815c3885dbb07d1,11,Lab,Void
train/pd/8815c3885dbb07d1_w13.png,8815c3885dbb07d1,13,Lab,Void
train/pd/8815c3885dbb07d1_w18.png,8815c3885dbb07d1,18,Lab,Void
train/pd/8815c3885dbb07d1_w19.png,8815c3885dbb07d1,19,Lab,Void
train/pd/8815c3885dbb07d1_w26.png,8815c3885dbb07d1,26,Lab,Void
train/pd/881fd808156771e8_w06.png,881fd808156771e8,6,Lab,Floating
train/pd/881fd808156771e8_w08.png,881fd808156771e8,8,Lab,Floating
train/pd/881fd808156771e8_w11.png,881fd808156771e8,11,Lab,Floating
train/pd/881fd808156771e8_w14.png,881fd808156771e8,14,Lab,Floating
train/pd/881fd808156771e8_w20.png,881fd808156771e8,20,Lab,Floating
train/pd/881fd808156771e8_w21.png,881fd808156771e8,21,Lab,Floating
train/pd/881fd808156771e8_w22.png,881fd808156771e8,22,Lab,Floating
train/pd/881fd808156771e8_w23.png,881fd808156771e8,23,Lab,Floating
train/pd/88361299eb24b9a8_w00.png,88361299eb24b9a8,0,Lab,Corona
train/pd/88361299eb24b9a8_w04.png,88361299eb24b9a8,4,Lab,Corona
train/pd/88361299eb24b9a8_w06.png,88361299eb24b9a8,6,Lab,Corona
train/pd/88361299eb24b9a8_w08.png,88361299eb24b9a8,8,Lab,Corona
train/pd/88361299eb24b9a8_w16.png,88361299eb24b9a8,16,Lab,Corona
train/pd/88361299eb24b9a8_w22.png,88361299eb24b9a8,22,Lab,Corona
train/pd/88361299eb24b9a8_w25.png,88361299eb24b9a8,25,Lab,Corona
train/pd/88361299eb24b9a8_w26.png,88361299eb24b9a8,26,Lab,Corona
train/pd/88783d723322d7cf_w01.png,88783d723322d7cf,1,Lab,Particle
train/pd/88783d723322d7cf_w07.png,88783d723322d7cf,7,Lab,Particle
train/pd/88783d723322d7cf_w09.png,88783d723322d7cf,9,Lab,Particle
train/pd/88783d723322d7cf_w11.png,88783d723322d7cf,11,Lab,Particle
train/pd/88783d723322d7cf_w17.png,88783d723322d7cf,17,Lab,Particle
train/pd/88783d723322d7cf_w19.png,88783d723322d7cf,19,Lab,Particle
train/pd/88783d723322d7cf_w22.png,88783d723322d7cf,22,Lab,Particle
train/pd/88783d723322d7cf_w25.png,88783d723322d7cf,25,Lab,Particle
train/pd/889a53b2105b91bc_w00.png,889a53b2105b91bc,0,Lab,Void
train/pd/889a53b2105b91bc_w01.png,889a53b2105b91bc,1,Lab,Void
train/pd/889a53b2105b91bc_w08.png,889a53b2105b91bc,8,Lab,Void
train/pd/889a53b2105b91bc_w14.png,889a53b2105b91bc,14,Lab,Void
train/pd/889a53b2105b91bc_w21.png,889a53b2105b91bc,21,Lab,Void
train/pd/889a53b2105b91bc_w22.png,889a53b2105b91bc,22,Lab,Void
train/pd/889a53b2105b91bc_w23.png,889a53b2105b91bc,23,Lab,Void
train/pd/889a53b2105b91bc_w27.png,889a53b2105b91bc,27,Lab,Void
train/pd/889e82710ec0fc02_w00.png,889e82710ec0fc02,0,Lab,Void
train/pd/889e82710ec0fc02_w03.png,889e82710ec0fc02,3,Lab,Void
train/pd/889e82710ec0fc02_w08.png,889e82710ec0fc02,8,Lab,Void
train/pd/889e82710ec0fc02_w13.png,889e82710ec0fc02,13,Lab,Void
train/pd/889e82710ec0fc02_w14.png,889e82710ec0fc02,14,Lab,Void
train/pd/889e82710ec0fc02_w15.png,889e82710ec0fc02,15,Lab,Void
train/pd/889e82710ec0fc02_w19.png,889e82710ec0fc02,19,Lab,Void
train/pd/889e82710ec0fc02_w27.png,889e82710ec0fc02,27,Lab,Void
train/pd/88c9d4281f887a33_w01.png,88c9d4281f887a33,1,Lab,Particle
train/pd/88c9d4281f887a33_w07.png,88c9d4281f887a33,7,Lab,Particle
train/pd/88c9d4281f887a33_w16.png,88c9d4281f887a33,16,Lab,Particle
train/pd/88c9d4281f887a33_w18.png,88c9d4281f887a33,18,Lab,Particle
train/pd/88c9d4281f887a33_w20.png,88c9d4281f887a33,20,Lab,Particle
train/pd/88c9d4281f887a33_w22.png,88c9d4281f887a33,22,Lab,Particle
train/pd/88c9d4281f887a33_w25.png,88c9d4281f887a33,25,Lab,Particle
train/pd/88c9d4281f887a33_w26.png,88c9d4281f887a33,26,Lab,Particle
train/pd/8921ca48a10d3c3d_w02.png,8921ca48a10d3c3d,2,Lab,Floating
train/pd/8921ca48a10d3c3d_w03.png,8921ca48a10d3c3d,3,Lab,Floating
train/pd/8921ca48a10d3c3d_w10.png,8921ca48a10d3c3d,10,Lab,Floating
train/pd/8921ca48a10d3c3d_w12.png,8921ca48a10d3c3d,12,Lab,Floating
train/pd/8921ca48a10d3c3d_w16.png,8921ca48a10d3c3d,16,Lab,Floating
train/pd/8921ca48a10d3c3d_w17.png,8921ca48a10d3c3d,17,Lab,Floating
train/pd/8921ca48a10d3c3d_w18.png,8921ca48a10d3c3d,18,Lab,Floating
train/pd/8921ca48a10d3c3d_w20.png,8921ca48a10d3c3d,20,Lab,Floating
train/pd/8997ad234b3c8e3f_w02.png,8997ad234b3c8e3f,2,Lab,Floating
train/pd/8997ad234b3c8e3f_w05.png,8997ad234b3c8e3f,5,Lab,Floating
train/pd/8997ad234b3c8e3f_w06.png,8997ad234b3c8e3f,6,Lab,Floating
train/pd/8997ad234b3c8e3f_w10.png,8997ad234b3c8e3f,10,Lab,Floating
train/pd/8997ad234b3c8e3f_w17.png,8997ad234b3c8e3f,17,Lab,Floating
train/pd/8997ad234b3c8e3f_w19.png,8997ad234b3c8e3f,19,Lab,Floating
train/pd/8997ad234b3c8e3f_w20.png,8997ad234b3c8e3f,20,Lab,Floating
train/pd/8997ad234b3c8e3f_w25.png,8997ad234b3c8e3f,25,Lab,Floating
train/pd/89b4bc39699ecdcf_w02.png,89b4bc39699ecdcf,2,Lab,Void
train/pd/89b4bc39699ecdcf_w08.png,89b4bc39699ecdcf,8,Lab,Void
train/pd/89b4bc39699ecdcf_w11.png,89b4bc39699ecdcf,11,Lab,Void
train/pd/89b4bc39699ecdcf_w13.png,89b4bc39699ecdcf,13,Lab,Void
train/pd/89b4bc39699ecdcf_w15.png,89b4bc39699ecdcf,15,Lab,Void
train/pd/89b4bc39699ecdcf_w18.png,89b4bc39699ecdcf,18,Lab,Void
train/pd/89b4bc39699ecdcf_w21.png,89b4bc39699ecdcf,21,Lab,Void
train/pd/89b4bc39699ecdcf_w24.png,89b4bc39699ecdcf,24,Lab,Void
train/pd/89deff8db884a405_w00.png,89deff8db884a405,0,Lab,Void
train/pd/89deff8db884a405_w03.png,89deff8db884a405,3,Lab,Void
train/pd/89deff8db884a405_w05.png,89deff8db884a405,5,Lab,Void
train/pd/89deff8db884a405_w14.png,89deff8db884a405,14,Lab,Void
train/pd/89deff8db884a405_w21.png,89deff8db884a405,21,Lab,Void
train/pd/89deff8db884a405_w22.png,89deff8db884a405,22,Lab,Void
train/pd/89deff8db884a405_w23.png,89deff8db884a405,23,Lab,Void
train/pd/89deff8db884a405_w27.png,89deff8db884a405,27,Lab,Void
train/pd/89eaadf74ec61f14_w01.png,89eaadf74ec61f14,1,Lab,Floating
train/pd/89eaadf74ec61f14_w07.png,89eaadf74ec61f14,7,Lab,Floating
train/pd/89eaadf74ec61f14_w08.png,89eaadf74ec61f14,8,Lab,Floating
train/pd/89eaadf74ec61f14_w13.png,89eaadf74ec61f14,13,Lab,Floating
train/pd/89eaadf74ec61f14_w14.png,89eaadf74ec61f14,14,Lab,Floating
train/pd/89eaadf74ec61f14_w15.png,89eaadf74ec61f14,15,Lab,Floating
train/pd/89eaadf74ec61f14_w16.png,89eaadf74ec61f14,16,Lab,Floating
train/pd/89eaadf74ec61f14_w17.png,89eaadf74ec61f14,17,Lab,Floating
train/pd/89f08be7fabeea3a_w00.png,89f08be7fabeea3a,0,Lab,Void
train/pd/89f08be7fabeea3a_w05.png,89f08be7fabeea3a,5,Lab,Void
train/pd/89f08be7fabeea3a_w11.png,89f08be7fabeea3a,11,Lab,Void
train/pd/89f08be7fabeea3a_w14.png,89f08be7fabeea3a,14,Lab,Void
train/pd/89f08be7fabeea3a_w15.png,89f08be7fabeea3a,15,Lab,Void
train/pd/89f08be7fabeea3a_w19.png,89f08be7fabeea3a,19,Lab,Void
train/pd/89f08be7fabeea3a_w23.png,89f08be7fabeea3a,23,Lab,Void
train/pd/89f08be7fabeea3a_w24.png,89f08be7fabeea3a,24,Lab,Void
train/pd/8a0e26716c7fb738_w06.png,8a0e26716c7fb738,6,Lab,Void
train/pd/8a0e26716c7fb738_w08.png,8a0e26716c7fb738,8,Lab,Void
train/pd/8a0e26716c7fb738_w13.png,8a0e26716c7fb738,13,Lab,Void
train/pd/8a0e26716c7fb738_w16.png,8a0e26716c7fb738,16,Lab,Void
train/pd/8a0e26716c7fb738_w20.png,8a0e26716c7fb738,20,Lab,Void
train/pd/8a0e26716c7fb738_w23.png,8a0e26716c7fb738,23,Lab,Void
train/pd/8a0e26716c7fb738_w24.png,8a0e26716c7fb738,24,Lab,Void
train/pd/8a0e26716c7fb738_w27.png,8a0e26716c7fb738,27,Lab,Void
train/pd/8a1639fd00feb062_w01.png,8a1639fd00feb062,1,Field,Void
train/pd/8a1639fd00feb062_w04.png,8a1639fd00feb062,4,Field,Void
train/pd/8a1639fd00feb062_w08.png,8a1639fd00feb062,8,Field,Void
train/pd/8a1639fd00feb062_w09.png,8a1639fd00feb062,9,Field,Void
train/pd/8a1639fd00feb062_w14.png,8a1639fd00feb062,14,Field,Void
train/pd/8a1639fd00feb062_w16.png,8a1639fd00feb062,16,Field,Void
train/pd/8a1639fd00feb062_w17.png,8a1639fd00feb062,17,Field,Void
train/pd/8a1639fd00feb062_w27.png,8a1639fd00feb062,27,Field,Void
train/pd/8a50a90e2ab6112f_w03.png,8a50a90e2ab6112f,3,Lab,Void
train/pd/8a50a90e2ab6112f_w04.png,8a50a90e2ab6112f,4,Lab,Void
train/pd/8a50a90e2ab6112f_w09.png,8a50a90e2ab6112f,9,Lab,Void
train/pd/8a50a90e2ab6112f_w16.png,8a50a90e2ab6112f,16,Lab,Void
train/pd/8a50a90e2ab6112f_w22.png,8a50a90e2ab6112f,22,Lab,Void
train/pd/8a50a90e2ab6112f_w23.png,8a50a90e2ab6112f,23,Lab,Void
train/pd/8a50a90e2ab6112f_w24.png,8a50a90e2ab6112f,24,Lab,Void
train/pd/8a50a90e2ab6112f_w26.png,8a50a90e2ab6112f,26,Lab,Void
train/pd/8a52670c42d541ae_w03.png,8a52670c42d541ae,3,Lab,Floating
train/pd/8a52670c42d541ae_w04.png,8a52670c42d541ae,4,Lab,Floating
train/pd/8a52670c42d541ae_w06.png,8a52670c42d541ae,6,Lab,Floating
train/pd/8a52670c42d541ae_w08.png,8a52670c42d541ae,8,Lab,Floating
train/pd/8a52670c42d541ae_w21.png,8a52670c42d541ae,21,Lab,Floating
train/pd/8a52670c42d541ae_w24.png,8a52670c42d541ae,24,Lab,Floating
train/pd/8a52670c42d541ae_w26.png,8a52670c42d541ae,26,Lab,Floating
train/pd/8a52670c42d541ae_w27.png,8a52670c42d541ae,27,Lab,Floating
train/pd/8a746d6b7b876374_w01.png,8a746d6b7b876374,1,Lab,Void
train/pd/8a746d6b7b876374_w05.png,8a746d6b7b876374,5,Lab,Void
train/pd/8a746d6b7b876374_w09.png,8a746d6b7b876374,9,Lab,Void
train/pd/8a746d6b7b876374_w12.png,8a746d6b7b876374,12,Lab,Void
train/pd/8a746d6b7b876374_w13.png,8a746d6b7b876374,13,Lab,Void
train/pd/8a746d6b7b876374_w16.png,8a746d6b7b876374,16,Lab,Void
train/pd/8a746d6b7b876374_w20.png,8a746d6b7b876374,20,Lab,Void
train/pd/8a746d6b7b876374_w21.png,8a746d6b7b876374,21,Lab,Void
train/pd/8a92aab404ce97c6_w00.png,8a92aab404ce97c6,0,Lab,Void
train/pd/8a92aab404ce97c6_w01.png,8a92aab404ce97c6,1,Lab,Void
train/pd/8a92aab404ce97c6_w03.png,8a92aab404ce97c6,3,Lab,Void
train/pd/8a92aab404ce97c6_w09.png,8a92aab404ce97c6,9,Lab,Void
train/pd/8a92aab404ce97c6_w16.png,8a92aab404ce97c6,16,Lab,Void
train/pd/8a92aab404ce97c6_w20.png,8a92aab404ce97c6,20,Lab,Void
train/pd/8a92aab404ce97c6_w25.png,8a92aab404ce97c6,25,Lab,Void
train/pd/8a92aab404ce97c6_w26.png,8a92aab404ce97c6,26,Lab,Void
train/pd/8b64e6582cd9b105_w04.png,8b64e6582cd9b105,4,Lab,Void
train/pd/8b64e6582cd9b105_w07.png,8b64e6582cd9b105,7,Lab,Void
train/pd/8b64e6582cd9b105_w08.png,8b64e6582cd9b105,8,Lab,Void
train/pd/8b64e6582cd9b105_w14.png,8b64e6582cd9b105,14,Lab,Void
train/pd/8b64e6582cd9b105_w15.png,8b64e6582cd9b105,15,Lab,Void
train/pd/8b64e6582cd9b105_w23.png,8b64e6582cd9b105,23,Lab,Void
train/pd/8b64e6582cd9b105_w24.png,8b64e6582cd9b105,24,Lab,Void
train/pd/8b64e6582cd9b105_w25.png,8b64e6582cd9b105,25,Lab,Void
train/pd/8b71a8e4ca52cfd8_w00.png,8b71a8e4ca52cfd8,0,Lab,Void
train/pd/8b71a8e4ca52cfd8_w01.png,8b71a8e4ca52cfd8,1,Lab,Void
train/pd/8b71a8e4ca52cfd8_w04.png,8b71a8e4ca52cfd8,4,Lab,Void
train/pd/8b71a8e4ca52cfd8_w10.png,8b71a8e4ca52cfd8,10,Lab,Void
train/pd/8b71a8e4ca52cfd8_w12.png,8b71a8e4ca52cfd8,12,Lab,Void
train/pd/8b71a8e4ca52cfd8_w16.png,8b71a8e4ca52cfd8,16,Lab,Void
train/pd/8b71a8e4ca52cfd8_w26.png,8b71a8e4ca52cfd8,26,Lab,Void
train/pd/8b71a8e4ca52cfd8_w27.png,8b71a8e4ca52cfd8,27,Lab,Void
train/pd/8b949edfc0da02da_w02.png,8b949edfc0da02da,2,Field,Void
train/pd/8b949edfc0da02da_w03.png,8b949edfc0da02da,3,Field,Void
train/pd/8b949edfc0da02da_w05.png,8b949edfc0da02da,5,Field,Void
train/pd/8b949edfc0da02da_w06.png,8b949edfc0da02da,6,Field,Void
train/pd/8b949edfc0da02da_w09.png,8b949edfc0da02da,9,Field,Void
train/pd/8b949edfc0da02da_w10.png,8b949edfc0da02da,10,Field,Void
train/pd/8b949edfc0da02da_w15.png,8b949edfc0da02da,15,Field,Void
train/pd/8b949edfc0da02da_w25.png,8b949edfc0da02da,25,Field,Void
train/pd/8bbac228147acb4f_w00.png,8bbac228147acb4f,0,Lab,Void
train/pd/8bbac228147acb4f_w03.png,8bbac228147acb4f,3,Lab,Void
train/pd/8bbac228147acb4f_w04.png,8bbac228147acb4f,4,Lab,Void
train/pd/8bbac228147acb4f_w12.png,8bbac228147acb4f,12,Lab,Void
train/pd/8bbac228147acb4f_w15.png,8bbac228147acb4f,15,Lab,Void
train/pd/8bbac228147acb4f_w19.png,8bbac228147acb4f,19,Lab,Void
train/pd/8bbac228147acb4f_w21.png,8bbac228147acb4f,21,Lab,Void
train/pd/8bbac228147acb4f_w24.png,8bbac228147acb4f,24,Lab,Void
train/pd/8be9bfc077392836_w00.png,8be9bfc077392836,0,Lab,Void
train/pd/8be9bfc077392836_w01.png,8be9bfc077392836,1,Lab,Void
train/pd/8be9bfc077392836_w05.png,8be9bfc077392836,5,Lab,Void
train/pd/8be9bfc077392836_w07.png,8be9bfc077392836,7,Lab,Void
train/pd/8be9bfc077392836_w08.png,8be9bfc077392836,8,Lab,Void
train/pd/8be9bfc077392836_w14.png,8be9bfc077392836,14,Lab,Void
train/pd/8be9bfc077392836_w18.png,8be9bfc077392836,18,Lab,Void
train/pd/8be9bfc077392836_w25.png,8be9bfc077392836,25,Lab,Void
train/pd/8c15ae4b3940de4e_w00.png,8c15ae4b3940de4e,0,Lab,Floating
train/pd/8c15ae4b3940de4e_w01.png,8c15ae4b3940de4e,1,Lab,Floating
train/pd/8c15ae4b3940de4e_w03.png,8c15ae4b3940de4e,3,Lab,Floating
train/pd/8c15ae4b3940de4e_w14.png,8c15ae4b3940de4e,14,Lab,Floating
train/pd/8c15ae4b3940de4e_w16.png,8c15ae4b3940de4e,16,Lab,Floating
train/pd/8c15ae4b3940de4e_w18.png,8c15ae4b3940de4e,18,Lab,Floating
train/pd/8c15ae4b3940de4e_w24.png,8c15ae4b3940de4e,24,Lab,Floating
train/pd/8c15ae4b3940de4e_w25.png,8c15ae4b3940de4e,25,Lab,Floating
train/pd/8c24e0888d963616_w00.png,8c24e0888d963616,0,Lab,Corona
train/pd/8c24e0888d963616_w02.png,8c24e0888d963616,2,Lab,Corona
train/pd/8c24e0888d963616_w06.png,8c24e0888d963616,6,Lab,Corona
train/pd/8c24e0888d963616_w07.png,8c24e0888d963616,7,Lab,Corona
train/pd/8c24e0888d963616_w12.png,8c24e0888d963616,12,Lab,Corona
train/pd/8c24e0888d963616_w14.png,8c24e0888d963616,14,Lab,Corona
train/pd/8c24e0888d963616_w16.png,8c24e0888d963616,16,Lab,Corona
train/pd/8c24e0888d963616_w20.png,8c24e0888d963616,20,Lab,Corona
train/pd/8c99873c8239bc41_w02.png,8c99873c8239bc41,2,Lab,Corona
train/pd/8c99873c8239bc41_w03.png,8c99873c8239bc41,3,Lab,Corona
train/pd/8c99873c8239bc41_w04.png,8c99873c8239bc41,4,Lab,Corona
train/pd/8c99873c8239bc41_w11.png,8c99873c8239bc41,11,Lab,Corona
train/pd/8c99873c8239bc41_w20.png,8c99873c8239bc41,20,Lab,Corona
train/pd/8c99873c8239bc41_w21.png,8c99873c8239bc41,21,Lab,Corona
train/pd/8c99873c8239bc41_w25.png,8c99873c8239bc41,25,Lab,Corona
train/pd/8c99873c8239bc41_w27.png,8c99873c8239bc41,27,Lab,Corona
train/pd/8cc16b819f02bcc5_w01.png,8cc16b819f02bcc5,1,Lab,Particle
train/pd/8cc16b819f02bcc5_w03.png,8cc16b819f02bcc5,3,Lab,Particle
train/pd/8cc16b819f02bcc5_w07.png,8cc16b819f02bcc5,7,Lab,Particle
train/pd/8cc16b819f02bcc5_w11.png,8cc16b819f02bcc5,11,Lab,Particle
train/pd/8cc16b819f02bcc5_w13.png,8cc16b819f02bcc5,13,Lab,Particle
train/pd/8cc16b819f02bcc5_w17.png,8cc16b819f02bcc5,17,Lab,Particle
train/pd/8cc16b819f02bcc5_w18.png,8cc16b819f02bcc5,18,Lab,Particle
train/pd/8cc16b819f02bcc5_w27.png,8cc16b819f02bcc5,27,Lab,Particle
train/pd/8cce0a41e52752e5_w01.png,8cce0a41e52752e5,1,Lab,Particle
train/pd/8cce0a41e52752e5_w05.png,8cce0a41e52752e5,5,Lab,Particle
train/pd/8cce0a41e52752e5_w07.png,8cce0a41e52752e5,7,Lab,Particle
train/pd/8cce0a41e52752e5_w09.png,8cce0a41e52752e5,9,Lab,Particle
train/pd/8cce0a41e52752e5_w11.png,8cce0a41e52752e5,11,Lab,Particle
train/pd/8cce0a41e52752e5_w14.png,8cce0a41e52752e5,14,Lab,Particle
train/pd/8cce0a41e52752e5_w15.png,8cce0a41e52752e5,15,Lab,Particle
train/pd/8cce0a41e52752e5_w24.png,8cce0a41e52752e5,24,Lab,Particle
train/pd/8d3c677f429f9028_w00.png,8d3c677f429f9028,0,Lab,Corona
train/pd/8d3c677f429f9028_w02.png,8d3c677f429f9028,2,Lab,Corona
train/pd/8d3c677f429f9028_w05.png,8d3c677f429f9028,5,Lab,Corona
train/pd/8d3c677f429f9028_w07.png,8d3c677f429f9028,7,Lab,Corona
train/pd/8d3c677f429f9028_w10.png,8d3c677f429f9028,10,Lab,Corona
train/pd/8d3c677f429f9028_w11.png,8d3c677f429f9028,11,Lab,Corona
train/pd/8d3c677f429f9028_w23.png,8d3c677f429f9028,23,Lab,Corona
train/pd/8d3c677f429f9028_w27.png,8d3c677f429f9028,27,Lab,Corona
train/pd/8d436637d17bfbe2_w08.png,8d436637d17bfbe2,8,Lab,Void
train/pd/8d436637d17bfbe2_w09.png,8d436637d17bfbe2,9,Lab,Void
train/pd/8d436637d17bfbe2_w10.png,8d436637d17bfbe2,10,Lab,Void
train/pd/8d436637d17bfbe2_w16.png,8d436637d17bfbe2,16,Lab,Void
train/pd/8d436637d17bfbe2_w19.png,8d436637d17bfbe2,19,Lab,Void
train/pd/8d436637d17bfbe2_w20.png,8d436637d17bfbe2,20,Lab,Void
train/pd/8d436637d17bfbe2_w26.png,8d436637d17bfbe2,26,Lab,Void
train/pd/8d436637d17bfbe2_w27.png,8d436637d17bfbe2,27,Lab,Void
train/pd/8d43f97de38b6ace_w00.png,8d43f97de38b6ace,0,Lab,Particle
train/pd/8d43f97de38b6ace_w05.png,8d43f97de38b6ace,5,Lab,Particle
train/pd/8d43f97de38b6ace_w06.png,8d43f97de38b6ace,6,Lab,Particle
train/pd/8d43f97de38b6ace_w11.png,8d43f97de38b6ace,11,Lab,Particle
train/pd/8d43f97de38b6ace_w13.png,8d43f97de38b6ace,13,Lab,Particle
train/pd/8d43f97de38b6ace_w16.png,8d43f97de38b6ace,16,Lab,Particle
train/pd/8d43f97de38b6ace_w21.png,8d43f97de38b6ace,21,Lab,Particle
train/pd/8d43f97de38b6ace_w27.png,8d43f97de38b6ace,27,Lab,Particle
train/pd/8d87585bbd4333ab_w02.png,8d87585bbd4333ab,2,Lab,Void
train/pd/8d87585bbd4333ab_w04.png,8d87585bbd4333ab,4,Lab,Void
train/pd/8d87585bbd4333ab_w06.png,8d87585bbd4333ab,6,Lab,Void
train/pd/8d87585bbd4333ab_w16.png,8d87585bbd4333ab,16,Lab,Void
train/pd/8d87585bbd4333ab_w17.png,8d87585bbd4333ab,17,Lab,Void
train/pd/8d87585bbd4333ab_w18.png,8d87585bbd4333ab,18,Lab,Void
train/pd/8d87585bbd4333ab_w23.png,8d87585bbd4333ab,23,Lab,Void
train/pd/8d87585bbd4333ab_w27.png,8d87585bbd4333ab,27,Lab,Void
train/pd/8d9ec01980047e98_w02.png,8d9ec01980047e98,2,Lab,Particle
train/pd/8d9ec01980047e98_w03.png,8d9ec01980047e98,3,Lab,Particle
train/pd/8d9ec01980047e98_w05.png,8d9ec01980047e98,5,Lab,Particle
train/pd/8d9ec01980047e98_w10.png,8d9ec01980047e98,10,Lab,Particle
train/pd/8d9ec01980047e98_w14.png,8d9ec01980047e98,14,Lab,Particle
train/pd/8d9ec01980047e98_w15.png,8d9ec01980047e98,15,Lab,Particle
train/pd/8d9ec01980047e98_w18.png,8d9ec01980047e98,18,Lab,Particle
train/pd/8d9ec01980047e98_w26.png,8d9ec01980047e98,26,Lab,Particle
train/pd/8da1aa9880f3dbe1_w04.png,8da1aa9880f3dbe1,4,Lab,Particle
train/pd/8da1aa9880f3dbe1_w08.png,8da1aa9880f3dbe1,8,Lab,Particle
train/pd/8da1aa9880f3dbe1_w10.png,8da1aa9880f3dbe1,10,Lab,Particle
train/pd/8da1aa9880f3dbe1_w13.png,8da1aa9880f3dbe1,13,Lab,Particle
train/pd/8da1aa9880f3dbe1_w15.png,8da1aa9880f3dbe1,15,Lab,Particle
train/pd/8da1aa9880f3dbe1_w16.png,8da1aa9880f3dbe1,16,Lab,Particle
train/pd/8da1aa9880f3dbe1_w23.png,8da1aa9880f3dbe1,23,Lab,Particle
train/pd/8da1aa9880f3dbe1_w25.png,8da1aa9880f3dbe1,25,Lab,Particle
train/pd/8dd0040e4c007b60_w00.png,8dd0040e4c007b60,0,Field,Floating
train/pd/8dd0040e4c007b60_w03.png,8dd0040e4c007b60,3,Field,Floating
train/pd/8dd0040e4c007b60_w11.png,8dd0040e4c007b60,11,Field,Floating
train/pd/8dd0040e4c007b60_w14.png,8dd0040e4c007b60,14,Field,Floating
train/pd/8dd0040e4c007b60_w15.png,8dd0040e4c007b60,15,Field,Floating
train/pd/8dd0040e4c007b60_w21.png,8dd0040e4c007b60,21,Field,Floating
train/pd/8dd0040e4c007b60_w26.png,8dd0040e4c007b60,26,Field,Floating
train/pd/8dd0040e4c007b60_w27.png,8dd0040e4c007b60,27,Field,Floating
train/pd/8dde3178684bd54a_w04.png,8dde3178684bd54a,4,Field,Void
train/pd/8dde3178684bd54a_w08.png,8dde3178684bd54a,8,Field,Void
train/pd/8dde3178684bd54a_w16.png,8dde3178684bd54a,16,Field,Void
train/pd/8dde3178684bd54a_w18.png,8dde3178684bd54a,18,Field,Void
train/pd/8dde3178684bd54a_w19.png,8dde3178684bd54a,19,Field,Void
train/pd/8dde3178684bd54a_w21.png,8dde3178684bd54a,21,Field,Void
train/pd/8dde3178684bd54a_w23.png,8dde3178684bd54a,23,Field,Void
train/pd/8dde3178684bd54a_w26.png,8dde3178684bd54a,26,Field,Void
train/pd/8e011532245f68f8_w06.png,8e011532245f68f8,6,Field,Floating
train/pd/8e011532245f68f8_w07.png,8e011532245f68f8,7,Field,Floating
train/pd/8e011532245f68f8_w08.png,8e011532245f68f8,8,Field,Floating
train/pd/8e011532245f68f8_w10.png,8e011532245f68f8,10,Field,Floating
train/pd/8e011532245f68f8_w12.png,8e011532245f68f8,12,Field,Floating
train/pd/8e011532245f68f8_w13.png,8e011532245f68f8,13,Field,Floating
train/pd/8e011532245f68f8_w17.png,8e011532245f68f8,17,Field,Floating
train/pd/8e011532245f68f8_w25.png,8e011532245f68f8,25,Field,Floating
train/pd/8e10eaa04d6fc764_w03.png,8e10eaa04d6fc764,3,Field,Floating
train/pd/8e10eaa04d6fc764_w05.png,8e10eaa04d6fc764,5,Field,Floating
train/pd/8e10eaa04d6fc764_w11.png,8e10eaa04d6fc764,11,Field,Floating
train/pd/8e10eaa04d6fc764_w15.png,8e10eaa04d6fc764,15,Field,Floating
train/pd/8e10eaa04d6fc764_w17.png,8e10eaa04d6fc764,17,Field,Floating
train/pd/8e10eaa04d6fc764_w20.png,8e10eaa04d6fc764,20,Field,Floating
train/pd/8e10eaa04d6fc764_w22.png,8e10eaa04d6fc764,22,Field,Floating
train/pd/8e10eaa04d6fc764_w26.png,8e10eaa04d6fc764,26,Field,Floating
train/pd/8e550581d4569410_w00.png,8e550581d4569410,0,Field,Floating
train/pd/8e550581d4569410_w09.png,8e550581d4569410,9,Field,Floating
train/pd/8e550581d4569410_w13.png,8e550581d4569410,13,Field,Floating
train/pd/8e550581d4569410_w19.png,8e550581d4569410,19,Field,Floating
train/pd/8e550581d4569410_w20.png,8e550581d4569410,20,Field,Floating
train/pd/8e550581d4569410_w23.png,8e550581d4569410,23,Field,Floating
train/pd/8e550581d4569410_w24.png,8e550581d4569410,24,Field,Floating
train/pd/8e550581d4569410_w26.png,8e550581d4569410,26,Field,Floating
train/pd/8e74aa21704857cc_w03.png,8e74aa21704857cc,3,Field,Void
train/pd/8e74aa21704857cc_w07.png,8e74aa21704857cc,7,Field,Void
train/pd/8e74aa21704857cc_w09.png,8e74aa21704857cc,9,Field,Void
train/pd/8e74aa21704857cc_w12.png,8e74aa21704857cc,12,Field,Void
train/pd/8e74aa21704857cc_w19.png,8e74aa21704857cc,19,Field,Void
train/pd/8e74aa21704857cc_w22.png,8e74aa21704857cc,22,Field,Void
train/pd/8e74aa21704857cc_w25.png,8e74aa21704857cc,25,Field,Void
train/pd/8e74aa21704857cc_w26.png,8e74aa21704857cc,26,Field,Void
train/pd/8e9c30b4d823272b_w05.png,8e9c30b4d823272b,5,Lab,Void
train/pd/8e9c30b4d823272b_w07.png,8e9c30b4d823272b,7,Lab,Void
train/pd/8e9c30b4d823272b_w08.png,8e9c30b4d823272b,8,Lab,Void
train/pd/8e9c30b4d823272b_w09.png,8e9c30b4d823272b,9,Lab,Void
train/pd/8e9c30b4d823272b_w13.png,8e9c30b4d823272b,13,Lab,Void
train/pd/8e9c30b4d823272b_w22.png,8e9c30b4d823272b,22,Lab,Void
train/pd/8e9c30b4d823272b_w26.png,8e9c30b4d823272b,26,Lab,Void
train/pd/8e9c30b4d823272b_w27.png,8e9c30b4d823272b,27,Lab,Void
train/pd/8e9fde581968e88a_w00.png,8e9fde581968e88a,0,Lab,Floating
train/pd/8e9fde581968e88a_w01.png,8e9fde581968e88a,1,Lab,Floating
train/pd/8e9fde581968e88a_w04.png,8e9fde581968e88a,4,Lab,Floating
train/pd/8e9fde581968e88a_w06.png,8e9fde581968e88a,6,Lab,Floating
train/pd/8e9fde581968e88a_w09.png,8e9fde581968e88a,9,Lab,Floating
train/pd/8e9fde581968e88a_w12.png,8e9fde581968e88a,12,Lab,Floating
train/pd/8e9fde581968e88a_w17.png,8e9fde581968e88a,17,Lab,Floating
train/pd/8e9fde581968e88a_w21.png,8e9fde581968e88a,21,Lab,Floating
train/pd/8ec2298ceb4d9609_w00.png,8ec2298ceb4d9609,0,Field,Void
train/pd/8ec2298ceb4d9609_w01.png,8ec2298ceb4d9609,1,Field,Void
train/pd/8ec2298ceb4d9609_w02.png,8ec2298ceb4d9609,2,Field,Void
train/pd/8ec2298ceb4d9609_w16.png,8ec2298ceb4d9609,16,Field,Void
train/pd/8ec2298ceb4d9609_w17.png,8ec2298ceb4d9609,17,Field,Void
train/pd/8ec2298ceb4d9609_w20.png,8ec2298ceb4d9609,20,Field,Void
train/pd/8ec2298ceb4d9609_w22.png,8ec2298ceb4d9609,22,Field,Void
train/pd/8ec2298ceb4d9609_w25.png,8ec2298ceb4d9609,25,Field,Void
train/pd/8f0a0244dbc1d2bf_w01.png,8f0a0244dbc1d2bf,1,Lab,Particle
train/pd/8f0a0244dbc1d2bf_w04.png,8f0a0244dbc1d2bf,4,Lab,Particle
train/pd/8f0a0244dbc1d2bf_w09.png,8f0a0244dbc1d2bf,9,Lab,Particle
train/pd/8f0a0244dbc1d2bf_w11.png,8f0a0244dbc1d2bf,11,Lab,Particle
train/pd/8f0a0244dbc1d2bf_w12.png,8f0a0244dbc1d2bf,12,Lab,Particle
train/pd/8f0a0244dbc1d2bf_w13.png,8f0a0244dbc1d2bf,13,Lab,Particle
train/pd/8f0a0244dbc1d2bf_w14.png,8f0a0244dbc1d2bf,14,Lab,Particle
train/pd/8f0a0244dbc1d2bf_w17.png,8f0a0244dbc1d2bf,17,Lab,Particle
train/pd/8f1d410e5c76829a_w00.png,8f1d410e5c76829a,0,Lab,Void
train/pd/8f1d410e5c76829a_w03.png,8f1d410e5c76829a,3,Lab,Void
train/pd/8f1d410e5c76829a_w14.png,8f1d410e5c76829a,14,Lab,Void
train/pd/8f1d410e5c76829a_w16.png,8f1d410e5c76829a,16,Lab,Void
train/pd/8f1d410e5c76829a_w17.png,8f1d410e5c76829a,17,Lab,Void
train/pd/8f1d410e5c76829a_w19.png,8f1d410e5c76829a,19,Lab,Void
train/pd/8f1d410e5c76829a_w24.png,8f1d410e5c76829a,24,Lab,Void
train/pd/8f1d410e5c76829a_w26.png,8f1d410e5c76829a,26,Lab,Void
train/pd/8f259b2e9ceb2aa1_w01.png,8f259b2e9ceb2aa1,1,Lab,Particle
train/pd/8f259b2e9ceb2aa1_w10.png,8f259b2e9ceb2aa1,10,Lab,Particle
train/pd/8f259b2e9ceb2aa1_w11.png,8f259b2e9ceb2aa1,11,Lab,Particle
train/pd/8f259b2e9ceb2aa1_w16.png,8f259b2e9ceb2aa1,16,Lab,Particle
train/pd/8f259b2e9ceb2aa1_w17.png,8f259b2e9ceb2aa1,17,Lab,Particle
train/pd/8f259b2e9ceb2aa1_w20.png,8f259b2e9ceb2aa1,20,Lab,Particle
train/pd/8f259b2e9ceb2aa1_w24.png,8f259b2e9ceb2aa1,24,Lab,Particle
train/pd/8f259b2e9ceb2aa1_w26.png,8f259b2e9ceb2aa1,26,Lab,Particle
train/pd/8f49a20a4a029936_w03.png,8f49a20a4a029936,3,Lab,Void
train/pd/8f49a20a4a029936_w04.png,8f49a20a4a029936,4,Lab,Void
train/pd/8f49a20a4a029936_w06.png,8f49a20a4a029936,6,Lab,Void
train/pd/8f49a20a4a029936_w07.png,8f49a20a4a029936,7,Lab,Void
train/pd/8f49a20a4a029936_w09.png,8f49a20a4a029936,9,Lab,Void
train/pd/8f49a20a4a029936_w16.png,8f49a20a4a029936,16,Lab,Void
train/pd/8f49a20a4a029936_w20.png,8f49a20a4a029936,20,Lab,Void
train/pd/8f49a20a4a029936_w25.png,8f49a20a4a029936,25,Lab,Void
train/pd/8f6633cc5ca5f6a1_w01.png,8f6633cc5ca5f6a1,1,Lab,Particle
train/pd/8f6633cc5ca5f6a1_w02.png,8f6633cc5ca5f6a1,2,Lab,Particle
train/pd/8f6633cc5ca5f6a1_w05.png,8f6633cc5ca5f6a1,5,Lab,Particle
train/pd/8f6633cc5ca5f6a1_w10.png,8f6633cc5ca5f6a1,10,Lab,Particle
train/pd/8f6633cc5ca5f6a1_w14.png,8f6633cc5ca5f6a1,14,Lab,Particle
train/pd/8f6633cc5ca5f6a1_w17.png,8f6633cc5ca5f6a1,17,Lab,Particle
train/pd/8f6633cc5ca5f6a1_w18.png,8f6633cc5ca5f6a1,18,Lab,Particle
train/pd/8f6633cc5ca5f6a1_w23.png,8f6633cc5ca5f6a1,23,Lab,Particle
train/pd/8fbef96c6ec633c2_w02.png,8fbef96c6ec633c2,2,Lab,Void
train/pd/8fbef96c6ec633c2_w04.png,8fbef96c6ec633c2,4,Lab,Void
train/pd/8fbef96c6ec633c2_w06.png,8fbef96c6ec633c2,6,Lab,Void
train/pd/8fbef96c6ec633c2_w12.png,8fbef96c6ec633c2,12,Lab,Void
train/pd/8fbef96c6ec633c2_w17.png,8fbef96c6ec633c2,17,Lab,Void
train/pd/8fbef96c6ec633c2_w18.png,8fbef96c6ec633c2,18,Lab,Void
train/pd/8fbef96c6ec633c2_w22.png,8fbef96c6ec633c2,22,Lab,Void
train/pd/8fbef96c6ec633c2_w25.png,8fbef96c6ec633c2,25,Lab,Void
train/pd/8fd60ab310f1c1f4_w01.png,8fd60ab310f1c1f4,1,Lab,Particle
train/pd/8fd60ab310f1c1f4_w03.png,8fd60ab310f1c1f4,3,Lab,Particle
train/pd/8fd60ab310f1c1f4_w06.png,8fd60ab310f1c1f4,6,Lab,Particle
train/pd/8fd60ab310f1c1f4_w07.png,8fd60ab310f1c1f4,7,Lab,Particle
train/pd/8fd60ab310f1c1f4_w10.png,8fd60ab310f1c1f4,10,Lab,Particle
train/pd/8fd60ab310f1c1f4_w12.png,8fd60ab310f1c1f4,12,Lab,Particle
train/pd/8fd60ab310f1c1f4_w18.png,8fd60ab310f1c1f4,18,Lab,Particle
train/pd/8fd60ab310f1c1f4_w24.png,8fd60ab310f1c1f4,24,Lab,Particle
train/pd/8fef38be311f51b8_w00.png,8fef38be311f51b8,0,Lab,Particle
train/pd/8fef38be311f51b8_w05.png,8fef38be311f51b8,5,Lab,Particle
train/pd/8fef38be311f51b8_w06.png,8fef38be311f51b8,6,Lab,Particle
train/pd/8fef38be311f51b8_w13.png,8fef38be311f51b8,13,Lab,Particle
train/pd/8fef38be311f51b8_w15.png,8fef38be311f51b8,15,Lab,Particle
train/pd/8fef38be311f51b8_w17.png,8fef38be311f51b8,17,Lab,Particle
train/pd/8fef38be311f51b8_w22.png,8fef38be311f51b8,22,Lab,Particle
train/pd/8fef38be311f51b8_w24.png,8fef38be311f51b8,24,Lab,Particle
train/pd/902c7c35e6cb24ee_w01.png,902c7c35e6cb24ee,1,Lab,Floating
train/pd/902c7c35e6cb24ee_w03.png,902c7c35e6cb24ee,3,Lab,Floating
train/pd/902c7c35e6cb24ee_w07.png,902c7c35e6cb24ee,7,Lab,Floating
train/pd/902c7c35e6cb24ee_w12.png,902c7c35e6cb24ee,12,Lab,Floating
train/pd/902c7c35e6cb24ee_w18.png,902c7c35e6cb24ee,18,Lab,Floating
train/pd/902c7c35e6cb24ee_w20.png,902c7c35e6cb24ee,20,Lab,Floating
train/pd/902c7c35e6cb24ee_w25.png,902c7c35e6cb24ee,25,Lab,Floating
train/pd/902c7c35e6cb24ee_w26.png,902c7c35e6cb24ee,26,Lab,Floating
train/pd/905911b720ceb2ee_w02.png,905911b720ceb2ee,2,Field,Void
train/pd/905911b720ceb2ee_w03.png,905911b720ceb2ee,3,Field,Void
train/pd/905911b720ceb2ee_w09.png,905911b720ceb2ee,9,Field,Void
train/pd/905911b720ceb2ee_w13.png,905911b720ceb2ee,13,Field,Void
train/pd/905911b720ceb2ee_w17.png,905911b720ceb2ee,17,Field,Void
train/pd/905911b720ceb2ee_w20.png,905911b720ceb2ee,20,Field,Void
train/pd/905911b720ceb2ee_w24.png,905911b720ceb2ee,24,Field,Void
train/pd/905911b720ceb2ee_w25.png,905911b720ceb2ee,25,Field,Void
train/pd/905c4778df584220_w00.png,905c4778df584220,0,Field,Floating
train/pd/905c4778df584220_w12.png,905c4778df584220,12,Field,Floating
train/pd/905c4778df584220_w16.png,905c4778df584220,16,Field,Floating
train/pd/905c4778df584220_w19.png,905c4778df584220,19,Field,Floating
train/pd/905c4778df584220_w21.png,905c4778df584220,21,Field,Floating
train/pd/905c4778df584220_w23.png,905c4778df584220,23,Field,Floating
train/pd/905c4778df584220_w26.png,905c4778df584220,26,Field,Floating
train/pd/905c4778df584220_w27.png,905c4778df584220,27,Field,Floating
train/pd/9070754ed8718071_w00.png,9070754ed8718071,0,Lab,Void
train/pd/9070754ed8718071_w03.png,9070754ed8718071,3,Lab,Void
train/pd/9070754ed8718071_w09.png,9070754ed8718071,9,Lab,Void
train/pd/9070754ed8718071_w10.png,9070754ed8718071,10,Lab,Void
train/pd/9070754ed8718071_w13.png,9070754ed8718071,13,Lab,Void
train/pd/9070754ed8718071_w18.png,9070754ed8718071,18,Lab,Void
train/pd/9070754ed8718071_w19.png,9070754ed8718071,19,Lab,Void
train/pd/9070754ed8718071_w25.png,9070754ed8718071,25,Lab,Void
train/pd/9077b5ab149f209a_w00.png,9077b5ab149f209a,0,Lab,Void
train/pd/9077b5ab149f209a_w08.png,9077b5ab149f209a,8,Lab,Void
train/pd/9077b5ab149f209a_w14.png,9077b5ab149f209a,14,Lab,Void
train/pd/9077b5ab149f209a_w21.png,9077b5ab149f209a,21,Lab,Void
train/pd/9077b5ab149f209a_w22.png,9077b5ab149f209a,22,Lab,Void
train/pd/9077b5ab149f209a_w23.png,9077b5ab149f209a,23,Lab,Void
train/pd/9077b5ab149f209a_w25.png,9077b5ab149f209a,25,Lab,Void
train/pd/9077b5ab149f209a_w26.png,9077b5ab149f209a,26,Lab,Void
train/pd/90aafcf9103a8649_w00.png,90aafcf9103a8649,0,Lab,Corona
train/pd/90aafcf9103a8649_w02.png,90aafcf9103a8649,2,Lab,Corona
train/pd/90aafcf9103a8649_w09.png,90aafcf9103a8649,9,Lab,Corona
train/pd/90aafcf9103a8649_w11.png,90aafcf9103a8649,11,Lab,Corona
train/pd/90aafcf9103a8649_w14.png,90aafcf9103a8649,14,Lab,Corona
train/pd/90aafcf9103a8649_w23.png,90aafcf9103a8649,23,Lab,Corona
train/pd/90aafcf9103a8649_w24.png,90aafcf9103a8649,24,Lab,Corona
train/pd/90aafcf9103a8649_w26.png,90aafcf9103a8649,26,Lab,Corona
train/pd/90cb73cd1eceaa07_w00.png,90cb73cd1eceaa07,0,Lab,Void
train/pd/90cb73cd1eceaa07_w01.png,90cb73cd1eceaa07,1,Lab,Void
train/pd/90cb73cd1eceaa07_w03.png,90cb73cd1eceaa07,3,Lab,Void
train/pd/90cb73cd1eceaa07_w09.png,90cb73cd1eceaa07,9,Lab,Void
train/pd/90cb73cd1eceaa07_w10.png,90cb73cd1eceaa07,10,Lab,Void
train/pd/90cb73cd1eceaa07_w15.png,90cb73cd1eceaa07,15,Lab,Void
train/pd/90cb73cd1eceaa07_w18.png,90cb73cd1eceaa07,18,Lab,Void
train/pd/90cb73cd1eceaa07_w21.png,90cb73cd1eceaa07,21,Lab,Void
train/pd/90dd83efa99c5b4e_w06.png,90dd83efa99c5b4e,6,Lab,Particle
train/pd/90dd83efa99c5b4e_w08.png,90dd83efa99c5b4e,8,Lab,Particle
train/pd/90dd83efa99c5b4e_w09.png,90dd83efa99c5b4e,9,Lab,Particle
train/pd/90dd83efa99c5b4e_w10.png,90dd83efa99c5b4e,10,Lab,Particle
train/pd/90dd83efa99c5b4e_w14.png,90dd83efa99c5b4e,14,Lab,Particle
train/pd/90dd83efa99c5b4e_w21.png,90dd83efa99c5b4e,21,Lab,Particle
train/pd/90dd83efa99c5b4e_w22.png,90dd83efa99c5b4e,22,Lab,Particle
train/pd/90dd83efa99c5b4e_w27.png,90dd83efa99c5b4e,27,Lab,Particle
train/pd/90e2540a5dac6cf8_w02.png,90e2540a5dac6cf8,2,Lab,Void
train/pd/90e2540a5dac6cf8_w03.png,90e2540a5dac6cf8,3,Lab,Void
train/pd/90e2540a5dac6cf8_w07.png,90e2540a5dac6cf8,7,Lab,Void
train/pd/90e2540a5dac6cf8_w11.png,90e2540a5dac6cf8,11,Lab,Void
train/pd/90e2540a5dac6cf8_w17.png,90e2540a5dac6cf8,17,Lab,Void
train/pd/90e2540a5dac6cf8_w18.png,90e2540a5dac6cf8,18,Lab,Void
train/pd/90e2540a5dac6cf8_w22.png,90e2540a5dac6cf8,22,Lab,Void
train/pd/90e2540a5dac6cf8_w24.png,90e2540a5dac6cf8,24,Lab,Void
train/pd/90f7ab87d1caab19_w01.png,90f7ab87d1caab19,1,Lab,Corona
train/pd/90f7ab87d1caab19_w09.png,90f7ab87d1caab19,9,Lab,Corona
train/pd/90f7ab87d1caab19_w12.png,90f7ab87d1caab19,12,Lab,Corona
train/pd/90f7ab87d1caab19_w13.png,90f7ab87d1caab19,13,Lab,Corona
train/pd/90f7ab87d1caab19_w15.png,90f7ab87d1caab19,15,Lab,Corona
train/pd/90f7ab87d1caab19_w18.png,90f7ab87d1caab19,18,Lab,Corona
train/pd/90f7ab87d1caab19_w20.png,90f7ab87d1caab19,20,Lab,Corona
train/pd/90f7ab87d1caab19_w21.png,90f7ab87d1caab19,21,Lab,Corona
train/pd/914bf29fe003ec45_w00.png,914bf29fe003ec45,0,Lab,Corona
train/pd/914bf29fe003ec45_w11.png,914bf29fe003ec45,11,Lab,Corona
train/pd/914bf29fe003ec45_w14.png,914bf29fe003ec45,14,Lab,Corona
train/pd/914bf29fe003ec45_w16.png,914bf29fe003ec45,16,Lab,Corona
train/pd/914bf29fe003ec45_w19.png,914bf29fe003ec45,19,Lab,Corona
train/pd/914bf29fe003ec45_w24.png,914bf29fe003ec45,24,Lab,Corona
train/pd/914bf29fe003ec45_w26.png,914bf29fe003ec45,26,Lab,Corona
train/pd/914bf29fe003ec45_w27.png,914bf29fe003ec45,27,Lab,Corona
train/pd/918d6f9d10896682_w02.png,918d6f9d10896682,2,Lab,Void
train/pd/918d6f9d10896682_w06.png,918d6f9d10896682,6,Lab,Void
train/pd/918d6f9d10896682_w13.png,918d6f9d10896682,13,Lab,Void
train/pd/918d6f9d10896682_w16.png,918d6f9d10896682,16,Lab,Void
train/pd/918d6f9d10896682_w17.png,918d6f9d10896682,17,Lab,Void
train/pd/918d6f9d10896682_w24.png,918d6f9d10896682,24,Lab,Void
train/pd/918d6f9d10896682_w26.png,918d6f9d10896682,26,Lab,Void
train/pd/918d6f9d10896682_w27.png,918d6f9d10896682,27,Lab,Void
train/pd/91c0d15328172a7c_w01.png,91c0d15328172a7c,1,Lab,Void
train/pd/91c0d15328172a7c_w05.png,91c0d15328172a7c,5,Lab,Void
train/pd/91c0d15328172a7c_w10.png,91c0d15328172a7c,10,Lab,Void
train/pd/91c0d15328172a7c_w13.png,91c0d15328172a7c,13,Lab,Void
train/pd/91c0d15328172a7c_w14.png,91c0d15328172a7c,14,Lab,Void
train/pd/91c0d15328172a7c_w18.png,91c0d15328172a7c,18,Lab,Void
train/pd/91c0d15328172a7c_w19.png,91c0d15328172a7c,19,Lab,Void
train/pd/91c0d15328172a7c_w26.png,91c0d15328172a7c,26,Lab,Void
train/pd/91c25f08d9cde9c7_w03.png,91c25f08d9cde9c7,3,Lab,Floating
train/pd/91c25f08d9cde9c7_w04.png,91c25f08d9cde9c7,4,Lab,Floating
train/pd/91c25f08d9cde9c7_w10.png,91c25f08d9cde9c7,10,Lab,Floating
train/pd/91c25f08d9cde9c7_w11.png,91c25f08d9cde9c7,11,Lab,Floating
train/pd/91c25f08d9cde9c7_w13.png,91c25f08d9cde9c7,13,Lab,Floating
train/pd/91c25f08d9cde9c7_w16.png,91c25f08d9cde9c7,16,Lab,Floating
train/pd/91c25f08d9cde9c7_w20.png,91c25f08d9cde9c7,20,Lab,Floating
train/pd/91c25f08d9cde9c7_w22.png,91c25f08d9cde9c7,22,Lab,Floating
train/pd/921be16eb538a020_w09.png,921be16eb538a020,9,Field,Corona
train/pd/921be16eb538a020_w11.png,921be16eb538a020,11,Field,Corona
train/pd/921be16eb538a020_w12.png,921be16eb538a020,12,Field,Corona
train/pd/921be16eb538a020_w17.png,921be16eb538a020,17,Field,Corona
train/pd/921be16eb538a020_w18.png,921be16eb538a020,18,Field,Corona
train/pd/921be16eb538a020_w23.png,921be16eb538a020,23,Field,Corona
train/pd/921be16eb538a020_w25.png,921be16eb538a020,25,Field,Corona
train/pd/921be16eb538a020_w26.png,921be16eb538a020,26,Field,Corona
train/pd/922a74766c75dad3_w01.png,922a74766c75dad3,1,Lab,Floating
train/pd/922a74766c75dad3_w07.png,922a74766c75dad3,7,Lab,Floating
train/pd/922a74766c75dad3_w08.png,922a74766c75dad3,8,Lab,Floating
train/pd/922a74766c75dad3_w09.png,922a74766c75dad3,9,Lab,Floating
train/pd/922a74766c75dad3_w11.png,922a74766c75dad3,11,Lab,Floating
train/pd/922a74766c75dad3_w13.png,922a74766c75dad3,13,Lab,Floating
train/pd/922a74766c75dad3_w14.png,922a74766c75dad3,14,Lab,Floating
train/pd/922a74766c75dad3_w19.png,922a74766c75dad3,19,Lab,Floating
train/pd/92ac17bfe76d60f2_w08.png,92ac17bfe76d60f2,8,Field,Void
train/pd/92ac17bfe76d60f2_w11.png,92ac17bfe76d60f2,11,Field,Void
train/pd/92ac17bfe76d60f2_w14.png,92ac17bfe76d60f2,14,Field,Void
train/pd/92ac17bfe76d60f2_w15.png,92ac17bfe76d60f2,15,Field,Void
train/pd/92ac17bfe76d60f2_w16.png,92ac17bfe76d60f2,16,Field,Void
train/pd/92ac17bfe76d60f2_w21.png,92ac17bfe76d60f2,21,Field,Void
train/pd/92ac17bfe76d60f2_w23.png,92ac17bfe76d60f2,23,Field,Void
train/pd/92ac17bfe76d60f2_w26.png,92ac17bfe76d60f2,26,Field,Void
train/pd/92c5c9ebb1630ee5_w00.png,92c5c9ebb1630ee5,0,Lab,Corona
train/pd/92c5c9ebb1630ee5_w01.png,92c5c9ebb1630ee5,1,Lab,Corona
train/pd/92c5c9ebb1630ee5_w02.png,92c5c9ebb1630ee5,2,Lab,Corona
train/pd/92c5c9ebb1630ee5_w08.png,92c5c9ebb1630ee5,8,Lab,Corona
train/pd/92c5c9ebb1630ee5_w09.png,92c5c9ebb1630ee5,9,Lab,Corona
train/pd/92c5c9ebb1630ee5_w14.png,92c5c9ebb1630ee5,14,Lab,Corona
train/pd/92c5c9ebb1630ee5_w21.png,92c5c9ebb1630ee5,21,Lab,Corona
train/pd/92c5c9ebb1630ee5_w24.png,92c5c9ebb1630ee5,24,Lab,Corona
train/pd/933e519646e0716f_w03.png,933e519646e0716f,3,Lab,Particle
train/pd/933e519646e0716f_w05.png,933e519646e0716f,5,Lab,Particle
train/pd/933e519646e0716f_w06.png,933e519646e0716f,6,Lab,Particle
train/pd/933e519646e0716f_w07.png,933e519646e0716f,7,Lab,Particle
train/pd/933e519646e0716f_w12.png,933e519646e0716f,12,Lab,Particle
train/pd/933e519646e0716f_w16.png,933e519646e0716f,16,Lab,Particle
train/pd/933e519646e0716f_w21.png,933e519646e0716f,21,Lab,Particle
train/pd/933e519646e0716f_w23.png,933e519646e0716f,23,Lab,Particle
train/pd/9389bd2ee53e1e2f_w00.png,9389bd2ee53e1e2f,0,Lab,Corona
train/pd/9389bd2ee53e1e2f_w05.png,9389bd2ee53e1e2f,5,Lab,Corona
train/pd/9389bd2ee53e1e2f_w10.png,9389bd2ee53e1e2f,10,Lab,Corona
train/pd/9389bd2ee53e1e2f_w11.png,9389bd2ee53e1e2f,11,Lab,Corona
train/pd/9389bd2ee53e1e2f_w13.png,9389bd2ee53e1e2f,13,Lab,Corona
train/pd/9389bd2ee53e1e2f_w14.png,9389bd2ee53e1e2f,14,Lab,Corona
train/pd/9389bd2ee53e1e2f_w20.png,9389bd2ee53e1e2f,20,Lab,Corona
train/pd/9389bd2ee53e1e2f_w25.png,9389bd2ee53e1e2f,25,Lab,Corona
train/pd/93b6c593f15f6332_w00.png,93b6c593f15f6332,0,Lab,Particle
train/pd/93b6c593f15f6332_w06.png,93b6c593f15f6332,6,Lab,Particle
train/pd/93b6c593f15f6332_w07.png,93b6c593f15f6332,7,Lab,Particle
train/pd/93b6c593f15f6332_w08.png,93b6c593f15f6332,8,Lab,Particle
train/pd/93b6c593f15f6332_w09.png,93b6c593f15f6332,9,Lab,Particle
train/pd/93b6c593f15f6332_w11.png,93b6c593f15f6332,11,Lab,Particle
train/pd/93b6c593f15f6332_w18.png,93b6c593f15f6332,18,Lab,Particle
train/pd/93b6c593f15f6332_w24.png,93b6c593f15f6332,24,Lab,Particle
train/pd/93bdd831789353f3_w05.png,93bdd831789353f3,5,Lab,Floating
train/pd/93bdd831789353f3_w10.png,93bdd831789353f3,10,Lab,Floating
train/pd/93bdd831789353f3_w11.png,93bdd831789353f3,11,Lab,Floating
train/pd/93bdd831789353f3_w15.png,93bdd831789353f3,15,Lab,Floating
train/pd/93bdd831789353f3_w16.png,93bdd831789353f3,16,Lab,Floating
train/pd/93bdd831789353f3_w17.png,93bdd831789353f3,17,Lab,Floating
train/pd/93bdd831789353f3_w22.png,93bdd831789353f3,22,Lab,Floating
train/pd/93bdd831789353f3_w24.png,93bdd831789353f3,24,Lab,Floating
train/pd/93cc1d7e9515669a_w02.png,93cc1d7e9515669a,2,Lab,Void
train/pd/93cc1d7e9515669a_w06.png,93cc1d7e9515669a,6,Lab,Void
train/pd/93cc1d7e9515669a_w08.png,93cc1d7e9515669a,8,Lab,Void
train/pd/93cc1d7e9515669a_w09.png,93cc1d7e9515669a,9,Lab,Void
train/pd/93cc1d7e9515669a_w16.png,93cc1d7e9515669a,16,Lab,Void
train/pd/93cc1d7e9515669a_w19.png,93cc1d7e9515669a,19,Lab,Void
train/pd/93cc1d7e9515669a_w20.png,93cc1d7e9515669a,20,Lab,Void
train/pd/93cc1d7e9515669a_w24.png,93cc1d7e9515669a,24,Lab,Void
train/pd/941684a9f97af1a6_w01.png,941684a9f97af1a6,1,Lab,Particle
train/pd/941684a9f97af1a6_w05.png,941684a9f97af1a6,5,Lab,Particle
train/pd/941684a9f97af1a6_w07.png,941684a9f97af1a6,7,Lab,Particle
train/pd/941684a9f97af1a6_w10.png,941684a9f97af1a6,10,Lab,Particle
train/pd/941684a9f97af1a6_w13.png,941684a9f97af1a6,13,Lab,Particle
train/pd/941684a9f97af1a6_w15.png,941684a9f97af1a6,15,Lab,Particle
train/pd/941684a9f97af1a6_w20.png,941684a9f97af1a6,20,Lab,Particle
train/pd/941684a9f97af1a6_w25.png,941684a9f97af1a6,25,Lab,Particle
train/pd/942955ca79927058_w10.png,942955ca79927058,10,Lab,Void
train/pd/942955ca79927058_w11.png,942955ca79927058,11,Lab,Void
train/pd/942955ca79927058_w14.png,942955ca79927058,14,Lab,Void
train/pd/942955ca79927058_w17.png,942955ca79927058,17,Lab,Void
train/pd/942955ca79927058_w18.png,942955ca79927058,18,Lab,Void
train/pd/942955ca79927058_w21.png,942955ca79927058,21,Lab,Void
train/pd/942955ca79927058_w25.png,942955ca79927058,25,Lab,Void
train/pd/942955ca79927058_w27.png,942955ca79927058,27,Lab,Void
train/pd/9439caeb1d632dbb_w00.png,9439caeb1d632dbb,0,Field,Void
train/pd/9439caeb1d632dbb_w06.png,9439caeb1d632dbb,6,Field,Void
train/pd/9439caeb1d632dbb_w11.png,9439caeb1d632dbb,11,Field,Void
train/pd/9439caeb1d632dbb_w13.png,9439caeb1d632dbb,13,Field,Void
train/pd/9439caeb1d632dbb_w20.png,9439caeb1d632dbb,20,Field,Void
train/pd/9439caeb1d632dbb_w22.png,9439caeb1d632dbb,22,Field,Void
train/pd/9439caeb1d632dbb_w23.png,9439caeb1d632dbb,23,Field,Void
train/pd/9439caeb1d632dbb_w26.png,9439caeb1d632dbb,26,Field,Void
train/pd/944268a748742019_w00.png,944268a748742019,0,Field,Void
train/pd/944268a748742019_w02.png,944268a748742019,2,Field,Void
train/pd/944268a748742019_w07.png,944268a748742019,7,Field,Void
train/pd/944268a748742019_w09.png,944268a748742019,9,Field,Void
train/pd/944268a748742019_w13.png,944268a748742019,13,Field,Void
train/pd/944268a748742019_w19.png,944268a748742019,19,Field,Void
train/pd/944268a748742019_w24.png,944268a748742019,24,Field,Void
train/pd/944268a748742019_w25.png,944268a748742019,25,Field,Void
train/pd/9478d64c515c9a9d_w00.png,9478d64c515c9a9d,0,Lab,Corona
train/pd/9478d64c515c9a9d_w05.png,9478d64c515c9a9d,5,Lab,Corona
train/pd/9478d64c515c9a9d_w06.png,9478d64c515c9a9d,6,Lab,Corona
train/pd/9478d64c515c9a9d_w07.png,9478d64c515c9a9d,7,Lab,Corona
train/pd/9478d64c515c9a9d_w11.png,9478d64c515c9a9d,11,Lab,Corona
train/pd/9478d64c515c9a9d_w14.png,9478d64c515c9a9d,14,Lab,Corona
train/pd/9478d64c515c9a9d_w15.png,9478d64c515c9a9d,15,Lab,Corona
train/pd/9478d64c515c9a9d_w23.png,9478d64c515c9a9d,23,Lab,Corona
train/pd/947cee724d738b51_w01.png,947cee724d738b51,1,Lab,Void
train/pd/947cee724d738b51_w02.png,947cee724d738b51,2,Lab,Void
train/pd/947cee724d738b51_w05.png,947cee724d738b51,5,Lab,Void
train/pd/947cee724d738b51_w09.png,947cee724d738b51,9,Lab,Void
train/pd/947cee724d738b51_w18.png,947cee724d738b51,18,Lab,Void
train/pd/947cee724d738b51_w19.png,947cee724d738b51,19,Lab,Void
train/pd/947cee724d738b51_w25.png,947cee724d738b51,25,Lab,Void
train/pd/947cee724d738b51_w26.png,947cee724d738b51,26,Lab,Void
train/pd/94b7ce75e882592c_w02.png,94b7ce75e882592c,2,Lab,Void
train/pd/94b7ce75e882592c_w04.png,94b7ce75e882592c,4,Lab,Void
train/pd/94b7ce75e882592c_w05.png,94b7ce75e882592c,5,Lab,Void
train/pd/94b7ce75e882592c_w12.png,94b7ce75e882592c,12,Lab,Void
train/pd/94b7ce75e882592c_w14.png,94b7ce75e882592c,14,Lab,Void
train/pd/94b7ce75e882592c_w17.png,94b7ce75e882592c,17,Lab,Void
train/pd/94b7ce75e882592c_w18.png,94b7ce75e882592c,18,Lab,Void
train/pd/94b7ce75e882592c_w20.png,94b7ce75e882592c,20,Lab,Void
train/pd/94f8ebbdeac48d41_w10.png,94f8ebbdeac48d41,10,Lab,Particle
train/pd/94f8ebbdeac48d41_w15.png,94f8ebbdeac48d41,15,Lab,Particle
train/pd/94f8ebbdeac48d41_w16.png,94f8ebbdeac48d41,16,Lab,Particle
train/pd/94f8ebbdeac48d41_w18.png,94f8ebbdeac48d41,18,Lab,Particle
train/pd/94f8ebbdeac48d41_w21.png,94f8ebbdeac48d41,21,Lab,Particle
train/pd/94f8ebbdeac48d41_w22.png,94f8ebbdeac48d41,22,Lab,Particle
train/pd/94f8ebbdeac48d41_w25.png,94f8ebbdeac48d41,25,Lab,Particle
train/pd/94f8ebbdeac48d41_w26.png,94f8ebbdeac48d41,26,Lab,Particle
train/pd/952e6c4703703241_w01.png,952e6c4703703241,1,Lab,Corona
train/pd/952e6c4703703241_w03.png,952e6c4703703241,3,Lab,Corona
train/pd/952e6c4703703241_w04.png,952e6c4703703241,4,Lab,Corona
train/pd/952e6c4703703241_w09.png,952e6c4703703241,9,Lab,Corona
train/pd/952e6c4703703241_w15.png,952e6c4703703241,15,Lab,Corona
train/pd/952e6c4703703241_w17.png,952e6c4703703241,17,Lab,Corona
train/pd/952e6c4703703241_w19.png,952e6c4703703241,19,Lab,Corona
train/pd/952e6c4703703241_w20.png,952e6c4703703241,20,Lab,Corona
train/pd/9537af560ff55b3d_w04.png,9537af560ff55b3d,4,Lab,Void
train/pd/9537af560ff55b3d_w09.png,9537af560ff55b3d,9,Lab,Void
train/pd/9537af560ff55b3d_w13.png,9537af560ff55b3d,13,Lab,Void
train/pd/9537af560ff55b3d_w14.png,9537af560ff55b3d,14,Lab,Void
train/pd/9537af560ff55b3d_w18.png,9537af560ff55b3d,18,Lab,Void
train/pd/9537af560ff55b3d_w19.png,9537af560ff55b3d,19,Lab,Void
train/pd/9537af560ff55b3d_w20.png,9537af560ff55b3d,20,Lab,Void
train/pd/9537af560ff55b3d_w22.png,9537af560ff55b3d,22,Lab,Void
train/pd/95a5544633afccba_w00.png,95a5544633afccba,0,Lab,Void
train/pd/95a5544633afccba_w03.png,95a5544633afccba,3,Lab,Void
train/pd/95a5544633afccba_w06.png,95a5544633afccba,6,Lab,Void
train/pd/95a5544633afccba_w07.png,95a5544633afccba,7,Lab,Void
train/pd/95a5544633afccba_w20.png,95a5544633afccba,20,Lab,Void
train/pd/95a5544633afccba_w21.png,95a5544633afccba,21,Lab,Void
train/pd/95a5544633afccba_w23.png,95a5544633afccba,23,Lab,Void
train/pd/95a5544633afccba_w24.png,95a5544633afccba,24,Lab,Void
train/pd/95ea5bfcd4dc5e5f_w00.png,95ea5bfcd4dc5e5f,0,Lab,Void
train/pd/95ea5bfcd4dc5e5f_w07.png,95ea5bfcd4dc5e5f,7,Lab,Void
train/pd/95ea5bfcd4dc5e5f_w08.png,95ea5bfcd4dc5e5f,8,Lab,Void
train/pd/95ea5bfcd4dc5e5f_w09.png,95ea5bfcd4dc5e5f,9,Lab,Void
train/pd/95ea5bfcd4dc5e5f_w11.png,95ea5bfcd4dc5e5f,11,Lab,Void
train/pd/95ea5bfcd4dc5e5f_w13.png,95ea5bfcd4dc5e5f,13,Lab,Void
train/pd/95ea5bfcd4dc5e5f_w17.png,95ea5bfcd4dc5e5f,17,Lab,Void
train/pd/95ea5bfcd4dc5e5f_w27.png,95ea5bfcd4dc5e5f,27,Lab,Void
train/pd/9618d68a21d6d3bb_w05.png,9618d68a21d6d3bb,5,Lab,Void
train/pd/9618d68a21d6d3bb_w06.png,9618d68a21d6d3bb,6,Lab,Void
train/pd/9618d68a21d6d3bb_w09.png,9618d68a21d6d3bb,9,Lab,Void
train/pd/9618d68a21d6d3bb_w13.png,9618d68a21d6d3bb,13,Lab,Void
train/pd/9618d68a21d6d3bb_w15.png,9618d68a21d6d3bb,15,Lab,Void
train/pd/9618d68a21d6d3bb_w24.png,9618d68a21d6d3bb,24,Lab,Void
train/pd/9618d68a21d6d3bb_w25.png,9618d68a21d6d3bb,25,Lab,Void
train/pd/9618d68a21d6d3bb_w26.png,9618d68a21d6d3bb,26,Lab,Void
train/pd/961dcd4caf2f3477_w02.png,961dcd4caf2f3477,2,Lab,Particle
train/pd/961dcd4caf2f3477_w03.png,961dcd4caf2f3477,3,Lab,Particle
train/pd/961dcd4caf2f3477_w09.png,961dcd4caf2f3477,9,Lab,Particle
train/pd/961dcd4caf2f3477_w10.png,961dcd4caf2f3477,10,Lab,Particle
train/pd/961dcd4caf2f3477_w11.png,961dcd4caf2f3477,11,Lab,Particle
train/pd/961dcd4caf2f3477_w16.png,961dcd4caf2f3477,16,Lab,Particle
train/pd/961dcd4caf2f3477_w19.png,961dcd4caf2f3477,19,Lab,Particle
train/pd/961dcd4caf2f3477_w21.png,961dcd4caf2f3477,21,Lab,Particle
train/pd/9624e783df726816_w07.png,9624e783df726816,7,Lab,Void
train/pd/9624e783df726816_w08.png,9624e783df726816,8,Lab,Void
train/pd/9624e783df726816_w11.png,9624e783df726816,11,Lab,Void
train/pd/9624e783df726816_w15.png,9624e783df726816,15,Lab,Void
train/pd/9624e783df726816_w17.png,9624e783df726816,17,Lab,Void
train/pd/9624e783df726816_w23.png,9624e783df726816,23,Lab,Void
train/pd/9624e783df726816_w24.png,9624e783df726816,24,Lab,Void
train/pd/9624e783df726816_w26.png,9624e783df726816,26,Lab,Void
train/pd/962ab2fbd2f16d3c_w00.png,962ab2fbd2f16d3c,0,Field,Void
train/pd/962ab2fbd2f16d3c_w02.png,962ab2fbd2f16d3c,2,Field,Void
train/pd/962ab2fbd2f16d3c_w06.png,962ab2fbd2f16d3c,6,Field,Void
train/pd/962ab2fbd2f16d3c_w07.png,962ab2fbd2f16d3c,7,Field,Void
train/pd/962ab2fbd2f16d3c_w12.png,962ab2fbd2f16d3c,12,Field,Void
train/pd/962ab2fbd2f16d3c_w22.png,962ab2fbd2f16d3c,22,Field,Void
train/pd/962ab2fbd2f16d3c_w26.png,962ab2fbd2f16d3c,26,Field,Void
train/pd/962ab2fbd2f16d3c_w27.png,962ab2fbd2f16d3c,27,Field,Void
train/pd/962d1049d7fac8ba_w00.png,962d1049d7fac8ba,0,Lab,Void
train/pd/962d1049d7fac8ba_w06.png,962d1049d7fac8ba,6,Lab,Void
train/pd/962d1049d7fac8ba_w08.png,962d1049d7fac8ba,8,Lab,Void
train/pd/962d1049d7fac8ba_w11.png,962d1049d7fac8ba,11,Lab,Void
train/pd/962d1049d7fac8ba_w12.png,962d1049d7fac8ba,12,Lab,Void
train/pd/962d1049d7fac8ba_w20.png,962d1049d7fac8ba,20,Lab,Void
train/pd/962d1049d7fac8ba_w21.png,962d1049d7fac8ba,21,Lab,Void
train/pd/962d1049d7fac8ba_w25.png,962d1049d7fac8ba,25,Lab,Void
train/pd/966506085caf8c25_w00.png,966506085caf8c25,0,Lab,Void
train/pd/966506085caf8c25_w03.png,966506085caf8c25,3,Lab,Void
train/pd/966506085caf8c25_w13.png,966506085caf8c25,13,Lab,Void
train/pd/966506085caf8c25_w15.png,966506085caf8c25,15,Lab,Void
train/pd/966506085caf8c25_w17.png,966506085caf8c25,17,Lab,Void
train/pd/966506085caf8c25_w20.png,966506085caf8c25,20,Lab,Void
train/pd/966506085caf8c25_w24.png,966506085caf8c25,24,Lab,Void
train/pd/966506085caf8c25_w27.png,966506085caf8c25,27,Lab,Void
train/pd/967cb5b3b0afb73a_w00.png,967cb5b3b0afb73a,0,Field,Void
train/pd/967cb5b3b0afb73a_w03.png,967cb5b3b0afb73a,3,Field,Void
train/pd/967cb5b3b0afb73a_w13.png,967cb5b3b0afb73a,13,Field,Void
train/pd/967cb5b3b0afb73a_w16.png,967cb5b3b0afb73a,16,Field,Void
train/pd/967cb5b3b0afb73a_w17.png,967cb5b3b0afb73a,17,Field,Void
train/pd/967cb5b3b0afb73a_w18.png,967cb5b3b0afb73a,18,Field,Void
train/pd/967cb5b3b0afb73a_w22.png,967cb5b3b0afb73a,22,Field,Void
train/pd/967cb5b3b0afb73a_w27.png,967cb5b3b0afb73a,27,Field,Void
train/pd/969bee0df4c4ee4a_w00.png,969bee0df4c4ee4a,0,Lab,Corona
train/pd/969bee0df4c4ee4a_w01.png,969bee0df4c4ee4a,1,Lab,Corona
train/pd/969bee0df4c4ee4a_w02.png,969bee0df4c4ee4a,2,Lab,Corona
train/pd/969bee0df4c4ee4a_w15.png,969bee0df4c4ee4a,15,Lab,Corona
train/pd/969bee0df4c4ee4a_w20.png,969bee0df4c4ee4a,20,Lab,Corona
train/pd/969bee0df4c4ee4a_w25.png,969bee0df4c4ee4a,25,Lab,Corona
train/pd/969bee0df4c4ee4a_w26.png,969bee0df4c4ee4a,26,Lab,Corona
train/pd/969bee0df4c4ee4a_w27.png,969bee0df4c4ee4a,27,Lab,Corona
train/pd/96bc18ec46c86f83_w01.png,96bc18ec46c86f83,1,Field,Void
train/pd/96bc18ec46c86f83_w02.png,96bc18ec46c86f83,2,Field,Void
train/pd/96bc18ec46c86f83_w06.png,96bc18ec46c86f83,6,Field,Void
train/pd/96bc18ec46c86f83_w09.png,96bc18ec46c86f83,9,Field,Void
train/pd/96bc18ec46c86f83_w16.png,96bc18ec46c86f83,16,Field,Void
train/pd/96bc18ec46c86f83_w17.png,96bc18ec46c86f83,17,Field,Void
train/pd/96bc18ec46c86f83_w22.png,96bc18ec46c86f83,22,Field,Void
train/pd/96bc18ec46c86f83_w27.png,96bc18ec46c86f83,27,Field,Void
train/pd/96bf4e4f2cef777c_w01.png,96bf4e4f2cef777c,1,Lab,Floating
train/pd/96bf4e4f2cef777c_w02.png,96bf4e4f2cef777c,2,Lab,Floating
train/pd/96bf4e4f2cef777c_w04.png,96bf4e4f2cef777c,4,Lab,Floating
train/pd/96bf4e4f2cef777c_w10.png,96bf4e4f2cef777c,10,Lab,Floating
train/pd/96bf4e4f2cef777c_w11.png,96bf4e4f2cef777c,11,Lab,Floating
train/pd/96bf4e4f2cef777c_w18.png,96bf4e4f2cef777c,18,Lab,Floating
train/pd/96bf4e4f2cef777c_w21.png,96bf4e4f2cef777c,21,Lab,Floating
train/pd/96bf4e4f2cef777c_w24.png,96bf4e4f2cef777c,24,Lab,Floating
train/pd/96c073b7294edc9b_w01.png,96c073b7294edc9b,1,Lab,Floating
train/pd/96c073b7294edc9b_w07.png,96c073b7294edc9b,7,Lab,Floating
train/pd/96c073b7294edc9b_w09.png,96c073b7294edc9b,9,Lab,Floating
train/pd/96c073b7294edc9b_w16.png,96c073b7294edc9b,16,Lab,Floating
train/pd/96c073b7294edc9b_w19.png,96c073b7294edc9b,19,Lab,Floating
train/pd/96c073b7294edc9b_w20.png,96c073b7294edc9b,20,Lab,Floating
train/pd/96c073b7294edc9b_w22.png,96c073b7294edc9b,22,Lab,Floating
train/pd/96c073b7294edc9b_w26.png,96c073b7294edc9b,26,Lab,Floating
train/pd/96e97984176f0e6b_w00.png,96e97984176f0e6b,0,Field,Floating
train/pd/96e97984176f0e6b_w04.png,96e97984176f0e6b,4,Field,Floating
train/pd/96e97984176f0e6b_w07.png,96e97984176f0e6b,7,Field,Floating
train/pd/96e97984176f0e6b_w08.png,96e97984176f0e6b,8,Field,Floating
train/pd/96e97984176f0e6b_w14.png,96e97984176f0e6b,14,Field,Floating
train/pd/96e97984176f0e6b_w21.png,96e97984176f0e6b,21,Field,Floating
train/pd/96e97984176f0e6b_w23.png,96e97984176f0e6b,23,Field,Floating
train/pd/96e97984176f0e6b_w27.png,96e97984176f0e6b,27,Field,Floating
train/pd/9710ca5c1950a926_w08.png,9710ca5c1950a926,8,Lab,Particle
train/pd/9710ca5c1950a926_w09.png,9710ca5c1950a926,9,Lab,Particle
train/pd/9710ca5c1950a926_w20.png,9710ca5c1950a926,20,Lab,Particle
train/pd/9710ca5c1950a926_w22.png,9710ca5c1950a926,22,Lab,Particle
train/pd/9710ca5c1950a926_w24.png,9710ca5c1950a926,24,Lab,Particle
train/pd/9710ca5c1950a926_w25.png,9710ca5c1950a926,25,Lab,Particle
train/pd/9710ca5c1950a926_w26.png,9710ca5c1950a926,26,Lab,Particle
train/pd/9710ca5c1950a926_w27.png,9710ca5c1950a926,27,Lab,Particle
train/pd/977092bb47ca6a03_w09.png,977092bb47ca6a03,9,Lab,Floating
train/pd/977092bb47ca6a03_w12.png,977092bb47ca6a03,12,Lab,Floating
train/pd/977092bb47ca6a03_w14.png,977092bb47ca6a03,14,Lab,Floating
train/pd/977092bb47ca6a03_w15.png,977092bb47ca6a03,15,Lab,Floating
train/pd/977092bb47ca6a03_w16.png,977092bb47ca6a03,16,Lab,Floating
train/pd/977092bb47ca6a03_w21.png,977092bb47ca6a03,21,Lab,Floating
train/pd/977092bb47ca6a03_w25.png,977092bb47ca6a03,25,Lab,Floating
train/pd/977092bb47ca6a03_w26.png,977092bb47ca6a03,26,Lab,Floating
train/pd/977415b59cd90a00_w00.png,977415b59cd90a00,0,Field,Corona
train/pd/977415b59cd90a00_w02.png,977415b59cd90a00,2,Field,Corona
train/pd/977415b59cd90a00_w04.png,977415b59cd90a00,4,Field,Corona
train/pd/977415b59cd90a00_w05.png,977415b59cd90a00,5,Field,Corona
train/pd/977415b59cd90a00_w07.png,977415b59cd90a00,7,Field,Corona
train/pd/977415b59cd90a00_w09.png,977415b59cd90a00,9,Field,Corona
train/pd/977415b59cd90a00_w17.png,977415b59cd90a00,17,Field,Corona
train/pd/977415b59cd90a00_w20.png,977415b59cd90a00,20,Field,Corona
train/pd/9795d6971c737c7d_w01.png,9795d6971c737c7d,1,Lab,Particle
train/pd/9795d6971c737c7d_w03.png,9795d6971c737c7d,3,Lab,Particle
train/pd/9795d6971c737c7d_w05.png,9795d6971c737c7d,5,Lab,Particle
train/pd/9795d6971c737c7d_w06.png,9795d6971c737c7d,6,Lab,Particle
train/pd/9795d6971c737c7d_w19.png,9795d6971c737c7d,19,Lab,Particle
train/pd/9795d6971c737c7d_w25.png,9795d6971c737c7d,25,Lab,Particle
train/pd/9795d6971c737c7d_w26.png,9795d6971c737c7d,26,Lab,Particle
train/pd/9795d6971c737c7d_w27.png,9795d6971c737c7d,27,Lab,Particle
train/pd/97e3883f059fa43a_w03.png,97e3883f059fa43a,3,Field,Floating
train/pd/97e3883f059fa43a_w04.png,97e3883f059fa43a,4,Field,Floating
train/pd/97e3883f059fa43a_w06.png,97e3883f059fa43a,6,Field,Floating
train/pd/97e3883f059fa43a_w11.png,97e3883f059fa43a,11,Field,Floating
train/pd/97e3883f059fa43a_w12.png,97e3883f059fa43a,12,Field,Floating
train/pd/97e3883f059fa43a_w14.png,97e3883f059fa43a,14,Field,Floating
train/pd/97e3883f059fa43a_w20.png,97e3883f059fa43a,20,Field,Floating
train/pd/97e3883f059fa43a_w24.png,97e3883f059fa43a,24,Field,Floating
train/pd/97e9110d8cfbca61_w00.png,97e9110d8cfbca61,0,Lab,Void
train/pd/97e9110d8cfbca61_w01.png,97e9110d8cfbca61,1,Lab,Void
train/pd/97e9110d8cfbca61_w07.png,97e9110d8cfbca61,7,Lab,Void
train/pd/97e9110d8cfbca61_w14.png,97e9110d8cfbca61,14,Lab,Void
train/pd/97e9110d8cfbca61_w15.png,97e9110d8cfbca61,15,Lab,Void
train/pd/97e9110d8cfbca61_w20.png,97e9110d8cfbca61,20,Lab,Void
train/pd/97e9110d8cfbca61_w23.png,97e9110d8cfbca61,23,Lab,Void
train/pd/97e9110d8cfbca61_w25.png,97e9110d8cfbca61,25,Lab,Void
train/pd/980026651f5ad1ba_w02.png,980026651f5ad1ba,2,Lab,Void
train/pd/980026651f5ad1ba_w03.png,980026651f5ad1ba,3,Lab,Void
train/pd/980026651f5ad1ba_w05.png,980026651f5ad1ba,5,Lab,Void
train/pd/980026651f5ad1ba_w07.png,980026651f5ad1ba,7,Lab,Void
train/pd/980026651f5ad1ba_w08.png,980026651f5ad1ba,8,Lab,Void
train/pd/980026651f5ad1ba_w09.png,980026651f5ad1ba,9,Lab,Void
train/pd/980026651f5ad1ba_w18.png,980026651f5ad1ba,18,Lab,Void
train/pd/980026651f5ad1ba_w23.png,980026651f5ad1ba,23,Lab,Void
train/pd/986a91a2e8e6b561_w02.png,986a91a2e8e6b561,2,Lab,Floating
train/pd/986a91a2e8e6b561_w03.png,986a91a2e8e6b561,3,Lab,Floating
train/pd/986a91a2e8e6b561_w12.png,986a91a2e8e6b561,12,Lab,Floating
train/pd/986a91a2e8e6b561_w14.png,986a91a2e8e6b561,14,Lab,Floating
train/pd/986a91a2e8e6b561_w15.png,986a91a2e8e6b561,15,Lab,Floating
train/pd/986a91a2e8e6b561_w17.png,986a91a2e8e6b561,17,Lab,Floating
train/pd/986a91a2e8e6b561_w21.png,986a91a2e8e6b561,21,Lab,Floating
train/pd/986a91a2e8e6b561_w22.png,986a91a2e8e6b561,22,Lab,Floating
train/pd/987bd0fc4b7689ba_w00.png,987bd0fc4b7689ba,0,Field,Floating
train/pd/987bd0fc4b7689ba_w05.png,987bd0fc4b7689ba,5,Field,Floating
train/pd/987bd0fc4b7689ba_w11.png,987bd0fc4b7689ba,11,Field,Floating
train/pd/987bd0fc4b7689ba_w15.png,987bd0fc4b7689ba,15,Field,Floating
train/pd/987bd0fc4b7689ba_w17.png,987bd0fc4b7689ba,17,Field,Floating
train/pd/987bd0fc4b7689ba_w19.png,987bd0fc4b7689ba,19,Field,Floating
train/pd/987bd0fc4b7689ba_w22.png,987bd0fc4b7689ba,22,Field,Floating
train/pd/987bd0fc4b7689ba_w24.png,987bd0fc4b7689ba,24,Field,Floating
train/pd/988f9b2ac0db7e97_w03.png,988f9b2ac0db7e97,3,Lab,Corona
train/pd/988f9b2ac0db7e97_w08.png,988f9b2ac0db7e97,8,Lab,Corona
train/pd/988f9b2ac0db7e97_w10.png,988f9b2ac0db7e97,10,Lab,Corona
train/pd/988f9b2ac0db7e97_w11.png,988f9b2ac0db7e97,11,Lab,Corona
train/pd/988f9b2ac0db7e97_w14.png,988f9b2ac0db7e97,14,Lab,Corona
train/pd/988f9b2ac0db7e97_w21.png,988f9b2ac0db7e97,21,Lab,Corona
train/pd/988f9b2ac0db7e97_w24.png,988f9b2ac0db7e97,24,Lab,Corona
train/pd/988f9b2ac0db7e97_w27.png,988f9b2ac0db7e97,27,Lab,Corona
train/pd/98cacea19120d8c0_w04.png,98cacea19120d8c0,4,Lab,Corona
train/pd/98cacea19120d8c0_w11.png,98cacea19120d8c0,11,Lab,Corona
train/pd/98cacea19120d8c0_w15.png,98cacea19120d8c0,15,Lab,Corona
train/pd/98cacea19120d8c0_w18.png,98cacea19120d8c0,18,Lab,Corona
train/pd/98cacea19120d8c0_w19.png,98cacea19120d8c0,19,Lab,Corona
train/pd/98cacea19120d8c0_w21.png,98cacea19120d8c0,21,Lab,Corona
train/pd/98cacea19120d8c0_w22.png,98cacea19120d8c0,22,Lab,Corona
train/pd/98cacea19120d8c0_w26.png,98cacea19120d8c0,26,Lab,Corona
train/pd/98d1874c93f9b83b_w02.png,98d1874c93f9b83b,2,Lab,Corona
train/pd/98d1874c93f9b83b_w03.png,98d1874c93f9b83b,3,Lab,Corona
train/pd/98d1874c93f9b83b_w05.png,98d1874c93f9b83b,5,Lab,Corona
train/pd/98d1874c93f9b83b_w06.png,98d1874c93f9b83b,6,Lab,Corona
train/pd/98d1874c93f9b83b_w07.png,98d1874c93f9b83b,7,Lab,Corona
train/pd/98d1874c93f9b83b_w12.png,98d1874c93f9b83b,12,Lab,Corona
train/pd/98d1874c93f9b83b_w22.png,98d1874c93f9b83b,22,Lab,Corona
train/pd/98d1874c93f9b83b_w25.png,98d1874c93f9b83b,25,Lab,Corona
train/pd/98e79fa9b78ac429_w00.png,98e79fa9b78ac429,0,Lab,Corona
train/pd/98e79fa9b78ac429_w05.png,98e79fa9b78ac429,5,Lab,Corona
train/pd/98e79fa9b78ac429_w08.png,98e79fa9b78ac429,8,Lab,Corona
train/pd/98e79fa9b78ac429_w11.png,98e79fa9b78ac429,11,Lab,Corona
train/pd/98e79fa9b78ac429_w18.png,98e79fa9b78ac429,18,Lab,Corona
train/pd/98e79fa9b78ac429_w19.png,98e79fa9b78ac429,19,Lab,Corona
train/pd/98e79fa9b78ac429_w24.png,98e79fa9b78ac429,24,Lab,Corona
train/pd/98e79fa9b78ac429_w25.png,98e79fa9b78ac429,25,Lab,Corona
train/pd/99139bfc85711b8d_w02.png,99139bfc85711b8d,2,Lab,Corona
train/pd/99139bfc85711b8d_w06.png,99139bfc85711b8d,6,Lab,Corona
train/pd/99139bfc85711b8d_w10.png,99139bfc85711b8d,10,Lab,Corona
train/pd/99139bfc85711b8d_w12.png,99139bfc85711b8d,12,Lab,Corona
train/pd/99139bfc85711b8d_w17.png,99139bfc85711b8d,17,Lab,Corona
train/pd/99139bfc85711b8d_w21.png,99139bfc85711b8d,21,Lab,Corona
train/pd/99139bfc85711b8d_w25.png,99139bfc85711b8d,25,Lab,Corona
train/pd/99139bfc85711b8d_w26.png,99139bfc85711b8d,26,Lab,Corona
train/pd/991d87bd249e86d8_w05.png,991d87bd249e86d8,5,Lab,Floating
train/pd/991d87bd249e86d8_w06.png,991d87bd249e86d8,6,Lab,Floating
train/pd/991d87bd249e86d8_w07.png,991d87bd249e86d8,7,Lab,Floating
train/pd/991d87bd249e86d8_w13.png,991d87bd249e86d8,13,Lab,Floating
train/pd/991d87bd249e86d8_w14.png,991d87bd249e86d8,14,Lab,Floating
train/pd/991d87bd249e86d8_w15.png,991d87bd249e86d8,15,Lab,Floating
train/pd/991d87bd249e86d8_w16.png,991d87bd249e86d8,16,Lab,Floating
train/pd/991d87bd249e86d8_w17.png,991d87bd249e86d8,17,Lab,Floating
train/pd/993a3abd6bfd5c29_w08.png,993a3abd6bfd5c29,8,Lab,Void
train/pd/993a3abd6bfd5c29_w09.png,993a3abd6bfd5c29,9,Lab,Void
train/pd/993a3abd6bfd5c29_w10.png,993a3abd6bfd5c29,10,Lab,Void
train/pd/993a3abd6bfd5c29_w16.png,993a3abd6bfd5c29,16,Lab,Void
train/pd/993a3abd6bfd5c29_w18.png,993a3abd6bfd5c29,18,Lab,Void
train/pd/993a3abd6bfd5c29_w22.png,993a3abd6bfd5c29,22,Lab,Void
train/pd/993a3abd6bfd5c29_w24.png,993a3abd6bfd5c29,24,Lab,Void
train/pd/993a3abd6bfd5c29_w26.png,993a3abd6bfd5c29,26,Lab,Void
train/pd/993d93bac958545f_w00.png,993d93bac958545f,0,Lab,Corona
train/pd/993d93bac958545f_w07.png,993d93bac958545f,7,Lab,Corona
train/pd/993d93bac958545f_w10.png,993d93bac958545f,10,Lab,Corona
train/pd/993d93bac958545f_w11.png,993d93bac958545f,11,Lab,Corona
train/pd/993d93bac958545f_w17.png,993d93bac958545f,17,Lab,Corona
train/pd/993d93bac958545f_w18.png,993d93bac958545f,18,Lab,Corona
train/pd/993d93bac958545f_w21.png,993d93bac958545f,21,Lab,Corona
train/pd/993d93bac958545f_w23.png,993d93bac958545f,23,Lab,Corona
train/pd/996ef98d0ad6fb39_w00.png,996ef98d0ad6fb39,0,Field,Void
train/pd/996ef98d0ad6fb39_w03.png,996ef98d0ad6fb39,3,Field,Void
train/pd/996ef98d0ad6fb39_w09.png,996ef98d0ad6fb39,9,Field,Void
train/pd/996ef98d0ad6fb39_w11.png,996ef98d0ad6fb39,11,Field,Void
train/pd/996ef98d0ad6fb39_w12.png,996ef98d0ad6fb39,12,Field,Void
train/pd/996ef98d0ad6fb39_w14.png,996ef98d0ad6fb39,14,Field,Void
train/pd/996ef98d0ad6fb39_w21.png,996ef98d0ad6fb39,21,Field,Void
train/pd/996ef98d0ad6fb39_w23.png,996ef98d0ad6fb39,23,Field,Void
train/pd/997c16d4dc6bc25d_w06.png,997c16d4dc6bc25d,6,Lab,Void
train/pd/997c16d4dc6bc25d_w10.png,997c16d4dc6bc25d,10,Lab,Void
train/pd/997c16d4dc6bc25d_w11.png,997c16d4dc6bc25d,11,Lab,Void
train/pd/997c16d4dc6bc25d_w12.png,997c16d4dc6bc25d,12,Lab,Void
train/pd/997c16d4dc6bc25d_w17.png,997c16d4dc6bc25d,17,Lab,Void
train/pd/997c16d4dc6bc25d_w20.png,997c16d4dc6bc25d,20,Lab,Void
train/pd/997c16d4dc6bc25d_w23.png,997c16d4dc6bc25d,23,Lab,Void
train/pd/997c16d4dc6bc25d_w27.png,997c16d4dc6bc25d,27,Lab,Void
train/pd/99e806df10ea83be_w00.png,99e806df10ea83be,0,Lab,Void
train/pd/99e806df10ea83be_w07.png,99e806df10ea83be,7,Lab,Void
train/pd/99e806df10ea83be_w09.png,99e806df10ea83be,9,Lab,Void
train/pd/99e806df10ea83be_w12.png,99e806df10ea83be,12,Lab,Void
train/pd/99e806df10ea83be_w13.png,99e806df10ea83be,13,Lab,Void
train/pd/99e806df10ea83be_w19.png,99e806df10ea83be,19,Lab,Void
train/pd/99e806df10ea83be_w22.png,99e806df10ea83be,22,Lab,Void
train/pd/99e806df10ea83be_w24.png,99e806df10ea83be,24,Lab,Void
train/pd/99f598b628bb256c_w01.png,99f598b628bb256c,1,Lab,Void
train/pd/99f598b628bb256c_w04.png,99f598b628bb256c,4,Lab,Void
train/pd/99f598b628bb256c_w09.png,99f598b628bb256c,9,Lab,Void
train/pd/99f598b628bb256c_w10.png,99f598b628bb256c,10,Lab,Void
train/pd/99f598b628bb256c_w11.png,99f598b628bb256c,11,Lab,Void
train/pd/99f598b628bb256c_w13.png,99f598b628bb256c,13,Lab,Void
train/pd/99f598b628bb256c_w17.png,99f598b628bb256c,17,Lab,Void
train/pd/99f598b628bb256c_w23.png,99f598b628bb256c,23,Lab,Void
train/pd/99f864f849a0beb6_w00.png,99f864f849a0beb6,0,Lab,Corona
train/pd/99f864f849a0beb6_w04.png,99f864f849a0beb6,4,Lab,Corona
train/pd/99f864f849a0beb6_w05.png,99f864f849a0beb6,5,Lab,Corona
train/pd/99f864f849a0beb6_w09.png,99f864f849a0beb6,9,Lab,Corona
train/pd/99f864f849a0beb6_w12.png,99f864f849a0beb6,12,Lab,Corona
train/pd/99f864f849a0beb6_w24.png,99f864f849a0beb6,24,Lab,Corona
train/pd/99f864f849a0beb6_w26.png,99f864f849a0beb6,26,Lab,Corona
train/pd/99f864f849a0beb6_w27.png,99f864f849a0beb6,27,Lab,Corona
train/pd/9a0bd2ad4ae38e02_w05.png,9a0bd2ad4ae38e02,5,Lab,Void
train/pd/9a0bd2ad4ae38e02_w11.png,9a0bd2ad4ae38e02,11,Lab,Void
train/pd/9a0bd2ad4ae38e02_w15.png,9a0bd2ad4ae38e02,15,Lab,Void
train/pd/9a0bd2ad4ae38e02_w19.png,9a0bd2ad4ae38e02,19,Lab,Void
train/pd/9a0bd2ad4ae38e02_w22.png,9a0bd2ad4ae38e02,22,Lab,Void
train/pd/9a0bd2ad4ae38e02_w24.png,9a0bd2ad4ae38e02,24,Lab,Void
train/pd/9a0bd2ad4ae38e02_w25.png,9a0bd2ad4ae38e02,25,Lab,Void
train/pd/9a0bd2ad4ae38e02_w26.png,9a0bd2ad4ae38e02,26,Lab,Void
train/pd/9a2c22837c476587_w04.png,9a2c22837c476587,4,Field,Void
train/pd/9a2c22837c476587_w05.png,9a2c22837c476587,5,Field,Void
train/pd/9a2c22837c476587_w11.png,9a2c22837c476587,11,Field,Void
train/pd/9a2c22837c476587_w12.png,9a2c22837c476587,12,Field,Void
train/pd/9a2c22837c476587_w15.png,9a2c22837c476587,15,Field,Void
train/pd/9a2c22837c476587_w18.png,9a2c22837c476587,18,Field,Void
train/pd/9a2c22837c476587_w20.png,9a2c22837c476587,20,Field,Void
train/pd/9a2c22837c476587_w22.png,9a2c22837c476587,22,Field,Void
train/pd/9a4df9ad3af80e63_w00.png,9a4df9ad3af80e63,0,Field,Void
train/pd/9a4df9ad3af80e63_w01.png,9a4df9ad3af80e63,1,Field,Void
train/pd/9a4df9ad3af80e63_w05.png,9a4df9ad3af80e63,5,Field,Void
train/pd/9a4df9ad3af80e63_w10.png,9a4df9ad3af80e63,10,Field,Void
train/pd/9a4df9ad3af80e63_w12.png,9a4df9ad3af80e63,12,Field,Void
train/pd/9a4df9ad3af80e63_w19.png,9a4df9ad3af80e63,19,Field,Void
train/pd/9a4df9ad3af80e63_w22.png,9a4df9ad3af80e63,22,Field,Void
train/pd/9a4df9ad3af80e63_w23.png,9a4df9ad3af80e63,23,Field,Void
train/pd/9b1b97e0c8d0811f_w00.png,9b1b97e0c8d0811f,0,Field,Void
train/pd/9b1b97e0c8d0811f_w04.png,9b1b97e0c8d0811f,4,Field,Void
train/pd/9b1b97e0c8d0811f_w11.png,9b1b97e0c8d0811f,11,Field,Void
train/pd/9b1b97e0c8d0811f_w16.png,9b1b97e0c8d0811f,16,Field,Void
train/pd/9b1b97e0c8d0811f_w19.png,9b1b97e0c8d0811f,19,Field,Void
train/pd/9b1b97e0c8d0811f_w20.png,9b1b97e0c8d0811f,20,Field,Void
train/pd/9b1b97e0c8d0811f_w22.png,9b1b97e0c8d0811f,22,Field,Void
train/pd/9b1b97e0c8d0811f_w23.png,9b1b97e0c8d0811f,23,Field,Void
train/pd/9b8b2f9b6b8e8066_w04.png,9b8b2f9b6b8e8066,4,Lab,Corona
train/pd/9b8b2f9b6b8e8066_w07.png,9b8b2f9b6b8e8066,7,Lab,Corona
train/pd/9b8b2f9b6b8e8066_w08.png,9b8b2f9b6b8e8066,8,Lab,Corona
train/pd/9b8b2f9b6b8e8066_w13.png,9b8b2f9b6b8e8066,13,Lab,Corona
train/pd/9b8b2f9b6b8e8066_w14.png,9b8b2f9b6b8e8066,14,Lab,Corona
train/pd/9b8b2f9b6b8e8066_w15.png,9b8b2f9b6b8e8066,15,Lab,Corona
train/pd/9b8b2f9b6b8e8066_w17.png,9b8b2f9b6b8e8066,17,Lab,Corona
train/pd/9b8b2f9b6b8e8066_w18.png,9b8b2f9b6b8e8066,18,Lab,Corona
train/pd/9be2b9b16a5f3de5_w05.png,9be2b9b16a5f3de5,5,Field,Void
train/pd/9be2b9b16a5f3de5_w06.png,9be2b9b16a5f3de5,6,Field,Void
train/pd/9be2b9b16a5f3de5_w08.png,9be2b9b16a5f3de5,8,Field,Void
train/pd/9be2b9b16a5f3de5_w11.png,9be2b9b16a5f3de5,11,Field,Void
train/pd/9be2b9b16a5f3de5_w13.png,9be2b9b16a5f3de5,13,Field,Void
train/pd/9be2b9b16a5f3de5_w15.png,9be2b9b16a5f3de5,15,Field,Void
train/pd/9be2b9b16a5f3de5_w19.png,9be2b9b16a5f3de5,19,Field,Void
train/pd/9be2b9b16a5f3de5_w20.png,9be2b9b16a5f3de5,20,Field,Void
train/pd/9be31383c5cee03c_w01.png,9be31383c5cee03c,1,Lab,Void
train/pd/9be31383c5cee03c_w04.png,9be31383c5cee03c,4,Lab,Void
train/pd/9be31383c5cee03c_w09.png,9be31383c5cee03c,9,Lab,Void
train/pd/9be31383c5cee03c_w11.png,9be31383c5cee03c,11,Lab,Void
train/pd/9be31383c5cee03c_w14.png,9be31383c5cee03c,14,Lab,Void
train/pd/9be31383c5cee03c_w19.png,9be31383c5cee03c,19,Lab,Void
train/pd/9be31383c5cee03c_w22.png,9be31383c5cee03c,22,Lab,Void
train/pd/9be31383c5cee03c_w23.png,9be31383c5cee03c,23,Lab,Void
train/pd/9bef7efce8ffb982_w00.png,9bef7efce8ffb982,0,Lab,Void
train/pd/9bef7efce8ffb982_w05.png,9bef7efce8ffb982,5,Lab,Void
train/pd/9bef7efce8ffb982_w14.png,9bef7efce8ffb982,14,Lab,Void
train/pd/9bef7efce8ffb982_w19.png,9bef7efce8ffb982,19,Lab,Void
train/pd/9bef7efce8ffb982_w20.png,9bef7efce8ffb982,20,Lab,Void
train/pd/9bef7efce8ffb982_w21.png,9bef7efce8ffb982,21,Lab,Void
train/pd/9bef7efce8ffb982_w23.png,9bef7efce8ffb982,23,Lab,Void
train/pd/9bef7efce8ffb982_w27.png,9bef7efce8ffb982,27,Lab,Void
train/pd/9bffae5e692a0cd1_w00.png,9bffae5e692a0cd1,0,Lab,Particle
train/pd/9bffae5e692a0cd1_w04.png,9bffae5e692a0cd1,4,Lab,Particle
train/pd/9bffae5e692a0cd1_w07.png,9bffae5e692a0cd1,7,Lab,Particle
train/pd/9bffae5e692a0cd1_w08.png,9bffae5e692a0cd1,8,Lab,Particle
train/pd/9bffae5e692a0cd1_w09.png,9bffae5e692a0cd1,9,Lab,Particle
train/pd/9bffae5e692a0cd1_w17.png,9bffae5e692a0cd1,17,Lab,Particle
train/pd/9bffae5e692a0cd1_w26.png,9bffae5e692a0cd1,26,Lab,Particle
train/pd/9bffae5e692a0cd1_w27.png,9bffae5e692a0cd1,27,Lab,Particle
train/pd/9c0125807fd65d19_w03.png,9c0125807fd65d19,3,Field,Floating
train/pd/9c0125807fd65d19_w05.png,9c0125807fd65d19,5,Field,Floating
train/pd/9c0125807fd65d19_w06.png,9c0125807fd65d19,6,Field,Floating
train/pd/9c0125807fd65d19_w12.png,9c0125807fd65d19,12,Field,Floating
train/pd/9c0125807fd65d19_w13.png,9c0125807fd65d19,13,Field,Floating
train/pd/9c0125807fd65d19_w21.png,9c0125807fd65d19,21,Field,Floating
train/pd/9c0125807fd65d19_w23.png,9c0125807fd65d19,23,Field,Floating
train/pd/9c0125807fd65d19_w24.png,9c0125807fd65d19,24,Field,Floating
train/pd/9c1e6199615c478c_w05.png,9c1e6199615c478c,5,Lab,Corona
train/pd/9c1e6199615c478c_w07.png,9c1e6199615c478c,7,Lab,Corona
train/pd/9c1e6199615c478c_w08.png,9c1e6199615c478c,8,Lab,Corona
train/pd/9c1e6199615c478c_w11.png,9c1e6199615c478c,11,Lab,Corona
train/pd/9c1e6199615c478c_w12.png,9c1e6199615c478c,12,Lab,Corona
train/pd/9c1e6199615c478c_w15.png,9c1e6199615c478c,15,Lab,Corona
train/pd/9c1e6199615c478c_w20.png,9c1e6199615c478c,20,Lab,Corona
train/pd/9c1e6199615c478c_w26.png,9c1e6199615c478c,26,Lab,Corona
train/pd/9c2461cf2002d6cd_w04.png,9c2461cf2002d6cd,4,Field,Floating
train/pd/9c2461cf2002d6cd_w06.png,9c2461cf2002d6cd,6,Field,Floating
train/pd/9c2461cf2002d6cd_w08.png,9c2461cf2002d6cd,8,Field,Floating
train/pd/9c2461cf2002d6cd_w13.png,9c2461cf2002d6cd,13,Field,Floating
train/pd/9c2461cf2002d6cd_w14.png,9c2461cf2002d6cd,14,Field,Floating
train/pd/9c2461cf2002d6cd_w23.png,9c2461cf2002d6cd,23,Field,Floating
train/pd/9c2461cf2002d6cd_w26.png,9c2461cf2002d6cd,26,Field,Floating
train/pd/9c2461cf2002d6cd_w27.png,9c2461cf2002d6cd,27,Field,Floating
train/pd/9c2b2f2692f5abff_w03.png,9c2b2f2692f5abff,3,Lab,Void
train/pd/9c2b2f2692f5abff_w04.png,9c2b2f2692f5abff,4,Lab,Void
train/pd/9c2b2f2692f5abff_w09.png,9c2b2f2692f5abff,9,Lab,Void
train/pd/9c2b2f2692f5abff_w19.png,9c2b2f2692f5abff,19,Lab,Void
train/pd/9c2b2f2692f5abff_w20.png,9c2b2f2692f5abff,20,Lab,Void
train/pd/9c2b2f2692f5abff_w21.png,9c2b2f2692f5abff,21,Lab,Void
train/pd/9c2b2f2692f5abff_w26.png,9c2b2f2692f5abff,26,Lab,Void
train/pd/9c2b2f2692f5abff_w27.png,9c2b2f2692f5abff,27,Lab,Void
train/pd/9c3b255f8f003dac_w05.png,9c3b255f8f003dac,5,Field,Void
train/pd/9c3b255f8f003dac_w14.png,9c3b255f8f003dac,14,Field,Void
train/pd/9c3b255f8f003dac_w15.png,9c3b255f8f003dac,15,Field,Void
train/pd/9c3b255f8f003dac_w19.png,9c3b255f8f003dac,19,Field,Void
train/pd/9c3b255f8f003dac_w20.png,9c3b255f8f003dac,20,Field,Void
train/pd/9c3b255f8f003dac_w23.png,9c3b255f8f003dac,23,Field,Void
train/pd/9c3b255f8f003dac_w26.png,9c3b255f8f003dac,26,Field,Void
train/pd/9c3b255f8f003dac_w27.png,9c3b255f8f003dac,27,Field,Void
train/pd/9c3fb6bf98405143_w00.png,9c3fb6bf98405143,0,Lab,Particle
train/pd/9c3fb6bf98405143_w02.png,9c3fb6bf98405143,2,Lab,Particle
train/pd/9c3fb6bf98405143_w04.png,9c3fb6bf98405143,4,Lab,Particle
train/pd/9c3fb6bf98405143_w09.png,9c3fb6bf98405143,9,Lab,Particle
train/pd/9c3fb6bf98405143_w10.png,9c3fb6bf98405143,10,Lab,Particle
train/pd/9c3fb6bf98405143_w12.png,9c3fb6bf98405143,12,Lab,Particle
train/pd/9c3fb6bf98405143_w25.png,9c3fb6bf98405143,25,Lab,Particle
train/pd/9c3fb6bf98405143_w27.png,9c3fb6bf98405143,27,Lab,Particle
train/pd/9cb4763ff8a88749_w01.png,9cb4763ff8a88749,1,Lab,Corona
train/pd/9cb4763ff8a88749_w02.png,9cb4763ff8a88749,2,Lab,Corona
train/pd/9cb4763ff8a88749_w03.png,9cb4763ff8a88749,3,Lab,Corona
train/pd/9cb4763ff8a88749_w14.png,9cb4763ff8a88749,14,Lab,Corona
train/pd/9cb4763ff8a88749_w16.png,9cb4763ff8a88749,16,Lab,Corona
train/pd/9cb4763ff8a88749_w20.png,9cb4763ff8a88749,20,Lab,Corona
train/pd/9cb4763ff8a88749_w22.png,9cb4763ff8a88749,22,Lab,Corona
train/pd/9cb4763ff8a88749_w25.png,9cb4763ff8a88749,25,Lab,Corona
train/pd/9cd1fb52a794fe48_w00.png,9cd1fb52a794fe48,0,Lab,Floating
train/pd/9cd1fb52a794fe48_w04.png,9cd1fb52a794fe48,4,Lab,Floating
train/pd/9cd1fb52a794fe48_w05.png,9cd1fb52a794fe48,5,Lab,Floating
train/pd/9cd1fb52a794fe48_w08.png,9cd1fb52a794fe48,8,Lab,Floating
train/pd/9cd1fb52a794fe48_w10.png,9cd1fb52a794fe48,10,Lab,Floating
train/pd/9cd1fb52a794fe48_w22.png,9cd1fb52a794fe48,22,Lab,Floating
train/pd/9cd1fb52a794fe48_w23.png,9cd1fb52a794fe48,23,Lab,Floating
train/pd/9cd1fb52a794fe48_w27.png,9cd1fb52a794fe48,27,Lab,Floating
train/pd/9ce90c4ddaef61de_w08.png,9ce90c4ddaef61de,8,Lab,Particle
train/pd/9ce90c4ddaef61de_w09.png,9ce90c4ddaef61de,9,Lab,Particle
train/pd/9ce90c4ddaef61de_w16.png,9ce90c4ddaef61de,16,Lab,Particle
train/pd/9ce90c4ddaef61de_w17.png,9ce90c4ddaef61de,17,Lab,Particle
train/pd/9ce90c4ddaef61de_w20.png,9ce90c4ddaef61de,20,Lab,Particle
train/pd/9ce90c4ddaef61de_w22.png,9ce90c4ddaef61de,22,Lab,Particle
train/pd/9ce90c4ddaef61de_w24.png,9ce90c4ddaef61de,24,Lab,Particle
train/pd/9ce90c4ddaef61de_w25.png,9ce90c4ddaef61de,25,Lab,Particle
train/pd/9d04ea72c1da983e_w01.png,9d04ea72c1da983e,1,Lab,Floating
train/pd/9d04ea72c1da983e_w02.png,9d04ea72c1da983e,2,Lab,Floating
train/pd/9d04ea72c1da983e_w05.png,9d04ea72c1da983e,5,Lab,Floating
train/pd/9d04ea72c1da983e_w13.png,9d04ea72c1da983e,13,Lab,Floating
train/pd/9d04ea72c1da983e_w14.png,9d04ea72c1da983e,14,Lab,Floating
train/pd/9d04ea72c1da983e_w18.png,9d04ea72c1da983e,18,Lab,Floating
train/pd/9d04ea72c1da983e_w20.png,9d04ea72c1da983e,20,Lab,Floating
train/pd/9d04ea72c1da983e_w24.png,9d04ea72c1da983e,24,Lab,Floating
train/pd/9d1604dd0cf6a9a8_w02.png,9d1604dd0cf6a9a8,2,Lab,Void
train/pd/9d1604dd0cf6a9a8_w06.png,9d1604dd0cf6a9a8,6,Lab,Void
train/pd/9d1604dd0cf6a9a8_w08.png,9d1604dd0cf6a9a8,8,Lab,Void
train/pd/9d1604dd0cf6a9a8_w18.png,9d1604dd0cf6a9a8,18,Lab,Void
train/pd/9d1604dd0cf6a9a8_w19.png,9d1604dd0cf6a9a8,19,Lab,Void
train/pd/9d1604dd0cf6a9a8_w21.png,9d1604dd0cf6a9a8,21,Lab,Void
train/pd/9d1604dd0cf6a9a8_w25.png,9d1604dd0cf6a9a8,25,Lab,Void
train/pd/9d1604dd0cf6a9a8_w27.png,9d1604dd0cf6a9a8,27,Lab,Void
train/pd/9d2f73e47a2800be_w00.png,9d2f73e47a2800be,0,Lab,Corona
train/pd/9d2f73e47a2800be_w03.png,9d2f73e47a2800be,3,Lab,Corona
train/pd/9d2f73e47a2800be_w06.png,9d2f73e47a2800be,6,Lab,Corona
train/pd/9d2f73e47a2800be_w10.png,9d2f73e47a2800be,10,Lab,Corona
train/pd/9d2f73e47a2800be_w15.png,9d2f73e47a2800be,15,Lab,Corona
train/pd/9d2f73e47a2800be_w16.png,9d2f73e47a2800be,16,Lab,Corona
train/pd/9d2f73e47a2800be_w21.png,9d2f73e47a2800be,21,Lab,Corona
train/pd/9d2f73e47a2800be_w25.png,9d2f73e47a2800be,25,Lab,Corona
train/pd/9d571ebe7486c3dc_w00.png,9d571ebe7486c3dc,0,Lab,Void
train/pd/9d571ebe7486c3dc_w02.png,9d571ebe7486c3dc,2,Lab,Void
train/pd/9d571ebe7486c3dc_w08.png,9d571ebe7486c3dc,8,Lab,Void
train/pd/9d571ebe7486c3dc_w13.png,9d571ebe7486c3dc,13,Lab,Void
train/pd/9d571ebe7486c3dc_w15.png,9d571ebe7486c3dc,15,Lab,Void
train/pd/9d571ebe7486c3dc_w18.png,9d571ebe7486c3dc,18,Lab,Void
train/pd/9d571ebe7486c3dc_w22.png,9d571ebe7486c3dc,22,Lab,Void
train/pd/9d571ebe7486c3dc_w23.png,9d571ebe7486c3dc,23,Lab,Void
train/pd/9d62d17ff0b300e8_w00.png,9d62d17ff0b300e8,0,Field,Corona
train/pd/9d62d17ff0b300e8_w04.png,9d62d17ff0b300e8,4,Field,Corona
train/pd/9d62d17ff0b300e8_w06.png,9d62d17ff0b300e8,6,Field,Corona
train/pd/9d62d17ff0b300e8_w08.png,9d62d17ff0b300e8,8,Field,Corona
train/pd/9d62d17ff0b300e8_w09.png,9d62d17ff0b300e8,9,Field,Corona
train/pd/9d62d17ff0b300e8_w13.png,9d62d17ff0b300e8,13,Field,Corona
train/pd/9d62d17ff0b300e8_w20.png,9d62d17ff0b300e8,20,Field,Corona
train/pd/9d62d17ff0b300e8_w23.png,9d62d17ff0b300e8,23,Field,Corona
train/pd/9d63c63d265541ee_w02.png,9d63c63d265541ee,2,Field,Void
train/pd/9d63c63d265541ee_w03.png,9d63c63d265541ee,3,Field,Void
train/pd/9d63c63d265541ee_w08.png,9d63c63d265541ee,8,Field,Void
train/pd/9d63c63d265541ee_w10.png,9d63c63d265541ee,10,Field,Void
train/pd/9d63c63d265541ee_w16.png,9d63c63d265541ee,16,Field,Void
train/pd/9d63c63d265541ee_w18.png,9d63c63d265541ee,18,Field,Void
train/pd/9d63c63d265541ee_w20.png,9d63c63d265541ee,20,Field,Void
train/pd/9d63c63d265541ee_w23.png,9d63c63d265541ee,23,Field,Void
train/pd/9d74de6292007ea0_w00.png,9d74de6292007ea0,0,Field,Floating
train/pd/9d74de6292007ea0_w01.png,9d74de6292007ea0,1,Field,Floating
train/pd/9d74de6292007ea0_w05.png,9d74de6292007ea0,5,Field,Floating
train/pd/9d74de6292007ea0_w09.png,9d74de6292007ea0,9,Field,Floating
train/pd/9d74de6292007ea0_w13.png,9d74de6292007ea0,13,Field,Floating
train/pd/9d74de6292007ea0_w14.png,9d74de6292007ea0,14,Field,Floating
train/pd/9d74de6292007ea0_w17.png,9d74de6292007ea0,17,Field,Floating
train/pd/9d74de6292007ea0_w24.png,9d74de6292007ea0,24,Field,Floating
train/pd/9d969cc6176e69be_w05.png,9d969cc6176e69be,5,Lab,Particle
train/pd/9d969cc6176e69be_w12.png,9d969cc6176e69be,12,Lab,Particle
train/pd/9d969cc6176e69be_w14.png,9d969cc6176e69be,14,Lab,Particle
train/pd/9d969cc6176e69be_w17.png,9d969cc6176e69be,17,Lab,Particle
train/pd/9d969cc6176e69be_w20.png,9d969cc6176e69be,20,Lab,Particle
train/pd/9d969cc6176e69be_w21.png,9d969cc6176e69be,21,Lab,Particle
train/pd/9d969cc6176e69be_w22.png,9d969cc6176e69be,22,Lab,Particle
train/pd/9d969cc6176e69be_w24.png,9d969cc6176e69be,24,Lab,Particle
train/pd/9dc2c2b5fc24fe5c_w06.png,9dc2c2b5fc24fe5c,6,Lab,Particle
train/pd/9dc2c2b5fc24fe5c_w10.png,9dc2c2b5fc24fe5c,10,Lab,Particle
train/pd/9dc2c2b5fc24fe5c_w15.png,9dc2c2b5fc24fe5c,15,Lab,Particle
train/pd/9dc2c2b5fc24fe5c_w16.png,9dc2c2b5fc24fe5c,16,Lab,Particle
train/pd/9dc2c2b5fc24fe5c_w17.png,9dc2c2b5fc24fe5c,17,Lab,Particle
train/pd/9dc2c2b5fc24fe5c_w20.png,9dc2c2b5fc24fe5c,20,Lab,Particle
train/pd/9dc2c2b5fc24fe5c_w21.png,9dc2c2b5fc24fe5c,21,Lab,Particle
train/pd/9dc2c2b5fc24fe5c_w23.png,9dc2c2b5fc24fe5c,23,Lab,Particle
train/pd/9e1230e1784fe4dc_w01.png,9e1230e1784fe4dc,1,Lab,Corona
train/pd/9e1230e1784fe4dc_w02.png,9e1230e1784fe4dc,2,Lab,Corona
train/pd/9e1230e1784fe4dc_w10.png,9e1230e1784fe4dc,10,Lab,Corona
train/pd/9e1230e1784fe4dc_w14.png,9e1230e1784fe4dc,14,Lab,Corona
train/pd/9e1230e1784fe4dc_w21.png,9e1230e1784fe4dc,21,Lab,Corona
train/pd/9e1230e1784fe4dc_w24.png,9e1230e1784fe4dc,24,Lab,Corona
train/pd/9e1230e1784fe4dc_w25.png,9e1230e1784fe4dc,25,Lab,Corona
train/pd/9e1230e1784fe4dc_w27.png,9e1230e1784fe4dc,27,Lab,Corona
train/pd/9e4ff7fe1f2e9710_w01.png,9e4ff7fe1f2e9710,1,Field,Floating
train/pd/9e4ff7fe1f2e9710_w06.png,9e4ff7fe1f2e9710,6,Field,Floating
train/pd/9e4ff7fe1f2e9710_w08.png,9e4ff7fe1f2e9710,8,Field,Floating
train/pd/9e4ff7fe1f2e9710_w17.png,9e4ff7fe1f2e9710,17,Field,Floating
train/pd/9e4ff7fe1f2e9710_w19.png,9e4ff7fe1f2e9710,19,Field,Floating
train/pd/9e4ff7fe1f2e9710_w20.png,9e4ff7fe1f2e9710,20,Field,Floating
train/pd/9e4ff7fe1f2e9710_w25.png,9e4ff7fe1f2e9710,25,Field,Floating
train/pd/9e4ff7fe1f2e9710_w26.png,9e4ff7fe1f2e9710,26,Field,Floating
train/pd/9e5ce7ed9b3f0393_w00.png,9e5ce7ed9b3f0393,0,Lab,Void
train/pd/9e5ce7ed9b3f0393_w01.png,9e5ce7ed9b3f0393,1,Lab,Void
train/pd/9e5ce7ed9b3f0393_w07.png,9e5ce7ed9b3f0393,7,Lab,Void
train/pd/9e5ce7ed9b3f0393_w09.png,9e5ce7ed9b3f0393,9,Lab,Void
train/pd/9e5ce7ed9b3f0393_w16.png,9e5ce7ed9b3f0393,16,Lab,Void
train/pd/9e5ce7ed9b3f0393_w19.png,9e5ce7ed9b3f0393,19,Lab,Void
train/pd/9e5ce7ed9b3f0393_w23.png,9e5ce7ed9b3f0393,23,Lab,Void
train/pd/9e5ce7ed9b3f0393_w25.png,9e5ce7ed9b3f0393,25,Lab,Void
train/pd/9e62f4d1f4132def_w03.png,9e62f4d1f4132def,3,Lab,Corona
train/pd/9e62f4d1f4132def_w04.png,9e62f4d1f4132def,4,Lab,Corona
train/pd/9e62f4d1f4132def_w10.png,9e62f4d1f4132def,10,Lab,Corona
train/pd/9e62f4d1f4132def_w12.png,9e62f4d1f4132def,12,Lab,Corona
train/pd/9e62f4d1f4132def_w18.png,9e62f4d1f4132def,18,Lab,Corona
train/pd/9e62f4d1f4132def_w21.png,9e62f4d1f4132def,21,Lab,Corona
train/pd/9e62f4d1f4132def_w24.png,9e62f4d1f4132def,24,Lab,Corona
train/pd/9e62f4d1f4132def_w27.png,9e62f4d1f4132def,27,Lab,Corona
train/pd/9e6eb32470f821ce_w00.png,9e6eb32470f821ce,0,Lab,Void
train/pd/9e6eb32470f821ce_w04.png,9e6eb32470f821ce,4,Lab,Void
train/pd/9e6eb32470f821ce_w06.png,9e6eb32470f821ce,6,Lab,Void
train/pd/9e6eb32470f821ce_w07.png,9e6eb32470f821ce,7,Lab,Void
train/pd/9e6eb32470f821ce_w08.png,9e6eb32470f821ce,8,Lab,Void
train/pd/9e6eb32470f821ce_w17.png,9e6eb32470f821ce,17,Lab,Void
train/pd/9e6eb32470f821ce_w19.png,9e6eb32470f821ce,19,Lab,Void
train/pd/9e6eb32470f821ce_w27.png,9e6eb32470f821ce,27,Lab,Void
train/pd/9e74405e52e3a806_w00.png,9e74405e52e3a806,0,Field,Void
train/pd/9e74405e52e3a806_w07.png,9e74405e52e3a806,7,Field,Void
train/pd/9e74405e52e3a806_w10.png,9e74405e52e3a806,10,Field,Void
train/pd/9e74405e52e3a806_w16.png,9e74405e52e3a806,16,Field,Void
train/pd/9e74405e52e3a806_w18.png,9e74405e52e3a806,18,Field,Void
train/pd/9e74405e52e3a806_w23.png,9e74405e52e3a806,23,Field,Void
train/pd/9e74405e52e3a806_w25.png,9e74405e52e3a806,25,Field,Void
train/pd/9e74405e52e3a806_w27.png,9e74405e52e3a806,27,Field,Void
train/pd/9e9dd544da4f83fa_w00.png,9e9dd544da4f83fa,0,Lab,Void
train/pd/9e9dd544da4f83fa_w04.png,9e9dd544da4f83fa,4,Lab,Void
train/pd/9e9dd544da4f83fa_w14.png,9e9dd544da4f83fa,14,Lab,Void
train/pd/9e9dd544da4f83fa_w15.png,9e9dd544da4f83fa,15,Lab,Void
train/pd/9e9dd544da4f83fa_w16.png,9e9dd544da4f83fa,16,Lab,Void
train/pd/9e9dd544da4f83fa_w17.png,9e9dd544da4f83fa,17,Lab,Void
train/pd/9e9dd544da4f83fa_w19.png,9e9dd544da4f83fa,19,Lab,Void
train/pd/9e9dd544da4f83fa_w22.png,9e9dd544da4f83fa,22,Lab,Void
train/pd/9f24dc643bdcba4d_w01.png,9f24dc643bdcba4d,1,Lab,Particle
train/pd/9f24dc643bdcba4d_w04.png,9f24dc643bdcba4d,4,Lab,Particle
train/pd/9f24dc643bdcba4d_w05.png,9f24dc643bdcba4d,5,Lab,Particle
train/pd/9f24dc643bdcba4d_w07.png,9f24dc643bdcba4d,7,Lab,Particle
train/pd/9f24dc643bdcba4d_w08.png,9f24dc643bdcba4d,8,Lab,Particle
train/pd/9f24dc643bdcba4d_w13.png,9f24dc643bdcba4d,13,Lab,Particle
train/pd/9f24dc643bdcba4d_w15.png,9f24dc643bdcba4d,15,Lab,Particle
train/pd/9f24dc643bdcba4d_w18.png,9f24dc643bdcba4d,18,Lab,Particle
train/pd/9f3255b88e528c44_w03.png,9f3255b88e528c44,3,Lab,Floating
train/pd/9f3255b88e528c44_w04.png,9f3255b88e528c44,4,Lab,Floating
train/pd/9f3255b88e528c44_w08.png,9f3255b88e528c44,8,Lab,Floating
train/pd/9f3255b88e528c44_w09.png,9f3255b88e528c44,9,Lab,Floating
train/pd/9f3255b88e528c44_w10.png,9f3255b88e528c44,10,Lab,Floating
train/pd/9f3255b88e528c44_w13.png,9f3255b88e528c44,13,Lab,Floating
train/pd/9f3255b88e528c44_w17.png,9f3255b88e528c44,17,Lab,Floating
train/pd/9f3255b88e528c44_w24.png,9f3255b88e528c44,24,Lab,Floating
train/pd/9f8ada065e3d1eb3_w00.png,9f8ada065e3d1eb3,0,Field,Void
train/pd/9f8ada065e3d1eb3_w01.png,9f8ada065e3d1eb3,1,Field,Void
train/pd/9f8ada065e3d1eb3_w02.png,9f8ada065e3d1eb3,2,Field,Void
train/pd/9f8ada065e3d1eb3_w04.png,9f8ada065e3d1eb3,4,Field,Void
train/pd/9f8ada065e3d1eb3_w11.png,9f8ada065e3d1eb3,11,Field,Void
train/pd/9f8ada065e3d1eb3_w18.png,9f8ada065e3d1eb3,18,Field,Void
train/pd/9f8ada065e3d1eb3_w23.png,9f8ada065e3d1eb3,23,Field,Void
train/pd/9f8ada065e3d1eb3_w24.png,9f8ada065e3d1eb3,24,Field,Void
train/pd/a03cd3018ce594d3_w02.png,a03cd3018ce594d3,2,Lab,Floating
train/pd/a03cd3018ce594d3_w03.png,a03cd3018ce594d3,3,Lab,Floating
train/pd/a03cd3018ce594d3_w11.png,a03cd3018ce594d3,11,Lab,Floating
train/pd/a03cd3018ce594d3_w13.png,a03cd3018ce594d3,13,Lab,Floating
train/pd/a03cd3018ce594d3_w16.png,a03cd3018ce594d3,16,Lab,Floating
train/pd/a03cd3018ce594d3_w17.png,a03cd3018ce594d3,17,Lab,Floating
train/pd/a03cd3018ce594d3_w20.png,a03cd3018ce594d3,20,Lab,Floating
train/pd/a03cd3018ce594d3_w25.png,a03cd3018ce594d3,25,Lab,Floating
train/pd/a05dd694b34633a3_w08.png,a05dd694b34633a3,8,Lab,Particle
train/pd/a05dd694b34633a3_w09.png,a05dd694b34633a3,9,Lab,Particle
train/pd/a05dd694b34633a3_w10.png,a05dd694b34633a3,10,Lab,Particle
train/pd/a05dd694b34633a3_w13.png,a05dd694b34633a3,13,Lab,Particle
train/pd/a05dd694b34633a3_w23.png,a05dd694b34633a3,23,Lab,Particle
train/pd/a05dd694b34633a3_w24.png,a05dd694b34633a3,24,Lab,Particle
train/pd/a05dd694b34633a3_w25.png,a05dd694b34633a3,25,Lab,Particle
train/pd/a05dd694b34633a3_w26.png,a05dd694b34633a3,26,Lab,Particle
train/pd/a066d84b9eaa5449_w05.png,a066d84b9eaa5449,5,Lab,Particle
train/pd/a066d84b9eaa5449_w06.png,a066d84b9eaa5449,6,Lab,Particle
train/pd/a066d84b9eaa5449_w09.png,a066d84b9eaa5449,9,Lab,Particle
train/pd/a066d84b9eaa5449_w11.png,a066d84b9eaa5449,11,Lab,Particle
train/pd/a066d84b9eaa5449_w13.png,a066d84b9eaa5449,13,Lab,Particle
train/pd/a066d84b9eaa5449_w22.png,a066d84b9eaa5449,22,Lab,Particle
train/pd/a066d84b9eaa5449_w23.png,a066d84b9eaa5449,23,Lab,Particle
train/pd/a066d84b9eaa5449_w24.png,a066d84b9eaa5449,24,Lab,Particle
train/pd/a0803b26c053322e_w03.png,a0803b26c053322e,3,Lab,Corona
train/pd/a0803b26c053322e_w09.png,a0803b26c053322e,9,Lab,Corona
train/pd/a0803b26c053322e_w10.png,a0803b26c053322e,10,Lab,Corona
train/pd/a0803b26c053322e_w13.png,a0803b26c053322e,13,Lab,Corona
train/pd/a0803b26c053322e_w17.png,a0803b26c053322e,17,Lab,Corona
train/pd/a0803b26c053322e_w22.png,a0803b26c053322e,22,Lab,Corona
train/pd/a0803b26c053322e_w23.png,a0803b26c053322e,23,Lab,Corona
train/pd/a0803b26c053322e_w25.png,a0803b26c053322e,25,Lab,Corona
train/pd/a0a32e0c623a9009_w03.png,a0a32e0c623a9009,3,Lab,Void
train/pd/a0a32e0c623a9009_w07.png,a0a32e0c623a9009,7,Lab,Void
train/pd/a0a32e0c623a9009_w08.png,a0a32e0c623a9009,8,Lab,Void
train/pd/a0a32e0c623a9009_w12.png,a0a32e0c623a9009,12,Lab,Void
train/pd/a0a32e0c623a9009_w15.png,a0a32e0c623a9009,15,Lab,Void
train/pd/a0a32e0c623a9009_w23.png,a0a32e0c623a9009,23,Lab,Void
train/pd/a0a32e0c623a9009_w24.png,a0a32e0c623a9009,24,Lab,Void
train/pd/a0a32e0c623a9009_w26.png,a0a32e0c623a9009,26,Lab,Void
train/pd/a0be7da75176a316_w00.png,a0be7da75176a316,0,Lab,Void
train/pd/a0be7da75176a316_w01.png,a0be7da75176a316,1,Lab,Void
train/pd/a0be7da75176a316_w09.png,a0be7da75176a316,9,Lab,Void
train/pd/a0be7da75176a316_w10.png,a0be7da75176a316,10,Lab,Void
train/pd/a0be7da75176a316_w14.png,a0be7da75176a316,14,Lab,Void
train/pd/a0be7da75176a316_w16.png,a0be7da75176a316,16,Lab,Void
train/pd/a0be7da75176a316_w18.png,a0be7da75176a316,18,Lab,Void
train/pd/a0be7da75176a316_w24.png,a0be7da75176a316,24,Lab,Void
train/pd/a1186650f913cf47_w04.png,a1186650f913cf47,4,Lab,Corona
train/pd/a1186650f913cf47_w09.png,a1186650f913cf47,9,Lab,Corona
train/pd/a1186650f913cf47_w11.png,a1186650f913cf47,11,Lab,Corona
train/pd/a1186650f913cf47_w14.png,a1186650f913cf47,14,Lab,Corona
train/pd/a1186650f913cf47_w15.png,a1186650f913cf47,15,Lab,Corona
train/pd/a1186650f913cf47_w16.png,a1186650f913cf47,16,Lab,Corona
train/pd/a1186650f913cf47_w23.png,a1186650f913cf47,23,Lab,Corona
train/pd/a1186650f913cf47_w26.png,a1186650f913cf47,26,Lab,Corona
train/pd/a15cc3fc095814e7_w03.png,a15cc3fc095814e7,3,Lab,Corona
train/pd/a15cc3fc095814e7_w14.png,a15cc3fc095814e7,14,Lab,Corona
train/pd/a15cc3fc095814e7_w16.png,a15cc3fc095814e7,16,Lab,Corona
train/pd/a15cc3fc095814e7_w17.png,a15cc3fc095814e7,17,Lab,Corona
train/pd/a15cc3fc095814e7_w18.png,a15cc3fc095814e7,18,Lab,Corona
train/pd/a15cc3fc095814e7_w19.png,a15cc3fc095814e7,19,Lab,Corona
train/pd/a15cc3fc095814e7_w20.png,a15cc3fc095814e7,20,Lab,Corona
train/pd/a15cc3fc095814e7_w24.png,a15cc3fc095814e7,24,Lab,Corona
train/pd/a177d3bf32e1d35b_w04.png,a177d3bf32e1d35b,4,Lab,Floating
train/pd/a177d3bf32e1d35b_w06.png,a177d3bf32e1d35b,6,Lab,Floating
train/pd/a177d3bf32e1d35b_w09.png,a177d3bf32e1d35b,9,Lab,Floating
train/pd/a177d3bf32e1d35b_w15.png,a177d3bf32e1d35b,15,Lab,Floating
train/pd/a177d3bf32e1d35b_w18.png,a177d3bf32e1d35b,18,Lab,Floating
train/pd/a177d3bf32e1d35b_w22.png,a177d3bf32e1d35b,22,Lab,Floating
train/pd/a177d3bf32e1d35b_w23.png,a177d3bf32e1d35b,23,Lab,Floating
train/pd/a177d3bf32e1d35b_w25.png,a177d3bf32e1d35b,25,Lab,Floating
train/pd/a17d4adc0d05d2a7_w03.png,a17d4adc0d05d2a7,3,Lab,Void
train/pd/a17d4adc0d05d2a7_w08.png,a17d4adc0d05d2a7,8,Lab,Void
train/pd/a17d4adc0d05d2a7_w13.png,a17d4adc0d05d2a7,13,Lab,Void
train/pd/a17d4adc0d05d2a7_w14.png,a17d4adc0d05d2a7,14,Lab,Void
train/pd/a17d4adc0d05d2a7_w22.png,a17d4adc0d05d2a7,22,Lab,Void
train/pd/a17d4adc0d05d2a7_w25.png,a17d4adc0d05d2a7,25,Lab,Void
train/pd/a17d4adc0d05d2a7_w26.png,a17d4adc0d05d2a7,26,Lab,Void
train/pd/a17d4adc0d05d2a7_w27.png,a17d4adc0d05d2a7,27,Lab,Void
train/pd/a20e36c70672a4da_w00.png,a20e36c70672a4da,0,Field,Void
train/pd/a20e36c70672a4da_w03.png,a20e36c70672a4da,3,Field,Void
train/pd/a20e36c70672a4da_w04.png,a20e36c70672a4da,4,Field,Void
train/pd/a20e36c70672a4da_w11.png,a20e36c70672a4da,11,Field,Void
train/pd/a20e36c70672a4da_w12.png,a20e36c70672a4da,12,Field,Void
train/pd/a20e36c70672a4da_w18.png,a20e36c70672a4da,18,Field,Void
train/pd/a20e36c70672a4da_w22.png,a20e36c70672a4da,22,Field,Void
train/pd/a20e36c70672a4da_w23.png,a20e36c70672a4da,23,Field,Void
train/pd/a239c83bfe09c410_w04.png,a239c83bfe09c410,4,Field,Void
train/pd/a239c83bfe09c410_w08.png,a239c83bfe09c410,8,Field,Void
train/pd/a239c83bfe09c410_w16.png,a239c83bfe09c410,16,Field,Void
train/pd/a239c83bfe09c410_w18.png,a239c83bfe09c410,18,Field,Void
train/pd/a239c83bfe09c410_w19.png,a239c83bfe09c410,19,Field,Void
train/pd/a239c83bfe09c410_w20.png,a239c83bfe09c410,20,Field,Void
train/pd/a239c83bfe09c410_w21.png,a239c83bfe09c410,21,Field,Void
train/pd/a239c83bfe09c410_w24.png,a239c83bfe09c410,24,Field,Void
train/pd/a24fe96f30075b06_w00.png,a24fe96f30075b06,0,Lab,Void
train/pd/a24fe96f30075b06_w02.png,a24fe96f30075b06,2,Lab,Void
train/pd/a24fe96f30075b06_w03.png,a24fe96f30075b06,3,Lab,Void
train/pd/a24fe96f30075b06_w07.png,a24fe96f30075b06,7,Lab,Void
train/pd/a24fe96f30075b06_w10.png,a24fe96f30075b06,10,Lab,Void
train/pd/a24fe96f30075b06_w15.png,a24fe96f30075b06,15,Lab,Void
train/pd/a24fe96f30075b06_w16.png,a24fe96f30075b06,16,Lab,Void
train/pd/a24fe96f30075b06_w17.png,a24fe96f30075b06,17,Lab,Void
train/pd/a27014c4fcaa8a29_w02.png,a27014c4fcaa8a29,2,Field,Floating
train/pd/a27014c4fcaa8a29_w03.png,a27014c4fcaa8a29,3,Field,Floating
train/pd/a27014c4fcaa8a29_w04.png,a27014c4fcaa8a29,4,Field,Floating
train/pd/a27014c4fcaa8a29_w05.png,a27014c4fcaa8a29,5,Field,Floating
train/pd/a27014c4fcaa8a29_w08.png,a27014c4fcaa8a29,8,Field,Floating
train/pd/a27014c4fcaa8a29_w12.png,a27014c4fcaa8a29,12,Field,Floating
train/pd/a27014c4fcaa8a29_w13.png,a27014c4fcaa8a29,13,Field,Floating
train/pd/a27014c4fcaa8a29_w22.png,a27014c4fcaa8a29,22,Field,Floating
train/pd/a28022a118b494c2_w00.png,a28022a118b494c2,0,Field,Void
train/pd/a28022a118b494c2_w09.png,a28022a118b494c2,9,Field,Void
train/pd/a28022a118b494c2_w10.png,a28022a118b494c2,10,Field,Void
train/pd/a28022a118b494c2_w13.png,a28022a118b494c2,13,Field,Void
train/pd/a28022a118b494c2_w15.png,a28022a118b494c2,15,Field,Void
train/pd/a28022a118b494c2_w17.png,a28022a118b494c2,17,Field,Void
train/pd/a28022a118b494c2_w20.png,a28022a118b494c2,20,Field,Void
train/pd/a28022a118b494c2_w23.png,a28022a118b494c2,23,Field,Void
train/pd/a2ad82936700ed97_w06.png,a2ad82936700ed97,6,Field,Floating
train/pd/a2ad82936700ed97_w07.png,a2ad82936700ed97,7,Field,Floating
train/pd/a2ad82936700ed97_w09.png,a2ad82936700ed97,9,Field,Floating
train/pd/a2ad82936700ed97_w10.png,a2ad82936700ed97,10,Field,Floating
train/pd/a2ad82936700ed97_w12.png,a2ad82936700ed97,12,Field,Floating
train/pd/a2ad82936700ed97_w15.png,a2ad82936700ed97,15,Field,Floating
train/pd/a2ad82936700ed97_w18.png,a2ad82936700ed97,18,Field,Floating
train/pd/a2ad82936700ed97_w26.png,a2ad82936700ed97,26,Field,Floating
train/pd/a2c5c9683ccdd05d_w01.png,a2c5c9683ccdd05d,1,Lab,Particle
train/pd/a2c5c9683ccdd05d_w05.png,a2c5c9683ccdd05d,5,Lab,Particle
train/pd/a2c5c9683ccdd05d_w07.png,a2c5c9683ccdd05d,7,Lab,Particle
train/pd/a2c5c9683ccdd05d_w08.png,a2c5c9683ccdd05d,8,Lab,Particle
train/pd/a2c5c9683ccdd05d_w11.png,a2c5c9683ccdd05d,11,Lab,Particle
train/pd/a2c5c9683ccdd05d_w19.png,a2c5c9683ccdd05d,19,Lab,Particle
train/pd/a2c5c9683ccdd05d_w24.png,a2c5c9683ccdd05d,24,Lab,Particle
train/pd/a2c5c9683ccdd05d_w25.png,a2c5c9683ccdd05d,25,Lab,Particle
train/pd/a2e163f101379f64_w09.png,a2e163f101379f64,9,Lab,Floating
train/pd/a2e163f101379f64_w12.png,a2e163f101379f64,12,Lab,Floating
train/pd/a2e163f101379f64_w14.png,a2e163f101379f64,14,Lab,Floating
train/pd/a2e163f101379f64_w17.png,a2e163f101379f64,17,Lab,Floating
train/pd/a2e163f101379f64_w18.png,a2e163f101379f64,18,Lab,Floating
train/pd/a2e163f101379f64_w19.png,a2e163f101379f64,19,Lab,Floating
train/pd/a2e163f101379f64_w21.png,a2e163f101379f64,21,Lab,Floating
train/pd/a2e163f101379f64_w22.png,a2e163f101379f64,22,Lab,Floating
train/pd/a321e11e920e4b39_w00.png,a321e11e920e4b39,0,Lab,Void
train/pd/a321e11e920e4b39_w04.png,a321e11e920e4b39,4,Lab,Void
train/pd/a321e11e920e4b39_w07.png,a321e11e920e4b39,7,Lab,Void
train/pd/a321e11e920e4b39_w10.png,a321e11e920e4b39,10,Lab,Void
train/pd/a321e11e920e4b39_w12.png,a321e11e920e4b39,12,Lab,Void
train/pd/a321e11e920e4b39_w22.png,a321e11e920e4b39,22,Lab,Void
train/pd/a321e11e920e4b39_w24.png,a321e11e920e4b39,24,Lab,Void
train/pd/a321e11e920e4b39_w27.png,a321e11e920e4b39,27,Lab,Void
train/pd/a3248772b716d83e_w00.png,a3248772b716d83e,0,Lab,Void
train/pd/a3248772b716d83e_w01.png,a3248772b716d83e,1,Lab,Void
train/pd/a3248772b716d83e_w08.png,a3248772b716d83e,8,Lab,Void
train/pd/a3248772b716d83e_w12.png,a3248772b716d83e,12,Lab,Void
train/pd/a3248772b716d83e_w19.png,a3248772b716d83e,19,Lab,Void
train/pd/a3248772b716d83e_w23.png,a3248772b716d83e,23,Lab,Void
train/pd/a3248772b716d83e_w26.png,a3248772b716d83e,26,Lab,Void
train/pd/a3248772b716d83e_w27.png,a3248772b716d83e,27,Lab,Void
train/pd/a371cf55dfd536a0_w06.png,a371cf55dfd536a0,6,Lab,Floating
train/pd/a371cf55dfd536a0_w07.png,a371cf55dfd536a0,7,Lab,Floating
train/pd/a371cf55dfd536a0_w13.png,a371cf55dfd536a0,13,Lab,Floating
train/pd/a371cf55dfd536a0_w15.png,a371cf55dfd536a0,15,Lab,Floating
train/pd/a371cf55dfd536a0_w22.png,a371cf55dfd536a0,22,Lab,Floating
train/pd/a371cf55dfd536a0_w25.png,a371cf55dfd536a0,25,Lab,Floating
train/pd/a371cf55dfd536a0_w26.png,a371cf55dfd536a0,26,Lab,Floating
train/pd/a371cf55dfd536a0_w27.png,a371cf55dfd536a0,27,Lab,Floating
train/pd/a387cddf5121a6f3_w00.png,a387cddf5121a6f3,0,Field,Void
train/pd/a387cddf5121a6f3_w06.png,a387cddf5121a6f3,6,Field,Void
train/pd/a387cddf5121a6f3_w09.png,a387cddf5121a6f3,9,Field,Void
train/pd/a387cddf5121a6f3_w10.png,a387cddf5121a6f3,10,Field,Void
train/pd/a387cddf5121a6f3_w13.png,a387cddf5121a6f3,13,Field,Void
train/pd/a387cddf5121a6f3_w15.png,a387cddf5121a6f3,15,Field,Void
train/pd/a387cddf5121a6f3_w17.png,a387cddf5121a6f3,17,Field,Void
train/pd/a387cddf5121a6f3_w22.png,a387cddf5121a6f3,22,Field,Void
train/pd/a3b351f48b4ddd01_w05.png,a3b351f48b4ddd01,5,Lab,Void
train/pd/a3b351f48b4ddd01_w08.png,a3b351f48b4ddd01,8,Lab,Void
train/pd/a3b351f48b4ddd01_w09.png,a3b351f48b4ddd01,9,Lab,Void
train/pd/a3b351f48b4ddd01_w11.png,a3b351f48b4ddd01,11,Lab,Void
train/pd/a3b351f48b4ddd01_w13.png,a3b351f48b4ddd01,13,Lab,Void
train/pd/a3b351f48b4ddd01_w18.png,a3b351f48b4ddd01,18,Lab,Void
train/pd/a3b351f48b4ddd01_w25.png,a3b351f48b4ddd01,25,Lab,Void
train/pd/a3b351f48b4ddd01_w26.png,a3b351f48b4ddd01,26,Lab,Void
train/pd/a3b5975741afe0af_w06.png,a3b5975741afe0af,6,Lab,Corona
train/pd/a3b5975741afe0af_w11.png,a3b5975741afe0af,11,Lab,Corona
train/pd/a3b5975741afe0af_w14.png,a3b5975741afe0af,14,Lab,Corona
train/pd/a3b5975741afe0af_w15.png,a3b5975741afe0af,15,Lab,Corona
train/pd/a3b5975741afe0af_w17.png,a3b5975741afe0af,17,Lab,Corona
train/pd/a3b5975741afe0af_w20.png,a3b5975741afe0af,20,Lab,Corona
train/pd/a3b5975741afe0af_w23.png,a3b5975741afe0af,23,Lab,Corona
train/pd/a3b5975741afe0af_w26.png,a3b5975741afe0af,26,Lab,Corona
train/pd/a3bfcee9631ae452_w02.png,a3bfcee9631ae452,2,Lab,Corona
train/pd/a3bfcee9631ae452_w03.png,a3bfcee9631ae452,3,Lab,Corona
train/pd/a3bfcee9631ae452_w05.png,a3bfcee9631ae452,5,Lab,Corona
train/pd/a3bfcee9631ae452_w06.png,a3bfcee9631ae452,6,Lab,Corona
train/pd/a3bfcee9631ae452_w13.png,a3bfcee9631ae452,13,Lab,Corona
train/pd/a3bfcee9631ae452_w18.png,a3bfcee9631ae452,18,Lab,Corona
train/pd/a3bfcee9631ae452_w20.png,a3bfcee9631ae452,20,Lab,Corona
train/pd/a3bfcee9631ae452_w24.png,a3bfcee9631ae452,24,Lab,Corona
train/pd/a406c37c12953149_w06.png,a406c37c12953149,6,Lab,Floating
train/pd/a406c37c12953149_w08.png,a406c37c12953149,8,Lab,Floating
train/pd/a406c37c12953149_w13.png,a406c37c12953149,13,Lab,Floating
train/pd/a406c37c12953149_w20.png,a406c37c12953149,20,Lab,Floating
train/pd/a406c37c12953149_w21.png,a406c37c12953149,21,Lab,Floating
train/pd/a406c37c12953149_w22.png,a406c37c12953149,22,Lab,Floating
train/pd/a406c37c12953149_w24.png,a406c37c12953149,24,Lab,Floating
train/pd/a406c37c12953149_w26.png,a406c37c12953149,26,Lab,Floating
train/pd/a455457d2eb38a7e_w06.png,a455457d2eb38a7e,6,Lab,Particle
train/pd/a455457d2eb38a7e_w07.png,a455457d2eb38a7e,7,Lab,Particle
train/pd/a455457d2eb38a7e_w08.png,a455457d2eb38a7e,8,Lab,Particle
train/pd/a455457d2eb38a7e_w13.png,a455457d2eb38a7e,13,Lab,Particle
train/pd/a455457d2eb38a7e_w15.png,a455457d2eb38a7e,15,Lab,Particle
train/pd/a455457d2eb38a7e_w19.png,a455457d2eb38a7e,19,Lab,Particle
train/pd/a455457d2eb38a7e_w20.png,a455457d2eb38a7e,20,Lab,Particle
train/pd/a455457d2eb38a7e_w26.png,a455457d2eb38a7e,26,Lab,Particle
train/pd/a4b48081e35f1344_w06.png,a4b48081e35f1344,6,Lab,Particle
train/pd/a4b48081e35f1344_w08.png,a4b48081e35f1344,8,Lab,Particle
train/pd/a4b48081e35f1344_w10.png,a4b48081e35f1344,10,Lab,Particle
train/pd/a4b48081e35f1344_w12.png,a4b48081e35f1344,12,Lab,Particle
train/pd/a4b48081e35f1344_w15.png,a4b48081e35f1344,15,Lab,Particle
train/pd/a4b48081e35f1344_w21.png,a4b48081e35f1344,21,Lab,Particle
train/pd/a4b48081e35f1344_w23.png,a4b48081e35f1344,23,Lab,Particle
train/pd/a4b48081e35f1344_w24.png,a4b48081e35f1344,24,Lab,Particle
train/pd/a50b30ebf41e88f1_w08.png,a50b30ebf41e88f1,8,Field,Void
train/pd/a50b30ebf41e88f1_w09.png,a50b30ebf41e88f1,9,Field,Void
train/pd/a50b30ebf41e88f1_w11.png,a50b30ebf41e88f1,11,Field,Void
train/pd/a50b30ebf41e88f1_w15.png,a50b30ebf41e88f1,15,Field,Void
train/pd/a50b30ebf41e88f1_w19.png,a50b30ebf41e88f1,19,Field,Void
train/pd/a50b30ebf41e88f1_w21.png,a50b30ebf41e88f1,21,Field,Void
train/pd/a50b30ebf41e88f1_w22.png,a50b30ebf41e88f1,22,Field,Void
train/pd/a50b30ebf41e88f1_w26.png,a50b30ebf41e88f1,26,Field,Void
train/pd/a50e11494328f2d2_w05.png,a50e11494328f2d2,5,Lab,Corona
train/pd/a50e11494328f2d2_w09.png,a50e11494328f2d2,9,Lab,Corona
train/pd/a50e11494328f2d2_w10.png,a50e11494328f2d2,10,Lab,Corona
train/pd/a50e11494328f2d2_w11.png,a50e11494328f2d2,11,Lab,Corona
train/pd/a50e11494328f2d2_w14.png,a50e11494328f2d2,14,Lab,Corona
train/pd/a50e11494328f2d2_w16.png,a50e11494328f2d2,16,Lab,Corona
train/pd/a50e11494328f2d2_w19.png,a50e11494328f2d2,19,Lab,Corona
train/pd/a50e11494328f2d2_w23.png,a50e11494328f2d2,23,Lab,Corona
train/pd/a535bdd774cbf7b7_w00.png,a535bdd774cbf7b7,0,Lab,Void
train/pd/a535bdd774cbf7b7_w02.png,a535bdd774cbf7b7,2,Lab,Void
train/pd/a535bdd774cbf7b7_w07.png,a535bdd774cbf7b7,7,Lab,Void
train/pd/a535bdd774cbf7b7_w08.png,a535bdd774cbf7b7,8,Lab,Void
train/pd/a535bdd774cbf7b7_w09.png,a535bdd774cbf7b7,9,Lab,Void
train/pd/a535bdd774cbf7b7_w12.png,a535bdd774cbf7b7,12,Lab,Void
train/pd/a535bdd774cbf7b7_w13.png,a535bdd774cbf7b7,13,Lab,Void
train/pd/a535bdd774cbf7b7_w26.png,a535bdd774cbf7b7,26,Lab,Void
train/pd/a540a66eaf9f40e9_w00.png,a540a66eaf9f40e9,0,Lab,Void
train/pd/a540a66eaf9f40e9_w09.png,a540a66eaf9f40e9,9,Lab,Void
train/pd/a540a66eaf9f40e9_w11.png,a540a66eaf9f40e9,11,Lab,Void
train/pd/a540a66eaf9f40e9_w13.png,a540a66eaf9f40e9,13,Lab,Void
train/pd/a540a66eaf9f40e9_w14.png,a540a66eaf9f40e9,14,Lab,Void
train/pd/a540a66eaf9f40e9_w15.png,a540a66eaf9f40e9,15,Lab,Void
train/pd/a540a66eaf9f40e9_w16.png,a540a66eaf9f40e9,16,Lab,Void
train/pd/a540a66eaf9f40e9_w23.png,a540a66eaf9f40e9,23,Lab,Void
train/pd/a549e161dda30ca7_w06.png,a549e161dda30ca7,6,Field,Floating
train/pd/a549e161dda30ca7_w11.png,a549e161dda30ca7,11,Field,Floating
train/pd/a549e161dda30ca7_w15.png,a549e161dda30ca7,15,Field,Floating
train/pd/a549e161dda30ca7_w16.png,a549e161dda30ca7,16,Field,Floating
train/pd/a549e161dda30ca7_w17.png,a549e161dda30ca7,17,Field,Floating
train/pd/a549e161dda30ca7_w20.png,a549e161dda30ca7,20,Field,Floating
train/pd/a549e161dda30ca7_w22.png,a549e161dda30ca7,22,Field,Floating
train/pd/a549e161dda30ca7_w26.png,a549e161dda30ca7,26,Field,Floating
train/pd/a57d3dc5495bed01_w06.png,a57d3dc5495bed01,6,Lab,Void
train/pd/a57d3dc5495bed01_w07.png,a57d3dc5495bed01,7,Lab,Void
train/pd/a57d3dc5495bed01_w11.png,a57d3dc5495bed01,11,Lab,Void
train/pd/a57d3dc5495bed01_w16.png,a57d3dc5495bed01,16,Lab,Void
train/pd/a57d3dc5495bed01_w22.png,a57d3dc5495bed01,22,Lab,Void
train/pd/a57d3dc5495bed01_w25.png,a57d3dc5495bed01,25,Lab,Void
train/pd/a57d3dc5495bed01_w26.png,a57d3dc5495bed01,26,Lab,Void
train/pd/a57d3dc5495bed01_w27.png,a57d3dc5495bed01,27,Lab,Void
train/pd/a606b831d404ec6d_w01.png,a606b831d404ec6d,1,Lab,Particle
train/pd/a606b831d404ec6d_w03.png,a606b831d404ec6d,3,Lab,Particle
train/pd/a606b831d404ec6d_w04.png,a606b831d404ec6d,4,Lab,Particle
train/pd/a606b831d404ec6d_w05.png,a606b831d404ec6d,5,Lab,Particle
train/pd/a606b831d404ec6d_w16.png,a606b831d404ec6d,16,Lab,Particle
train/pd/a606b831d404ec6d_w17.png,a606b831d404ec6d,17,Lab,Particle
train/pd/a606b831d404ec6d_w23.png,a606b831d404ec6d,23,Lab,Particle
train/pd/a606b831d404ec6d_w24.png,a606b831d404ec6d,24,Lab,Particle
train/pd/a6598ad280665e81_w02.png,a6598ad280665e81,2,Lab,Particle
train/pd/a6598ad280665e81_w04.png,a6598ad280665e81,4,Lab,Particle
train/pd/a6598ad280665e81_w05.png,a6598ad280665e81,5,Lab,Particle
train/pd/a6598ad280665e81_w14.png,a6598ad280665e81,14,Lab,Particle
train/pd/a6598ad280665e81_w18.png,a6598ad280665e81,18,Lab,Particle
train/pd/a6598ad280665e81_w20.png,a6598ad280665e81,20,Lab,Particle
train/pd/a6598ad280665e81_w24.png,a6598ad280665e81,24,Lab,Particle
train/pd/a6598ad280665e81_w25.png,a6598ad280665e81,25,Lab,Particle
train/pd/a65f3cc30ab7639a_w01.png,a65f3cc30ab7639a,1,Lab,Void
train/pd/a65f3cc30ab7639a_w06.png,a65f3cc30ab7639a,6,Lab,Void
train/pd/a65f3cc30ab7639a_w07.png,a65f3cc30ab7639a,7,Lab,Void
train/pd/a65f3cc30ab7639a_w11.png,a65f3cc30ab7639a,11,Lab,Void
train/pd/a65f3cc30ab7639a_w15.png,a65f3cc30ab7639a,15,Lab,Void
train/pd/a65f3cc30ab7639a_w17.png,a65f3cc30ab7639a,17,Lab,Void
train/pd/a65f3cc30ab7639a_w19.png,a65f3cc30ab7639a,19,Lab,Void
train/pd/a65f3cc30ab7639a_w23.png,a65f3cc30ab7639a,23,Lab,Void
train/pd/a66b707a145280d7_w00.png,a66b707a145280d7,0,Lab,Void
train/pd/a66b707a145280d7_w01.png,a66b707a145280d7,1,Lab,Void
train/pd/a66b707a145280d7_w02.png,a66b707a145280d7,2,Lab,Void
train/pd/a66b707a145280d7_w11.png,a66b707a145280d7,11,Lab,Void
train/pd/a66b707a145280d7_w12.png,a66b707a145280d7,12,Lab,Void
train/pd/a66b707a145280d7_w14.png,a66b707a145280d7,14,Lab,Void
train/pd/a66b707a145280d7_w18.png,a66b707a145280d7,18,Lab,Void
train/pd/a66b707a145280d7_w20.png,a66b707a145280d7,20,Lab,Void
train/pd/a738d920f4c33a57_w01.png,a738d920f4c33a57,1,Lab,Particle
train/pd/a738d920f4c33a57_w02.png,a738d920f4c33a57,2,Lab,Particle
train/pd/a738d920f4c33a57_w05.png,a738d920f4c33a57,5,Lab,Particle
train/pd/a738d920f4c33a57_w06.png,a738d920f4c33a57,6,Lab,Particle
train/pd/a738d920f4c33a57_w08.png,a738d920f4c33a57,8,Lab,Particle
train/pd/a738d920f4c33a57_w11.png,a738d920f4c33a57,11,Lab,Particle
train/pd/a738d920f4c33a57_w23.png,a738d920f4c33a57,23,Lab,Particle
train/pd/a738d920f4c33a57_w26.png,a738d920f4c33a57,26,Lab,Particle
train/pd/a76e0ad745814b14_w00.png,a76e0ad745814b14,0,Lab,Void
train/pd/a76e0ad745814b14_w05.png,a76e0ad745814b14,5,Lab,Void
train/pd/a76e0ad745814b14_w07.png,a76e0ad745814b14,7,Lab,Void
train/pd/a76e0ad745814b14_w08.png,a76e0ad745814b14,8,Lab,Void
train/pd/a76e0ad745814b14_w09.png,a76e0ad745814b14,9,Lab,Void
train/pd/a76e0ad745814b14_w10.png,a76e0ad745814b14,10,Lab,Void
train/pd/a76e0ad745814b14_w16.png,a76e0ad745814b14,16,Lab,Void
train/pd/a76e0ad745814b14_w27.png,a76e0ad745814b14,27,Lab,Void
train/pd/a77dcb88c8dfac6e_w01.png,a77dcb88c8dfac6e,1,Lab,Floating
train/pd/a77dcb88c8dfac6e_w03.png,a77dcb88c8dfac6e,3,Lab,Floating
train/pd/a77dcb88c8dfac6e_w04.png,a77dcb88c8dfac6e,4,Lab,Floating
train/pd/a77dcb88c8dfac6e_w06.png,a77dcb88c8dfac6e,6,Lab,Floating
train/pd/a77dcb88c8dfac6e_w12.png,a77dcb88c8dfac6e,12,Lab,Floating
train/pd/a77dcb88c8dfac6e_w15.png,a77dcb88c8dfac6e,15,Lab,Floating
train/pd/a77dcb88c8dfac6e_w16.png,a77dcb88c8dfac6e,16,Lab,Floating
train/pd/a77dcb88c8dfac6e_w23.png,a77dcb88c8dfac6e,23,Lab,Floating
train/pd/a780cd46a6cebee7_w01.png,a780cd46a6cebee7,1,Lab,Void
train/pd/a780cd46a6cebee7_w07.png,a780cd46a6cebee7,7,Lab,Void
train/pd/a780cd46a6cebee7_w11.png,a780cd46a6cebee7,11,Lab,Void
train/pd/a780cd46a6cebee7_w12.png,a780cd46a6cebee7,12,Lab,Void
train/pd/a780cd46a6cebee7_w17.png,a780cd46a6cebee7,17,Lab,Void
train/pd/a780cd46a6cebee7_w20.png,a780cd46a6cebee7,20,Lab,Void
train/pd/a780cd46a6cebee7_w21.png,a780cd46a6cebee7,21,Lab,Void
train/pd/a780cd46a6cebee7_w23.png,a780cd46a6cebee7,23,Lab,Void
train/pd/a78b5805c0382bb1_w00.png,a78b5805c0382bb1,0,Lab,Particle
train/pd/a78b5805c0382bb1_w01.png,a78b5805c0382bb1,1,Lab,Particle
train/pd/a78b5805c0382bb1_w05.png,a78b5805c0382bb1,5,Lab,Particle
train/pd/a78b5805c0382bb1_w08.png,a78b5805c0382bb1,8,Lab,Particle
train/pd/a78b5805c0382bb1_w12.png,a78b5805c0382bb1,12,Lab,Particle
train/pd/a78b5805c0382bb1_w15.png,a78b5805c0382bb1,15,Lab,Particle
train/pd/a78b5805c0382bb1_w21.png,a78b5805c0382bb1,21,Lab,Particle
train/pd/a78b5805c0382bb1_w25.png,a78b5805c0382bb1,25,Lab,Particle
train/pd/a7c1c9ffcfa9f7ce_w03.png,a7c1c9ffcfa9f7ce,3,Field,Floating
train/pd/a7c1c9ffcfa9f7ce_w04.png,a7c1c9ffcfa9f7ce,4,Field,Floating
train/pd/a7c1c9ffcfa9f7ce_w10.png,a7c1c9ffcfa9f7ce,10,Field,Floating
train/pd/a7c1c9ffcfa9f7ce_w14.png,a7c1c9ffcfa9f7ce,14,Field,Floating
train/pd/a7c1c9ffcfa9f7ce_w16.png,a7c1c9ffcfa9f7ce,16,Field,Floating
train/pd/a7c1c9ffcfa9f7ce_w17.png,a7c1c9ffcfa9f7ce,17,Field,Floating
train/pd/a7c1c9ffcfa9f7ce_w22.png,a7c1c9ffcfa9f7ce,22,Field,Floating
train/pd/a7c1c9ffcfa9f7ce_w24.png,a7c1c9ffcfa9f7ce,24,Field,Floating
train/pd/a7cddc9cd793f5d7_w00.png,a7cddc9cd793f5d7,0,Lab,Particle
train/pd/a7cddc9cd793f5d7_w02.png,a7cddc9cd793f5d7,2,Lab,Particle
train/pd/a7cddc9cd793f5d7_w04.png,a7cddc9cd793f5d7,4,Lab,Particle
train/pd/a7cddc9cd793f5d7_w06.png,a7cddc9cd793f5d7,6,Lab,Particle
train/pd/a7cddc9cd793f5d7_w09.png,a7cddc9cd793f5d7,9,Lab,Particle
train/pd/a7cddc9cd793f5d7_w15.png,a7cddc9cd793f5d7,15,Lab,Particle
train/pd/a7cddc9cd793f5d7_w18.png,a7cddc9cd793f5d7,18,Lab,Particle
train/pd/a7cddc9cd793f5d7_w19.png,a7cddc9cd793f5d7,19,Lab,Particle
train/pd/a7cea687ca9affb3_w00.png,a7cea687ca9affb3,0,Lab,Particle
train/pd/a7cea687ca9affb3_w02.png,a7cea687ca9affb3,2,Lab,Particle
train/pd/a7cea687ca9affb3_w06.png,a7cea687ca9affb3,6,Lab,Particle
train/pd/a7cea687ca9affb3_w13.png,a7cea687ca9affb3,13,Lab,Particle
train/pd/a7cea687ca9affb3_w14.png,a7cea687ca9affb3,14,Lab,Particle
train/pd/a7cea687ca9affb3_w15.png,a7cea687ca9affb3,15,Lab,Particle
train/pd/a7cea687ca9affb3_w19.png,a7cea687ca9affb3,19,Lab,Particle
train/pd/a7cea687ca9affb3_w22.png,a7cea687ca9affb3,22,Lab,Particle
train/pd/a7f674ea3b615272_w05.png,a7f674ea3b615272,5,Lab,Void
train/pd/a7f674ea3b615272_w06.png,a7f674ea3b615272,6,Lab,Void
train/pd/a7f674ea3b615272_w08.png,a7f674ea3b615272,8,Lab,Void
train/pd/a7f674ea3b615272_w09.png,a7f674ea3b615272,9,Lab,Void
train/pd/a7f674ea3b615272_w12.png,a7f674ea3b615272,12,Lab,Void
train/pd/a7f674ea3b615272_w13.png,a7f674ea3b615272,13,Lab,Void
train/pd/a7f674ea3b615272_w18.png,a7f674ea3b615272,18,Lab,Void
train/pd/a7f674ea3b615272_w25.png,a7f674ea3b615272,25,Lab,Void
train/pd/a7f746139916ecf0_w00.png,a7f746139916ecf0,0,Lab,Particle
train/pd/a7f746139916ecf0_w04.png,a7f746139916ecf0,4,Lab,Particle
train/pd/a7f746139916ecf0_w08.png,a7f746139916ecf0,8,Lab,Particle
train/pd/a7f746139916ecf0_w13.png,a7f746139916ecf0,13,Lab,Particle
train/pd/a7f746139916ecf0_w15.png,a7f746139916ecf0,15,Lab,Particle
train/pd/a7f746139916ecf0_w19.png,a7f746139916ecf0,19,Lab,Particle
train/pd/a7f746139916ecf0_w22.png,a7f746139916ecf0,22,Lab,Particle
train/pd/a7f746139916ecf0_w27.png,a7f746139916ecf0,27,Lab,Particle
train/pd/a7fa831f0160b6ad_w00.png,a7fa831f0160b6ad,0,Field,Void
train/pd/a7fa831f0160b6ad_w01.png,a7fa831f0160b6ad,1,Field,Void
train/pd/a7fa831f0160b6ad_w02.png,a7fa831f0160b6ad,2,Field,Void
train/pd/a7fa831f0160b6ad_w04.png,a7fa831f0160b6ad,4,Field,Void
train/pd/a7fa831f0160b6ad_w08.png,a7fa831f0160b6ad,8,Field,Void
train/pd/a7fa831f0160b6ad_w14.png,a7fa831f0160b6ad,14,Field,Void
train/pd/a7fa831f0160b6ad_w24.png,a7fa831f0160b6ad,24,Field,Void
train/pd/a7fa831f0160b6ad_w27.png,a7fa831f0160b6ad,27,Field,Void
train/pd/a827404d575b80ef_w06.png,a827404d575b80ef,6,Lab,Void
train/pd/a827404d575b80ef_w11.png,a827404d575b80ef,11,Lab,Void
train/pd/a827404d575b80ef_w12.png,a827404d575b80ef,12,Lab,Void
train/pd/a827404d575b80ef_w15.png,a827404d575b80ef,15,Lab,Void
train/pd/a827404d575b80ef_w16.png,a827404d575b80ef,16,Lab,Void
train/pd/a827404d575b80ef_w17.png,a827404d575b80ef,17,Lab,Void
train/pd/a827404d575b80ef_w24.png,a827404d575b80ef,24,Lab,Void
train/pd/a827404d575b80ef_w27.png,a827404d575b80ef,27,Lab,Void
train/pd/a8476da6d0b31a27_w00.png,a8476da6d0b31a27,0,Lab,Void
train/pd/a8476da6d0b31a27_w02.png,a8476da6d0b31a27,2,Lab,Void
train/pd/a8476da6d0b31a27_w04.png,a8476da6d0b31a27,4,Lab,Void
train/pd/a8476da6d0b31a27_w09.png,a8476da6d0b31a27,9,Lab,Void
train/pd/a8476da6d0b31a27_w12.png,a8476da6d0b31a27,12,Lab,Void
train/pd/a8476da6d0b31a27_w13.png,a8476da6d0b31a27,13,Lab,Void
train/pd/a8476da6d0b31a27_w14.png,a8476da6d0b31a27,14,Lab,Void
train/pd/a8476da6d0b31a27_w20.png,a8476da6d0b31a27,20,Lab,Void
train/pd/a84da7b118c6a62a_w00.png,a84da7b118c6a62a,0,Lab,Floating
train/pd/a84da7b118c6a62a_w07.png,a84da7b118c6a62a,7,Lab,Floating
train/pd/a84da7b118c6a62a_w10.png,a84da7b118c6a62a,10,Lab,Floating
train/pd/a84da7b118c6a62a_w15.png,a84da7b118c6a62a,15,Lab,Floating
train/pd/a84da7b118c6a62a_w18.png,a84da7b118c6a62a,18,Lab,Floating
train/pd/a84da7b118c6a62a_w20.png,a84da7b118c6a62a,20,Lab,Floating
train/pd/a84da7b118c6a62a_w23.png,a84da7b118c6a62a,23,Lab,Floating
train/pd/a84da7b118c6a62a_w26.png,a84da7b118c6a62a,26,Lab,Floating
train/pd/a87d3fff3d33f6e3_w00.png,a87d3fff3d33f6e3,0,Field,Void
train/pd/a87d3fff3d33f6e3_w08.png,a87d3fff3d33f6e3,8,Field,Void
train/pd/a87d3fff3d33f6e3_w15.png,a87d3fff3d33f6e3,15,Field,Void
train/pd/a87d3fff3d33f6e3_w16.png,a87d3fff3d33f6e3,16,Field,Void
train/pd/a87d3fff3d33f6e3_w19.png,a87d3fff3d33f6e3,19,Field,Void
train/pd/a87d3fff3d33f6e3_w21.png,a87d3fff3d33f6e3,21,Field,Void
train/pd/a87d3fff3d33f6e3_w22.png,a87d3fff3d33f6e3,22,Field,Void
train/pd/a87d3fff3d33f6e3_w23.png,a87d3fff3d33f6e3,23,Field,Void
train/pd/a8daf4add6f5f209_w03.png,a8daf4add6f5f209,3,Lab,Void
train/pd/a8daf4add6f5f209_w04.png,a8daf4add6f5f209,4,Lab,Void
train/pd/a8daf4add6f5f209_w05.png,a8daf4add6f5f209,5,Lab,Void
train/pd/a8daf4add6f5f209_w06.png,a8daf4add6f5f209,6,Lab,Void
train/pd/a8daf4add6f5f209_w07.png,a8daf4add6f5f209,7,Lab,Void
train/pd/a8daf4add6f5f209_w16.png,a8daf4add6f5f209,16,Lab,Void
train/pd/a8daf4add6f5f209_w19.png,a8daf4add6f5f209,19,Lab,Void
train/pd/a8daf4add6f5f209_w22.png,a8daf4add6f5f209,22,Lab,Void
train/pd/a8efbe443e54bc33_w00.png,a8efbe443e54bc33,0,Lab,Corona
train/pd/a8efbe443e54bc33_w02.png,a8efbe443e54bc33,2,Lab,Corona
train/pd/a8efbe443e54bc33_w04.png,a8efbe443e54bc33,4,Lab,Corona
train/pd/a8efbe443e54bc33_w07.png,a8efbe443e54bc33,7,Lab,Corona
train/pd/a8efbe443e54bc33_w13.png,a8efbe443e54bc33,13,Lab,Corona
train/pd/a8efbe443e54bc33_w18.png,a8efbe443e54bc33,18,Lab,Corona
train/pd/a8efbe443e54bc33_w19.png,a8efbe443e54bc33,19,Lab,Corona
train/pd/a8efbe443e54bc33_w20.png,a8efbe443e54bc33,20,Lab,Corona
train/pd/a90fe56f0afbcd8b_w01.png,a90fe56f0afbcd8b,1,Field,Corona
train/pd/a90fe56f0afbcd8b_w02.png,a90fe56f0afbcd8b,2,Field,Corona
train/pd/a90fe56f0afbcd8b_w07.png,a90fe56f0afbcd8b,7,Field,Corona
train/pd/a90fe56f0afbcd8b_w12.png,a90fe56f0afbcd8b,12,Field,Corona
train/pd/a90fe56f0afbcd8b_w14.png,a90fe56f0afbcd8b,14,Field,Corona
train/pd/a90fe56f0afbcd8b_w20.png,a90fe56f0afbcd8b,20,Field,Corona
train/pd/a90fe56f0afbcd8b_w24.png,a90fe56f0afbcd8b,24,Field,Corona
train/pd/a90fe56f0afbcd8b_w26.png,a90fe56f0afbcd8b,26,Field,Corona
train/pd/a9715438aa895fe7_w01.png,a9715438aa895fe7,1,Lab,Floating
train/pd/a9715438aa895fe7_w03.png,a9715438aa895fe7,3,Lab,Floating
train/pd/a9715438aa895fe7_w08.png,a9715438aa895fe7,8,Lab,Floating
train/pd/a9715438aa895fe7_w10.png,a9715438aa895fe7,10,Lab,Floating
train/pd/a9715438aa895fe7_w11.png,a9715438aa895fe7,11,Lab,Floating
train/pd/a9715438aa895fe7_w20.png,a9715438aa895fe7,20,Lab,Floating
train/pd/a9715438aa895fe7_w24.png,a9715438aa895fe7,24,Lab,Floating
train/pd/a9715438aa895fe7_w27.png,a9715438aa895fe7,27,Lab,Floating
train/pd/a9af35cf8d0f9a62_w02.png,a9af35cf8d0f9a62,2,Lab,Floating
train/pd/a9af35cf8d0f9a62_w03.png,a9af35cf8d0f9a62,3,Lab,Floating
train/pd/a9af35cf8d0f9a62_w05.png,a9af35cf8d0f9a62,5,Lab,Floating
train/pd/a9af35cf8d0f9a62_w06.png,a9af35cf8d0f9a62,6,Lab,Floating
train/pd/a9af35cf8d0f9a62_w11.png,a9af35cf8d0f9a62,11,Lab,Floating
train/pd/a9af35cf8d0f9a62_w18.png,a9af35cf8d0f9a62,18,Lab,Floating
train/pd/a9af35cf8d0f9a62_w20.png,a9af35cf8d0f9a62,20,Lab,Floating
train/pd/a9af35cf8d0f9a62_w27.png,a9af35cf8d0f9a62,27,Lab,Floating
train/pd/a9b08eaa6c1da2ee_w04.png,a9b08eaa6c1da2ee,4,Lab,Void
train/pd/a9b08eaa6c1da2ee_w05.png,a9b08eaa6c1da2ee,5,Lab,Void
train/pd/a9b08eaa6c1da2ee_w08.png,a9b08eaa6c1da2ee,8,Lab,Void
train/pd/a9b08eaa6c1da2ee_w14.png,a9b08eaa6c1da2ee,14,Lab,Void
train/pd/a9b08eaa6c1da2ee_w16.png,a9b08eaa6c1da2ee,16,Lab,Void
train/pd/a9b08eaa6c1da2ee_w19.png,a9b08eaa6c1da2ee,19,Lab,Void
train/pd/a9b08eaa6c1da2ee_w20.png,a9b08eaa6c1da2ee,20,Lab,Void
train/pd/a9b08eaa6c1da2ee_w27.png,a9b08eaa6c1da2ee,27,Lab,Void
train/pd/a9f10abd0cb88727_w03.png,a9f10abd0cb88727,3,Lab,Particle
train/pd/a9f10abd0cb88727_w04.png,a9f10abd0cb88727,4,Lab,Particle
train/pd/a9f10abd0cb88727_w07.png,a9f10abd0cb88727,7,Lab,Particle
train/pd/a9f10abd0cb88727_w10.png,a9f10abd0cb88727,10,Lab,Particle
train/pd/a9f10abd0cb88727_w12.png,a9f10abd0cb88727,12,Lab,Particle
train/pd/a9f10abd0cb88727_w23.png,a9f10abd0cb88727,23,Lab,Particle
train/pd/a9f10abd0cb88727_w26.png,a9f10abd0cb88727,26,Lab,Particle
train/pd/a9f10abd0cb88727_w27.png,a9f10abd0cb88727,27,Lab,Particle
train/pd/aa1dbdc090cab405_w00.png,aa1dbdc090cab405,0,Lab,Particle
train/pd/aa1dbdc090cab405_w04.png,aa1dbdc090cab405,4,Lab,Particle
train/pd/aa1dbdc090cab405_w07.png,aa1dbdc090cab405,7,Lab,Particle
train/pd/aa1dbdc090cab405_w12.png,aa1dbdc090cab405,12,Lab,Particle
train/pd/aa1dbdc090cab405_w18.png,aa1dbdc090cab405,18,Lab,Particle
train/pd/aa1dbdc090cab405_w20.png,aa1dbdc090cab405,20,Lab,Particle
train/pd/aa1dbdc090cab405_w24.png,aa1dbdc090cab405,24,Lab,Particle
train/pd/aa1dbdc090cab405_w25.png,aa1dbdc090cab405,25,Lab,Particle
train/pd/aa6c913ae254e8f5_w00.png,aa6c913ae254e8f5,0,Field,Floating
train/pd/aa6c913ae254e8f5_w08.png,aa6c913ae254e8f5,8,Field,Floating
train/pd/aa6c913ae254e8f5_w09.png,aa6c913ae254e8f5,9,Field,Floating
train/pd/aa6c913ae254e8f5_w12.png,aa6c913ae254e8f5,12,Field,Floating
train/pd/aa6c913ae254e8f5_w14.png,aa6c913ae254e8f5,14,Field,Floating
train/pd/aa6c913ae254e8f5_w22.png,aa6c913ae254e8f5,22,Field,Floating
train/pd/aa6c913ae254e8f5_w23.png,aa6c913ae254e8f5,23,Field,Floating
train/pd/aa6c913ae254e8f5_w27.png,aa6c913ae254e8f5,27,Field,Floating
train/pd/aa8f0afa4edcf11f_w01.png,aa8f0afa4edcf11f,1,Lab,Corona
train/pd/aa8f0afa4edcf11f_w02.png,aa8f0afa4edcf11f,2,Lab,Corona
train/pd/aa8f0afa4edcf11f_w08.png,aa8f0afa4edcf11f,8,Lab,Corona
train/pd/aa8f0afa4edcf11f_w09.png,aa8f0afa4edcf11f,9,Lab,Corona
train/pd/aa8f0afa4edcf11f_w16.png,aa8f0afa4edcf11f,16,Lab,Corona
train/pd/aa8f0afa4edcf11f_w18.png,aa8f0afa4edcf11f,18,Lab,Corona
train/pd/aa8f0afa4edcf11f_w20.png,aa8f0afa4edcf11f,20,Lab,Corona
train/pd/aa8f0afa4edcf11f_w27.png,aa8f0afa4edcf11f,27,Lab,Corona
train/pd/aafa03a0dc1fe4fa_w00.png,aafa03a0dc1fe4fa,0,Lab,Particle
train/pd/aafa03a0dc1fe4fa_w01.png,aafa03a0dc1fe4fa,1,Lab,Particle
train/pd/aafa03a0dc1fe4fa_w04.png,aafa03a0dc1fe4fa,4,Lab,Particle
train/pd/aafa03a0dc1fe4fa_w11.png,aafa03a0dc1fe4fa,11,Lab,Particle
train/pd/aafa03a0dc1fe4fa_w17.png,aafa03a0dc1fe4fa,17,Lab,Particle
train/pd/aafa03a0dc1fe4fa_w18.png,aafa03a0dc1fe4fa,18,Lab,Particle
train/pd/aafa03a0dc1fe4fa_w20.png,aafa03a0dc1fe4fa,20,Lab,Particle
train/pd/aafa03a0dc1fe4fa_w23.png,aafa03a0dc1fe4fa,23,Lab,Particle
train/pd/ab701e8a3be663db_w01.png,ab701e8a3be663db,1,Lab,Floating
train/pd/ab701e8a3be663db_w04.png,ab701e8a3be663db,4,Lab,Floating
train/pd/ab701e8a3be663db_w07.png,ab701e8a3be663db,7,Lab,Floating
train/pd/ab701e8a3be663db_w13.png,ab701e8a3be663db,13,Lab,Floating
train/pd/ab701e8a3be663db_w15.png,ab701e8a3be663db,15,Lab,Floating
train/pd/ab701e8a3be663db_w19.png,ab701e8a3be663db,19,Lab,Floating
train/pd/ab701e8a3be663db_w24.png,ab701e8a3be663db,24,Lab,Floating
train/pd/ab701e8a3be663db_w25.png,ab701e8a3be663db,25,Lab,Floating
train/pd/ab7c69d7046bd86c_w00.png,ab7c69d7046bd86c,0,Lab,Corona
train/pd/ab7c69d7046bd86c_w03.png,ab7c69d7046bd86c,3,Lab,Corona
train/pd/ab7c69d7046bd86c_w07.png,ab7c69d7046bd86c,7,Lab,Corona
train/pd/ab7c69d7046bd86c_w13.png,ab7c69d7046bd86c,13,Lab,Corona
train/pd/ab7c69d7046bd86c_w16.png,ab7c69d7046bd86c,16,Lab,Corona
train/pd/ab7c69d7046bd86c_w19.png,ab7c69d7046bd86c,19,Lab,Corona
train/pd/ab7c69d7046bd86c_w24.png,ab7c69d7046bd86c,24,Lab,Corona
train/pd/ab7c69d7046bd86c_w27.png,ab7c69d7046bd86c,27,Lab,Corona
train/pd/ab8f3ac1f4cdd9e9_w03.png,ab8f3ac1f4cdd9e9,3,Lab,Corona
train/pd/ab8f3ac1f4cdd9e9_w04.png,ab8f3ac1f4cdd9e9,4,Lab,Corona
train/pd/ab8f3ac1f4cdd9e9_w05.png,ab8f3ac1f4cdd9e9,5,Lab,Corona
train/pd/ab8f3ac1f4cdd9e9_w06.png,ab8f3ac1f4cdd9e9,6,Lab,Corona
train/pd/ab8f3ac1f4cdd9e9_w08.png,ab8f3ac1f4cdd9e9,8,Lab,Corona
train/pd/ab8f3ac1f4cdd9e9_w16.png,ab8f3ac1f4cdd9e9,16,Lab,Corona
train/pd/ab8f3ac1f4cdd9e9_w19.png,ab8f3ac1f4cdd9e9,19,Lab,Corona
train/pd/ab8f3ac1f4cdd9e9_w25.png,ab8f3ac1f4cdd9e9,25,Lab,Corona
train/pd/aba851fe8cb2ddcd_w05.png,aba851fe8cb2ddcd,5,Lab,Floating
train/pd/aba851fe8cb2ddcd_w07.png,aba851fe8cb2ddcd,7,Lab,Floating
train/pd/aba851fe8cb2ddcd_w14.png,aba851fe8cb2ddcd,14,Lab,Floating
train/pd/aba851fe8cb2ddcd_w20.png,aba851fe8cb2ddcd,20,Lab,Floating
train/pd/aba851fe8cb2ddcd_w21.png,aba851fe8cb2ddcd,21,Lab,Floating
train/pd/aba851fe8cb2ddcd_w22.png,aba851fe8cb2ddcd,22,Lab,Floating
train/pd/aba851fe8cb2ddcd_w24.png,aba851fe8cb2ddcd,24,Lab,Floating
train/pd/aba851fe8cb2ddcd_w26.png,aba851fe8cb2ddcd,26,Lab,Floating
train/pd/abb66d6f7acd4c07_w02.png,abb66d6f7acd4c07,2,Lab,Particle
train/pd/abb66d6f7acd4c07_w09.png,abb66d6f7acd4c07,9,Lab,Particle
train/pd/abb66d6f7acd4c07_w10.png,abb66d6f7acd4c07,10,Lab,Particle
train/pd/abb66d6f7acd4c07_w11.png,abb66d6f7acd4c07,11,Lab,Particle
train/pd/abb66d6f7acd4c07_w12.png,abb66d6f7acd4c07,12,Lab,Particle
train/pd/abb66d6f7acd4c07_w20.png,abb66d6f7acd4c07,20,Lab,Particle
train/pd/abb66d6f7acd4c07_w21.png,abb66d6f7acd4c07,21,Lab,Particle
train/pd/abb66d6f7acd4c07_w25.png,abb66d6f7acd4c07,25,Lab,Particle
train/pd/abc1618900246f37_w00.png,abc1618900246f37,0,Lab,Floating
train/pd/abc1618900246f37_w08.png,abc1618900246f37,8,Lab,Floating
train/pd/abc1618900246f37_w09.png,abc1618900246f37,9,Lab,Floating
train/pd/abc1618900246f37_w17.png,abc1618900246f37,17,Lab,Floating
train/pd/abc1618900246f37_w21.png,abc1618900246f37,21,Lab,Floating
train/pd/abc1618900246f37_w24.png,abc1618900246f37,24,Lab,Floating
train/pd/abc1618900246f37_w25.png,abc1618900246f37,25,Lab,Floating
train/pd/abc1618900246f37_w27.png,abc1618900246f37,27,Lab,Floating
train/pd/abd4422685ed4b45_w00.png,abd4422685ed4b45,0,Lab,Floating
train/pd/abd4422685ed4b45_w03.png,abd4422685ed4b45,3,Lab,Floating
train/pd/abd4422685ed4b45_w06.png,abd4422685ed4b45,6,Lab,Floating
train/pd/abd4422685ed4b45_w15.png,abd4422685ed4b45,15,Lab,Floating
train/pd/abd4422685ed4b45_w16.png,abd4422685ed4b45,16,Lab,Floating
train/pd/abd4422685ed4b45_w20.png,abd4422685ed4b45,20,Lab,Floating
train/pd/abd4422685ed4b45_w22.png,abd4422685ed4b45,22,Lab,Floating
train/pd/abd4422685ed4b45_w26.png,abd4422685ed4b45,26,Lab,Floating
train/pd/abe119b4623f1349_w00.png,abe119b4623f1349,0,Field,Corona
train/pd/abe119b4623f1349_w02.png,abe119b4623f1349,2,Field,Corona
train/pd/abe119b4623f1349_w07.png,abe119b4623f1349,7,Field,Corona
train/pd/abe119b4623f1349_w12.png,abe119b4623f1349,12,Field,Corona
train/pd/abe119b4623f1349_w17.png,abe119b4623f1349,17,Field,Corona
train/pd/abe119b4623f1349_w18.png,abe119b4623f1349,18,Field,Corona
train/pd/abe119b4623f1349_w21.png,abe119b4623f1349,21,Field,Corona
train/pd/abe119b4623f1349_w23.png,abe119b4623f1349,23,Field,Corona
train/pd/ac3c6b2a634d8613_w02.png,ac3c6b2a634d8613,2,Lab,Floating
train/pd/ac3c6b2a634d8613_w05.png,ac3c6b2a634d8613,5,Lab,Floating
train/pd/ac3c6b2a634d8613_w07.png,ac3c6b2a634d8613,7,Lab,Floating
train/pd/ac3c6b2a634d8613_w08.png,ac3c6b2a634d8613,8,Lab,Floating
train/pd/ac3c6b2a634d8613_w11.png,ac3c6b2a634d8613,11,Lab,Floating
train/pd/ac3c6b2a634d8613_w13.png,ac3c6b2a634d8613,13,Lab,Floating
train/pd/ac3c6b2a634d8613_w14.png,ac3c6b2a634d8613,14,Lab,Floating
train/pd/ac3c6b2a634d8613_w25.png,ac3c6b2a634d8613,25,Lab,Floating
train/pd/ac3ed4553e928ff8_w06.png,ac3ed4553e928ff8,6,Lab,Particle
train/pd/ac3ed4553e928ff8_w07.png,ac3ed4553e928ff8,7,Lab,Particle
train/pd/ac3ed4553e928ff8_w08.png,ac3ed4553e928ff8,8,Lab,Particle
train/pd/ac3ed4553e928ff8_w15.png,ac3ed4553e928ff8,15,Lab,Particle
train/pd/ac3ed4553e928ff8_w16.png,ac3ed4553e928ff8,16,Lab,Particle
train/pd/ac3ed4553e928ff8_w18.png,ac3ed4553e928ff8,18,Lab,Particle
train/pd/ac3ed4553e928ff8_w23.png,ac3ed4553e928ff8,23,Lab,Particle
train/pd/ac3ed4553e928ff8_w25.png,ac3ed4553e928ff8,25,Lab,Particle
train/pd/ac563a71d3b35c63_w06.png,ac563a71d3b35c63,6,Field,Void
train/pd/ac563a71d3b35c63_w08.png,ac563a71d3b35c63,8,Field,Void
train/pd/ac563a71d3b35c63_w11.png,ac563a71d3b35c63,11,Field,Void
train/pd/ac563a71d3b35c63_w12.png,ac563a71d3b35c63,12,Field,Void
train/pd/ac563a71d3b35c63_w16.png,ac563a71d3b35c63,16,Field,Void
train/pd/ac563a71d3b35c63_w17.png,ac563a71d3b35c63,17,Field,Void
train/pd/ac563a71d3b35c63_w20.png,ac563a71d3b35c63,20,Field,Void
train/pd/ac563a71d3b35c63_w24.png,ac563a71d3b35c63,24,Field,Void
train/pd/ac6e4c1f731915d5_w04.png,ac6e4c1f731915d5,4,Field,Void
train/pd/ac6e4c1f731915d5_w11.png,ac6e4c1f731915d5,11,Field,Void
train/pd/ac6e4c1f731915d5_w12.png,ac6e4c1f731915d5,12,Field,Void
train/pd/ac6e4c1f731915d5_w18.png,ac6e4c1f731915d5,18,Field,Void
train/pd/ac6e4c1f731915d5_w19.png,ac6e4c1f731915d5,19,Field,Void
train/pd/ac6e4c1f731915d5_w21.png,ac6e4c1f731915d5,21,Field,Void
train/pd/ac6e4c1f731915d5_w23.png,ac6e4c1f731915d5,23,Field,Void
train/pd/ac6e4c1f731915d5_w27.png,ac6e4c1f731915d5,27,Field,Void
train/pd/acafdcbdba34fb9b_w05.png,acafdcbdba34fb9b,5,Lab,Corona
train/pd/acafdcbdba34fb9b_w10.png,acafdcbdba34fb9b,10,Lab,Corona
train/pd/acafdcbdba34fb9b_w12.png,acafdcbdba34fb9b,12,Lab,Corona
train/pd/acafdcbdba34fb9b_w17.png,acafdcbdba34fb9b,17,Lab,Corona
train/pd/acafdcbdba34fb9b_w18.png,acafdcbdba34fb9b,18,Lab,Corona
train/pd/acafdcbdba34fb9b_w22.png,acafdcbdba34fb9b,22,Lab,Corona
train/pd/acafdcbdba34fb9b_w25.png,acafdcbdba34fb9b,25,Lab,Corona
train/pd/acafdcbdba34fb9b_w27.png,acafdcbdba34fb9b,27,Lab,Corona
train/pd/ad6712ba1ce61b7e_w02.png,ad6712ba1ce61b7e,2,Lab,Floating
train/pd/ad6712ba1ce61b7e_w11.png,ad6712ba1ce61b7e,11,Lab,Floating
train/pd/ad6712ba1ce61b7e_w12.png,ad6712ba1ce61b7e,12,Lab,Floating
train/pd/ad6712ba1ce61b7e_w15.png,ad6712ba1ce61b7e,15,Lab,Floating
train/pd/ad6712ba1ce61b7e_w20.png,ad6712ba1ce61b7e,20,Lab,Floating
train/pd/ad6712ba1ce61b7e_w22.png,ad6712ba1ce61b7e,22,Lab,Floating
train/pd/ad6712ba1ce61b7e_w25.png,ad6712ba1ce61b7e,25,Lab,Floating
train/pd/ad6712ba1ce61b7e_w26.png,ad6712ba1ce61b7e,26,Lab,Floating
train/pd/ad79e4f04b42eebe_w01.png,ad79e4f04b42eebe,1,Field,Void
train/pd/ad79e4f04b42eebe_w02.png,ad79e4f04b42eebe,2,Field,Void
train/pd/ad79e4f04b42eebe_w03.png,ad79e4f04b42eebe,3,Field,Void
train/pd/ad79e4f04b42eebe_w07.png,ad79e4f04b42eebe,7,Field,Void
train/pd/ad79e4f04b42eebe_w13.png,ad79e4f04b42eebe,13,Field,Void
train/pd/ad79e4f04b42eebe_w21.png,ad79e4f04b42eebe,21,Field,Void
train/pd/ad79e4f04b42eebe_w22.png,ad79e4f04b42eebe,22,Field,Void
train/pd/ad79e4f04b42eebe_w26.png,ad79e4f04b42eebe,26,Field,Void
train/pd/ad8e645b66dd4039_w00.png,ad8e645b66dd4039,0,Lab,Void
train/pd/ad8e645b66dd4039_w03.png,ad8e645b66dd4039,3,Lab,Void
train/pd/ad8e645b66dd4039_w05.png,ad8e645b66dd4039,5,Lab,Void
train/pd/ad8e645b66dd4039_w07.png,ad8e645b66dd4039,7,Lab,Void
train/pd/ad8e645b66dd4039_w08.png,ad8e645b66dd4039,8,Lab,Void
train/pd/ad8e645b66dd4039_w10.png,ad8e645b66dd4039,10,Lab,Void
train/pd/ad8e645b66dd4039_w15.png,ad8e645b66dd4039,15,Lab,Void
train/pd/ad8e645b66dd4039_w23.png,ad8e645b66dd4039,23,Lab,Void
train/pd/ad944111b542b00f_w00.png,ad944111b542b00f,0,Lab,Particle
train/pd/ad944111b542b00f_w04.png,ad944111b542b00f,4,Lab,Particle
train/pd/ad944111b542b00f_w08.png,ad944111b542b00f,8,Lab,Particle
train/pd/ad944111b542b00f_w15.png,ad944111b542b00f,15,Lab,Particle
train/pd/ad944111b542b00f_w16.png,ad944111b542b00f,16,Lab,Particle
train/pd/ad944111b542b00f_w19.png,ad944111b542b00f,19,Lab,Particle
train/pd/ad944111b542b00f_w25.png,ad944111b542b00f,25,Lab,Particle
train/pd/ad944111b542b00f_w26.png,ad944111b542b00f,26,Lab,Particle
train/pd/adc6314cd04b5718_w03.png,adc6314cd04b5718,3,Lab,Corona
train/pd/adc6314cd04b5718_w04.png,adc6314cd04b5718,4,Lab,Corona
train/pd/adc6314cd04b5718_w09.png,adc6314cd04b5718,9,Lab,Corona
train/pd/adc6314cd04b5718_w10.png,adc6314cd04b5718,10,Lab,Corona
train/pd/adc6314cd04b5718_w12.png,adc6314cd04b5718,12,Lab,Corona
train/pd/adc6314cd04b5718_w14.png,adc6314cd04b5718,14,Lab,Corona
train/pd/adc6314cd04b5718_w15.png,adc6314cd04b5718,15,Lab,Corona
train/pd/adc6314cd04b5718_w26.png,adc6314cd04b5718,26,Lab,Corona
train/pd/add389e68c0b2b2b_w01.png,add389e68c0b2b2b,1,Lab,Floating
train/pd/add389e68c0b2b2b_w09.png,add389e68c0b2b2b,9,Lab,Floating
train/pd/add389e68c0b2b2b_w19.png,add389e68c0b2b2b,19,Lab,Floating
train/pd/add389e68c0b2b2b_w21.png,add389e68c0b2b2b,21,Lab,Floating
train/pd/add389e68c0b2b2b_w22.png,add389e68c0b2b2b,22,Lab,Floating
train/pd/add389e68c0b2b2b_w23.png,add389e68c0b2b2b,23,Lab,Floating
train/pd/add389e68c0b2b2b_w24.png,add389e68c0b2b2b,24,Lab,Floating
train/pd/add389e68c0b2b2b_w26.png,add389e68c0b2b2b,26,Lab,Floating
train/pd/add6b0a988611531_w07.png,add6b0a988611531,7,Lab,Particle
train/pd/add6b0a988611531_w14.png,add6b0a988611531,14,Lab,Particle
train/pd/add6b0a988611531_w15.png,add6b0a988611531,15,Lab,Particle
train/pd/add6b0a988611531_w16.png,add6b0a988611531,16,Lab,Particle
train/pd/add6b0a988611531_w19.png,add6b0a988611531,19,Lab,Particle
train/pd/add6b0a988611531_w20.png,add6b0a988611531,20,Lab,Particle
train/pd/add6b0a988611531_w23.png,add6b0a988611531,23,Lab,Particle
train/pd/add6b0a988611531_w24.png,add6b0a988611531,24,Lab,Particle
train/pd/adff3c80b64401a7_w00.png,adff3c80b64401a7,0,Lab,Floating
train/pd/adff3c80b64401a7_w01.png,adff3c80b64401a7,1,Lab,Floating
train/pd/adff3c80b64401a7_w06.png,adff3c80b64401a7,6,Lab,Floating
train/pd/adff3c80b64401a7_w11.png,adff3c80b64401a7,11,Lab,Floating
train/pd/adff3c80b64401a7_w16.png,adff3c80b64401a7,16,Lab,Floating
train/pd/adff3c80b64401a7_w20.png,adff3c80b64401a7,20,Lab,Floating
train/pd/adff3c80b64401a7_w22.png,adff3c80b64401a7,22,Lab,Floating
train/pd/adff3c80b64401a7_w25.png,adff3c80b64401a7,25,Lab,Floating
train/pd/ae16622f29041b61_w00.png,ae16622f29041b61,0,Lab,Floating
train/pd/ae16622f29041b61_w02.png,ae16622f29041b61,2,Lab,Floating
train/pd/ae16622f29041b61_w03.png,ae16622f29041b61,3,Lab,Floating
train/pd/ae16622f29041b61_w08.png,ae16622f29041b61,8,Lab,Floating
train/pd/ae16622f29041b61_w10.png,ae16622f29041b61,10,Lab,Floating
train/pd/ae16622f29041b61_w17.png,ae16622f29041b61,17,Lab,Floating
train/pd/ae16622f29041b61_w21.png,ae16622f29041b61,21,Lab,Floating
train/pd/ae16622f29041b61_w25.png,ae16622f29041b61,25,Lab,Floating
train/pd/ae1671195adfbc88_w00.png,ae1671195adfbc88,0,Lab,Void
train/pd/ae1671195adfbc88_w03.png,ae1671195adfbc88,3,Lab,Void
train/pd/ae1671195adfbc88_w05.png,ae1671195adfbc88,5,Lab,Void
train/pd/ae1671195adfbc88_w12.png,ae1671195adfbc88,12,Lab,Void
train/pd/ae1671195adfbc88_w13.png,ae1671195adfbc88,13,Lab,Void
train/pd/ae1671195adfbc88_w15.png,ae1671195adfbc88,15,Lab,Void
train/pd/ae1671195adfbc88_w19.png,ae1671195adfbc88,19,Lab,Void
train/pd/ae1671195adfbc88_w27.png,ae1671195adfbc88,27,Lab,Void
train/pd/ae1945038b972cdd_w00.png,ae1945038b972cdd,0,Lab,Void
train/pd/ae1945038b972cdd_w11.png,ae1945038b972cdd,11,Lab,Void
train/pd/ae1945038b972cdd_w12.png,ae1945038b972cdd,12,Lab,Void
train/pd/ae1945038b972cdd_w15.png,ae1945038b972cdd,15,Lab,Void
train/pd/ae1945038b972cdd_w16.png,ae1945038b972cdd,16,Lab,Void
train/pd/ae1945038b972cdd_w17.png,ae1945038b972cdd,17,Lab,Void
train/pd/ae1945038b972cdd_w18.png,ae1945038b972cdd,18,Lab,Void
train/pd/ae1945038b972cdd_w23.png,ae1945038b972cdd,23,Lab,Void
train/pd/ae4cf8c1eda3e5ba_w02.png,ae4cf8c1eda3e5ba,2,Lab,Floating
train/pd/ae4cf8c1eda3e5ba_w03.png,ae4cf8c1eda3e5ba,3,Lab,Floating
train/pd/ae4cf8c1eda3e5ba_w05.png,ae4cf8c1eda3e5ba,5,Lab,Floating
train/pd/ae4cf8c1eda3e5ba_w10.png,ae4cf8c1eda3e5ba,10,Lab,Floating
train/pd/ae4cf8c1eda3e5ba_w15.png,ae4cf8c1eda3e5ba,15,Lab,Floating
train/pd/ae4cf8c1eda3e5ba_w16.png,ae4cf8c1eda3e5ba,16,Lab,Floating
train/pd/ae4cf8c1eda3e5ba_w18.png,ae4cf8c1eda3e5ba,18,Lab,Floating
train/pd/ae4cf8c1eda3e5ba_w19.png,ae4cf8c1eda3e5ba,19,Lab,Floating
train/pd/ae7005a20106ae4f_w05.png,ae7005a20106ae4f,5,Lab,Floating
train/pd/ae7005a20106ae4f_w09.png,ae7005a20106ae4f,9,Lab,Floating
train/pd/ae7005a20106ae4f_w11.png,ae7005a20106ae4f,11,Lab,Floating
train/pd/ae7005a20106ae4f_w14.png,ae7005a20106ae4f,14,Lab,Floating
train/pd/ae7005a20106ae4f_w18.png,ae7005a20106ae4f,18,Lab,Floating
train/pd/ae7005a20106ae4f_w19.png,ae7005a20106ae4f,19,Lab,Floating
train/pd/ae7005a20106ae4f_w23.png,ae7005a20106ae4f,23,Lab,Floating
train/pd/ae7005a20106ae4f_w27.png,ae7005a20106ae4f,27,Lab,Floating
train/pd/ae77b27dfeba9ba4_w02.png,ae77b27dfeba9ba4,2,Lab,Void
train/pd/ae77b27dfeba9ba4_w07.png,ae77b27dfeba9ba4,7,Lab,Void
train/pd/ae77b27dfeba9ba4_w10.png,ae77b27dfeba9ba4,10,Lab,Void
train/pd/ae77b27dfeba9ba4_w11.png,ae77b27dfeba9ba4,11,Lab,Void
train/pd/ae77b27dfeba9ba4_w21.png,ae77b27dfeba9ba4,21,Lab,Void
train/pd/ae77b27dfeba9ba4_w22.png,ae77b27dfeba9ba4,22,Lab,Void
train/pd/ae77b27dfeba9ba4_w24.png,ae77b27dfeba9ba4,24,Lab,Void
train/pd/ae77b27dfeba9ba4_w27.png,ae77b27dfeba9ba4,27,Lab,Void
train/pd/ae7f8d3ceed3ad95_w01.png,ae7f8d3ceed3ad95,1,Lab,Particle
train/pd/ae7f8d3ceed3ad95_w02.png,ae7f8d3ceed3ad95,2,Lab,Particle
train/pd/ae7f8d3ceed3ad95_w06.png,ae7f8d3ceed3ad95,6,Lab,Particle
train/pd/ae7f8d3ceed3ad95_w07.png,ae7f8d3ceed3ad95,7,Lab,Particle
train/pd/ae7f8d3ceed3ad95_w08.png,ae7f8d3ceed3ad95,8,Lab,Particle
train/pd/ae7f8d3ceed3ad95_w11.png,ae7f8d3ceed3ad95,11,Lab,Particle
train/pd/ae7f8d3ceed3ad95_w19.png,ae7f8d3ceed3ad95,19,Lab,Particle
train/pd/ae7f8d3ceed3ad95_w23.png,ae7f8d3ceed3ad95,23,Lab,Particle
train/pd/ae8a5f4be254ef38_w00.png,ae8a5f4be254ef38,0,Lab,Void
train/pd/ae8a5f4be254ef38_w01.png,ae8a5f4be254ef38,1,Lab,Void
train/pd/ae8a5f4be254ef38_w02.png,ae8a5f4be254ef38,2,Lab,Void
train/pd/ae8a5f4be254ef38_w06.png,ae8a5f4be254ef38,6,Lab,Void
train/pd/ae8a5f4be254ef38_w10.png,ae8a5f4be254ef38,10,Lab,Void
train/pd/ae8a5f4be254ef38_w12.png,ae8a5f4be254ef38,12,Lab,Void
train/pd/ae8a5f4be254ef38_w25.png,ae8a5f4be254ef38,25,Lab,Void
train/pd/ae8a5f4be254ef38_w27.png,ae8a5f4be254ef38,27,Lab,Void
train/pd/af345d0d55f1f6e7_w06.png,af345d0d55f1f6e7,6,Lab,Void
train/pd/af345d0d55f1f6e7_w09.png,af345d0d55f1f6e7,9,Lab,Void
train/pd/af345d0d55f1f6e7_w11.png,af345d0d55f1f6e7,11,Lab,Void
train/pd/af345d0d55f1f6e7_w14.png,af345d0d55f1f6e7,14,Lab,Void
train/pd/af345d0d55f1f6e7_w18.png,af345d0d55f1f6e7,18,Lab,Void
train/pd/af345d0d55f1f6e7_w19.png,af345d0d55f1f6e7,19,Lab,Void
train/pd/af345d0d55f1f6e7_w20.png,af345d0d55f1f6e7,20,Lab,Void
train/pd/af345d0d55f1f6e7_w25.png,af345d0d55f1f6e7,25,Lab,Void
train/pd/af4de4cec2246f9a_w04.png,af4de4cec2246f9a,4,Lab,Particle
train/pd/af4de4cec2246f9a_w12.png,af4de4cec2246f9a,12,Lab,Particle
train/pd/af4de4cec2246f9a_w18.png,af4de4cec2246f9a,18,Lab,Particle
train/pd/af4de4cec2246f9a_w19.png,af4de4cec2246f9a,19,Lab,Particle
train/pd/af4de4cec2246f9a_w22.png,af4de4cec2246f9a,22,Lab,Particle
train/pd/af4de4cec2246f9a_w24.png,af4de4cec2246f9a,24,Lab,Particle
train/pd/af4de4cec2246f9a_w25.png,af4de4cec2246f9a,25,Lab,Particle
train/pd/af4de4cec2246f9a_w27.png,af4de4cec2246f9a,27,Lab,Particle
train/pd/af83091f3e5820f7_w01.png,af83091f3e5820f7,1,Field,Void
train/pd/af83091f3e5820f7_w03.png,af83091f3e5820f7,3,Field,Void
train/pd/af83091f3e5820f7_w05.png,af83091f3e5820f7,5,Field,Void
train/pd/af83091f3e5820f7_w08.png,af83091f3e5820f7,8,Field,Void
train/pd/af83091f3e5820f7_w12.png,af83091f3e5820f7,12,Field,Void
train/pd/af83091f3e5820f7_w15.png,af83091f3e5820f7,15,Field,Void
train/pd/af83091f3e5820f7_w16.png,af83091f3e5820f7,16,Field,Void
train/pd/af83091f3e5820f7_w22.png,af83091f3e5820f7,22,Field,Void
train/pd/afb78f6d00aa606e_w00.png,afb78f6d00aa606e,0,Lab,Particle
train/pd/afb78f6d00aa606e_w02.png,afb78f6d00aa606e,2,Lab,Particle
train/pd/afb78f6d00aa606e_w08.png,afb78f6d00aa606e,8,Lab,Particle
train/pd/afb78f6d00aa606e_w10.png,afb78f6d00aa606e,10,Lab,Particle
train/pd/afb78f6d00aa606e_w11.png,afb78f6d00aa606e,11,Lab,Particle
train/pd/afb78f6d00aa606e_w17.png,afb78f6d00aa606e,17,Lab,Particle
train/pd/afb78f6d00aa606e_w19.png,afb78f6d00aa606e,19,Lab,Particle
train/pd/afb78f6d00aa606e_w20.png,afb78f6d00aa606e,20,Lab,Particle
train/pd/b00df7efa041c2d4_w00.png,b00df7efa041c2d4,0,Lab,Corona
train/pd/b00df7efa041c2d4_w02.png,b00df7efa041c2d4,2,Lab,Corona
train/pd/b00df7efa041c2d4_w04.png,b00df7efa041c2d4,4,Lab,Corona
train/pd/b00df7efa041c2d4_w15.png,b00df7efa041c2d4,15,Lab,Corona
train/pd/b00df7efa041c2d4_w19.png,b00df7efa041c2d4,19,Lab,Corona
train/pd/b00df7efa041c2d4_w21.png,b00df7efa041c2d4,21,Lab,Corona
train/pd/b00df7efa041c2d4_w25.png,b00df7efa041c2d4,25,Lab,Corona
train/pd/b00df7efa041c2d4_w26.png,b00df7efa041c2d4,26,Lab,Corona
train/pd/b030ddbcac92ee13_w00.png,b030ddbcac92ee13,0,Lab,Corona
train/pd/b030ddbcac92ee13_w03.png,b030ddbcac92ee13,3,Lab,Corona
train/pd/b030ddbcac92ee13_w06.png,b030ddbcac92ee13,6,Lab,Corona
train/pd/b030ddbcac92ee13_w09.png,b030ddbcac92ee13,9,Lab,Corona
train/pd/b030ddbcac92ee13_w12.png,b030ddbcac92ee13,12,Lab,Corona
train/pd/b030ddbcac92ee13_w14.png,b030ddbcac92ee13,14,Lab,Corona
train/pd/b030ddbcac92ee13_w19.png,b030ddbcac92ee13,19,Lab,Corona
train/pd/b030ddbcac92ee13_w25.png,b030ddbcac92ee13,25,Lab,Corona
train/pd/b03f55b1778840e6_w04.png,b03f55b1778840e6,4,Lab,Particle
train/pd/b03f55b1778840e6_w06.png,b03f55b1778840e6,6,Lab,Particle
train/pd/b03f55b1778840e6_w08.png,b03f55b1778840e6,8,Lab,Particle
train/pd/b03f55b1778840e6_w09.png,b03f55b1778840e6,9,Lab,Particle
train/pd/b03f55b1778840e6_w12.png,b03f55b1778840e6,12,Lab,Particle
train/pd/b03f55b1778840e6_w24.png,b03f55b1778840e6,24,Lab,Particle
train/pd/b03f55b1778840e6_w26.png,b03f55b1778840e6,26,Lab,Particle
train/pd/b03f55b1778840e6_w27.png,b03f55b1778840e6,27,Lab,Particle
train/pd/b06cd84d94556860_w04.png,b06cd84d94556860,4,Lab,Corona
train/pd/b06cd84d94556860_w07.png,b06cd84d94556860,7,Lab,Corona
train/pd/b06cd84d94556860_w08.png,b06cd84d94556860,8,Lab,Corona
train/pd/b06cd84d94556860_w11.png,b06cd84d94556860,11,Lab,Corona
train/pd/b06cd84d94556860_w13.png,b06cd84d94556860,13,Lab,Corona
train/pd/b06cd84d94556860_w16.png,b06cd84d94556860,16,Lab,Corona
train/pd/b06cd84d94556860_w19.png,b06cd84d94556860,19,Lab,Corona
train/pd/b06cd84d94556860_w22.png,b06cd84d94556860,22,Lab,Corona
train/pd/b06e4b3227801cb4_w01.png,b06e4b3227801cb4,1,Lab,Void
train/pd/b06e4b3227801cb4_w04.png,b06e4b3227801cb4,4,Lab,Void
train/pd/b06e4b3227801cb4_w10.png,b06e4b3227801cb4,10,Lab,Void
train/pd/b06e4b3227801cb4_w17.png,b06e4b3227801cb4,17,Lab,Void
train/pd/b06e4b3227801cb4_w22.png,b06e4b3227801cb4,22,Lab,Void
train/pd/b06e4b3227801cb4_w24.png,b06e4b3227801cb4,24,Lab,Void
train/pd/b06e4b3227801cb4_w25.png,b06e4b3227801cb4,25,Lab,Void
train/pd/b06e4b3227801cb4_w26.png,b06e4b3227801cb4,26,Lab,Void
train/pd/b0a9232b6b0a5fab_w05.png,b0a9232b6b0a5fab,5,Lab,Particle
train/pd/b0a9232b6b0a5fab_w09.png,b0a9232b6b0a5fab,9,Lab,Particle
train/pd/b0a9232b6b0a5fab_w12.png,b0a9232b6b0a5fab,12,Lab,Particle
train/pd/b0a9232b6b0a5fab_w13.png,b0a9232b6b0a5fab,13,Lab,Particle
train/pd/b0a9232b6b0a5fab_w19.png,b0a9232b6b0a5fab,19,Lab,Particle
train/pd/b0a9232b6b0a5fab_w22.png,b0a9232b6b0a5fab,22,Lab,Particle
train/pd/b0a9232b6b0a5fab_w23.png,b0a9232b6b0a5fab,23,Lab,Particle
train/pd/b0a9232b6b0a5fab_w26.png,b0a9232b6b0a5fab,26,Lab,Particle
train/pd/b0b63799073e81fa_w00.png,b0b63799073e81fa,0,Lab,Corona
train/pd/b0b63799073e81fa_w01.png,b0b63799073e81fa,1,Lab,Corona
train/pd/b0b63799073e81fa_w02.png,b0b63799073e81fa,2,Lab,Corona
train/pd/b0b63799073e81fa_w05.png,b0b63799073e81fa,5,Lab,Corona
train/pd/b0b63799073e81fa_w06.png,b0b63799073e81fa,6,Lab,Corona
train/pd/b0b63799073e81fa_w08.png,b0b63799073e81fa,8,Lab,Corona
train/pd/b0b63799073e81fa_w12.png,b0b63799073e81fa,12,Lab,Corona
train/pd/b0b63799073e81fa_w16.png,b0b63799073e81fa,16,Lab,Corona
train/pd/b10b00f2d3b19e02_w02.png,b10b00f2d3b19e02,2,Field,Void
train/pd/b10b00f2d3b19e02_w08.png,b10b00f2d3b19e02,8,Field,Void
train/pd/b10b00f2d3b19e02_w11.png,b10b00f2d3b19e02,11,Field,Void
train/pd/b10b00f2d3b19e02_w15.png,b10b00f2d3b19e02,15,Field,Void
train/pd/b10b00f2d3b19e02_w16.png,b10b00f2d3b19e02,16,Field,Void
train/pd/b10b00f2d3b19e02_w20.png,b10b00f2d3b19e02,20,Field,Void
train/pd/b10b00f2d3b19e02_w26.png,b10b00f2d3b19e02,26,Field,Void
train/pd/b10b00f2d3b19e02_w27.png,b10b00f2d3b19e02,27,Field,Void
train/pd/b121402749da6d79_w01.png,b121402749da6d79,1,Lab,Particle
train/pd/b121402749da6d79_w04.png,b121402749da6d79,4,Lab,Particle
train/pd/b121402749da6d79_w12.png,b121402749da6d79,12,Lab,Particle
train/pd/b121402749da6d79_w13.png,b121402749da6d79,13,Lab,Particle
train/pd/b121402749da6d79_w15.png,b121402749da6d79,15,Lab,Particle
train/pd/b121402749da6d79_w19.png,b121402749da6d79,19,Lab,Particle
train/pd/b121402749da6d79_w24.png,b121402749da6d79,24,Lab,Particle
train/pd/b121402749da6d79_w25.png,b121402749da6d79,25,Lab,Particle
train/pd/b15b945762ae2d13_w02.png,b15b945762ae2d13,2,Lab,Particle
train/pd/b15b945762ae2d13_w05.png,b15b945762ae2d13,5,Lab,Particle
train/pd/b15b945762ae2d13_w07.png,b15b945762ae2d13,7,Lab,Particle
train/pd/b15b945762ae2d13_w08.png,b15b945762ae2d13,8,Lab,Particle
train/pd/b15b945762ae2d13_w13.png,b15b945762ae2d13,13,Lab,Particle
train/pd/b15b945762ae2d13_w17.png,b15b945762ae2d13,17,Lab,Particle
train/pd/b15b945762ae2d13_w23.png,b15b945762ae2d13,23,Lab,Particle
train/pd/b15b945762ae2d13_w27.png,b15b945762ae2d13,27,Lab,Particle
train/pd/b166e703567dafdd_w01.png,b166e703567dafdd,1,Lab,Void
train/pd/b166e703567dafdd_w02.png,b166e703567dafdd,2,Lab,Void
train/pd/b166e703567dafdd_w05.png,b166e703567dafdd,5,Lab,Void
train/pd/b166e703567dafdd_w06.png,b166e703567dafdd,6,Lab,Void
train/pd/b166e703567dafdd_w08.png,b166e703567dafdd,8,Lab,Void
train/pd/b166e703567dafdd_w10.png,b166e703567dafdd,10,Lab,Void
train/pd/b166e703567dafdd_w23.png,b166e703567dafdd,23,Lab,Void
train/pd/b166e703567dafdd_w24.png,b166e703567dafdd,24,Lab,Void
train/pd/b19efc20b57aab30_w03.png,b19efc20b57aab30,3,Lab,Void
train/pd/b19efc20b57aab30_w04.png,b19efc20b57aab30,4,Lab,Void
train/pd/b19efc20b57aab30_w08.png,b19efc20b57aab30,8,Lab,Void
train/pd/b19efc20b57aab30_w10.png,b19efc20b57aab30,10,Lab,Void
train/pd/b19efc20b57aab30_w14.png,b19efc20b57aab30,14,Lab,Void
train/pd/b19efc20b57aab30_w21.png,b19efc20b57aab30,21,Lab,Void
train/pd/b19efc20b57aab30_w24.png,b19efc20b57aab30,24,Lab,Void
train/pd/b19efc20b57aab30_w27.png,b19efc20b57aab30,27,Lab,Void
train/pd/b1a712ce8e84f05e_w00.png,b1a712ce8e84f05e,0,Lab,Floating
train/pd/b1a712ce8e84f05e_w03.png,b1a712ce8e84f05e,3,Lab,Floating
train/pd/b1a712ce8e84f05e_w05.png,b1a712ce8e84f05e,5,Lab,Floating
train/pd/b1a712ce8e84f05e_w09.png,b1a712ce8e84f05e,9,Lab,Floating
train/pd/b1a712ce8e84f05e_w22.png,b1a712ce8e84f05e,22,Lab,Floating
train/pd/b1a712ce8e84f05e_w25.png,b1a712ce8e84f05e,25,Lab,Floating
train/pd/b1a712ce8e84f05e_w26.png,b1a712ce8e84f05e,26,Lab,Floating
train/pd/b1a712ce8e84f05e_w27.png,b1a712ce8e84f05e,27,Lab,Floating
train/pd/b1bf04e3b078ec69_w02.png,b1bf04e3b078ec69,2,Lab,Floating
train/pd/b1bf04e3b078ec69_w09.png,b1bf04e3b078ec69,9,Lab,Floating
train/pd/b1bf04e3b078ec69_w10.png,b1bf04e3b078ec69,10,Lab,Floating
train/pd/b1bf04e3b078ec69_w14.png,b1bf04e3b078ec69,14,Lab,Floating
train/pd/b1bf04e3b078ec69_w15.png,b1bf04e3b078ec69,15,Lab,Floating
train/pd/b1bf04e3b078ec69_w19.png,b1bf04e3b078ec69,19,Lab,Floating
train/pd/b1bf04e3b078ec69_w21.png,b1bf04e3b078ec69,21,Lab,Floating
train/pd/b1bf04e3b078ec69_w27.png,b1bf04e3b078ec69,27,Lab,Floating
train/pd/b1dc98722bf081cb_w03.png,b1dc98722bf081cb,3,Lab,Corona
train/pd/b1dc98722bf081cb_w08.png,b1dc98722bf081cb,8,Lab,Corona
train/pd/b1dc98722bf081cb_w11.png,b1dc98722bf081cb,11,Lab,Corona
train/pd/b1dc98722bf081cb_w12.png,b1dc98722bf081cb,12,Lab,Corona
train/pd/b1dc98722bf081cb_w15.png,b1dc98722bf081cb,15,Lab,Corona
train/pd/b1dc98722bf081cb_w16.png,b1dc98722bf081cb,16,Lab,Corona
train/pd/b1dc98722bf081cb_w17.png,b1dc98722bf081cb,17,Lab,Corona
train/pd/b1dc98722bf081cb_w26.png,b1dc98722bf081cb,26,Lab,Corona
train/pd/b2019276f67acf33_w03.png,b2019276f67acf33,3,Lab,Void
train/pd/b2019276f67acf33_w04.png,b2019276f67acf33,4,Lab,Void
train/pd/b2019276f67acf33_w06.png,b2019276f67acf33,6,Lab,Void
train/pd/b2019276f67acf33_w07.png,b2019276f67acf33,7,Lab,Void
train/pd/b2019276f67acf33_w08.png,b2019276f67acf33,8,Lab,Void
train/pd/b2019276f67acf33_w09.png,b2019276f67acf33,9,Lab,Void
train/pd/b2019276f67acf33_w13.png,b2019276f67acf33,13,Lab,Void
train/pd/b2019276f67acf33_w26.png,b2019276f67acf33,26,Lab,Void
train/pd/b20b558563d857e0_w00.png,b20b558563d857e0,0,Lab,Void
train/pd/b20b558563d857e0_w06.png,b20b558563d857e0,6,Lab,Void
train/pd/b20b558563d857e0_w08.png,b20b558563d857e0,8,Lab,Void
train/pd/b20b558563d857e0_w09.png,b20b558563d857e0,9,Lab,Void
train/pd/b20b558563d857e0_w20.png,b20b558563d857e0,20,Lab,Void
train/pd/b20b558563d857e0_w22.png,b20b558563d857e0,22,Lab,Void
train/pd/b20b558563d857e0_w24.png,b20b558563d857e0,24,Lab,Void
train/pd/b20b558563d857e0_w27.png,b20b558563d857e0,27,Lab,Void
train/pd/b2306db668ffabab_w00.png,b2306db668ffabab,0,Lab,Floating
train/pd/b2306db668ffabab_w03.png,b2306db668ffabab,3,Lab,Floating
train/pd/b2306db668ffabab_w09.png,b2306db668ffabab,9,Lab,Floating
train/pd/b2306db668ffabab_w11.png,b2306db668ffabab,11,Lab,Floating
train/pd/b2306db668ffabab_w17.png,b2306db668ffabab,17,Lab,Floating
train/pd/b2306db668ffabab_w20.png,b2306db668ffabab,20,Lab,Floating
train/pd/b2306db668ffabab_w24.png,b2306db668ffabab,24,Lab,Floating
train/pd/b2306db668ffabab_w27.png,b2306db668ffabab,27,Lab,Floating
train/pd/b266aefd7df883ca_w00.png,b266aefd7df883ca,0,Lab,Void
train/pd/b266aefd7df883ca_w03.png,b266aefd7df883ca,3,Lab,Void
train/pd/b266aefd7df883ca_w04.png,b266aefd7df883ca,4,Lab,Void
train/pd/b266aefd7df883ca_w17.png,b266aefd7df883ca,17,Lab,Void
train/pd/b266aefd7df883ca_w18.png,b266aefd7df883ca,18,Lab,Void
train/pd/b266aefd7df883ca_w20.png,b266aefd7df883ca,20,Lab,Void
train/pd/b266aefd7df883ca_w24.png,b266aefd7df883ca,24,Lab,Void
train/pd/b266aefd7df883ca_w26.png,b266aefd7df883ca,26,Lab,Void
train/pd/b27535762ad2f100_w00.png,b27535762ad2f100,0,Lab,Floating
train/pd/b27535762ad2f100_w18.png,b27535762ad2f100,18,Lab,Floating
train/pd/b27535762ad2f100_w20.png,b27535762ad2f100,20,Lab,Floating
train/pd/b27535762ad2f100_w21.png,b27535762ad2f100,21,Lab,Floating
train/pd/b27535762ad2f100_w22.png,b27535762ad2f100,22,Lab,Floating
train/pd/b27535762ad2f100_w23.png,b27535762ad2f100,23,Lab,Floating
train/pd/b27535762ad2f100_w25.png,b27535762ad2f100,25,Lab,Floating
train/pd/b27535762ad2f100_w27.png,b27535762ad2f100,27,Lab,Floating
train/pd/b278842892f6b7d0_w02.png,b278842892f6b7d0,2,Lab,Void
train/pd/b278842892f6b7d0_w06.png,b278842892f6b7d0,6,Lab,Void
train/pd/b278842892f6b7d0_w08.png,b278842892f6b7d0,8,Lab,Void
train/pd/b278842892f6b7d0_w09.png,b278842892f6b7d0,9,Lab,Void
train/pd/b278842892f6b7d0_w12.png,b278842892f6b7d0,12,Lab,Void
train/pd/b278842892f6b7d0_w16.png,b278842892f6b7d0,16,Lab,Void
train/pd/b278842892f6b7d0_w18.png,b278842892f6b7d0,18,Lab,Void
train/pd/b278842892f6b7d0_w20.png,b278842892f6b7d0,20,Lab,Void
train/pd/b28bd7d1c0c436c2_w00.png,b28bd7d1c0c436c2,0,Lab,Void
train/pd/b28bd7d1c0c436c2_w06.png,b28bd7d1c0c436c2,6,Lab,Void
train/pd/b28bd7d1c0c436c2_w07.png,b28bd7d1c0c436c2,7,Lab,Void
train/pd/b28bd7d1c0c436c2_w11.png,b28bd7d1c0c436c2,11,Lab,Void
train/pd/b28bd7d1c0c436c2_w14.png,b28bd7d1c0c436c2,14,Lab,Void
train/pd/b28bd7d1c0c436c2_w20.png,b28bd7d1c0c436c2,20,Lab,Void
train/pd/b28bd7d1c0c436c2_w25.png,b28bd7d1c0c436c2,25,Lab,Void
train/pd/b28bd7d1c0c436c2_w26.png,b28bd7d1c0c436c2,26,Lab,Void
train/pd/b2a9ddde193c5771_w00.png,b2a9ddde193c5771,0,Lab,Void
train/pd/b2a9ddde193c5771_w04.png,b2a9ddde193c5771,4,Lab,Void
train/pd/b2a9ddde193c5771_w05.png,b2a9ddde193c5771,5,Lab,Void
train/pd/b2a9ddde193c5771_w06.png,b2a9ddde193c5771,6,Lab,Void
train/pd/b2a9ddde193c5771_w07.png,b2a9ddde193c5771,7,Lab,Void
train/pd/b2a9ddde193c5771_w08.png,b2a9ddde193c5771,8,Lab,Void
train/pd/b2a9ddde193c5771_w14.png,b2a9ddde193c5771,14,Lab,Void
train/pd/b2a9ddde193c5771_w20.png,b2a9ddde193c5771,20,Lab,Void
train/pd/b2e2c56325ffdec4_w04.png,b2e2c56325ffdec4,4,Lab,Particle
train/pd/b2e2c56325ffdec4_w05.png,b2e2c56325ffdec4,5,Lab,Particle
train/pd/b2e2c56325ffdec4_w07.png,b2e2c56325ffdec4,7,Lab,Particle
train/pd/b2e2c56325ffdec4_w08.png,b2e2c56325ffdec4,8,Lab,Particle
train/pd/b2e2c56325ffdec4_w10.png,b2e2c56325ffdec4,10,Lab,Particle
train/pd/b2e2c56325ffdec4_w12.png,b2e2c56325ffdec4,12,Lab,Particle
train/pd/b2e2c56325ffdec4_w21.png,b2e2c56325ffdec4,21,Lab,Particle
train/pd/b2e2c56325ffdec4_w23.png,b2e2c56325ffdec4,23,Lab,Particle
train/pd/b2ee2815b3dd2863_w03.png,b2ee2815b3dd2863,3,Lab,Particle
train/pd/b2ee2815b3dd2863_w04.png,b2ee2815b3dd2863,4,Lab,Particle
train/pd/b2ee2815b3dd2863_w06.png,b2ee2815b3dd2863,6,Lab,Particle
train/pd/b2ee2815b3dd2863_w09.png,b2ee2815b3dd2863,9,Lab,Particle
train/pd/b2ee2815b3dd2863_w14.png,b2ee2815b3dd2863,14,Lab,Particle
train/pd/b2ee2815b3dd2863_w19.png,b2ee2815b3dd2863,19,Lab,Particle
train/pd/b2ee2815b3dd2863_w25.png,b2ee2815b3dd2863,25,Lab,Particle
train/pd/b2ee2815b3dd2863_w26.png,b2ee2815b3dd2863,26,Lab,Particle
train/pd/b38edae1c74ebda3_w01.png,b38edae1c74ebda3,1,Lab,Void
train/pd/b38edae1c74ebda3_w02.png,b38edae1c74ebda3,2,Lab,Void
train/pd/b38edae1c74ebda3_w05.png,b38edae1c74ebda3,5,Lab,Void
train/pd/b38edae1c74ebda3_w16.png,b38edae1c74ebda3,16,Lab,Void
train/pd/b38edae1c74ebda3_w17.png,b38edae1c74ebda3,17,Lab,Void
train/pd/b38edae1c74ebda3_w18.png,b38edae1c74ebda3,18,Lab,Void
train/pd/b38edae1c74ebda3_w23.png,b38edae1c74ebda3,23,Lab,Void
train/pd/b38edae1c74ebda3_w25.png,b38edae1c74ebda3,25,Lab,Void
train/pd/b429134940c18933_w00.png,b429134940c18933,0,Lab,Particle
train/pd/b429134940c18933_w06.png,b429134940c18933,6,Lab,Particle
train/pd/b429134940c18933_w07.png,b429134940c18933,7,Lab,Particle
train/pd/b429134940c18933_w08.png,b429134940c18933,8,Lab,Particle
train/pd/b429134940c18933_w14.png,b429134940c18933,14,Lab,Particle
train/pd/b429134940c18933_w23.png,b429134940c18933,23,Lab,Particle
train/pd/b429134940c18933_w24.png,b429134940c18933,24,Lab,Particle
train/pd/b429134940c18933_w25.png,b429134940c18933,25,Lab,Particle
train/pd/b42b51037c7a8dfa_w01.png,b42b51037c7a8dfa,1,Lab,Void
train/pd/b42b51037c7a8dfa_w02.png,b42b51037c7a8dfa,2,Lab,Void
train/pd/b42b51037c7a8dfa_w03.png,b42b51037c7a8dfa,3,Lab,Void
train/pd/b42b51037c7a8dfa_w11.png,b42b51037c7a8dfa,11,Lab,Void
train/pd/b42b51037c7a8dfa_w13.png,b42b51037c7a8dfa,13,Lab,Void
train/pd/b42b51037c7a8dfa_w14.png,b42b51037c7a8dfa,14,Lab,Void
train/pd/b42b51037c7a8dfa_w20.png,b42b51037c7a8dfa,20,Lab,Void
train/pd/b42b51037c7a8dfa_w25.png,b42b51037c7a8dfa,25,Lab,Void
train/pd/b43e14a725107614_w01.png,b43e14a725107614,1,Lab,Void
train/pd/b43e14a725107614_w03.png,b43e14a725107614,3,Lab,Void
train/pd/b43e14a725107614_w05.png,b43e14a725107614,5,Lab,Void
train/pd/b43e14a725107614_w10.png,b43e14a725107614,10,Lab,Void
train/pd/b43e14a725107614_w13.png,b43e14a725107614,13,Lab,Void
train/pd/b43e14a725107614_w14.png,b43e14a725107614,14,Lab,Void
train/pd/b43e14a725107614_w21.png,b43e14a725107614,21,Lab,Void
train/pd/b43e14a725107614_w22.png,b43e14a725107614,22,Lab,Void
train/pd/b4a1127937a75ed9_w02.png,b4a1127937a75ed9,2,Lab,Particle
train/pd/b4a1127937a75ed9_w06.png,b4a1127937a75ed9,6,Lab,Particle
train/pd/b4a1127937a75ed9_w08.png,b4a1127937a75ed9,8,Lab,Particle
train/pd/b4a1127937a75ed9_w15.png,b4a1127937a75ed9,15,Lab,Particle
train/pd/b4a1127937a75ed9_w17.png,b4a1127937a75ed9,17,Lab,Particle
train/pd/b4a1127937a75ed9_w19.png,b4a1127937a75ed9,19,Lab,Particle
train/pd/b4a1127937a75ed9_w22.png,b4a1127937a75ed9,22,Lab,Particle
train/pd/b4a1127937a75ed9_w25.png,b4a1127937a75ed9,25,Lab,Particle
train/pd/b4d6998fe655c6a6_w06.png,b4d6998fe655c6a6,6,Lab,Corona
train/pd/b4d6998fe655c6a6_w07.png,b4d6998fe655c6a6,7,Lab,Corona
train/pd/b4d6998fe655c6a6_w12.png,b4d6998fe655c6a6,12,Lab,Corona
train/pd/b4d6998fe655c6a6_w16.png,b4d6998fe655c6a6,16,Lab,Corona
train/pd/b4d6998fe655c6a6_w18.png,b4d6998fe655c6a6,18,Lab,Corona
train/pd/b4d6998fe655c6a6_w19.png,b4d6998fe655c6a6,19,Lab,Corona
train/pd/b4d6998fe655c6a6_w22.png,b4d6998fe655c6a6,22,Lab,Corona
train/pd/b4d6998fe655c6a6_w25.png,b4d6998fe655c6a6,25,Lab,Corona
train/pd/b523f3e72106d2b5_w04.png,b523f3e72106d2b5,4,Lab,Floating
train/pd/b523f3e72106d2b5_w08.png,b523f3e72106d2b5,8,Lab,Floating
train/pd/b523f3e72106d2b5_w09.png,b523f3e72106d2b5,9,Lab,Floating
train/pd/b523f3e72106d2b5_w20.png,b523f3e72106d2b5,20,Lab,Floating
train/pd/b523f3e72106d2b5_w21.png,b523f3e72106d2b5,21,Lab,Floating
train/pd/b523f3e72106d2b5_w24.png,b523f3e72106d2b5,24,Lab,Floating
train/pd/b523f3e72106d2b5_w25.png,b523f3e72106d2b5,25,Lab,Floating
train/pd/b523f3e72106d2b5_w27.png,b523f3e72106d2b5,27,Lab,Floating
train/pd/b535234284762836_w02.png,b535234284762836,2,Lab,Floating
train/pd/b535234284762836_w07.png,b535234284762836,7,Lab,Floating
train/pd/b535234284762836_w11.png,b535234284762836,11,Lab,Floating
train/pd/b535234284762836_w13.png,b535234284762836,13,Lab,Floating
train/pd/b535234284762836_w14.png,b535234284762836,14,Lab,Floating
train/pd/b535234284762836_w15.png,b535234284762836,15,Lab,Floating
train/pd/b535234284762836_w19.png,b535234284762836,19,Lab,Floating
train/pd/b535234284762836_w23.png,b535234284762836,23,Lab,Floating
train/pd/b559ac7bc6d5635f_w00.png,b559ac7bc6d5635f,0,Lab,Floating
train/pd/b559ac7bc6d5635f_w01.png,b559ac7bc6d5635f,1,Lab,Floating
train/pd/b559ac7bc6d5635f_w09.png,b559ac7bc6d5635f,9,Lab,Floating
train/pd/b559ac7bc6d5635f_w10.png,b559ac7bc6d5635f,10,Lab,Floating
train/pd/b559ac7bc6d5635f_w13.png,b559ac7bc6d5635f,13,Lab,Floating
train/pd/b559ac7bc6d5635f_w17.png,b559ac7bc6d5635f,17,Lab,Floating
train/pd/b559ac7bc6d5635f_w24.png,b559ac7bc6d5635f,24,Lab,Floating
train/pd/b559ac7bc6d5635f_w26.png,b559ac7bc6d5635f,26,Lab,Floating
train/pd/b55ae927bb743900_w00.png,b55ae927bb743900,0,Lab,Floating
train/pd/b55ae927bb743900_w01.png,b55ae927bb743900,1,Lab,Floating
train/pd/b55ae927bb743900_w04.png,b55ae927bb743900,4,Lab,Floating
train/pd/b55ae927bb743900_w07.png,b55ae927bb743900,7,Lab,Floating
train/pd/b55ae927bb743900_w11.png,b55ae927bb743900,11,Lab,Floating
train/pd/b55ae927bb743900_w13.png,b55ae927bb743900,13,Lab,Floating
train/pd/b55ae927bb743900_w15.png,b55ae927bb743900,15,Lab,Floating
train/pd/b55ae927bb743900_w23.png,b55ae927bb743900,23,Lab,Floating
train/pd/b564ffb870ec67c7_w00.png,b564ffb870ec67c7,0,Lab,Void
train/pd/b564ffb870ec67c7_w07.png,b564ffb870ec67c7,7,Lab,Void
train/pd/b564ffb870ec67c7_w09.png,b564ffb870ec67c7,9,Lab,Void
train/pd/b564ffb870ec67c7_w12.png,b564ffb870ec67c7,12,Lab,Void
train/pd/b564ffb870ec67c7_w19.png,b564ffb870ec67c7,19,Lab,Void
train/pd/b564ffb870ec67c7_w21.png,b564ffb870ec67c7,21,Lab,Void
train/pd/b564ffb870ec67c7_w22.png,b564ffb870ec67c7,22,Lab,Void
train/pd/b564ffb870ec67c7_w26.png,b564ffb870ec67c7,26,Lab,Void
train/pd/b5f7234184dc7462_w04.png,b5f7234184dc7462,4,Lab,Void
train/pd/b5f7234184dc7462_w05.png,b5f7234184dc7462,5,Lab,Void
train/pd/b5f7234184dc7462_w07.png,b5f7234184dc7462,7,Lab,Void
train/pd/b5f7234184dc7462_w08.png,b5f7234184dc7462,8,Lab,Void
train/pd/b5f7234184dc7462_w15.png,b5f7234184dc7462,15,Lab,Void
train/pd/b5f7234184dc7462_w16.png,b5f7234184dc7462,16,Lab,Void
train/pd/b5f7234184dc7462_w17.png,b5f7234184dc7462,17,Lab,Void
train/pd/b5f7234184dc7462_w21.png,b5f7234184dc7462,21,Lab,Void
train/pd/b5f943034e73376a_w00.png,b5f943034e73376a,0,Field,Corona
train/pd/b5f943034e73376a_w03.png,b5f943034e73376a,3,Field,Corona
train/pd/b5f943034e73376a_w06.png,b5f943034e73376a,6,Field,Corona
train/pd/b5f943034e73376a_w10.png,b5f943034e73376a,10,Field,Corona
train/pd/b5f943034e73376a_w14.png,b5f943034e73376a,14,Field,Corona
train/pd/b5f943034e73376a_w15.png,b5f943034e73376a,15,Field,Corona
train/pd/b5f943034e73376a_w16.png,b5f943034e73376a,16,Field,Corona
train/pd/b5f943034e73376a_w26.png,b5f943034e73376a,26,Field,Corona
train/pd/b674efbfbefedce3_w00.png,b674efbfbefedce3,0,Lab,Corona
train/pd/b674efbfbefedce3_w05.png,b674efbfbefedce3,5,Lab,Corona
train/pd/b674efbfbefedce3_w17.png,b674efbfbefedce3,17,Lab,Corona
train/pd/b674efbfbefedce3_w19.png,b674efbfbefedce3,19,Lab,Corona
train/pd/b674efbfbefedce3_w20.png,b674efbfbefedce3,20,Lab,Corona
train/pd/b674efbfbefedce3_w22.png,b674efbfbefedce3,22,Lab,Corona
train/pd/b674efbfbefedce3_w23.png,b674efbfbefedce3,23,Lab,Corona
train/pd/b674efbfbefedce3_w27.png,b674efbfbefedce3,27,Lab,Corona
train/pd/b6bafb51ec289087_w00.png,b6bafb51ec289087,0,Field,Corona
train/pd/b6bafb51ec289087_w03.png,b6bafb51ec289087,3,Field,Corona
train/pd/b6bafb51ec289087_w04.png,b6bafb51ec289087,4,Field,Corona
train/pd/b6bafb51ec289087_w09.png,b6bafb51ec289087,9,Field,Corona
train/pd/b6bafb51ec289087_w12.png,b6bafb51ec289087,12,Field,Corona
train/pd/b6bafb51ec289087_w18.png,b6bafb51ec289087,18,Field,Corona
train/pd/b6bafb51ec289087_w23.png,b6bafb51ec289087,23,Field,Corona
train/pd/b6bafb51ec289087_w25.png,b6bafb51ec289087,25,Field,Corona
train/pd/b6c5d2bdcccd2c8b_w00.png,b6c5d2bdcccd2c8b,0,Lab,Corona
train/pd/b6c5d2bdcccd2c8b_w10.png,b6c5d2bdcccd2c8b,10,Lab,Corona
train/pd/b6c5d2bdcccd2c8b_w11.png,b6c5d2bdcccd2c8b,11,Lab,Corona
train/pd/b6c5d2bdcccd2c8b_w13.png,b6c5d2bdcccd2c8b,13,Lab,Corona
train/pd/b6c5d2bdcccd2c8b_w19.png,b6c5d2bdcccd2c8b,19,Lab,Corona
train/pd/b6c5d2bdcccd2c8b_w21.png,b6c5d2bdcccd2c8b,21,Lab,Corona
train/pd/b6c5d2bdcccd2c8b_w22.png,b6c5d2bdcccd2c8b,22,Lab,Corona
train/pd/b6c5d2bdcccd2c8b_w24.png,b6c5d2bdcccd2c8b,24,Lab,Corona
train/pd/b6e4084f405d9798_w03.png,b6e4084f405d9798,3,Field,Corona
train/pd/b6e4084f405d9798_w05.png,b6e4084f405d9798,5,Field,Corona
train/pd/b6e4084f405d9798_w06.png,b6e4084f405d9798,6,Field,Corona
train/pd/b6e4084f405d9798_w07.png,b6e4084f405d9798,7,Field,Corona
train/pd/b6e4084f405d9798_w09.png,b6e4084f405d9798,9,Field,Corona
train/pd/b6e4084f405d9798_w13.png,b6e4084f405d9798,13,Field,Corona
train/pd/b6e4084f405d9798_w14.png,b6e4084f405d9798,14,Field,Corona
train/pd/b6e4084f405d9798_w20.png,b6e4084f405d9798,20,Field,Corona
train/pd/b6f5511f908c1ae7_w00.png,b6f5511f908c1ae7,0,Lab,Void
train/pd/b6f5511f908c1ae7_w04.png,b6f5511f908c1ae7,4,Lab,Void
train/pd/b6f5511f908c1ae7_w16.png,b6f5511f908c1ae7,16,Lab,Void
train/pd/b6f5511f908c1ae7_w17.png,b6f5511f908c1ae7,17,Lab,Void
train/pd/b6f5511f908c1ae7_w18.png,b6f5511f908c1ae7,18,Lab,Void
train/pd/b6f5511f908c1ae7_w22.png,b6f5511f908c1ae7,22,Lab,Void
train/pd/b6f5511f908c1ae7_w23.png,b6f5511f908c1ae7,23,Lab,Void
train/pd/b6f5511f908c1ae7_w27.png,b6f5511f908c1ae7,27,Lab,Void
train/pd/b70730a8909f68f7_w03.png,b70730a8909f68f7,3,Lab,Particle
train/pd/b70730a8909f68f7_w06.png,b70730a8909f68f7,6,Lab,Particle
train/pd/b70730a8909f68f7_w10.png,b70730a8909f68f7,10,Lab,Particle
train/pd/b70730a8909f68f7_w11.png,b70730a8909f68f7,11,Lab,Particle
train/pd/b70730a8909f68f7_w13.png,b70730a8909f68f7,13,Lab,Particle
train/pd/b70730a8909f68f7_w17.png,b70730a8909f68f7,17,Lab,Particle
train/pd/b70730a8909f68f7_w19.png,b70730a8909f68f7,19,Lab,Particle
train/pd/b70730a8909f68f7_w24.png,b70730a8909f68f7,24,Lab,Particle
train/pd/b71222d1ec677516_w05.png,b71222d1ec677516,5,Field,Floating
train/pd/b71222d1ec677516_w11.png,b71222d1ec677516,11,Field,Floating
train/pd/b71222d1ec677516_w13.png,b71222d1ec677516,13,Field,Floating
train/pd/b71222d1ec677516_w15.png,b71222d1ec677516,15,Field,Floating
train/pd/b71222d1ec677516_w20.png,b71222d1ec677516,20,Field,Floating
train/pd/b71222d1ec677516_w21.png,b71222d1ec677516,21,Field,Floating
train/pd/b71222d1ec677516_w22.png,b71222d1ec677516,22,Field,Floating
train/pd/b71222d1ec677516_w27.png,b71222d1ec677516,27,Field,Floating
train/pd/b7158b94d1410bd6_w00.png,b7158b94d1410bd6,0,Lab,Corona
train/pd/b7158b94d1410bd6_w01.png,b7158b94d1410bd6,1,Lab,Corona
train/pd/b7158b94d1410bd6_w05.png,b7158b94d1410bd6,5,Lab,Corona
train/pd/b7158b94d1410bd6_w08.png,b7158b94d1410bd6,8,Lab,Corona
train/pd/b7158b94d1410bd6_w10.png,b7158b94d1410bd6,10,Lab,Corona
train/pd/b7158b94d1410bd6_w11.png,b7158b94d1410bd6,11,Lab,Corona
train/pd/b7158b94d1410bd6_w14.png,b7158b94d1410bd6,14,Lab,Corona
train/pd/b7158b94d1410bd6_w21.png,b7158b94d1410bd6,21,Lab,Corona
train/pd/b742d3b3cc37a3c9_w05.png,b742d3b3cc37a3c9,5,Field,Void
train/pd/b742d3b3cc37a3c9_w06.png,b742d3b3cc37a3c9,6,Field,Void
train/pd/b742d3b3cc37a3c9_w08.png,b742d3b3cc37a3c9,8,Field,Void
train/pd/b742d3b3cc37a3c9_w09.png,b742d3b3cc37a3c9,9,Field,Void
train/pd/b742d3b3cc37a3c9_w13.png,b742d3b3cc37a3c9,13,Field,Void
train/pd/b742d3b3cc37a3c9_w15.png,b742d3b3cc37a3c9,15,Field,Void
train/pd/b742d3b3cc37a3c9_w20.png,b742d3b3cc37a3c9,20,Field,Void
train/pd/b742d3b3cc37a3c9_w27.png,b742d3b3cc37a3c9,27,Field,Void
train/pd/b74fae713e814876_w04.png,b74fae713e814876,4,Lab,Void
train/pd/b74fae713e814876_w06.png,b74fae713e814876,6,Lab,Void
train/pd/b74fae713e814876_w07.png,b74fae713e814876,7,Lab,Void
train/pd/b74fae713e814876_w12.png,b74fae713e814876,12,Lab,Void
train/pd/b74fae713e814876_w13.png,b74fae713e814876,13,Lab,Void
train/pd/b74fae713e814876_w14.png,b74fae713e814876,14,Lab,Void
train/pd/b74fae713e814876_w19.png,b74fae713e814876,19,Lab,Void
train/pd/b74fae713e814876_w20.png,b74fae713e814876,20,Lab,Void
train/pd/b751695d4096dadb_w04.png,b751695d4096dadb,4,Lab,Corona
train/pd/b751695d4096dadb_w06.png,b751695d4096dadb,6,Lab,Corona
train/pd/b751695d4096dadb_w07.png,b751695d4096dadb,7,Lab,Corona
train/pd/b751695d4096dadb_w08.png,b751695d4096dadb,8,Lab,Corona
train/pd/b751695d4096dadb_w10.png,b751695d4096dadb,10,Lab,Corona
train/pd/b751695d4096dadb_w11.png,b751695d4096dadb,11,Lab,Corona
train/pd/b751695d4096dadb_w14.png,b751695d4096dadb,14,Lab,Corona
train/pd/b751695d4096dadb_w17.png,b751695d4096dadb,17,Lab,Corona
train/pd/b76f3dcf6aee47a3_w04.png,b76f3dcf6aee47a3,4,Field,Void
train/pd/b76f3dcf6aee47a3_w06.png,b76f3dcf6aee47a3,6,Field,Void
train/pd/b76f3dcf6aee47a3_w07.png,b76f3dcf6aee47a3,7,Field,Void
train/pd/b76f3dcf6aee47a3_w12.png,b76f3dcf6aee47a3,12,Field,Void
train/pd/b76f3dcf6aee47a3_w15.png,b76f3dcf6aee47a3,15,Field,Void
train/pd/b76f3dcf6aee47a3_w18.png,b76f3dcf6aee47a3,18,Field,Void
train/pd/b76f3dcf6aee47a3_w20.png,b76f3dcf6aee47a3,20,Field,Void
train/pd/b76f3dcf6aee47a3_w25.png,b76f3dcf6aee47a3,25,Field,Void
train/pd/b79512565d5a53e1_w03.png,b79512565d5a53e1,3,Lab,Floating
train/pd/b79512565d5a53e1_w09.png,b79512565d5a53e1,9,Lab,Floating
train/pd/b79512565d5a53e1_w10.png,b79512565d5a53e1,10,Lab,Floating
train/pd/b79512565d5a53e1_w13.png,b79512565d5a53e1,13,Lab,Floating
train/pd/b79512565d5a53e1_w17.png,b79512565d5a53e1,17,Lab,Floating
train/pd/b79512565d5a53e1_w23.png,b79512565d5a53e1,23,Lab,Floating
train/pd/b79512565d5a53e1_w24.png,b79512565d5a53e1,24,Lab,Floating
train/pd/b79512565d5a53e1_w27.png,b79512565d5a53e1,27,Lab,Floating
train/pd/b80f118ac009cc13_w04.png,b80f118ac009cc13,4,Lab,Floating
train/pd/b80f118ac009cc13_w05.png,b80f118ac009cc13,5,Lab,Floating
train/pd/b80f118ac009cc13_w15.png,b80f118ac009cc13,15,Lab,Floating
train/pd/b80f118ac009cc13_w16.png,b80f118ac009cc13,16,Lab,Floating
train/pd/b80f118ac009cc13_w20.png,b80f118ac009cc13,20,Lab,Floating
train/pd/b80f118ac009cc13_w22.png,b80f118ac009cc13,22,Lab,Floating
train/pd/b80f118ac009cc13_w23.png,b80f118ac009cc13,23,Lab,Floating
train/pd/b80f118ac009cc13_w25.png,b80f118ac009cc13,25,Lab,Floating
train/pd/b81098b894950363_w00.png,b81098b894950363,0,Lab,Void
train/pd/b81098b894950363_w01.png,b81098b894950363,1,Lab,Void
train/pd/b81098b894950363_w07.png,b81098b894950363,7,Lab,Void
train/pd/b81098b894950363_w09.png,b81098b894950363,9,Lab,Void
train/pd/b81098b894950363_w17.png,b81098b894950363,17,Lab,Void
train/pd/b81098b894950363_w20.png,b81098b894950363,20,Lab,Void
train/pd/b81098b894950363_w21.png,b81098b894950363,21,Lab,Void
train/pd/b81098b894950363_w26.png,b81098b894950363,26,Lab,Void
train/pd/b8124ff9f25e5431_w03.png,b8124ff9f25e5431,3,Lab,Particle
train/pd/b8124ff9f25e5431_w08.png,b8124ff9f25e5431,8,Lab,Particle
train/pd/b8124ff9f25e5431_w12.png,b8124ff9f25e5431,12,Lab,Particle
train/pd/b8124ff9f25e5431_w17.png,b8124ff9f25e5431,17,Lab,Particle
train/pd/b8124ff9f25e5431_w19.png,b8124ff9f25e5431,19,Lab,Particle
train/pd/b8124ff9f25e5431_w21.png,b8124ff9f25e5431,21,Lab,Particle
train/pd/b8124ff9f25e5431_w23.png,b8124ff9f25e5431,23,Lab,Particle
train/pd/b8124ff9f25e5431_w25.png,b8124ff9f25e5431,25,Lab,Particle
train/pd/b84ab7f77a3c7bb6_w02.png,b84ab7f77a3c7bb6,2,Lab,Particle
train/pd/b84ab7f77a3c7bb6_w10.png,b84ab7f77a3c7bb6,10,Lab,Particle
train/pd/b84ab7f77a3c7bb6_w11.png,b84ab7f77a3c7bb6,11,Lab,Particle
train/pd/b84ab7f77a3c7bb6_w15.png,b84ab7f77a3c7bb6,15,Lab,Particle
train/pd/b84ab7f77a3c7bb6_w18.png,b84ab7f77a3c7bb6,18,Lab,Particle
train/pd/b84ab7f77a3c7bb6_w21.png,b84ab7f77a3c7bb6,21,Lab,Particle
train/pd/b84ab7f77a3c7bb6_w22.png,b84ab7f77a3c7bb6,22,Lab,Particle
train/pd/b84ab7f77a3c7bb6_w26.png,b84ab7f77a3c7bb6,26,Lab,Particle
train/pd/b861eb9336941e8f_w01.png,b861eb9336941e8f,1,Field,Void
train/pd/b861eb9336941e8f_w02.png,b861eb9336941e8f,2,Field,Void
train/pd/b861eb9336941e8f_w03.png,b861eb9336941e8f,3,Field,Void
train/pd/b861eb9336941e8f_w15.png,b861eb9336941e8f,15,Field,Void
train/pd/b861eb9336941e8f_w17.png,b861eb9336941e8f,17,Field,Void
train/pd/b861eb9336941e8f_w20.png,b861eb9336941e8f,20,Field,Void
train/pd/b861eb9336941e8f_w21.png,b861eb9336941e8f,21,Field,Void
train/pd/b861eb9336941e8f_w27.png,b861eb9336941e8f,27,Field,Void
train/pd/b87363bceaecad4f_w04.png,b87363bceaecad4f,4,Field,Void
train/pd/b87363bceaecad4f_w12.png,b87363bceaecad4f,12,Field,Void
train/pd/b87363bceaecad4f_w13.png,b87363bceaecad4f,13,Field,Void
train/pd/b87363bceaecad4f_w14.png,b87363bceaecad4f,14,Field,Void
train/pd/b87363bceaecad4f_w16.png,b87363bceaecad4f,16,Field,Void
train/pd/b87363bceaecad4f_w22.png,b87363bceaecad4f,22,Field,Void
train/pd/b87363bceaecad4f_w23.png,b87363bceaecad4f,23,Field,Void
train/pd/b87363bceaecad4f_w25.png,b87363bceaecad4f,25,Field,Void
train/pd/b8bc917d278962ab_w00.png,b8bc917d278962ab,0,Lab,Void
train/pd/b8bc917d278962ab_w03.png,b8bc917d278962ab,3,Lab,Void
train/pd/b8bc917d278962ab_w05.png,b8bc917d278962ab,5,Lab,Void
train/pd/b8bc917d278962ab_w06.png,b8bc917d278962ab,6,Lab,Void
train/pd/b8bc917d278962ab_w10.png,b8bc917d278962ab,10,Lab,Void
train/pd/b8bc917d278962ab_w13.png,b8bc917d278962ab,13,Lab,Void
train/pd/b8bc917d278962ab_w22.png,b8bc917d278962ab,22,Lab,Void
train/pd/b8bc917d278962ab_w24.png,b8bc917d278962ab,24,Lab,Void
train/pd/b8c869c859041718_w03.png,b8c869c859041718,3,Field,Floating
train/pd/b8c869c859041718_w06.png,b8c869c859041718,6,Field,Floating
train/pd/b8c869c859041718_w07.png,b8c869c859041718,7,Field,Floating
train/pd/b8c869c859041718_w22.png,b8c869c859041718,22,Field,Floating
train/pd/b8c869c859041718_w23.png,b8c869c859041718,23,Field,Floating
train/pd/b8c869c859041718_w24.png,b8c869c859041718,24,Field,Floating
train/pd/b8c869c859041718_w25.png,b8c869c859041718,25,Field,Floating
train/pd/b8c869c859041718_w27.png,b8c869c859041718,27,Field,Floating
train/pd/b910d45c1a427647_w00.png,b910d45c1a427647,0,Lab,Void
train/pd/b910d45c1a427647_w02.png,b910d45c1a427647,2,Lab,Void
train/pd/b910d45c1a427647_w12.png,b910d45c1a427647,12,Lab,Void
train/pd/b910d45c1a427647_w14.png,b910d45c1a427647,14,Lab,Void
train/pd/b910d45c1a427647_w19.png,b910d45c1a427647,19,Lab,Void
train/pd/b910d45c1a427647_w22.png,b910d45c1a427647,22,Lab,Void
train/pd/b910d45c1a427647_w23.png,b910d45c1a427647,23,Lab,Void
train/pd/b910d45c1a427647_w25.png,b910d45c1a427647,25,Lab,Void
train/pd/b92cb5c880820ef8_w01.png,b92cb5c880820ef8,1,Lab,Corona
train/pd/b92cb5c880820ef8_w06.png,b92cb5c880820ef8,6,Lab,Corona
train/pd/b92cb5c880820ef8_w09.png,b92cb5c880820ef8,9,Lab,Corona
train/pd/b92cb5c880820ef8_w11.png,b92cb5c880820ef8,11,Lab,Corona
train/pd/b92cb5c880820ef8_w12.png,b92cb5c880820ef8,12,Lab,Corona
train/pd/b92cb5c880820ef8_w20.png,b92cb5c880820ef8,20,Lab,Corona
train/pd/b92cb5c880820ef8_w21.png,b92cb5c880820ef8,21,Lab,Corona
train/pd/b92cb5c880820ef8_w22.png,b92cb5c880820ef8,22,Lab,Corona
train/pd/b96361c638eb058f_w03.png,b96361c638eb058f,3,Lab,Particle
train/pd/b96361c638eb058f_w06.png,b96361c638eb058f,6,Lab,Particle
train/pd/b96361c638eb058f_w11.png,b96361c638eb058f,11,Lab,Particle
train/pd/b96361c638eb058f_w13.png,b96361c638eb058f,13,Lab,Particle
train/pd/b96361c638eb058f_w14.png,b96361c638eb058f,14,Lab,Particle
train/pd/b96361c638eb058f_w20.png,b96361c638eb058f,20,Lab,Particle
train/pd/b96361c638eb058f_w21.png,b96361c638eb058f,21,Lab,Particle
train/pd/b96361c638eb058f_w22.png,b96361c638eb058f,22,Lab,Particle
train/pd/b97d7933e64d7d62_w03.png,b97d7933e64d7d62,3,Lab,Void
train/pd/b97d7933e64d7d62_w06.png,b97d7933e64d7d62,6,Lab,Void
train/pd/b97d7933e64d7d62_w09.png,b97d7933e64d7d62,9,Lab,Void
train/pd/b97d7933e64d7d62_w12.png,b97d7933e64d7d62,12,Lab,Void
train/pd/b97d7933e64d7d62_w14.png,b97d7933e64d7d62,14,Lab,Void
train/pd/b97d7933e64d7d62_w23.png,b97d7933e64d7d62,23,Lab,Void
train/pd/b97d7933e64d7d62_w24.png,b97d7933e64d7d62,24,Lab,Void
train/pd/b97d7933e64d7d62_w26.png,b97d7933e64d7d62,26,Lab,Void
train/pd/b9a72841b377255c_w00.png,b9a72841b377255c,0,Lab,Particle
train/pd/b9a72841b377255c_w01.png,b9a72841b377255c,1,Lab,Particle
train/pd/b9a72841b377255c_w04.png,b9a72841b377255c,4,Lab,Particle
train/pd/b9a72841b377255c_w07.png,b9a72841b377255c,7,Lab,Particle
train/pd/b9a72841b377255c_w08.png,b9a72841b377255c,8,Lab,Particle
train/pd/b9a72841b377255c_w14.png,b9a72841b377255c,14,Lab,Particle
train/pd/b9a72841b377255c_w16.png,b9a72841b377255c,16,Lab,Particle
train/pd/b9a72841b377255c_w25.png,b9a72841b377255c,25,Lab,Particle
train/pd/b9b50644f714b1f4_w01.png,b9b50644f714b1f4,1,Lab,Floating
train/pd/b9b50644f714b1f4_w09.png,b9b50644f714b1f4,9,Lab,Floating
train/pd/b9b50644f714b1f4_w12.png,b9b50644f714b1f4,12,Lab,Floating
train/pd/b9b50644f714b1f4_w14.png,b9b50644f714b1f4,14,Lab,Floating
train/pd/b9b50644f714b1f4_w15.png,b9b50644f714b1f4,15,Lab,Floating
train/pd/b9b50644f714b1f4_w16.png,b9b50644f714b1f4,16,Lab,Floating
train/pd/b9b50644f714b1f4_w19.png,b9b50644f714b1f4,19,Lab,Floating
train/pd/b9b50644f714b1f4_w25.png,b9b50644f714b1f4,25,Lab,Floating
train/pd/b9d9cb3cb1af3ff6_w00.png,b9d9cb3cb1af3ff6,0,Lab,Corona
train/pd/b9d9cb3cb1af3ff6_w02.png,b9d9cb3cb1af3ff6,2,Lab,Corona
train/pd/b9d9cb3cb1af3ff6_w07.png,b9d9cb3cb1af3ff6,7,Lab,Corona
train/pd/b9d9cb3cb1af3ff6_w09.png,b9d9cb3cb1af3ff6,9,Lab,Corona
train/pd/b9d9cb3cb1af3ff6_w10.png,b9d9cb3cb1af3ff6,10,Lab,Corona
train/pd/b9d9cb3cb1af3ff6_w13.png,b9d9cb3cb1af3ff6,13,Lab,Corona
train/pd/b9d9cb3cb1af3ff6_w15.png,b9d9cb3cb1af3ff6,15,Lab,Corona
train/pd/b9d9cb3cb1af3ff6_w20.png,b9d9cb3cb1af3ff6,20,Lab,Corona
train/pd/b9f2c75b3a94f633_w01.png,b9f2c75b3a94f633,1,Lab,Corona
train/pd/b9f2c75b3a94f633_w02.png,b9f2c75b3a94f633,2,Lab,Corona
train/pd/b9f2c75b3a94f633_w05.png,b9f2c75b3a94f633,5,Lab,Corona
train/pd/b9f2c75b3a94f633_w06.png,b9f2c75b3a94f633,6,Lab,Corona
train/pd/b9f2c75b3a94f633_w10.png,b9f2c75b3a94f633,10,Lab,Corona
train/pd/b9f2c75b3a94f633_w14.png,b9f2c75b3a94f633,14,Lab,Corona
train/pd/b9f2c75b3a94f633_w19.png,b9f2c75b3a94f633,19,Lab,Corona
train/pd/b9f2c75b3a94f633_w23.png,b9f2c75b3a94f633,23,Lab,Corona
train/pd/ba61ab3ebf0cbe8d_w00.png,ba61ab3ebf0cbe8d,0,Lab,Floating
train/pd/ba61ab3ebf0cbe8d_w04.png,ba61ab3ebf0cbe8d,4,Lab,Floating
train/pd/ba61ab3ebf0cbe8d_w07.png,ba61ab3ebf0cbe8d,7,Lab,Floating
train/pd/ba61ab3ebf0cbe8d_w13.png,ba61ab3ebf0cbe8d,13,Lab,Floating
train/pd/ba61ab3ebf0cbe8d_w18.png,ba61ab3ebf0cbe8d,18,Lab,Floating
train/pd/ba61ab3ebf0cbe8d_w21.png,ba61ab3ebf0cbe8d,21,Lab,Floating
train/pd/ba61ab3ebf0cbe8d_w23.png,ba61ab3ebf0cbe8d,23,Lab,Floating
train/pd/ba61ab3ebf0cbe8d_w24.png,ba61ab3ebf0cbe8d,24,Lab,Floating
train/pd/ba872e4a8bbcac36_w05.png,ba872e4a8bbcac36,5,Lab,Corona
train/pd/ba872e4a8bbcac36_w06.png,ba872e4a8bbcac36,6,Lab,Corona
train/pd/ba872e4a8bbcac36_w12.png,ba872e4a8bbcac36,12,Lab,Corona
train/pd/ba872e4a8bbcac36_w13.png,ba872e4a8bbcac36,13,Lab,Corona
train/pd/ba872e4a8bbcac36_w14.png,ba872e4a8bbcac36,14,Lab,Corona
train/pd/ba872e4a8bbcac36_w19.png,ba872e4a8bbcac36,19,Lab,Corona
train/pd/ba872e4a8bbcac36_w22.png,ba872e4a8bbcac36,22,Lab,Corona
train/pd/ba872e4a8bbcac36_w27.png,ba872e4a8bbcac36,27,Lab,Corona
train/pd/babde03c13fab300_w03.png,babde03c13fab300,3,Lab,Corona
train/pd/babde03c13fab300_w04.png,babde03c13fab300,4,Lab,Corona
train/pd/babde03c13fab300_w05.png,babde03c13fab300,5,Lab,Corona
train/pd/babde03c13fab300_w10.png,babde03c13fab300,10,Lab,Corona
train/pd/babde03c13fab300_w11.png,babde03c13fab300,11,Lab,Corona
train/pd/babde03c13fab300_w17.png,babde03c13fab300,17,Lab,Corona
train/pd/babde03c13fab300_w25.png,babde03c13fab300,25,Lab,Corona
train/pd/babde03c13fab300_w26.png,babde03c13fab300,26,Lab,Corona
train/pd/bb11f1ac118e83f9_w04.png,bb11f1ac118e83f9,4,Field,Floating
train/pd/bb11f1ac118e83f9_w06.png,bb11f1ac118e83f9,6,Field,Floating
train/pd/bb11f1ac118e83f9_w09.png,bb11f1ac118e83f9,9,Field,Floating
train/pd/bb11f1ac118e83f9_w11.png,bb11f1ac118e83f9,11,Field,Floating
train/pd/bb11f1ac118e83f9_w12.png,bb11f1ac118e83f9,12,Field,Floating
train/pd/bb11f1ac118e83f9_w16.png,bb11f1ac118e83f9,16,Field,Floating
train/pd/bb11f1ac118e83f9_w22.png,bb11f1ac118e83f9,22,Field,Floating
train/pd/bb11f1ac118e83f9_w25.png,bb11f1ac118e83f9,25,Field,Floating
train/pd/bb641e34b6eb2097_w00.png,bb641e34b6eb2097,0,Lab,Void
train/pd/bb641e34b6eb2097_w01.png,bb641e34b6eb2097,1,Lab,Void
train/pd/bb641e34b6eb2097_w03.png,bb641e34b6eb2097,3,Lab,Void
train/pd/bb641e34b6eb2097_w09.png,bb641e34b6eb2097,9,Lab,Void
train/pd/bb641e34b6eb2097_w16.png,bb641e34b6eb2097,16,Lab,Void
train/pd/bb641e34b6eb2097_w17.png,bb641e34b6eb2097,17,Lab,Void
train/pd/bb641e34b6eb2097_w22.png,bb641e34b6eb2097,22,Lab,Void
train/pd/bb641e34b6eb2097_w26.png,bb641e34b6eb2097,26,Lab,Void
train/pd/bb692648fd76a5c2_w03.png,bb692648fd76a5c2,3,Lab,Void
train/pd/bb692648fd76a5c2_w17.png,bb692648fd76a5c2,17,Lab,Void
train/pd/bb692648fd76a5c2_w18.png,bb692648fd76a5c2,18,Lab,Void
train/pd/bb692648fd76a5c2_w19.png,bb692648fd76a5c2,19,Lab,Void
train/pd/bb692648fd76a5c2_w21.png,bb692648fd76a5c2,21,Lab,Void
train/pd/bb692648fd76a5c2_w23.png,bb692648fd76a5c2,23,Lab,Void
train/pd/bb692648fd76a5c2_w24.png,bb692648fd76a5c2,24,Lab,Void
train/pd/bb692648fd76a5c2_w26.png,bb692648fd76a5c2,26,Lab,Void
train/pd/bb84fa2590ecd03f_w06.png,bb84fa2590ecd03f,6,Lab,Void
train/pd/bb84fa2590ecd03f_w09.png,bb84fa2590ecd03f,9,Lab,Void
train/pd/bb84fa2590ecd03f_w17.png,bb84fa2590ecd03f,17,Lab,Void
train/pd/bb84fa2590ecd03f_w19.png,bb84fa2590ecd03f,19,Lab,Void
train/pd/bb84fa2590ecd03f_w20.png,bb84fa2590ecd03f,20,Lab,Void
train/pd/bb84fa2590ecd03f_w22.png,bb84fa2590ecd03f,22,Lab,Void
train/pd/bb84fa2590ecd03f_w23.png,bb84fa2590ecd03f,23,Lab,Void
train/pd/bb84fa2590ecd03f_w24.png,bb84fa2590ecd03f,24,Lab,Void
train/pd/bc01a1a56ad4d7c0_w05.png,bc01a1a56ad4d7c0,5,Lab,Void
train/pd/bc01a1a56ad4d7c0_w07.png,bc01a1a56ad4d7c0,7,Lab,Void
train/pd/bc01a1a56ad4d7c0_w13.png,bc01a1a56ad4d7c0,13,Lab,Void
train/pd/bc01a1a56ad4d7c0_w14.png,bc01a1a56ad4d7c0,14,Lab,Void
train/pd/bc01a1a56ad4d7c0_w16.png,bc01a1a56ad4d7c0,16,Lab,Void
train/pd/bc01a1a56ad4d7c0_w19.png,bc01a1a56ad4d7c0,19,Lab,Void
train/pd/bc01a1a56ad4d7c0_w21.png,bc01a1a56ad4d7c0,21,Lab,Void
train/pd/bc01a1a56ad4d7c0_w26.png,bc01a1a56ad4d7c0,26,Lab,Void
train/pd/bc2463b2b9953ef7_w00.png,bc2463b2b9953ef7,0,Lab,Particle
train/pd/bc2463b2b9953ef7_w05.png,bc2463b2b9953ef7,5,Lab,Particle
train/pd/bc2463b2b9953ef7_w06.png,bc2463b2b9953ef7,6,Lab,Particle
train/pd/bc2463b2b9953ef7_w10.png,bc2463b2b9953ef7,10,Lab,Particle
train/pd/bc2463b2b9953ef7_w11.png,bc2463b2b9953ef7,11,Lab,Particle
train/pd/bc2463b2b9953ef7_w13.png,bc2463b2b9953ef7,13,Lab,Particle
train/pd/bc2463b2b9953ef7_w16.png,bc2463b2b9953ef7,16,Lab,Particle
train/pd/bc2463b2b9953ef7_w23.png,bc2463b2b9953ef7,23,Lab,Particle
train/pd/bc6a3422fc5f4951_w00.png,bc6a3422fc5f4951,0,Lab,Floating
train/pd/bc6a3422fc5f4951_w02.png,bc6a3422fc5f4951,2,Lab,Floating
train/pd/bc6a3422fc5f4951_w03.png,bc6a3422fc5f4951,3,Lab,Floating
train/pd/bc6a3422fc5f4951_w11.png,bc6a3422fc5f4951,11,Lab,Floating
train/pd/bc6a3422fc5f4951_w15.png,bc6a3422fc5f4951,15,Lab,Floating
train/pd/bc6a3422fc5f4951_w21.png,bc6a3422fc5f4951,21,Lab,Floating
train/pd/bc6a3422fc5f4951_w22.png,bc6a3422fc5f4951,22,Lab,Floating
train/pd/bc6a3422fc5f4951_w25.png,bc6a3422fc5f4951,25,Lab,Floating
train/pd/bc9b66146c33b33a_w06.png,bc9b66146c33b33a,6,Lab,Particle
train/pd/bc9b66146c33b33a_w07.png,bc9b66146c33b33a,7,Lab,Particle
train/pd/bc9b66146c33b33a_w08.png,bc9b66146c33b33a,8,Lab,Particle
train/pd/bc9b66146c33b33a_w11.png,bc9b66146c33b33a,11,Lab,Particle
train/pd/bc9b66146c33b33a_w13.png,bc9b66146c33b33a,13,Lab,Particle
train/pd/bc9b66146c33b33a_w14.png,bc9b66146c33b33a,14,Lab,Particle
train/pd/bc9b66146c33b33a_w18.png,bc9b66146c33b33a,18,Lab,Particle
train/pd/bc9b66146c33b33a_w23.png,bc9b66146c33b33a,23,Lab,Particle
train/pd/bceaf5af85d97e46_w06.png,bceaf5af85d97e46,6,Lab,Void
train/pd/bceaf5af85d97e46_w07.png,bceaf5af85d97e46,7,Lab,Void
train/pd/bceaf5af85d97e46_w08.png,bceaf5af85d97e46,8,Lab,Void
train/pd/bceaf5af85d97e46_w14.png,bceaf5af85d97e46,14,Lab,Void
train/pd/bceaf5af85d97e46_w19.png,bceaf5af85d97e46,19,Lab,Void
train/pd/bceaf5af85d97e46_w20.png,bceaf5af85d97e46,20,Lab,Void
train/pd/bceaf5af85d97e46_w21.png,bceaf5af85d97e46,21,Lab,Void
train/pd/bceaf5af85d97e46_w24.png,bceaf5af85d97e46,24,Lab,Void
train/pd/bcf24e7ea768d0df_w02.png,bcf24e7ea768d0df,2,Lab,Particle
train/pd/bcf24e7ea768d0df_w03.png,bcf24e7ea768d0df,3,Lab,Particle
train/pd/bcf24e7ea768d0df_w06.png,bcf24e7ea768d0df,6,Lab,Particle
train/pd/bcf24e7ea768d0df_w11.png,bcf24e7ea768d0df,11,Lab,Particle
train/pd/bcf24e7ea768d0df_w12.png,bcf24e7ea768d0df,12,Lab,Particle
train/pd/bcf24e7ea768d0df_w14.png,bcf24e7ea768d0df,14,Lab,Particle
train/pd/bcf24e7ea768d0df_w18.png,bcf24e7ea768d0df,18,Lab,Particle
train/pd/bcf24e7ea768d0df_w27.png,bcf24e7ea768d0df,27,Lab,Particle
train/pd/bd07238f4b9ea4f1_w00.png,bd07238f4b9ea4f1,0,Lab,Particle
train/pd/bd07238f4b9ea4f1_w03.png,bd07238f4b9ea4f1,3,Lab,Particle
train/pd/bd07238f4b9ea4f1_w06.png,bd07238f4b9ea4f1,6,Lab,Particle
train/pd/bd07238f4b9ea4f1_w13.png,bd07238f4b9ea4f1,13,Lab,Particle
train/pd/bd07238f4b9ea4f1_w14.png,bd07238f4b9ea4f1,14,Lab,Particle
train/pd/bd07238f4b9ea4f1_w19.png,bd07238f4b9ea4f1,19,Lab,Particle
train/pd/bd07238f4b9ea4f1_w20.png,bd07238f4b9ea4f1,20,Lab,Particle
train/pd/bd07238f4b9ea4f1_w23.png,bd07238f4b9ea4f1,23,Lab,Particle
train/pd/bd34645fc414a3cc_w01.png,bd34645fc414a3cc,1,Lab,Corona
train/pd/bd34645fc414a3cc_w04.png,bd34645fc414a3cc,4,Lab,Corona
train/pd/bd34645fc414a3cc_w09.png,bd34645fc414a3cc,9,Lab,Corona
train/pd/bd34645fc414a3cc_w10.png,bd34645fc414a3cc,10,Lab,Corona
train/pd/bd34645fc414a3cc_w18.png,bd34645fc414a3cc,18,Lab,Corona
train/pd/bd34645fc414a3cc_w19.png,bd34645fc414a3cc,19,Lab,Corona
train/pd/bd34645fc414a3cc_w22.png,bd34645fc414a3cc,22,Lab,Corona
train/pd/bd34645fc414a3cc_w27.png,bd34645fc414a3cc,27,Lab,Corona
train/pd/bd9a552f3b6dabaf_w01.png,bd9a552f3b6dabaf,1,Lab,Void
train/pd/bd9a552f3b6dabaf_w03.png,bd9a552f3b6dabaf,3,Lab,Void
train/pd/bd9a552f3b6dabaf_w05.png,bd9a552f3b6dabaf,5,Lab,Void
train/pd/bd9a552f3b6dabaf_w07.png,bd9a552f3b6dabaf,7,Lab,Void
train/pd/bd9a552f3b6dabaf_w08.png,bd9a552f3b6dabaf,8,Lab,Void
train/pd/bd9a552f3b6dabaf_w09.png,bd9a552f3b6dabaf,9,Lab,Void
train/pd/bd9a552f3b6dabaf_w17.png,bd9a552f3b6dabaf,17,Lab,Void
train/pd/bd9a552f3b6dabaf_w26.png,bd9a552f3b6dabaf,26,Lab,Void
train/pd/bd9f657bc66ea0d9_w02.png,bd9f657bc66ea0d9,2,Lab,Particle
train/pd/bd9f657bc66ea0d9_w06.png,bd9f657bc66ea0d9,6,Lab,Particle
train/pd/bd9f657bc66ea0d9_w09.png,bd9f657bc66ea0d9,9,Lab,Particle
train/pd/bd9f657bc66ea0d9_w14.png,bd9f657bc66ea0d9,14,Lab,Particle
train/pd/bd9f657bc66ea0d9_w18.png,bd9f657bc66ea0d9,18,Lab,Particle
train/pd/bd9f657bc66ea0d9_w22.png,bd9f657bc66ea0d9,22,Lab,Particle
train/pd/bd9f657bc66ea0d9_w24.png,bd9f657bc66ea0d9,24,Lab,Particle
train/pd/bd9f657bc66ea0d9_w26.png,bd9f657bc66ea0d9,26,Lab,Particle
train/pd/bdb687777bd5a8b5_w00.png,bdb687777bd5a8b5,0,Lab,Floating
train/pd/bdb687777bd5a8b5_w06.png,bdb687777bd5a8b5,6,Lab,Floating
train/pd/bdb687777bd5a8b5_w09.png,bdb687777bd5a8b5,9,Lab,Floating
train/pd/bdb687777bd5a8b5_w13.png,bdb687777bd5a8b5,13,Lab,Floating
train/pd/bdb687777bd5a8b5_w16.png,bdb687777bd5a8b5,16,Lab,Floating
train/pd/bdb687777bd5a8b5_w18.png,bdb687777bd5a8b5,18,Lab,Floating
train/pd/bdb687777bd5a8b5_w22.png,bdb687777bd5a8b5,22,Lab,Floating
train/pd/bdb687777bd5a8b5_w25.png,bdb687777bd5a8b5,25,Lab,Floating
train/pd/bdcc5d0881be73a8_w00.png,bdcc5d0881be73a8,0,Lab,Corona
train/pd/bdcc5d0881be73a8_w01.png,bdcc5d0881be73a8,1,Lab,Corona
train/pd/bdcc5d0881be73a8_w10.png,bdcc5d0881be73a8,10,Lab,Corona
train/pd/bdcc5d0881be73a8_w12.png,bdcc5d0881be73a8,12,Lab,Corona
train/pd/bdcc5d0881be73a8_w16.png,bdcc5d0881be73a8,16,Lab,Corona
train/pd/bdcc5d0881be73a8_w19.png,bdcc5d0881be73a8,19,Lab,Corona
train/pd/bdcc5d0881be73a8_w23.png,bdcc5d0881be73a8,23,Lab,Corona
train/pd/bdcc5d0881be73a8_w26.png,bdcc5d0881be73a8,26,Lab,Corona
train/pd/be1d563b97d75609_w05.png,be1d563b97d75609,5,Lab,Void
train/pd/be1d563b97d75609_w07.png,be1d563b97d75609,7,Lab,Void
train/pd/be1d563b97d75609_w08.png,be1d563b97d75609,8,Lab,Void
train/pd/be1d563b97d75609_w13.png,be1d563b97d75609,13,Lab,Void
train/pd/be1d563b97d75609_w17.png,be1d563b97d75609,17,Lab,Void
train/pd/be1d563b97d75609_w18.png,be1d563b97d75609,18,Lab,Void
train/pd/be1d563b97d75609_w23.png,be1d563b97d75609,23,Lab,Void
train/pd/be1d563b97d75609_w27.png,be1d563b97d75609,27,Lab,Void
train/pd/be2335d1be2e610f_w00.png,be2335d1be2e610f,0,Lab,Corona
train/pd/be2335d1be2e610f_w04.png,be2335d1be2e610f,4,Lab,Corona
train/pd/be2335d1be2e610f_w09.png,be2335d1be2e610f,9,Lab,Corona
train/pd/be2335d1be2e610f_w10.png,be2335d1be2e610f,10,Lab,Corona
train/pd/be2335d1be2e610f_w12.png,be2335d1be2e610f,12,Lab,Corona
train/pd/be2335d1be2e610f_w13.png,be2335d1be2e610f,13,Lab,Corona
train/pd/be2335d1be2e610f_w14.png,be2335d1be2e610f,14,Lab,Corona
train/pd/be2335d1be2e610f_w17.png,be2335d1be2e610f,17,Lab,Corona
train/pd/be476b041b5fe5fe_w00.png,be476b041b5fe5fe,0,Lab,Void
train/pd/be476b041b5fe5fe_w06.png,be476b041b5fe5fe,6,Lab,Void
train/pd/be476b041b5fe5fe_w12.png,be476b041b5fe5fe,12,Lab,Void
train/pd/be476b041b5fe5fe_w14.png,be476b041b5fe5fe,14,Lab,Void
train/pd/be476b041b5fe5fe_w17.png,be476b041b5fe5fe,17,Lab,Void
train/pd/be476b041b5fe5fe_w20.png,be476b041b5fe5fe,20,Lab,Void
train/pd/be476b041b5fe5fe_w21.png,be476b041b5fe5fe,21,Lab,Void
train/pd/be476b041b5fe5fe_w26.png,be476b041b5fe5fe,26,Lab,Void
train/pd/be4a9fb1fc20bbde_w00.png,be4a9fb1fc20bbde,0,Field,Void
train/pd/be4a9fb1fc20bbde_w05.png,be4a9fb1fc20bbde,5,Field,Void
train/pd/be4a9fb1fc20bbde_w08.png,be4a9fb1fc20bbde,8,Field,Void
train/pd/be4a9fb1fc20bbde_w09.png,be4a9fb1fc20bbde,9,Field,Void
train/pd/be4a9fb1fc20bbde_w21.png,be4a9fb1fc20bbde,21,Field,Void
train/pd/be4a9fb1fc20bbde_w22.png,be4a9fb1fc20bbde,22,Field,Void
train/pd/be4a9fb1fc20bbde_w23.png,be4a9fb1fc20bbde,23,Field,Void
train/pd/be4a9fb1fc20bbde_w26.png,be4a9fb1fc20bbde,26,Field,Void
train/pd/be566fdaedd6c92f_w01.png,be566fdaedd6c92f,1,Lab,Void
train/pd/be566fdaedd6c92f_w06.png,be566fdaedd6c92f,6,Lab,Void
train/pd/be566fdaedd6c92f_w11.png,be566fdaedd6c92f,11,Lab,Void
train/pd/be566fdaedd6c92f_w13.png,be566fdaedd6c92f,13,Lab,Void
train/pd/be566fdaedd6c92f_w17.png,be566fdaedd6c92f,17,Lab,Void
train/pd/be566fdaedd6c92f_w18.png,be566fdaedd6c92f,18,Lab,Void
train/pd/be566fdaedd6c92f_w23.png,be566fdaedd6c92f,23,Lab,Void
train/pd/be566fdaedd6c92f_w27.png,be566fdaedd6c92f,27,Lab,Void
train/pd/be6253dbab91939b_w01.png,be6253dbab91939b,1,Lab,Particle
train/pd/be6253dbab91939b_w06.png,be6253dbab91939b,6,Lab,Particle
train/pd/be6253dbab91939b_w10.png,be6253dbab91939b,10,Lab,Particle
train/pd/be6253dbab91939b_w11.png,be6253dbab91939b,11,Lab,Particle
train/pd/be6253dbab91939b_w16.png,be6253dbab91939b,16,Lab,Particle
train/pd/be6253dbab91939b_w19.png,be6253dbab91939b,19,Lab,Particle
train/pd/be6253dbab91939b_w22.png,be6253dbab91939b,22,Lab,Particle
train/pd/be6253dbab91939b_w24.png,be6253dbab91939b,24,Lab,Particle
train/pd/bec6308b8e91f8d8_w02.png,bec6308b8e91f8d8,2,Field,Floating
train/pd/bec6308b8e91f8d8_w04.png,bec6308b8e91f8d8,4,Field,Floating
train/pd/bec6308b8e91f8d8_w08.png,bec6308b8e91f8d8,8,Field,Floating
train/pd/bec6308b8e91f8d8_w10.png,bec6308b8e91f8d8,10,Field,Floating
train/pd/bec6308b8e91f8d8_w11.png,bec6308b8e91f8d8,11,Field,Floating
train/pd/bec6308b8e91f8d8_w12.png,bec6308b8e91f8d8,12,Field,Floating
train/pd/bec6308b8e91f8d8_w15.png,bec6308b8e91f8d8,15,Field,Floating
train/pd/bec6308b8e91f8d8_w19.png,bec6308b8e91f8d8,19,Field,Floating
train/pd/beeaed827ea0118c_w03.png,beeaed827ea0118c,3,Lab,Corona
train/pd/beeaed827ea0118c_w06.png,beeaed827ea0118c,6,Lab,Corona
train/pd/beeaed827ea0118c_w08.png,beeaed827ea0118c,8,Lab,Corona
train/pd/beeaed827ea0118c_w09.png,beeaed827ea0118c,9,Lab,Corona
train/pd/beeaed827ea0118c_w12.png,beeaed827ea0118c,12,Lab,Corona
train/pd/beeaed827ea0118c_w17.png,beeaed827ea0118c,17,Lab,Corona
train/pd/beeaed827ea0118c_w19.png,beeaed827ea0118c,19,Lab,Corona
train/pd/beeaed827ea0118c_w25.png,beeaed827ea0118c,25,Lab,Corona
train/pd/bf00e2826c22130c_w04.png,bf00e2826c22130c,4,Field,Void
train/pd/bf00e2826c22130c_w06.png,bf00e2826c22130c,6,Field,Void
train/pd/bf00e2826c22130c_w07.png,bf00e2826c22130c,7,Field,Void
train/pd/bf00e2826c22130c_w08.png,bf00e2826c22130c,8,Field,Void
train/pd/bf00e2826c22130c_w16.png,bf00e2826c22130c,16,Field,Void
train/pd/bf00e2826c22130c_w22.png,bf00e2826c22130c,22,Field,Void
train/pd/bf00e2826c22130c_w23.png,bf00e2826c22130c,23,Field,Void
train/pd/bf00e2826c22130c_w25.png,bf00e2826c22130c,25,Field,Void
train/pd/bf26b9df940f9941_w00.png,bf26b9df940f9941,0,Lab,Particle
train/pd/bf26b9df940f9941_w01.png,bf26b9df940f9941,1,Lab,Particle
train/pd/bf26b9df940f9941_w03.png,bf26b9df940f9941,3,Lab,Particle
train/pd/bf26b9df940f9941_w04.png,bf26b9df940f9941,4,Lab,Particle
train/pd/bf26b9df940f9941_w07.png,bf26b9df940f9941,7,Lab,Particle
train/pd/bf26b9df940f9941_w13.png,bf26b9df940f9941,13,Lab,Particle
train/pd/bf26b9df940f9941_w18.png,bf26b9df940f9941,18,Lab,Particle
train/pd/bf26b9df940f9941_w25.png,bf26b9df940f9941,25,Lab,Particle
train/pd/bf272864f15a1e26_w01.png,bf272864f15a1e26,1,Lab,Corona
train/pd/bf272864f15a1e26_w05.png,bf272864f15a1e26,5,Lab,Corona
train/pd/bf272864f15a1e26_w06.png,bf272864f15a1e26,6,Lab,Corona
train/pd/bf272864f15a1e26_w14.png,bf272864f15a1e26,14,Lab,Corona
train/pd/bf272864f15a1e26_w16.png,bf272864f15a1e26,16,Lab,Corona
train/pd/bf272864f15a1e26_w23.png,bf272864f15a1e26,23,Lab,Corona
train/pd/bf272864f15a1e26_w25.png,bf272864f15a1e26,25,Lab,Corona
train/pd/bf272864f15a1e26_w27.png,bf272864f15a1e26,27,Lab,Corona
train/pd/bf283b3903cb5c5a_w01.png,bf283b3903cb5c5a,1,Field,Void
train/pd/bf283b3903cb5c5a_w06.png,bf283b3903cb5c5a,6,Field,Void
train/pd/bf283b3903cb5c5a_w09.png,bf283b3903cb5c5a,9,Field,Void
train/pd/bf283b3903cb5c5a_w16.png,bf283b3903cb5c5a,16,Field,Void
train/pd/bf283b3903cb5c5a_w17.png,bf283b3903cb5c5a,17,Field,Void
train/pd/bf283b3903cb5c5a_w23.png,bf283b3903cb5c5a,23,Field,Void
train/pd/bf283b3903cb5c5a_w24.png,bf283b3903cb5c5a,24,Field,Void
train/pd/bf283b3903cb5c5a_w25.png,bf283b3903cb5c5a,25,Field,Void
train/pd/bf773aadec15bba5_w00.png,bf773aadec15bba5,0,Lab,Corona
train/pd/bf773aadec15bba5_w02.png,bf773aadec15bba5,2,Lab,Corona
train/pd/bf773aadec15bba5_w09.png,bf773aadec15bba5,9,Lab,Corona
train/pd/bf773aadec15bba5_w13.png,bf773aadec15bba5,13,Lab,Corona
train/pd/bf773aadec15bba5_w19.png,bf773aadec15bba5,19,Lab,Corona
train/pd/bf773aadec15bba5_w22.png,bf773aadec15bba5,22,Lab,Corona
train/pd/bf773aadec15bba5_w26.png,bf773aadec15bba5,26,Lab,Corona
train/pd/bf773aadec15bba5_w27.png,bf773aadec15bba5,27,Lab,Corona
train/pd/bf7d1ad9d00e8ce6_w01.png,bf7d1ad9d00e8ce6,1,Lab,Corona
train/pd/bf7d1ad9d00e8ce6_w09.png,bf7d1ad9d00e8ce6,9,Lab,Corona
train/pd/bf7d1ad9d00e8ce6_w10.png,bf7d1ad9d00e8ce6,10,Lab,Corona
train/pd/bf7d1ad9d00e8ce6_w12.png,bf7d1ad9d00e8ce6,12,Lab,Corona
train/pd/bf7d1ad9d00e8ce6_w19.png,bf7d1ad9d00e8ce6,19,Lab,Corona
train/pd/bf7d1ad9d00e8ce6_w21.png,bf7d1ad9d00e8ce6,21,Lab,Corona
train/pd/bf7d1ad9d00e8ce6_w22.png,bf7d1ad9d00e8ce6,22,Lab,Corona
train/pd/bf7d1ad9d00e8ce6_w27.png,bf7d1ad9d00e8ce6,27,Lab,Corona
train/pd/bf9b72cbef487954_w00.png,bf9b72cbef487954,0,Lab,Particle
train/pd/bf9b72cbef487954_w10.png,bf9b72cbef487954,10,Lab,Particle
train/pd/bf9b72cbef487954_w14.png,bf9b72cbef487954,14,Lab,Particle
train/pd/bf9b72cbef487954_w16.png,bf9b72cbef487954,16,Lab,Particle
train/pd/bf9b72cbef487954_w20.png,bf9b72cbef487954,20,Lab,Particle
train/pd/bf9b72cbef487954_w21.png,bf9b72cbef487954,21,Lab,Particle
train/pd/bf9b72cbef487954_w26.png,bf9b72cbef487954,26,Lab,Particle
train/pd/bf9b72cbef487954_w27.png,bf9b72cbef487954,27,Lab,Particle
train/pd/bfde77a62816e7f1_w04.png,bfde77a62816e7f1,4,Lab,Particle
train/pd/bfde77a62816e7f1_w05.png,bfde77a62816e7f1,5,Lab,Particle
train/pd/bfde77a62816e7f1_w09.png,bfde77a62816e7f1,9,Lab,Particle
train/pd/bfde77a62816e7f1_w13.png,bfde77a62816e7f1,13,Lab,Particle
train/pd/bfde77a62816e7f1_w17.png,bfde77a62816e7f1,17,Lab,Particle
train/pd/bfde77a62816e7f1_w18.png,bfde77a62816e7f1,18,Lab,Particle
train/pd/bfde77a62816e7f1_w22.png,bfde77a62816e7f1,22,Lab,Particle
train/pd/bfde77a62816e7f1_w26.png,bfde77a62816e7f1,26,Lab,Particle
train/pd/bfe8317f42a30d2f_w00.png,bfe8317f42a30d2f,0,Lab,Void
train/pd/bfe8317f42a30d2f_w06.png,bfe8317f42a30d2f,6,Lab,Void
train/pd/bfe8317f42a30d2f_w08.png,bfe8317f42a30d2f,8,Lab,Void
train/pd/bfe8317f42a30d2f_w11.png,bfe8317f42a30d2f,11,Lab,Void
train/pd/bfe8317f42a30d2f_w19.png,bfe8317f42a30d2f,19,Lab,Void
train/pd/bfe8317f42a30d2f_w21.png,bfe8317f42a30d2f,21,Lab,Void
train/pd/bfe8317f42a30d2f_w22.png,bfe8317f42a30d2f,22,Lab,Void
train/pd/bfe8317f42a30d2f_w24.png,bfe8317f42a30d2f,24,Lab,Void
train/pd/bff157ebab681196_w02.png,bff157ebab681196,2,Field,Floating
train/pd/bff157ebab681196_w06.png,bff157ebab681196,6,Field,Floating
train/pd/bff157ebab681196_w09.png,bff157ebab681196,9,Field,Floating
train/pd/bff157ebab681196_w11.png,bff157ebab681196,11,Field,Floating
train/pd/bff157ebab681196_w14.png,bff157ebab681196,14,Field,Floating
train/pd/bff157ebab681196_w15.png,bff157ebab681196,15,Field,Floating
train/pd/bff157ebab681196_w21.png,bff157ebab681196,21,Field,Floating
train/pd/bff157ebab681196_w25.png,bff157ebab681196,25,Field,Floating
train/pd/c00e4c9c92593f79_w01.png,c00e4c9c92593f79,1,Lab,Corona
train/pd/c00e4c9c92593f79_w09.png,c00e4c9c92593f79,9,Lab,Corona
train/pd/c00e4c9c92593f79_w11.png,c00e4c9c92593f79,11,Lab,Corona
train/pd/c00e4c9c92593f79_w16.png,c00e4c9c92593f79,16,Lab,Corona
train/pd/c00e4c9c92593f79_w21.png,c00e4c9c92593f79,21,Lab,Corona
train/pd/c00e4c9c92593f79_w24.png,c00e4c9c92593f79,24,Lab,Corona
train/pd/c00e4c9c92593f79_w25.png,c00e4c9c92593f79,25,Lab,Corona
train/pd/c00e4c9c92593f79_w27.png,c00e4c9c92593f79,27,Lab,Corona
train/pd/c048dd55e6ad2208_w00.png,c048dd55e6ad2208,0,Lab,Floating
train/pd/c048dd55e6ad2208_w06.png,c048dd55e6ad2208,6,Lab,Floating
train/pd/c048dd55e6ad2208_w08.png,c048dd55e6ad2208,8,Lab,Floating
train/pd/c048dd55e6ad2208_w17.png,c048dd55e6ad2208,17,Lab,Floating
train/pd/c048dd55e6ad2208_w19.png,c048dd55e6ad2208,19,Lab,Floating
train/pd/c048dd55e6ad2208_w21.png,c048dd55e6ad2208,21,Lab,Floating
train/pd/c048dd55e6ad2208_w25.png,c048dd55e6ad2208,25,Lab,Floating
train/pd/c048dd55e6ad2208_w27.png,c048dd55e6ad2208,27,Lab,Floating
train/pd/c04dc24349843bac_w04.png,c04dc24349843bac,4,Lab,Floating
train/pd/c04dc24349843bac_w06.png,c04dc24349843bac,6,Lab,Floating
train/pd/c04dc24349843bac_w08.png,c04dc24349843bac,8,Lab,Floating
train/pd/c04dc24349843bac_w11.png,c04dc24349843bac,11,Lab,Floating
train/pd/c04dc24349843bac_w18.png,c04dc24349843bac,18,Lab,Floating
train/pd/c04dc24349843bac_w19.png,c04dc24349843bac,19,Lab,Floating
train/pd/c04dc24349843bac_w24.png,c04dc24349843bac,24,Lab,Floating
train/pd/c04dc24349843bac_w26.png,c04dc24349843bac,26,Lab,Floating
train/pd/c052404844698234_w01.png,c052404844698234,1,Field,Void
train/pd/c052404844698234_w05.png,c052404844698234,5,Field,Void
train/pd/c052404844698234_w12.png,c052404844698234,12,Field,Void
train/pd/c052404844698234_w14.png,c052404844698234,14,Field,Void
train/pd/c052404844698234_w17.png,c052404844698234,17,Field,Void
train/pd/c052404844698234_w19.png,c052404844698234,19,Field,Void
train/pd/c052404844698234_w20.png,c052404844698234,20,Field,Void
train/pd/c052404844698234_w26.png,c052404844698234,26,Field,Void
train/pd/c08f7ffead5303b4_w00.png,c08f7ffead5303b4,0,Lab,Floating
train/pd/c08f7ffead5303b4_w08.png,c08f7ffead5303b4,8,Lab,Floating
train/pd/c08f7ffead5303b4_w13.png,c08f7ffead5303b4,13,Lab,Floating
train/pd/c08f7ffead5303b4_w14.png,c08f7ffead5303b4,14,Lab,Floating
train/pd/c08f7ffead5303b4_w15.png,c08f7ffead5303b4,15,Lab,Floating
train/pd/c08f7ffead5303b4_w20.png,c08f7ffead5303b4,20,Lab,Floating
train/pd/c08f7ffead5303b4_w22.png,c08f7ffead5303b4,22,Lab,Floating
train/pd/c08f7ffead5303b4_w24.png,c08f7ffead5303b4,24,Lab,Floating
train/pd/c092069e723af847_w01.png,c092069e723af847,1,Lab,Floating
train/pd/c092069e723af847_w04.png,c092069e723af847,4,Lab,Floating
train/pd/c092069e723af847_w07.png,c092069e723af847,7,Lab,Floating
train/pd/c092069e723af847_w14.png,c092069e723af847,14,Lab,Floating
train/pd/c092069e723af847_w18.png,c092069e723af847,18,Lab,Floating
train/pd/c092069e723af847_w23.png,c092069e723af847,23,Lab,Floating
train/pd/c092069e723af847_w24.png,c092069e723af847,24,Lab,Floating
train/pd/c092069e723af847_w27.png,c092069e723af847,27,Lab,Floating
train/pd/c09ec782c34fdebd_w02.png,c09ec782c34fdebd,2,Lab,Particle
train/pd/c09ec782c34fdebd_w07.png,c09ec782c34fdebd,7,Lab,Particle
train/pd/c09ec782c34fdebd_w09.png,c09ec782c34fdebd,9,Lab,Particle
train/pd/c09ec782c34fdebd_w11.png,c09ec782c34fdebd,11,Lab,Particle
train/pd/c09ec782c34fdebd_w16.png,c09ec782c34fdebd,16,Lab,Particle
train/pd/c09ec782c34fdebd_w20.png,c09ec782c34fdebd,20,Lab,Particle
train/pd/c09ec782c34fdebd_w21.png,c09ec782c34fdebd,21,Lab,Particle
train/pd/c09ec782c34fdebd_w27.png,c09ec782c34fdebd,27,Lab,Particle
train/pd/c13a856f5afb0c6e_w03.png,c13a856f5afb0c6e,3,Lab,Particle
train/pd/c13a856f5afb0c6e_w06.png,c13a856f5afb0c6e,6,Lab,Particle
train/pd/c13a856f5afb0c6e_w07.png,c13a856f5afb0c6e,7,Lab,Particle
train/pd/c13a856f5afb0c6e_w09.png,c13a856f5afb0c6e,9,Lab,Particle
train/pd/c13a856f5afb0c6e_w10.png,c13a856f5afb0c6e,10,Lab,Particle
train/pd/c13a856f5afb0c6e_w13.png,c13a856f5afb0c6e,13,Lab,Particle
train/pd/c13a856f5afb0c6e_w22.png,c13a856f5afb0c6e,22,Lab,Particle
train/pd/c13a856f5afb0c6e_w26.png,c13a856f5afb0c6e,26,Lab,Particle
train/pd/c152d919f658835c_w00.png,c152d919f658835c,0,Lab,Floating
train/pd/c152d919f658835c_w02.png,c152d919f658835c,2,Lab,Floating
train/pd/c152d919f658835c_w04.png,c152d919f658835c,4,Lab,Floating
train/pd/c152d919f658835c_w12.png,c152d919f658835c,12,Lab,Floating
train/pd/c152d919f658835c_w15.png,c152d919f658835c,15,Lab,Floating
train/pd/c152d919f658835c_w20.png,c152d919f658835c,20,Lab,Floating
train/pd/c152d919f658835c_w24.png,c152d919f658835c,24,Lab,Floating
train/pd/c152d919f658835c_w26.png,c152d919f658835c,26,Lab,Floating
train/pd/c18e88970d02be33_w01.png,c18e88970d02be33,1,Lab,Floating
train/pd/c18e88970d02be33_w02.png,c18e88970d02be33,2,Lab,Floating
train/pd/c18e88970d02be33_w05.png,c18e88970d02be33,5,Lab,Floating
train/pd/c18e88970d02be33_w10.png,c18e88970d02be33,10,Lab,Floating
train/pd/c18e88970d02be33_w12.png,c18e88970d02be33,12,Lab,Floating
train/pd/c18e88970d02be33_w15.png,c18e88970d02be33,15,Lab,Floating
train/pd/c18e88970d02be33_w16.png,c18e88970d02be33,16,Lab,Floating
train/pd/c18e88970d02be33_w18.png,c18e88970d02be33,18,Lab,Floating
train/pd/c194c92175bc8e8f_w05.png,c194c92175bc8e8f,5,Lab,Floating
train/pd/c194c92175bc8e8f_w09.png,c194c92175bc8e8f,9,Lab,Floating
train/pd/c194c92175bc8e8f_w15.png,c194c92175bc8e8f,15,Lab,Floating
train/pd/c194c92175bc8e8f_w16.png,c194c92175bc8e8f,16,Lab,Floating
train/pd/c194c92175bc8e8f_w17.png,c194c92175bc8e8f,17,Lab,Floating
train/pd/c194c92175bc8e8f_w22.png,c194c92175bc8e8f,22,Lab,Floating
train/pd/c194c92175bc8e8f_w24.png,c194c92175bc8e8f,24,Lab,Floating
train/pd/c194c92175bc8e8f_w26.png,c194c92175bc8e8f,26,Lab,Floating
train/pd/c199b24224b1aa9f_w00.png,c199b24224b1aa9f,0,Lab,Void
train/pd/c199b24224b1aa9f_w04.png,c199b24224b1aa9f,4,Lab,Void
train/pd/c199b24224b1aa9f_w06.png,c199b24224b1aa9f,6,Lab,Void
train/pd/c199b24224b1aa9f_w16.png,c199b24224b1aa9f,16,Lab,Void
train/pd/c199b24224b1aa9f_w17.png,c199b24224b1aa9f,17,Lab,Void
train/pd/c199b24224b1aa9f_w19.png,c199b24224b1aa9f,19,Lab,Void
train/pd/c199b24224b1aa9f_w26.png,c199b24224b1aa9f,26,Lab,Void
train/pd/c199b24224b1aa9f_w27.png,c199b24224b1aa9f,27,Lab,Void
train/pd/c1b4097663f1de80_w05.png,c1b4097663f1de80,5,Lab,Particle
train/pd/c1b4097663f1de80_w07.png,c1b4097663f1de80,7,Lab,Particle
train/pd/c1b4097663f1de80_w11.png,c1b4097663f1de80,11,Lab,Particle
train/pd/c1b4097663f1de80_w12.png,c1b4097663f1de80,12,Lab,Particle
train/pd/c1b4097663f1de80_w16.png,c1b4097663f1de80,16,Lab,Particle
train/pd/c1b4097663f1de80_w17.png,c1b4097663f1de80,17,Lab,Particle
train/pd/c1b4097663f1de80_w18.png,c1b4097663f1de80,18,Lab,Particle
train/pd/c1b4097663f1de80_w24.png,c1b4097663f1de80,24,Lab,Particle
train/pd/c1ebdc8e4b61e0dd_w03.png,c1ebdc8e4b61e0dd,3,Lab,Void
train/pd/c1ebdc8e4b61e0dd_w05.png,c1ebdc8e4b61e0dd,5,Lab,Void
train/pd/c1ebdc8e4b61e0dd_w10.png,c1ebdc8e4b61e0dd,10,Lab,Void
train/pd/c1ebdc8e4b61e0dd_w13.png,c1ebdc8e4b61e0dd,13,Lab,Void
train/pd/c1ebdc8e4b61e0dd_w17.png,c1ebdc8e4b61e0dd,17,Lab,Void
train/pd/c1ebdc8e4b61e0dd_w23.png,c1ebdc8e4b61e0dd,23,Lab,Void
train/pd/c1ebdc8e4b61e0dd_w26.png,c1ebdc8e4b61e0dd,26,Lab,Void
train/pd/c1ebdc8e4b61e0dd_w27.png,c1ebdc8e4b61e0dd,27,Lab,Void
train/pd/c201a0f4b0d4acc8_w04.png,c201a0f4b0d4acc8,4,Lab,Void
train/pd/c201a0f4b0d4acc8_w13.png,c201a0f4b0d4acc8,13,Lab,Void
train/pd/c201a0f4b0d4acc8_w17.png,c201a0f4b0d4acc8,17,Lab,Void
train/pd/c201a0f4b0d4acc8_w18.png,c201a0f4b0d4acc8,18,Lab,Void
train/pd/c201a0f4b0d4acc8_w19.png,c201a0f4b0d4acc8,19,Lab,Void
train/pd/c201a0f4b0d4acc8_w22.png,c201a0f4b0d4acc8,22,Lab,Void
train/pd/c201a0f4b0d4acc8_w23.png,c201a0f4b0d4acc8,23,Lab,Void
train/pd/c201a0f4b0d4acc8_w24.png,c201a0f4b0d4acc8,24,Lab,Void
train/pd/c213844e18ed93e8_w01.png,c213844e18ed93e8,1,Lab,Corona
train/pd/c213844e18ed93e8_w02.png,c213844e18ed93e8,2,Lab,Corona
train/pd/c213844e18ed93e8_w08.png,c213844e18ed93e8,8,Lab,Corona
train/pd/c213844e18ed93e8_w11.png,c213844e18ed93e8,11,Lab,Corona
train/pd/c213844e18ed93e8_w17.png,c213844e18ed93e8,17,Lab,Corona
train/pd/c213844e18ed93e8_w19.png,c213844e18ed93e8,19,Lab,Corona
train/pd/c213844e18ed93e8_w21.png,c213844e18ed93e8,21,Lab,Corona
train/pd/c213844e18ed93e8_w27.png,c213844e18ed93e8,27,Lab,Corona
train/pd/c237b377fa467101_w08.png,c237b377fa467101,8,Lab,Particle
train/pd/c237b377fa467101_w13.png,c237b377fa467101,13,Lab,Particle
train/pd/c237b377fa467101_w15.png,c237b377fa467101,15,Lab,Particle
train/pd/c237b377fa467101_w17.png,c237b377fa467101,17,Lab,Particle
train/pd/c237b377fa467101_w19.png,c237b377fa467101,19,Lab,Particle
train/pd/c237b377fa467101_w20.png,c237b377fa467101,20,Lab,Particle
train/pd/c237b377fa467101_w23.png,c237b377fa467101,23,Lab,Particle
train/pd/c237b377fa467101_w25.png,c237b377fa467101,25,Lab,Particle
train/pd/c2392f1d207c436c_w03.png,c2392f1d207c436c,3,Lab,Void
train/pd/c2392f1d207c436c_w06.png,c2392f1d207c436c,6,Lab,Void
train/pd/c2392f1d207c436c_w08.png,c2392f1d207c436c,8,Lab,Void
train/pd/c2392f1d207c436c_w09.png,c2392f1d207c436c,9,Lab,Void
train/pd/c2392f1d207c436c_w11.png,c2392f1d207c436c,11,Lab,Void
train/pd/c2392f1d207c436c_w13.png,c2392f1d207c436c,13,Lab,Void
train/pd/c2392f1d207c436c_w15.png,c2392f1d207c436c,15,Lab,Void
train/pd/c2392f1d207c436c_w23.png,c2392f1d207c436c,23,Lab,Void
train/pd/c25b4461dc3b6970_w00.png,c25b4461dc3b6970,0,Field,Corona
train/pd/c25b4461dc3b6970_w03.png,c25b4461dc3b6970,3,Field,Corona
train/pd/c25b4461dc3b6970_w05.png,c25b4461dc3b6970,5,Field,Corona
train/pd/c25b4461dc3b6970_w08.png,c25b4461dc3b6970,8,Field,Corona
train/pd/c25b4461dc3b6970_w12.png,c25b4461dc3b6970,12,Field,Corona
train/pd/c25b4461dc3b6970_w19.png,c25b4461dc3b6970,19,Field,Corona
train/pd/c25b4461dc3b6970_w21.png,c25b4461dc3b6970,21,Field,Corona
train/pd/c25b4461dc3b6970_w23.png,c25b4461dc3b6970,23,Field,Corona
train/pd/c2a49183a51417b9_w03.png,c2a49183a51417b9,3,Lab,Particle
train/pd/c2a49183a51417b9_w05.png,c2a49183a51417b9,5,Lab,Particle
train/pd/c2a49183a51417b9_w07.png,c2a49183a51417b9,7,Lab,Particle
train/pd/c2a49183a51417b9_w08.png,c2a49183a51417b9,8,Lab,Particle
train/pd/c2a49183a51417b9_w09.png,c2a49183a51417b9,9,Lab,Particle
train/pd/c2a49183a51417b9_w22.png,c2a49183a51417b9,22,Lab,Particle
train/pd/c2a49183a51417b9_w25.png,c2a49183a51417b9,25,Lab,Particle
train/pd/c2a49183a51417b9_w27.png,c2a49183a51417b9,27,Lab,Particle
train/pd/c2c89e53cf7f9443_w00.png,c2c89e53cf7f9443,0,Lab,Corona
train/pd/c2c89e53cf7f9443_w02.png,c2c89e53cf7f9443,2,Lab,Corona
train/pd/c2c89e53cf7f9443_w03.png,c2c89e53cf7f9443,3,Lab,Corona
train/pd/c2c89e53cf7f9443_w08.png,c2c89e53cf7f9443,8,Lab,Corona
train/pd/c2c89e53cf7f9443_w23.png,c2c89e53cf7f9443,23,Lab,Corona
train/pd/c2c89e53cf7f9443_w25.png,c2c89e53cf7f9443,25,Lab,Corona
train/pd/c2c89e53cf7f9443_w26.png,c2c89e53cf7f9443,26,Lab,Corona
train/pd/c2c89e53cf7f9443_w27.png,c2c89e53cf7f9443,27,Lab,Corona
train/pd/c2db855cbcdb8227_w01.png,c2db855cbcdb8227,1,Lab,Corona
train/pd/c2db855cbcdb8227_w03.png,c2db855cbcdb8227,3,Lab,Corona
train/pd/c2db855cbcdb8227_w06.png,c2db855cbcdb8227,6,Lab,Corona
train/pd/c2db855cbcdb8227_w08.png,c2db855cbcdb8227,8,Lab,Corona
train/pd/c2db855cbcdb8227_w14.png,c2db855cbcdb8227,14,Lab,Corona
train/pd/c2db855cbcdb8227_w20.png,c2db855cbcdb8227,20,Lab,Corona
train/pd/c2db855cbcdb8227_w21.png,c2db855cbcdb8227,21,Lab,Corona
train/pd/c2db855cbcdb8227_w27.png,c2db855cbcdb8227,27,Lab,Corona
train/pd/c30365a91d8abc65_w03.png,c30365a91d8abc65,3,Lab,Corona
train/pd/c30365a91d8abc65_w05.png,c30365a91d8abc65,5,Lab,Corona
train/pd/c30365a91d8abc65_w08.png,c30365a91d8abc65,8,Lab,Corona
train/pd/c30365a91d8abc65_w13.png,c30365a91d8abc65,13,Lab,Corona
train/pd/c30365a91d8abc65_w15.png,c30365a91d8abc65,15,Lab,Corona
train/pd/c30365a91d8abc65_w16.png,c30365a91d8abc65,16,Lab,Corona
train/pd/c30365a91d8abc65_w18.png,c30365a91d8abc65,18,Lab,Corona
train/pd/c30365a91d8abc65_w20.png,c30365a91d8abc65,20,Lab,Corona
train/pd/c3099cce8bdfa6ac_w08.png,c3099cce8bdfa6ac,8,Lab,Particle
train/pd/c3099cce8bdfa6ac_w11.png,c3099cce8bdfa6ac,11,Lab,Particle
train/pd/c3099cce8bdfa6ac_w14.png,c3099cce8bdfa6ac,14,Lab,Particle
train/pd/c3099cce8bdfa6ac_w16.png,c3099cce8bdfa6ac,16,Lab,Particle
train/pd/c3099cce8bdfa6ac_w19.png,c3099cce8bdfa6ac,19,Lab,Particle
train/pd/c3099cce8bdfa6ac_w20.png,c3099cce8bdfa6ac,20,Lab,Particle
train/pd/c3099cce8bdfa6ac_w21.png,c3099cce8bdfa6ac,21,Lab,Particle
train/pd/c3099cce8bdfa6ac_w23.png,c3099cce8bdfa6ac,23,Lab,Particle
train/pd/c33b1898f337f93a_w02.png,c33b1898f337f93a,2,Field,Void
train/pd/c33b1898f337f93a_w07.png,c33b1898f337f93a,7,Field,Void
train/pd/c33b1898f337f93a_w08.png,c33b1898f337f93a,8,Field,Void
train/pd/c33b1898f337f93a_w12.png,c33b1898f337f93a,12,Field,Void
train/pd/c33b1898f337f93a_w13.png,c33b1898f337f93a,13,Field,Void
train/pd/c33b1898f337f93a_w15.png,c33b1898f337f93a,15,Field,Void
train/pd/c33b1898f337f93a_w18.png,c33b1898f337f93a,18,Field,Void
train/pd/c33b1898f337f93a_w19.png,c33b1898f337f93a,19,Field,Void
train/pd/c341f5b1f70ead35_w00.png,c341f5b1f70ead35,0,Lab,Void
train/pd/c341f5b1f70ead35_w07.png,c341f5b1f70ead35,7,Lab,Void
train/pd/c341f5b1f70ead35_w10.png,c341f5b1f70ead35,10,Lab,Void
train/pd/c341f5b1f70ead35_w11.png,c341f5b1f70ead35,11,Lab,Void
train/pd/c341f5b1f70ead35_w14.png,c341f5b1f70ead35,14,Lab,Void
train/pd/c341f5b1f70ead35_w17.png,c341f5b1f70ead35,17,Lab,Void
train/pd/c341f5b1f70ead35_w21.png,c341f5b1f70ead35,21,Lab,Void
train/pd/c341f5b1f70ead35_w23.png,c341f5b1f70ead35,23,Lab,Void
train/pd/c363c57f11160011_w02.png,c363c57f11160011,2,Lab,Floating
train/pd/c363c57f11160011_w08.png,c363c57f11160011,8,Lab,Floating
train/pd/c363c57f11160011_w11.png,c363c57f11160011,11,Lab,Floating
train/pd/c363c57f11160011_w16.png,c363c57f11160011,16,Lab,Floating
train/pd/c363c57f11160011_w20.png,c363c57f11160011,20,Lab,Floating
train/pd/c363c57f11160011_w22.png,c363c57f11160011,22,Lab,Floating
train/pd/c363c57f11160011_w23.png,c363c57f11160011,23,Lab,Floating
train/pd/c363c57f11160011_w24.png,c363c57f11160011,24,Lab,Floating
train/pd/c37e180bb3e32466_w02.png,c37e180bb3e32466,2,Field,Floating
train/pd/c37e180bb3e32466_w04.png,c37e180bb3e32466,4,Field,Floating
train/pd/c37e180bb3e32466_w06.png,c37e180bb3e32466,6,Field,Floating
train/pd/c37e180bb3e32466_w09.png,c37e180bb3e32466,9,Field,Floating
train/pd/c37e180bb3e32466_w13.png,c37e180bb3e32466,13,Field,Floating
train/pd/c37e180bb3e32466_w20.png,c37e180bb3e32466,20,Field,Floating
train/pd/c37e180bb3e32466_w24.png,c37e180bb3e32466,24,Field,Floating
train/pd/c37e180bb3e32466_w27.png,c37e180bb3e32466,27,Field,Floating
train/pd/c39f957905ef45b8_w04.png,c39f957905ef45b8,4,Lab,Void
train/pd/c39f957905ef45b8_w06.png,c39f957905ef45b8,6,Lab,Void
train/pd/c39f957905ef45b8_w08.png,c39f957905ef45b8,8,Lab,Void
train/pd/c39f957905ef45b8_w12.png,c39f957905ef45b8,12,Lab,Void
train/pd/c39f957905ef45b8_w17.png,c39f957905ef45b8,17,Lab,Void
train/pd/c39f957905ef45b8_w18.png,c39f957905ef45b8,18,Lab,Void
train/pd/c39f957905ef45b8_w20.png,c39f957905ef45b8,20,Lab,Void
train/pd/c39f957905ef45b8_w27.png,c39f957905ef45b8,27,Lab,Void
train/pd/c3b82d5738fb0c2f_w01.png,c3b82d5738fb0c2f,1,Lab,Particle
train/pd/c3b82d5738fb0c2f_w03.png,c3b82d5738fb0c2f,3,Lab,Particle
train/pd/c3b82d5738fb0c2f_w05.png,c3b82d5738fb0c2f,5,Lab,Particle
train/pd/c3b82d5738fb0c2f_w07.png,c3b82d5738fb0c2f,7,Lab,Particle
train/pd/c3b82d5738fb0c2f_w11.png,c3b82d5738fb0c2f,11,Lab,Particle
train/pd/c3b82d5738fb0c2f_w16.png,c3b82d5738fb0c2f,16,Lab,Particle
train/pd/c3b82d5738fb0c2f_w22.png,c3b82d5738fb0c2f,22,Lab,Particle
train/pd/c3b82d5738fb0c2f_w26.png,c3b82d5738fb0c2f,26,Lab,Particle
train/pd/c3d20fd54bb6b92f_w03.png,c3d20fd54bb6b92f,3,Lab,Floating
train/pd/c3d20fd54bb6b92f_w04.png,c3d20fd54bb6b92f,4,Lab,Floating
train/pd/c3d20fd54bb6b92f_w12.png,c3d20fd54bb6b92f,12,Lab,Floating
train/pd/c3d20fd54bb6b92f_w15.png,c3d20fd54bb6b92f,15,Lab,Floating
train/pd/c3d20fd54bb6b92f_w17.png,c3d20fd54bb6b92f,17,Lab,Floating
train/pd/c3d20fd54bb6b92f_w18.png,c3d20fd54bb6b92f,18,Lab,Floating
train/pd/c3d20fd54bb6b92f_w22.png,c3d20fd54bb6b92f,22,Lab,Floating
train/pd/c3d20fd54bb6b92f_w25.png,c3d20fd54bb6b92f,25,Lab,Floating
train/pd/c3e3ed21799b9524_w00.png,c3e3ed21799b9524,0,Field,Void
train/pd/c3e3ed21799b9524_w03.png,c3e3ed21799b9524,3,Field,Void
train/pd/c3e3ed21799b9524_w06.png,c3e3ed21799b9524,6,Field,Void
train/pd/c3e3ed21799b9524_w14.png,c3e3ed21799b9524,14,Field,Void
train/pd/c3e3ed21799b9524_w17.png,c3e3ed21799b9524,17,Field,Void
train/pd/c3e3ed21799b9524_w21.png,c3e3ed21799b9524,21,Field,Void
train/pd/c3e3ed21799b9524_w25.png,c3e3ed21799b9524,25,Field,Void
train/pd/c3e3ed21799b9524_w26.png,c3e3ed21799b9524,26,Field,Void
train/pd/c40d3f5a6da0032b_w02.png,c40d3f5a6da0032b,2,Lab,Void
train/pd/c40d3f5a6da0032b_w07.png,c40d3f5a6da0032b,7,Lab,Void
train/pd/c40d3f5a6da0032b_w16.png,c40d3f5a6da0032b,16,Lab,Void
train/pd/c40d3f5a6da0032b_w18.png,c40d3f5a6da0032b,18,Lab,Void
train/pd/c40d3f5a6da0032b_w19.png,c40d3f5a6da0032b,19,Lab,Void
train/pd/c40d3f5a6da0032b_w20.png,c40d3f5a6da0032b,20,Lab,Void
train/pd/c40d3f5a6da0032b_w21.png,c40d3f5a6da0032b,21,Lab,Void
train/pd/c40d3f5a6da0032b_w23.png,c40d3f5a6da0032b,23,Lab,Void
train/pd/c428cafb8cb77cfa_w07.png,c428cafb8cb77cfa,7,Field,Void
train/pd/c428cafb8cb77cfa_w08.png,c428cafb8cb77cfa,8,Field,Void
train/pd/c428cafb8cb77cfa_w10.png,c428cafb8cb77cfa,10,Field,Void
train/pd/c428cafb8cb77cfa_w11.png,c428cafb8cb77cfa,11,Field,Void
train/pd/c428cafb8cb77cfa_w20.png,c428cafb8cb77cfa,20,Field,Void
train/pd/c428cafb8cb77cfa_w23.png,c428cafb8cb77cfa,23,Field,Void
train/pd/c428cafb8cb77cfa_w24.png,c428cafb8cb77cfa,24,Field,Void
train/pd/c428cafb8cb77cfa_w25.png,c428cafb8cb77cfa,25,Field,Void
train/pd/c441f0d705ad5408_w00.png,c441f0d705ad5408,0,Field,Void
train/pd/c441f0d705ad5408_w01.png,c441f0d705ad5408,1,Field,Void
train/pd/c441f0d705ad5408_w06.png,c441f0d705ad5408,6,Field,Void
train/pd/c441f0d705ad5408_w07.png,c441f0d705ad5408,7,Field,Void
train/pd/c441f0d705ad5408_w10.png,c441f0d705ad5408,10,Field,Void
train/pd/c441f0d705ad5408_w11.png,c441f0d705ad5408,11,Field,Void
train/pd/c441f0d705ad5408_w14.png,c441f0d705ad5408,14,Field,Void
train/pd/c441f0d705ad5408_w23.png,c441f0d705ad5408,23,Field,Void
train/pd/c4642d87c87563d5_w00.png,c4642d87c87563d5,0,Lab,Floating
train/pd/c4642d87c87563d5_w02.png,c4642d87c87563d5,2,Lab,Floating
train/pd/c4642d87c87563d5_w03.png,c4642d87c87563d5,3,Lab,Floating
train/pd/c4642d87c87563d5_w04.png,c4642d87c87563d5,4,Lab,Floating
train/pd/c4642d87c87563d5_w06.png,c4642d87c87563d5,6,Lab,Floating
train/pd/c4642d87c87563d5_w18.png,c4642d87c87563d5,18,Lab,Floating
train/pd/c4642d87c87563d5_w22.png,c4642d87c87563d5,22,Lab,Floating
train/pd/c4642d87c87563d5_w24.png,c4642d87c87563d5,24,Lab,Floating
train/pd/c4a787681d83a624_w05.png,c4a787681d83a624,5,Lab,Void
train/pd/c4a787681d83a624_w06.png,c4a787681d83a624,6,Lab,Void
train/pd/c4a787681d83a624_w07.png,c4a787681d83a624,7,Lab,Void
train/pd/c4a787681d83a624_w08.png,c4a787681d83a624,8,Lab,Void
train/pd/c4a787681d83a624_w10.png,c4a787681d83a624,10,Lab,Void
train/pd/c4a787681d83a624_w13.png,c4a787681d83a624,13,Lab,Void
train/pd/c4a787681d83a624_w14.png,c4a787681d83a624,14,Lab,Void
train/pd/c4a787681d83a624_w19.png,c4a787681d83a624,19,Lab,Void
train/pd/c53d53ba40a57145_w00.png,c53d53ba40a57145,0,Lab,Floating
train/pd/c53d53ba40a57145_w03.png,c53d53ba40a57145,3,Lab,Floating
train/pd/c53d53ba40a57145_w08.png,c53d53ba40a57145,8,Lab,Floating
train/pd/c53d53ba40a57145_w17.png,c53d53ba40a57145,17,Lab,Floating
train/pd/c53d53ba40a57145_w18.png,c53d53ba40a57145,18,Lab,Floating
train/pd/c53d53ba40a57145_w19.png,c53d53ba40a57145,19,Lab,Floating
train/pd/c53d53ba40a57145_w23.png,c53d53ba40a57145,23,Lab,Floating
train/pd/c53d53ba40a57145_w25.png,c53d53ba40a57145,25,Lab,Floating
train/pd/c56aa0dd34b8a60e_w00.png,c56aa0dd34b8a60e,0,Lab,Void
train/pd/c56aa0dd34b8a60e_w01.png,c56aa0dd34b8a60e,1,Lab,Void
train/pd/c56aa0dd34b8a60e_w09.png,c56aa0dd34b8a60e,9,Lab,Void
train/pd/c56aa0dd34b8a60e_w12.png,c56aa0dd34b8a60e,12,Lab,Void
train/pd/c56aa0dd34b8a60e_w16.png,c56aa0dd34b8a60e,16,Lab,Void
train/pd/c56aa0dd34b8a60e_w17.png,c56aa0dd34b8a60e,17,Lab,Void
train/pd/c56aa0dd34b8a60e_w21.png,c56aa0dd34b8a60e,21,Lab,Void
train/pd/c56aa0dd34b8a60e_w22.png,c56aa0dd34b8a60e,22,Lab,Void
train/pd/c57571df5f14ef59_w01.png,c57571df5f14ef59,1,Field,Floating
train/pd/c57571df5f14ef59_w06.png,c57571df5f14ef59,6,Field,Floating
train/pd/c57571df5f14ef59_w07.png,c57571df5f14ef59,7,Field,Floating
train/pd/c57571df5f14ef59_w08.png,c57571df5f14ef59,8,Field,Floating
train/pd/c57571df5f14ef59_w11.png,c57571df5f14ef59,11,Field,Floating
train/pd/c57571df5f14ef59_w20.png,c57571df5f14ef59,20,Field,Floating
train/pd/c57571df5f14ef59_w24.png,c57571df5f14ef59,24,Field,Floating
train/pd/c57571df5f14ef59_w26.png,c57571df5f14ef59,26,Field,Floating
train/pd/c5a5b29088363718_w00.png,c5a5b29088363718,0,Field,Void
train/pd/c5a5b29088363718_w02.png,c5a5b29088363718,2,Field,Void
train/pd/c5a5b29088363718_w07.png,c5a5b29088363718,7,Field,Void
train/pd/c5a5b29088363718_w11.png,c5a5b29088363718,11,Field,Void
train/pd/c5a5b29088363718_w12.png,c5a5b29088363718,12,Field,Void
train/pd/c5a5b29088363718_w20.png,c5a5b29088363718,20,Field,Void
train/pd/c5a5b29088363718_w23.png,c5a5b29088363718,23,Field,Void
train/pd/c5a5b29088363718_w25.png,c5a5b29088363718,25,Field,Void
train/pd/c5bfba09e120085c_w05.png,c5bfba09e120085c,5,Lab,Void
train/pd/c5bfba09e120085c_w07.png,c5bfba09e120085c,7,Lab,Void
train/pd/c5bfba09e120085c_w08.png,c5bfba09e120085c,8,Lab,Void
train/pd/c5bfba09e120085c_w11.png,c5bfba09e120085c,11,Lab,Void
train/pd/c5bfba09e120085c_w20.png,c5bfba09e120085c,20,Lab,Void
train/pd/c5bfba09e120085c_w22.png,c5bfba09e120085c,22,Lab,Void
train/pd/c5bfba09e120085c_w23.png,c5bfba09e120085c,23,Lab,Void
train/pd/c5bfba09e120085c_w26.png,c5bfba09e120085c,26,Lab,Void
train/pd/c5e06f9698e7ed5d_w06.png,c5e06f9698e7ed5d,6,Field,Void
train/pd/c5e06f9698e7ed5d_w08.png,c5e06f9698e7ed5d,8,Field,Void
train/pd/c5e06f9698e7ed5d_w10.png,c5e06f9698e7ed5d,10,Field,Void
train/pd/c5e06f9698e7ed5d_w14.png,c5e06f9698e7ed5d,14,Field,Void
train/pd/c5e06f9698e7ed5d_w15.png,c5e06f9698e7ed5d,15,Field,Void
train/pd/c5e06f9698e7ed5d_w16.png,c5e06f9698e7ed5d,16,Field,Void
train/pd/c5e06f9698e7ed5d_w23.png,c5e06f9698e7ed5d,23,Field,Void
train/pd/c5e06f9698e7ed5d_w25.png,c5e06f9698e7ed5d,25,Field,Void
train/pd/c5e1c4177cafcd96_w01.png,c5e1c4177cafcd96,1,Lab,Corona
train/pd/c5e1c4177cafcd96_w06.png,c5e1c4177cafcd96,6,Lab,Corona
train/pd/c5e1c4177cafcd96_w09.png,c5e1c4177cafcd96,9,Lab,Corona
train/pd/c5e1c4177cafcd96_w13.png,c5e1c4177cafcd96,13,Lab,Corona
train/pd/c5e1c4177cafcd96_w15.png,c5e1c4177cafcd96,15,Lab,Corona
train/pd/c5e1c4177cafcd96_w22.png,c5e1c4177cafcd96,22,Lab,Corona
train/pd/c5e1c4177cafcd96_w24.png,c5e1c4177cafcd96,24,Lab,Corona
train/pd/c5e1c4177cafcd96_w26.png,c5e1c4177cafcd96,26,Lab,Corona
train/pd/c5e229cf5c55bcf5_w00.png,c5e229cf5c55bcf5,0,Field,Floating
train/pd/c5e229cf5c55bcf5_w03.png,c5e229cf5c55bcf5,3,Field,Floating
train/pd/c5e229cf5c55bcf5_w06.png,c5e229cf5c55bcf5,6,Field,Floating
train/pd/c5e229cf5c55bcf5_w09.png,c5e229cf5c55bcf5,9,Field,Floating
train/pd/c5e229cf5c55bcf5_w10.png,c5e229cf5c55bcf5,10,Field,Floating
train/pd/c5e229cf5c55bcf5_w11.png,c5e229cf5c55bcf5,11,Field,Floating
train/pd/c5e229cf5c55bcf5_w18.png,c5e229cf5c55bcf5,18,Field,Floating
train/pd/c5e229cf5c55bcf5_w24.png,c5e229cf5c55bcf5,24,Field,Floating
train/pd/c5f3521579af0b8d_w05.png,c5f3521579af0b8d,5,Field,Void
train/pd/c5f3521579af0b8d_w10.png,c5f3521579af0b8d,10,Field,Void
train/pd/c5f3521579af0b8d_w13.png,c5f3521579af0b8d,13,Field,Void
train/pd/c5f3521579af0b8d_w14.png,c5f3521579af0b8d,14,Field,Void
train/pd/c5f3521579af0b8d_w16.png,c5f3521579af0b8d,16,Field,Void
train/pd/c5f3521579af0b8d_w18.png,c5f3521579af0b8d,18,Field,Void
train/pd/c5f3521579af0b8d_w20.png,c5f3521579af0b8d,20,Field,Void
train/pd/c5f3521579af0b8d_w27.png,c5f3521579af0b8d,27,Field,Void
train/pd/c622399aec282928_w00.png,c622399aec282928,0,Lab,Corona
train/pd/c622399aec282928_w01.png,c622399aec282928,1,Lab,Corona
train/pd/c622399aec282928_w04.png,c622399aec282928,4,Lab,Corona
train/pd/c622399aec282928_w05.png,c622399aec282928,5,Lab,Corona
train/pd/c622399aec282928_w08.png,c622399aec282928,8,Lab,Corona
train/pd/c622399aec282928_w13.png,c622399aec282928,13,Lab,Corona
train/pd/c622399aec282928_w19.png,c622399aec282928,19,Lab,Corona
train/pd/c622399aec282928_w21.png,c622399aec282928,21,Lab,Corona
train/pd/c63bc41568f09db7_w00.png,c63bc41568f09db7,0,Lab,Floating
train/pd/c63bc41568f09db7_w01.png,c63bc41568f09db7,1,Lab,Floating
train/pd/c63bc41568f09db7_w05.png,c63bc41568f09db7,5,Lab,Floating
train/pd/c63bc41568f09db7_w07.png,c63bc41568f09db7,7,Lab,Floating
train/pd/c63bc41568f09db7_w12.png,c63bc41568f09db7,12,Lab,Floating
train/pd/c63bc41568f09db7_w16.png,c63bc41568f09db7,16,Lab,Floating
train/pd/c63bc41568f09db7_w24.png,c63bc41568f09db7,24,Lab,Floating
train/pd/c63bc41568f09db7_w25.png,c63bc41568f09db7,25,Lab,Floating
train/pd/c6aa652b8c502022_w11.png,c6aa652b8c502022,11,Lab,Corona
train/pd/c6aa652b8c502022_w13.png,c6aa652b8c502022,13,Lab,Corona
train/pd/c6aa652b8c502022_w16.png,c6aa652b8c502022,16,Lab,Corona
train/pd/c6aa652b8c502022_w17.png,c6aa652b8c502022,17,Lab,Corona
train/pd/c6aa652b8c502022_w18.png,c6aa652b8c502022,18,Lab,Corona
train/pd/c6aa652b8c502022_w19.png,c6aa652b8c502022,19,Lab,Corona
train/pd/c6aa652b8c502022_w23.png,c6aa652b8c502022,23,Lab,Corona
train/pd/c6aa652b8c502022_w24.png,c6aa652b8c502022,24,Lab,Corona
train/pd/c6b0f3c3ca7ca183_w07.png,c6b0f3c3ca7ca183,7,Lab,Particle
train/pd/c6b0f3c3ca7ca183_w08.png,c6b0f3c3ca7ca183,8,Lab,Particle
train/pd/c6b0f3c3ca7ca183_w09.png,c6b0f3c3ca7ca183,9,Lab,Particle
train/pd/c6b0f3c3ca7ca183_w10.png,c6b0f3c3ca7ca183,10,Lab,Particle
train/pd/c6b0f3c3ca7ca183_w11.png,c6b0f3c3ca7ca183,11,Lab,Particle
train/pd/c6b0f3c3ca7ca183_w18.png,c6b0f3c3ca7ca183,18,Lab,Particle
train/pd/c6b0f3c3ca7ca183_w19.png,c6b0f3c3ca7ca183,19,Lab,Particle
train/pd/c6b0f3c3ca7ca183_w20.png,c6b0f3c3ca7ca183,20,Lab,Particle
train/pd/c6b92ba72ba66fbe_w03.png,c6b92ba72ba66fbe,3,Lab,Void
train/pd/c6b92ba72ba66fbe_w08.png,c6b92ba72ba66fbe,8,Lab,Void
train/pd/c6b92ba72ba66fbe_w10.png,c6b92ba72ba66fbe,10,Lab,Void
train/pd/c6b92ba72ba66fbe_w11.png,c6b92ba72ba66fbe,11,Lab,Void
train/pd/c6b92ba72ba66fbe_w17.png,c6b92ba72ba66fbe,17,Lab,Void
train/pd/c6b92ba72ba66fbe_w25.png,c6b92ba72ba66fbe,25,Lab,Void
train/pd/c6b92ba72ba66fbe_w26.png,c6b92ba72ba66fbe,26,Lab,Void
train/pd/c6b92ba72ba66fbe_w27.png,c6b92ba72ba66fbe,27,Lab,Void
train/pd/c6bbd91ebfd5ae40_w01.png,c6bbd91ebfd5ae40,1,Lab,Void
train/pd/c6bbd91ebfd5ae40_w10.png,c6bbd91ebfd5ae40,10,Lab,Void
train/pd/c6bbd91ebfd5ae40_w11.png,c6bbd91ebfd5ae40,11,Lab,Void
train/pd/c6bbd91ebfd5ae40_w17.png,c6bbd91ebfd5ae40,17,Lab,Void
train/pd/c6bbd91ebfd5ae40_w21.png,c6bbd91ebfd5ae40,21,Lab,Void
train/pd/c6bbd91ebfd5ae40_w22.png,c6bbd91ebfd5ae40,22,Lab,Void
train/pd/c6bbd91ebfd5ae40_w26.png,c6bbd91ebfd5ae40,26,Lab,Void
train/pd/c6bbd91ebfd5ae40_w27.png,c6bbd91ebfd5ae40,27,Lab,Void
train/pd/c6c26b761d1ccc2c_w02.png,c6c26b761d1ccc2c,2,Lab,Corona
train/pd/c6c26b761d1ccc2c_w04.png,c6c26b761d1ccc2c,4,Lab,Corona
train/pd/c6c26b761d1ccc2c_w07.png,c6c26b761d1ccc2c,7,Lab,Corona
train/pd/c6c26b761d1ccc2c_w08.png,c6c26b761d1ccc2c,8,Lab,Corona
train/pd/c6c26b761d1ccc2c_w09.png,c6c26b761d1ccc2c,9,Lab,Corona
train/pd/c6c26b761d1ccc2c_w17.png,c6c26b761d1ccc2c,17,Lab,Corona
train/pd/c6c26b761d1ccc2c_w19.png,c6c26b761d1ccc2c,19,Lab,Corona
train/pd/c6c26b761d1ccc2c_w21.png,c6c26b761d1ccc2c,21,Lab,Corona
train/pd/c6d8a9e1bb4b33b7_w00.png,c6d8a9e1bb4b33b7,0,Lab,Particle
train/pd/c6d8a9e1bb4b33b7_w01.png,c6d8a9e1bb4b33b7,1,Lab,Particle
train/pd/c6d8a9e1bb4b33b7_w02.png,c6d8a9e1bb4b33b7,2,Lab,Particle
train/pd/c6d8a9e1bb4b33b7_w06.png,c6d8a9e1bb4b33b7,6,Lab,Particle
train/pd/c6d8a9e1bb4b33b7_w12.png,c6d8a9e1bb4b33b7,12,Lab,Particle
train/pd/c6d8a9e1bb4b33b7_w18.png,c6d8a9e1bb4b33b7,18,Lab,Particle
train/pd/c6d8a9e1bb4b33b7_w23.png,c6d8a9e1bb4b33b7,23,Lab,Particle
train/pd/c6d8a9e1bb4b33b7_w24.png,c6d8a9e1bb4b33b7,24,Lab,Particle
train/pd/c719295c3d4eb83b_w05.png,c719295c3d4eb83b,5,Field,Void
train/pd/c719295c3d4eb83b_w06.png,c719295c3d4eb83b,6,Field,Void
train/pd/c719295c3d4eb83b_w11.png,c719295c3d4eb83b,11,Field,Void
train/pd/c719295c3d4eb83b_w14.png,c719295c3d4eb83b,14,Field,Void
train/pd/c719295c3d4eb83b_w18.png,c719295c3d4eb83b,18,Field,Void
train/pd/c719295c3d4eb83b_w25.png,c719295c3d4eb83b,25,Field,Void
train/pd/c719295c3d4eb83b_w26.png,c719295c3d4eb83b,26,Field,Void
train/pd/c719295c3d4eb83b_w27.png,c719295c3d4eb83b,27,Field,Void
train/pd/c740789c2f0bba8b_w01.png,c740789c2f0bba8b,1,Lab,Floating
train/pd/c740789c2f0bba8b_w02.png,c740789c2f0bba8b,2,Lab,Floating
train/pd/c740789c2f0bba8b_w03.png,c740789c2f0bba8b,3,Lab,Floating
train/pd/c740789c2f0bba8b_w06.png,c740789c2f0bba8b,6,Lab,Floating
train/pd/c740789c2f0bba8b_w11.png,c740789c2f0bba8b,11,Lab,Floating
train/pd/c740789c2f0bba8b_w12.png,c740789c2f0bba8b,12,Lab,Floating
train/pd/c740789c2f0bba8b_w17.png,c740789c2f0bba8b,17,Lab,Floating
train/pd/c740789c2f0bba8b_w24.png,c740789c2f0bba8b,24,Lab,Floating
train/pd/c7455a7adf48081d_w04.png,c7455a7adf48081d,4,Lab,Corona
train/pd/c7455a7adf48081d_w08.png,c7455a7adf48081d,8,Lab,Corona
train/pd/c7455a7adf48081d_w09.png,c7455a7adf48081d,9,Lab,Corona
train/pd/c7455a7adf48081d_w14.png,c7455a7adf48081d,14,Lab,Corona
train/pd/c7455a7adf48081d_w15.png,c7455a7adf48081d,15,Lab,Corona
train/pd/c7455a7adf48081d_w21.png,c7455a7adf48081d,21,Lab,Corona
train/pd/c7455a7adf48081d_w26.png,c7455a7adf48081d,26,Lab,Corona
train/pd/c7455a7adf48081d_w27.png,c7455a7adf48081d,27,Lab,Corona
train/pd/c751c2816a3ac3e4_w01.png,c751c2816a3ac3e4,1,Lab,Void
train/pd/c751c2816a3ac3e4_w03.png,c751c2816a3ac3e4,3,Lab,Void
train/pd/c751c2816a3ac3e4_w06.png,c751c2816a3ac3e4,6,Lab,Void
train/pd/c751c2816a3ac3e4_w09.png,c751c2816a3ac3e4,9,Lab,Void
train/pd/c751c2816a3ac3e4_w13.png,c751c2816a3ac3e4,13,Lab,Void
train/pd/c751c2816a3ac3e4_w18.png,c751c2816a3ac3e4,18,Lab,Void
train/pd/c751c2816a3ac3e4_w21.png,c751c2816a3ac3e4,21,Lab,Void
train/pd/c751c2816a3ac3e4_w23.png,c751c2816a3ac3e4,23,Lab,Void
train/pd/c7686241fb775c14_w05.png,c7686241fb775c14,5,Lab,Particle
train/pd/c7686241fb775c14_w06.png,c7686241fb775c14,6,Lab,Particle
train/pd/c7686241fb775c14_w08.png,c7686241fb775c14,8,Lab,Particle
train/pd/c7686241fb775c14_w13.png,c7686241fb775c14,13,Lab,Particle
train/pd/c7686241fb775c14_w20.png,c7686241fb775c14,20,Lab,Particle
train/pd/c7686241fb775c14_w21.png,c7686241fb775c14,21,Lab,Particle
train/pd/c7686241fb775c14_w24.png,c7686241fb775c14,24,Lab,Particle
train/pd/c7686241fb775c14_w26.png,c7686241fb775c14,26,Lab,Particle
train/pd/c76d752692189cfa_w03.png,c76d752692189cfa,3,Lab,Void
train/pd/c76d752692189cfa_w05.png,c76d752692189cfa,5,Lab,Void
train/pd/c76d752692189cfa_w09.png,c76d752692189cfa,9,Lab,Void
train/pd/c76d752692189cfa_w10.png,c76d752692189cfa,10,Lab,Void
train/pd/c76d752692189cfa_w12.png,c76d752692189cfa,12,Lab,Void
train/pd/c76d752692189cfa_w13.png,c76d752692189cfa,13,Lab,Void
train/pd/c76d752692189cfa_w19.png,c76d752692189cfa,19,Lab,Void
train/pd/c76d752692189cfa_w25.png,c76d752692189cfa,25,Lab,Void
train/pd/c76ff07fd002c1a0_w02.png,c76ff07fd002c1a0,2,Lab,Corona
train/pd/c76ff07fd002c1a0_w05.png,c76ff07fd002c1a0,5,Lab,Corona
train/pd/c76ff07fd002c1a0_w10.png,c76ff07fd002c1a0,10,Lab,Corona
train/pd/c76ff07fd002c1a0_w11.png,c76ff07fd002c1a0,11,Lab,Corona
train/pd/c76ff07fd002c1a0_w12.png,c76ff07fd002c1a0,12,Lab,Corona
train/pd/c76ff07fd002c1a0_w17.png,c76ff07fd002c1a0,17,Lab,Corona
train/pd/c76ff07fd002c1a0_w22.png,c76ff07fd002c1a0,22,Lab,Corona
train/pd/c76ff07fd002c1a0_w26.png,c76ff07fd002c1a0,26,Lab,Corona
train/pd/c7a3098779c409dd_w05.png,c7a3098779c409dd,5,Lab,Void
train/pd/c7a3098779c409dd_w12.png,c7a3098779c409dd,12,Lab,Void
train/pd/c7a3098779c409dd_w16.png,c7a3098779c409dd,16,Lab,Void
train/pd/c7a3098779c409dd_w17.png,c7a3098779c409dd,17,Lab,Void
train/pd/c7a3098779c409dd_w18.png,c7a3098779c409dd,18,Lab,Void
train/pd/c7a3098779c409dd_w21.png,c7a3098779c409dd,21,Lab,Void
train/pd/c7a3098779c409dd_w22.png,c7a3098779c409dd,22,Lab,Void
train/pd/c7a3098779c409dd_w26.png,c7a3098779c409dd,26,Lab,Void
train/pd/c7e6d39c513e0834_w01.png,c7e6d39c513e0834,1,Field,Floating
train/pd/c7e6d39c513e0834_w04.png,c7e6d39c513e0834,4,Field,Floating
train/pd/c7e6d39c513e0834_w08.png,c7e6d39c513e0834,8,Field,Floating
train/pd/c7e6d39c513e0834_w10.png,c7e6d39c513e0834,10,Field,Floating
train/pd/c7e6d39c513e0834_w19.png,c7e6d39c513e0834,19,Field,Floating
train/pd/c7e6d39c513e0834_w22.png,c7e6d39c513e0834,22,Field,Floating
train/pd/c7e6d39c513e0834_w23.png,c7e6d39c513e0834,23,Field,Floating
train/pd/c7e6d39c513e0834_w26.png,c7e6d39c513e0834,26,Field,Floating
train/pd/c81abfc8603585f7_w01.png,c81abfc8603585f7,1,Field,Corona
train/pd/c81abfc8603585f7_w08.png,c81abfc8603585f7,8,Field,Corona
train/pd/c81abfc8603585f7_w12.png,c81abfc8603585f7,12,Field,Corona
train/pd/c81abfc8603585f7_w13.png,c81abfc8603585f7,13,Field,Corona
train/pd/c81abfc8603585f7_w14.png,c81abfc8603585f7,14,Field,Corona
train/pd/c81abfc8603585f7_w16.png,c81abfc8603585f7,16,Field,Corona
train/pd/c81abfc8603585f7_w20.png,c81abfc8603585f7,20,Field,Corona
train/pd/c81abfc8603585f7_w24.png,c81abfc8603585f7,24,Field,Corona
train/pd/c81e32745d3c8e59_w00.png,c81e32745d3c8e59,0,Lab,Void
train/pd/c81e32745d3c8e59_w01.png,c81e32745d3c8e59,1,Lab,Void
train/pd/c81e32745d3c8e59_w09.png,c81e32745d3c8e59,9,Lab,Void
train/pd/c81e32745d3c8e59_w13.png,c81e32745d3c8e59,13,Lab,Void
train/pd/c81e32745d3c8e59_w21.png,c81e32745d3c8e59,21,Lab,Void
train/pd/c81e32745d3c8e59_w22.png,c81e32745d3c8e59,22,Lab,Void
train/pd/c81e32745d3c8e59_w25.png,c81e32745d3c8e59,25,Lab,Void
train/pd/c81e32745d3c8e59_w26.png,c81e32745d3c8e59,26,Lab,Void
train/pd/c82f64a561030c30_w05.png,c82f64a561030c30,5,Lab,Corona
train/pd/c82f64a561030c30_w06.png,c82f64a561030c30,6,Lab,Corona
train/pd/c82f64a561030c30_w08.png,c82f64a561030c30,8,Lab,Corona
train/pd/c82f64a561030c30_w09.png,c82f64a561030c30,9,Lab,Corona
train/pd/c82f64a561030c30_w11.png,c82f64a561030c30,11,Lab,Corona
train/pd/c82f64a561030c30_w14.png,c82f64a561030c30,14,Lab,Corona
train/pd/c82f64a561030c30_w20.png,c82f64a561030c30,20,Lab,Corona
train/pd/c82f64a561030c30_w23.png,c82f64a561030c30,23,Lab,Corona
train/pd/c83402851cee2c5d_w02.png,c83402851cee2c5d,2,Lab,Particle
train/pd/c83402851cee2c5d_w11.png,c83402851cee2c5d,11,Lab,Particle
train/pd/c83402851cee2c5d_w13.png,c83402851cee2c5d,13,Lab,Particle
train/pd/c83402851cee2c5d_w14.png,c83402851cee2c5d,14,Lab,Particle
train/pd/c83402851cee2c5d_w15.png,c83402851cee2c5d,15,Lab,Particle
train/pd/c83402851cee2c5d_w17.png,c83402851cee2c5d,17,Lab,Particle
train/pd/c83402851cee2c5d_w21.png,c83402851cee2c5d,21,Lab,Particle
train/pd/c83402851cee2c5d_w22.png,c83402851cee2c5d,22,Lab,Particle
train/pd/c85df574e1ca2081_w00.png,c85df574e1ca2081,0,Lab,Floating
train/pd/c85df574e1ca2081_w04.png,c85df574e1ca2081,4,Lab,Floating
train/pd/c85df574e1ca2081_w09.png,c85df574e1ca2081,9,Lab,Floating
train/pd/c85df574e1ca2081_w11.png,c85df574e1ca2081,11,Lab,Floating
train/pd/c85df574e1ca2081_w13.png,c85df574e1ca2081,13,Lab,Floating
train/pd/c85df574e1ca2081_w16.png,c85df574e1ca2081,16,Lab,Floating
train/pd/c85df574e1ca2081_w19.png,c85df574e1ca2081,19,Lab,Floating
train/pd/c85df574e1ca2081_w20.png,c85df574e1ca2081,20,Lab,Floating
train/pd/c86a37f575a3ddaa_w01.png,c86a37f575a3ddaa,1,Lab,Void
train/pd/c86a37f575a3ddaa_w02.png,c86a37f575a3ddaa,2,Lab,Void
train/pd/c86a37f575a3ddaa_w05.png,c86a37f575a3ddaa,5,Lab,Void
train/pd/c86a37f575a3ddaa_w07.png,c86a37f575a3ddaa,7,Lab,Void
train/pd/c86a37f575a3ddaa_w18.png,c86a37f575a3ddaa,18,Lab,Void
train/pd/c86a37f575a3ddaa_w20.png,c86a37f575a3ddaa,20,Lab,Void
train/pd/c86a37f575a3ddaa_w23.png,c86a37f575a3ddaa,23,Lab,Void
train/pd/c86a37f575a3ddaa_w27.png,c86a37f575a3ddaa,27,Lab,Void
train/pd/c889ac65710f31e4_w00.png,c889ac65710f31e4,0,Lab,Particle
train/pd/c889ac65710f31e4_w09.png,c889ac65710f31e4,9,Lab,Particle
train/pd/c889ac65710f31e4_w11.png,c889ac65710f31e4,11,Lab,Particle
train/pd/c889ac65710f31e4_w14.png,c889ac65710f31e4,14,Lab,Particle
train/pd/c889ac65710f31e4_w20.png,c889ac65710f31e4,20,Lab,Particle
train/pd/c889ac65710f31e4_w22.png,c889ac65710f31e4,22,Lab,Particle
train/pd/c889ac65710f31e4_w23.png,c889ac65710f31e4,23,Lab,Particle
train/pd/c889ac65710f31e4_w24.png,c889ac65710f31e4,24,Lab,Particle
train/pd/c895d05c37d69bb8_w03.png,c895d05c37d69bb8,3,Lab,Corona
train/pd/c895d05c37d69bb8_w04.png,c895d05c37d69bb8,4,Lab,Corona
train/pd/c895d05c37d69bb8_w12.png,c895d05c37d69bb8,12,Lab,Corona
train/pd/c895d05c37d69bb8_w13.png,c895d05c37d69bb8,13,Lab,Corona
train/pd/c895d05c37d69bb8_w15.png,c895d05c37d69bb8,15,Lab,Corona
train/pd/c895d05c37d69bb8_w18.png,c895d05c37d69bb8,18,Lab,Corona
train/pd/c895d05c37d69bb8_w22.png,c895d05c37d69bb8,22,Lab,Corona
train/pd/c895d05c37d69bb8_w23.png,c895d05c37d69bb8,23,Lab,Corona
train/pd/c89931d2ea9b3ff1_w01.png,c89931d2ea9b3ff1,1,Lab,Void
train/pd/c89931d2ea9b3ff1_w04.png,c89931d2ea9b3ff1,4,Lab,Void
train/pd/c89931d2ea9b3ff1_w09.png,c89931d2ea9b3ff1,9,Lab,Void
train/pd/c89931d2ea9b3ff1_w10.png,c89931d2ea9b3ff1,10,Lab,Void
train/pd/c89931d2ea9b3ff1_w12.png,c89931d2ea9b3ff1,12,Lab,Void
train/pd/c89931d2ea9b3ff1_w16.png,c89931d2ea9b3ff1,16,Lab,Void
train/pd/c89931d2ea9b3ff1_w25.png,c89931d2ea9b3ff1,25,Lab,Void
train/pd/c89931d2ea9b3ff1_w27.png,c89931d2ea9b3ff1,27,Lab,Void
train/pd/c8a35286e0dc2835_w00.png,c8a35286e0dc2835,0,Lab,Void
train/pd/c8a35286e0dc2835_w02.png,c8a35286e0dc2835,2,Lab,Void
train/pd/c8a35286e0dc2835_w03.png,c8a35286e0dc2835,3,Lab,Void
train/pd/c8a35286e0dc2835_w05.png,c8a35286e0dc2835,5,Lab,Void
train/pd/c8a35286e0dc2835_w10.png,c8a35286e0dc2835,10,Lab,Void
train/pd/c8a35286e0dc2835_w13.png,c8a35286e0dc2835,13,Lab,Void
train/pd/c8a35286e0dc2835_w21.png,c8a35286e0dc2835,21,Lab,Void
train/pd/c8a35286e0dc2835_w26.png,c8a35286e0dc2835,26,Lab,Void
train/pd/c8d494db6e96ae62_w00.png,c8d494db6e96ae62,0,Lab,Particle
train/pd/c8d494db6e96ae62_w03.png,c8d494db6e96ae62,3,Lab,Particle
train/pd/c8d494db6e96ae62_w04.png,c8d494db6e96ae62,4,Lab,Particle
train/pd/c8d494db6e96ae62_w11.png,c8d494db6e96ae62,11,Lab,Particle
train/pd/c8d494db6e96ae62_w14.png,c8d494db6e96ae62,14,Lab,Particle
train/pd/c8d494db6e96ae62_w15.png,c8d494db6e96ae62,15,Lab,Particle
train/pd/c8d494db6e96ae62_w17.png,c8d494db6e96ae62,17,Lab,Particle
train/pd/c8d494db6e96ae62_w18.png,c8d494db6e96ae62,18,Lab,Particle
train/pd/c8e560ebf77333ca_w00.png,c8e560ebf77333ca,0,Lab,Corona
train/pd/c8e560ebf77333ca_w01.png,c8e560ebf77333ca,1,Lab,Corona
train/pd/c8e560ebf77333ca_w04.png,c8e560ebf77333ca,4,Lab,Corona
train/pd/c8e560ebf77333ca_w08.png,c8e560ebf77333ca,8,Lab,Corona
train/pd/c8e560ebf77333ca_w18.png,c8e560ebf77333ca,18,Lab,Corona
train/pd/c8e560ebf77333ca_w20.png,c8e560ebf77333ca,20,Lab,Corona
train/pd/c8e560ebf77333ca_w25.png,c8e560ebf77333ca,25,Lab,Corona
train/pd/c8e560ebf77333ca_w27.png,c8e560ebf77333ca,27,Lab,Corona
train/pd/c908a59e2cdc7acd_w02.png,c908a59e2cdc7acd,2,Lab,Void
train/pd/c908a59e2cdc7acd_w09.png,c908a59e2cdc7acd,9,Lab,Void
train/pd/c908a59e2cdc7acd_w10.png,c908a59e2cdc7acd,10,Lab,Void
train/pd/c908a59e2cdc7acd_w11.png,c908a59e2cdc7acd,11,Lab,Void
train/pd/c908a59e2cdc7acd_w15.png,c908a59e2cdc7acd,15,Lab,Void
train/pd/c908a59e2cdc7acd_w20.png,c908a59e2cdc7acd,20,Lab,Void
train/pd/c908a59e2cdc7acd_w22.png,c908a59e2cdc7acd,22,Lab,Void
train/pd/c908a59e2cdc7acd_w27.png,c908a59e2cdc7acd,27,Lab,Void
train/pd/c91c616a5368e91a_w04.png,c91c616a5368e91a,4,Lab,Particle
train/pd/c91c616a5368e91a_w05.png,c91c616a5368e91a,5,Lab,Particle
train/pd/c91c616a5368e91a_w06.png,c91c616a5368e91a,6,Lab,Particle
train/pd/c91c616a5368e91a_w07.png,c91c616a5368e91a,7,Lab,Particle
train/pd/c91c616a5368e91a_w11.png,c91c616a5368e91a,11,Lab,Particle
train/pd/c91c616a5368e91a_w13.png,c91c616a5368e91a,13,Lab,Particle
train/pd/c91c616a5368e91a_w18.png,c91c616a5368e91a,18,Lab,Particle
train/pd/c91c616a5368e91a_w26.png,c91c616a5368e91a,26,Lab,Particle
train/pd/c921eae8552ad373_w00.png,c921eae8552ad373,0,Lab,Corona
train/pd/c921eae8552ad373_w01.png,c921eae8552ad373,1,Lab,Corona
train/pd/c921eae8552ad373_w06.png,c921eae8552ad373,6,Lab,Corona
train/pd/c921eae8552ad373_w08.png,c921eae8552ad373,8,Lab,Corona
train/pd/c921eae8552ad373_w09.png,c921eae8552ad373,9,Lab,Corona
train/pd/c921eae8552ad373_w12.png,c921eae8552ad373,12,Lab,Corona
train/pd/c921eae8552ad373_w17.png,c921eae8552ad373,17,Lab,Corona
train/pd/c921eae8552ad373_w25.png,c921eae8552ad373,25,Lab,Corona
train/pd/c95da34a6eaf2bd0_w01.png,c95da34a6eaf2bd0,1,Lab,Void
train/pd/c95da34a6eaf2bd0_w05.png,c95da34a6eaf2bd0,5,Lab,Void
train/pd/c95da34a6eaf2bd0_w06.png,c95da34a6eaf2bd0,6,Lab,Void
train/pd/c95da34a6eaf2bd0_w12.png,c95da34a6eaf2bd0,12,Lab,Void
train/pd/c95da34a6eaf2bd0_w13.png,c95da34a6eaf2bd0,13,Lab,Void
train/pd/c95da34a6eaf2bd0_w19.png,c95da34a6eaf2bd0,19,Lab,Void
train/pd/c95da34a6eaf2bd0_w22.png,c95da34a6eaf2bd0,22,Lab,Void
train/pd/c95da34a6eaf2bd0_w23.png,c95da34a6eaf2bd0,23,Lab,Void
train/pd/c98ca53c42a02594_w04.png,c98ca53c42a02594,4,Lab,Void
train/pd/c98ca53c42a02594_w10.png,c98ca53c42a02594,10,Lab,Void
train/pd/c98ca53c42a02594_w11.png,c98ca53c42a02594,11,Lab,Void
train/pd/c98ca53c42a02594_w12.png,c98ca53c42a02594,12,Lab,Void
train/pd/c98ca53c42a02594_w17.png,c98ca53c42a02594,17,Lab,Void
train/pd/c98ca53c42a02594_w19.png,c98ca53c42a02594,19,Lab,Void
train/pd/c98ca53c42a02594_w24.png,c98ca53c42a02594,24,Lab,Void
train/pd/c98ca53c42a02594_w27.png,c98ca53c42a02594,27,Lab,Void
train/pd/c9e6d71fd4edf39e_w00.png,c9e6d71fd4edf39e,0,Lab,Particle
train/pd/c9e6d71fd4edf39e_w02.png,c9e6d71fd4edf39e,2,Lab,Particle
train/pd/c9e6d71fd4edf39e_w06.png,c9e6d71fd4edf39e,6,Lab,Particle
train/pd/c9e6d71fd4edf39e_w12.png,c9e6d71fd4edf39e,12,Lab,Particle
train/pd/c9e6d71fd4edf39e_w13.png,c9e6d71fd4edf39e,13,Lab,Particle
train/pd/c9e6d71fd4edf39e_w16.png,c9e6d71fd4edf39e,16,Lab,Particle
train/pd/c9e6d71fd4edf39e_w17.png,c9e6d71fd4edf39e,17,Lab,Particle
train/pd/c9e6d71fd4edf39e_w23.png,c9e6d71fd4edf39e,23,Lab,Particle
train/pd/ca15f11903e9d5aa_w00.png,ca15f11903e9d5aa,0,Lab,Particle
train/pd/ca15f11903e9d5aa_w05.png,ca15f11903e9d5aa,5,Lab,Particle
train/pd/ca15f11903e9d5aa_w08.png,ca15f11903e9d5aa,8,Lab,Particle
train/pd/ca15f11903e9d5aa_w13.png,ca15f11903e9d5aa,13,Lab,Particle
train/pd/ca15f11903e9d5aa_w16.png,ca15f11903e9d5aa,16,Lab,Particle
train/pd/ca15f11903e9d5aa_w18.png,ca15f11903e9d5aa,18,Lab,Particle
train/pd/ca15f11903e9d5aa_w19.png,ca15f11903e9d5aa,19,Lab,Particle
train/pd/ca15f11903e9d5aa_w23.png,ca15f11903e9d5aa,23,Lab,Particle
train/pd/ca27b4aea180f620_w04.png,ca27b4aea180f620,4,Field,Void
train/pd/ca27b4aea180f620_w07.png,ca27b4aea180f620,7,Field,Void
train/pd/ca27b4aea180f620_w09.png,ca27b4aea180f620,9,Field,Void
train/pd/ca27b4aea180f620_w16.png,ca27b4aea180f620,16,Field,Void
train/pd/ca27b4aea180f620_w21.png,ca27b4aea180f620,21,Field,Void
train/pd/ca27b4aea180f620_w22.png,ca27b4aea180f620,22,Field,Void
train/pd/ca27b4aea180f620_w25.png,ca27b4aea180f620,25,Field,Void
train/pd/ca27b4aea180f620_w26.png,ca27b4aea180f620,26,Field,Void
train/pd/ca52f1671d6778d1_w01.png,ca52f1671d6778d1,1,Lab,Floating
train/pd/ca52f1671d6778d1_w03.png,ca52f1671d6778d1,3,Lab,Floating
train/pd/ca52f1671d6778d1_w06.png,ca52f1671d6778d1,6,Lab,Floating
train/pd/ca52f1671d6778d1_w07.png,ca52f1671d6778d1,7,Lab,Floating
train/pd/ca52f1671d6778d1_w13.png,ca52f1671d6778d1,13,Lab,Floating
train/pd/ca52f1671d6778d1_w18.png,ca52f1671d6778d1,18,Lab,Floating
train/pd/ca52f1671d6778d1_w23.png,ca52f1671d6778d1,23,Lab,Floating
train/pd/ca52f1671d6778d1_w27.png,ca52f1671d6778d1,27,Lab,Floating
train/pd/ca55853e74b16d67_w09.png,ca55853e74b16d67,9,Lab,Corona
train/pd/ca55853e74b16d67_w10.png,ca55853e74b16d67,10,Lab,Corona
train/pd/ca55853e74b16d67_w14.png,ca55853e74b16d67,14,Lab,Corona
train/pd/ca55853e74b16d67_w19.png,ca55853e74b16d67,19,Lab,Corona
train/pd/ca55853e74b16d67_w20.png,ca55853e74b16d67,20,Lab,Corona
train/pd/ca55853e74b16d67_w22.png,ca55853e74b16d67,22,Lab,Corona
train/pd/ca55853e74b16d67_w23.png,ca55853e74b16d67,23,Lab,Corona
train/pd/ca55853e74b16d67_w26.png,ca55853e74b16d67,26,Lab,Corona
train/pd/ca5f3e76f1ae0340_w01.png,ca5f3e76f1ae0340,1,Lab,Particle
train/pd/ca5f3e76f1ae0340_w03.png,ca5f3e76f1ae0340,3,Lab,Particle
train/pd/ca5f3e76f1ae0340_w04.png,ca5f3e76f1ae0340,4,Lab,Particle
train/pd/ca5f3e76f1ae0340_w08.png,ca5f3e76f1ae0340,8,Lab,Particle
train/pd/ca5f3e76f1ae0340_w16.png,ca5f3e76f1ae0340,16,Lab,Particle
train/pd/ca5f3e76f1ae0340_w17.png,ca5f3e76f1ae0340,17,Lab,Particle
train/pd/ca5f3e76f1ae0340_w21.png,ca5f3e76f1ae0340,21,Lab,Particle
train/pd/ca5f3e76f1ae0340_w22.png,ca5f3e76f1ae0340,22,Lab,Particle
train/pd/ca642b76f62bb696_w00.png,ca642b76f62bb696,0,Lab,Void
train/pd/ca642b76f62bb696_w01.png,ca642b76f62bb696,1,Lab,Void
train/pd/ca642b76f62bb696_w07.png,ca642b76f62bb696,7,Lab,Void
train/pd/ca642b76f62bb696_w11.png,ca642b76f62bb696,11,Lab,Void
train/pd/ca642b76f62bb696_w12.png,ca642b76f62bb696,12,Lab,Void
train/pd/ca642b76f62bb696_w14.png,ca642b76f62bb696,14,Lab,Void
train/pd/ca642b76f62bb696_w19.png,ca642b76f62bb696,19,Lab,Void
train/pd/ca642b76f62bb696_w25.png,ca642b76f62bb696,25,Lab,Void
train/pd/ca76f95dd36a0c37_w01.png,ca76f95dd36a0c37,1,Lab,Corona
train/pd/ca76f95dd36a0c37_w03.png,ca76f95dd36a0c37,3,Lab,Corona
train/pd/ca76f95dd36a0c37_w06.png,ca76f95dd36a0c37,6,Lab,Corona
train/pd/ca76f95dd36a0c37_w08.png,ca76f95dd36a0c37,8,Lab,Corona
train/pd/ca76f95dd36a0c37_w09.png,ca76f95dd36a0c37,9,Lab,Corona
train/pd/ca76f95dd36a0c37_w16.png,ca76f95dd36a0c37,16,Lab,Corona
train/pd/ca76f95dd36a0c37_w25.png,ca76f95dd36a0c37,25,Lab,Corona
train/pd/ca76f95dd36a0c37_w27.png,ca76f95dd36a0c37,27,Lab,Corona
train/pd/ca7abe84258f3aef_w00.png,ca7abe84258f3aef,0,Lab,Void
train/pd/ca7abe84258f3aef_w07.png,ca7abe84258f3aef,7,Lab,Void
train/pd/ca7abe84258f3aef_w08.png,ca7abe84258f3aef,8,Lab,Void
train/pd/ca7abe84258f3aef_w11.png,ca7abe84258f3aef,11,Lab,Void
train/pd/ca7abe84258f3aef_w16.png,ca7abe84258f3aef,16,Lab,Void
train/pd/ca7abe84258f3aef_w20.png,ca7abe84258f3aef,20,Lab,Void
train/pd/ca7abe84258f3aef_w22.png,ca7abe84258f3aef,22,Lab,Void
train/pd/ca7abe84258f3aef_w26.png,ca7abe84258f3aef,26,Lab,Void
train/pd/ca80d9be4ba6163c_w01.png,ca80d9be4ba6163c,1,Lab,Corona
train/pd/ca80d9be4ba6163c_w02.png,ca80d9be4ba6163c,2,Lab,Corona
train/pd/ca80d9be4ba6163c_w08.png,ca80d9be4ba6163c,8,Lab,Corona
train/pd/ca80d9be4ba6163c_w10.png,ca80d9be4ba6163c,10,Lab,Corona
train/pd/ca80d9be4ba6163c_w15.png,ca80d9be4ba6163c,15,Lab,Corona
train/pd/ca80d9be4ba6163c_w20.png,ca80d9be4ba6163c,20,Lab,Corona
train/pd/ca80d9be4ba6163c_w21.png,ca80d9be4ba6163c,21,Lab,Corona
train/pd/ca80d9be4ba6163c_w27.png,ca80d9be4ba6163c,27,Lab,Corona
train/pd/cabc2745a923bc1c_w01.png,cabc2745a923bc1c,1,Field,Floating
train/pd/cabc2745a923bc1c_w06.png,cabc2745a923bc1c,6,Field,Floating
train/pd/cabc2745a923bc1c_w09.png,cabc2745a923bc1c,9,Field,Floating
train/pd/cabc2745a923bc1c_w11.png,cabc2745a923bc1c,11,Field,Floating
train/pd/cabc2745a923bc1c_w13.png,cabc2745a923bc1c,13,Field,Floating
train/pd/cabc2745a923bc1c_w16.png,cabc2745a923bc1c,16,Field,Floating
train/pd/cabc2745a923bc1c_w23.png,cabc2745a923bc1c,23,Field,Floating
train/pd/cabc2745a923bc1c_w24.png,cabc2745a923bc1c,24,Field,Floating
train/pd/caf62f5e2bccab6c_w01.png,caf62f5e2bccab6c,1,Lab,Void
train/pd/caf62f5e2bccab6c_w04.png,caf62f5e2bccab6c,4,Lab,Void
train/pd/caf62f5e2bccab6c_w06.png,caf62f5e2bccab6c,6,Lab,Void
train/pd/caf62f5e2bccab6c_w10.png,caf62f5e2bccab6c,10,Lab,Void
train/pd/caf62f5e2bccab6c_w14.png,caf62f5e2bccab6c,14,Lab,Void
train/pd/caf62f5e2bccab6c_w15.png,caf62f5e2bccab6c,15,Lab,Void
train/pd/caf62f5e2bccab6c_w17.png,caf62f5e2bccab6c,17,Lab,Void
train/pd/caf62f5e2bccab6c_w18.png,caf62f5e2bccab6c,18,Lab,Void
train/pd/caffe39b02efc645_w00.png,caffe39b02efc645,0,Field,Floating
train/pd/caffe39b02efc645_w02.png,caffe39b02efc645,2,Field,Floating
train/pd/caffe39b02efc645_w03.png,caffe39b02efc645,3,Field,Floating
train/pd/caffe39b02efc645_w05.png,caffe39b02efc645,5,Field,Floating
train/pd/caffe39b02efc645_w15.png,caffe39b02efc645,15,Field,Floating
train/pd/caffe39b02efc645_w19.png,caffe39b02efc645,19,Field,Floating
train/pd/caffe39b02efc645_w24.png,caffe39b02efc645,24,Field,Floating
train/pd/caffe39b02efc645_w26.png,caffe39b02efc645,26,Field,Floating
train/pd/cb2e31fc51614f3e_w05.png,cb2e31fc51614f3e,5,Lab,Void
train/pd/cb2e31fc51614f3e_w07.png,cb2e31fc51614f3e,7,Lab,Void
train/pd/cb2e31fc51614f3e_w09.png,cb2e31fc51614f3e,9,Lab,Void
train/pd/cb2e31fc51614f3e_w12.png,cb2e31fc51614f3e,12,Lab,Void
train/pd/cb2e31fc51614f3e_w19.png,cb2e31fc51614f3e,19,Lab,Void
train/pd/cb2e31fc51614f3e_w21.png,cb2e31fc51614f3e,21,Lab,Void
train/pd/cb2e31fc51614f3e_w25.png,cb2e31fc51614f3e,25,Lab,Void
train/pd/cb2e31fc51614f3e_w27.png,cb2e31fc51614f3e,27,Lab,Void
train/pd/cb7d7e3ffccbe4f3_w06.png,cb7d7e3ffccbe4f3,6,Lab,Void
train/pd/cb7d7e3ffccbe4f3_w07.png,cb7d7e3ffccbe4f3,7,Lab,Void
train/pd/cb7d7e3ffccbe4f3_w12.png,cb7d7e3ffccbe4f3,12,Lab,Void
train/pd/cb7d7e3ffccbe4f3_w14.png,cb7d7e3ffccbe4f3,14,Lab,Void
train/pd/cb7d7e3ffccbe4f3_w15.png,cb7d7e3ffccbe4f3,15,Lab,Void
train/pd/cb7d7e3ffccbe4f3_w17.png,cb7d7e3ffccbe4f3,17,Lab,Void
train/pd/cb7d7e3ffccbe4f3_w20.png,cb7d7e3ffccbe4f3,20,Lab,Void
train/pd/cb7d7e3ffccbe4f3_w23.png,cb7d7e3ffccbe4f3,23,Lab,Void
train/pd/cb84365a1a73ac0e_w01.png,cb84365a1a73ac0e,1,Lab,Particle
train/pd/cb84365a1a73ac0e_w07.png,cb84365a1a73ac0e,7,Lab,Particle
train/pd/cb84365a1a73ac0e_w09.png,cb84365a1a73ac0e,9,Lab,Particle
train/pd/cb84365a1a73ac0e_w10.png,cb84365a1a73ac0e,10,Lab,Particle
train/pd/cb84365a1a73ac0e_w11.png,cb84365a1a73ac0e,11,Lab,Particle
train/pd/cb84365a1a73ac0e_w14.png,cb84365a1a73ac0e,14,Lab,Particle
train/pd/cb84365a1a73ac0e_w18.png,cb84365a1a73ac0e,18,Lab,Particle
train/pd/cb84365a1a73ac0e_w24.png,cb84365a1a73ac0e,24,Lab,Particle
train/pd/cb99aa5cf725d1ad_w03.png,cb99aa5cf725d1ad,3,Lab,Particle
train/pd/cb99aa5cf725d1ad_w04.png,cb99aa5cf725d1ad,4,Lab,Particle
train/pd/cb99aa5cf725d1ad_w06.png,cb99aa5cf725d1ad,6,Lab,Particle
train/pd/cb99aa5cf725d1ad_w10.png,cb99aa5cf725d1ad,10,Lab,Particle
train/pd/cb99aa5cf725d1ad_w16.png,cb99aa5cf725d1ad,16,Lab,Particle
train/pd/cb99aa5cf725d1ad_w18.png,cb99aa5cf725d1ad,18,Lab,Particle
train/pd/cb99aa5cf725d1ad_w22.png,cb99aa5cf725d1ad,22,Lab,Particle
train/pd/cb99aa5cf725d1ad_w24.png,cb99aa5cf725d1ad,24,Lab,Particle
train/pd/cbcfc256c0b317ab_w01.png,cbcfc256c0b317ab,1,Field,Void
train/pd/cbcfc256c0b317ab_w04.png,cbcfc256c0b317ab,4,Field,Void
train/pd/cbcfc256c0b317ab_w11.png,cbcfc256c0b317ab,11,Field,Void
train/pd/cbcfc256c0b317ab_w12.png,cbcfc256c0b317ab,12,Field,Void
train/pd/cbcfc256c0b317ab_w16.png,cbcfc256c0b317ab,16,Field,Void
train/pd/cbcfc256c0b317ab_w19.png,cbcfc256c0b317ab,19,Field,Void
train/pd/cbcfc256c0b317ab_w26.png,cbcfc256c0b317ab,26,Field,Void
train/pd/cbcfc256c0b317ab_w27.png,cbcfc256c0b317ab,27,Field,Void
train/pd/cbd208cbe07513d9_w01.png,cbd208cbe07513d9,1,Lab,Void
train/pd/cbd208cbe07513d9_w05.png,cbd208cbe07513d9,5,Lab,Void
train/pd/cbd208cbe07513d9_w06.png,cbd208cbe07513d9,6,Lab,Void
train/pd/cbd208cbe07513d9_w09.png,cbd208cbe07513d9,9,Lab,Void
train/pd/cbd208cbe07513d9_w11.png,cbd208cbe07513d9,11,Lab,Void
train/pd/cbd208cbe07513d9_w19.png,cbd208cbe07513d9,19,Lab,Void
train/pd/cbd208cbe07513d9_w22.png,cbd208cbe07513d9,22,Lab,Void
train/pd/cbd208cbe07513d9_w24.png,cbd208cbe07513d9,24,Lab,Void
train/pd/cbde59b4fff0ec82_w02.png,cbde59b4fff0ec82,2,Lab,Void
train/pd/cbde59b4fff0ec82_w08.png,cbde59b4fff0ec82,8,Lab,Void
train/pd/cbde59b4fff0ec82_w11.png,cbde59b4fff0ec82,11,Lab,Void
train/pd/cbde59b4fff0ec82_w14.png,cbde59b4fff0ec82,14,Lab,Void
train/pd/cbde59b4fff0ec82_w21.png,cbde59b4fff0ec82,21,Lab,Void
train/pd/cbde59b4fff0ec82_w23.png,cbde59b4fff0ec82,23,Lab,Void
train/pd/cbde59b4fff0ec82_w24.png,cbde59b4fff0ec82,24,Lab,Void
train/pd/cbde59b4fff0ec82_w26.png,cbde59b4fff0ec82,26,Lab,Void
train/pd/cbf5e72536451544_w01.png,cbf5e72536451544,1,Lab,Corona
train/pd/cbf5e72536451544_w02.png,cbf5e72536451544,2,Lab,Corona
train/pd/cbf5e72536451544_w03.png,cbf5e72536451544,3,Lab,Corona
train/pd/cbf5e72536451544_w06.png,cbf5e72536451544,6,Lab,Corona
train/pd/cbf5e72536451544_w10.png,cbf5e72536451544,10,Lab,Corona
train/pd/cbf5e72536451544_w12.png,cbf5e72536451544,12,Lab,Corona
train/pd/cbf5e72536451544_w14.png,cbf5e72536451544,14,Lab,Corona
train/pd/cbf5e72536451544_w18.png,cbf5e72536451544,18,Lab,Corona
train/pd/cbf6ecfc7805e6bf_w10.png,cbf6ecfc7805e6bf,10,Lab,Floating
train/pd/cbf6ecfc7805e6bf_w14.png,cbf6ecfc7805e6bf,14,Lab,Floating
train/pd/cbf6ecfc7805e6bf_w16.png,cbf6ecfc7805e6bf,16,Lab,Floating
train/pd/cbf6ecfc7805e6bf_w19.png,cbf6ecfc7805e6bf,19,Lab,Floating
train/pd/cbf6ecfc7805e6bf_w23.png,cbf6ecfc7805e6bf,23,Lab,Floating
train/pd/cbf6ecfc7805e6bf_w25.png,cbf6ecfc7805e6bf,25,Lab,Floating
train/pd/cbf6ecfc7805e6bf_w26.png,cbf6ecfc7805e6bf,26,Lab,Floating
train/pd/cbf6ecfc7805e6bf_w27.png,cbf6ecfc7805e6bf,27,Lab,Floating
train/pd/cc01cb83dc596102_w01.png,cc01cb83dc596102,1,Lab,Floating
train/pd/cc01cb83dc596102_w04.png,cc01cb83dc596102,4,Lab,Floating
train/pd/cc01cb83dc596102_w07.png,cc01cb83dc596102,7,Lab,Floating
train/pd/cc01cb83dc596102_w14.png,cc01cb83dc596102,14,Lab,Floating
train/pd/cc01cb83dc596102_w15.png,cc01cb83dc596102,15,Lab,Floating
train/pd/cc01cb83dc596102_w16.png,cc01cb83dc596102,16,Lab,Floating
train/pd/cc01cb83dc596102_w19.png,cc01cb83dc596102,19,Lab,Floating
train/pd/cc01cb83dc596102_w26.png,cc01cb83dc596102,26,Lab,Floating
train/pd/cc046324dfba2a9e_w01.png,cc046324dfba2a9e,1,Lab,Floating
train/pd/cc046324dfba2a9e_w02.png,cc046324dfba2a9e,2,Lab,Floating
train/pd/cc046324dfba2a9e_w09.png,cc046324dfba2a9e,9,Lab,Floating
train/pd/cc046324dfba2a9e_w15.png,cc046324dfba2a9e,15,Lab,Floating
train/pd/cc046324dfba2a9e_w22.png,cc046324dfba2a9e,22,Lab,Floating
train/pd/cc046324dfba2a9e_w23.png,cc046324dfba2a9e,23,Lab,Floating
train/pd/cc046324dfba2a9e_w25.png,cc046324dfba2a9e,25,Lab,Floating
train/pd/cc046324dfba2a9e_w27.png,cc046324dfba2a9e,27,Lab,Floating
train/pd/cc48c217b315bc99_w04.png,cc48c217b315bc99,4,Lab,Corona
train/pd/cc48c217b315bc99_w08.png,cc48c217b315bc99,8,Lab,Corona
train/pd/cc48c217b315bc99_w12.png,cc48c217b315bc99,12,Lab,Corona
train/pd/cc48c217b315bc99_w13.png,cc48c217b315bc99,13,Lab,Corona
train/pd/cc48c217b315bc99_w15.png,cc48c217b315bc99,15,Lab,Corona
train/pd/cc48c217b315bc99_w16.png,cc48c217b315bc99,16,Lab,Corona
train/pd/cc48c217b315bc99_w22.png,cc48c217b315bc99,22,Lab,Corona
train/pd/cc48c217b315bc99_w25.png,cc48c217b315bc99,25,Lab,Corona
train/pd/ccb6019684ba9fce_w04.png,ccb6019684ba9fce,4,Field,Void
train/pd/ccb6019684ba9fce_w05.png,ccb6019684ba9fce,5,Field,Void
train/pd/ccb6019684ba9fce_w07.png,ccb6019684ba9fce,7,Field,Void
train/pd/ccb6019684ba9fce_w10.png,ccb6019684ba9fce,10,Field,Void
train/pd/ccb6019684ba9fce_w14.png,ccb6019684ba9fce,14,Field,Void
train/pd/ccb6019684ba9fce_w15.png,ccb6019684ba9fce,15,Field,Void
train/pd/ccb6019684ba9fce_w21.png,ccb6019684ba9fce,21,Field,Void
train/pd/ccb6019684ba9fce_w23.png,ccb6019684ba9fce,23,Field,Void
train/pd/cd3076f5a551ff1a_w03.png,cd3076f5a551ff1a,3,Lab,Particle
train/pd/cd3076f5a551ff1a_w09.png,cd3076f5a551ff1a,9,Lab,Particle
train/pd/cd3076f5a551ff1a_w10.png,cd3076f5a551ff1a,10,Lab,Particle
train/pd/cd3076f5a551ff1a_w11.png,cd3076f5a551ff1a,11,Lab,Particle
train/pd/cd3076f5a551ff1a_w15.png,cd3076f5a551ff1a,15,Lab,Particle
train/pd/cd3076f5a551ff1a_w21.png,cd3076f5a551ff1a,21,Lab,Particle
train/pd/cd3076f5a551ff1a_w25.png,cd3076f5a551ff1a,25,Lab,Particle
train/pd/cd3076f5a551ff1a_w26.png,cd3076f5a551ff1a,26,Lab,Particle
train/pd/cd331148f0ed12bb_w00.png,cd331148f0ed12bb,0,Lab,Particle
train/pd/cd331148f0ed12bb_w03.png,cd331148f0ed12bb,3,Lab,Particle
train/pd/cd331148f0ed12bb_w05.png,cd331148f0ed12bb,5,Lab,Particle
train/pd/cd331148f0ed12bb_w07.png,cd331148f0ed12bb,7,Lab,Particle
train/pd/cd331148f0ed12bb_w12.png,cd331148f0ed12bb,12,Lab,Particle
train/pd/cd331148f0ed12bb_w13.png,cd331148f0ed12bb,13,Lab,Particle
train/pd/cd331148f0ed12bb_w19.png,cd331148f0ed12bb,19,Lab,Particle
train/pd/cd331148f0ed12bb_w22.png,cd331148f0ed12bb,22,Lab,Particle
train/pd/cd372f7a050b40ba_w01.png,cd372f7a050b40ba,1,Lab,Particle
train/pd/cd372f7a050b40ba_w03.png,cd372f7a050b40ba,3,Lab,Particle
train/pd/cd372f7a050b40ba_w04.png,cd372f7a050b40ba,4,Lab,Particle
train/pd/cd372f7a050b40ba_w06.png,cd372f7a050b40ba,6,Lab,Particle
train/pd/cd372f7a050b40ba_w10.png,cd372f7a050b40ba,10,Lab,Particle
train/pd/cd372f7a050b40ba_w15.png,cd372f7a050b40ba,15,Lab,Particle
train/pd/cd372f7a050b40ba_w17.png,cd372f7a050b40ba,17,Lab,Particle
train/pd/cd372f7a050b40ba_w23.png,cd372f7a050b40ba,23,Lab,Particle
train/pd/cd44ebca63e48b87_w10.png,cd44ebca63e48b87,10,Field,Void
train/pd/cd44ebca63e48b87_w12.png,cd44ebca63e48b87,12,Field,Void
train/pd/cd44ebca63e48b87_w14.png,cd44ebca63e48b87,14,Field,Void
train/pd/cd44ebca63e48b87_w19.png,cd44ebca63e48b87,19,Field,Void
train/pd/cd44ebca63e48b87_w21.png,cd44ebca63e48b87,21,Field,Void
train/pd/cd44ebca63e48b87_w22.png,cd44ebca63e48b87,22,Field,Void
train/pd/cd44ebca63e48b87_w23.png,cd44ebca63e48b87,23,Field,Void
train/pd/cd44ebca63e48b87_w27.png,cd44ebca63e48b87,27,Field,Void
train/pd/cd49b8ca2f429f54_w07.png,cd49b8ca2f429f54,7,Lab,Void
train/pd/cd49b8ca2f429f54_w11.png,cd49b8ca2f429f54,11,Lab,Void
train/pd/cd49b8ca2f429f54_w15.png,cd49b8ca2f429f54,15,Lab,Void
train/pd/cd49b8ca2f429f54_w16.png,cd49b8ca2f429f54,16,Lab,Void
train/pd/cd49b8ca2f429f54_w18.png,cd49b8ca2f429f54,18,Lab,Void
train/pd/cd49b8ca2f429f54_w19.png,cd49b8ca2f429f54,19,Lab,Void
train/pd/cd49b8ca2f429f54_w23.png,cd49b8ca2f429f54,23,Lab,Void
train/pd/cd49b8ca2f429f54_w24.png,cd49b8ca2f429f54,24,Lab,Void
train/pd/cd5798b4be6ff0ad_w00.png,cd5798b4be6ff0ad,0,Lab,Floating
train/pd/cd5798b4be6ff0ad_w02.png,cd5798b4be6ff0ad,2,Lab,Floating
train/pd/cd5798b4be6ff0ad_w10.png,cd5798b4be6ff0ad,10,Lab,Floating
train/pd/cd5798b4be6ff0ad_w11.png,cd5798b4be6ff0ad,11,Lab,Floating
train/pd/cd5798b4be6ff0ad_w13.png,cd5798b4be6ff0ad,13,Lab,Floating
train/pd/cd5798b4be6ff0ad_w15.png,cd5798b4be6ff0ad,15,Lab,Floating
train/pd/cd5798b4be6ff0ad_w23.png,cd5798b4be6ff0ad,23,Lab,Floating
train/pd/cd5798b4be6ff0ad_w24.png,cd5798b4be6ff0ad,24,Lab,Floating
train/pd/cd62aaff75c6cb95_w00.png,cd62aaff75c6cb95,0,Lab,Particle
train/pd/cd62aaff75c6cb95_w02.png,cd62aaff75c6cb95,2,Lab,Particle
train/pd/cd62aaff75c6cb95_w04.png,cd62aaff75c6cb95,4,Lab,Particle
train/pd/cd62aaff75c6cb95_w07.png,cd62aaff75c6cb95,7,Lab,Particle
train/pd/cd62aaff75c6cb95_w15.png,cd62aaff75c6cb95,15,Lab,Particle
train/pd/cd62aaff75c6cb95_w16.png,cd62aaff75c6cb95,16,Lab,Particle
train/pd/cd62aaff75c6cb95_w17.png,cd62aaff75c6cb95,17,Lab,Particle
train/pd/cd62aaff75c6cb95_w26.png,cd62aaff75c6cb95,26,Lab,Particle
train/pd/cdb40f031afebe26_w04.png,cdb40f031afebe26,4,Lab,Corona
train/pd/cdb40f031afebe26_w10.png,cdb40f031afebe26,10,Lab,Corona
train/pd/cdb40f031afebe26_w11.png,cdb40f031afebe26,11,Lab,Corona
train/pd/cdb40f031afebe26_w12.png,cdb40f031afebe26,12,Lab,Corona
train/pd/cdb40f031afebe26_w18.png,cdb40f031afebe26,18,Lab,Corona
train/pd/cdb40f031afebe26_w19.png,cdb40f031afebe26,19,Lab,Corona
train/pd/cdb40f031afebe26_w22.png,cdb40f031afebe26,22,Lab,Corona
train/pd/cdb40f031afebe26_w27.png,cdb40f031afebe26,27,Lab,Corona
train/pd/cdb9878a3a62d1d3_w00.png,cdb9878a3a62d1d3,0,Lab,Particle
train/pd/cdb9878a3a62d1d3_w04.png,cdb9878a3a62d1d3,4,Lab,Particle
train/pd/cdb9878a3a62d1d3_w09.png,cdb9878a3a62d1d3,9,Lab,Particle
train/pd/cdb9878a3a62d1d3_w11.png,cdb9878a3a62d1d3,11,Lab,Particle
train/pd/cdb9878a3a62d1d3_w14.png,cdb9878a3a62d1d3,14,Lab,Particle
train/pd/cdb9878a3a62d1d3_w16.png,cdb9878a3a62d1d3,16,Lab,Particle
train/pd/cdb9878a3a62d1d3_w22.png,cdb9878a3a62d1d3,22,Lab,Particle
train/pd/cdb9878a3a62d1d3_w25.png,cdb9878a3a62d1d3,25,Lab,Particle
train/pd/cdba986c7f4f92dc_w00.png,cdba986c7f4f92dc,0,Field,Void
train/pd/cdba986c7f4f92dc_w01.png,cdba986c7f4f92dc,1,Field,Void
train/pd/cdba986c7f4f92dc_w08.png,cdba986c7f4f92dc,8,Field,Void
train/pd/cdba986c7f4f92dc_w13.png,cdba986c7f4f92dc,13,Field,Void
train/pd/cdba986c7f4f92dc_w15.png,cdba986c7f4f92dc,15,Field,Void
train/pd/cdba986c7f4f92dc_w17.png,cdba986c7f4f92dc,17,Field,Void
train/pd/cdba986c7f4f92dc_w21.png,cdba986c7f4f92dc,21,Field,Void
train/pd/cdba986c7f4f92dc_w27.png,cdba986c7f4f92dc,27,Field,Void
train/pd/cdcece99ef56d82b_w06.png,cdcece99ef56d82b,6,Lab,Corona
train/pd/cdcece99ef56d82b_w11.png,cdcece99ef56d82b,11,Lab,Corona
train/pd/cdcece99ef56d82b_w12.png,cdcece99ef56d82b,12,Lab,Corona
train/pd/cdcece99ef56d82b_w14.png,cdcece99ef56d82b,14,Lab,Corona
train/pd/cdcece99ef56d82b_w21.png,cdcece99ef56d82b,21,Lab,Corona
train/pd/cdcece99ef56d82b_w22.png,cdcece99ef56d82b,22,Lab,Corona
train/pd/cdcece99ef56d82b_w25.png,cdcece99ef56d82b,25,Lab,Corona
train/pd/cdcece99ef56d82b_w26.png,cdcece99ef56d82b,26,Lab,Corona
train/pd/cdee9470479bcf59_w00.png,cdee9470479bcf59,0,Lab,Void
train/pd/cdee9470479bcf59_w13.png,cdee9470479bcf59,13,Lab,Void
train/pd/cdee9470479bcf59_w14.png,cdee9470479bcf59,14,Lab,Void
train/pd/cdee9470479bcf59_w18.png,cdee9470479bcf59,18,Lab,Void
train/pd/cdee9470479bcf59_w20.png,cdee9470479bcf59,20,Lab,Void
train/pd/cdee9470479bcf59_w21.png,cdee9470479bcf59,21,Lab,Void
train/pd/cdee9470479bcf59_w22.png,cdee9470479bcf59,22,Lab,Void
train/pd/cdee9470479bcf59_w26.png,cdee9470479bcf59,26,Lab,Void
train/pd/cdfd305eb3822e6d_w01.png,cdfd305eb3822e6d,1,Lab,Particle
train/pd/cdfd305eb3822e6d_w03.png,cdfd305eb3822e6d,3,Lab,Particle
train/pd/cdfd305eb3822e6d_w06.png,cdfd305eb3822e6d,6,Lab,Particle
train/pd/cdfd305eb3822e6d_w08.png,cdfd305eb3822e6d,8,Lab,Particle
train/pd/cdfd305eb3822e6d_w09.png,cdfd305eb3822e6d,9,Lab,Particle
train/pd/cdfd305eb3822e6d_w17.png,cdfd305eb3822e6d,17,Lab,Particle
train/pd/cdfd305eb3822e6d_w21.png,cdfd305eb3822e6d,21,Lab,Particle
train/pd/cdfd305eb3822e6d_w23.png,cdfd305eb3822e6d,23,Lab,Particle
train/pd/ce042bc7a56c64b2_w10.png,ce042bc7a56c64b2,10,Lab,Void
train/pd/ce042bc7a56c64b2_w12.png,ce042bc7a56c64b2,12,Lab,Void
train/pd/ce042bc7a56c64b2_w18.png,ce042bc7a56c64b2,18,Lab,Void
train/pd/ce042bc7a56c64b2_w20.png,ce042bc7a56c64b2,20,Lab,Void
train/pd/ce042bc7a56c64b2_w21.png,ce042bc7a56c64b2,21,Lab,Void
train/pd/ce042bc7a56c64b2_w25.png,ce042bc7a56c64b2,25,Lab,Void
train/pd/ce042bc7a56c64b2_w26.png,ce042bc7a56c64b2,26,Lab,Void
train/pd/ce042bc7a56c64b2_w27.png,ce042bc7a56c64b2,27,Lab,Void
train/pd/ce1884ad3f527f18_w01.png,ce1884ad3f527f18,1,Field,Void
train/pd/ce1884ad3f527f18_w02.png,ce1884ad3f527f18,2,Field,Void
train/pd/ce1884ad3f527f18_w04.png,ce1884ad3f527f18,4,Field,Void
train/pd/ce1884ad3f527f18_w07.png,ce1884ad3f527f18,7,Field,Void
train/pd/ce1884ad3f527f18_w15.png,ce1884ad3f527f18,15,Field,Void
train/pd/ce1884ad3f527f18_w18.png,ce1884ad3f527f18,18,Field,Void
train/pd/ce1884ad3f527f18_w20.png,ce1884ad3f527f18,20,Field,Void
train/pd/ce1884ad3f527f18_w27.png,ce1884ad3f527f18,27,Field,Void
train/pd/ce46713454a2a1f0_w00.png,ce46713454a2a1f0,0,Lab,Particle
train/pd/ce46713454a2a1f0_w04.png,ce46713454a2a1f0,4,Lab,Particle
train/pd/ce46713454a2a1f0_w07.png,ce46713454a2a1f0,7,Lab,Particle
train/pd/ce46713454a2a1f0_w10.png,ce46713454a2a1f0,10,Lab,Particle
train/pd/ce46713454a2a1f0_w16.png,ce46713454a2a1f0,16,Lab,Particle
train/pd/ce46713454a2a1f0_w23.png,ce46713454a2a1f0,23,Lab,Particle
train/pd/ce46713454a2a1f0_w24.png,ce46713454a2a1f0,24,Lab,Particle
train/pd/ce46713454a2a1f0_w25.png,ce46713454a2a1f0,25,Lab,Particle
train/pd/ce568e9e4243bbdb_w04.png,ce568e9e4243bbdb,4,Lab,Particle
train/pd/ce568e9e4243bbdb_w08.png,ce568e9e4243bbdb,8,Lab,Particle
train/pd/ce568e9e4243bbdb_w10.png,ce568e9e4243bbdb,10,Lab,Particle
train/pd/ce568e9e4243bbdb_w12.png,ce568e9e4243bbdb,12,Lab,Particle
train/pd/ce568e9e4243bbdb_w17.png,ce568e9e4243bbdb,17,Lab,Particle
train/pd/ce568e9e4243bbdb_w21.png,ce568e9e4243bbdb,21,Lab,Particle
train/pd/ce568e9e4243bbdb_w22.png,ce568e9e4243bbdb,22,Lab,Particle
train/pd/ce568e9e4243bbdb_w26.png,ce568e9e4243bbdb,26,Lab,Particle
train/pd/ce56a828f4ae7ca8_w00.png,ce56a828f4ae7ca8,0,Lab,Particle
train/pd/ce56a828f4ae7ca8_w01.png,ce56a828f4ae7ca8,1,Lab,Particle
train/pd/ce56a828f4ae7ca8_w03.png,ce56a828f4ae7ca8,3,Lab,Particle
train/pd/ce56a828f4ae7ca8_w10.png,ce56a828f4ae7ca8,10,Lab,Particle
train/pd/ce56a828f4ae7ca8_w16.png,ce56a828f4ae7ca8,16,Lab,Particle
train/pd/ce56a828f4ae7ca8_w17.png,ce56a828f4ae7ca8,17,Lab,Particle
train/pd/ce56a828f4ae7ca8_w19.png,ce56a828f4ae7ca8,19,Lab,Particle
train/pd/ce56a828f4ae7ca8_w26.png,ce56a828f4ae7ca8,26,Lab,Particle
train/pd/ce65ab05457aaa3c_w03.png,ce65ab05457aaa3c,3,Lab,Void
train/pd/ce65ab05457aaa3c_w09.png,ce65ab05457aaa3c,9,Lab,Void
train/pd/ce65ab05457aaa3c_w10.png,ce65ab05457aaa3c,10,Lab,Void
train/pd/ce65ab05457aaa3c_w15.png,ce65ab05457aaa3c,15,Lab,Void
train/pd/ce65ab05457aaa3c_w20.png,ce65ab05457aaa3c,20,Lab,Void
train/pd/ce65ab05457aaa3c_w22.png,ce65ab05457aaa3c,22,Lab,Void
train/pd/ce65ab05457aaa3c_w24.png,ce65ab05457aaa3c,24,Lab,Void
train/pd/ce65ab05457aaa3c_w27.png,ce65ab05457aaa3c,27,Lab,Void
train/pd/ce93707bc4019e76_w01.png,ce93707bc4019e76,1,Field,Floating
train/pd/ce93707bc4019e76_w02.png,ce93707bc4019e76,2,Field,Floating
train/pd/ce93707bc4019e76_w03.png,ce93707bc4019e76,3,Field,Floating
train/pd/ce93707bc4019e76_w05.png,ce93707bc4019e76,5,Field,Floating
train/pd/ce93707bc4019e76_w15.png,ce93707bc4019e76,15,Field,Floating
train/pd/ce93707bc4019e76_w18.png,ce93707bc4019e76,18,Field,Floating
train/pd/ce93707bc4019e76_w24.png,ce93707bc4019e76,24,Field,Floating
train/pd/ce93707bc4019e76_w27.png,ce93707bc4019e76,27,Field,Floating
train/pd/cea0f3e76000e984_w05.png,cea0f3e76000e984,5,Lab,Corona
train/pd/cea0f3e76000e984_w06.png,cea0f3e76000e984,6,Lab,Corona
train/pd/cea0f3e76000e984_w10.png,cea0f3e76000e984,10,Lab,Corona
train/pd/cea0f3e76000e984_w12.png,cea0f3e76000e984,12,Lab,Corona
train/pd/cea0f3e76000e984_w15.png,cea0f3e76000e984,15,Lab,Corona
train/pd/cea0f3e76000e984_w17.png,cea0f3e76000e984,17,Lab,Corona
train/pd/cea0f3e76000e984_w23.png,cea0f3e76000e984,23,Lab,Corona
train/pd/cea0f3e76000e984_w27.png,cea0f3e76000e984,27,Lab,Corona
train/pd/cedbb327338111bd_w00.png,cedbb327338111bd,0,Lab,Void
train/pd/cedbb327338111bd_w01.png,cedbb327338111bd,1,Lab,Void
train/pd/cedbb327338111bd_w03.png,cedbb327338111bd,3,Lab,Void
train/pd/cedbb327338111bd_w07.png,cedbb327338111bd,7,Lab,Void
train/pd/cedbb327338111bd_w13.png,cedbb327338111bd,13,Lab,Void
train/pd/cedbb327338111bd_w14.png,cedbb327338111bd,14,Lab,Void
train/pd/cedbb327338111bd_w17.png,cedbb327338111bd,17,Lab,Void
train/pd/cedbb327338111bd_w18.png,cedbb327338111bd,18,Lab,Void
train/pd/cefd287b57af7dfe_w03.png,cefd287b57af7dfe,3,Lab,Floating
train/pd/cefd287b57af7dfe_w05.png,cefd287b57af7dfe,5,Lab,Floating
train/pd/cefd287b57af7dfe_w07.png,cefd287b57af7dfe,7,Lab,Floating
train/pd/cefd287b57af7dfe_w09.png,cefd287b57af7dfe,9,Lab,Floating
train/pd/cefd287b57af7dfe_w12.png,cefd287b57af7dfe,12,Lab,Floating
train/pd/cefd287b57af7dfe_w17.png,cefd287b57af7dfe,17,Lab,Floating
train/pd/cefd287b57af7dfe_w26.png,cefd287b57af7dfe,26,Lab,Floating
train/pd/cefd287b57af7dfe_w27.png,cefd287b57af7dfe,27,Lab,Floating
train/pd/cf0861e1fcc316cd_w00.png,cf0861e1fcc316cd,0,Lab,Void
train/pd/cf0861e1fcc316cd_w01.png,cf0861e1fcc316cd,1,Lab,Void
train/pd/cf0861e1fcc316cd_w03.png,cf0861e1fcc316cd,3,Lab,Void
train/pd/cf0861e1fcc316cd_w05.png,cf0861e1fcc316cd,5,Lab,Void
train/pd/cf0861e1fcc316cd_w08.png,cf0861e1fcc316cd,8,Lab,Void
train/pd/cf0861e1fcc316cd_w10.png,cf0861e1fcc316cd,10,Lab,Void
train/pd/cf0861e1fcc316cd_w16.png,cf0861e1fcc316cd,16,Lab,Void
train/pd/cf0861e1fcc316cd_w19.png,cf0861e1fcc316cd,19,Lab,Void
train/pd/cf445c72a26f63f4_w02.png,cf445c72a26f63f4,2,Lab,Floating
train/pd/cf445c72a26f63f4_w06.png,cf445c72a26f63f4,6,Lab,Floating
train/pd/cf445c72a26f63f4_w11.png,cf445c72a26f63f4,11,Lab,Floating
train/pd/cf445c72a26f63f4_w14.png,cf445c72a26f63f4,14,Lab,Floating
train/pd/cf445c72a26f63f4_w18.png,cf445c72a26f63f4,18,Lab,Floating
train/pd/cf445c72a26f63f4_w19.png,cf445c72a26f63f4,19,Lab,Floating
train/pd/cf445c72a26f63f4_w20.png,cf445c72a26f63f4,20,Lab,Floating
train/pd/cf445c72a26f63f4_w22.png,cf445c72a26f63f4,22,Lab,Floating
train/pd/cf6b9d38249e09cd_w01.png,cf6b9d38249e09cd,1,Lab,Void
train/pd/cf6b9d38249e09cd_w09.png,cf6b9d38249e09cd,9,Lab,Void
train/pd/cf6b9d38249e09cd_w12.png,cf6b9d38249e09cd,12,Lab,Void
train/pd/cf6b9d38249e09cd_w15.png,cf6b9d38249e09cd,15,Lab,Void
train/pd/cf6b9d38249e09cd_w16.png,cf6b9d38249e09cd,16,Lab,Void
train/pd/cf6b9d38249e09cd_w19.png,cf6b9d38249e09cd,19,Lab,Void
train/pd/cf6b9d38249e09cd_w20.png,cf6b9d38249e09cd,20,Lab,Void
train/pd/cf6b9d38249e09cd_w22.png,cf6b9d38249e09cd,22,Lab,Void
train/pd/cf8d847e1dadd20c_w05.png,cf8d847e1dadd20c,5,Lab,Corona
train/pd/cf8d847e1dadd20c_w06.png,cf8d847e1dadd20c,6,Lab,Corona
train/pd/cf8d847e1dadd20c_w07.png,cf8d847e1dadd20c,7,Lab,Corona
train/pd/cf8d847e1dadd20c_w12.png,cf8d847e1dadd20c,12,Lab,Corona
train/pd/cf8d847e1dadd20c_w16.png,cf8d847e1dadd20c,16,Lab,Corona
train/pd/cf8d847e1dadd20c_w22.png,cf8d847e1dadd20c,22,Lab,Corona
train/pd/cf8d847e1dadd20c_w23.png,cf8d847e1dadd20c,23,Lab,Corona
train/pd/cf8d847e1dadd20c_w25.png,cf8d847e1dadd20c,25,Lab,Corona
train/pd/cfaf4c31fb11d632_w05.png,cfaf4c31fb11d632,5,Lab,Particle
train/pd/cfaf4c31fb11d632_w07.png,cfaf4c31fb11d632,7,Lab,Particle
train/pd/cfaf4c31fb11d632_w08.png,cfaf4c31fb11d632,8,Lab,Particle
train/pd/cfaf4c31fb11d632_w10.png,cfaf4c31fb11d632,10,Lab,Particle
train/pd/cfaf4c31fb11d632_w11.png,cfaf4c31fb11d632,11,Lab,Particle
train/pd/cfaf4c31fb11d632_w18.png,cfaf4c31fb11d632,18,Lab,Particle
train/pd/cfaf4c31fb11d632_w20.png,cfaf4c31fb11d632,20,Lab,Particle
train/pd/cfaf4c31fb11d632_w26.png,cfaf4c31fb11d632,26,Lab,Particle
train/pd/cfd16c3b9ecf4b09_w01.png,cfd16c3b9ecf4b09,1,Lab,Corona
train/pd/cfd16c3b9ecf4b09_w04.png,cfd16c3b9ecf4b09,4,Lab,Corona
train/pd/cfd16c3b9ecf4b09_w12.png,cfd16c3b9ecf4b09,12,Lab,Corona
train/pd/cfd16c3b9ecf4b09_w14.png,cfd16c3b9ecf4b09,14,Lab,Corona
train/pd/cfd16c3b9ecf4b09_w15.png,cfd16c3b9ecf4b09,15,Lab,Corona
train/pd/cfd16c3b9ecf4b09_w18.png,cfd16c3b9ecf4b09,18,Lab,Corona
train/pd/cfd16c3b9ecf4b09_w24.png,cfd16c3b9ecf4b09,24,Lab,Corona
train/pd/cfd16c3b9ecf4b09_w25.png,cfd16c3b9ecf4b09,25,Lab,Corona
train/pd/cfde753a22be76aa_w01.png,cfde753a22be76aa,1,Lab,Particle
train/pd/cfde753a22be76aa_w04.png,cfde753a22be76aa,4,Lab,Particle
train/pd/cfde753a22be76aa_w05.png,cfde753a22be76aa,5,Lab,Particle
train/pd/cfde753a22be76aa_w09.png,cfde753a22be76aa,9,Lab,Particle
train/pd/cfde753a22be76aa_w12.png,cfde753a22be76aa,12,Lab,Particle
train/pd/cfde753a22be76aa_w19.png,cfde753a22be76aa,19,Lab,Particle
train/pd/cfde753a22be76aa_w25.png,cfde753a22be76aa,25,Lab,Particle
train/pd/cfde753a22be76aa_w26.png,cfde753a22be76aa,26,Lab,Particle
train/pd/cff9156ac38db2ce_w02.png,cff9156ac38db2ce,2,Field,Void
train/pd/cff9156ac38db2ce_w06.png,cff9156ac38db2ce,6,Field,Void
train/pd/cff9156ac38db2ce_w08.png,cff9156ac38db2ce,8,Field,Void
train/pd/cff9156ac38db2ce_w15.png,cff9156ac38db2ce,15,Field,Void
train/pd/cff9156ac38db2ce_w16.png,cff9156ac38db2ce,16,Field,Void
train/pd/cff9156ac38db2ce_w19.png,cff9156ac38db2ce,19,Field,Void
train/pd/cff9156ac38db2ce_w22.png,cff9156ac38db2ce,22,Field,Void
train/pd/cff9156ac38db2ce_w23.png,cff9156ac38db2ce,23,Field,Void
train/pd/d05490e1e4c68a57_w00.png,d05490e1e4c68a57,0,Lab,Particle
train/pd/d05490e1e4c68a57_w02.png,d05490e1e4c68a57,2,Lab,Particle
train/pd/d05490e1e4c68a57_w05.png,d05490e1e4c68a57,5,Lab,Particle
train/pd/d05490e1e4c68a57_w06.png,d05490e1e4c68a57,6,Lab,Particle
train/pd/d05490e1e4c68a57_w12.png,d05490e1e4c68a57,12,Lab,Particle
train/pd/d05490e1e4c68a57_w15.png,d05490e1e4c68a57,15,Lab,Particle
train/pd/d05490e1e4c68a57_w18.png,d05490e1e4c68a57,18,Lab,Particle
train/pd/d05490e1e4c68a57_w22.png,d05490e1e4c68a57,22,Lab,Particle
train/pd/d08ef267d536fe91_w00.png,d08ef267d536fe91,0,Lab,Corona
train/pd/d08ef267d536fe91_w02.png,d08ef267d536fe91,2,Lab,Corona
train/pd/d08ef267d536fe91_w04.png,d08ef267d536fe91,4,Lab,Corona
train/pd/d08ef267d536fe91_w09.png,d08ef267d536fe91,9,Lab,Corona
train/pd/d08ef267d536fe91_w15.png,d08ef267d536fe91,15,Lab,Corona
train/pd/d08ef267d536fe91_w22.png,d08ef267d536fe91,22,Lab,Corona
train/pd/d08ef267d536fe91_w24.png,d08ef267d536fe91,24,Lab,Corona
train/pd/d08ef267d536fe91_w27.png,d08ef267d536fe91,27,Lab,Corona
train/pd/d0a88531782b4b10_w00.png,d0a88531782b4b10,0,Lab,Corona
train/pd/d0a88531782b4b10_w01.png,d0a88531782b4b10,1,Lab,Corona
train/pd/d0a88531782b4b10_w04.png,d0a88531782b4b10,4,Lab,Corona
train/pd/d0a88531782b4b10_w15.png,d0a88531782b4b10,15,Lab,Corona
train/pd/d0a88531782b4b10_w16.png,d0a88531782b4b10,16,Lab,Corona
train/pd/d0a88531782b4b10_w21.png,d0a88531782b4b10,21,Lab,Corona
train/pd/d0a88531782b4b10_w22.png,d0a88531782b4b10,22,Lab,Corona
train/pd/d0a88531782b4b10_w23.png,d0a88531782b4b10,23,Lab,Corona
train/pd/d0af9140cbcde8db_w03.png,d0af9140cbcde8db,3,Lab,Particle
train/pd/d0af9140cbcde8db_w13.png,d0af9140cbcde8db,13,Lab,Particle
train/pd/d0af9140cbcde8db_w15.png,d0af9140cbcde8db,15,Lab,Particle
train/pd/d0af9140cbcde8db_w20.png,d0af9140cbcde8db,20,Lab,Particle
train/pd/d0af9140cbcde8db_w22.png,d0af9140cbcde8db,22,Lab,Particle
train/pd/d0af9140cbcde8db_w23.png,d0af9140cbcde8db,23,Lab,Particle
train/pd/d0af9140cbcde8db_w26.png,d0af9140cbcde8db,26,Lab,Particle
train/pd/d0af9140cbcde8db_w27.png,d0af9140cbcde8db,27,Lab,Particle
train/pd/d0b3e3901c079e62_w03.png,d0b3e3901c079e62,3,Lab,Void
train/pd/d0b3e3901c079e62_w05.png,d0b3e3901c079e62,5,Lab,Void
train/pd/d0b3e3901c079e62_w10.png,d0b3e3901c079e62,10,Lab,Void
train/pd/d0b3e3901c079e62_w11.png,d0b3e3901c079e62,11,Lab,Void
train/pd/d0b3e3901c079e62_w12.png,d0b3e3901c079e62,12,Lab,Void
train/pd/d0b3e3901c079e62_w15.png,d0b3e3901c079e62,15,Lab,Void
train/pd/d0b3e3901c079e62_w18.png,d0b3e3901c079e62,18,Lab,Void
train/pd/d0b3e3901c079e62_w19.png,d0b3e3901c079e62,19,Lab,Void
train/pd/d0ce47e95838b3a0_w03.png,d0ce47e95838b3a0,3,Lab,Void
train/pd/d0ce47e95838b3a0_w06.png,d0ce47e95838b3a0,6,Lab,Void
train/pd/d0ce47e95838b3a0_w08.png,d0ce47e95838b3a0,8,Lab,Void
train/pd/d0ce47e95838b3a0_w18.png,d0ce47e95838b3a0,18,Lab,Void
train/pd/d0ce47e95838b3a0_w19.png,d0ce47e95838b3a0,19,Lab,Void
train/pd/d0ce47e95838b3a0_w20.png,d0ce47e95838b3a0,20,Lab,Void
train/pd/d0ce47e95838b3a0_w23.png,d0ce47e95838b3a0,23,Lab,Void
train/pd/d0ce47e95838b3a0_w26.png,d0ce47e95838b3a0,26,Lab,Void
train/pd/d0ec3db3898884ad_w02.png,d0ec3db3898884ad,2,Field,Void
train/pd/d0ec3db3898884ad_w10.png,d0ec3db3898884ad,10,Field,Void
train/pd/d0ec3db3898884ad_w15.png,d0ec3db3898884ad,15,Field,Void
train/pd/d0ec3db3898884ad_w16.png,d0ec3db3898884ad,16,Field,Void
train/pd/d0ec3db3898884ad_w18.png,d0ec3db3898884ad,18,Field,Void
train/pd/d0ec3db3898884ad_w22.png,d0ec3db3898884ad,22,Field,Void
train/pd/d0ec3db3898884ad_w23.png,d0ec3db3898884ad,23,Field,Void
train/pd/d0ec3db3898884ad_w25.png,d0ec3db3898884ad,25,Field,Void
train/pd/d11a683f813cfd1e_w07.png,d11a683f813cfd1e,7,Field,Void
train/pd/d11a683f813cfd1e_w09.png,d11a683f813cfd1e,9,Field,Void
train/pd/d11a683f813cfd1e_w10.png,d11a683f813cfd1e,10,Field,Void
train/pd/d11a683f813cfd1e_w11.png,d11a683f813cfd1e,11,Field,Void
train/pd/d11a683f813cfd1e_w18.png,d11a683f813cfd1e,18,Field,Void
train/pd/d11a683f813cfd1e_w23.png,d11a683f813cfd1e,23,Field,Void
train/pd/d11a683f813cfd1e_w24.png,d11a683f813cfd1e,24,Field,Void
train/pd/d11a683f813cfd1e_w25.png,d11a683f813cfd1e,25,Field,Void
train/pd/d13e589f82226969_w00.png,d13e589f82226969,0,Lab,Corona
train/pd/d13e589f82226969_w08.png,d13e589f82226969,8,Lab,Corona
train/pd/d13e589f82226969_w09.png,d13e589f82226969,9,Lab,Corona
train/pd/d13e589f82226969_w14.png,d13e589f82226969,14,Lab,Corona
train/pd/d13e589f82226969_w17.png,d13e589f82226969,17,Lab,Corona
train/pd/d13e589f82226969_w21.png,d13e589f82226969,21,Lab,Corona
train/pd/d13e589f82226969_w22.png,d13e589f82226969,22,Lab,Corona
train/pd/d13e589f82226969_w23.png,d13e589f82226969,23,Lab,Corona
train/pd/d183443917d9338d_w03.png,d183443917d9338d,3,Lab,Void
train/pd/d183443917d9338d_w05.png,d183443917d9338d,5,Lab,Void
train/pd/d183443917d9338d_w08.png,d183443917d9338d,8,Lab,Void
train/pd/d183443917d9338d_w11.png,d183443917d9338d,11,Lab,Void
train/pd/d183443917d9338d_w22.png,d183443917d9338d,22,Lab,Void
train/pd/d183443917d9338d_w24.png,d183443917d9338d,24,Lab,Void
train/pd/d183443917d9338d_w25.png,d183443917d9338d,25,Lab,Void
train/pd/d183443917d9338d_w26.png,d183443917d9338d,26,Lab,Void
train/pd/d1b84263e5e4297a_w02.png,d1b84263e5e4297a,2,Lab,Void
train/pd/d1b84263e5e4297a_w11.png,d1b84263e5e4297a,11,Lab,Void
train/pd/d1b84263e5e4297a_w12.png,d1b84263e5e4297a,12,Lab,Void
train/pd/d1b84263e5e4297a_w14.png,d1b84263e5e4297a,14,Lab,Void
train/pd/d1b84263e5e4297a_w16.png,d1b84263e5e4297a,16,Lab,Void
train/pd/d1b84263e5e4297a_w22.png,d1b84263e5e4297a,22,Lab,Void
train/pd/d1b84263e5e4297a_w24.png,d1b84263e5e4297a,24,Lab,Void
train/pd/d1b84263e5e4297a_w25.png,d1b84263e5e4297a,25,Lab,Void
train/pd/d1db56f15e30921c_w07.png,d1db56f15e30921c,7,Lab,Void
train/pd/d1db56f15e30921c_w09.png,d1db56f15e30921c,9,Lab,Void
train/pd/d1db56f15e30921c_w10.png,d1db56f15e30921c,10,Lab,Void
train/pd/d1db56f15e30921c_w11.png,d1db56f15e30921c,11,Lab,Void
train/pd/d1db56f15e30921c_w15.png,d1db56f15e30921c,15,Lab,Void
train/pd/d1db56f15e30921c_w19.png,d1db56f15e30921c,19,Lab,Void
train/pd/d1db56f15e30921c_w21.png,d1db56f15e30921c,21,Lab,Void
train/pd/d1db56f15e30921c_w27.png,d1db56f15e30921c,27,Lab,Void
train/pd/d1e4f0cce669fdf2_w01.png,d1e4f0cce669fdf2,1,Field,Void
train/pd/d1e4f0cce669fdf2_w03.png,d1e4f0cce669fdf2,3,Field,Void
train/pd/d1e4f0cce669fdf2_w06.png,d1e4f0cce669fdf2,6,Field,Void
train/pd/d1e4f0cce669fdf2_w07.png,d1e4f0cce669fdf2,7,Field,Void
train/pd/d1e4f0cce669fdf2_w08.png,d1e4f0cce669fdf2,8,Field,Void
train/pd/d1e4f0cce669fdf2_w19.png,d1e4f0cce669fdf2,19,Field,Void
train/pd/d1e4f0cce669fdf2_w20.png,d1e4f0cce669fdf2,20,Field,Void
train/pd/d1e4f0cce669fdf2_w27.png,d1e4f0cce669fdf2,27,Field,Void
train/pd/d26248d3b0a8ecc5_w05.png,d26248d3b0a8ecc5,5,Lab,Floating
train/pd/d26248d3b0a8ecc5_w06.png,d26248d3b0a8ecc5,6,Lab,Floating
train/pd/d26248d3b0a8ecc5_w09.png,d26248d3b0a8ecc5,9,Lab,Floating
train/pd/d26248d3b0a8ecc5_w14.png,d26248d3b0a8ecc5,14,Lab,Floating
train/pd/d26248d3b0a8ecc5_w16.png,d26248d3b0a8ecc5,16,Lab,Floating
train/pd/d26248d3b0a8ecc5_w20.png,d26248d3b0a8ecc5,20,Lab,Floating
train/pd/d26248d3b0a8ecc5_w21.png,d26248d3b0a8ecc5,21,Lab,Floating
train/pd/d26248d3b0a8ecc5_w22.png,d26248d3b0a8ecc5,22,Lab,Floating
train/pd/d26daa1b9df832ff_w00.png,d26daa1b9df832ff,0,Lab,Void
train/pd/d26daa1b9df832ff_w02.png,d26daa1b9df832ff,2,Lab,Void
train/pd/d26daa1b9df832ff_w08.png,d26daa1b9df832ff,8,Lab,Void
train/pd/d26daa1b9df832ff_w13.png,d26daa1b9df832ff,13,Lab,Void
train/pd/d26daa1b9df832ff_w15.png,d26daa1b9df832ff,15,Lab,Void
train/pd/d26daa1b9df832ff_w18.png,d26daa1b9df832ff,18,Lab,Void
train/pd/d26daa1b9df832ff_w19.png,d26daa1b9df832ff,19,Lab,Void
train/pd/d26daa1b9df832ff_w26.png,d26daa1b9df832ff,26,Lab,Void
train/pd/d29ceb9c30cb0f98_w03.png,d29ceb9c30cb0f98,3,Field,Void
train/pd/d29ceb9c30cb0f98_w04.png,d29ceb9c30cb0f98,4,Field,Void
train/pd/d29ceb9c30cb0f98_w08.png,d29ceb9c30cb0f98,8,Field,Void
train/pd/d29ceb9c30cb0f98_w12.png,d29ceb9c30cb0f98,12,Field,Void
train/pd/d29ceb9c30cb0f98_w18.png,d29ceb9c30cb0f98,18,Field,Void
train/pd/d29ceb9c30cb0f98_w19.png,d29ceb9c30cb0f98,19,Field,Void
train/pd/d29ceb9c30cb0f98_w22.png,d29ceb9c30cb0f98,22,Field,Void
train/pd/d29ceb9c30cb0f98_w24.png,d29ceb9c30cb0f98,24,Field,Void
train/pd/d323e8a27325a9b7_w08.png,d323e8a27325a9b7,8,Lab,Void
train/pd/d323e8a27325a9b7_w12.png,d323e8a27325a9b7,12,Lab,Void
train/pd/d323e8a27325a9b7_w13.png,d323e8a27325a9b7,13,Lab,Void
train/pd/d323e8a27325a9b7_w17.png,d323e8a27325a9b7,17,Lab,Void
train/pd/d323e8a27325a9b7_w19.png,d323e8a27325a9b7,19,Lab,Void
train/pd/d323e8a27325a9b7_w20.png,d323e8a27325a9b7,20,Lab,Void
train/pd/d323e8a27325a9b7_w21.png,d323e8a27325a9b7,21,Lab,Void
train/pd/d323e8a27325a9b7_w26.png,d323e8a27325a9b7,26,Lab,Void
train/pd/d35c9c27cc92e1b2_w03.png,d35c9c27cc92e1b2,3,Field,Void
train/pd/d35c9c27cc92e1b2_w04.png,d35c9c27cc92e1b2,4,Field,Void
train/pd/d35c9c27cc92e1b2_w08.png,d35c9c27cc92e1b2,8,Field,Void
train/pd/d35c9c27cc92e1b2_w11.png,d35c9c27cc92e1b2,11,Field,Void
train/pd/d35c9c27cc92e1b2_w15.png,d35c9c27cc92e1b2,15,Field,Void
train/pd/d35c9c27cc92e1b2_w17.png,d35c9c27cc92e1b2,17,Field,Void
train/pd/d35c9c27cc92e1b2_w20.png,d35c9c27cc92e1b2,20,Field,Void
train/pd/d35c9c27cc92e1b2_w27.png,d35c9c27cc92e1b2,27,Field,Void
train/pd/d35d899127c2bf28_w00.png,d35d899127c2bf28,0,Lab,Corona
train/pd/d35d899127c2bf28_w09.png,d35d899127c2bf28,9,Lab,Corona
train/pd/d35d899127c2bf28_w12.png,d35d899127c2bf28,12,Lab,Corona
train/pd/d35d899127c2bf28_w13.png,d35d899127c2bf28,13,Lab,Corona
train/pd/d35d899127c2bf28_w15.png,d35d899127c2bf28,15,Lab,Corona
train/pd/d35d899127c2bf28_w21.png,d35d899127c2bf28,21,Lab,Corona
train/pd/d35d899127c2bf28_w24.png,d35d899127c2bf28,24,Lab,Corona
train/pd/d35d899127c2bf28_w27.png,d35d899127c2bf28,27,Lab,Corona
train/pd/d3762ee1b5ef55ac_w03.png,d3762ee1b5ef55ac,3,Field,Void
train/pd/d3762ee1b5ef55ac_w06.png,d3762ee1b5ef55ac,6,Field,Void
train/pd/d3762ee1b5ef55ac_w11.png,d3762ee1b5ef55ac,11,Field,Void
train/pd/d3762ee1b5ef55ac_w12.png,d3762ee1b5ef55ac,12,Field,Void
train/pd/d3762ee1b5ef55ac_w18.png,d3762ee1b5ef55ac,18,Field,Void
train/pd/d3762ee1b5ef55ac_w20.png,d3762ee1b5ef55ac,20,Field,Void
train/pd/d3762ee1b5ef55ac_w21.png,d3762ee1b5ef55ac,21,Field,Void
train/pd/d3762ee1b5ef55ac_w24.png,d3762ee1b5ef55ac,24,Field,Void
train/pd/d37d7d2344282236_w00.png,d37d7d2344282236,0,Lab,Particle
train/pd/d37d7d2344282236_w01.png,d37d7d2344282236,1,Lab,Particle
train/pd/d37d7d2344282236_w06.png,d37d7d2344282236,6,Lab,Particle
train/pd/d37d7d2344282236_w07.png,d37d7d2344282236,7,Lab,Particle
train/pd/d37d7d2344282236_w10.png,d37d7d2344282236,10,Lab,Particle
train/pd/d37d7d2344282236_w19.png,d37d7d2344282236,19,Lab,Particle
train/pd/d37d7d2344282236_w21.png,d37d7d2344282236,21,Lab,Particle
train/pd/d37d7d2344282236_w27.png,d37d7d2344282236,27,Lab,Particle
train/pd/d3a8e20c58484d80_w01.png,d3a8e20c58484d80,1,Lab,Floating
train/pd/d3a8e20c58484d80_w02.png,d3a8e20c58484d80,2,Lab,Floating
train/pd/d3a8e20c58484d80_w03.png,d3a8e20c58484d80,3,Lab,Floating
train/pd/d3a8e20c58484d80_w06.png,d3a8e20c58484d80,6,Lab,Floating
train/pd/d3a8e20c58484d80_w08.png,d3a8e20c58484d80,8,Lab,Floating
train/pd/d3a8e20c58484d80_w09.png,d3a8e20c58484d80,9,Lab,Floating
train/pd/d3a8e20c58484d80_w16.png,d3a8e20c58484d80,16,Lab,Floating
train/pd/d3a8e20c58484d80_w17.png,d3a8e20c58484d80,17,Lab,Floating
train/pd/d3dafa88548d6ff0_w02.png,d3dafa88548d6ff0,2,Field,Void
train/pd/d3dafa88548d6ff0_w03.png,d3dafa88548d6ff0,3,Field,Void
train/pd/d3dafa88548d6ff0_w05.png,d3dafa88548d6ff0,5,Field,Void
train/pd/d3dafa88548d6ff0_w06.png,d3dafa88548d6ff0,6,Field,Void
train/pd/d3dafa88548d6ff0_w16.png,d3dafa88548d6ff0,16,Field,Void
train/pd/d3dafa88548d6ff0_w17.png,d3dafa88548d6ff0,17,Field,Void
train/pd/d3dafa88548d6ff0_w19.png,d3dafa88548d6ff0,19,Field,Void
train/pd/d3dafa88548d6ff0_w26.png,d3dafa88548d6ff0,26,Field,Void
train/pd/d42575f324c51db8_w01.png,d42575f324c51db8,1,Field,Void
train/pd/d42575f324c51db8_w04.png,d42575f324c51db8,4,Field,Void
train/pd/d42575f324c51db8_w05.png,d42575f324c51db8,5,Field,Void
train/pd/d42575f324c51db8_w06.png,d42575f324c51db8,6,Field,Void
train/pd/d42575f324c51db8_w08.png,d42575f324c51db8,8,Field,Void
train/pd/d42575f324c51db8_w09.png,d42575f324c51db8,9,Field,Void
train/pd/d42575f324c51db8_w12.png,d42575f324c51db8,12,Field,Void
train/pd/d42575f324c51db8_w27.png,d42575f324c51db8,27,Field,Void
train/pd/d45c218f30ea7bc4_w02.png,d45c218f30ea7bc4,2,Lab,Void
train/pd/d45c218f30ea7bc4_w03.png,d45c218f30ea7bc4,3,Lab,Void
train/pd/d45c218f30ea7bc4_w09.png,d45c218f30ea7bc4,9,Lab,Void
train/pd/d45c218f30ea7bc4_w11.png,d45c218f30ea7bc4,11,Lab,Void
train/pd/d45c218f30ea7bc4_w15.png,d45c218f30ea7bc4,15,Lab,Void
train/pd/d45c218f30ea7bc4_w21.png,d45c218f30ea7bc4,21,Lab,Void
train/pd/d45c218f30ea7bc4_w22.png,d45c218f30ea7bc4,22,Lab,Void
train/pd/d45c218f30ea7bc4_w27.png,d45c218f30ea7bc4,27,Lab,Void
train/pd/d47129fb6614b392_w00.png,d47129fb6614b392,0,Lab,Void
train/pd/d47129fb6614b392_w05.png,d47129fb6614b392,5,Lab,Void
train/pd/d47129fb6614b392_w10.png,d47129fb6614b392,10,Lab,Void
train/pd/d47129fb6614b392_w16.png,d47129fb6614b392,16,Lab,Void
train/pd/d47129fb6614b392_w17.png,d47129fb6614b392,17,Lab,Void
train/pd/d47129fb6614b392_w18.png,d47129fb6614b392,18,Lab,Void
train/pd/d47129fb6614b392_w25.png,d47129fb6614b392,25,Lab,Void
train/pd/d47129fb6614b392_w27.png,d47129fb6614b392,27,Lab,Void
train/pd/d48fdfe22fb4bac8_w03.png,d48fdfe22fb4bac8,3,Lab,Void
train/pd/d48fdfe22fb4bac8_w12.png,d48fdfe22fb4bac8,12,Lab,Void
train/pd/d48fdfe22fb4bac8_w13.png,d48fdfe22fb4bac8,13,Lab,Void
train/pd/d48fdfe22fb4bac8_w15.png,d48fdfe22fb4bac8,15,Lab,Void
train/pd/d48fdfe22fb4bac8_w17.png,d48fdfe22fb4bac8,17,Lab,Void
train/pd/d48fdfe22fb4bac8_w18.png,d48fdfe22fb4bac8,18,Lab,Void
train/pd/d48fdfe22fb4bac8_w21.png,d48fdfe22fb4bac8,21,Lab,Void
train/pd/d48fdfe22fb4bac8_w24.png,d48fdfe22fb4bac8,24,Lab,Void
train/pd/d4ea1bdd77fbba7e_w01.png,d4ea1bdd77fbba7e,1,Lab,Void
train/pd/d4ea1bdd77fbba7e_w08.png,d4ea1bdd77fbba7e,8,Lab,Void
train/pd/d4ea1bdd77fbba7e_w11.png,d4ea1bdd77fbba7e,11,Lab,Void
train/pd/d4ea1bdd77fbba7e_w14.png,d4ea1bdd77fbba7e,14,Lab,Void
train/pd/d4ea1bdd77fbba7e_w21.png,d4ea1bdd77fbba7e,21,Lab,Void
train/pd/d4ea1bdd77fbba7e_w22.png,d4ea1bdd77fbba7e,22,Lab,Void
train/pd/d4ea1bdd77fbba7e_w24.png,d4ea1bdd77fbba7e,24,Lab,Void
train/pd/d4ea1bdd77fbba7e_w27.png,d4ea1bdd77fbba7e,27,Lab,Void
train/pd/d50f446e3818459c_w02.png,d50f446e3818459c,2,Lab,Corona
train/pd/d50f446e3818459c_w12.png,d50f446e3818459c,12,Lab,Corona
train/pd/d50f446e3818459c_w15.png,d50f446e3818459c,15,Lab,Corona
train/pd/d50f446e3818459c_w17.png,d50f446e3818459c,17,Lab,Corona
train/pd/d50f446e3818459c_w18.png,d50f446e3818459c,18,Lab,Corona
train/pd/d50f446e3818459c_w22.png,d50f446e3818459c,22,Lab,Corona
train/pd/d50f446e3818459c_w24.png,d50f446e3818459c,24,Lab,Corona
train/pd/d50f446e3818459c_w27.png,d50f446e3818459c,27,Lab,Corona
train/pd/d5337385f5f6eff3_w01.png,d5337385f5f6eff3,1,Lab,Corona
train/pd/d5337385f5f6eff3_w02.png,d5337385f5f6eff3,2,Lab,Corona
train/pd/d5337385f5f6eff3_w09.png,d5337385f5f6eff3,9,Lab,Corona
train/pd/d5337385f5f6eff3_w10.png,d5337385f5f6eff3,10,Lab,Corona
train/pd/d5337385f5f6eff3_w17.png,d5337385f5f6eff3,17,Lab,Corona
train/pd/d5337385f5f6eff3_w20.png,d5337385f5f6eff3,20,Lab,Corona
train/pd/d5337385f5f6eff3_w22.png,d5337385f5f6eff3,22,Lab,Corona
train/pd/d5337385f5f6eff3_w24.png,d5337385f5f6eff3,24,Lab,Corona
train/pd/d583f51e90d92b07_w01.png,d583f51e90d92b07,1,Lab,Corona
train/pd/d583f51e90d92b07_w02.png,d583f51e90d92b07,2,Lab,Corona
train/pd/d583f51e90d92b07_w03.png,d583f51e90d92b07,3,Lab,Corona
train/pd/d583f51e90d92b07_w09.png,d583f51e90d92b07,9,Lab,Corona
train/pd/d583f51e90d92b07_w10.png,d583f51e90d92b07,10,Lab,Corona
train/pd/d583f51e90d92b07_w12.png,d583f51e90d92b07,12,Lab,Corona
train/pd/d583f51e90d92b07_w23.png,d583f51e90d92b07,23,Lab,Corona
train/pd/d583f51e90d92b07_w25.png,d583f51e90d92b07,25,Lab,Corona
train/pd/d5d86585083fe17f_w01.png,d5d86585083fe17f,1,Field,Void
train/pd/d5d86585083fe17f_w03.png,d5d86585083fe17f,3,Field,Void
train/pd/d5d86585083fe17f_w04.png,d5d86585083fe17f,4,Field,Void
train/pd/d5d86585083fe17f_w08.png,d5d86585083fe17f,8,Field,Void
train/pd/d5d86585083fe17f_w12.png,d5d86585083fe17f,12,Field,Void
train/pd/d5d86585083fe17f_w14.png,d5d86585083fe17f,14,Field,Void
train/pd/d5d86585083fe17f_w18.png,d5d86585083fe17f,18,Field,Void
train/pd/d5d86585083fe17f_w23.png,d5d86585083fe17f,23,Field,Void
train/pd/d639a63649cb2e42_w04.png,d639a63649cb2e42,4,Field,Void
train/pd/d639a63649cb2e42_w05.png,d639a63649cb2e42,5,Field,Void
train/pd/d639a63649cb2e42_w06.png,d639a63649cb2e42,6,Field,Void
train/pd/d639a63649cb2e42_w13.png,d639a63649cb2e42,13,Field,Void
train/pd/d639a63649cb2e42_w19.png,d639a63649cb2e42,19,Field,Void
train/pd/d639a63649cb2e42_w23.png,d639a63649cb2e42,23,Field,Void
train/pd/d639a63649cb2e42_w26.png,d639a63649cb2e42,26,Field,Void
train/pd/d639a63649cb2e42_w27.png,d639a63649cb2e42,27,Field,Void
train/pd/d660aca063409e0a_w01.png,d660aca063409e0a,1,Lab,Corona
train/pd/d660aca063409e0a_w02.png,d660aca063409e0a,2,Lab,Corona
train/pd/d660aca063409e0a_w04.png,d660aca063409e0a,4,Lab,Corona
train/pd/d660aca063409e0a_w07.png,d660aca063409e0a,7,Lab,Corona
train/pd/d660aca063409e0a_w08.png,d660aca063409e0a,8,Lab,Corona
train/pd/d660aca063409e0a_w11.png,d660aca063409e0a,11,Lab,Corona
train/pd/d660aca063409e0a_w19.png,d660aca063409e0a,19,Lab,Corona
train/pd/d660aca063409e0a_w20.png,d660aca063409e0a,20,Lab,Corona
train/pd/d67e9e651decccac_w01.png,d67e9e651decccac,1,Lab,Corona
train/pd/d67e9e651decccac_w02.png,d67e9e651decccac,2,Lab,Corona
train/pd/d67e9e651decccac_w03.png,d67e9e651decccac,3,Lab,Corona
train/pd/d67e9e651decccac_w06.png,d67e9e651decccac,6,Lab,Corona
train/pd/d67e9e651decccac_w08.png,d67e9e651decccac,8,Lab,Corona
train/pd/d67e9e651decccac_w11.png,d67e9e651decccac,11,Lab,Corona
train/pd/d67e9e651decccac_w15.png,d67e9e651decccac,15,Lab,Corona
train/pd/d67e9e651decccac_w18.png,d67e9e651decccac,18,Lab,Corona
train/pd/d697273e7ade84aa_w00.png,d697273e7ade84aa,0,Lab,Void
train/pd/d697273e7ade84aa_w04.png,d697273e7ade84aa,4,Lab,Void
train/pd/d697273e7ade84aa_w05.png,d697273e7ade84aa,5,Lab,Void
train/pd/d697273e7ade84aa_w16.png,d697273e7ade84aa,16,Lab,Void
train/pd/d697273e7ade84aa_w17.png,d697273e7ade84aa,17,Lab,Void
train/pd/d697273e7ade84aa_w19.png,d697273e7ade84aa,19,Lab,Void
train/pd/d697273e7ade84aa_w23.png,d697273e7ade84aa,23,Lab,Void
train/pd/d697273e7ade84aa_w26.png,d697273e7ade84aa,26,Lab,Void
train/pd/d6b557ad4be17abc_w04.png,d6b557ad4be17abc,4,Lab,Particle
train/pd/d6b557ad4be17abc_w06.png,d6b557ad4be17abc,6,Lab,Particle
train/pd/d6b557ad4be17abc_w07.png,d6b557ad4be17abc,7,Lab,Particle
train/pd/d6b557ad4be17abc_w16.png,d6b557ad4be17abc,16,Lab,Particle
train/pd/d6b557ad4be17abc_w17.png,d6b557ad4be17abc,17,Lab,Particle
train/pd/d6b557ad4be17abc_w21.png,d6b557ad4be17abc,21,Lab,Particle
train/pd/d6b557ad4be17abc_w22.png,d6b557ad4be17abc,22,Lab,Particle
train/pd/d6b557ad4be17abc_w26.png,d6b557ad4be17abc,26,Lab,Particle
train/pd/d74810c1b9d10d65_w01.png,d74810c1b9d10d65,1,Lab,Floating
train/pd/d74810c1b9d10d65_w03.png,d74810c1b9d10d65,3,Lab,Floating
train/pd/d74810c1b9d10d65_w09.png,d74810c1b9d10d65,9,Lab,Floating
train/pd/d74810c1b9d10d65_w10.png,d74810c1b9d10d65,10,Lab,Floating
train/pd/d74810c1b9d10d65_w16.png,d74810c1b9d10d65,16,Lab,Floating
train/pd/d74810c1b9d10d65_w17.png,d74810c1b9d10d65,17,Lab,Floating
train/pd/d74810c1b9d10d65_w18.png,d74810c1b9d10d65,18,Lab,Floating
train/pd/d74810c1b9d10d65_w19.png,d74810c1b9d10d65,19,Lab,Floating
train/pd/d76e01e28940f24b_w05.png,d76e01e28940f24b,5,Lab,Particle
train/pd/d76e01e28940f24b_w07.png,d76e01e28940f24b,7,Lab,Particle
train/pd/d76e01e28940f24b_w10.png,d76e01e28940f24b,10,Lab,Particle
train/pd/d76e01e28940f24b_w11.png,d76e01e28940f24b,11,Lab,Particle
train/pd/d76e01e28940f24b_w18.png,d76e01e28940f24b,18,Lab,Particle
train/pd/d76e01e28940f24b_w20.png,d76e01e28940f24b,20,Lab,Particle
train/pd/d76e01e28940f24b_w25.png,d76e01e28940f24b,25,Lab,Particle
train/pd/d76e01e28940f24b_w27.png,d76e01e28940f24b,27,Lab,Particle
train/pd/d84c0f1b0f597e2a_w01.png,d84c0f1b0f597e2a,1,Lab,Floating
train/pd/d84c0f1b0f597e2a_w05.png,d84c0f1b0f597e2a,5,Lab,Floating
train/pd/d84c0f1b0f597e2a_w06.png,d84c0f1b0f597e2a,6,Lab,Floating
train/pd/d84c0f1b0f597e2a_w08.png,d84c0f1b0f597e2a,8,Lab,Floating
train/pd/d84c0f1b0f597e2a_w10.png,d84c0f1b0f597e2a,10,Lab,Floating
train/pd/d84c0f1b0f597e2a_w12.png,d84c0f1b0f597e2a,12,Lab,Floating
train/pd/d84c0f1b0f597e2a_w13.png,d84c0f1b0f597e2a,13,Lab,Floating
train/pd/d84c0f1b0f597e2a_w19.png,d84c0f1b0f597e2a,19,Lab,Floating
train/pd/d856d27e632497c0_w00.png,d856d27e632497c0,0,Lab,Floating
train/pd/d856d27e632497c0_w02.png,d856d27e632497c0,2,Lab,Floating
train/pd/d856d27e632497c0_w08.png,d856d27e632497c0,8,Lab,Floating
train/pd/d856d27e632497c0_w13.png,d856d27e632497c0,13,Lab,Floating
train/pd/d856d27e632497c0_w16.png,d856d27e632497c0,16,Lab,Floating
train/pd/d856d27e632497c0_w17.png,d856d27e632497c0,17,Lab,Floating
train/pd/d856d27e632497c0_w19.png,d856d27e632497c0,19,Lab,Floating
train/pd/d856d27e632497c0_w26.png,d856d27e632497c0,26,Lab,Floating
train/pd/d867b488e6bbe544_w02.png,d867b488e6bbe544,2,Lab,Floating
train/pd/d867b488e6bbe544_w03.png,d867b488e6bbe544,3,Lab,Floating
train/pd/d867b488e6bbe544_w05.png,d867b488e6bbe544,5,Lab,Floating
train/pd/d867b488e6bbe544_w06.png,d867b488e6bbe544,6,Lab,Floating
train/pd/d867b488e6bbe544_w10.png,d867b488e6bbe544,10,Lab,Floating
train/pd/d867b488e6bbe544_w19.png,d867b488e6bbe544,19,Lab,Floating
train/pd/d867b488e6bbe544_w22.png,d867b488e6bbe544,22,Lab,Floating
train/pd/d867b488e6bbe544_w23.png,d867b488e6bbe544,23,Lab,Floating
train/pd/d8936c6f1ab2fb68_w00.png,d8936c6f1ab2fb68,0,Lab,Corona
train/pd/d8936c6f1ab2fb68_w03.png,d8936c6f1ab2fb68,3,Lab,Corona
train/pd/d8936c6f1ab2fb68_w08.png,d8936c6f1ab2fb68,8,Lab,Corona
train/pd/d8936c6f1ab2fb68_w12.png,d8936c6f1ab2fb68,12,Lab,Corona
train/pd/d8936c6f1ab2fb68_w16.png,d8936c6f1ab2fb68,16,Lab,Corona
train/pd/d8936c6f1ab2fb68_w20.png,d8936c6f1ab2fb68,20,Lab,Corona
train/pd/d8936c6f1ab2fb68_w22.png,d8936c6f1ab2fb68,22,Lab,Corona
train/pd/d8936c6f1ab2fb68_w24.png,d8936c6f1ab2fb68,24,Lab,Corona
train/pd/d8d6d4cc45a6f2c5_w01.png,d8d6d4cc45a6f2c5,1,Lab,Void
train/pd/d8d6d4cc45a6f2c5_w02.png,d8d6d4cc45a6f2c5,2,Lab,Void
train/pd/d8d6d4cc45a6f2c5_w03.png,d8d6d4cc45a6f2c5,3,Lab,Void
train/pd/d8d6d4cc45a6f2c5_w06.png,d8d6d4cc45a6f2c5,6,Lab,Void
train/pd/d8d6d4cc45a6f2c5_w07.png,d8d6d4cc45a6f2c5,7,Lab,Void
train/pd/d8d6d4cc45a6f2c5_w08.png,d8d6d4cc45a6f2c5,8,Lab,Void
train/pd/d8d6d4cc45a6f2c5_w10.png,d8d6d4cc45a6f2c5,10,Lab,Void
train/pd/d8d6d4cc45a6f2c5_w24.png,d8d6d4cc45a6f2c5,24,Lab,Void
train/pd/d8ef9400ba3c8020_w01.png,d8ef9400ba3c8020,1,Field,Floating
train/pd/d8ef9400ba3c8020_w08.png,d8ef9400ba3c8020,8,Field,Floating
train/pd/d8ef9400ba3c8020_w11.png,d8ef9400ba3c8020,11,Field,Floating
train/pd/d8ef9400ba3c8020_w13.png,d8ef9400ba3c8020,13,Field,Floating
train/pd/d8ef9400ba3c8020_w15.png,d8ef9400ba3c8020,15,Field,Floating
train/pd/d8ef9400ba3c8020_w20.png,d8ef9400ba3c8020,20,Field,Floating
train/pd/d8ef9400ba3c8020_w22.png,d8ef9400ba3c8020,22,Field,Floating
train/pd/d8ef9400ba3c8020_w26.png,d8ef9400ba3c8020,26,Field,Floating
train/pd/d8fda66e9a251b25_w01.png,d8fda66e9a251b25,1,Lab,Corona
train/pd/d8fda66e9a251b25_w04.png,d8fda66e9a251b25,4,Lab,Corona
train/pd/d8fda66e9a251b25_w06.png,d8fda66e9a251b25,6,Lab,Corona
train/pd/d8fda66e9a251b25_w08.png,d8fda66e9a251b25,8,Lab,Corona
train/pd/d8fda66e9a251b25_w10.png,d8fda66e9a251b25,10,Lab,Corona
train/pd/d8fda66e9a251b25_w15.png,d8fda66e9a251b25,15,Lab,Corona
train/pd/d8fda66e9a251b25_w18.png,d8fda66e9a251b25,18,Lab,Corona
train/pd/d8fda66e9a251b25_w22.png,d8fda66e9a251b25,22,Lab,Corona
train/pd/d91204800cf00194_w00.png,d91204800cf00194,0,Lab,Corona
train/pd/d91204800cf00194_w03.png,d91204800cf00194,3,Lab,Corona
train/pd/d91204800cf00194_w10.png,d91204800cf00194,10,Lab,Corona
train/pd/d91204800cf00194_w13.png,d91204800cf00194,13,Lab,Corona
train/pd/d91204800cf00194_w19.png,d91204800cf00194,19,Lab,Corona
train/pd/d91204800cf00194_w20.png,d91204800cf00194,20,Lab,Corona
train/pd/d91204800cf00194_w26.png,d91204800cf00194,26,Lab,Corona
train/pd/d91204800cf00194_w27.png,d91204800cf00194,27,Lab,Corona
train/pd/d91e4512fc2336c9_w03.png,d91e4512fc2336c9,3,Lab,Floating
train/pd/d91e4512fc2336c9_w07.png,d91e4512fc2336c9,7,Lab,Floating
train/pd/d91e4512fc2336c9_w10.png,d91e4512fc2336c9,10,Lab,Floating
train/pd/d91e4512fc2336c9_w12.png,d91e4512fc2336c9,12,Lab,Floating
train/pd/d91e4512fc2336c9_w14.png,d91e4512fc2336c9,14,Lab,Floating
train/pd/d91e4512fc2336c9_w20.png,d91e4512fc2336c9,20,Lab,Floating
train/pd/d91e4512fc2336c9_w21.png,d91e4512fc2336c9,21,Lab,Floating
train/pd/d91e4512fc2336c9_w26.png,d91e4512fc2336c9,26,Lab,Floating
train/pd/d92a22f5870b3893_w02.png,d92a22f5870b3893,2,Lab,Corona
train/pd/d92a22f5870b3893_w05.png,d92a22f5870b3893,5,Lab,Corona
train/pd/d92a22f5870b3893_w06.png,d92a22f5870b3893,6,Lab,Corona
train/pd/d92a22f5870b3893_w08.png,d92a22f5870b3893,8,Lab,Corona
train/pd/d92a22f5870b3893_w10.png,d92a22f5870b3893,10,Lab,Corona
train/pd/d92a22f5870b3893_w12.png,d92a22f5870b3893,12,Lab,Corona
train/pd/d92a22f5870b3893_w18.png,d92a22f5870b3893,18,Lab,Corona
train/pd/d92a22f5870b3893_w21.png,d92a22f5870b3893,21,Lab,Corona
train/pd/d9561b943ce0d810_w00.png,d9561b943ce0d810,0,Lab,Void
train/pd/d9561b943ce0d810_w01.png,d9561b943ce0d810,1,Lab,Void
train/pd/d9561b943ce0d810_w06.png,d9561b943ce0d810,6,Lab,Void
train/pd/d9561b943ce0d810_w07.png,d9561b943ce0d810,7,Lab,Void
train/pd/d9561b943ce0d810_w11.png,d9561b943ce0d810,11,Lab,Void
train/pd/d9561b943ce0d810_w15.png,d9561b943ce0d810,15,Lab,Void
train/pd/d9561b943ce0d810_w18.png,d9561b943ce0d810,18,Lab,Void
train/pd/d9561b943ce0d810_w19.png,d9561b943ce0d810,19,Lab,Void
train/pd/d96700ce832db0dc_w01.png,d96700ce832db0dc,1,Field,Void
train/pd/d96700ce832db0dc_w03.png,d96700ce832db0dc,3,Field,Void
train/pd/d96700ce832db0dc_w06.png,d96700ce832db0dc,6,Field,Void
train/pd/d96700ce832db0dc_w07.png,d96700ce832db0dc,7,Field,Void
train/pd/d96700ce832db0dc_w13.png,d96700ce832db0dc,13,Field,Void
train/pd/d96700ce832db0dc_w16.png,d96700ce832db0dc,16,Field,Void
train/pd/d96700ce832db0dc_w17.png,d96700ce832db0dc,17,Field,Void
train/pd/d96700ce832db0dc_w19.png,d96700ce832db0dc,19,Field,Void
train/pd/d98a94d1ca40894e_w01.png,d98a94d1ca40894e,1,Field,Void
train/pd/d98a94d1ca40894e_w04.png,d98a94d1ca40894e,4,Field,Void
train/pd/d98a94d1ca40894e_w08.png,d98a94d1ca40894e,8,Field,Void
train/pd/d98a94d1ca40894e_w09.png,d98a94d1ca40894e,9,Field,Void
train/pd/d98a94d1ca40894e_w20.png,d98a94d1ca40894e,20,Field,Void
train/pd/d98a94d1ca40894e_w21.png,d98a94d1ca40894e,21,Field,Void
train/pd/d98a94d1ca40894e_w23.png,d98a94d1ca40894e,23,Field,Void
train/pd/d98a94d1ca40894e_w24.png,d98a94d1ca40894e,24,Field,Void
train/pd/d9ad6cb1b9a04b73_w02.png,d9ad6cb1b9a04b73,2,Lab,Particle
train/pd/d9ad6cb1b9a04b73_w05.png,d9ad6cb1b9a04b73,5,Lab,Particle
train/pd/d9ad6cb1b9a04b73_w11.png,d9ad6cb1b9a04b73,11,Lab,Particle
train/pd/d9ad6cb1b9a04b73_w13.png,d9ad6cb1b9a04b73,13,Lab,Particle
train/pd/d9ad6cb1b9a04b73_w14.png,d9ad6cb1b9a04b73,14,Lab,Particle
train/pd/d9ad6cb1b9a04b73_w15.png,d9ad6cb1b9a04b73,15,Lab,Particle
train/pd/d9ad6cb1b9a04b73_w18.png,d9ad6cb1b9a04b73,18,Lab,Particle
train/pd/d9ad6cb1b9a04b73_w27.png,d9ad6cb1b9a04b73,27,Lab,Particle
train/pd/d9c0bcf83d6a3f0c_w03.png,d9c0bcf83d6a3f0c,3,Lab,Void
train/pd/d9c0bcf83d6a3f0c_w05.png,d9c0bcf83d6a3f0c,5,Lab,Void
train/pd/d9c0bcf83d6a3f0c_w07.png,d9c0bcf83d6a3f0c,7,Lab,Void
train/pd/d9c0bcf83d6a3f0c_w09.png,d9c0bcf83d6a3f0c,9,Lab,Void
train/pd/d9c0bcf83d6a3f0c_w19.png,d9c0bcf83d6a3f0c,19,Lab,Void
train/pd/d9c0bcf83d6a3f0c_w20.png,d9c0bcf83d6a3f0c,20,Lab,Void
train/pd/d9c0bcf83d6a3f0c_w22.png,d9c0bcf83d6a3f0c,22,Lab,Void
train/pd/d9c0bcf83d6a3f0c_w27.png,d9c0bcf83d6a3f0c,27,Lab,Void
train/pd/d9e781c602526ae8_w10.png,d9e781c602526ae8,10,Lab,Particle
train/pd/d9e781c602526ae8_w17.png,d9e781c602526ae8,17,Lab,Particle
train/pd/d9e781c602526ae8_w18.png,d9e781c602526ae8,18,Lab,Particle
train/pd/d9e781c602526ae8_w20.png,d9e781c602526ae8,20,Lab,Particle
train/pd/d9e781c602526ae8_w22.png,d9e781c602526ae8,22,Lab,Particle
train/pd/d9e781c602526ae8_w24.png,d9e781c602526ae8,24,Lab,Particle
train/pd/d9e781c602526ae8_w25.png,d9e781c602526ae8,25,Lab,Particle
train/pd/d9e781c602526ae8_w26.png,d9e781c602526ae8,26,Lab,Particle
train/pd/d9ff1a51ea5d2484_w04.png,d9ff1a51ea5d2484,4,Lab,Corona
train/pd/d9ff1a51ea5d2484_w06.png,d9ff1a51ea5d2484,6,Lab,Corona
train/pd/d9ff1a51ea5d2484_w13.png,d9ff1a51ea5d2484,13,Lab,Corona
train/pd/d9ff1a51ea5d2484_w15.png,d9ff1a51ea5d2484,15,Lab,Corona
train/pd/d9ff1a51ea5d2484_w17.png,d9ff1a51ea5d2484,17,Lab,Corona
train/pd/d9ff1a51ea5d2484_w19.png,d9ff1a51ea5d2484,19,Lab,Corona
train/pd/d9ff1a51ea5d2484_w20.png,d9ff1a51ea5d2484,20,Lab,Corona
train/pd/d9ff1a51ea5d2484_w24.png,d9ff1a51ea5d2484,24,Lab,Corona
train/pd/da1ea1a05891e243_w01.png,da1ea1a05891e243,1,Lab,Void
train/pd/da1ea1a05891e243_w04.png,da1ea1a05891e243,4,Lab,Void
train/pd/da1ea1a05891e243_w08.png,da1ea1a05891e243,8,Lab,Void
train/pd/da1ea1a05891e243_w11.png,da1ea1a05891e243,11,Lab,Void
train/pd/da1ea1a05891e243_w14.png,da1ea1a05891e243,14,Lab,Void
train/pd/da1ea1a05891e243_w20.png,da1ea1a05891e243,20,Lab,Void
train/pd/da1ea1a05891e243_w23.png,da1ea1a05891e243,23,Lab,Void
train/pd/da1ea1a05891e243_w25.png,da1ea1a05891e243,25,Lab,Void
train/pd/da535f7b25a39f80_w00.png,da535f7b25a39f80,0,Lab,Void
train/pd/da535f7b25a39f80_w04.png,da535f7b25a39f80,4,Lab,Void
train/pd/da535f7b25a39f80_w06.png,da535f7b25a39f80,6,Lab,Void
train/pd/da535f7b25a39f80_w09.png,da535f7b25a39f80,9,Lab,Void
train/pd/da535f7b25a39f80_w12.png,da535f7b25a39f80,12,Lab,Void
train/pd/da535f7b25a39f80_w15.png,da535f7b25a39f80,15,Lab,Void
train/pd/da535f7b25a39f80_w16.png,da535f7b25a39f80,16,Lab,Void
train/pd/da535f7b25a39f80_w19.png,da535f7b25a39f80,19,Lab,Void
train/pd/da544387199eaf18_w01.png,da544387199eaf18,1,Lab,Void
train/pd/da544387199eaf18_w02.png,da544387199eaf18,2,Lab,Void
train/pd/da544387199eaf18_w03.png,da544387199eaf18,3,Lab,Void
train/pd/da544387199eaf18_w07.png,da544387199eaf18,7,Lab,Void
train/pd/da544387199eaf18_w10.png,da544387199eaf18,10,Lab,Void
train/pd/da544387199eaf18_w12.png,da544387199eaf18,12,Lab,Void
train/pd/da544387199eaf18_w16.png,da544387199eaf18,16,Lab,Void
train/pd/da544387199eaf18_w23.png,da544387199eaf18,23,Lab,Void
train/pd/da9e0b6e90dfce36_w00.png,da9e0b6e90dfce36,0,Lab,Floating
train/pd/da9e0b6e90dfce36_w02.png,da9e0b6e90dfce36,2,Lab,Floating
train/pd/da9e0b6e90dfce36_w03.png,da9e0b6e90dfce36,3,Lab,Floating
train/pd/da9e0b6e90dfce36_w08.png,da9e0b6e90dfce36,8,Lab,Floating
train/pd/da9e0b6e90dfce36_w09.png,da9e0b6e90dfce36,9,Lab,Floating
train/pd/da9e0b6e90dfce36_w14.png,da9e0b6e90dfce36,14,Lab,Floating
train/pd/da9e0b6e90dfce36_w21.png,da9e0b6e90dfce36,21,Lab,Floating
train/pd/da9e0b6e90dfce36_w27.png,da9e0b6e90dfce36,27,Lab,Floating
train/pd/daaf25be034eeba3_w01.png,daaf25be034eeba3,1,Lab,Void
train/pd/daaf25be034eeba3_w04.png,daaf25be034eeba3,4,Lab,Void
train/pd/daaf25be034eeba3_w05.png,daaf25be034eeba3,5,Lab,Void
train/pd/daaf25be034eeba3_w06.png,daaf25be034eeba3,6,Lab,Void
train/pd/daaf25be034eeba3_w08.png,daaf25be034eeba3,8,Lab,Void
train/pd/daaf25be034eeba3_w09.png,daaf25be034eeba3,9,Lab,Void
train/pd/daaf25be034eeba3_w13.png,daaf25be034eeba3,13,Lab,Void
train/pd/daaf25be034eeba3_w26.png,daaf25be034eeba3,26,Lab,Void
train/pd/dac199a7502bddc8_w01.png,dac199a7502bddc8,1,Lab,Void
train/pd/dac199a7502bddc8_w02.png,dac199a7502bddc8,2,Lab,Void
train/pd/dac199a7502bddc8_w07.png,dac199a7502bddc8,7,Lab,Void
train/pd/dac199a7502bddc8_w09.png,dac199a7502bddc8,9,Lab,Void
train/pd/dac199a7502bddc8_w12.png,dac199a7502bddc8,12,Lab,Void
train/pd/dac199a7502bddc8_w16.png,dac199a7502bddc8,16,Lab,Void
train/pd/dac199a7502bddc8_w24.png,dac199a7502bddc8,24,Lab,Void
train/pd/dac199a7502bddc8_w26.png,dac199a7502bddc8,26,Lab,Void
train/pd/dae1b401a803c5a5_w03.png,dae1b401a803c5a5,3,Field,Corona
train/pd/dae1b401a803c5a5_w05.png,dae1b401a803c5a5,5,Field,Corona
train/pd/dae1b401a803c5a5_w08.png,dae1b401a803c5a5,8,Field,Corona
train/pd/dae1b401a803c5a5_w12.png,dae1b401a803c5a5,12,Field,Corona
train/pd/dae1b401a803c5a5_w15.png,dae1b401a803c5a5,15,Field,Corona
train/pd/dae1b401a803c5a5_w19.png,dae1b401a803c5a5,19,Field,Corona
train/pd/dae1b401a803c5a5_w23.png,dae1b401a803c5a5,23,Field,Corona
train/pd/dae1b401a803c5a5_w24.png,dae1b401a803c5a5,24,Field,Corona
train/pd/db02c09e51f64f67_w02.png,db02c09e51f64f67,2,Lab,Particle
train/pd/db02c09e51f64f67_w07.png,db02c09e51f64f67,7,Lab,Particle
train/pd/db02c09e51f64f67_w11.png,db02c09e51f64f67,11,Lab,Particle
train/pd/db02c09e51f64f67_w13.png,db02c09e51f64f67,13,Lab,Particle
train/pd/db02c09e51f64f67_w15.png,db02c09e51f64f67,15,Lab,Particle
train/pd/db02c09e51f64f67_w17.png,db02c09e51f64f67,17,Lab,Particle
train/pd/db02c09e51f64f67_w18.png,db02c09e51f64f67,18,Lab,Particle
train/pd/db02c09e51f64f67_w24.png,db02c09e51f64f67,24,Lab,Particle
train/pd/db5305fe49470ff8_w03.png,db5305fe49470ff8,3,Lab,Floating
train/pd/db5305fe49470ff8_w04.png,db5305fe49470ff8,4,Lab,Floating
train/pd/db5305fe49470ff8_w07.png,db5305fe49470ff8,7,Lab,Floating
train/pd/db5305fe49470ff8_w10.png,db5305fe49470ff8,10,Lab,Floating
train/pd/db5305fe49470ff8_w16.png,db5305fe49470ff8,16,Lab,Floating
train/pd/db5305fe49470ff8_w20.png,db5305fe49470ff8,20,Lab,Floating
train/pd/db5305fe49470ff8_w25.png,db5305fe49470ff8,25,Lab,Floating
train/pd/db5305fe49470ff8_w26.png,db5305fe49470ff8,26,Lab,Floating
train/pd/db6d6cfe9cff2a46_w01.png,db6d6cfe9cff2a46,1,Lab,Floating
train/pd/db6d6cfe9cff2a46_w02.png,db6d6cfe9cff2a46,2,Lab,Floating
train/pd/db6d6cfe9cff2a46_w06.png,db6d6cfe9cff2a46,6,Lab,Floating
train/pd/db6d6cfe9cff2a46_w07.png,db6d6cfe9cff2a46,7,Lab,Floating
train/pd/db6d6cfe9cff2a46_w08.png,db6d6cfe9cff2a46,8,Lab,Floating
train/pd/db6d6cfe9cff2a46_w13.png,db6d6cfe9cff2a46,13,Lab,Floating
train/pd/db6d6cfe9cff2a46_w17.png,db6d6cfe9cff2a46,17,Lab,Floating
train/pd/db6d6cfe9cff2a46_w27.png,db6d6cfe9cff2a46,27,Lab,Floating
train/pd/db70a90cb7b3e2c5_w03.png,db70a90cb7b3e2c5,3,Lab,Void
train/pd/db70a90cb7b3e2c5_w04.png,db70a90cb7b3e2c5,4,Lab,Void
train/pd/db70a90cb7b3e2c5_w05.png,db70a90cb7b3e2c5,5,Lab,Void
train/pd/db70a90cb7b3e2c5_w07.png,db70a90cb7b3e2c5,7,Lab,Void
train/pd/db70a90cb7b3e2c5_w16.png,db70a90cb7b3e2c5,16,Lab,Void
train/pd/db70a90cb7b3e2c5_w17.png,db70a90cb7b3e2c5,17,Lab,Void
train/pd/db70a90cb7b3e2c5_w18.png,db70a90cb7b3e2c5,18,Lab,Void
train/pd/db70a90cb7b3e2c5_w26.png,db70a90cb7b3e2c5,26,Lab,Void
train/pd/dba6c4eb98a9fa49_w09.png,dba6c4eb98a9fa49,9,Lab,Void
train/pd/dba6c4eb98a9fa49_w13.png,dba6c4eb98a9fa49,13,Lab,Void
train/pd/dba6c4eb98a9fa49_w14.png,dba6c4eb98a9fa49,14,Lab,Void
train/pd/dba6c4eb98a9fa49_w18.png,dba6c4eb98a9fa49,18,Lab,Void
train/pd/dba6c4eb98a9fa49_w19.png,dba6c4eb98a9fa49,19,Lab,Void
train/pd/dba6c4eb98a9fa49_w21.png,dba6c4eb98a9fa49,21,Lab,Void
train/pd/dba6c4eb98a9fa49_w25.png,dba6c4eb98a9fa49,25,Lab,Void
train/pd/dba6c4eb98a9fa49_w26.png,dba6c4eb98a9fa49,26,Lab,Void
train/pd/dbbb86837cdcc604_w04.png,dbbb86837cdcc604,4,Lab,Void
train/pd/dbbb86837cdcc604_w08.png,dbbb86837cdcc604,8,Lab,Void
train/pd/dbbb86837cdcc604_w13.png,dbbb86837cdcc604,13,Lab,Void
train/pd/dbbb86837cdcc604_w17.png,dbbb86837cdcc604,17,Lab,Void
train/pd/dbbb86837cdcc604_w18.png,dbbb86837cdcc604,18,Lab,Void
train/pd/dbbb86837cdcc604_w20.png,dbbb86837cdcc604,20,Lab,Void
train/pd/dbbb86837cdcc604_w22.png,dbbb86837cdcc604,22,Lab,Void
train/pd/dbbb86837cdcc604_w27.png,dbbb86837cdcc604,27,Lab,Void
train/pd/dbbfd7bb9105af6c_w01.png,dbbfd7bb9105af6c,1,Lab,Void
train/pd/dbbfd7bb9105af6c_w04.png,dbbfd7bb9105af6c,4,Lab,Void
train/pd/dbbfd7bb9105af6c_w05.png,dbbfd7bb9105af6c,5,Lab,Void
train/pd/dbbfd7bb9105af6c_w06.png,dbbfd7bb9105af6c,6,Lab,Void
train/pd/dbbfd7bb9105af6c_w07.png,dbbfd7bb9105af6c,7,Lab,Void
train/pd/dbbfd7bb9105af6c_w11.png,dbbfd7bb9105af6c,11,Lab,Void
train/pd/dbbfd7bb9105af6c_w25.png,dbbfd7bb9105af6c,25,Lab,Void
train/pd/dbbfd7bb9105af6c_w26.png,dbbfd7bb9105af6c,26,Lab,Void
train/pd/dbdbe4eab89431bd_w05.png,dbdbe4eab89431bd,5,Lab,Particle
train/pd/dbdbe4eab89431bd_w13.png,dbdbe4eab89431bd,13,Lab,Particle
train/pd/dbdbe4eab89431bd_w14.png,dbdbe4eab89431bd,14,Lab,Particle
train/pd/dbdbe4eab89431bd_w15.png,dbdbe4eab89431bd,15,Lab,Particle
train/pd/dbdbe4eab89431bd_w16.png,dbdbe4eab89431bd,16,Lab,Particle
train/pd/dbdbe4eab89431bd_w18.png,dbdbe4eab89431bd,18,Lab,Particle
train/pd/dbdbe4eab89431bd_w20.png,dbdbe4eab89431bd,20,Lab,Particle
train/pd/dbdbe4eab89431bd_w22.png,dbdbe4eab89431bd,22,Lab,Particle
train/pd/dbf249dfe3947535_w01.png,dbf249dfe3947535,1,Lab,Void
train/pd/dbf249dfe3947535_w02.png,dbf249dfe3947535,2,Lab,Void
train/pd/dbf249dfe3947535_w08.png,dbf249dfe3947535,8,Lab,Void
train/pd/dbf249dfe3947535_w09.png,dbf249dfe3947535,9,Lab,Void
train/pd/dbf249dfe3947535_w13.png,dbf249dfe3947535,13,Lab,Void
train/pd/dbf249dfe3947535_w18.png,dbf249dfe3947535,18,Lab,Void
train/pd/dbf249dfe3947535_w19.png,dbf249dfe3947535,19,Lab,Void
train/pd/dbf249dfe3947535_w20.png,dbf249dfe3947535,20,Lab,Void
train/pd/dc1045677f301dc6_w00.png,dc1045677f301dc6,0,Field,Void
train/pd/dc1045677f301dc6_w02.png,dc1045677f301dc6,2,Field,Void
train/pd/dc1045677f301dc6_w03.png,dc1045677f301dc6,3,Field,Void
train/pd/dc1045677f301dc6_w04.png,dc1045677f301dc6,4,Field,Void
train/pd/dc1045677f301dc6_w12.png,dc1045677f301dc6,12,Field,Void
train/pd/dc1045677f301dc6_w18.png,dc1045677f301dc6,18,Field,Void
train/pd/dc1045677f301dc6_w23.png,dc1045677f301dc6,23,Field,Void
train/pd/dc1045677f301dc6_w24.png,dc1045677f301dc6,24,Field,Void
train/pd/dc3a47460ecf857b_w01.png,dc3a47460ecf857b,1,Lab,Floating
train/pd/dc3a47460ecf857b_w05.png,dc3a47460ecf857b,5,Lab,Floating
train/pd/dc3a47460ecf857b_w06.png,dc3a47460ecf857b,6,Lab,Floating
train/pd/dc3a47460ecf857b_w08.png,dc3a47460ecf857b,8,Lab,Floating
train/pd/dc3a47460ecf857b_w17.png,dc3a47460ecf857b,17,Lab,Floating
train/pd/dc3a47460ecf857b_w21.png,dc3a47460ecf857b,21,Lab,Floating
train/pd/dc3a47460ecf857b_w24.png,dc3a47460ecf857b,24,Lab,Floating
train/pd/dc3a47460ecf857b_w26.png,dc3a47460ecf857b,26,Lab,Floating
train/pd/dc7d5b49ade36c9d_w00.png,dc7d5b49ade36c9d,0,Lab,Floating
train/pd/dc7d5b49ade36c9d_w06.png,dc7d5b49ade36c9d,6,Lab,Floating
train/pd/dc7d5b49ade36c9d_w09.png,dc7d5b49ade36c9d,9,Lab,Floating
train/pd/dc7d5b49ade36c9d_w10.png,dc7d5b49ade36c9d,10,Lab,Floating
train/pd/dc7d5b49ade36c9d_w11.png,dc7d5b49ade36c9d,11,Lab,Floating
train/pd/dc7d5b49ade36c9d_w18.png,dc7d5b49ade36c9d,18,Lab,Floating
train/pd/dc7d5b49ade36c9d_w19.png,dc7d5b49ade36c9d,19,Lab,Floating
train/pd/dc7d5b49ade36c9d_w21.png,dc7d5b49ade36c9d,21,Lab,Floating
train/pd/dc86cf30251f646a_w00.png,dc86cf30251f646a,0,Lab,Void
train/pd/dc86cf30251f646a_w02.png,dc86cf30251f646a,2,Lab,Void
train/pd/dc86cf30251f646a_w07.png,dc86cf30251f646a,7,Lab,Void
train/pd/dc86cf30251f646a_w09.png,dc86cf30251f646a,9,Lab,Void
train/pd/dc86cf30251f646a_w14.png,dc86cf30251f646a,14,Lab,Void
train/pd/dc86cf30251f646a_w18.png,dc86cf30251f646a,18,Lab,Void
train/pd/dc86cf30251f646a_w21.png,dc86cf30251f646a,21,Lab,Void
train/pd/dc86cf30251f646a_w23.png,dc86cf30251f646a,23,Lab,Void
train/pd/dc8bed335b6df098_w02.png,dc8bed335b6df098,2,Lab,Void
train/pd/dc8bed335b6df098_w08.png,dc8bed335b6df098,8,Lab,Void
train/pd/dc8bed335b6df098_w10.png,dc8bed335b6df098,10,Lab,Void
train/pd/dc8bed335b6df098_w15.png,dc8bed335b6df098,15,Lab,Void
train/pd/dc8bed335b6df098_w16.png,dc8bed335b6df098,16,Lab,Void
train/pd/dc8bed335b6df098_w21.png,dc8bed335b6df098,21,Lab,Void
train/pd/dc8bed335b6df098_w23.png,dc8bed335b6df098,23,Lab,Void
train/pd/dc8bed335b6df098_w26.png,dc8bed335b6df098,26,Lab,Void
train/pd/dca8e09a7f6137f3_w04.png,dca8e09a7f6137f3,4,Lab,Floating
train/pd/dca8e09a7f6137f3_w07.png,dca8e09a7f6137f3,7,Lab,Floating
train/pd/dca8e09a7f6137f3_w08.png,dca8e09a7f6137f3,8,Lab,Floating
train/pd/dca8e09a7f6137f3_w10.png,dca8e09a7f6137f3,10,Lab,Floating
train/pd/dca8e09a7f6137f3_w18.png,dca8e09a7f6137f3,18,Lab,Floating
train/pd/dca8e09a7f6137f3_w19.png,dca8e09a7f6137f3,19,Lab,Floating
train/pd/dca8e09a7f6137f3_w23.png,dca8e09a7f6137f3,23,Lab,Floating
train/pd/dca8e09a7f6137f3_w24.png,dca8e09a7f6137f3,24,Lab,Floating
train/pd/dd34dc28725f731a_w00.png,dd34dc28725f731a,0,Lab,Particle
train/pd/dd34dc28725f731a_w03.png,dd34dc28725f731a,3,Lab,Particle
train/pd/dd34dc28725f731a_w07.png,dd34dc28725f731a,7,Lab,Particle
train/pd/dd34dc28725f731a_w17.png,dd34dc28725f731a,17,Lab,Particle
train/pd/dd34dc28725f731a_w18.png,dd34dc28725f731a,18,Lab,Particle
train/pd/dd34dc28725f731a_w22.png,dd34dc28725f731a,22,Lab,Particle
train/pd/dd34dc28725f731a_w24.png,dd34dc28725f731a,24,Lab,Particle
train/pd/dd34dc28725f731a_w27.png,dd34dc28725f731a,27,Lab,Particle
train/pd/dd3d530da9ea36ed_w02.png,dd3d530da9ea36ed,2,Field,Void
train/pd/dd3d530da9ea36ed_w07.png,dd3d530da9ea36ed,7,Field,Void
train/pd/dd3d530da9ea36ed_w14.png,dd3d530da9ea36ed,14,Field,Void
train/pd/dd3d530da9ea36ed_w16.png,dd3d530da9ea36ed,16,Field,Void
train/pd/dd3d530da9ea36ed_w20.png,dd3d530da9ea36ed,20,Field,Void
train/pd/dd3d530da9ea36ed_w23.png,dd3d530da9ea36ed,23,Field,Void
train/pd/dd3d530da9ea36ed_w25.png,dd3d530da9ea36ed,25,Field,Void
train/pd/dd3d530da9ea36ed_w27.png,dd3d530da9ea36ed,27,Field,Void
train/pd/dd6116a3a5ab696f_w00.png,dd6116a3a5ab696f,0,Lab,Void
train/pd/dd6116a3a5ab696f_w02.png,dd6116a3a5ab696f,2,Lab,Void
train/pd/dd6116a3a5ab696f_w04.png,dd6116a3a5ab696f,4,Lab,Void
train/pd/dd6116a3a5ab696f_w15.png,dd6116a3a5ab696f,15,Lab,Void
train/pd/dd6116a3a5ab696f_w18.png,dd6116a3a5ab696f,18,Lab,Void
train/pd/dd6116a3a5ab696f_w19.png,dd6116a3a5ab696f,19,Lab,Void
train/pd/dd6116a3a5ab696f_w25.png,dd6116a3a5ab696f,25,Lab,Void
train/pd/dd6116a3a5ab696f_w26.png,dd6116a3a5ab696f,26,Lab,Void
train/pd/dd7e6ec35825d327_w06.png,dd7e6ec35825d327,6,Lab,Void
train/pd/dd7e6ec35825d327_w09.png,dd7e6ec35825d327,9,Lab,Void
train/pd/dd7e6ec35825d327_w10.png,dd7e6ec35825d327,10,Lab,Void
train/pd/dd7e6ec35825d327_w12.png,dd7e6ec35825d327,12,Lab,Void
train/pd/dd7e6ec35825d327_w14.png,dd7e6ec35825d327,14,Lab,Void
train/pd/dd7e6ec35825d327_w19.png,dd7e6ec35825d327,19,Lab,Void
train/pd/dd7e6ec35825d327_w20.png,dd7e6ec35825d327,20,Lab,Void
train/pd/dd7e6ec35825d327_w27.png,dd7e6ec35825d327,27,Lab,Void
train/pd/ddac13b934da211b_w00.png,ddac13b934da211b,0,Lab,Corona
train/pd/ddac13b934da211b_w04.png,ddac13b934da211b,4,Lab,Corona
train/pd/ddac13b934da211b_w06.png,ddac13b934da211b,6,Lab,Corona
train/pd/ddac13b934da211b_w11.png,ddac13b934da211b,11,Lab,Corona
train/pd/ddac13b934da211b_w12.png,ddac13b934da211b,12,Lab,Corona
train/pd/ddac13b934da211b_w22.png,ddac13b934da211b,22,Lab,Corona
train/pd/ddac13b934da211b_w24.png,ddac13b934da211b,24,Lab,Corona
train/pd/ddac13b934da211b_w27.png,ddac13b934da211b,27,Lab,Corona
train/pd/ddd5a0c20cf351f2_w02.png,ddd5a0c20cf351f2,2,Lab,Void
train/pd/ddd5a0c20cf351f2_w03.png,ddd5a0c20cf351f2,3,Lab,Void
train/pd/ddd5a0c20cf351f2_w06.png,ddd5a0c20cf351f2,6,Lab,Void
train/pd/ddd5a0c20cf351f2_w09.png,ddd5a0c20cf351f2,9,Lab,Void
train/pd/ddd5a0c20cf351f2_w12.png,ddd5a0c20cf351f2,12,Lab,Void
train/pd/ddd5a0c20cf351f2_w13.png,ddd5a0c20cf351f2,13,Lab,Void
train/pd/ddd5a0c20cf351f2_w17.png,ddd5a0c20cf351f2,17,Lab,Void
train/pd/ddd5a0c20cf351f2_w23.png,ddd5a0c20cf351f2,23,Lab,Void
train/pd/ddd6b93098db874e_w00.png,ddd6b93098db874e,0,Lab,Floating
train/pd/ddd6b93098db874e_w01.png,ddd6b93098db874e,1,Lab,Floating
train/pd/ddd6b93098db874e_w08.png,ddd6b93098db874e,8,Lab,Floating
train/pd/ddd6b93098db874e_w14.png,ddd6b93098db874e,14,Lab,Floating
train/pd/ddd6b93098db874e_w17.png,ddd6b93098db874e,17,Lab,Floating
train/pd/ddd6b93098db874e_w22.png,ddd6b93098db874e,22,Lab,Floating
train/pd/ddd6b93098db874e_w23.png,ddd6b93098db874e,23,Lab,Floating
train/pd/ddd6b93098db874e_w24.png,ddd6b93098db874e,24,Lab,Floating
train/pd/ddecf77babbd56ce_w12.png,ddecf77babbd56ce,12,Field,Void
train/pd/ddecf77babbd56ce_w13.png,ddecf77babbd56ce,13,Field,Void
train/pd/ddecf77babbd56ce_w15.png,ddecf77babbd56ce,15,Field,Void
train/pd/ddecf77babbd56ce_w17.png,ddecf77babbd56ce,17,Field,Void
train/pd/ddecf77babbd56ce_w20.png,ddecf77babbd56ce,20,Field,Void
train/pd/ddecf77babbd56ce_w21.png,ddecf77babbd56ce,21,Field,Void
train/pd/ddecf77babbd56ce_w24.png,ddecf77babbd56ce,24,Field,Void
train/pd/ddecf77babbd56ce_w26.png,ddecf77babbd56ce,26,Field,Void
train/pd/de4546fd300102cc_w04.png,de4546fd300102cc,4,Field,Floating
train/pd/de4546fd300102cc_w05.png,de4546fd300102cc,5,Field,Floating
train/pd/de4546fd300102cc_w08.png,de4546fd300102cc,8,Field,Floating
train/pd/de4546fd300102cc_w11.png,de4546fd300102cc,11,Field,Floating
train/pd/de4546fd300102cc_w17.png,de4546fd300102cc,17,Field,Floating
train/pd/de4546fd300102cc_w21.png,de4546fd300102cc,21,Field,Floating
train/pd/de4546fd300102cc_w22.png,de4546fd300102cc,22,Field,Floating
train/pd/de4546fd300102cc_w23.png,de4546fd300102cc,23,Field,Floating
train/pd/de662ad9259d3b54_w08.png,de662ad9259d3b54,8,Lab,Particle
train/pd/de662ad9259d3b54_w09.png,de662ad9259d3b54,9,Lab,Particle
train/pd/de662ad9259d3b54_w15.png,de662ad9259d3b54,15,Lab,Particle
train/pd/de662ad9259d3b54_w18.png,de662ad9259d3b54,18,Lab,Particle
train/pd/de662ad9259d3b54_w19.png,de662ad9259d3b54,19,Lab,Particle
train/pd/de662ad9259d3b54_w20.png,de662ad9259d3b54,20,Lab,Particle
train/pd/de662ad9259d3b54_w22.png,de662ad9259d3b54,22,Lab,Particle
train/pd/de662ad9259d3b54_w23.png,de662ad9259d3b54,23,Lab,Particle
train/pd/deabae23813099d4_w00.png,deabae23813099d4,0,Field,Void
train/pd/deabae23813099d4_w02.png,deabae23813099d4,2,Field,Void
train/pd/deabae23813099d4_w03.png,deabae23813099d4,3,Field,Void
train/pd/deabae23813099d4_w08.png,deabae23813099d4,8,Field,Void
train/pd/deabae23813099d4_w10.png,deabae23813099d4,10,Field,Void
train/pd/deabae23813099d4_w14.png,deabae23813099d4,14,Field,Void
train/pd/deabae23813099d4_w20.png,deabae23813099d4,20,Field,Void
train/pd/deabae23813099d4_w24.png,deabae23813099d4,24,Field,Void
train/pd/dede5a6b8a304c76_w06.png,dede5a6b8a304c76,6,Lab,Void
train/pd/dede5a6b8a304c76_w07.png,dede5a6b8a304c76,7,Lab,Void
train/pd/dede5a6b8a304c76_w14.png,dede5a6b8a304c76,14,Lab,Void
train/pd/dede5a6b8a304c76_w16.png,dede5a6b8a304c76,16,Lab,Void
train/pd/dede5a6b8a304c76_w20.png,dede5a6b8a304c76,20,Lab,Void
train/pd/dede5a6b8a304c76_w22.png,dede5a6b8a304c76,22,Lab,Void
train/pd/dede5a6b8a304c76_w23.png,dede5a6b8a304c76,23,Lab,Void
train/pd/dede5a6b8a304c76_w26.png,dede5a6b8a304c76,26,Lab,Void
train/pd/dedef170f194e239_w04.png,dedef170f194e239,4,Lab,Void
train/pd/dedef170f194e239_w09.png,dedef170f194e239,9,Lab,Void
train/pd/dedef170f194e239_w10.png,dedef170f194e239,10,Lab,Void
train/pd/dedef170f194e239_w12.png,dedef170f194e239,12,Lab,Void
train/pd/dedef170f194e239_w14.png,dedef170f194e239,14,Lab,Void
train/pd/dedef170f194e239_w16.png,dedef170f194e239,16,Lab,Void
train/pd/dedef170f194e239_w17.png,dedef170f194e239,17,Lab,Void
train/pd/dedef170f194e239_w19.png,dedef170f194e239,19,Lab,Void
train/pd/dee8d872d53eb69a_w01.png,dee8d872d53eb69a,1,Lab,Void
train/pd/dee8d872d53eb69a_w04.png,dee8d872d53eb69a,4,Lab,Void
train/pd/dee8d872d53eb69a_w06.png,dee8d872d53eb69a,6,Lab,Void
train/pd/dee8d872d53eb69a_w12.png,dee8d872d53eb69a,12,Lab,Void
train/pd/dee8d872d53eb69a_w19.png,dee8d872d53eb69a,19,Lab,Void
train/pd/dee8d872d53eb69a_w20.png,dee8d872d53eb69a,20,Lab,Void
train/pd/dee8d872d53eb69a_w21.png,dee8d872d53eb69a,21,Lab,Void
train/pd/dee8d872d53eb69a_w24.png,dee8d872d53eb69a,24,Lab,Void
train/pd/def70ce73b2991e2_w05.png,def70ce73b2991e2,5,Lab,Corona
train/pd/def70ce73b2991e2_w08.png,def70ce73b2991e2,8,Lab,Corona
train/pd/def70ce73b2991e2_w10.png,def70ce73b2991e2,10,Lab,Corona
train/pd/def70ce73b2991e2_w18.png,def70ce73b2991e2,18,Lab,Corona
train/pd/def70ce73b2991e2_w22.png,def70ce73b2991e2,22,Lab,Corona
train/pd/def70ce73b2991e2_w23.png,def70ce73b2991e2,23,Lab,Corona
train/pd/def70ce73b2991e2_w24.png,def70ce73b2991e2,24,Lab,Corona
train/pd/def70ce73b2991e2_w27.png,def70ce73b2991e2,27,Lab,Corona
train/pd/df00ab6578b258d2_w02.png,df00ab6578b258d2,2,Lab,Floating
train/pd/df00ab6578b258d2_w04.png,df00ab6578b258d2,4,Lab,Floating
train/pd/df00ab6578b258d2_w05.png,df00ab6578b258d2,5,Lab,Floating
train/pd/df00ab6578b258d2_w06.png,df00ab6578b258d2,6,Lab,Floating
train/pd/df00ab6578b258d2_w11.png,df00ab6578b258d2,11,Lab,Floating
train/pd/df00ab6578b258d2_w19.png,df00ab6578b258d2,19,Lab,Floating
train/pd/df00ab6578b258d2_w20.png,df00ab6578b258d2,20,Lab,Floating
train/pd/df00ab6578b258d2_w21.png,df00ab6578b258d2,21,Lab,Floating
train/pd/df213808345f295b_w06.png,df213808345f295b,6,Lab,Void
train/pd/df213808345f295b_w08.png,df213808345f295b,8,Lab,Void
train/pd/df213808345f295b_w09.png,df213808345f295b,9,Lab,Void
train/pd/df213808345f295b_w12.png,df213808345f295b,12,Lab,Void
train/pd/df213808345f295b_w18.png,df213808345f295b,18,Lab,Void
train/pd/df213808345f295b_w19.png,df213808345f295b,19,Lab,Void
train/pd/df213808345f295b_w20.png,df213808345f295b,20,Lab,Void
train/pd/df213808345f295b_w21.png,df213808345f295b,21,Lab,Void
train/pd/df31e4c0b7034c47_w02.png,df31e4c0b7034c47,2,Lab,Particle
train/pd/df31e4c0b7034c47_w04.png,df31e4c0b7034c47,4,Lab,Particle
train/pd/df31e4c0b7034c47_w05.png,df31e4c0b7034c47,5,Lab,Particle
train/pd/df31e4c0b7034c47_w09.png,df31e4c0b7034c47,9,Lab,Particle
train/pd/df31e4c0b7034c47_w15.png,df31e4c0b7034c47,15,Lab,Particle
train/pd/df31e4c0b7034c47_w20.png,df31e4c0b7034c47,20,Lab,Particle
train/pd/df31e4c0b7034c47_w21.png,df31e4c0b7034c47,21,Lab,Particle
train/pd/df31e4c0b7034c47_w22.png,df31e4c0b7034c47,22,Lab,Particle
train/pd/df6c43bcfa574a2a_w01.png,df6c43bcfa574a2a,1,Lab,Corona
train/pd/df6c43bcfa574a2a_w05.png,df6c43bcfa574a2a,5,Lab,Corona
train/pd/df6c43bcfa574a2a_w06.png,df6c43bcfa574a2a,6,Lab,Corona
train/pd/df6c43bcfa574a2a_w12.png,df6c43bcfa574a2a,12,Lab,Corona
train/pd/df6c43bcfa574a2a_w13.png,df6c43bcfa574a2a,13,Lab,Corona
train/pd/df6c43bcfa574a2a_w21.png,df6c43bcfa574a2a,21,Lab,Corona
train/pd/df6c43bcfa574a2a_w22.png,df6c43bcfa574a2a,22,Lab,Corona
train/pd/df6c43bcfa574a2a_w25.png,df6c43bcfa574a2a,25,Lab,Corona
train/pd/dfee50bd748f92f9_w03.png,dfee50bd748f92f9,3,Field,Floating
train/pd/dfee50bd748f92f9_w05.png,dfee50bd748f92f9,5,Field,Floating
train/pd/dfee50bd748f92f9_w06.png,dfee50bd748f92f9,6,Field,Floating
train/pd/dfee50bd748f92f9_w14.png,dfee50bd748f92f9,14,Field,Floating
train/pd/dfee50bd748f92f9_w19.png,dfee50bd748f92f9,19,Field,Floating
train/pd/dfee50bd748f92f9_w21.png,dfee50bd748f92f9,21,Field,Floating
train/pd/dfee50bd748f92f9_w23.png,dfee50bd748f92f9,23,Field,Floating
train/pd/dfee50bd748f92f9_w27.png,dfee50bd748f92f9,27,Field,Floating
train/pd/e054e0758bc152bd_w04.png,e054e0758bc152bd,4,Lab,Floating
train/pd/e054e0758bc152bd_w05.png,e054e0758bc152bd,5,Lab,Floating
train/pd/e054e0758bc152bd_w06.png,e054e0758bc152bd,6,Lab,Floating
train/pd/e054e0758bc152bd_w08.png,e054e0758bc152bd,8,Lab,Floating
train/pd/e054e0758bc152bd_w10.png,e054e0758bc152bd,10,Lab,Floating
train/pd/e054e0758bc152bd_w23.png,e054e0758bc152bd,23,Lab,Floating
train/pd/e054e0758bc152bd_w25.png,e054e0758bc152bd,25,Lab,Floating
train/pd/e054e0758bc152bd_w26.png,e054e0758bc152bd,26,Lab,Floating
train/pd/e0560a0fd238cd44_w00.png,e0560a0fd238cd44,0,Lab,Floating
train/pd/e0560a0fd238cd44_w03.png,e0560a0fd238cd44,3,Lab,Floating
train/pd/e0560a0fd238cd44_w04.png,e0560a0fd238cd44,4,Lab,Floating
train/pd/e0560a0fd238cd44_w12.png,e0560a0fd238cd44,12,Lab,Floating
train/pd/e0560a0fd238cd44_w13.png,e0560a0fd238cd44,13,Lab,Floating
train/pd/e0560a0fd238cd44_w17.png,e0560a0fd238cd44,17,Lab,Floating
train/pd/e0560a0fd238cd44_w19.png,e0560a0fd238cd44,19,Lab,Floating
train/pd/e0560a0fd238cd44_w27.png,e0560a0fd238cd44,27,Lab,Floating
train/pd/e0a7af4d7ec0e42a_w01.png,e0a7af4d7ec0e42a,1,Lab,Void
train/pd/e0a7af4d7ec0e42a_w02.png,e0a7af4d7ec0e42a,2,Lab,Void
train/pd/e0a7af4d7ec0e42a_w05.png,e0a7af4d7ec0e42a,5,Lab,Void
train/pd/e0a7af4d7ec0e42a_w07.png,e0a7af4d7ec0e42a,7,Lab,Void
train/pd/e0a7af4d7ec0e42a_w10.png,e0a7af4d7ec0e42a,10,Lab,Void
train/pd/e0a7af4d7ec0e42a_w11.png,e0a7af4d7ec0e42a,11,Lab,Void
train/pd/e0a7af4d7ec0e42a_w16.png,e0a7af4d7ec0e42a,16,Lab,Void
train/pd/e0a7af4d7ec0e42a_w17.png,e0a7af4d7ec0e42a,17,Lab,Void
train/pd/e0b73af4dd47cb1b_w07.png,e0b73af4dd47cb1b,7,Lab,Corona
train/pd/e0b73af4dd47cb1b_w09.png,e0b73af4dd47cb1b,9,Lab,Corona
train/pd/e0b73af4dd47cb1b_w11.png,e0b73af4dd47cb1b,11,Lab,Corona
train/pd/e0b73af4dd47cb1b_w15.png,e0b73af4dd47cb1b,15,Lab,Corona
train/pd/e0b73af4dd47cb1b_w20.png,e0b73af4dd47cb1b,20,Lab,Corona
train/pd/e0b73af4dd47cb1b_w21.png,e0b73af4dd47cb1b,21,Lab,Corona
train/pd/e0b73af4dd47cb1b_w22.png,e0b73af4dd47cb1b,22,Lab,Corona
train/pd/e0b73af4dd47cb1b_w27.png,e0b73af4dd47cb1b,27,Lab,Corona
train/pd/e0d2e331301b2994_w04.png,e0d2e331301b2994,4,Lab,Void
train/pd/e0d2e331301b2994_w08.png,e0d2e331301b2994,8,Lab,Void
train/pd/e0d2e331301b2994_w12.png,e0d2e331301b2994,12,Lab,Void
train/pd/e0d2e331301b2994_w13.png,e0d2e331301b2994,13,Lab,Void
train/pd/e0d2e331301b2994_w17.png,e0d2e331301b2994,17,Lab,Void
train/pd/e0d2e331301b2994_w20.png,e0d2e331301b2994,20,Lab,Void
train/pd/e0d2e331301b2994_w26.png,e0d2e331301b2994,26,Lab,Void
train/pd/e0d2e331301b2994_w27.png,e0d2e331301b2994,27,Lab,Void
train/pd/e0d41d4cd6d966dd_w04.png,e0d41d4cd6d966dd,4,Field,Void
train/pd/e0d41d4cd6d966dd_w06.png,e0d41d4cd6d966dd,6,Field,Void
train/pd/e0d41d4cd6d966dd_w08.png,e0d41d4cd6d966dd,8,Field,Void
train/pd/e0d41d4cd6d966dd_w17.png,e0d41d4cd6d966dd,17,Field,Void
train/pd/e0d41d4cd6d966dd_w18.png,e0d41d4cd6d966dd,18,Field,Void
train/pd/e0d41d4cd6d966dd_w19.png,e0d41d4cd6d966dd,19,Field,Void
train/pd/e0d41d4cd6d966dd_w22.png,e0d41d4cd6d966dd,22,Field,Void
train/pd/e0d41d4cd6d966dd_w25.png,e0d41d4cd6d966dd,25,Field,Void
train/pd/e0d47c8dee1c2b9b_w03.png,e0d47c8dee1c2b9b,3,Lab,Void
train/pd/e0d47c8dee1c2b9b_w09.png,e0d47c8dee1c2b9b,9,Lab,Void
train/pd/e0d47c8dee1c2b9b_w10.png,e0d47c8dee1c2b9b,10,Lab,Void
train/pd/e0d47c8dee1c2b9b_w11.png,e0d47c8dee1c2b9b,11,Lab,Void
train/pd/e0d47c8dee1c2b9b_w12.png,e0d47c8dee1c2b9b,12,Lab,Void
train/pd/e0d47c8dee1c2b9b_w15.png,e0d47c8dee1c2b9b,15,Lab,Void
train/pd/e0d47c8dee1c2b9b_w21.png,e0d47c8dee1c2b9b,21,Lab,Void
train/pd/e0d47c8dee1c2b9b_w24.png,e0d47c8dee1c2b9b,24,Lab,Void
train/pd/e0f25b835349b69e_w05.png,e0f25b835349b69e,5,Lab,Void
train/pd/e0f25b835349b69e_w09.png,e0f25b835349b69e,9,Lab,Void
train/pd/e0f25b835349b69e_w10.png,e0f25b835349b69e,10,Lab,Void
train/pd/e0f25b835349b69e_w11.png,e0f25b835349b69e,11,Lab,Void
train/pd/e0f25b835349b69e_w19.png,e0f25b835349b69e,19,Lab,Void
train/pd/e0f25b835349b69e_w23.png,e0f25b835349b69e,23,Lab,Void
train/pd/e0f25b835349b69e_w24.png,e0f25b835349b69e,24,Lab,Void
train/pd/e0f25b835349b69e_w26.png,e0f25b835349b69e,26,Lab,Void
train/pd/e117b9dedbbcdb57_w04.png,e117b9dedbbcdb57,4,Lab,Floating
train/pd/e117b9dedbbcdb57_w06.png,e117b9dedbbcdb57,6,Lab,Floating
train/pd/e117b9dedbbcdb57_w07.png,e117b9dedbbcdb57,7,Lab,Floating
train/pd/e117b9dedbbcdb57_w08.png,e117b9dedbbcdb57,8,Lab,Floating
train/pd/e117b9dedbbcdb57_w09.png,e117b9dedbbcdb57,9,Lab,Floating
train/pd/e117b9dedbbcdb57_w16.png,e117b9dedbbcdb57,16,Lab,Floating
train/pd/e117b9dedbbcdb57_w18.png,e117b9dedbbcdb57,18,Lab,Floating
train/pd/e117b9dedbbcdb57_w22.png,e117b9dedbbcdb57,22,Lab,Floating
train/pd/e118bc201050a430_w04.png,e118bc201050a430,4,Field,Void
train/pd/e118bc201050a430_w06.png,e118bc201050a430,6,Field,Void
train/pd/e118bc201050a430_w07.png,e118bc201050a430,7,Field,Void
train/pd/e118bc201050a430_w13.png,e118bc201050a430,13,Field,Void
train/pd/e118bc201050a430_w22.png,e118bc201050a430,22,Field,Void
train/pd/e118bc201050a430_w23.png,e118bc201050a430,23,Field,Void
train/pd/e118bc201050a430_w25.png,e118bc201050a430,25,Field,Void
train/pd/e118bc201050a430_w27.png,e118bc201050a430,27,Field,Void
train/pd/e12a88882000681c_w05.png,e12a88882000681c,5,Lab,Particle
train/pd/e12a88882000681c_w08.png,e12a88882000681c,8,Lab,Particle
train/pd/e12a88882000681c_w14.png,e12a88882000681c,14,Lab,Particle
train/pd/e12a88882000681c_w18.png,e12a88882000681c,18,Lab,Particle
train/pd/e12a88882000681c_w19.png,e12a88882000681c,19,Lab,Particle
train/pd/e12a88882000681c_w20.png,e12a88882000681c,20,Lab,Particle
train/pd/e12a88882000681c_w25.png,e12a88882000681c,25,Lab,Particle
train/pd/e12a88882000681c_w27.png,e12a88882000681c,27,Lab,Particle
train/pd/e14e806110ccb5c5_w01.png,e14e806110ccb5c5,1,Lab,Void
train/pd/e14e806110ccb5c5_w02.png,e14e806110ccb5c5,2,Lab,Void
train/pd/e14e806110ccb5c5_w07.png,e14e806110ccb5c5,7,Lab,Void
train/pd/e14e806110ccb5c5_w10.png,e14e806110ccb5c5,10,Lab,Void
train/pd/e14e806110ccb5c5_w16.png,e14e806110ccb5c5,16,Lab,Void
train/pd/e14e806110ccb5c5_w18.png,e14e806110ccb5c5,18,Lab,Void
train/pd/e14e806110ccb5c5_w25.png,e14e806110ccb5c5,25,Lab,Void
train/pd/e14e806110ccb5c5_w26.png,e14e806110ccb5c5,26,Lab,Void
train/pd/e15971d07fa4204b_w04.png,e15971d07fa4204b,4,Lab,Particle
train/pd/e15971d07fa4204b_w07.png,e15971d07fa4204b,7,Lab,Particle
train/pd/e15971d07fa4204b_w11.png,e15971d07fa4204b,11,Lab,Particle
train/pd/e15971d07fa4204b_w16.png,e15971d07fa4204b,16,Lab,Particle
train/pd/e15971d07fa4204b_w17.png,e15971d07fa4204b,17,Lab,Particle
train/pd/e15971d07fa4204b_w18.png,e15971d07fa4204b,18,Lab,Particle
train/pd/e15971d07fa4204b_w19.png,e15971d07fa4204b,19,Lab,Particle
train/pd/e15971d07fa4204b_w25.png,e15971d07fa4204b,25,Lab,Particle
train/pd/e1774fdc9cdefff6_w01.png,e1774fdc9cdefff6,1,Lab,Void
train/pd/e1774fdc9cdefff6_w05.png,e1774fdc9cdefff6,5,Lab,Void
train/pd/e1774fdc9cdefff6_w07.png,e1774fdc9cdefff6,7,Lab,Void
train/pd/e1774fdc9cdefff6_w10.png,e1774fdc9cdefff6,10,Lab,Void
train/pd/e1774fdc9cdefff6_w12.png,e1774fdc9cdefff6,12,Lab,Void
train/pd/e1774fdc9cdefff6_w18.png,e1774fdc9cdefff6,18,Lab,Void
train/pd/e1774fdc9cdefff6_w19.png,e1774fdc9cdefff6,19,Lab,Void
train/pd/e1774fdc9cdefff6_w26.png,e1774fdc9cdefff6,26,Lab,Void
train/pd/e18cd3eb1f70afa4_w03.png,e18cd3eb1f70afa4,3,Lab,Corona
train/pd/e18cd3eb1f70afa4_w07.png,e18cd3eb1f70afa4,7,Lab,Corona
train/pd/e18cd3eb1f70afa4_w09.png,e18cd3eb1f70afa4,9,Lab,Corona
train/pd/e18cd3eb1f70afa4_w10.png,e18cd3eb1f70afa4,10,Lab,Corona
train/pd/e18cd3eb1f70afa4_w15.png,e18cd3eb1f70afa4,15,Lab,Corona
train/pd/e18cd3eb1f70afa4_w18.png,e18cd3eb1f70afa4,18,Lab,Corona
train/pd/e18cd3eb1f70afa4_w22.png,e18cd3eb1f70afa4,22,Lab,Corona
train/pd/e18cd3eb1f70afa4_w25.png,e18cd3eb1f70afa4,25,Lab,Corona
train/pd/e1c091bf1221712e_w01.png,e1c091bf1221712e,1,Lab,Floating
train/pd/e1c091bf1221712e_w04.png,e1c091bf1221712e,4,Lab,Floating
train/pd/e1c091bf1221712e_w08.png,e1c091bf1221712e,8,Lab,Floating
train/pd/e1c091bf1221712e_w09.png,e1c091bf1221712e,9,Lab,Floating
train/pd/e1c091bf1221712e_w15.png,e1c091bf1221712e,15,Lab,Floating
train/pd/e1c091bf1221712e_w16.png,e1c091bf1221712e,16,Lab,Floating
train/pd/e1c091bf1221712e_w17.png,e1c091bf1221712e,17,Lab,Floating
train/pd/e1c091bf1221712e_w19.png,e1c091bf1221712e,19,Lab,Floating
train/pd/e1f4900a57af31bc_w03.png,e1f4900a57af31bc,3,Lab,Void
train/pd/e1f4900a57af31bc_w04.png,e1f4900a57af31bc,4,Lab,Void
train/pd/e1f4900a57af31bc_w06.png,e1f4900a57af31bc,6,Lab,Void
train/pd/e1f4900a57af31bc_w08.png,e1f4900a57af31bc,8,Lab,Void
train/pd/e1f4900a57af31bc_w16.png,e1f4900a57af31bc,16,Lab,Void
train/pd/e1f4900a57af31bc_w19.png,e1f4900a57af31bc,19,Lab,Void
train/pd/e1f4900a57af31bc_w22.png,e1f4900a57af31bc,22,Lab,Void
train/pd/e1f4900a57af31bc_w25.png,e1f4900a57af31bc,25,Lab,Void
train/pd/e2062b894a057388_w10.png,e2062b894a057388,10,Field,Void
train/pd/e2062b894a057388_w13.png,e2062b894a057388,13,Field,Void
train/pd/e2062b894a057388_w16.png,e2062b894a057388,16,Field,Void
train/pd/e2062b894a057388_w18.png,e2062b894a057388,18,Field,Void
train/pd/e2062b894a057388_w19.png,e2062b894a057388,19,Field,Void
train/pd/e2062b894a057388_w21.png,e2062b894a057388,21,Field,Void
train/pd/e2062b894a057388_w22.png,e2062b894a057388,22,Field,Void
train/pd/e2062b894a057388_w27.png,e2062b894a057388,27,Field,Void
train/pd/e21d5c226464e1d5_w01.png,e21d5c226464e1d5,1,Field,Void
train/pd/e21d5c226464e1d5_w04.png,e21d5c226464e1d5,4,Field,Void
train/pd/e21d5c226464e1d5_w09.png,e21d5c226464e1d5,9,Field,Void
train/pd/e21d5c226464e1d5_w11.png,e21d5c226464e1d5,11,Field,Void
train/pd/e21d5c226464e1d5_w15.png,e21d5c226464e1d5,15,Field,Void
train/pd/e21d5c226464e1d5_w21.png,e21d5c226464e1d5,21,Field,Void
train/pd/e21d5c226464e1d5_w24.png,e21d5c226464e1d5,24,Field,Void
train/pd/e21d5c226464e1d5_w26.png,e21d5c226464e1d5,26,Field,Void
train/pd/e23764f7091fe097_w00.png,e23764f7091fe097,0,Lab,Void
train/pd/e23764f7091fe097_w05.png,e23764f7091fe097,5,Lab,Void
train/pd/e23764f7091fe097_w10.png,e23764f7091fe097,10,Lab,Void
train/pd/e23764f7091fe097_w14.png,e23764f7091fe097,14,Lab,Void
train/pd/e23764f7091fe097_w15.png,e23764f7091fe097,15,Lab,Void
train/pd/e23764f7091fe097_w19.png,e23764f7091fe097,19,Lab,Void
train/pd/e23764f7091fe097_w23.png,e23764f7091fe097,23,Lab,Void
train/pd/e23764f7091fe097_w27.png,e23764f7091fe097,27,Lab,Void
train/pd/e2a0b25833ea5dc2_w00.png,e2a0b25833ea5dc2,0,Lab,Void
train/pd/e2a0b25833ea5dc2_w08.png,e2a0b25833ea5dc2,8,Lab,Void
train/pd/e2a0b25833ea5dc2_w10.png,e2a0b25833ea5dc2,10,Lab,Void
train/pd/e2a0b25833ea5dc2_w11.png,e2a0b25833ea5dc2,11,Lab,Void
train/pd/e2a0b25833ea5dc2_w17.png,e2a0b25833ea5dc2,17,Lab,Void
train/pd/e2a0b25833ea5dc2_w19.png,e2a0b25833ea5dc2,19,Lab,Void
train/pd/e2a0b25833ea5dc2_w20.png,e2a0b25833ea5dc2,20,Lab,Void
train/pd/e2a0b25833ea5dc2_w23.png,e2a0b25833ea5dc2,23,Lab,Void
train/pd/e2aabc089be3f6e8_w00.png,e2aabc089be3f6e8,0,Field,Void
train/pd/e2aabc089be3f6e8_w09.png,e2aabc089be3f6e8,9,Field,Void
train/pd/e2aabc089be3f6e8_w10.png,e2aabc089be3f6e8,10,Field,Void
train/pd/e2aabc089be3f6e8_w12.png,e2aabc089be3f6e8,12,Field,Void
train/pd/e2aabc089be3f6e8_w15.png,e2aabc089be3f6e8,15,Field,Void
train/pd/e2aabc089be3f6e8_w16.png,e2aabc089be3f6e8,16,Field,Void
train/pd/e2aabc089be3f6e8_w26.png,e2aabc089be3f6e8,26,Field,Void
train/pd/e2aabc089be3f6e8_w27.png,e2aabc089be3f6e8,27,Field,Void
train/pd/e2c8d6d4c8253315_w04.png,e2c8d6d4c8253315,4,Lab,Void
train/pd/e2c8d6d4c8253315_w09.png,e2c8d6d4c8253315,9,Lab,Void
train/pd/e2c8d6d4c8253315_w15.png,e2c8d6d4c8253315,15,Lab,Void
train/pd/e2c8d6d4c8253315_w16.png,e2c8d6d4c8253315,16,Lab,Void
train/pd/e2c8d6d4c8253315_w22.png,e2c8d6d4c8253315,22,Lab,Void
train/pd/e2c8d6d4c8253315_w23.png,e2c8d6d4c8253315,23,Lab,Void
train/pd/e2c8d6d4c8253315_w24.png,e2c8d6d4c8253315,24,Lab,Void
train/pd/e2c8d6d4c8253315_w26.png,e2c8d6d4c8253315,26,Lab,Void
train/pd/e2e143d65120d679_w03.png,e2e143d65120d679,3,Lab,Floating
train/pd/e2e143d65120d679_w07.png,e2e143d65120d679,7,Lab,Floating
train/pd/e2e143d65120d679_w11.png,e2e143d65120d679,11,Lab,Floating
train/pd/e2e143d65120d679_w12.png,e2e143d65120d679,12,Lab,Floating
train/pd/e2e143d65120d679_w15.png,e2e143d65120d679,15,Lab,Floating
train/pd/e2e143d65120d679_w20.png,e2e143d65120d679,20,Lab,Floating
train/pd/e2e143d65120d679_w24.png,e2e143d65120d679,24,Lab,Floating
train/pd/e2e143d65120d679_w27.png,e2e143d65120d679,27,Lab,Floating
train/pd/e2f279941a5bc4ea_w02.png,e2f279941a5bc4ea,2,Lab,Corona
train/pd/e2f279941a5bc4ea_w05.png,e2f279941a5bc4ea,5,Lab,Corona
train/pd/e2f279941a5bc4ea_w06.png,e2f279941a5bc4ea,6,Lab,Corona
train/pd/e2f279941a5bc4ea_w13.png,e2f279941a5bc4ea,13,Lab,Corona
train/pd/e2f279941a5bc4ea_w14.png,e2f279941a5bc4ea,14,Lab,Corona
train/pd/e2f279941a5bc4ea_w16.png,e2f279941a5bc4ea,16,Lab,Corona
train/pd/e2f279941a5bc4ea_w19.png,e2f279941a5bc4ea,19,Lab,Corona
train/pd/e2f279941a5bc4ea_w23.png,e2f279941a5bc4ea,23,Lab,Corona
train/pd/e2f8d6e307e49387_w00.png,e2f8d6e307e49387,0,Lab,Floating
train/pd/e2f8d6e307e49387_w02.png,e2f8d6e307e49387,2,Lab,Floating
train/pd/e2f8d6e307e49387_w07.png,e2f8d6e307e49387,7,Lab,Floating
train/pd/e2f8d6e307e49387_w12.png,e2f8d6e307e49387,12,Lab,Floating
train/pd/e2f8d6e307e49387_w19.png,e2f8d6e307e49387,19,Lab,Floating
train/pd/e2f8d6e307e49387_w22.png,e2f8d6e307e49387,22,Lab,Floating
train/pd/e2f8d6e307e49387_w24.png,e2f8d6e307e49387,24,Lab,Floating
train/pd/e2f8d6e307e49387_w26.png,e2f8d6e307e49387,26,Lab,Floating
train/pd/e31213bba060464f_w01.png,e31213bba060464f,1,Lab,Void
train/pd/e31213bba060464f_w06.png,e31213bba060464f,6,Lab,Void
train/pd/e31213bba060464f_w07.png,e31213bba060464f,7,Lab,Void
train/pd/e31213bba060464f_w10.png,e31213bba060464f,10,Lab,Void
train/pd/e31213bba060464f_w17.png,e31213bba060464f,17,Lab,Void
train/pd/e31213bba060464f_w18.png,e31213bba060464f,18,Lab,Void
train/pd/e31213bba060464f_w20.png,e31213bba060464f,20,Lab,Void
train/pd/e31213bba060464f_w22.png,e31213bba060464f,22,Lab,Void
train/pd/e34b56c252c1852b_w01.png,e34b56c252c1852b,1,Field,Floating
train/pd/e34b56c252c1852b_w02.png,e34b56c252c1852b,2,Field,Floating
train/pd/e34b56c252c1852b_w03.png,e34b56c252c1852b,3,Field,Floating
train/pd/e34b56c252c1852b_w05.png,e34b56c252c1852b,5,Field,Floating
train/pd/e34b56c252c1852b_w15.png,e34b56c252c1852b,15,Field,Floating
train/pd/e34b56c252c1852b_w20.png,e34b56c252c1852b,20,Field,Floating
train/pd/e34b56c252c1852b_w26.png,e34b56c252c1852b,26,Field,Floating
train/pd/e34b56c252c1852b_w27.png,e34b56c252c1852b,27,Field,Floating
train/pd/e3a917ffed3d7b82_w02.png,e3a917ffed3d7b82,2,Lab,Void
train/pd/e3a917ffed3d7b82_w12.png,e3a917ffed3d7b82,12,Lab,Void
train/pd/e3a917ffed3d7b82_w17.png,e3a917ffed3d7b82,17,Lab,Void
train/pd/e3a917ffed3d7b82_w18.png,e3a917ffed3d7b82,18,Lab,Void
train/pd/e3a917ffed3d7b82_w20.png,e3a917ffed3d7b82,20,Lab,Void
train/pd/e3a917ffed3d7b82_w22.png,e3a917ffed3d7b82,22,Lab,Void
train/pd/e3a917ffed3d7b82_w23.png,e3a917ffed3d7b82,23,Lab,Void
train/pd/e3a917ffed3d7b82_w24.png,e3a917ffed3d7b82,24,Lab,Void
train/pd/e4050b9e212a6cb5_w09.png,e4050b9e212a6cb5,9,Lab,Floating
train/pd/e4050b9e212a6cb5_w11.png,e4050b9e212a6cb5,11,Lab,Floating
train/pd/e4050b9e212a6cb5_w12.png,e4050b9e212a6cb5,12,Lab,Floating
train/pd/e4050b9e212a6cb5_w13.png,e4050b9e212a6cb5,13,Lab,Floating
train/pd/e4050b9e212a6cb5_w21.png,e4050b9e212a6cb5,21,Lab,Floating
train/pd/e4050b9e212a6cb5_w23.png,e4050b9e212a6cb5,23,Lab,Floating
train/pd/e4050b9e212a6cb5_w25.png,e4050b9e212a6cb5,25,Lab,Floating
train/pd/e4050b9e212a6cb5_w26.png,e4050b9e212a6cb5,26,Lab,Floating
train/pd/e457ac0ea472e9e4_w02.png,e457ac0ea472e9e4,2,Lab,Particle
train/pd/e457ac0ea472e9e4_w05.png,e457ac0ea472e9e4,5,Lab,Particle
train/pd/e457ac0ea472e9e4_w06.png,e457ac0ea472e9e4,6,Lab,Particle
train/pd/e457ac0ea472e9e4_w07.png,e457ac0ea472e9e4,7,Lab,Particle
train/pd/e457ac0ea472e9e4_w09.png,e457ac0ea472e9e4,9,Lab,Particle
train/pd/e457ac0ea472e9e4_w17.png,e457ac0ea472e9e4,17,Lab,Particle
train/pd/e457ac0ea472e9e4_w19.png,e457ac0ea472e9e4,19,Lab,Particle
train/pd/e457ac0ea472e9e4_w24.png,e457ac0ea472e9e4,24,Lab,Particle
train/pd/e4dbaa227c1243b6_w08.png,e4dbaa227c1243b6,8,Field,Void
train/pd/e4dbaa227c1243b6_w11.png,e4dbaa227c1243b6,11,Field,Void
train/pd/e4dbaa227c1243b6_w13.png,e4dbaa227c1243b6,13,Field,Void
train/pd/e4dbaa227c1243b6_w14.png,e4dbaa227c1243b6,14,Field,Void
train/pd/e4dbaa227c1243b6_w19.png,e4dbaa227c1243b6,19,Field,Void
train/pd/e4dbaa227c1243b6_w25.png,e4dbaa227c1243b6,25,Field,Void
train/pd/e4dbaa227c1243b6_w26.png,e4dbaa227c1243b6,26,Field,Void
train/pd/e4dbaa227c1243b6_w27.png,e4dbaa227c1243b6,27,Field,Void
train/pd/e4f0c883af9138ae_w04.png,e4f0c883af9138ae,4,Lab,Corona
train/pd/e4f0c883af9138ae_w08.png,e4f0c883af9138ae,8,Lab,Corona
train/pd/e4f0c883af9138ae_w12.png,e4f0c883af9138ae,12,Lab,Corona
train/pd/e4f0c883af9138ae_w15.png,e4f0c883af9138ae,15,Lab,Corona
train/pd/e4f0c883af9138ae_w18.png,e4f0c883af9138ae,18,Lab,Corona
train/pd/e4f0c883af9138ae_w19.png,e4f0c883af9138ae,19,Lab,Corona
train/pd/e4f0c883af9138ae_w20.png,e4f0c883af9138ae,20,Lab,Corona
train/pd/e4f0c883af9138ae_w22.png,e4f0c883af9138ae,22,Lab,Corona
train/pd/e4f88ed28e310c1a_w00.png,e4f88ed28e310c1a,0,Lab,Corona
train/pd/e4f88ed28e310c1a_w08.png,e4f88ed28e310c1a,8,Lab,Corona
train/pd/e4f88ed28e310c1a_w10.png,e4f88ed28e310c1a,10,Lab,Corona
train/pd/e4f88ed28e310c1a_w12.png,e4f88ed28e310c1a,12,Lab,Corona
train/pd/e4f88ed28e310c1a_w13.png,e4f88ed28e310c1a,13,Lab,Corona
train/pd/e4f88ed28e310c1a_w14.png,e4f88ed28e310c1a,14,Lab,Corona
train/pd/e4f88ed28e310c1a_w23.png,e4f88ed28e310c1a,23,Lab,Corona
train/pd/e4f88ed28e310c1a_w24.png,e4f88ed28e310c1a,24,Lab,Corona
train/pd/e58478284996a2c3_w09.png,e58478284996a2c3,9,Lab,Corona
train/pd/e58478284996a2c3_w10.png,e58478284996a2c3,10,Lab,Corona
train/pd/e58478284996a2c3_w13.png,e58478284996a2c3,13,Lab,Corona
train/pd/e58478284996a2c3_w15.png,e58478284996a2c3,15,Lab,Corona
train/pd/e58478284996a2c3_w18.png,e58478284996a2c3,18,Lab,Corona
train/pd/e58478284996a2c3_w19.png,e58478284996a2c3,19,Lab,Corona
train/pd/e58478284996a2c3_w26.png,e58478284996a2c3,26,Lab,Corona
train/pd/e58478284996a2c3_w27.png,e58478284996a2c3,27,Lab,Corona
train/pd/e5c108a033ad31a4_w00.png,e5c108a033ad31a4,0,Lab,Particle
train/pd/e5c108a033ad31a4_w02.png,e5c108a033ad31a4,2,Lab,Particle
train/pd/e5c108a033ad31a4_w03.png,e5c108a033ad31a4,3,Lab,Particle
train/pd/e5c108a033ad31a4_w04.png,e5c108a033ad31a4,4,Lab,Particle
train/pd/e5c108a033ad31a4_w06.png,e5c108a033ad31a4,6,Lab,Particle
train/pd/e5c108a033ad31a4_w13.png,e5c108a033ad31a4,13,Lab,Particle
train/pd/e5c108a033ad31a4_w18.png,e5c108a033ad31a4,18,Lab,Particle
train/pd/e5c108a033ad31a4_w23.png,e5c108a033ad31a4,23,Lab,Particle
train/pd/e5ef9a23a10a3626_w03.png,e5ef9a23a10a3626,3,Lab,Void
train/pd/e5ef9a23a10a3626_w06.png,e5ef9a23a10a3626,6,Lab,Void
train/pd/e5ef9a23a10a3626_w08.png,e5ef9a23a10a3626,8,Lab,Void
train/pd/e5ef9a23a10a3626_w10.png,e5ef9a23a10a3626,10,Lab,Void
train/pd/e5ef9a23a10a3626_w14.png,e5ef9a23a10a3626,14,Lab,Void
train/pd/e5ef9a23a10a3626_w17.png,e5ef9a23a10a3626,17,Lab,Void
train/pd/e5ef9a23a10a3626_w23.png,e5ef9a23a10a3626,23,Lab,Void
train/pd/e5ef9a23a10a3626_w24.png,e5ef9a23a10a3626,24,Lab,Void
train/pd/e5f5db9f85bc155b_w06.png,e5f5db9f85bc155b,6,Lab,Floating
train/pd/e5f5db9f85bc155b_w09.png,e5f5db9f85bc155b,9,Lab,Floating
train/pd/e5f5db9f85bc155b_w11.png,e5f5db9f85bc155b,11,Lab,Floating
train/pd/e5f5db9f85bc155b_w19.png,e5f5db9f85bc155b,19,Lab,Floating
train/pd/e5f5db9f85bc155b_w22.png,e5f5db9f85bc155b,22,Lab,Floating
train/pd/e5f5db9f85bc155b_w23.png,e5f5db9f85bc155b,23,Lab,Floating
train/pd/e5f5db9f85bc155b_w24.png,e5f5db9f85bc155b,24,Lab,Floating
train/pd/e5f5db9f85bc155b_w27.png,e5f5db9f85bc155b,27,Lab,Floating
train/pd/e6093f630503afac_w04.png,e6093f630503afac,4,Field,Void
train/pd/e6093f630503afac_w05.png,e6093f630503afac,5,Field,Void
train/pd/e6093f630503afac_w06.png,e6093f630503afac,6,Field,Void
train/pd/e6093f630503afac_w07.png,e6093f630503afac,7,Field,Void
train/pd/e6093f630503afac_w08.png,e6093f630503afac,8,Field,Void
train/pd/e6093f630503afac_w19.png,e6093f630503afac,19,Field,Void
train/pd/e6093f630503afac_w20.png,e6093f630503afac,20,Field,Void
train/pd/e6093f630503afac_w23.png,e6093f630503afac,23,Field,Void
train/pd/e6101ce6e82cf059_w11.png,e6101ce6e82cf059,11,Lab,Void
train/pd/e6101ce6e82cf059_w13.png,e6101ce6e82cf059,13,Lab,Void
train/pd/e6101ce6e82cf059_w14.png,e6101ce6e82cf059,14,Lab,Void
train/pd/e6101ce6e82cf059_w16.png,e6101ce6e82cf059,16,Lab,Void
train/pd/e6101ce6e82cf059_w18.png,e6101ce6e82cf059,18,Lab,Void
train/pd/e6101ce6e82cf059_w20.png,e6101ce6e82cf059,20,Lab,Void
train/pd/e6101ce6e82cf059_w22.png,e6101ce6e82cf059,22,Lab,Void
train/pd/e6101ce6e82cf059_w27.png,e6101ce6e82cf059,27,Lab,Void
train/pd/e6507af9e8e3202c_w07.png,e6507af9e8e3202c,7,Lab,Void
train/pd/e6507af9e8e3202c_w09.png,e6507af9e8e3202c,9,Lab,Void
train/pd/e6507af9e8e3202c_w11.png,e6507af9e8e3202c,11,Lab,Void
train/pd/e6507af9e8e3202c_w14.png,e6507af9e8e3202c,14,Lab,Void
train/pd/e6507af9e8e3202c_w18.png,e6507af9e8e3202c,18,Lab,Void
train/pd/e6507af9e8e3202c_w19.png,e6507af9e8e3202c,19,Lab,Void
train/pd/e6507af9e8e3202c_w20.png,e6507af9e8e3202c,20,Lab,Void
train/pd/e6507af9e8e3202c_w27.png,e6507af9e8e3202c,27,Lab,Void
train/pd/e67f5b393309201b_w02.png,e67f5b393309201b,2,Lab,Particle
train/pd/e67f5b393309201b_w04.png,e67f5b393309201b,4,Lab,Particle
train/pd/e67f5b393309201b_w09.png,e67f5b393309201b,9,Lab,Particle
train/pd/e67f5b393309201b_w10.png,e67f5b393309201b,10,Lab,Particle
train/pd/e67f5b393309201b_w14.png,e67f5b393309201b,14,Lab,Particle
train/pd/e67f5b393309201b_w17.png,e67f5b393309201b,17,Lab,Particle
train/pd/e67f5b393309201b_w20.png,e67f5b393309201b,20,Lab,Particle
train/pd/e67f5b393309201b_w22.png,e67f5b393309201b,22,Lab,Particle
train/pd/e687b6722ab635d4_w04.png,e687b6722ab635d4,4,Lab,Corona
train/pd/e687b6722ab635d4_w06.png,e687b6722ab635d4,6,Lab,Corona
train/pd/e687b6722ab635d4_w09.png,e687b6722ab635d4,9,Lab,Corona
train/pd/e687b6722ab635d4_w10.png,e687b6722ab635d4,10,Lab,Corona
train/pd/e687b6722ab635d4_w11.png,e687b6722ab635d4,11,Lab,Corona
train/pd/e687b6722ab635d4_w14.png,e687b6722ab635d4,14,Lab,Corona
train/pd/e687b6722ab635d4_w26.png,e687b6722ab635d4,26,Lab,Corona
train/pd/e687b6722ab635d4_w27.png,e687b6722ab635d4,27,Lab,Corona
train/pd/e6ad979655730a39_w09.png,e6ad979655730a39,9,Lab,Void
train/pd/e6ad979655730a39_w10.png,e6ad979655730a39,10,Lab,Void
train/pd/e6ad979655730a39_w12.png,e6ad979655730a39,12,Lab,Void
train/pd/e6ad979655730a39_w19.png,e6ad979655730a39,19,Lab,Void
train/pd/e6ad979655730a39_w22.png,e6ad979655730a39,22,Lab,Void
train/pd/e6ad979655730a39_w23.png,e6ad979655730a39,23,Lab,Void
train/pd/e6ad979655730a39_w25.png,e6ad979655730a39,25,Lab,Void
train/pd/e6ad979655730a39_w26.png,e6ad979655730a39,26,Lab,Void
train/pd/e6c9dad8e2dbd46a_w02.png,e6c9dad8e2dbd46a,2,Lab,Floating
train/pd/e6c9dad8e2dbd46a_w03.png,e6c9dad8e2dbd46a,3,Lab,Floating
train/pd/e6c9dad8e2dbd46a_w05.png,e6c9dad8e2dbd46a,5,Lab,Floating
train/pd/e6c9dad8e2dbd46a_w13.png,e6c9dad8e2dbd46a,13,Lab,Floating
train/pd/e6c9dad8e2dbd46a_w14.png,e6c9dad8e2dbd46a,14,Lab,Floating
train/pd/e6c9dad8e2dbd46a_w15.png,e6c9dad8e2dbd46a,15,Lab,Floating
train/pd/e6c9dad8e2dbd46a_w18.png,e6c9dad8e2dbd46a,18,Lab,Floating
train/pd/e6c9dad8e2dbd46a_w21.png,e6c9dad8e2dbd46a,21,Lab,Floating
train/pd/e6f23dff4e0fd2a2_w02.png,e6f23dff4e0fd2a2,2,Field,Void
train/pd/e6f23dff4e0fd2a2_w05.png,e6f23dff4e0fd2a2,5,Field,Void
train/pd/e6f23dff4e0fd2a2_w06.png,e6f23dff4e0fd2a2,6,Field,Void
train/pd/e6f23dff4e0fd2a2_w10.png,e6f23dff4e0fd2a2,10,Field,Void
train/pd/e6f23dff4e0fd2a2_w11.png,e6f23dff4e0fd2a2,11,Field,Void
train/pd/e6f23dff4e0fd2a2_w15.png,e6f23dff4e0fd2a2,15,Field,Void
train/pd/e6f23dff4e0fd2a2_w17.png,e6f23dff4e0fd2a2,17,Field,Void
train/pd/e6f23dff4e0fd2a2_w26.png,e6f23dff4e0fd2a2,26,Field,Void
train/pd/e702a30de2c5d363_w01.png,e702a30de2c5d363,1,Lab,Void
train/pd/e702a30de2c5d363_w05.png,e702a30de2c5d363,5,Lab,Void
train/pd/e702a30de2c5d363_w08.png,e702a30de2c5d363,8,Lab,Void
train/pd/e702a30de2c5d363_w16.png,e702a30de2c5d363,16,Lab,Void
train/pd/e702a30de2c5d363_w17.png,e702a30de2c5d363,17,Lab,Void
train/pd/e702a30de2c5d363_w21.png,e702a30de2c5d363,21,Lab,Void
train/pd/e702a30de2c5d363_w24.png,e702a30de2c5d363,24,Lab,Void
train/pd/e702a30de2c5d363_w25.png,e702a30de2c5d363,25,Lab,Void
train/pd/e703bc8818f5376c_w05.png,e703bc8818f5376c,5,Lab,Corona
train/pd/e703bc8818f5376c_w09.png,e703bc8818f5376c,9,Lab,Corona
train/pd/e703bc8818f5376c_w13.png,e703bc8818f5376c,13,Lab,Corona
train/pd/e703bc8818f5376c_w15.png,e703bc8818f5376c,15,Lab,Corona
train/pd/e703bc8818f5376c_w17.png,e703bc8818f5376c,17,Lab,Corona
train/pd/e703bc8818f5376c_w22.png,e703bc8818f5376c,22,Lab,Corona
train/pd/e703bc8818f5376c_w25.png,e703bc8818f5376c,25,Lab,Corona
train/pd/e703bc8818f5376c_w27.png,e703bc8818f5376c,27,Lab,Corona
train/pd/e70d2b3692584fb2_w02.png,e70d2b3692584fb2,2,Lab,Corona
train/pd/e70d2b3692584fb2_w04.png,e70d2b3692584fb2,4,Lab,Corona
train/pd/e70d2b3692584fb2_w06.png,e70d2b3692584fb2,6,Lab,Corona
train/pd/e70d2b3692584fb2_w11.png,e70d2b3692584fb2,11,Lab,Corona
train/pd/e70d2b3692584fb2_w12.png,e70d2b3692584fb2,12,Lab,Corona
train/pd/e70d2b3692584fb2_w17.png,e70d2b3692584fb2,17,Lab,Corona
train/pd/e70d2b3692584fb2_w22.png,e70d2b3692584fb2,22,Lab,Corona
train/pd/e70d2b3692584fb2_w26.png,e70d2b3692584fb2,26,Lab,Corona
train/pd/e71f5598ef8dec03_w03.png,e71f5598ef8dec03,3,Field,Void
train/pd/e71f5598ef8dec03_w04.png,e71f5598ef8dec03,4,Field,Void
train/pd/e71f5598ef8dec03_w08.png,e71f5598ef8dec03,8,Field,Void
train/pd/e71f5598ef8dec03_w09.png,e71f5598ef8dec03,9,Field,Void
train/pd/e71f5598ef8dec03_w14.png,e71f5598ef8dec03,14,Field,Void
train/pd/e71f5598ef8dec03_w15.png,e71f5598ef8dec03,15,Field,Void
train/pd/e71f5598ef8dec03_w17.png,e71f5598ef8dec03,17,Field,Void
train/pd/e71f5598ef8dec03_w21.png,e71f5598ef8dec03,21,Field,Void
train/pd/e72b5ffd50611f0f_w01.png,e72b5ffd50611f0f,1,Lab,Floating
train/pd/e72b5ffd50611f0f_w07.png,e72b5ffd50611f0f,7,Lab,Floating
train/pd/e72b5ffd50611f0f_w08.png,e72b5ffd50611f0f,8,Lab,Floating
train/pd/e72b5ffd50611f0f_w11.png,e72b5ffd50611f0f,11,Lab,Floating
train/pd/e72b5ffd50611f0f_w14.png,e72b5ffd50611f0f,14,Lab,Floating
train/pd/e72b5ffd50611f0f_w19.png,e72b5ffd50611f0f,19,Lab,Floating
train/pd/e72b5ffd50611f0f_w22.png,e72b5ffd50611f0f,22,Lab,Floating
train/pd/e72b5ffd50611f0f_w27.png,e72b5ffd50611f0f,27,Lab,Floating
train/pd/e72d3756221a6c8c_w01.png,e72d3756221a6c8c,1,Field,Void
train/pd/e72d3756221a6c8c_w07.png,e72d3756221a6c8c,7,Field,Void
train/pd/e72d3756221a6c8c_w11.png,e72d3756221a6c8c,11,Field,Void
train/pd/e72d3756221a6c8c_w17.png,e72d3756221a6c8c,17,Field,Void
train/pd/e72d3756221a6c8c_w19.png,e72d3756221a6c8c,19,Field,Void
train/pd/e72d3756221a6c8c_w23.png,e72d3756221a6c8c,23,Field,Void
train/pd/e72d3756221a6c8c_w25.png,e72d3756221a6c8c,25,Field,Void
train/pd/e72d3756221a6c8c_w26.png,e72d3756221a6c8c,26,Field,Void
train/pd/e784786ed778f4d1_w01.png,e784786ed778f4d1,1,Lab,Floating
train/pd/e784786ed778f4d1_w07.png,e784786ed778f4d1,7,Lab,Floating
train/pd/e784786ed778f4d1_w09.png,e784786ed778f4d1,9,Lab,Floating
train/pd/e784786ed778f4d1_w13.png,e784786ed778f4d1,13,Lab,Floating
train/pd/e784786ed778f4d1_w16.png,e784786ed778f4d1,16,Lab,Floating
train/pd/e784786ed778f4d1_w23.png,e784786ed778f4d1,23,Lab,Floating
train/pd/e784786ed778f4d1_w24.png,e784786ed778f4d1,24,Lab,Floating
train/pd/e784786ed778f4d1_w25.png,e784786ed778f4d1,25,Lab,Floating
train/pd/e78643f6eaeb14b6_w00.png,e78643f6eaeb14b6,0,Lab,Void
train/pd/e78643f6eaeb14b6_w06.png,e78643f6eaeb14b6,6,Lab,Void
train/pd/e78643f6eaeb14b6_w13.png,e78643f6eaeb14b6,13,Lab,Void
train/pd/e78643f6eaeb14b6_w15.png,e78643f6eaeb14b6,15,Lab,Void
train/pd/e78643f6eaeb14b6_w16.png,e78643f6eaeb14b6,16,Lab,Void
train/pd/e78643f6eaeb14b6_w17.png,e78643f6eaeb14b6,17,Lab,Void
train/pd/e78643f6eaeb14b6_w20.png,e78643f6eaeb14b6,20,Lab,Void
train/pd/e78643f6eaeb14b6_w26.png,e78643f6eaeb14b6,26,Lab,Void
train/pd/e7998c46a7611616_w03.png,e7998c46a7611616,3,Lab,Void
train/pd/e7998c46a7611616_w04.png,e7998c46a7611616,4,Lab,Void
train/pd/e7998c46a7611616_w09.png,e7998c46a7611616,9,Lab,Void
train/pd/e7998c46a7611616_w10.png,e7998c46a7611616,10,Lab,Void
train/pd/e7998c46a7611616_w12.png,e7998c46a7611616,12,Lab,Void
train/pd/e7998c46a7611616_w15.png,e7998c46a7611616,15,Lab,Void
train/pd/e7998c46a7611616_w20.png,e7998c46a7611616,20,Lab,Void
train/pd/e7998c46a7611616_w27.png,e7998c46a7611616,27,Lab,Void
train/pd/e79d9f22d470a019_w01.png,e79d9f22d470a019,1,Lab,Particle
train/pd/e79d9f22d470a019_w08.png,e79d9f22d470a019,8,Lab,Particle
train/pd/e79d9f22d470a019_w11.png,e79d9f22d470a019,11,Lab,Particle
train/pd/e79d9f22d470a019_w14.png,e79d9f22d470a019,14,Lab,Particle
train/pd/e79d9f22d470a019_w15.png,e79d9f22d470a019,15,Lab,Particle
train/pd/e79d9f22d470a019_w16.png,e79d9f22d470a019,16,Lab,Particle
train/pd/e79d9f22d470a019_w19.png,e79d9f22d470a019,19,Lab,Particle
train/pd/e79d9f22d470a019_w23.png,e79d9f22d470a019,23,Lab,Particle
train/pd/e7bde5c8ee9f8086_w01.png,e7bde5c8ee9f8086,1,Field,Void
train/pd/e7bde5c8ee9f8086_w09.png,e7bde5c8ee9f8086,9,Field,Void
train/pd/e7bde5c8ee9f8086_w14.png,e7bde5c8ee9f8086,14,Field,Void
train/pd/e7bde5c8ee9f8086_w15.png,e7bde5c8ee9f8086,15,Field,Void
train/pd/e7bde5c8ee9f8086_w16.png,e7bde5c8ee9f8086,16,Field,Void
train/pd/e7bde5c8ee9f8086_w18.png,e7bde5c8ee9f8086,18,Field,Void
train/pd/e7bde5c8ee9f8086_w25.png,e7bde5c8ee9f8086,25,Field,Void
train/pd/e7bde5c8ee9f8086_w27.png,e7bde5c8ee9f8086,27,Field,Void
train/pd/e7e3bf9b3426a15c_w01.png,e7e3bf9b3426a15c,1,Lab,Floating
train/pd/e7e3bf9b3426a15c_w04.png,e7e3bf9b3426a15c,4,Lab,Floating
train/pd/e7e3bf9b3426a15c_w05.png,e7e3bf9b3426a15c,5,Lab,Floating
train/pd/e7e3bf9b3426a15c_w10.png,e7e3bf9b3426a15c,10,Lab,Floating
train/pd/e7e3bf9b3426a15c_w15.png,e7e3bf9b3426a15c,15,Lab,Floating
train/pd/e7e3bf9b3426a15c_w19.png,e7e3bf9b3426a15c,19,Lab,Floating
train/pd/e7e3bf9b3426a15c_w22.png,e7e3bf9b3426a15c,22,Lab,Floating
train/pd/e7e3bf9b3426a15c_w23.png,e7e3bf9b3426a15c,23,Lab,Floating
train/pd/e7f1157626444979_w01.png,e7f1157626444979,1,Field,Particle
train/pd/e7f1157626444979_w02.png,e7f1157626444979,2,Field,Particle
train/pd/e7f1157626444979_w05.png,e7f1157626444979,5,Field,Particle
train/pd/e7f1157626444979_w10.png,e7f1157626444979,10,Field,Particle
train/pd/e7f1157626444979_w17.png,e7f1157626444979,17,Field,Particle
train/pd/e7f1157626444979_w18.png,e7f1157626444979,18,Field,Particle
train/pd/e7f1157626444979_w22.png,e7f1157626444979,22,Field,Particle
train/pd/e7f1157626444979_w27.png,e7f1157626444979,27,Field,Particle
train/pd/e8061c1938207516_w00.png,e8061c1938207516,0,Lab,Void
train/pd/e8061c1938207516_w01.png,e8061c1938207516,1,Lab,Void
train/pd/e8061c1938207516_w16.png,e8061c1938207516,16,Lab,Void
train/pd/e8061c1938207516_w19.png,e8061c1938207516,19,Lab,Void
train/pd/e8061c1938207516_w20.png,e8061c1938207516,20,Lab,Void
train/pd/e8061c1938207516_w22.png,e8061c1938207516,22,Lab,Void
train/pd/e8061c1938207516_w23.png,e8061c1938207516,23,Lab,Void
train/pd/e8061c1938207516_w27.png,e8061c1938207516,27,Lab,Void
train/pd/e847a958a1f96404_w03.png,e847a958a1f96404,3,Lab,Floating
train/pd/e847a958a1f96404_w04.png,e847a958a1f96404,4,Lab,Floating
train/pd/e847a958a1f96404_w06.png,e847a958a1f96404,6,Lab,Floating
train/pd/e847a958a1f96404_w10.png,e847a958a1f96404,10,Lab,Floating
train/pd/e847a958a1f96404_w13.png,e847a958a1f96404,13,Lab,Floating
train/pd/e847a958a1f96404_w20.png,e847a958a1f96404,20,Lab,Floating
train/pd/e847a958a1f96404_w21.png,e847a958a1f96404,21,Lab,Floating
train/pd/e847a958a1f96404_w25.png,e847a958a1f96404,25,Lab,Floating
train/pd/e8b18246a1b24131_w00.png,e8b18246a1b24131,0,Lab,Particle
train/pd/e8b18246a1b24131_w03.png,e8b18246a1b24131,3,Lab,Particle
train/pd/e8b18246a1b24131_w04.png,e8b18246a1b24131,4,Lab,Particle
train/pd/e8b18246a1b24131_w06.png,e8b18246a1b24131,6,Lab,Particle
train/pd/e8b18246a1b24131_w15.png,e8b18246a1b24131,15,Lab,Particle
train/pd/e8b18246a1b24131_w20.png,e8b18246a1b24131,20,Lab,Particle
train/pd/e8b18246a1b24131_w22.png,e8b18246a1b24131,22,Lab,Particle
train/pd/e8b18246a1b24131_w26.png,e8b18246a1b24131,26,Lab,Particle
train/pd/e8cfe33f46ab436a_w02.png,e8cfe33f46ab436a,2,Lab,Void
train/pd/e8cfe33f46ab436a_w05.png,e8cfe33f46ab436a,5,Lab,Void
train/pd/e8cfe33f46ab436a_w07.png,e8cfe33f46ab436a,7,Lab,Void
train/pd/e8cfe33f46ab436a_w10.png,e8cfe33f46ab436a,10,Lab,Void
train/pd/e8cfe33f46ab436a_w11.png,e8cfe33f46ab436a,11,Lab,Void
train/pd/e8cfe33f46ab436a_w15.png,e8cfe33f46ab436a,15,Lab,Void
train/pd/e8cfe33f46ab436a_w18.png,e8cfe33f46ab436a,18,Lab,Void
train/pd/e8cfe33f46ab436a_w26.png,e8cfe33f46ab436a,26,Lab,Void
train/pd/e8f72a708589d526_w02.png,e8f72a708589d526,2,Lab,Corona
train/pd/e8f72a708589d526_w03.png,e8f72a708589d526,3,Lab,Corona
train/pd/e8f72a708589d526_w11.png,e8f72a708589d526,11,Lab,Corona
train/pd/e8f72a708589d526_w15.png,e8f72a708589d526,15,Lab,Corona
train/pd/e8f72a708589d526_w19.png,e8f72a708589d526,19,Lab,Corona
train/pd/e8f72a708589d526_w25.png,e8f72a708589d526,25,Lab,Corona
train/pd/e8f72a708589d526_w26.png,e8f72a708589d526,26,Lab,Corona
train/pd/e8f72a708589d526_w27.png,e8f72a708589d526,27,Lab,Corona
train/pd/e8ff9dfa8ce6a49c_w00.png,e8ff9dfa8ce6a49c,0,Lab,Floating
train/pd/e8ff9dfa8ce6a49c_w01.png,e8ff9dfa8ce6a49c,1,Lab,Floating
train/pd/e8ff9dfa8ce6a49c_w02.png,e8ff9dfa8ce6a49c,2,Lab,Floating
train/pd/e8ff9dfa8ce6a49c_w07.png,e8ff9dfa8ce6a49c,7,Lab,Floating
train/pd/e8ff9dfa8ce6a49c_w08.png,e8ff9dfa8ce6a49c,8,Lab,Floating
train/pd/e8ff9dfa8ce6a49c_w14.png,e8ff9dfa8ce6a49c,14,Lab,Floating
train/pd/e8ff9dfa8ce6a49c_w16.png,e8ff9dfa8ce6a49c,16,Lab,Floating
train/pd/e8ff9dfa8ce6a49c_w20.png,e8ff9dfa8ce6a49c,20,Lab,Floating
train/pd/e94a49e26026f606_w03.png,e94a49e26026f606,3,Lab,Floating
train/pd/e94a49e26026f606_w06.png,e94a49e26026f606,6,Lab,Floating
train/pd/e94a49e26026f606_w08.png,e94a49e26026f606,8,Lab,Floating
train/pd/e94a49e26026f606_w15.png,e94a49e26026f606,15,Lab,Floating
train/pd/e94a49e26026f606_w23.png,e94a49e26026f606,23,Lab,Floating
train/pd/e94a49e26026f606_w24.png,e94a49e26026f606,24,Lab,Floating
train/pd/e94a49e26026f606_w25.png,e94a49e26026f606,25,Lab,Floating
train/pd/e94a49e26026f606_w27.png,e94a49e26026f606,27,Lab,Floating
train/pd/e95b4b3be594ea56_w05.png,e95b4b3be594ea56,5,Lab,Particle
train/pd/e95b4b3be594ea56_w07.png,e95b4b3be594ea56,7,Lab,Particle
train/pd/e95b4b3be594ea56_w08.png,e95b4b3be594ea56,8,Lab,Particle
train/pd/e95b4b3be594ea56_w12.png,e95b4b3be594ea56,12,Lab,Particle
train/pd/e95b4b3be594ea56_w17.png,e95b4b3be594ea56,17,Lab,Particle
train/pd/e95b4b3be594ea56_w19.png,e95b4b3be594ea56,19,Lab,Particle
train/pd/e95b4b3be594ea56_w22.png,e95b4b3be594ea56,22,Lab,Particle
train/pd/e95b4b3be594ea56_w26.png,e95b4b3be594ea56,26,Lab,Particle
train/pd/e9b0e8e386c0f2aa_w00.png,e9b0e8e386c0f2aa,0,Lab,Void
train/pd/e9b0e8e386c0f2aa_w01.png,e9b0e8e386c0f2aa,1,Lab,Void
train/pd/e9b0e8e386c0f2aa_w02.png,e9b0e8e386c0f2aa,2,Lab,Void
train/pd/e9b0e8e386c0f2aa_w13.png,e9b0e8e386c0f2aa,13,Lab,Void
train/pd/e9b0e8e386c0f2aa_w15.png,e9b0e8e386c0f2aa,15,Lab,Void
train/pd/e9b0e8e386c0f2aa_w19.png,e9b0e8e386c0f2aa,19,Lab,Void
train/pd/e9b0e8e386c0f2aa_w21.png,e9b0e8e386c0f2aa,21,Lab,Void
train/pd/e9b0e8e386c0f2aa_w26.png,e9b0e8e386c0f2aa,26,Lab,Void
train/pd/e9c77b822e4387b9_w00.png,e9c77b822e4387b9,0,Lab,Void
train/pd/e9c77b822e4387b9_w03.png,e9c77b822e4387b9,3,Lab,Void
train/pd/e9c77b822e4387b9_w10.png,e9c77b822e4387b9,10,Lab,Void
train/pd/e9c77b822e4387b9_w11.png,e9c77b822e4387b9,11,Lab,Void
train/pd/e9c77b822e4387b9_w16.png,e9c77b822e4387b9,16,Lab,Void
train/pd/e9c77b822e4387b9_w19.png,e9c77b822e4387b9,19,Lab,Void
train/pd/e9c77b822e4387b9_w23.png,e9c77b822e4387b9,23,Lab,Void
train/pd/e9c77b822e4387b9_w27.png,e9c77b822e4387b9,27,Lab,Void
train/pd/e9d1f9d5494b9753_w01.png,e9d1f9d5494b9753,1,Lab,Void
train/pd/e9d1f9d5494b9753_w02.png,e9d1f9d5494b9753,2,Lab,Void
train/pd/e9d1f9d5494b9753_w03.png,e9d1f9d5494b9753,3,Lab,Void
train/pd/e9d1f9d5494b9753_w09.png,e9d1f9d5494b9753,9,Lab,Void
train/pd/e9d1f9d5494b9753_w15.png,e9d1f9d5494b9753,15,Lab,Void
train/pd/e9d1f9d5494b9753_w18.png,e9d1f9d5494b9753,18,Lab,Void
train/pd/e9d1f9d5494b9753_w22.png,e9d1f9d5494b9753,22,Lab,Void
train/pd/e9d1f9d5494b9753_w26.png,e9d1f9d5494b9753,26,Lab,Void
train/pd/ea0302fb06be1b83_w00.png,ea0302fb06be1b83,0,Lab,Floating
train/pd/ea0302fb06be1b83_w04.png,ea0302fb06be1b83,4,Lab,Floating
train/pd/ea0302fb06be1b83_w10.png,ea0302fb06be1b83,10,Lab,Floating
train/pd/ea0302fb06be1b83_w11.png,ea0302fb06be1b83,11,Lab,Floating
train/pd/ea0302fb06be1b83_w12.png,ea0302fb06be1b83,12,Lab,Floating
train/pd/ea0302fb06be1b83_w14.png,ea0302fb06be1b83,14,Lab,Floating
train/pd/ea0302fb06be1b83_w21.png,ea0302fb06be1b83,21,Lab,Floating
train/pd/ea0302fb06be1b83_w25.png,ea0302fb06be1b83,25,Lab,Floating
train/pd/ea2a1d48e57d473c_w00.png,ea2a1d48e57d473c,0,Lab,Void
train/pd/ea2a1d48e57d473c_w02.png,ea2a1d48e57d473c,2,Lab,Void
train/pd/ea2a1d48e57d473c_w11.png,ea2a1d48e57d473c,11,Lab,Void
train/pd/ea2a1d48e57d473c_w15.png,ea2a1d48e57d473c,15,Lab,Void
train/pd/ea2a1d48e57d473c_w23.png,ea2a1d48e57d473c,23,Lab,Void
train/pd/ea2a1d48e57d473c_w24.png,ea2a1d48e57d473c,24,Lab,Void
train/pd/ea2a1d48e57d473c_w26.png,ea2a1d48e57d473c,26,Lab,Void
train/pd/ea2a1d48e57d473c_w27.png,ea2a1d48e57d473c,27,Lab,Void
train/pd/ea2b0edbeed978f1_w01.png,ea2b0edbeed978f1,1,Field,Void
train/pd/ea2b0edbeed978f1_w02.png,ea2b0edbeed978f1,2,Field,Void
train/pd/ea2b0edbeed978f1_w07.png,ea2b0edbeed978f1,7,Field,Void
train/pd/ea2b0edbeed978f1_w10.png,ea2b0edbeed978f1,10,Field,Void
train/pd/ea2b0edbeed978f1_w11.png,ea2b0edbeed978f1,11,Field,Void
train/pd/ea2b0edbeed978f1_w16.png,ea2b0edbeed978f1,16,Field,Void
train/pd/ea2b0edbeed978f1_w20.png,ea2b0edbeed978f1,20,Field,Void
train/pd/ea2b0edbeed978f1_w25.png,ea2b0edbeed978f1,25,Field,Void
train/pd/ea53c62649640915_w04.png,ea53c62649640915,4,Lab,Particle
train/pd/ea53c62649640915_w05.png,ea53c62649640915,5,Lab,Particle
train/pd/ea53c62649640915_w06.png,ea53c62649640915,6,Lab,Particle
train/pd/ea53c62649640915_w08.png,ea53c62649640915,8,Lab,Particle
train/pd/ea53c62649640915_w11.png,ea53c62649640915,11,Lab,Particle
train/pd/ea53c62649640915_w12.png,ea53c62649640915,12,Lab,Particle
train/pd/ea53c62649640915_w23.png,ea53c62649640915,23,Lab,Particle
train/pd/ea53c62649640915_w25.png,ea53c62649640915,25,Lab,Particle
train/pd/ea74130c2899d78b_w00.png,ea74130c2899d78b,0,Field,Floating
train/pd/ea74130c2899d78b_w02.png,ea74130c2899d78b,2,Field,Floating
train/pd/ea74130c2899d78b_w04.png,ea74130c2899d78b,4,Field,Floating
train/pd/ea74130c2899d78b_w06.png,ea74130c2899d78b,6,Field,Floating
train/pd/ea74130c2899d78b_w16.png,ea74130c2899d78b,16,Field,Floating
train/pd/ea74130c2899d78b_w17.png,ea74130c2899d78b,17,Field,Floating
train/pd/ea74130c2899d78b_w19.png,ea74130c2899d78b,19,Field,Floating
train/pd/ea74130c2899d78b_w24.png,ea74130c2899d78b,24,Field,Floating
train/pd/ea867f896271ac0f_w02.png,ea867f896271ac0f,2,Field,Floating
train/pd/ea867f896271ac0f_w03.png,ea867f896271ac0f,3,Field,Floating
train/pd/ea867f896271ac0f_w06.png,ea867f896271ac0f,6,Field,Floating
train/pd/ea867f896271ac0f_w08.png,ea867f896271ac0f,8,Field,Floating
train/pd/ea867f896271ac0f_w12.png,ea867f896271ac0f,12,Field,Floating
train/pd/ea867f896271ac0f_w17.png,ea867f896271ac0f,17,Field,Floating
train/pd/ea867f896271ac0f_w21.png,ea867f896271ac0f,21,Field,Floating
train/pd/ea867f896271ac0f_w22.png,ea867f896271ac0f,22,Field,Floating
train/pd/eaff981536903037_w03.png,eaff981536903037,3,Field,Floating
train/pd/eaff981536903037_w05.png,eaff981536903037,5,Field,Floating
train/pd/eaff981536903037_w06.png,eaff981536903037,6,Field,Floating
train/pd/eaff981536903037_w12.png,eaff981536903037,12,Field,Floating
train/pd/eaff981536903037_w15.png,eaff981536903037,15,Field,Floating
train/pd/eaff981536903037_w17.png,eaff981536903037,17,Field,Floating
train/pd/eaff981536903037_w23.png,eaff981536903037,23,Field,Floating
train/pd/eaff981536903037_w27.png,eaff981536903037,27,Field,Floating
train/pd/eb18a05b7a3cd22e_w01.png,eb18a05b7a3cd22e,1,Lab,Void
train/pd/eb18a05b7a3cd22e_w04.png,eb18a05b7a3cd22e,4,Lab,Void
train/pd/eb18a05b7a3cd22e_w06.png,eb18a05b7a3cd22e,6,Lab,Void
train/pd/eb18a05b7a3cd22e_w10.png,eb18a05b7a3cd22e,10,Lab,Void
train/pd/eb18a05b7a3cd22e_w12.png,eb18a05b7a3cd22e,12,Lab,Void
train/pd/eb18a05b7a3cd22e_w13.png,eb18a05b7a3cd22e,13,Lab,Void
train/pd/eb18a05b7a3cd22e_w17.png,eb18a05b7a3cd22e,17,Lab,Void
train/pd/eb18a05b7a3cd22e_w20.png,eb18a05b7a3cd22e,20,Lab,Void
train/pd/eb2f6d831990ad65_w01.png,eb2f6d831990ad65,1,Lab,Particle
train/pd/eb2f6d831990ad65_w10.png,eb2f6d831990ad65,10,Lab,Particle
train/pd/eb2f6d831990ad65_w15.png,eb2f6d831990ad65,15,Lab,Particle
train/pd/eb2f6d831990ad65_w17.png,eb2f6d831990ad65,17,Lab,Particle
train/pd/eb2f6d831990ad65_w24.png,eb2f6d831990ad65,24,Lab,Particle
train/pd/eb2f6d831990ad65_w25.png,eb2f6d831990ad65,25,Lab,Particle
train/pd/eb2f6d831990ad65_w26.png,eb2f6d831990ad65,26,Lab,Particle
train/pd/eb2f6d831990ad65_w27.png,eb2f6d831990ad65,27,Lab,Particle
train/pd/ebc002a877edb74c_w06.png,ebc002a877edb74c,6,Lab,Corona
train/pd/ebc002a877edb74c_w07.png,ebc002a877edb74c,7,Lab,Corona
train/pd/ebc002a877edb74c_w09.png,ebc002a877edb74c,9,Lab,Corona
train/pd/ebc002a877edb74c_w10.png,ebc002a877edb74c,10,Lab,Corona
train/pd/ebc002a877edb74c_w17.png,ebc002a877edb74c,17,Lab,Corona
train/pd/ebc002a877edb74c_w19.png,ebc002a877edb74c,19,Lab,Corona
train/pd/ebc002a877edb74c_w22.png,ebc002a877edb74c,22,Lab,Corona
train/pd/ebc002a877edb74c_w26.png,ebc002a877edb74c,26,Lab,Corona
train/pd/ebcc2260fb89d9c2_w00.png,ebcc2260fb89d9c2,0,Lab,Void
train/pd/ebcc2260fb89d9c2_w04.png,ebcc2260fb89d9c2,4,Lab,Void
train/pd/ebcc2260fb89d9c2_w09.png,ebcc2260fb89d9c2,9,Lab,Void
train/pd/ebcc2260fb89d9c2_w10.png,ebcc2260fb89d9c2,10,Lab,Void
train/pd/ebcc2260fb89d9c2_w13.png,ebcc2260fb89d9c2,13,Lab,Void
train/pd/ebcc2260fb89d9c2_w18.png,ebcc2260fb89d9c2,18,Lab,Void
train/pd/ebcc2260fb89d9c2_w22.png,ebcc2260fb89d9c2,22,Lab,Void
train/pd/ebcc2260fb89d9c2_w24.png,ebcc2260fb89d9c2,24,Lab,Void
train/pd/ec16cf090ee61c8f_w01.png,ec16cf090ee61c8f,1,Field,Floating
train/pd/ec16cf090ee61c8f_w03.png,ec16cf090ee61c8f,3,Field,Floating
train/pd/ec16cf090ee61c8f_w07.png,ec16cf090ee61c8f,7,Field,Floating
train/pd/ec16cf090ee61c8f_w09.png,ec16cf090ee61c8f,9,Field,Floating
train/pd/ec16cf090ee61c8f_w14.png,ec16cf090ee61c8f,14,Field,Floating
train/pd/ec16cf090ee61c8f_w20.png,ec16cf090ee61c8f,20,Field,Floating
train/pd/ec16cf090ee61c8f_w22.png,ec16cf090ee61c8f,22,Field,Floating
train/pd/ec16cf090ee61c8f_w24.png,ec16cf090ee61c8f,24,Field,Floating
train/pd/ec1a827aac50f8d9_w02.png,ec1a827aac50f8d9,2,Lab,Void
train/pd/ec1a827aac50f8d9_w05.png,ec1a827aac50f8d9,5,Lab,Void
train/pd/ec1a827aac50f8d9_w09.png,ec1a827aac50f8d9,9,Lab,Void
train/pd/ec1a827aac50f8d9_w12.png,ec1a827aac50f8d9,12,Lab,Void
train/pd/ec1a827aac50f8d9_w13.png,ec1a827aac50f8d9,13,Lab,Void
train/pd/ec1a827aac50f8d9_w14.png,ec1a827aac50f8d9,14,Lab,Void
train/pd/ec1a827aac50f8d9_w22.png,ec1a827aac50f8d9,22,Lab,Void
train/pd/ec1a827aac50f8d9_w23.png,ec1a827aac50f8d9,23,Lab,Void
train/pd/ec25c557e6a27730_w02.png,ec25c557e6a27730,2,Field,Void
train/pd/ec25c557e6a27730_w10.png,ec25c557e6a27730,10,Field,Void
train/pd/ec25c557e6a27730_w12.png,ec25c557e6a27730,12,Field,Void
train/pd/ec25c557e6a27730_w13.png,ec25c557e6a27730,13,Field,Void
train/pd/ec25c557e6a27730_w14.png,ec25c557e6a27730,14,Field,Void
train/pd/ec25c557e6a27730_w15.png,ec25c557e6a27730,15,Field,Void
train/pd/ec25c557e6a27730_w24.png,ec25c557e6a27730,24,Field,Void
train/pd/ec25c557e6a27730_w27.png,ec25c557e6a27730,27,Field,Void
train/pd/ec5ab038bab76e0b_w00.png,ec5ab038bab76e0b,0,Lab,Corona
train/pd/ec5ab038bab76e0b_w08.png,ec5ab038bab76e0b,8,Lab,Corona
train/pd/ec5ab038bab76e0b_w16.png,ec5ab038bab76e0b,16,Lab,Corona
train/pd/ec5ab038bab76e0b_w17.png,ec5ab038bab76e0b,17,Lab,Corona
train/pd/ec5ab038bab76e0b_w19.png,ec5ab038bab76e0b,19,Lab,Corona
train/pd/ec5ab038bab76e0b_w21.png,ec5ab038bab76e0b,21,Lab,Corona
train/pd/ec5ab038bab76e0b_w26.png,ec5ab038bab76e0b,26,Lab,Corona
train/pd/ec5ab038bab76e0b_w27.png,ec5ab038bab76e0b,27,Lab,Corona
train/pd/ec8344c8da4d885b_w02.png,ec8344c8da4d885b,2,Lab,Void
train/pd/ec8344c8da4d885b_w04.png,ec8344c8da4d885b,4,Lab,Void
train/pd/ec8344c8da4d885b_w05.png,ec8344c8da4d885b,5,Lab,Void
train/pd/ec8344c8da4d885b_w08.png,ec8344c8da4d885b,8,Lab,Void
train/pd/ec8344c8da4d885b_w09.png,ec8344c8da4d885b,9,Lab,Void
train/pd/ec8344c8da4d885b_w18.png,ec8344c8da4d885b,18,Lab,Void
train/pd/ec8344c8da4d885b_w22.png,ec8344c8da4d885b,22,Lab,Void
train/pd/ec8344c8da4d885b_w23.png,ec8344c8da4d885b,23,Lab,Void
train/pd/ecb1255113b0c75d_w03.png,ecb1255113b0c75d,3,Lab,Floating
train/pd/ecb1255113b0c75d_w04.png,ecb1255113b0c75d,4,Lab,Floating
train/pd/ecb1255113b0c75d_w07.png,ecb1255113b0c75d,7,Lab,Floating
train/pd/ecb1255113b0c75d_w11.png,ecb1255113b0c75d,11,Lab,Floating
train/pd/ecb1255113b0c75d_w15.png,ecb1255113b0c75d,15,Lab,Floating
train/pd/ecb1255113b0c75d_w19.png,ecb1255113b0c75d,19,Lab,Floating
train/pd/ecb1255113b0c75d_w23.png,ecb1255113b0c75d,23,Lab,Floating
train/pd/ecb1255113b0c75d_w26.png,ecb1255113b0c75d,26,Lab,Floating
train/pd/ecbc83595c9a89bd_w01.png,ecbc83595c9a89bd,1,Lab,Void
train/pd/ecbc83595c9a89bd_w09.png,ecbc83595c9a89bd,9,Lab,Void
train/pd/ecbc83595c9a89bd_w12.png,ecbc83595c9a89bd,12,Lab,Void
train/pd/ecbc83595c9a89bd_w13.png,ecbc83595c9a89bd,13,Lab,Void
train/pd/ecbc83595c9a89bd_w16.png,ecbc83595c9a89bd,16,Lab,Void
train/pd/ecbc83595c9a89bd_w21.png,ecbc83595c9a89bd,21,Lab,Void
train/pd/ecbc83595c9a89bd_w24.png,ecbc83595c9a89bd,24,Lab,Void
train/pd/ecbc83595c9a89bd_w25.png,ecbc83595c9a89bd,25,Lab,Void
train/pd/ecc5fc543921386d_w02.png,ecc5fc543921386d,2,Field,Void
train/pd/ecc5fc543921386d_w03.png,ecc5fc543921386d,3,Field,Void
train/pd/ecc5fc543921386d_w04.png,ecc5fc543921386d,4,Field,Void
train/pd/ecc5fc543921386d_w06.png,ecc5fc543921386d,6,Field,Void
train/pd/ecc5fc543921386d_w13.png,ecc5fc543921386d,13,Field,Void
train/pd/ecc5fc543921386d_w20.png,ecc5fc543921386d,20,Field,Void
train/pd/ecc5fc543921386d_w24.png,ecc5fc543921386d,24,Field,Void
train/pd/ecc5fc543921386d_w26.png,ecc5fc543921386d,26,Field,Void
train/pd/ecf08953c8075ae8_w03.png,ecf08953c8075ae8,3,Lab,Floating
train/pd/ecf08953c8075ae8_w04.png,ecf08953c8075ae8,4,Lab,Floating
train/pd/ecf08953c8075ae8_w10.png,ecf08953c8075ae8,10,Lab,Floating
train/pd/ecf08953c8075ae8_w13.png,ecf08953c8075ae8,13,Lab,Floating
train/pd/ecf08953c8075ae8_w14.png,ecf08953c8075ae8,14,Lab,Floating
train/pd/ecf08953c8075ae8_w16.png,ecf08953c8075ae8,16,Lab,Floating
train/pd/ecf08953c8075ae8_w19.png,ecf08953c8075ae8,19,Lab,Floating
train/pd/ecf08953c8075ae8_w20.png,ecf08953c8075ae8,20,Lab,Floating
train/pd/ecfd78b4fd97eba4_w03.png,ecfd78b4fd97eba4,3,Lab,Particle
train/pd/ecfd78b4fd97eba4_w10.png,ecfd78b4fd97eba4,10,Lab,Particle
train/pd/ecfd78b4fd97eba4_w11.png,ecfd78b4fd97eba4,11,Lab,Particle
train/pd/ecfd78b4fd97eba4_w12.png,ecfd78b4fd97eba4,12,Lab,Particle
train/pd/ecfd78b4fd97eba4_w14.png,ecfd78b4fd97eba4,14,Lab,Particle
train/pd/ecfd78b4fd97eba4_w16.png,ecfd78b4fd97eba4,16,Lab,Particle
train/pd/ecfd78b4fd97eba4_w22.png,ecfd78b4fd97eba4,22,Lab,Particle
train/pd/ecfd78b4fd97eba4_w24.png,ecfd78b4fd97eba4,24,Lab,Particle
train/pd/ed12da7f3ee52525_w08.png,ed12da7f3ee52525,8,Lab,Corona
train/pd/ed12da7f3ee52525_w09.png,ed12da7f3ee52525,9,Lab,Corona
train/pd/ed12da7f3ee52525_w15.png,ed12da7f3ee52525,15,Lab,Corona
train/pd/ed12da7f3ee52525_w17.png,ed12da7f3ee52525,17,Lab,Corona
train/pd/ed12da7f3ee52525_w20.png,ed12da7f3ee52525,20,Lab,Corona
train/pd/ed12da7f3ee52525_w23.png,ed12da7f3ee52525,23,Lab,Corona
train/pd/ed12da7f3ee52525_w24.png,ed12da7f3ee52525,24,Lab,Corona
train/pd/ed12da7f3ee52525_w27.png,ed12da7f3ee52525,27,Lab,Corona
train/pd/ed162b96e642a5dd_w01.png,ed162b96e642a5dd,1,Lab,Void
train/pd/ed162b96e642a5dd_w03.png,ed162b96e642a5dd,3,Lab,Void
train/pd/ed162b96e642a5dd_w08.png,ed162b96e642a5dd,8,Lab,Void
train/pd/ed162b96e642a5dd_w13.png,ed162b96e642a5dd,13,Lab,Void
train/pd/ed162b96e642a5dd_w16.png,ed162b96e642a5dd,16,Lab,Void
train/pd/ed162b96e642a5dd_w19.png,ed162b96e642a5dd,19,Lab,Void
train/pd/ed162b96e642a5dd_w20.png,ed162b96e642a5dd,20,Lab,Void
train/pd/ed162b96e642a5dd_w27.png,ed162b96e642a5dd,27,Lab,Void
train/pd/ed5cd4cf4ebf06bc_w02.png,ed5cd4cf4ebf06bc,2,Lab,Particle
train/pd/ed5cd4cf4ebf06bc_w04.png,ed5cd4cf4ebf06bc,4,Lab,Particle
train/pd/ed5cd4cf4ebf06bc_w05.png,ed5cd4cf4ebf06bc,5,Lab,Particle
train/pd/ed5cd4cf4ebf06bc_w08.png,ed5cd4cf4ebf06bc,8,Lab,Particle
train/pd/ed5cd4cf4ebf06bc_w09.png,ed5cd4cf4ebf06bc,9,Lab,Particle
train/pd/ed5cd4cf4ebf06bc_w16.png,ed5cd4cf4ebf06bc,16,Lab,Particle
train/pd/ed5cd4cf4ebf06bc_w20.png,ed5cd4cf4ebf06bc,20,Lab,Particle
train/pd/ed5cd4cf4ebf06bc_w25.png,ed5cd4cf4ebf06bc,25,Lab,Particle
train/pd/ed6a7daa7642d9ea_w04.png,ed6a7daa7642d9ea,4,Lab,Floating
train/pd/ed6a7daa7642d9ea_w05.png,ed6a7daa7642d9ea,5,Lab,Floating
train/pd/ed6a7daa7642d9ea_w06.png,ed6a7daa7642d9ea,6,Lab,Floating
train/pd/ed6a7daa7642d9ea_w08.png,ed6a7daa7642d9ea,8,Lab,Floating
train/pd/ed6a7daa7642d9ea_w13.png,ed6a7daa7642d9ea,13,Lab,Floating
train/pd/ed6a7daa7642d9ea_w15.png,ed6a7daa7642d9ea,15,Lab,Floating
train/pd/ed6a7daa7642d9ea_w17.png,ed6a7daa7642d9ea,17,Lab,Floating
train/pd/ed6a7daa7642d9ea_w27.png,ed6a7daa7642d9ea,27,Lab,Floating
train/pd/ed6af34d3794aeac_w02.png,ed6af34d3794aeac,2,Field,Void
train/pd/ed6af34d3794aeac_w10.png,ed6af34d3794aeac,10,Field,Void
train/pd/ed6af34d3794aeac_w12.png,ed6af34d3794aeac,12,Field,Void
train/pd/ed6af34d3794aeac_w15.png,ed6af34d3794aeac,15,Field,Void
train/pd/ed6af34d3794aeac_w16.png,ed6af34d3794aeac,16,Field,Void
train/pd/ed6af34d3794aeac_w22.png,ed6af34d3794aeac,22,Field,Void
train/pd/ed6af34d3794aeac_w24.png,ed6af34d3794aeac,24,Field,Void
train/pd/ed6af34d3794aeac_w27.png,ed6af34d3794aeac,27,Field,Void
train/pd/ed8b69ef2cb482c2_w03.png,ed8b69ef2cb482c2,3,Lab,Particle
train/pd/ed8b69ef2cb482c2_w04.png,ed8b69ef2cb482c2,4,Lab,Particle
train/pd/ed8b69ef2cb482c2_w09.png,ed8b69ef2cb482c2,9,Lab,Particle
train/pd/ed8b69ef2cb482c2_w11.png,ed8b69ef2cb482c2,11,Lab,Particle
train/pd/ed8b69ef2cb482c2_w17.png,ed8b69ef2cb482c2,17,Lab,Particle
train/pd/ed8b69ef2cb482c2_w21.png,ed8b69ef2cb482c2,21,Lab,Particle
train/pd/ed8b69ef2cb482c2_w24.png,ed8b69ef2cb482c2,24,Lab,Particle
train/pd/ed8b69ef2cb482c2_w25.png,ed8b69ef2cb482c2,25,Lab,Particle
train/pd/ed98c23ff6044394_w05.png,ed98c23ff6044394,5,Lab,Void
train/pd/ed98c23ff6044394_w09.png,ed98c23ff6044394,9,Lab,Void
train/pd/ed98c23ff6044394_w11.png,ed98c23ff6044394,11,Lab,Void
train/pd/ed98c23ff6044394_w13.png,ed98c23ff6044394,13,Lab,Void
train/pd/ed98c23ff6044394_w14.png,ed98c23ff6044394,14,Lab,Void
train/pd/ed98c23ff6044394_w16.png,ed98c23ff6044394,16,Lab,Void
train/pd/ed98c23ff6044394_w17.png,ed98c23ff6044394,17,Lab,Void
train/pd/ed98c23ff6044394_w23.png,ed98c23ff6044394,23,Lab,Void
train/pd/eda3aa06035707e5_w00.png,eda3aa06035707e5,0,Lab,Particle
train/pd/eda3aa06035707e5_w01.png,eda3aa06035707e5,1,Lab,Particle
train/pd/eda3aa06035707e5_w04.png,eda3aa06035707e5,4,Lab,Particle
train/pd/eda3aa06035707e5_w07.png,eda3aa06035707e5,7,Lab,Particle
train/pd/eda3aa06035707e5_w12.png,eda3aa06035707e5,12,Lab,Particle
train/pd/eda3aa06035707e5_w17.png,eda3aa06035707e5,17,Lab,Particle
train/pd/eda3aa06035707e5_w21.png,eda3aa06035707e5,21,Lab,Particle
train/pd/eda3aa06035707e5_w25.png,eda3aa06035707e5,25,Lab,Particle
train/pd/edb25a2d7b771ca1_w04.png,edb25a2d7b771ca1,4,Lab,Void
train/pd/edb25a2d7b771ca1_w05.png,edb25a2d7b771ca1,5,Lab,Void
train/pd/edb25a2d7b771ca1_w06.png,edb25a2d7b771ca1,6,Lab,Void
train/pd/edb25a2d7b771ca1_w12.png,edb25a2d7b771ca1,12,Lab,Void
train/pd/edb25a2d7b771ca1_w21.png,edb25a2d7b771ca1,21,Lab,Void
train/pd/edb25a2d7b771ca1_w23.png,edb25a2d7b771ca1,23,Lab,Void
train/pd/edb25a2d7b771ca1_w24.png,edb25a2d7b771ca1,24,Lab,Void
train/pd/edb25a2d7b771ca1_w27.png,edb25a2d7b771ca1,27,Lab,Void
train/pd/edb27a4f20eb66e5_w01.png,edb27a4f20eb66e5,1,Field,Void
train/pd/edb27a4f20eb66e5_w04.png,edb27a4f20eb66e5,4,Field,Void
train/pd/edb27a4f20eb66e5_w08.png,edb27a4f20eb66e5,8,Field,Void
train/pd/edb27a4f20eb66e5_w13.png,edb27a4f20eb66e5,13,Field,Void
train/pd/edb27a4f20eb66e5_w21.png,edb27a4f20eb66e5,21,Field,Void
train/pd/edb27a4f20eb66e5_w22.png,edb27a4f20eb66e5,22,Field,Void
train/pd/edb27a4f20eb66e5_w25.png,edb27a4f20eb66e5,25,Field,Void
train/pd/edb27a4f20eb66e5_w27.png,edb27a4f20eb66e5,27,Field,Void
train/pd/edc1ea505670f016_w07.png,edc1ea505670f016,7,Field,Void
train/pd/edc1ea505670f016_w10.png,edc1ea505670f016,10,Field,Void
train/pd/edc1ea505670f016_w13.png,edc1ea505670f016,13,Field,Void
train/pd/edc1ea505670f016_w14.png,edc1ea505670f016,14,Field,Void
train/pd/edc1ea505670f016_w16.png,edc1ea505670f016,16,Field,Void
train/pd/edc1ea505670f016_w21.png,edc1ea505670f016,21,Field,Void
train/pd/edc1ea505670f016_w23.png,edc1ea505670f016,23,Field,Void
train/pd/edc1ea505670f016_w27.png,edc1ea505670f016,27,Field,Void
train/pd/edfb405b4436baad_w01.png,edfb405b4436baad,1,Lab,Void
train/pd/edfb405b4436baad_w05.png,edfb405b4436baad,5,Lab,Void
train/pd/edfb405b4436baad_w07.png,edfb405b4436baad,7,Lab,Void
train/pd/edfb405b4436baad_w08.png,edfb405b4436baad,8,Lab,Void
train/pd/edfb405b4436baad_w12.png,edfb405b4436baad,12,Lab,Void
train/pd/edfb405b4436baad_w19.png,edfb405b4436baad,19,Lab,Void
train/pd/edfb405b4436baad_w23.png,edfb405b4436baad,23,Lab,Void
train/pd/edfb405b4436baad_w24.png,edfb405b4436baad,24,Lab,Void
train/pd/ee30276defdb0889_w01.png,ee30276defdb0889,1,Lab,Particle
train/pd/ee30276defdb0889_w02.png,ee30276defdb0889,2,Lab,Particle
train/pd/ee30276defdb0889_w07.png,ee30276defdb0889,7,Lab,Particle
train/pd/ee30276defdb0889_w14.png,ee30276defdb0889,14,Lab,Particle
train/pd/ee30276defdb0889_w16.png,ee30276defdb0889,16,Lab,Particle
train/pd/ee30276defdb0889_w17.png,ee30276defdb0889,17,Lab,Particle
train/pd/ee30276defdb0889_w18.png,ee30276defdb0889,18,Lab,Particle
train/pd/ee30276defdb0889_w19.png,ee30276defdb0889,19,Lab,Particle
train/pd/ee3bcc1bd65ca546_w05.png,ee3bcc1bd65ca546,5,Field,Void
train/pd/ee3bcc1bd65ca546_w12.png,ee3bcc1bd65ca546,12,Field,Void
train/pd/ee3bcc1bd65ca546_w15.png,ee3bcc1bd65ca546,15,Field,Void
train/pd/ee3bcc1bd65ca546_w18.png,ee3bcc1bd65ca546,18,Field,Void
train/pd/ee3bcc1bd65ca546_w23.png,ee3bcc1bd65ca546,23,Field,Void
train/pd/ee3bcc1bd65ca546_w24.png,ee3bcc1bd65ca546,24,Field,Void
train/pd/ee3bcc1bd65ca546_w25.png,ee3bcc1bd65ca546,25,Field,Void
train/pd/ee3bcc1bd65ca546_w27.png,ee3bcc1bd65ca546,27,Field,Void
train/pd/eec3f108ab616808_w01.png,eec3f108ab616808,1,Lab,Void
train/pd/eec3f108ab616808_w15.png,eec3f108ab616808,15,Lab,Void
train/pd/eec3f108ab616808_w19.png,eec3f108ab616808,19,Lab,Void
train/pd/eec3f108ab616808_w20.png,eec3f108ab616808,20,Lab,Void
train/pd/eec3f108ab616808_w21.png,eec3f108ab616808,21,Lab,Void
train/pd/eec3f108ab616808_w24.png,eec3f108ab616808,24,Lab,Void
train/pd/eec3f108ab616808_w26.png,eec3f108ab616808,26,Lab,Void
train/pd/eec3f108ab616808_w27.png,eec3f108ab616808,27,Lab,Void
train/pd/eed5af662a6691a2_w00.png,eed5af662a6691a2,0,Lab,Corona
train/pd/eed5af662a6691a2_w03.png,eed5af662a6691a2,3,Lab,Corona
train/pd/eed5af662a6691a2_w06.png,eed5af662a6691a2,6,Lab,Corona
train/pd/eed5af662a6691a2_w07.png,eed5af662a6691a2,7,Lab,Corona
train/pd/eed5af662a6691a2_w09.png,eed5af662a6691a2,9,Lab,Corona
train/pd/eed5af662a6691a2_w12.png,eed5af662a6691a2,12,Lab,Corona
train/pd/eed5af662a6691a2_w19.png,eed5af662a6691a2,19,Lab,Corona
train/pd/eed5af662a6691a2_w24.png,eed5af662a6691a2,24,Lab,Corona
train/pd/eedc9912bdb1c5e9_w01.png,eedc9912bdb1c5e9,1,Lab,Void
train/pd/eedc9912bdb1c5e9_w06.png,eedc9912bdb1c5e9,6,Lab,Void
train/pd/eedc9912bdb1c5e9_w07.png,eedc9912bdb1c5e9,7,Lab,Void
train/pd/eedc9912bdb1c5e9_w11.png,eedc9912bdb1c5e9,11,Lab,Void
train/pd/eedc9912bdb1c5e9_w14.png,eedc9912bdb1c5e9,14,Lab,Void
train/pd/eedc9912bdb1c5e9_w18.png,eedc9912bdb1c5e9,18,Lab,Void
train/pd/eedc9912bdb1c5e9_w22.png,eedc9912bdb1c5e9,22,Lab,Void
train/pd/eedc9912bdb1c5e9_w27.png,eedc9912bdb1c5e9,27,Lab,Void
train/pd/eef18533520f1547_w00.png,eef18533520f1547,0,Lab,Particle
train/pd/eef18533520f1547_w01.png,eef18533520f1547,1,Lab,Particle
train/pd/eef18533520f1547_w02.png,eef18533520f1547,2,Lab,Particle
train/pd/eef18533520f1547_w11.png,eef18533520f1547,11,Lab,Particle
train/pd/eef18533520f1547_w15.png,eef18533520f1547,15,Lab,Particle
train/pd/eef18533520f1547_w19.png,eef18533520f1547,19,Lab,Particle
train/pd/eef18533520f1547_w21.png,eef18533520f1547,21,Lab,Particle
train/pd/eef18533520f1547_w26.png,eef18533520f1547,26,Lab,Particle
train/pd/eefe776a2593a8d9_w02.png,eefe776a2593a8d9,2,Lab,Particle
train/pd/eefe776a2593a8d9_w04.png,eefe776a2593a8d9,4,Lab,Particle
train/pd/eefe776a2593a8d9_w05.png,eefe776a2593a8d9,5,Lab,Particle
train/pd/eefe776a2593a8d9_w09.png,eefe776a2593a8d9,9,Lab,Particle
train/pd/eefe776a2593a8d9_w12.png,eefe776a2593a8d9,12,Lab,Particle
train/pd/eefe776a2593a8d9_w17.png,eefe776a2593a8d9,17,Lab,Particle
train/pd/eefe776a2593a8d9_w21.png,eefe776a2593a8d9,21,Lab,Particle
train/pd/eefe776a2593a8d9_w27.png,eefe776a2593a8d9,27,Lab,Particle
train/pd/ef0f94e7ccaa9de0_w06.png,ef0f94e7ccaa9de0,6,Lab,Corona
train/pd/ef0f94e7ccaa9de0_w09.png,ef0f94e7ccaa9de0,9,Lab,Corona
train/pd/ef0f94e7ccaa9de0_w10.png,ef0f94e7ccaa9de0,10,Lab,Corona
train/pd/ef0f94e7ccaa9de0_w11.png,ef0f94e7ccaa9de0,11,Lab,Corona
train/pd/ef0f94e7ccaa9de0_w12.png,ef0f94e7ccaa9de0,12,Lab,Corona
train/pd/ef0f94e7ccaa9de0_w17.png,ef0f94e7ccaa9de0,17,Lab,Corona
train/pd/ef0f94e7ccaa9de0_w19.png,ef0f94e7ccaa9de0,19,Lab,Corona
train/pd/ef0f94e7ccaa9de0_w20.png,ef0f94e7ccaa9de0,20,Lab,Corona
train/pd/ef12635c28281617_w02.png,ef12635c28281617,2,Field,Void
train/pd/ef12635c28281617_w03.png,ef12635c28281617,3,Field,Void
train/pd/ef12635c28281617_w06.png,ef12635c28281617,6,Field,Void
train/pd/ef12635c28281617_w08.png,ef12635c28281617,8,Field,Void
train/pd/ef12635c28281617_w14.png,ef12635c28281617,14,Field,Void
train/pd/ef12635c28281617_w18.png,ef12635c28281617,18,Field,Void
train/pd/ef12635c28281617_w21.png,ef12635c28281617,21,Field,Void
train/pd/ef12635c28281617_w27.png,ef12635c28281617,27,Field,Void
train/pd/ef128d020cc78419_w03.png,ef128d020cc78419,3,Lab,Void
train/pd/ef128d020cc78419_w06.png,ef128d020cc78419,6,Lab,Void
train/pd/ef128d020cc78419_w07.png,ef128d020cc78419,7,Lab,Void
train/pd/ef128d020cc78419_w13.png,ef128d020cc78419,13,Lab,Void
train/pd/ef128d020cc78419_w17.png,ef128d020cc78419,17,Lab,Void
train/pd/ef128d020cc78419_w24.png,ef128d020cc78419,24,Lab,Void
train/pd/ef128d020cc78419_w26.png,ef128d020cc78419,26,Lab,Void
train/pd/ef128d020cc78419_w27.png,ef128d020cc78419,27,Lab,Void
train/pd/ef3859417ed88ff1_w00.png,ef3859417ed88ff1,0,Lab,Void
train/pd/ef3859417ed88ff1_w04.png,ef3859417ed88ff1,4,Lab,Void
train/pd/ef3859417ed88ff1_w09.png,ef3859417ed88ff1,9,Lab,Void
train/pd/ef3859417ed88ff1_w10.png,ef3859417ed88ff1,10,Lab,Void
train/pd/ef3859417ed88ff1_w14.png,ef3859417ed88ff1,14,Lab,Void
train/pd/ef3859417ed88ff1_w17.png,ef3859417ed88ff1,17,Lab,Void
train/pd/ef3859417ed88ff1_w18.png,ef3859417ed88ff1,18,Lab,Void
train/pd/ef3859417ed88ff1_w24.png,ef3859417ed88ff1,24,Lab,Void
train/pd/ef3e62c659264845_w02.png,ef3e62c659264845,2,Lab,Void
train/pd/ef3e62c659264845_w10.png,ef3e62c659264845,10,Lab,Void
train/pd/ef3e62c659264845_w15.png,ef3e62c659264845,15,Lab,Void
train/pd/ef3e62c659264845_w18.png,ef3e62c659264845,18,Lab,Void
train/pd/ef3e62c659264845_w20.png,ef3e62c659264845,20,Lab,Void
train/pd/ef3e62c659264845_w22.png,ef3e62c659264845,22,Lab,Void
train/pd/ef3e62c659264845_w26.png,ef3e62c659264845,26,Lab,Void
train/pd/ef3e62c659264845_w27.png,ef3e62c659264845,27,Lab,Void
train/pd/ef7fb97fb66055a7_w00.png,ef7fb97fb66055a7,0,Lab,Void
train/pd/ef7fb97fb66055a7_w05.png,ef7fb97fb66055a7,5,Lab,Void
train/pd/ef7fb97fb66055a7_w09.png,ef7fb97fb66055a7,9,Lab,Void
train/pd/ef7fb97fb66055a7_w12.png,ef7fb97fb66055a7,12,Lab,Void
train/pd/ef7fb97fb66055a7_w19.png,ef7fb97fb66055a7,19,Lab,Void
train/pd/ef7fb97fb66055a7_w20.png,ef7fb97fb66055a7,20,Lab,Void
train/pd/ef7fb97fb66055a7_w23.png,ef7fb97fb66055a7,23,Lab,Void
train/pd/ef7fb97fb66055a7_w27.png,ef7fb97fb66055a7,27,Lab,Void
train/pd/ef9acb8c1cc4127e_w01.png,ef9acb8c1cc4127e,1,Lab,Floating
train/pd/ef9acb8c1cc4127e_w02.png,ef9acb8c1cc4127e,2,Lab,Floating
train/pd/ef9acb8c1cc4127e_w06.png,ef9acb8c1cc4127e,6,Lab,Floating
train/pd/ef9acb8c1cc4127e_w09.png,ef9acb8c1cc4127e,9,Lab,Floating
train/pd/ef9acb8c1cc4127e_w10.png,ef9acb8c1cc4127e,10,Lab,Floating
train/pd/ef9acb8c1cc4127e_w20.png,ef9acb8c1cc4127e,20,Lab,Floating
train/pd/ef9acb8c1cc4127e_w25.png,ef9acb8c1cc4127e,25,Lab,Floating
train/pd/ef9acb8c1cc4127e_w26.png,ef9acb8c1cc4127e,26,Lab,Floating
train/pd/ef9fd82621306689_w01.png,ef9fd82621306689,1,Lab,Corona
train/pd/ef9fd82621306689_w02.png,ef9fd82621306689,2,Lab,Corona
train/pd/ef9fd82621306689_w05.png,ef9fd82621306689,5,Lab,Corona
train/pd/ef9fd82621306689_w08.png,ef9fd82621306689,8,Lab,Corona
train/pd/ef9fd82621306689_w09.png,ef9fd82621306689,9,Lab,Corona
train/pd/ef9fd82621306689_w14.png,ef9fd82621306689,14,Lab,Corona
train/pd/ef9fd82621306689_w17.png,ef9fd82621306689,17,Lab,Corona
train/pd/ef9fd82621306689_w20.png,ef9fd82621306689,20,Lab,Corona
train/pd/eff135365adb228f_w00.png,eff135365adb228f,0,Lab,Particle
train/pd/eff135365adb228f_w03.png,eff135365adb228f,3,Lab,Particle
train/pd/eff135365adb228f_w04.png,eff135365adb228f,4,Lab,Particle
train/pd/eff135365adb228f_w06.png,eff135365adb228f,6,Lab,Particle
train/pd/eff135365adb228f_w12.png,eff135365adb228f,12,Lab,Particle
train/pd/eff135365adb228f_w19.png,eff135365adb228f,19,Lab,Particle
train/pd/eff135365adb228f_w21.png,eff135365adb228f,21,Lab,Particle
train/pd/eff135365adb228f_w27.png,eff135365adb228f,27,Lab,Particle
train/pd/eff606a918007e97_w02.png,eff606a918007e97,2,Lab,Void
train/pd/eff606a918007e97_w05.png,eff606a918007e97,5,Lab,Void
train/pd/eff606a918007e97_w06.png,eff606a918007e97,6,Lab,Void
train/pd/eff606a918007e97_w10.png,eff606a918007e97,10,Lab,Void
train/pd/eff606a918007e97_w24.png,eff606a918007e97,24,Lab,Void
train/pd/eff606a918007e97_w25.png,eff606a918007e97,25,Lab,Void
train/pd/eff606a918007e97_w26.png,eff606a918007e97,26,Lab,Void
train/pd/eff606a918007e97_w27.png,eff606a918007e97,27,Lab,Void
train/pd/f00222462fb6443b_w00.png,f00222462fb6443b,0,Lab,Particle
train/pd/f00222462fb6443b_w01.png,f00222462fb6443b,1,Lab,Particle
train/pd/f00222462fb6443b_w03.png,f00222462fb6443b,3,Lab,Particle
train/pd/f00222462fb6443b_w11.png,f00222462fb6443b,11,Lab,Particle
train/pd/f00222462fb6443b_w17.png,f00222462fb6443b,17,Lab,Particle
train/pd/f00222462fb6443b_w18.png,f00222462fb6443b,18,Lab,Particle
train/pd/f00222462fb6443b_w20.png,f00222462fb6443b,20,Lab,Particle
train/pd/f00222462fb6443b_w25.png,f00222462fb6443b,25,Lab,Particle
train/pd/f009da89905bc781_w01.png,f009da89905bc781,1,Lab,Floating
train/pd/f009da89905bc781_w06.png,f009da89905bc781,6,Lab,Floating
train/pd/f009da89905bc781_w07.png,f009da89905bc781,7,Lab,Floating
train/pd/f009da89905bc781_w10.png,f009da89905bc781,10,Lab,Floating
train/pd/f009da89905bc781_w13.png,f009da89905bc781,13,Lab,Floating
train/pd/f009da89905bc781_w16.png,f009da89905bc781,16,Lab,Floating
train/pd/f009da89905bc781_w24.png,f009da89905bc781,24,Lab,Floating
train/pd/f009da89905bc781_w25.png,f009da89905bc781,25,Lab,Floating
train/pd/f03f804b8aa17d3a_w00.png,f03f804b8aa17d3a,0,Lab,Void
train/pd/f03f804b8aa17d3a_w02.png,f03f804b8aa17d3a,2,Lab,Void
train/pd/f03f804b8aa17d3a_w03.png,f03f804b8aa17d3a,3,Lab,Void
train/pd/f03f804b8aa17d3a_w07.png,f03f804b8aa17d3a,7,Lab,Void
train/pd/f03f804b8aa17d3a_w13.png,f03f804b8aa17d3a,13,Lab,Void
train/pd/f03f804b8aa17d3a_w15.png,f03f804b8aa17d3a,15,Lab,Void
train/pd/f03f804b8aa17d3a_w22.png,f03f804b8aa17d3a,22,Lab,Void
train/pd/f03f804b8aa17d3a_w26.png,f03f804b8aa17d3a,26,Lab,Void
train/pd/f060c705461fd302_w01.png,f060c705461fd302,1,Field,Void
train/pd/f060c705461fd302_w02.png,f060c705461fd302,2,Field,Void
train/pd/f060c705461fd302_w04.png,f060c705461fd302,4,Field,Void
train/pd/f060c705461fd302_w08.png,f060c705461fd302,8,Field,Void
train/pd/f060c705461fd302_w09.png,f060c705461fd302,9,Field,Void
train/pd/f060c705461fd302_w14.png,f060c705461fd302,14,Field,Void
train/pd/f060c705461fd302_w16.png,f060c705461fd302,16,Field,Void
train/pd/f060c705461fd302_w25.png,f060c705461fd302,25,Field,Void
train/pd/f082e615c50c1772_w01.png,f082e615c50c1772,1,Lab,Void
train/pd/f082e615c50c1772_w07.png,f082e615c50c1772,7,Lab,Void
train/pd/f082e615c50c1772_w09.png,f082e615c50c1772,9,Lab,Void
train/pd/f082e615c50c1772_w16.png,f082e615c50c1772,16,Lab,Void
train/pd/f082e615c50c1772_w18.png,f082e615c50c1772,18,Lab,Void
train/pd/f082e615c50c1772_w19.png,f082e615c50c1772,19,Lab,Void
train/pd/f082e615c50c1772_w21.png,f082e615c50c1772,21,Lab,Void
train/pd/f082e615c50c1772_w25.png,f082e615c50c1772,25,Lab,Void
train/pd/f0869fef87844aa9_w01.png,f0869fef87844aa9,1,Lab,Corona
train/pd/f0869fef87844aa9_w03.png,f0869fef87844aa9,3,Lab,Corona
train/pd/f0869fef87844aa9_w05.png,f0869fef87844aa9,5,Lab,Corona
train/pd/f0869fef87844aa9_w08.png,f0869fef87844aa9,8,Lab,Corona
train/pd/f0869fef87844aa9_w13.png,f0869fef87844aa9,13,Lab,Corona
train/pd/f0869fef87844aa9_w15.png,f0869fef87844aa9,15,Lab,Corona
train/pd/f0869fef87844aa9_w21.png,f0869fef87844aa9,21,Lab,Corona
train/pd/f0869fef87844aa9_w23.png,f0869fef87844aa9,23,Lab,Corona
train/pd/f0bfc7dcefdfd602_w00.png,f0bfc7dcefdfd602,0,Field,Floating
train/pd/f0bfc7dcefdfd602_w02.png,f0bfc7dcefdfd602,2,Field,Floating
train/pd/f0bfc7dcefdfd602_w06.png,f0bfc7dcefdfd602,6,Field,Floating
train/pd/f0bfc7dcefdfd602_w14.png,f0bfc7dcefdfd602,14,Field,Floating
train/pd/f0bfc7dcefdfd602_w16.png,f0bfc7dcefdfd602,16,Field,Floating
train/pd/f0bfc7dcefdfd602_w21.png,f0bfc7dcefdfd602,21,Field,Floating
train/pd/f0bfc7dcefdfd602_w23.png,f0bfc7dcefdfd602,23,Field,Floating
train/pd/f0bfc7dcefdfd602_w25.png,f0bfc7dcefdfd602,25,Field,Floating
train/pd/f1110870d76c975b_w01.png,f1110870d76c975b,1,Lab,Corona
train/pd/f1110870d76c975b_w04.png,f1110870d76c975b,4,Lab,Corona
train/pd/f1110870d76c975b_w06.png,f1110870d76c975b,6,Lab,Corona
train/pd/f1110870d76c975b_w07.png,f1110870d76c975b,7,Lab,Corona
train/pd/f1110870d76c975b_w11.png,f1110870d76c975b,11,Lab,Corona
train/pd/f1110870d76c975b_w20.png,f1110870d76c975b,20,Lab,Corona
train/pd/f1110870d76c975b_w25.png,f1110870d76c975b,25,Lab,Corona
train/pd/f1110870d76c975b_w27.png,f1110870d76c975b,27,Lab,Corona
train/pd/f121d4519e355ec7_w01.png,f121d4519e355ec7,1,Lab,Corona
train/pd/f121d4519e355ec7_w07.png,f121d4519e355ec7,7,Lab,Corona
train/pd/f121d4519e355ec7_w09.png,f121d4519e355ec7,9,Lab,Corona
train/pd/f121d4519e355ec7_w10.png,f121d4519e355ec7,10,Lab,Corona
train/pd/f121d4519e355ec7_w12.png,f121d4519e355ec7,12,Lab,Corona
train/pd/f121d4519e355ec7_w14.png,f121d4519e355ec7,14,Lab,Corona
train/pd/f121d4519e355ec7_w23.png,f121d4519e355ec7,23,Lab,Corona
train/pd/f121d4519e355ec7_w26.png,f121d4519e355ec7,26,Lab,Corona
train/pd/f177b8ba659011f2_w08.png,f177b8ba659011f2,8,Lab,Floating
train/pd/f177b8ba659011f2_w15.png,f177b8ba659011f2,15,Lab,Floating
train/pd/f177b8ba659011f2_w16.png,f177b8ba659011f2,16,Lab,Floating
train/pd/f177b8ba659011f2_w17.png,f177b8ba659011f2,17,Lab,Floating
train/pd/f177b8ba659011f2_w19.png,f177b8ba659011f2,19,Lab,Floating
train/pd/f177b8ba659011f2_w20.png,f177b8ba659011f2,20,Lab,Floating
train/pd/f177b8ba659011f2_w21.png,f177b8ba659011f2,21,Lab,Floating
train/pd/f177b8ba659011f2_w26.png,f177b8ba659011f2,26,Lab,Floating
train/pd/f1825c905f4b4d20_w03.png,f1825c905f4b4d20,3,Lab,Corona
train/pd/f1825c905f4b4d20_w04.png,f1825c905f4b4d20,4,Lab,Corona
train/pd/f1825c905f4b4d20_w06.png,f1825c905f4b4d20,6,Lab,Corona
train/pd/f1825c905f4b4d20_w16.png,f1825c905f4b4d20,16,Lab,Corona
train/pd/f1825c905f4b4d20_w21.png,f1825c905f4b4d20,21,Lab,Corona
train/pd/f1825c905f4b4d20_w23.png,f1825c905f4b4d20,23,Lab,Corona
train/pd/f1825c905f4b4d20_w25.png,f1825c905f4b4d20,25,Lab,Corona
train/pd/f1825c905f4b4d20_w26.png,f1825c905f4b4d20,26,Lab,Corona
train/pd/f1843865b89881fc_w03.png,f1843865b89881fc,3,Lab,Floating
train/pd/f1843865b89881fc_w04.png,f1843865b89881fc,4,Lab,Floating
train/pd/f1843865b89881fc_w07.png,f1843865b89881fc,7,Lab,Floating
train/pd/f1843865b89881fc_w14.png,f1843865b89881fc,14,Lab,Floating
train/pd/f1843865b89881fc_w18.png,f1843865b89881fc,18,Lab,Floating
train/pd/f1843865b89881fc_w19.png,f1843865b89881fc,19,Lab,Floating
train/pd/f1843865b89881fc_w21.png,f1843865b89881fc,21,Lab,Floating
train/pd/f1843865b89881fc_w25.png,f1843865b89881fc,25,Lab,Floating
train/pd/f193f36750e00bee_w02.png,f193f36750e00bee,2,Lab,Floating
train/pd/f193f36750e00bee_w07.png,f193f36750e00bee,7,Lab,Floating
train/pd/f193f36750e00bee_w10.png,f193f36750e00bee,10,Lab,Floating
train/pd/f193f36750e00bee_w12.png,f193f36750e00bee,12,Lab,Floating
train/pd/f193f36750e00bee_w13.png,f193f36750e00bee,13,Lab,Floating
train/pd/f193f36750e00bee_w17.png,f193f36750e00bee,17,Lab,Floating
train/pd/f193f36750e00bee_w20.png,f193f36750e00bee,20,Lab,Floating
train/pd/f193f36750e00bee_w24.png,f193f36750e00bee,24,Lab,Floating
train/pd/f1dd8237ace0fa0b_w07.png,f1dd8237ace0fa0b,7,Lab,Void
train/pd/f1dd8237ace0fa0b_w12.png,f1dd8237ace0fa0b,12,Lab,Void
train/pd/f1dd8237ace0fa0b_w13.png,f1dd8237ace0fa0b,13,Lab,Void
train/pd/f1dd8237ace0fa0b_w15.png,f1dd8237ace0fa0b,15,Lab,Void
train/pd/f1dd8237ace0fa0b_w16.png,f1dd8237ace0fa0b,16,Lab,Void
train/pd/f1dd8237ace0fa0b_w18.png,f1dd8237ace0fa0b,18,Lab,Void
train/pd/f1dd8237ace0fa0b_w23.png,f1dd8237ace0fa0b,23,Lab,Void
train/pd/f1dd8237ace0fa0b_w24.png,f1dd8237ace0fa0b,24,Lab,Void
train/pd/f1e83b169cf32e85_w07.png,f1e83b169cf32e85,7,Lab,Void
train/pd/f1e83b169cf32e85_w12.png,f1e83b169cf32e85,12,Lab,Void
train/pd/f1e83b169cf32e85_w14.png,f1e83b169cf32e85,14,Lab,Void
train/pd/f1e83b169cf32e85_w17.png,f1e83b169cf32e85,17,Lab,Void
train/pd/f1e83b169cf32e85_w19.png,f1e83b169cf32e85,19,Lab,Void
train/pd/f1e83b169cf32e85_w22.png,f1e83b169cf32e85,22,Lab,Void
train/pd/f1e83b169cf32e85_w23.png,f1e83b169cf32e85,23,Lab,Void
train/pd/f1e83b169cf32e85_w24.png,f1e83b169cf32e85,24,Lab,Void
train/pd/f2021947c2d93831_w00.png,f2021947c2d93831,0,Field,Particle
train/pd/f2021947c2d93831_w12.png,f2021947c2d93831,12,Field,Particle
train/pd/f2021947c2d93831_w15.png,f2021947c2d93831,15,Field,Particle
train/pd/f2021947c2d93831_w16.png,f2021947c2d93831,16,Field,Particle
train/pd/f2021947c2d93831_w24.png,f2021947c2d93831,24,Field,Particle
train/pd/f2021947c2d93831_w25.png,f2021947c2d93831,25,Field,Particle
train/pd/f2021947c2d93831_w26.png,f2021947c2d93831,26,Field,Particle
train/pd/f2021947c2d93831_w27.png,f2021947c2d93831,27,Field,Particle
train/pd/f215f33cb92f43b7_w01.png,f215f33cb92f43b7,1,Lab,Void
train/pd/f215f33cb92f43b7_w03.png,f215f33cb92f43b7,3,Lab,Void
train/pd/f215f33cb92f43b7_w05.png,f215f33cb92f43b7,5,Lab,Void
train/pd/f215f33cb92f43b7_w08.png,f215f33cb92f43b7,8,Lab,Void
train/pd/f215f33cb92f43b7_w14.png,f215f33cb92f43b7,14,Lab,Void
train/pd/f215f33cb92f43b7_w16.png,f215f33cb92f43b7,16,Lab,Void
train/pd/f215f33cb92f43b7_w19.png,f215f33cb92f43b7,19,Lab,Void
train/pd/f215f33cb92f43b7_w22.png,f215f33cb92f43b7,22,Lab,Void
train/pd/f276e995ecc3237b_w00.png,f276e995ecc3237b,0,Field,Floating
train/pd/f276e995ecc3237b_w02.png,f276e995ecc3237b,2,Field,Floating
train/pd/f276e995ecc3237b_w04.png,f276e995ecc3237b,4,Field,Floating
train/pd/f276e995ecc3237b_w06.png,f276e995ecc3237b,6,Field,Floating
train/pd/f276e995ecc3237b_w07.png,f276e995ecc3237b,7,Field,Floating
train/pd/f276e995ecc3237b_w12.png,f276e995ecc3237b,12,Field,Floating
train/pd/f276e995ecc3237b_w15.png,f276e995ecc3237b,15,Field,Floating
train/pd/f276e995ecc3237b_w23.png,f276e995ecc3237b,23,Field,Floating
train/pd/f2ae59924dcdad16_w03.png,f2ae59924dcdad16,3,Lab,Void
train/pd/f2ae59924dcdad16_w04.png,f2ae59924dcdad16,4,Lab,Void
train/pd/f2ae59924dcdad16_w07.png,f2ae59924dcdad16,7,Lab,Void
train/pd/f2ae59924dcdad16_w13.png,f2ae59924dcdad16,13,Lab,Void
train/pd/f2ae59924dcdad16_w14.png,f2ae59924dcdad16,14,Lab,Void
train/pd/f2ae59924dcdad16_w16.png,f2ae59924dcdad16,16,Lab,Void
train/pd/f2ae59924dcdad16_w19.png,f2ae59924dcdad16,19,Lab,Void
train/pd/f2ae59924dcdad16_w20.png,f2ae59924dcdad16,20,Lab,Void
train/pd/f2b0d5b091713f59_w04.png,f2b0d5b091713f59,4,Lab,Corona
train/pd/f2b0d5b091713f59_w07.png,f2b0d5b091713f59,7,Lab,Corona
train/pd/f2b0d5b091713f59_w08.png,f2b0d5b091713f59,8,Lab,Corona
train/pd/f2b0d5b091713f59_w09.png,f2b0d5b091713f59,9,Lab,Corona
train/pd/f2b0d5b091713f59_w14.png,f2b0d5b091713f59,14,Lab,Corona
train/pd/f2b0d5b091713f59_w20.png,f2b0d5b091713f59,20,Lab,Corona
train/pd/f2b0d5b091713f59_w22.png,f2b0d5b091713f59,22,Lab,Corona
train/pd/f2b0d5b091713f59_w27.png,f2b0d5b091713f59,27,Lab,Corona
train/pd/f2d948bb20de9985_w00.png,f2d948bb20de9985,0,Field,Floating
train/pd/f2d948bb20de9985_w01.png,f2d948bb20de9985,1,Field,Floating
train/pd/f2d948bb20de9985_w02.png,f2d948bb20de9985,2,Field,Floating
train/pd/f2d948bb20de9985_w03.png,f2d948bb20de9985,3,Field,Floating
train/pd/f2d948bb20de9985_w06.png,f2d948bb20de9985,6,Field,Floating
train/pd/f2d948bb20de9985_w09.png,f2d948bb20de9985,9,Field,Floating
train/pd/f2d948bb20de9985_w17.png,f2d948bb20de9985,17,Field,Floating
train/pd/f2d948bb20de9985_w22.png,f2d948bb20de9985,22,Field,Floating
train/pd/f2de7f547cd01a24_w00.png,f2de7f547cd01a24,0,Lab,Corona
train/pd/f2de7f547cd01a24_w02.png,f2de7f547cd01a24,2,Lab,Corona
train/pd/f2de7f547cd01a24_w03.png,f2de7f547cd01a24,3,Lab,Corona
train/pd/f2de7f547cd01a24_w12.png,f2de7f547cd01a24,12,Lab,Corona
train/pd/f2de7f547cd01a24_w17.png,f2de7f547cd01a24,17,Lab,Corona
train/pd/f2de7f547cd01a24_w21.png,f2de7f547cd01a24,21,Lab,Corona
train/pd/f2de7f547cd01a24_w24.png,f2de7f547cd01a24,24,Lab,Corona
train/pd/f2de7f547cd01a24_w25.png,f2de7f547cd01a24,25,Lab,Corona
train/pd/f30dde8fc077b441_w04.png,f30dde8fc077b441,4,Lab,Particle
train/pd/f30dde8fc077b441_w05.png,f30dde8fc077b441,5,Lab,Particle
train/pd/f30dde8fc077b441_w06.png,f30dde8fc077b441,6,Lab,Particle
train/pd/f30dde8fc077b441_w08.png,f30dde8fc077b441,8,Lab,Particle
train/pd/f30dde8fc077b441_w13.png,f30dde8fc077b441,13,Lab,Particle
train/pd/f30dde8fc077b441_w21.png,f30dde8fc077b441,21,Lab,Particle
train/pd/f30dde8fc077b441_w24.png,f30dde8fc077b441,24,Lab,Particle
train/pd/f30dde8fc077b441_w26.png,f30dde8fc077b441,26,Lab,Particle
train/pd/f32bba06979e92e0_w01.png,f32bba06979e92e0,1,Lab,Corona
train/pd/f32bba06979e92e0_w12.png,f32bba06979e92e0,12,Lab,Corona
train/pd/f32bba06979e92e0_w13.png,f32bba06979e92e0,13,Lab,Corona
train/pd/f32bba06979e92e0_w14.png,f32bba06979e92e0,14,Lab,Corona
train/pd/f32bba06979e92e0_w15.png,f32bba06979e92e0,15,Lab,Corona
train/pd/f32bba06979e92e0_w17.png,f32bba06979e92e0,17,Lab,Corona
train/pd/f32bba06979e92e0_w19.png,f32bba06979e92e0,19,Lab,Corona
train/pd/f32bba06979e92e0_w22.png,f32bba06979e92e0,22,Lab,Corona
train/pd/f3f255fab8e0ffe5_w01.png,f3f255fab8e0ffe5,1,Lab,Corona
train/pd/f3f255fab8e0ffe5_w04.png,f3f255fab8e0ffe5,4,Lab,Corona
train/pd/f3f255fab8e0ffe5_w05.png,f3f255fab8e0ffe5,5,Lab,Corona
train/pd/f3f255fab8e0ffe5_w09.png,f3f255fab8e0ffe5,9,Lab,Corona
train/pd/f3f255fab8e0ffe5_w10.png,f3f255fab8e0ffe5,10,Lab,Corona
train/pd/f3f255fab8e0ffe5_w18.png,f3f255fab8e0ffe5,18,Lab,Corona
train/pd/f3f255fab8e0ffe5_w24.png,f3f255fab8e0ffe5,24,Lab,Corona
train/pd/f3f255fab8e0ffe5_w25.png,f3f255fab8e0ffe5,25,Lab,Corona
train/pd/f3fe42d986d86dd5_w00.png,f3fe42d986d86dd5,0,Lab,Floating
train/pd/f3fe42d986d86dd5_w03.png,f3fe42d986d86dd5,3,Lab,Floating
train/pd/f3fe42d986d86dd5_w06.png,f3fe42d986d86dd5,6,Lab,Floating
train/pd/f3fe42d986d86dd5_w08.png,f3fe42d986d86dd5,8,Lab,Floating
train/pd/f3fe42d986d86dd5_w11.png,f3fe42d986d86dd5,11,Lab,Floating
train/pd/f3fe42d986d86dd5_w13.png,f3fe42d986d86dd5,13,Lab,Floating
train/pd/f3fe42d986d86dd5_w15.png,f3fe42d986d86dd5,15,Lab,Floating
train/pd/f3fe42d986d86dd5_w21.png,f3fe42d986d86dd5,21,Lab,Floating
train/pd/f3ff9a339b088c99_w00.png,f3ff9a339b088c99,0,Field,Void
train/pd/f3ff9a339b088c99_w02.png,f3ff9a339b088c99,2,Field,Void
train/pd/f3ff9a339b088c99_w04.png,f3ff9a339b088c99,4,Field,Void
train/pd/f3ff9a339b088c99_w06.png,f3ff9a339b088c99,6,Field,Void
train/pd/f3ff9a339b088c99_w17.png,f3ff9a339b088c99,17,Field,Void
train/pd/f3ff9a339b088c99_w21.png,f3ff9a339b088c99,21,Field,Void
train/pd/f3ff9a339b088c99_w24.png,f3ff9a339b088c99,24,Field,Void
train/pd/f3ff9a339b088c99_w27.png,f3ff9a339b088c99,27,Field,Void
train/pd/f40f0cb3cd9f344b_w08.png,f40f0cb3cd9f344b,8,Lab,Void
train/pd/f40f0cb3cd9f344b_w10.png,f40f0cb3cd9f344b,10,Lab,Void
train/pd/f40f0cb3cd9f344b_w13.png,f40f0cb3cd9f344b,13,Lab,Void
train/pd/f40f0cb3cd9f344b_w16.png,f40f0cb3cd9f344b,16,Lab,Void
train/pd/f40f0cb3cd9f344b_w22.png,f40f0cb3cd9f344b,22,Lab,Void
train/pd/f40f0cb3cd9f344b_w25.png,f40f0cb3cd9f344b,25,Lab,Void
train/pd/f40f0cb3cd9f344b_w26.png,f40f0cb3cd9f344b,26,Lab,Void
train/pd/f40f0cb3cd9f344b_w27.png,f40f0cb3cd9f344b,27,Lab,Void
train/pd/f410a9dbdb2ebd6c_w03.png,f410a9dbdb2ebd6c,3,Lab,Void
train/pd/f410a9dbdb2ebd6c_w07.png,f410a9dbdb2ebd6c,7,Lab,Void
train/pd/f410a9dbdb2ebd6c_w09.png,f410a9dbdb2ebd6c,9,Lab,Void
train/pd/f410a9dbdb2ebd6c_w11.png,f410a9dbdb2ebd6c,11,Lab,Void
train/pd/f410a9dbdb2ebd6c_w15.png,f410a9dbdb2ebd6c,15,Lab,Void
train/pd/f410a9dbdb2ebd6c_w19.png,f410a9dbdb2ebd6c,19,Lab,Void
train/pd/f410a9dbdb2ebd6c_w21.png,f410a9dbdb2ebd6c,21,Lab,Void
train/pd/f410a9dbdb2ebd6c_w24.png,f410a9dbdb2ebd6c,24,Lab,Void
train/pd/f42f7738a62b9aa7_w02.png,f42f7738a62b9aa7,2,Lab,Particle
train/pd/f42f7738a62b9aa7_w04.png,f42f7738a62b9aa7,4,Lab,Particle
train/pd/f42f7738a62b9aa7_w13.png,f42f7738a62b9aa7,13,Lab,Particle
train/pd/f42f7738a62b9aa7_w19.png,f42f7738a62b9aa7,19,Lab,Particle
train/pd/f42f7738a62b9aa7_w20.png,f42f7738a62b9aa7,20,Lab,Particle
train/pd/f42f7738a62b9aa7_w21.png,f42f7738a62b9aa7,21,Lab,Particle
train/pd/f42f7738a62b9aa7_w22.png,f42f7738a62b9aa7,22,Lab,Particle
train/pd/f42f7738a62b9aa7_w25.png,f42f7738a62b9aa7,25,Lab,Particle
train/pd/f443c9f9ec1aea91_w03.png,f443c9f9ec1aea91,3,Lab,Corona
train/pd/f443c9f9ec1aea91_w04.png,f443c9f9ec1aea91,4,Lab,Corona
train/pd/f443c9f9ec1aea91_w05.png,f443c9f9ec1aea91,5,Lab,Corona
train/pd/f443c9f9ec1aea91_w14.png,f443c9f9ec1aea91,14,Lab,Corona
train/pd/f443c9f9ec1aea91_w15.png,f443c9f9ec1aea91,15,Lab,Corona
train/pd/f443c9f9ec1aea91_w20.png,f443c9f9ec1aea91,20,Lab,Corona
train/pd/f443c9f9ec1aea91_w25.png,f443c9f9ec1aea91,25,Lab,Corona
train/pd/f443c9f9ec1aea91_w27.png,f443c9f9ec1aea91,27,Lab,Corona
train/pd/f47993c330986c27_w06.png,f47993c330986c27,6,Lab,Void
train/pd/f47993c330986c27_w08.png,f47993c330986c27,8,Lab,Void
train/pd/f47993c330986c27_w10.png,f47993c330986c27,10,Lab,Void
train/pd/f47993c330986c27_w11.png,f47993c330986c27,11,Lab,Void
train/pd/f47993c330986c27_w14.png,f47993c330986c27,14,Lab,Void
train/pd/f47993c330986c27_w15.png,f47993c330986c27,15,Lab,Void
train/pd/f47993c330986c27_w22.png,f47993c330986c27,22,Lab,Void
train/pd/f47993c330986c27_w25.png,f47993c330986c27,25,Lab,Void
train/pd/f480f3f5bb808f66_w02.png,f480f3f5bb808f66,2,Field,Void
train/pd/f480f3f5bb808f66_w07.png,f480f3f5bb808f66,7,Field,Void
train/pd/f480f3f5bb808f66_w08.png,f480f3f5bb808f66,8,Field,Void
train/pd/f480f3f5bb808f66_w11.png,f480f3f5bb808f66,11,Field,Void
train/pd/f480f3f5bb808f66_w15.png,f480f3f5bb808f66,15,Field,Void
train/pd/f480f3f5bb808f66_w16.png,f480f3f5bb808f66,16,Field,Void
train/pd/f480f3f5bb808f66_w22.png,f480f3f5bb808f66,22,Field,Void
train/pd/f480f3f5bb808f66_w23.png,f480f3f5bb808f66,23,Field,Void
train/pd/f4b6c3596146c635_w00.png,f4b6c3596146c635,0,Lab,Void
train/pd/f4b6c3596146c635_w01.png,f4b6c3596146c635,1,Lab,Void
train/pd/f4b6c3596146c635_w05.png,f4b6c3596146c635,5,Lab,Void
train/pd/f4b6c3596146c635_w06.png,f4b6c3596146c635,6,Lab,Void
train/pd/f4b6c3596146c635_w11.png,f4b6c3596146c635,11,Lab,Void
train/pd/f4b6c3596146c635_w14.png,f4b6c3596146c635,14,Lab,Void
train/pd/f4b6c3596146c635_w20.png,f4b6c3596146c635,20,Lab,Void
train/pd/f4b6c3596146c635_w24.png,f4b6c3596146c635,24,Lab,Void
train/pd/f4bcb71981743f5f_w02.png,f4bcb71981743f5f,2,Lab,Void
train/pd/f4bcb71981743f5f_w09.png,f4bcb71981743f5f,9,Lab,Void
train/pd/f4bcb71981743f5f_w10.png,f4bcb71981743f5f,10,Lab,Void
train/pd/f4bcb71981743f5f_w13.png,f4bcb71981743f5f,13,Lab,Void
train/pd/f4bcb71981743f5f_w14.png,f4bcb71981743f5f,14,Lab,Void
train/pd/f4bcb71981743f5f_w15.png,f4bcb71981743f5f,15,Lab,Void
train/pd/f4bcb71981743f5f_w17.png,f4bcb71981743f5f,17,Lab,Void
train/pd/f4bcb71981743f5f_w25.png,f4bcb71981743f5f,25,Lab,Void
train/pd/f4e73fdf49f31454_w00.png,f4e73fdf49f31454,0,Lab,Particle
train/pd/f4e73fdf49f31454_w06.png,f4e73fdf49f31454,6,Lab,Particle
train/pd/f4e73fdf49f31454_w14.png,f4e73fdf49f31454,14,Lab,Particle
train/pd/f4e73fdf49f31454_w16.png,f4e73fdf49f31454,16,Lab,Particle
train/pd/f4e73fdf49f31454_w17.png,f4e73fdf49f31454,17,Lab,Particle
train/pd/f4e73fdf49f31454_w21.png,f4e73fdf49f31454,21,Lab,Particle
train/pd/f4e73fdf49f31454_w25.png,f4e73fdf49f31454,25,Lab,Particle
train/pd/f4e73fdf49f31454_w26.png,f4e73fdf49f31454,26,Lab,Particle
train/pd/f500397323683b44_w00.png,f500397323683b44,0,Lab,Void
train/pd/f500397323683b44_w01.png,f500397323683b44,1,Lab,Void
train/pd/f500397323683b44_w05.png,f500397323683b44,5,Lab,Void
train/pd/f500397323683b44_w12.png,f500397323683b44,12,Lab,Void
train/pd/f500397323683b44_w13.png,f500397323683b44,13,Lab,Void
train/pd/f500397323683b44_w15.png,f500397323683b44,15,Lab,Void
train/pd/f500397323683b44_w16.png,f500397323683b44,16,Lab,Void
train/pd/f500397323683b44_w20.png,f500397323683b44,20,Lab,Void
train/pd/f5063a3f07539f72_w01.png,f5063a3f07539f72,1,Lab,Floating
train/pd/f5063a3f07539f72_w02.png,f5063a3f07539f72,2,Lab,Floating
train/pd/f5063a3f07539f72_w03.png,f5063a3f07539f72,3,Lab,Floating
train/pd/f5063a3f07539f72_w05.png,f5063a3f07539f72,5,Lab,Floating
train/pd/f5063a3f07539f72_w08.png,f5063a3f07539f72,8,Lab,Floating
train/pd/f5063a3f07539f72_w12.png,f5063a3f07539f72,12,Lab,Floating
train/pd/f5063a3f07539f72_w13.png,f5063a3f07539f72,13,Lab,Floating
train/pd/f5063a3f07539f72_w15.png,f5063a3f07539f72,15,Lab,Floating
train/pd/f51b7ed4059e5d04_w00.png,f51b7ed4059e5d04,0,Lab,Void
train/pd/f51b7ed4059e5d04_w01.png,f51b7ed4059e5d04,1,Lab,Void
train/pd/f51b7ed4059e5d04_w07.png,f51b7ed4059e5d04,7,Lab,Void
train/pd/f51b7ed4059e5d04_w11.png,f51b7ed4059e5d04,11,Lab,Void
train/pd/f51b7ed4059e5d04_w15.png,f51b7ed4059e5d04,15,Lab,Void
train/pd/f51b7ed4059e5d04_w23.png,f51b7ed4059e5d04,23,Lab,Void
train/pd/f51b7ed4059e5d04_w24.png,f51b7ed4059e5d04,24,Lab,Void
train/pd/f51b7ed4059e5d04_w26.png,f51b7ed4059e5d04,26,Lab,Void
train/pd/f541270001b87173_w05.png,f541270001b87173,5,Lab,Void
train/pd/f541270001b87173_w06.png,f541270001b87173,6,Lab,Void
train/pd/f541270001b87173_w08.png,f541270001b87173,8,Lab,Void
train/pd/f541270001b87173_w13.png,f541270001b87173,13,Lab,Void
train/pd/f541270001b87173_w16.png,f541270001b87173,16,Lab,Void
train/pd/f541270001b87173_w17.png,f541270001b87173,17,Lab,Void
train/pd/f541270001b87173_w19.png,f541270001b87173,19,Lab,Void
train/pd/f541270001b87173_w22.png,f541270001b87173,22,Lab,Void
train/pd/f5522de63af99e07_w04.png,f5522de63af99e07,4,Lab,Floating
train/pd/f5522de63af99e07_w09.png,f5522de63af99e07,9,Lab,Floating
train/pd/f5522de63af99e07_w10.png,f5522de63af99e07,10,Lab,Floating
train/pd/f5522de63af99e07_w18.png,f5522de63af99e07,18,Lab,Floating
train/pd/f5522de63af99e07_w20.png,f5522de63af99e07,20,Lab,Floating
train/pd/f5522de63af99e07_w23.png,f5522de63af99e07,23,Lab,Floating
train/pd/f5522de63af99e07_w24.png,f5522de63af99e07,24,Lab,Floating
train/pd/f5522de63af99e07_w27.png,f5522de63af99e07,27,Lab,Floating
train/pd/f554110171e91f67_w01.png,f554110171e91f67,1,Lab,Floating
train/pd/f554110171e91f67_w03.png,f554110171e91f67,3,Lab,Floating
train/pd/f554110171e91f67_w06.png,f554110171e91f67,6,Lab,Floating
train/pd/f554110171e91f67_w12.png,f554110171e91f67,12,Lab,Floating
train/pd/f554110171e91f67_w16.png,f554110171e91f67,16,Lab,Floating
train/pd/f554110171e91f67_w21.png,f554110171e91f67,21,Lab,Floating
train/pd/f554110171e91f67_w24.png,f554110171e91f67,24,Lab,Floating
train/pd/f554110171e91f67_w26.png,f554110171e91f67,26,Lab,Floating
train/pd/f57312d85df7df34_w00.png,f57312d85df7df34,0,Field,Floating
train/pd/f57312d85df7df34_w06.png,f57312d85df7df34,6,Field,Floating
train/pd/f57312d85df7df34_w09.png,f57312d85df7df34,9,Field,Floating
train/pd/f57312d85df7df34_w12.png,f57312d85df7df34,12,Field,Floating
train/pd/f57312d85df7df34_w19.png,f57312d85df7df34,19,Field,Floating
train/pd/f57312d85df7df34_w24.png,f57312d85df7df34,24,Field,Floating
train/pd/f57312d85df7df34_w25.png,f57312d85df7df34,25,Field,Floating
train/pd/f57312d85df7df34_w26.png,f57312d85df7df34,26,Field,Floating
train/pd/f58650a67efbef36_w00.png,f58650a67efbef36,0,Lab,Particle
train/pd/f58650a67efbef36_w04.png,f58650a67efbef36,4,Lab,Particle
train/pd/f58650a67efbef36_w11.png,f58650a67efbef36,11,Lab,Particle
train/pd/f58650a67efbef36_w15.png,f58650a67efbef36,15,Lab,Particle
train/pd/f58650a67efbef36_w16.png,f58650a67efbef36,16,Lab,Particle
train/pd/f58650a67efbef36_w17.png,f58650a67efbef36,17,Lab,Particle
train/pd/f58650a67efbef36_w18.png,f58650a67efbef36,18,Lab,Particle
train/pd/f58650a67efbef36_w19.png,f58650a67efbef36,19,Lab,Particle
train/pd/f58cbdba069e1414_w00.png,f58cbdba069e1414,0,Lab,Void
train/pd/f58cbdba069e1414_w02.png,f58cbdba069e1414,2,Lab,Void
train/pd/f58cbdba069e1414_w05.png,f58cbdba069e1414,5,Lab,Void
train/pd/f58cbdba069e1414_w13.png,f58cbdba069e1414,13,Lab,Void
train/pd/f58cbdba069e1414_w21.png,f58cbdba069e1414,21,Lab,Void
train/pd/f58cbdba069e1414_w22.png,f58cbdba069e1414,22,Lab,Void
train/pd/f58cbdba069e1414_w24.png,f58cbdba069e1414,24,Lab,Void
train/pd/f58cbdba069e1414_w26.png,f58cbdba069e1414,26,Lab,Void
train/pd/f5a376394ea47801_w02.png,f5a376394ea47801,2,Field,Void
train/pd/f5a376394ea47801_w03.png,f5a376394ea47801,3,Field,Void
train/pd/f5a376394ea47801_w04.png,f5a376394ea47801,4,Field,Void
train/pd/f5a376394ea47801_w05.png,f5a376394ea47801,5,Field,Void
train/pd/f5a376394ea47801_w15.png,f5a376394ea47801,15,Field,Void
train/pd/f5a376394ea47801_w17.png,f5a376394ea47801,17,Field,Void
train/pd/f5a376394ea47801_w23.png,f5a376394ea47801,23,Field,Void
train/pd/f5a376394ea47801_w26.png,f5a376394ea47801,26,Field,Void
train/pd/f5f56b85723c2d3b_w00.png,f5f56b85723c2d3b,0,Lab,Corona
train/pd/f5f56b85723c2d3b_w02.png,f5f56b85723c2d3b,2,Lab,Corona
train/pd/f5f56b85723c2d3b_w04.png,f5f56b85723c2d3b,4,Lab,Corona
train/pd/f5f56b85723c2d3b_w11.png,f5f56b85723c2d3b,11,Lab,Corona
train/pd/f5f56b85723c2d3b_w18.png,f5f56b85723c2d3b,18,Lab,Corona
train/pd/f5f56b85723c2d3b_w19.png,f5f56b85723c2d3b,19,Lab,Corona
train/pd/f5f56b85723c2d3b_w21.png,f5f56b85723c2d3b,21,Lab,Corona
train/pd/f5f56b85723c2d3b_w26.png,f5f56b85723c2d3b,26,Lab,Corona
train/pd/f60435a082303cf8_w02.png,f60435a082303cf8,2,Lab,Void
train/pd/f60435a082303cf8_w03.png,f60435a082303cf8,3,Lab,Void
train/pd/f60435a082303cf8_w07.png,f60435a082303cf8,7,Lab,Void
train/pd/f60435a082303cf8_w11.png,f60435a082303cf8,11,Lab,Void
train/pd/f60435a082303cf8_w12.png,f60435a082303cf8,12,Lab,Void
train/pd/f60435a082303cf8_w14.png,f60435a082303cf8,14,Lab,Void
train/pd/f60435a082303cf8_w17.png,f60435a082303cf8,17,Lab,Void
train/pd/f60435a082303cf8_w27.png,f60435a082303cf8,27,Lab,Void
train/pd/f66ffc03158596c5_w01.png,f66ffc03158596c5,1,Lab,Particle
train/pd/f66ffc03158596c5_w06.png,f66ffc03158596c5,6,Lab,Particle
train/pd/f66ffc03158596c5_w07.png,f66ffc03158596c5,7,Lab,Particle
train/pd/f66ffc03158596c5_w10.png,f66ffc03158596c5,10,Lab,Particle
train/pd/f66ffc03158596c5_w18.png,f66ffc03158596c5,18,Lab,Particle
train/pd/f66ffc03158596c5_w22.png,f66ffc03158596c5,22,Lab,Particle
train/pd/f66ffc03158596c5_w24.png,f66ffc03158596c5,24,Lab,Particle
train/pd/f66ffc03158596c5_w26.png,f66ffc03158596c5,26,Lab,Particle
train/pd/f6b1873b5ac3071c_w00.png,f6b1873b5ac3071c,0,Lab,Floating
train/pd/f6b1873b5ac3071c_w02.png,f6b1873b5ac3071c,2,Lab,Floating
train/pd/f6b1873b5ac3071c_w04.png,f6b1873b5ac3071c,4,Lab,Floating
train/pd/f6b1873b5ac3071c_w05.png,f6b1873b5ac3071c,5,Lab,Floating
train/pd/f6b1873b5ac3071c_w12.png,f6b1873b5ac3071c,12,Lab,Floating
train/pd/f6b1873b5ac3071c_w15.png,f6b1873b5ac3071c,15,Lab,Floating
train/pd/f6b1873b5ac3071c_w22.png,f6b1873b5ac3071c,22,Lab,Floating
train/pd/f6b1873b5ac3071c_w26.png,f6b1873b5ac3071c,26,Lab,Floating
train/pd/f6ef600eeb1d1f55_w00.png,f6ef600eeb1d1f55,0,Lab,Void
train/pd/f6ef600eeb1d1f55_w05.png,f6ef600eeb1d1f55,5,Lab,Void
train/pd/f6ef600eeb1d1f55_w12.png,f6ef600eeb1d1f55,12,Lab,Void
train/pd/f6ef600eeb1d1f55_w15.png,f6ef600eeb1d1f55,15,Lab,Void
train/pd/f6ef600eeb1d1f55_w17.png,f6ef600eeb1d1f55,17,Lab,Void
train/pd/f6ef600eeb1d1f55_w20.png,f6ef600eeb1d1f55,20,Lab,Void
train/pd/f6ef600eeb1d1f55_w22.png,f6ef600eeb1d1f55,22,Lab,Void
train/pd/f6ef600eeb1d1f55_w26.png,f6ef600eeb1d1f55,26,Lab,Void
train/pd/f7501284483fba06_w00.png,f7501284483fba06,0,Lab,Void
train/pd/f7501284483fba06_w05.png,f7501284483fba06,5,Lab,Void
train/pd/f7501284483fba06_w07.png,f7501284483fba06,7,Lab,Void
train/pd/f7501284483fba06_w08.png,f7501284483fba06,8,Lab,Void
train/pd/f7501284483fba06_w13.png,f7501284483fba06,13,Lab,Void
train/pd/f7501284483fba06_w14.png,f7501284483fba06,14,Lab,Void
train/pd/f7501284483fba06_w26.png,f7501284483fba06,26,Lab,Void
train/pd/f7501284483fba06_w27.png,f7501284483fba06,27,Lab,Void
train/pd/f7d1e89d803ba585_w00.png,f7d1e89d803ba585,0,Lab,Corona
train/pd/f7d1e89d803ba585_w04.png,f7d1e89d803ba585,4,Lab,Corona
train/pd/f7d1e89d803ba585_w07.png,f7d1e89d803ba585,7,Lab,Corona
train/pd/f7d1e89d803ba585_w12.png,f7d1e89d803ba585,12,Lab,Corona
train/pd/f7d1e89d803ba585_w14.png,f7d1e89d803ba585,14,Lab,Corona
train/pd/f7d1e89d803ba585_w20.png,f7d1e89d803ba585,20,Lab,Corona
train/pd/f7d1e89d803ba585_w21.png,f7d1e89d803ba585,21,Lab,Corona
train/pd/f7d1e89d803ba585_w24.png,f7d1e89d803ba585,24,Lab,Corona
train/pd/f7e4604f64b4af28_w02.png,f7e4604f64b4af28,2,Lab,Corona
train/pd/f7e4604f64b4af28_w03.png,f7e4604f64b4af28,3,Lab,Corona
train/pd/f7e4604f64b4af28_w04.png,f7e4604f64b4af28,4,Lab,Corona
train/pd/f7e4604f64b4af28_w11.png,f7e4604f64b4af28,11,Lab,Corona
train/pd/f7e4604f64b4af28_w17.png,f7e4604f64b4af28,17,Lab,Corona
train/pd/f7e4604f64b4af28_w22.png,f7e4604f64b4af28,22,Lab,Corona
train/pd/f7e4604f64b4af28_w23.png,f7e4604f64b4af28,23,Lab,Corona
train/pd/f7e4604f64b4af28_w24.png,f7e4604f64b4af28,24,Lab,Corona
train/pd/f7e743b6be91585f_w09.png,f7e743b6be91585f,9,Lab,Void
train/pd/f7e743b6be91585f_w10.png,f7e743b6be91585f,10,Lab,Void
train/pd/f7e743b6be91585f_w12.png,f7e743b6be91585f,12,Lab,Void
train/pd/f7e743b6be91585f_w13.png,f7e743b6be91585f,13,Lab,Void
train/pd/f7e743b6be91585f_w18.png,f7e743b6be91585f,18,Lab,Void
train/pd/f7e743b6be91585f_w20.png,f7e743b6be91585f,20,Lab,Void
train/pd/f7e743b6be91585f_w24.png,f7e743b6be91585f,24,Lab,Void
train/pd/f7e743b6be91585f_w25.png,f7e743b6be91585f,25,Lab,Void
train/pd/f81b6357b11ab156_w01.png,f81b6357b11ab156,1,Lab,Corona
train/pd/f81b6357b11ab156_w06.png,f81b6357b11ab156,6,Lab,Corona
train/pd/f81b6357b11ab156_w08.png,f81b6357b11ab156,8,Lab,Corona
train/pd/f81b6357b11ab156_w09.png,f81b6357b11ab156,9,Lab,Corona
train/pd/f81b6357b11ab156_w17.png,f81b6357b11ab156,17,Lab,Corona
train/pd/f81b6357b11ab156_w18.png,f81b6357b11ab156,18,Lab,Corona
train/pd/f81b6357b11ab156_w19.png,f81b6357b11ab156,19,Lab,Corona
train/pd/f81b6357b11ab156_w25.png,f81b6357b11ab156,25,Lab,Corona
train/pd/f8665b2d60a0b1db_w05.png,f8665b2d60a0b1db,5,Lab,Void
train/pd/f8665b2d60a0b1db_w06.png,f8665b2d60a0b1db,6,Lab,Void
train/pd/f8665b2d60a0b1db_w07.png,f8665b2d60a0b1db,7,Lab,Void
train/pd/f8665b2d60a0b1db_w10.png,f8665b2d60a0b1db,10,Lab,Void
train/pd/f8665b2d60a0b1db_w12.png,f8665b2d60a0b1db,12,Lab,Void
train/pd/f8665b2d60a0b1db_w13.png,f8665b2d60a0b1db,13,Lab,Void
train/pd/f8665b2d60a0b1db_w19.png,f8665b2d60a0b1db,19,Lab,Void
train/pd/f8665b2d60a0b1db_w22.png,f8665b2d60a0b1db,22,Lab,Void
train/pd/f8854f628877917e_w03.png,f8854f628877917e,3,Lab,Floating
train/pd/f8854f628877917e_w05.png,f8854f628877917e,5,Lab,Floating
train/pd/f8854f628877917e_w08.png,f8854f628877917e,8,Lab,Floating
train/pd/f8854f628877917e_w12.png,f8854f628877917e,12,Lab,Floating
train/pd/f8854f628877917e_w18.png,f8854f628877917e,18,Lab,Floating
train/pd/f8854f628877917e_w21.png,f8854f628877917e,21,Lab,Floating
train/pd/f8854f628877917e_w22.png,f8854f628877917e,22,Lab,Floating
train/pd/f8854f628877917e_w23.png,f8854f628877917e,23,Lab,Floating
train/pd/f8a0dccb524f8bf7_w02.png,f8a0dccb524f8bf7,2,Lab,Void
train/pd/f8a0dccb524f8bf7_w03.png,f8a0dccb524f8bf7,3,Lab,Void
train/pd/f8a0dccb524f8bf7_w04.png,f8a0dccb524f8bf7,4,Lab,Void
train/pd/f8a0dccb524f8bf7_w05.png,f8a0dccb524f8bf7,5,Lab,Void
train/pd/f8a0dccb524f8bf7_w14.png,f8a0dccb524f8bf7,14,Lab,Void
train/pd/f8a0dccb524f8bf7_w20.png,f8a0dccb524f8bf7,20,Lab,Void
train/pd/f8a0dccb524f8bf7_w21.png,f8a0dccb524f8bf7,21,Lab,Void
train/pd/f8a0dccb524f8bf7_w25.png,f8a0dccb524f8bf7,25,Lab,Void
train/pd/f8a97eb7c92dca45_w01.png,f8a97eb7c92dca45,1,Lab,Corona
train/pd/f8a97eb7c92dca45_w04.png,f8a97eb7c92dca45,4,Lab,Corona
train/pd/f8a97eb7c92dca45_w07.png,f8a97eb7c92dca45,7,Lab,Corona
train/pd/f8a97eb7c92dca45_w09.png,f8a97eb7c92dca45,9,Lab,Corona
train/pd/f8a97eb7c92dca45_w16.png,f8a97eb7c92dca45,16,Lab,Corona
train/pd/f8a97eb7c92dca45_w18.png,f8a97eb7c92dca45,18,Lab,Corona
train/pd/f8a97eb7c92dca45_w26.png,f8a97eb7c92dca45,26,Lab,Corona
train/pd/f8a97eb7c92dca45_w27.png,f8a97eb7c92dca45,27,Lab,Corona
train/pd/f8cc7de098ad4a90_w01.png,f8cc7de098ad4a90,1,Lab,Void
train/pd/f8cc7de098ad4a90_w04.png,f8cc7de098ad4a90,4,Lab,Void
train/pd/f8cc7de098ad4a90_w12.png,f8cc7de098ad4a90,12,Lab,Void
train/pd/f8cc7de098ad4a90_w16.png,f8cc7de098ad4a90,16,Lab,Void
train/pd/f8cc7de098ad4a90_w18.png,f8cc7de098ad4a90,18,Lab,Void
train/pd/f8cc7de098ad4a90_w20.png,f8cc7de098ad4a90,20,Lab,Void
train/pd/f8cc7de098ad4a90_w24.png,f8cc7de098ad4a90,24,Lab,Void
train/pd/f8cc7de098ad4a90_w27.png,f8cc7de098ad4a90,27,Lab,Void
train/pd/f8d43537f203b6f4_w03.png,f8d43537f203b6f4,3,Lab,Void
train/pd/f8d43537f203b6f4_w08.png,f8d43537f203b6f4,8,Lab,Void
train/pd/f8d43537f203b6f4_w09.png,f8d43537f203b6f4,9,Lab,Void
train/pd/f8d43537f203b6f4_w13.png,f8d43537f203b6f4,13,Lab,Void
train/pd/f8d43537f203b6f4_w15.png,f8d43537f203b6f4,15,Lab,Void
train/pd/f8d43537f203b6f4_w18.png,f8d43537f203b6f4,18,Lab,Void
train/pd/f8d43537f203b6f4_w19.png,f8d43537f203b6f4,19,Lab,Void
train/pd/f8d43537f203b6f4_w23.png,f8d43537f203b6f4,23,Lab,Void
train/pd/f8d7e991530750cc_w04.png,f8d7e991530750cc,4,Lab,Particle
train/pd/f8d7e991530750cc_w05.png,f8d7e991530750cc,5,Lab,Particle
train/pd/f8d7e991530750cc_w10.png,f8d7e991530750cc,10,Lab,Particle
train/pd/f8d7e991530750cc_w11.png,f8d7e991530750cc,11,Lab,Particle
train/pd/f8d7e991530750cc_w15.png,f8d7e991530750cc,15,Lab,Particle
train/pd/f8d7e991530750cc_w22.png,f8d7e991530750cc,22,Lab,Particle
train/pd/f8d7e991530750cc_w23.png,f8d7e991530750cc,23,Lab,Particle
train/pd/f8d7e991530750cc_w25.png,f8d7e991530750cc,25,Lab,Particle
train/pd/f8e5e8eb71b87693_w00.png,f8e5e8eb71b87693,0,Lab,Particle
train/pd/f8e5e8eb71b87693_w06.png,f8e5e8eb71b87693,6,Lab,Particle
train/pd/f8e5e8eb71b87693_w07.png,f8e5e8eb71b87693,7,Lab,Particle
train/pd/f8e5e8eb71b87693_w09.png,f8e5e8eb71b87693,9,Lab,Particle
train/pd/f8e5e8eb71b87693_w10.png,f8e5e8eb71b87693,10,Lab,Particle
train/pd/f8e5e8eb71b87693_w13.png,f8e5e8eb71b87693,13,Lab,Particle
train/pd/f8e5e8eb71b87693_w16.png,f8e5e8eb71b87693,16,Lab,Particle
train/pd/f8e5e8eb71b87693_w19.png,f8e5e8eb71b87693,19,Lab,Particle
train/pd/f95d739807c4ac6b_w05.png,f95d739807c4ac6b,5,Lab,Corona
train/pd/f95d739807c4ac6b_w08.png,f95d739807c4ac6b,8,Lab,Corona
train/pd/f95d739807c4ac6b_w11.png,f95d739807c4ac6b,11,Lab,Corona
train/pd/f95d739807c4ac6b_w12.png,f95d739807c4ac6b,12,Lab,Corona
train/pd/f95d739807c4ac6b_w14.png,f95d739807c4ac6b,14,Lab,Corona
train/pd/f95d739807c4ac6b_w17.png,f95d739807c4ac6b,17,Lab,Corona
train/pd/f95d739807c4ac6b_w21.png,f95d739807c4ac6b,21,Lab,Corona
train/pd/f95d739807c4ac6b_w25.png,f95d739807c4ac6b,25,Lab,Corona
train/pd/f96f57fe2c8a4ed4_w04.png,f96f57fe2c8a4ed4,4,Lab,Void
train/pd/f96f57fe2c8a4ed4_w05.png,f96f57fe2c8a4ed4,5,Lab,Void
train/pd/f96f57fe2c8a4ed4_w07.png,f96f57fe2c8a4ed4,7,Lab,Void
train/pd/f96f57fe2c8a4ed4_w19.png,f96f57fe2c8a4ed4,19,Lab,Void
train/pd/f96f57fe2c8a4ed4_w20.png,f96f57fe2c8a4ed4,20,Lab,Void
train/pd/f96f57fe2c8a4ed4_w23.png,f96f57fe2c8a4ed4,23,Lab,Void
train/pd/f96f57fe2c8a4ed4_w24.png,f96f57fe2c8a4ed4,24,Lab,Void
train/pd/f96f57fe2c8a4ed4_w27.png,f96f57fe2c8a4ed4,27,Lab,Void
train/pd/f98fc34ef22ddad1_w03.png,f98fc34ef22ddad1,3,Lab,Void
train/pd/f98fc34ef22ddad1_w10.png,f98fc34ef22ddad1,10,Lab,Void
train/pd/f98fc34ef22ddad1_w15.png,f98fc34ef22ddad1,15,Lab,Void
train/pd/f98fc34ef22ddad1_w16.png,f98fc34ef22ddad1,16,Lab,Void
train/pd/f98fc34ef22ddad1_w17.png,f98fc34ef22ddad1,17,Lab,Void
train/pd/f98fc34ef22ddad1_w19.png,f98fc34ef22ddad1,19,Lab,Void
train/pd/f98fc34ef22ddad1_w20.png,f98fc34ef22ddad1,20,Lab,Void
train/pd/f98fc34ef22ddad1_w27.png,f98fc34ef22ddad1,27,Lab,Void
train/pd/f9c17102587cd2a6_w00.png,f9c17102587cd2a6,0,Lab,Corona
train/pd/f9c17102587cd2a6_w04.png,f9c17102587cd2a6,4,Lab,Corona
train/pd/f9c17102587cd2a6_w05.png,f9c17102587cd2a6,5,Lab,Corona
train/pd/f9c17102587cd2a6_w08.png,f9c17102587cd2a6,8,Lab,Corona
train/pd/f9c17102587cd2a6_w09.png,f9c17102587cd2a6,9,Lab,Corona
train/pd/f9c17102587cd2a6_w10.png,f9c17102587cd2a6,10,Lab,Corona
train/pd/f9c17102587cd2a6_w21.png,f9c17102587cd2a6,21,Lab,Corona
train/pd/f9c17102587cd2a6_w27.png,f9c17102587cd2a6,27,Lab,Corona
train/pd/fa0565cb302a57b9_w02.png,fa0565cb302a57b9,2,Lab,Void
train/pd/fa0565cb302a57b9_w15.png,fa0565cb302a57b9,15,Lab,Void
train/pd/fa0565cb302a57b9_w16.png,fa0565cb302a57b9,16,Lab,Void
train/pd/fa0565cb302a57b9_w17.png,fa0565cb302a57b9,17,Lab,Void
train/pd/fa0565cb302a57b9_w19.png,fa0565cb302a57b9,19,Lab,Void
train/pd/fa0565cb302a57b9_w20.png,fa0565cb302a57b9,20,Lab,Void
train/pd/fa0565cb302a57b9_w22.png,fa0565cb302a57b9,22,Lab,Void
train/pd/fa0565cb302a57b9_w26.png,fa0565cb302a57b9,26,Lab,Void
train/pd/fa843333c9fd6c99_w02.png,fa843333c9fd6c99,2,Lab,Void
train/pd/fa843333c9fd6c99_w04.png,fa843333c9fd6c99,4,Lab,Void
train/pd/fa843333c9fd6c99_w09.png,fa843333c9fd6c99,9,Lab,Void
train/pd/fa843333c9fd6c99_w12.png,fa843333c9fd6c99,12,Lab,Void
train/pd/fa843333c9fd6c99_w16.png,fa843333c9fd6c99,16,Lab,Void
train/pd/fa843333c9fd6c99_w19.png,fa843333c9fd6c99,19,Lab,Void
train/pd/fa843333c9fd6c99_w21.png,fa843333c9fd6c99,21,Lab,Void
train/pd/fa843333c9fd6c99_w24.png,fa843333c9fd6c99,24,Lab,Void
train/pd/fa9473e92eee7a8b_w00.png,fa9473e92eee7a8b,0,Lab,Void
train/pd/fa9473e92eee7a8b_w01.png,fa9473e92eee7a8b,1,Lab,Void
train/pd/fa9473e92eee7a8b_w03.png,fa9473e92eee7a8b,3,Lab,Void
train/pd/fa9473e92eee7a8b_w04.png,fa9473e92eee7a8b,4,Lab,Void
train/pd/fa9473e92eee7a8b_w06.png,fa9473e92eee7a8b,6,Lab,Void
train/pd/fa9473e92eee7a8b_w10.png,fa9473e92eee7a8b,10,Lab,Void
train/pd/fa9473e92eee7a8b_w19.png,fa9473e92eee7a8b,19,Lab,Void
train/pd/fa9473e92eee7a8b_w25.png,fa9473e92eee7a8b,25,Lab,Void
train/pd/faa7e4e23d21db33_w01.png,faa7e4e23d21db33,1,Lab,Particle
train/pd/faa7e4e23d21db33_w07.png,faa7e4e23d21db33,7,Lab,Particle
train/pd/faa7e4e23d21db33_w08.png,faa7e4e23d21db33,8,Lab,Particle
train/pd/faa7e4e23d21db33_w09.png,faa7e4e23d21db33,9,Lab,Particle
train/pd/faa7e4e23d21db33_w11.png,faa7e4e23d21db33,11,Lab,Particle
train/pd/faa7e4e23d21db33_w13.png,faa7e4e23d21db33,13,Lab,Particle
train/pd/faa7e4e23d21db33_w18.png,faa7e4e23d21db33,18,Lab,Particle
train/pd/faa7e4e23d21db33_w25.png,faa7e4e23d21db33,25,Lab,Particle
train/pd/fabde579d39d9db4_w00.png,fabde579d39d9db4,0,Lab,Particle
train/pd/fabde579d39d9db4_w01.png,fabde579d39d9db4,1,Lab,Particle
train/pd/fabde579d39d9db4_w03.png,fabde579d39d9db4,3,Lab,Particle
train/pd/fabde579d39d9db4_w18.png,fabde579d39d9db4,18,Lab,Particle
train/pd/fabde579d39d9db4_w21.png,fabde579d39d9db4,21,Lab,Particle
train/pd/fabde579d39d9db4_w22.png,fabde579d39d9db4,22,Lab,Particle
train/pd/fabde579d39d9db4_w24.png,fabde579d39d9db4,24,Lab,Particle
train/pd/fabde579d39d9db4_w25.png,fabde579d39d9db4,25,Lab,Particle
train/pd/fae5f77e5fdddd5f_w00.png,fae5f77e5fdddd5f,0,Field,Void
train/pd/fae5f77e5fdddd5f_w05.png,fae5f77e5fdddd5f,5,Field,Void
train/pd/fae5f77e5fdddd5f_w11.png,fae5f77e5fdddd5f,11,Field,Void
train/pd/fae5f77e5fdddd5f_w18.png,fae5f77e5fdddd5f,18,Field,Void
train/pd/fae5f77e5fdddd5f_w20.png,fae5f77e5fdddd5f,20,Field,Void
train/pd/fae5f77e5fdddd5f_w23.png,fae5f77e5fdddd5f,23,Field,Void
train/pd/fae5f77e5fdddd5f_w26.png,fae5f77e5fdddd5f,26,Field,Void
train/pd/fae5f77e5fdddd5f_w27.png,fae5f77e5fdddd5f,27,Field,Void
train/pd/fb036bbcdfb8979c_w07.png,fb036bbcdfb8979c,7,Lab,Void
train/pd/fb036bbcdfb8979c_w09.png,fb036bbcdfb8979c,9,Lab,Void
train/pd/fb036bbcdfb8979c_w10.png,fb036bbcdfb8979c,10,Lab,Void
train/pd/fb036bbcdfb8979c_w17.png,fb036bbcdfb8979c,17,Lab,Void
train/pd/fb036bbcdfb8979c_w19.png,fb036bbcdfb8979c,19,Lab,Void
train/pd/fb036bbcdfb8979c_w20.png,fb036bbcdfb8979c,20,Lab,Void
train/pd/fb036bbcdfb8979c_w22.png,fb036bbcdfb8979c,22,Lab,Void
train/pd/fb036bbcdfb8979c_w23.png,fb036bbcdfb8979c,23,Lab,Void
train/pd/fb153e0414e89ba9_w02.png,fb153e0414e89ba9,2,Lab,Void
train/pd/fb153e0414e89ba9_w06.png,fb153e0414e89ba9,6,Lab,Void
train/pd/fb153e0414e89ba9_w09.png,fb153e0414e89ba9,9,Lab,Void
train/pd/fb153e0414e89ba9_w12.png,fb153e0414e89ba9,12,Lab,Void
train/pd/fb153e0414e89ba9_w14.png,fb153e0414e89ba9,14,Lab,Void
train/pd/fb153e0414e89ba9_w16.png,fb153e0414e89ba9,16,Lab,Void
train/pd/fb153e0414e89ba9_w19.png,fb153e0414e89ba9,19,Lab,Void
train/pd/fb153e0414e89ba9_w20.png,fb153e0414e89ba9,20,Lab,Void
train/pd/fb15cd02c1f5ec69_w01.png,fb15cd02c1f5ec69,1,Field,Void
train/pd/fb15cd02c1f5ec69_w03.png,fb15cd02c1f5ec69,3,Field,Void
train/pd/fb15cd02c1f5ec69_w04.png,fb15cd02c1f5ec69,4,Field,Void
train/pd/fb15cd02c1f5ec69_w09.png,fb15cd02c1f5ec69,9,Field,Void
train/pd/fb15cd02c1f5ec69_w11.png,fb15cd02c1f5ec69,11,Field,Void
train/pd/fb15cd02c1f5ec69_w14.png,fb15cd02c1f5ec69,14,Field,Void
train/pd/fb15cd02c1f5ec69_w16.png,fb15cd02c1f5ec69,16,Field,Void
train/pd/fb15cd02c1f5ec69_w21.png,fb15cd02c1f5ec69,21,Field,Void
train/pd/fb1bcfccd5e18f18_w00.png,fb1bcfccd5e18f18,0,Lab,Corona
train/pd/fb1bcfccd5e18f18_w03.png,fb1bcfccd5e18f18,3,Lab,Corona
train/pd/fb1bcfccd5e18f18_w08.png,fb1bcfccd5e18f18,8,Lab,Corona
train/pd/fb1bcfccd5e18f18_w09.png,fb1bcfccd5e18f18,9,Lab,Corona
train/pd/fb1bcfccd5e18f18_w11.png,fb1bcfccd5e18f18,11,Lab,Corona
train/pd/fb1bcfccd5e18f18_w13.png,fb1bcfccd5e18f18,13,Lab,Corona
train/pd/fb1bcfccd5e18f18_w16.png,fb1bcfccd5e18f18,16,Lab,Corona
train/pd/fb1bcfccd5e18f18_w20.png,fb1bcfccd5e18f18,20,Lab,Corona
train/pd/fb1d596fa35260cb_w01.png,fb1d596fa35260cb,1,Lab,Void
train/pd/fb1d596fa35260cb_w02.png,fb1d596fa35260cb,2,Lab,Void
train/pd/fb1d596fa35260cb_w08.png,fb1d596fa35260cb,8,Lab,Void
train/pd/fb1d596fa35260cb_w09.png,fb1d596fa35260cb,9,Lab,Void
train/pd/fb1d596fa35260cb_w15.png,fb1d596fa35260cb,15,Lab,Void
train/pd/fb1d596fa35260cb_w24.png,fb1d596fa35260cb,24,Lab,Void
train/pd/fb1d596fa35260cb_w26.png,fb1d596fa35260cb,26,Lab,Void
train/pd/fb1d596fa35260cb_w27.png,fb1d596fa35260cb,27,Lab,Void
train/pd/fb40cdd35bb7f070_w04.png,fb40cdd35bb7f070,4,Lab,Void
train/pd/fb40cdd35bb7f070_w08.png,fb40cdd35bb7f070,8,Lab,Void
train/pd/fb40cdd35bb7f070_w12.png,fb40cdd35bb7f070,12,Lab,Void
train/pd/fb40cdd35bb7f070_w15.png,fb40cdd35bb7f070,15,Lab,Void
train/pd/fb40cdd35bb7f070_w19.png,fb40cdd35bb7f070,19,Lab,Void
train/pd/fb40cdd35bb7f070_w21.png,fb40cdd35bb7f070,21,Lab,Void
train/pd/fb40cdd35bb7f070_w25.png,fb40cdd35bb7f070,25,Lab,Void
train/pd/fb40cdd35bb7f070_w27.png,fb40cdd35bb7f070,27,Lab,Void
train/pd/fb7dbe3918a91f03_w03.png,fb7dbe3918a91f03,3,Lab,Particle
train/pd/fb7dbe3918a91f03_w04.png,fb7dbe3918a91f03,4,Lab,Particle
train/pd/fb7dbe3918a91f03_w14.png,fb7dbe3918a91f03,14,Lab,Particle
train/pd/fb7dbe3918a91f03_w15.png,fb7dbe3918a91f03,15,Lab,Particle
train/pd/fb7dbe3918a91f03_w16.png,fb7dbe3918a91f03,16,Lab,Particle
train/pd/fb7dbe3918a91f03_w19.png,fb7dbe3918a91f03,19,Lab,Particle
train/pd/fb7dbe3918a91f03_w20.png,fb7dbe3918a91f03,20,Lab,Particle
train/pd/fb7dbe3918a91f03_w21.png,fb7dbe3918a91f03,21,Lab,Particle
train/pd/fb911893426bb01b_w01.png,fb911893426bb01b,1,Field,Floating
train/pd/fb911893426bb01b_w02.png,fb911893426bb01b,2,Field,Floating
train/pd/fb911893426bb01b_w04.png,fb911893426bb01b,4,Field,Floating
train/pd/fb911893426bb01b_w07.png,fb911893426bb01b,7,Field,Floating
train/pd/fb911893426bb01b_w11.png,fb911893426bb01b,11,Field,Floating
train/pd/fb911893426bb01b_w15.png,fb911893426bb01b,15,Field,Floating
train/pd/fb911893426bb01b_w20.png,fb911893426bb01b,20,Field,Floating
train/pd/fb911893426bb01b_w25.png,fb911893426bb01b,25,Field,Floating
train/pd/fbaf0e1b57f8ef1b_w00.png,fbaf0e1b57f8ef1b,0,Lab,Floating
train/pd/fbaf0e1b57f8ef1b_w04.png,fbaf0e1b57f8ef1b,4,Lab,Floating
train/pd/fbaf0e1b57f8ef1b_w06.png,fbaf0e1b57f8ef1b,6,Lab,Floating
train/pd/fbaf0e1b57f8ef1b_w15.png,fbaf0e1b57f8ef1b,15,Lab,Floating
train/pd/fbaf0e1b57f8ef1b_w18.png,fbaf0e1b57f8ef1b,18,Lab,Floating
train/pd/fbaf0e1b57f8ef1b_w21.png,fbaf0e1b57f8ef1b,21,Lab,Floating
train/pd/fbaf0e1b57f8ef1b_w26.png,fbaf0e1b57f8ef1b,26,Lab,Floating
train/pd/fbaf0e1b57f8ef1b_w27.png,fbaf0e1b57f8ef1b,27,Lab,Floating
train/pd/fbc798d24f718088_w03.png,fbc798d24f718088,3,Field,Void
train/pd/fbc798d24f718088_w04.png,fbc798d24f718088,4,Field,Void
train/pd/fbc798d24f718088_w06.png,fbc798d24f718088,6,Field,Void
train/pd/fbc798d24f718088_w10.png,fbc798d24f718088,10,Field,Void
train/pd/fbc798d24f718088_w11.png,fbc798d24f718088,11,Field,Void
train/pd/fbc798d24f718088_w15.png,fbc798d24f718088,15,Field,Void
train/pd/fbc798d24f718088_w19.png,fbc798d24f718088,19,Field,Void
train/pd/fbc798d24f718088_w27.png,fbc798d24f718088,27,Field,Void
train/pd/fbdddcd3d554b018_w08.png,fbdddcd3d554b018,8,Lab,Void
train/pd/fbdddcd3d554b018_w09.png,fbdddcd3d554b018,9,Lab,Void
train/pd/fbdddcd3d554b018_w10.png,fbdddcd3d554b018,10,Lab,Void
train/pd/fbdddcd3d554b018_w11.png,fbdddcd3d554b018,11,Lab,Void
train/pd/fbdddcd3d554b018_w12.png,fbdddcd3d554b018,12,Lab,Void
train/pd/fbdddcd3d554b018_w17.png,fbdddcd3d554b018,17,Lab,Void
train/pd/fbdddcd3d554b018_w24.png,fbdddcd3d554b018,24,Lab,Void
train/pd/fbdddcd3d554b018_w25.png,fbdddcd3d554b018,25,Lab,Void
train/pd/fbf1e90ec939d0c1_w01.png,fbf1e90ec939d0c1,1,Field,Void
train/pd/fbf1e90ec939d0c1_w02.png,fbf1e90ec939d0c1,2,Field,Void
train/pd/fbf1e90ec939d0c1_w03.png,fbf1e90ec939d0c1,3,Field,Void
train/pd/fbf1e90ec939d0c1_w07.png,fbf1e90ec939d0c1,7,Field,Void
train/pd/fbf1e90ec939d0c1_w16.png,fbf1e90ec939d0c1,16,Field,Void
train/pd/fbf1e90ec939d0c1_w17.png,fbf1e90ec939d0c1,17,Field,Void
train/pd/fbf1e90ec939d0c1_w20.png,fbf1e90ec939d0c1,20,Field,Void
train/pd/fbf1e90ec939d0c1_w25.png,fbf1e90ec939d0c1,25,Field,Void
train/pd/fc2cbdc58792163e_w01.png,fc2cbdc58792163e,1,Lab,Floating
train/pd/fc2cbdc58792163e_w03.png,fc2cbdc58792163e,3,Lab,Floating
train/pd/fc2cbdc58792163e_w07.png,fc2cbdc58792163e,7,Lab,Floating
train/pd/fc2cbdc58792163e_w13.png,fc2cbdc58792163e,13,Lab,Floating
train/pd/fc2cbdc58792163e_w16.png,fc2cbdc58792163e,16,Lab,Floating
train/pd/fc2cbdc58792163e_w21.png,fc2cbdc58792163e,21,Lab,Floating
train/pd/fc2cbdc58792163e_w22.png,fc2cbdc58792163e,22,Lab,Floating
train/pd/fc2cbdc58792163e_w26.png,fc2cbdc58792163e,26,Lab,Floating
train/pd/fc386b2f2affed02_w04.png,fc386b2f2affed02,4,Lab,Void
train/pd/fc386b2f2affed02_w05.png,fc386b2f2affed02,5,Lab,Void
train/pd/fc386b2f2affed02_w07.png,fc386b2f2affed02,7,Lab,Void
train/pd/fc386b2f2affed02_w12.png,fc386b2f2affed02,12,Lab,Void
train/pd/fc386b2f2affed02_w16.png,fc386b2f2affed02,16,Lab,Void
train/pd/fc386b2f2affed02_w22.png,fc386b2f2affed02,22,Lab,Void
train/pd/fc386b2f2affed02_w23.png,fc386b2f2affed02,23,Lab,Void
train/pd/fc386b2f2affed02_w24.png,fc386b2f2affed02,24,Lab,Void
train/pd/fc3c77f58b0e2891_w00.png,fc3c77f58b0e2891,0,Lab,Void
train/pd/fc3c77f58b0e2891_w02.png,fc3c77f58b0e2891,2,Lab,Void
train/pd/fc3c77f58b0e2891_w04.png,fc3c77f58b0e2891,4,Lab,Void
train/pd/fc3c77f58b0e2891_w05.png,fc3c77f58b0e2891,5,Lab,Void
train/pd/fc3c77f58b0e2891_w14.png,fc3c77f58b0e2891,14,Lab,Void
train/pd/fc3c77f58b0e2891_w16.png,fc3c77f58b0e2891,16,Lab,Void
train/pd/fc3c77f58b0e2891_w18.png,fc3c77f58b0e2891,18,Lab,Void
train/pd/fc3c77f58b0e2891_w27.png,fc3c77f58b0e2891,27,Lab,Void
train/pd/fc3d62683f04601c_w00.png,fc3d62683f04601c,0,Field,Floating
train/pd/fc3d62683f04601c_w03.png,fc3d62683f04601c,3,Field,Floating
train/pd/fc3d62683f04601c_w08.png,fc3d62683f04601c,8,Field,Floating
train/pd/fc3d62683f04601c_w09.png,fc3d62683f04601c,9,Field,Floating
train/pd/fc3d62683f04601c_w13.png,fc3d62683f04601c,13,Field,Floating
train/pd/fc3d62683f04601c_w15.png,fc3d62683f04601c,15,Field,Floating
train/pd/fc3d62683f04601c_w21.png,fc3d62683f04601c,21,Field,Floating
train/pd/fc3d62683f04601c_w27.png,fc3d62683f04601c,27,Field,Floating
train/pd/fc55b76314b25153_w00.png,fc55b76314b25153,0,Lab,Corona
train/pd/fc55b76314b25153_w03.png,fc55b76314b25153,3,Lab,Corona
train/pd/fc55b76314b25153_w07.png,fc55b76314b25153,7,Lab,Corona
train/pd/fc55b76314b25153_w13.png,fc55b76314b25153,13,Lab,Corona
train/pd/fc55b76314b25153_w18.png,fc55b76314b25153,18,Lab,Corona
train/pd/fc55b76314b25153_w19.png,fc55b76314b25153,19,Lab,Corona
train/pd/fc55b76314b25153_w20.png,fc55b76314b25153,20,Lab,Corona
train/pd/fc55b76314b25153_w25.png,fc55b76314b25153,25,Lab,Corona
train/pd/fc72291b5239056f_w00.png,fc72291b5239056f,0,Lab,Corona
train/pd/fc72291b5239056f_w01.png,fc72291b5239056f,1,Lab,Corona
train/pd/fc72291b5239056f_w12.png,fc72291b5239056f,12,Lab,Corona
train/pd/fc72291b5239056f_w17.png,fc72291b5239056f,17,Lab,Corona
train/pd/fc72291b5239056f_w18.png,fc72291b5239056f,18,Lab,Corona
train/pd/fc72291b5239056f_w19.png,fc72291b5239056f,19,Lab,Corona
train/pd/fc72291b5239056f_w22.png,fc72291b5239056f,22,Lab,Corona
train/pd/fc72291b5239056f_w27.png,fc72291b5239056f,27,Lab,Corona
train/pd/fc79bf262aec16a1_w04.png,fc79bf262aec16a1,4,Lab,Void
train/pd/fc79bf262aec16a1_w09.png,fc79bf262aec16a1,9,Lab,Void
train/pd/fc79bf262aec16a1_w15.png,fc79bf262aec16a1,15,Lab,Void
train/pd/fc79bf262aec16a1_w17.png,fc79bf262aec16a1,17,Lab,Void
train/pd/fc79bf262aec16a1_w20.png,fc79bf262aec16a1,20,Lab,Void
train/pd/fc79bf262aec16a1_w21.png,fc79bf262aec16a1,21,Lab,Void
train/pd/fc79bf262aec16a1_w22.png,fc79bf262aec16a1,22,Lab,Void
train/pd/fc79bf262aec16a1_w25.png,fc79bf262aec16a1,25,Lab,Void
train/pd/fc7a979210d310bd_w01.png,fc7a979210d310bd,1,Lab,Particle
train/pd/fc7a979210d310bd_w04.png,fc7a979210d310bd,4,Lab,Particle
train/pd/fc7a979210d310bd_w05.png,fc7a979210d310bd,5,Lab,Particle
train/pd/fc7a979210d310bd_w09.png,fc7a979210d310bd,9,Lab,Particle
train/pd/fc7a979210d310bd_w13.png,fc7a979210d310bd,13,Lab,Particle
train/pd/fc7a979210d310bd_w14.png,fc7a979210d310bd,14,Lab,Particle
train/pd/fc7a979210d310bd_w19.png,fc7a979210d310bd,19,Lab,Particle
train/pd/fc7a979210d310bd_w27.png,fc7a979210d310bd,27,Lab,Particle
train/pd/fca1198b30dea1e6_w10.png,fca1198b30dea1e6,10,Lab,Particle
train/pd/fca1198b30dea1e6_w12.png,fca1198b30dea1e6,12,Lab,Particle
train/pd/fca1198b30dea1e6_w13.png,fca1198b30dea1e6,13,Lab,Particle
train/pd/fca1198b30dea1e6_w15.png,fca1198b30dea1e6,15,Lab,Particle
train/pd/fca1198b30dea1e6_w16.png,fca1198b30dea1e6,16,Lab,Particle
train/pd/fca1198b30dea1e6_w17.png,fca1198b30dea1e6,17,Lab,Particle
train/pd/fca1198b30dea1e6_w18.png,fca1198b30dea1e6,18,Lab,Particle
train/pd/fca1198b30dea1e6_w27.png,fca1198b30dea1e6,27,Lab,Particle
train/pd/fcda6bea5f5a6040_w02.png,fcda6bea5f5a6040,2,Lab,Corona
train/pd/fcda6bea5f5a6040_w03.png,fcda6bea5f5a6040,3,Lab,Corona
train/pd/fcda6bea5f5a6040_w05.png,fcda6bea5f5a6040,5,Lab,Corona
train/pd/fcda6bea5f5a6040_w06.png,fcda6bea5f5a6040,6,Lab,Corona
train/pd/fcda6bea5f5a6040_w09.png,fcda6bea5f5a6040,9,Lab,Corona
train/pd/fcda6bea5f5a6040_w14.png,fcda6bea5f5a6040,14,Lab,Corona
train/pd/fcda6bea5f5a6040_w16.png,fcda6bea5f5a6040,16,Lab,Corona
train/pd/fcda6bea5f5a6040_w27.png,fcda6bea5f5a6040,27,Lab,Corona
train/pd/fd31d854926960aa_w01.png,fd31d854926960aa,1,Lab,Corona
train/pd/fd31d854926960aa_w03.png,fd31d854926960aa,3,Lab,Corona
train/pd/fd31d854926960aa_w05.png,fd31d854926960aa,5,Lab,Corona
train/pd/fd31d854926960aa_w13.png,fd31d854926960aa,13,Lab,Corona
train/pd/fd31d854926960aa_w20.png,fd31d854926960aa,20,Lab,Corona
train/pd/fd31d854926960aa_w23.png,fd31d854926960aa,23,Lab,Corona
train/pd/fd31d854926960aa_w24.png,fd31d854926960aa,24,Lab,Corona
train/pd/fd31d854926960aa_w26.png,fd31d854926960aa,26,Lab,Corona
train/pd/fd55b9a86c188f4f_w00.png,fd55b9a86c188f4f,0,Lab,Floating
train/pd/fd55b9a86c188f4f_w01.png,fd55b9a86c188f4f,1,Lab,Floating
train/pd/fd55b9a86c188f4f_w05.png,fd55b9a86c188f4f,5,Lab,Floating
train/pd/fd55b9a86c188f4f_w08.png,fd55b9a86c188f4f,8,Lab,Floating
train/pd/fd55b9a86c188f4f_w09.png,fd55b9a86c188f4f,9,Lab,Floating
train/pd/fd55b9a86c188f4f_w17.png,fd55b9a86c188f4f,17,Lab,Floating
train/pd/fd55b9a86c188f4f_w22.png,fd55b9a86c188f4f,22,Lab,Floating
train/pd/fd55b9a86c188f4f_w26.png,fd55b9a86c188f4f,26,Lab,Floating
train/pd/fd633c10c4194e51_w03.png,fd633c10c4194e51,3,Field,Void
train/pd/fd633c10c4194e51_w05.png,fd633c10c4194e51,5,Field,Void
train/pd/fd633c10c4194e51_w07.png,fd633c10c4194e51,7,Field,Void
train/pd/fd633c10c4194e51_w09.png,fd633c10c4194e51,9,Field,Void
train/pd/fd633c10c4194e51_w14.png,fd633c10c4194e51,14,Field,Void
train/pd/fd633c10c4194e51_w21.png,fd633c10c4194e51,21,Field,Void
train/pd/fd633c10c4194e51_w23.png,fd633c10c4194e51,23,Field,Void
train/pd/fd633c10c4194e51_w26.png,fd633c10c4194e51,26,Field,Void
train/pd/fd78931c8de494c7_w03.png,fd78931c8de494c7,3,Lab,Corona
train/pd/fd78931c8de494c7_w08.png,fd78931c8de494c7,8,Lab,Corona
train/pd/fd78931c8de494c7_w09.png,fd78931c8de494c7,9,Lab,Corona
train/pd/fd78931c8de494c7_w16.png,fd78931c8de494c7,16,Lab,Corona
train/pd/fd78931c8de494c7_w18.png,fd78931c8de494c7,18,Lab,Corona
train/pd/fd78931c8de494c7_w19.png,fd78931c8de494c7,19,Lab,Corona
train/pd/fd78931c8de494c7_w22.png,fd78931c8de494c7,22,Lab,Corona
train/pd/fd78931c8de494c7_w23.png,fd78931c8de494c7,23,Lab,Corona
train/pd/fd86697d676bf1b3_w00.png,fd86697d676bf1b3,0,Field,Void
train/pd/fd86697d676bf1b3_w08.png,fd86697d676bf1b3,8,Field,Void
train/pd/fd86697d676bf1b3_w12.png,fd86697d676bf1b3,12,Field,Void
train/pd/fd86697d676bf1b3_w14.png,fd86697d676bf1b3,14,Field,Void
train/pd/fd86697d676bf1b3_w18.png,fd86697d676bf1b3,18,Field,Void
train/pd/fd86697d676bf1b3_w20.png,fd86697d676bf1b3,20,Field,Void
train/pd/fd86697d676bf1b3_w24.png,fd86697d676bf1b3,24,Field,Void
train/pd/fd86697d676bf1b3_w25.png,fd86697d676bf1b3,25,Field,Void
train/pd/fd98e06b511e8b13_w05.png,fd98e06b511e8b13,5,Field,Void
train/pd/fd98e06b511e8b13_w06.png,fd98e06b511e8b13,6,Field,Void
train/pd/fd98e06b511e8b13_w17.png,fd98e06b511e8b13,17,Field,Void
train/pd/fd98e06b511e8b13_w20.png,fd98e06b511e8b13,20,Field,Void
train/pd/fd98e06b511e8b13_w23.png,fd98e06b511e8b13,23,Field,Void
train/pd/fd98e06b511e8b13_w24.png,fd98e06b511e8b13,24,Field,Void
train/pd/fd98e06b511e8b13_w26.png,fd98e06b511e8b13,26,Field,Void
train/pd/fd98e06b511e8b13_w27.png,fd98e06b511e8b13,27,Field,Void
train/pd/fe0a5e1ba45369f1_w05.png,fe0a5e1ba45369f1,5,Lab,Floating
train/pd/fe0a5e1ba45369f1_w07.png,fe0a5e1ba45369f1,7,Lab,Floating
train/pd/fe0a5e1ba45369f1_w08.png,fe0a5e1ba45369f1,8,Lab,Floating
train/pd/fe0a5e1ba45369f1_w12.png,fe0a5e1ba45369f1,12,Lab,Floating
train/pd/fe0a5e1ba45369f1_w13.png,fe0a5e1ba45369f1,13,Lab,Floating
train/pd/fe0a5e1ba45369f1_w16.png,fe0a5e1ba45369f1,16,Lab,Floating
train/pd/fe0a5e1ba45369f1_w17.png,fe0a5e1ba45369f1,17,Lab,Floating
train/pd/fe0a5e1ba45369f1_w23.png,fe0a5e1ba45369f1,23,Lab,Floating
train/pd/fe1aa82dbc31b458_w04.png,fe1aa82dbc31b458,4,Field,Void
train/pd/fe1aa82dbc31b458_w10.png,fe1aa82dbc31b458,10,Field,Void
train/pd/fe1aa82dbc31b458_w11.png,fe1aa82dbc31b458,11,Field,Void
train/pd/fe1aa82dbc31b458_w13.png,fe1aa82dbc31b458,13,Field,Void
train/pd/fe1aa82dbc31b458_w16.png,fe1aa82dbc31b458,16,Field,Void
train/pd/fe1aa82dbc31b458_w17.png,fe1aa82dbc31b458,17,Field,Void
train/pd/fe1aa82dbc31b458_w18.png,fe1aa82dbc31b458,18,Field,Void
train/pd/fe1aa82dbc31b458_w20.png,fe1aa82dbc31b458,20,Field,Void
train/pd/fe2288dfc1052679_w00.png,fe2288dfc1052679,0,Lab,Floating
train/pd/fe2288dfc1052679_w04.png,fe2288dfc1052679,4,Lab,Floating
train/pd/fe2288dfc1052679_w13.png,fe2288dfc1052679,13,Lab,Floating
train/pd/fe2288dfc1052679_w16.png,fe2288dfc1052679,16,Lab,Floating
train/pd/fe2288dfc1052679_w22.png,fe2288dfc1052679,22,Lab,Floating
train/pd/fe2288dfc1052679_w24.png,fe2288dfc1052679,24,Lab,Floating
train/pd/fe2288dfc1052679_w25.png,fe2288dfc1052679,25,Lab,Floating
train/pd/fe2288dfc1052679_w27.png,fe2288dfc1052679,27,Lab,Floating
train/pd/fe3203badefb7637_w00.png,fe3203badefb7637,0,Lab,Particle
train/pd/fe3203badefb7637_w04.png,fe3203badefb7637,4,Lab,Particle
train/pd/fe3203badefb7637_w08.png,fe3203badefb7637,8,Lab,Particle
train/pd/fe3203badefb7637_w11.png,fe3203badefb7637,11,Lab,Particle
train/pd/fe3203badefb7637_w13.png,fe3203badefb7637,13,Lab,Particle
train/pd/fe3203badefb7637_w17.png,fe3203badefb7637,17,Lab,Particle
train/pd/fe3203badefb7637_w21.png,fe3203badefb7637,21,Lab,Particle
train/pd/fe3203badefb7637_w25.png,fe3203badefb7637,25,Lab,Particle
train/pd/fe4dfe8a08673d73_w00.png,fe4dfe8a08673d73,0,Field,Void
train/pd/fe4dfe8a08673d73_w01.png,fe4dfe8a08673d73,1,Field,Void
train/pd/fe4dfe8a08673d73_w04.png,fe4dfe8a08673d73,4,Field,Void
train/pd/fe4dfe8a08673d73_w16.png,fe4dfe8a08673d73,16,Field,Void
train/pd/fe4dfe8a08673d73_w20.png,fe4dfe8a08673d73,20,Field,Void
train/pd/fe4dfe8a08673d73_w24.png,fe4dfe8a08673d73,24,Field,Void
train/pd/fe4dfe8a08673d73_w25.png,fe4dfe8a08673d73,25,Field,Void
train/pd/fe4dfe8a08673d73_w27.png,fe4dfe8a08673d73,27,Field,Void
train/pd/fef636810fa49fe7_w01.png,fef636810fa49fe7,1,Field,Floating
train/pd/fef636810fa49fe7_w05.png,fef636810fa49fe7,5,Field,Floating
train/pd/fef636810fa49fe7_w07.png,fef636810fa49fe7,7,Field,Floating
train/pd/fef636810fa49fe7_w12.png,fef636810fa49fe7,12,Field,Floating
train/pd/fef636810fa49fe7_w17.png,fef636810fa49fe7,17,Field,Floating
train/pd/fef636810fa49fe7_w19.png,fef636810fa49fe7,19,Field,Floating
train/pd/fef636810fa49fe7_w21.png,fef636810fa49fe7,21,Field,Floating
train/pd/fef636810fa49fe7_w24.png,fef636810fa49fe7,24,Field,Floating
train/pd/fef64897a4a61dad_w00.png,fef64897a4a61dad,0,Lab,Floating
train/pd/fef64897a4a61dad_w02.png,fef64897a4a61dad,2,Lab,Floating
train/pd/fef64897a4a61dad_w08.png,fef64897a4a61dad,8,Lab,Floating
train/pd/fef64897a4a61dad_w09.png,fef64897a4a61dad,9,Lab,Floating
train/pd/fef64897a4a61dad_w19.png,fef64897a4a61dad,19,Lab,Floating
train/pd/fef64897a4a61dad_w22.png,fef64897a4a61dad,22,Lab,Floating
train/pd/fef64897a4a61dad_w24.png,fef64897a4a61dad,24,Lab,Floating
train/pd/fef64897a4a61dad_w25.png,fef64897a4a61dad,25,Lab,Floating
train/pd/ff00d81c784ac8a7_w01.png,ff00d81c784ac8a7,1,Lab,Floating
train/pd/ff00d81c784ac8a7_w03.png,ff00d81c784ac8a7,3,Lab,Floating
train/pd/ff00d81c784ac8a7_w17.png,ff00d81c784ac8a7,17,Lab,Floating
train/pd/ff00d81c784ac8a7_w18.png,ff00d81c784ac8a7,18,Lab,Floating
train/pd/ff00d81c784ac8a7_w22.png,ff00d81c784ac8a7,22,Lab,Floating
train/pd/ff00d81c784ac8a7_w23.png,ff00d81c784ac8a7,23,Lab,Floating
train/pd/ff00d81c784ac8a7_w25.png,ff00d81c784ac8a7,25,Lab,Floating
train/pd/ff00d81c784ac8a7_w26.png,ff00d81c784ac8a7,26,Lab,Floating
train/pd/ff79d8b3c069aaab_w05.png,ff79d8b3c069aaab,5,Lab,Particle
train/pd/ff79d8b3c069aaab_w16.png,ff79d8b3c069aaab,16,Lab,Particle
train/pd/ff79d8b3c069aaab_w18.png,ff79d8b3c069aaab,18,Lab,Particle
train/pd/ff79d8b3c069aaab_w19.png,ff79d8b3c069aaab,19,Lab,Particle
train/pd/ff79d8b3c069aaab_w20.png,ff79d8b3c069aaab,20,Lab,Particle
train/pd/ff79d8b3c069aaab_w21.png,ff79d8b3c069aaab,21,Lab,Particle
train/pd/ff79d8b3c069aaab_w26.png,ff79d8b3c069aaab,26,Lab,Particle
train/pd/ff79d8b3c069aaab_w27.png,ff79d8b3c069aaab,27,Lab,Particle
train/pd/ff92d218ce249d7a_w01.png,ff92d218ce249d7a,1,Lab,Void
train/pd/ff92d218ce249d7a_w02.png,ff92d218ce249d7a,2,Lab,Void
train/pd/ff92d218ce249d7a_w04.png,ff92d218ce249d7a,4,Lab,Void
train/pd/ff92d218ce249d7a_w09.png,ff92d218ce249d7a,9,Lab,Void
train/pd/ff92d218ce249d7a_w15.png,ff92d218ce249d7a,15,Lab,Void
train/pd/ff92d218ce249d7a_w22.png,ff92d218ce249d7a,22,Lab,Void
train/pd/ff92d218ce249d7a_w23.png,ff92d218ce249d7a,23,Lab,Void
train/pd/ff92d218ce249d7a_w27.png,ff92d218ce249d7a,27,Lab,Void
train/pd/ffa2a056b79b34b9_w00.png,ffa2a056b79b34b9,0,Lab,Particle
train/pd/ffa2a056b79b34b9_w05.png,ffa2a056b79b34b9,5,Lab,Particle
train/pd/ffa2a056b79b34b9_w07.png,ffa2a056b79b34b9,7,Lab,Particle
train/pd/ffa2a056b79b34b9_w09.png,ffa2a056b79b34b9,9,Lab,Particle
train/pd/ffa2a056b79b34b9_w17.png,ffa2a056b79b34b9,17,Lab,Particle
train/pd/ffa2a056b79b34b9_w18.png,ffa2a056b79b34b9,18,Lab,Particle
train/pd/ffa2a056b79b34b9_w20.png,ffa2a056b79b34b9,20,Lab,Particle
train/pd/ffa2a056b79b34b9_w25.png,ffa2a056b79b34b9,25,Lab,Particle
