image_path,sample_id,window_idx,domain,label
train/noise/001568d14bfb264d_w01.png,001568d14bfb264d,1,Field,Noise
train/noise/001568d14bfb264d_w02.png,001568d14bfb264d,2,Field,Noise
train/noise/001568d14bfb264d_w08.png,001568d14bfb264d,8,Field,Noise
train/noise/001568d14bfb264d_w11.png,001568d14bfb264d,11,Field,Noise
train/noise/001568d14bfb264d_w13.png,001568d14bfb264d,13,Field,Noise
train/noise/001568d14bfb264d_w14.png,001568d14bfb264d,14,Field,Noise
train/noise/001568d14bfb264d_w16.png,001568d14bfb264d,16,Field,Noise
train/noise/001568d14bfb264d_w19.png,001568d14bfb264d,19,Field,Noise
train/noise/002471f3fcbacb0f_w02.png,002471f3fcbacb0f,2,Field,Noise
train/noise/002471f3fcbacb0f_w05.png,002471f3fcbacb0f,5,Field,Noise
train/noise/002471f3fcbacb0f_w10.png,002471f3fcbacb0f,10,Field,Noise
train/noise/002471f3fcbacb0f_w11.png,002471f3fcbacb0f,11,Field,Noise
train/noise/002471f3fcbacb0f_w17.png,002471f3fcbacb0f,17,Field,Noise
train/noise/002471f3fcbacb0f_w19.png,002471f3fcbacb0f,19,Field,Noise
train/noise/002471f3fcbacb0f_w21.png,002471f3fcbacb0f,21,Field,Noise
train/noise/002471f3fcbacb0f_w22.png,002471f3fcbacb0f,22,Field,Noise
train/noise/00735a963743eb60_w02.png,00735a963743eb60,2,Field,Noise
train/noise/00735a963743eb60_w07.png,00735a963743eb60,7,Field,Noise
train/noise/00735a963743eb60_w16.png,00735a963743eb60,16,Field,Noise
train/noise/00735a963743eb60_w18.png,00735a963743eb60,18,Field,Noise
train/noise/00735a963743eb60_w20.png,00735a963743eb60,20,Field,Noise
train/noise/00735a963743eb60_w23.png,00735a963743eb60,23,Field,Noise
train/noise/00735a963743eb60_w24.png,00735a963743eb60,24,Field,Noise
train/noise/00735a963743eb60_w26.png,00735a963743eb60,26,Field,Noise
train/noise/00b727195f9c1b69_w06.png,00b727195f9c1b69,6,Field,Noise
train/noise/00b727195f9c1b69_w08.png,00b727195f9c1b69,8,Field,Noise
train/noise/00b727195f9c1b69_w09.png,00b727195f9c1b69,9,Field,Noise
train/noise/00b727195f9c1b69_w10.png,00b727195f9c1b69,10,Field,Noise
train/noise/00b727195f9c1b69_w13.png,00b727195f9c1b69,13,Field,Noise
train/noise/00b727195f9c1b69_w19.png,00b727195f9c1b69,19,Field,Noise
train/noise/00b727195f9c1b69_w22.png,00b727195f9c1b69,22,Field,Noise
train/noise/00b727195f9c1b69_w25.png,00b727195f9c1b69,25,Field,Noise
train/noise/00c5c9534e5b054b_w00.png,00c5c9534e5b054b,0,Field,Noise
train/noise/00c5c9534e5b054b_w01.png,00c5c9534e5b054b,1,Field,Noise
train/noise/00c5c9534e5b054b_w07.png,00c5c9534e5b054b,7,Field,Noise
train/noise/00c5c9534e5b054b_w12.png,00c5c9534e5b054b,12,Field,Noise
train/noise/00c5c9534e5b054b_w14.png,00c5c9534e5b054b,14,Field,Noise
train/noise/00c5c9534e5b054b_w18.png,00c5c9534e5b054b,18,Field,Noise
train/noise/00c5c9534e5b054b_w20.png,00c5c9534e5b054b,20,Field,Noise
train/noise/00c5c9534e5b054b_w23.png,00c5c9534e5b054b,23,Field,Noise
train/noise/00cd084c581944e4_w00.png,00cd084c581944e4,0,Field,Noise
train/noise/00cd084c581944e4_w02.png,00cd084c581944e4,2,Field,Noise
train/noise/00cd084c581944e4_w08.png,00cd084c581944e4,8,Field,Noise
train/noise/00cd084c581944e4_w13.png,00cd084c581944e4,13,Field,Noise
train/noise/00cd084c581944e4_w14.png,00cd084c581944e4,14,Field,Noise
train/noise/00cd084c581944e4_w16.png,00cd084c581944e4,16,Field,Noise
train/noise/00cd084c581944e4_w18.png,00cd084c581944e4,18,Field,Noise
train/noise/00cd084c581944e4_w24.png,00cd084c581944e4,24,Field,Noise
train/noise/00ed5017f66573dc_w00.png,00ed5017f66573dc,0,Field,Noise
train/noise/00ed5017f66573dc_w01.png,00ed5017f66573dc,1,Field,Noise
train/noise/00ed5017f66573dc_w09.png,00ed5017f66573dc,9,Field,Noise
train/noise/00ed5017f66573dc_w12.png,00ed5017f66573dc,12,Field,Noise
train/noise/00ed5017f66573dc_w16.png,00ed5017f66573dc,16,Field,Noise
train/noise/00ed5017f66573dc_w17.png,00ed5017f66573dc,17,Field,Noise
train/noise/00ed5017f66573dc_w19.png,00ed5017f66573dc,19,Field,Noise
train/noise/00ed5017f66573dc_w21.png,00ed5017f66573dc,21,Field,Noise
train/noise/0141913eaea5b3cf_w04.png,0141913eaea5b3cf,4,Lab,Noise
train/noise/0141913eaea5b3cf_w06.png,0141913eaea5b3cf,6,Lab,Noise
train/noise/0141913eaea5b3cf_w12.png,0141913eaea5b3cf,12,Lab,Noise
train/noise/0141913eaea5b3cf_w15.png,0141913eaea5b3cf,15,Lab,Noise
train/noise/0141913eaea5b3cf_w21.png,0141913eaea5b3cf,21,Lab,Noise
train/noise/0141913eaea5b3cf_w22.png,0141913eaea5b3cf,22,Lab,Noise
train/noise/0141913eaea5b3cf_w23.png,0141913eaea5b3cf,23,Lab,Noise
train/noise/0141913eaea5b3cf_w25.png,0141913eaea5b3cf,25,Lab,Noise
train/noise/01d834b201436cc2_w00.png,01d834b201436cc2,0,Field,Noise
train/noise/01d834b201436cc2_w03.png,01d834b201436cc2,3,Field,Noise
train/noise/01d834b201436cc2_w05.png,01d834b201436cc2,5,Field,Noise
train/noise/01d834b201436cc2_w13.png,01d834b201436cc2,13,Field,Noise
train/noise/01d834b201436cc2_w15.png,01d834b201436cc2,15,Field,Noise
train/noise/01d834b201436cc2_w16.png,01d834b201436cc2,16,Field,Noise
train/noise/01d834b201436cc2_w20.png,01d834b201436cc2,20,Field,Noise
train/noise/01d834b201436cc2_w21.png,01d834b201436cc2,21,Field,Noise
train/noise/02ecfd4d87feb9ed_w00.png,02ecfd4d87feb9ed,0,Field,Noise
train/noise/02ecfd4d87feb9ed_w01.png,02ecfd4d87feb9ed,1,Field,Noise
train/noise/02ecfd4d87feb9ed_w05.png,02ecfd4d87feb9ed,5,Field,Noise
train/noise/02ecfd4d87feb9ed_w12.png,02ecfd4d87feb9ed,12,Field,Noise
train/noise/02ecfd4d87feb9ed_w14.png,02ecfd4d87feb9ed,14,Field,Noise
train/noise/02ecfd4d87feb9ed_w19.png,02ecfd4d87feb9ed,19,Field,Noise
train/noise/02ecfd4d87feb9ed_w25.png,02ecfd4d87feb9ed,25,Field,Noise
train/noise/02ecfd4d87feb9ed_w26.png,02ecfd4d87feb9ed,26,Field,Noise
train/noise/02f213ee3eaae262_w10.png,02f213ee3eaae262,10,Field,Noise
train/noise/02f213ee3eaae262_w12.png,02f213ee3eaae262,12,Field,Noise
train/noise/02f213ee3eaae262_w14.png,02f213ee3eaae262,14,Field,Noise
train/noise/02f213ee3eaae262_w15.png,02f213ee3eaae262,15,Field,Noise
train/noise/02f213ee3eaae262_w16.png,02f213ee3eaae262,16,Field,Noise
train/noise/02f213ee3eaae262_w25.png,02f213ee3eaae262,25,Field,Noise
train/noise/02f213ee3eaae262_w26.png,02f213ee3eaae262,26,Field,Noise
train/noise/02f213ee3eaae262_w27.png,02f213ee3eaae262,27,Field,Noise
train/noise/02f4bb7b47ed9639_w00.png,02f4bb7b47ed9639,0,Lab,Noise
train/noise/02f4bb7b47ed9639_w08.png,02f4bb7b47ed9639,8,Lab,Noise
train/noise/02f4bb7b47ed9639_w09.png,02f4bb7b47ed9639,9,Lab,Noise
train/noise/02f4bb7b47ed9639_w14.png,02f4bb7b47ed9639,14,Lab,Noise
train/noise/02f4bb7b47ed9639_w20.png,02f4bb7b47ed9639,20,Lab,Noise
train/noise/02f4bb7b47ed9639_w22.png,02f4bb7b47ed9639,22,Lab,Noise
train/noise/02f4bb7b47ed9639_w24.png,02f4bb7b47ed9639,24,Lab,Noise
train/noise/02f4bb7b47ed9639_w25.png,02f4bb7b47ed9639,25,Lab,Noise
train/noise/033820c1cb6a2e9a_w05.png,033820c1cb6a2e9a,5,Field,Noise
train/noise/033820c1cb6a2e9a_w06.png,033820c1cb6a2e9a,6,Field,Noise
train/noise/033820c1cb6a2e9a_w13.png,033820c1cb6a2e9a,13,Field,Noise
train/noise/033820c1cb6a2e9a_w14.png,033820c1cb6a2e9a,14,Field,Noise
train/noise/033820c1cb6a2e9a_w18.png,033820c1cb6a2e9a,18,Field,Noise
train/noise/033820c1cb6a2e9a_w19.png,033820c1cb6a2e9a,19,Field,Noise
train/noise/033820c1cb6a2e9a_w20.png,033820c1cb6a2e9a,20,Field,Noise
train/noise/033820c1cb6a2e9a_w23.png,033820c1cb6a2e9a,23,Field,Noise
train/noise/034899569be3cb26_w00.png,034899569be3cb26,0,Field,Noise
train/noise/034899569be3cb26_w03.png,034899569be3cb26,3,Field,Noise
train/noise/034899569be3cb26_w07.png,034899569be3cb26,7,Field,Noise
train/noise/034899569be3cb26_w08.png,034899569be3cb26,8,Field,Noise
train/noise/034899569be3cb26_w11.png,034899569be3cb26,11,Field,Noise
train/noise/034899569be3cb26_w12.png,034899569be3cb26,12,Field,Noise
train/noise/034899569be3cb26_w23.png,034899569be3cb26,23,Field,Noise
train/noise/034899569be3cb26_w25.png,034899569be3cb26,25,Field,Noise
train/noise/03751e1c73153b1c_w09.png,03751e1c73153b1c,9,Field,Noise
train/noise/03751e1c73153b1c_w12.png,03751e1c73153b1c,12,Field,Noise
train/noise/03751e1c73153b1c_w13.png,03751e1c73153b1c,13,Field,Noise
train/noise/03751e1c73153b1c_w15.png,03751e1c73153b1c,15,Field,Noise
train/noise/03751e1c73153b1c_w21.png,03751e1c73153b1c,21,Field,Noise
train/noise/03751e1c73153b1c_w24.png,03751e1c73153b1c,24,Field,Noise
train/noise/03751e1c73153b1c_w26.png,03751e1c73153b1c,26,Field,Noise
train/noise/03751e1c73153b1c_w27.png,03751e1c73153b1c,27,Field,Noise
train/noise/039ec3feb4fd4ad2_w03.png,039ec3feb4fd4ad2,3,Field,Noise
train/noise/039ec3feb4fd4ad2_w07.png,039ec3feb4fd4ad2,7,Field,Noise
train/noise/039ec3feb4fd4ad2_w09.png,039ec3feb4fd4ad2,9,Field,Noise
train/noise/039ec3feb4fd4ad2_w12.png,039ec3feb4fd4ad2,12,Field,Noise
train/noise/039ec3feb4fd4ad2_w14.png,039ec3feb4fd4ad2,14,Field,Noise
train/noise/039ec3feb4fd4ad2_w15.png,039ec3feb4fd4ad2,15,Field,Noise
train/noise/039ec3feb4fd4ad2_w26.png,039ec3feb4fd4ad2,26,Field,Noise
train/noise/039ec3feb4fd4ad2_w27.png,039ec3feb4fd4ad2,27,Field,Noise
train/noise/0404f62d0c05083c_w01.png,0404f62d0c05083c,1,Field,Noise
train/noise/0404f62d0c05083c_w03.png,0404f62d0c05083c,3,Field,Noise
train/noise/0404f62d0c05083c_w08.png,0404f62d0c05083c,8,Field,Noise
train/noise/0404f62d0c05083c_w09.png,0404f62d0c05083c,9,Field,Noise
train/noise/0404f62d0c05083c_w13.png,0404f62d0c05083c,13,Field,Noise
train/noise/0404f62d0c05083c_w15.png,0404f62d0c05083c,15,Field,Noise
train/noise/0404f62d0c05083c_w19.png,0404f62d0c05083c,19,Field,Noise
train/noise/0404f62d0c05083c_w27.png,0404f62d0c05083c,27,Field,Noise
train/noise/041ae2cd3f93f54d_w00.png,041ae2cd3f93f54d,0,Field,Noise
train/noise/041ae2cd3f93f54d_w02.png,041ae2cd3f93f54d,2,Field,Noise
train/noise/041ae2cd3f93f54d_w05.png,041ae2cd3f93f54d,5,Field,Noise
train/noise/041ae2cd3f93f54d_w11.png,041ae2cd3f93f54d,11,Field,Noise
train/noise/041ae2cd3f93f54d_w13.png,041ae2cd3f93f54d,13,Field,Noise
train/noise/041ae2cd3f93f54d_w17.png,041ae2cd3f93f54d,17,Field,Noise
train/noise/041ae2cd3f93f54d_w23.png,041ae2cd3f93f54d,23,Field,Noise
train/noise/041ae2cd3f93f54d_w27.png,041ae2cd3f93f54d,27,Field,Noise
train/noise/04302ea872fd9c22_w00.png,04302ea872fd9c22,0,Field,Noise
train/noise/04302ea872fd9c22_w02.png,04302ea872fd9c22,2,Field,Noise
train/noise/04302ea872fd9c22_w04.png,04302ea872fd9c22,4,Field,Noise
train/noise/04302ea872fd9c22_w06.png,04302ea872fd9c22,6,Field,Noise
train/noise/04302ea872fd9c22_w07.png,04302ea872fd9c22,7,Field,Noise
train/noise/04302ea872fd9c22_w15.png,04302ea872fd9c22,15,Field,Noise
train/noise/04302ea872fd9c22_w18.png,04302ea872fd9c22,18,Field,Noise
train/noise/04302ea872fd9c22_w24.png,04302ea872fd9c22,24,Field,Noise
train/noise/0449ec6e0a42eb6c_w00.png,0449ec6e0a42eb6c,0,Field,Noise
train/noise/0449ec6e0a42eb6c_w03.png,0449ec6e0a42eb6c,3,Field,Noise
train/noise/0449ec6e0a42eb6c_w07.png,0449ec6e0a42eb6c,7,Field,Noise
train/noise/0449ec6e0a42eb6c_w10.png,0449ec6e0a42eb6c,10,Field,Noise
train/noise/0449ec6e0a42eb6c_w15.png,0449ec6e0a42eb6c,15,Field,Noise
train/noise/0449ec6e0a42eb6c_w20.png,0449ec6e0a42eb6c,20,Field,Noise
train/noise/0449ec6e0a42eb6c_w26.png,0449ec6e0a42eb6c,26,Field,Noise
train/noise/0449ec6e0a42eb6c_w27.png,0449ec6e0a42eb6c,27,Field,Noise
train/noise/0485a2a024f8d2fc_w01.png,0485a2a024f8d2fc,1,Field,Noise
train/noise/0485a2a024f8d2fc_w07.png,0485a2a024f8d2fc,7,Field,Noise
train/noise/0485a2a024f8d2fc_w09.png,0485a2a024f8d2fc,9,Field,Noise
train/noise/0485a2a024f8d2fc_w12.png,0485a2a024f8d2fc,12,Field,Noise
train/noise/0485a2a024f8d2fc_w13.png,0485a2a024f8d2fc,13,Field,Noise
train/noise/0485a2a024f8d2fc_w18.png,0485a2a024f8d2fc,18,Field,Noise
train/noise/0485a2a024f8d2fc_w19.png,0485a2a024f8d2fc,19,Field,Noise
train/noise/0485a2a024f8d2fc_w24.png,0485a2a024f8d2fc,24,Field,Noise
train/noise/0490210ca168eb67_w02.png,0490210ca168eb67,2,Field,Noise
train/noise/0490210ca168eb67_w05.png,0490210ca168eb67,5,Field,Noise
train/noise/0490210ca168eb67_w12.png,0490210ca168eb67,12,Field,Noise
train/noise/0490210ca168eb67_w13.png,0490210ca168eb67,13,Field,Noise
train/noise/0490210ca168eb67_w14.png,0490210ca168eb67,14,Field,Noise
train/noise/0490210ca168eb67_w20.png,0490210ca168eb67,20,Field,Noise
train/noise/0490210ca168eb67_w22.png,0490210ca168eb67,22,Field,Noise
train/noise/0490210ca168eb67_w23.png,0490210ca168eb67,23,Field,Noise
train/noise/04a3d2a4210f462a_w00.png,04a3d2a4210f462a,0,Field,Noise
train/noise/04a3d2a4210f462a_w01.png,04a3d2a4210f462a,1,Field,Noise
train/noise/04a3d2a4210f462a_w02.png,04a3d2a4210f462a,2,Field,Noise
train/noise/04a3d2a4210f462a_w05.png,04a3d2a4210f462a,5,Field,Noise
train/noise/04a3d2a4210f462a_w07.png,04a3d2a4210f462a,7,Field,Noise
train/noise/04a3d2a4210f462a_w09.png,04a3d2a4210f462a,9,Field,Noise
train/noise/04a3d2a4210f462a_w20.png,04a3d2a4210f462a,20,Field,Noise
train/noise/04a3d2a4210f462a_w25.png,04a3d2a4210f462a,25,Field,Noise
train/noise/04d989413ae82a35_w07.png,04d989413ae82a35,7,Field,Noise
train/noise/04d989413ae82a35_w10.png,04d989413ae82a35,10,Field,Noise
train/noise/04d989413ae82a35_w11.png,04d989413ae82a35,11,Field,Noise
train/noise/04d989413ae82a35_w19.png,04d989413ae82a35,19,Field,Noise
train/noise/04d989413ae82a35_w20.png,04d989413ae82a35,20,Field,Noise
train/noise/04d989413ae82a35_w22.png,04d989413ae82a35,22,Field,Noise
train/noise/04d989413ae82a35_w23.png,04d989413ae82a35,23,Field,Noise
train/noise/04d989413ae82a35_w25.png,04d989413ae82a35,25,Field,Noise
train/noise/050f0fc4f5999a1b_w02.png,050f0fc4f5999a1b,2,Lab,Noise
train/noise/050f0fc4f5999a1b_w03.png,050f0fc4f5999a1b,3,Lab,Noise
train/noise/050f0fc4f5999a1b_w05.png,050f0fc4f5999a1b,5,Lab,Noise
train/noise/050f0fc4f5999a1b_w14.png,050f0fc4f5999a1b,14,Lab,Noise
train/noise/050f0fc4f5999a1b_w15.png,050f0fc4f5999a1b,15,Lab,Noise
train/noise/050f0fc4f5999a1b_w20.png,050f0fc4f5999a1b,20,Lab,Noise
train/noise/050f0fc4f5999a1b_w21.png,050f0fc4f5999a1b,21,Lab,Noise
train/noise/050f0fc4f5999a1b_w27.png,050f0fc4f5999a1b,27,Lab,Noise
train/noise/051c6e9fdc436442_w00.png,051c6e9fdc436442,0,Lab,Noise
train/noise/051c6e9fdc436442_w03.png,051c6e9fdc436442,3,Lab,Noise
train/noise/051c6e9fdc436442_w10.png,051c6e9fdc436442,10,Lab,Noise
train/noise/051c6e9fdc436442_w16.png,051c6e9fdc436442,16,Lab,Noise
train/noise/051c6e9fdc436442_w21.png,051c6e9fdc436442,21,Lab,Noise
train/noise/051c6e9fdc436442_w22.png,051c6e9fdc436442,22,Lab,Noise
train/noise/051c6e9fdc436442_w25.png,051c6e9fdc436442,25,Lab,Noise
train/noise/051c6e9fdc436442_w26.png,051c6e9fdc436442,26,Lab,Noise
train/noise/05454ec1ded87bd2_w00.png,05454ec1ded87bd2,0,Lab,Noise
train/noise/05454ec1ded87bd2_w01.png,05454ec1ded87bd2,1,Lab,Noise
train/noise/05454ec1ded87bd2_w03.png,05454ec1ded87bd2,3,Lab,Noise
train/noise/05454ec1ded87bd2_w11.png,05454ec1ded87bd2,11,Lab,Noise
train/noise/05454ec1ded87bd2_w14.png,05454ec1ded87bd2,14,Lab,Noise
train/noise/05454ec1ded87bd2_w17.png,05454ec1ded87bd2,17,Lab,Noise
train/noise/05454ec1ded87bd2_w22.png,05454ec1ded87bd2,22,Lab,Noise
train/noise/05454ec1ded87bd2_w27.png,05454ec1ded87bd2,27,Lab,Noise
train/noise/05a1bb143abc9243_w00.png,05a1bb143abc9243,0,Field,Noise
train/noise/05a1bb143abc9243_w01.png,05a1bb143abc9243,1,Field,Noise
train/noise/05a1bb143abc9243_w02.png,05a1bb143abc9243,2,Field,Noise
train/noise/05a1bb143abc9243_w03.png,05a1bb143abc9243,3,Field,Noise
train/noise/05a1bb143abc9243_w10.png,05a1bb143abc9243,10,Field,Noise
train/noise/05a1bb143abc9243_w16.png,05a1bb143abc9243,16,Field,Noise
train/noise/05a1bb143abc9243_w24.png,05a1bb143abc9243,24,Field,Noise
train/noise/05a1bb143abc9243_w25.png,05a1bb143abc9243,25,Field,Noise
train/noise/06175ecd890fb7af_w05.png,06175ecd890fb7af,5,Field,Noise
train/noise/06175ecd890fb7af_w06.png,06175ecd890fb7af,6,Field,Noise
train/noise/06175ecd890fb7af_w08.png,06175ecd890fb7af,8,Field,Noise
train/noise/06175ecd890fb7af_w09.png,06175ecd890fb7af,9,Field,Noise
train/noise/06175ecd890fb7af_w12.png,06175ecd890fb7af,12,Field,Noise
train/noise/06175ecd890fb7af_w14.png,06175ecd890fb7af,14,Field,Noise
train/noise/06175ecd890fb7af_w17.png,06175ecd890fb7af,17,Field,Noise
train/noise/06175ecd890fb7af_w22.png,06175ecd890fb7af,22,Field,Noise
train/noise/062d9a217b2c70ae_w00.png,062d9a217b2c70ae,0,Field,Noise
train/noise/062d9a217b2c70ae_w07.png,062d9a217b2c70ae,7,Field,Noise
train/noise/062d9a217b2c70ae_w08.png,062d9a217b2c70ae,8,Field,Noise
train/noise/062d9a217b2c70ae_w09.png,062d9a217b2c70ae,9,Field,Noise
train/noise/062d9a217b2c70ae_w10.png,062d9a217b2c70ae,10,Field,Noise
train/noise/062d9a217b2c70ae_w12.png,062d9a217b2c70ae,12,Field,Noise
train/noise/062d9a217b2c70ae_w14.png,062d9a217b2c70ae,14,Field,Noise
train/noise/062d9a217b2c70ae_w24.png,062d9a217b2c70ae,24,Field,Noise
train/noise/067a7f0a8354e2b1_w10.png,067a7f0a8354e2b1,10,Field,Noise
train/noise/067a7f0a8354e2b1_w14.png,067a7f0a8354e2b1,14,Field,Noise
train/noise/067a7f0a8354e2b1_w17.png,067a7f0a8354e2b1,17,Field,Noise
train/noise/067a7f0a8354e2b1_w18.png,067a7f0a8354e2b1,18,Field,Noise
train/noise/067a7f0a8354e2b1_w19.png,067a7f0a8354e2b1,19,Field,Noise
train/noise/067a7f0a8354e2b1_w23.png,067a7f0a8354e2b1,23,Field,Noise
train/noise/067a7f0a8354e2b1_w24.png,067a7f0a8354e2b1,24,Field,Noise
train/noise/067a7f0a8354e2b1_w25.png,067a7f0a8354e2b1,25,Field,Noise
train/noise/06da8eeede77219d_w03.png,06da8eeede77219d,3,Field,Noise
train/noise/06da8eeede77219d_w04.png,06da8eeede77219d,4,Field,Noise
train/noise/06da8eeede77219d_w11.png,06da8eeede77219d,11,Field,Noise
train/noise/06da8eeede77219d_w12.png,06da8eeede77219d,12,Field,Noise
train/noise/06da8eeede77219d_w14.png,06da8eeede77219d,14,Field,Noise
train/noise/06da8eeede77219d_w22.png,06da8eeede77219d,22,Field,Noise
train/noise/06da8eeede77219d_w24.png,06da8eeede77219d,24,Field,Noise
train/noise/06da8eeede77219d_w26.png,06da8eeede77219d,26,Field,Noise
train/noise/08b1439c42371a4b_w04.png,08b1439c42371a4b,4,Field,Noise
train/noise/08b1439c42371a4b_w05.png,08b1439c42371a4b,5,Field,Noise
train/noise/08b1439c42371a4b_w06.png,08b1439c42371a4b,6,Field,Noise
train/noise/08b1439c42371a4b_w08.png,08b1439c42371a4b,8,Field,Noise
train/noise/08b1439c42371a4b_w18.png,08b1439c42371a4b,18,Field,Noise
train/noise/08b1439c42371a4b_w23.png,08b1439c42371a4b,23,Field,Noise
train/noise/08b1439c42371a4b_w24.png,08b1439c42371a4b,24,Field,Noise
train/noise/08b1439c42371a4b_w27.png,08b1439c42371a4b,27,Field,Noise
train/noise/08c970fab0a8a778_w00.png,08c970fab0a8a778,0,Lab,Noise
train/noise/08c970fab0a8a778_w03.png,08c970fab0a8a778,3,Lab,Noise
train/noise/08c970fab0a8a778_w05.png,08c970fab0a8a778,5,Lab,Noise
train/noise/08c970fab0a8a778_w10.png,08c970fab0a8a778,10,Lab,Noise
train/noise/08c970fab0a8a778_w11.png,08c970fab0a8a778,11,Lab,Noise
train/noise/08c970fab0a8a778_w14.png,08c970fab0a8a778,14,Lab,Noise
train/noise/08c970fab0a8a778_w18.png,08c970fab0a8a778,18,Lab,Noise
train/noise/08c970fab0a8a778_w26.png,08c970fab0a8a778,26,Lab,Noise
train/noise/09786fa8d6e7a506_w01.png,09786fa8d6e7a506,1,Field,Noise
train/noise/09786fa8d6e7a506_w02.png,09786fa8d6e7a506,2,Field,Noise
train/noise/09786fa8d6e7a506_w03.png,09786fa8d6e7a506,3,Field,Noise
train/noise/09786fa8d6e7a506_w04.png,09786fa8d6e7a506,4,Field,Noise
train/noise/09786fa8d6e7a506_w05.png,09786fa8d6e7a506,5,Field,Noise
train/noise/09786fa8d6e7a506_w07.png,09786fa8d6e7a506,7,Field,Noise
train/noise/09786fa8d6e7a506_w15.png,09786fa8d6e7a506,15,Field,Noise
train/noise/09786fa8d6e7a506_w27.png,09786fa8d6e7a506,27,Field,Noise
train/noise/09ae387a65b7509c_w02.png,09ae387a65b7509c,2,Field,Noise
train/noise/09ae387a65b7509c_w03.png,09ae387a65b7509c,3,Field,Noise
train/noise/09ae387a65b7509c_w09.png,09ae387a65b7509c,9,Field,Noise
train/noise/09ae387a65b7509c_w13.png,09ae387a65b7509c,13,Field,Noise
train/noise/09ae387a65b7509c_w14.png,09ae387a65b7509c,14,Field,Noise
train/noise/09ae387a65b7509c_w22.png,09ae387a65b7509c,22,Field,Noise
train/noise/09ae387a65b7509c_w26.png,09ae387a65b7509c,26,Field,Noise
train/noise/09ae387a65b7509c_w27.png,09ae387a65b7509c,27,Field,Noise
train/noise/0a1d17053e6b17f6_w04.png,0a1d17053e6b17f6,4,Lab,Noise
train/noise/0a1d17053e6b17f6_w06.png,0a1d17053e6b17f6,6,Lab,Noise
train/noise/0a1d17053e6b17f6_w08.png,0a1d17053e6b17f6,8,Lab,Noise
train/noise/0a1d17053e6b17f6_w16.png,0a1d17053e6b17f6,16,Lab,Noise
train/noise/0a1d17053e6b17f6_w17.png,0a1d17053e6b17f6,17,Lab,Noise
train/noise/0a1d17053e6b17f6_w18.png,0a1d17053e6b17f6,18,Lab,Noise
train/noise/0a1d17053e6b17f6_w19.png,0a1d17053e6b17f6,19,Lab,Noise
train/noise/0a1d17053e6b17f6_w21.png,0a1d17053e6b17f6,21,Lab,Noise
train/noise/0acd3e3d58b4f272_w03.png,0acd3e3d58b4f272,3,Field,Noise
train/noise/0acd3e3d58b4f272_w09.png,0acd3e3d58b4f272,9,Field,Noise
train/noise/0acd3e3d58b4f272_w11.png,0acd3e3d58b4f272,11,Field,Noise
train/noise/0acd3e3d58b4f272_w17.png,0acd3e3d58b4f272,17,Field,Noise
train/noise/0acd3e3d58b4f272_w20.png,0acd3e3d58b4f272,20,Field,Noise
train/noise/0acd3e3d58b4f272_w23.png,0acd3e3d58b4f272,23,Field,Noise
train/noise/0acd3e3d58b4f272_w25.png,0acd3e3d58b4f272,25,Field,Noise
train/noise/0acd3e3d58b4f272_w26.png,0acd3e3d58b4f272,26,Field,Noise
train/noise/0b0d2c02d539bd29_w00.png,0b0d2c02d539bd29,0,Field,Noise
train/noise/0b0d2c02d539bd29_w10.png,0b0d2c02d539bd29,10,Field,Noise
train/noise/0b0d2c02d539bd29_w14.png,0b0d2c02d539bd29,14,Field,Noise
train/noise/0b0d2c02d539bd29_w21.png,0b0d2c02d539bd29,21,Field,Noise
train/noise/0b0d2c02d539bd29_w24.png,0b0d2c02d539bd29,24,Field,Noise
train/noise/0b0d2c02d539bd29_w25.png,0b0d2c02d539bd29,25,Field,Noise
train/noise/0b0d2c02d539bd29_w26.png,0b0d2c02d539bd29,26,Field,Noise
train/noise/0b0d2c02d539bd29_w27.png,0b0d2c02d539bd29,27,Field,Noise
train/noise/0b0e5bf1047ada9a_w00.png,0b0e5bf1047ada9a,0,Field,Noise
train/noise/0b0e5bf1047ada9a_w04.png,0b0e5bf1047ada9a,4,Field,Noise
train/noise/0b0e5bf1047ada9a_w10.png,0b0e5bf1047ada9a,10,Field,Noise
train/noise/0b0e5bf1047ada9a_w12.png,0b0e5bf1047ada9a,12,Field,Noise
train/noise/0b0e5bf1047ada9a_w17.png,0b0e5bf1047ada9a,17,Field,Noise
train/noise/0b0e5bf1047ada9a_w19.png,0b0e5bf1047ada9a,19,Field,Noise
train/noise/0b0e5bf1047ada9a_w22.png,0b0e5bf1047ada9a,22,Field,Noise
train/noise/0b0e5bf1047ada9a_w24.png,0b0e5bf1047ada9a,24,Field,Noise
train/noise/0b9cf4ddff8bea51_w12.png,0b9cf4ddff8bea51,12,Field,Noise
train/noise/0b9cf4ddff8bea51_w13.png,0b9cf4ddff8bea51,13,Field,Noise
train/noise/0b9cf4ddff8bea51_w14.png,0b9cf4ddff8bea51,14,Field,Noise
train/noise/0b9cf4ddff8bea51_w15.png,0b9cf4ddff8bea51,15,Field,Noise
train/noise/0b9cf4ddff8bea51_w19.png,0b9cf4ddff8bea51,19,Field,Noise
train/noise/0b9cf4ddff8bea51_w23.png,0b9cf4ddff8bea51,23,Field,Noise
train/noise/0b9cf4ddff8bea51_w26.png,0b9cf4ddff8bea51,26,Field,Noise
train/noise/0b9cf4ddff8bea51_w27.png,0b9cf4ddff8bea51,27,Field,Noise
train/noise/0c065fddb0199136_w02.png,0c065fddb0199136,2,Field,Noise
train/noise/0c065fddb0199136_w04.png,0c065fddb0199136,4,Field,Noise
train/noise/0c065fddb0199136_w05.png,0c065fddb0199136,5,Field,Noise
train/noise/0c065fddb0199136_w08.png,0c065fddb0199136,8,Field,Noise
train/noise/0c065fddb0199136_w12.png,0c065fddb0199136,12,Field,Noise
train/noise/0c065fddb0199136_w13.png,0c065fddb0199136,13,Field,Noise
train/noise/0c065fddb0199136_w20.png,0c065fddb0199136,20,Field,Noise
train/noise/0c065fddb0199136_w26.png,0c065fddb0199136,26,Field,Noise
train/noise/0c7ecfbd750a6a56_w01.png,0c7ecfbd750a6a56,1,Field,Noise
train/noise/0c7ecfbd750a6a56_w07.png,0c7ecfbd750a6a56,7,Field,Noise
train/noise/0c7ecfbd750a6a56_w09.png,0c7ecfbd750a6a56,9,Field,Noise
train/noise/0c7ecfbd750a6a56_w11.png,0c7ecfbd750a6a56,11,Field,Noise
train/noise/0c7ecfbd750a6a56_w12.png,0c7ecfbd750a6a56,12,Field,Noise
train/noise/0c7ecfbd750a6a56_w14.png,0c7ecfbd750a6a56,14,Field,Noise
train/noise/0c7ecfbd750a6a56_w21.png,0c7ecfbd750a6a56,21,Field,Noise
train/noise/0c7ecfbd750a6a56_w24.png,0c7ecfbd750a6a56,24,Field,Noise
train/noise/0c81c23296c3b960_w00.png,0c81c23296c3b960,0,Field,Noise
train/noise/0c81c23296c3b960_w04.png,0c81c23296c3b960,4,Field,Noise
train/noise/0c81c23296c3b960_w05.png,0c81c23296c3b960,5,Field,Noise
train/noise/0c81c23296c3b960_w06.png,0c81c23296c3b960,6,Field,Noise
train/noise/0c81c23296c3b960_w12.png,0c81c23296c3b960,12,Field,Noise
train/noise/0c81c23296c3b960_w16.png,0c81c23296c3b960,16,Field,Noise
train/noise/0c81c23296c3b960_w22.png,0c81c23296c3b960,22,Field,Noise
train/noise/0c81c23296c3b960_w23.png,0c81c23296c3b960,23,Field,Noise
train/noise/0c9902bd009944d0_w11.png,0c9902bd009944d0,11,Field,Noise
train/noise/0c9902bd009944d0_w12.png,0c9902bd009944d0,12,Field,Noise
train/noise/0c9902bd009944d0_w14.png,0c9902bd009944d0,14,Field,Noise
train/noise/0c9902bd009944d0_w16.png,0c9902bd009944d0,16,Field,Noise
train/noise/0c9902bd009944d0_w17.png,0c9902bd009944d0,17,Field,Noise
train/noise/0c9902bd009944d0_w21.png,0c9902bd009944d0,21,Field,Noise
train/noise/0c9902bd009944d0_w23.png,0c9902bd009944d0,23,Field,Noise
train/noise/0c9902bd009944d0_w25.png,0c9902bd009944d0,25,Field,Noise
train/noise/0cc891c5a2c22d17_w03.png,0cc891c5a2c22d17,3,Field,Noise
train/noise/0cc891c5a2c22d17_w05.png,0cc891c5a2c22d17,5,Field,Noise
train/noise/0cc891c5a2c22d17_w09.png,0cc891c5a2c22d17,9,Field,Noise
train/noise/0cc891c5a2c22d17_w11.png,0cc891c5a2c22d17,11,Field,Noise
train/noise/0cc891c5a2c22d17_w19.png,0cc891c5a2c22d17,19,Field,Noise
train/noise/0cc891c5a2c22d17_w23.png,0cc891c5a2c22d17,23,Field,Noise
train/noise/0cc891c5a2c22d17_w24.png,0cc891c5a2c22d17,24,Field,Noise
train/noise/0cc891c5a2c22d17_w25.png,0cc891c5a2c22d17,25,Field,Noise
train/noise/0d6d4fcc0fad030b_w00.png,0d6d4fcc0fad030b,0,Field,Noise
train/noise/0d6d4fcc0fad030b_w03.png,0d6d4fcc0fad030b,3,Field,Noise
train/noise/0d6d4fcc0fad030b_w06.png,0d6d4fcc0fad030b,6,Field,Noise
train/noise/0d6d4fcc0fad030b_w07.png,0d6d4fcc0fad030b,7,Field,Noise
train/noise/0d6d4fcc0fad030b_w08.png,0d6d4fcc0fad030b,8,Field,Noise
train/noise/0d6d4fcc0fad030b_w13.png,0d6d4fcc0fad030b,13,Field,Noise
train/noise/0d6d4fcc0fad030b_w20.png,0d6d4fcc0fad030b,20,Field,Noise
train/noise/0d6d4fcc0fad030b_w21.png,0d6d4fcc0fad030b,21,Field,Noise
train/noise/0d95b3bc32e7ae09_w02.png,0d95b3bc32e7ae09,2,Field,Noise
train/noise/0d95b3bc32e7ae09_w04.png,0d95b3bc32e7ae09,4,Field,Noise
train/noise/0d95b3bc32e7ae09_w06.png,0d95b3bc32e7ae09,6,Field,Noise
train/noise/0d95b3bc32e7ae09_w07.png,0d95b3bc32e7ae09,7,Field,Noise
train/noise/0d95b3bc32e7ae09_w18.png,0d95b3bc32e7ae09,18,Field,Noise
train/noise/0d95b3bc32e7ae09_w20.png,0d95b3bc32e7ae09,20,Field,Noise
train/noise/0d95b3bc32e7ae09_w21.png,0d95b3bc32e7ae09,21,Field,Noise
train/noise/0d95b3bc32e7ae09_w23.png,0d95b3bc32e7ae09,23,Field,Noise
train/noise/0d9df5189589ccb7_w01.png,0d9df5189589ccb7,1,Field,Noise
train/noise/0d9df5189589ccb7_w02.png,0d9df5189589ccb7,2,Field,Noise
train/noise/0d9df5189589ccb7_w06.png,0d9df5189589ccb7,6,Field,Noise
train/noise/0d9df5189589ccb7_w11.png,0d9df5189589ccb7,11,Field,Noise
train/noise/0d9df5189589ccb7_w16.png,0d9df5189589ccb7,16,Field,Noise
train/noise/0d9df5189589ccb7_w19.png,0d9df5189589ccb7,19,Field,Noise
train/noise/0d9df5189589ccb7_w20.png,0d9df5189589ccb7,20,Field,Noise
train/noise/0d9df5189589ccb7_w26.png,0d9df5189589ccb7,26,Field,Noise
train/noise/0de0d12bd5a85f15_w02.png,0de0d12bd5a85f15,2,Field,Noise
train/noise/0de0d12bd5a85f15_w11.png,0de0d12bd5a85f15,11,Field,Noise
train/noise/0de0d12bd5a85f15_w12.png,0de0d12bd5a85f15,12,Field,Noise
train/noise/0de0d12bd5a85f15_w17.png,0de0d12bd5a85f15,17,Field,Noise
train/noise/0de0d12bd5a85f15_w20.png,0de0d12bd5a85f15,20,Field,Noise
train/noise/0de0d12bd5a85f15_w21.png,0de0d12bd5a85f15,21,Field,Noise
train/noise/0de0d12bd5a85f15_w22.png,0de0d12bd5a85f15,22,Field,Noise
train/noise/0de0d12bd5a85f15_w27.png,0de0d12bd5a85f15,27,Field,Noise
train/noise/0e3ef95345288e4f_w02.png,0e3ef95345288e4f,2,Lab,Noise
train/noise/0e3ef95345288e4f_w10.png,0e3ef95345288e4f,10,Lab,Noise
train/noise/0e3ef95345288e4f_w12.png,0e3ef95345288e4f,12,Lab,Noise
train/noise/0e3ef95345288e4f_w15.png,0e3ef95345288e4f,15,Lab,Noise
train/noise/0e3ef95345288e4f_w17.png,0e3ef95345288e4f,17,Lab,Noise
train/noise/0e3ef95345288e4f_w18.png,0e3ef95345288e4f,18,Lab,Noise
train/noise/0e3ef95345288e4f_w22.png,0e3ef95345288e4f,22,Lab,Noise
train/noise/0e3ef95345288e4f_w27.png,0e3ef95345288e4f,27,Lab,Noise
train/noise/0e9ab03b2c92c716_w00.png,0e9ab03b2c92c716,0,Field,Noise
train/noise/0e9ab03b2c92c716_w07.png,0e9ab03b2c92c716,7,Field,Noise
train/noise/0e9ab03b2c92c716_w11.png,0e9ab03b2c92c716,11,Field,Noise
train/noise/0e9ab03b2c92c716_w14.png,0e9ab03b2c92c716,14,Field,Noise
train/noise/0e9ab03b2c92c716_w18.png,0e9ab03b2c92c716,18,Field,Noise
train/noise/0e9ab03b2c92c716_w22.png,0e9ab03b2c92c716,22,Field,Noise
train/noise/0e9ab03b2c92c716_w24.png,0e9ab03b2c92c716,24,Field,Noise
train/noise/0e9ab03b2c92c716_w26.png,0e9ab03b2c92c716,26,Field,Noise
train/noise/0e9bbf7650e344be_w00.png,0e9bbf7650e344be,0,Field,Noise
train/noise/0e9bbf7650e344be_w04.png,0e9bbf7650e344be,4,Field,Noise
train/noise/0e9bbf7650e344be_w05.png,0e9bbf7650e344be,5,Field,Noise
train/noise/0e9bbf7650e344be_w06.png,0e9bbf7650e344be,6,Field,Noise
train/noise/0e9bbf7650e344be_w07.png,0e9bbf7650e344be,7,Field,Noise
train/noise/0e9bbf7650e344be_w10.png,0e9bbf7650e344be,10,Field,Noise
train/noise/0e9bbf7650e344be_w20.png,0e9bbf7650e344be,20,Field,Noise
train/noise/0e9bbf7650e344be_w27.png,0e9bbf7650e344be,27,Field,Noise
train/noise/0ea907e0b449e1c4_w02.png,0ea907e0b449e1c4,2,Lab,Noise
train/noise/0ea907e0b449e1c4_w06.png,0ea907e0b449e1c4,6,Lab,Noise
train/noise/0ea907e0b449e1c4_w09.png,0ea907e0b449e1c4,9,Lab,Noise
train/noise/0ea907e0b449e1c4_w10.png,0ea907e0b449e1c4,10,Lab,Noise
train/noise/0ea907e0b449e1c4_w14.png,0ea907e0b449e1c4,14,Lab,Noise
train/noise/0ea907e0b449e1c4_w19.png,0ea907e0b449e1c4,19,Lab,Noise
train/noise/0ea907e0b449e1c4_w24.png,0ea907e0b449e1c4,24,Lab,Noise
train/noise/0ea907e0b449e1c4_w26.png,0ea907e0b449e1c4,26,Lab,Noise
train/noise/0eace51d7c833d4b_w05.png,0eace51d7c833d4b,5,Field,Noise
train/noise/0eace51d7c833d4b_w06.png,0eace51d7c833d4b,6,Field,Noise
train/noise/0eace51d7c833d4b_w18.png,0eace51d7c833d4b,18,Field,Noise
train/noise/0eace51d7c833d4b_w19.png,0eace51d7c833d4b,19,Field,Noise
train/noise/0eace51d7c833d4b_w20.png,0eace51d7c833d4b,20,Field,Noise
train/noise/0eace51d7c833d4b_w24.png,0eace51d7c833d4b,24,Field,Noise
train/noise/0eace51d7c833d4b_w26.png,0eace51d7c833d4b,26,Field,Noise
train/noise/0eace51d7c833d4b_w27.png,0eace51d7c833d4b,27,Field,Noise
train/noise/0eba3a92bc21f301_w00.png,0eba3a92bc21f301,0,Field,Noise
train/noise/0eba3a92bc21f301_w01.png,0eba3a92bc21f301,1,Field,Noise
train/noise/0eba3a92bc21f301_w02.png,0eba3a92bc21f301,2,Field,Noise
train/noise/0eba3a92bc21f301_w09.png,0eba3a92bc21f301,9,Field,Noise
train/noise/0eba3a92bc21f301_w12.png,0eba3a92bc21f301,12,Field,Noise
train/noise/0eba3a92bc21f301_w13.png,0eba3a92bc21f301,13,Field,Noise
train/noise/0eba3a92bc21f301_w21.png,0eba3a92bc21f301,21,Field,Noise
train/noise/0eba3a92bc21f301_w23.png,0eba3a92bc21f301,23,Field,Noise
train/noise/0ebf148bc7f8ce0c_w04.png,0ebf148bc7f8ce0c,4,Field,Noise
train/noise/0ebf148bc7f8ce0c_w08.png,0ebf148bc7f8ce0c,8,Field,Noise
train/noise/0ebf148bc7f8ce0c_w11.png,0ebf148bc7f8ce0c,11,Field,Noise
train/noise/0ebf148bc7f8ce0c_w13.png,0ebf148bc7f8ce0c,13,Field,Noise
train/noise/0ebf148bc7f8ce0c_w16.png,0ebf148bc7f8ce0c,16,Field,Noise
train/noise/0ebf148bc7f8ce0c_w18.png,0ebf148bc7f8ce0c,18,Field,Noise
train/noise/0ebf148bc7f8ce0c_w22.png,0ebf148bc7f8ce0c,22,Field,Noise
train/noise/0ebf148bc7f8ce0c_w27.png,0ebf148bc7f8ce0c,27,Field,Noise
train/noise/0ed0546f71d3eb27_w04.png,0ed0546f71d3eb27,4,Field,Noise
train/noise/0ed0546f71d3eb27_w05.png,0ed0546f71d3eb27,5,Field,Noise
train/noise/0ed0546f71d3eb27_w11.png,0ed0546f71d3eb27,11,Field,Noise
train/noise/0ed0546f71d3eb27_w12.png,0ed0546f71d3eb27,12,Field,Noise
train/noise/0ed0546f71d3eb27_w21.png,0ed0546f71d3eb27,21,Field,Noise
train/noise/0ed0546f71d3eb27_w25.png,0ed0546f71d3eb27,25,Field,Noise
train/noise/0ed0546f71d3eb27_w26.png,0ed0546f71d3eb27,26,Field,Noise
train/noise/0ed0546f71d3eb27_w27.png,0ed0546f71d3eb27,27,Field,Noise
train/noise/0f57e638177c91d6_w03.png,0f57e638177c91d6,3,Field,Noise
train/noise/0f57e638177c91d6_w05.png,0f57e638177c91d6,5,Field,Noise
train/noise/0f57e638177c91d6_w10.png,0f57e638177c91d6,10,Field,Noise
train/noise/0f57e638177c91d6_w13.png,0f57e638177c91d6,13,Field,Noise
train/noise/0f57e638177c91d6_w18.png,0f57e638177c91d6,18,Field,Noise
train/noise/0f57e638177c91d6_w20.png,0f57e638177c91d6,20,Field,Noise
train/noise/0f57e638177c91d6_w21.png,0f57e638177c91d6,21,Field,Noise
train/noise/0f57e638177c91d6_w22.png,0f57e638177c91d6,22,Field,Noise
train/noise/0fde3333e66e97da_w02.png,0fde3333e66e97da,2,Field,Noise
train/noise/0fde3333e66e97da_w04.png,0fde3333e66e97da,4,Field,Noise
train/noise/0fde3333e66e97da_w10.png,0fde3333e66e97da,10,Field,Noise
train/noise/0fde3333e66e97da_w13.png,0fde3333e66e97da,13,Field,Noise
train/noise/0fde3333e66e97da_w18.png,0fde3333e66e97da,18,Field,Noise
train/noise/0fde3333e66e97da_w23.png,0fde3333e66e97da,23,Field,Noise
train/noise/0fde3333e66e97da_w26.png,0fde3333e66e97da,26,Field,Noise
train/noise/0fde3333e66e97da_w27.png,0fde3333e66e97da,27,Field,Noise
train/noise/0fe1cb5fab7d135e_w00.png,0fe1cb5fab7d135e,0,Field,Noise
train/noise/0fe1cb5fab7d135e_w01.png,0fe1cb5fab7d135e,1,Field,Noise
train/noise/0fe1cb5fab7d135e_w06.png,0fe1cb5fab7d135e,6,Field,Noise
train/noise/0fe1cb5fab7d135e_w12.png,0fe1cb5fab7d135e,12,Field,Noise
train/noise/0fe1cb5fab7d135e_w14.png,0fe1cb5fab7d135e,14,Field,Noise
train/noise/0fe1cb5fab7d135e_w17.png,0fe1cb5fab7d135e,17,Field,Noise
train/noise/0fe1cb5fab7d135e_w24.png,0fe1cb5fab7d135e,24,Field,Noise
train/noise/0fe1cb5fab7d135e_w26.png,0fe1cb5fab7d135e,26,Field,Noise
train/noise/1049fce6cc040bec_w03.png,1049fce6cc040bec,3,Field,Noise
train/noise/1049fce6cc040bec_w13.png,1049fce6cc040bec,13,Field,Noise
train/noise/1049fce6cc040bec_w16.png,1049fce6cc040bec,16,Field,Noise
train/noise/1049fce6cc040bec_w19.png,1049fce6cc040bec,19,Field,Noise
train/noise/1049fce6cc040bec_w21.png,1049fce6cc040bec,21,Field,Noise
train/noise/1049fce6cc040bec_w22.png,1049fce6cc040bec,22,Field,Noise
train/noise/1049fce6cc040bec_w24.png,1049fce6cc040bec,24,Field,Noise
train/noise/1049fce6cc040bec_w25.png,1049fce6cc040bec,25,Field,Noise
train/noise/10587e228fb47ec2_w03.png,10587e228fb47ec2,3,Field,Noise
train/noise/10587e228fb47ec2_w04.png,10587e228fb47ec2,4,Field,Noise
train/noise/10587e228fb47ec2_w08.png,10587e228fb47ec2,8,Field,Noise
train/noise/10587e228fb47ec2_w11.png,10587e228fb47ec2,11,Field,Noise
train/noise/10587e228fb47ec2_w15.png,10587e228fb47ec2,15,Field,Noise
train/noise/10587e228fb47ec2_w19.png,10587e228fb47ec2,19,Field,Noise
train/noise/10587e228fb47ec2_w23.png,10587e228fb47ec2,23,Field,Noise
train/noise/10587e228fb47ec2_w24.png,10587e228fb47ec2,24,Field,Noise
train/noise/10d8fbeb6f34644d_w00.png,10d8fbeb6f34644d,0,Field,Noise
train/noise/10d8fbeb6f34644d_w01.png,10d8fbeb6f34644d,1,Field,Noise
train/noise/10d8fbeb6f34644d_w11.png,10d8fbeb6f34644d,11,Field,Noise
train/noise/10d8fbeb6f34644d_w15.png,10d8fbeb6f34644d,15,Field,Noise
train/noise/10d8fbeb6f34644d_w16.png,10d8fbeb6f34644d,16,Field,Noise
train/noise/10d8fbeb6f34644d_w17.png,10d8fbeb6f34644d,17,Field,Noise
train/noise/10d8fbeb6f34644d_w24.png,10d8fbeb6f34644d,24,Field,Noise
train/noise/10d8fbeb6f34644d_w25.png,10d8fbeb6f34644d,25,Field,Noise
train/noise/11030131c79bb7a4_w00.png,11030131c79bb7a4,0,Field,Noise
train/noise/11030131c79bb7a4_w01.png,11030131c79bb7a4,1,Field,Noise
train/noise/11030131c79bb7a4_w03.png,11030131c79bb7a4,3,Field,Noise
train/noise/11030131c79bb7a4_w06.png,11030131c79bb7a4,6,Field,Noise
train/noise/11030131c79bb7a4_w17.png,11030131c79bb7a4,17,Field,Noise
train/noise/11030131c79bb7a4_w20.png,11030131c79bb7a4,20,Field,Noise
train/noise/11030131c79bb7a4_w24.png,11030131c79bb7a4,24,Field,Noise
train/noise/11030131c79bb7a4_w27.png,11030131c79bb7a4,27,Field,Noise
train/noise/111d78ffcfb72804_w03.png,111d78ffcfb72804,3,Field,Noise
train/noise/111d78ffcfb72804_w05.png,111d78ffcfb72804,5,Field,Noise
train/noise/111d78ffcfb72804_w06.png,111d78ffcfb72804,6,Field,Noise
train/noise/111d78ffcfb72804_w08.png,111d78ffcfb72804,8,Field,Noise
train/noise/111d78ffcfb72804_w12.png,111d78ffcfb72804,12,Field,Noise
train/noise/111d78ffcfb72804_w22.png,111d78ffcfb72804,22,Field,Noise
train/noise/111d78ffcfb72804_w24.png,111d78ffcfb72804,24,Field,Noise
train/noise/111d78ffcfb72804_w27.png,111d78ffcfb72804,27,Field,Noise
train/noise/112ecd97e76f9389_w02.png,112ecd97e76f9389,2,Field,Noise
train/noise/112ecd97e76f9389_w06.png,112ecd97e76f9389,6,Field,Noise
train/noise/112ecd97e76f9389_w07.png,112ecd97e76f9389,7,Field,Noise
train/noise/112ecd97e76f9389_w10.png,112ecd97e76f9389,10,Field,Noise
train/noise/112ecd97e76f9389_w23.png,112ecd97e76f9389,23,Field,Noise
train/noise/112ecd97e76f9389_w25.png,112ecd97e76f9389,25,Field,Noise
train/noise/112ecd97e76f9389_w26.png,112ecd97e76f9389,26,Field,Noise
train/noise/112ecd97e76f9389_w27.png,112ecd97e76f9389,27,Field,Noise
train/noise/11a26a24856d3fae_w08.png,11a26a24856d3fae,8,Field,Noise
train/noise/11a26a24856d3fae_w09.png,11a26a24856d3fae,9,Field,Noise
train/noise/11a26a24856d3fae_w10.png,11a26a24856d3fae,10,Field,Noise
train/noise/11a26a24856d3fae_w13.png,11a26a24856d3fae,13,Field,Noise
train/noise/11a26a24856d3fae_w15.png,11a26a24856d3fae,15,Field,Noise
train/noise/11a26a24856d3fae_w20.png,11a26a24856d3fae,20,Field,Noise
train/noise/11a26a24856d3fae_w21.png,11a26a24856d3fae,21,Field,Noise
train/noise/11a26a24856d3fae_w27.png,11a26a24856d3fae,27,Field,Noise
train/noise/11cf8ed215ebd899_w01.png,11cf8ed215ebd899,1,Field,Noise
train/noise/11cf8ed215ebd899_w05.png,11cf8ed215ebd899,5,Field,Noise
train/noise/11cf8ed215ebd899_w11.png,11cf8ed215ebd899,11,Field,Noise
train/noise/11cf8ed215ebd899_w14.png,11cf8ed215ebd899,14,Field,Noise
train/noise/11cf8ed215ebd899_w18.png,11cf8ed215ebd899,18,Field,Noise
train/noise/11cf8ed215ebd899_w21.png,11cf8ed215ebd899,21,Field,Noise
train/noise/11cf8ed215ebd899_w22.png,11cf8ed215ebd899,22,Field,Noise
train/noise/11cf8ed215ebd899_w24.png,11cf8ed215ebd899,24,Field,Noise
train/noise/120ec420643dfe9a_w00.png,120ec420643dfe9a,0,Lab,Noise
train/noise/120ec420643dfe9a_w06.png,120ec420643dfe9a,6,Lab,Noise
train/noise/120ec420643dfe9a_w10.png,120ec420643dfe9a,10,Lab,Noise
train/noise/120ec420643dfe9a_w14.png,120ec420643dfe9a,14,Lab,Noise
train/noise/120ec420643dfe9a_w19.png,120ec420643dfe9a,19,Lab,Noise
train/noise/120ec420643dfe9a_w21.png,120ec420643dfe9a,21,Lab,Noise
train/noise/120ec420643dfe9a_w23.png,120ec420643dfe9a,23,Lab,Noise
train/noise/120ec420643dfe9a_w27.png,120ec420643dfe9a,27,Lab,Noise
train/noise/1238951467278080_w00.png,1238951467278080,0,Field,Noise
train/noise/1238951467278080_w02.png,1238951467278080,2,Field,Noise
train/noise/1238951467278080_w05.png,1238951467278080,5,Field,Noise
train/noise/1238951467278080_w09.png,1238951467278080,9,Field,Noise
train/noise/1238951467278080_w10.png,1238951467278080,10,Field,Noise
train/noise/1238951467278080_w17.png,1238951467278080,17,Field,Noise
train/noise/1238951467278080_w18.png,1238951467278080,18,Field,Noise
train/noise/1238951467278080_w24.png,1238951467278080,24,Field,Noise
train/noise/124b9d7ff52f3661_w09.png,124b9d7ff52f3661,9,Field,Noise
train/noise/124b9d7ff52f3661_w14.png,124b9d7ff52f3661,14,Field,Noise
train/noise/124b9d7ff52f3661_w15.png,124b9d7ff52f3661,15,Field,Noise
train/noise/124b9d7ff52f3661_w17.png,124b9d7ff52f3661,17,Field,Noise
train/noise/124b9d7ff52f3661_w18.png,124b9d7ff52f3661,18,Field,Noise
train/noise/124b9d7ff52f3661_w19.png,124b9d7ff52f3661,19,Field,Noise
train/noise/124b9d7ff52f3661_w20.png,124b9d7ff52f3661,20,Field,Noise
train/noise/124b9d7ff52f3661_w23.png,124b9d7ff52f3661,23,Field,Noise
train/noise/1284e77e210e2a38_w01.png,1284e77e210e2a38,1,Field,Noise
train/noise/1284e77e210e2a38_w06.png,1284e77e210e2a38,6,Field,Noise
train/noise/1284e77e210e2a38_w07.png,1284e77e210e2a38,7,Field,Noise
train/noise/1284e77e210e2a38_w08.png,1284e77e210e2a38,8,Field,Noise
train/noise/1284e77e210e2a38_w11.png,1284e77e210e2a38,11,Field,Noise
train/noise/1284e77e210e2a38_w23.png,1284e77e210e2a38,23,Field,Noise
train/noise/1284e77e210e2a38_w24.png,1284e77e210e2a38,24,Field,Noise
train/noise/1284e77e210e2a38_w26.png,1284e77e210e2a38,26,Field,Noise
train/noise/128c643476610080_w03.png,128c643476610080,3,Field,Noise
train/noise/128c643476610080_w11.png,128c643476610080,11,Field,Noise
train/noise/128c643476610080_w14.png,128c643476610080,14,Field,Noise
train/noise/128c643476610080_w16.png,128c643476610080,16,Field,Noise
train/noise/128c643476610080_w17.png,128c643476610080,17,Field,Noise
train/noise/128c643476610080_w20.png,128c643476610080,20,Field,Noise
train/noise/128c643476610080_w21.png,128c643476610080,21,Field,Noise
train/noise/128c643476610080_w23.png,128c643476610080,23,Field,Noise
train/noise/12cbf0c7ac33bd19_w04.png,12cbf0c7ac33bd19,4,Field,Noise
train/noise/12cbf0c7ac33bd19_w05.png,12cbf0c7ac33bd19,5,Field,Noise
train/noise/12cbf0c7ac33bd19_w09.png,12cbf0c7ac33bd19,9,Field,Noise
train/noise/12cbf0c7ac33bd19_w12.png,12cbf0c7ac33bd19,12,Field,Noise
train/noise/12cbf0c7ac33bd19_w23.png,12cbf0c7ac33bd19,23,Field,Noise
train/noise/12cbf0c7ac33bd19_w24.png,12cbf0c7ac33bd19,24,Field,Noise
train/noise/12cbf0c7ac33bd19_w26.png,12cbf0c7ac33bd19,26,Field,Noise
train/noise/12cbf0c7ac33bd19_w27.png,12cbf0c7ac33bd19,27,Field,Noise
train/noise/12d2902d9fbf99d7_w01.png,12d2902d9fbf99d7,1,Field,Noise
train/noise/12d2902d9fbf99d7_w04.png,12d2902d9fbf99d7,4,Field,Noise
train/noise/12d2902d9fbf99d7_w05.png,12d2902d9fbf99d7,5,Field,Noise
train/noise/12d2902d9fbf99d7_w10.png,12d2902d9fbf99d7,10,Field,Noise
train/noise/12d2902d9fbf99d7_w12.png,12d2902d9fbf99d7,12,Field,Noise
train/noise/12d2902d9fbf99d7_w15.png,12d2902d9fbf99d7,15,Field,Noise
train/noise/12d2902d9fbf99d7_w25.png,12d2902d9fbf99d7,25,Field,Noise
train/noise/12d2902d9fbf99d7_w27.png,12d2902d9fbf99d7,27,Field,Noise
train/noise/12dd322e7e08776a_w05.png,12dd322e7e08776a,5,Field,Noise
train/noise/12dd322e7e08776a_w06.png,12dd322e7e08776a,6,Field,Noise
train/noise/12dd322e7e08776a_w10.png,12dd322e7e08776a,10,Field,Noise
train/noise/12dd322e7e08776a_w12.png,12dd322e7e08776a,12,Field,Noise
train/noise/12dd322e7e08776a_w13.png,12dd322e7e08776a,13,Field,Noise
train/noise/12dd322e7e08776a_w15.png,12dd322e7e08776a,15,Field,Noise
train/noise/12dd322e7e08776a_w25.png,12dd322e7e08776a,25,Field,Noise
train/noise/12dd322e7e08776a_w26.png,12dd322e7e08776a,26,Field,Noise
train/noise/12e31a2ea78d1713_w08.png,12e31a2ea78d1713,8,Lab,Noise
train/noise/12e31a2ea78d1713_w09.png,12e31a2ea78d1713,9,Lab,Noise
train/noise/12e31a2ea78d1713_w10.png,12e31a2ea78d1713,10,Lab,Noise
train/noise/12e31a2ea78d1713_w11.png,12e31a2ea78d1713,11,Lab,Noise
train/noise/12e31a2ea78d1713_w13.png,12e31a2ea78d1713,13,Lab,Noise
train/noise/12e31a2ea78d1713_w15.png,12e31a2ea78d1713,15,Lab,Noise
train/noise/12e31a2ea78d1713_w21.png,12e31a2ea78d1713,21,Lab,Noise
train/noise/12e31a2ea78d1713_w24.png,12e31a2ea78d1713,24,Lab,Noise
train/noise/132e9448ab1a8077_w02.png,132e9448ab1a8077,2,Field,Noise
train/noise/132e9448ab1a8077_w05.png,132e9448ab1a8077,5,Field,Noise
train/noise/132e9448ab1a8077_w07.png,132e9448ab1a8077,7,Field,Noise
train/noise/132e9448ab1a8077_w08.png,132e9448ab1a8077,8,Field,Noise
train/noise/132e9448ab1a8077_w15.png,132e9448ab1a8077,15,Field,Noise
train/noise/132e9448ab1a8077_w20.png,132e9448ab1a8077,20,Field,Noise
train/noise/132e9448ab1a8077_w21.png,132e9448ab1a8077,21,Field,Noise
train/noise/132e9448ab1a8077_w23.png,132e9448ab1a8077,23,Field,Noise
train/noise/136ce83b4d77955d_w05.png,136ce83b4d77955d,5,Field,Noise
train/noise/136ce83b4d77955d_w07.png,136ce83b4d77955d,7,Field,Noise
train/noise/136ce83b4d77955d_w11.png,136ce83b4d77955d,11,Field,Noise
train/noise/136ce83b4d77955d_w12.png,136ce83b4d77955d,12,Field,Noise
train/noise/136ce83b4d77955d_w16.png,136ce83b4d77955d,16,Field,Noise
train/noise/136ce83b4d77955d_w21.png,136ce83b4d77955d,21,Field,Noise
train/noise/136ce83b4d77955d_w22.png,136ce83b4d77955d,22,Field,Noise
train/noise/136ce83b4d77955d_w23.png,136ce83b4d77955d,23,Field,Noise
train/noise/138a90ea1e8c51d8_w03.png,138a90ea1e8c51d8,3,Field,Noise
train/noise/138a90ea1e8c51d8_w06.png,138a90ea1e8c51d8,6,Field,Noise
train/noise/138a90ea1e8c51d8_w10.png,138a90ea1e8c51d8,10,Field,Noise
train/noise/138a90ea1e8c51d8_w11.png,138a90ea1e8c51d8,11,Field,Noise
train/noise/138a90ea1e8c51d8_w12.png,138a90ea1e8c51d8,12,Field,Noise
train/noise/138a90ea1e8c51d8_w13.png,138a90ea1e8c51d8,13,Field,Noise
train/noise/138a90ea1e8c51d8_w24.png,138a90ea1e8c51d8,24,Field,Noise
train/noise/138a90ea1e8c51d8_w27.png,138a90ea1e8c51d8,27,Field,Noise
train/noise/13acd94ccc9bdd5e_w07.png,13acd94ccc9bdd5e,7,Field,Noise
train/noise/13acd94ccc9bdd5e_w11.png,13acd94ccc9bdd5e,11,Field,Noise
train/noise/13acd94ccc9bdd5e_w13.png,13acd94ccc9bdd5e,13,Field,Noise
train/noise/13acd94ccc9bdd5e_w16.png,13acd94ccc9bdd5e,16,Field,Noise
train/noise/13acd94ccc9bdd5e_w20.png,13acd94ccc9bdd5e,20,Field,Noise
train/noise/13acd94ccc9bdd5e_w22.png,13acd94ccc9bdd5e,22,Field,Noise
train/noise/13acd94ccc9bdd5e_w23.png,13acd94ccc9bdd5e,23,Field,Noise
train/noise/13acd94ccc9bdd5e_w24.png,13acd94ccc9bdd5e,24,Field,Noise
train/noise/13add92bdd56b5ba_w06.png,13add92bdd56b5ba,6,Field,Noise
train/noise/13add92bdd56b5ba_w07.png,13add92bdd56b5ba,7,Field,Noise
train/noise/13add92bdd56b5ba_w09.png,13add92bdd56b5ba,9,Field,Noise
train/noise/13add92bdd56b5ba_w12.png,13add92bdd56b5ba,12,Field,Noise
train/noise/13add92bdd56b5ba_w13.png,13add92bdd56b5ba,13,Field,Noise
train/noise/13add92bdd56b5ba_w21.png,13add92bdd56b5ba,21,Field,Noise
train/noise/13add92bdd56b5ba_w24.png,13add92bdd56b5ba,24,Field,Noise
train/noise/13add92bdd56b5ba_w27.png,13add92bdd56b5ba,27,Field,Noise
train/noise/141a9fb419c3d9ce_w07.png,141a9fb419c3d9ce,7,Field,Noise
train/noise/141a9fb419c3d9ce_w11.png,141a9fb419c3d9ce,11,Field,Noise
train/noise/141a9fb419c3d9ce_w12.png,141a9fb419c3d9ce,12,Field,Noise
train/noise/141a9fb419c3d9ce_w15.png,141a9fb419c3d9ce,15,Field,Noise
train/noise/141a9fb419c3d9ce_w16.png,141a9fb419c3d9ce,16,Field,Noise
train/noise/141a9fb419c3d9ce_w20.png,141a9fb419c3d9ce,20,Field,Noise
train/noise/141a9fb419c3d9ce_w23.png,141a9fb419c3d9ce,23,Field,Noise
train/noise/141a9fb419c3d9ce_w24.png,141a9fb419c3d9ce,24,Field,Noise
train/noise/1542aa49a21a9998_w06.png,1542aa49a21a9998,6,Field,Noise
train/noise/1542aa49a21a9998_w07.png,1542aa49a21a9998,7,Field,Noise
train/noise/1542aa49a21a9998_w09.png,1542aa49a21a9998,9,Field,Noise
train/noise/1542aa49a21a9998_w12.png,1542aa49a21a9998,12,Field,Noise
train/noise/1542aa49a21a9998_w15.png,1542aa49a21a9998,15,Field,Noise
train/noise/1542aa49a21a9998_w20.png,1542aa49a21a9998,20,Field,Noise
train/noise/1542aa49a21a9998_w21.png,1542aa49a21a9998,21,Field,Noise
train/noise/1542aa49a21a9998_w24.png,1542aa49a21a9998,24,Field,Noise
train/noise/1562d0b85170809e_w07.png,1562d0b85170809e,7,Field,Noise
train/noise/1562d0b85170809e_w09.png,1562d0b85170809e,9,Field,Noise
train/noise/1562d0b85170809e_w10.png,1562d0b85170809e,10,Field,Noise
train/noise/1562d0b85170809e_w11.png,1562d0b85170809e,11,Field,Noise
train/noise/1562d0b85170809e_w12.png,1562d0b85170809e,12,Field,Noise
train/noise/1562d0b85170809e_w17.png,1562d0b85170809e,17,Field,Noise
train/noise/1562d0b85170809e_w18.png,1562d0b85170809e,18,Field,Noise
train/noise/1562d0b85170809e_w24.png,1562d0b85170809e,24,Field,Noise
train/noise/15819c9c849cda84_w00.png,15819c9c849cda84,0,Field,Noise
train/noise/15819c9c849cda84_w09.png,15819c9c849cda84,9,Field,Noise
train/noise/15819c9c849cda84_w13.png,15819c9c849cda84,13,Field,Noise
train/noise/15819c9c849cda84_w18.png,15819c9c849cda84,18,Field,Noise
train/noise/15819c9c849cda84_w21.png,15819c9c849cda84,21,Field,Noise
train/noise/15819c9c849cda84_w22.png,15819c9c849cda84,22,Field,Noise
train/noise/15819c9c849cda84_w23.png,15819c9c849cda84,23,Field,Noise
train/noise/15819c9c849cda84_w24.png,15819c9c849cda84,24,Field,Noise
train/noise/15b1ac55947638ab_w00.png,15b1ac55947638ab,0,Field,Noise
train/noise/15b1ac55947638ab_w02.png,15b1ac55947638ab,2,Field,Noise
train/noise/15b1ac55947638ab_w09.png,15b1ac55947638ab,9,Field,Noise
train/noise/15b1ac55947638ab_w11.png,15b1ac55947638ab,11,Field,Noise
train/noise/15b1ac55947638ab_w13.png,15b1ac55947638ab,13,Field,Noise
train/noise/15b1ac55947638ab_w15.png,15b1ac55947638ab,15,Field,Noise
train/noise/15b1ac55947638ab_w20.png,15b1ac55947638ab,20,Field,Noise
train/noise/15b1ac55947638ab_w26.png,15b1ac55947638ab,26,Field,Noise
train/noise/16b319f214511877_w00.png,16b319f214511877,0,Field,Noise
train/noise/16b319f214511877_w10.png,16b319f214511877,10,Field,Noise
train/noise/16b319f214511877_w16.png,16b319f214511877,16,Field,Noise
train/noise/16b319f214511877_w18.png,16b319f214511877,18,Field,Noise
train/noise/16b319f214511877_w21.png,16b319f214511877,21,Field,Noise
train/noise/16b319f214511877_w22.png,16b319f214511877,22,Field,Noise
train/noise/16b319f214511877_w23.png,16b319f214511877,23,Field,Noise
train/noise/16b319f214511877_w24.png,16b319f214511877,24,Field,Noise
train/noise/16bf2a4b9afeb694_w05.png,16bf2a4b9afeb694,5,Field,Noise
train/noise/16bf2a4b9afeb694_w08.png,16bf2a4b9afeb694,8,Field,Noise
train/noise/16bf2a4b9afeb694_w09.png,16bf2a4b9afeb694,9,Field,Noise
train/noise/16bf2a4b9afeb694_w14.png,16bf2a4b9afeb694,14,Field,Noise
train/noise/16bf2a4b9afeb694_w15.png,16bf2a4b9afeb694,15,Field,Noise
train/noise/16bf2a4b9afeb694_w17.png,16bf2a4b9afeb694,17,Field,Noise
train/noise/16bf2a4b9afeb694_w18.png,16bf2a4b9afeb694,18,Field,Noise
train/noise/16bf2a4b9afeb694_w26.png,16bf2a4b9afeb694,26,Field,Noise
train/noise/16dcf50546719158_w02.png,16dcf50546719158,2,Field,Noise
train/noise/16dcf50546719158_w06.png,16dcf50546719158,6,Field,Noise
train/noise/16dcf50546719158_w09.png,16dcf50546719158,9,Field,Noise
train/noise/16dcf50546719158_w10.png,16dcf50546719158,10,Field,Noise
train/noise/16dcf50546719158_w12.png,16dcf50546719158,12,Field,Noise
train/noise/16dcf50546719158_w14.png,16dcf50546719158,14,Field,Noise
train/noise/16dcf50546719158_w22.png,16dcf50546719158,22,Field,Noise
train/noise/16dcf50546719158_w24.png,16dcf50546719158,24,Field,Noise
train/noise/16ff9056774275dc_w00.png,16ff9056774275dc,0,Field,Noise
train/noise/16ff9056774275dc_w05.png,16ff9056774275dc,5,Field,Noise
train/noise/16ff9056774275dc_w10.png,16ff9056774275dc,10,Field,Noise
train/noise/16ff9056774275dc_w11.png,16ff9056774275dc,11,Field,Noise
train/noise/16ff9056774275dc_w20.png,16ff9056774275dc,20,Field,Noise
train/noise/16ff9056774275dc_w21.png,16ff9056774275dc,21,Field,Noise
train/noise/16ff9056774275dc_w26.png,16ff9056774275dc,26,Field,Noise
train/noise/16ff9056774275dc_w27.png,16ff9056774275dc,27,Field,Noise
train/noise/17371ce5ab246c9d_w01.png,17371ce5ab246c9d,1,Lab,Noise
train/noise/17371ce5ab246c9d_w05.png,17371ce5ab246c9d,5,Lab,Noise
train/noise/17371ce5ab246c9d_w11.png,17371ce5ab246c9d,11,Lab,Noise
train/noise/17371ce5ab246c9d_w14.png,17371ce5ab246c9d,14,Lab,Noise
train/noise/17371ce5ab246c9d_w15.png,17371ce5ab246c9d,15,Lab,Noise
train/noise/17371ce5ab246c9d_w18.png,17371ce5ab246c9d,18,Lab,Noise
train/noise/17371ce5ab246c9d_w20.png,17371ce5ab246c9d,20,Lab,Noise
train/noise/17371ce5ab246c9d_w26.png,17371ce5ab246c9d,26,Lab,Noise
train/noise/1737576a3887f2ab_w03.png,1737576a3887f2ab,3,Field,Noise
train/noise/1737576a3887f2ab_w04.png,1737576a3887f2ab,4,Field,Noise
train/noise/1737576a3887f2ab_w10.png,1737576a3887f2ab,10,Field,Noise
train/noise/1737576a3887f2ab_w14.png,1737576a3887f2ab,14,Field,Noise
train/noise/1737576a3887f2ab_w15.png,1737576a3887f2ab,15,Field,Noise
train/noise/1737576a3887f2ab_w18.png,1737576a3887f2ab,18,Field,Noise
train/noise/1737576a3887f2ab_w20.png,1737576a3887f2ab,20,Field,Noise
train/noise/1737576a3887f2ab_w23.png,1737576a3887f2ab,23,Field,Noise
train/noise/17b1991261da06f1_w05.png,17b1991261da06f1,5,Field,Noise
train/noise/17b1991261da06f1_w07.png,17b1991261da06f1,7,Field,Noise
train/noise/17b1991261da06f1_w13.png,17b1991261da06f1,13,Field,Noise
train/noise/17b1991261da06f1_w15.png,17b1991261da06f1,15,Field,Noise
train/noise/17b1991261da06f1_w16.png,17b1991261da06f1,16,Field,Noise
train/noise/17b1991261da06f1_w18.png,17b1991261da06f1,18,Field,Noise
train/noise/17b1991261da06f1_w19.png,17b1991261da06f1,19,Field,Noise
train/noise/17b1991261da06f1_w23.png,17b1991261da06f1,23,Field,Noise
train/noise/17c73f78609ee931_w06.png,17c73f78609ee931,6,Field,Noise
train/noise/17c73f78609ee931_w12.png,17c73f78609ee931,12,Field,Noise
train/noise/17c73f78609ee931_w14.png,17c73f78609ee931,14,Field,Noise
train/noise/17c73f78609ee931_w17.png,17c73f78609ee931,17,Field,Noise
train/noise/17c73f78609ee931_w18.png,17c73f78609ee931,18,Field,Noise
train/noise/17c73f78609ee931_w23.png,17c73f78609ee931,23,Field,Noise
train/noise/17c73f78609ee931_w24.png,17c73f78609ee931,24,Field,Noise
train/noise/17c73f78609ee931_w27.png,17c73f78609ee931,27,Field,Noise
train/noise/17ec6355a168f8b0_w02.png,17ec6355a168f8b0,2,Field,Noise
train/noise/17ec6355a168f8b0_w05.png,17ec6355a168f8b0,5,Field,Noise
train/noise/17ec6355a168f8b0_w13.png,17ec6355a168f8b0,13,Field,Noise
train/noise/17ec6355a168f8b0_w15.png,17ec6355a168f8b0,15,Field,Noise
train/noise/17ec6355a168f8b0_w18.png,17ec6355a168f8b0,18,Field,Noise
train/noise/17ec6355a168f8b0_w22.png,17ec6355a168f8b0,22,Field,Noise
train/noise/17ec6355a168f8b0_w23.png,17ec6355a168f8b0,23,Field,Noise
train/noise/17ec6355a168f8b0_w24.png,17ec6355a168f8b0,24,Field,Noise
train/noise/1854f6a194d4d93f_w00.png,1854f6a194d4d93f,0,Lab,Noise
train/noise/1854f6a194d4d93f_w04.png,1854f6a194d4d93f,4,Lab,Noise
train/noise/1854f6a194d4d93f_w09.png,1854f6a194d4d93f,9,Lab,Noise
train/noise/1854f6a194d4d93f_w11.png,1854f6a194d4d93f,11,Lab,Noise
train/noise/1854f6a194d4d93f_w12.png,1854f6a194d4d93f,12,Lab,Noise
train/noise/1854f6a194d4d93f_w14.png,1854f6a194d4d93f,14,Lab,Noise
train/noise/1854f6a194d4d93f_w20.png,1854f6a194d4d93f,20,Lab,Noise
train/noise/1854f6a194d4d93f_w27.png,1854f6a194d4d93f,27,Lab,Noise
train/noise/18f72d19b6d090c9_w00.png,18f72d19b6d090c9,0,Field,Noise
train/noise/18f72d19b6d090c9_w10.png,18f72d19b6d090c9,10,Field,Noise
train/noise/18f72d19b6d090c9_w12.png,18f72d19b6d090c9,12,Field,Noise
train/noise/18f72d19b6d090c9_w15.png,18f72d19b6d090c9,15,Field,Noise
train/noise/18f72d19b6d090c9_w18.png,18f72d19b6d090c9,18,Field,Noise
train/noise/18f72d19b6d090c9_w19.png,18f72d19b6d090c9,19,Field,Noise
train/noise/18f72d19b6d090c9_w26.png,18f72d19b6d090c9,26,Field,Noise
train/noise/18f72d19b6d090c9_w27.png,18f72d19b6d090c9,27,Field,Noise
train/noise/196afbe139852268_w06.png,196afbe139852268,6,Field,Noise
train/noise/196afbe139852268_w07.png,196afbe139852268,7,Field,Noise
train/noise/196afbe139852268_w08.png,196afbe139852268,8,Field,Noise
train/noise/196afbe139852268_w11.png,196afbe139852268,11,Field,Noise
train/noise/196afbe139852268_w17.png,196afbe139852268,17,Field,Noise
train/noise/196afbe139852268_w21.png,196afbe139852268,21,Field,Noise
train/noise/196afbe139852268_w25.png,196afbe139852268,25,Field,Noise
train/noise/196afbe139852268_w26.png,196afbe139852268,26,Field,Noise
train/noise/197aef53671adfab_w00.png,197aef53671adfab,0,Lab,Noise
train/noise/197aef53671adfab_w09.png,197aef53671adfab,9,Lab,Noise
train/noise/197aef53671adfab_w10.png,197aef53671adfab,10,Lab,Noise
train/noise/197aef53671adfab_w12.png,197aef53671adfab,12,Lab,Noise
train/noise/197aef53671adfab_w14.png,197aef53671adfab,14,Lab,Noise
train/noise/197aef53671adfab_w18.png,197aef53671adfab,18,Lab,Noise
train/noise/197aef53671adfab_w21.png,197aef53671adfab,21,Lab,Noise
train/noise/197aef53671adfab_w24.png,197aef53671adfab,24,Lab,Noise
train/noise/19ba0de9aecdd5d2_w02.png,19ba0de9aecdd5d2,2,Field,Noise
train/noise/19ba0de9aecdd5d2_w04.png,19ba0de9aecdd5d2,4,Field,Noise
train/noise/19ba0de9aecdd5d2_w05.png,19ba0de9aecdd5d2,5,Field,Noise
train/noise/19ba0de9aecdd5d2_w12.png,19ba0de9aecdd5d2,12,Field,Noise
train/noise/19ba0de9aecdd5d2_w15.png,19ba0de9aecdd5d2,15,Field,Noise
train/noise/19ba0de9aecdd5d2_w21.png,19ba0de9aecdd5d2,21,Field,Noise
train/noise/19ba0de9aecdd5d2_w25.png,19ba0de9aecdd5d2,25,Field,Noise
train/noise/19ba0de9aecdd5d2_w27.png,19ba0de9aecdd5d2,27,Field,Noise
train/noise/19f0f99e4a34238d_w01.png,19f0f99e4a34238d,1,Field,Noise
train/noise/19f0f99e4a34238d_w06.png,19f0f99e4a34238d,6,Field,Noise
train/noise/19f0f99e4a34238d_w13.png,19f0f99e4a34238d,13,Field,Noise
train/noise/19f0f99e4a34238d_w14.png,19f0f99e4a34238d,14,Field,Noise
train/noise/19f0f99e4a34238d_w17.png,19f0f99e4a34238d,17,Field,Noise
train/noise/19f0f99e4a34238d_w21.png,19f0f99e4a34238d,21,Field,Noise
train/noise/19f0f99e4a34238d_w22.png,19f0f99e4a34238d,22,Field,Noise
train/noise/19f0f99e4a34238d_w24.png,19f0f99e4a34238d,24,Field,Noise
train/noise/19f53ac754a1c154_w04.png,19f53ac754a1c154,4,Field,Noise
train/noise/19f53ac754a1c154_w05.png,19f53ac754a1c154,5,Field,Noise
train/noise/19f53ac754a1c154_w10.png,19f53ac754a1c154,10,Field,Noise
train/noise/19f53ac754a1c154_w16.png,19f53ac754a1c154,16,Field,Noise
train/noise/19f53ac754a1c154_w18.png,19f53ac754a1c154,18,Field,Noise
train/noise/19f53ac754a1c154_w21.png,19f53ac754a1c154,21,Field,Noise
train/noise/19f53ac754a1c154_w25.png,19f53ac754a1c154,25,Field,Noise
train/noise/19f53ac754a1c154_w26.png,19f53ac754a1c154,26,Field,Noise
train/noise/1a3010cbbd8b08e5_w01.png,1a3010cbbd8b08e5,1,Field,Noise
train/noise/1a3010cbbd8b08e5_w06.png,1a3010cbbd8b08e5,6,Field,Noise
train/noise/1a3010cbbd8b08e5_w10.png,1a3010cbbd8b08e5,10,Field,Noise
train/noise/1a3010cbbd8b08e5_w16.png,1a3010cbbd8b08e5,16,Field,Noise
train/noise/1a3010cbbd8b08e5_w17.png,1a3010cbbd8b08e5,17,Field,Noise
train/noise/1a3010cbbd8b08e5_w18.png,1a3010cbbd8b08e5,18,Field,Noise
train/noise/1a3010cbbd8b08e5_w20.png,1a3010cbbd8b08e5,20,Field,Noise
train/noise/1a3010cbbd8b08e5_w23.png,1a3010cbbd8b08e5,23,Field,Noise
train/noise/1a654485452c6615_w01.png,1a654485452c6615,1,Lab,Noise
train/noise/1a654485452c6615_w02.png,1a654485452c6615,2,Lab,Noise
train/noise/1a654485452c6615_w10.png,1a654485452c6615,10,Lab,Noise
train/noise/1a654485452c6615_w12.png,1a654485452c6615,12,Lab,Noise
train/noise/1a654485452c6615_w13.png,1a654485452c6615,13,Lab,Noise
train/noise/1a654485452c6615_w15.png,1a654485452c6615,15,Lab,Noise
train/noise/1a654485452c6615_w18.png,1a654485452c6615,18,Lab,Noise
train/noise/1a654485452c6615_w25.png,1a654485452c6615,25,Lab,Noise
train/noise/1a727cef2dd68398_w00.png,1a727cef2dd68398,0,Field,Noise
train/noise/1a727cef2dd68398_w02.png,1a727cef2dd68398,2,Field,Noise
train/noise/1a727cef2dd68398_w09.png,1a727cef2dd68398,9,Field,Noise
train/noise/1a727cef2dd68398_w10.png,1a727cef2dd68398,10,Field,Noise
train/noise/1a727cef2dd68398_w15.png,1a727cef2dd68398,15,Field,Noise
train/noise/1a727cef2dd68398_w24.png,1a727cef2dd68398,24,Field,Noise
train/noise/1a727cef2dd68398_w25.png,1a727cef2dd68398,25,Field,Noise
train/noise/1a727cef2dd68398_w27.png,1a727cef2dd68398,27,Field,Noise
train/noise/1ac847778ebc5784_w00.png,1ac847778ebc5784,0,Lab,Noise
train/noise/1ac847778ebc5784_w01.png,1ac847778ebc5784,1,Lab,Noise
train/noise/1ac847778ebc5784_w03.png,1ac847778ebc5784,3,Lab,Noise
train/noise/1ac847778ebc5784_w07.png,1ac847778ebc5784,7,Lab,Noise
train/noise/1ac847778ebc5784_w08.png,1ac847778ebc5784,8,Lab,Noise
train/noise/1ac847778ebc5784_w19.png,1ac847778ebc5784,19,Lab,Noise
train/noise/1ac847778ebc5784_w21.png,1ac847778ebc5784,21,Lab,Noise
train/noise/1ac847778ebc5784_w26.png,1ac847778ebc5784,26,Lab,Noise
train/noise/1b473a87c8311ced_w00.png,1b473a87c8311ced,0,Field,Noise
train/noise/1b473a87c8311ced_w04.png,1b473a87c8311ced,4,Field,Noise
train/noise/1b473a87c8311ced_w05.png,1b473a87c8311ced,5,Field,Noise
train/noise/1b473a87c8311ced_w10.png,1b473a87c8311ced,10,Field,Noise
train/noise/1b473a87c8311ced_w11.png,1b473a87c8311ced,11,Field,Noise
train/noise/1b473a87c8311ced_w13.png,1b473a87c8311ced,13,Field,Noise
train/noise/1b473a87c8311ced_w24.png,1b473a87c8311ced,24,Field,Noise
train/noise/1b473a87c8311ced_w27.png,1b473a87c8311ced,27,Field,Noise
train/noise/1b4efbc1f443330c_w03.png,1b4efbc1f443330c,3,Field,Noise
train/noise/1b4efbc1f443330c_w04.png,1b4efbc1f443330c,4,Field,Noise
train/noise/1b4efbc1f443330c_w06.png,1b4efbc1f443330c,6,Field,Noise
train/noise/1b4efbc1f443330c_w09.png,1b4efbc1f443330c,9,Field,Noise
train/noise/1b4efbc1f443330c_w10.png,1b4efbc1f443330c,10,Field,Noise
train/noise/1b4efbc1f443330c_w13.png,1b4efbc1f443330c,13,Field,Noise
train/noise/1b4efbc1f443330c_w22.png,1b4efbc1f443330c,22,Field,Noise
train/noise/1b4efbc1f443330c_w25.png,1b4efbc1f443330c,25,Field,Noise
train/noise/1b73a42096e9bcee_w03.png,1b73a42096e9bcee,3,Field,Noise
train/noise/1b73a42096e9bcee_w05.png,1b73a42096e9bcee,5,Field,Noise
train/noise/1b73a42096e9bcee_w07.png,1b73a42096e9bcee,7,Field,Noise
train/noise/1b73a42096e9bcee_w08.png,1b73a42096e9bcee,8,Field,Noise
train/noise/1b73a42096e9bcee_w22.png,1b73a42096e9bcee,22,Field,Noise
train/noise/1b73a42096e9bcee_w23.png,1b73a42096e9bcee,23,Field,Noise
train/noise/1b73a42096e9bcee_w24.png,1b73a42096e9bcee,24,Field,Noise
train/noise/1b73a42096e9bcee_w25.png,1b73a42096e9bcee,25,Field,Noise
train/noise/1b9b18b0dd3cc129_w01.png,1b9b18b0dd3cc129,1,Field,Noise
train/noise/1b9b18b0dd3cc129_w04.png,1b9b18b0dd3cc129,4,Field,Noise
train/noise/1b9b18b0dd3cc129_w05.png,1b9b18b0dd3cc129,5,Field,Noise
train/noise/1b9b18b0dd3cc129_w06.png,1b9b18b0dd3cc129,6,Field,Noise
train/noise/1b9b18b0dd3cc129_w18.png,1b9b18b0dd3cc129,18,Field,Noise
train/noise/1b9b18b0dd3cc129_w20.png,1b9b18b0dd3cc129,20,Field,Noise
train/noise/1b9b18b0dd3cc129_w22.png,1b9b18b0dd3cc129,22,Field,Noise
train/noise/1b9b18b0dd3cc129_w23.png,1b9b18b0dd3cc129,23,Field,Noise
train/noise/1c3ea257bad89bc0_w02.png,1c3ea257bad89bc0,2,Field,Noise
train/noise/1c3ea257bad89bc0_w12.png,1c3ea257bad89bc0,12,Field,Noise
train/noise/1c3ea257bad89bc0_w17.png,1c3ea257bad89bc0,17,Field,Noise
train/noise/1c3ea257bad89bc0_w19.png,1c3ea257bad89bc0,19,Field,Noise
train/noise/1c3ea257bad89bc0_w20.png,1c3ea257bad89bc0,20,Field,Noise
train/noise/1c3ea257bad89bc0_w24.png,1c3ea257bad89bc0,24,Field,Noise
train/noise/1c3ea257bad89bc0_w26.png,1c3ea257bad89bc0,26,Field,Noise
train/noise/1c3ea257bad89bc0_w27.png,1c3ea257bad89bc0,27,Field,Noise
train/noise/1cd1b5f8cbdf1eb7_w11.png,1cd1b5f8cbdf1eb7,11,Field,Noise
train/noise/1cd1b5f8cbdf1eb7_w16.png,1cd1b5f8cbdf1eb7,16,Field,Noise
train/noise/1cd1b5f8cbdf1eb7_w17.png,1cd1b5f8cbdf1eb7,17,Field,Noise
train/noise/1cd1b5f8cbdf1eb7_w19.png,1cd1b5f8cbdf1eb7,19,Field,Noise
train/noise/1cd1b5f8cbdf1eb7_w21.png,1cd1b5f8cbdf1eb7,21,Field,Noise
train/noise/1cd1b5f8cbdf1eb7_w22.png,1cd1b5f8cbdf1eb7,22,Field,Noise
train/noise/1cd1b5f8cbdf1eb7_w26.png,1cd1b5f8cbdf1eb7,26,Field,Noise
train/noise/1cd1b5f8cbdf1eb7_w27.png,1cd1b5f8cbdf1eb7,27,Field,Noise
train/noise/1d21e820df124af0_w00.png,1d21e820df124af0,0,Field,Noise
train/noise/1d21e820df124af0_w06.png,1d21e820df124af0,6,Field,Noise
train/noise/1d21e820df124af0_w12.png,1d21e820df124af0,12,Field,Noise
train/noise/1d21e820df124af0_w13.png,1d21e820df124af0,13,Field,Noise
train/noise/1d21e820df124af0_w17.png,1d21e820df124af0,17,Field,Noise
train/noise/1d21e820df124af0_w19.png,1d21e820df124af0,19,Field,Noise
train/noise/1d21e820df124af0_w22.png,1d21e820df124af0,22,Field,Noise
train/noise/1d21e820df124af0_w26.png,1d21e820df124af0,26,Field,Noise
train/noise/1d8b7dc535ed83ac_w02.png,1d8b7dc535ed83ac,2,Field,Noise
train/noise/1d8b7dc535ed83ac_w06.png,1d8b7dc535ed83ac,6,Field,Noise
train/noise/1d8b7dc535ed83ac_w15.png,1d8b7dc535ed83ac,15,Field,Noise
train/noise/1d8b7dc535ed83ac_w16.png,1d8b7dc535ed83ac,16,Field,Noise
train/noise/1d8b7dc535ed83ac_w19.png,1d8b7dc535ed83ac,19,Field,Noise
train/noise/1d8b7dc535ed83ac_w20.png,1d8b7dc535ed83ac,20,Field,Noise
train/noise/1d8b7dc535ed83ac_w22.png,1d8b7dc535ed83ac,22,Field,Noise
train/noise/1d8b7dc535ed83ac_w23.png,1d8b7dc535ed83ac,23,Field,Noise
train/noise/1da17e91acbf15fd_w03.png,1da17e91acbf15fd,3,Field,Noise
train/noise/1da17e91acbf15fd_w04.png,1da17e91acbf15fd,4,Field,Noise
train/noise/1da17e91acbf15fd_w05.png,1da17e91acbf15fd,5,Field,Noise
train/noise/1da17e91acbf15fd_w13.png,1da17e91acbf15fd,13,Field,Noise
train/noise/1da17e91acbf15fd_w14.png,1da17e91acbf15fd,14,Field,Noise
train/noise/1da17e91acbf15fd_w17.png,1da17e91acbf15fd,17,Field,Noise
train/noise/1da17e91acbf15fd_w26.png,1da17e91acbf15fd,26,Field,Noise
train/noise/1da17e91acbf15fd_w27.png,1da17e91acbf15fd,27,Field,Noise
train/noise/1dbd19e2ae04ba2b_w00.png,1dbd19e2ae04ba2b,0,Field,Noise
train/noise/1dbd19e2ae04ba2b_w02.png,1dbd19e2ae04ba2b,2,Field,Noise
train/noise/1dbd19e2ae04ba2b_w05.png,1dbd19e2ae04ba2b,5,Field,Noise
train/noise/1dbd19e2ae04ba2b_w06.png,1dbd19e2ae04ba2b,6,Field,Noise
train/noise/1dbd19e2ae04ba2b_w09.png,1dbd19e2ae04ba2b,9,Field,Noise
train/noise/1dbd19e2ae04ba2b_w11.png,1dbd19e2ae04ba2b,11,Field,Noise
train/noise/1dbd19e2ae04ba2b_w19.png,1dbd19e2ae04ba2b,19,Field,Noise
train/noise/1dbd19e2ae04ba2b_w24.png,1dbd19e2ae04ba2b,24,Field,Noise
train/noise/1dcc1b1dda42fcde_w03.png,1dcc1b1dda42fcde,3,Field,Noise
train/noise/1dcc1b1dda42fcde_w05.png,1dcc1b1dda42fcde,5,Field,Noise
train/noise/1dcc1b1dda42fcde_w07.png,1dcc1b1dda42fcde,7,Field,Noise
train/noise/1dcc1b1dda42fcde_w11.png,1dcc1b1dda42fcde,11,Field,Noise
train/noise/1dcc1b1dda42fcde_w14.png,1dcc1b1dda42fcde,14,Field,Noise
train/noise/1dcc1b1dda42fcde_w17.png,1dcc1b1dda42fcde,17,Field,Noise
train/noise/1dcc1b1dda42fcde_w20.png,1dcc1b1dda42fcde,20,Field,Noise
train/noise/1dcc1b1dda42fcde_w25.png,1dcc1b1dda42fcde,25,Field,Noise
train/noise/1deb9bbf56251391_w03.png,1deb9bbf56251391,3,Field,Noise
train/noise/1deb9bbf56251391_w05.png,1deb9bbf56251391,5,Field,Noise
train/noise/1deb9bbf56251391_w06.png,1deb9bbf56251391,6,Field,Noise
train/noise/1deb9bbf56251391_w08.png,1deb9bbf56251391,8,Field,Noise
train/noise/1deb9bbf56251391_w09.png,1deb9bbf56251391,9,Field,Noise
train/noise/1deb9bbf56251391_w10.png,1deb9bbf56251391,10,Field,Noise
train/noise/1deb9bbf56251391_w21.png,1deb9bbf56251391,21,Field,Noise
train/noise/1deb9bbf56251391_w24.png,1deb9bbf56251391,24,Field,Noise
train/noise/1e1ae31740519907_w03.png,1e1ae31740519907,3,Field,Noise
train/noise/1e1ae31740519907_w05.png,1e1ae31740519907,5,Field,Noise
train/noise/1e1ae31740519907_w06.png,1e1ae31740519907,6,Field,Noise
train/noise/1e1ae31740519907_w12.png,1e1ae31740519907,12,Field,Noise
train/noise/1e1ae31740519907_w14.png,1e1ae31740519907,14,Field,Noise
train/noise/1e1ae31740519907_w19.png,1e1ae31740519907,19,Field,Noise
train/noise/1e1ae31740519907_w22.png,1e1ae31740519907,22,Field,Noise
train/noise/1e1ae31740519907_w26.png,1e1ae31740519907,26,Field,Noise
train/noise/1e5179d67ab37dd8_w09.png,1e5179d67ab37dd8,9,Field,Noise
train/noise/1e5179d67ab37dd8_w11.png,1e5179d67ab37dd8,11,Field,Noise
train/noise/1e5179d67ab37dd8_w14.png,1e5179d67ab37dd8,14,Field,Noise
train/noise/1e5179d67ab37dd8_w15.png,1e5179d67ab37dd8,15,Field,Noise
train/noise/1e5179d67ab37dd8_w17.png,1e5179d67ab37dd8,17,Field,Noise
train/noise/1e5179d67ab37dd8_w22.png,1e5179d67ab37dd8,22,Field,Noise
train/noise/1e5179d67ab37dd8_w26.png,1e5179d67ab37dd8,26,Field,Noise
train/noise/1e5179d67ab37dd8_w27.png,1e5179d67ab37dd8,27,Field,Noise
train/noise/1e7cf68658ad92ea_w01.png,1e7cf68658ad92ea,1,Field,Noise
train/noise/1e7cf68658ad92ea_w03.png,1e7cf68658ad92ea,3,Field,Noise
train/noise/1e7cf68658ad92ea_w04.png,1e7cf68658ad92ea,4,Field,Noise
train/noise/1e7cf68658ad92ea_w09.png,1e7cf68658ad92ea,9,Field,Noise
train/noise/1e7cf68658ad92ea_w10.png,1e7cf68658ad92ea,10,Field,Noise
train/noise/1e7cf68658ad92ea_w13.png,1e7cf68658ad92ea,13,Field,Noise
train/noise/1e7cf68658ad92ea_w20.png,1e7cf68658ad92ea,20,Field,Noise
train/noise/1e7cf68658ad92ea_w25.png,1e7cf68658ad92ea,25,Field,Noise
train/noise/1ebbc8c9d0c253c5_w01.png,1ebbc8c9d0c253c5,1,Field,Noise
train/noise/1ebbc8c9d0c253c5_w06.png,1ebbc8c9d0c253c5,6,Field,Noise
train/noise/1ebbc8c9d0c253c5_w15.png,1ebbc8c9d0c253c5,15,Field,Noise
train/noise/1ebbc8c9d0c253c5_w16.png,1ebbc8c9d0c253c5,16,Field,Noise
train/noise/1ebbc8c9d0c253c5_w17.png,1ebbc8c9d0c253c5,17,Field,Noise
train/noise/1ebbc8c9d0c253c5_w19.png,1ebbc8c9d0c253c5,19,Field,Noise
train/noise/1ebbc8c9d0c253c5_w20.png,1ebbc8c9d0c253c5,20,Field,Noise
train/noise/1ebbc8c9d0c253c5_w22.png,1ebbc8c9d0c253c5,22,Field,Noise
train/noise/1ec586e62c5675b8_w03.png,1ec586e62c5675b8,3,Field,Noise
train/noise/1ec586e62c5675b8_w07.png,1ec586e62c5675b8,7,Field,Noise
train/noise/1ec586e62c5675b8_w15.png,1ec586e62c5675b8,15,Field,Noise
train/noise/1ec586e62c5675b8_w16.png,1ec586e62c5675b8,16,Field,Noise
train/noise/1ec586e62c5675b8_w17.png,1ec586e62c5675b8,17,Field,Noise
train/noise/1ec586e62c5675b8_w22.png,1ec586e62c5675b8,22,Field,Noise
train/noise/1ec586e62c5675b8_w23.png,1ec586e62c5675b8,23,Field,Noise
train/noise/1ec586e62c5675b8_w26.png,1ec586e62c5675b8,26,Field,Noise
train/noise/1ecef12ee420216f_w03.png,1ecef12ee420216f,3,Field,Noise
train/noise/1ecef12ee420216f_w04.png,1ecef12ee420216f,4,Field,Noise
train/noise/1ecef12ee420216f_w09.png,1ecef12ee420216f,9,Field,Noise
train/noise/1ecef12ee420216f_w12.png,1ecef12ee420216f,12,Field,Noise
train/noise/1ecef12ee420216f_w13.png,1ecef12ee420216f,13,Field,Noise
train/noise/1ecef12ee420216f_w16.png,1ecef12ee420216f,16,Field,Noise
train/noise/1ecef12ee420216f_w22.png,1ecef12ee420216f,22,Field,Noise
train/noise/1ecef12ee420216f_w24.png,1ecef12ee420216f,24,Field,Noise
train/noise/1fd0d595cabbdf49_w02.png,1fd0d595cabbdf49,2,Field,Noise
train/noise/1fd0d595cabbdf49_w04.png,1fd0d595cabbdf49,4,Field,Noise
train/noise/1fd0d595cabbdf49_w05.png,1fd0d595cabbdf49,5,Field,Noise
train/noise/1fd0d595cabbdf49_w12.png,1fd0d595cabbdf49,12,Field,Noise
train/noise/1fd0d595cabbdf49_w15.png,1fd0d595cabbdf49,15,Field,Noise
train/noise/1fd0d595cabbdf49_w17.png,1fd0d595cabbdf49,17,Field,Noise
train/noise/1fd0d595cabbdf49_w19.png,1fd0d595cabbdf49,19,Field,Noise
train/noise/1fd0d595cabbdf49_w24.png,1fd0d595cabbdf49,24,Field,Noise
train/noise/1fee6bce7734cb35_w01.png,1fee6bce7734cb35,1,Field,Noise
train/noise/1fee6bce7734cb35_w03.png,1fee6bce7734cb35,3,Field,Noise
train/noise/1fee6bce7734cb35_w07.png,1fee6bce7734cb35,7,Field,Noise
train/noise/1fee6bce7734cb35_w14.png,1fee6bce7734cb35,14,Field,Noise
train/noise/1fee6bce7734cb35_w17.png,1fee6bce7734cb35,17,Field,Noise
train/noise/1fee6bce7734cb35_w19.png,1fee6bce7734cb35,19,Field,Noise
train/noise/1fee6bce7734cb35_w24.png,1fee6bce7734cb35,24,Field,Noise
train/noise/1fee6bce7734cb35_w27.png,1fee6bce7734cb35,27,Field,Noise
train/noise/20bfe200070f00f7_w00.png,20bfe200070f00f7,0,Field,Noise
train/noise/20bfe200070f00f7_w01.png,20bfe200070f00f7,1,Field,Noise
train/noise/20bfe200070f00f7_w07.png,20bfe200070f00f7,7,Field,Noise
train/noise/20bfe200070f00f7_w09.png,20bfe200070f00f7,9,Field,Noise
train/noise/20bfe200070f00f7_w24.png,20bfe200070f00f7,24,Field,Noise
train/noise/20bfe200070f00f7_w25.png,20bfe200070f00f7,25,Field,Noise
train/noise/20bfe200070f00f7_w26.png,20bfe200070f00f7,26,Field,Noise
train/noise/20bfe200070f00f7_w27.png,20bfe200070f00f7,27,Field,Noise
train/noise/20ceaecd9694eecb_w02.png,20ceaecd9694eecb,2,Lab,Noise
train/noise/20ceaecd9694eecb_w08.png,20ceaecd9694eecb,8,Lab,Noise
train/noise/20ceaecd9694eecb_w10.png,20ceaecd9694eecb,10,Lab,Noise
train/noise/20ceaecd9694eecb_w15.png,20ceaecd9694eecb,15,Lab,Noise
train/noise/20ceaecd9694eecb_w17.png,20ceaecd9694eecb,17,Lab,Noise
train/noise/20ceaecd9694eecb_w19.png,20ceaecd9694eecb,19,Lab,Noise
train/noise/20ceaecd9694eecb_w24.png,20ceaecd9694eecb,24,Lab,Noise
train/noise/20ceaecd9694eecb_w27.png,20ceaecd9694eecb,27,Lab,Noise
train/noise/229708181ced27d8_w00.png,229708181ced27d8,0,Field,Noise
train/noise/229708181ced27d8_w01.png,229708181ced27d8,1,Field,Noise
train/noise/229708181ced27d8_w04.png,229708181ced27d8,4,Field,Noise
train/noise/229708181ced27d8_w06.png,229708181ced27d8,6,Field,Noise
train/noise/229708181ced27d8_w09.png,229708181ced27d8,9,Field,Noise
train/noise/229708181ced27d8_w10.png,229708181ced27d8,10,Field,Noise
train/noise/229708181ced27d8_w13.png,229708181ced27d8,13,Field,Noise
train/noise/229708181ced27d8_w25.png,229708181ced27d8,25,Field,Noise
train/noise/22a31d2665f2d725_w05.png,22a31d2665f2d725,5,Field,Noise
train/noise/22a31d2665f2d725_w07.png,22a31d2665f2d725,7,Field,Noise
train/noise/22a31d2665f2d725_w08.png,22a31d2665f2d725,8,Field,Noise
train/noise/22a31d2665f2d725_w09.png,22a31d2665f2d725,9,Field,Noise
train/noise/22a31d2665f2d725_w10.png,22a31d2665f2d725,10,Field,Noise
train/noise/22a31d2665f2d725_w17.png,22a31d2665f2d725,17,Field,Noise
train/noise/22a31d2665f2d725_w18.png,22a31d2665f2d725,18,Field,Noise
train/noise/22a31d2665f2d725_w20.png,22a31d2665f2d725,20,Field,Noise
train/noise/22fff19114f0cf4a_w00.png,22fff19114f0cf4a,0,Field,Noise
train/noise/22fff19114f0cf4a_w02.png,22fff19114f0cf4a,2,Field,Noise
train/noise/22fff19114f0cf4a_w06.png,22fff19114f0cf4a,6,Field,Noise
train/noise/22fff19114f0cf4a_w08.png,22fff19114f0cf4a,8,Field,Noise
train/noise/22fff19114f0cf4a_w09.png,22fff19114f0cf4a,9,Field,Noise
train/noise/22fff19114f0cf4a_w10.png,22fff19114f0cf4a,10,Field,Noise
train/noise/22fff19114f0cf4a_w17.png,22fff19114f0cf4a,17,Field,Noise
train/noise/22fff19114f0cf4a_w21.png,22fff19114f0cf4a,21,Field,Noise
train/noise/239e01b7d50314d5_w02.png,239e01b7d50314d5,2,Field,Noise
train/noise/239e01b7d50314d5_w04.png,239e01b7d50314d5,4,Field,Noise
train/noise/239e01b7d50314d5_w10.png,239e01b7d50314d5,10,Field,Noise
train/noise/239e01b7d50314d5_w11.png,239e01b7d50314d5,11,Field,Noise
train/noise/239e01b7d50314d5_w14.png,239e01b7d50314d5,14,Field,Noise
train/noise/239e01b7d50314d5_w16.png,239e01b7d50314d5,16,Field,Noise
train/noise/239e01b7d50314d5_w19.png,239e01b7d50314d5,19,Field,Noise
train/noise/239e01b7d50314d5_w24.png,239e01b7d50314d5,24,Field,Noise
train/noise/23c2d13b8fdfc4a1_w05.png,23c2d13b8fdfc4a1,5,Field,Noise
train/noise/23c2d13b8fdfc4a1_w07.png,23c2d13b8fdfc4a1,7,Field,Noise
train/noise/23c2d13b8fdfc4a1_w08.png,23c2d13b8fdfc4a1,8,Field,Noise
train/noise/23c2d13b8fdfc4a1_w10.png,23c2d13b8fdfc4a1,10,Field,Noise
train/noise/23c2d13b8fdfc4a1_w13.png,23c2d13b8fdfc4a1,13,Field,Noise
train/noise/23c2d13b8fdfc4a1_w18.png,23c2d13b8fdfc4a1,18,Field,Noise
train/noise/23c2d13b8fdfc4a1_w19.png,23c2d13b8fdfc4a1,19,Field,Noise
train/noise/23c2d13b8fdfc4a1_w21.png,23c2d13b8fdfc4a1,21,Field,Noise
train/noise/23ec8b14745fa51f_w05.png,23ec8b14745fa51f,5,Field,Noise
train/noise/23ec8b14745fa51f_w06.png,23ec8b14745fa51f,6,Field,Noise
train/noise/23ec8b14745fa51f_w07.png,23ec8b14745fa51f,7,Field,Noise
train/noise/23ec8b14745fa51f_w17.png,23ec8b14745fa51f,17,Field,Noise
train/noise/23ec8b14745fa51f_w18.png,23ec8b14745fa51f,18,Field,Noise
train/noise/23ec8b14745fa51f_w21.png,23ec8b14745fa51f,21,Field,Noise
train/noise/23ec8b14745fa51f_w22.png,23ec8b14745fa51f,22,Field,Noise
train/noise/23ec8b14745fa51f_w26.png,23ec8b14745fa51f,26,Field,Noise
train/noise/2408071a43a7de94_w02.png,2408071a43a7de94,2,Field,Noise
train/noise/2408071a43a7de94_w03.png,2408071a43a7de94,3,Field,Noise
train/noise/2408071a43a7de94_w04.png,2408071a43a7de94,4,Field,Noise
train/noise/2408071a43a7de94_w06.png,2408071a43a7de94,6,Field,Noise
train/noise/2408071a43a7de94_w17.png,2408071a43a7de94,17,Field,Noise
train/noise/2408071a43a7de94_w20.png,2408071a43a7de94,20,Field,Noise
train/noise/2408071a43a7de94_w21.png,2408071a43a7de94,21,Field,Noise
train/noise/2408071a43a7de94_w25.png,2408071a43a7de94,25,Field,Noise
train/noise/2411bf1a03947c7d_w10.png,2411bf1a03947c7d,10,Field,Noise
train/noise/2411bf1a03947c7d_w11.png,2411bf1a03947c7d,11,Field,Noise
train/noise/2411bf1a03947c7d_w12.png,2411bf1a03947c7d,12,Field,Noise
train/noise/2411bf1a03947c7d_w19.png,2411bf1a03947c7d,19,Field,Noise
train/noise/2411bf1a03947c7d_w20.png,2411bf1a03947c7d,20,Field,Noise
train/noise/2411bf1a03947c7d_w22.png,2411bf1a03947c7d,22,Field,Noise
train/noise/2411bf1a03947c7d_w23.png,2411bf1a03947c7d,23,Field,Noise
train/noise/2411bf1a03947c7d_w25.png,2411bf1a03947c7d,25,Field,Noise
train/noise/243a4f8060dd8257_w01.png,243a4f8060dd8257,1,Field,Noise
train/noise/243a4f8060dd8257_w05.png,243a4f8060dd8257,5,Field,Noise
train/noise/243a4f8060dd8257_w06.png,243a4f8060dd8257,6,Field,Noise
train/noise/243a4f8060dd8257_w07.png,243a4f8060dd8257,7,Field,Noise
train/noise/243a4f8060dd8257_w10.png,243a4f8060dd8257,10,Field,Noise
train/noise/243a4f8060dd8257_w11.png,243a4f8060dd8257,11,Field,Noise
train/noise/243a4f8060dd8257_w22.png,243a4f8060dd8257,22,Field,Noise
train/noise/243a4f8060dd8257_w25.png,243a4f8060dd8257,25,Field,Noise
train/noise/2459660804e42d19_w00.png,2459660804e42d19,0,Field,Noise
train/noise/2459660804e42d19_w05.png,2459660804e42d19,5,Field,Noise
train/noise/2459660804e42d19_w06.png,2459660804e42d19,6,Field,Noise
train/noise/2459660804e42d19_w18.png,2459660804e42d19,18,Field,Noise
train/noise/2459660804e42d19_w20.png,2459660804e42d19,20,Field,Noise
train/noise/2459660804e42d19_w23.png,2459660804e42d19,23,Field,Noise
train/noise/2459660804e42d19_w26.png,2459660804e42d19,26,Field,Noise
train/noise/2459660804e42d19_w27.png,2459660804e42d19,27,Field,Noise
train/noise/25e23d2292847dde_w00.png,25e23d2292847dde,0,Lab,Noise
train/noise/25e23d2292847dde_w05.png,25e23d2292847dde,5,Lab,Noise
train/noise/25e23d2292847dde_w12.png,25e23d2292847dde,12,Lab,Noise
train/noise/25e23d2292847dde_w13.png,25e23d2292847dde,13,Lab,Noise
train/noise/25e23d2292847dde_w17.png,25e23d2292847dde,17,Lab,Noise
train/noise/25e23d2292847dde_w18.png,25e23d2292847dde,18,Lab,Noise
train/noise/25e23d2292847dde_w20.png,25e23d2292847dde,20,Lab,Noise
train/noise/25e23d2292847dde_w24.png,25e23d2292847dde,24,Lab,Noise
train/noise/260df4f2a1a28528_w00.png,260df4f2a1a28528,0,Lab,Noise
train/noise/260df4f2a1a28528_w01.png,260df4f2a1a28528,1,Lab,Noise
train/noise/260df4f2a1a28528_w05.png,260df4f2a1a28528,5,Lab,Noise
train/noise/260df4f2a1a28528_w08.png,260df4f2a1a28528,8,Lab,Noise
train/noise/260df4f2a1a28528_w14.png,260df4f2a1a28528,14,Lab,Noise
train/noise/260df4f2a1a28528_w16.png,260df4f2a1a28528,16,Lab,Noise
train/noise/260df4f2a1a28528_w21.png,260df4f2a1a28528,21,Lab,Noise
train/noise/260df4f2a1a28528_w24.png,260df4f2a1a28528,24,Lab,Noise
train/noise/2655e4c2f6507a88_w02.png,2655e4c2f6507a88,2,Field,Noise
train/noise/2655e4c2f6507a88_w03.png,2655e4c2f6507a88,3,Field,Noise
train/noise/2655e4c2f6507a88_w05.png,2655e4c2f6507a88,5,Field,Noise
train/noise/2655e4c2f6507a88_w10.png,2655e4c2f6507a88,10,Field,Noise
train/noise/2655e4c2f6507a88_w13.png,2655e4c2f6507a88,13,Field,Noise
train/noise/2655e4c2f6507a88_w16.png,2655e4c2f6507a88,16,Field,Noise
train/noise/2655e4c2f6507a88_w19.png,2655e4c2f6507a88,19,Field,Noise
train/noise/2655e4c2f6507a88_w22.png,2655e4c2f6507a88,22,Field,Noise
train/noise/26b6619b874271d6_w02.png,26b6619b874271d6,2,Field,Noise
train/noise/26b6619b874271d6_w03.png,26b6619b874271d6,3,Field,Noise
train/noise/26b6619b874271d6_w06.png,26b6619b874271d6,6,Field,Noise
train/noise/26b6619b874271d6_w20.png,26b6619b874271d6,20,Field,Noise
train/noise/26b6619b874271d6_w23.png,26b6619b874271d6,23,Field,Noise
train/noise/26b6619b874271d6_w25.png,26b6619b874271d6,25,Field,Noise
train/noise/26b6619b874271d6_w26.png,26b6619b874271d6,26,Field,Noise
train/noise/26b6619b874271d6_w27.png,26b6619b874271d6,27,Field,Noise
train/noise/26c2f3fe3f4c8419_w01.png,26c2f3fe3f4c8419,1,Field,Noise
train/noise/26c2f3fe3f4c8419_w02.png,26c2f3fe3f4c8419,2,Field,Noise
train/noise/26c2f3fe3f4c8419_w06.png,26c2f3fe3f4c8419,6,Field,Noise
train/noise/26c2f3fe3f4c8419_w07.png,26c2f3fe3f4c8419,7,Field,Noise
train/noise/26c2f3fe3f4c8419_w08.png,26c2f3fe3f4c8419,8,Field,Noise
train/noise/26c2f3fe3f4c8419_w11.png,26c2f3fe3f4c8419,11,Field,Noise
train/noise/26c2f3fe3f4c8419_w23.png,26c2f3fe3f4c8419,23,Field,Noise
train/noise/26c2f3fe3f4c8419_w27.png,26c2f3fe3f4c8419,27,Field,Noise
train/noise/26e72bb7a0adbf02_w01.png,26e72bb7a0adbf02,1,Lab,Noise
train/noise/26e72bb7a0adbf02_w06.png,26e72bb7a0adbf02,6,Lab,Noise
train/noise/26e72bb7a0adbf02_w08.png,26e72bb7a0adbf02,8,Lab,Noise
train/noise/26e72bb7a0adbf02_w09.png,26e72bb7a0adbf02,9,Lab,Noise
train/noise/26e72bb7a0adbf02_w21.png,26e72bb7a0adbf02,21,Lab,Noise
train/noise/26e72bb7a0adbf02_w22.png,26e72bb7a0adbf02,22,Lab,Noise
train/noise/26e72bb7a0adbf02_w24.png,26e72bb7a0adbf02,24,Lab,Noise
train/noise/26e72bb7a0adbf02_w25.png,26e72bb7a0adbf02,25,Lab,Noise
train/noise/26f3f1fd32995b55_w01.png,26f3f1fd32995b55,1,Field,Noise
train/noise/26f3f1fd32995b55_w07.png,26f3f1fd32995b55,7,Field,Noise
train/noise/26f3f1fd32995b55_w12.png,26f3f1fd32995b55,12,Field,Noise
train/noise/26f3f1fd32995b55_w13.png,26f3f1fd32995b55,13,Field,Noise
train/noise/26f3f1fd32995b55_w22.png,26f3f1fd32995b55,22,Field,Noise
train/noise/26f3f1fd32995b55_w23.png,26f3f1fd32995b55,23,Field,Noise
train/noise/26f3f1fd32995b55_w26.png,26f3f1fd32995b55,26,Field,Noise
train/noise/26f3f1fd32995b55_w27.png,26f3f1fd32995b55,27,Field,Noise
train/noise/273ae74be4843435_w05.png,273ae74be4843435,5,Field,Noise
train/noise/273ae74be4843435_w06.png,273ae74be4843435,6,Field,Noise
train/noise/273ae74be4843435_w09.png,273ae74be4843435,9,Field,Noise
train/noise/273ae74be4843435_w12.png,273ae74be4843435,12,Field,Noise
train/noise/273ae74be4843435_w14.png,273ae74be4843435,14,Field,Noise
train/noise/273ae74be4843435_w17.png,273ae74be4843435,17,Field,Noise
train/noise/273ae74be4843435_w20.png,273ae74be4843435,20,Field,Noise
train/noise/273ae74be4843435_w27.png,273ae74be4843435,27,Field,Noise
train/noise/276190d7e773e3e4_w00.png,276190d7e773e3e4,0,Field,Noise
train/noise/276190d7e773e3e4_w03.png,276190d7e773e3e4,3,Field,Noise
train/noise/276190d7e773e3e4_w04.png,276190d7e773e3e4,4,Field,Noise
train/noise/276190d7e773e3e4_w08.png,276190d7e773e3e4,8,Field,Noise
train/noise/276190d7e773e3e4_w12.png,276190d7e773e3e4,12,Field,Noise
train/noise/276190d7e773e3e4_w15.png,276190d7e773e3e4,15,Field,Noise
train/noise/276190d7e773e3e4_w21.png,276190d7e773e3e4,21,Field,Noise
train/noise/276190d7e773e3e4_w22.png,276190d7e773e3e4,22,Field,Noise
train/noise/27ec8071ea7506bd_w00.png,27ec8071ea7506bd,0,Field,Noise
train/noise/27ec8071ea7506bd_w02.png,27ec8071ea7506bd,2,Field,Noise
train/noise/27ec8071ea7506bd_w03.png,27ec8071ea7506bd,3,Field,Noise
train/noise/27ec8071ea7506bd_w07.png,27ec8071ea7506bd,7,Field,Noise
train/noise/27ec8071ea7506bd_w10.png,27ec8071ea7506bd,10,Field,Noise
train/noise/27ec8071ea7506bd_w11.png,27ec8071ea7506bd,11,Field,Noise
train/noise/27ec8071ea7506bd_w17.png,27ec8071ea7506bd,17,Field,Noise
train/noise/27ec8071ea7506bd_w20.png,27ec8071ea7506bd,20,Field,Noise
train/noise/29113acdf8fb777b_w00.png,29113acdf8fb777b,0,Field,Noise
train/noise/29113acdf8fb777b_w03.png,29113acdf8fb777b,3,Field,Noise
train/noise/29113acdf8fb777b_w07.png,29113acdf8fb777b,7,Field,Noise
train/noise/29113acdf8fb777b_w12.png,29113acdf8fb777b,12,Field,Noise
train/noise/29113acdf8fb777b_w19.png,29113acdf8fb777b,19,Field,Noise
train/noise/29113acdf8fb777b_w20.png,29113acdf8fb777b,20,Field,Noise
train/noise/29113acdf8fb777b_w21.png,29113acdf8fb777b,21,Field,Noise
train/noise/29113acdf8fb777b_w23.png,29113acdf8fb777b,23,Field,Noise
train/noise/2992ac2c2353e73d_w01.png,2992ac2c2353e73d,1,Lab,Noise
train/noise/2992ac2c2353e73d_w05.png,2992ac2c2353e73d,5,Lab,Noise
train/noise/2992ac2c2353e73d_w08.png,2992ac2c2353e73d,8,Lab,Noise
train/noise/2992ac2c2353e73d_w10.png,2992ac2c2353e73d,10,Lab,Noise
train/noise/2992ac2c2353e73d_w17.png,2992ac2c2353e73d,17,Lab,Noise
train/noise/2992ac2c2353e73d_w18.png,2992ac2c2353e73d,18,Lab,Noise
train/noise/2992ac2c2353e73d_w23.png,2992ac2c2353e73d,23,Lab,Noise
train/noise/2992ac2c2353e73d_w24.png,2992ac2c2353e73d,24,Lab,Noise
train/noise/299f60d58530a2e3_w02.png,299f60d58530a2e3,2,Lab,Noise
train/noise/299f60d58530a2e3_w05.png,299f60d58530a2e3,5,Lab,Noise
train/noise/299f60d58530a2e3_w13.png,299f60d58530a2e3,13,Lab,Noise
train/noise/299f60d58530a2e3_w18.png,299f60d58530a2e3,18,Lab,Noise
train/noise/299f60d58530a2e3_w19.png,299f60d58530a2e3,19,Lab,Noise
train/noise/299f60d58530a2e3_w20.png,299f60d58530a2e3,20,Lab,Noise
train/noise/299f60d58530a2e3_w21.png,299f60d58530a2e3,21,Lab,Noise
train/noise/299f60d58530a2e3_w22.png,299f60d58530a2e3,22,Lab,Noise
train/noise/29af74cbc5f0cf05_w06.png,29af74cbc5f0cf05,6,Lab,Noise
train/noise/29af74cbc5f0cf05_w07.png,29af74cbc5f0cf05,7,Lab,Noise
train/noise/29af74cbc5f0cf05_w08.png,29af74cbc5f0cf05,8,Lab,Noise
train/noise/29af74cbc5f0cf05_w09.png,29af74cbc5f0cf05,9,Lab,Noise
train/noise/29af74cbc5f0cf05_w12.png,29af74cbc5f0cf05,12,Lab,Noise
train/noise/29af74cbc5f0cf05_w18.png,29af74cbc5f0cf05,18,Lab,Noise
train/noise/29af74cbc5f0cf05_w21.png,29af74cbc5f0cf05,21,Lab,Noise
train/noise/29af74cbc5f0cf05_w24.png,29af74cbc5f0cf05,24,Lab,Noise
train/noise/29d33cbc85ce18ed_w00.png,29d33cbc85ce18ed,0,Field,Noise
train/noise/29d33cbc85ce18ed_w10.png,29d33cbc85ce18ed,10,Field,Noise
train/noise/29d33cbc85ce18ed_w12.png,29d33cbc85ce18ed,12,Field,Noise
train/noise/29d33cbc85ce18ed_w19.png,29d33cbc85ce18ed,19,Field,Noise
train/noise/29d33cbc85ce18ed_w22.png,29d33cbc85ce18ed,22,Field,Noise
train/noise/29d33cbc85ce18ed_w24.png,29d33cbc85ce18ed,24,Field,Noise
train/noise/29d33cbc85ce18ed_w26.png,29d33cbc85ce18ed,26,Field,Noise
train/noise/29d33cbc85ce18ed_w27.png,29d33cbc85ce18ed,27,Field,Noise
train/noise/2a188a04afe0efbd_w01.png,2a188a04afe0efbd,1,Field,Noise
train/noise/2a188a04afe0efbd_w02.png,2a188a04afe0efbd,2,Field,Noise
train/noise/2a188a04afe0efbd_w03.png,2a188a04afe0efbd,3,Field,Noise
train/noise/2a188a04afe0efbd_w06.png,2a188a04afe0efbd,6,Field,Noise
train/noise/2a188a04afe0efbd_w09.png,2a188a04afe0efbd,9,Field,Noise
train/noise/2a188a04afe0efbd_w10.png,2a188a04afe0efbd,10,Field,Noise
train/noise/2a188a04afe0efbd_w15.png,2a188a04afe0efbd,15,Field,Noise
train/noise/2a188a04afe0efbd_w18.png,2a188a04afe0efbd,18,Field,Noise
train/noise/2a3c657bfe0bd66e_w07.png,2a3c657bfe0bd66e,7,Field,Noise
train/noise/2a3c657bfe0bd66e_w13.png,2a3c657bfe0bd66e,13,Field,Noise
train/noise/2a3c657bfe0bd66e_w14.png,2a3c657bfe0bd66e,14,Field,Noise
train/noise/2a3c657bfe0bd66e_w15.png,2a3c657bfe0bd66e,15,Field,Noise
train/noise/2a3c657bfe0bd66e_w16.png,2a3c657bfe0bd66e,16,Field,Noise
train/noise/2a3c657bfe0bd66e_w18.png,2a3c657bfe0bd66e,18,Field,Noise
train/noise/2a3c657bfe0bd66e_w20.png,2a3c657bfe0bd66e,20,Field,Noise
train/noise/2a3c657bfe0bd66e_w26.png,2a3c657bfe0bd66e,26,Field,Noise
train/noise/2ab249945173f166_w00.png,2ab249945173f166,0,Field,Noise
train/noise/2ab249945173f166_w02.png,2ab249945173f166,2,Field,Noise
train/noise/2ab249945173f166_w05.png,2ab249945173f166,5,Field,Noise
train/noise/2ab249945173f166_w06.png,2ab249945173f166,6,Field,Noise
train/noise/2ab249945173f166_w07.png,2ab249945173f166,7,Field,Noise
train/noise/2ab249945173f166_w12.png,2ab249945173f166,12,Field,Noise
train/noise/2ab249945173f166_w18.png,2ab249945173f166,18,Field,Noise
train/noise/2ab249945173f166_w27.png,2ab249945173f166,27,Field,Noise
train/noise/2ab67b97ae3c9194_w02.png,2ab67b97ae3c9194,2,Field,Noise
train/noise/2ab67b97ae3c9194_w03.png,2ab67b97ae3c9194,3,Field,Noise
train/noise/2ab67b97ae3c9194_w06.png,2ab67b97ae3c9194,6,Field,Noise
train/noise/2ab67b97ae3c9194_w08.png,2ab67b97ae3c9194,8,Field,Noise
train/noise/2ab67b97ae3c9194_w09.png,2ab67b97ae3c9194,9,Field,Noise
train/noise/2ab67b97ae3c9194_w10.png,2ab67b97ae3c9194,10,Field,Noise
train/noise/2ab67b97ae3c9194_w24.png,2ab67b97ae3c9194,24,Field,Noise
train/noise/2ab67b97ae3c9194_w26.png,2ab67b97ae3c9194,26,Field,Noise
train/noise/2abe13208635f716_w04.png,2abe13208635f716,4,Field,Noise
train/noise/2abe13208635f716_w05.png,2abe13208635f716,5,Field,Noise
train/noise/2abe13208635f716_w08.png,2abe13208635f716,8,Field,Noise
train/noise/2abe13208635f716_w15.png,2abe13208635f716,15,Field,Noise
train/noise/2abe13208635f716_w16.png,2abe13208635f716,16,Field,Noise
train/noise/2abe13208635f716_w19.png,2abe13208635f716,19,Field,Noise
train/noise/2abe13208635f716_w20.png,2abe13208635f716,20,Field,Noise
train/noise/2abe13208635f716_w22.png,2abe13208635f716,22,Field,Noise
train/noise/2b19f574cc511718_w01.png,2b19f574cc511718,1,Field,Noise
train/noise/2b19f574cc511718_w07.png,2b19f574cc511718,7,Field,Noise
train/noise/2b19f574cc511718_w08.png,2b19f574cc511718,8,Field,Noise
train/noise/2b19f574cc511718_w10.png,2b19f574cc511718,10,Field,Noise
train/noise/2b19f574cc511718_w14.png,2b19f574cc511718,14,Field,Noise
train/noise/2b19f574cc511718_w18.png,2b19f574cc511718,18,Field,Noise
train/noise/2b19f574cc511718_w22.png,2b19f574cc511718,22,Field,Noise
train/noise/2b19f574cc511718_w23.png,2b19f574cc511718,23,Field,Noise
train/noise/2b5a918896211e1e_w04.png,2b5a918896211e1e,4,Lab,Noise
train/noise/2b5a918896211e1e_w12.png,2b5a918896211e1e,12,Lab,Noise
train/noise/2b5a918896211e1e_w15.png,2b5a918896211e1e,15,Lab,Noise
train/noise/2b5a918896211e1e_w17.png,2b5a918896211e1e,17,Lab,Noise
train/noise/2b5a918896211e1e_w18.png,2b5a918896211e1e,18,Lab,Noise
train/noise/2b5a918896211e1e_w19.png,2b5a918896211e1e,19,Lab,Noise
train/noise/2b5a918896211e1e_w20.png,2b5a918896211e1e,20,Lab,Noise
train/noise/2b5a918896211e1e_w22.png,2b5a918896211e1e,22,Lab,Noise
train/noise/2b7c9ed556aa2ab6_w04.png,2b7c9ed556aa2ab6,4,Field,Noise
train/noise/2b7c9ed556aa2ab6_w06.png,2b7c9ed556aa2ab6,6,Field,Noise
train/noise/2b7c9ed556aa2ab6_w10.png,2b7c9ed556aa2ab6,10,Field,Noise
train/noise/2b7c9ed556aa2ab6_w12.png,2b7c9ed556aa2ab6,12,Field,Noise
train/noise/2b7c9ed556aa2ab6_w17.png,2b7c9ed556aa2ab6,17,Field,Noise
train/noise/2b7c9ed556aa2ab6_w22.png,2b7c9ed556aa2ab6,22,Field,Noise
train/noise/2b7c9ed556aa2ab6_w23.png,2b7c9ed556aa2ab6,23,Field,Noise
train/noise/2b7c9ed556aa2ab6_w27.png,2b7c9ed556aa2ab6,27,Field,Noise
train/noise/2bca2655eea906ba_w00.png,2bca2655eea906ba,0,Field,Noise
train/noise/2bca2655eea906ba_w01.png,2bca2655eea906ba,1,Field,Noise
train/noise/2bca2655eea906ba_w06.png,2bca2655eea906ba,6,Field,Noise
train/noise/2bca2655eea906ba_w08.png,2bca2655eea906ba,8,Field,Noise
train/noise/2bca2655eea906ba_w14.png,2bca2655eea906ba,14,Field,Noise
train/noise/2bca2655eea906ba_w15.png,2bca2655eea906ba,15,Field,Noise
train/noise/2bca2655eea906ba_w16.png,2bca2655eea906ba,16,Field,Noise
train/noise/2bca2655eea906ba_w20.png,2bca2655eea906ba,20,Field,Noise
train/noise/2bf4a85686a25f93_w01.png,2bf4a85686a25f93,1,Field,Noise
train/noise/2bf4a85686a25f93_w12.png,2bf4a85686a25f93,12,Field,Noise
train/noise/2bf4a85686a25f93_w14.png,2bf4a85686a25f93,14,Field,Noise
train/noise/2bf4a85686a25f93_w18.png,2bf4a85686a25f93,18,Field,Noise
train/noise/2bf4a85686a25f93_w19.png,2bf4a85686a25f93,19,Field,Noise
train/noise/2bf4a85686a25f93_w20.png,2bf4a85686a25f93,20,Field,Noise
train/noise/2bf4a85686a25f93_w24.png,2bf4a85686a25f93,24,Field,Noise
train/noise/2bf4a85686a25f93_w26.png,2bf4a85686a25f93,26,Field,Noise
train/noise/2c05afd3b43b4b2a_w01.png,2c05afd3b43b4b2a,1,Field,Noise
train/noise/2c05afd3b43b4b2a_w03.png,2c05afd3b43b4b2a,3,Field,Noise
train/noise/2c05afd3b43b4b2a_w12.png,2c05afd3b43b4b2a,12,Field,Noise
train/noise/2c05afd3b43b4b2a_w13.png,2c05afd3b43b4b2a,13,Field,Noise
train/noise/2c05afd3b43b4b2a_w15.png,2c05afd3b43b4b2a,15,Field,Noise
train/noise/2c05afd3b43b4b2a_w16.png,2c05afd3b43b4b2a,16,Field,Noise
train/noise/2c05afd3b43b4b2a_w21.png,2c05afd3b43b4b2a,21,Field,Noise
train/noise/2c05afd3b43b4b2a_w24.png,2c05afd3b43b4b2a,24,Field,Noise
train/noise/2c5547cb797f4a06_w00.png,2c5547cb797f4a06,0,Lab,Noise
train/noise/2c5547cb797f4a06_w02.png,2c5547cb797f4a06,2,Lab,Noise
train/noise/2c5547cb797f4a06_w07.png,2c5547cb797f4a06,7,Lab,Noise
train/noise/2c5547cb797f4a06_w11.png,2c5547cb797f4a06,11,Lab,Noise
train/noise/2c5547cb797f4a06_w12.png,2c5547cb797f4a06,12,Lab,Noise
train/noise/2c5547cb797f4a06_w16.png,2c5547cb797f4a06,16,Lab,Noise
train/noise/2c5547cb797f4a06_w17.png,2c5547cb797f4a06,17,Lab,Noise
train/noise/2c5547cb797f4a06_w20.png,2c5547cb797f4a06,20,Lab,Noise
train/noise/2c97bc48f525424f_w03.png,2c97bc48f525424f,3,Field,Noise
train/noise/2c97bc48f525424f_w04.png,2c97bc48f525424f,4,Field,Noise
train/noise/2c97bc48f525424f_w07.png,2c97bc48f525424f,7,Field,Noise
train/noise/2c97bc48f525424f_w18.png,2c97bc48f525424f,18,Field,Noise
train/noise/2c97bc48f525424f_w20.png,2c97bc48f525424f,20,Field,Noise
train/noise/2c97bc48f525424f_w21.png,2c97bc48f525424f,21,Field,Noise
train/noise/2c97bc48f525424f_w24.png,2c97bc48f525424f,24,Field,Noise
train/noise/2c97bc48f525424f_w25.png,2c97bc48f525424f,25,Field,Noise
train/noise/2cd4557b66bbf7a4_w07.png,2cd4557b66bbf7a4,7,Field,Noise
train/noise/2cd4557b66bbf7a4_w09.png,2cd4557b66bbf7a4,9,Field,Noise
train/noise/2cd4557b66bbf7a4_w10.png,2cd4557b66bbf7a4,10,Field,Noise
train/noise/2cd4557b66bbf7a4_w14.png,2cd4557b66bbf7a4,14,Field,Noise
train/noise/2cd4557b66bbf7a4_w15.png,2cd4557b66bbf7a4,15,Field,Noise
train/noise/2cd4557b66bbf7a4_w19.png,2cd4557b66bbf7a4,19,Field,Noise
train/noise/2cd4557b66bbf7a4_w20.png,2cd4557b66bbf7a4,20,Field,Noise
train/noise/2cd4557b66bbf7a4_w25.png,2cd4557b66bbf7a4,25,Field,Noise
train/noise/2d0634e251e1fa5d_w00.png,2d0634e251e1fa5d,0,Field,Noise
train/noise/2d0634e251e1fa5d_w03.png,2d0634e251e1fa5d,3,Field,Noise
train/noise/2d0634e251e1fa5d_w09.png,2d0634e251e1fa5d,9,Field,Noise
train/noise/2d0634e251e1fa5d_w10.png,2d0634e251e1fa5d,10,Field,Noise
train/noise/2d0634e251e1fa5d_w11.png,2d0634e251e1fa5d,11,Field,Noise
train/noise/2d0634e251e1fa5d_w21.png,2d0634e251e1fa5d,21,Field,Noise
train/noise/2d0634e251e1fa5d_w24.png,2d0634e251e1fa5d,24,Field,Noise
train/noise/2d0634e251e1fa5d_w26.png,2d0634e251e1fa5d,26,Field,Noise
train/noise/2d292f3c6cbccb49_w02.png,2d292f3c6cbccb49,2,Field,Noise
train/noise/2d292f3c6cbccb49_w06.png,2d292f3c6cbccb49,6,Field,Noise
train/noise/2d292f3c6cbccb49_w08.png,2d292f3c6cbccb49,8,Field,Noise
train/noise/2d292f3c6cbccb49_w14.png,2d292f3c6cbccb49,14,Field,Noise
train/noise/2d292f3c6cbccb49_w17.png,2d292f3c6cbccb49,17,Field,Noise
train/noise/2d292f3c6cbccb49_w18.png,2d292f3c6cbccb49,18,Field,Noise
train/noise/2d292f3c6cbccb49_w19.png,2d292f3c6cbccb49,19,Field,Noise
train/noise/2d292f3c6cbccb49_w26.png,2d292f3c6cbccb49,26,Field,Noise
train/noise/2d8c184320168e8f_w02.png,2d8c184320168e8f,2,Field,Noise
train/noise/2d8c184320168e8f_w09.png,2d8c184320168e8f,9,Field,Noise
train/noise/2d8c184320168e8f_w10.png,2d8c184320168e8f,10,Field,Noise
train/noise/2d8c184320168e8f_w15.png,2d8c184320168e8f,15,Field,Noise
train/noise/2d8c184320168e8f_w20.png,2d8c184320168e8f,20,Field,Noise
train/noise/2d8c184320168e8f_w21.png,2d8c184320168e8f,21,Field,Noise
train/noise/2d8c184320168e8f_w22.png,2d8c184320168e8f,22,Field,Noise
train/noise/2d8c184320168e8f_w27.png,2d8c184320168e8f,27,Field,Noise
train/noise/2e3755ed6a421caf_w03.png,2e3755ed6a421caf,3,Field,Noise
train/noise/2e3755ed6a421caf_w05.png,2e3755ed6a421caf,5,Field,Noise
train/noise/2e3755ed6a421caf_w06.png,2e3755ed6a421caf,6,Field,Noise
train/noise/2e3755ed6a421caf_w08.png,2e3755ed6a421caf,8,Field,Noise
train/noise/2e3755ed6a421caf_w16.png,2e3755ed6a421caf,16,Field,Noise
train/noise/2e3755ed6a421caf_w18.png,2e3755ed6a421caf,18,Field,Noise
train/noise/2e3755ed6a421caf_w21.png,2e3755ed6a421caf,21,Field,Noise
train/noise/2e3755ed6a421caf_w25.png,2e3755ed6a421caf,25,Field,Noise
train/noise/2e4007a425ba404f_w01.png,2e4007a425ba404f,1,Field,Noise
train/noise/2e4007a425ba404f_w03.png,2e4007a425ba404f,3,Field,Noise
train/noise/2e4007a425ba404f_w07.png,2e4007a425ba404f,7,Field,Noise
train/noise/2e4007a425ba404f_w10.png,2e4007a425ba404f,10,Field,Noise
train/noise/2e4007a425ba404f_w12.png,2e4007a425ba404f,12,Field,Noise
train/noise/2e4007a425ba404f_w17.png,2e4007a425ba404f,17,Field,Noise
train/noise/2e4007a425ba404f_w19.png,2e4007a425ba404f,19,Field,Noise
train/noise/2e4007a425ba404f_w24.png,2e4007a425ba404f,24,Field,Noise
train/noise/2ebf5b72e7d6c386_w03.png,2ebf5b72e7d6c386,3,Field,Noise
train/noise/2ebf5b72e7d6c386_w05.png,2ebf5b72e7d6c386,5,Field,Noise
train/noise/2ebf5b72e7d6c386_w10.png,2ebf5b72e7d6c386,10,Field,Noise
train/noise/2ebf5b72e7d6c386_w11.png,2ebf5b72e7d6c386,11,Field,Noise
train/noise/2ebf5b72e7d6c386_w12.png,2ebf5b72e7d6c386,12,Field,Noise
train/noise/2ebf5b72e7d6c386_w16.png,2ebf5b72e7d6c386,16,Field,Noise
train/noise/2ebf5b72e7d6c386_w18.png,2ebf5b72e7d6c386,18,Field,Noise
train/noise/2ebf5b72e7d6c386_w20.png,2ebf5b72e7d6c386,20,Field,Noise
train/noise/2f4c91db73a43248_w02.png,2f4c91db73a43248,2,Field,Noise
train/noise/2f4c91db73a43248_w03.png,2f4c91db73a43248,3,Field,Noise
train/noise/2f4c91db73a43248_w04.png,2f4c91db73a43248,4,Field,Noise
train/noise/2f4c91db73a43248_w07.png,2f4c91db73a43248,7,Field,Noise
train/noise/2f4c91db73a43248_w14.png,2f4c91db73a43248,14,Field,Noise
train/noise/2f4c91db73a43248_w15.png,2f4c91db73a43248,15,Field,Noise
train/noise/2f4c91db73a43248_w20.png,2f4c91db73a43248,20,Field,Noise
train/noise/2f4c91db73a43248_w21.png,2f4c91db73a43248,21,Field,Noise
train/noise/2f7fae980b539ebf_w04.png,2f7fae980b539ebf,4,Field,Noise
train/noise/2f7fae980b539ebf_w09.png,2f7fae980b539ebf,9,Field,Noise
train/noise/2f7fae980b539ebf_w18.png,2f7fae980b539ebf,18,Field,Noise
train/noise/2f7fae980b539ebf_w19.png,2f7fae980b539ebf,19,Field,Noise
train/noise/2f7fae980b539ebf_w20.png,2f7fae980b539ebf,20,Field,Noise
train/noise/2f7fae980b539ebf_w22.png,2f7fae980b539ebf,22,Field,Noise
train/noise/2f7fae980b539ebf_w24.png,2f7fae980b539ebf,24,Field,Noise
train/noise/2f7fae980b539ebf_w26.png,2f7fae980b539ebf,26,Field,Noise
train/noise/2f8663c4bddafeeb_w04.png,2f8663c4bddafeeb,4,Field,Noise
train/noise/2f8663c4bddafeeb_w07.png,2f8663c4bddafeeb,7,Field,Noise
train/noise/2f8663c4bddafeeb_w09.png,2f8663c4bddafeeb,9,Field,Noise
train/noise/2f8663c4bddafeeb_w18.png,2f8663c4bddafeeb,18,Field,Noise
train/noise/2f8663c4bddafeeb_w20.png,2f8663c4bddafeeb,20,Field,Noise
train/noise/2f8663c4bddafeeb_w23.png,2f8663c4bddafeeb,23,Field,Noise
train/noise/2f8663c4bddafeeb_w24.png,2f8663c4bddafeeb,24,Field,Noise
train/noise/2f8663c4bddafeeb_w25.png,2f8663c4bddafeeb,25,Field,Noise
train/noise/2fa5359e6c12a96d_w00.png,2fa5359e6c12a96d,0,Field,Noise
train/noise/2fa5359e6c12a96d_w05.png,2fa5359e6c12a96d,5,Field,Noise
train/noise/2fa5359e6c12a96d_w07.png,2fa5359e6c12a96d,7,Field,Noise
train/noise/2fa5359e6c12a96d_w08.png,2fa5359e6c12a96d,8,Field,Noise
train/noise/2fa5359e6c12a96d_w12.png,2fa5359e6c12a96d,12,Field,Noise
train/noise/2fa5359e6c12a96d_w16.png,2fa5359e6c12a96d,16,Field,Noise
train/noise/2fa5359e6c12a96d_w20.png,2fa5359e6c12a96d,20,Field,Noise
train/noise/2fa5359e6c12a96d_w23.png,2fa5359e6c12a96d,23,Field,Noise
train/noise/2fb21772cf8eea5a_w00.png,2fb21772cf8eea5a,0,Field,Noise
train/noise/2fb21772cf8eea5a_w02.png,2fb21772cf8eea5a,2,Field,Noise
train/noise/2fb21772cf8eea5a_w04.png,2fb21772cf8eea5a,4,Field,Noise
train/noise/2fb21772cf8eea5a_w06.png,2fb21772cf8eea5a,6,Field,Noise
train/noise/2fb21772cf8eea5a_w08.png,2fb21772cf8eea5a,8,Field,Noise
train/noise/2fb21772cf8eea5a_w12.png,2fb21772cf8eea5a,12,Field,Noise
train/noise/2fb21772cf8eea5a_w20.png,2fb21772cf8eea5a,20,Field,Noise
train/noise/2fb21772cf8eea5a_w24.png,2fb21772cf8eea5a,24,Field,Noise
train/noise/300439d8af426e67_w06.png,300439d8af426e67,6,Field,Noise
train/noise/300439d8af426e67_w12.png,300439d8af426e67,12,Field,Noise
train/noise/300439d8af426e67_w13.png,300439d8af426e67,13,Field,Noise
train/noise/300439d8af426e67_w14.png,300439d8af426e67,14,Field,Noise
train/noise/300439d8af426e67_w17.png,300439d8af426e67,17,Field,Noise
train/noise/300439d8af426e67_w19.png,300439d8af426e67,19,Field,Noise
train/noise/300439d8af426e67_w24.png,300439d8af426e67,24,Field,Noise
train/noise/300439d8af426e67_w27.png,300439d8af426e67,27,Field,Noise
train/noise/30638bde95d0136b_w01.png,30638bde95d0136b,1,Field,Noise
train/noise/30638bde95d0136b_w09.png,30638bde95d0136b,9,Field,Noise
train/noise/30638bde95d0136b_w18.png,30638bde95d0136b,18,Field,Noise
train/noise/30638bde95d0136b_w20.png,30638bde95d0136b,20,Field,Noise
train/noise/30638bde95d0136b_w21.png,30638bde95d0136b,21,Field,Noise
train/noise/30638bde95d0136b_w22.png,30638bde95d0136b,22,Field,Noise
train/noise/30638bde95d0136b_w23.png,30638bde95d0136b,23,Field,Noise
train/noise/30638bde95d0136b_w25.png,30638bde95d0136b,25,Field,Noise
train/noise/30ce99acf67ca5b0_w07.png,30ce99acf67ca5b0,7,Lab,Noise
train/noise/30ce99acf67ca5b0_w11.png,30ce99acf67ca5b0,11,Lab,Noise
train/noise/30ce99acf67ca5b0_w12.png,30ce99acf67ca5b0,12,Lab,Noise
train/noise/30ce99acf67ca5b0_w15.png,30ce99acf67ca5b0,15,Lab,Noise
train/noise/30ce99acf67ca5b0_w16.png,30ce99acf67ca5b0,16,Lab,Noise
train/noise/30ce99acf67ca5b0_w22.png,30ce99acf67ca5b0,22,Lab,Noise
train/noise/30ce99acf67ca5b0_w24.png,30ce99acf67ca5b0,24,Lab,Noise
train/noise/30ce99acf67ca5b0_w26.png,30ce99acf67ca5b0,26,Lab,Noise
train/noise/30e59175922d1359_w00.png,30e59175922d1359,0,Field,Noise
train/noise/30e59175922d1359_w04.png,30e59175922d1359,4,Field,Noise
train/noise/30e59175922d1359_w06.png,30e59175922d1359,6,Field,Noise
train/noise/30e59175922d1359_w11.png,30e59175922d1359,11,Field,Noise
train/noise/30e59175922d1359_w17.png,30e59175922d1359,17,Field,Noise
train/noise/30e59175922d1359_w20.png,30e59175922d1359,20,Field,Noise
train/noise/30e59175922d1359_w23.png,30e59175922d1359,23,Field,Noise
train/noise/30e59175922d1359_w26.png,30e59175922d1359,26,Field,Noise
train/noise/30ebdde0f13e7858_w00.png,30ebdde0f13e7858,0,Lab,Noise
train/noise/30ebdde0f13e7858_w04.png,30ebdde0f13e7858,4,Lab,Noise
train/noise/30ebdde0f13e7858_w08.png,30ebdde0f13e7858,8,Lab,Noise
train/noise/30ebdde0f13e7858_w11.png,30ebdde0f13e7858,11,Lab,Noise
train/noise/30ebdde0f13e7858_w18.png,30ebdde0f13e7858,18,Lab,Noise
train/noise/30ebdde0f13e7858_w19.png,30ebdde0f13e7858,19,Lab,Noise
train/noise/30ebdde0f13e7858_w20.png,30ebdde0f13e7858,20,Lab,Noise
train/noise/30ebdde0f13e7858_w27.png,30ebdde0f13e7858,27,Lab,Noise
train/noise/31406f1e5c84d8d5_w02.png,31406f1e5c84d8d5,2,Field,Noise
train/noise/31406f1e5c84d8d5_w03.png,31406f1e5c84d8d5,3,Field,Noise
train/noise/31406f1e5c84d8d5_w14.png,31406f1e5c84d8d5,14,Field,Noise
train/noise/31406f1e5c84d8d5_w18.png,31406f1e5c84d8d5,18,Field,Noise
train/noise/31406f1e5c84d8d5_w20.png,31406f1e5c84d8d5,20,Field,Noise
train/noise/31406f1e5c84d8d5_w21.png,31406f1e5c84d8d5,21,Field,Noise
train/noise/31406f1e5c84d8d5_w23.png,31406f1e5c84d8d5,23,Field,Noise
train/noise/31406f1e5c84d8d5_w24.png,31406f1e5c84d8d5,24,Field,Noise
train/noise/3159feac5c2f8438_w02.png,3159feac5c2f8438,2,Field,Noise
train/noise/3159feac5c2f8438_w11.png,3159feac5c2f8438,11,Field,Noise
train/noise/3159feac5c2f8438_w13.png,3159feac5c2f8438,13,Field,Noise
train/noise/3159feac5c2f8438_w17.png,3159feac5c2f8438,17,Field,Noise
train/noise/3159feac5c2f8438_w18.png,3159feac5c2f8438,18,Field,Noise
train/noise/3159feac5c2f8438_w22.png,3159feac5c2f8438,22,Field,Noise
train/noise/3159feac5c2f8438_w24.png,3159feac5c2f8438,24,Field,Noise
train/noise/3159feac5c2f8438_w25.png,3159feac5c2f8438,25,Field,Noise
train/noise/31675d55aae1681a_w03.png,31675d55aae1681a,3,Field,Noise
train/noise/31675d55aae1681a_w06.png,31675d55aae1681a,6,Field,Noise
train/noise/31675d55aae1681a_w11.png,31675d55aae1681a,11,Field,Noise
train/noise/31675d55aae1681a_w17.png,31675d55aae1681a,17,Field,Noise
train/noise/31675d55aae1681a_w19.png,31675d55aae1681a,19,Field,Noise
train/noise/31675d55aae1681a_w20.png,31675d55aae1681a,20,Field,Noise
train/noise/31675d55aae1681a_w24.png,31675d55aae1681a,24,Field,Noise
train/noise/31675d55aae1681a_w25.png,31675d55aae1681a,25,Field,Noise
train/noise/318ee13a0a8cb474_w03.png,318ee13a0a8cb474,3,Field,Noise
train/noise/318ee13a0a8cb474_w11.png,318ee13a0a8cb474,11,Field,Noise
train/noise/318ee13a0a8cb474_w13.png,318ee13a0a8cb474,13,Field,Noise
train/noise/318ee13a0a8cb474_w18.png,318ee13a0a8cb474,18,Field,Noise
train/noise/318ee13a0a8cb474_w22.png,318ee13a0a8cb474,22,Field,Noise
train/noise/318ee13a0a8cb474_w23.png,318ee13a0a8cb474,23,Field,Noise
train/noise/318ee13a0a8cb474_w26.png,318ee13a0a8cb474,26,Field,Noise
train/noise/318ee13a0a8cb474_w27.png,318ee13a0a8cb474,27,Field,Noise
train/noise/31c3b7ba4d1e736c_w00.png,31c3b7ba4d1e736c,0,Field,Noise
train/noise/31c3b7ba4d1e736c_w04.png,31c3b7ba4d1e736c,4,Field,Noise
train/noise/31c3b7ba4d1e736c_w05.png,31c3b7ba4d1e736c,5,Field,Noise
train/noise/31c3b7ba4d1e736c_w11.png,31c3b7ba4d1e736c,11,Field,Noise
train/noise/31c3b7ba4d1e736c_w15.png,31c3b7ba4d1e736c,15,Field,Noise
train/noise/31c3b7ba4d1e736c_w18.png,31c3b7ba4d1e736c,18,Field,Noise
train/noise/31c3b7ba4d1e736c_w21.png,31c3b7ba4d1e736c,21,Field,Noise
train/noise/31c3b7ba4d1e736c_w25.png,31c3b7ba4d1e736c,25,Field,Noise
train/noise/31e87ab1b7c96b15_w01.png,31e87ab1b7c96b15,1,Lab,Noise
train/noise/31e87ab1b7c96b15_w08.png,31e87ab1b7c96b15,8,Lab,Noise
train/noise/31e87ab1b7c96b15_w14.png,31e87ab1b7c96b15,14,Lab,Noise
train/noise/31e87ab1b7c96b15_w15.png,31e87ab1b7c96b15,15,Lab,Noise
train/noise/31e87ab1b7c96b15_w19.png,31e87ab1b7c96b15,19,Lab,Noise
train/noise/31e87ab1b7c96b15_w20.png,31e87ab1b7c96b15,20,Lab,Noise
train/noise/31e87ab1b7c96b15_w21.png,31e87ab1b7c96b15,21,Lab,Noise
train/noise/31e87ab1b7c96b15_w23.png,31e87ab1b7c96b15,23,Lab,Noise
train/noise/321c5dea1c696187_w04.png,321c5dea1c696187,4,Field,Noise
train/noise/321c5dea1c696187_w05.png,321c5dea1c696187,5,Field,Noise
train/noise/321c5dea1c696187_w10.png,321c5dea1c696187,10,Field,Noise
train/noise/321c5dea1c696187_w11.png,321c5dea1c696187,11,Field,Noise
train/noise/321c5dea1c696187_w12.png,321c5dea1c696187,12,Field,Noise
train/noise/321c5dea1c696187_w18.png,321c5dea1c696187,18,Field,Noise
train/noise/321c5dea1c696187_w24.png,321c5dea1c696187,24,Field,Noise
train/noise/321c5dea1c696187_w27.png,321c5dea1c696187,27,Field,Noise
train/noise/32305c6a8c4cb526_w02.png,32305c6a8c4cb526,2,Field,Noise
train/noise/32305c6a8c4cb526_w03.png,32305c6a8c4cb526,3,Field,Noise
train/noise/32305c6a8c4cb526_w06.png,32305c6a8c4cb526,6,Field,Noise
train/noise/32305c6a8c4cb526_w11.png,32305c6a8c4cb526,11,Field,Noise
train/noise/32305c6a8c4cb526_w14.png,32305c6a8c4cb526,14,Field,Noise
train/noise/32305c6a8c4cb526_w15.png,32305c6a8c4cb526,15,Field,Noise
train/noise/32305c6a8c4cb526_w24.png,32305c6a8c4cb526,24,Field,Noise
train/noise/32305c6a8c4cb526_w26.png,32305c6a8c4cb526,26,Field,Noise
train/noise/324bc796d7f1c4c5_w03.png,324bc796d7f1c4c5,3,Lab,Noise
train/noise/324bc796d7f1c4c5_w04.png,324bc796d7f1c4c5,4,Lab,Noise
train/noise/324bc796d7f1c4c5_w05.png,324bc796d7f1c4c5,5,Lab,Noise
train/noise/324bc796d7f1c4c5_w11.png,324bc796d7f1c4c5,11,Lab,Noise
train/noise/324bc796d7f1c4c5_w13.png,324bc796d7f1c4c5,13,Lab,Noise
train/noise/324bc796d7f1c4c5_w18.png,324bc796d7f1c4c5,18,Lab,Noise
train/noise/324bc796d7f1c4c5_w21.png,324bc796d7f1c4c5,21,Lab,Noise
train/noise/324bc796d7f1c4c5_w24.png,324bc796d7f1c4c5,24,Lab,Noise
train/noise/3285840e0b398946_w02.png,3285840e0b398946,2,Field,Noise
train/noise/3285840e0b398946_w06.png,3285840e0b398946,6,Field,Noise
train/noise/3285840e0b398946_w09.png,3285840e0b398946,9,Field,Noise
train/noise/3285840e0b398946_w10.png,3285840e0b398946,10,Field,Noise
train/noise/3285840e0b398946_w16.png,3285840e0b398946,16,Field,Noise
train/noise/3285840e0b398946_w18.png,3285840e0b398946,18,Field,Noise
train/noise/3285840e0b398946_w20.png,3285840e0b398946,20,Field,Noise
train/noise/3285840e0b398946_w25.png,3285840e0b398946,25,Field,Noise
train/noise/32e0502ecd628796_w03.png,32e0502ecd628796,3,Field,Noise
train/noise/32e0502ecd628796_w06.png,32e0502ecd628796,6,Field,Noise
train/noise/32e0502ecd628796_w08.png,32e0502ecd628796,8,Field,Noise
train/noise/32e0502ecd628796_w09.png,32e0502ecd628796,9,Field,Noise
train/noise/32e0502ecd628796_w12.png,32e0502ecd628796,12,Field,Noise
train/noise/32e0502ecd628796_w14.png,32e0502ecd628796,14,Field,Noise
train/noise/32e0502ecd628796_w22.png,32e0502ecd628796,22,Field,Noise
train/noise/32e0502ecd628796_w24.png,32e0502ecd628796,24,Field,Noise
train/noise/33585cd1f7467ca9_w06.png,33585cd1f7467ca9,6,Field,Noise
train/noise/33585cd1f7467ca9_w07.png,33585cd1f7467ca9,7,Field,Noise
train/noise/33585cd1f7467ca9_w08.png,33585cd1f7467ca9,8,Field,Noise
train/noise/33585cd1f7467ca9_w09.png,33585cd1f7467ca9,9,Field,Noise
train/noise/33585cd1f7467ca9_w12.png,33585cd1f7467ca9,12,Field,Noise
train/noise/33585cd1f7467ca9_w14.png,33585cd1f7467ca9,14,Field,Noise
train/noise/33585cd1f7467ca9_w25.png,33585cd1f7467ca9,25,Field,Noise
train/noise/33585cd1f7467ca9_w27.png,33585cd1f7467ca9,27,Field,Noise
train/noise/3367e774de7482b2_w02.png,3367e774de7482b2,2,Field,Noise
train/noise/3367e774de7482b2_w05.png,3367e774de7482b2,5,Field,Noise
train/noise/3367e774de7482b2_w12.png,3367e774de7482b2,12,Field,Noise
train/noise/3367e774de7482b2_w14.png,3367e774de7482b2,14,Field,Noise
train/noise/3367e774de7482b2_w21.png,3367e774de7482b2,21,Field,Noise
train/noise/3367e774de7482b2_w22.png,3367e774de7482b2,22,Field,Noise
train/noise/3367e774de7482b2_w25.png,3367e774de7482b2,25,Field,Noise
train/noise/3367e774de7482b2_w27.png,3367e774de7482b2,27,Field,Noise
train/noise/33737b1263ab1319_w01.png,33737b1263ab1319,1,Field,Noise
train/noise/33737b1263ab1319_w02.png,33737b1263ab1319,2,Field,Noise
train/noise/33737b1263ab1319_w04.png,33737b1263ab1319,4,Field,Noise
train/noise/33737b1263ab1319_w08.png,33737b1263ab1319,8,Field,Noise
train/noise/33737b1263ab1319_w13.png,33737b1263ab1319,13,Field,Noise
train/noise/33737b1263ab1319_w16.png,33737b1263ab1319,16,Field,Noise
train/noise/33737b1263ab1319_w19.png,33737b1263ab1319,19,Field,Noise
train/noise/33737b1263ab1319_w25.png,33737b1263ab1319,25,Field,Noise
train/noise/341cb1129761fbc7_w00.png,341cb1129761fbc7,0,Field,Noise
train/noise/341cb1129761fbc7_w02.png,341cb1129761fbc7,2,Field,Noise
train/noise/341cb1129761fbc7_w06.png,341cb1129761fbc7,6,Field,Noise
train/noise/341cb1129761fbc7_w16.png,341cb1129761fbc7,16,Field,Noise
train/noise/341cb1129761fbc7_w18.png,341cb1129761fbc7,18,Field,Noise
train/noise/341cb1129761fbc7_w20.png,341cb1129761fbc7,20,Field,Noise
train/noise/341cb1129761fbc7_w21.png,341cb1129761fbc7,21,Field,Noise
train/noise/341cb1129761fbc7_w23.png,341cb1129761fbc7,23,Field,Noise
train/noise/34acada8a4d93f5c_w07.png,34acada8a4d93f5c,7,Field,Noise
train/noise/34acada8a4d93f5c_w11.png,34acada8a4d93f5c,11,Field,Noise
train/noise/34acada8a4d93f5c_w12.png,34acada8a4d93f5c,12,Field,Noise
train/noise/34acada8a4d93f5c_w19.png,34acada8a4d93f5c,19,Field,Noise
train/noise/34acada8a4d93f5c_w21.png,34acada8a4d93f5c,21,Field,Noise
train/noise/34acada8a4d93f5c_w22.png,34acada8a4d93f5c,22,Field,Noise
train/noise/34acada8a4d93f5c_w26.png,34acada8a4d93f5c,26,Field,Noise
train/noise/34acada8a4d93f5c_w27.png,34acada8a4d93f5c,27,Field,Noise
train/noise/34e3d09785a517cf_w05.png,34e3d09785a517cf,5,Field,Noise
train/noise/34e3d09785a517cf_w07.png,34e3d09785a517cf,7,Field,Noise
train/noise/34e3d09785a517cf_w08.png,34e3d09785a517cf,8,Field,Noise
train/noise/34e3d09785a517cf_w09.png,34e3d09785a517cf,9,Field,Noise
train/noise/34e3d09785a517cf_w11.png,34e3d09785a517cf,11,Field,Noise
train/noise/34e3d09785a517cf_w14.png,34e3d09785a517cf,14,Field,Noise
train/noise/34e3d09785a517cf_w17.png,34e3d09785a517cf,17,Field,Noise
train/noise/34e3d09785a517cf_w22.png,34e3d09785a517cf,22,Field,Noise
train/noise/34e7a26ebc907405_w02.png,34e7a26ebc907405,2,Field,Noise
train/noise/34e7a26ebc907405_w03.png,34e7a26ebc907405,3,Field,Noise
train/noise/34e7a26ebc907405_w09.png,34e7a26ebc907405,9,Field,Noise
train/noise/34e7a26ebc907405_w10.png,34e7a26ebc907405,10,Field,Noise
train/noise/34e7a26ebc907405_w12.png,34e7a26ebc907405,12,Field,Noise
train/noise/34e7a26ebc907405_w13.png,34e7a26ebc907405,13,Field,Noise
train/noise/34e7a26ebc907405_w17.png,34e7a26ebc907405,17,Field,Noise
train/noise/34e7a26ebc907405_w23.png,34e7a26ebc907405,23,Field,Noise
train/noise/34ea31b91530917f_w01.png,34ea31b91530917f,1,Field,Noise
train/noise/34ea31b91530917f_w02.png,34ea31b91530917f,2,Field,Noise
train/noise/34ea31b91530917f_w08.png,34ea31b91530917f,8,Field,Noise
train/noise/34ea31b91530917f_w12.png,34ea31b91530917f,12,Field,Noise
train/noise/34ea31b91530917f_w15.png,34ea31b91530917f,15,Field,Noise
train/noise/34ea31b91530917f_w19.png,34ea31b91530917f,19,Field,Noise
train/noise/34ea31b91530917f_w24.png,34ea31b91530917f,24,Field,Noise
train/noise/34ea31b91530917f_w27.png,34ea31b91530917f,27,Field,Noise
train/noise/354617c7ecb438e1_w08.png,354617c7ecb438e1,8,Field,Noise
train/noise/354617c7ecb438e1_w10.png,354617c7ecb438e1,10,Field,Noise
train/noise/354617c7ecb438e1_w12.png,354617c7ecb438e1,12,Field,Noise
train/noise/354617c7ecb438e1_w15.png,354617c7ecb438e1,15,Field,Noise
train/noise/354617c7ecb438e1_w18.png,354617c7ecb438e1,18,Field,Noise
train/noise/354617c7ecb438e1_w20.png,354617c7ecb438e1,20,Field,Noise
train/noise/354617c7ecb438e1_w21.png,354617c7ecb438e1,21,Field,Noise
train/noise/354617c7ecb438e1_w23.png,354617c7ecb438e1,23,Field,Noise
train/noise/356b3df2b31151e5_w00.png,356b3df2b31151e5,0,Field,Noise
train/noise/356b3df2b31151e5_w08.png,356b3df2b31151e5,8,Field,Noise
train/noise/356b3df2b31151e5_w12.png,356b3df2b31151e5,12,Field,Noise
train/noise/356b3df2b31151e5_w13.png,356b3df2b31151e5,13,Field,Noise
train/noise/356b3df2b31151e5_w14.png,356b3df2b31151e5,14,Field,Noise
train/noise/356b3df2b31151e5_w15.png,356b3df2b31151e5,15,Field,Noise
train/noise/356b3df2b31151e5_w19.png,356b3df2b31151e5,19,Field,Noise
train/noise/356b3df2b31151e5_w21.png,356b3df2b31151e5,21,Field,Noise
train/noise/3654037937fb9248_w02.png,3654037937fb9248,2,Field,Noise
train/noise/3654037937fb9248_w03.png,3654037937fb9248,3,Field,Noise
train/noise/3654037937fb9248_w10.png,3654037937fb9248,10,Field,Noise
train/noise/3654037937fb9248_w11.png,3654037937fb9248,11,Field,Noise
train/noise/3654037937fb9248_w14.png,3654037937fb9248,14,Field,Noise
train/noise/3654037937fb9248_w18.png,3654037937fb9248,18,Field,Noise
train/noise/3654037937fb9248_w22.png,3654037937fb9248,22,Field,Noise
train/noise/3654037937fb9248_w26.png,3654037937fb9248,26,Field,Noise
train/noise/3677e883898b03df_w00.png,3677e883898b03df,0,Field,Noise
train/noise/3677e883898b03df_w04.png,3677e883898b03df,4,Field,Noise
train/noise/3677e883898b03df_w05.png,3677e883898b03df,5,Field,Noise
train/noise/3677e883898b03df_w10.png,3677e883898b03df,10,Field,Noise
train/noise/3677e883898b03df_w15.png,3677e883898b03df,15,Field,Noise
train/noise/3677e883898b03df_w18.png,3677e883898b03df,18,Field,Noise
train/noise/3677e883898b03df_w21.png,3677e883898b03df,21,Field,Noise
train/noise/3677e883898b03df_w26.png,3677e883898b03df,26,Field,Noise
train/noise/36dd3127e56a4916_w00.png,36dd3127e56a4916,0,Field,Noise
train/noise/36dd3127e56a4916_w01.png,36dd3127e56a4916,1,Field,Noise
train/noise/36dd3127e56a4916_w03.png,36dd3127e56a4916,3,Field,Noise
train/noise/36dd3127e56a4916_w04.png,36dd3127e56a4916,4,Field,Noise
train/noise/36dd3127e56a4916_w06.png,36dd3127e56a4916,6,Field,Noise
train/noise/36dd3127e56a4916_w23.png,36dd3127e56a4916,23,Field,Noise
train/noise/36dd3127e56a4916_w24.png,36dd3127e56a4916,24,Field,Noise
train/noise/36dd3127e56a4916_w27.png,36dd3127e56a4916,27,Field,Noise
train/noise/36e5a40f2ae72e35_w01.png,36e5a40f2ae72e35,1,Lab,Noise
train/noise/36e5a40f2ae72e35_w14.png,36e5a40f2ae72e35,14,Lab,Noise
train/noise/36e5a40f2ae72e35_w16.png,36e5a40f2ae72e35,16,Lab,Noise
train/noise/36e5a40f2ae72e35_w19.png,36e5a40f2ae72e35,19,Lab,Noise
train/noise/36e5a40f2ae72e35_w20.png,36e5a40f2ae72e35,20,Lab,Noise
train/noise/36e5a40f2ae72e35_w24.png,36e5a40f2ae72e35,24,Lab,Noise
train/noise/36e5a40f2ae72e35_w25.png,36e5a40f2ae72e35,25,Lab,Noise
train/noise/36e5a40f2ae72e35_w26.png,36e5a40f2ae72e35,26,Lab,Noise
train/noise/36f3ec12f2c6e55b_w00.png,36f3ec12f2c6e55b,0,Field,Noise
train/noise/36f3ec12f2c6e55b_w05.png,36f3ec12f2c6e55b,5,Field,Noise
train/noise/36f3ec12f2c6e55b_w10.png,36f3ec12f2c6e55b,10,Field,Noise
train/noise/36f3ec12f2c6e55b_w14.png,36f3ec12f2c6e55b,14,Field,Noise
train/noise/36f3ec12f2c6e55b_w18.png,36f3ec12f2c6e55b,18,Field,Noise
train/noise/36f3ec12f2c6e55b_w20.png,36f3ec12f2c6e55b,20,Field,Noise
train/noise/36f3ec12f2c6e55b_w21.png,36f3ec12f2c6e55b,21,Field,Noise
train/noise/36f3ec12f2c6e55b_w23.png,36f3ec12f2c6e55b,23,Field,Noise
train/noise/376aefbf43228067_w00.png,376aefbf43228067,0,Field,Noise
train/noise/376aefbf43228067_w01.png,376aefbf43228067,1,Field,Noise
train/noise/376aefbf43228067_w11.png,376aefbf43228067,11,Field,Noise
train/noise/376aefbf43228067_w12.png,376aefbf43228067,12,Field,Noise
train/noise/376aefbf43228067_w14.png,376aefbf43228067,14,Field,Noise
train/noise/376aefbf43228067_w16.png,376aefbf43228067,16,Field,Noise
train/noise/376aefbf43228067_w20.png,376aefbf43228067,20,Field,Noise
train/noise/376aefbf43228067_w27.png,376aefbf43228067,27,Field,Noise
train/noise/37fbdc87b2024b6a_w01.png,37fbdc87b2024b6a,1,Field,Noise
train/noise/37fbdc87b2024b6a_w02.png,37fbdc87b2024b6a,2,Field,Noise
train/noise/37fbdc87b2024b6a_w05.png,37fbdc87b2024b6a,5,Field,Noise
train/noise/37fbdc87b2024b6a_w06.png,37fbdc87b2024b6a,6,Field,Noise
train/noise/37fbdc87b2024b6a_w12.png,37fbdc87b2024b6a,12,Field,Noise
train/noise/37fbdc87b2024b6a_w20.png,37fbdc87b2024b6a,20,Field,Noise
train/noise/37fbdc87b2024b6a_w21.png,37fbdc87b2024b6a,21,Field,Noise
train/noise/37fbdc87b2024b6a_w27.png,37fbdc87b2024b6a,27,Field,Noise
train/noise/380612b50af4c39b_w01.png,380612b50af4c39b,1,Lab,Noise
train/noise/380612b50af4c39b_w09.png,380612b50af4c39b,9,Lab,Noise
train/noise/380612b50af4c39b_w10.png,380612b50af4c39b,10,Lab,Noise
train/noise/380612b50af4c39b_w11.png,380612b50af4c39b,11,Lab,Noise
train/noise/380612b50af4c39b_w13.png,380612b50af4c39b,13,Lab,Noise
train/noise/380612b50af4c39b_w18.png,380612b50af4c39b,18,Lab,Noise
train/noise/380612b50af4c39b_w22.png,380612b50af4c39b,22,Lab,Noise
train/noise/380612b50af4c39b_w24.png,380612b50af4c39b,24,Lab,Noise
train/noise/3837a362dcef6e5f_w01.png,3837a362dcef6e5f,1,Field,Noise
train/noise/3837a362dcef6e5f_w02.png,3837a362dcef6e5f,2,Field,Noise
train/noise/3837a362dcef6e5f_w03.png,3837a362dcef6e5f,3,Field,Noise
train/noise/3837a362dcef6e5f_w09.png,3837a362dcef6e5f,9,Field,Noise
train/noise/3837a362dcef6e5f_w10.png,3837a362dcef6e5f,10,Field,Noise
train/noise/3837a362dcef6e5f_w13.png,3837a362dcef6e5f,13,Field,Noise
train/noise/3837a362dcef6e5f_w14.png,3837a362dcef6e5f,14,Field,Noise
train/noise/3837a362dcef6e5f_w21.png,3837a362dcef6e5f,21,Field,Noise
train/noise/3847fbdcc65bdd57_w01.png,3847fbdcc65bdd57,1,Field,Noise
train/noise/3847fbdcc65bdd57_w04.png,3847fbdcc65bdd57,4,Field,Noise
train/noise/3847fbdcc65bdd57_w08.png,3847fbdcc65bdd57,8,Field,Noise
train/noise/3847fbdcc65bdd57_w17.png,3847fbdcc65bdd57,17,Field,Noise
train/noise/3847fbdcc65bdd57_w20.png,3847fbdcc65bdd57,20,Field,Noise
train/noise/3847fbdcc65bdd57_w22.png,3847fbdcc65bdd57,22,Field,Noise
train/noise/3847fbdcc65bdd57_w23.png,3847fbdcc65bdd57,23,Field,Noise
train/noise/3847fbdcc65bdd57_w27.png,3847fbdcc65bdd57,27,Field,Noise
train/noise/387d56c59ea0b5bb_w01.png,387d56c59ea0b5bb,1,Lab,Noise
train/noise/387d56c59ea0b5bb_w03.png,387d56c59ea0b5bb,3,Lab,Noise
train/noise/387d56c59ea0b5bb_w08.png,387d56c59ea0b5bb,8,Lab,Noise
train/noise/387d56c59ea0b5bb_w13.png,387d56c59ea0b5bb,13,Lab,Noise
train/noise/387d56c59ea0b5bb_w21.png,387d56c59ea0b5bb,21,Lab,Noise
train/noise/387d56c59ea0b5bb_w22.png,387d56c59ea0b5bb,22,Lab,Noise
train/noise/387d56c59ea0b5bb_w24.png,387d56c59ea0b5bb,24,Lab,Noise
train/noise/387d56c59ea0b5bb_w26.png,387d56c59ea0b5bb,26,Lab,Noise
train/noise/38870896ea92fb7c_w00.png,38870896ea92fb7c,0,Field,Noise
train/noise/38870896ea92fb7c_w01.png,38870896ea92fb7c,1,Field,Noise
train/noise/38870896ea92fb7c_w12.png,38870896ea92fb7c,12,Field,Noise
train/noise/38870896ea92fb7c_w13.png,38870896ea92fb7c,13,Field,Noise
train/noise/38870896ea92fb7c_w15.png,38870896ea92fb7c,15,Field,Noise
train/noise/38870896ea92fb7c_w17.png,38870896ea92fb7c,17,Field,Noise
train/noise/38870896ea92fb7c_w23.png,38870896ea92fb7c,23,Field,Noise
train/noise/38870896ea92fb7c_w25.png,38870896ea92fb7c,25,Field,Noise
train/noise/3912ba7fa7fbb8bf_w03.png,3912ba7fa7fbb8bf,3,Field,Noise
train/noise/3912ba7fa7fbb8bf_w06.png,3912ba7fa7fbb8bf,6,Field,Noise
train/noise/3912ba7fa7fbb8bf_w08.png,3912ba7fa7fbb8bf,8,Field,Noise
train/noise/3912ba7fa7fbb8bf_w15.png,3912ba7fa7fbb8bf,15,Field,Noise
train/noise/3912ba7fa7fbb8bf_w19.png,3912ba7fa7fbb8bf,19,Field,Noise
train/noise/3912ba7fa7fbb8bf_w21.png,3912ba7fa7fbb8bf,21,Field,Noise
train/noise/3912ba7fa7fbb8bf_w26.png,3912ba7fa7fbb8bf,26,Field,Noise
train/noise/3912ba7fa7fbb8bf_w27.png,3912ba7fa7fbb8bf,27,Field,Noise
train/noise/3abcd41504b589d6_w00.png,3abcd41504b589d6,0,Field,Noise
train/noise/3abcd41504b589d6_w03.png,3abcd41504b589d6,3,Field,Noise
train/noise/3abcd41504b589d6_w09.png,3abcd41504b589d6,9,Field,Noise
train/noise/3abcd41504b589d6_w13.png,3abcd41504b589d6,13,Field,Noise
train/noise/3abcd41504b589d6_w17.png,3abcd41504b589d6,17,Field,Noise
train/noise/3abcd41504b589d6_w20.png,3abcd41504b589d6,20,Field,Noise
train/noise/3abcd41504b589d6_w21.png,3abcd41504b589d6,21,Field,Noise
train/noise/3abcd41504b589d6_w25.png,3abcd41504b589d6,25,Field,Noise
train/noise/3aeb18d02416c241_w00.png,3aeb18d02416c241,0,Field,Noise
train/noise/3aeb18d02416c241_w04.png,3aeb18d02416c241,4,Field,Noise
train/noise/3aeb18d02416c241_w09.png,3aeb18d02416c241,9,Field,Noise
train/noise/3aeb18d02416c241_w11.png,3aeb18d02416c241,11,Field,Noise
train/noise/3aeb18d02416c241_w16.png,3aeb18d02416c241,16,Field,Noise
train/noise/3aeb18d02416c241_w19.png,3aeb18d02416c241,19,Field,Noise
train/noise/3aeb18d02416c241_w21.png,3aeb18d02416c241,21,Field,Noise
train/noise/3aeb18d02416c241_w24.png,3aeb18d02416c241,24,Field,Noise
train/noise/3b0d975a3c13d774_w04.png,3b0d975a3c13d774,4,Field,Noise
train/noise/3b0d975a3c13d774_w06.png,3b0d975a3c13d774,6,Field,Noise
train/noise/3b0d975a3c13d774_w10.png,3b0d975a3c13d774,10,Field,Noise
train/noise/3b0d975a3c13d774_w14.png,3b0d975a3c13d774,14,Field,Noise
train/noise/3b0d975a3c13d774_w15.png,3b0d975a3c13d774,15,Field,Noise
train/noise/3b0d975a3c13d774_w20.png,3b0d975a3c13d774,20,Field,Noise
train/noise/3b0d975a3c13d774_w22.png,3b0d975a3c13d774,22,Field,Noise
train/noise/3b0d975a3c13d774_w24.png,3b0d975a3c13d774,24,Field,Noise
train/noise/3b23658d12644ac4_w02.png,3b23658d12644ac4,2,Field,Noise
train/noise/3b23658d12644ac4_w05.png,3b23658d12644ac4,5,Field,Noise
train/noise/3b23658d12644ac4_w09.png,3b23658d12644ac4,9,Field,Noise
train/noise/3b23658d12644ac4_w11.png,3b23658d12644ac4,11,Field,Noise
train/noise/3b23658d12644ac4_w12.png,3b23658d12644ac4,12,Field,Noise
train/noise/3b23658d12644ac4_w17.png,3b23658d12644ac4,17,Field,Noise
train/noise/3b23658d12644ac4_w21.png,3b23658d12644ac4,21,Field,Noise
train/noise/3b23658d12644ac4_w23.png,3b23658d12644ac4,23,Field,Noise
train/noise/3b2df06d87c9570b_w04.png,3b2df06d87c9570b,4,Field,Noise
train/noise/3b2df06d87c9570b_w08.png,3b2df06d87c9570b,8,Field,Noise
train/noise/3b2df06d87c9570b_w09.png,3b2df06d87c9570b,9,Field,Noise
train/noise/3b2df06d87c9570b_w10.png,3b2df06d87c9570b,10,Field,Noise
train/noise/3b2df06d87c9570b_w13.png,3b2df06d87c9570b,13,Field,Noise
train/noise/3b2df06d87c9570b_w14.png,3b2df06d87c9570b,14,Field,Noise
train/noise/3b2df06d87c9570b_w18.png,3b2df06d87c9570b,18,Field,Noise
train/noise/3b2df06d87c9570b_w19.png,3b2df06d87c9570b,19,Field,Noise
train/noise/3b57306c67cb8ed2_w00.png,3b57306c67cb8ed2,0,Field,Noise
train/noise/3b57306c67cb8ed2_w03.png,3b57306c67cb8ed2,3,Field,Noise
train/noise/3b57306c67cb8ed2_w08.png,3b57306c67cb8ed2,8,Field,Noise
train/noise/3b57306c67cb8ed2_w09.png,3b57306c67cb8ed2,9,Field,Noise
train/noise/3b57306c67cb8ed2_w17.png,3b57306c67cb8ed2,17,Field,Noise
train/noise/3b57306c67cb8ed2_w19.png,3b57306c67cb8ed2,19,Field,Noise
train/noise/3b57306c67cb8ed2_w23.png,3b57306c67cb8ed2,23,Field,Noise
train/noise/3b57306c67cb8ed2_w26.png,3b57306c67cb8ed2,26,Field,Noise
train/noise/3bbc3fbb2a1b3779_w03.png,3bbc3fbb2a1b3779,3,Field,Noise
train/noise/3bbc3fbb2a1b3779_w04.png,3bbc3fbb2a1b3779,4,Field,Noise
train/noise/3bbc3fbb2a1b3779_w05.png,3bbc3fbb2a1b3779,5,Field,Noise
train/noise/3bbc3fbb2a1b3779_w12.png,3bbc3fbb2a1b3779,12,Field,Noise
train/noise/3bbc3fbb2a1b3779_w13.png,3bbc3fbb2a1b3779,13,Field,Noise
train/noise/3bbc3fbb2a1b3779_w18.png,3bbc3fbb2a1b3779,18,Field,Noise
train/noise/3bbc3fbb2a1b3779_w22.png,3bbc3fbb2a1b3779,22,Field,Noise
train/noise/3bbc3fbb2a1b3779_w27.png,3bbc3fbb2a1b3779,27,Field,Noise
train/noise/3c3f9174ce7f44ec_w00.png,3c3f9174ce7f44ec,0,Field,Noise
train/noise/3c3f9174ce7f44ec_w09.png,3c3f9174ce7f44ec,9,Field,Noise
train/noise/3c3f9174ce7f44ec_w11.png,3c3f9174ce7f44ec,11,Field,Noise
train/noise/3c3f9174ce7f44ec_w13.png,3c3f9174ce7f44ec,13,Field,Noise
train/noise/3c3f9174ce7f44ec_w15.png,3c3f9174ce7f44ec,15,Field,Noise
train/noise/3c3f9174ce7f44ec_w18.png,3c3f9174ce7f44ec,18,Field,Noise
train/noise/3c3f9174ce7f44ec_w21.png,3c3f9174ce7f44ec,21,Field,Noise
train/noise/3c3f9174ce7f44ec_w23.png,3c3f9174ce7f44ec,23,Field,Noise
train/noise/3d1f30c9fe35ba8b_w01.png,3d1f30c9fe35ba8b,1,Field,Noise
train/noise/3d1f30c9fe35ba8b_w02.png,3d1f30c9fe35ba8b,2,Field,Noise
train/noise/3d1f30c9fe35ba8b_w04.png,3d1f30c9fe35ba8b,4,Field,Noise
train/noise/3d1f30c9fe35ba8b_w07.png,3d1f30c9fe35ba8b,7,Field,Noise
train/noise/3d1f30c9fe35ba8b_w11.png,3d1f30c9fe35ba8b,11,Field,Noise
train/noise/3d1f30c9fe35ba8b_w13.png,3d1f30c9fe35ba8b,13,Field,Noise
train/noise/3d1f30c9fe35ba8b_w14.png,3d1f30c9fe35ba8b,14,Field,Noise
train/noise/3d1f30c9fe35ba8b_w16.png,3d1f30c9fe35ba8b,16,Field,Noise
train/noise/3d5f47a3ac17f5af_w00.png,3d5f47a3ac17f5af,0,Field,Noise
train/noise/3d5f47a3ac17f5af_w02.png,3d5f47a3ac17f5af,2,Field,Noise
train/noise/3d5f47a3ac17f5af_w05.png,3d5f47a3ac17f5af,5,Field,Noise
train/noise/3d5f47a3ac17f5af_w14.png,3d5f47a3ac17f5af,14,Field,Noise
train/noise/3d5f47a3ac17f5af_w16.png,3d5f47a3ac17f5af,16,Field,Noise
train/noise/3d5f47a3ac17f5af_w17.png,3d5f47a3ac17f5af,17,Field,Noise
train/noise/3d5f47a3ac17f5af_w25.png,3d5f47a3ac17f5af,25,Field,Noise
train/noise/3d5f47a3ac17f5af_w27.png,3d5f47a3ac17f5af,27,Field,Noise
train/noise/3d67cfed7e43221a_w01.png,3d67cfed7e43221a,1,Field,Noise
train/noise/3d67cfed7e43221a_w03.png,3d67cfed7e43221a,3,Field,Noise
train/noise/3d67cfed7e43221a_w04.png,3d67cfed7e43221a,4,Field,Noise
train/noise/3d67cfed7e43221a_w07.png,3d67cfed7e43221a,7,Field,Noise
train/noise/3d67cfed7e43221a_w13.png,3d67cfed7e43221a,13,Field,Noise
train/noise/3d67cfed7e43221a_w15.png,3d67cfed7e43221a,15,Field,Noise
train/noise/3d67cfed7e43221a_w20.png,3d67cfed7e43221a,20,Field,Noise
train/noise/3d67cfed7e43221a_w27.png,3d67cfed7e43221a,27,Field,Noise
train/noise/3db17ff1a23419da_w00.png,3db17ff1a23419da,0,Field,Noise
train/noise/3db17ff1a23419da_w04.png,3db17ff1a23419da,4,Field,Noise
train/noise/3db17ff1a23419da_w06.png,3db17ff1a23419da,6,Field,Noise
train/noise/3db17ff1a23419da_w11.png,3db17ff1a23419da,11,Field,Noise
train/noise/3db17ff1a23419da_w17.png,3db17ff1a23419da,17,Field,Noise
train/noise/3db17ff1a23419da_w18.png,3db17ff1a23419da,18,Field,Noise
train/noise/3db17ff1a23419da_w20.png,3db17ff1a23419da,20,Field,Noise
train/noise/3db17ff1a23419da_w21.png,3db17ff1a23419da,21,Field,Noise
train/noise/3db62a70ab4fe750_w02.png,3db62a70ab4fe750,2,Field,Noise
train/noise/3db62a70ab4fe750_w04.png,3db62a70ab4fe750,4,Field,Noise
train/noise/3db62a70ab4fe750_w08.png,3db62a70ab4fe750,8,Field,Noise
train/noise/3db62a70ab4fe750_w09.png,3db62a70ab4fe750,9,Field,Noise
train/noise/3db62a70ab4fe750_w12.png,3db62a70ab4fe750,12,Field,Noise
train/noise/3db62a70ab4fe750_w14.png,3db62a70ab4fe750,14,Field,Noise
train/noise/3db62a70ab4fe750_w15.png,3db62a70ab4fe750,15,Field,Noise
train/noise/3db62a70ab4fe750_w19.png,3db62a70ab4fe750,19,Field,Noise
train/noise/3e280808650311ff_w05.png,3e280808650311ff,5,Field,Noise
train/noise/3e280808650311ff_w06.png,3e280808650311ff,6,Field,Noise
train/noise/3e280808650311ff_w10.png,3e280808650311ff,10,Field,Noise
train/noise/3e280808650311ff_w11.png,3e280808650311ff,11,Field,Noise
train/noise/3e280808650311ff_w13.png,3e280808650311ff,13,Field,Noise
train/noise/3e280808650311ff_w15.png,3e280808650311ff,15,Field,Noise
train/noise/3e280808650311ff_w16.png,3e280808650311ff,16,Field,Noise
train/noise/3e280808650311ff_w25.png,3e280808650311ff,25,Field,Noise
train/noise/3e2c972051c79442_w06.png,3e2c972051c79442,6,Field,Noise
train/noise/3e2c972051c79442_w12.png,3e2c972051c79442,12,Field,Noise
train/noise/3e2c972051c79442_w13.png,3e2c972051c79442,13,Field,Noise
train/noise/3e2c972051c79442_w19.png,3e2c972051c79442,19,Field,Noise
train/noise/3e2c972051c79442_w20.png,3e2c972051c79442,20,Field,Noise
train/noise/3e2c972051c79442_w24.png,3e2c972051c79442,24,Field,Noise
train/noise/3e2c972051c79442_w26.png,3e2c972051c79442,26,Field,Noise
train/noise/3e2c972051c79442_w27.png,3e2c972051c79442,27,Field,Noise
train/noise/3e5bdf9c70a98327_w02.png,3e5bdf9c70a98327,2,Lab,Noise
train/noise/3e5bdf9c70a98327_w05.png,3e5bdf9c70a98327,5,Lab,Noise
train/noise/3e5bdf9c70a98327_w11.png,3e5bdf9c70a98327,11,Lab,Noise
train/noise/3e5bdf9c70a98327_w15.png,3e5bdf9c70a98327,15,Lab,Noise
train/noise/3e5bdf9c70a98327_w16.png,3e5bdf9c70a98327,16,Lab,Noise
train/noise/3e5bdf9c70a98327_w18.png,3e5bdf9c70a98327,18,Lab,Noise
train/noise/3e5bdf9c70a98327_w22.png,3e5bdf9c70a98327,22,Lab,Noise
train/noise/3e5bdf9c70a98327_w24.png,3e5bdf9c70a98327,24,Lab,Noise
train/noise/3e6cb60e5e4dc3fa_w01.png,3e6cb60e5e4dc3fa,1,Lab,Noise
train/noise/3e6cb60e5e4dc3fa_w02.png,3e6cb60e5e4dc3fa,2,Lab,Noise
train/noise/3e6cb60e5e4dc3fa_w09.png,3e6cb60e5e4dc3fa,9,Lab,Noise
train/noise/3e6cb60e5e4dc3fa_w11.png,3e6cb60e5e4dc3fa,11,Lab,Noise
train/noise/3e6cb60e5e4dc3fa_w12.png,3e6cb60e5e4dc3fa,12,Lab,Noise
train/noise/3e6cb60e5e4dc3fa_w16.png,3e6cb60e5e4dc3fa,16,Lab,Noise
train/noise/3e6cb60e5e4dc3fa_w24.png,3e6cb60e5e4dc3fa,24,Lab,Noise
train/noise/3e6cb60e5e4dc3fa_w27.png,3e6cb60e5e4dc3fa,27,Lab,Noise
train/noise/3f091f1fb4f4b145_w04.png,3f091f1fb4f4b145,4,Field,Noise
train/noise/3f091f1fb4f4b145_w07.png,3f091f1fb4f4b145,7,Field,Noise
train/noise/3f091f1fb4f4b145_w11.png,3f091f1fb4f4b145,11,Field,Noise
train/noise/3f091f1fb4f4b145_w13.png,3f091f1fb4f4b145,13,Field,Noise
train/noise/3f091f1fb4f4b145_w14.png,3f091f1fb4f4b145,14,Field,Noise
train/noise/3f091f1fb4f4b145_w18.png,3f091f1fb4f4b145,18,Field,Noise
train/noise/3f091f1fb4f4b145_w22.png,3f091f1fb4f4b145,22,Field,Noise
train/noise/3f091f1fb4f4b145_w26.png,3f091f1fb4f4b145,26,Field,Noise
train/noise/3f77ba36bef33927_w04.png,3f77ba36bef33927,4,Field,Noise
train/noise/3f77ba36bef33927_w11.png,3f77ba36bef33927,11,Field,Noise
train/noise/3f77ba36bef33927_w14.png,3f77ba36bef33927,14,Field,Noise
train/noise/3f77ba36bef33927_w15.png,3f77ba36bef33927,15,Field,Noise
train/noise/3f77ba36bef33927_w16.png,3f77ba36bef33927,16,Field,Noise
train/noise/3f77ba36bef33927_w22.png,3f77ba36bef33927,22,Field,Noise
train/noise/3f77ba36bef33927_w23.png,3f77ba36bef33927,23,Field,Noise
train/noise/3f77ba36bef33927_w25.png,3f77ba36bef33927,25,Field,Noise
train/noise/3f79956c1f02b6a6_w09.png,3f79956c1f02b6a6,9,Field,Noise
train/noise/3f79956c1f02b6a6_w13.png,3f79956c1f02b6a6,13,Field,Noise
train/noise/3f79956c1f02b6a6_w18.png,3f79956c1f02b6a6,18,Field,Noise
train/noise/3f79956c1f02b6a6_w20.png,3f79956c1f02b6a6,20,Field,Noise
train/noise/3f79956c1f02b6a6_w22.png,3f79956c1f02b6a6,22,Field,Noise
train/noise/3f79956c1f02b6a6_w23.png,3f79956c1f02b6a6,23,Field,Noise
train/noise/3f79956c1f02b6a6_w24.png,3f79956c1f02b6a6,24,Field,Noise
train/noise/3f79956c1f02b6a6_w27.png,3f79956c1f02b6a6,27,Field,Noise
train/noise/401c8ff1639a9efe_w00.png,401c8ff1639a9efe,0,Lab,Noise
train/noise/401c8ff1639a9efe_w06.png,401c8ff1639a9efe,6,Lab,Noise
train/noise/401c8ff1639a9efe_w07.png,401c8ff1639a9efe,7,Lab,Noise
train/noise/401c8ff1639a9efe_w09.png,401c8ff1639a9efe,9,Lab,Noise
train/noise/401c8ff1639a9efe_w10.png,401c8ff1639a9efe,10,Lab,Noise
train/noise/401c8ff1639a9efe_w20.png,401c8ff1639a9efe,20,Lab,Noise
train/noise/401c8ff1639a9efe_w21.png,401c8ff1639a9efe,21,Lab,Noise
train/noise/401c8ff1639a9efe_w22.png,401c8ff1639a9efe,22,Lab,Noise
train/noise/406c872e5f3b8e72_w01.png,406c872e5f3b8e72,1,Field,Noise
train/noise/406c872e5f3b8e72_w02.png,406c872e5f3b8e72,2,Field,Noise
train/noise/406c872e5f3b8e72_w08.png,406c872e5f3b8e72,8,Field,Noise
train/noise/406c872e5f3b8e72_w13.png,406c872e5f3b8e72,13,Field,Noise
train/noise/406c872e5f3b8e72_w17.png,406c872e5f3b8e72,17,Field,Noise
train/noise/406c872e5f3b8e72_w22.png,406c872e5f3b8e72,22,Field,Noise
train/noise/406c872e5f3b8e72_w23.png,406c872e5f3b8e72,23,Field,Noise
train/noise/406c872e5f3b8e72_w26.png,406c872e5f3b8e72,26,Field,Noise
train/noise/407fd8c5eae48590_w00.png,407fd8c5eae48590,0,Lab,Noise
train/noise/407fd8c5eae48590_w07.png,407fd8c5eae48590,7,Lab,Noise
train/noise/407fd8c5eae48590_w11.png,407fd8c5eae48590,11,Lab,Noise
train/noise/407fd8c5eae48590_w14.png,407fd8c5eae48590,14,Lab,Noise
train/noise/407fd8c5eae48590_w16.png,407fd8c5eae48590,16,Lab,Noise
train/noise/407fd8c5eae48590_w17.png,407fd8c5eae48590,17,Lab,Noise
train/noise/407fd8c5eae48590_w18.png,407fd8c5eae48590,18,Lab,Noise
train/noise/407fd8c5eae48590_w26.png,407fd8c5eae48590,26,Lab,Noise
train/noise/418a614edb1e48f5_w06.png,418a614edb1e48f5,6,Field,Noise
train/noise/418a614edb1e48f5_w14.png,418a614edb1e48f5,14,Field,Noise
train/noise/418a614edb1e48f5_w15.png,418a614edb1e48f5,15,Field,Noise
train/noise/418a614edb1e48f5_w16.png,418a614edb1e48f5,16,Field,Noise
train/noise/418a614edb1e48f5_w19.png,418a614edb1e48f5,19,Field,Noise
train/noise/418a614edb1e48f5_w22.png,418a614edb1e48f5,22,Field,Noise
train/noise/418a614edb1e48f5_w24.png,418a614edb1e48f5,24,Field,Noise
train/noise/418a614edb1e48f5_w25.png,418a614edb1e48f5,25,Field,Noise
train/noise/4193266b280c5859_w01.png,4193266b280c5859,1,Field,Noise
train/noise/4193266b280c5859_w03.png,4193266b280c5859,3,Field,Noise
train/noise/4193266b280c5859_w04.png,4193266b280c5859,4,Field,Noise
train/noise/4193266b280c5859_w08.png,4193266b280c5859,8,Field,Noise
train/noise/4193266b280c5859_w16.png,4193266b280c5859,16,Field,Noise
train/noise/4193266b280c5859_w17.png,4193266b280c5859,17,Field,Noise
train/noise/4193266b280c5859_w19.png,4193266b280c5859,19,Field,Noise
train/noise/4193266b280c5859_w26.png,4193266b280c5859,26,Field,Noise
train/noise/41978eca3e9e094e_w00.png,41978eca3e9e094e,0,Lab,Noise
train/noise/41978eca3e9e094e_w02.png,41978eca3e9e094e,2,Lab,Noise
train/noise/41978eca3e9e094e_w07.png,41978eca3e9e094e,7,Lab,Noise
train/noise/41978eca3e9e094e_w10.png,41978eca3e9e094e,10,Lab,Noise
train/noise/41978eca3e9e094e_w16.png,41978eca3e9e094e,16,Lab,Noise
train/noise/41978eca3e9e094e_w17.png,41978eca3e9e094e,17,Lab,Noise
train/noise/41978eca3e9e094e_w23.png,41978eca3e9e094e,23,Lab,Noise
train/noise/41978eca3e9e094e_w24.png,41978eca3e9e094e,24,Lab,Noise
train/noise/41c16b447aa93389_w00.png,41c16b447aa93389,0,Field,Noise
train/noise/41c16b447aa93389_w04.png,41c16b447aa93389,4,Field,Noise
train/noise/41c16b447aa93389_w06.png,41c16b447aa93389,6,Field,Noise
train/noise/41c16b447aa93389_w08.png,41c16b447aa93389,8,Field,Noise
train/noise/41c16b447aa93389_w11.png,41c16b447aa93389,11,Field,Noise
train/noise/41c16b447aa93389_w16.png,41c16b447aa93389,16,Field,Noise
train/noise/41c16b447aa93389_w21.png,41c16b447aa93389,21,Field,Noise
train/noise/41c16b447aa93389_w24.png,41c16b447aa93389,24,Field,Noise
train/noise/41c5379fbf1637f3_w01.png,41c5379fbf1637f3,1,Field,Noise
train/noise/41c5379fbf1637f3_w05.png,41c5379fbf1637f3,5,Field,Noise
train/noise/41c5379fbf1637f3_w08.png,41c5379fbf1637f3,8,Field,Noise
train/noise/41c5379fbf1637f3_w12.png,41c5379fbf1637f3,12,Field,Noise
train/noise/41c5379fbf1637f3_w13.png,41c5379fbf1637f3,13,Field,Noise
train/noise/41c5379fbf1637f3_w14.png,41c5379fbf1637f3,14,Field,Noise
train/noise/41c5379fbf1637f3_w15.png,41c5379fbf1637f3,15,Field,Noise
train/noise/41c5379fbf1637f3_w20.png,41c5379fbf1637f3,20,Field,Noise
train/noise/41d70a4f528730ee_w01.png,41d70a4f528730ee,1,Field,Noise
train/noise/41d70a4f528730ee_w02.png,41d70a4f528730ee,2,Field,Noise
train/noise/41d70a4f528730ee_w04.png,41d70a4f528730ee,4,Field,Noise
train/noise/41d70a4f528730ee_w05.png,41d70a4f528730ee,5,Field,Noise
train/noise/41d70a4f528730ee_w07.png,41d70a4f528730ee,7,Field,Noise
train/noise/41d70a4f528730ee_w12.png,41d70a4f528730ee,12,Field,Noise
train/noise/41d70a4f528730ee_w15.png,41d70a4f528730ee,15,Field,Noise
train/noise/41d70a4f528730ee_w19.png,41d70a4f528730ee,19,Field,Noise
train/noise/41f18a8daaa3c16b_w02.png,41f18a8daaa3c16b,2,Lab,Noise
train/noise/41f18a8daaa3c16b_w08.png,41f18a8daaa3c16b,8,Lab,Noise
train/noise/41f18a8daaa3c16b_w10.png,41f18a8daaa3c16b,10,Lab,Noise
train/noise/41f18a8daaa3c16b_w13.png,41f18a8daaa3c16b,13,Lab,Noise
train/noise/41f18a8daaa3c16b_w16.png,41f18a8daaa3c16b,16,Lab,Noise
train/noise/41f18a8daaa3c16b_w24.png,41f18a8daaa3c16b,24,Lab,Noise
train/noise/41f18a8daaa3c16b_w25.png,41f18a8daaa3c16b,25,Lab,Noise
train/noise/41f18a8daaa3c16b_w27.png,41f18a8daaa3c16b,27,Lab,Noise
train/noise/426d948307f0693b_w03.png,426d948307f0693b,3,Lab,Noise
train/noise/426d948307f0693b_w09.png,426d948307f0693b,9,Lab,Noise
train/noise/426d948307f0693b_w11.png,426d948307f0693b,11,Lab,Noise
train/noise/426d948307f0693b_w12.png,426d948307f0693b,12,Lab,Noise
train/noise/426d948307f0693b_w13.png,426d948307f0693b,13,Lab,Noise
train/noise/426d948307f0693b_w20.png,426d948307f0693b,20,Lab,Noise
train/noise/426d948307f0693b_w21.png,426d948307f0693b,21,Lab,Noise
train/noise/426d948307f0693b_w27.png,426d948307f0693b,27,Lab,Noise
train/noise/427d071e1f9f653b_w00.png,427d071e1f9f653b,0,Field,Noise
train/noise/427d071e1f9f653b_w05.png,427d071e1f9f653b,5,Field,Noise
train/noise/427d071e1f9f653b_w12.png,427d071e1f9f653b,12,Field,Noise
train/noise/427d071e1f9f653b_w15.png,427d071e1f9f653b,15,Field,Noise
train/noise/427d071e1f9f653b_w19.png,427d071e1f9f653b,19,Field,Noise
train/noise/427d071e1f9f653b_w24.png,427d071e1f9f653b,24,Field,Noise
train/noise/427d071e1f9f653b_w25.png,427d071e1f9f653b,25,Field,Noise
train/noise/427d071e1f9f653b_w26.png,427d071e1f9f653b,26,Field,Noise
train/noise/427ef8fdce41e582_w03.png,427ef8fdce41e582,3,Field,Noise
train/noise/427ef8fdce41e582_w11.png,427ef8fdce41e582,11,Field,Noise
train/noise/427ef8fdce41e582_w12.png,427ef8fdce41e582,12,Field,Noise
train/noise/427ef8fdce41e582_w14.png,427ef8fdce41e582,14,Field,Noise
train/noise/427ef8fdce41e582_w16.png,427ef8fdce41e582,16,Field,Noise
train/noise/427ef8fdce41e582_w18.png,427ef8fdce41e582,18,Field,Noise
train/noise/427ef8fdce41e582_w22.png,427ef8fdce41e582,22,Field,Noise
train/noise/427ef8fdce41e582_w24.png,427ef8fdce41e582,24,Field,Noise
train/noise/42c0db3d61bf128d_w00.png,42c0db3d61bf128d,0,Field,Noise
train/noise/42c0db3d61bf128d_w04.png,42c0db3d61bf128d,4,Field,Noise
train/noise/42c0db3d61bf128d_w10.png,42c0db3d61bf128d,10,Field,Noise
train/noise/42c0db3d61bf128d_w11.png,42c0db3d61bf128d,11,Field,Noise
train/noise/42c0db3d61bf128d_w14.png,42c0db3d61bf128d,14,Field,Noise
train/noise/42c0db3d61bf128d_w16.png,42c0db3d61bf128d,16,Field,Noise
train/noise/42c0db3d61bf128d_w24.png,42c0db3d61bf128d,24,Field,Noise
train/noise/42c0db3d61bf128d_w26.png,42c0db3d61bf128d,26,Field,Noise
train/noise/430436c9c4fee6eb_w03.png,430436c9c4fee6eb,3,Field,Noise
train/noise/430436c9c4fee6eb_w04.png,430436c9c4fee6eb,4,Field,Noise
train/noise/430436c9c4fee6eb_w14.png,430436c9c4fee6eb,14,Field,Noise
train/noise/430436c9c4fee6eb_w15.png,430436c9c4fee6eb,15,Field,Noise
train/noise/430436c9c4fee6eb_w16.png,430436c9c4fee6eb,16,Field,Noise
train/noise/430436c9c4fee6eb_w19.png,430436c9c4fee6eb,19,Field,Noise
train/noise/430436c9c4fee6eb_w21.png,430436c9c4fee6eb,21,Field,Noise
train/noise/430436c9c4fee6eb_w24.png,430436c9c4fee6eb,24,Field,Noise
train/noise/43721aa19c54008f_w00.png,43721aa19c54008f,0,Field,Noise
train/noise/43721aa19c54008f_w07.png,43721aa19c54008f,7,Field,Noise
train/noise/43721aa19c54008f_w11.png,43721aa19c54008f,11,Field,Noise
train/noise/43721aa19c54008f_w17.png,43721aa19c54008f,17,Field,Noise
train/noise/43721aa19c54008f_w21.png,43721aa19c54008f,21,Field,Noise
train/noise/43721aa19c54008f_w24.png,43721aa19c54008f,24,Field,Noise
train/noise/43721aa19c54008f_w25.png,43721aa19c54008f,25,Field,Noise
train/noise/43721aa19c54008f_w26.png,43721aa19c54008f,26,Field,Noise
train/noise/43aad6ad9da47ac8_w02.png,43aad6ad9da47ac8,2,Field,Noise
train/noise/43aad6ad9da47ac8_w03.png,43aad6ad9da47ac8,3,Field,Noise
train/noise/43aad6ad9da47ac8_w13.png,43aad6ad9da47ac8,13,Field,Noise
train/noise/43aad6ad9da47ac8_w14.png,43aad6ad9da47ac8,14,Field,Noise
train/noise/43aad6ad9da47ac8_w20.png,43aad6ad9da47ac8,20,Field,Noise
train/noise/43aad6ad9da47ac8_w21.png,43aad6ad9da47ac8,21,Field,Noise
train/noise/43aad6ad9da47ac8_w25.png,43aad6ad9da47ac8,25,Field,Noise
train/noise/43aad6ad9da47ac8_w27.png,43aad6ad9da47ac8,27,Field,Noise
train/noise/4416a3dfecab87d7_w00.png,4416a3dfecab87d7,0,Lab,Noise
train/noise/4416a3dfecab87d7_w04.png,4416a3dfecab87d7,4,Lab,Noise
train/noise/4416a3dfecab87d7_w05.png,4416a3dfecab87d7,5,Lab,Noise
train/noise/4416a3dfecab87d7_w07.png,4416a3dfecab87d7,7,Lab,Noise
train/noise/4416a3dfecab87d7_w09.png,4416a3dfecab87d7,9,Lab,Noise
train/noise/4416a3dfecab87d7_w10.png,4416a3dfecab87d7,10,Lab,Noise
train/noise/4416a3dfecab87d7_w15.png,4416a3dfecab87d7,15,Lab,Noise
train/noise/4416a3dfecab87d7_w20.png,4416a3dfecab87d7,20,Lab,Noise
train/noise/44289907ac58e52b_w00.png,44289907ac58e52b,0,Field,Noise
train/noise/44289907ac58e52b_w11.png,44289907ac58e52b,11,Field,Noise
train/noise/44289907ac58e52b_w13.png,44289907ac58e52b,13,Field,Noise
train/noise/44289907ac58e52b_w14.png,44289907ac58e52b,14,Field,Noise
train/noise/44289907ac58e52b_w17.png,44289907ac58e52b,17,Field,Noise
train/noise/44289907ac58e52b_w20.png,44289907ac58e52b,20,Field,Noise
train/noise/44289907ac58e52b_w21.png,44289907ac58e52b,21,Field,Noise
train/noise/44289907ac58e52b_w25.png,44289907ac58e52b,25,Field,Noise
train/noise/44b5b210483ff825_w04.png,44b5b210483ff825,4,Field,Noise
train/noise/44b5b210483ff825_w06.png,44b5b210483ff825,6,Field,Noise
train/noise/44b5b210483ff825_w11.png,44b5b210483ff825,11,Field,Noise
train/noise/44b5b210483ff825_w16.png,44b5b210483ff825,16,Field,Noise
train/noise/44b5b210483ff825_w20.png,44b5b210483ff825,20,Field,Noise
train/noise/44b5b210483ff825_w21.png,44b5b210483ff825,21,Field,Noise
train/noise/44b5b210483ff825_w22.png,44b5b210483ff825,22,Field,Noise
train/noise/44b5b210483ff825_w26.png,44b5b210483ff825,26,Field,Noise
train/noise/44b78d0ec4559599_w01.png,44b78d0ec4559599,1,Field,Noise
train/noise/44b78d0ec4559599_w03.png,44b78d0ec4559599,3,Field,Noise
train/noise/44b78d0ec4559599_w05.png,44b78d0ec4559599,5,Field,Noise
train/noise/44b78d0ec4559599_w07.png,44b78d0ec4559599,7,Field,Noise
train/noise/44b78d0ec4559599_w14.png,44b78d0ec4559599,14,Field,Noise
train/noise/44b78d0ec4559599_w16.png,44b78d0ec4559599,16,Field,Noise
train/noise/44b78d0ec4559599_w19.png,44b78d0ec4559599,19,Field,Noise
train/noise/44b78d0ec4559599_w24.png,44b78d0ec4559599,24,Field,Noise
train/noise/456ad83851f8e1e6_w00.png,456ad83851f8e1e6,0,Lab,Noise
train/noise/456ad83851f8e1e6_w03.png,456ad83851f8e1e6,3,Lab,Noise
train/noise/456ad83851f8e1e6_w07.png,456ad83851f8e1e6,7,Lab,Noise
train/noise/456ad83851f8e1e6_w11.png,456ad83851f8e1e6,11,Lab,Noise
train/noise/456ad83851f8e1e6_w14.png,456ad83851f8e1e6,14,Lab,Noise
train/noise/456ad83851f8e1e6_w20.png,456ad83851f8e1e6,20,Lab,Noise
train/noise/456ad83851f8e1e6_w22.png,456ad83851f8e1e6,22,Lab,Noise
train/noise/456ad83851f8e1e6_w24.png,456ad83851f8e1e6,24,Lab,Noise
train/noise/457ef32e7552ff13_w01.png,457ef32e7552ff13,1,Field,Noise
train/noise/457ef32e7552ff13_w03.png,457ef32e7552ff13,3,Field,Noise
train/noise/457ef32e7552ff13_w07.png,457ef32e7552ff13,7,Field,Noise
train/noise/457ef32e7552ff13_w08.png,457ef32e7552ff13,8,Field,Noise
train/noise/457ef32e7552ff13_w11.png,457ef32e7552ff13,11,Field,Noise
train/noise/457ef32e7552ff13_w20.png,457ef32e7552ff13,20,Field,Noise
train/noise/457ef32e7552ff13_w22.png,457ef32e7552ff13,22,Field,Noise
train/noise/457ef32e7552ff13_w25.png,457ef32e7552ff13,25,Field,Noise
train/noise/45a191169f4029df_w01.png,45a191169f4029df,1,Field,Noise
train/noise/45a191169f4029df_w05.png,45a191169f4029df,5,Field,Noise
train/noise/45a191169f4029df_w06.png,45a191169f4029df,6,Field,Noise
train/noise/45a191169f4029df_w10.png,45a191169f4029df,10,Field,Noise
train/noise/45a191169f4029df_w13.png,45a191169f4029df,13,Field,Noise
train/noise/45a191169f4029df_w22.png,45a191169f4029df,22,Field,Noise
train/noise/45a191169f4029df_w24.png,45a191169f4029df,24,Field,Noise
train/noise/45a191169f4029df_w25.png,45a191169f4029df,25,Field,Noise
train/noise/45b35eabb8db3f03_w08.png,45b35eabb8db3f03,8,Field,Noise
train/noise/45b35eabb8db3f03_w09.png,45b35eabb8db3f03,9,Field,Noise
train/noise/45b35eabb8db3f03_w10.png,45b35eabb8db3f03,10,Field,Noise
train/noise/45b35eabb8db3f03_w14.png,45b35eabb8db3f03,14,Field,Noise
train/noise/45b35eabb8db3f03_w16.png,45b35eabb8db3f03,16,Field,Noise
train/noise/45b35eabb8db3f03_w19.png,45b35eabb8db3f03,19,Field,Noise
train/noise/45b35eabb8db3f03_w23.png,45b35eabb8db3f03,23,Field,Noise
train/noise/45b35eabb8db3f03_w27.png,45b35eabb8db3f03,27,Field,Noise
train/noise/45cbec58025bb0ff_w05.png,45cbec58025bb0ff,5,Lab,Noise
train/noise/45cbec58025bb0ff_w07.png,45cbec58025bb0ff,7,Lab,Noise
train/noise/45cbec58025bb0ff_w11.png,45cbec58025bb0ff,11,Lab,Noise
train/noise/45cbec58025bb0ff_w12.png,45cbec58025bb0ff,12,Lab,Noise
train/noise/45cbec58025bb0ff_w15.png,45cbec58025bb0ff,15,Lab,Noise
train/noise/45cbec58025bb0ff_w20.png,45cbec58025bb0ff,20,Lab,Noise
train/noise/45cbec58025bb0ff_w25.png,45cbec58025bb0ff,25,Lab,Noise
train/noise/45cbec58025bb0ff_w27.png,45cbec58025bb0ff,27,Lab,Noise
train/noise/45d466f91a8692bc_w01.png,45d466f91a8692bc,1,Field,Noise
train/noise/45d466f91a8692bc_w06.png,45d466f91a8692bc,6,Field,Noise
train/noise/45d466f91a8692bc_w13.png,45d466f91a8692bc,13,Field,Noise
train/noise/45d466f91a8692bc_w15.png,45d466f91a8692bc,15,Field,Noise
train/noise/45d466f91a8692bc_w17.png,45d466f91a8692bc,17,Field,Noise
train/noise/45d466f91a8692bc_w18.png,45d466f91a8692bc,18,Field,Noise
train/noise/45d466f91a8692bc_w20.png,45d466f91a8692bc,20,Field,Noise
train/noise/45d466f91a8692bc_w26.png,45d466f91a8692bc,26,Field,Noise
train/noise/45dc1035d278aef2_w00.png,45dc1035d278aef2,0,Field,Noise
train/noise/45dc1035d278aef2_w02.png,45dc1035d278aef2,2,Field,Noise
train/noise/45dc1035d278aef2_w09.png,45dc1035d278aef2,9,Field,Noise
train/noise/45dc1035d278aef2_w17.png,45dc1035d278aef2,17,Field,Noise
train/noise/45dc1035d278aef2_w22.png,45dc1035d278aef2,22,Field,Noise
train/noise/45dc1035d278aef2_w23.png,45dc1035d278aef2,23,Field,Noise
train/noise/45dc1035d278aef2_w24.png,45dc1035d278aef2,24,Field,Noise
train/noise/45dc1035d278aef2_w25.png,45dc1035d278aef2,25,Field,Noise
train/noise/45ff9440e95bbf97_w00.png,45ff9440e95bbf97,0,Field,Noise
train/noise/45ff9440e95bbf97_w11.png,45ff9440e95bbf97,11,Field,Noise
train/noise/45ff9440e95bbf97_w14.png,45ff9440e95bbf97,14,Field,Noise
train/noise/45ff9440e95bbf97_w16.png,45ff9440e95bbf97,16,Field,Noise
train/noise/45ff9440e95bbf97_w17.png,45ff9440e95bbf97,17,Field,Noise
train/noise/45ff9440e95bbf97_w19.png,45ff9440e95bbf97,19,Field,Noise
train/noise/45ff9440e95bbf97_w22.png,45ff9440e95bbf97,22,Field,Noise
train/noise/45ff9440e95bbf97_w27.png,45ff9440e95bbf97,27,Field,Noise
train/noise/467da51d44d017ca_w07.png,467da51d44d017ca,7,Field,Noise
train/noise/467da51d44d017ca_w09.png,467da51d44d017ca,9,Field,Noise
train/noise/467da51d44d017ca_w11.png,467da51d44d017ca,11,Field,Noise
train/noise/467da51d44d017ca_w16.png,467da51d44d017ca,16,Field,Noise
train/noise/467da51d44d017ca_w19.png,467da51d44d017ca,19,Field,Noise
train/noise/467da51d44d017ca_w20.png,467da51d44d017ca,20,Field,Noise
train/noise/467da51d44d017ca_w21.png,467da51d44d017ca,21,Field,Noise
train/noise/467da51d44d017ca_w22.png,467da51d44d017ca,22,Field,Noise
train/noise/47d7c8e31249ca2a_w02.png,47d7c8e31249ca2a,2,Field,Noise
train/noise/47d7c8e31249ca2a_w03.png,47d7c8e31249ca2a,3,Field,Noise
train/noise/47d7c8e31249ca2a_w08.png,47d7c8e31249ca2a,8,Field,Noise
train/noise/47d7c8e31249ca2a_w20.png,47d7c8e31249ca2a,20,Field,Noise
train/noise/47d7c8e31249ca2a_w22.png,47d7c8e31249ca2a,22,Field,Noise
train/noise/47d7c8e31249ca2a_w24.png,47d7c8e31249ca2a,24,Field,Noise
train/noise/47d7c8e31249ca2a_w25.png,47d7c8e31249ca2a,25,Field,Noise
train/noise/47d7c8e31249ca2a_w27.png,47d7c8e31249ca2a,27,Field,Noise
train/noise/483457bcd9177d04_w00.png,483457bcd9177d04,0,Field,Noise
train/noise/483457bcd9177d04_w07.png,483457bcd9177d04,7,Field,Noise
train/noise/483457bcd9177d04_w10.png,483457bcd9177d04,10,Field,Noise
train/noise/483457bcd9177d04_w14.png,483457bcd9177d04,14,Field,Noise
train/noise/483457bcd9177d04_w16.png,483457bcd9177d04,16,Field,Noise
train/noise/483457bcd9177d04_w20.png,483457bcd9177d04,20,Field,Noise
train/noise/483457bcd9177d04_w25.png,483457bcd9177d04,25,Field,Noise
train/noise/483457bcd9177d04_w26.png,483457bcd9177d04,26,Field,Noise
train/noise/485790c4cf8aed4a_w02.png,485790c4cf8aed4a,2,Lab,Noise
train/noise/485790c4cf8aed4a_w05.png,485790c4cf8aed4a,5,Lab,Noise
train/noise/485790c4cf8aed4a_w08.png,485790c4cf8aed4a,8,Lab,Noise
train/noise/485790c4cf8aed4a_w16.png,485790c4cf8aed4a,16,Lab,Noise
train/noise/485790c4cf8aed4a_w17.png,485790c4cf8aed4a,17,Lab,Noise
train/noise/485790c4cf8aed4a_w20.png,485790c4cf8aed4a,20,Lab,Noise
train/noise/485790c4cf8aed4a_w21.png,485790c4cf8aed4a,21,Lab,Noise
train/noise/485790c4cf8aed4a_w23.png,485790c4cf8aed4a,23,Lab,Noise
train/noise/4870b5977100b5da_w04.png,4870b5977100b5da,4,Lab,Noise
train/noise/4870b5977100b5da_w08.png,4870b5977100b5da,8,Lab,Noise
train/noise/4870b5977100b5da_w10.png,4870b5977100b5da,10,Lab,Noise
train/noise/4870b5977100b5da_w13.png,4870b5977100b5da,13,Lab,Noise
train/noise/4870b5977100b5da_w17.png,4870b5977100b5da,17,Lab,Noise
train/noise/4870b5977100b5da_w18.png,4870b5977100b5da,18,Lab,Noise
train/noise/4870b5977100b5da_w19.png,4870b5977100b5da,19,Lab,Noise
train/noise/4870b5977100b5da_w26.png,4870b5977100b5da,26,Lab,Noise
train/noise/48ba1a719c261369_w04.png,48ba1a719c261369,4,Field,Noise
train/noise/48ba1a719c261369_w08.png,48ba1a719c261369,8,Field,Noise
train/noise/48ba1a719c261369_w09.png,48ba1a719c261369,9,Field,Noise
train/noise/48ba1a719c261369_w10.png,48ba1a719c261369,10,Field,Noise
train/noise/48ba1a719c261369_w13.png,48ba1a719c261369,13,Field,Noise
train/noise/48ba1a719c261369_w20.png,48ba1a719c261369,20,Field,Noise
train/noise/48ba1a719c261369_w22.png,48ba1a719c261369,22,Field,Noise
train/noise/48ba1a719c261369_w24.png,48ba1a719c261369,24,Field,Noise
train/noise/4970d32e19899a11_w00.png,4970d32e19899a11,0,Field,Noise
train/noise/4970d32e19899a11_w04.png,4970d32e19899a11,4,Field,Noise
train/noise/4970d32e19899a11_w05.png,4970d32e19899a11,5,Field,Noise
train/noise/4970d32e19899a11_w07.png,4970d32e19899a11,7,Field,Noise
train/noise/4970d32e19899a11_w15.png,4970d32e19899a11,15,Field,Noise
train/noise/4970d32e19899a11_w21.png,4970d32e19899a11,21,Field,Noise
train/noise/4970d32e19899a11_w22.png,4970d32e19899a11,22,Field,Noise
train/noise/4970d32e19899a11_w27.png,4970d32e19899a11,27,Field,Noise
train/noise/49862578cd12cd8e_w01.png,49862578cd12cd8e,1,Field,Noise
train/noise/49862578cd12cd8e_w02.png,49862578cd12cd8e,2,Field,Noise
train/noise/49862578cd12cd8e_w09.png,49862578cd12cd8e,9,Field,Noise
train/noise/49862578cd12cd8e_w13.png,49862578cd12cd8e,13,Field,Noise
train/noise/49862578cd12cd8e_w15.png,49862578cd12cd8e,15,Field,Noise
train/noise/49862578cd12cd8e_w18.png,49862578cd12cd8e,18,Field,Noise
train/noise/49862578cd12cd8e_w23.png,49862578cd12cd8e,23,Field,Noise
train/noise/49862578cd12cd8e_w27.png,49862578cd12cd8e,27,Field,Noise
train/noise/4a010cc0e373359f_w04.png,4a010cc0e373359f,4,Field,Noise
train/noise/4a010cc0e373359f_w07.png,4a010cc0e373359f,7,Field,Noise
train/noise/4a010cc0e373359f_w14.png,4a010cc0e373359f,14,Field,Noise
train/noise/4a010cc0e373359f_w16.png,4a010cc0e373359f,16,Field,Noise
train/noise/4a010cc0e373359f_w23.png,4a010cc0e373359f,23,Field,Noise
train/noise/4a010cc0e373359f_w24.png,4a010cc0e373359f,24,Field,Noise
train/noise/4a010cc0e373359f_w26.png,4a010cc0e373359f,26,Field,Noise
train/noise/4a010cc0e373359f_w27.png,4a010cc0e373359f,27,Field,Noise
train/noise/4aef81b14bf3c3f1_w01.png,4aef81b14bf3c3f1,1,Field,Noise
train/noise/4aef81b14bf3c3f1_w03.png,4aef81b14bf3c3f1,3,Field,Noise
train/noise/4aef81b14bf3c3f1_w06.png,4aef81b14bf3c3f1,6,Field,Noise
train/noise/4aef81b14bf3c3f1_w08.png,4aef81b14bf3c3f1,8,Field,Noise
train/noise/4aef81b14bf3c3f1_w13.png,4aef81b14bf3c3f1,13,Field,Noise
train/noise/4aef81b14bf3c3f1_w22.png,4aef81b14bf3c3f1,22,Field,Noise
train/noise/4aef81b14bf3c3f1_w26.png,4aef81b14bf3c3f1,26,Field,Noise
train/noise/4aef81b14bf3c3f1_w27.png,4aef81b14bf3c3f1,27,Field,Noise
train/noise/4b44ab1897e5def8_w02.png,4b44ab1897e5def8,2,Field,Noise
train/noise/4b44ab1897e5def8_w05.png,4b44ab1897e5def8,5,Field,Noise
train/noise/4b44ab1897e5def8_w07.png,4b44ab1897e5def8,7,Field,Noise
train/noise/4b44ab1897e5def8_w12.png,4b44ab1897e5def8,12,Field,Noise
train/noise/4b44ab1897e5def8_w13.png,4b44ab1897e5def8,13,Field,Noise
train/noise/4b44ab1897e5def8_w14.png,4b44ab1897e5def8,14,Field,Noise
train/noise/4b44ab1897e5def8_w18.png,4b44ab1897e5def8,18,Field,Noise
train/noise/4b44ab1897e5def8_w23.png,4b44ab1897e5def8,23,Field,Noise
train/noise/4b6ef1c174e4ef5a_w06.png,4b6ef1c174e4ef5a,6,Field,Noise
train/noise/4b6ef1c174e4ef5a_w08.png,4b6ef1c174e4ef5a,8,Field,Noise
train/noise/4b6ef1c174e4ef5a_w13.png,4b6ef1c174e4ef5a,13,Field,Noise
train/noise/4b6ef1c174e4ef5a_w15.png,4b6ef1c174e4ef5a,15,Field,Noise
train/noise/4b6ef1c174e4ef5a_w19.png,4b6ef1c174e4ef5a,19,Field,Noise
train/noise/4b6ef1c174e4ef5a_w21.png,4b6ef1c174e4ef5a,21,Field,Noise
train/noise/4b6ef1c174e4ef5a_w22.png,4b6ef1c174e4ef5a,22,Field,Noise
train/noise/4b6ef1c174e4ef5a_w25.png,4b6ef1c174e4ef5a,25,Field,Noise
train/noise/4b706d374032f65e_w02.png,4b706d374032f65e,2,Field,Noise
train/noise/4b706d374032f65e_w04.png,4b706d374032f65e,4,Field,Noise
train/noise/4b706d374032f65e_w13.png,4b706d374032f65e,13,Field,Noise
train/noise/4b706d374032f65e_w16.png,4b706d374032f65e,16,Field,Noise
train/noise/4b706d374032f65e_w20.png,4b706d374032f65e,20,Field,Noise
train/noise/4b706d374032f65e_w21.png,4b706d374032f65e,21,Field,Noise
train/noise/4b706d374032f65e_w23.png,4b706d374032f65e,23,Field,Noise
train/noise/4b706d374032f65e_w25.png,4b706d374032f65e,25,Field,Noise
train/noise/4c69e9047c3687bb_w07.png,4c69e9047c3687bb,7,Field,Noise
train/noise/4c69e9047c3687bb_w09.png,4c69e9047c3687bb,9,Field,Noise
train/noise/4c69e9047c3687bb_w11.png,4c69e9047c3687bb,11,Field,Noise
train/noise/4c69e9047c3687bb_w16.png,4c69e9047c3687bb,16,Field,Noise
train/noise/4c69e9047c3687bb_w18.png,4c69e9047c3687bb,18,Field,Noise
train/noise/4c69e9047c3687bb_w21.png,4c69e9047c3687bb,21,Field,Noise
train/noise/4c69e9047c3687bb_w24.png,4c69e9047c3687bb,24,Field,Noise
train/noise/4c69e9047c3687bb_w27.png,4c69e9047c3687bb,27,Field,Noise
train/noise/4c8bf85c2176acc1_w09.png,4c8bf85c2176acc1,9,Lab,Noise
train/noise/4c8bf85c2176acc1_w10.png,4c8bf85c2176acc1,10,Lab,Noise
train/noise/4c8bf85c2176acc1_w11.png,4c8bf85c2176acc1,11,Lab,Noise
train/noise/4c8bf85c2176acc1_w18.png,4c8bf85c2176acc1,18,Lab,Noise
train/noise/4c8bf85c2176acc1_w19.png,4c8bf85c2176acc1,19,Lab,Noise
train/noise/4c8bf85c2176acc1_w22.png,4c8bf85c2176acc1,22,Lab,Noise
train/noise/4c8bf85c2176acc1_w26.png,4c8bf85c2176acc1,26,Lab,Noise
train/noise/4c8bf85c2176acc1_w27.png,4c8bf85c2176acc1,27,Lab,Noise
train/noise/4d0b2457e702b1de_w00.png,4d0b2457e702b1de,0,Field,Noise
train/noise/4d0b2457e702b1de_w01.png,4d0b2457e702b1de,1,Field,Noise
train/noise/4d0b2457e702b1de_w05.png,4d0b2457e702b1de,5,Field,Noise
train/noise/4d0b2457e702b1de_w08.png,4d0b2457e702b1de,8,Field,Noise
train/noise/4d0b2457e702b1de_w14.png,4d0b2457e702b1de,14,Field,Noise
train/noise/4d0b2457e702b1de_w15.png,4d0b2457e702b1de,15,Field,Noise
train/noise/4d0b2457e702b1de_w23.png,4d0b2457e702b1de,23,Field,Noise
train/noise/4d0b2457e702b1de_w27.png,4d0b2457e702b1de,27,Field,Noise
train/noise/4d5697153bc54ece_w02.png,4d5697153bc54ece,2,Field,Noise
train/noise/4d5697153bc54ece_w06.png,4d5697153bc54ece,6,Field,Noise
train/noise/4d5697153bc54ece_w16.png,4d5697153bc54ece,16,Field,Noise
train/noise/4d5697153bc54ece_w17.png,4d5697153bc54ece,17,Field,Noise
train/noise/4d5697153bc54ece_w18.png,4d5697153bc54ece,18,Field,Noise
train/noise/4d5697153bc54ece_w22.png,4d5697153bc54ece,22,Field,Noise
train/noise/4d5697153bc54ece_w25.png,4d5697153bc54ece,25,Field,Noise
train/noise/4d5697153bc54ece_w27.png,4d5697153bc54ece,27,Field,Noise
train/noise/4d58a2f667099cac_w02.png,4d58a2f667099cac,2,Lab,Noise
train/noise/4d58a2f667099cac_w04.png,4d58a2f667099cac,4,Lab,Noise
train/noise/4d58a2f667099cac_w05.png,4d58a2f667099cac,5,Lab,Noise
train/noise/4d58a2f667099cac_w17.png,4d58a2f667099cac,17,Lab,Noise
train/noise/4d58a2f667099cac_w18.png,4d58a2f667099cac,18,Lab,Noise
train/noise/4d58a2f667099cac_w20.png,4d58a2f667099cac,20,Lab,Noise
train/noise/4d58a2f667099cac_w22.png,4d58a2f667099cac,22,Lab,Noise
train/noise/4d58a2f667099cac_w25.png,4d58a2f667099cac,25,Lab,Noise
train/noise/4e090f96f4732c33_w02.png,4e090f96f4732c33,2,Field,Noise
train/noise/4e090f96f4732c33_w05.png,4e090f96f4732c33,5,Field,Noise
train/noise/4e090f96f4732c33_w12.png,4e090f96f4732c33,12,Field,Noise
train/noise/4e090f96f4732c33_w13.png,4e090f96f4732c33,13,Field,Noise
train/noise/4e090f96f4732c33_w15.png,4e090f96f4732c33,15,Field,Noise
train/noise/4e090f96f4732c33_w17.png,4e090f96f4732c33,17,Field,Noise
train/noise/4e090f96f4732c33_w22.png,4e090f96f4732c33,22,Field,Noise
train/noise/4e090f96f4732c33_w23.png,4e090f96f4732c33,23,Field,Noise
train/noise/4ec63814ddd8c1aa_w02.png,4ec63814ddd8c1aa,2,Field,Noise
train/noise/4ec63814ddd8c1aa_w05.png,4ec63814ddd8c1aa,5,Field,Noise
train/noise/4ec63814ddd8c1aa_w09.png,4ec63814ddd8c1aa,9,Field,Noise
train/noise/4ec63814ddd8c1aa_w12.png,4ec63814ddd8c1aa,12,Field,Noise
train/noise/4ec63814ddd8c1aa_w18.png,4ec63814ddd8c1aa,18,Field,Noise
train/noise/4ec63814ddd8c1aa_w19.png,4ec63814ddd8c1aa,19,Field,Noise
train/noise/4ec63814ddd8c1aa_w21.png,4ec63814ddd8c1aa,21,Field,Noise
train/noise/4ec63814ddd8c1aa_w23.png,4ec63814ddd8c1aa,23,Field,Noise
train/noise/4ef5f2ccd7691678_w00.png,4ef5f2ccd7691678,0,Field,Noise
train/noise/4ef5f2ccd7691678_w03.png,4ef5f2ccd7691678,3,Field,Noise
train/noise/4ef5f2ccd7691678_w04.png,4ef5f2ccd7691678,4,Field,Noise
train/noise/4ef5f2ccd7691678_w18.png,4ef5f2ccd7691678,18,Field,Noise
train/noise/4ef5f2ccd7691678_w20.png,4ef5f2ccd7691678,20,Field,Noise
train/noise/4ef5f2ccd7691678_w22.png,4ef5f2ccd7691678,22,Field,Noise
train/noise/4ef5f2ccd7691678_w24.png,4ef5f2ccd7691678,24,Field,Noise
train/noise/4ef5f2ccd7691678_w27.png,4ef5f2ccd7691678,27,Field,Noise
train/noise/4effa76de18a6f65_w00.png,4effa76de18a6f65,0,Field,Noise
train/noise/4effa76de18a6f65_w05.png,4effa76de18a6f65,5,Field,Noise
train/noise/4effa76de18a6f65_w09.png,4effa76de18a6f65,9,Field,Noise
train/noise/4effa76de18a6f65_w11.png,4effa76de18a6f65,11,Field,Noise
train/noise/4effa76de18a6f65_w14.png,4effa76de18a6f65,14,Field,Noise
train/noise/4effa76de18a6f65_w15.png,4effa76de18a6f65,15,Field,Noise
train/noise/4effa76de18a6f65_w20.png,4effa76de18a6f65,20,Field,Noise
train/noise/4effa76de18a6f65_w27.png,4effa76de18a6f65,27,Field,Noise
train/noise/4f8d3954a14b7218_w01.png,4f8d3954a14b7218,1,Field,Noise
train/noise/4f8d3954a14b7218_w02.png,4f8d3954a14b7218,2,Field,Noise
train/noise/4f8d3954a14b7218_w08.png,4f8d3954a14b7218,8,Field,Noise
train/noise/4f8d3954a14b7218_w10.png,4f8d3954a14b7218,10,Field,Noise
train/noise/4f8d3954a14b7218_w15.png,4f8d3954a14b7218,15,Field,Noise
train/noise/4f8d3954a14b7218_w17.png,4f8d3954a14b7218,17,Field,Noise
train/noise/4f8d3954a14b7218_w19.png,4f8d3954a14b7218,19,Field,Noise
train/noise/4f8d3954a14b7218_w25.png,4f8d3954a14b7218,25,Field,Noise
train/noise/4feb2a7e2c6c93e5_w11.png,4feb2a7e2c6c93e5,11,Field,Noise
train/noise/4feb2a7e2c6c93e5_w15.png,4feb2a7e2c6c93e5,15,Field,Noise
train/noise/4feb2a7e2c6c93e5_w18.png,4feb2a7e2c6c93e5,18,Field,Noise
train/noise/4feb2a7e2c6c93e5_w20.png,4feb2a7e2c6c93e5,20,Field,Noise
train/noise/4feb2a7e2c6c93e5_w21.png,4feb2a7e2c6c93e5,21,Field,Noise
train/noise/4feb2a7e2c6c93e5_w22.png,4feb2a7e2c6c93e5,22,Field,Noise
train/noise/4feb2a7e2c6c93e5_w25.png,4feb2a7e2c6c93e5,25,Field,Noise
train/noise/4feb2a7e2c6c93e5_w26.png,4feb2a7e2c6c93e5,26,Field,Noise
train/noise/4ff97921af2ad7f7_w02.png,4ff97921af2ad7f7,2,Field,Noise
train/noise/4ff97921af2ad7f7_w09.png,4ff97921af2ad7f7,9,Field,Noise
train/noise/4ff97921af2ad7f7_w12.png,4ff97921af2ad7f7,12,Field,Noise
train/noise/4ff97921af2ad7f7_w14.png,4ff97921af2ad7f7,14,Field,Noise
train/noise/4ff97921af2ad7f7_w18.png,4ff97921af2ad7f7,18,Field,Noise
train/noise/4ff97921af2ad7f7_w19.png,4ff97921af2ad7f7,19,Field,Noise
train/noise/4ff97921af2ad7f7_w20.png,4ff97921af2ad7f7,20,Field,Noise
train/noise/4ff97921af2ad7f7_w21.png,4ff97921af2ad7f7,21,Field,Noise
train/noise/502440fc6f6e13e1_w04.png,502440fc6f6e13e1,4,Field,Noise
train/noise/502440fc6f6e13e1_w07.png,502440fc6f6e13e1,7,Field,Noise
train/noise/502440fc6f6e13e1_w08.png,502440fc6f6e13e1,8,Field,Noise
train/noise/502440fc6f6e13e1_w10.png,502440fc6f6e13e1,10,Field,Noise
train/noise/502440fc6f6e13e1_w11.png,502440fc6f6e13e1,11,Field,Noise
train/noise/502440fc6f6e13e1_w12.png,502440fc6f6e13e1,12,Field,Noise
train/noise/502440fc6f6e13e1_w23.png,502440fc6f6e13e1,23,Field,Noise
train/noise/502440fc6f6e13e1_w24.png,502440fc6f6e13e1,24,Field,Noise
train/noise/504ef493a2a9cea0_w02.png,504ef493a2a9cea0,2,Lab,Noise
train/noise/504ef493a2a9cea0_w03.png,504ef493a2a9cea0,3,Lab,Noise
train/noise/504ef493a2a9cea0_w05.png,504ef493a2a9cea0,5,Lab,Noise
train/noise/504ef493a2a9cea0_w11.png,504ef493a2a9cea0,11,Lab,Noise
train/noise/504ef493a2a9cea0_w14.png,504ef493a2a9cea0,14,Lab,Noise
train/noise/504ef493a2a9cea0_w15.png,504ef493a2a9cea0,15,Lab,Noise
train/noise/504ef493a2a9cea0_w22.png,504ef493a2a9cea0,22,Lab,Noise
train/noise/504ef493a2a9cea0_w23.png,504ef493a2a9cea0,23,Lab,Noise
train/noise/5106fa385460d6a8_w01.png,5106fa385460d6a8,1,Field,Noise
train/noise/5106fa385460d6a8_w02.png,5106fa385460d6a8,2,Field,Noise
train/noise/5106fa385460d6a8_w06.png,5106fa385460d6a8,6,Field,Noise
train/noise/5106fa385460d6a8_w08.png,5106fa385460d6a8,8,Field,Noise
train/noise/5106fa385460d6a8_w10.png,5106fa385460d6a8,10,Field,Noise
train/noise/5106fa385460d6a8_w12.png,5106fa385460d6a8,12,Field,Noise
train/noise/5106fa385460d6a8_w15.png,5106fa385460d6a8,15,Field,Noise
train/noise/5106fa385460d6a8_w21.png,5106fa385460d6a8,21,Field,Noise
train/noise/51335c650720b16c_w00.png,51335c650720b16c,0,Field,Noise
train/noise/51335c650720b16c_w01.png,51335c650720b16c,1,Field,Noise
train/noise/51335c650720b16c_w05.png,51335c650720b16c,5,Field,Noise
train/noise/51335c650720b16c_w07.png,51335c650720b16c,7,Field,Noise
train/noise/51335c650720b16c_w09.png,51335c650720b16c,9,Field,Noise
train/noise/51335c650720b16c_w18.png,51335c650720b16c,18,Field,Noise
train/noise/51335c650720b16c_w20.png,51335c650720b16c,20,Field,Noise
train/noise/51335c650720b16c_w27.png,51335c650720b16c,27,Field,Noise
train/noise/517cdc0b6eddeec0_w00.png,517cdc0b6eddeec0,0,Lab,Noise
train/noise/517cdc0b6eddeec0_w03.png,517cdc0b6eddeec0,3,Lab,Noise
train/noise/517cdc0b6eddeec0_w05.png,517cdc0b6eddeec0,5,Lab,Noise
train/noise/517cdc0b6eddeec0_w09.png,517cdc0b6eddeec0,9,Lab,Noise
train/noise/517cdc0b6eddeec0_w17.png,517cdc0b6eddeec0,17,Lab,Noise
train/noise/517cdc0b6eddeec0_w25.png,517cdc0b6eddeec0,25,Lab,Noise
train/noise/517cdc0b6eddeec0_w26.png,517cdc0b6eddeec0,26,Lab,Noise
train/noise/517cdc0b6eddeec0_w27.png,517cdc0b6eddeec0,27,Lab,Noise
train/noise/518bd8801cf80e99_w05.png,518bd8801cf80e99,5,Lab,Noise
train/noise/518bd8801cf80e99_w06.png,518bd8801cf80e99,6,Lab,Noise
train/noise/518bd8801cf80e99_w07.png,518bd8801cf80e99,7,Lab,Noise
train/noise/518bd8801cf80e99_w11.png,518bd8801cf80e99,11,Lab,Noise
train/noise/518bd8801cf80e99_w18.png,518bd8801cf80e99,18,Lab,Noise
train/noise/518bd8801cf80e99_w20.png,518bd8801cf80e99,20,Lab,Noise
train/noise/518bd8801cf80e99_w22.png,518bd8801cf80e99,22,Lab,Noise
train/noise/518bd8801cf80e99_w23.png,518bd8801cf80e99,23,Lab,Noise
train/noise/52614fca70e46b16_w02.png,52614fca70e46b16,2,Field,Noise
train/noise/52614fca70e46b16_w03.png,52614fca70e46b16,3,Field,Noise
train/noise/52614fca70e46b16_w11.png,52614fca70e46b16,11,Field,Noise
train/noise/52614fca70e46b16_w12.png,52614fca70e46b16,12,Field,Noise
train/noise/52614fca70e46b16_w18.png,52614fca70e46b16,18,Field,Noise
train/noise/52614fca70e46b16_w21.png,52614fca70e46b16,21,Field,Noise
train/noise/52614fca70e46b16_w22.png,52614fca70e46b16,22,Field,Noise
train/noise/52614fca70e46b16_w23.png,52614fca70e46b16,23,Field,Noise
train/noise/527e95e659f0ed42_w06.png,527e95e659f0ed42,6,Field,Noise
train/noise/527e95e659f0ed42_w07.png,527e95e659f0ed42,7,Field,Noise
train/noise/527e95e659f0ed42_w08.png,527e95e659f0ed42,8,Field,Noise
train/noise/527e95e659f0ed42_w14.png,527e95e659f0ed42,14,Field,Noise
train/noise/527e95e659f0ed42_w20.png,527e95e659f0ed42,20,Field,Noise
train/noise/527e95e659f0ed42_w22.png,527e95e659f0ed42,22,Field,Noise
train/noise/527e95e659f0ed42_w24.png,527e95e659f0ed42,24,Field,Noise
train/noise/527e95e659f0ed42_w27.png,527e95e659f0ed42,27,Field,Noise
train/noise/52b1780c949aec89_w02.png,52b1780c949aec89,2,Field,Noise
train/noise/52b1780c949aec89_w11.png,52b1780c949aec89,11,Field,Noise
train/noise/52b1780c949aec89_w12.png,52b1780c949aec89,12,Field,Noise
train/noise/52b1780c949aec89_w15.png,52b1780c949aec89,15,Field,Noise
train/noise/52b1780c949aec89_w16.png,52b1780c949aec89,16,Field,Noise
train/noise/52b1780c949aec89_w23.png,52b1780c949aec89,23,Field,Noise
train/noise/52b1780c949aec89_w24.png,52b1780c949aec89,24,Field,Noise
train/noise/52b1780c949aec89_w26.png,52b1780c949aec89,26,Field,Noise
train/noise/52d0358702f35703_w01.png,52d0358702f35703,1,Field,Noise
train/noise/52d0358702f35703_w04.png,52d0358702f35703,4,Field,Noise
train/noise/52d0358702f35703_w07.png,52d0358702f35703,7,Field,Noise
train/noise/52d0358702f35703_w17.png,52d0358702f35703,17,Field,Noise
train/noise/52d0358702f35703_w21.png,52d0358702f35703,21,Field,Noise
train/noise/52d0358702f35703_w25.png,52d0358702f35703,25,Field,Noise
train/noise/52d0358702f35703_w26.png,52d0358702f35703,26,Field,Noise
train/noise/52d0358702f35703_w27.png,52d0358702f35703,27,Field,Noise
train/noise/52fb3e3f5116fe61_w00.png,52fb3e3f5116fe61,0,Field,Noise
train/noise/52fb3e3f5116fe61_w02.png,52fb3e3f5116fe61,2,Field,Noise
train/noise/52fb3e3f5116fe61_w11.png,52fb3e3f5116fe61,11,Field,Noise
train/noise/52fb3e3f5116fe61_w16.png,52fb3e3f5116fe61,16,Field,Noise
train/noise/52fb3e3f5116fe61_w19.png,52fb3e3f5116fe61,19,Field,Noise
train/noise/52fb3e3f5116fe61_w20.png,52fb3e3f5116fe61,20,Field,Noise
train/noise/52fb3e3f5116fe61_w22.png,52fb3e3f5116fe61,22,Field,Noise
train/noise/52fb3e3f5116fe61_w24.png,52fb3e3f5116fe61,24,Field,Noise
train/noise/5379fe519f5566a6_w01.png,5379fe519f5566a6,1,Field,Noise
train/noise/5379fe519f5566a6_w05.png,5379fe519f5566a6,5,Field,Noise
train/noise/5379fe519f5566a6_w06.png,5379fe519f5566a6,6,Field,Noise
train/noise/5379fe519f5566a6_w08.png,5379fe519f5566a6,8,Field,Noise
train/noise/5379fe519f5566a6_w14.png,5379fe519f5566a6,14,Field,Noise
train/noise/5379fe519f5566a6_w20.png,5379fe519f5566a6,20,Field,Noise
train/noise/5379fe519f5566a6_w24.png,5379fe519f5566a6,24,Field,Noise
train/noise/5379fe519f5566a6_w26.png,5379fe519f5566a6,26,Field,Noise
train/noise/53d000ca9cb0a845_w02.png,53d000ca9cb0a845,2,Field,Noise
train/noise/53d000ca9cb0a845_w03.png,53d000ca9cb0a845,3,Field,Noise
train/noise/53d000ca9cb0a845_w15.png,53d000ca9cb0a845,15,Field,Noise
train/noise/53d000ca9cb0a845_w20.png,53d000ca9cb0a845,20,Field,Noise
train/noise/53d000ca9cb0a845_w22.png,53d000ca9cb0a845,22,Field,Noise
train/noise/53d000ca9cb0a845_w23.png,53d000ca9cb0a845,23,Field,Noise
train/noise/53d000ca9cb0a845_w25.png,53d000ca9cb0a845,25,Field,Noise
train/noise/53d000ca9cb0a845_w26.png,53d000ca9cb0a845,26,Field,Noise
train/noise/53e9a933e800ae38_w00.png,53e9a933e800ae38,0,Field,Noise
train/noise/53e9a933e800ae38_w01.png,53e9a933e800ae38,1,Field,Noise
train/noise/53e9a933e800ae38_w07.png,53e9a933e800ae38,7,Field,Noise
train/noise/53e9a933e800ae38_w09.png,53e9a933e800ae38,9,Field,Noise
train/noise/53e9a933e800ae38_w12.png,53e9a933e800ae38,12,Field,Noise
train/noise/53e9a933e800ae38_w13.png,53e9a933e800ae38,13,Field,Noise
train/noise/53e9a933e800ae38_w23.png,53e9a933e800ae38,23,Field,Noise
train/noise/53e9a933e800ae38_w25.png,53e9a933e800ae38,25,Field,Noise
train/noise/53fc588126d74ff8_w04.png,53fc588126d74ff8,4,Field,Noise
train/noise/53fc588126d74ff8_w06.png,53fc588126d74ff8,6,Field,Noise
train/noise/53fc588126d74ff8_w07.png,53fc588126d74ff8,7,Field,Noise
train/noise/53fc588126d74ff8_w09.png,53fc588126d74ff8,9,Field,Noise
train/noise/53fc588126d74ff8_w17.png,53fc588126d74ff8,17,Field,Noise
train/noise/53fc588126d74ff8_w18.png,53fc588126d74ff8,18,Field,Noise
train/noise/53fc588126d74ff8_w21.png,53fc588126d74ff8,21,Field,Noise
train/noise/53fc588126d74ff8_w22.png,53fc588126d74ff8,22,Field,Noise
train/noise/53fec3b22ea6f82c_w03.png,53fec3b22ea6f82c,3,Field,Noise
train/noise/53fec3b22ea6f82c_w08.png,53fec3b22ea6f82c,8,Field,Noise
train/noise/53fec3b22ea6f82c_w09.png,53fec3b22ea6f82c,9,Field,Noise
train/noise/53fec3b22ea6f82c_w11.png,53fec3b22ea6f82c,11,Field,Noise
train/noise/53fec3b22ea6f82c_w13.png,53fec3b22ea6f82c,13,Field,Noise
train/noise/53fec3b22ea6f82c_w15.png,53fec3b22ea6f82c,15,Field,Noise
train/noise/53fec3b22ea6f82c_w20.png,53fec3b22ea6f82c,20,Field,Noise
train/noise/53fec3b22ea6f82c_w23.png,53fec3b22ea6f82c,23,Field,Noise
train/noise/54cf5e90662e7f9f_w05.png,54cf5e90662e7f9f,5,Field,Noise
train/noise/54cf5e90662e7f9f_w14.png,54cf5e90662e7f9f,14,Field,Noise
train/noise/54cf5e90662e7f9f_w16.png,54cf5e90662e7f9f,16,Field,Noise
train/noise/54cf5e90662e7f9f_w18.png,54cf5e90662e7f9f,18,Field,Noise
train/noise/54cf5e90662e7f9f_w19.png,54cf5e90662e7f9f,19,Field,Noise
train/noise/54cf5e90662e7f9f_w20.png,54cf5e90662e7f9f,20,Field,Noise
train/noise/54cf5e90662e7f9f_w21.png,54cf5e90662e7f9f,21,Field,Noise
train/noise/54cf5e90662e7f9f_w22.png,54cf5e90662e7f9f,22,Field,Noise
train/noise/550931f67aa1cc36_w00.png,550931f67aa1cc36,0,Field,Noise
train/noise/550931f67aa1cc36_w01.png,550931f67aa1cc36,1,Field,Noise
train/noise/550931f67aa1cc36_w05.png,550931f67aa1cc36,5,Field,Noise
train/noise/550931f67aa1cc36_w08.png,550931f67aa1cc36,8,Field,Noise
train/noise/550931f67aa1cc36_w09.png,550931f67aa1cc36,9,Field,Noise
train/noise/550931f67aa1cc36_w12.png,550931f67aa1cc36,12,Field,Noise
train/noise/550931f67aa1cc36_w17.png,550931f67aa1cc36,17,Field,Noise
train/noise/550931f67aa1cc36_w22.png,550931f67aa1cc36,22,Field,Noise
train/noise/553173dc3bcff53a_w03.png,553173dc3bcff53a,3,Field,Noise
train/noise/553173dc3bcff53a_w16.png,553173dc3bcff53a,16,Field,Noise
train/noise/553173dc3bcff53a_w17.png,553173dc3bcff53a,17,Field,Noise
train/noise/553173dc3bcff53a_w20.png,553173dc3bcff53a,20,Field,Noise
train/noise/553173dc3bcff53a_w24.png,553173dc3bcff53a,24,Field,Noise
train/noise/553173dc3bcff53a_w25.png,553173dc3bcff53a,25,Field,Noise
train/noise/553173dc3bcff53a_w26.png,553173dc3bcff53a,26,Field,Noise
train/noise/553173dc3bcff53a_w27.png,553173dc3bcff53a,27,Field,Noise
train/noise/55c98f0698db3112_w02.png,55c98f0698db3112,2,Field,Noise
train/noise/55c98f0698db3112_w03.png,55c98f0698db3112,3,Field,Noise
train/noise/55c98f0698db3112_w04.png,55c98f0698db3112,4,Field,Noise
train/noise/55c98f0698db3112_w05.png,55c98f0698db3112,5,Field,Noise
train/noise/55c98f0698db3112_w06.png,55c98f0698db3112,6,Field,Noise
train/noise/55c98f0698db3112_w11.png,55c98f0698db3112,11,Field,Noise
train/noise/55c98f0698db3112_w17.png,55c98f0698db3112,17,Field,Noise
train/noise/55c98f0698db3112_w26.png,55c98f0698db3112,26,Field,Noise
train/noise/578bce00a845b7b7_w02.png,578bce00a845b7b7,2,Field,Noise
train/noise/578bce00a845b7b7_w04.png,578bce00a845b7b7,4,Field,Noise
train/noise/578bce00a845b7b7_w05.png,578bce00a845b7b7,5,Field,Noise
train/noise/578bce00a845b7b7_w06.png,578bce00a845b7b7,6,Field,Noise
train/noise/578bce00a845b7b7_w13.png,578bce00a845b7b7,13,Field,Noise
train/noise/578bce00a845b7b7_w15.png,578bce00a845b7b7,15,Field,Noise
train/noise/578bce00a845b7b7_w21.png,578bce00a845b7b7,21,Field,Noise
train/noise/578bce00a845b7b7_w26.png,578bce00a845b7b7,26,Field,Noise
train/noise/579d52e9877751d7_w03.png,579d52e9877751d7,3,Lab,Noise
train/noise/579d52e9877751d7_w05.png,579d52e9877751d7,5,Lab,Noise
train/noise/579d52e9877751d7_w06.png,579d52e9877751d7,6,Lab,Noise
train/noise/579d52e9877751d7_w08.png,579d52e9877751d7,8,Lab,Noise
train/noise/579d52e9877751d7_w10.png,579d52e9877751d7,10,Lab,Noise
train/noise/579d52e9877751d7_w12.png,579d52e9877751d7,12,Lab,Noise
train/noise/579d52e9877751d7_w19.png,579d52e9877751d7,19,Lab,Noise
train/noise/579d52e9877751d7_w24.png,579d52e9877751d7,24,Lab,Noise
train/noise/57fe1e31594d86c3_w04.png,57fe1e31594d86c3,4,Field,Noise
train/noise/57fe1e31594d86c3_w07.png,57fe1e31594d86c3,7,Field,Noise
train/noise/57fe1e31594d86c3_w09.png,57fe1e31594d86c3,9,Field,Noise
train/noise/57fe1e31594d86c3_w16.png,57fe1e31594d86c3,16,Field,Noise
train/noise/57fe1e31594d86c3_w18.png,57fe1e31594d86c3,18,Field,Noise
train/noise/57fe1e31594d86c3_w19.png,57fe1e31594d86c3,19,Field,Noise
train/noise/57fe1e31594d86c3_w21.png,57fe1e31594d86c3,21,Field,Noise
train/noise/57fe1e31594d86c3_w23.png,57fe1e31594d86c3,23,Field,Noise
train/noise/5818f6d9444c39d9_w00.png,5818f6d9444c39d9,0,Field,Noise
train/noise/5818f6d9444c39d9_w01.png,5818f6d9444c39d9,1,Field,Noise
train/noise/5818f6d9444c39d9_w04.png,5818f6d9444c39d9,4,Field,Noise
train/noise/5818f6d9444c39d9_w05.png,5818f6d9444c39d9,5,Field,Noise
train/noise/5818f6d9444c39d9_w06.png,5818f6d9444c39d9,6,Field,Noise
train/noise/5818f6d9444c39d9_w17.png,5818f6d9444c39d9,17,Field,Noise
train/noise/5818f6d9444c39d9_w22.png,5818f6d9444c39d9,22,Field,Noise
train/noise/5818f6d9444c39d9_w24.png,5818f6d9444c39d9,24,Field,Noise
train/noise/582e32f187e8ea80_w02.png,582e32f187e8ea80,2,Lab,Noise
train/noise/582e32f187e8ea80_w04.png,582e32f187e8ea80,4,Lab,Noise
train/noise/582e32f187e8ea80_w10.png,582e32f187e8ea80,10,Lab,Noise
train/noise/582e32f187e8ea80_w12.png,582e32f187e8ea80,12,Lab,Noise
train/noise/582e32f187e8ea80_w15.png,582e32f187e8ea80,15,Lab,Noise
train/noise/582e32f187e8ea80_w20.png,582e32f187e8ea80,20,Lab,Noise
train/noise/582e32f187e8ea80_w24.png,582e32f187e8ea80,24,Lab,Noise
train/noise/582e32f187e8ea80_w27.png,582e32f187e8ea80,27,Lab,Noise
train/noise/58649f46cf28596a_w03.png,58649f46cf28596a,3,Field,Noise
train/noise/58649f46cf28596a_w11.png,58649f46cf28596a,11,Field,Noise
train/noise/58649f46cf28596a_w15.png,58649f46cf28596a,15,Field,Noise
train/noise/58649f46cf28596a_w17.png,58649f46cf28596a,17,Field,Noise
train/noise/58649f46cf28596a_w21.png,58649f46cf28596a,21,Field,Noise
train/noise/58649f46cf28596a_w23.png,58649f46cf28596a,23,Field,Noise
train/noise/58649f46cf28596a_w24.png,58649f46cf28596a,24,Field,Noise
train/noise/58649f46cf28596a_w25.png,58649f46cf28596a,25,Field,Noise
train/noise/589dc6a3ee0f4ec7_w01.png,589dc6a3ee0f4ec7,1,Field,Noise
train/noise/589dc6a3ee0f4ec7_w04.png,589dc6a3ee0f4ec7,4,Field,Noise
train/noise/589dc6a3ee0f4ec7_w05.png,589dc6a3ee0f4ec7,5,Field,Noise
train/noise/589dc6a3ee0f4ec7_w06.png,589dc6a3ee0f4ec7,6,Field,Noise
train/noise/589dc6a3ee0f4ec7_w11.png,589dc6a3ee0f4ec7,11,Field,Noise
train/noise/589dc6a3ee0f4ec7_w17.png,589dc6a3ee0f4ec7,17,Field,Noise
train/noise/589dc6a3ee0f4ec7_w19.png,589dc6a3ee0f4ec7,19,Field,Noise
train/noise/589dc6a3ee0f4ec7_w21.png,589dc6a3ee0f4ec7,21,Field,Noise
train/noise/5a5ecc8b16d1dddc_w05.png,5a5ecc8b16d1dddc,5,Field,Noise
train/noise/5a5ecc8b16d1dddc_w06.png,5a5ecc8b16d1dddc,6,Field,Noise
train/noise/5a5ecc8b16d1dddc_w12.png,5a5ecc8b16d1dddc,12,Field,Noise
train/noise/5a5ecc8b16d1dddc_w17.png,5a5ecc8b16d1dddc,17,Field,Noise
train/noise/5a5ecc8b16d1dddc_w18.png,5a5ecc8b16d1dddc,18,Field,Noise
train/noise/5a5ecc8b16d1dddc_w19.png,5a5ecc8b16d1dddc,19,Field,Noise
train/noise/5a5ecc8b16d1dddc_w23.png,5a5ecc8b16d1dddc,23,Field,Noise
train/noise/5a5ecc8b16d1dddc_w25.png,5a5ecc8b16d1dddc,25,Field,Noise
train/noise/5a7b66a335d24b6f_w00.png,5a7b66a335d24b6f,0,Field,Noise
train/noise/5a7b66a335d24b6f_w05.png,5a7b66a335d24b6f,5,Field,Noise
train/noise/5a7b66a335d24b6f_w16.png,5a7b66a335d24b6f,16,Field,Noise
train/noise/5a7b66a335d24b6f_w17.png,5a7b66a335d24b6f,17,Field,Noise
train/noise/5a7b66a335d24b6f_w21.png,5a7b66a335d24b6f,21,Field,Noise
train/noise/5a7b66a335d24b6f_w22.png,5a7b66a335d24b6f,22,Field,Noise
train/noise/5a7b66a335d24b6f_w24.png,5a7b66a335d24b6f,24,Field,Noise
train/noise/5a7b66a335d24b6f_w27.png,5a7b66a335d24b6f,27,Field,Noise
train/noise/5a9651b018abaaed_w01.png,5a9651b018abaaed,1,Lab,Noise
train/noise/5a9651b018abaaed_w04.png,5a9651b018abaaed,4,Lab,Noise
train/noise/5a9651b018abaaed_w05.png,5a9651b018abaaed,5,Lab,Noise
train/noise/5a9651b018abaaed_w10.png,5a9651b018abaaed,10,Lab,Noise
train/noise/5a9651b018abaaed_w13.png,5a9651b018abaaed,13,Lab,Noise
train/noise/5a9651b018abaaed_w16.png,5a9651b018abaaed,16,Lab,Noise
train/noise/5a9651b018abaaed_w21.png,5a9651b018abaaed,21,Lab,Noise
train/noise/5a9651b018abaaed_w27.png,5a9651b018abaaed,27,Lab,Noise
train/noise/5ac930c22962359d_w00.png,5ac930c22962359d,0,Field,Noise
train/noise/5ac930c22962359d_w01.png,5ac930c22962359d,1,Field,Noise
train/noise/5ac930c22962359d_w04.png,5ac930c22962359d,4,Field,Noise
train/noise/5ac930c22962359d_w05.png,5ac930c22962359d,5,Field,Noise
train/noise/5ac930c22962359d_w09.png,5ac930c22962359d,9,Field,Noise
train/noise/5ac930c22962359d_w11.png,5ac930c22962359d,11,Field,Noise
train/noise/5ac930c22962359d_w19.png,5ac930c22962359d,19,Field,Noise
train/noise/5ac930c22962359d_w27.png,5ac930c22962359d,27,Field,Noise
train/noise/5b59e6bc903d2d77_w01.png,5b59e6bc903d2d77,1,Field,Noise
train/noise/5b59e6bc903d2d77_w03.png,5b59e6bc903d2d77,3,Field,Noise
train/noise/5b59e6bc903d2d77_w06.png,5b59e6bc903d2d77,6,Field,Noise
train/noise/5b59e6bc903d2d77_w12.png,5b59e6bc903d2d77,12,Field,Noise
train/noise/5b59e6bc903d2d77_w14.png,5b59e6bc903d2d77,14,Field,Noise
train/noise/5b59e6bc903d2d77_w21.png,5b59e6bc903d2d77,21,Field,Noise
train/noise/5b59e6bc903d2d77_w23.png,5b59e6bc903d2d77,23,Field,Noise
train/noise/5b59e6bc903d2d77_w24.png,5b59e6bc903d2d77,24,Field,Noise
train/noise/5c5b7ae64225334f_w00.png,5c5b7ae64225334f,0,Field,Noise
train/noise/5c5b7ae64225334f_w03.png,5c5b7ae64225334f,3,Field,Noise
train/noise/5c5b7ae64225334f_w05.png,5c5b7ae64225334f,5,Field,Noise
train/noise/5c5b7ae64225334f_w09.png,5c5b7ae64225334f,9,Field,Noise
train/noise/5c5b7ae64225334f_w12.png,5c5b7ae64225334f,12,Field,Noise
train/noise/5c5b7ae64225334f_w15.png,5c5b7ae64225334f,15,Field,Noise
train/noise/5c5b7ae64225334f_w16.png,5c5b7ae64225334f,16,Field,Noise
train/noise/5c5b7ae64225334f_w22.png,5c5b7ae64225334f,22,Field,Noise
train/noise/5c5cd74b54ea1e4d_w03.png,5c5cd74b54ea1e4d,3,Field,Noise
train/noise/5c5cd74b54ea1e4d_w04.png,5c5cd74b54ea1e4d,4,Field,Noise
train/noise/5c5cd74b54ea1e4d_w11.png,5c5cd74b54ea1e4d,11,Field,Noise
train/noise/5c5cd74b54ea1e4d_w13.png,5c5cd74b54ea1e4d,13,Field,Noise
train/noise/5c5cd74b54ea1e4d_w15.png,5c5cd74b54ea1e4d,15,Field,Noise
train/noise/5c5cd74b54ea1e4d_w19.png,5c5cd74b54ea1e4d,19,Field,Noise
train/noise/5c5cd74b54ea1e4d_w21.png,5c5cd74b54ea1e4d,21,Field,Noise
train/noise/5c5cd74b54ea1e4d_w23.png,5c5cd74b54ea1e4d,23,Field,Noise
train/noise/5d770ba1f029d31f_w00.png,5d770ba1f029d31f,0,Field,Noise
train/noise/5d770ba1f029d31f_w10.png,5d770ba1f029d31f,10,Field,Noise
train/noise/5d770ba1f029d31f_w12.png,5d770ba1f029d31f,12,Field,Noise
train/noise/5d770ba1f029d31f_w15.png,5d770ba1f029d31f,15,Field,Noise
train/noise/5d770ba1f029d31f_w16.png,5d770ba1f029d31f,16,Field,Noise
train/noise/5d770ba1f029d31f_w22.png,5d770ba1f029d31f,22,Field,Noise
train/noise/5d770ba1f029d31f_w23.png,5d770ba1f029d31f,23,Field,Noise
train/noise/5d770ba1f029d31f_w26.png,5d770ba1f029d31f,26,Field,Noise
train/noise/5d7bd0ae8f20713b_w01.png,5d7bd0ae8f20713b,1,Field,Noise
train/noise/5d7bd0ae8f20713b_w02.png,5d7bd0ae8f20713b,2,Field,Noise
train/noise/5d7bd0ae8f20713b_w04.png,5d7bd0ae8f20713b,4,Field,Noise
train/noise/5d7bd0ae8f20713b_w08.png,5d7bd0ae8f20713b,8,Field,Noise
train/noise/5d7bd0ae8f20713b_w11.png,5d7bd0ae8f20713b,11,Field,Noise
train/noise/5d7bd0ae8f20713b_w12.png,5d7bd0ae8f20713b,12,Field,Noise
train/noise/5d7bd0ae8f20713b_w18.png,5d7bd0ae8f20713b,18,Field,Noise
train/noise/5d7bd0ae8f20713b_w27.png,5d7bd0ae8f20713b,27,Field,Noise
train/noise/5d98fc8f3f16ce49_w00.png,5d98fc8f3f16ce49,0,Field,Noise
train/noise/5d98fc8f3f16ce49_w03.png,5d98fc8f3f16ce49,3,Field,Noise
train/noise/5d98fc8f3f16ce49_w04.png,5d98fc8f3f16ce49,4,Field,Noise
train/noise/5d98fc8f3f16ce49_w07.png,5d98fc8f3f16ce49,7,Field,Noise
train/noise/5d98fc8f3f16ce49_w18.png,5d98fc8f3f16ce49,18,Field,Noise
train/noise/5d98fc8f3f16ce49_w20.png,5d98fc8f3f16ce49,20,Field,Noise
train/noise/5d98fc8f3f16ce49_w25.png,5d98fc8f3f16ce49,25,Field,Noise
train/noise/5d98fc8f3f16ce49_w27.png,5d98fc8f3f16ce49,27,Field,Noise
train/noise/5dd7054c6dd9bbe2_w04.png,5dd7054c6dd9bbe2,4,Lab,Noise
train/noise/5dd7054c6dd9bbe2_w08.png,5dd7054c6dd9bbe2,8,Lab,Noise
train/noise/5dd7054c6dd9bbe2_w09.png,5dd7054c6dd9bbe2,9,Lab,Noise
train/noise/5dd7054c6dd9bbe2_w13.png,5dd7054c6dd9bbe2,13,Lab,Noise
train/noise/5dd7054c6dd9bbe2_w14.png,5dd7054c6dd9bbe2,14,Lab,Noise
train/noise/5dd7054c6dd9bbe2_w17.png,5dd7054c6dd9bbe2,17,Lab,Noise
train/noise/5dd7054c6dd9bbe2_w24.png,5dd7054c6dd9bbe2,24,Lab,Noise
train/noise/5dd7054c6dd9bbe2_w27.png,5dd7054c6dd9bbe2,27,Lab,Noise
train/noise/5df2e3a8275b15dc_w02.png,5df2e3a8275b15dc,2,Field,Noise
train/noise/5df2e3a8275b15dc_w07.png,5df2e3a8275b15dc,7,Field,Noise
train/noise/5df2e3a8275b15dc_w10.png,5df2e3a8275b15dc,10,Field,Noise
train/noise/5df2e3a8275b15dc_w12.png,5df2e3a8275b15dc,12,Field,Noise
train/noise/5df2e3a8275b15dc_w16.png,5df2e3a8275b15dc,16,Field,Noise
train/noise/5df2e3a8275b15dc_w19.png,5df2e3a8275b15dc,19,Field,Noise
train/noise/5df2e3a8275b15dc_w20.png,5df2e3a8275b15dc,20,Field,Noise
train/noise/5df2e3a8275b15dc_w26.png,5df2e3a8275b15dc,26,Field,Noise
train/noise/5e6793bc6df530e4_w00.png,5e6793bc6df530e4,0,Field,Noise
train/noise/5e6793bc6df530e4_w02.png,5e6793bc6df530e4,2,Field,Noise
train/noise/5e6793bc6df530e4_w03.png,5e6793bc6df530e4,3,Field,Noise
train/noise/5e6793bc6df530e4_w06.png,5e6793bc6df530e4,6,Field,Noise
train/noise/5e6793bc6df530e4_w12.png,5e6793bc6df530e4,12,Field,Noise
train/noise/5e6793bc6df530e4_w14.png,5e6793bc6df530e4,14,Field,Noise
train/noise/5e6793bc6df530e4_w21.png,5e6793bc6df530e4,21,Field,Noise
train/noise/5e6793bc6df530e4_w26.png,5e6793bc6df530e4,26,Field,Noise
train/noise/5e74904db41de1fb_w05.png,5e74904db41de1fb,5,Lab,Noise
train/noise/5e74904db41de1fb_w11.png,5e74904db41de1fb,11,Lab,Noise
train/noise/5e74904db41de1fb_w12.png,5e74904db41de1fb,12,Lab,Noise
train/noise/5e74904db41de1fb_w14.png,5e74904db41de1fb,14,Lab,Noise
train/noise/5e74904db41de1fb_w15.png,5e74904db41de1fb,15,Lab,Noise
train/noise/5e74904db41de1fb_w16.png,5e74904db41de1fb,16,Lab,Noise
train/noise/5e74904db41de1fb_w17.png,5e74904db41de1fb,17,Lab,Noise
train/noise/5e74904db41de1fb_w25.png,5e74904db41de1fb,25,Lab,Noise
train/noise/5ea75b3b28665b27_w00.png,5ea75b3b28665b27,0,Field,Noise
train/noise/5ea75b3b28665b27_w12.png,5ea75b3b28665b27,12,Field,Noise
train/noise/5ea75b3b28665b27_w21.png,5ea75b3b28665b27,21,Field,Noise
train/noise/5ea75b3b28665b27_w22.png,5ea75b3b28665b27,22,Field,Noise
train/noise/5ea75b3b28665b27_w23.png,5ea75b3b28665b27,23,Field,Noise
train/noise/5ea75b3b28665b27_w24.png,5ea75b3b28665b27,24,Field,Noise
train/noise/5ea75b3b28665b27_w25.png,5ea75b3b28665b27,25,Field,Noise
train/noise/5ea75b3b28665b27_w26.png,5ea75b3b28665b27,26,Field,Noise
train/noise/5fc0b92b59a9ffb1_w05.png,5fc0b92b59a9ffb1,5,Field,Noise
train/noise/5fc0b92b59a9ffb1_w10.png,5fc0b92b59a9ffb1,10,Field,Noise
train/noise/5fc0b92b59a9ffb1_w11.png,5fc0b92b59a9ffb1,11,Field,Noise
train/noise/5fc0b92b59a9ffb1_w12.png,5fc0b92b59a9ffb1,12,Field,Noise
train/noise/5fc0b92b59a9ffb1_w18.png,5fc0b92b59a9ffb1,18,Field,Noise
train/noise/5fc0b92b59a9ffb1_w20.png,5fc0b92b59a9ffb1,20,Field,Noise
train/noise/5fc0b92b59a9ffb1_w25.png,5fc0b92b59a9ffb1,25,Field,Noise
train/noise/5fc0b92b59a9ffb1_w27.png,5fc0b92b59a9ffb1,27,Field,Noise
train/noise/60b44ebb50e3123c_w00.png,60b44ebb50e3123c,0,Lab,Noise
train/noise/60b44ebb50e3123c_w05.png,60b44ebb50e3123c,5,Lab,Noise
train/noise/60b44ebb50e3123c_w07.png,60b44ebb50e3123c,7,Lab,Noise
train/noise/60b44ebb50e3123c_w15.png,60b44ebb50e3123c,15,Lab,Noise
train/noise/60b44ebb50e3123c_w17.png,60b44ebb50e3123c,17,Lab,Noise
train/noise/60b44ebb50e3123c_w21.png,60b44ebb50e3123c,21,Lab,Noise
train/noise/60b44ebb50e3123c_w22.png,60b44ebb50e3123c,22,Lab,Noise
train/noise/60b44ebb50e3123c_w26.png,60b44ebb50e3123c,26,Lab,Noise
train/noise/60c6a607c5d1e7b9_w02.png,60c6a607c5d1e7b9,2,Lab,Noise
train/noise/60c6a607c5d1e7b9_w10.png,60c6a607c5d1e7b9,10,Lab,Noise
train/noise/60c6a607c5d1e7b9_w16.png,60c6a607c5d1e7b9,16,Lab,Noise
train/noise/60c6a607c5d1e7b9_w18.png,60c6a607c5d1e7b9,18,Lab,Noise
train/noise/60c6a607c5d1e7b9_w19.png,60c6a607c5d1e7b9,19,Lab,Noise
train/noise/60c6a607c5d1e7b9_w22.png,60c6a607c5d1e7b9,22,Lab,Noise
train/noise/60c6a607c5d1e7b9_w25.png,60c6a607c5d1e7b9,25,Lab,Noise
train/noise/60c6a607c5d1e7b9_w27.png,60c6a607c5d1e7b9,27,Lab,Noise
train/noise/60f059cddcf516df_w00.png,60f059cddcf516df,0,Field,Noise
train/noise/60f059cddcf516df_w02.png,60f059cddcf516df,2,Field,Noise
train/noise/60f059cddcf516df_w06.png,60f059cddcf516df,6,Field,Noise
train/noise/60f059cddcf516df_w10.png,60f059cddcf516df,10,Field,Noise
train/noise/60f059cddcf516df_w12.png,60f059cddcf516df,12,Field,Noise
train/noise/60f059cddcf516df_w14.png,60f059cddcf516df,14,Field,Noise
train/noise/60f059cddcf516df_w17.png,60f059cddcf516df,17,Field,Noise
train/noise/60f059cddcf516df_w19.png,60f059cddcf516df,19,Field,Noise
train/noise/612efabdd9384cdf_w01.png,612efabdd9384cdf,1,Field,Noise
train/noise/612efabdd9384cdf_w05.png,612efabdd9384cdf,5,Field,Noise
train/noise/612efabdd9384cdf_w11.png,612efabdd9384cdf,11,Field,Noise
train/noise/612efabdd9384cdf_w12.png,612efabdd9384cdf,12,Field,Noise
train/noise/612efabdd9384cdf_w15.png,612efabdd9384cdf,15,Field,Noise
train/noise/612efabdd9384cdf_w22.png,612efabdd9384cdf,22,Field,Noise
train/noise/612efabdd9384cdf_w24.png,612efabdd9384cdf,24,Field,Noise
train/noise/612efabdd9384cdf_w26.png,612efabdd9384cdf,26,Field,Noise
train/noise/618585de0558a2a1_w04.png,618585de0558a2a1,4,Field,Noise
train/noise/618585de0558a2a1_w05.png,618585de0558a2a1,5,Field,Noise
train/noise/618585de0558a2a1_w07.png,618585de0558a2a1,7,Field,Noise
train/noise/618585de0558a2a1_w08.png,618585de0558a2a1,8,Field,Noise
train/noise/618585de0558a2a1_w14.png,618585de0558a2a1,14,Field,Noise
train/noise/618585de0558a2a1_w18.png,618585de0558a2a1,18,Field,Noise
train/noise/618585de0558a2a1_w22.png,618585de0558a2a1,22,Field,Noise
train/noise/618585de0558a2a1_w24.png,618585de0558a2a1,24,Field,Noise
train/noise/618b82c2c3e5d7e0_w02.png,618b82c2c3e5d7e0,2,Field,Noise
train/noise/618b82c2c3e5d7e0_w03.png,618b82c2c3e5d7e0,3,Field,Noise
train/noise/618b82c2c3e5d7e0_w10.png,618b82c2c3e5d7e0,10,Field,Noise
train/noise/618b82c2c3e5d7e0_w11.png,618b82c2c3e5d7e0,11,Field,Noise
train/noise/618b82c2c3e5d7e0_w14.png,618b82c2c3e5d7e0,14,Field,Noise
train/noise/618b82c2c3e5d7e0_w16.png,618b82c2c3e5d7e0,16,Field,Noise
train/noise/618b82c2c3e5d7e0_w17.png,618b82c2c3e5d7e0,17,Field,Noise
train/noise/618b82c2c3e5d7e0_w24.png,618b82c2c3e5d7e0,24,Field,Noise
train/noise/6244e8c850185dce_w01.png,6244e8c850185dce,1,Field,Noise
train/noise/6244e8c850185dce_w04.png,6244e8c850185dce,4,Field,Noise
train/noise/6244e8c850185dce_w12.png,6244e8c850185dce,12,Field,Noise
train/noise/6244e8c850185dce_w14.png,6244e8c850185dce,14,Field,Noise
train/noise/6244e8c850185dce_w16.png,6244e8c850185dce,16,Field,Noise
train/noise/6244e8c850185dce_w17.png,6244e8c850185dce,17,Field,Noise
train/noise/6244e8c850185dce_w19.png,6244e8c850185dce,19,Field,Noise
train/noise/6244e8c850185dce_w22.png,6244e8c850185dce,22,Field,Noise
train/noise/6247747551c39f55_w04.png,6247747551c39f55,4,Field,Noise
train/noise/6247747551c39f55_w05.png,6247747551c39f55,5,Field,Noise
train/noise/6247747551c39f55_w08.png,6247747551c39f55,8,Field,Noise
train/noise/6247747551c39f55_w14.png,6247747551c39f55,14,Field,Noise
train/noise/6247747551c39f55_w15.png,6247747551c39f55,15,Field,Noise
train/noise/6247747551c39f55_w16.png,6247747551c39f55,16,Field,Noise
train/noise/6247747551c39f55_w20.png,6247747551c39f55,20,Field,Noise
train/noise/6247747551c39f55_w22.png,6247747551c39f55,22,Field,Noise
train/noise/62595cb8a0ac149f_w01.png,62595cb8a0ac149f,1,Field,Noise
train/noise/62595cb8a0ac149f_w04.png,62595cb8a0ac149f,4,Field,Noise
train/noise/62595cb8a0ac149f_w05.png,62595cb8a0ac149f,5,Field,Noise
train/noise/62595cb8a0ac149f_w06.png,62595cb8a0ac149f,6,Field,Noise
train/noise/62595cb8a0ac149f_w13.png,62595cb8a0ac149f,13,Field,Noise
train/noise/62595cb8a0ac149f_w18.png,62595cb8a0ac149f,18,Field,Noise
train/noise/62595cb8a0ac149f_w21.png,62595cb8a0ac149f,21,Field,Noise
train/noise/62595cb8a0ac149f_w24.png,62595cb8a0ac149f,24,Field,Noise
train/noise/628c14e417528b81_w07.png,628c14e417528b81,7,Lab,Noise
train/noise/628c14e417528b81_w09.png,628c14e417528b81,9,Lab,Noise
train/noise/628c14e417528b81_w11.png,628c14e417528b81,11,Lab,Noise
train/noise/628c14e417528b81_w15.png,628c14e417528b81,15,Lab,Noise
train/noise/628c14e417528b81_w16.png,628c14e417528b81,16,Lab,Noise
train/noise/628c14e417528b81_w19.png,628c14e417528b81,19,Lab,Noise
train/noise/628c14e417528b81_w23.png,628c14e417528b81,23,Lab,Noise
train/noise/628c14e417528b81_w24.png,628c14e417528b81,24,Lab,Noise
train/noise/636c69db932e8f13_w00.png,636c69db932e8f13,0,Lab,Noise
train/noise/636c69db932e8f13_w01.png,636c69db932e8f13,1,Lab,Noise
train/noise/636c69db932e8f13_w04.png,636c69db932e8f13,4,Lab,Noise
train/noise/636c69db932e8f13_w06.png,636c69db932e8f13,6,Lab,Noise
train/noise/636c69db932e8f13_w12.png,636c69db932e8f13,12,Lab,Noise
train/noise/636c69db932e8f13_w19.png,636c69db932e8f13,19,Lab,Noise
train/noise/636c69db932e8f13_w20.png,636c69db932e8f13,20,Lab,Noise
train/noise/636c69db932e8f13_w27.png,636c69db932e8f13,27,Lab,Noise
train/noise/63bad5b1cb902a11_w00.png,63bad5b1cb902a11,0,Field,Noise
train/noise/63bad5b1cb902a11_w02.png,63bad5b1cb902a11,2,Field,Noise
train/noise/63bad5b1cb902a11_w06.png,63bad5b1cb902a11,6,Field,Noise
train/noise/63bad5b1cb902a11_w11.png,63bad5b1cb902a11,11,Field,Noise
train/noise/63bad5b1cb902a11_w13.png,63bad5b1cb902a11,13,Field,Noise
train/noise/63bad5b1cb902a11_w14.png,63bad5b1cb902a11,14,Field,Noise
train/noise/63bad5b1cb902a11_w20.png,63bad5b1cb902a11,20,Field,Noise
train/noise/63bad5b1cb902a11_w26.png,63bad5b1cb902a11,26,Field,Noise
train/noise/63e5c178bbf211c6_w01.png,63e5c178bbf211c6,1,Lab,Noise
train/noise/63e5c178bbf211c6_w02.png,63e5c178bbf211c6,2,Lab,Noise
train/noise/63e5c178bbf211c6_w10.png,63e5c178bbf211c6,10,Lab,Noise
train/noise/63e5c178bbf211c6_w12.png,63e5c178bbf211c6,12,Lab,Noise
train/noise/63e5c178bbf211c6_w13.png,63e5c178bbf211c6,13,Lab,Noise
train/noise/63e5c178bbf211c6_w15.png,63e5c178bbf211c6,15,Lab,Noise
train/noise/63e5c178bbf211c6_w18.png,63e5c178bbf211c6,18,Lab,Noise
train/noise/63e5c178bbf211c6_w25.png,63e5c178bbf211c6,25,Lab,Noise
train/noise/6402dfcb6a289a0e_w02.png,6402dfcb6a289a0e,2,Lab,Noise
train/noise/6402dfcb6a289a0e_w03.png,6402dfcb6a289a0e,3,Lab,Noise
train/noise/6402dfcb6a289a0e_w06.png,6402dfcb6a289a0e,6,Lab,Noise
train/noise/6402dfcb6a289a0e_w17.png,6402dfcb6a289a0e,17,Lab,Noise
train/noise/6402dfcb6a289a0e_w21.png,6402dfcb6a289a0e,21,Lab,Noise
train/noise/6402dfcb6a289a0e_w23.png,6402dfcb6a289a0e,23,Lab,Noise
train/noise/6402dfcb6a289a0e_w24.png,6402dfcb6a289a0e,24,Lab,Noise
train/noise/6402dfcb6a289a0e_w25.png,6402dfcb6a289a0e,25,Lab,Noise
train/noise/640a959eba53bb39_w02.png,640a959eba53bb39,2,Lab,Noise
train/noise/640a959eba53bb39_w11.png,640a959eba53bb39,11,Lab,Noise
train/noise/640a959eba53bb39_w12.png,640a959eba53bb39,12,Lab,Noise
train/noise/640a959eba53bb39_w16.png,640a959eba53bb39,16,Lab,Noise
train/noise/640a959eba53bb39_w18.png,640a959eba53bb39,18,Lab,Noise
train/noise/640a959eba53bb39_w23.png,640a959eba53bb39,23,Lab,Noise
train/noise/640a959eba53bb39_w24.png,640a959eba53bb39,24,Lab,Noise
train/noise/640a959eba53bb39_w27.png,640a959eba53bb39,27,Lab,Noise
train/noise/6471616b75aa56ce_w04.png,6471616b75aa56ce,4,Lab,Noise
train/noise/6471616b75aa56ce_w06.png,6471616b75aa56ce,6,Lab,Noise
train/noise/6471616b75aa56ce_w07.png,6471616b75aa56ce,7,Lab,Noise
train/noise/6471616b75aa56ce_w12.png,6471616b75aa56ce,12,Lab,Noise
train/noise/6471616b75aa56ce_w14.png,6471616b75aa56ce,14,Lab,Noise
train/noise/6471616b75aa56ce_w16.png,6471616b75aa56ce,16,Lab,Noise
train/noise/6471616b75aa56ce_w21.png,6471616b75aa56ce,21,Lab,Noise
train/noise/6471616b75aa56ce_w24.png,6471616b75aa56ce,24,Lab,Noise
train/noise/65d9febb5beda411_w02.png,65d9febb5beda411,2,Lab,Noise
train/noise/65d9febb5beda411_w03.png,65d9febb5beda411,3,Lab,Noise
train/noise/65d9febb5beda411_w09.png,65d9febb5beda411,9,Lab,Noise
train/noise/65d9febb5beda411_w10.png,65d9febb5beda411,10,Lab,Noise
train/noise/65d9febb5beda411_w11.png,65d9febb5beda411,11,Lab,Noise
train/noise/65d9febb5beda411_w14.png,65d9febb5beda411,14,Lab,Noise
train/noise/65d9febb5beda411_w18.png,65d9febb5beda411,18,Lab,Noise
train/noise/65d9febb5beda411_w21.png,65d9febb5beda411,21,Lab,Noise
train/noise/6620733e9f4e1218_w00.png,6620733e9f4e1218,0,Field,Noise
train/noise/6620733e9f4e1218_w02.png,6620733e9f4e1218,2,Field,Noise
train/noise/6620733e9f4e1218_w04.png,6620733e9f4e1218,4,Field,Noise
train/noise/6620733e9f4e1218_w09.png,6620733e9f4e1218,9,Field,Noise
train/noise/6620733e9f4e1218_w13.png,6620733e9f4e1218,13,Field,Noise
train/noise/6620733e9f4e1218_w14.png,6620733e9f4e1218,14,Field,Noise
train/noise/6620733e9f4e1218_w21.png,6620733e9f4e1218,21,Field,Noise
train/noise/6620733e9f4e1218_w25.png,6620733e9f4e1218,25,Field,Noise
train/noise/66bd2d7f1f580aee_w01.png,66bd2d7f1f580aee,1,Field,Noise
train/noise/66bd2d7f1f580aee_w04.png,66bd2d7f1f580aee,4,Field,Noise
train/noise/66bd2d7f1f580aee_w07.png,66bd2d7f1f580aee,7,Field,Noise
train/noise/66bd2d7f1f580aee_w16.png,66bd2d7f1f580aee,16,Field,Noise
train/noise/66bd2d7f1f580aee_w19.png,66bd2d7f1f580aee,19,Field,Noise
train/noise/66bd2d7f1f580aee_w21.png,66bd2d7f1f580aee,21,Field,Noise
train/noise/66bd2d7f1f580aee_w24.png,66bd2d7f1f580aee,24,Field,Noise
train/noise/66bd2d7f1f580aee_w26.png,66bd2d7f1f580aee,26,Field,Noise
train/noise/67067f414328e7cc_w01.png,67067f414328e7cc,1,Lab,Noise
train/noise/67067f414328e7cc_w08.png,67067f414328e7cc,8,Lab,Noise
train/noise/67067f414328e7cc_w12.png,67067f414328e7cc,12,Lab,Noise
train/noise/67067f414328e7cc_w13.png,67067f414328e7cc,13,Lab,Noise
train/noise/67067f414328e7cc_w15.png,67067f414328e7cc,15,Lab,Noise
train/noise/67067f414328e7cc_w17.png,67067f414328e7cc,17,Lab,Noise
train/noise/67067f414328e7cc_w24.png,67067f414328e7cc,24,Lab,Noise
train/noise/67067f414328e7cc_w26.png,67067f414328e7cc,26,Lab,Noise
train/noise/6713c0afc11a5702_w09.png,6713c0afc11a5702,9,Field,Noise
train/noise/6713c0afc11a5702_w11.png,6713c0afc11a5702,11,Field,Noise
train/noise/6713c0afc11a5702_w12.png,6713c0afc11a5702,12,Field,Noise
train/noise/6713c0afc11a5702_w14.png,6713c0afc11a5702,14,Field,Noise
train/noise/6713c0afc11a5702_w17.png,6713c0afc11a5702,17,Field,Noise
train/noise/6713c0afc11a5702_w20.png,6713c0afc11a5702,20,Field,Noise
train/noise/6713c0afc11a5702_w24.png,6713c0afc11a5702,24,Field,Noise
train/noise/6713c0afc11a5702_w27.png,6713c0afc11a5702,27,Field,Noise
train/noise/6719ef54e9f49de2_w01.png,6719ef54e9f49de2,1,Field,Noise
train/noise/6719ef54e9f49de2_w02.png,6719ef54e9f49de2,2,Field,Noise
train/noise/6719ef54e9f49de2_w04.png,6719ef54e9f49de2,4,Field,Noise
train/noise/6719ef54e9f49de2_w12.png,6719ef54e9f49de2,12,Field,Noise
train/noise/6719ef54e9f49de2_w17.png,6719ef54e9f49de2,17,Field,Noise
train/noise/6719ef54e9f49de2_w18.png,6719ef54e9f49de2,18,Field,Noise
train/noise/6719ef54e9f49de2_w20.png,6719ef54e9f49de2,20,Field,Noise
train/noise/6719ef54e9f49de2_w22.png,6719ef54e9f49de2,22,Field,Noise
train/noise/67837ef55ae53444_w01.png,67837ef55ae53444,1,Field,Noise
train/noise/67837ef55ae53444_w03.png,67837ef55ae53444,3,Field,Noise
train/noise/67837ef55ae53444_w06.png,67837ef55ae53444,6,Field,Noise
train/noise/67837ef55ae53444_w12.png,67837ef55ae53444,12,Field,Noise
train/noise/67837ef55ae53444_w14.png,67837ef55ae53444,14,Field,Noise
train/noise/67837ef55ae53444_w19.png,67837ef55ae53444,19,Field,Noise
train/noise/67837ef55ae53444_w20.png,67837ef55ae53444,20,Field,Noise
train/noise/67837ef55ae53444_w21.png,67837ef55ae53444,21,Field,Noise
train/noise/67f65e4d6313b23f_w00.png,67f65e4d6313b23f,0,Field,Noise
train/noise/67f65e4d6313b23f_w01.png,67f65e4d6313b23f,1,Field,Noise
train/noise/67f65e4d6313b23f_w04.png,67f65e4d6313b23f,4,Field,Noise
train/noise/67f65e4d6313b23f_w08.png,67f65e4d6313b23f,8,Field,Noise
train/noise/67f65e4d6313b23f_w13.png,67f65e4d6313b23f,13,Field,Noise
train/noise/67f65e4d6313b23f_w21.png,67f65e4d6313b23f,21,Field,Noise
train/noise/67f65e4d6313b23f_w23.png,67f65e4d6313b23f,23,Field,Noise
train/noise/67f65e4d6313b23f_w27.png,67f65e4d6313b23f,27,Field,Noise
train/noise/68dd44c9a2309526_w01.png,68dd44c9a2309526,1,Field,Noise
train/noise/68dd44c9a2309526_w02.png,68dd44c9a2309526,2,Field,Noise
train/noise/68dd44c9a2309526_w10.png,68dd44c9a2309526,10,Field,Noise
train/noise/68dd44c9a2309526_w11.png,68dd44c9a2309526,11,Field,Noise
train/noise/68dd44c9a2309526_w20.png,68dd44c9a2309526,20,Field,Noise
train/noise/68dd44c9a2309526_w23.png,68dd44c9a2309526,23,Field,Noise
train/noise/68dd44c9a2309526_w24.png,68dd44c9a2309526,24,Field,Noise
train/noise/68dd44c9a2309526_w27.png,68dd44c9a2309526,27,Field,Noise
train/noise/697105f3ce6f1df4_w04.png,697105f3ce6f1df4,4,Field,Noise
train/noise/697105f3ce6f1df4_w08.png,697105f3ce6f1df4,8,Field,Noise
train/noise/697105f3ce6f1df4_w11.png,697105f3ce6f1df4,11,Field,Noise
train/noise/697105f3ce6f1df4_w12.png,697105f3ce6f1df4,12,Field,Noise
train/noise/697105f3ce6f1df4_w16.png,697105f3ce6f1df4,16,Field,Noise
train/noise/697105f3ce6f1df4_w21.png,697105f3ce6f1df4,21,Field,Noise
train/noise/697105f3ce6f1df4_w25.png,697105f3ce6f1df4,25,Field,Noise
train/noise/697105f3ce6f1df4_w26.png,697105f3ce6f1df4,26,Field,Noise
train/noise/6998dba9f4e52f57_w00.png,6998dba9f4e52f57,0,Field,Noise
train/noise/6998dba9f4e52f57_w07.png,6998dba9f4e52f57,7,Field,Noise
train/noise/6998dba9f4e52f57_w08.png,6998dba9f4e52f57,8,Field,Noise
train/noise/6998dba9f4e52f57_w09.png,6998dba9f4e52f57,9,Field,Noise
train/noise/6998dba9f4e52f57_w14.png,6998dba9f4e52f57,14,Field,Noise
train/noise/6998dba9f4e52f57_w18.png,6998dba9f4e52f57,18,Field,Noise
train/noise/6998dba9f4e52f57_w19.png,6998dba9f4e52f57,19,Field,Noise
train/noise/6998dba9f4e52f57_w21.png,6998dba9f4e52f57,21,Field,Noise
train/noise/6a0f9da82fc4dd4b_w05.png,6a0f9da82fc4dd4b,5,Field,Noise
train/noise/6a0f9da82fc4dd4b_w12.png,6a0f9da82fc4dd4b,12,Field,Noise
train/noise/6a0f9da82fc4dd4b_w13.png,6a0f9da82fc4dd4b,13,Field,Noise
train/noise/6a0f9da82fc4dd4b_w17.png,6a0f9da82fc4dd4b,17,Field,Noise
train/noise/6a0f9da82fc4dd4b_w18.png,6a0f9da82fc4dd4b,18,Field,Noise
train/noise/6a0f9da82fc4dd4b_w19.png,6a0f9da82fc4dd4b,19,Field,Noise
train/noise/6a0f9da82fc4dd4b_w24.png,6a0f9da82fc4dd4b,24,Field,Noise
train/noise/6a0f9da82fc4dd4b_w26.png,6a0f9da82fc4dd4b,26,Field,Noise
train/noise/6a4a3c4f95e0ef4c_w03.png,6a4a3c4f95e0ef4c,3,Field,Noise
train/noise/6a4a3c4f95e0ef4c_w07.png,6a4a3c4f95e0ef4c,7,Field,Noise
train/noise/6a4a3c4f95e0ef4c_w09.png,6a4a3c4f95e0ef4c,9,Field,Noise
train/noise/6a4a3c4f95e0ef4c_w10.png,6a4a3c4f95e0ef4c,10,Field,Noise
train/noise/6a4a3c4f95e0ef4c_w11.png,6a4a3c4f95e0ef4c,11,Field,Noise
train/noise/6a4a3c4f95e0ef4c_w17.png,6a4a3c4f95e0ef4c,17,Field,Noise
train/noise/6a4a3c4f95e0ef4c_w18.png,6a4a3c4f95e0ef4c,18,Field,Noise
train/noise/6a4a3c4f95e0ef4c_w22.png,6a4a3c4f95e0ef4c,22,Field,Noise
train/noise/6a79c92b865a8cb0_w04.png,6a79c92b865a8cb0,4,Lab,Noise
train/noise/6a79c92b865a8cb0_w06.png,6a79c92b865a8cb0,6,Lab,Noise
train/noise/6a79c92b865a8cb0_w10.png,6a79c92b865a8cb0,10,Lab,Noise
train/noise/6a79c92b865a8cb0_w11.png,6a79c92b865a8cb0,11,Lab,Noise
train/noise/6a79c92b865a8cb0_w12.png,6a79c92b865a8cb0,12,Lab,Noise
train/noise/6a79c92b865a8cb0_w17.png,6a79c92b865a8cb0,17,Lab,Noise
train/noise/6a79c92b865a8cb0_w21.png,6a79c92b865a8cb0,21,Lab,Noise
train/noise/6a79c92b865a8cb0_w27.png,6a79c92b865a8cb0,27,Lab,Noise
train/noise/6aaf771770214590_w00.png,6aaf771770214590,0,Field,Noise
train/noise/6aaf771770214590_w02.png,6aaf771770214590,2,Field,Noise
train/noise/6aaf771770214590_w04.png,6aaf771770214590,4,Field,Noise
train/noise/6aaf771770214590_w08.png,6aaf771770214590,8,Field,Noise
train/noise/6aaf771770214590_w11.png,6aaf771770214590,11,Field,Noise
train/noise/6aaf771770214590_w13.png,6aaf771770214590,13,Field,Noise
train/noise/6aaf771770214590_w15.png,6aaf771770214590,15,Field,Noise
train/noise/6aaf771770214590_w26.png,6aaf771770214590,26,Field,Noise
train/noise/6ab2c3047d552c7f_w04.png,6ab2c3047d552c7f,4,Field,Noise
train/noise/6ab2c3047d552c7f_w10.png,6ab2c3047d552c7f,10,Field,Noise
train/noise/6ab2c3047d552c7f_w15.png,6ab2c3047d552c7f,15,Field,Noise
train/noise/6ab2c3047d552c7f_w16.png,6ab2c3047d552c7f,16,Field,Noise
train/noise/6ab2c3047d552c7f_w17.png,6ab2c3047d552c7f,17,Field,Noise
train/noise/6ab2c3047d552c7f_w18.png,6ab2c3047d552c7f,18,Field,Noise
train/noise/6ab2c3047d552c7f_w20.png,6ab2c3047d552c7f,20,Field,Noise
train/noise/6ab2c3047d552c7f_w24.png,6ab2c3047d552c7f,24,Field,Noise
train/noise/6ab71d8671e0bdbf_w01.png,6ab71d8671e0bdbf,1,Field,Noise
train/noise/6ab71d8671e0bdbf_w06.png,6ab71d8671e0bdbf,6,Field,Noise
train/noise/6ab71d8671e0bdbf_w10.png,6ab71d8671e0bdbf,10,Field,Noise
train/noise/6ab71d8671e0bdbf_w11.png,6ab71d8671e0bdbf,11,Field,Noise
train/noise/6ab71d8671e0bdbf_w16.png,6ab71d8671e0bdbf,16,Field,Noise
train/noise/6ab71d8671e0bdbf_w21.png,6ab71d8671e0bdbf,21,Field,Noise
train/noise/6ab71d8671e0bdbf_w23.png,6ab71d8671e0bdbf,23,Field,Noise
train/noise/6ab71d8671e0bdbf_w26.png,6ab71d8671e0bdbf,26,Field,Noise
train/noise/6bc08c558519a56a_w02.png,6bc08c558519a56a,2,Lab,Noise
train/noise/6bc08c558519a56a_w06.png,6bc08c558519a56a,6,Lab,Noise
train/noise/6bc08c558519a56a_w08.png,6bc08c558519a56a,8,Lab,Noise
train/noise/6bc08c558519a56a_w09.png,6bc08c558519a56a,9,Lab,Noise
train/noise/6bc08c558519a56a_w11.png,6bc08c558519a56a,11,Lab,Noise
train/noise/6bc08c558519a56a_w22.png,6bc08c558519a56a,22,Lab,Noise
train/noise/6bc08c558519a56a_w24.png,6bc08c558519a56a,24,Lab,Noise
train/noise/6bc08c558519a56a_w25.png,6bc08c558519a56a,25,Lab,Noise
train/noise/6bc75ebb8d0f60ac_w00.png,6bc75ebb8d0f60ac,0,Field,Noise
train/noise/6bc75ebb8d0f60ac_w04.png,6bc75ebb8d0f60ac,4,Field,Noise
train/noise/6bc75ebb8d0f60ac_w07.png,6bc75ebb8d0f60ac,7,Field,Noise
train/noise/6bc75ebb8d0f60ac_w10.png,6bc75ebb8d0f60ac,10,Field,Noise
train/noise/6bc75ebb8d0f60ac_w20.png,6bc75ebb8d0f60ac,20,Field,Noise
train/noise/6bc75ebb8d0f60ac_w25.png,6bc75ebb8d0f60ac,25,Field,Noise
train/noise/6bc75ebb8d0f60ac_w26.png,6bc75ebb8d0f60ac,26,Field,Noise
train/noise/6bc75ebb8d0f60ac_w27.png,6bc75ebb8d0f60ac,27,Field,Noise
train/noise/6bcbd997c10fd14b_w02.png,6bcbd997c10fd14b,2,Field,Noise
train/noise/6bcbd997c10fd14b_w09.png,6bcbd997c10fd14b,9,Field,Noise
train/noise/6bcbd997c10fd14b_w15.png,6bcbd997c10fd14b,15,Field,Noise
train/noise/6bcbd997c10fd14b_w19.png,6bcbd997c10fd14b,19,Field,Noise
train/noise/6bcbd997c10fd14b_w21.png,6bcbd997c10fd14b,21,Field,Noise
train/noise/6bcbd997c10fd14b_w24.png,6bcbd997c10fd14b,24,Field,Noise
train/noise/6bcbd997c10fd14b_w25.png,6bcbd997c10fd14b,25,Field,Noise
train/noise/6bcbd997c10fd14b_w27.png,6bcbd997c10fd14b,27,Field,Noise
train/noise/6bd6cbdbd6297d34_w02.png,6bd6cbdbd6297d34,2,Field,Noise
train/noise/6bd6cbdbd6297d34_w13.png,6bd6cbdbd6297d34,13,Field,Noise
train/noise/6bd6cbdbd6297d34_w19.png,6bd6cbdbd6297d34,19,Field,Noise
train/noise/6bd6cbdbd6297d34_w20.png,6bd6cbdbd6297d34,20,Field,Noise
train/noise/6bd6cbdbd6297d34_w21.png,6bd6cbdbd6297d34,21,Field,Noise
train/noise/6bd6cbdbd6297d34_w22.png,6bd6cbdbd6297d34,22,Field,Noise
train/noise/6bd6cbdbd6297d34_w24.png,6bd6cbdbd6297d34,24,Field,Noise
train/noise/6bd6cbdbd6297d34_w26.png,6bd6cbdbd6297d34,26,Field,Noise
train/noise/6c0fc2ee6d3c2398_w00.png,6c0fc2ee6d3c2398,0,Lab,Noise
train/noise/6c0fc2ee6d3c2398_w06.png,6c0fc2ee6d3c2398,6,Lab,Noise
train/noise/6c0fc2ee6d3c2398_w08.png,6c0fc2ee6d3c2398,8,Lab,Noise
train/noise/6c0fc2ee6d3c2398_w09.png,6c0fc2ee6d3c2398,9,Lab,Noise
train/noise/6c0fc2ee6d3c2398_w10.png,6c0fc2ee6d3c2398,10,Lab,Noise
train/noise/6c0fc2ee6d3c2398_w13.png,6c0fc2ee6d3c2398,13,Lab,Noise
train/noise/6c0fc2ee6d3c2398_w18.png,6c0fc2ee6d3c2398,18,Lab,Noise
train/noise/6c0fc2ee6d3c2398_w20.png,6c0fc2ee6d3c2398,20,Lab,Noise
train/noise/6c322b4cf94a36bf_w03.png,6c322b4cf94a36bf,3,Lab,Noise
train/noise/6c322b4cf94a36bf_w04.png,6c322b4cf94a36bf,4,Lab,Noise
train/noise/6c322b4cf94a36bf_w07.png,6c322b4cf94a36bf,7,Lab,Noise
train/noise/6c322b4cf94a36bf_w10.png,6c322b4cf94a36bf,10,Lab,Noise
train/noise/6c322b4cf94a36bf_w13.png,6c322b4cf94a36bf,13,Lab,Noise
train/noise/6c322b4cf94a36bf_w16.png,6c322b4cf94a36bf,16,Lab,Noise
train/noise/6c322b4cf94a36bf_w18.png,6c322b4cf94a36bf,18,Lab,Noise
train/noise/6c322b4cf94a36bf_w24.png,6c322b4cf94a36bf,24,Lab,Noise
train/noise/6cf142a5d3dd7f45_w07.png,6cf142a5d3dd7f45,7,Field,Noise
train/noise/6cf142a5d3dd7f45_w09.png,6cf142a5d3dd7f45,9,Field,Noise
train/noise/6cf142a5d3dd7f45_w10.png,6cf142a5d3dd7f45,10,Field,Noise
train/noise/6cf142a5d3dd7f45_w13.png,6cf142a5d3dd7f45,13,Field,Noise
train/noise/6cf142a5d3dd7f45_w15.png,6cf142a5d3dd7f45,15,Field,Noise
train/noise/6cf142a5d3dd7f45_w16.png,6cf142a5d3dd7f45,16,Field,Noise
train/noise/6cf142a5d3dd7f45_w21.png,6cf142a5d3dd7f45,21,Field,Noise
train/noise/6cf142a5d3dd7f45_w25.png,6cf142a5d3dd7f45,25,Field,Noise
train/noise/6cffc6a670a3ae5f_w01.png,6cffc6a670a3ae5f,1,Field,Noise
train/noise/6cffc6a670a3ae5f_w02.png,6cffc6a670a3ae5f,2,Field,Noise
train/noise/6cffc6a670a3ae5f_w04.png,6cffc6a670a3ae5f,4,Field,Noise
train/noise/6cffc6a670a3ae5f_w05.png,6cffc6a670a3ae5f,5,Field,Noise
train/noise/6cffc6a670a3ae5f_w09.png,6cffc6a670a3ae5f,9,Field,Noise
train/noise/6cffc6a670a3ae5f_w11.png,6cffc6a670a3ae5f,11,Field,Noise
train/noise/6cffc6a670a3ae5f_w18.png,6cffc6a670a3ae5f,18,Field,Noise
train/noise/6cffc6a670a3ae5f_w27.png,6cffc6a670a3ae5f,27,Field,Noise
train/noise/6d4c373eb4b519a4_w01.png,6d4c373eb4b519a4,1,Field,Noise
train/noise/6d4c373eb4b519a4_w04.png,6d4c373eb4b519a4,4,Field,Noise
train/noise/6d4c373eb4b519a4_w06.png,6d4c373eb4b519a4,6,Field,Noise
train/noise/6d4c373eb4b519a4_w12.png,6d4c373eb4b519a4,12,Field,Noise
train/noise/6d4c373eb4b519a4_w13.png,6d4c373eb4b519a4,13,Field,Noise
train/noise/6d4c373eb4b519a4_w15.png,6d4c373eb4b519a4,15,Field,Noise
train/noise/6d4c373eb4b519a4_w20.png,6d4c373eb4b519a4,20,Field,Noise
train/noise/6d4c373eb4b519a4_w22.png,6d4c373eb4b519a4,22,Field,Noise
train/noise/6d55b24e4d7a0169_w02.png,6d55b24e4d7a0169,2,Field,Noise
train/noise/6d55b24e4d7a0169_w03.png,6d55b24e4d7a0169,3,Field,Noise
train/noise/6d55b24e4d7a0169_w05.png,6d55b24e4d7a0169,5,Field,Noise
train/noise/6d55b24e4d7a0169_w08.png,6d55b24e4d7a0169,8,Field,Noise
train/noise/6d55b24e4d7a0169_w12.png,6d55b24e4d7a0169,12,Field,Noise
train/noise/6d55b24e4d7a0169_w19.png,6d55b24e4d7a0169,19,Field,Noise
train/noise/6d55b24e4d7a0169_w20.png,6d55b24e4d7a0169,20,Field,Noise
train/noise/6d55b24e4d7a0169_w24.png,6d55b24e4d7a0169,24,Field,Noise
train/noise/6d578bbe2094383d_w00.png,6d578bbe2094383d,0,Field,Noise
train/noise/6d578bbe2094383d_w01.png,6d578bbe2094383d,1,Field,Noise
train/noise/6d578bbe2094383d_w04.png,6d578bbe2094383d,4,Field,Noise
train/noise/6d578bbe2094383d_w05.png,6d578bbe2094383d,5,Field,Noise
train/noise/6d578bbe2094383d_w06.png,6d578bbe2094383d,6,Field,Noise
train/noise/6d578bbe2094383d_w12.png,6d578bbe2094383d,12,Field,Noise
train/noise/6d578bbe2094383d_w21.png,6d578bbe2094383d,21,Field,Noise
train/noise/6d578bbe2094383d_w27.png,6d578bbe2094383d,27,Field,Noise
train/noise/6f4bfcbb28b76419_w00.png,6f4bfcbb28b76419,0,Lab,Noise
train/noise/6f4bfcbb28b76419_w07.png,6f4bfcbb28b76419,7,Lab,Noise
train/noise/6f4bfcbb28b76419_w09.png,6f4bfcbb28b76419,9,Lab,Noise
train/noise/6f4bfcbb28b76419_w13.png,6f4bfcbb28b76419,13,Lab,Noise
train/noise/6f4bfcbb28b76419_w17.png,6f4bfcbb28b76419,17,Lab,Noise
train/noise/6f4bfcbb28b76419_w19.png,6f4bfcbb28b76419,19,Lab,Noise
train/noise/6f4bfcbb28b76419_w23.png,6f4bfcbb28b76419,23,Lab,Noise
train/noise/6f4bfcbb28b76419_w25.png,6f4bfcbb28b76419,25,Lab,Noise
train/noise/6f7803400890ba71_w00.png,6f7803400890ba71,0,Field,Noise
train/noise/6f7803400890ba71_w01.png,6f7803400890ba71,1,Field,Noise
train/noise/6f7803400890ba71_w04.png,6f7803400890ba71,4,Field,Noise
train/noise/6f7803400890ba71_w09.png,6f7803400890ba71,9,Field,Noise
train/noise/6f7803400890ba71_w16.png,6f7803400890ba71,16,Field,Noise
train/noise/6f7803400890ba71_w20.png,6f7803400890ba71,20,Field,Noise
train/noise/6f7803400890ba71_w26.png,6f7803400890ba71,26,Field,Noise
train/noise/6f7803400890ba71_w27.png,6f7803400890ba71,27,Field,Noise
train/noise/7003ef7e1211c51e_w00.png,7003ef7e1211c51e,0,Field,Noise
train/noise/7003ef7e1211c51e_w02.png,7003ef7e1211c51e,2,Field,Noise
train/noise/7003ef7e1211c51e_w04.png,7003ef7e1211c51e,4,Field,Noise
train/noise/7003ef7e1211c51e_w06.png,7003ef7e1211c51e,6,Field,Noise
train/noise/7003ef7e1211c51e_w08.png,7003ef7e1211c51e,8,Field,Noise
train/noise/7003ef7e1211c51e_w11.png,7003ef7e1211c51e,11,Field,Noise
train/noise/7003ef7e1211c51e_w13.png,7003ef7e1211c51e,13,Field,Noise
train/noise/7003ef7e1211c51e_w14.png,7003ef7e1211c51e,14,Field,Noise
train/noise/701b6ff50a4a088a_w02.png,701b6ff50a4a088a,2,Field,Noise
train/noise/701b6ff50a4a088a_w03.png,701b6ff50a4a088a,3,Field,Noise
train/noise/701b6ff50a4a088a_w09.png,701b6ff50a4a088a,9,Field,Noise
train/noise/701b6ff50a4a088a_w15.png,701b6ff50a4a088a,15,Field,Noise
train/noise/701b6ff50a4a088a_w19.png,701b6ff50a4a088a,19,Field,Noise
train/noise/701b6ff50a4a088a_w23.png,701b6ff50a4a088a,23,Field,Noise
train/noise/701b6ff50a4a088a_w25.png,701b6ff50a4a088a,25,Field,Noise
train/noise/701b6ff50a4a088a_w27.png,701b6ff50a4a088a,27,Field,Noise
train/noise/702c3d23d46c9195_w03.png,702c3d23d46c9195,3,Lab,Noise
train/noise/702c3d23d46c9195_w04.png,702c3d23d46c9195,4,Lab,Noise
train/noise/702c3d23d46c9195_w05.png,702c3d23d46c9195,5,Lab,Noise
train/noise/702c3d23d46c9195_w07.png,702c3d23d46c9195,7,Lab,Noise
train/noise/702c3d23d46c9195_w11.png,702c3d23d46c9195,11,Lab,Noise
train/noise/702c3d23d46c9195_w17.png,702c3d23d46c9195,17,Lab,Noise
train/noise/702c3d23d46c9195_w19.png,702c3d23d46c9195,19,Lab,Noise
train/noise/702c3d23d46c9195_w27.png,702c3d23d46c9195,27,Lab,Noise
train/noise/704acfda0269041f_w06.png,704acfda0269041f,6,Field,Noise
train/noise/704acfda0269041f_w09.png,704acfda0269041f,9,Field,Noise
train/noise/704acfda0269041f_w10.png,704acfda0269041f,10,Field,Noise
train/noise/704acfda0269041f_w12.png,704acfda0269041f,12,Field,Noise
train/noise/704acfda0269041f_w13.png,704acfda0269041f,13,Field,Noise
train/noise/704acfda0269041f_w18.png,704acfda0269041f,18,Field,Noise
train/noise/704acfda0269041f_w21.png,704acfda0269041f,21,Field,Noise
train/noise/704acfda0269041f_w23.png,704acfda0269041f,23,Field,Noise
train/noise/70a2f9f8df4fd3ea_w05.png,70a2f9f8df4fd3ea,5,Lab,Noise
train/noise/70a2f9f8df4fd3ea_w09.png,70a2f9f8df4fd3ea,9,Lab,Noise
train/noise/70a2f9f8df4fd3ea_w12.png,70a2f9f8df4fd3ea,12,Lab,Noise
train/noise/70a2f9f8df4fd3ea_w15.png,70a2f9f8df4fd3ea,15,Lab,Noise
train/noise/70a2f9f8df4fd3ea_w16.png,70a2f9f8df4fd3ea,16,Lab,Noise
train/noise/70a2f9f8df4fd3ea_w21.png,70a2f9f8df4fd3ea,21,Lab,Noise
train/noise/70a2f9f8df4fd3ea_w22.png,70a2f9f8df4fd3ea,22,Lab,Noise
train/noise/70a2f9f8df4fd3ea_w25.png,70a2f9f8df4fd3ea,25,Lab,Noise
train/noise/7196a14b3ff9920c_w01.png,7196a14b3ff9920c,1,Field,Noise
train/noise/7196a14b3ff9920c_w04.png,7196a14b3ff9920c,4,Field,Noise
train/noise/7196a14b3ff9920c_w05.png,7196a14b3ff9920c,5,Field,Noise
train/noise/7196a14b3ff9920c_w08.png,7196a14b3ff9920c,8,Field,Noise
train/noise/7196a14b3ff9920c_w13.png,7196a14b3ff9920c,13,Field,Noise
train/noise/7196a14b3ff9920c_w14.png,7196a14b3ff9920c,14,Field,Noise
train/noise/7196a14b3ff9920c_w17.png,7196a14b3ff9920c,17,Field,Noise
train/noise/7196a14b3ff9920c_w24.png,7196a14b3ff9920c,24,Field,Noise
train/noise/7208db96ff6d8722_w04.png,7208db96ff6d8722,4,Lab,Noise
train/noise/7208db96ff6d8722_w07.png,7208db96ff6d8722,7,Lab,Noise
train/noise/7208db96ff6d8722_w08.png,7208db96ff6d8722,8,Lab,Noise
train/noise/7208db96ff6d8722_w09.png,7208db96ff6d8722,9,Lab,Noise
train/noise/7208db96ff6d8722_w10.png,7208db96ff6d8722,10,Lab,Noise
train/noise/7208db96ff6d8722_w12.png,7208db96ff6d8722,12,Lab,Noise
train/noise/7208db96ff6d8722_w16.png,7208db96ff6d8722,16,Lab,Noise
train/noise/7208db96ff6d8722_w24.png,7208db96ff6d8722,24,Lab,Noise
train/noise/720e9c678f087317_w04.png,720e9c678f087317,4,Lab,Noise
train/noise/720e9c678f087317_w07.png,720e9c678f087317,7,Lab,Noise
train/noise/720e9c678f087317_w09.png,720e9c678f087317,9,Lab,Noise
train/noise/720e9c678f087317_w12.png,720e9c678f087317,12,Lab,Noise
train/noise/720e9c678f087317_w14.png,720e9c678f087317,14,Lab,Noise
train/noise/720e9c678f087317_w17.png,720e9c678f087317,17,Lab,Noise
train/noise/720e9c678f087317_w19.png,720e9c678f087317,19,Lab,Noise
train/noise/720e9c678f087317_w23.png,720e9c678f087317,23,Lab,Noise
train/noise/723420f566a92783_w01.png,723420f566a92783,1,Field,Noise
train/noise/723420f566a92783_w14.png,723420f566a92783,14,Field,Noise
train/noise/723420f566a92783_w15.png,723420f566a92783,15,Field,Noise
train/noise/723420f566a92783_w19.png,723420f566a92783,19,Field,Noise
train/noise/723420f566a92783_w20.png,723420f566a92783,20,Field,Noise
train/noise/723420f566a92783_w21.png,723420f566a92783,21,Field,Noise
train/noise/723420f566a92783_w22.png,723420f566a92783,22,Field,Noise
train/noise/723420f566a92783_w26.png,723420f566a92783,26,Field,Noise
train/noise/732fff371ee9d84b_w01.png,732fff371ee9d84b,1,Field,Noise
train/noise/732fff371ee9d84b_w03.png,732fff371ee9d84b,3,Field,Noise
train/noise/732fff371ee9d84b_w04.png,732fff371ee9d84b,4,Field,Noise
train/noise/732fff371ee9d84b_w07.png,732fff371ee9d84b,7,Field,Noise
train/noise/732fff371ee9d84b_w08.png,732fff371ee9d84b,8,Field,Noise
train/noise/732fff371ee9d84b_w12.png,732fff371ee9d84b,12,Field,Noise
train/noise/732fff371ee9d84b_w16.png,732fff371ee9d84b,16,Field,Noise
train/noise/732fff371ee9d84b_w20.png,732fff371ee9d84b,20,Field,Noise
train/noise/73454e7bfc085f31_w01.png,73454e7bfc085f31,1,Field,Noise
train/noise/73454e7bfc085f31_w03.png,73454e7bfc085f31,3,Field,Noise
train/noise/73454e7bfc085f31_w05.png,73454e7bfc085f31,5,Field,Noise
train/noise/73454e7bfc085f31_w10.png,73454e7bfc085f31,10,Field,Noise
train/noise/73454e7bfc085f31_w15.png,73454e7bfc085f31,15,Field,Noise
train/noise/73454e7bfc085f31_w19.png,73454e7bfc085f31,19,Field,Noise
train/noise/73454e7bfc085f31_w20.png,73454e7bfc085f31,20,Field,Noise
train/noise/73454e7bfc085f31_w25.png,73454e7bfc085f31,25,Field,Noise
train/noise/7376db02d8e6e30e_w00.png,7376db02d8e6e30e,0,Field,Noise
train/noise/7376db02d8e6e30e_w13.png,7376db02d8e6e30e,13,Field,Noise
train/noise/7376db02d8e6e30e_w20.png,7376db02d8e6e30e,20,Field,Noise
train/noise/7376db02d8e6e30e_w21.png,7376db02d8e6e30e,21,Field,Noise
train/noise/7376db02d8e6e30e_w22.png,7376db02d8e6e30e,22,Field,Noise
train/noise/7376db02d8e6e30e_w23.png,7376db02d8e6e30e,23,Field,Noise
train/noise/7376db02d8e6e30e_w24.png,7376db02d8e6e30e,24,Field,Noise
train/noise/7376db02d8e6e30e_w25.png,7376db02d8e6e30e,25,Field,Noise
train/noise/73d286ae964d689d_w03.png,73d286ae964d689d,3,Lab,Noise
train/noise/73d286ae964d689d_w14.png,73d286ae964d689d,14,Lab,Noise
train/noise/73d286ae964d689d_w15.png,73d286ae964d689d,15,Lab,Noise
train/noise/73d286ae964d689d_w16.png,73d286ae964d689d,16,Lab,Noise
train/noise/73d286ae964d689d_w18.png,73d286ae964d689d,18,Lab,Noise
train/noise/73d286ae964d689d_w20.png,73d286ae964d689d,20,Lab,Noise
train/noise/73d286ae964d689d_w26.png,73d286ae964d689d,26,Lab,Noise
train/noise/73d286ae964d689d_w27.png,73d286ae964d689d,27,Lab,Noise
train/noise/7423c25947e11b92_w01.png,7423c25947e11b92,1,Field,Noise
train/noise/7423c25947e11b92_w06.png,7423c25947e11b92,6,Field,Noise
train/noise/7423c25947e11b92_w09.png,7423c25947e11b92,9,Field,Noise
train/noise/7423c25947e11b92_w18.png,7423c25947e11b92,18,Field,Noise
train/noise/7423c25947e11b92_w19.png,7423c25947e11b92,19,Field,Noise
train/noise/7423c25947e11b92_w24.png,7423c25947e11b92,24,Field,Noise
train/noise/7423c25947e11b92_w25.png,7423c25947e11b92,25,Field,Noise
train/noise/7423c25947e11b92_w27.png,7423c25947e11b92,27,Field,Noise
train/noise/7478fc32572d8ebb_w02.png,7478fc32572d8ebb,2,Field,Noise
train/noise/7478fc32572d8ebb_w07.png,7478fc32572d8ebb,7,Field,Noise
train/noise/7478fc32572d8ebb_w12.png,7478fc32572d8ebb,12,Field,Noise
train/noise/7478fc32572d8ebb_w18.png,7478fc32572d8ebb,18,Field,Noise
train/noise/7478fc32572d8ebb_w19.png,7478fc32572d8ebb,19,Field,Noise
train/noise/7478fc32572d8ebb_w20.png,7478fc32572d8ebb,20,Field,Noise
train/noise/7478fc32572d8ebb_w22.png,7478fc32572d8ebb,22,Field,Noise
train/noise/7478fc32572d8ebb_w27.png,7478fc32572d8ebb,27,Field,Noise
train/noise/749e0426d8119595_w01.png,749e0426d8119595,1,Field,Noise
train/noise/749e0426d8119595_w02.png,749e0426d8119595,2,Field,Noise
train/noise/749e0426d8119595_w05.png,749e0426d8119595,5,Field,Noise
train/noise/749e0426d8119595_w07.png,749e0426d8119595,7,Field,Noise
train/noise/749e0426d8119595_w09.png,749e0426d8119595,9,Field,Noise
train/noise/749e0426d8119595_w23.png,749e0426d8119595,23,Field,Noise
train/noise/749e0426d8119595_w24.png,749e0426d8119595,24,Field,Noise
train/noise/749e0426d8119595_w25.png,749e0426d8119595,25,Field,Noise
train/noise/74d3f7042a96df5b_w04.png,74d3f7042a96df5b,4,Field,Noise
train/noise/74d3f7042a96df5b_w05.png,74d3f7042a96df5b,5,Field,Noise
train/noise/74d3f7042a96df5b_w10.png,74d3f7042a96df5b,10,Field,Noise
train/noise/74d3f7042a96df5b_w18.png,74d3f7042a96df5b,18,Field,Noise
train/noise/74d3f7042a96df5b_w22.png,74d3f7042a96df5b,22,Field,Noise
train/noise/74d3f7042a96df5b_w24.png,74d3f7042a96df5b,24,Field,Noise
train/noise/74d3f7042a96df5b_w25.png,74d3f7042a96df5b,25,Field,Noise
train/noise/74d3f7042a96df5b_w27.png,74d3f7042a96df5b,27,Field,Noise
train/noise/74fa5bf776ecc7b5_w01.png,74fa5bf776ecc7b5,1,Field,Noise
train/noise/74fa5bf776ecc7b5_w03.png,74fa5bf776ecc7b5,3,Field,Noise
train/noise/74fa5bf776ecc7b5_w04.png,74fa5bf776ecc7b5,4,Field,Noise
train/noise/74fa5bf776ecc7b5_w05.png,74fa5bf776ecc7b5,5,Field,Noise
train/noise/74fa5bf776ecc7b5_w06.png,74fa5bf776ecc7b5,6,Field,Noise
train/noise/74fa5bf776ecc7b5_w16.png,74fa5bf776ecc7b5,16,Field,Noise
train/noise/74fa5bf776ecc7b5_w19.png,74fa5bf776ecc7b5,19,Field,Noise
train/noise/74fa5bf776ecc7b5_w21.png,74fa5bf776ecc7b5,21,Field,Noise
train/noise/751c822b2ddff60e_w04.png,751c822b2ddff60e,4,Field,Noise
train/noise/751c822b2ddff60e_w07.png,751c822b2ddff60e,7,Field,Noise
train/noise/751c822b2ddff60e_w08.png,751c822b2ddff60e,8,Field,Noise
train/noise/751c822b2ddff60e_w12.png,751c822b2ddff60e,12,Field,Noise
train/noise/751c822b2ddff60e_w21.png,751c822b2ddff60e,21,Field,Noise
train/noise/751c822b2ddff60e_w23.png,751c822b2ddff60e,23,Field,Noise
train/noise/751c822b2ddff60e_w25.png,751c822b2ddff60e,25,Field,Noise
train/noise/751c822b2ddff60e_w26.png,751c822b2ddff60e,26,Field,Noise
train/noise/753d4ba35e5bbe8a_w00.png,753d4ba35e5bbe8a,0,Field,Noise
train/noise/753d4ba35e5bbe8a_w02.png,753d4ba35e5bbe8a,2,Field,Noise
train/noise/753d4ba35e5bbe8a_w03.png,753d4ba35e5bbe8a,3,Field,Noise
train/noise/753d4ba35e5bbe8a_w05.png,753d4ba35e5bbe8a,5,Field,Noise
train/noise/753d4ba35e5bbe8a_w12.png,753d4ba35e5bbe8a,12,Field,Noise
train/noise/753d4ba35e5bbe8a_w15.png,753d4ba35e5bbe8a,15,Field,Noise
train/noise/753d4ba35e5bbe8a_w21.png,753d4ba35e5bbe8a,21,Field,Noise
train/noise/753d4ba35e5bbe8a_w26.png,753d4ba35e5bbe8a,26,Field,Noise
train/noise/75a27143f4e1002f_w06.png,75a27143f4e1002f,6,Field,Noise
train/noise/75a27143f4e1002f_w07.png,75a27143f4e1002f,7,Field,Noise
train/noise/75a27143f4e1002f_w11.png,75a27143f4e1002f,11,Field,Noise
train/noise/75a27143f4e1002f_w14.png,75a27143f4e1002f,14,Field,Noise
train/noise/75a27143f4e1002f_w17.png,75a27143f4e1002f,17,Field,Noise
train/noise/75a27143f4e1002f_w19.png,75a27143f4e1002f,19,Field,Noise
train/noise/75a27143f4e1002f_w20.png,75a27143f4e1002f,20,Field,Noise
train/noise/75a27143f4e1002f_w22.png,75a27143f4e1002f,22,Field,Noise
train/noise/75f193b06b9dc69a_w02.png,75f193b06b9dc69a,2,Lab,Noise
train/noise/75f193b06b9dc69a_w05.png,75f193b06b9dc69a,5,Lab,Noise
train/noise/75f193b06b9dc69a_w07.png,75f193b06b9dc69a,7,Lab,Noise
train/noise/75f193b06b9dc69a_w14.png,75f193b06b9dc69a,14,Lab,Noise
train/noise/75f193b06b9dc69a_w17.png,75f193b06b9dc69a,17,Lab,Noise
train/noise/75f193b06b9dc69a_w19.png,75f193b06b9dc69a,19,Lab,Noise
train/noise/75f193b06b9dc69a_w21.png,75f193b06b9dc69a,21,Lab,Noise
train/noise/75f193b06b9dc69a_w27.png,75f193b06b9dc69a,27,Lab,Noise
train/noise/75fbd5dcd934674f_w00.png,75fbd5dcd934674f,0,Field,Noise
train/noise/75fbd5dcd934674f_w04.png,75fbd5dcd934674f,4,Field,Noise
train/noise/75fbd5dcd934674f_w11.png,75fbd5dcd934674f,11,Field,Noise
train/noise/75fbd5dcd934674f_w12.png,75fbd5dcd934674f,12,Field,Noise
train/noise/75fbd5dcd934674f_w14.png,75fbd5dcd934674f,14,Field,Noise
train/noise/75fbd5dcd934674f_w15.png,75fbd5dcd934674f,15,Field,Noise
train/noise/75fbd5dcd934674f_w18.png,75fbd5dcd934674f,18,Field,Noise
train/noise/75fbd5dcd934674f_w26.png,75fbd5dcd934674f,26,Field,Noise
train/noise/762a6d46f474f139_w00.png,762a6d46f474f139,0,Lab,Noise
train/noise/762a6d46f474f139_w03.png,762a6d46f474f139,3,Lab,Noise
train/noise/762a6d46f474f139_w06.png,762a6d46f474f139,6,Lab,Noise
train/noise/762a6d46f474f139_w10.png,762a6d46f474f139,10,Lab,Noise
train/noise/762a6d46f474f139_w15.png,762a6d46f474f139,15,Lab,Noise
train/noise/762a6d46f474f139_w20.png,762a6d46f474f139,20,Lab,Noise
train/noise/762a6d46f474f139_w21.png,762a6d46f474f139,21,Lab,Noise
train/noise/762a6d46f474f139_w24.png,762a6d46f474f139,24,Lab,Noise
train/noise/7692f19b2866e0d6_w00.png,7692f19b2866e0d6,0,Field,Noise
train/noise/7692f19b2866e0d6_w03.png,7692f19b2866e0d6,3,Field,Noise
train/noise/7692f19b2866e0d6_w05.png,7692f19b2866e0d6,5,Field,Noise
train/noise/7692f19b2866e0d6_w07.png,7692f19b2866e0d6,7,Field,Noise
train/noise/7692f19b2866e0d6_w16.png,7692f19b2866e0d6,16,Field,Noise
train/noise/7692f19b2866e0d6_w20.png,7692f19b2866e0d6,20,Field,Noise
train/noise/7692f19b2866e0d6_w23.png,7692f19b2866e0d6,23,Field,Noise
train/noise/7692f19b2866e0d6_w25.png,7692f19b2866e0d6,25,Field,Noise
train/noise/76e2d339b097d8f8_w12.png,76e2d339b097d8f8,12,Field,Noise
train/noise/76e2d339b097d8f8_w13.png,76e2d339b097d8f8,13,Field,Noise
train/noise/76e2d339b097d8f8_w17.png,76e2d339b097d8f8,17,Field,Noise
train/noise/76e2d339b097d8f8_w19.png,76e2d339b097d8f8,19,Field,Noise
train/noise/76e2d339b097d8f8_w21.png,76e2d339b097d8f8,21,Field,Noise
train/noise/76e2d339b097d8f8_w23.png,76e2d339b097d8f8,23,Field,Noise
train/noise/76e2d339b097d8f8_w24.png,76e2d339b097d8f8,24,Field,Noise
train/noise/76e2d339b097d8f8_w27.png,76e2d339b097d8f8,27,Field,Noise
train/noise/7702527f5a1f3bfc_w03.png,7702527f5a1f3bfc,3,Field,Noise
train/noise/7702527f5a1f3bfc_w05.png,7702527f5a1f3bfc,5,Field,Noise
train/noise/7702527f5a1f3bfc_w09.png,7702527f5a1f3bfc,9,Field,Noise
train/noise/7702527f5a1f3bfc_w12.png,7702527f5a1f3bfc,12,Field,Noise
train/noise/7702527f5a1f3bfc_w17.png,7702527f5a1f3bfc,17,Field,Noise
train/noise/7702527f5a1f3bfc_w25.png,7702527f5a1f3bfc,25,Field,Noise
train/noise/7702527f5a1f3bfc_w26.png,7702527f5a1f3bfc,26,Field,Noise
train/noise/7702527f5a1f3bfc_w27.png,7702527f5a1f3bfc,27,Field,Noise
train/noise/779387ab287e2737_w00.png,779387ab287e2737,0,Field,Noise
train/noise/779387ab287e2737_w01.png,779387ab287e2737,1,Field,Noise
train/noise/779387ab287e2737_w11.png,779387ab287e2737,11,Field,Noise
train/noise/779387ab287e2737_w12.png,779387ab287e2737,12,Field,Noise
train/noise/779387ab287e2737_w17.png,779387ab287e2737,17,Field,Noise
train/noise/779387ab287e2737_w20.png,779387ab287e2737,20,Field,Noise
train/noise/779387ab287e2737_w21.png,779387ab287e2737,21,Field,Noise
train/noise/779387ab287e2737_w27.png,779387ab287e2737,27,Field,Noise
train/noise/77ac3c3a87270c04_w01.png,77ac3c3a87270c04,1,Lab,Noise
train/noise/77ac3c3a87270c04_w05.png,77ac3c3a87270c04,5,Lab,Noise
train/noise/77ac3c3a87270c04_w08.png,77ac3c3a87270c04,8,Lab,Noise
train/noise/77ac3c3a87270c04_w11.png,77ac3c3a87270c04,11,Lab,Noise
train/noise/77ac3c3a87270c04_w13.png,77ac3c3a87270c04,13,Lab,Noise
train/noise/77ac3c3a87270c04_w16.png,77ac3c3a87270c04,16,Lab,Noise
train/noise/77ac3c3a87270c04_w20.png,77ac3c3a87270c04,20,Lab,Noise
train/noise/77ac3c3a87270c04_w26.png,77ac3c3a87270c04,26,Lab,Noise
train/noise/77f296c12d31b600_w03.png,77f296c12d31b600,3,Field,Noise
train/noise/77f296c12d31b600_w04.png,77f296c12d31b600,4,Field,Noise
train/noise/77f296c12d31b600_w06.png,77f296c12d31b600,6,Field,Noise
train/noise/77f296c12d31b600_w09.png,77f296c12d31b600,9,Field,Noise
train/noise/77f296c12d31b600_w13.png,77f296c12d31b600,13,Field,Noise
train/noise/77f296c12d31b600_w14.png,77f296c12d31b600,14,Field,Noise
train/noise/77f296c12d31b600_w15.png,77f296c12d31b600,15,Field,Noise
train/noise/77f296c12d31b600_w25.png,77f296c12d31b600,25,Field,Noise
train/noise/787a91851ed98ea5_w01.png,787a91851ed98ea5,1,Field,Noise
train/noise/787a91851ed98ea5_w02.png,787a91851ed98ea5,2,Field,Noise
train/noise/787a91851ed98ea5_w04.png,787a91851ed98ea5,4,Field,Noise
train/noise/787a91851ed98ea5_w07.png,787a91851ed98ea5,7,Field,Noise
train/noise/787a91851ed98ea5_w10.png,787a91851ed98ea5,10,Field,Noise
train/noise/787a91851ed98ea5_w17.png,787a91851ed98ea5,17,Field,Noise
train/noise/787a91851ed98ea5_w19.png,787a91851ed98ea5,19,Field,Noise
train/noise/787a91851ed98ea5_w20.png,787a91851ed98ea5,20,Field,Noise
train/noise/7887ff990a857023_w00.png,7887ff990a857023,0,Field,Noise
train/noise/7887ff990a857023_w02.png,7887ff990a857023,2,Field,Noise
train/noise/7887ff990a857023_w09.png,7887ff990a857023,9,Field,Noise
train/noise/7887ff990a857023_w17.png,7887ff990a857023,17,Field,Noise
train/noise/7887ff990a857023_w19.png,7887ff990a857023,19,Field,Noise
train/noise/7887ff990a857023_w24.png,7887ff990a857023,24,Field,Noise
train/noise/7887ff990a857023_w25.png,7887ff990a857023,25,Field,Noise
train/noise/7887ff990a857023_w26.png,7887ff990a857023,26,Field,Noise
train/noise/794a2ad451a34528_w02.png,794a2ad451a34528,2,Field,Noise
train/noise/794a2ad451a34528_w09.png,794a2ad451a34528,9,Field,Noise
train/noise/794a2ad451a34528_w19.png,794a2ad451a34528,19,Field,Noise
train/noise/794a2ad451a34528_w20.png,794a2ad451a34528,20,Field,Noise
train/noise/794a2ad451a34528_w22.png,794a2ad451a34528,22,Field,Noise
train/noise/794a2ad451a34528_w23.png,794a2ad451a34528,23,Field,Noise
train/noise/794a2ad451a34528_w25.png,794a2ad451a34528,25,Field,Noise
train/noise/794a2ad451a34528_w27.png,794a2ad451a34528,27,Field,Noise
train/noise/79c7d75f4902c991_w00.png,79c7d75f4902c991,0,Field,Noise
train/noise/79c7d75f4902c991_w04.png,79c7d75f4902c991,4,Field,Noise
train/noise/79c7d75f4902c991_w07.png,79c7d75f4902c991,7,Field,Noise
train/noise/79c7d75f4902c991_w10.png,79c7d75f4902c991,10,Field,Noise
train/noise/79c7d75f4902c991_w16.png,79c7d75f4902c991,16,Field,Noise
train/noise/79c7d75f4902c991_w18.png,79c7d75f4902c991,18,Field,Noise
train/noise/79c7d75f4902c991_w20.png,79c7d75f4902c991,20,Field,Noise
train/noise/79c7d75f4902c991_w22.png,79c7d75f4902c991,22,Field,Noise
train/noise/79d4de435823c25f_w01.png,79d4de435823c25f,1,Field,Noise
train/noise/79d4de435823c25f_w05.png,79d4de435823c25f,5,Field,Noise
train/noise/79d4de435823c25f_w08.png,79d4de435823c25f,8,Field,Noise
train/noise/79d4de435823c25f_w10.png,79d4de435823c25f,10,Field,Noise
train/noise/79d4de435823c25f_w12.png,79d4de435823c25f,12,Field,Noise
train/noise/79d4de435823c25f_w19.png,79d4de435823c25f,19,Field,Noise
train/noise/79d4de435823c25f_w20.png,79d4de435823c25f,20,Field,Noise
train/noise/79d4de435823c25f_w25.png,79d4de435823c25f,25,Field,Noise
train/noise/7a4ca097159465b1_w00.png,7a4ca097159465b1,0,Lab,Noise
train/noise/7a4ca097159465b1_w01.png,7a4ca097159465b1,1,Lab,Noise
train/noise/7a4ca097159465b1_w02.png,7a4ca097159465b1,2,Lab,Noise
train/noise/7a4ca097159465b1_w04.png,7a4ca097159465b1,4,Lab,Noise
train/noise/7a4ca097159465b1_w05.png,7a4ca097159465b1,5,Lab,Noise
train/noise/7a4ca097159465b1_w09.png,7a4ca097159465b1,9,Lab,Noise
train/noise/7a4ca097159465b1_w17.png,7a4ca097159465b1,17,Lab,Noise
train/noise/7a4ca097159465b1_w20.png,7a4ca097159465b1,20,Lab,Noise
train/noise/7a6490177b5a4f35_w06.png,7a6490177b5a4f35,6,Field,Noise
train/noise/7a6490177b5a4f35_w07.png,7a6490177b5a4f35,7,Field,Noise
train/noise/7a6490177b5a4f35_w12.png,7a6490177b5a4f35,12,Field,Noise
train/noise/7a6490177b5a4f35_w18.png,7a6490177b5a4f35,18,Field,Noise
train/noise/7a6490177b5a4f35_w19.png,7a6490177b5a4f35,19,Field,Noise
train/noise/7a6490177b5a4f35_w21.png,7a6490177b5a4f35,21,Field,Noise
train/noise/7a6490177b5a4f35_w24.png,7a6490177b5a4f35,24,Field,Noise
train/noise/7a6490177b5a4f35_w25.png,7a6490177b5a4f35,25,Field,Noise
train/noise/7abc8f550bbb7f7f_w01.png,7abc8f550bbb7f7f,1,Field,Noise
train/noise/7abc8f550bbb7f7f_w02.png,7abc8f550bbb7f7f,2,Field,Noise
train/noise/7abc8f550bbb7f7f_w03.png,7abc8f550bbb7f7f,3,Field,Noise
train/noise/7abc8f550bbb7f7f_w09.png,7abc8f550bbb7f7f,9,Field,Noise
train/noise/7abc8f550bbb7f7f_w12.png,7abc8f550bbb7f7f,12,Field,Noise
train/noise/7abc8f550bbb7f7f_w15.png,7abc8f550bbb7f7f,15,Field,Noise
train/noise/7abc8f550bbb7f7f_w17.png,7abc8f550bbb7f7f,17,Field,Noise
train/noise/7abc8f550bbb7f7f_w27.png,7abc8f550bbb7f7f,27,Field,Noise
train/noise/7b68eab2330dc4b2_w04.png,7b68eab2330dc4b2,4,Field,Noise
train/noise/7b68eab2330dc4b2_w08.png,7b68eab2330dc4b2,8,Field,Noise
train/noise/7b68eab2330dc4b2_w09.png,7b68eab2330dc4b2,9,Field,Noise
train/noise/7b68eab2330dc4b2_w11.png,7b68eab2330dc4b2,11,Field,Noise
train/noise/7b68eab2330dc4b2_w12.png,7b68eab2330dc4b2,12,Field,Noise
train/noise/7b68eab2330dc4b2_w19.png,7b68eab2330dc4b2,19,Field,Noise
train/noise/7b68eab2330dc4b2_w25.png,7b68eab2330dc4b2,25,Field,Noise
train/noise/7b68eab2330dc4b2_w26.png,7b68eab2330dc4b2,26,Field,Noise
train/noise/7b6e9cd5d776d92a_w00.png,7b6e9cd5d776d92a,0,Field,Noise
train/noise/7b6e9cd5d776d92a_w01.png,7b6e9cd5d776d92a,1,Field,Noise
train/noise/7b6e9cd5d776d92a_w02.png,7b6e9cd5d776d92a,2,Field,Noise
train/noise/7b6e9cd5d776d92a_w05.png,7b6e9cd5d776d92a,5,Field,Noise
train/noise/7b6e9cd5d776d92a_w21.png,7b6e9cd5d776d92a,21,Field,Noise
train/noise/7b6e9cd5d776d92a_w22.png,7b6e9cd5d776d92a,22,Field,Noise
train/noise/7b6e9cd5d776d92a_w24.png,7b6e9cd5d776d92a,24,Field,Noise
train/noise/7b6e9cd5d776d92a_w27.png,7b6e9cd5d776d92a,27,Field,Noise
train/noise/7b9ef13c0f0628be_w00.png,7b9ef13c0f0628be,0,Field,Noise
train/noise/7b9ef13c0f0628be_w05.png,7b9ef13c0f0628be,5,Field,Noise
train/noise/7b9ef13c0f0628be_w06.png,7b9ef13c0f0628be,6,Field,Noise
train/noise/7b9ef13c0f0628be_w13.png,7b9ef13c0f0628be,13,Field,Noise
train/noise/7b9ef13c0f0628be_w18.png,7b9ef13c0f0628be,18,Field,Noise
train/noise/7b9ef13c0f0628be_w19.png,7b9ef13c0f0628be,19,Field,Noise
train/noise/7b9ef13c0f0628be_w22.png,7b9ef13c0f0628be,22,Field,Noise
train/noise/7b9ef13c0f0628be_w24.png,7b9ef13c0f0628be,24,Field,Noise
train/noise/7bc14c77fb79be93_w00.png,7bc14c77fb79be93,0,Field,Noise
train/noise/7bc14c77fb79be93_w05.png,7bc14c77fb79be93,5,Field,Noise
train/noise/7bc14c77fb79be93_w07.png,7bc14c77fb79be93,7,Field,Noise
train/noise/7bc14c77fb79be93_w08.png,7bc14c77fb79be93,8,Field,Noise
train/noise/7bc14c77fb79be93_w13.png,7bc14c77fb79be93,13,Field,Noise
train/noise/7bc14c77fb79be93_w15.png,7bc14c77fb79be93,15,Field,Noise
train/noise/7bc14c77fb79be93_w17.png,7bc14c77fb79be93,17,Field,Noise
train/noise/7bc14c77fb79be93_w22.png,7bc14c77fb79be93,22,Field,Noise
train/noise/7c456f270e9d6e66_w01.png,7c456f270e9d6e66,1,Field,Noise
train/noise/7c456f270e9d6e66_w02.png,7c456f270e9d6e66,2,Field,Noise
train/noise/7c456f270e9d6e66_w06.png,7c456f270e9d6e66,6,Field,Noise
train/noise/7c456f270e9d6e66_w08.png,7c456f270e9d6e66,8,Field,Noise
train/noise/7c456f270e9d6e66_w13.png,7c456f270e9d6e66,13,Field,Noise
train/noise/7c456f270e9d6e66_w15.png,7c456f270e9d6e66,15,Field,Noise
train/noise/7c456f270e9d6e66_w20.png,7c456f270e9d6e66,20,Field,Noise
train/noise/7c456f270e9d6e66_w26.png,7c456f270e9d6e66,26,Field,Noise
train/noise/7c768ff6b8555516_w02.png,7c768ff6b8555516,2,Field,Noise
train/noise/7c768ff6b8555516_w04.png,7c768ff6b8555516,4,Field,Noise
train/noise/7c768ff6b8555516_w05.png,7c768ff6b8555516,5,Field,Noise
train/noise/7c768ff6b8555516_w08.png,7c768ff6b8555516,8,Field,Noise
train/noise/7c768ff6b8555516_w09.png,7c768ff6b8555516,9,Field,Noise
train/noise/7c768ff6b8555516_w12.png,7c768ff6b8555516,12,Field,Noise
train/noise/7c768ff6b8555516_w15.png,7c768ff6b8555516,15,Field,Noise
train/noise/7c768ff6b8555516_w16.png,7c768ff6b8555516,16,Field,Noise
train/noise/7ce787c8c375d462_w00.png,7ce787c8c375d462,0,Field,Noise
train/noise/7ce787c8c375d462_w11.png,7ce787c8c375d462,11,Field,Noise
train/noise/7ce787c8c375d462_w15.png,7ce787c8c375d462,15,Field,Noise
train/noise/7ce787c8c375d462_w16.png,7ce787c8c375d462,16,Field,Noise
train/noise/7ce787c8c375d462_w20.png,7ce787c8c375d462,20,Field,Noise
train/noise/7ce787c8c375d462_w21.png,7ce787c8c375d462,21,Field,Noise
train/noise/7ce787c8c375d462_w23.png,7ce787c8c375d462,23,Field,Noise
train/noise/7ce787c8c375d462_w24.png,7ce787c8c375d462,24,Field,Noise
train/noise/7d1be0597a86451e_w01.png,7d1be0597a86451e,1,Field,Noise
train/noise/7d1be0597a86451e_w07.png,7d1be0597a86451e,7,Field,Noise
train/noise/7d1be0597a86451e_w10.png,7d1be0597a86451e,10,Field,Noise
train/noise/7d1be0597a86451e_w11.png,7d1be0597a86451e,11,Field,Noise
train/noise/7d1be0597a86451e_w14.png,7d1be0597a86451e,14,Field,Noise
train/noise/7d1be0597a86451e_w18.png,7d1be0597a86451e,18,Field,Noise
train/noise/7d1be0597a86451e_w26.png,7d1be0597a86451e,26,Field,Noise
train/noise/7d1be0597a86451e_w27.png,7d1be0597a86451e,27,Field,Noise
train/noise/7d8c440c52d222fe_w03.png,7d8c440c52d222fe,3,Lab,Noise
train/noise/7d8c440c52d222fe_w09.png,7d8c440c52d222fe,9,Lab,Noise
train/noise/7d8c440c52d222fe_w10.png,7d8c440c52d222fe,10,Lab,Noise
train/noise/7d8c440c52d222fe_w11.png,7d8c440c52d222fe,11,Lab,Noise
train/noise/7d8c440c52d222fe_w16.png,7d8c440c52d222fe,16,Lab,Noise
train/noise/7d8c440c52d222fe_w17.png,7d8c440c52d222fe,17,Lab,Noise
train/noise/7d8c440c52d222fe_w21.png,7d8c440c52d222fe,21,Lab,Noise
train/noise/7d8c440c52d222fe_w22.png,7d8c440c52d222fe,22,Lab,Noise
train/noise/7da44ed9e33ea63d_w04.png,7da44ed9e33ea63d,4,Field,Noise
train/noise/7da44ed9e33ea63d_w05.png,7da44ed9e33ea63d,5,Field,Noise
train/noise/7da44ed9e33ea63d_w07.png,7da44ed9e33ea63d,7,Field,Noise
train/noise/7da44ed9e33ea63d_w11.png,7da44ed9e33ea63d,11,Field,Noise
train/noise/7da44ed9e33ea63d_w19.png,7da44ed9e33ea63d,19,Field,Noise
train/noise/7da44ed9e33ea63d_w21.png,7da44ed9e33ea63d,21,Field,Noise
train/noise/7da44ed9e33ea63d_w22.png,7da44ed9e33ea63d,22,Field,Noise
train/noise/7da44ed9e33ea63d_w27.png,7da44ed9e33ea63d,27,Field,Noise
train/noise/7ea138b725618702_w00.png,7ea138b725618702,0,Field,Noise
train/noise/7ea138b725618702_w02.png,7ea138b725618702,2,Field,Noise
train/noise/7ea138b725618702_w04.png,7ea138b725618702,4,Field,Noise
train/noise/7ea138b725618702_w06.png,7ea138b725618702,6,Field,Noise
train/noise/7ea138b725618702_w07.png,7ea138b725618702,7,Field,Noise
train/noise/7ea138b725618702_w11.png,7ea138b725618702,11,Field,Noise
train/noise/7ea138b725618702_w14.png,7ea138b725618702,14,Field,Noise
train/noise/7ea138b725618702_w16.png,7ea138b725618702,16,Field,Noise
train/noise/7eeead391f63a387_w00.png,7eeead391f63a387,0,Field,Noise
train/noise/7eeead391f63a387_w03.png,7eeead391f63a387,3,Field,Noise
train/noise/7eeead391f63a387_w04.png,7eeead391f63a387,4,Field,Noise
train/noise/7eeead391f63a387_w09.png,7eeead391f63a387,9,Field,Noise
train/noise/7eeead391f63a387_w10.png,7eeead391f63a387,10,Field,Noise
train/noise/7eeead391f63a387_w18.png,7eeead391f63a387,18,Field,Noise
train/noise/7eeead391f63a387_w20.png,7eeead391f63a387,20,Field,Noise
train/noise/7eeead391f63a387_w25.png,7eeead391f63a387,25,Field,Noise
train/noise/7efdd9f0fd2717f2_w00.png,7efdd9f0fd2717f2,0,Field,Noise
train/noise/7efdd9f0fd2717f2_w08.png,7efdd9f0fd2717f2,8,Field,Noise
train/noise/7efdd9f0fd2717f2_w11.png,7efdd9f0fd2717f2,11,Field,Noise
train/noise/7efdd9f0fd2717f2_w16.png,7efdd9f0fd2717f2,16,Field,Noise
train/noise/7efdd9f0fd2717f2_w18.png,7efdd9f0fd2717f2,18,Field,Noise
train/noise/7efdd9f0fd2717f2_w21.png,7efdd9f0fd2717f2,21,Field,Noise
train/noise/7efdd9f0fd2717f2_w23.png,7efdd9f0fd2717f2,23,Field,Noise
train/noise/7efdd9f0fd2717f2_w25.png,7efdd9f0fd2717f2,25,Field,Noise
train/noise/7f0927a46c0cba49_w00.png,7f0927a46c0cba49,0,Field,Noise
train/noise/7f0927a46c0cba49_w06.png,7f0927a46c0cba49,6,Field,Noise
train/noise/7f0927a46c0cba49_w11.png,7f0927a46c0cba49,11,Field,Noise
train/noise/7f0927a46c0cba49_w14.png,7f0927a46c0cba49,14,Field,Noise
train/noise/7f0927a46c0cba49_w16.png,7f0927a46c0cba49,16,Field,Noise
train/noise/7f0927a46c0cba49_w17.png,7f0927a46c0cba49,17,Field,Noise
train/noise/7f0927a46c0cba49_w18.png,7f0927a46c0cba49,18,Field,Noise
train/noise/7f0927a46c0cba49_w26.png,7f0927a46c0cba49,26,Field,Noise
train/noise/7f1b8cff2b120806_w00.png,7f1b8cff2b120806,0,Lab,Noise
train/noise/7f1b8cff2b120806_w02.png,7f1b8cff2b120806,2,Lab,Noise
train/noise/7f1b8cff2b120806_w07.png,7f1b8cff2b120806,7,Lab,Noise
train/noise/7f1b8cff2b120806_w09.png,7f1b8cff2b120806,9,Lab,Noise
train/noise/7f1b8cff2b120806_w13.png,7f1b8cff2b120806,13,Lab,Noise
train/noise/7f1b8cff2b120806_w19.png,7f1b8cff2b120806,19,Lab,Noise
train/noise/7f1b8cff2b120806_w21.png,7f1b8cff2b120806,21,Lab,Noise
train/noise/7f1b8cff2b120806_w26.png,7f1b8cff2b120806,26,Lab,Noise
train/noise/7fc7670e7fa23174_w01.png,7fc7670e7fa23174,1,Field,Noise
train/noise/7fc7670e7fa23174_w05.png,7fc7670e7fa23174,5,Field,Noise
train/noise/7fc7670e7fa23174_w11.png,7fc7670e7fa23174,11,Field,Noise
train/noise/7fc7670e7fa23174_w13.png,7fc7670e7fa23174,13,Field,Noise
train/noise/7fc7670e7fa23174_w15.png,7fc7670e7fa23174,15,Field,Noise
train/noise/7fc7670e7fa23174_w17.png,7fc7670e7fa23174,17,Field,Noise
train/noise/7fc7670e7fa23174_w20.png,7fc7670e7fa23174,20,Field,Noise
train/noise/7fc7670e7fa23174_w22.png,7fc7670e7fa23174,22,Field,Noise
train/noise/7fca66f90cf98fe7_w03.png,7fca66f90cf98fe7,3,Field,Noise
train/noise/7fca66f90cf98fe7_w06.png,7fca66f90cf98fe7,6,Field,Noise
train/noise/7fca66f90cf98fe7_w07.png,7fca66f90cf98fe7,7,Field,Noise
train/noise/7fca66f90cf98fe7_w10.png,7fca66f90cf98fe7,10,Field,Noise
train/noise/7fca66f90cf98fe7_w16.png,7fca66f90cf98fe7,16,Field,Noise
train/noise/7fca66f90cf98fe7_w20.png,7fca66f90cf98fe7,20,Field,Noise
train/noise/7fca66f90cf98fe7_w21.png,7fca66f90cf98fe7,21,Field,Noise
train/noise/7fca66f90cf98fe7_w24.png,7fca66f90cf98fe7,24,Field,Noise
train/noise/8043741ce693c2bc_w01.png,8043741ce693c2bc,1,Lab,Noise
train/noise/8043741ce693c2bc_w04.png,8043741ce693c2bc,4,Lab,Noise
train/noise/8043741ce693c2bc_w07.png,8043741ce693c2bc,7,Lab,Noise
train/noise/8043741ce693c2bc_w09.png,8043741ce693c2bc,9,Lab,Noise
train/noise/8043741ce693c2bc_w14.png,8043741ce693c2bc,14,Lab,Noise
train/noise/8043741ce693c2bc_w16.png,8043741ce693c2bc,16,Lab,Noise
train/noise/8043741ce693c2bc_w23.png,8043741ce693c2bc,23,Lab,Noise
train/noise/8043741ce693c2bc_w25.png,8043741ce693c2bc,25,Lab,Noise
train/noise/805f4289742c9a72_w01.png,805f4289742c9a72,1,Field,Noise
train/noise/805f4289742c9a72_w02.png,805f4289742c9a72,2,Field,Noise
train/noise/805f4289742c9a72_w05.png,805f4289742c9a72,5,Field,Noise
train/noise/805f4289742c9a72_w06.png,805f4289742c9a72,6,Field,Noise
train/noise/805f4289742c9a72_w08.png,805f4289742c9a72,8,Field,Noise
train/noise/805f4289742c9a72_w12.png,805f4289742c9a72,12,Field,Noise
train/noise/805f4289742c9a72_w21.png,805f4289742c9a72,21,Field,Noise
train/noise/805f4289742c9a72_w23.png,805f4289742c9a72,23,Field,Noise
train/noise/807dc653536aa228_w00.png,807dc653536aa228,0,Field,Noise
train/noise/807dc653536aa228_w03.png,807dc653536aa228,3,Field,Noise
train/noise/807dc653536aa228_w08.png,807dc653536aa228,8,Field,Noise
train/noise/807dc653536aa228_w12.png,807dc653536aa228,12,Field,Noise
train/noise/807dc653536aa228_w13.png,807dc653536aa228,13,Field,Noise
train/noise/807dc653536aa228_w20.png,807dc653536aa228,20,Field,Noise
train/noise/807dc653536aa228_w22.png,807dc653536aa228,22,Field,Noise
train/noise/807dc653536aa228_w24.png,807dc653536aa228,24,Field,Noise
train/noise/8088d9d0e91c826e_w01.png,8088d9d0e91c826e,1,Field,Noise
train/noise/8088d9d0e91c826e_w03.png,8088d9d0e91c826e,3,Field,Noise
train/noise/8088d9d0e91c826e_w05.png,8088d9d0e91c826e,5,Field,Noise
train/noise/8088d9d0e91c826e_w06.png,8088d9d0e91c826e,6,Field,Noise
train/noise/8088d9d0e91c826e_w11.png,8088d9d0e91c826e,11,Field,Noise
train/noise/8088d9d0e91c826e_w16.png,8088d9d0e91c826e,16,Field,Noise
train/noise/8088d9d0e91c826e_w19.png,8088d9d0e91c826e,19,Field,Noise
train/noise/8088d9d0e91c826e_w27.png,8088d9d0e91c826e,27,Field,Noise
train/noise/8096219367bcab79_w00.png,8096219367bcab79,0,Field,Noise
train/noise/8096219367bcab79_w06.png,8096219367bcab79,6,Field,Noise
train/noise/8096219367bcab79_w09.png,8096219367bcab79,9,Field,Noise
train/noise/8096219367bcab79_w14.png,8096219367bcab79,14,Field,Noise
train/noise/8096219367bcab79_w16.png,8096219367bcab79,16,Field,Noise
train/noise/8096219367bcab79_w23.png,8096219367bcab79,23,Field,Noise
train/noise/8096219367bcab79_w25.png,8096219367bcab79,25,Field,Noise
train/noise/8096219367bcab79_w27.png,8096219367bcab79,27,Field,Noise
train/noise/8099cff6b2174b8a_w00.png,8099cff6b2174b8a,0,Field,Noise
train/noise/8099cff6b2174b8a_w02.png,8099cff6b2174b8a,2,Field,Noise
train/noise/8099cff6b2174b8a_w03.png,8099cff6b2174b8a,3,Field,Noise
train/noise/8099cff6b2174b8a_w05.png,8099cff6b2174b8a,5,Field,Noise
train/noise/8099cff6b2174b8a_w19.png,8099cff6b2174b8a,19,Field,Noise
train/noise/8099cff6b2174b8a_w20.png,8099cff6b2174b8a,20,Field,Noise
train/noise/8099cff6b2174b8a_w26.png,8099cff6b2174b8a,26,Field,Noise
train/noise/8099cff6b2174b8a_w27.png,8099cff6b2174b8a,27,Field,Noise
train/noise/80c6c413ee217dd2_w04.png,80c6c413ee217dd2,4,Field,Noise
train/noise/80c6c413ee217dd2_w06.png,80c6c413ee217dd2,6,Field,Noise
train/noise/80c6c413ee217dd2_w16.png,80c6c413ee217dd2,16,Field,Noise
train/noise/80c6c413ee217dd2_w17.png,80c6c413ee217dd2,17,Field,Noise
train/noise/80c6c413ee217dd2_w21.png,80c6c413ee217dd2,21,Field,Noise
train/noise/80c6c413ee217dd2_w25.png,80c6c413ee217dd2,25,Field,Noise
train/noise/80c6c413ee217dd2_w26.png,80c6c413ee217dd2,26,Field,Noise
train/noise/80c6c413ee217dd2_w27.png,80c6c413ee217dd2,27,Field,Noise
train/noise/80db5dd67bd66e8c_w03.png,80db5dd67bd66e8c,3,Field,Noise
train/noise/80db5dd67bd66e8c_w06.png,80db5dd67bd66e8c,6,Field,Noise
train/noise/80db5dd67bd66e8c_w08.png,80db5dd67bd66e8c,8,Field,Noise
train/noise/80db5dd67bd66e8c_w09.png,80db5dd67bd66e8c,9,Field,Noise
train/noise/80db5dd67bd66e8c_w10.png,80db5dd67bd66e8c,10,Field,Noise
train/noise/80db5dd67bd66e8c_w13.png,80db5dd67bd66e8c,13,Field,Noise
train/noise/80db5dd67bd66e8c_w19.png,80db5dd67bd66e8c,19,Field,Noise
train/noise/80db5dd67bd66e8c_w21.png,80db5dd67bd66e8c,21,Field,Noise
train/noise/817a9e5af872e1bb_w00.png,817a9e5af872e1bb,0,Field,Noise
train/noise/817a9e5af872e1bb_w01.png,817a9e5af872e1bb,1,Field,Noise
train/noise/817a9e5af872e1bb_w03.png,817a9e5af872e1bb,3,Field,Noise
train/noise/817a9e5af872e1bb_w04.png,817a9e5af872e1bb,4,Field,Noise
train/noise/817a9e5af872e1bb_w07.png,817a9e5af872e1bb,7,Field,Noise
train/noise/817a9e5af872e1bb_w18.png,817a9e5af872e1bb,18,Field,Noise
train/noise/817a9e5af872e1bb_w22.png,817a9e5af872e1bb,22,Field,Noise
train/noise/817a9e5af872e1bb_w26.png,817a9e5af872e1bb,26,Field,Noise
train/noise/818be87b7fe463c1_w02.png,818be87b7fe463c1,2,Lab,Noise
train/noise/818be87b7fe463c1_w03.png,818be87b7fe463c1,3,Lab,Noise
train/noise/818be87b7fe463c1_w04.png,818be87b7fe463c1,4,Lab,Noise
train/noise/818be87b7fe463c1_w05.png,818be87b7fe463c1,5,Lab,Noise
train/noise/818be87b7fe463c1_w08.png,818be87b7fe463c1,8,Lab,Noise
train/noise/818be87b7fe463c1_w16.png,818be87b7fe463c1,16,Lab,Noise
train/noise/818be87b7fe463c1_w22.png,818be87b7fe463c1,22,Lab,Noise
train/noise/818be87b7fe463c1_w26.png,818be87b7fe463c1,26,Lab,Noise
train/noise/81dbbe4ca2520471_w02.png,81dbbe4ca2520471,2,Field,Noise
train/noise/81dbbe4ca2520471_w06.png,81dbbe4ca2520471,6,Field,Noise
train/noise/81dbbe4ca2520471_w07.png,81dbbe4ca2520471,7,Field,Noise
train/noise/81dbbe4ca2520471_w14.png,81dbbe4ca2520471,14,Field,Noise
train/noise/81dbbe4ca2520471_w18.png,81dbbe4ca2520471,18,Field,Noise
train/noise/81dbbe4ca2520471_w20.png,81dbbe4ca2520471,20,Field,Noise
train/noise/81dbbe4ca2520471_w24.png,81dbbe4ca2520471,24,Field,Noise
train/noise/81dbbe4ca2520471_w27.png,81dbbe4ca2520471,27,Field,Noise
train/noise/828caa686b2bc85a_w01.png,828caa686b2bc85a,1,Lab,Noise
train/noise/828caa686b2bc85a_w02.png,828caa686b2bc85a,2,Lab,Noise
train/noise/828caa686b2bc85a_w12.png,828caa686b2bc85a,12,Lab,Noise
train/noise/828caa686b2bc85a_w13.png,828caa686b2bc85a,13,Lab,Noise
train/noise/828caa686b2bc85a_w20.png,828caa686b2bc85a,20,Lab,Noise
train/noise/828caa686b2bc85a_w21.png,828caa686b2bc85a,21,Lab,Noise
train/noise/828caa686b2bc85a_w25.png,828caa686b2bc85a,25,Lab,Noise
train/noise/828caa686b2bc85a_w27.png,828caa686b2bc85a,27,Lab,Noise
train/noise/82c43b37617174e5_w07.png,82c43b37617174e5,7,Field,Noise
train/noise/82c43b37617174e5_w11.png,82c43b37617174e5,11,Field,Noise
train/noise/82c43b37617174e5_w13.png,82c43b37617174e5,13,Field,Noise
train/noise/82c43b37617174e5_w16.png,82c43b37617174e5,16,Field,Noise
train/noise/82c43b37617174e5_w18.png,82c43b37617174e5,18,Field,Noise
train/noise/82c43b37617174e5_w22.png,82c43b37617174e5,22,Field,Noise
train/noise/82c43b37617174e5_w23.png,82c43b37617174e5,23,Field,Noise
train/noise/82c43b37617174e5_w27.png,82c43b37617174e5,27,Field,Noise
train/noise/832947b6227fb364_w01.png,832947b6227fb364,1,Field,Noise
train/noise/832947b6227fb364_w02.png,832947b6227fb364,2,Field,Noise
train/noise/832947b6227fb364_w10.png,832947b6227fb364,10,Field,Noise
train/noise/832947b6227fb364_w13.png,832947b6227fb364,13,Field,Noise
train/noise/832947b6227fb364_w15.png,832947b6227fb364,15,Field,Noise
train/noise/832947b6227fb364_w19.png,832947b6227fb364,19,Field,Noise
train/noise/832947b6227fb364_w24.png,832947b6227fb364,24,Field,Noise
train/noise/832947b6227fb364_w26.png,832947b6227fb364,26,Field,Noise
train/noise/8342d9e7c9899e10_w03.png,8342d9e7c9899e10,3,Field,Noise
train/noise/8342d9e7c9899e10_w08.png,8342d9e7c9899e10,8,Field,Noise
train/noise/8342d9e7c9899e10_w09.png,8342d9e7c9899e10,9,Field,Noise
train/noise/8342d9e7c9899e10_w12.png,8342d9e7c9899e10,12,Field,Noise
train/noise/8342d9e7c9899e10_w13.png,8342d9e7c9899e10,13,Field,Noise
train/noise/8342d9e7c9899e10_w14.png,8342d9e7c9899e10,14,Field,Noise
train/noise/8342d9e7c9899e10_w24.png,8342d9e7c9899e10,24,Field,Noise
train/noise/8342d9e7c9899e10_w25.png,8342d9e7c9899e10,25,Field,Noise
train/noise/834cbd73629d5b98_w04.png,834cbd73629d5b98,4,Field,Noise
train/noise/834cbd73629d5b98_w07.png,834cbd73629d5b98,7,Field,Noise
train/noise/834cbd73629d5b98_w08.png,834cbd73629d5b98,8,Field,Noise
train/noise/834cbd73629d5b98_w13.png,834cbd73629d5b98,13,Field,Noise
train/noise/834cbd73629d5b98_w17.png,834cbd73629d5b98,17,Field,Noise
train/noise/834cbd73629d5b98_w20.png,834cbd73629d5b98,20,Field,Noise
train/noise/834cbd73629d5b98_w25.png,834cbd73629d5b98,25,Field,Noise
train/noise/834cbd73629d5b98_w26.png,834cbd73629d5b98,26,Field,Noise
train/noise/8353b30dc246a408_w00.png,8353b30dc246a408,0,Field,Noise
train/noise/8353b30dc246a408_w02.png,8353b30dc246a408,2,Field,Noise
train/noise/8353b30dc246a408_w03.png,8353b30dc246a408,3,Field,Noise
train/noise/8353b30dc246a408_w07.png,8353b30dc246a408,7,Field,Noise
train/noise/8353b30dc246a408_w15.png,8353b30dc246a408,15,Field,Noise
train/noise/8353b30dc246a408_w21.png,8353b30dc246a408,21,Field,Noise
train/noise/8353b30dc246a408_w25.png,8353b30dc246a408,25,Field,Noise
train/noise/8353b30dc246a408_w27.png,8353b30dc246a408,27,Field,Noise
train/noise/84685eaa80704a1a_w06.png,84685eaa80704a1a,6,Field,Noise
train/noise/84685eaa80704a1a_w07.png,84685eaa80704a1a,7,Field,Noise
train/noise/84685eaa80704a1a_w08.png,84685eaa80704a1a,8,Field,Noise
train/noise/84685eaa80704a1a_w10.png,84685eaa80704a1a,10,Field,Noise
train/noise/84685eaa80704a1a_w12.png,84685eaa80704a1a,12,Field,Noise
train/noise/84685eaa80704a1a_w14.png,84685eaa80704a1a,14,Field,Noise
train/noise/84685eaa80704a1a_w15.png,84685eaa80704a1a,15,Field,Noise
train/noise/84685eaa80704a1a_w22.png,84685eaa80704a1a,22,Field,Noise
train/noise/8481e77dcd58c32e_w00.png,8481e77dcd58c32e,0,Field,Noise
train/noise/8481e77dcd58c32e_w02.png,8481e77dcd58c32e,2,Field,Noise
train/noise/8481e77dcd58c32e_w03.png,8481e77dcd58c32e,3,Field,Noise
train/noise/8481e77dcd58c32e_w06.png,8481e77dcd58c32e,6,Field,Noise
train/noise/8481e77dcd58c32e_w09.png,8481e77dcd58c32e,9,Field,Noise
train/noise/8481e77dcd58c32e_w14.png,8481e77dcd58c32e,14,Field,Noise
train/noise/8481e77dcd58c32e_w17.png,8481e77dcd58c32e,17,Field,Noise
train/noise/8481e77dcd58c32e_w19.png,8481e77dcd58c32e,19,Field,Noise
train/noise/84ac305ea5f981a6_w03.png,84ac305ea5f981a6,3,Lab,Noise
train/noise/84ac305ea5f981a6_w05.png,84ac305ea5f981a6,5,Lab,Noise
train/noise/84ac305ea5f981a6_w10.png,84ac305ea5f981a6,10,Lab,Noise
train/noise/84ac305ea5f981a6_w11.png,84ac305ea5f981a6,11,Lab,Noise
train/noise/84ac305ea5f981a6_w15.png,84ac305ea5f981a6,15,Lab,Noise
train/noise/84ac305ea5f981a6_w17.png,84ac305ea5f981a6,17,Lab,Noise
train/noise/84ac305ea5f981a6_w21.png,84ac305ea5f981a6,21,Lab,Noise
train/noise/84ac305ea5f981a6_w25.png,84ac305ea5f981a6,25,Lab,Noise
train/noise/8541c5401f9d2e83_w02.png,8541c5401f9d2e83,2,Field,Noise
train/noise/8541c5401f9d2e83_w03.png,8541c5401f9d2e83,3,Field,Noise
train/noise/8541c5401f9d2e83_w08.png,8541c5401f9d2e83,8,Field,Noise
train/noise/8541c5401f9d2e83_w16.png,8541c5401f9d2e83,16,Field,Noise
train/noise/8541c5401f9d2e83_w17.png,8541c5401f9d2e83,17,Field,Noise
train/noise/8541c5401f9d2e83_w19.png,8541c5401f9d2e83,19,Field,Noise
train/noise/8541c5401f9d2e83_w22.png,8541c5401f9d2e83,22,Field,Noise
train/noise/8541c5401f9d2e83_w27.png,8541c5401f9d2e83,27,Field,Noise
train/noise/8545a012b64bfa8a_w03.png,8545a012b64bfa8a,3,Field,Noise
train/noise/8545a012b64bfa8a_w06.png,8545a012b64bfa8a,6,Field,Noise
train/noise/8545a012b64bfa8a_w08.png,8545a012b64bfa8a,8,Field,Noise
train/noise/8545a012b64bfa8a_w17.png,8545a012b64bfa8a,17,Field,Noise
train/noise/8545a012b64bfa8a_w18.png,8545a012b64bfa8a,18,Field,Noise
train/noise/8545a012b64bfa8a_w19.png,8545a012b64bfa8a,19,Field,Noise
train/noise/8545a012b64bfa8a_w24.png,8545a012b64bfa8a,24,Field,Noise
train/noise/8545a012b64bfa8a_w27.png,8545a012b64bfa8a,27,Field,Noise
train/noise/85d54bc50fbc69c7_w01.png,85d54bc50fbc69c7,1,Field,Noise
train/noise/85d54bc50fbc69c7_w04.png,85d54bc50fbc69c7,4,Field,Noise
train/noise/85d54bc50fbc69c7_w05.png,85d54bc50fbc69c7,5,Field,Noise
train/noise/85d54bc50fbc69c7_w06.png,85d54bc50fbc69c7,6,Field,Noise
train/noise/85d54bc50fbc69c7_w09.png,85d54bc50fbc69c7,9,Field,Noise
train/noise/85d54bc50fbc69c7_w12.png,85d54bc50fbc69c7,12,Field,Noise
train/noise/85d54bc50fbc69c7_w14.png,85d54bc50fbc69c7,14,Field,Noise
train/noise/85d54bc50fbc69c7_w26.png,85d54bc50fbc69c7,26,Field,Noise
train/noise/85f47db08bec6970_w01.png,85f47db08bec6970,1,Lab,Noise
train/noise/85f47db08bec6970_w08.png,85f47db08bec6970,8,Lab,Noise
train/noise/85f47db08bec6970_w11.png,85f47db08bec6970,11,Lab,Noise
train/noise/85f47db08bec6970_w15.png,85f47db08bec6970,15,Lab,Noise
train/noise/85f47db08bec6970_w18.png,85f47db08bec6970,18,Lab,Noise
train/noise/85f47db08bec6970_w20.png,85f47db08bec6970,20,Lab,Noise
train/noise/85f47db08bec6970_w23.png,85f47db08bec6970,23,Lab,Noise
train/noise/85f47db08bec6970_w26.png,85f47db08bec6970,26,Lab,Noise
train/noise/86444a3adea5fef0_w04.png,86444a3adea5fef0,4,Lab,Noise
train/noise/86444a3adea5fef0_w07.png,86444a3adea5fef0,7,Lab,Noise
train/noise/86444a3adea5fef0_w10.png,86444a3adea5fef0,10,Lab,Noise
train/noise/86444a3adea5fef0_w12.png,86444a3adea5fef0,12,Lab,Noise
train/noise/86444a3adea5fef0_w13.png,86444a3adea5fef0,13,Lab,Noise
train/noise/86444a3adea5fef0_w16.png,86444a3adea5fef0,16,Lab,Noise
train/noise/86444a3adea5fef0_w17.png,86444a3adea5fef0,17,Lab,Noise
train/noise/86444a3adea5fef0_w20.png,86444a3adea5fef0,20,Lab,Noise
train/noise/8652267f9534c4c5_w03.png,8652267f9534c4c5,3,Field,Noise
train/noise/8652267f9534c4c5_w05.png,8652267f9534c4c5,5,Field,Noise
train/noise/8652267f9534c4c5_w14.png,8652267f9534c4c5,14,Field,Noise
train/noise/8652267f9534c4c5_w15.png,8652267f9534c4c5,15,Field,Noise
train/noise/8652267f9534c4c5_w19.png,8652267f9534c4c5,19,Field,Noise
train/noise/8652267f9534c4c5_w20.png,8652267f9534c4c5,20,Field,Noise
train/noise/8652267f9534c4c5_w23.png,8652267f9534c4c5,23,Field,Noise
train/noise/8652267f9534c4c5_w24.png,8652267f9534c4c5,24,Field,Noise
train/noise/8679af098091053f_w02.png,8679af098091053f,2,Field,Noise
train/noise/8679af098091053f_w06.png,8679af098091053f,6,Field,Noise
train/noise/8679af098091053f_w12.png,8679af098091053f,12,Field,Noise
train/noise/8679af098091053f_w15.png,8679af098091053f,15,Field,Noise
train/noise/8679af098091053f_w19.png,8679af098091053f,19,Field,Noise
train/noise/8679af098091053f_w20.png,8679af098091053f,20,Field,Noise
train/noise/8679af098091053f_w26.png,8679af098091053f,26,Field,Noise
train/noise/8679af098091053f_w27.png,8679af098091053f,27,Field,Noise
train/noise/8680d3c08f92f089_w02.png,8680d3c08f92f089,2,Field,Noise
train/noise/8680d3c08f92f089_w08.png,8680d3c08f92f089,8,Field,Noise
train/noise/8680d3c08f92f089_w09.png,8680d3c08f92f089,9,Field,Noise
train/noise/8680d3c08f92f089_w13.png,8680d3c08f92f089,13,Field,Noise
train/noise/8680d3c08f92f089_w14.png,8680d3c08f92f089,14,Field,Noise
train/noise/8680d3c08f92f089_w16.png,8680d3c08f92f089,16,Field,Noise
train/noise/8680d3c08f92f089_w18.png,8680d3c08f92f089,18,Field,Noise
train/noise/8680d3c08f92f089_w25.png,8680d3c08f92f089,25,Field,Noise
train/noise/86a208a2a3f90664_w03.png,86a208a2a3f90664,3,Field,Noise
train/noise/86a208a2a3f90664_w04.png,86a208a2a3f90664,4,Field,Noise
train/noise/86a208a2a3f90664_w12.png,86a208a2a3f90664,12,Field,Noise
train/noise/86a208a2a3f90664_w14.png,86a208a2a3f90664,14,Field,Noise
train/noise/86a208a2a3f90664_w15.png,86a208a2a3f90664,15,Field,Noise
train/noise/86a208a2a3f90664_w16.png,86a208a2a3f90664,16,Field,Noise
train/noise/86a208a2a3f90664_w19.png,86a208a2a3f90664,19,Field,Noise
train/noise/86a208a2a3f90664_w25.png,86a208a2a3f90664,25,Field,Noise
train/noise/86c02a067a15fa30_w01.png,86c02a067a15fa30,1,Field,Noise
train/noise/86c02a067a15fa30_w02.png,86c02a067a15fa30,2,Field,Noise
train/noise/86c02a067a15fa30_w03.png,86c02a067a15fa30,3,Field,Noise
train/noise/86c02a067a15fa30_w13.png,86c02a067a15fa30,13,Field,Noise
train/noise/86c02a067a15fa30_w17.png,86c02a067a15fa30,17,Field,Noise
train/noise/86c02a067a15fa30_w18.png,86c02a067a15fa30,18,Field,Noise
train/noise/86c02a067a15fa30_w20.png,86c02a067a15fa30,20,Field,Noise
train/noise/86c02a067a15fa30_w26.png,86c02a067a15fa30,26,Field,Noise
train/noise/87251036db8864f4_w00.png,87251036db8864f4,0,Lab,Noise
train/noise/87251036db8864f4_w03.png,87251036db8864f4,3,Lab,Noise
train/noise/87251036db8864f4_w06.png,87251036db8864f4,6,Lab,Noise
train/noise/87251036db8864f4_w07.png,87251036db8864f4,7,Lab,Noise
train/noise/87251036db8864f4_w13.png,87251036db8864f4,13,Lab,Noise
train/noise/87251036db8864f4_w20.png,87251036db8864f4,20,Lab,Noise
train/noise/87251036db8864f4_w24.png,87251036db8864f4,24,Lab,Noise
train/noise/87251036db8864f4_w26.png,87251036db8864f4,26,Lab,Noise
train/noise/8732ee3d359509bd_w02.png,8732ee3d359509bd,2,Field,Noise
train/noise/8732ee3d359509bd_w04.png,8732ee3d359509bd,4,Field,Noise
train/noise/8732ee3d359509bd_w11.png,8732ee3d359509bd,11,Field,Noise
train/noise/8732ee3d359509bd_w13.png,8732ee3d359509bd,13,Field,Noise
train/noise/8732ee3d359509bd_w14.png,8732ee3d359509bd,14,Field,Noise
train/noise/8732ee3d359509bd_w16.png,8732ee3d359509bd,16,Field,Noise
train/noise/8732ee3d359509bd_w21.png,8732ee3d359509bd,21,Field,Noise
train/noise/8732ee3d359509bd_w22.png,8732ee3d359509bd,22,Field,Noise
train/noise/87b3e40e58a3cfd8_w04.png,87b3e40e58a3cfd8,4,Field,Noise
train/noise/87b3e40e58a3cfd8_w08.png,87b3e40e58a3cfd8,8,Field,Noise
train/noise/87b3e40e58a3cfd8_w14.png,87b3e40e58a3cfd8,14,Field,Noise
train/noise/87b3e40e58a3cfd8_w19.png,87b3e40e58a3cfd8,19,Field,Noise
train/noise/87b3e40e58a3cfd8_w20.png,87b3e40e58a3cfd8,20,Field,Noise
train/noise/87b3e40e58a3cfd8_w23.png,87b3e40e58a3cfd8,23,Field,Noise
train/noise/87b3e40e58a3cfd8_w25.png,87b3e40e58a3cfd8,25,Field,Noise
train/noise/87b3e40e58a3cfd8_w26.png,87b3e40e58a3cfd8,26,Field,Noise
train/noise/8835a88ba173f4e9_w03.png,8835a88ba173f4e9,3,Field,Noise
train/noise/8835a88ba173f4e9_w10.png,8835a88ba173f4e9,10,Field,Noise
train/noise/8835a88ba173f4e9_w18.png,8835a88ba173f4e9,18,Field,Noise
train/noise/8835a88ba173f4e9_w19.png,8835a88ba173f4e9,19,Field,Noise
train/noise/8835a88ba173f4e9_w20.png,8835a88ba173f4e9,20,Field,Noise
train/noise/8835a88ba173f4e9_w23.png,8835a88ba173f4e9,23,Field,Noise
train/noise/8835a88ba173f4e9_w25.png,8835a88ba173f4e9,25,Field,Noise
train/noise/8835a88ba173f4e9_w27.png,8835a88ba173f4e9,27,Field,Noise
train/noise/8879d487511cc368_w04.png,8879d487511cc368,4,Field,Noise
train/noise/8879d487511cc368_w07.png,8879d487511cc368,7,Field,Noise
train/noise/8879d487511cc368_w09.png,8879d487511cc368,9,Field,Noise
train/noise/8879d487511cc368_w12.png,8879d487511cc368,12,Field,Noise
train/noise/8879d487511cc368_w15.png,8879d487511cc368,15,Field,Noise
train/noise/8879d487511cc368_w20.png,8879d487511cc368,20,Field,Noise
train/noise/8879d487511cc368_w22.png,8879d487511cc368,22,Field,Noise
train/noise/8879d487511cc368_w23.png,8879d487511cc368,23,Field,Noise
train/noise/8895e8b91eab3f06_w02.png,8895e8b91eab3f06,2,Field,Noise
train/noise/8895e8b91eab3f06_w06.png,8895e8b91eab3f06,6,Field,Noise
train/noise/8895e8b91eab3f06_w09.png,8895e8b91eab3f06,9,Field,Noise
train/noise/8895e8b91eab3f06_w11.png,8895e8b91eab3f06,11,Field,Noise
train/noise/8895e8b91eab3f06_w16.png,8895e8b91eab3f06,16,Field,Noise
train/noise/8895e8b91eab3f06_w17.png,8895e8b91eab3f06,17,Field,Noise
train/noise/8895e8b91eab3f06_w20.png,8895e8b91eab3f06,20,Field,Noise
train/noise/8895e8b91eab3f06_w27.png,8895e8b91eab3f06,27,Field,Noise
train/noise/88aa720983393979_w03.png,88aa720983393979,3,Field,Noise
train/noise/88aa720983393979_w05.png,88aa720983393979,5,Field,Noise
train/noise/88aa720983393979_w10.png,88aa720983393979,10,Field,Noise
train/noise/88aa720983393979_w14.png,88aa720983393979,14,Field,Noise
train/noise/88aa720983393979_w15.png,88aa720983393979,15,Field,Noise
train/noise/88aa720983393979_w19.png,88aa720983393979,19,Field,Noise
train/noise/88aa720983393979_w20.png,88aa720983393979,20,Field,Noise
train/noise/88aa720983393979_w23.png,88aa720983393979,23,Field,Noise
train/noise/8908e4968ba2ce5e_w06.png,8908e4968ba2ce5e,6,Field,Noise
train/noise/8908e4968ba2ce5e_w07.png,8908e4968ba2ce5e,7,Field,Noise
train/noise/8908e4968ba2ce5e_w09.png,8908e4968ba2ce5e,9,Field,Noise
train/noise/8908e4968ba2ce5e_w13.png,8908e4968ba2ce5e,13,Field,Noise
train/noise/8908e4968ba2ce5e_w22.png,8908e4968ba2ce5e,22,Field,Noise
train/noise/8908e4968ba2ce5e_w24.png,8908e4968ba2ce5e,24,Field,Noise
train/noise/8908e4968ba2ce5e_w25.png,8908e4968ba2ce5e,25,Field,Noise
train/noise/8908e4968ba2ce5e_w27.png,8908e4968ba2ce5e,27,Field,Noise
train/noise/89475594ea35c1fa_w03.png,89475594ea35c1fa,3,Field,Noise
train/noise/89475594ea35c1fa_w04.png,89475594ea35c1fa,4,Field,Noise
train/noise/89475594ea35c1fa_w05.png,89475594ea35c1fa,5,Field,Noise
train/noise/89475594ea35c1fa_w10.png,89475594ea35c1fa,10,Field,Noise
train/noise/89475594ea35c1fa_w13.png,89475594ea35c1fa,13,Field,Noise
train/noise/89475594ea35c1fa_w16.png,89475594ea35c1fa,16,Field,Noise
train/noise/89475594ea35c1fa_w18.png,89475594ea35c1fa,18,Field,Noise
train/noise/89475594ea35c1fa_w21.png,89475594ea35c1fa,21,Field,Noise
train/noise/89a634b509360c2b_w03.png,89a634b509360c2b,3,Lab,Noise
train/noise/89a634b509360c2b_w04.png,89a634b509360c2b,4,Lab,Noise
train/noise/89a634b509360c2b_w10.png,89a634b509360c2b,10,Lab,Noise
train/noise/89a634b509360c2b_w11.png,89a634b509360c2b,11,Lab,Noise
train/noise/89a634b509360c2b_w13.png,89a634b509360c2b,13,Lab,Noise
train/noise/89a634b509360c2b_w16.png,89a634b509360c2b,16,Lab,Noise
train/noise/89a634b509360c2b_w21.png,89a634b509360c2b,21,Lab,Noise
train/noise/89a634b509360c2b_w23.png,89a634b509360c2b,23,Lab,Noise
train/noise/89c6e499658a1ef0_w02.png,89c6e499658a1ef0,2,Field,Noise
train/noise/89c6e499658a1ef0_w06.png,89c6e499658a1ef0,6,Field,Noise
train/noise/89c6e499658a1ef0_w11.png,89c6e499658a1ef0,11,Field,Noise
train/noise/89c6e499658a1ef0_w13.png,89c6e499658a1ef0,13,Field,Noise
train/noise/89c6e499658a1ef0_w15.png,89c6e499658a1ef0,15,Field,Noise
train/noise/89c6e499658a1ef0_w16.png,89c6e499658a1ef0,16,Field,Noise
train/noise/89c6e499658a1ef0_w22.png,89c6e499658a1ef0,22,Field,Noise
train/noise/89c6e499658a1ef0_w23.png,89c6e499658a1ef0,23,Field,Noise
train/noise/89e5e51b0cd025a2_w00.png,89e5e51b0cd025a2,0,Lab,Noise
train/noise/89e5e51b0cd025a2_w03.png,89e5e51b0cd025a2,3,Lab,Noise
train/noise/89e5e51b0cd025a2_w08.png,89e5e51b0cd025a2,8,Lab,Noise
train/noise/89e5e51b0cd025a2_w10.png,89e5e51b0cd025a2,10,Lab,Noise
train/noise/89e5e51b0cd025a2_w12.png,89e5e51b0cd025a2,12,Lab,Noise
train/noise/89e5e51b0cd025a2_w21.png,89e5e51b0cd025a2,21,Lab,Noise
train/noise/89e5e51b0cd025a2_w24.png,89e5e51b0cd025a2,24,Lab,Noise
train/noise/89e5e51b0cd025a2_w26.png,89e5e51b0cd025a2,26,Lab,Noise
train/noise/8a0346388477f2cc_w01.png,8a0346388477f2cc,1,Field,Noise
train/noise/8a0346388477f2cc_w08.png,8a0346388477f2cc,8,Field,Noise
train/noise/8a0346388477f2cc_w09.png,8a0346388477f2cc,9,Field,Noise
train/noise/8a0346388477f2cc_w11.png,8a0346388477f2cc,11,Field,Noise
train/noise/8a0346388477f2cc_w12.png,8a0346388477f2cc,12,Field,Noise
train/noise/8a0346388477f2cc_w16.png,8a0346388477f2cc,16,Field,Noise
train/noise/8a0346388477f2cc_w21.png,8a0346388477f2cc,21,Field,Noise
train/noise/8a0346388477f2cc_w27.png,8a0346388477f2cc,27,Field,Noise
train/noise/8b09a0a126c65882_w08.png,8b09a0a126c65882,8,Lab,Noise
train/noise/8b09a0a126c65882_w09.png,8b09a0a126c65882,9,Lab,Noise
train/noise/8b09a0a126c65882_w11.png,8b09a0a126c65882,11,Lab,Noise
train/noise/8b09a0a126c65882_w14.png,8b09a0a126c65882,14,Lab,Noise
train/noise/8b09a0a126c65882_w15.png,8b09a0a126c65882,15,Lab,Noise
train/noise/8b09a0a126c65882_w17.png,8b09a0a126c65882,17,Lab,Noise
train/noise/8b09a0a126c65882_w22.png,8b09a0a126c65882,22,Lab,Noise
train/noise/8b09a0a126c65882_w27.png,8b09a0a126c65882,27,Lab,Noise
train/noise/8b2bbda5bc423cb5_w00.png,8b2bbda5bc423cb5,0,Field,Noise
train/noise/8b2bbda5bc423cb5_w06.png,8b2bbda5bc423cb5,6,Field,Noise
train/noise/8b2bbda5bc423cb5_w07.png,8b2bbda5bc423cb5,7,Field,Noise
train/noise/8b2bbda5bc423cb5_w09.png,8b2bbda5bc423cb5,9,Field,Noise
train/noise/8b2bbda5bc423cb5_w18.png,8b2bbda5bc423cb5,18,Field,Noise
train/noise/8b2bbda5bc423cb5_w23.png,8b2bbda5bc423cb5,23,Field,Noise
train/noise/8b2bbda5bc423cb5_w25.png,8b2bbda5bc423cb5,25,Field,Noise
train/noise/8b2bbda5bc423cb5_w26.png,8b2bbda5bc423cb5,26,Field,Noise
train/noise/8b2db6e9e5a2492f_w04.png,8b2db6e9e5a2492f,4,Lab,Noise
train/noise/8b2db6e9e5a2492f_w06.png,8b2db6e9e5a2492f,6,Lab,Noise
train/noise/8b2db6e9e5a2492f_w07.png,8b2db6e9e5a2492f,7,Lab,Noise
train/noise/8b2db6e9e5a2492f_w09.png,8b2db6e9e5a2492f,9,Lab,Noise
train/noise/8b2db6e9e5a2492f_w11.png,8b2db6e9e5a2492f,11,Lab,Noise
train/noise/8b2db6e9e5a2492f_w12.png,8b2db6e9e5a2492f,12,Lab,Noise
train/noise/8b2db6e9e5a2492f_w26.png,8b2db6e9e5a2492f,26,Lab,Noise
train/noise/8b2db6e9e5a2492f_w27.png,8b2db6e9e5a2492f,27,Lab,Noise
train/noise/8b317a01d41b36c8_w05.png,8b317a01d41b36c8,5,Field,Noise
train/noise/8b317a01d41b36c8_w07.png,8b317a01d41b36c8,7,Field,Noise
train/noise/8b317a01d41b36c8_w19.png,8b317a01d41b36c8,19,Field,Noise
train/noise/8b317a01d41b36c8_w23.png,8b317a01d41b36c8,23,Field,Noise
train/noise/8b317a01d41b36c8_w24.png,8b317a01d41b36c8,24,Field,Noise
train/noise/8b317a01d41b36c8_w25.png,8b317a01d41b36c8,25,Field,Noise
train/noise/8b317a01d41b36c8_w26.png,8b317a01d41b36c8,26,Field,Noise
train/noise/8b317a01d41b36c8_w27.png,8b317a01d41b36c8,27,Field,Noise
train/noise/8c356b49d028bd13_w05.png,8c356b49d028bd13,5,Field,Noise
train/noise/8c356b49d028bd13_w06.png,8c356b49d028bd13,6,Field,Noise
train/noise/8c356b49d028bd13_w10.png,8c356b49d028bd13,10,Field,Noise
train/noise/8c356b49d028bd13_w11.png,8c356b49d028bd13,11,Field,Noise
train/noise/8c356b49d028bd13_w12.png,8c356b49d028bd13,12,Field,Noise
train/noise/8c356b49d028bd13_w13.png,8c356b49d028bd13,13,Field,Noise
train/noise/8c356b49d028bd13_w14.png,8c356b49d028bd13,14,Field,Noise
train/noise/8c356b49d028bd13_w27.png,8c356b49d028bd13,27,Field,Noise
train/noise/8c49588a1544bc3f_w03.png,8c49588a1544bc3f,3,Lab,Noise
train/noise/8c49588a1544bc3f_w08.png,8c49588a1544bc3f,8,Lab,Noise
train/noise/8c49588a1544bc3f_w10.png,8c49588a1544bc3f,10,Lab,Noise
train/noise/8c49588a1544bc3f_w11.png,8c49588a1544bc3f,11,Lab,Noise
train/noise/8c49588a1544bc3f_w14.png,8c49588a1544bc3f,14,Lab,Noise
train/noise/8c49588a1544bc3f_w16.png,8c49588a1544bc3f,16,Lab,Noise
train/noise/8c49588a1544bc3f_w18.png,8c49588a1544bc3f,18,Lab,Noise
train/noise/8c49588a1544bc3f_w27.png,8c49588a1544bc3f,27,Lab,Noise
train/noise/8cd084a08a280100_w01.png,8cd084a08a280100,1,Field,Noise
train/noise/8cd084a08a280100_w06.png,8cd084a08a280100,6,Field,Noise
train/noise/8cd084a08a280100_w12.png,8cd084a08a280100,12,Field,Noise
train/noise/8cd084a08a280100_w18.png,8cd084a08a280100,18,Field,Noise
train/noise/8cd084a08a280100_w23.png,8cd084a08a280100,23,Field,Noise
train/noise/8cd084a08a280100_w24.png,8cd084a08a280100,24,Field,Noise
train/noise/8cd084a08a280100_w25.png,8cd084a08a280100,25,Field,Noise
train/noise/8cd084a08a280100_w27.png,8cd084a08a280100,27,Field,Noise
train/noise/8ce700877caef928_w02.png,8ce700877caef928,2,Lab,Noise
train/noise/8ce700877caef928_w03.png,8ce700877caef928,3,Lab,Noise
train/noise/8ce700877caef928_w07.png,8ce700877caef928,7,Lab,Noise
train/noise/8ce700877caef928_w13.png,8ce700877caef928,13,Lab,Noise
train/noise/8ce700877caef928_w21.png,8ce700877caef928,21,Lab,Noise
train/noise/8ce700877caef928_w23.png,8ce700877caef928,23,Lab,Noise
train/noise/8ce700877caef928_w24.png,8ce700877caef928,24,Lab,Noise
train/noise/8ce700877caef928_w25.png,8ce700877caef928,25,Lab,Noise
train/noise/8d3f779b3e8ec6e8_w00.png,8d3f779b3e8ec6e8,0,Field,Noise
train/noise/8d3f779b3e8ec6e8_w03.png,8d3f779b3e8ec6e8,3,Field,Noise
train/noise/8d3f779b3e8ec6e8_w08.png,8d3f779b3e8ec6e8,8,Field,Noise
train/noise/8d3f779b3e8ec6e8_w18.png,8d3f779b3e8ec6e8,18,Field,Noise
train/noise/8d3f779b3e8ec6e8_w23.png,8d3f779b3e8ec6e8,23,Field,Noise
train/noise/8d3f779b3e8ec6e8_w25.png,8d3f779b3e8ec6e8,25,Field,Noise
train/noise/8d3f779b3e8ec6e8_w26.png,8d3f779b3e8ec6e8,26,Field,Noise
train/noise/8d3f779b3e8ec6e8_w27.png,8d3f779b3e8ec6e8,27,Field,Noise
train/noise/8e481657563f232b_w07.png,8e481657563f232b,7,Field,Noise
train/noise/8e481657563f232b_w08.png,8e481657563f232b,8,Field,Noise
train/noise/8e481657563f232b_w09.png,8e481657563f232b,9,Field,Noise
train/noise/8e481657563f232b_w16.png,8e481657563f232b,16,Field,Noise
train/noise/8e481657563f232b_w19.png,8e481657563f232b,19,Field,Noise
train/noise/8e481657563f232b_w20.png,8e481657563f232b,20,Field,Noise
train/noise/8e481657563f232b_w25.png,8e481657563f232b,25,Field,Noise
train/noise/8e481657563f232b_w27.png,8e481657563f232b,27,Field,Noise
train/noise/8e6c4cfe5a52c50c_w01.png,8e6c4cfe5a52c50c,1,Field,Noise
train/noise/8e6c4cfe5a52c50c_w05.png,8e6c4cfe5a52c50c,5,Field,Noise
train/noise/8e6c4cfe5a52c50c_w12.png,8e6c4cfe5a52c50c,12,Field,Noise
train/noise/8e6c4cfe5a52c50c_w14.png,8e6c4cfe5a52c50c,14,Field,Noise
train/noise/8e6c4cfe5a52c50c_w16.png,8e6c4cfe5a52c50c,16,Field,Noise
train/noise/8e6c4cfe5a52c50c_w17.png,8e6c4cfe5a52c50c,17,Field,Noise
train/noise/8e6c4cfe5a52c50c_w19.png,8e6c4cfe5a52c50c,19,Field,Noise
train/noise/8e6c4cfe5a52c50c_w20.png,8e6c4cfe5a52c50c,20,Field,Noise
train/noise/8e81433988191912_w00.png,8e81433988191912,0,Lab,Noise
train/noise/8e81433988191912_w03.png,8e81433988191912,3,Lab,Noise
train/noise/8e81433988191912_w04.png,8e81433988191912,4,Lab,Noise
train/noise/8e81433988191912_w07.png,8e81433988191912,7,Lab,Noise
train/noise/8e81433988191912_w12.png,8e81433988191912,12,Lab,Noise
train/noise/8e81433988191912_w17.png,8e81433988191912,17,Lab,Noise
train/noise/8e81433988191912_w18.png,8e81433988191912,18,Lab,Noise
train/noise/8e81433988191912_w25.png,8e81433988191912,25,Lab,Noise
train/noise/8ea7126f35d4df64_w02.png,8ea7126f35d4df64,2,Field,Noise
train/noise/8ea7126f35d4df64_w05.png,8ea7126f35d4df64,5,Field,Noise
train/noise/8ea7126f35d4df64_w09.png,8ea7126f35d4df64,9,Field,Noise
train/noise/8ea7126f35d4df64_w12.png,8ea7126f35d4df64,12,Field,Noise
train/noise/8ea7126f35d4df64_w14.png,8ea7126f35d4df64,14,Field,Noise
train/noise/8ea7126f35d4df64_w15.png,8ea7126f35d4df64,15,Field,Noise
train/noise/8ea7126f35d4df64_w21.png,8ea7126f35d4df64,21,Field,Noise
train/noise/8ea7126f35d4df64_w22.png,8ea7126f35d4df64,22,Field,Noise
train/noise/8ecdf354693a60ff_w01.png,8ecdf354693a60ff,1,Lab,Noise
train/noise/8ecdf354693a60ff_w05.png,8ecdf354693a60ff,5,Lab,Noise
train/noise/8ecdf354693a60ff_w08.png,8ecdf354693a60ff,8,Lab,Noise
train/noise/8ecdf354693a60ff_w09.png,8ecdf354693a60ff,9,Lab,Noise
train/noise/8ecdf354693a60ff_w12.png,8ecdf354693a60ff,12,Lab,Noise
train/noise/8ecdf354693a60ff_w15.png,8ecdf354693a60ff,15,Lab,Noise
train/noise/8ecdf354693a60ff_w24.png,8ecdf354693a60ff,24,Lab,Noise
train/noise/8ecdf354693a60ff_w26.png,8ecdf354693a60ff,26,Lab,Noise
train/noise/8efaad829f841383_w02.png,8efaad829f841383,2,Field,Noise
train/noise/8efaad829f841383_w03.png,8efaad829f841383,3,Field,Noise
train/noise/8efaad829f841383_w07.png,8efaad829f841383,7,Field,Noise
train/noise/8efaad829f841383_w13.png,8efaad829f841383,13,Field,Noise
train/noise/8efaad829f841383_w21.png,8efaad829f841383,21,Field,Noise
train/noise/8efaad829f841383_w24.png,8efaad829f841383,24,Field,Noise
train/noise/8efaad829f841383_w25.png,8efaad829f841383,25,Field,Noise
train/noise/8efaad829f841383_w27.png,8efaad829f841383,27,Field,Noise
train/noise/8f0d10d5e502c487_w00.png,8f0d10d5e502c487,0,Field,Noise
train/noise/8f0d10d5e502c487_w02.png,8f0d10d5e502c487,2,Field,Noise
train/noise/8f0d10d5e502c487_w12.png,8f0d10d5e502c487,12,Field,Noise
train/noise/8f0d10d5e502c487_w14.png,8f0d10d5e502c487,14,Field,Noise
train/noise/8f0d10d5e502c487_w15.png,8f0d10d5e502c487,15,Field,Noise
train/noise/8f0d10d5e502c487_w17.png,8f0d10d5e502c487,17,Field,Noise
train/noise/8f0d10d5e502c487_w19.png,8f0d10d5e502c487,19,Field,Noise
train/noise/8f0d10d5e502c487_w22.png,8f0d10d5e502c487,22,Field,Noise
train/noise/901f3b5e40c85e45_w01.png,901f3b5e40c85e45,1,Field,Noise
train/noise/901f3b5e40c85e45_w02.png,901f3b5e40c85e45,2,Field,Noise
train/noise/901f3b5e40c85e45_w06.png,901f3b5e40c85e45,6,Field,Noise
train/noise/901f3b5e40c85e45_w07.png,901f3b5e40c85e45,7,Field,Noise
train/noise/901f3b5e40c85e45_w10.png,901f3b5e40c85e45,10,Field,Noise
train/noise/901f3b5e40c85e45_w13.png,901f3b5e40c85e45,13,Field,Noise
train/noise/901f3b5e40c85e45_w16.png,901f3b5e40c85e45,16,Field,Noise
train/noise/901f3b5e40c85e45_w20.png,901f3b5e40c85e45,20,Field,Noise
train/noise/90739ec4d0212483_w02.png,90739ec4d0212483,2,Field,Noise
train/noise/90739ec4d0212483_w08.png,90739ec4d0212483,8,Field,Noise
train/noise/90739ec4d0212483_w09.png,90739ec4d0212483,9,Field,Noise
train/noise/90739ec4d0212483_w14.png,90739ec4d0212483,14,Field,Noise
train/noise/90739ec4d0212483_w15.png,90739ec4d0212483,15,Field,Noise
train/noise/90739ec4d0212483_w17.png,90739ec4d0212483,17,Field,Noise
train/noise/90739ec4d0212483_w24.png,90739ec4d0212483,24,Field,Noise
train/noise/90739ec4d0212483_w27.png,90739ec4d0212483,27,Field,Noise
train/noise/90c47885ac859630_w09.png,90c47885ac859630,9,Field,Noise
train/noise/90c47885ac859630_w11.png,90c47885ac859630,11,Field,Noise
train/noise/90c47885ac859630_w13.png,90c47885ac859630,13,Field,Noise
train/noise/90c47885ac859630_w18.png,90c47885ac859630,18,Field,Noise
train/noise/90c47885ac859630_w19.png,90c47885ac859630,19,Field,Noise
train/noise/90c47885ac859630_w23.png,90c47885ac859630,23,Field,Noise
train/noise/90c47885ac859630_w26.png,90c47885ac859630,26,Field,Noise
train/noise/90c47885ac859630_w27.png,90c47885ac859630,27,Field,Noise
train/noise/9180a423bc93abc8_w05.png,9180a423bc93abc8,5,Field,Noise
train/noise/9180a423bc93abc8_w11.png,9180a423bc93abc8,11,Field,Noise
train/noise/9180a423bc93abc8_w15.png,9180a423bc93abc8,15,Field,Noise
train/noise/9180a423bc93abc8_w17.png,9180a423bc93abc8,17,Field,Noise
train/noise/9180a423bc93abc8_w20.png,9180a423bc93abc8,20,Field,Noise
train/noise/9180a423bc93abc8_w23.png,9180a423bc93abc8,23,Field,Noise
train/noise/9180a423bc93abc8_w24.png,9180a423bc93abc8,24,Field,Noise
train/noise/9180a423bc93abc8_w27.png,9180a423bc93abc8,27,Field,Noise
train/noise/91e113d90e10a658_w03.png,91e113d90e10a658,3,Field,Noise
train/noise/91e113d90e10a658_w05.png,91e113d90e10a658,5,Field,Noise
train/noise/91e113d90e10a658_w11.png,91e113d90e10a658,11,Field,Noise
train/noise/91e113d90e10a658_w12.png,91e113d90e10a658,12,Field,Noise
train/noise/91e113d90e10a658_w16.png,91e113d90e10a658,16,Field,Noise
train/noise/91e113d90e10a658_w21.png,91e113d90e10a658,21,Field,Noise
train/noise/91e113d90e10a658_w22.png,91e113d90e10a658,22,Field,Noise
train/noise/91e113d90e10a658_w24.png,91e113d90e10a658,24,Field,Noise
train/noise/92300f2a00fa936c_w05.png,92300f2a00fa936c,5,Field,Noise
train/noise/92300f2a00fa936c_w08.png,92300f2a00fa936c,8,Field,Noise
train/noise/92300f2a00fa936c_w09.png,92300f2a00fa936c,9,Field,Noise
train/noise/92300f2a00fa936c_w11.png,92300f2a00fa936c,11,Field,Noise
train/noise/92300f2a00fa936c_w20.png,92300f2a00fa936c,20,Field,Noise
train/noise/92300f2a00fa936c_w22.png,92300f2a00fa936c,22,Field,Noise
train/noise/92300f2a00fa936c_w24.png,92300f2a00fa936c,24,Field,Noise
train/noise/92300f2a00fa936c_w26.png,92300f2a00fa936c,26,Field,Noise
train/noise/9259a612c36edf7e_w00.png,9259a612c36edf7e,0,Field,Noise
train/noise/9259a612c36edf7e_w08.png,9259a612c36edf7e,8,Field,Noise
train/noise/9259a612c36edf7e_w09.png,9259a612c36edf7e,9,Field,Noise
train/noise/9259a612c36edf7e_w17.png,9259a612c36edf7e,17,Field,Noise
train/noise/9259a612c36edf7e_w18.png,9259a612c36edf7e,18,Field,Noise
train/noise/9259a612c36edf7e_w19.png,9259a612c36edf7e,19,Field,Noise
train/noise/9259a612c36edf7e_w21.png,9259a612c36edf7e,21,Field,Noise
train/noise/9259a612c36edf7e_w26.png,9259a612c36edf7e,26,Field,Noise
train/noise/93863fe081f4668c_w01.png,93863fe081f4668c,1,Field,Noise
train/noise/93863fe081f4668c_w07.png,93863fe081f4668c,7,Field,Noise
train/noise/93863fe081f4668c_w12.png,93863fe081f4668c,12,Field,Noise
train/noise/93863fe081f4668c_w20.png,93863fe081f4668c,20,Field,Noise
train/noise/93863fe081f4668c_w22.png,93863fe081f4668c,22,Field,Noise
train/noise/93863fe081f4668c_w23.png,93863fe081f4668c,23,Field,Noise
train/noise/93863fe081f4668c_w25.png,93863fe081f4668c,25,Field,Noise
train/noise/93863fe081f4668c_w27.png,93863fe081f4668c,27,Field,Noise
train/noise/93f5e8e2b6fb6ff6_w04.png,93f5e8e2b6fb6ff6,4,Field,Noise
train/noise/93f5e8e2b6fb6ff6_w05.png,93f5e8e2b6fb6ff6,5,Field,Noise
train/noise/93f5e8e2b6fb6ff6_w06.png,93f5e8e2b6fb6ff6,6,Field,Noise
train/noise/93f5e8e2b6fb6ff6_w08.png,93f5e8e2b6fb6ff6,8,Field,Noise
train/noise/93f5e8e2b6fb6ff6_w14.png,93f5e8e2b6fb6ff6,14,Field,Noise
train/noise/93f5e8e2b6fb6ff6_w19.png,93f5e8e2b6fb6ff6,19,Field,Noise
train/noise/93f5e8e2b6fb6ff6_w24.png,93f5e8e2b6fb6ff6,24,Field,Noise
train/noise/93f5e8e2b6fb6ff6_w27.png,93f5e8e2b6fb6ff6,27,Field,Noise
train/noise/9493459278416c27_w00.png,9493459278416c27,0,Field,Noise
train/noise/9493459278416c27_w06.png,9493459278416c27,6,Field,Noise
train/noise/9493459278416c27_w11.png,9493459278416c27,11,Field,Noise
train/noise/9493459278416c27_w13.png,9493459278416c27,13,Field,Noise
train/noise/9493459278416c27_w16.png,9493459278416c27,16,Field,Noise
train/noise/9493459278416c27_w22.png,9493459278416c27,22,Field,Noise
train/noise/9493459278416c27_w23.png,9493459278416c27,23,Field,Noise
train/noise/9493459278416c27_w25.png,9493459278416c27,25,Field,Noise
train/noise/94e76d9c2546db84_w03.png,94e76d9c2546db84,3,Field,Noise
train/noise/94e76d9c2546db84_w04.png,94e76d9c2546db84,4,Field,Noise
train/noise/94e76d9c2546db84_w06.png,94e76d9c2546db84,6,Field,Noise
train/noise/94e76d9c2546db84_w08.png,94e76d9c2546db84,8,Field,Noise
train/noise/94e76d9c2546db84_w15.png,94e76d9c2546db84,15,Field,Noise
train/noise/94e76d9c2546db84_w16.png,94e76d9c2546db84,16,Field,Noise
train/noise/94e76d9c2546db84_w18.png,94e76d9c2546db84,18,Field,Noise
train/noise/94e76d9c2546db84_w21.png,94e76d9c2546db84,21,Field,Noise
train/noise/957abc00bdd79933_w03.png,957abc00bdd79933,3,Field,Noise
train/noise/957abc00bdd79933_w06.png,957abc00bdd79933,6,Field,Noise
train/noise/957abc00bdd79933_w08.png,957abc00bdd79933,8,Field,Noise
train/noise/957abc00bdd79933_w10.png,957abc00bdd79933,10,Field,Noise
train/noise/957abc00bdd79933_w18.png,957abc00bdd79933,18,Field,Noise
train/noise/957abc00bdd79933_w21.png,957abc00bdd79933,21,Field,Noise
train/noise/957abc00bdd79933_w23.png,957abc00bdd79933,23,Field,Noise
train/noise/957abc00bdd79933_w25.png,957abc00bdd79933,25,Field,Noise
train/noise/9601fcdb8c2b904b_w03.png,9601fcdb8c2b904b,3,Field,Noise
train/noise/9601fcdb8c2b904b_w04.png,9601fcdb8c2b904b,4,Field,Noise
train/noise/9601fcdb8c2b904b_w06.png,9601fcdb8c2b904b,6,Field,Noise
train/noise/9601fcdb8c2b904b_w09.png,9601fcdb8c2b904b,9,Field,Noise
train/noise/9601fcdb8c2b904b_w16.png,9601fcdb8c2b904b,16,Field,Noise
train/noise/9601fcdb8c2b904b_w18.png,9601fcdb8c2b904b,18,Field,Noise
train/noise/9601fcdb8c2b904b_w25.png,9601fcdb8c2b904b,25,Field,Noise
train/noise/9601fcdb8c2b904b_w26.png,9601fcdb8c2b904b,26,Field,Noise
train/noise/96b76c5ddc431495_w02.png,96b76c5ddc431495,2,Field,Noise
train/noise/96b76c5ddc431495_w03.png,96b76c5ddc431495,3,Field,Noise
train/noise/96b76c5ddc431495_w10.png,96b76c5ddc431495,10,Field,Noise
train/noise/96b76c5ddc431495_w11.png,96b76c5ddc431495,11,Field,Noise
train/noise/96b76c5ddc431495_w14.png,96b76c5ddc431495,14,Field,Noise
train/noise/96b76c5ddc431495_w21.png,96b76c5ddc431495,21,Field,Noise
train/noise/96b76c5ddc431495_w25.png,96b76c5ddc431495,25,Field,Noise
train/noise/96b76c5ddc431495_w26.png,96b76c5ddc431495,26,Field,Noise
train/noise/970b8468ed9cae4e_w09.png,970b8468ed9cae4e,9,Field,Noise
train/noise/970b8468ed9cae4e_w10.png,970b8468ed9cae4e,10,Field,Noise
train/noise/970b8468ed9cae4e_w12.png,970b8468ed9cae4e,12,Field,Noise
train/noise/970b8468ed9cae4e_w15.png,970b8468ed9cae4e,15,Field,Noise
train/noise/970b8468ed9cae4e_w18.png,970b8468ed9cae4e,18,Field,Noise
train/noise/970b8468ed9cae4e_w23.png,970b8468ed9cae4e,23,Field,Noise
train/noise/970b8468ed9cae4e_w24.png,970b8468ed9cae4e,24,Field,Noise
train/noise/970b8468ed9cae4e_w26.png,970b8468ed9cae4e,26,Field,Noise
train/noise/9718dffeb3ed894c_w01.png,9718dffeb3ed894c,1,Lab,Noise
train/noise/9718dffeb3ed894c_w04.png,9718dffeb3ed894c,4,Lab,Noise
train/noise/9718dffeb3ed894c_w05.png,9718dffeb3ed894c,5,Lab,Noise
train/noise/9718dffeb3ed894c_w08.png,9718dffeb3ed894c,8,Lab,Noise
train/noise/9718dffeb3ed894c_w09.png,9718dffeb3ed894c,9,Lab,Noise
train/noise/9718dffeb3ed894c_w15.png,9718dffeb3ed894c,15,Lab,Noise
train/noise/9718dffeb3ed894c_w18.png,9718dffeb3ed894c,18,Lab,Noise
train/noise/9718dffeb3ed894c_w19.png,9718dffeb3ed894c,19,Lab,Noise
train/noise/97cf9f9eab556238_w03.png,97cf9f9eab556238,3,Field,Noise
train/noise/97cf9f9eab556238_w04.png,97cf9f9eab556238,4,Field,Noise
train/noise/97cf9f9eab556238_w07.png,97cf9f9eab556238,7,Field,Noise
train/noise/97cf9f9eab556238_w11.png,97cf9f9eab556238,11,Field,Noise
train/noise/97cf9f9eab556238_w13.png,97cf9f9eab556238,13,Field,Noise
train/noise/97cf9f9eab556238_w17.png,97cf9f9eab556238,17,Field,Noise
train/noise/97cf9f9eab556238_w20.png,97cf9f9eab556238,20,Field,Noise
train/noise/97cf9f9eab556238_w24.png,97cf9f9eab556238,24,Field,Noise
train/noise/97e4ee4cd42e8796_w01.png,97e4ee4cd42e8796,1,Field,Noise
train/noise/97e4ee4cd42e8796_w06.png,97e4ee4cd42e8796,6,Field,Noise
train/noise/97e4ee4cd42e8796_w07.png,97e4ee4cd42e8796,7,Field,Noise
train/noise/97e4ee4cd42e8796_w08.png,97e4ee4cd42e8796,8,Field,Noise
train/noise/97e4ee4cd42e8796_w15.png,97e4ee4cd42e8796,15,Field,Noise
train/noise/97e4ee4cd42e8796_w16.png,97e4ee4cd42e8796,16,Field,Noise
train/noise/97e4ee4cd42e8796_w20.png,97e4ee4cd42e8796,20,Field,Noise
train/noise/97e4ee4cd42e8796_w26.png,97e4ee4cd42e8796,26,Field,Noise
train/noise/97e7bd14c71b2f43_w04.png,97e7bd14c71b2f43,4,Field,Noise
train/noise/97e7bd14c71b2f43_w14.png,97e7bd14c71b2f43,14,Field,Noise
train/noise/97e7bd14c71b2f43_w17.png,97e7bd14c71b2f43,17,Field,Noise
train/noise/97e7bd14c71b2f43_w19.png,97e7bd14c71b2f43,19,Field,Noise
train/noise/97e7bd14c71b2f43_w21.png,97e7bd14c71b2f43,21,Field,Noise
train/noise/97e7bd14c71b2f43_w22.png,97e7bd14c71b2f43,22,Field,Noise
train/noise/97e7bd14c71b2f43_w24.png,97e7bd14c71b2f43,24,Field,Noise
train/noise/97e7bd14c71b2f43_w26.png,97e7bd14c71b2f43,26,Field,Noise
train/noise/980778740f04a540_w02.png,980778740f04a540,2,Lab,Noise
train/noise/980778740f04a540_w07.png,980778740f04a540,7,Lab,Noise
train/noise/980778740f04a540_w09.png,980778740f04a540,9,Lab,Noise
train/noise/980778740f04a540_w10.png,980778740f04a540,10,Lab,Noise
train/noise/980778740f04a540_w11.png,980778740f04a540,11,Lab,Noise
train/noise/980778740f04a540_w13.png,980778740f04a540,13,Lab,Noise
train/noise/980778740f04a540_w24.png,980778740f04a540,24,Lab,Noise
train/noise/980778740f04a540_w26.png,980778740f04a540,26,Lab,Noise
train/noise/989a06a3795716d4_w09.png,989a06a3795716d4,9,Field,Noise
train/noise/989a06a3795716d4_w12.png,989a06a3795716d4,12,Field,Noise
train/noise/989a06a3795716d4_w14.png,989a06a3795716d4,14,Field,Noise
train/noise/989a06a3795716d4_w17.png,989a06a3795716d4,17,Field,Noise
train/noise/989a06a3795716d4_w19.png,989a06a3795716d4,19,Field,Noise
train/noise/989a06a3795716d4_w24.png,989a06a3795716d4,24,Field,Noise
train/noise/989a06a3795716d4_w25.png,989a06a3795716d4,25,Field,Noise
train/noise/989a06a3795716d4_w26.png,989a06a3795716d4,26,Field,Noise
train/noise/98e21d6e50b09e8b_w05.png,98e21d6e50b09e8b,5,Lab,Noise
train/noise/98e21d6e50b09e8b_w14.png,98e21d6e50b09e8b,14,Lab,Noise
train/noise/98e21d6e50b09e8b_w17.png,98e21d6e50b09e8b,17,Lab,Noise
train/noise/98e21d6e50b09e8b_w19.png,98e21d6e50b09e8b,19,Lab,Noise
train/noise/98e21d6e50b09e8b_w22.png,98e21d6e50b09e8b,22,Lab,Noise
train/noise/98e21d6e50b09e8b_w25.png,98e21d6e50b09e8b,25,Lab,Noise
train/noise/98e21d6e50b09e8b_w26.png,98e21d6e50b09e8b,26,Lab,Noise
train/noise/98e21d6e50b09e8b_w27.png,98e21d6e50b09e8b,27,Lab,Noise
train/noise/9926ef04cf06c802_w02.png,9926ef04cf06c802,2,Lab,Noise
train/noise/9926ef04cf06c802_w03.png,9926ef04cf06c802,3,Lab,Noise
train/noise/9926ef04cf06c802_w05.png,9926ef04cf06c802,5,Lab,Noise
train/noise/9926ef04cf06c802_w06.png,9926ef04cf06c802,6,Lab,Noise
train/noise/9926ef04cf06c802_w10.png,9926ef04cf06c802,10,Lab,Noise
train/noise/9926ef04cf06c802_w14.png,9926ef04cf06c802,14,Lab,Noise
train/noise/9926ef04cf06c802_w21.png,9926ef04cf06c802,21,Lab,Noise
train/noise/9926ef04cf06c802_w25.png,9926ef04cf06c802,25,Lab,Noise
train/noise/9946ac0b039f2fd3_w01.png,9946ac0b039f2fd3,1,Field,Noise
train/noise/9946ac0b039f2fd3_w02.png,9946ac0b039f2fd3,2,Field,Noise
train/noise/9946ac0b039f2fd3_w05.png,9946ac0b039f2fd3,5,Field,Noise
train/noise/9946ac0b039f2fd3_w15.png,9946ac0b039f2fd3,15,Field,Noise
train/noise/9946ac0b039f2fd3_w16.png,9946ac0b039f2fd3,16,Field,Noise
train/noise/9946ac0b039f2fd3_w21.png,9946ac0b039f2fd3,21,Field,Noise
train/noise/9946ac0b039f2fd3_w22.png,9946ac0b039f2fd3,22,Field,Noise
train/noise/9946ac0b039f2fd3_w25.png,9946ac0b039f2fd3,25,Field,Noise
train/noise/995da59129374a44_w01.png,995da59129374a44,1,Lab,Noise
train/noise/995da59129374a44_w02.png,995da59129374a44,2,Lab,Noise
train/noise/995da59129374a44_w07.png,995da59129374a44,7,Lab,Noise
train/noise/995da59129374a44_w10.png,995da59129374a44,10,Lab,Noise
train/noise/995da59129374a44_w21.png,995da59129374a44,21,Lab,Noise
train/noise/995da59129374a44_w23.png,995da59129374a44,23,Lab,Noise
train/noise/995da59129374a44_w24.png,995da59129374a44,24,Lab,Noise
train/noise/995da59129374a44_w26.png,995da59129374a44,26,Lab,Noise
train/noise/99ceb10529af1f72_w02.png,99ceb10529af1f72,2,Field,Noise
train/noise/99ceb10529af1f72_w05.png,99ceb10529af1f72,5,Field,Noise
train/noise/99ceb10529af1f72_w08.png,99ceb10529af1f72,8,Field,Noise
train/noise/99ceb10529af1f72_w12.png,99ceb10529af1f72,12,Field,Noise
train/noise/99ceb10529af1f72_w14.png,99ceb10529af1f72,14,Field,Noise
train/noise/99ceb10529af1f72_w15.png,99ceb10529af1f72,15,Field,Noise
train/noise/99ceb10529af1f72_w16.png,99ceb10529af1f72,16,Field,Noise
train/noise/99ceb10529af1f72_w23.png,99ceb10529af1f72,23,Field,Noise
train/noise/99f5b0c93f04e9fa_w00.png,99f5b0c93f04e9fa,0,Field,Noise
train/noise/99f5b0c93f04e9fa_w01.png,99f5b0c93f04e9fa,1,Field,Noise
train/noise/99f5b0c93f04e9fa_w06.png,99f5b0c93f04e9fa,6,Field,Noise
train/noise/99f5b0c93f04e9fa_w10.png,99f5b0c93f04e9fa,10,Field,Noise
train/noise/99f5b0c93f04e9fa_w17.png,99f5b0c93f04e9fa,17,Field,Noise
train/noise/99f5b0c93f04e9fa_w20.png,99f5b0c93f04e9fa,20,Field,Noise
train/noise/99f5b0c93f04e9fa_w25.png,99f5b0c93f04e9fa,25,Field,Noise
train/noise/99f5b0c93f04e9fa_w27.png,99f5b0c93f04e9fa,27,Field,Noise
train/noise/9a17f6b0858600b6_w00.png,9a17f6b0858600b6,0,Lab,Noise
train/noise/9a17f6b0858600b6_w03.png,9a17f6b0858600b6,3,Lab,Noise
train/noise/9a17f6b0858600b6_w04.png,9a17f6b0858600b6,4,Lab,Noise
train/noise/9a17f6b0858600b6_w08.png,9a17f6b0858600b6,8,Lab,Noise
train/noise/9a17f6b0858600b6_w17.png,9a17f6b0858600b6,17,Lab,Noise
train/noise/9a17f6b0858600b6_w20.png,9a17f6b0858600b6,20,Lab,Noise
train/noise/9a17f6b0858600b6_w22.png,9a17f6b0858600b6,22,Lab,Noise
train/noise/9a17f6b0858600b6_w24.png,9a17f6b0858600b6,24,Lab,Noise
train/noise/9a2873dd42cda6b6_w00.png,9a2873dd42cda6b6,0,Field,Noise
train/noise/9a2873dd42cda6b6_w16.png,9a2873dd42cda6b6,16,Field,Noise
train/noise/9a2873dd42cda6b6_w18.png,9a2873dd42cda6b6,18,Field,Noise
train/noise/9a2873dd42cda6b6_w20.png,9a2873dd42cda6b6,20,Field,Noise
train/noise/9a2873dd42cda6b6_w22.png,9a2873dd42cda6b6,22,Field,Noise
train/noise/9a2873dd42cda6b6_w25.png,9a2873dd42cda6b6,25,Field,Noise
train/noise/9a2873dd42cda6b6_w26.png,9a2873dd42cda6b6,26,Field,Noise
train/noise/9a2873dd42cda6b6_w27.png,9a2873dd42cda6b6,27,Field,Noise
train/noise/9a3cc2591a8a2e2c_w00.png,9a3cc2591a8a2e2c,0,Lab,Noise
train/noise/9a3cc2591a8a2e2c_w01.png,9a3cc2591a8a2e2c,1,Lab,Noise
train/noise/9a3cc2591a8a2e2c_w05.png,9a3cc2591a8a2e2c,5,Lab,Noise
train/noise/9a3cc2591a8a2e2c_w07.png,9a3cc2591a8a2e2c,7,Lab,Noise
train/noise/9a3cc2591a8a2e2c_w12.png,9a3cc2591a8a2e2c,12,Lab,Noise
train/noise/9a3cc2591a8a2e2c_w13.png,9a3cc2591a8a2e2c,13,Lab,Noise
train/noise/9a3cc2591a8a2e2c_w17.png,9a3cc2591a8a2e2c,17,Lab,Noise
train/noise/9a3cc2591a8a2e2c_w25.png,9a3cc2591a8a2e2c,25,Lab,Noise
train/noise/9a601316fbab5235_w02.png,9a601316fbab5235,2,Field,Noise
train/noise/9a601316fbab5235_w03.png,9a601316fbab5235,3,Field,Noise
train/noise/9a601316fbab5235_w04.png,9a601316fbab5235,4,Field,Noise
train/noise/9a601316fbab5235_w11.png,9a601316fbab5235,11,Field,Noise
train/noise/9a601316fbab5235_w14.png,9a601316fbab5235,14,Field,Noise
train/noise/9a601316fbab5235_w24.png,9a601316fbab5235,24,Field,Noise
train/noise/9a601316fbab5235_w25.png,9a601316fbab5235,25,Field,Noise
train/noise/9a601316fbab5235_w27.png,9a601316fbab5235,27,Field,Noise
train/noise/9b5fbc4dd191b6c9_w00.png,9b5fbc4dd191b6c9,0,Field,Noise
train/noise/9b5fbc4dd191b6c9_w02.png,9b5fbc4dd191b6c9,2,Field,Noise
train/noise/9b5fbc4dd191b6c9_w04.png,9b5fbc4dd191b6c9,4,Field,Noise
train/noise/9b5fbc4dd191b6c9_w09.png,9b5fbc4dd191b6c9,9,Field,Noise
train/noise/9b5fbc4dd191b6c9_w10.png,9b5fbc4dd191b6c9,10,Field,Noise
train/noise/9b5fbc4dd191b6c9_w16.png,9b5fbc4dd191b6c9,16,Field,Noise
train/noise/9b5fbc4dd191b6c9_w22.png,9b5fbc4dd191b6c9,22,Field,Noise
train/noise/9b5fbc4dd191b6c9_w24.png,9b5fbc4dd191b6c9,24,Field,Noise
train/noise/9b8e32793e4b2ece_w01.png,9b8e32793e4b2ece,1,Field,Noise
train/noise/9b8e32793e4b2ece_w04.png,9b8e32793e4b2ece,4,Field,Noise
train/noise/9b8e32793e4b2ece_w06.png,9b8e32793e4b2ece,6,Field,Noise
train/noise/9b8e32793e4b2ece_w08.png,9b8e32793e4b2ece,8,Field,Noise
train/noise/9b8e32793e4b2ece_w09.png,9b8e32793e4b2ece,9,Field,Noise
train/noise/9b8e32793e4b2ece_w15.png,9b8e32793e4b2ece,15,Field,Noise
train/noise/9b8e32793e4b2ece_w20.png,9b8e32793e4b2ece,20,Field,Noise
train/noise/9b8e32793e4b2ece_w21.png,9b8e32793e4b2ece,21,Field,Noise
train/noise/9c494da5ac56b307_w00.png,9c494da5ac56b307,0,Field,Noise
train/noise/9c494da5ac56b307_w02.png,9c494da5ac56b307,2,Field,Noise
train/noise/9c494da5ac56b307_w04.png,9c494da5ac56b307,4,Field,Noise
train/noise/9c494da5ac56b307_w07.png,9c494da5ac56b307,7,Field,Noise
train/noise/9c494da5ac56b307_w16.png,9c494da5ac56b307,16,Field,Noise
train/noise/9c494da5ac56b307_w21.png,9c494da5ac56b307,21,Field,Noise
train/noise/9c494da5ac56b307_w23.png,9c494da5ac56b307,23,Field,Noise
train/noise/9c494da5ac56b307_w26.png,9c494da5ac56b307,26,Field,Noise
train/noise/9c88972826aa69d1_w00.png,9c88972826aa69d1,0,Field,Noise
train/noise/9c88972826aa69d1_w02.png,9c88972826aa69d1,2,Field,Noise
train/noise/9c88972826aa69d1_w03.png,9c88972826aa69d1,3,Field,Noise
train/noise/9c88972826aa69d1_w05.png,9c88972826aa69d1,5,Field,Noise
train/noise/9c88972826aa69d1_w08.png,9c88972826aa69d1,8,Field,Noise
train/noise/9c88972826aa69d1_w11.png,9c88972826aa69d1,11,Field,Noise
train/noise/9c88972826aa69d1_w14.png,9c88972826aa69d1,14,Field,Noise
train/noise/9c88972826aa69d1_w26.png,9c88972826aa69d1,26,Field,Noise
train/noise/9cad205b8584541b_w00.png,9cad205b8584541b,0,Field,Noise
train/noise/9cad205b8584541b_w08.png,9cad205b8584541b,8,Field,Noise
train/noise/9cad205b8584541b_w09.png,9cad205b8584541b,9,Field,Noise
train/noise/9cad205b8584541b_w10.png,9cad205b8584541b,10,Field,Noise
train/noise/9cad205b8584541b_w20.png,9cad205b8584541b,20,Field,Noise
train/noise/9cad205b8584541b_w23.png,9cad205b8584541b,23,Field,Noise
train/noise/9cad205b8584541b_w24.png,9cad205b8584541b,24,Field,Noise
train/noise/9cad205b8584541b_w26.png,9cad205b8584541b,26,Field,Noise
train/noise/9cb600f558b86d1f_w01.png,9cb600f558b86d1f,1,Field,Noise
train/noise/9cb600f558b86d1f_w10.png,9cb600f558b86d1f,10,Field,Noise
train/noise/9cb600f558b86d1f_w11.png,9cb600f558b86d1f,11,Field,Noise
train/noise/9cb600f558b86d1f_w12.png,9cb600f558b86d1f,12,Field,Noise
train/noise/9cb600f558b86d1f_w16.png,9cb600f558b86d1f,16,Field,Noise
train/noise/9cb600f558b86d1f_w18.png,9cb600f558b86d1f,18,Field,Noise
train/noise/9cb600f558b86d1f_w20.png,9cb600f558b86d1f,20,Field,Noise
train/noise/9cb600f558b86d1f_w23.png,9cb600f558b86d1f,23,Field,Noise
train/noise/9cc4913880f5be55_w00.png,9cc4913880f5be55,0,Field,Noise
train/noise/9cc4913880f5be55_w04.png,9cc4913880f5be55,4,Field,Noise
train/noise/9cc4913880f5be55_w08.png,9cc4913880f5be55,8,Field,Noise
train/noise/9cc4913880f5be55_w13.png,9cc4913880f5be55,13,Field,Noise
train/noise/9cc4913880f5be55_w16.png,9cc4913880f5be55,16,Field,Noise
train/noise/9cc4913880f5be55_w18.png,9cc4913880f5be55,18,Field,Noise
train/noise/9cc4913880f5be55_w20.png,9cc4913880f5be55,20,Field,Noise
train/noise/9cc4913880f5be55_w23.png,9cc4913880f5be55,23,Field,Noise
train/noise/9d81cc325e1830b0_w02.png,9d81cc325e1830b0,2,Field,Noise
train/noise/9d81cc325e1830b0_w06.png,9d81cc325e1830b0,6,Field,Noise
train/noise/9d81cc325e1830b0_w07.png,9d81cc325e1830b0,7,Field,Noise
train/noise/9d81cc325e1830b0_w12.png,9d81cc325e1830b0,12,Field,Noise
train/noise/9d81cc325e1830b0_w15.png,9d81cc325e1830b0,15,Field,Noise
train/noise/9d81cc325e1830b0_w21.png,9d81cc325e1830b0,21,Field,Noise
train/noise/9d81cc325e1830b0_w22.png,9d81cc325e1830b0,22,Field,Noise
train/noise/9d81cc325e1830b0_w26.png,9d81cc325e1830b0,26,Field,Noise
train/noise/9d91098a3991e6de_w00.png,9d91098a3991e6de,0,Field,Noise
train/noise/9d91098a3991e6de_w01.png,9d91098a3991e6de,1,Field,Noise
train/noise/9d91098a3991e6de_w08.png,9d91098a3991e6de,8,Field,Noise
train/noise/9d91098a3991e6de_w09.png,9d91098a3991e6de,9,Field,Noise
train/noise/9d91098a3991e6de_w13.png,9d91098a3991e6de,13,Field,Noise
train/noise/9d91098a3991e6de_w15.png,9d91098a3991e6de,15,Field,Noise
train/noise/9d91098a3991e6de_w16.png,9d91098a3991e6de,16,Field,Noise
train/noise/9d91098a3991e6de_w17.png,9d91098a3991e6de,17,Field,Noise
train/noise/9dc0d28f5572cc52_w03.png,9dc0d28f5572cc52,3,Field,Noise
train/noise/9dc0d28f5572cc52_w04.png,9dc0d28f5572cc52,4,Field,Noise
train/noise/9dc0d28f5572cc52_w14.png,9dc0d28f5572cc52,14,Field,Noise
train/noise/9dc0d28f5572cc52_w15.png,9dc0d28f5572cc52,15,Field,Noise
train/noise/9dc0d28f5572cc52_w17.png,9dc0d28f5572cc52,17,Field,Noise
train/noise/9dc0d28f5572cc52_w20.png,9dc0d28f5572cc52,20,Field,Noise
train/noise/9dc0d28f5572cc52_w23.png,9dc0d28f5572cc52,23,Field,Noise
train/noise/9dc0d28f5572cc52_w25.png,9dc0d28f5572cc52,25,Field,Noise
train/noise/9df7c23dca312cc8_w02.png,9df7c23dca312cc8,2,Field,Noise
train/noise/9df7c23dca312cc8_w03.png,9df7c23dca312cc8,3,Field,Noise
train/noise/9df7c23dca312cc8_w09.png,9df7c23dca312cc8,9,Field,Noise
train/noise/9df7c23dca312cc8_w10.png,9df7c23dca312cc8,10,Field,Noise
train/noise/9df7c23dca312cc8_w17.png,9df7c23dca312cc8,17,Field,Noise
train/noise/9df7c23dca312cc8_w21.png,9df7c23dca312cc8,21,Field,Noise
train/noise/9df7c23dca312cc8_w22.png,9df7c23dca312cc8,22,Field,Noise
train/noise/9df7c23dca312cc8_w25.png,9df7c23dca312cc8,25,Field,Noise
train/noise/9e301b9023c3b994_w02.png,9e301b9023c3b994,2,Field,Noise
train/noise/9e301b9023c3b994_w07.png,9e301b9023c3b994,7,Field,Noise
train/noise/9e301b9023c3b994_w13.png,9e301b9023c3b994,13,Field,Noise
train/noise/9e301b9023c3b994_w15.png,9e301b9023c3b994,15,Field,Noise
train/noise/9e301b9023c3b994_w22.png,9e301b9023c3b994,22,Field,Noise
train/noise/9e301b9023c3b994_w23.png,9e301b9023c3b994,23,Field,Noise
train/noise/9e301b9023c3b994_w24.png,9e301b9023c3b994,24,Field,Noise
train/noise/9e301b9023c3b994_w27.png,9e301b9023c3b994,27,Field,Noise
train/noise/9e51a433201e1aa5_w01.png,9e51a433201e1aa5,1,Lab,Noise
train/noise/9e51a433201e1aa5_w03.png,9e51a433201e1aa5,3,Lab,Noise
train/noise/9e51a433201e1aa5_w04.png,9e51a433201e1aa5,4,Lab,Noise
train/noise/9e51a433201e1aa5_w06.png,9e51a433201e1aa5,6,Lab,Noise
train/noise/9e51a433201e1aa5_w09.png,9e51a433201e1aa5,9,Lab,Noise
train/noise/9e51a433201e1aa5_w10.png,9e51a433201e1aa5,10,Lab,Noise
train/noise/9e51a433201e1aa5_w12.png,9e51a433201e1aa5,12,Lab,Noise
train/noise/9e51a433201e1aa5_w20.png,9e51a433201e1aa5,20,Lab,Noise
train/noise/9e625908b01b31a3_w00.png,9e625908b01b31a3,0,Field,Noise
train/noise/9e625908b01b31a3_w01.png,9e625908b01b31a3,1,Field,Noise
train/noise/9e625908b01b31a3_w08.png,9e625908b01b31a3,8,Field,Noise
train/noise/9e625908b01b31a3_w12.png,9e625908b01b31a3,12,Field,Noise
train/noise/9e625908b01b31a3_w13.png,9e625908b01b31a3,13,Field,Noise
train/noise/9e625908b01b31a3_w14.png,9e625908b01b31a3,14,Field,Noise
train/noise/9e625908b01b31a3_w17.png,9e625908b01b31a3,17,Field,Noise
train/noise/9e625908b01b31a3_w21.png,9e625908b01b31a3,21,Field,Noise
train/noise/9eb4732b7c5aae40_w02.png,9eb4732b7c5aae40,2,Field,Noise
train/noise/9eb4732b7c5aae40_w09.png,9eb4732b7c5aae40,9,Field,Noise
train/noise/9eb4732b7c5aae40_w12.png,9eb4732b7c5aae40,12,Field,Noise
train/noise/9eb4732b7c5aae40_w14.png,9eb4732b7c5aae40,14,Field,Noise
train/noise/9eb4732b7c5aae40_w15.png,9eb4732b7c5aae40,15,Field,Noise
train/noise/9eb4732b7c5aae40_w23.png,9eb4732b7c5aae40,23,Field,Noise
train/noise/9eb4732b7c5aae40_w25.png,9eb4732b7c5aae40,25,Field,Noise
train/noise/9eb4732b7c5aae40_w26.png,9eb4732b7c5aae40,26,Field,Noise
train/noise/9ee1832c9f07de75_w01.png,9ee1832c9f07de75,1,Field,Noise
train/noise/9ee1832c9f07de75_w04.png,9ee1832c9f07de75,4,Field,Noise
train/noise/9ee1832c9f07de75_w08.png,9ee1832c9f07de75,8,Field,Noise
train/noise/9ee1832c9f07de75_w12.png,9ee1832c9f07de75,12,Field,Noise
train/noise/9ee1832c9f07de75_w13.png,9ee1832c9f07de75,13,Field,Noise
train/noise/9ee1832c9f07de75_w14.png,9ee1832c9f07de75,14,Field,Noise
train/noise/9ee1832c9f07de75_w17.png,9ee1832c9f07de75,17,Field,Noise
train/noise/9ee1832c9f07de75_w21.png,9ee1832c9f07de75,21,Field,Noise
train/noise/9f0451f21f1a8439_w06.png,9f0451f21f1a8439,6,Field,Noise
train/noise/9f0451f21f1a8439_w09.png,9f0451f21f1a8439,9,Field,Noise
train/noise/9f0451f21f1a8439_w13.png,9f0451f21f1a8439,13,Field,Noise
train/noise/9f0451f21f1a8439_w14.png,9f0451f21f1a8439,14,Field,Noise
train/noise/9f0451f21f1a8439_w18.png,9f0451f21f1a8439,18,Field,Noise
train/noise/9f0451f21f1a8439_w19.png,9f0451f21f1a8439,19,Field,Noise
train/noise/9f0451f21f1a8439_w23.png,9f0451f21f1a8439,23,Field,Noise
train/noise/9f0451f21f1a8439_w27.png,9f0451f21f1a8439,27,Field,Noise
train/noise/9f4c8a13dd0ce299_w02.png,9f4c8a13dd0ce299,2,Lab,Noise
train/noise/9f4c8a13dd0ce299_w05.png,9f4c8a13dd0ce299,5,Lab,Noise
train/noise/9f4c8a13dd0ce299_w06.png,9f4c8a13dd0ce299,6,Lab,Noise
train/noise/9f4c8a13dd0ce299_w09.png,9f4c8a13dd0ce299,9,Lab,Noise
train/noise/9f4c8a13dd0ce299_w10.png,9f4c8a13dd0ce299,10,Lab,Noise
train/noise/9f4c8a13dd0ce299_w16.png,9f4c8a13dd0ce299,16,Lab,Noise
train/noise/9f4c8a13dd0ce299_w25.png,9f4c8a13dd0ce299,25,Lab,Noise
train/noise/9f4c8a13dd0ce299_w26.png,9f4c8a13dd0ce299,26,Lab,Noise
train/noise/9fa70f9e5fb6706b_w02.png,9fa70f9e5fb6706b,2,Field,Noise
train/noise/9fa70f9e5fb6706b_w03.png,9fa70f9e5fb6706b,3,Field,Noise
train/noise/9fa70f9e5fb6706b_w06.png,9fa70f9e5fb6706b,6,Field,Noise
train/noise/9fa70f9e5fb6706b_w08.png,9fa70f9e5fb6706b,8,Field,Noise
train/noise/9fa70f9e5fb6706b_w10.png,9fa70f9e5fb6706b,10,Field,Noise
train/noise/9fa70f9e5fb6706b_w15.png,9fa70f9e5fb6706b,15,Field,Noise
train/noise/9fa70f9e5fb6706b_w18.png,9fa70f9e5fb6706b,18,Field,Noise
train/noise/9fa70f9e5fb6706b_w25.png,9fa70f9e5fb6706b,25,Field,Noise
train/noise/9fc25ab082f0531e_w03.png,9fc25ab082f0531e,3,Field,Noise
train/noise/9fc25ab082f0531e_w05.png,9fc25ab082f0531e,5,Field,Noise
train/noise/9fc25ab082f0531e_w10.png,9fc25ab082f0531e,10,Field,Noise
train/noise/9fc25ab082f0531e_w14.png,9fc25ab082f0531e,14,Field,Noise
train/noise/9fc25ab082f0531e_w17.png,9fc25ab082f0531e,17,Field,Noise
train/noise/9fc25ab082f0531e_w20.png,9fc25ab082f0531e,20,Field,Noise
train/noise/9fc25ab082f0531e_w23.png,9fc25ab082f0531e,23,Field,Noise
train/noise/9fc25ab082f0531e_w25.png,9fc25ab082f0531e,25,Field,Noise
train/noise/a0064deadcc46df3_w00.png,a0064deadcc46df3,0,Field,Noise
train/noise/a0064deadcc46df3_w01.png,a0064deadcc46df3,1,Field,Noise
train/noise/a0064deadcc46df3_w03.png,a0064deadcc46df3,3,Field,Noise
train/noise/a0064deadcc46df3_w04.png,a0064deadcc46df3,4,Field,Noise
train/noise/a0064deadcc46df3_w05.png,a0064deadcc46df3,5,Field,Noise
train/noise/a0064deadcc46df3_w09.png,a0064deadcc46df3,9,Field,Noise
train/noise/a0064deadcc46df3_w15.png,a0064deadcc46df3,15,Field,Noise
train/noise/a0064deadcc46df3_w21.png,a0064deadcc46df3,21,Field,Noise
train/noise/a09a9caee8e02e0f_w02.png,a09a9caee8e02e0f,2,Lab,Noise
train/noise/a09a9caee8e02e0f_w07.png,a09a9caee8e02e0f,7,Lab,Noise
train/noise/a09a9caee8e02e0f_w09.png,a09a9caee8e02e0f,9,Lab,Noise
train/noise/a09a9caee8e02e0f_w12.png,a09a9caee8e02e0f,12,Lab,Noise
train/noise/a09a9caee8e02e0f_w13.png,a09a9caee8e02e0f,13,Lab,Noise
train/noise/a09a9caee8e02e0f_w17.png,a09a9caee8e02e0f,17,Lab,Noise
train/noise/a09a9caee8e02e0f_w18.png,a09a9caee8e02e0f,18,Lab,Noise
train/noise/a09a9caee8e02e0f_w21.png,a09a9caee8e02e0f,21,Lab,Noise
train/noise/a1967c91c314aac1_w00.png,a1967c91c314aac1,0,Field,Noise
train/noise/a1967c91c314aac1_w06.png,a1967c91c314aac1,6,Field,Noise
train/noise/a1967c91c314aac1_w09.png,a1967c91c314aac1,9,Field,Noise
train/noise/a1967c91c314aac1_w12.png,a1967c91c314aac1,12,Field,Noise
train/noise/a1967c91c314aac1_w13.png,a1967c91c314aac1,13,Field,Noise
train/noise/a1967c91c314aac1_w14.png,a1967c91c314aac1,14,Field,Noise
train/noise/a1967c91c314aac1_w21.png,a1967c91c314aac1,21,Field,Noise
train/noise/a1967c91c314aac1_w24.png,a1967c91c314aac1,24,Field,Noise
train/noise/a1b56d2971b8579f_w04.png,a1b56d2971b8579f,4,Field,Noise
train/noise/a1b56d2971b8579f_w07.png,a1b56d2971b8579f,7,Field,Noise
train/noise/a1b56d2971b8579f_w12.png,a1b56d2971b8579f,12,Field,Noise
train/noise/a1b56d2971b8579f_w13.png,a1b56d2971b8579f,13,Field,Noise
train/noise/a1b56d2971b8579f_w18.png,a1b56d2971b8579f,18,Field,Noise
train/noise/a1b56d2971b8579f_w20.png,a1b56d2971b8579f,20,Field,Noise
train/noise/a1b56d2971b8579f_w21.png,a1b56d2971b8579f,21,Field,Noise
train/noise/a1b56d2971b8579f_w23.png,a1b56d2971b8579f,23,Field,Noise
train/noise/a1d69ec70bcd9b29_w01.png,a1d69ec70bcd9b29,1,Field,Noise
train/noise/a1d69ec70bcd9b29_w03.png,a1d69ec70bcd9b29,3,Field,Noise
train/noise/a1d69ec70bcd9b29_w10.png,a1d69ec70bcd9b29,10,Field,Noise
train/noise/a1d69ec70bcd9b29_w11.png,a1d69ec70bcd9b29,11,Field,Noise
train/noise/a1d69ec70bcd9b29_w22.png,a1d69ec70bcd9b29,22,Field,Noise
train/noise/a1d69ec70bcd9b29_w23.png,a1d69ec70bcd9b29,23,Field,Noise
train/noise/a1d69ec70bcd9b29_w24.png,a1d69ec70bcd9b29,24,Field,Noise
train/noise/a1d69ec70bcd9b29_w25.png,a1d69ec70bcd9b29,25,Field,Noise
train/noise/a25998cd0dbd6aaa_w04.png,a25998cd0dbd6aaa,4,Field,Noise
train/noise/a25998cd0dbd6aaa_w05.png,a25998cd0dbd6aaa,5,Field,Noise
train/noise/a25998cd0dbd6aaa_w13.png,a25998cd0dbd6aaa,13,Field,Noise
train/noise/a25998cd0dbd6aaa_w14.png,a25998cd0dbd6aaa,14,Field,Noise
train/noise/a25998cd0dbd6aaa_w17.png,a25998cd0dbd6aaa,17,Field,Noise
train/noise/a25998cd0dbd6aaa_w19.png,a25998cd0dbd6aaa,19,Field,Noise
train/noise/a25998cd0dbd6aaa_w25.png,a25998cd0dbd6aaa,25,Field,Noise
train/noise/a25998cd0dbd6aaa_w27.png,a25998cd0dbd6aaa,27,Field,Noise
train/noise/a2a723eb5a18b5ce_w08.png,a2a723eb5a18b5ce,8,Field,Noise
train/noise/a2a723eb5a18b5ce_w10.png,a2a723eb5a18b5ce,10,Field,Noise
train/noise/a2a723eb5a18b5ce_w12.png,a2a723eb5a18b5ce,12,Field,Noise
train/noise/a2a723eb5a18b5ce_w14.png,a2a723eb5a18b5ce,14,Field,Noise
train/noise/a2a723eb5a18b5ce_w15.png,a2a723eb5a18b5ce,15,Field,Noise
train/noise/a2a723eb5a18b5ce_w16.png,a2a723eb5a18b5ce,16,Field,Noise
train/noise/a2a723eb5a18b5ce_w22.png,a2a723eb5a18b5ce,22,Field,Noise
train/noise/a2a723eb5a18b5ce_w27.png,a2a723eb5a18b5ce,27,Field,Noise
train/noise/a2a8ca443d6c0b0d_w00.png,a2a8ca443d6c0b0d,0,Field,Noise
train/noise/a2a8ca443d6c0b0d_w05.png,a2a8ca443d6c0b0d,5,Field,Noise
train/noise/a2a8ca443d6c0b0d_w06.png,a2a8ca443d6c0b0d,6,Field,Noise
train/noise/a2a8ca443d6c0b0d_w08.png,a2a8ca443d6c0b0d,8,Field,Noise
train/noise/a2a8ca443d6c0b0d_w10.png,a2a8ca443d6c0b0d,10,Field,Noise
train/noise/a2a8ca443d6c0b0d_w16.png,a2a8ca443d6c0b0d,16,Field,Noise
train/noise/a2a8ca443d6c0b0d_w20.png,a2a8ca443d6c0b0d,20,Field,Noise
train/noise/a2a8ca443d6c0b0d_w22.png,a2a8ca443d6c0b0d,22,Field,Noise
train/noise/a301e3fc7b9f027c_w01.png,a301e3fc7b9f027c,1,Field,Noise
train/noise/a301e3fc7b9f027c_w15.png,a301e3fc7b9f027c,15,Field,Noise
train/noise/a301e3fc7b9f027c_w16.png,a301e3fc7b9f027c,16,Field,Noise
train/noise/a301e3fc7b9f027c_w18.png,a301e3fc7b9f027c,18,Field,Noise
train/noise/a301e3fc7b9f027c_w19.png,a301e3fc7b9f027c,19,Field,Noise
train/noise/a301e3fc7b9f027c_w20.png,a301e3fc7b9f027c,20,Field,Noise
train/noise/a301e3fc7b9f027c_w22.png,a301e3fc7b9f027c,22,Field,Noise
train/noise/a301e3fc7b9f027c_w24.png,a301e3fc7b9f027c,24,Field,Noise
train/noise/a30205fdc9fc9c30_w03.png,a30205fdc9fc9c30,3,Field,Noise
train/noise/a30205fdc9fc9c30_w06.png,a30205fdc9fc9c30,6,Field,Noise
train/noise/a30205fdc9fc9c30_w11.png,a30205fdc9fc9c30,11,Field,Noise
train/noise/a30205fdc9fc9c30_w14.png,a30205fdc9fc9c30,14,Field,Noise
train/noise/a30205fdc9fc9c30_w15.png,a30205fdc9fc9c30,15,Field,Noise
train/noise/a30205fdc9fc9c30_w18.png,a30205fdc9fc9c30,18,Field,Noise
train/noise/a30205fdc9fc9c30_w22.png,a30205fdc9fc9c30,22,Field,Noise
train/noise/a30205fdc9fc9c30_w26.png,a30205fdc9fc9c30,26,Field,Noise
train/noise/a31ee1c962302fa0_w04.png,a31ee1c962302fa0,4,Field,Noise
train/noise/a31ee1c962302fa0_w07.png,a31ee1c962302fa0,7,Field,Noise
train/noise/a31ee1c962302fa0_w08.png,a31ee1c962302fa0,8,Field,Noise
train/noise/a31ee1c962302fa0_w13.png,a31ee1c962302fa0,13,Field,Noise
train/noise/a31ee1c962302fa0_w16.png,a31ee1c962302fa0,16,Field,Noise
train/noise/a31ee1c962302fa0_w18.png,a31ee1c962302fa0,18,Field,Noise
train/noise/a31ee1c962302fa0_w24.png,a31ee1c962302fa0,24,Field,Noise
train/noise/a31ee1c962302fa0_w25.png,a31ee1c962302fa0,25,Field,Noise
train/noise/a42338527a3ea057_w01.png,a42338527a3ea057,1,Field,Noise
train/noise/a42338527a3ea057_w04.png,a42338527a3ea057,4,Field,Noise
train/noise/a42338527a3ea057_w07.png,a42338527a3ea057,7,Field,Noise
train/noise/a42338527a3ea057_w08.png,a42338527a3ea057,8,Field,Noise
train/noise/a42338527a3ea057_w09.png,a42338527a3ea057,9,Field,Noise
train/noise/a42338527a3ea057_w10.png,a42338527a3ea057,10,Field,Noise
train/noise/a42338527a3ea057_w17.png,a42338527a3ea057,17,Field,Noise
train/noise/a42338527a3ea057_w27.png,a42338527a3ea057,27,Field,Noise
train/noise/a43e57f140404a09_w07.png,a43e57f140404a09,7,Field,Noise
train/noise/a43e57f140404a09_w10.png,a43e57f140404a09,10,Field,Noise
train/noise/a43e57f140404a09_w12.png,a43e57f140404a09,12,Field,Noise
train/noise/a43e57f140404a09_w13.png,a43e57f140404a09,13,Field,Noise
train/noise/a43e57f140404a09_w14.png,a43e57f140404a09,14,Field,Noise
train/noise/a43e57f140404a09_w15.png,a43e57f140404a09,15,Field,Noise
train/noise/a43e57f140404a09_w16.png,a43e57f140404a09,16,Field,Noise
train/noise/a43e57f140404a09_w18.png,a43e57f140404a09,18,Field,Noise
train/noise/a474b6277be44090_w01.png,a474b6277be44090,1,Field,Noise
train/noise/a474b6277be44090_w06.png,a474b6277be44090,6,Field,Noise
train/noise/a474b6277be44090_w07.png,a474b6277be44090,7,Field,Noise
train/noise/a474b6277be44090_w11.png,a474b6277be44090,11,Field,Noise
train/noise/a474b6277be44090_w12.png,a474b6277be44090,12,Field,Noise
train/noise/a474b6277be44090_w15.png,a474b6277be44090,15,Field,Noise
train/noise/a474b6277be44090_w17.png,a474b6277be44090,17,Field,Noise
train/noise/a474b6277be44090_w21.png,a474b6277be44090,21,Field,Noise
train/noise/a500b1b72fc9c06a_w00.png,a500b1b72fc9c06a,0,Field,Noise
train/noise/a500b1b72fc9c06a_w08.png,a500b1b72fc9c06a,8,Field,Noise
train/noise/a500b1b72fc9c06a_w11.png,a500b1b72fc9c06a,11,Field,Noise
train/noise/a500b1b72fc9c06a_w14.png,a500b1b72fc9c06a,14,Field,Noise
train/noise/a500b1b72fc9c06a_w20.png,a500b1b72fc9c06a,20,Field,Noise
train/noise/a500b1b72fc9c06a_w22.png,a500b1b72fc9c06a,22,Field,Noise
train/noise/a500b1b72fc9c06a_w26.png,a500b1b72fc9c06a,26,Field,Noise
train/noise/a500b1b72fc9c06a_w27.png,a500b1b72fc9c06a,27,Field,Noise
train/noise/a544434e650e1055_w05.png,a544434e650e1055,5,Field,Noise
train/noise/a544434e650e1055_w06.png,a544434e650e1055,6,Field,Noise
train/noise/a544434e650e1055_w08.png,a544434e650e1055,8,Field,Noise
train/noise/a544434e650e1055_w13.png,a544434e650e1055,13,Field,Noise
train/noise/a544434e650e1055_w17.png,a544434e650e1055,17,Field,Noise
train/noise/a544434e650e1055_w22.png,a544434e650e1055,22,Field,Noise
train/noise/a544434e650e1055_w26.png,a544434e650e1055,26,Field,Noise
train/noise/a544434e650e1055_w27.png,a544434e650e1055,27,Field,Noise
train/noise/a5740bc7e1121abc_w01.png,a5740bc7e1121abc,1,Field,Noise
train/noise/a5740bc7e1121abc_w03.png,a5740bc7e1121abc,3,Field,Noise
train/noise/a5740bc7e1121abc_w08.png,a5740bc7e1121abc,8,Field,Noise
train/noise/a5740bc7e1121abc_w09.png,a5740bc7e1121abc,9,Field,Noise
train/noise/a5740bc7e1121abc_w11.png,a5740bc7e1121abc,11,Field,Noise
train/noise/a5740bc7e1121abc_w18.png,a5740bc7e1121abc,18,Field,Noise
train/noise/a5740bc7e1121abc_w20.png,a5740bc7e1121abc,20,Field,Noise
train/noise/a5740bc7e1121abc_w25.png,a5740bc7e1121abc,25,Field,Noise
train/noise/a586e512e869d022_w04.png,a586e512e869d022,4,Field,Noise
train/noise/a586e512e869d022_w06.png,a586e512e869d022,6,Field,Noise
train/noise/a586e512e869d022_w08.png,a586e512e869d022,8,Field,Noise
train/noise/a586e512e869d022_w09.png,a586e512e869d022,9,Field,Noise
train/noise/a586e512e869d022_w16.png,a586e512e869d022,16,Field,Noise
train/noise/a586e512e869d022_w17.png,a586e512e869d022,17,Field,Noise
train/noise/a586e512e869d022_w21.png,a586e512e869d022,21,Field,Noise
train/noise/a586e512e869d022_w27.png,a586e512e869d022,27,Field,Noise
train/noise/a5963026bb601f29_w00.png,a5963026bb601f29,0,Field,Noise
train/noise/a5963026bb601f29_w01.png,a5963026bb601f29,1,Field,Noise
train/noise/a5963026bb601f29_w04.png,a5963026bb601f29,4,Field,Noise
train/noise/a5963026bb601f29_w11.png,a5963026bb601f29,11,Field,Noise
train/noise/a5963026bb601f29_w17.png,a5963026bb601f29,17,Field,Noise
train/noise/a5963026bb601f29_w23.png,a5963026bb601f29,23,Field,Noise
train/noise/a5963026bb601f29_w24.png,a5963026bb601f29,24,Field,Noise
train/noise/a5963026bb601f29_w27.png,a5963026bb601f29,27,Field,Noise
train/noise/a6887fb82634a7e7_w00.png,a6887fb82634a7e7,0,Field,Noise
train/noise/a6887fb82634a7e7_w09.png,a6887fb82634a7e7,9,Field,Noise
train/noise/a6887fb82634a7e7_w10.png,a6887fb82634a7e7,10,Field,Noise
train/noise/a6887fb82634a7e7_w17.png,a6887fb82634a7e7,17,Field,Noise
train/noise/a6887fb82634a7e7_w18.png,a6887fb82634a7e7,18,Field,Noise
train/noise/a6887fb82634a7e7_w19.png,a6887fb82634a7e7,19,Field,Noise
train/noise/a6887fb82634a7e7_w21.png,a6887fb82634a7e7,21,Field,Noise
train/noise/a6887fb82634a7e7_w26.png,a6887fb82634a7e7,26,Field,Noise
train/noise/a6bc42f816a9e477_w02.png,a6bc42f816a9e477,2,Field,Noise
train/noise/a6bc42f816a9e477_w05.png,a6bc42f816a9e477,5,Field,Noise
train/noise/a6bc42f816a9e477_w09.png,a6bc42f816a9e477,9,Field,Noise
train/noise/a6bc42f816a9e477_w14.png,a6bc42f816a9e477,14,Field,Noise
train/noise/a6bc42f816a9e477_w16.png,a6bc42f816a9e477,16,Field,Noise
train/noise/a6bc42f816a9e477_w19.png,a6bc42f816a9e477,19,Field,Noise
train/noise/a6bc42f816a9e477_w21.png,a6bc42f816a9e477,21,Field,Noise
train/noise/a6bc42f816a9e477_w27.png,a6bc42f816a9e477,27,Field,Noise
train/noise/a6e8068ec81578bd_w01.png,a6e8068ec81578bd,1,Field,Noise
train/noise/a6e8068ec81578bd_w09.png,a6e8068ec81578bd,9,Field,Noise
train/noise/a6e8068ec81578bd_w12.png,a6e8068ec81578bd,12,Field,Noise
train/noise/a6e8068ec81578bd_w14.png,a6e8068ec81578bd,14,Field,Noise
train/noise/a6e8068ec81578bd_w15.png,a6e8068ec81578bd,15,Field,Noise
train/noise/a6e8068ec81578bd_w20.png,a6e8068ec81578bd,20,Field,Noise
train/noise/a6e8068ec81578bd_w22.png,a6e8068ec81578bd,22,Field,Noise
train/noise/a6e8068ec81578bd_w27.png,a6e8068ec81578bd,27,Field,Noise
train/noise/a6f32982e6f94d39_w00.png,a6f32982e6f94d39,0,Lab,Noise
train/noise/a6f32982e6f94d39_w04.png,a6f32982e6f94d39,4,Lab,Noise
train/noise/a6f32982e6f94d39_w05.png,a6f32982e6f94d39,5,Lab,Noise
train/noise/a6f32982e6f94d39_w12.png,a6f32982e6f94d39,12,Lab,Noise
train/noise/a6f32982e6f94d39_w15.png,a6f32982e6f94d39,15,Lab,Noise
train/noise/a6f32982e6f94d39_w18.png,a6f32982e6f94d39,18,Lab,Noise
train/noise/a6f32982e6f94d39_w19.png,a6f32982e6f94d39,19,Lab,Noise
train/noise/a6f32982e6f94d39_w27.png,a6f32982e6f94d39,27,Lab,Noise
train/noise/a77e747fec2ae371_w05.png,a77e747fec2ae371,5,Field,Noise
train/noise/a77e747fec2ae371_w07.png,a77e747fec2ae371,7,Field,Noise
train/noise/a77e747fec2ae371_w09.png,a77e747fec2ae371,9,Field,Noise
train/noise/a77e747fec2ae371_w10.png,a77e747fec2ae371,10,Field,Noise
train/noise/a77e747fec2ae371_w14.png,a77e747fec2ae371,14,Field,Noise
train/noise/a77e747fec2ae371_w15.png,a77e747fec2ae371,15,Field,Noise
train/noise/a77e747fec2ae371_w18.png,a77e747fec2ae371,18,Field,Noise
train/noise/a77e747fec2ae371_w26.png,a77e747fec2ae371,26,Field,Noise
train/noise/a7c5c51db99f2099_w11.png,a7c5c51db99f2099,11,Lab,Noise
train/noise/a7c5c51db99f2099_w16.png,a7c5c51db99f2099,16,Lab,Noise
train/noise/a7c5c51db99f2099_w17.png,a7c5c51db99f2099,17,Lab,Noise
train/noise/a7c5c51db99f2099_w19.png,a7c5c51db99f2099,19,Lab,Noise
train/noise/a7c5c51db99f2099_w21.png,a7c5c51db99f2099,21,Lab,Noise
train/noise/a7c5c51db99f2099_w23.png,a7c5c51db99f2099,23,Lab,Noise
train/noise/a7c5c51db99f2099_w24.png,a7c5c51db99f2099,24,Lab,Noise
train/noise/a7c5c51db99f2099_w26.png,a7c5c51db99f2099,26,Lab,Noise
train/noise/a7f91ed25267b2eb_w05.png,a7f91ed25267b2eb,5,Field,Noise
train/noise/a7f91ed25267b2eb_w06.png,a7f91ed25267b2eb,6,Field,Noise
train/noise/a7f91ed25267b2eb_w07.png,a7f91ed25267b2eb,7,Field,Noise
train/noise/a7f91ed25267b2eb_w08.png,a7f91ed25267b2eb,8,Field,Noise
train/noise/a7f91ed25267b2eb_w17.png,a7f91ed25267b2eb,17,Field,Noise
train/noise/a7f91ed25267b2eb_w20.png,a7f91ed25267b2eb,20,Field,Noise
train/noise/a7f91ed25267b2eb_w21.png,a7f91ed25267b2eb,21,Field,Noise
train/noise/a7f91ed25267b2eb_w27.png,a7f91ed25267b2eb,27,Field,Noise
train/noise/a868615849e27b9a_w01.png,a868615849e27b9a,1,Field,Noise
train/noise/a868615849e27b9a_w02.png,a868615849e27b9a,2,Field,Noise
train/noise/a868615849e27b9a_w04.png,a868615849e27b9a,4,Field,Noise
train/noise/a868615849e27b9a_w06.png,a868615849e27b9a,6,Field,Noise
train/noise/a868615849e27b9a_w15.png,a868615849e27b9a,15,Field,Noise
train/noise/a868615849e27b9a_w18.png,a868615849e27b9a,18,Field,Noise
train/noise/a868615849e27b9a_w24.png,a868615849e27b9a,24,Field,Noise
train/noise/a868615849e27b9a_w26.png,a868615849e27b9a,26,Field,Noise
train/noise/a8c11c5cc144b945_w00.png,a8c11c5cc144b945,0,Field,Noise
train/noise/a8c11c5cc144b945_w06.png,a8c11c5cc144b945,6,Field,Noise
train/noise/a8c11c5cc144b945_w07.png,a8c11c5cc144b945,7,Field,Noise
train/noise/a8c11c5cc144b945_w09.png,a8c11c5cc144b945,9,Field,Noise
train/noise/a8c11c5cc144b945_w12.png,a8c11c5cc144b945,12,Field,Noise
train/noise/a8c11c5cc144b945_w17.png,a8c11c5cc144b945,17,Field,Noise
train/noise/a8c11c5cc144b945_w20.png,a8c11c5cc144b945,20,Field,Noise
train/noise/a8c11c5cc144b945_w22.png,a8c11c5cc144b945,22,Field,Noise
train/noise/a9f341076d2c6ac6_w00.png,a9f341076d2c6ac6,0,Field,Noise
train/noise/a9f341076d2c6ac6_w06.png,a9f341076d2c6ac6,6,Field,Noise
train/noise/a9f341076d2c6ac6_w08.png,a9f341076d2c6ac6,8,Field,Noise
train/noise/a9f341076d2c6ac6_w21.png,a9f341076d2c6ac6,21,Field,Noise
train/noise/a9f341076d2c6ac6_w22.png,a9f341076d2c6ac6,22,Field,Noise
train/noise/a9f341076d2c6ac6_w25.png,a9f341076d2c6ac6,25,Field,Noise
train/noise/a9f341076d2c6ac6_w26.png,a9f341076d2c6ac6,26,Field,Noise
train/noise/a9f341076d2c6ac6_w27.png,a9f341076d2c6ac6,27,Field,Noise
train/noise/aa2901679f7d0a2e_w00.png,aa2901679f7d0a2e,0,Field,Noise
train/noise/aa2901679f7d0a2e_w03.png,aa2901679f7d0a2e,3,Field,Noise
train/noise/aa2901679f7d0a2e_w10.png,aa2901679f7d0a2e,10,Field,Noise
train/noise/aa2901679f7d0a2e_w12.png,aa2901679f7d0a2e,12,Field,Noise
train/noise/aa2901679f7d0a2e_w15.png,aa2901679f7d0a2e,15,Field,Noise
train/noise/aa2901679f7d0a2e_w18.png,aa2901679f7d0a2e,18,Field,Noise
train/noise/aa2901679f7d0a2e_w24.png,aa2901679f7d0a2e,24,Field,Noise
train/noise/aa2901679f7d0a2e_w25.png,aa2901679f7d0a2e,25,Field,Noise
train/noise/aa57b8962804342e_w04.png,aa57b8962804342e,4,Field,Noise
train/noise/aa57b8962804342e_w07.png,aa57b8962804342e,7,Field,Noise
train/noise/aa57b8962804342e_w10.png,aa57b8962804342e,10,Field,Noise
train/noise/aa57b8962804342e_w15.png,aa57b8962804342e,15,Field,Noise
train/noise/aa57b8962804342e_w17.png,aa57b8962804342e,17,Field,Noise
train/noise/aa57b8962804342e_w18.png,aa57b8962804342e,18,Field,Noise
train/noise/aa57b8962804342e_w23.png,aa57b8962804342e,23,Field,Noise
train/noise/aa57b8962804342e_w27.png,aa57b8962804342e,27,Field,Noise
train/noise/aa8a17b7ee06d915_w00.png,aa8a17b7ee06d915,0,Field,Noise
train/noise/aa8a17b7ee06d915_w01.png,aa8a17b7ee06d915,1,Field,Noise
train/noise/aa8a17b7ee06d915_w04.png,aa8a17b7ee06d915,4,Field,Noise
train/noise/aa8a17b7ee06d915_w05.png,aa8a17b7ee06d915,5,Field,Noise
train/noise/aa8a17b7ee06d915_w10.png,aa8a17b7ee06d915,10,Field,Noise
train/noise/aa8a17b7ee06d915_w12.png,aa8a17b7ee06d915,12,Field,Noise
train/noise/aa8a17b7ee06d915_w16.png,aa8a17b7ee06d915,16,Field,Noise
train/noise/aa8a17b7ee06d915_w27.png,aa8a17b7ee06d915,27,Field,Noise
train/noise/aa90f9c47727a037_w01.png,aa90f9c47727a037,1,Field,Noise
train/noise/aa90f9c47727a037_w02.png,aa90f9c47727a037,2,Field,Noise
train/noise/aa90f9c47727a037_w03.png,aa90f9c47727a037,3,Field,Noise
train/noise/aa90f9c47727a037_w06.png,aa90f9c47727a037,6,Field,Noise
train/noise/aa90f9c47727a037_w15.png,aa90f9c47727a037,15,Field,Noise
train/noise/aa90f9c47727a037_w17.png,aa90f9c47727a037,17,Field,Noise
train/noise/aa90f9c47727a037_w21.png,aa90f9c47727a037,21,Field,Noise
train/noise/aa90f9c47727a037_w23.png,aa90f9c47727a037,23,Field,Noise
train/noise/aa96d41315dd9b7d_w02.png,aa96d41315dd9b7d,2,Field,Noise
train/noise/aa96d41315dd9b7d_w09.png,aa96d41315dd9b7d,9,Field,Noise
train/noise/aa96d41315dd9b7d_w11.png,aa96d41315dd9b7d,11,Field,Noise
train/noise/aa96d41315dd9b7d_w14.png,aa96d41315dd9b7d,14,Field,Noise
train/noise/aa96d41315dd9b7d_w16.png,aa96d41315dd9b7d,16,Field,Noise
train/noise/aa96d41315dd9b7d_w17.png,aa96d41315dd9b7d,17,Field,Noise
train/noise/aa96d41315dd9b7d_w24.png,aa96d41315dd9b7d,24,Field,Noise
train/noise/aa96d41315dd9b7d_w26.png,aa96d41315dd9b7d,26,Field,Noise
train/noise/aadfcbbb4839d8a1_w00.png,aadfcbbb4839d8a1,0,Field,Noise
train/noise/aadfcbbb4839d8a1_w04.png,aadfcbbb4839d8a1,4,Field,Noise
train/noise/aadfcbbb4839d8a1_w06.png,aadfcbbb4839d8a1,6,Field,Noise
train/noise/aadfcbbb4839d8a1_w11.png,aadfcbbb4839d8a1,11,Field,Noise
train/noise/aadfcbbb4839d8a1_w13.png,aadfcbbb4839d8a1,13,Field,Noise
train/noise/aadfcbbb4839d8a1_w17.png,aadfcbbb4839d8a1,17,Field,Noise
train/noise/aadfcbbb4839d8a1_w20.png,aadfcbbb4839d8a1,20,Field,Noise
train/noise/aadfcbbb4839d8a1_w25.png,aadfcbbb4839d8a1,25,Field,Noise
train/noise/aaeeea5b3b5e492d_w00.png,aaeeea5b3b5e492d,0,Field,Noise
train/noise/aaeeea5b3b5e492d_w01.png,aaeeea5b3b5e492d,1,Field,Noise
train/noise/aaeeea5b3b5e492d_w03.png,aaeeea5b3b5e492d,3,Field,Noise
train/noise/aaeeea5b3b5e492d_w07.png,aaeeea5b3b5e492d,7,Field,Noise
train/noise/aaeeea5b3b5e492d_w09.png,aaeeea5b3b5e492d,9,Field,Noise
train/noise/aaeeea5b3b5e492d_w11.png,aaeeea5b3b5e492d,11,Field,Noise
train/noise/aaeeea5b3b5e492d_w18.png,aaeeea5b3b5e492d,18,Field,Noise
train/noise/aaeeea5b3b5e492d_w27.png,aaeeea5b3b5e492d,27,Field,Noise
train/noise/ab0aea8bf3a566b4_w03.png,ab0aea8bf3a566b4,3,Field,Noise
train/noise/ab0aea8bf3a566b4_w08.png,ab0aea8bf3a566b4,8,Field,Noise
train/noise/ab0aea8bf3a566b4_w10.png,ab0aea8bf3a566b4,10,Field,Noise
train/noise/ab0aea8bf3a566b4_w12.png,ab0aea8bf3a566b4,12,Field,Noise
train/noise/ab0aea8bf3a566b4_w16.png,ab0aea8bf3a566b4,16,Field,Noise
train/noise/ab0aea8bf3a566b4_w18.png,ab0aea8bf3a566b4,18,Field,Noise
train/noise/ab0aea8bf3a566b4_w22.png,ab0aea8bf3a566b4,22,Field,Noise
train/noise/ab0aea8bf3a566b4_w26.png,ab0aea8bf3a566b4,26,Field,Noise
train/noise/ab26fa8ec1eea766_w00.png,ab26fa8ec1eea766,0,Lab,Noise
train/noise/ab26fa8ec1eea766_w02.png,ab26fa8ec1eea766,2,Lab,Noise
train/noise/ab26fa8ec1eea766_w09.png,ab26fa8ec1eea766,9,Lab,Noise
train/noise/ab26fa8ec1eea766_w10.png,ab26fa8ec1eea766,10,Lab,Noise
train/noise/ab26fa8ec1eea766_w12.png,ab26fa8ec1eea766,12,Lab,Noise
train/noise/ab26fa8ec1eea766_w23.png,ab26fa8ec1eea766,23,Lab,Noise
train/noise/ab26fa8ec1eea766_w24.png,ab26fa8ec1eea766,24,Lab,Noise
train/noise/ab26fa8ec1eea766_w27.png,ab26fa8ec1eea766,27,Lab,Noise
train/noise/ab352e3a7a2c37c8_w07.png,ab352e3a7a2c37c8,7,Lab,Noise
train/noise/ab352e3a7a2c37c8_w09.png,ab352e3a7a2c37c8,9,Lab,Noise
train/noise/ab352e3a7a2c37c8_w11.png,ab352e3a7a2c37c8,11,Lab,Noise
train/noise/ab352e3a7a2c37c8_w13.png,ab352e3a7a2c37c8,13,Lab,Noise
train/noise/ab352e3a7a2c37c8_w16.png,ab352e3a7a2c37c8,16,Lab,Noise
train/noise/ab352e3a7a2c37c8_w18.png,ab352e3a7a2c37c8,18,Lab,Noise
train/noise/ab352e3a7a2c37c8_w22.png,ab352e3a7a2c37c8,22,Lab,Noise
train/noise/ab352e3a7a2c37c8_w24.png,ab352e3a7a2c37c8,24,Lab,Noise
train/noise/ac0f02930b8e5a1f_w01.png,ac0f02930b8e5a1f,1,Field,Noise
train/noise/ac0f02930b8e5a1f_w02.png,ac0f02930b8e5a1f,2,Field,Noise
train/noise/ac0f02930b8e5a1f_w05.png,ac0f02930b8e5a1f,5,Field,Noise
train/noise/ac0f02930b8e5a1f_w09.png,ac0f02930b8e5a1f,9,Field,Noise
train/noise/ac0f02930b8e5a1f_w11.png,ac0f02930b8e5a1f,11,Field,Noise
train/noise/ac0f02930b8e5a1f_w17.png,ac0f02930b8e5a1f,17,Field,Noise
train/noise/ac0f02930b8e5a1f_w21.png,ac0f02930b8e5a1f,21,Field,Noise
train/noise/ac0f02930b8e5a1f_w26.png,ac0f02930b8e5a1f,26,Field,Noise
train/noise/ac57572c83494398_w00.png,ac57572c83494398,0,Field,Noise
train/noise/ac57572c83494398_w01.png,ac57572c83494398,1,Field,Noise
train/noise/ac57572c83494398_w09.png,ac57572c83494398,9,Field,Noise
train/noise/ac57572c83494398_w11.png,ac57572c83494398,11,Field,Noise
train/noise/ac57572c83494398_w16.png,ac57572c83494398,16,Field,Noise
train/noise/ac57572c83494398_w17.png,ac57572c83494398,17,Field,Noise
train/noise/ac57572c83494398_w21.png,ac57572c83494398,21,Field,Noise
train/noise/ac57572c83494398_w27.png,ac57572c83494398,27,Field,Noise
train/noise/ad755f5380a294af_w00.png,ad755f5380a294af,0,Field,Noise
train/noise/ad755f5380a294af_w05.png,ad755f5380a294af,5,Field,Noise
train/noise/ad755f5380a294af_w06.png,ad755f5380a294af,6,Field,Noise
train/noise/ad755f5380a294af_w07.png,ad755f5380a294af,7,Field,Noise
train/noise/ad755f5380a294af_w22.png,ad755f5380a294af,22,Field,Noise
train/noise/ad755f5380a294af_w23.png,ad755f5380a294af,23,Field,Noise
train/noise/ad755f5380a294af_w25.png,ad755f5380a294af,25,Field,Noise
train/noise/ad755f5380a294af_w27.png,ad755f5380a294af,27,Field,Noise
train/noise/ae129c31b1c0832a_w09.png,ae129c31b1c0832a,9,Field,Noise
train/noise/ae129c31b1c0832a_w10.png,ae129c31b1c0832a,10,Field,Noise
train/noise/ae129c31b1c0832a_w11.png,ae129c31b1c0832a,11,Field,Noise
train/noise/ae129c31b1c0832a_w15.png,ae129c31b1c0832a,15,Field,Noise
train/noise/ae129c31b1c0832a_w17.png,ae129c31b1c0832a,17,Field,Noise
train/noise/ae129c31b1c0832a_w18.png,ae129c31b1c0832a,18,Field,Noise
train/noise/ae129c31b1c0832a_w21.png,ae129c31b1c0832a,21,Field,Noise
train/noise/ae129c31b1c0832a_w23.png,ae129c31b1c0832a,23,Field,Noise
train/noise/ae35ebc2b1de3648_w00.png,ae35ebc2b1de3648,0,Field,Noise
train/noise/ae35ebc2b1de3648_w03.png,ae35ebc2b1de3648,3,Field,Noise
train/noise/ae35ebc2b1de3648_w04.png,ae35ebc2b1de3648,4,Field,Noise
train/noise/ae35ebc2b1de3648_w10.png,ae35ebc2b1de3648,10,Field,Noise
train/noise/ae35ebc2b1de3648_w12.png,ae35ebc2b1de3648,12,Field,Noise
train/noise/ae35ebc2b1de3648_w17.png,ae35ebc2b1de3648,17,Field,Noise
train/noise/ae35ebc2b1de3648_w18.png,ae35ebc2b1de3648,18,Field,Noise
train/noise/ae35ebc2b1de3648_w25.png,ae35ebc2b1de3648,25,Field,Noise
train/noise/aedd2974c89027c7_w00.png,aedd2974c89027c7,0,Field,Noise
train/noise/aedd2974c89027c7_w03.png,aedd2974c89027c7,3,Field,Noise
train/noise/aedd2974c89027c7_w05.png,aedd2974c89027c7,5,Field,Noise
train/noise/aedd2974c89027c7_w06.png,aedd2974c89027c7,6,Field,Noise
train/noise/aedd2974c89027c7_w07.png,aedd2974c89027c7,7,Field,Noise
train/noise/aedd2974c89027c7_w10.png,aedd2974c89027c7,10,Field,Noise
train/noise/aedd2974c89027c7_w19.png,aedd2974c89027c7,19,Field,Noise
train/noise/aedd2974c89027c7_w25.png,aedd2974c89027c7,25,Field,Noise
train/noise/afb6ba96f98f00a0_w02.png,afb6ba96f98f00a0,2,Field,Noise
train/noise/afb6ba96f98f00a0_w07.png,afb6ba96f98f00a0,7,Field,Noise
train/noise/afb6ba96f98f00a0_w08.png,afb6ba96f98f00a0,8,Field,Noise
train/noise/afb6ba96f98f00a0_w11.png,afb6ba96f98f00a0,11,Field,Noise
train/noise/afb6ba96f98f00a0_w13.png,afb6ba96f98f00a0,13,Field,Noise
train/noise/afb6ba96f98f00a0_w14.png,afb6ba96f98f00a0,14,Field,Noise
train/noise/afb6ba96f98f00a0_w20.png,afb6ba96f98f00a0,20,Field,Noise
train/noise/afb6ba96f98f00a0_w21.png,afb6ba96f98f00a0,21,Field,Noise
train/noise/b0214e9c2c7e6f9d_w01.png,b0214e9c2c7e6f9d,1,Field,Noise
train/noise/b0214e9c2c7e6f9d_w05.png,b0214e9c2c7e6f9d,5,Field,Noise
train/noise/b0214e9c2c7e6f9d_w08.png,b0214e9c2c7e6f9d,8,Field,Noise
train/noise/b0214e9c2c7e6f9d_w16.png,b0214e9c2c7e6f9d,16,Field,Noise
train/noise/b0214e9c2c7e6f9d_w18.png,b0214e9c2c7e6f9d,18,Field,Noise
train/noise/b0214e9c2c7e6f9d_w20.png,b0214e9c2c7e6f9d,20,Field,Noise
train/noise/b0214e9c2c7e6f9d_w22.png,b0214e9c2c7e6f9d,22,Field,Noise
train/noise/b0214e9c2c7e6f9d_w26.png,b0214e9c2c7e6f9d,26,Field,Noise
train/noise/b0baeae8b18fa3dd_w00.png,b0baeae8b18fa3dd,0,Field,Noise
train/noise/b0baeae8b18fa3dd_w07.png,b0baeae8b18fa3dd,7,Field,Noise
train/noise/b0baeae8b18fa3dd_w11.png,b0baeae8b18fa3dd,11,Field,Noise
train/noise/b0baeae8b18fa3dd_w12.png,b0baeae8b18fa3dd,12,Field,Noise
train/noise/b0baeae8b18fa3dd_w18.png,b0baeae8b18fa3dd,18,Field,Noise
train/noise/b0baeae8b18fa3dd_w20.png,b0baeae8b18fa3dd,20,Field,Noise
train/noise/b0baeae8b18fa3dd_w25.png,b0baeae8b18fa3dd,25,Field,Noise
train/noise/b0baeae8b18fa3dd_w27.png,b0baeae8b18fa3dd,27,Field,Noise
train/noise/b10b407ea9527596_w01.png,b10b407ea9527596,1,Field,Noise
train/noise/b10b407ea9527596_w02.png,b10b407ea9527596,2,Field,Noise
train/noise/b10b407ea9527596_w05.png,b10b407ea9527596,5,Field,Noise
train/noise/b10b407ea9527596_w16.png,b10b407ea9527596,16,Field,Noise
train/noise/b10b407ea9527596_w24.png,b10b407ea9527596,24,Field,Noise
train/noise/b10b407ea9527596_w25.png,b10b407ea9527596,25,Field,Noise
train/noise/b10b407ea9527596_w26.png,b10b407ea9527596,26,Field,Noise
train/noise/b10b407ea9527596_w27.png,b10b407ea9527596,27,Field,Noise
train/noise/b1229d78554f91b8_w02.png,b1229d78554f91b8,2,Field,Noise
train/noise/b1229d78554f91b8_w06.png,b1229d78554f91b8,6,Field,Noise
train/noise/b1229d78554f91b8_w14.png,b1229d78554f91b8,14,Field,Noise
train/noise/b1229d78554f91b8_w15.png,b1229d78554f91b8,15,Field,Noise
train/noise/b1229d78554f91b8_w18.png,b1229d78554f91b8,18,Field,Noise
train/noise/b1229d78554f91b8_w22.png,b1229d78554f91b8,22,Field,Noise
train/noise/b1229d78554f91b8_w24.png,b1229d78554f91b8,24,Field,Noise
train/noise/b1229d78554f91b8_w25.png,b1229d78554f91b8,25,Field,Noise
train/noise/b157a296424f0a88_w02.png,b157a296424f0a88,2,Field,Noise
train/noise/b157a296424f0a88_w03.png,b157a296424f0a88,3,Field,Noise
train/noise/b157a296424f0a88_w07.png,b157a296424f0a88,7,Field,Noise
train/noise/b157a296424f0a88_w14.png,b157a296424f0a88,14,Field,Noise
train/noise/b157a296424f0a88_w15.png,b157a296424f0a88,15,Field,Noise
train/noise/b157a296424f0a88_w16.png,b157a296424f0a88,16,Field,Noise
train/noise/b157a296424f0a88_w20.png,b157a296424f0a88,20,Field,Noise
train/noise/b157a296424f0a88_w24.png,b157a296424f0a88,24,Field,Noise
train/noise/b1688031254eb7fd_w00.png,b1688031254eb7fd,0,Lab,Noise
train/noise/b1688031254eb7fd_w15.png,b1688031254eb7fd,15,Lab,Noise
train/noise/b1688031254eb7fd_w17.png,b1688031254eb7fd,17,Lab,Noise
train/noise/b1688031254eb7fd_w19.png,b1688031254eb7fd,19,Lab,Noise
train/noise/b1688031254eb7fd_w20.png,b1688031254eb7fd,20,Lab,Noise
train/noise/b1688031254eb7fd_w21.png,b1688031254eb7fd,21,Lab,Noise
train/noise/b1688031254eb7fd_w24.png,b1688031254eb7fd,24,Lab,Noise
train/noise/b1688031254eb7fd_w25.png,b1688031254eb7fd,25,Lab,Noise
train/noise/b193c7340c22430a_w01.png,b193c7340c22430a,1,Field,Noise
train/noise/b193c7340c22430a_w03.png,b193c7340c22430a,3,Field,Noise
train/noise/b193c7340c22430a_w04.png,b193c7340c22430a,4,Field,Noise
train/noise/b193c7340c22430a_w05.png,b193c7340c22430a,5,Field,Noise
train/noise/b193c7340c22430a_w06.png,b193c7340c22430a,6,Field,Noise
train/noise/b193c7340c22430a_w14.png,b193c7340c22430a,14,Field,Noise
train/noise/b193c7340c22430a_w17.png,b193c7340c22430a,17,Field,Noise
train/noise/b193c7340c22430a_w20.png,b193c7340c22430a,20,Field,Noise
train/noise/b1bd35a410e2aaa8_w02.png,b1bd35a410e2aaa8,2,Field,Noise
train/noise/b1bd35a410e2aaa8_w04.png,b1bd35a410e2aaa8,4,Field,Noise
train/noise/b1bd35a410e2aaa8_w07.png,b1bd35a410e2aaa8,7,Field,Noise
train/noise/b1bd35a410e2aaa8_w09.png,b1bd35a410e2aaa8,9,Field,Noise
train/noise/b1bd35a410e2aaa8_w23.png,b1bd35a410e2aaa8,23,Field,Noise
train/noise/b1bd35a410e2aaa8_w24.png,b1bd35a410e2aaa8,24,Field,Noise
train/noise/b1bd35a410e2aaa8_w26.png,b1bd35a410e2aaa8,26,Field,Noise
train/noise/b1bd35a410e2aaa8_w27.png,b1bd35a410e2aaa8,27,Field,Noise
train/noise/b1cc3702f6c40f72_w02.png,b1cc3702f6c40f72,2,Field,Noise
train/noise/b1cc3702f6c40f72_w07.png,b1cc3702f6c40f72,7,Field,Noise
train/noise/b1cc3702f6c40f72_w09.png,b1cc3702f6c40f72,9,Field,Noise
train/noise/b1cc3702f6c40f72_w10.png,b1cc3702f6c40f72,10,Field,Noise
train/noise/b1cc3702f6c40f72_w13.png,b1cc3702f6c40f72,13,Field,Noise
train/noise/b1cc3702f6c40f72_w20.png,b1cc3702f6c40f72,20,Field,Noise
train/noise/b1cc3702f6c40f72_w23.png,b1cc3702f6c40f72,23,Field,Noise
train/noise/b1cc3702f6c40f72_w24.png,b1cc3702f6c40f72,24,Field,Noise
train/noise/b1e4a2a7f890370a_w00.png,b1e4a2a7f890370a,0,Field,Noise
train/noise/b1e4a2a7f890370a_w05.png,b1e4a2a7f890370a,5,Field,Noise
train/noise/b1e4a2a7f890370a_w08.png,b1e4a2a7f890370a,8,Field,Noise
train/noise/b1e4a2a7f890370a_w09.png,b1e4a2a7f890370a,9,Field,Noise
train/noise/b1e4a2a7f890370a_w12.png,b1e4a2a7f890370a,12,Field,Noise
train/noise/b1e4a2a7f890370a_w21.png,b1e4a2a7f890370a,21,Field,Noise
train/noise/b1e4a2a7f890370a_w22.png,b1e4a2a7f890370a,22,Field,Noise
train/noise/b1e4a2a7f890370a_w23.png,b1e4a2a7f890370a,23,Field,Noise
train/noise/b20867fd279f8588_w05.png,b20867fd279f8588,5,Field,Noise
train/noise/b20867fd279f8588_w12.png,b20867fd279f8588,12,Field,Noise
train/noise/b20867fd279f8588_w15.png,b20867fd279f8588,15,Field,Noise
train/noise/b20867fd279f8588_w16.png,b20867fd279f8588,16,Field,Noise
train/noise/b20867fd279f8588_w17.png,b20867fd279f8588,17,Field,Noise
train/noise/b20867fd279f8588_w20.png,b20867fd279f8588,20,Field,Noise
train/noise/b20867fd279f8588_w23.png,b20867fd279f8588,23,Field,Noise
train/noise/b20867fd279f8588_w24.png,b20867fd279f8588,24,Field,Noise
train/noise/b288a998892a527a_w01.png,b288a998892a527a,1,Field,Noise
train/noise/b288a998892a527a_w08.png,b288a998892a527a,8,Field,Noise
train/noise/b288a998892a527a_w13.png,b288a998892a527a,13,Field,Noise
train/noise/b288a998892a527a_w15.png,b288a998892a527a,15,Field,Noise
train/noise/b288a998892a527a_w22.png,b288a998892a527a,22,Field,Noise
train/noise/b288a998892a527a_w23.png,b288a998892a527a,23,Field,Noise
train/noise/b288a998892a527a_w24.png,b288a998892a527a,24,Field,Noise
train/noise/b288a998892a527a_w25.png,b288a998892a527a,25,Field,Noise
train/noise/b3f90fbc6fa1646a_w00.png,b3f90fbc6fa1646a,0,Field,Noise
train/noise/b3f90fbc6fa1646a_w08.png,b3f90fbc6fa1646a,8,Field,Noise
train/noise/b3f90fbc6fa1646a_w09.png,b3f90fbc6fa1646a,9,Field,Noise
train/noise/b3f90fbc6fa1646a_w10.png,b3f90fbc6fa1646a,10,Field,Noise
train/noise/b3f90fbc6fa1646a_w11.png,b3f90fbc6fa1646a,11,Field,Noise
train/noise/b3f90fbc6fa1646a_w12.png,b3f90fbc6fa1646a,12,Field,Noise
train/noise/b3f90fbc6fa1646a_w14.png,b3f90fbc6fa1646a,14,Field,Noise
train/noise/b3f90fbc6fa1646a_w26.png,b3f90fbc6fa1646a,26,Field,Noise
train/noise/b40d0198b9756f85_w00.png,b40d0198b9756f85,0,Field,Noise
train/noise/b40d0198b9756f85_w01.png,b40d0198b9756f85,1,Field,Noise
train/noise/b40d0198b9756f85_w08.png,b40d0198b9756f85,8,Field,Noise
train/noise/b40d0198b9756f85_w10.png,b40d0198b9756f85,10,Field,Noise
train/noise/b40d0198b9756f85_w12.png,b40d0198b9756f85,12,Field,Noise
train/noise/b40d0198b9756f85_w18.png,b40d0198b9756f85,18,Field,Noise
train/noise/b40d0198b9756f85_w19.png,b40d0198b9756f85,19,Field,Noise
train/noise/b40d0198b9756f85_w26.png,b40d0198b9756f85,26,Field,Noise
train/noise/b492d8db6d9d43bb_w06.png,b492d8db6d9d43bb,6,Lab,Noise
train/noise/b492d8db6d9d43bb_w14.png,b492d8db6d9d43bb,14,Lab,Noise
train/noise/b492d8db6d9d43bb_w16.png,b492d8db6d9d43bb,16,Lab,Noise
train/noise/b492d8db6d9d43bb_w17.png,b492d8db6d9d43bb,17,Lab,Noise
train/noise/b492d8db6d9d43bb_w20.png,b492d8db6d9d43bb,20,Lab,Noise
train/noise/b492d8db6d9d43bb_w23.png,b492d8db6d9d43bb,23,Lab,Noise
train/noise/b492d8db6d9d43bb_w24.png,b492d8db6d9d43bb,24,Lab,Noise
train/noise/b492d8db6d9d43bb_w27.png,b492d8db6d9d43bb,27,Lab,Noise
train/noise/b4e1393b567db0a7_w04.png,b4e1393b567db0a7,4,Field,Noise
train/noise/b4e1393b567db0a7_w05.png,b4e1393b567db0a7,5,Field,Noise
train/noise/b4e1393b567db0a7_w06.png,b4e1393b567db0a7,6,Field,Noise
train/noise/b4e1393b567db0a7_w08.png,b4e1393b567db0a7,8,Field,Noise
train/noise/b4e1393b567db0a7_w10.png,b4e1393b567db0a7,10,Field,Noise
train/noise/b4e1393b567db0a7_w16.png,b4e1393b567db0a7,16,Field,Noise
train/noise/b4e1393b567db0a7_w21.png,b4e1393b567db0a7,21,Field,Noise
train/noise/b4e1393b567db0a7_w27.png,b4e1393b567db0a7,27,Field,Noise
train/noise/b52c1b0f4e624035_w00.png,b52c1b0f4e624035,0,Field,Noise
train/noise/b52c1b0f4e624035_w09.png,b52c1b0f4e624035,9,Field,Noise
train/noise/b52c1b0f4e624035_w11.png,b52c1b0f4e624035,11,Field,Noise
train/noise/b52c1b0f4e624035_w17.png,b52c1b0f4e624035,17,Field,Noise
train/noise/b52c1b0f4e624035_w18.png,b52c1b0f4e624035,18,Field,Noise
train/noise/b52c1b0f4e624035_w22.png,b52c1b0f4e624035,22,Field,Noise
train/noise/b52c1b0f4e624035_w24.png,b52c1b0f4e624035,24,Field,Noise
train/noise/b52c1b0f4e624035_w25.png,b52c1b0f4e624035,25,Field,Noise
train/noise/b53906ac5240656d_w02.png,b53906ac5240656d,2,Field,Noise
train/noise/b53906ac5240656d_w06.png,b53906ac5240656d,6,Field,Noise
train/noise/b53906ac5240656d_w09.png,b53906ac5240656d,9,Field,Noise
train/noise/b53906ac5240656d_w10.png,b53906ac5240656d,10,Field,Noise
train/noise/b53906ac5240656d_w15.png,b53906ac5240656d,15,Field,Noise
train/noise/b53906ac5240656d_w21.png,b53906ac5240656d,21,Field,Noise
train/noise/b53906ac5240656d_w22.png,b53906ac5240656d,22,Field,Noise
train/noise/b53906ac5240656d_w26.png,b53906ac5240656d,26,Field,Noise
train/noise/b5b6a152e8750d0b_w08.png,b5b6a152e8750d0b,8,Field,Noise
train/noise/b5b6a152e8750d0b_w14.png,b5b6a152e8750d0b,14,Field,Noise
train/noise/b5b6a152e8750d0b_w16.png,b5b6a152e8750d0b,16,Field,Noise
train/noise/b5b6a152e8750d0b_w19.png,b5b6a152e8750d0b,19,Field,Noise
train/noise/b5b6a152e8750d0b_w20.png,b5b6a152e8750d0b,20,Field,Noise
train/noise/b5b6a152e8750d0b_w22.png,b5b6a152e8750d0b,22,Field,Noise
train/noise/b5b6a152e8750d0b_w24.png,b5b6a152e8750d0b,24,Field,Noise
train/noise/b5b6a152e8750d0b_w27.png,b5b6a152e8750d0b,27,Field,Noise
train/noise/b637e52628429829_w00.png,b637e52628429829,0,Field,Noise
train/noise/b637e52628429829_w06.png,b637e52628429829,6,Field,Noise
train/noise/b637e52628429829_w09.png,b637e52628429829,9,Field,Noise
train/noise/b637e52628429829_w13.png,b637e52628429829,13,Field,Noise
train/noise/b637e52628429829_w14.png,b637e52628429829,14,Field,Noise
train/noise/b637e52628429829_w15.png,b637e52628429829,15,Field,Noise
train/noise/b637e52628429829_w16.png,b637e52628429829,16,Field,Noise
train/noise/b637e52628429829_w26.png,b637e52628429829,26,Field,Noise
train/noise/b66daec5adf91e2b_w05.png,b66daec5adf91e2b,5,Field,Noise
train/noise/b66daec5adf91e2b_w07.png,b66daec5adf91e2b,7,Field,Noise
train/noise/b66daec5adf91e2b_w08.png,b66daec5adf91e2b,8,Field,Noise
train/noise/b66daec5adf91e2b_w13.png,b66daec5adf91e2b,13,Field,Noise
train/noise/b66daec5adf91e2b_w18.png,b66daec5adf91e2b,18,Field,Noise
train/noise/b66daec5adf91e2b_w20.png,b66daec5adf91e2b,20,Field,Noise
train/noise/b66daec5adf91e2b_w21.png,b66daec5adf91e2b,21,Field,Noise
train/noise/b66daec5adf91e2b_w22.png,b66daec5adf91e2b,22,Field,Noise
train/noise/b69d3d60cfebe4ab_w02.png,b69d3d60cfebe4ab,2,Field,Noise
train/noise/b69d3d60cfebe4ab_w05.png,b69d3d60cfebe4ab,5,Field,Noise
train/noise/b69d3d60cfebe4ab_w14.png,b69d3d60cfebe4ab,14,Field,Noise
train/noise/b69d3d60cfebe4ab_w18.png,b69d3d60cfebe4ab,18,Field,Noise
train/noise/b69d3d60cfebe4ab_w20.png,b69d3d60cfebe4ab,20,Field,Noise
train/noise/b69d3d60cfebe4ab_w21.png,b69d3d60cfebe4ab,21,Field,Noise
train/noise/b69d3d60cfebe4ab_w22.png,b69d3d60cfebe4ab,22,Field,Noise
train/noise/b69d3d60cfebe4ab_w26.png,b69d3d60cfebe4ab,26,Field,Noise
train/noise/b6a81203a693a074_w05.png,b6a81203a693a074,5,Field,Noise
train/noise/b6a81203a693a074_w06.png,b6a81203a693a074,6,Field,Noise
train/noise/b6a81203a693a074_w08.png,b6a81203a693a074,8,Field,Noise
train/noise/b6a81203a693a074_w11.png,b6a81203a693a074,11,Field,Noise
train/noise/b6a81203a693a074_w17.png,b6a81203a693a074,17,Field,Noise
train/noise/b6a81203a693a074_w21.png,b6a81203a693a074,21,Field,Noise
train/noise/b6a81203a693a074_w23.png,b6a81203a693a074,23,Field,Noise
train/noise/b6a81203a693a074_w24.png,b6a81203a693a074,24,Field,Noise
train/noise/b7439748cbb8cf8a_w04.png,b7439748cbb8cf8a,4,Field,Noise
train/noise/b7439748cbb8cf8a_w08.png,b7439748cbb8cf8a,8,Field,Noise
train/noise/b7439748cbb8cf8a_w12.png,b7439748cbb8cf8a,12,Field,Noise
train/noise/b7439748cbb8cf8a_w13.png,b7439748cbb8cf8a,13,Field,Noise
train/noise/b7439748cbb8cf8a_w14.png,b7439748cbb8cf8a,14,Field,Noise
train/noise/b7439748cbb8cf8a_w16.png,b7439748cbb8cf8a,16,Field,Noise
train/noise/b7439748cbb8cf8a_w18.png,b7439748cbb8cf8a,18,Field,Noise
train/noise/b7439748cbb8cf8a_w22.png,b7439748cbb8cf8a,22,Field,Noise
train/noise/b75f4b4131619dc9_w05.png,b75f4b4131619dc9,5,Field,Noise
train/noise/b75f4b4131619dc9_w06.png,b75f4b4131619dc9,6,Field,Noise
train/noise/b75f4b4131619dc9_w08.png,b75f4b4131619dc9,8,Field,Noise
train/noise/b75f4b4131619dc9_w12.png,b75f4b4131619dc9,12,Field,Noise
train/noise/b75f4b4131619dc9_w16.png,b75f4b4131619dc9,16,Field,Noise
train/noise/b75f4b4131619dc9_w20.png,b75f4b4131619dc9,20,Field,Noise
train/noise/b75f4b4131619dc9_w23.png,b75f4b4131619dc9,23,Field,Noise
train/noise/b75f4b4131619dc9_w24.png,b75f4b4131619dc9,24,Field,Noise
train/noise/b7c4d75dd7236d29_w04.png,b7c4d75dd7236d29,4,Field,Noise
train/noise/b7c4d75dd7236d29_w06.png,b7c4d75dd7236d29,6,Field,Noise
train/noise/b7c4d75dd7236d29_w09.png,b7c4d75dd7236d29,9,Field,Noise
train/noise/b7c4d75dd7236d29_w10.png,b7c4d75dd7236d29,10,Field,Noise
train/noise/b7c4d75dd7236d29_w14.png,b7c4d75dd7236d29,14,Field,Noise
train/noise/b7c4d75dd7236d29_w15.png,b7c4d75dd7236d29,15,Field,Noise
train/noise/b7c4d75dd7236d29_w18.png,b7c4d75dd7236d29,18,Field,Noise
train/noise/b7c4d75dd7236d29_w23.png,b7c4d75dd7236d29,23,Field,Noise
train/noise/b7f63e094e899dbb_w01.png,b7f63e094e899dbb,1,Field,Noise
train/noise/b7f63e094e899dbb_w02.png,b7f63e094e899dbb,2,Field,Noise
train/noise/b7f63e094e899dbb_w03.png,b7f63e094e899dbb,3,Field,Noise
train/noise/b7f63e094e899dbb_w07.png,b7f63e094e899dbb,7,Field,Noise
train/noise/b7f63e094e899dbb_w08.png,b7f63e094e899dbb,8,Field,Noise
train/noise/b7f63e094e899dbb_w09.png,b7f63e094e899dbb,9,Field,Noise
train/noise/b7f63e094e899dbb_w22.png,b7f63e094e899dbb,22,Field,Noise
train/noise/b7f63e094e899dbb_w24.png,b7f63e094e899dbb,24,Field,Noise
train/noise/b80888c2b784a837_w00.png,b80888c2b784a837,0,Field,Noise
train/noise/b80888c2b784a837_w02.png,b80888c2b784a837,2,Field,Noise
train/noise/b80888c2b784a837_w03.png,b80888c2b784a837,3,Field,Noise
train/noise/b80888c2b784a837_w04.png,b80888c2b784a837,4,Field,Noise
train/noise/b80888c2b784a837_w10.png,b80888c2b784a837,10,Field,Noise
train/noise/b80888c2b784a837_w16.png,b80888c2b784a837,16,Field,Noise
train/noise/b80888c2b784a837_w20.png,b80888c2b784a837,20,Field,Noise
train/noise/b80888c2b784a837_w26.png,b80888c2b784a837,26,Field,Noise
train/noise/b82b2bb8e3042b16_w00.png,b82b2bb8e3042b16,0,Field,Noise
train/noise/b82b2bb8e3042b16_w09.png,b82b2bb8e3042b16,9,Field,Noise
train/noise/b82b2bb8e3042b16_w10.png,b82b2bb8e3042b16,10,Field,Noise
train/noise/b82b2bb8e3042b16_w11.png,b82b2bb8e3042b16,11,Field,Noise
train/noise/b82b2bb8e3042b16_w13.png,b82b2bb8e3042b16,13,Field,Noise
train/noise/b82b2bb8e3042b16_w20.png,b82b2bb8e3042b16,20,Field,Noise
train/noise/b82b2bb8e3042b16_w22.png,b82b2bb8e3042b16,22,Field,Noise
train/noise/b82b2bb8e3042b16_w26.png,b82b2bb8e3042b16,26,Field,Noise
train/noise/b82c8c189342136d_w00.png,b82c8c189342136d,0,Field,Noise
train/noise/b82c8c189342136d_w08.png,b82c8c189342136d,8,Field,Noise
train/noise/b82c8c189342136d_w09.png,b82c8c189342136d,9,Field,Noise
train/noise/b82c8c189342136d_w11.png,b82c8c189342136d,11,Field,Noise
train/noise/b82c8c189342136d_w15.png,b82c8c189342136d,15,Field,Noise
train/noise/b82c8c189342136d_w21.png,b82c8c189342136d,21,Field,Noise
train/noise/b82c8c189342136d_w22.png,b82c8c189342136d,22,Field,Noise
train/noise/b82c8c189342136d_w24.png,b82c8c189342136d,24,Field,Noise
train/noise/b896cc4a9206a94c_w00.png,b896cc4a9206a94c,0,Field,Noise
train/noise/b896cc4a9206a94c_w04.png,b896cc4a9206a94c,4,Field,Noise
train/noise/b896cc4a9206a94c_w09.png,b896cc4a9206a94c,9,Field,Noise
train/noise/b896cc4a9206a94c_w11.png,b896cc4a9206a94c,11,Field,Noise
train/noise/b896cc4a9206a94c_w15.png,b896cc4a9206a94c,15,Field,Noise
train/noise/b896cc4a9206a94c_w24.png,b896cc4a9206a94c,24,Field,Noise
train/noise/b896cc4a9206a94c_w26.png,b896cc4a9206a94c,26,Field,Noise
train/noise/b896cc4a9206a94c_w27.png,b896cc4a9206a94c,27,Field,Noise
train/noise/b8da0c03e6781c68_w08.png,b8da0c03e6781c68,8,Field,Noise
train/noise/b8da0c03e6781c68_w09.png,b8da0c03e6781c68,9,Field,Noise
train/noise/b8da0c03e6781c68_w10.png,b8da0c03e6781c68,10,Field,Noise
train/noise/b8da0c03e6781c68_w14.png,b8da0c03e6781c68,14,Field,Noise
train/noise/b8da0c03e6781c68_w17.png,b8da0c03e6781c68,17,Field,Noise
train/noise/b8da0c03e6781c68_w20.png,b8da0c03e6781c68,20,Field,Noise
train/noise/b8da0c03e6781c68_w23.png,b8da0c03e6781c68,23,Field,Noise
train/noise/b8da0c03e6781c68_w27.png,b8da0c03e6781c68,27,Field,Noise
train/noise/b92847c17efff3f8_w00.png,b92847c17efff3f8,0,Lab,Noise
train/noise/b92847c17efff3f8_w02.png,b92847c17efff3f8,2,Lab,Noise
train/noise/b92847c17efff3f8_w08.png,b92847c17efff3f8,8,Lab,Noise
train/noise/b92847c17efff3f8_w09.png,b92847c17efff3f8,9,Lab,Noise
train/noise/b92847c17efff3f8_w12.png,b92847c17efff3f8,12,Lab,Noise
train/noise/b92847c17efff3f8_w13.png,b92847c17efff3f8,13,Lab,Noise
train/noise/b92847c17efff3f8_w15.png,b92847c17efff3f8,15,Lab,Noise
train/noise/b92847c17efff3f8_w20.png,b92847c17efff3f8,20,Lab,Noise
train/noise/b9943804b888e683_w01.png,b9943804b888e683,1,Field,Noise
train/noise/b9943804b888e683_w06.png,b9943804b888e683,6,Field,Noise
train/noise/b9943804b888e683_w07.png,b9943804b888e683,7,Field,Noise
train/noise/b9943804b888e683_w11.png,b9943804b888e683,11,Field,Noise
train/noise/b9943804b888e683_w18.png,b9943804b888e683,18,Field,Noise
train/noise/b9943804b888e683_w19.png,b9943804b888e683,19,Field,Noise
train/noise/b9943804b888e683_w20.png,b9943804b888e683,20,Field,Noise
train/noise/b9943804b888e683_w22.png,b9943804b888e683,22,Field,Noise
train/noise/ba3d6dee00c58880_w02.png,ba3d6dee00c58880,2,Lab,Noise
train/noise/ba3d6dee00c58880_w04.png,ba3d6dee00c58880,4,Lab,Noise
train/noise/ba3d6dee00c58880_w08.png,ba3d6dee00c58880,8,Lab,Noise
train/noise/ba3d6dee00c58880_w10.png,ba3d6dee00c58880,10,Lab,Noise
train/noise/ba3d6dee00c58880_w11.png,ba3d6dee00c58880,11,Lab,Noise
train/noise/ba3d6dee00c58880_w14.png,ba3d6dee00c58880,14,Lab,Noise
train/noise/ba3d6dee00c58880_w21.png,ba3d6dee00c58880,21,Lab,Noise
train/noise/ba3d6dee00c58880_w26.png,ba3d6dee00c58880,26,Lab,Noise
train/noise/ba53ade84e7a9edf_w00.png,ba53ade84e7a9edf,0,Field,Noise
train/noise/ba53ade84e7a9edf_w04.png,ba53ade84e7a9edf,4,Field,Noise
train/noise/ba53ade84e7a9edf_w07.png,ba53ade84e7a9edf,7,Field,Noise
train/noise/ba53ade84e7a9edf_w08.png,ba53ade84e7a9edf,8,Field,Noise
train/noise/ba53ade84e7a9edf_w17.png,ba53ade84e7a9edf,17,Field,Noise
train/noise/ba53ade84e7a9edf_w19.png,ba53ade84e7a9edf,19,Field,Noise
train/noise/ba53ade84e7a9edf_w25.png,ba53ade84e7a9edf,25,Field,Noise
train/noise/ba53ade84e7a9edf_w26.png,ba53ade84e7a9edf,26,Field,Noise
train/noise/ba7007a8df0d14f1_w03.png,ba7007a8df0d14f1,3,Field,Noise
train/noise/ba7007a8df0d14f1_w07.png,ba7007a8df0d14f1,7,Field,Noise
train/noise/ba7007a8df0d14f1_w09.png,ba7007a8df0d14f1,9,Field,Noise
train/noise/ba7007a8df0d14f1_w12.png,ba7007a8df0d14f1,12,Field,Noise
train/noise/ba7007a8df0d14f1_w16.png,ba7007a8df0d14f1,16,Field,Noise
train/noise/ba7007a8df0d14f1_w19.png,ba7007a8df0d14f1,19,Field,Noise
train/noise/ba7007a8df0d14f1_w24.png,ba7007a8df0d14f1,24,Field,Noise
train/noise/ba7007a8df0d14f1_w26.png,ba7007a8df0d14f1,26,Field,Noise
train/noise/baf74f2de98713e6_w04.png,baf74f2de98713e6,4,Field,Noise
train/noise/baf74f2de98713e6_w13.png,baf74f2de98713e6,13,Field,Noise
train/noise/baf74f2de98713e6_w17.png,baf74f2de98713e6,17,Field,Noise
train/noise/baf74f2de98713e6_w18.png,baf74f2de98713e6,18,Field,Noise
train/noise/baf74f2de98713e6_w20.png,baf74f2de98713e6,20,Field,Noise
train/noise/baf74f2de98713e6_w21.png,baf74f2de98713e6,21,Field,Noise
train/noise/baf74f2de98713e6_w24.png,baf74f2de98713e6,24,Field,Noise
train/noise/baf74f2de98713e6_w26.png,baf74f2de98713e6,26,Field,Noise
train/noise/bb8b690bb0c88035_w02.png,bb8b690bb0c88035,2,Lab,Noise
train/noise/bb8b690bb0c88035_w03.png,bb8b690bb0c88035,3,Lab,Noise
train/noise/bb8b690bb0c88035_w07.png,bb8b690bb0c88035,7,Lab,Noise
train/noise/bb8b690bb0c88035_w12.png,bb8b690bb0c88035,12,Lab,Noise
train/noise/bb8b690bb0c88035_w15.png,bb8b690bb0c88035,15,Lab,Noise
train/noise/bb8b690bb0c88035_w19.png,bb8b690bb0c88035,19,Lab,Noise
train/noise/bb8b690bb0c88035_w22.png,bb8b690bb0c88035,22,Lab,Noise
train/noise/bb8b690bb0c88035_w24.png,bb8b690bb0c88035,24,Lab,Noise
train/noise/bbc3f41c6b96cbf0_w00.png,bbc3f41c6b96cbf0,0,Lab,Noise
train/noise/bbc3f41c6b96cbf0_w04.png,bbc3f41c6b96cbf0,4,Lab,Noise
train/noise/bbc3f41c6b96cbf0_w08.png,bbc3f41c6b96cbf0,8,Lab,Noise
train/noise/bbc3f41c6b96cbf0_w10.png,bbc3f41c6b96cbf0,10,Lab,Noise
train/noise/bbc3f41c6b96cbf0_w11.png,bbc3f41c6b96cbf0,11,Lab,Noise
train/noise/bbc3f41c6b96cbf0_w20.png,bbc3f41c6b96cbf0,20,Lab,Noise
train/noise/bbc3f41c6b96cbf0_w22.png,bbc3f41c6b96cbf0,22,Lab,Noise
train/noise/bbc3f41c6b96cbf0_w24.png,bbc3f41c6b96cbf0,24,Lab,Noise
train/noise/bbe1d3d7d26cca46_w04.png,bbe1d3d7d26cca46,4,Lab,Noise
train/noise/bbe1d3d7d26cca46_w08.png,bbe1d3d7d26cca46,8,Lab,Noise
train/noise/bbe1d3d7d26cca46_w09.png,bbe1d3d7d26cca46,9,Lab,Noise
train/noise/bbe1d3d7d26cca46_w17.png,bbe1d3d7d26cca46,17,Lab,Noise
train/noise/bbe1d3d7d26cca46_w18.png,bbe1d3d7d26cca46,18,Lab,Noise
train/noise/bbe1d3d7d26cca46_w19.png,bbe1d3d7d26cca46,19,Lab,Noise
train/noise/bbe1d3d7d26cca46_w24.png,bbe1d3d7d26cca46,24,Lab,Noise
train/noise/bbe1d3d7d26cca46_w25.png,bbe1d3d7d26cca46,25,Lab,Noise
train/noise/bc48602a89ce0926_w00.png,bc48602a89ce0926,0,Field,Noise
train/noise/bc48602a89ce0926_w04.png,bc48602a89ce0926,4,Field,Noise
train/noise/bc48602a89ce0926_w09.png,bc48602a89ce0926,9,Field,Noise
train/noise/bc48602a89ce0926_w11.png,bc48602a89ce0926,11,Field,Noise
train/noise/bc48602a89ce0926_w14.png,bc48602a89ce0926,14,Field,Noise
train/noise/bc48602a89ce0926_w16.png,bc48602a89ce0926,16,Field,Noise
train/noise/bc48602a89ce0926_w18.png,bc48602a89ce0926,18,Field,Noise
train/noise/bc48602a89ce0926_w27.png,bc48602a89ce0926,27,Field,Noise
train/noise/bcb57df996d1d9f0_w04.png,bcb57df996d1d9f0,4,Lab,Noise
train/noise/bcb57df996d1d9f0_w05.png,bcb57df996d1d9f0,5,Lab,Noise
train/noise/bcb57df996d1d9f0_w08.png,bcb57df996d1d9f0,8,Lab,Noise
train/noise/bcb57df996d1d9f0_w11.png,bcb57df996d1d9f0,11,Lab,Noise
train/noise/bcb57df996d1d9f0_w14.png,bcb57df996d1d9f0,14,Lab,Noise
train/noise/bcb57df996d1d9f0_w15.png,bcb57df996d1d9f0,15,Lab,Noise
train/noise/bcb57df996d1d9f0_w16.png,bcb57df996d1d9f0,16,Lab,Noise
train/noise/bcb57df996d1d9f0_w18.png,bcb57df996d1d9f0,18,Lab,Noise
train/noise/bd8c7501e20e9984_w07.png,bd8c7501e20e9984,7,Lab,Noise
train/noise/bd8c7501e20e9984_w08.png,bd8c7501e20e9984,8,Lab,Noise
train/noise/bd8c7501e20e9984_w11.png,bd8c7501e20e9984,11,Lab,Noise
train/noise/bd8c7501e20e9984_w16.png,bd8c7501e20e9984,16,Lab,Noise
train/noise/bd8c7501e20e9984_w19.png,bd8c7501e20e9984,19,Lab,Noise
train/noise/bd8c7501e20e9984_w20.png,bd8c7501e20e9984,20,Lab,Noise
train/noise/bd8c7501e20e9984_w23.png,bd8c7501e20e9984,23,Lab,Noise
train/noise/bd8c7501e20e9984_w25.png,bd8c7501e20e9984,25,Lab,Noise
train/noise/bd8e66770087f5de_w00.png,bd8e66770087f5de,0,Lab,Noise
train/noise/bd8e66770087f5de_w01.png,bd8e66770087f5de,1,Lab,Noise
train/noise/bd8e66770087f5de_w07.png,bd8e66770087f5de,7,Lab,Noise
train/noise/bd8e66770087f5de_w08.png,bd8e66770087f5de,8,Lab,Noise
train/noise/bd8e66770087f5de_w14.png,bd8e66770087f5de,14,Lab,Noise
train/noise/bd8e66770087f5de_w19.png,bd8e66770087f5de,19,Lab,Noise
train/noise/bd8e66770087f5de_w23.png,bd8e66770087f5de,23,Lab,Noise
train/noise/bd8e66770087f5de_w27.png,bd8e66770087f5de,27,Lab,Noise
train/noise/bd9346587c820775_w00.png,bd9346587c820775,0,Field,Noise
train/noise/bd9346587c820775_w10.png,bd9346587c820775,10,Field,Noise
train/noise/bd9346587c820775_w11.png,bd9346587c820775,11,Field,Noise
train/noise/bd9346587c820775_w14.png,bd9346587c820775,14,Field,Noise
train/noise/bd9346587c820775_w17.png,bd9346587c820775,17,Field,Noise
train/noise/bd9346587c820775_w18.png,bd9346587c820775,18,Field,Noise
train/noise/bd9346587c820775_w25.png,bd9346587c820775,25,Field,Noise
train/noise/bd9346587c820775_w26.png,bd9346587c820775,26,Field,Noise
train/noise/bdaae1b1a853e234_w00.png,bdaae1b1a853e234,0,Field,Noise
train/noise/bdaae1b1a853e234_w02.png,bdaae1b1a853e234,2,Field,Noise
train/noise/bdaae1b1a853e234_w13.png,bdaae1b1a853e234,13,Field,Noise
train/noise/bdaae1b1a853e234_w15.png,bdaae1b1a853e234,15,Field,Noise
train/noise/bdaae1b1a853e234_w18.png,bdaae1b1a853e234,18,Field,Noise
train/noise/bdaae1b1a853e234_w22.png,bdaae1b1a853e234,22,Field,Noise
train/noise/bdaae1b1a853e234_w23.png,bdaae1b1a853e234,23,Field,Noise
train/noise/bdaae1b1a853e234_w27.png,bdaae1b1a853e234,27,Field,Noise
train/noise/be30805c35a8d4c4_w00.png,be30805c35a8d4c4,0,Field,Noise
train/noise/be30805c35a8d4c4_w03.png,be30805c35a8d4c4,3,Field,Noise
train/noise/be30805c35a8d4c4_w11.png,be30805c35a8d4c4,11,Field,Noise
train/noise/be30805c35a8d4c4_w13.png,be30805c35a8d4c4,13,Field,Noise
train/noise/be30805c35a8d4c4_w17.png,be30805c35a8d4c4,17,Field,Noise
train/noise/be30805c35a8d4c4_w19.png,be30805c35a8d4c4,19,Field,Noise
train/noise/be30805c35a8d4c4_w24.png,be30805c35a8d4c4,24,Field,Noise
train/noise/be30805c35a8d4c4_w27.png,be30805c35a8d4c4,27,Field,Noise
train/noise/be53eaac777cc7b7_w02.png,be53eaac777cc7b7,2,Field,Noise
train/noise/be53eaac777cc7b7_w07.png,be53eaac777cc7b7,7,Field,Noise
train/noise/be53eaac777cc7b7_w08.png,be53eaac777cc7b7,8,Field,Noise
train/noise/be53eaac777cc7b7_w12.png,be53eaac777cc7b7,12,Field,Noise
train/noise/be53eaac777cc7b7_w16.png,be53eaac777cc7b7,16,Field,Noise
train/noise/be53eaac777cc7b7_w18.png,be53eaac777cc7b7,18,Field,Noise
train/noise/be53eaac777cc7b7_w23.png,be53eaac777cc7b7,23,Field,Noise
train/noise/be53eaac777cc7b7_w27.png,be53eaac777cc7b7,27,Field,Noise
train/noise/bed97cc356d0d183_w05.png,bed97cc356d0d183,5,Field,Noise
train/noise/bed97cc356d0d183_w06.png,bed97cc356d0d183,6,Field,Noise
train/noise/bed97cc356d0d183_w10.png,bed97cc356d0d183,10,Field,Noise
train/noise/bed97cc356d0d183_w16.png,bed97cc356d0d183,16,Field,Noise
train/noise/bed97cc356d0d183_w17.png,bed97cc356d0d183,17,Field,Noise
train/noise/bed97cc356d0d183_w20.png,bed97cc356d0d183,20,Field,Noise
train/noise/bed97cc356d0d183_w22.png,bed97cc356d0d183,22,Field,Noise
train/noise/bed97cc356d0d183_w25.png,bed97cc356d0d183,25,Field,Noise
train/noise/bf05a8324f82d0d2_w05.png,bf05a8324f82d0d2,5,Field,Noise
train/noise/bf05a8324f82d0d2_w10.png,bf05a8324f82d0d2,10,Field,Noise
train/noise/bf05a8324f82d0d2_w13.png,bf05a8324f82d0d2,13,Field,Noise
train/noise/bf05a8324f82d0d2_w14.png,bf05a8324f82d0d2,14,Field,Noise
train/noise/bf05a8324f82d0d2_w17.png,bf05a8324f82d0d2,17,Field,Noise
train/noise/bf05a8324f82d0d2_w18.png,bf05a8324f82d0d2,18,Field,Noise
train/noise/bf05a8324f82d0d2_w21.png,bf05a8324f82d0d2,21,Field,Noise
train/noise/bf05a8324f82d0d2_w24.png,bf05a8324f82d0d2,24,Field,Noise
train/noise/bf951361d142f163_w05.png,bf951361d142f163,5,Field,Noise
train/noise/bf951361d142f163_w07.png,bf951361d142f163,7,Field,Noise
train/noise/bf951361d142f163_w15.png,bf951361d142f163,15,Field,Noise
train/noise/bf951361d142f163_w16.png,bf951361d142f163,16,Field,Noise
train/noise/bf951361d142f163_w20.png,bf951361d142f163,20,Field,Noise
train/noise/bf951361d142f163_w22.png,bf951361d142f163,22,Field,Noise
train/noise/bf951361d142f163_w26.png,bf951361d142f163,26,Field,Noise
train/noise/bf951361d142f163_w27.png,bf951361d142f163,27,Field,Noise
train/noise/c02ecba100f80067_w03.png,c02ecba100f80067,3,Field,Noise
train/noise/c02ecba100f80067_w05.png,c02ecba100f80067,5,Field,Noise
train/noise/c02ecba100f80067_w07.png,c02ecba100f80067,7,Field,Noise
train/noise/c02ecba100f80067_w09.png,c02ecba100f80067,9,Field,Noise
train/noise/c02ecba100f80067_w11.png,c02ecba100f80067,11,Field,Noise
train/noise/c02ecba100f80067_w14.png,c02ecba100f80067,14,Field,Noise
train/noise/c02ecba100f80067_w17.png,c02ecba100f80067,17,Field,Noise
train/noise/c02ecba100f80067_w23.png,c02ecba100f80067,23,Field,Noise
train/noise/c062a553c7a41ec9_w00.png,c062a553c7a41ec9,0,Lab,Noise
train/noise/c062a553c7a41ec9_w01.png,c062a553c7a41ec9,1,Lab,Noise
train/noise/c062a553c7a41ec9_w04.png,c062a553c7a41ec9,4,Lab,Noise
train/noise/c062a553c7a41ec9_w09.png,c062a553c7a41ec9,9,Lab,Noise
train/noise/c062a553c7a41ec9_w12.png,c062a553c7a41ec9,12,Lab,Noise
train/noise/c062a553c7a41ec9_w13.png,c062a553c7a41ec9,13,Lab,Noise
train/noise/c062a553c7a41ec9_w19.png,c062a553c7a41ec9,19,Lab,Noise
train/noise/c062a553c7a41ec9_w24.png,c062a553c7a41ec9,24,Lab,Noise
train/noise/c0745a8460604d24_w08.png,c0745a8460604d24,8,Field,Noise
train/noise/c0745a8460604d24_w10.png,c0745a8460604d24,10,Field,Noise
train/noise/c0745a8460604d24_w12.png,c0745a8460604d24,12,Field,Noise
train/noise/c0745a8460604d24_w15.png,c0745a8460604d24,15,Field,Noise
train/noise/c0745a8460604d24_w16.png,c0745a8460604d24,16,Field,Noise
train/noise/c0745a8460604d24_w18.png,c0745a8460604d24,18,Field,Noise
train/noise/c0745a8460604d24_w20.png,c0745a8460604d24,20,Field,Noise
train/noise/c0745a8460604d24_w22.png,c0745a8460604d24,22,Field,Noise
train/noise/c0789301eb57e23e_w00.png,c0789301eb57e23e,0,Field,Noise
train/noise/c0789301eb57e23e_w03.png,c0789301eb57e23e,3,Field,Noise
train/noise/c0789301eb57e23e_w06.png,c0789301eb57e23e,6,Field,Noise
train/noise/c0789301eb57e23e_w08.png,c0789301eb57e23e,8,Field,Noise
train/noise/c0789301eb57e23e_w18.png,c0789301eb57e23e,18,Field,Noise
train/noise/c0789301eb57e23e_w19.png,c0789301eb57e23e,19,Field,Noise
train/noise/c0789301eb57e23e_w22.png,c0789301eb57e23e,22,Field,Noise
train/noise/c0789301eb57e23e_w23.png,c0789301eb57e23e,23,Field,Noise
train/noise/c1287f085daeae0b_w00.png,c1287f085daeae0b,0,Lab,Noise
train/noise/c1287f085daeae0b_w02.png,c1287f085daeae0b,2,Lab,Noise
train/noise/c1287f085daeae0b_w04.png,c1287f085daeae0b,4,Lab,Noise
train/noise/c1287f085daeae0b_w11.png,c1287f085daeae0b,11,Lab,Noise
train/noise/c1287f085daeae0b_w12.png,c1287f085daeae0b,12,Lab,Noise
train/noise/c1287f085daeae0b_w13.png,c1287f085daeae0b,13,Lab,Noise
train/noise/c1287f085daeae0b_w20.png,c1287f085daeae0b,20,Lab,Noise
train/noise/c1287f085daeae0b_w22.png,c1287f085daeae0b,22,Lab,Noise
train/noise/c1603704398c8e46_w03.png,c1603704398c8e46,3,Field,Noise
train/noise/c1603704398c8e46_w04.png,c1603704398c8e46,4,Field,Noise
train/noise/c1603704398c8e46_w06.png,c1603704398c8e46,6,Field,Noise
train/noise/c1603704398c8e46_w09.png,c1603704398c8e46,9,Field,Noise
train/noise/c1603704398c8e46_w19.png,c1603704398c8e46,19,Field,Noise
train/noise/c1603704398c8e46_w20.png,c1603704398c8e46,20,Field,Noise
train/noise/c1603704398c8e46_w22.png,c1603704398c8e46,22,Field,Noise
train/noise/c1603704398c8e46_w27.png,c1603704398c8e46,27,Field,Noise
train/noise/c17d07f6247fc1f7_w02.png,c17d07f6247fc1f7,2,Lab,Noise
train/noise/c17d07f6247fc1f7_w03.png,c17d07f6247fc1f7,3,Lab,Noise
train/noise/c17d07f6247fc1f7_w08.png,c17d07f6247fc1f7,8,Lab,Noise
train/noise/c17d07f6247fc1f7_w11.png,c17d07f6247fc1f7,11,Lab,Noise
train/noise/c17d07f6247fc1f7_w13.png,c17d07f6247fc1f7,13,Lab,Noise
train/noise/c17d07f6247fc1f7_w18.png,c17d07f6247fc1f7,18,Lab,Noise
train/noise/c17d07f6247fc1f7_w22.png,c17d07f6247fc1f7,22,Lab,Noise
train/noise/c17d07f6247fc1f7_w23.png,c17d07f6247fc1f7,23,Lab,Noise
train/noise/c228b4d23b16f637_w01.png,c228b4d23b16f637,1,Field,Noise
train/noise/c228b4d23b16f637_w04.png,c228b4d23b16f637,4,Field,Noise
train/noise/c228b4d23b16f637_w11.png,c228b4d23b16f637,11,Field,Noise
train/noise/c228b4d23b16f637_w13.png,c228b4d23b16f637,13,Field,Noise
train/noise/c228b4d23b16f637_w20.png,c228b4d23b16f637,20,Field,Noise
train/noise/c228b4d23b16f637_w24.png,c228b4d23b16f637,24,Field,Noise
train/noise/c228b4d23b16f637_w25.png,c228b4d23b16f637,25,Field,Noise
train/noise/c228b4d23b16f637_w27.png,c228b4d23b16f637,27,Field,Noise
train/noise/c26aceddc9e7d8b4_w00.png,c26aceddc9e7d8b4,0,Field,Noise
train/noise/c26aceddc9e7d8b4_w06.png,c26aceddc9e7d8b4,6,Field,Noise
train/noise/c26aceddc9e7d8b4_w10.png,c26aceddc9e7d8b4,10,Field,Noise
train/noise/c26aceddc9e7d8b4_w11.png,c26aceddc9e7d8b4,11,Field,Noise
train/noise/c26aceddc9e7d8b4_w14.png,c26aceddc9e7d8b4,14,Field,Noise
train/noise/c26aceddc9e7d8b4_w17.png,c26aceddc9e7d8b4,17,Field,Noise
train/noise/c26aceddc9e7d8b4_w22.png,c26aceddc9e7d8b4,22,Field,Noise
train/noise/c26aceddc9e7d8b4_w24.png,c26aceddc9e7d8b4,24,Field,Noise
train/noise/c2dee7f91f0b6d3c_w08.png,c2dee7f91f0b6d3c,8,Field,Noise
train/noise/c2dee7f91f0b6d3c_w10.png,c2dee7f91f0b6d3c,10,Field,Noise
train/noise/c2dee7f91f0b6d3c_w13.png,c2dee7f91f0b6d3c,13,Field,Noise
train/noise/c2dee7f91f0b6d3c_w17.png,c2dee7f91f0b6d3c,17,Field,Noise
train/noise/c2dee7f91f0b6d3c_w18.png,c2dee7f91f0b6d3c,18,Field,Noise
train/noise/c2dee7f91f0b6d3c_w20.png,c2dee7f91f0b6d3c,20,Field,Noise
train/noise/c2dee7f91f0b6d3c_w21.png,c2dee7f91f0b6d3c,21,Field,Noise
train/noise/c2dee7f91f0b6d3c_w25.png,c2dee7f91f0b6d3c,25,Field,Noise
train/noise/c2f4672acdd72fb8_w00.png,c2f4672acdd72fb8,0,Field,Noise
train/noise/c2f4672acdd72fb8_w02.png,c2f4672acdd72fb8,2,Field,Noise
train/noise/c2f4672acdd72fb8_w03.png,c2f4672acdd72fb8,3,Field,Noise
train/noise/c2f4672acdd72fb8_w05.png,c2f4672acdd72fb8,5,Field,Noise
train/noise/c2f4672acdd72fb8_w06.png,c2f4672acdd72fb8,6,Field,Noise
train/noise/c2f4672acdd72fb8_w09.png,c2f4672acdd72fb8,9,Field,Noise
train/noise/c2f4672acdd72fb8_w15.png,c2f4672acdd72fb8,15,Field,Noise
train/noise/c2f4672acdd72fb8_w18.png,c2f4672acdd72fb8,18,Field,Noise
train/noise/c351cc0046c552c8_w03.png,c351cc0046c552c8,3,Field,Noise
train/noise/c351cc0046c552c8_w12.png,c351cc0046c552c8,12,Field,Noise
train/noise/c351cc0046c552c8_w15.png,c351cc0046c552c8,15,Field,Noise
train/noise/c351cc0046c552c8_w16.png,c351cc0046c552c8,16,Field,Noise
train/noise/c351cc0046c552c8_w18.png,c351cc0046c552c8,18,Field,Noise
train/noise/c351cc0046c552c8_w19.png,c351cc0046c552c8,19,Field,Noise
train/noise/c351cc0046c552c8_w22.png,c351cc0046c552c8,22,Field,Noise
train/noise/c351cc0046c552c8_w25.png,c351cc0046c552c8,25,Field,Noise
train/noise/c3843c8bab2fc7ab_w04.png,c3843c8bab2fc7ab,4,Lab,Noise
train/noise/c3843c8bab2fc7ab_w06.png,c3843c8bab2fc7ab,6,Lab,Noise
train/noise/c3843c8bab2fc7ab_w07.png,c3843c8bab2fc7ab,7,Lab,Noise
train/noise/c3843c8bab2fc7ab_w09.png,c3843c8bab2fc7ab,9,Lab,Noise
train/noise/c3843c8bab2fc7ab_w12.png,c3843c8bab2fc7ab,12,Lab,Noise
train/noise/c3843c8bab2fc7ab_w20.png,c3843c8bab2fc7ab,20,Lab,Noise
train/noise/c3843c8bab2fc7ab_w21.png,c3843c8bab2fc7ab,21,Lab,Noise
train/noise/c3843c8bab2fc7ab_w22.png,c3843c8bab2fc7ab,22,Lab,Noise
train/noise/c3bc3683ad11d1c5_w06.png,c3bc3683ad11d1c5,6,Field,Noise
train/noise/c3bc3683ad11d1c5_w12.png,c3bc3683ad11d1c5,12,Field,Noise
train/noise/c3bc3683ad11d1c5_w13.png,c3bc3683ad11d1c5,13,Field,Noise
train/noise/c3bc3683ad11d1c5_w15.png,c3bc3683ad11d1c5,15,Field,Noise
train/noise/c3bc3683ad11d1c5_w16.png,c3bc3683ad11d1c5,16,Field,Noise
train/noise/c3bc3683ad11d1c5_w20.png,c3bc3683ad11d1c5,20,Field,Noise
train/noise/c3bc3683ad11d1c5_w21.png,c3bc3683ad11d1c5,21,Field,Noise
train/noise/c3bc3683ad11d1c5_w25.png,c3bc3683ad11d1c5,25,Field,Noise
train/noise/c40d832afe67e5f2_w02.png,c40d832afe67e5f2,2,Field,Noise
train/noise/c40d832afe67e5f2_w07.png,c40d832afe67e5f2,7,Field,Noise
train/noise/c40d832afe67e5f2_w08.png,c40d832afe67e5f2,8,Field,Noise
train/noise/c40d832afe67e5f2_w16.png,c40d832afe67e5f2,16,Field,Noise
train/noise/c40d832afe67e5f2_w21.png,c40d832afe67e5f2,21,Field,Noise
train/noise/c40d832afe67e5f2_w24.png,c40d832afe67e5f2,24,Field,Noise
train/noise/c40d832afe67e5f2_w25.png,c40d832afe67e5f2,25,Field,Noise
train/noise/c40d832afe67e5f2_w27.png,c40d832afe67e5f2,27,Field,Noise
train/noise/c434023e4935750e_w00.png,c434023e4935750e,0,Field,Noise
train/noise/c434023e4935750e_w06.png,c434023e4935750e,6,Field,Noise
train/noise/c434023e4935750e_w10.png,c434023e4935750e,10,Field,Noise
train/noise/c434023e4935750e_w12.png,c434023e4935750e,12,Field,Noise
train/noise/c434023e4935750e_w17.png,c434023e4935750e,17,Field,Noise
train/noise/c434023e4935750e_w18.png,c434023e4935750e,18,Field,Noise
train/noise/c434023e4935750e_w22.png,c434023e4935750e,22,Field,Noise
train/noise/c434023e4935750e_w27.png,c434023e4935750e,27,Field,Noise
train/noise/c4aecafa996a3723_w07.png,c4aecafa996a3723,7,Field,Noise
train/noise/c4aecafa996a3723_w08.png,c4aecafa996a3723,8,Field,Noise
train/noise/c4aecafa996a3723_w11.png,c4aecafa996a3723,11,Field,Noise
train/noise/c4aecafa996a3723_w16.png,c4aecafa996a3723,16,Field,Noise
train/noise/c4aecafa996a3723_w17.png,c4aecafa996a3723,17,Field,Noise
train/noise/c4aecafa996a3723_w20.png,c4aecafa996a3723,20,Field,Noise
train/noise/c4aecafa996a3723_w22.png,c4aecafa996a3723,22,Field,Noise
train/noise/c4aecafa996a3723_w23.png,c4aecafa996a3723,23,Field,Noise
train/noise/c4c5422115a79551_w01.png,c4c5422115a79551,1,Field,Noise
train/noise/c4c5422115a79551_w02.png,c4c5422115a79551,2,Field,Noise
train/noise/c4c5422115a79551_w05.png,c4c5422115a79551,5,Field,Noise
train/noise/c4c5422115a79551_w07.png,c4c5422115a79551,7,Field,Noise
train/noise/c4c5422115a79551_w09.png,c4c5422115a79551,9,Field,Noise
train/noise/c4c5422115a79551_w21.png,c4c5422115a79551,21,Field,Noise
train/noise/c4c5422115a79551_w24.png,c4c5422115a79551,24,Field,Noise
train/noise/c4c5422115a79551_w27.png,c4c5422115a79551,27,Field,Noise
train/noise/c4e8a17705c9471f_w01.png,c4e8a17705c9471f,1,Field,Noise
train/noise/c4e8a17705c9471f_w06.png,c4e8a17705c9471f,6,Field,Noise
train/noise/c4e8a17705c9471f_w11.png,c4e8a17705c9471f,11,Field,Noise
train/noise/c4e8a17705c9471f_w12.png,c4e8a17705c9471f,12,Field,Noise
train/noise/c4e8a17705c9471f_w18.png,c4e8a17705c9471f,18,Field,Noise
train/noise/c4e8a17705c9471f_w19.png,c4e8a17705c9471f,19,Field,Noise
train/noise/c4e8a17705c9471f_w21.png,c4e8a17705c9471f,21,Field,Noise
train/noise/c4e8a17705c9471f_w22.png,c4e8a17705c9471f,22,Field,Noise
train/noise/c4ee488bfb6dbd8b_w05.png,c4ee488bfb6dbd8b,5,Field,Noise
train/noise/c4ee488bfb6dbd8b_w11.png,c4ee488bfb6dbd8b,11,Field,Noise
train/noise/c4ee488bfb6dbd8b_w12.png,c4ee488bfb6dbd8b,12,Field,Noise
train/noise/c4ee488bfb6dbd8b_w13.png,c4ee488bfb6dbd8b,13,Field,Noise
train/noise/c4ee488bfb6dbd8b_w19.png,c4ee488bfb6dbd8b,19,Field,Noise
train/noise/c4ee488bfb6dbd8b_w21.png,c4ee488bfb6dbd8b,21,Field,Noise
train/noise/c4ee488bfb6dbd8b_w23.png,c4ee488bfb6dbd8b,23,Field,Noise
train/noise/c4ee488bfb6dbd8b_w25.png,c4ee488bfb6dbd8b,25,Field,Noise
train/noise/c554f7bfa1fcd844_w00.png,c554f7bfa1fcd844,0,Lab,Noise
train/noise/c554f7bfa1fcd844_w02.png,c554f7bfa1fcd844,2,Lab,Noise
train/noise/c554f7bfa1fcd844_w08.png,c554f7bfa1fcd844,8,Lab,Noise
train/noise/c554f7bfa1fcd844_w12.png,c554f7bfa1fcd844,12,Lab,Noise
train/noise/c554f7bfa1fcd844_w14.png,c554f7bfa1fcd844,14,Lab,Noise
train/noise/c554f7bfa1fcd844_w17.png,c554f7bfa1fcd844,17,Lab,Noise
train/noise/c554f7bfa1fcd844_w22.png,c554f7bfa1fcd844,22,Lab,Noise
train/noise/c554f7bfa1fcd844_w23.png,c554f7bfa1fcd844,23,Lab,Noise
train/noise/c5a62b787341064a_w02.png,c5a62b787341064a,2,Field,Noise
train/noise/c5a62b787341064a_w05.png,c5a62b787341064a,5,Field,Noise
train/noise/c5a62b787341064a_w07.png,c5a62b787341064a,7,Field,Noise
train/noise/c5a62b787341064a_w10.png,c5a62b787341064a,10,Field,Noise
train/noise/c5a62b787341064a_w17.png,c5a62b787341064a,17,Field,Noise
train/noise/c5a62b787341064a_w18.png,c5a62b787341064a,18,Field,Noise
train/noise/c5a62b787341064a_w25.png,c5a62b787341064a,25,Field,Noise
train/noise/c5a62b787341064a_w26.png,c5a62b787341064a,26,Field,Noise
train/noise/c5f3e74ae4ea2d39_w03.png,c5f3e74ae4ea2d39,3,Field,Noise
train/noise/c5f3e74ae4ea2d39_w04.png,c5f3e74ae4ea2d39,4,Field,Noise
train/noise/c5f3e74ae4ea2d39_w12.png,c5f3e74ae4ea2d39,12,Field,Noise
train/noise/c5f3e74ae4ea2d39_w14.png,c5f3e74ae4ea2d39,14,Field,Noise
train/noise/c5f3e74ae4ea2d39_w15.png,c5f3e74ae4ea2d39,15,Field,Noise
train/noise/c5f3e74ae4ea2d39_w24.png,c5f3e74ae4ea2d39,24,Field,Noise
train/noise/c5f3e74ae4ea2d39_w26.png,c5f3e74ae4ea2d39,26,Field,Noise
train/noise/c5f3e74ae4ea2d39_w27.png,c5f3e74ae4ea2d39,27,Field,Noise
train/noise/c63047cfd8e5672f_w02.png,c63047cfd8e5672f,2,Lab,Noise
train/noise/c63047cfd8e5672f_w05.png,c63047cfd8e5672f,5,Lab,Noise
train/noise/c63047cfd8e5672f_w07.png,c63047cfd8e5672f,7,Lab,Noise
train/noise/c63047cfd8e5672f_w12.png,c63047cfd8e5672f,12,Lab,Noise
train/noise/c63047cfd8e5672f_w16.png,c63047cfd8e5672f,16,Lab,Noise
train/noise/c63047cfd8e5672f_w21.png,c63047cfd8e5672f,21,Lab,Noise
train/noise/c63047cfd8e5672f_w22.png,c63047cfd8e5672f,22,Lab,Noise
train/noise/c63047cfd8e5672f_w24.png,c63047cfd8e5672f,24,Lab,Noise
train/noise/c699d61525b57d35_w02.png,c699d61525b57d35,2,Field,Noise
train/noise/c699d61525b57d35_w04.png,c699d61525b57d35,4,Field,Noise
train/noise/c699d61525b57d35_w06.png,c699d61525b57d35,6,Field,Noise
train/noise/c699d61525b57d35_w10.png,c699d61525b57d35,10,Field,Noise
train/noise/c699d61525b57d35_w12.png,c699d61525b57d35,12,Field,Noise
train/noise/c699d61525b57d35_w20.png,c699d61525b57d35,20,Field,Noise
train/noise/c699d61525b57d35_w22.png,c699d61525b57d35,22,Field,Noise
train/noise/c699d61525b57d35_w24.png,c699d61525b57d35,24,Field,Noise
train/noise/c6f4ec7eac6c22c9_w00.png,c6f4ec7eac6c22c9,0,Field,Noise
train/noise/c6f4ec7eac6c22c9_w08.png,c6f4ec7eac6c22c9,8,Field,Noise
train/noise/c6f4ec7eac6c22c9_w10.png,c6f4ec7eac6c22c9,10,Field,Noise
train/noise/c6f4ec7eac6c22c9_w12.png,c6f4ec7eac6c22c9,12,Field,Noise
train/noise/c6f4ec7eac6c22c9_w16.png,c6f4ec7eac6c22c9,16,Field,Noise
train/noise/c6f4ec7eac6c22c9_w19.png,c6f4ec7eac6c22c9,19,Field,Noise
train/noise/c6f4ec7eac6c22c9_w22.png,c6f4ec7eac6c22c9,22,Field,Noise
train/noise/c6f4ec7eac6c22c9_w27.png,c6f4ec7eac6c22c9,27,Field,Noise
train/noise/c7017f02b24e74bb_w01.png,c7017f02b24e74bb,1,Field,Noise
train/noise/c7017f02b24e74bb_w02.png,c7017f02b24e74bb,2,Field,Noise
train/noise/c7017f02b24e74bb_w05.png,c7017f02b24e74bb,5,Field,Noise
train/noise/c7017f02b24e74bb_w07.png,c7017f02b24e74bb,7,Field,Noise
train/noise/c7017f02b24e74bb_w10.png,c7017f02b24e74bb,10,Field,Noise
train/noise/c7017f02b24e74bb_w15.png,c7017f02b24e74bb,15,Field,Noise
train/noise/c7017f02b24e74bb_w18.png,c7017f02b24e74bb,18,Field,Noise
train/noise/c7017f02b24e74bb_w25.png,c7017f02b24e74bb,25,Field,Noise
train/noise/c72f14f720220524_w01.png,c72f14f720220524,1,Lab,Noise
train/noise/c72f14f720220524_w03.png,c72f14f720220524,3,Lab,Noise
train/noise/c72f14f720220524_w04.png,c72f14f720220524,4,Lab,Noise
train/noise/c72f14f720220524_w14.png,c72f14f720220524,14,Lab,Noise
train/noise/c72f14f720220524_w15.png,c72f14f720220524,15,Lab,Noise
train/noise/c72f14f720220524_w18.png,c72f14f720220524,18,Lab,Noise
train/noise/c72f14f720220524_w22.png,c72f14f720220524,22,Lab,Noise
train/noise/c72f14f720220524_w24.png,c72f14f720220524,24,Lab,Noise
train/noise/c7b61b5a6341a8b4_w01.png,c7b61b5a6341a8b4,1,Field,Noise
train/noise/c7b61b5a6341a8b4_w06.png,c7b61b5a6341a8b4,6,Field,Noise
train/noise/c7b61b5a6341a8b4_w20.png,c7b61b5a6341a8b4,20,Field,Noise
train/noise/c7b61b5a6341a8b4_w21.png,c7b61b5a6341a8b4,21,Field,Noise
train/noise/c7b61b5a6341a8b4_w23.png,c7b61b5a6341a8b4,23,Field,Noise
train/noise/c7b61b5a6341a8b4_w25.png,c7b61b5a6341a8b4,25,Field,Noise
train/noise/c7b61b5a6341a8b4_w26.png,c7b61b5a6341a8b4,26,Field,Noise
train/noise/c7b61b5a6341a8b4_w27.png,c7b61b5a6341a8b4,27,Field,Noise
train/noise/c7d3b8159fede0d2_w03.png,c7d3b8159fede0d2,3,Field,Noise
train/noise/c7d3b8159fede0d2_w06.png,c7d3b8159fede0d2,6,Field,Noise
train/noise/c7d3b8159fede0d2_w09.png,c7d3b8159fede0d2,9,Field,Noise
train/noise/c7d3b8159fede0d2_w15.png,c7d3b8159fede0d2,15,Field,Noise
train/noise/c7d3b8159fede0d2_w16.png,c7d3b8159fede0d2,16,Field,Noise
train/noise/c7d3b8159fede0d2_w17.png,c7d3b8159fede0d2,17,Field,Noise
train/noise/c7d3b8159fede0d2_w22.png,c7d3b8159fede0d2,22,Field,Noise
train/noise/c7d3b8159fede0d2_w23.png,c7d3b8159fede0d2,23,Field,Noise
train/noise/c7f9b38aac538fb7_w05.png,c7f9b38aac538fb7,5,Field,Noise
train/noise/c7f9b38aac538fb7_w07.png,c7f9b38aac538fb7,7,Field,Noise
train/noise/c7f9b38aac538fb7_w09.png,c7f9b38aac538fb7,9,Field,Noise
train/noise/c7f9b38aac538fb7_w10.png,c7f9b38aac538fb7,10,Field,Noise
train/noise/c7f9b38aac538fb7_w18.png,c7f9b38aac538fb7,18,Field,Noise
train/noise/c7f9b38aac538fb7_w21.png,c7f9b38aac538fb7,21,Field,Noise
train/noise/c7f9b38aac538fb7_w22.png,c7f9b38aac538fb7,22,Field,Noise
train/noise/c7f9b38aac538fb7_w26.png,c7f9b38aac538fb7,26,Field,Noise
train/noise/c86c99ce6335adbe_w02.png,c86c99ce6335adbe,2,Field,Noise
train/noise/c86c99ce6335adbe_w03.png,c86c99ce6335adbe,3,Field,Noise
train/noise/c86c99ce6335adbe_w04.png,c86c99ce6335adbe,4,Field,Noise
train/noise/c86c99ce6335adbe_w17.png,c86c99ce6335adbe,17,Field,Noise
train/noise/c86c99ce6335adbe_w20.png,c86c99ce6335adbe,20,Field,Noise
train/noise/c86c99ce6335adbe_w22.png,c86c99ce6335adbe,22,Field,Noise
train/noise/c86c99ce6335adbe_w23.png,c86c99ce6335adbe,23,Field,Noise
train/noise/c86c99ce6335adbe_w27.png,c86c99ce6335adbe,27,Field,Noise
train/noise/c898a378426390b3_w01.png,c898a378426390b3,1,Field,Noise
train/noise/c898a378426390b3_w02.png,c898a378426390b3,2,Field,Noise
train/noise/c898a378426390b3_w05.png,c898a378426390b3,5,Field,Noise
train/noise/c898a378426390b3_w11.png,c898a378426390b3,11,Field,Noise
train/noise/c898a378426390b3_w15.png,c898a378426390b3,15,Field,Noise
train/noise/c898a378426390b3_w21.png,c898a378426390b3,21,Field,Noise
train/noise/c898a378426390b3_w23.png,c898a378426390b3,23,Field,Noise
train/noise/c898a378426390b3_w27.png,c898a378426390b3,27,Field,Noise
train/noise/c8a722bb2fe81a46_w09.png,c8a722bb2fe81a46,9,Field,Noise
train/noise/c8a722bb2fe81a46_w13.png,c8a722bb2fe81a46,13,Field,Noise
train/noise/c8a722bb2fe81a46_w14.png,c8a722bb2fe81a46,14,Field,Noise
train/noise/c8a722bb2fe81a46_w15.png,c8a722bb2fe81a46,15,Field,Noise
train/noise/c8a722bb2fe81a46_w20.png,c8a722bb2fe81a46,20,Field,Noise
train/noise/c8a722bb2fe81a46_w22.png,c8a722bb2fe81a46,22,Field,Noise
train/noise/c8a722bb2fe81a46_w24.png,c8a722bb2fe81a46,24,Field,Noise
train/noise/c8a722bb2fe81a46_w27.png,c8a722bb2fe81a46,27,Field,Noise
train/noise/c9271d329bca3f9e_w03.png,c9271d329bca3f9e,3,Lab,Noise
train/noise/c9271d329bca3f9e_w08.png,c9271d329bca3f9e,8,Lab,Noise
train/noise/c9271d329bca3f9e_w12.png,c9271d329bca3f9e,12,Lab,Noise
train/noise/c9271d329bca3f9e_w15.png,c9271d329bca3f9e,15,Lab,Noise
train/noise/c9271d329bca3f9e_w19.png,c9271d329bca3f9e,19,Lab,Noise
train/noise/c9271d329bca3f9e_w24.png,c9271d329bca3f9e,24,Lab,Noise
train/noise/c9271d329bca3f9e_w25.png,c9271d329bca3f9e,25,Lab,Noise
train/noise/c9271d329bca3f9e_w27.png,c9271d329bca3f9e,27,Lab,Noise
train/noise/c92df620ee92dd3a_w03.png,c92df620ee92dd3a,3,Field,Noise
train/noise/c92df620ee92dd3a_w04.png,c92df620ee92dd3a,4,Field,Noise
train/noise/c92df620ee92dd3a_w15.png,c92df620ee92dd3a,15,Field,Noise
train/noise/c92df620ee92dd3a_w16.png,c92df620ee92dd3a,16,Field,Noise
train/noise/c92df620ee92dd3a_w17.png,c92df620ee92dd3a,17,Field,Noise
train/noise/c92df620ee92dd3a_w20.png,c92df620ee92dd3a,20,Field,Noise
train/noise/c92df620ee92dd3a_w25.png,c92df620ee92dd3a,25,Field,Noise
train/noise/c92df620ee92dd3a_w26.png,c92df620ee92dd3a,26,Field,Noise
train/noise/ca3264d1c2283b0f_w01.png,ca3264d1c2283b0f,1,Field,Noise
train/noise/ca3264d1c2283b0f_w13.png,ca3264d1c2283b0f,13,Field,Noise
train/noise/ca3264d1c2283b0f_w15.png,ca3264d1c2283b0f,15,Field,Noise
train/noise/ca3264d1c2283b0f_w16.png,ca3264d1c2283b0f,16,Field,Noise
train/noise/ca3264d1c2283b0f_w18.png,ca3264d1c2283b0f,18,Field,Noise
train/noise/ca3264d1c2283b0f_w21.png,ca3264d1c2283b0f,21,Field,Noise
train/noise/ca3264d1c2283b0f_w22.png,ca3264d1c2283b0f,22,Field,Noise
train/noise/ca3264d1c2283b0f_w24.png,ca3264d1c2283b0f,24,Field,Noise
train/noise/cbd4a33f11ebcd16_w07.png,cbd4a33f11ebcd16,7,Field,Noise
train/noise/cbd4a33f11ebcd16_w10.png,cbd4a33f11ebcd16,10,Field,Noise
train/noise/cbd4a33f11ebcd16_w15.png,cbd4a33f11ebcd16,15,Field,Noise
train/noise/cbd4a33f11ebcd16_w19.png,cbd4a33f11ebcd16,19,Field,Noise
train/noise/cbd4a33f11ebcd16_w20.png,cbd4a33f11ebcd16,20,Field,Noise
train/noise/cbd4a33f11ebcd16_w24.png,cbd4a33f11ebcd16,24,Field,Noise
train/noise/cbd4a33f11ebcd16_w26.png,cbd4a33f11ebcd16,26,Field,Noise
train/noise/cbd4a33f11ebcd16_w27.png,cbd4a33f11ebcd16,27,Field,Noise
train/noise/cc03878bd5813ca8_w01.png,cc03878bd5813ca8,1,Field,Noise
train/noise/cc03878bd5813ca8_w02.png,cc03878bd5813ca8,2,Field,Noise
train/noise/cc03878bd5813ca8_w03.png,cc03878bd5813ca8,3,Field,Noise
train/noise/cc03878bd5813ca8_w05.png,cc03878bd5813ca8,5,Field,Noise
train/noise/cc03878bd5813ca8_w10.png,cc03878bd5813ca8,10,Field,Noise
train/noise/cc03878bd5813ca8_w12.png,cc03878bd5813ca8,12,Field,Noise
train/noise/cc03878bd5813ca8_w16.png,cc03878bd5813ca8,16,Field,Noise
train/noise/cc03878bd5813ca8_w18.png,cc03878bd5813ca8,18,Field,Noise
train/noise/cc04e6a98a9e7069_w01.png,cc04e6a98a9e7069,1,Field,Noise
train/noise/cc04e6a98a9e7069_w07.png,cc04e6a98a9e7069,7,Field,Noise
train/noise/cc04e6a98a9e7069_w11.png,cc04e6a98a9e7069,11,Field,Noise
train/noise/cc04e6a98a9e7069_w12.png,cc04e6a98a9e7069,12,Field,Noise
train/noise/cc04e6a98a9e7069_w13.png,cc04e6a98a9e7069,13,Field,Noise
train/noise/cc04e6a98a9e7069_w14.png,cc04e6a98a9e7069,14,Field,Noise
train/noise/cc04e6a98a9e7069_w20.png,cc04e6a98a9e7069,20,Field,Noise
train/noise/cc04e6a98a9e7069_w27.png,cc04e6a98a9e7069,27,Field,Noise
train/noise/ccc78ff9885e1c9e_w00.png,ccc78ff9885e1c9e,0,Field,Noise
train/noise/ccc78ff9885e1c9e_w07.png,ccc78ff9885e1c9e,7,Field,Noise
train/noise/ccc78ff9885e1c9e_w14.png,ccc78ff9885e1c9e,14,Field,Noise
train/noise/ccc78ff9885e1c9e_w17.png,ccc78ff9885e1c9e,17,Field,Noise
train/noise/ccc78ff9885e1c9e_w20.png,ccc78ff9885e1c9e,20,Field,Noise
train/noise/ccc78ff9885e1c9e_w21.png,ccc78ff9885e1c9e,21,Field,Noise
train/noise/ccc78ff9885e1c9e_w23.png,ccc78ff9885e1c9e,23,Field,Noise
train/noise/ccc78ff9885e1c9e_w25.png,ccc78ff9885e1c9e,25,Field,Noise
train/noise/cd6e88a4bef5d029_w01.png,cd6e88a4bef5d029,1,Lab,Noise
train/noise/cd6e88a4bef5d029_w03.png,cd6e88a4bef5d029,3,Lab,Noise
train/noise/cd6e88a4bef5d029_w06.png,cd6e88a4bef5d029,6,Lab,Noise
train/noise/cd6e88a4bef5d029_w08.png,cd6e88a4bef5d029,8,Lab,Noise
train/noise/cd6e88a4bef5d029_w09.png,cd6e88a4bef5d029,9,Lab,Noise
train/noise/cd6e88a4bef5d029_w11.png,cd6e88a4bef5d029,11,Lab,Noise
train/noise/cd6e88a4bef5d029_w16.png,cd6e88a4bef5d029,16,Lab,Noise
train/noise/cd6e88a4bef5d029_w27.png,cd6e88a4bef5d029,27,Lab,Noise
train/noise/cd7f164dd1240a8f_w02.png,cd7f164dd1240a8f,2,Field,Noise
train/noise/cd7f164dd1240a8f_w11.png,cd7f164dd1240a8f,11,Field,Noise
train/noise/cd7f164dd1240a8f_w14.png,cd7f164dd1240a8f,14,Field,Noise
train/noise/cd7f164dd1240a8f_w15.png,cd7f164dd1240a8f,15,Field,Noise
train/noise/cd7f164dd1240a8f_w17.png,cd7f164dd1240a8f,17,Field,Noise
train/noise/cd7f164dd1240a8f_w21.png,cd7f164dd1240a8f,21,Field,Noise
train/noise/cd7f164dd1240a8f_w22.png,cd7f164dd1240a8f,22,Field,Noise
train/noise/cd7f164dd1240a8f_w27.png,cd7f164dd1240a8f,27,Field,Noise
train/noise/cdcb4286d24807ea_w00.png,cdcb4286d24807ea,0,Field,Noise
train/noise/cdcb4286d24807ea_w03.png,cdcb4286d24807ea,3,Field,Noise
train/noise/cdcb4286d24807ea_w04.png,cdcb4286d24807ea,4,Field,Noise
train/noise/cdcb4286d24807ea_w06.png,cdcb4286d24807ea,6,Field,Noise
train/noise/cdcb4286d24807ea_w10.png,cdcb4286d24807ea,10,Field,Noise
train/noise/cdcb4286d24807ea_w12.png,cdcb4286d24807ea,12,Field,Noise
train/noise/cdcb4286d24807ea_w16.png,cdcb4286d24807ea,16,Field,Noise
train/noise/cdcb4286d24807ea_w18.png,cdcb4286d24807ea,18,Field,Noise
train/noise/cde946d16b862060_w02.png,cde946d16b862060,2,Field,Noise
train/noise/cde946d16b862060_w03.png,cde946d16b862060,3,Field,Noise
train/noise/cde946d16b862060_w07.png,cde946d16b862060,7,Field,Noise
train/noise/cde946d16b862060_w11.png,cde946d16b862060,11,Field,Noise
train/noise/cde946d16b862060_w14.png,cde946d16b862060,14,Field,Noise
train/noise/cde946d16b862060_w15.png,cde946d16b862060,15,Field,Noise
train/noise/cde946d16b862060_w19.png,cde946d16b862060,19,Field,Noise
train/noise/cde946d16b862060_w22.png,cde946d16b862060,22,Field,Noise
train/noise/cdf4db05026c32af_w07.png,cdf4db05026c32af,7,Field,Noise
train/noise/cdf4db05026c32af_w08.png,cdf4db05026c32af,8,Field,Noise
train/noise/cdf4db05026c32af_w11.png,cdf4db05026c32af,11,Field,Noise
train/noise/cdf4db05026c32af_w15.png,cdf4db05026c32af,15,Field,Noise
train/noise/cdf4db05026c32af_w19.png,cdf4db05026c32af,19,Field,Noise
train/noise/cdf4db05026c32af_w22.png,cdf4db05026c32af,22,Field,Noise
train/noise/cdf4db05026c32af_w24.png,cdf4db05026c32af,24,Field,Noise
train/noise/cdf4db05026c32af_w27.png,cdf4db05026c32af,27,Field,Noise
train/noise/ce7137142a2a1d3c_w00.png,ce7137142a2a1d3c,0,Field,Noise
train/noise/ce7137142a2a1d3c_w11.png,ce7137142a2a1d3c,11,Field,Noise
train/noise/ce7137142a2a1d3c_w14.png,ce7137142a2a1d3c,14,Field,Noise
train/noise/ce7137142a2a1d3c_w15.png,ce7137142a2a1d3c,15,Field,Noise
train/noise/ce7137142a2a1d3c_w16.png,ce7137142a2a1d3c,16,Field,Noise
train/noise/ce7137142a2a1d3c_w21.png,ce7137142a2a1d3c,21,Field,Noise
train/noise/ce7137142a2a1d3c_w22.png,ce7137142a2a1d3c,22,Field,Noise
train/noise/ce7137142a2a1d3c_w26.png,ce7137142a2a1d3c,26,Field,Noise
train/noise/ce77f39b82d3fc31_w00.png,ce77f39b82d3fc31,0,Field,Noise
train/noise/ce77f39b82d3fc31_w04.png,ce77f39b82d3fc31,4,Field,Noise
train/noise/ce77f39b82d3fc31_w16.png,ce77f39b82d3fc31,16,Field,Noise
train/noise/ce77f39b82d3fc31_w20.png,ce77f39b82d3fc31,20,Field,Noise
train/noise/ce77f39b82d3fc31_w21.png,ce77f39b82d3fc31,21,Field,Noise
train/noise/ce77f39b82d3fc31_w23.png,ce77f39b82d3fc31,23,Field,Noise
train/noise/ce77f39b82d3fc31_w24.png,ce77f39b82d3fc31,24,Field,Noise
train/noise/ce77f39b82d3fc31_w25.png,ce77f39b82d3fc31,25,Field,Noise
train/noise/ce983dee28d888fd_w02.png,ce983dee28d888fd,2,Field,Noise
train/noise/ce983dee28d888fd_w06.png,ce983dee28d888fd,6,Field,Noise
train/noise/ce983dee28d888fd_w07.png,ce983dee28d888fd,7,Field,Noise
train/noise/ce983dee28d888fd_w08.png,ce983dee28d888fd,8,Field,Noise
train/noise/ce983dee28d888fd_w10.png,ce983dee28d888fd,10,Field,Noise
train/noise/ce983dee28d888fd_w11.png,ce983dee28d888fd,11,Field,Noise
train/noise/ce983dee28d888fd_w21.png,ce983dee28d888fd,21,Field,Noise
train/noise/ce983dee28d888fd_w24.png,ce983dee28d888fd,24,Field,Noise
train/noise/cef70fcafdfb19e2_w01.png,cef70fcafdfb19e2,1,Field,Noise
train/noise/cef70fcafdfb19e2_w07.png,cef70fcafdfb19e2,7,Field,Noise
train/noise/cef70fcafdfb19e2_w08.png,cef70fcafdfb19e2,8,Field,Noise
train/noise/cef70fcafdfb19e2_w10.png,cef70fcafdfb19e2,10,Field,Noise
train/noise/cef70fcafdfb19e2_w11.png,cef70fcafdfb19e2,11,Field,Noise
train/noise/cef70fcafdfb19e2_w15.png,cef70fcafdfb19e2,15,Field,Noise
train/noise/cef70fcafdfb19e2_w19.png,cef70fcafdfb19e2,19,Field,Noise
train/noise/cef70fcafdfb19e2_w26.png,cef70fcafdfb19e2,26,Field,Noise
train/noise/cfa6e5f469ca5758_w01.png,cfa6e5f469ca5758,1,Field,Noise
train/noise/cfa6e5f469ca5758_w02.png,cfa6e5f469ca5758,2,Field,Noise
train/noise/cfa6e5f469ca5758_w08.png,cfa6e5f469ca5758,8,Field,Noise
train/noise/cfa6e5f469ca5758_w16.png,cfa6e5f469ca5758,16,Field,Noise
train/noise/cfa6e5f469ca5758_w19.png,cfa6e5f469ca5758,19,Field,Noise
train/noise/cfa6e5f469ca5758_w23.png,cfa6e5f469ca5758,23,Field,Noise
train/noise/cfa6e5f469ca5758_w26.png,cfa6e5f469ca5758,26,Field,Noise
train/noise/cfa6e5f469ca5758_w27.png,cfa6e5f469ca5758,27,Field,Noise
train/noise/cfd86d4c1fd911b9_w05.png,cfd86d4c1fd911b9,5,Lab,Noise
train/noise/cfd86d4c1fd911b9_w07.png,cfd86d4c1fd911b9,7,Lab,Noise
train/noise/cfd86d4c1fd911b9_w08.png,cfd86d4c1fd911b9,8,Lab,Noise
train/noise/cfd86d4c1fd911b9_w17.png,cfd86d4c1fd911b9,17,Lab,Noise
train/noise/cfd86d4c1fd911b9_w18.png,cfd86d4c1fd911b9,18,Lab,Noise
train/noise/cfd86d4c1fd911b9_w19.png,cfd86d4c1fd911b9,19,Lab,Noise
train/noise/cfd86d4c1fd911b9_w21.png,cfd86d4c1fd911b9,21,Lab,Noise
train/noise/cfd86d4c1fd911b9_w23.png,cfd86d4c1fd911b9,23,Lab,Noise
train/noise/cfe23a48a6bdee5b_w02.png,cfe23a48a6bdee5b,2,Lab,Noise
train/noise/cfe23a48a6bdee5b_w07.png,cfe23a48a6bdee5b,7,Lab,Noise
train/noise/cfe23a48a6bdee5b_w11.png,cfe23a48a6bdee5b,11,Lab,Noise
train/noise/cfe23a48a6bdee5b_w17.png,cfe23a48a6bdee5b,17,Lab,Noise
train/noise/cfe23a48a6bdee5b_w19.png,cfe23a48a6bdee5b,19,Lab,Noise
train/noise/cfe23a48a6bdee5b_w22.png,cfe23a48a6bdee5b,22,Lab,Noise
train/noise/cfe23a48a6bdee5b_w23.png,cfe23a48a6bdee5b,23,Lab,Noise
train/noise/cfe23a48a6bdee5b_w25.png,cfe23a48a6bdee5b,25,Lab,Noise
train/noise/d04875ba95e79c15_w02.png,d04875ba95e79c15,2,Field,Noise
train/noise/d04875ba95e79c15_w03.png,d04875ba95e79c15,3,Field,Noise
train/noise/d04875ba95e79c15_w06.png,d04875ba95e79c15,6,Field,Noise
train/noise/d04875ba95e79c15_w09.png,d04875ba95e79c15,9,Field,Noise
train/noise/d04875ba95e79c15_w14.png,d04875ba95e79c15,14,Field,Noise
train/noise/d04875ba95e79c15_w22.png,d04875ba95e79c15,22,Field,Noise
train/noise/d04875ba95e79c15_w23.png,d04875ba95e79c15,23,Field,Noise
train/noise/d04875ba95e79c15_w26.png,d04875ba95e79c15,26,Field,Noise
train/noise/d0526b4a8db969bc_w05.png,d0526b4a8db969bc,5,Lab,Noise
train/noise/d0526b4a8db969bc_w11.png,d0526b4a8db969bc,11,Lab,Noise
train/noise/d0526b4a8db969bc_w13.png,d0526b4a8db969bc,13,Lab,Noise
train/noise/d0526b4a8db969bc_w15.png,d0526b4a8db969bc,15,Lab,Noise
train/noise/d0526b4a8db969bc_w16.png,d0526b4a8db969bc,16,Lab,Noise
train/noise/d0526b4a8db969bc_w17.png,d0526b4a8db969bc,17,Lab,Noise
train/noise/d0526b4a8db969bc_w19.png,d0526b4a8db969bc,19,Lab,Noise
train/noise/d0526b4a8db969bc_w23.png,d0526b4a8db969bc,23,Lab,Noise
train/noise/d05ddc01ae8a9ae5_w00.png,d05ddc01ae8a9ae5,0,Field,Noise
train/noise/d05ddc01ae8a9ae5_w02.png,d05ddc01ae8a9ae5,2,Field,Noise
train/noise/d05ddc01ae8a9ae5_w05.png,d05ddc01ae8a9ae5,5,Field,Noise
train/noise/d05ddc01ae8a9ae5_w10.png,d05ddc01ae8a9ae5,10,Field,Noise
train/noise/d05ddc01ae8a9ae5_w14.png,d05ddc01ae8a9ae5,14,Field,Noise
train/noise/d05ddc01ae8a9ae5_w22.png,d05ddc01ae8a9ae5,22,Field,Noise
train/noise/d05ddc01ae8a9ae5_w25.png,d05ddc01ae8a9ae5,25,Field,Noise
train/noise/d05ddc01ae8a9ae5_w27.png,d05ddc01ae8a9ae5,27,Field,Noise
train/noise/d0bf2ce0f9ae854b_w01.png,d0bf2ce0f9ae854b,1,Field,Noise
train/noise/d0bf2ce0f9ae854b_w04.png,d0bf2ce0f9ae854b,4,Field,Noise
train/noise/d0bf2ce0f9ae854b_w08.png,d0bf2ce0f9ae854b,8,Field,Noise
train/noise/d0bf2ce0f9ae854b_w11.png,d0bf2ce0f9ae854b,11,Field,Noise
train/noise/d0bf2ce0f9ae854b_w12.png,d0bf2ce0f9ae854b,12,Field,Noise
train/noise/d0bf2ce0f9ae854b_w14.png,d0bf2ce0f9ae854b,14,Field,Noise
train/noise/d0bf2ce0f9ae854b_w15.png,d0bf2ce0f9ae854b,15,Field,Noise
train/noise/d0bf2ce0f9ae854b_w19.png,d0bf2ce0f9ae854b,19,Field,Noise
train/noise/d0f954d39a795067_w02.png,d0f954d39a795067,2,Field,Noise
train/noise/d0f954d39a795067_w03.png,d0f954d39a795067,3,Field,Noise
train/noise/d0f954d39a795067_w09.png,d0f954d39a795067,9,Field,Noise
train/noise/d0f954d39a795067_w13.png,d0f954d39a795067,13,Field,Noise
train/noise/d0f954d39a795067_w16.png,d0f954d39a795067,16,Field,Noise
train/noise/d0f954d39a795067_w17.png,d0f954d39a795067,17,Field,Noise
train/noise/d0f954d39a795067_w18.png,d0f954d39a795067,18,Field,Noise
train/noise/d0f954d39a795067_w21.png,d0f954d39a795067,21,Field,Noise
train/noise/d124caf9fce177a5_w00.png,d124caf9fce177a5,0,Field,Noise
train/noise/d124caf9fce177a5_w03.png,d124caf9fce177a5,3,Field,Noise
train/noise/d124caf9fce177a5_w07.png,d124caf9fce177a5,7,Field,Noise
train/noise/d124caf9fce177a5_w11.png,d124caf9fce177a5,11,Field,Noise
train/noise/d124caf9fce177a5_w14.png,d124caf9fce177a5,14,Field,Noise
train/noise/d124caf9fce177a5_w16.png,d124caf9fce177a5,16,Field,Noise
train/noise/d124caf9fce177a5_w18.png,d124caf9fce177a5,18,Field,Noise
train/noise/d124caf9fce177a5_w25.png,d124caf9fce177a5,25,Field,Noise
train/noise/d12e485cfb251148_w12.png,d12e485cfb251148,12,Lab,Noise
train/noise/d12e485cfb251148_w17.png,d12e485cfb251148,17,Lab,Noise
train/noise/d12e485cfb251148_w19.png,d12e485cfb251148,19,Lab,Noise
train/noise/d12e485cfb251148_w20.png,d12e485cfb251148,20,Lab,Noise
train/noise/d12e485cfb251148_w21.png,d12e485cfb251148,21,Lab,Noise
train/noise/d12e485cfb251148_w22.png,d12e485cfb251148,22,Lab,Noise
train/noise/d12e485cfb251148_w24.png,d12e485cfb251148,24,Lab,Noise
train/noise/d12e485cfb251148_w25.png,d12e485cfb251148,25,Lab,Noise
train/noise/d13697b9a095c20e_w01.png,d13697b9a095c20e,1,Field,Noise
train/noise/d13697b9a095c20e_w03.png,d13697b9a095c20e,3,Field,Noise
train/noise/d13697b9a095c20e_w08.png,d13697b9a095c20e,8,Field,Noise
train/noise/d13697b9a095c20e_w11.png,d13697b9a095c20e,11,Field,Noise
train/noise/d13697b9a095c20e_w12.png,d13697b9a095c20e,12,Field,Noise
train/noise/d13697b9a095c20e_w15.png,d13697b9a095c20e,15,Field,Noise
train/noise/d13697b9a095c20e_w16.png,d13697b9a095c20e,16,Field,Noise
train/noise/d13697b9a095c20e_w23.png,d13697b9a095c20e,23,Field,Noise
train/noise/d1846f9b91dcf1a7_w00.png,d1846f9b91dcf1a7,0,Field,Noise
train/noise/d1846f9b91dcf1a7_w05.png,d1846f9b91dcf1a7,5,Field,Noise
train/noise/d1846f9b91dcf1a7_w07.png,d1846f9b91dcf1a7,7,Field,Noise
train/noise/d1846f9b91dcf1a7_w16.png,d1846f9b91dcf1a7,16,Field,Noise
train/noise/d1846f9b91dcf1a7_w22.png,d1846f9b91dcf1a7,22,Field,Noise
train/noise/d1846f9b91dcf1a7_w24.png,d1846f9b91dcf1a7,24,Field,Noise
train/noise/d1846f9b91dcf1a7_w26.png,d1846f9b91dcf1a7,26,Field,Noise
train/noise/d1846f9b91dcf1a7_w27.png,d1846f9b91dcf1a7,27,Field,Noise
train/noise/d19c46417301ea09_w02.png,d19c46417301ea09,2,Field,Noise
train/noise/d19c46417301ea09_w08.png,d19c46417301ea09,8,Field,Noise
train/noise/d19c46417301ea09_w12.png,d19c46417301ea09,12,Field,Noise
train/noise/d19c46417301ea09_w15.png,d19c46417301ea09,15,Field,Noise
train/noise/d19c46417301ea09_w19.png,d19c46417301ea09,19,Field,Noise
train/noise/d19c46417301ea09_w22.png,d19c46417301ea09,22,Field,Noise
train/noise/d19c46417301ea09_w25.png,d19c46417301ea09,25,Field,Noise
train/noise/d19c46417301ea09_w27.png,d19c46417301ea09,27,Field,Noise
train/noise/d1c5b28642f6835b_w05.png,d1c5b28642f6835b,5,Field,Noise
train/noise/d1c5b28642f6835b_w09.png,d1c5b28642f6835b,9,Field,Noise
train/noise/d1c5b28642f6835b_w10.png,d1c5b28642f6835b,10,Field,Noise
train/noise/d1c5b28642f6835b_w15.png,d1c5b28642f6835b,15,Field,Noise
train/noise/d1c5b28642f6835b_w19.png,d1c5b28642f6835b,19,Field,Noise
train/noise/d1c5b28642f6835b_w23.png,d1c5b28642f6835b,23,Field,Noise
train/noise/d1c5b28642f6835b_w24.png,d1c5b28642f6835b,24,Field,Noise
train/noise/d1c5b28642f6835b_w26.png,d1c5b28642f6835b,26,Field,Noise
train/noise/d1e29a019d226193_w00.png,d1e29a019d226193,0,Field,Noise
train/noise/d1e29a019d226193_w09.png,d1e29a019d226193,9,Field,Noise
train/noise/d1e29a019d226193_w12.png,d1e29a019d226193,12,Field,Noise
train/noise/d1e29a019d226193_w15.png,d1e29a019d226193,15,Field,Noise
train/noise/d1e29a019d226193_w16.png,d1e29a019d226193,16,Field,Noise
train/noise/d1e29a019d226193_w17.png,d1e29a019d226193,17,Field,Noise
train/noise/d1e29a019d226193_w22.png,d1e29a019d226193,22,Field,Noise
train/noise/d1e29a019d226193_w25.png,d1e29a019d226193,25,Field,Noise
train/noise/d2624f487e0e96f2_w02.png,d2624f487e0e96f2,2,Field,Noise
train/noise/d2624f487e0e96f2_w03.png,d2624f487e0e96f2,3,Field,Noise
train/noise/d2624f487e0e96f2_w06.png,d2624f487e0e96f2,6,Field,Noise
train/noise/d2624f487e0e96f2_w10.png,d2624f487e0e96f2,10,Field,Noise
train/noise/d2624f487e0e96f2_w12.png,d2624f487e0e96f2,12,Field,Noise
train/noise/d2624f487e0e96f2_w16.png,d2624f487e0e96f2,16,Field,Noise
train/noise/d2624f487e0e96f2_w23.png,d2624f487e0e96f2,23,Field,Noise
train/noise/d2624f487e0e96f2_w27.png,d2624f487e0e96f2,27,Field,Noise
train/noise/d2e6ecac930b8aa0_w03.png,d2e6ecac930b8aa0,3,Field,Noise
train/noise/d2e6ecac930b8aa0_w04.png,d2e6ecac930b8aa0,4,Field,Noise
train/noise/d2e6ecac930b8aa0_w05.png,d2e6ecac930b8aa0,5,Field,Noise
train/noise/d2e6ecac930b8aa0_w07.png,d2e6ecac930b8aa0,7,Field,Noise
train/noise/d2e6ecac930b8aa0_w11.png,d2e6ecac930b8aa0,11,Field,Noise
train/noise/d2e6ecac930b8aa0_w20.png,d2e6ecac930b8aa0,20,Field,Noise
train/noise/d2e6ecac930b8aa0_w22.png,d2e6ecac930b8aa0,22,Field,Noise
train/noise/d2e6ecac930b8aa0_w26.png,d2e6ecac930b8aa0,26,Field,Noise
train/noise/d3349fccd2ba0462_w02.png,d3349fccd2ba0462,2,Field,Noise
train/noise/d3349fccd2ba0462_w09.png,d3349fccd2ba0462,9,Field,Noise
train/noise/d3349fccd2ba0462_w10.png,d3349fccd2ba0462,10,Field,Noise
train/noise/d3349fccd2ba0462_w12.png,d3349fccd2ba0462,12,Field,Noise
train/noise/d3349fccd2ba0462_w15.png,d3349fccd2ba0462,15,Field,Noise
train/noise/d3349fccd2ba0462_w19.png,d3349fccd2ba0462,19,Field,Noise
train/noise/d3349fccd2ba0462_w25.png,d3349fccd2ba0462,25,Field,Noise
train/noise/d3349fccd2ba0462_w26.png,d3349fccd2ba0462,26,Field,Noise
train/noise/d3396fa0c0c28cde_w02.png,d3396fa0c0c28cde,2,Field,Noise
train/noise/d3396fa0c0c28cde_w08.png,d3396fa0c0c28cde,8,Field,Noise
train/noise/d3396fa0c0c28cde_w09.png,d3396fa0c0c28cde,9,Field,Noise
train/noise/d3396fa0c0c28cde_w12.png,d3396fa0c0c28cde,12,Field,Noise
train/noise/d3396fa0c0c28cde_w14.png,d3396fa0c0c28cde,14,Field,Noise
train/noise/d3396fa0c0c28cde_w16.png,d3396fa0c0c28cde,16,Field,Noise
train/noise/d3396fa0c0c28cde_w17.png,d3396fa0c0c28cde,17,Field,Noise
train/noise/d3396fa0c0c28cde_w18.png,d3396fa0c0c28cde,18,Field,Noise
train/noise/d35ca4701da6bb13_w01.png,d35ca4701da6bb13,1,Lab,Noise
train/noise/d35ca4701da6bb13_w05.png,d35ca4701da6bb13,5,Lab,Noise
train/noise/d35ca4701da6bb13_w06.png,d35ca4701da6bb13,6,Lab,Noise
train/noise/d35ca4701da6bb13_w08.png,d35ca4701da6bb13,8,Lab,Noise
train/noise/d35ca4701da6bb13_w13.png,d35ca4701da6bb13,13,Lab,Noise
train/noise/d35ca4701da6bb13_w24.png,d35ca4701da6bb13,24,Lab,Noise
train/noise/d35ca4701da6bb13_w26.png,d35ca4701da6bb13,26,Lab,Noise
train/noise/d35ca4701da6bb13_w27.png,d35ca4701da6bb13,27,Lab,Noise
train/noise/d3badf0fb898f3b1_w01.png,d3badf0fb898f3b1,1,Field,Noise
train/noise/d3badf0fb898f3b1_w02.png,d3badf0fb898f3b1,2,Field,Noise
train/noise/d3badf0fb898f3b1_w03.png,d3badf0fb898f3b1,3,Field,Noise
train/noise/d3badf0fb898f3b1_w12.png,d3badf0fb898f3b1,12,Field,Noise
train/noise/d3badf0fb898f3b1_w17.png,d3badf0fb898f3b1,17,Field,Noise
train/noise/d3badf0fb898f3b1_w20.png,d3badf0fb898f3b1,20,Field,Noise
train/noise/d3badf0fb898f3b1_w23.png,d3badf0fb898f3b1,23,Field,Noise
train/noise/d3badf0fb898f3b1_w25.png,d3badf0fb898f3b1,25,Field,Noise
train/noise/d41dd7ff2ba57cf5_w04.png,d41dd7ff2ba57cf5,4,Field,Noise
train/noise/d41dd7ff2ba57cf5_w06.png,d41dd7ff2ba57cf5,6,Field,Noise
train/noise/d41dd7ff2ba57cf5_w13.png,d41dd7ff2ba57cf5,13,Field,Noise
train/noise/d41dd7ff2ba57cf5_w14.png,d41dd7ff2ba57cf5,14,Field,Noise
train/noise/d41dd7ff2ba57cf5_w18.png,d41dd7ff2ba57cf5,18,Field,Noise
train/noise/d41dd7ff2ba57cf5_w23.png,d41dd7ff2ba57cf5,23,Field,Noise
train/noise/d41dd7ff2ba57cf5_w24.png,d41dd7ff2ba57cf5,24,Field,Noise
train/noise/d41dd7ff2ba57cf5_w26.png,d41dd7ff2ba57cf5,26,Field,Noise
train/noise/d43e9782307e3668_w02.png,d43e9782307e3668,2,Field,Noise
train/noise/d43e9782307e3668_w09.png,d43e9782307e3668,9,Field,Noise
train/noise/d43e9782307e3668_w12.png,d43e9782307e3668,12,Field,Noise
train/noise/d43e9782307e3668_w13.png,d43e9782307e3668,13,Field,Noise
train/noise/d43e9782307e3668_w14.png,d43e9782307e3668,14,Field,Noise
train/noise/d43e9782307e3668_w18.png,d43e9782307e3668,18,Field,Noise
train/noise/d43e9782307e3668_w19.png,d43e9782307e3668,19,Field,Noise
train/noise/d43e9782307e3668_w26.png,d43e9782307e3668,26,Field,Noise
train/noise/d468ab1bb6d3a904_w00.png,d468ab1bb6d3a904,0,Field,Noise
train/noise/d468ab1bb6d3a904_w09.png,d468ab1bb6d3a904,9,Field,Noise
train/noise/d468ab1bb6d3a904_w12.png,d468ab1bb6d3a904,12,Field,Noise
train/noise/d468ab1bb6d3a904_w13.png,d468ab1bb6d3a904,13,Field,Noise
train/noise/d468ab1bb6d3a904_w16.png,d468ab1bb6d3a904,16,Field,Noise
train/noise/d468ab1bb6d3a904_w18.png,d468ab1bb6d3a904,18,Field,Noise
train/noise/d468ab1bb6d3a904_w23.png,d468ab1bb6d3a904,23,Field,Noise
train/noise/d468ab1bb6d3a904_w27.png,d468ab1bb6d3a904,27,Field,Noise
train/noise/d46ea693bfab4038_w01.png,d46ea693bfab4038,1,Field,Noise
train/noise/d46ea693bfab4038_w06.png,d46ea693bfab4038,6,Field,Noise
train/noise/d46ea693bfab4038_w07.png,d46ea693bfab4038,7,Field,Noise
train/noise/d46ea693bfab4038_w16.png,d46ea693bfab4038,16,Field,Noise
train/noise/d46ea693bfab4038_w19.png,d46ea693bfab4038,19,Field,Noise
train/noise/d46ea693bfab4038_w24.png,d46ea693bfab4038,24,Field,Noise
train/noise/d46ea693bfab4038_w26.png,d46ea693bfab4038,26,Field,Noise
train/noise/d46ea693bfab4038_w27.png,d46ea693bfab4038,27,Field,Noise
train/noise/d4a6fb04652979a8_w00.png,d4a6fb04652979a8,0,Field,Noise
train/noise/d4a6fb04652979a8_w02.png,d4a6fb04652979a8,2,Field,Noise
train/noise/d4a6fb04652979a8_w10.png,d4a6fb04652979a8,10,Field,Noise
train/noise/d4a6fb04652979a8_w13.png,d4a6fb04652979a8,13,Field,Noise
train/noise/d4a6fb04652979a8_w17.png,d4a6fb04652979a8,17,Field,Noise
train/noise/d4a6fb04652979a8_w24.png,d4a6fb04652979a8,24,Field,Noise
train/noise/d4a6fb04652979a8_w25.png,d4a6fb04652979a8,25,Field,Noise
train/noise/d4a6fb04652979a8_w26.png,d4a6fb04652979a8,26,Field,Noise
train/noise/d517ed9f54bd4404_w03.png,d517ed9f54bd4404,3,Field,Noise
train/noise/d517ed9f54bd4404_w04.png,d517ed9f54bd4404,4,Field,Noise
train/noise/d517ed9f54bd4404_w05.png,d517ed9f54bd4404,5,Field,Noise
train/noise/d517ed9f54bd4404_w08.png,d517ed9f54bd4404,8,Field,Noise
train/noise/d517ed9f54bd4404_w09.png,d517ed9f54bd4404,9,Field,Noise
train/noise/d517ed9f54bd4404_w10.png,d517ed9f54bd4404,10,Field,Noise
train/noise/d517ed9f54bd4404_w14.png,d517ed9f54bd4404,14,Field,Noise
train/noise/d517ed9f54bd4404_w20.png,d517ed9f54bd4404,20,Field,Noise
train/noise/d536ab2dc6690e4b_w12.png,d536ab2dc6690e4b,12,Field,Noise
train/noise/d536ab2dc6690e4b_w14.png,d536ab2dc6690e4b,14,Field,Noise
train/noise/d536ab2dc6690e4b_w15.png,d536ab2dc6690e4b,15,Field,Noise
train/noise/d536ab2dc6690e4b_w17.png,d536ab2dc6690e4b,17,Field,Noise
train/noise/d536ab2dc6690e4b_w20.png,d536ab2dc6690e4b,20,Field,Noise
train/noise/d536ab2dc6690e4b_w21.png,d536ab2dc6690e4b,21,Field,Noise
train/noise/d536ab2dc6690e4b_w24.png,d536ab2dc6690e4b,24,Field,Noise
train/noise/d536ab2dc6690e4b_w25.png,d536ab2dc6690e4b,25,Field,Noise
train/noise/d63abc7e475b9e12_w00.png,d63abc7e475b9e12,0,Field,Noise
train/noise/d63abc7e475b9e12_w07.png,d63abc7e475b9e12,7,Field,Noise
train/noise/d63abc7e475b9e12_w09.png,d63abc7e475b9e12,9,Field,Noise
train/noise/d63abc7e475b9e12_w13.png,d63abc7e475b9e12,13,Field,Noise
train/noise/d63abc7e475b9e12_w14.png,d63abc7e475b9e12,14,Field,Noise
train/noise/d63abc7e475b9e12_w23.png,d63abc7e475b9e12,23,Field,Noise
train/noise/d63abc7e475b9e12_w26.png,d63abc7e475b9e12,26,Field,Noise
train/noise/d63abc7e475b9e12_w27.png,d63abc7e475b9e12,27,Field,Noise
train/noise/d69655deb402d719_w05.png,d69655deb402d719,5,Field,Noise
train/noise/d69655deb402d719_w08.png,d69655deb402d719,8,Field,Noise
train/noise/d69655deb402d719_w10.png,d69655deb402d719,10,Field,Noise
train/noise/d69655deb402d719_w11.png,d69655deb402d719,11,Field,Noise
train/noise/d69655deb402d719_w15.png,d69655deb402d719,15,Field,Noise
train/noise/d69655deb402d719_w21.png,d69655deb402d719,21,Field,Noise
train/noise/d69655deb402d719_w23.png,d69655deb402d719,23,Field,Noise
train/noise/d69655deb402d719_w24.png,d69655deb402d719,24,Field,Noise
train/noise/d6e2855b51e3e238_w00.png,d6e2855b51e3e238,0,Field,Noise
train/noise/d6e2855b51e3e238_w01.png,d6e2855b51e3e238,1,Field,Noise
train/noise/d6e2855b51e3e238_w04.png,d6e2855b51e3e238,4,Field,Noise
train/noise/d6e2855b51e3e238_w10.png,d6e2855b51e3e238,10,Field,Noise
train/noise/d6e2855b51e3e238_w13.png,d6e2855b51e3e238,13,Field,Noise
train/noise/d6e2855b51e3e238_w15.png,d6e2855b51e3e238,15,Field,Noise
train/noise/d6e2855b51e3e238_w21.png,d6e2855b51e3e238,21,Field,Noise
train/noise/d6e2855b51e3e238_w22.png,d6e2855b51e3e238,22,Field,Noise
train/noise/d7b68437e6bf0c45_w00.png,d7b68437e6bf0c45,0,Field,Noise
train/noise/d7b68437e6bf0c45_w03.png,d7b68437e6bf0c45,3,Field,Noise
train/noise/d7b68437e6bf0c45_w08.png,d7b68437e6bf0c45,8,Field,Noise
train/noise/d7b68437e6bf0c45_w11.png,d7b68437e6bf0c45,11,Field,Noise
train/noise/d7b68437e6bf0c45_w19.png,d7b68437e6bf0c45,19,Field,Noise
train/noise/d7b68437e6bf0c45_w21.png,d7b68437e6bf0c45,21,Field,Noise
train/noise/d7b68437e6bf0c45_w22.png,d7b68437e6bf0c45,22,Field,Noise
train/noise/d7b68437e6bf0c45_w24.png,d7b68437e6bf0c45,24,Field,Noise
train/noise/d7e0926e8223d6db_w03.png,d7e0926e8223d6db,3,Field,Noise
train/noise/d7e0926e8223d6db_w05.png,d7e0926e8223d6db,5,Field,Noise
train/noise/d7e0926e8223d6db_w08.png,d7e0926e8223d6db,8,Field,Noise
train/noise/d7e0926e8223d6db_w14.png,d7e0926e8223d6db,14,Field,Noise
train/noise/d7e0926e8223d6db_w15.png,d7e0926e8223d6db,15,Field,Noise
train/noise/d7e0926e8223d6db_w24.png,d7e0926e8223d6db,24,Field,Noise
train/noise/d7e0926e8223d6db_w25.png,d7e0926e8223d6db,25,Field,Noise
train/noise/d7e0926e8223d6db_w27.png,d7e0926e8223d6db,27,Field,Noise
train/noise/d855671e7906e4ec_w01.png,d855671e7906e4ec,1,Field,Noise
train/noise/d855671e7906e4ec_w04.png,d855671e7906e4ec,4,Field,Noise
train/noise/d855671e7906e4ec_w10.png,d855671e7906e4ec,10,Field,Noise
train/noise/d855671e7906e4ec_w14.png,d855671e7906e4ec,14,Field,Noise
train/noise/d855671e7906e4ec_w16.png,d855671e7906e4ec,16,Field,Noise
train/noise/d855671e7906e4ec_w23.png,d855671e7906e4ec,23,Field,Noise
train/noise/d855671e7906e4ec_w24.png,d855671e7906e4ec,24,Field,Noise
train/noise/d855671e7906e4ec_w27.png,d855671e7906e4ec,27,Field,Noise
train/noise/d8ab5dfd7872649a_w00.png,d8ab5dfd7872649a,0,Field,Noise
train/noise/d8ab5dfd7872649a_w02.png,d8ab5dfd7872649a,2,Field,Noise
train/noise/d8ab5dfd7872649a_w10.png,d8ab5dfd7872649a,10,Field,Noise
train/noise/d8ab5dfd7872649a_w14.png,d8ab5dfd7872649a,14,Field,Noise
train/noise/d8ab5dfd7872649a_w17.png,d8ab5dfd7872649a,17,Field,Noise
train/noise/d8ab5dfd7872649a_w20.png,d8ab5dfd7872649a,20,Field,Noise
train/noise/d8ab5dfd7872649a_w23.png,d8ab5dfd7872649a,23,Field,Noise
train/noise/d8ab5dfd7872649a_w27.png,d8ab5dfd7872649a,27,Field,Noise
train/noise/d8ba1045b2fa0d94_w00.png,d8ba1045b2fa0d94,0,Field,Noise
train/noise/d8ba1045b2fa0d94_w02.png,d8ba1045b2fa0d94,2,Field,Noise
train/noise/d8ba1045b2fa0d94_w06.png,d8ba1045b2fa0d94,6,Field,Noise
train/noise/d8ba1045b2fa0d94_w09.png,d8ba1045b2fa0d94,9,Field,Noise
train/noise/d8ba1045b2fa0d94_w10.png,d8ba1045b2fa0d94,10,Field,Noise
train/noise/d8ba1045b2fa0d94_w13.png,d8ba1045b2fa0d94,13,Field,Noise
train/noise/d8ba1045b2fa0d94_w14.png,d8ba1045b2fa0d94,14,Field,Noise
train/noise/d8ba1045b2fa0d94_w25.png,d8ba1045b2fa0d94,25,Field,Noise
train/noise/d8fa6c79aa0f3459_w06.png,d8fa6c79aa0f3459,6,Field,Noise
train/noise/d8fa6c79aa0f3459_w07.png,d8fa6c79aa0f3459,7,Field,Noise
train/noise/d8fa6c79aa0f3459_w08.png,d8fa6c79aa0f3459,8,Field,Noise
train/noise/d8fa6c79aa0f3459_w09.png,d8fa6c79aa0f3459,9,Field,Noise
train/noise/d8fa6c79aa0f3459_w10.png,d8fa6c79aa0f3459,10,Field,Noise
train/noise/d8fa6c79aa0f3459_w11.png,d8fa6c79aa0f3459,11,Field,Noise
train/noise/d8fa6c79aa0f3459_w17.png,d8fa6c79aa0f3459,17,Field,Noise
train/noise/d8fa6c79aa0f3459_w23.png,d8fa6c79aa0f3459,23,Field,Noise
train/noise/d8fd43fe61d32f2a_w00.png,d8fd43fe61d32f2a,0,Field,Noise
train/noise/d8fd43fe61d32f2a_w09.png,d8fd43fe61d32f2a,9,Field,Noise
train/noise/d8fd43fe61d32f2a_w12.png,d8fd43fe61d32f2a,12,Field,Noise
train/noise/d8fd43fe61d32f2a_w14.png,d8fd43fe61d32f2a,14,Field,Noise
train/noise/d8fd43fe61d32f2a_w16.png,d8fd43fe61d32f2a,16,Field,Noise
train/noise/d8fd43fe61d32f2a_w19.png,d8fd43fe61d32f2a,19,Field,Noise
train/noise/d8fd43fe61d32f2a_w20.png,d8fd43fe61d32f2a,20,Field,Noise
train/noise/d8fd43fe61d32f2a_w27.png,d8fd43fe61d32f2a,27,Field,Noise
train/noise/d953af76941e9126_w00.png,d953af76941e9126,0,Lab,Noise
train/noise/d953af76941e9126_w01.png,d953af76941e9126,1,Lab,Noise
train/noise/d953af76941e9126_w03.png,d953af76941e9126,3,Lab,Noise
train/noise/d953af76941e9126_w04.png,d953af76941e9126,4,Lab,Noise
train/noise/d953af76941e9126_w07.png,d953af76941e9126,7,Lab,Noise
train/noise/d953af76941e9126_w16.png,d953af76941e9126,16,Lab,Noise
train/noise/d953af76941e9126_w20.png,d953af76941e9126,20,Lab,Noise
train/noise/d953af76941e9126_w27.png,d953af76941e9126,27,Lab,Noise
train/noise/d98339ad1fbf8711_w00.png,d98339ad1fbf8711,0,Lab,Noise
train/noise/d98339ad1fbf8711_w07.png,d98339ad1fbf8711,7,Lab,Noise
train/noise/d98339ad1fbf8711_w09.png,d98339ad1fbf8711,9,Lab,Noise
train/noise/d98339ad1fbf8711_w11.png,d98339ad1fbf8711,11,Lab,Noise
train/noise/d98339ad1fbf8711_w13.png,d98339ad1fbf8711,13,Lab,Noise
train/noise/d98339ad1fbf8711_w15.png,d98339ad1fbf8711,15,Lab,Noise
train/noise/d98339ad1fbf8711_w22.png,d98339ad1fbf8711,22,Lab,Noise
train/noise/d98339ad1fbf8711_w27.png,d98339ad1fbf8711,27,Lab,Noise
train/noise/d9b887d74b399845_w01.png,d9b887d74b399845,1,Field,Noise
train/noise/d9b887d74b399845_w11.png,d9b887d74b399845,11,Field,Noise
train/noise/d9b887d74b399845_w13.png,d9b887d74b399845,13,Field,Noise
train/noise/d9b887d74b399845_w14.png,d9b887d74b399845,14,Field,Noise
train/noise/d9b887d74b399845_w20.png,d9b887d74b399845,20,Field,Noise
train/noise/d9b887d74b399845_w22.png,d9b887d74b399845,22,Field,Noise
train/noise/d9b887d74b399845_w23.png,d9b887d74b399845,23,Field,Noise
train/noise/d9b887d74b399845_w24.png,d9b887d74b399845,24,Field,Noise
train/noise/da44a4b11d378adf_w04.png,da44a4b11d378adf,4,Field,Noise
train/noise/da44a4b11d378adf_w07.png,da44a4b11d378adf,7,Field,Noise
train/noise/da44a4b11d378adf_w09.png,da44a4b11d378adf,9,Field,Noise
train/noise/da44a4b11d378adf_w13.png,da44a4b11d378adf,13,Field,Noise
train/noise/da44a4b11d378adf_w14.png,da44a4b11d378adf,14,Field,Noise
train/noise/da44a4b11d378adf_w15.png,da44a4b11d378adf,15,Field,Noise
train/noise/da44a4b11d378adf_w23.png,da44a4b11d378adf,23,Field,Noise
train/noise/da44a4b11d378adf_w26.png,da44a4b11d378adf,26,Field,Noise
train/noise/daa1c673cfacbbab_w05.png,daa1c673cfacbbab,5,Field,Noise
train/noise/daa1c673cfacbbab_w10.png,daa1c673cfacbbab,10,Field,Noise
train/noise/daa1c673cfacbbab_w13.png,daa1c673cfacbbab,13,Field,Noise
train/noise/daa1c673cfacbbab_w14.png,daa1c673cfacbbab,14,Field,Noise
train/noise/daa1c673cfacbbab_w16.png,daa1c673cfacbbab,16,Field,Noise
train/noise/daa1c673cfacbbab_w24.png,daa1c673cfacbbab,24,Field,Noise
train/noise/daa1c673cfacbbab_w25.png,daa1c673cfacbbab,25,Field,Noise
train/noise/daa1c673cfacbbab_w27.png,daa1c673cfacbbab,27,Field,Noise
train/noise/dafb3dd8852aa26a_w00.png,dafb3dd8852aa26a,0,Field,Noise
train/noise/dafb3dd8852aa26a_w05.png,dafb3dd8852aa26a,5,Field,Noise
train/noise/dafb3dd8852aa26a_w11.png,dafb3dd8852aa26a,11,Field,Noise
train/noise/dafb3dd8852aa26a_w15.png,dafb3dd8852aa26a,15,Field,Noise
train/noise/dafb3dd8852aa26a_w17.png,dafb3dd8852aa26a,17,Field,Noise
train/noise/dafb3dd8852aa26a_w18.png,dafb3dd8852aa26a,18,Field,Noise
train/noise/dafb3dd8852aa26a_w19.png,dafb3dd8852aa26a,19,Field,Noise
train/noise/dafb3dd8852aa26a_w20.png,dafb3dd8852aa26a,20,Field,Noise
train/noise/db07554a279e215c_w01.png,db07554a279e215c,1,Field,Noise
train/noise/db07554a279e215c_w05.png,db07554a279e215c,5,Field,Noise
train/noise/db07554a279e215c_w10.png,db07554a279e215c,10,Field,Noise
train/noise/db07554a279e215c_w13.png,db07554a279e215c,13,Field,Noise
train/noise/db07554a279e215c_w15.png,db07554a279e215c,15,Field,Noise
train/noise/db07554a279e215c_w16.png,db07554a279e215c,16,Field,Noise
train/noise/db07554a279e215c_w20.png,db07554a279e215c,20,Field,Noise
train/noise/db07554a279e215c_w22.png,db07554a279e215c,22,Field,Noise
train/noise/db5e7e8e748f4289_w00.png,db5e7e8e748f4289,0,Field,Noise
train/noise/db5e7e8e748f4289_w01.png,db5e7e8e748f4289,1,Field,Noise
train/noise/db5e7e8e748f4289_w02.png,db5e7e8e748f4289,2,Field,Noise
train/noise/db5e7e8e748f4289_w11.png,db5e7e8e748f4289,11,Field,Noise
train/noise/db5e7e8e748f4289_w13.png,db5e7e8e748f4289,13,Field,Noise
train/noise/db5e7e8e748f4289_w17.png,db5e7e8e748f4289,17,Field,Noise
train/noise/db5e7e8e748f4289_w20.png,db5e7e8e748f4289,20,Field,Noise
train/noise/db5e7e8e748f4289_w25.png,db5e7e8e748f4289,25,Field,Noise
train/noise/dbc866bfbb1e1cfa_w01.png,dbc866bfbb1e1cfa,1,Field,Noise
train/noise/dbc866bfbb1e1cfa_w06.png,dbc866bfbb1e1cfa,6,Field,Noise
train/noise/dbc866bfbb1e1cfa_w08.png,dbc866bfbb1e1cfa,8,Field,Noise
train/noise/dbc866bfbb1e1cfa_w16.png,dbc866bfbb1e1cfa,16,Field,Noise
train/noise/dbc866bfbb1e1cfa_w18.png,dbc866bfbb1e1cfa,18,Field,Noise
train/noise/dbc866bfbb1e1cfa_w19.png,dbc866bfbb1e1cfa,19,Field,Noise
train/noise/dbc866bfbb1e1cfa_w25.png,dbc866bfbb1e1cfa,25,Field,Noise
train/noise/dbc866bfbb1e1cfa_w26.png,dbc866bfbb1e1cfa,26,Field,Noise
train/noise/dbc8d6994ff3c947_w01.png,dbc8d6994ff3c947,1,Field,Noise
train/noise/dbc8d6994ff3c947_w06.png,dbc8d6994ff3c947,6,Field,Noise
train/noise/dbc8d6994ff3c947_w07.png,dbc8d6994ff3c947,7,Field,Noise
train/noise/dbc8d6994ff3c947_w09.png,dbc8d6994ff3c947,9,Field,Noise
train/noise/dbc8d6994ff3c947_w13.png,dbc8d6994ff3c947,13,Field,Noise
train/noise/dbc8d6994ff3c947_w14.png,dbc8d6994ff3c947,14,Field,Noise
train/noise/dbc8d6994ff3c947_w22.png,dbc8d6994ff3c947,22,Field,Noise
train/noise/dbc8d6994ff3c947_w26.png,dbc8d6994ff3c947,26,Field,Noise
train/noise/dc0d83ca3589c9a0_w02.png,dc0d83ca3589c9a0,2,Field,Noise
train/noise/dc0d83ca3589c9a0_w03.png,dc0d83ca3589c9a0,3,Field,Noise
train/noise/dc0d83ca3589c9a0_w10.png,dc0d83ca3589c9a0,10,Field,Noise
train/noise/dc0d83ca3589c9a0_w15.png,dc0d83ca3589c9a0,15,Field,Noise
train/noise/dc0d83ca3589c9a0_w16.png,dc0d83ca3589c9a0,16,Field,Noise
train/noise/dc0d83ca3589c9a0_w22.png,dc0d83ca3589c9a0,22,Field,Noise
train/noise/dc0d83ca3589c9a0_w23.png,dc0d83ca3589c9a0,23,Field,Noise
train/noise/dc0d83ca3589c9a0_w24.png,dc0d83ca3589c9a0,24,Field,Noise
train/noise/dc585838dcea7a8d_w03.png,dc585838dcea7a8d,3,Field,Noise
train/noise/dc585838dcea7a8d_w08.png,dc585838dcea7a8d,8,Field,Noise
train/noise/dc585838dcea7a8d_w11.png,dc585838dcea7a8d,11,Field,Noise
train/noise/dc585838dcea7a8d_w14.png,dc585838dcea7a8d,14,Field,Noise
train/noise/dc585838dcea7a8d_w16.png,dc585838dcea7a8d,16,Field,Noise
train/noise/dc585838dcea7a8d_w22.png,dc585838dcea7a8d,22,Field,Noise
train/noise/dc585838dcea7a8d_w24.png,dc585838dcea7a8d,24,Field,Noise
train/noise/dc585838dcea7a8d_w26.png,dc585838dcea7a8d,26,Field,Noise
train/noise/dc64571fe1f155ff_w00.png,dc64571fe1f155ff,0,Field,Noise
train/noise/dc64571fe1f155ff_w02.png,dc64571fe1f155ff,2,Field,Noise
train/noise/dc64571fe1f155ff_w03.png,dc64571fe1f155ff,3,Field,Noise
train/noise/dc64571fe1f155ff_w07.png,dc64571fe1f155ff,7,Field,Noise
train/noise/dc64571fe1f155ff_w11.png,dc64571fe1f155ff,11,Field,Noise
train/noise/dc64571fe1f155ff_w15.png,dc64571fe1f155ff,15,Field,Noise
train/noise/dc64571fe1f155ff_w18.png,dc64571fe1f155ff,18,Field,Noise
train/noise/dc64571fe1f155ff_w20.png,dc64571fe1f155ff,20,Field,Noise
train/noise/dce7b1a5bf98c616_w00.png,dce7b1a5bf98c616,0,Field,Noise
train/noise/dce7b1a5bf98c616_w07.png,dce7b1a5bf98c616,7,Field,Noise
train/noise/dce7b1a5bf98c616_w08.png,dce7b1a5bf98c616,8,Field,Noise
train/noise/dce7b1a5bf98c616_w11.png,dce7b1a5bf98c616,11,Field,Noise
train/noise/dce7b1a5bf98c616_w13.png,dce7b1a5bf98c616,13,Field,Noise
train/noise/dce7b1a5bf98c616_w15.png,dce7b1a5bf98c616,15,Field,Noise
train/noise/dce7b1a5bf98c616_w23.png,dce7b1a5bf98c616,23,Field,Noise
train/noise/dce7b1a5bf98c616_w24.png,dce7b1a5bf98c616,24,Field,Noise
train/noise/dd30a8bf6bccb071_w00.png,dd30a8bf6bccb071,0,Field,Noise
train/noise/dd30a8bf6bccb071_w06.png,dd30a8bf6bccb071,6,Field,Noise
train/noise/dd30a8bf6bccb071_w07.png,dd30a8bf6bccb071,7,Field,Noise
train/noise/dd30a8bf6bccb071_w17.png,dd30a8bf6bccb071,17,Field,Noise
train/noise/dd30a8bf6bccb071_w20.png,dd30a8bf6bccb071,20,Field,Noise
train/noise/dd30a8bf6bccb071_w21.png,dd30a8bf6bccb071,21,Field,Noise
train/noise/dd30a8bf6bccb071_w23.png,dd30a8bf6bccb071,23,Field,Noise
train/noise/dd30a8bf6bccb071_w25.png,dd30a8bf6bccb071,25,Field,Noise
train/noise/dd3450bb1ce7642e_w01.png,dd3450bb1ce7642e,1,Lab,Noise
train/noise/dd3450bb1ce7642e_w06.png,dd3450bb1ce7642e,6,Lab,Noise
train/noise/dd3450bb1ce7642e_w12.png,dd3450bb1ce7642e,12,Lab,Noise
train/noise/dd3450bb1ce7642e_w13.png,dd3450bb1ce7642e,13,Lab,Noise
train/noise/dd3450bb1ce7642e_w18.png,dd3450bb1ce7642e,18,Lab,Noise
train/noise/dd3450bb1ce7642e_w24.png,dd3450bb1ce7642e,24,Lab,Noise
train/noise/dd3450bb1ce7642e_w25.png,dd3450bb1ce7642e,25,Lab,Noise
train/noise/dd3450bb1ce7642e_w27.png,dd3450bb1ce7642e,27,Lab,Noise
train/noise/dd4d4707064a954d_w00.png,dd4d4707064a954d,0,Lab,Noise
train/noise/dd4d4707064a954d_w05.png,dd4d4707064a954d,5,Lab,Noise
train/noise/dd4d4707064a954d_w10.png,dd4d4707064a954d,10,Lab,Noise
train/noise/dd4d4707064a954d_w16.png,dd4d4707064a954d,16,Lab,Noise
train/noise/dd4d4707064a954d_w18.png,dd4d4707064a954d,18,Lab,Noise
train/noise/dd4d4707064a954d_w19.png,dd4d4707064a954d,19,Lab,Noise
train/noise/dd4d4707064a954d_w22.png,dd4d4707064a954d,22,Lab,Noise
train/noise/dd4d4707064a954d_w24.png,dd4d4707064a954d,24,Lab,Noise
train/noise/dd68b3bbdf4cbee0_w03.png,dd68b3bbdf4cbee0,3,Field,Noise
train/noise/dd68b3bbdf4cbee0_w08.png,dd68b3bbdf4cbee0,8,Field,Noise
train/noise/dd68b3bbdf4cbee0_w12.png,dd68b3bbdf4cbee0,12,Field,Noise
train/noise/dd68b3bbdf4cbee0_w14.png,dd68b3bbdf4cbee0,14,Field,Noise
train/noise/dd68b3bbdf4cbee0_w18.png,dd68b3bbdf4cbee0,18,Field,Noise
train/noise/dd68b3bbdf4cbee0_w19.png,dd68b3bbdf4cbee0,19,Field,Noise
train/noise/dd68b3bbdf4cbee0_w24.png,dd68b3bbdf4cbee0,24,Field,Noise
train/noise/dd68b3bbdf4cbee0_w25.png,dd68b3bbdf4cbee0,25,Field,Noise
train/noise/de847c7465e9a0ef_w06.png,de847c7465e9a0ef,6,Field,Noise
train/noise/de847c7465e9a0ef_w07.png,de847c7465e9a0ef,7,Field,Noise
train/noise/de847c7465e9a0ef_w09.png,de847c7465e9a0ef,9,Field,Noise
train/noise/de847c7465e9a0ef_w10.png,de847c7465e9a0ef,10,Field,Noise
train/noise/de847c7465e9a0ef_w11.png,de847c7465e9a0ef,11,Field,Noise
train/noise/de847c7465e9a0ef_w14.png,de847c7465e9a0ef,14,Field,Noise
train/noise/de847c7465e9a0ef_w26.png,de847c7465e9a0ef,26,Field,Noise
train/noise/de847c7465e9a0ef_w27.png,de847c7465e9a0ef,27,Field,Noise
train/noise/df411709bb0136fd_w02.png,df411709bb0136fd,2,Lab,Noise
train/noise/df411709bb0136fd_w12.png,df411709bb0136fd,12,Lab,Noise
train/noise/df411709bb0136fd_w13.png,df411709bb0136fd,13,Lab,Noise
train/noise/df411709bb0136fd_w14.png,df411709bb0136fd,14,Lab,Noise
train/noise/df411709bb0136fd_w17.png,df411709bb0136fd,17,Lab,Noise
train/noise/df411709bb0136fd_w20.png,df411709bb0136fd,20,Lab,Noise
train/noise/df411709bb0136fd_w22.png,df411709bb0136fd,22,Lab,Noise
train/noise/df411709bb0136fd_w24.png,df411709bb0136fd,24,Lab,Noise
train/noise/df6f195c31df9beb_w02.png,df6f195c31df9beb,2,Field,Noise
train/noise/df6f195c31df9beb_w05.png,df6f195c31df9beb,5,Field,Noise
train/noise/df6f195c31df9beb_w07.png,df6f195c31df9beb,7,Field,Noise
train/noise/df6f195c31df9beb_w11.png,df6f195c31df9beb,11,Field,Noise
train/noise/df6f195c31df9beb_w12.png,df6f195c31df9beb,12,Field,Noise
train/noise/df6f195c31df9beb_w21.png,df6f195c31df9beb,21,Field,Noise
train/noise/df6f195c31df9beb_w22.png,df6f195c31df9beb,22,Field,Noise
train/noise/df6f195c31df9beb_w26.png,df6f195c31df9beb,26,Field,Noise
train/noise/df74519ef9873433_w04.png,df74519ef9873433,4,Field,Noise
train/noise/df74519ef9873433_w07.png,df74519ef9873433,7,Field,Noise
train/noise/df74519ef9873433_w12.png,df74519ef9873433,12,Field,Noise
train/noise/df74519ef9873433_w15.png,df74519ef9873433,15,Field,Noise
train/noise/df74519ef9873433_w16.png,df74519ef9873433,16,Field,Noise
train/noise/df74519ef9873433_w18.png,df74519ef9873433,18,Field,Noise
train/noise/df74519ef9873433_w21.png,df74519ef9873433,21,Field,Noise
train/noise/df74519ef9873433_w24.png,df74519ef9873433,24,Field,Noise
train/noise/df85f85f348595d4_w01.png,df85f85f348595d4,1,Lab,Noise
train/noise/df85f85f348595d4_w03.png,df85f85f348595d4,3,Lab,Noise
train/noise/df85f85f348595d4_w04.png,df85f85f348595d4,4,Lab,Noise
train/noise/df85f85f348595d4_w05.png,df85f85f348595d4,5,Lab,Noise
train/noise/df85f85f348595d4_w10.png,df85f85f348595d4,10,Lab,Noise
train/noise/df85f85f348595d4_w23.png,df85f85f348595d4,23,Lab,Noise
train/noise/df85f85f348595d4_w26.png,df85f85f348595d4,26,Lab,Noise
train/noise/df85f85f348595d4_w27.png,df85f85f348595d4,27,Lab,Noise
train/noise/dfe66124782487e5_w00.png,dfe66124782487e5,0,Field,Noise
train/noise/dfe66124782487e5_w04.png,dfe66124782487e5,4,Field,Noise
train/noise/dfe66124782487e5_w05.png,dfe66124782487e5,5,Field,Noise
train/noise/dfe66124782487e5_w08.png,dfe66124782487e5,8,Field,Noise
train/noise/dfe66124782487e5_w13.png,dfe66124782487e5,13,Field,Noise
train/noise/dfe66124782487e5_w17.png,dfe66124782487e5,17,Field,Noise
train/noise/dfe66124782487e5_w22.png,dfe66124782487e5,22,Field,Noise
train/noise/dfe66124782487e5_w25.png,dfe66124782487e5,25,Field,Noise
train/noise/e007afa520d12ffb_w02.png,e007afa520d12ffb,2,Field,Noise
train/noise/e007afa520d12ffb_w08.png,e007afa520d12ffb,8,Field,Noise
train/noise/e007afa520d12ffb_w12.png,e007afa520d12ffb,12,Field,Noise
train/noise/e007afa520d12ffb_w13.png,e007afa520d12ffb,13,Field,Noise
train/noise/e007afa520d12ffb_w14.png,e007afa520d12ffb,14,Field,Noise
train/noise/e007afa520d12ffb_w16.png,e007afa520d12ffb,16,Field,Noise
train/noise/e007afa520d12ffb_w18.png,e007afa520d12ffb,18,Field,Noise
train/noise/e007afa520d12ffb_w23.png,e007afa520d12ffb,23,Field,Noise
train/noise/e10f89724681ea62_w01.png,e10f89724681ea62,1,Field,Noise
train/noise/e10f89724681ea62_w04.png,e10f89724681ea62,4,Field,Noise
train/noise/e10f89724681ea62_w11.png,e10f89724681ea62,11,Field,Noise
train/noise/e10f89724681ea62_w12.png,e10f89724681ea62,12,Field,Noise
train/noise/e10f89724681ea62_w20.png,e10f89724681ea62,20,Field,Noise
train/noise/e10f89724681ea62_w21.png,e10f89724681ea62,21,Field,Noise
train/noise/e10f89724681ea62_w22.png,e10f89724681ea62,22,Field,Noise
train/noise/e10f89724681ea62_w27.png,e10f89724681ea62,27,Field,Noise
train/noise/e1115fb9eab08571_w05.png,e1115fb9eab08571,5,Lab,Noise
train/noise/e1115fb9eab08571_w07.png,e1115fb9eab08571,7,Lab,Noise
train/noise/e1115fb9eab08571_w08.png,e1115fb9eab08571,8,Lab,Noise
train/noise/e1115fb9eab08571_w09.png,e1115fb9eab08571,9,Lab,Noise
train/noise/e1115fb9eab08571_w12.png,e1115fb9eab08571,12,Lab,Noise
train/noise/e1115fb9eab08571_w17.png,e1115fb9eab08571,17,Lab,Noise
train/noise/e1115fb9eab08571_w19.png,e1115fb9eab08571,19,Lab,Noise
train/noise/e1115fb9eab08571_w23.png,e1115fb9eab08571,23,Lab,Noise
train/noise/e11dc347f1b40f37_w08.png,e11dc347f1b40f37,8,Field,Noise
train/noise/e11dc347f1b40f37_w09.png,e11dc347f1b40f37,9,Field,Noise
train/noise/e11dc347f1b40f37_w11.png,e11dc347f1b40f37,11,Field,Noise
train/noise/e11dc347f1b40f37_w17.png,e11dc347f1b40f37,17,Field,Noise
train/noise/e11dc347f1b40f37_w18.png,e11dc347f1b40f37,18,Field,Noise
train/noise/e11dc347f1b40f37_w23.png,e11dc347f1b40f37,23,Field,Noise
train/noise/e11dc347f1b40f37_w25.png,e11dc347f1b40f37,25,Field,Noise
train/noise/e11dc347f1b40f37_w26.png,e11dc347f1b40f37,26,Field,Noise
train/noise/e169f4afbbfcb90d_w03.png,e169f4afbbfcb90d,3,Field,Noise
train/noise/e169f4afbbfcb90d_w06.png,e169f4afbbfcb90d,6,Field,Noise
train/noise/e169f4afbbfcb90d_w09.png,e169f4afbbfcb90d,9,Field,Noise
train/noise/e169f4afbbfcb90d_w15.png,e169f4afbbfcb90d,15,Field,Noise
train/noise/e169f4afbbfcb90d_w16.png,e169f4afbbfcb90d,16,Field,Noise
train/noise/e169f4afbbfcb90d_w19.png,e169f4afbbfcb90d,19,Field,Noise
train/noise/e169f4afbbfcb90d_w20.png,e169f4afbbfcb90d,20,Field,Noise
train/noise/e169f4afbbfcb90d_w22.png,e169f4afbbfcb90d,22,Field,Noise
train/noise/e16a7067f8485857_w03.png,e16a7067f8485857,3,Field,Noise
train/noise/e16a7067f8485857_w05.png,e16a7067f8485857,5,Field,Noise
train/noise/e16a7067f8485857_w06.png,e16a7067f8485857,6,Field,Noise
train/noise/e16a7067f8485857_w07.png,e16a7067f8485857,7,Field,Noise
train/noise/e16a7067f8485857_w10.png,e16a7067f8485857,10,Field,Noise
train/noise/e16a7067f8485857_w14.png,e16a7067f8485857,14,Field,Noise
train/noise/e16a7067f8485857_w16.png,e16a7067f8485857,16,Field,Noise
train/noise/e16a7067f8485857_w24.png,e16a7067f8485857,24,Field,Noise
train/noise/e1f24769e7a0fcf4_w03.png,e1f24769e7a0fcf4,3,Field,Noise
train/noise/e1f24769e7a0fcf4_w07.png,e1f24769e7a0fcf4,7,Field,Noise
train/noise/e1f24769e7a0fcf4_w13.png,e1f24769e7a0fcf4,13,Field,Noise
train/noise/e1f24769e7a0fcf4_w14.png,e1f24769e7a0fcf4,14,Field,Noise
train/noise/e1f24769e7a0fcf4_w15.png,e1f24769e7a0fcf4,15,Field,Noise
train/noise/e1f24769e7a0fcf4_w18.png,e1f24769e7a0fcf4,18,Field,Noise
train/noise/e1f24769e7a0fcf4_w23.png,e1f24769e7a0fcf4,23,Field,Noise
train/noise/e1f24769e7a0fcf4_w27.png,e1f24769e7a0fcf4,27,Field,Noise
train/noise/e20fb91448c6d2ea_w01.png,e20fb91448c6d2ea,1,Field,Noise
train/noise/e20fb91448c6d2ea_w03.png,e20fb91448c6d2ea,3,Field,Noise
train/noise/e20fb91448c6d2ea_w05.png,e20fb91448c6d2ea,5,Field,Noise
train/noise/e20fb91448c6d2ea_w07.png,e20fb91448c6d2ea,7,Field,Noise
train/noise/e20fb91448c6d2ea_w12.png,e20fb91448c6d2ea,12,Field,Noise
train/noise/e20fb91448c6d2ea_w13.png,e20fb91448c6d2ea,13,Field,Noise
train/noise/e20fb91448c6d2ea_w16.png,e20fb91448c6d2ea,16,Field,Noise
train/noise/e20fb91448c6d2ea_w17.png,e20fb91448c6d2ea,17,Field,Noise
train/noise/e222d69e096d3f9c_w09.png,e222d69e096d3f9c,9,Lab,Noise
train/noise/e222d69e096d3f9c_w15.png,e222d69e096d3f9c,15,Lab,Noise
train/noise/e222d69e096d3f9c_w17.png,e222d69e096d3f9c,17,Lab,Noise
train/noise/e222d69e096d3f9c_w18.png,e222d69e096d3f9c,18,Lab,Noise
train/noise/e222d69e096d3f9c_w19.png,e222d69e096d3f9c,19,Lab,Noise
train/noise/e222d69e096d3f9c_w22.png,e222d69e096d3f9c,22,Lab,Noise
train/noise/e222d69e096d3f9c_w23.png,e222d69e096d3f9c,23,Lab,Noise
train/noise/e222d69e096d3f9c_w26.png,e222d69e096d3f9c,26,Lab,Noise
train/noise/e25aa59d6d310702_w00.png,e25aa59d6d310702,0,Field,Noise
train/noise/e25aa59d6d310702_w01.png,e25aa59d6d310702,1,Field,Noise
train/noise/e25aa59d6d310702_w08.png,e25aa59d6d310702,8,Field,Noise
train/noise/e25aa59d6d310702_w10.png,e25aa59d6d310702,10,Field,Noise
train/noise/e25aa59d6d310702_w16.png,e25aa59d6d310702,16,Field,Noise
train/noise/e25aa59d6d310702_w17.png,e25aa59d6d310702,17,Field,Noise
train/noise/e25aa59d6d310702_w20.png,e25aa59d6d310702,20,Field,Noise
train/noise/e25aa59d6d310702_w25.png,e25aa59d6d310702,25,Field,Noise
train/noise/e27bb97e10dbb17c_w01.png,e27bb97e10dbb17c,1,Field,Noise
train/noise/e27bb97e10dbb17c_w09.png,e27bb97e10dbb17c,9,Field,Noise
train/noise/e27bb97e10dbb17c_w12.png,e27bb97e10dbb17c,12,Field,Noise
train/noise/e27bb97e10dbb17c_w16.png,e27bb97e10dbb17c,16,Field,Noise
train/noise/e27bb97e10dbb17c_w18.png,e27bb97e10dbb17c,18,Field,Noise
train/noise/e27bb97e10dbb17c_w23.png,e27bb97e10dbb17c,23,Field,Noise
train/noise/e27bb97e10dbb17c_w24.png,e27bb97e10dbb17c,24,Field,Noise
train/noise/e27bb97e10dbb17c_w27.png,e27bb97e10dbb17c,27,Field,Noise
train/noise/e2b4eab8ea8e0ee4_w02.png,e2b4eab8ea8e0ee4,2,Lab,Noise
train/noise/e2b4eab8ea8e0ee4_w03.png,e2b4eab8ea8e0ee4,3,Lab,Noise
train/noise/e2b4eab8ea8e0ee4_w07.png,e2b4eab8ea8e0ee4,7,Lab,Noise
train/noise/e2b4eab8ea8e0ee4_w09.png,e2b4eab8ea8e0ee4,9,Lab,Noise
train/noise/e2b4eab8ea8e0ee4_w12.png,e2b4eab8ea8e0ee4,12,Lab,Noise
train/noise/e2b4eab8ea8e0ee4_w14.png,e2b4eab8ea8e0ee4,14,Lab,Noise
train/noise/e2b4eab8ea8e0ee4_w17.png,e2b4eab8ea8e0ee4,17,Lab,Noise
train/noise/e2b4eab8ea8e0ee4_w18.png,e2b4eab8ea8e0ee4,18,Lab,Noise
train/noise/e2ea45470858d2b4_w02.png,e2ea45470858d2b4,2,Field,Noise
train/noise/e2ea45470858d2b4_w10.png,e2ea45470858d2b4,10,Field,Noise
train/noise/e2ea45470858d2b4_w11.png,e2ea45470858d2b4,11,Field,Noise
train/noise/e2ea45470858d2b4_w12.png,e2ea45470858d2b4,12,Field,Noise
train/noise/e2ea45470858d2b4_w17.png,e2ea45470858d2b4,17,Field,Noise
train/noise/e2ea45470858d2b4_w18.png,e2ea45470858d2b4,18,Field,Noise
train/noise/e2ea45470858d2b4_w19.png,e2ea45470858d2b4,19,Field,Noise
train/noise/e2ea45470858d2b4_w23.png,e2ea45470858d2b4,23,Field,Noise
train/noise/e2ea9b277c965b09_w00.png,e2ea9b277c965b09,0,Lab,Noise
train/noise/e2ea9b277c965b09_w03.png,e2ea9b277c965b09,3,Lab,Noise
train/noise/e2ea9b277c965b09_w04.png,e2ea9b277c965b09,4,Lab,Noise
train/noise/e2ea9b277c965b09_w07.png,e2ea9b277c965b09,7,Lab,Noise
train/noise/e2ea9b277c965b09_w13.png,e2ea9b277c965b09,13,Lab,Noise
train/noise/e2ea9b277c965b09_w16.png,e2ea9b277c965b09,16,Lab,Noise
train/noise/e2ea9b277c965b09_w21.png,e2ea9b277c965b09,21,Lab,Noise
train/noise/e2ea9b277c965b09_w24.png,e2ea9b277c965b09,24,Lab,Noise
train/noise/e43a70192ca95647_w00.png,e43a70192ca95647,0,Field,Noise
train/noise/e43a70192ca95647_w01.png,e43a70192ca95647,1,Field,Noise
train/noise/e43a70192ca95647_w02.png,e43a70192ca95647,2,Field,Noise
train/noise/e43a70192ca95647_w03.png,e43a70192ca95647,3,Field,Noise
train/noise/e43a70192ca95647_w04.png,e43a70192ca95647,4,Field,Noise
train/noise/e43a70192ca95647_w07.png,e43a70192ca95647,7,Field,Noise
train/noise/e43a70192ca95647_w15.png,e43a70192ca95647,15,Field,Noise
train/noise/e43a70192ca95647_w21.png,e43a70192ca95647,21,Field,Noise
train/noise/e43e4896fbb34396_w04.png,e43e4896fbb34396,4,Lab,Noise
train/noise/e43e4896fbb34396_w07.png,e43e4896fbb34396,7,Lab,Noise
train/noise/e43e4896fbb34396_w09.png,e43e4896fbb34396,9,Lab,Noise
train/noise/e43e4896fbb34396_w13.png,e43e4896fbb34396,13,Lab,Noise
train/noise/e43e4896fbb34396_w17.png,e43e4896fbb34396,17,Lab,Noise
train/noise/e43e4896fbb34396_w18.png,e43e4896fbb34396,18,Lab,Noise
train/noise/e43e4896fbb34396_w26.png,e43e4896fbb34396,26,Lab,Noise
train/noise/e43e4896fbb34396_w27.png,e43e4896fbb34396,27,Lab,Noise
train/noise/e4db889c65327b60_w00.png,e4db889c65327b60,0,Field,Noise
train/noise/e4db889c65327b60_w02.png,e4db889c65327b60,2,Field,Noise
train/noise/e4db889c65327b60_w07.png,e4db889c65327b60,7,Field,Noise
train/noise/e4db889c65327b60_w09.png,e4db889c65327b60,9,Field,Noise
train/noise/e4db889c65327b60_w15.png,e4db889c65327b60,15,Field,Noise
train/noise/e4db889c65327b60_w19.png,e4db889c65327b60,19,Field,Noise
train/noise/e4db889c65327b60_w21.png,e4db889c65327b60,21,Field,Noise
train/noise/e4db889c65327b60_w25.png,e4db889c65327b60,25,Field,Noise
train/noise/e4fa510c6c38e45c_w01.png,e4fa510c6c38e45c,1,Field,Noise
train/noise/e4fa510c6c38e45c_w03.png,e4fa510c6c38e45c,3,Field,Noise
train/noise/e4fa510c6c38e45c_w07.png,e4fa510c6c38e45c,7,Field,Noise
train/noise/e4fa510c6c38e45c_w08.png,e4fa510c6c38e45c,8,Field,Noise
train/noise/e4fa510c6c38e45c_w12.png,e4fa510c6c38e45c,12,Field,Noise
train/noise/e4fa510c6c38e45c_w14.png,e4fa510c6c38e45c,14,Field,Noise
train/noise/e4fa510c6c38e45c_w19.png,e4fa510c6c38e45c,19,Field,Noise
train/noise/e4fa510c6c38e45c_w25.png,e4fa510c6c38e45c,25,Field,Noise
train/noise/e52260ab71df968b_w01.png,e52260ab71df968b,1,Field,Noise
train/noise/e52260ab71df968b_w06.png,e52260ab71df968b,6,Field,Noise
train/noise/e52260ab71df968b_w08.png,e52260ab71df968b,8,Field,Noise
train/noise/e52260ab71df968b_w09.png,e52260ab71df968b,9,Field,Noise
train/noise/e52260ab71df968b_w17.png,e52260ab71df968b,17,Field,Noise
train/noise/e52260ab71df968b_w25.png,e52260ab71df968b,25,Field,Noise
train/noise/e52260ab71df968b_w26.png,e52260ab71df968b,26,Field,Noise
train/noise/e52260ab71df968b_w27.png,e52260ab71df968b,27,Field,Noise
train/noise/e52bbbcfeae9949f_w02.png,e52bbbcfeae9949f,2,Field,Noise
train/noise/e52bbbcfeae9949f_w07.png,e52bbbcfeae9949f,7,Field,Noise
train/noise/e52bbbcfeae9949f_w08.png,e52bbbcfeae9949f,8,Field,Noise
train/noise/e52bbbcfeae9949f_w10.png,e52bbbcfeae9949f,10,Field,Noise
train/noise/e52bbbcfeae9949f_w16.png,e52bbbcfeae9949f,16,Field,Noise
train/noise/e52bbbcfeae9949f_w20.png,e52bbbcfeae9949f,20,Field,Noise
train/noise/e52bbbcfeae9949f_w24.png,e52bbbcfeae9949f,24,Field,Noise
train/noise/e52bbbcfeae9949f_w27.png,e52bbbcfeae9949f,27,Field,Noise
train/noise/e54bd953d449fd16_w02.png,e54bd953d449fd16,2,Field,Noise
train/noise/e54bd953d449fd16_w05.png,e54bd953d449fd16,5,Field,Noise
train/noise/e54bd953d449fd16_w06.png,e54bd953d449fd16,6,Field,Noise
train/noise/e54bd953d449fd16_w09.png,e54bd953d449fd16,9,Field,Noise
train/noise/e54bd953d449fd16_w11.png,e54bd953d449fd16,11,Field,Noise
train/noise/e54bd953d449fd16_w14.png,e54bd953d449fd16,14,Field,Noise
train/noise/e54bd953d449fd16_w23.png,e54bd953d449fd16,23,Field,Noise
train/noise/e54bd953d449fd16_w26.png,e54bd953d449fd16,26,Field,Noise
train/noise/e5c198adc8ace590_w05.png,e5c198adc8ace590,5,Field,Noise
train/noise/e5c198adc8ace590_w07.png,e5c198adc8ace590,7,Field,Noise
train/noise/e5c198adc8ace590_w10.png,e5c198adc8ace590,10,Field,Noise
train/noise/e5c198adc8ace590_w13.png,e5c198adc8ace590,13,Field,Noise
train/noise/e5c198adc8ace590_w15.png,e5c198adc8ace590,15,Field,Noise
train/noise/e5c198adc8ace590_w21.png,e5c198adc8ace590,21,Field,Noise
train/noise/e5c198adc8ace590_w23.png,e5c198adc8ace590,23,Field,Noise
train/noise/e5c198adc8ace590_w27.png,e5c198adc8ace590,27,Field,Noise
train/noise/e637bf57f47d5a42_w06.png,e637bf57f47d5a42,6,Field,Noise
train/noise/e637bf57f47d5a42_w09.png,e637bf57f47d5a42,9,Field,Noise
train/noise/e637bf57f47d5a42_w10.png,e637bf57f47d5a42,10,Field,Noise
train/noise/e637bf57f47d5a42_w11.png,e637bf57f47d5a42,11,Field,Noise
train/noise/e637bf57f47d5a42_w12.png,e637bf57f47d5a42,12,Field,Noise
train/noise/e637bf57f47d5a42_w20.png,e637bf57f47d5a42,20,Field,Noise
train/noise/e637bf57f47d5a42_w21.png,e637bf57f47d5a42,21,Field,Noise
train/noise/e637bf57f47d5a42_w23.png,e637bf57f47d5a42,23,Field,Noise
train/noise/e65675cc39959be2_w04.png,e65675cc39959be2,4,Field,Noise
train/noise/e65675cc39959be2_w07.png,e65675cc39959be2,7,Field,Noise
train/noise/e65675cc39959be2_w10.png,e65675cc39959be2,10,Field,Noise
train/noise/e65675cc39959be2_w11.png,e65675cc39959be2,11,Field,Noise
train/noise/e65675cc39959be2_w13.png,e65675cc39959be2,13,Field,Noise
train/noise/e65675cc39959be2_w16.png,e65675cc39959be2,16,Field,Noise
train/noise/e65675cc39959be2_w18.png,e65675cc39959be2,18,Field,Noise
train/noise/e65675cc39959be2_w21.png,e65675cc39959be2,21,Field,Noise
train/noise/e6f4b9f433c6eb66_w00.png,e6f4b9f433c6eb66,0,Field,Noise
train/noise/e6f4b9f433c6eb66_w05.png,e6f4b9f433c6eb66,5,Field,Noise
train/noise/e6f4b9f433c6eb66_w10.png,e6f4b9f433c6eb66,10,Field,Noise
train/noise/e6f4b9f433c6eb66_w11.png,e6f4b9f433c6eb66,11,Field,Noise
train/noise/e6f4b9f433c6eb66_w12.png,e6f4b9f433c6eb66,12,Field,Noise
train/noise/e6f4b9f433c6eb66_w19.png,e6f4b9f433c6eb66,19,Field,Noise
train/noise/e6f4b9f433c6eb66_w22.png,e6f4b9f433c6eb66,22,Field,Noise
train/noise/e6f4b9f433c6eb66_w25.png,e6f4b9f433c6eb66,25,Field,Noise
train/noise/e76deb044cb2588c_w02.png,e76deb044cb2588c,2,Field,Noise
train/noise/e76deb044cb2588c_w04.png,e76deb044cb2588c,4,Field,Noise
train/noise/e76deb044cb2588c_w07.png,e76deb044cb2588c,7,Field,Noise
train/noise/e76deb044cb2588c_w09.png,e76deb044cb2588c,9,Field,Noise
train/noise/e76deb044cb2588c_w12.png,e76deb044cb2588c,12,Field,Noise
train/noise/e76deb044cb2588c_w23.png,e76deb044cb2588c,23,Field,Noise
train/noise/e76deb044cb2588c_w26.png,e76deb044cb2588c,26,Field,Noise
train/noise/e76deb044cb2588c_w27.png,e76deb044cb2588c,27,Field,Noise
train/noise/e77726fb18811c39_w00.png,e77726fb18811c39,0,Field,Noise
train/noise/e77726fb18811c39_w07.png,e77726fb18811c39,7,Field,Noise
train/noise/e77726fb18811c39_w08.png,e77726fb18811c39,8,Field,Noise
train/noise/e77726fb18811c39_w14.png,e77726fb18811c39,14,Field,Noise
train/noise/e77726fb18811c39_w18.png,e77726fb18811c39,18,Field,Noise
train/noise/e77726fb18811c39_w24.png,e77726fb18811c39,24,Field,Noise
train/noise/e77726fb18811c39_w26.png,e77726fb18811c39,26,Field,Noise
train/noise/e77726fb18811c39_w27.png,e77726fb18811c39,27,Field,Noise
train/noise/e8718f4f074f6e32_w03.png,e8718f4f074f6e32,3,Lab,Noise
train/noise/e8718f4f074f6e32_w04.png,e8718f4f074f6e32,4,Lab,Noise
train/noise/e8718f4f074f6e32_w05.png,e8718f4f074f6e32,5,Lab,Noise
train/noise/e8718f4f074f6e32_w07.png,e8718f4f074f6e32,7,Lab,Noise
train/noise/e8718f4f074f6e32_w12.png,e8718f4f074f6e32,12,Lab,Noise
train/noise/e8718f4f074f6e32_w18.png,e8718f4f074f6e32,18,Lab,Noise
train/noise/e8718f4f074f6e32_w20.png,e8718f4f074f6e32,20,Lab,Noise
train/noise/e8718f4f074f6e32_w22.png,e8718f4f074f6e32,22,Lab,Noise
train/noise/e878c612be5920dc_w05.png,e878c612be5920dc,5,Lab,Noise
train/noise/e878c612be5920dc_w12.png,e878c612be5920dc,12,Lab,Noise
train/noise/e878c612be5920dc_w14.png,e878c612be5920dc,14,Lab,Noise
train/noise/e878c612be5920dc_w15.png,e878c612be5920dc,15,Lab,Noise
train/noise/e878c612be5920dc_w17.png,e878c612be5920dc,17,Lab,Noise
train/noise/e878c612be5920dc_w23.png,e878c612be5920dc,23,Lab,Noise
train/noise/e878c612be5920dc_w26.png,e878c612be5920dc,26,Lab,Noise
train/noise/e878c612be5920dc_w27.png,e878c612be5920dc,27,Lab,Noise
train/noise/e8bd420f627ad700_w03.png,e8bd420f627ad700,3,Field,Noise
train/noise/e8bd420f627ad700_w06.png,e8bd420f627ad700,6,Field,Noise
train/noise/e8bd420f627ad700_w12.png,e8bd420f627ad700,12,Field,Noise
train/noise/e8bd420f627ad700_w17.png,e8bd420f627ad700,17,Field,Noise
train/noise/e8bd420f627ad700_w18.png,e8bd420f627ad700,18,Field,Noise
train/noise/e8bd420f627ad700_w20.png,e8bd420f627ad700,20,Field,Noise
train/noise/e8bd420f627ad700_w24.png,e8bd420f627ad700,24,Field,Noise
train/noise/e8bd420f627ad700_w27.png,e8bd420f627ad700,27,Field,Noise
train/noise/e8ce4c9e92730004_w02.png,e8ce4c9e92730004,2,Field,Noise
train/noise/e8ce4c9e92730004_w05.png,e8ce4c9e92730004,5,Field,Noise
train/noise/e8ce4c9e92730004_w06.png,e8ce4c9e92730004,6,Field,Noise
train/noise/e8ce4c9e92730004_w13.png,e8ce4c9e92730004,13,Field,Noise
train/noise/e8ce4c9e92730004_w14.png,e8ce4c9e92730004,14,Field,Noise
train/noise/e8ce4c9e92730004_w20.png,e8ce4c9e92730004,20,Field,Noise
train/noise/e8ce4c9e92730004_w24.png,e8ce4c9e92730004,24,Field,Noise
train/noise/e8ce4c9e92730004_w27.png,e8ce4c9e92730004,27,Field,Noise
train/noise/e8e24af181506862_w01.png,e8e24af181506862,1,Field,Noise
train/noise/e8e24af181506862_w05.png,e8e24af181506862,5,Field,Noise
train/noise/e8e24af181506862_w06.png,e8e24af181506862,6,Field,Noise
train/noise/e8e24af181506862_w13.png,e8e24af181506862,13,Field,Noise
train/noise/e8e24af181506862_w14.png,e8e24af181506862,14,Field,Noise
train/noise/e8e24af181506862_w16.png,e8e24af181506862,16,Field,Noise
train/noise/e8e24af181506862_w19.png,e8e24af181506862,19,Field,Noise
train/noise/e8e24af181506862_w21.png,e8e24af181506862,21,Field,Noise
train/noise/e95be5940c69f07c_w00.png,e95be5940c69f07c,0,Field,Noise
train/noise/e95be5940c69f07c_w01.png,e95be5940c69f07c,1,Field,Noise
train/noise/e95be5940c69f07c_w04.png,e95be5940c69f07c,4,Field,Noise
train/noise/e95be5940c69f07c_w17.png,e95be5940c69f07c,17,Field,Noise
train/noise/e95be5940c69f07c_w19.png,e95be5940c69f07c,19,Field,Noise
train/noise/e95be5940c69f07c_w21.png,e95be5940c69f07c,21,Field,Noise
train/noise/e95be5940c69f07c_w26.png,e95be5940c69f07c,26,Field,Noise
train/noise/e95be5940c69f07c_w27.png,e95be5940c69f07c,27,Field,Noise
train/noise/e9682a4b67985762_w02.png,e9682a4b67985762,2,Field,Noise
train/noise/e9682a4b67985762_w03.png,e9682a4b67985762,3,Field,Noise
train/noise/e9682a4b67985762_w05.png,e9682a4b67985762,5,Field,Noise
train/noise/e9682a4b67985762_w16.png,e9682a4b67985762,16,Field,Noise
train/noise/e9682a4b67985762_w19.png,e9682a4b67985762,19,Field,Noise
train/noise/e9682a4b67985762_w21.png,e9682a4b67985762,21,Field,Noise
train/noise/e9682a4b67985762_w22.png,e9682a4b67985762,22,Field,Noise
train/noise/e9682a4b67985762_w27.png,e9682a4b67985762,27,Field,Noise
train/noise/ea151e32c1d28eab_w00.png,ea151e32c1d28eab,0,Field,Noise
train/noise/ea151e32c1d28eab_w01.png,ea151e32c1d28eab,1,Field,Noise
train/noise/ea151e32c1d28eab_w11.png,ea151e32c1d28eab,11,Field,Noise
train/noise/ea151e32c1d28eab_w20.png,ea151e32c1d28eab,20,Field,Noise
train/noise/ea151e32c1d28eab_w22.png,ea151e32c1d28eab,22,Field,Noise
train/noise/ea151e32c1d28eab_w23.png,ea151e32c1d28eab,23,Field,Noise
train/noise/ea151e32c1d28eab_w26.png,ea151e32c1d28eab,26,Field,Noise
train/noise/ea151e32c1d28eab_w27.png,ea151e32c1d28eab,27,Field,Noise
train/noise/ea62377c4309d1d0_w03.png,ea62377c4309d1d0,3,Field,Noise
train/noise/ea62377c4309d1d0_w08.png,ea62377c4309d1d0,8,Field,Noise
train/noise/ea62377c4309d1d0_w13.png,ea62377c4309d1d0,13,Field,Noise
train/noise/ea62377c4309d1d0_w14.png,ea62377c4309d1d0,14,Field,Noise
train/noise/ea62377c4309d1d0_w16.png,ea62377c4309d1d0,16,Field,Noise
train/noise/ea62377c4309d1d0_w17.png,ea62377c4309d1d0,17,Field,Noise
train/noise/ea62377c4309d1d0_w22.png,ea62377c4309d1d0,22,Field,Noise
train/noise/ea62377c4309d1d0_w26.png,ea62377c4309d1d0,26,Field,Noise
train/noise/ea65bdcc659add2a_w04.png,ea65bdcc659add2a,4,Field,Noise
train/noise/ea65bdcc659add2a_w07.png,ea65bdcc659add2a,7,Field,Noise
train/noise/ea65bdcc659add2a_w08.png,ea65bdcc659add2a,8,Field,Noise
train/noise/ea65bdcc659add2a_w10.png,ea65bdcc659add2a,10,Field,Noise
train/noise/ea65bdcc659add2a_w15.png,ea65bdcc659add2a,15,Field,Noise
train/noise/ea65bdcc659add2a_w24.png,ea65bdcc659add2a,24,Field,Noise
train/noise/ea65bdcc659add2a_w25.png,ea65bdcc659add2a,25,Field,Noise
train/noise/ea65bdcc659add2a_w26.png,ea65bdcc659add2a,26,Field,Noise
train/noise/eae986bd18b8b1ab_w00.png,eae986bd18b8b1ab,0,Field,Noise
train/noise/eae986bd18b8b1ab_w08.png,eae986bd18b8b1ab,8,Field,Noise
train/noise/eae986bd18b8b1ab_w11.png,eae986bd18b8b1ab,11,Field,Noise
train/noise/eae986bd18b8b1ab_w12.png,eae986bd18b8b1ab,12,Field,Noise
train/noise/eae986bd18b8b1ab_w15.png,eae986bd18b8b1ab,15,Field,Noise
train/noise/eae986bd18b8b1ab_w16.png,eae986bd18b8b1ab,16,Field,Noise
train/noise/eae986bd18b8b1ab_w20.png,eae986bd18b8b1ab,20,Field,Noise
train/noise/eae986bd18b8b1ab_w21.png,eae986bd18b8b1ab,21,Field,Noise
train/noise/eaf4ae916a5f4eb9_w03.png,eaf4ae916a5f4eb9,3,Field,Noise
train/noise/eaf4ae916a5f4eb9_w07.png,eaf4ae916a5f4eb9,7,Field,Noise
train/noise/eaf4ae916a5f4eb9_w08.png,eaf4ae916a5f4eb9,8,Field,Noise
train/noise/eaf4ae916a5f4eb9_w14.png,eaf4ae916a5f4eb9,14,Field,Noise
train/noise/eaf4ae916a5f4eb9_w15.png,eaf4ae916a5f4eb9,15,Field,Noise
train/noise/eaf4ae916a5f4eb9_w19.png,eaf4ae916a5f4eb9,19,Field,Noise
train/noise/eaf4ae916a5f4eb9_w21.png,eaf4ae916a5f4eb9,21,Field,Noise
train/noise/eaf4ae916a5f4eb9_w22.png,eaf4ae916a5f4eb9,22,Field,Noise
train/noise/eb23cddab83d06c9_w04.png,eb23cddab83d06c9,4,Field,Noise
train/noise/eb23cddab83d06c9_w10.png,eb23cddab83d06c9,10,Field,Noise
train/noise/eb23cddab83d06c9_w12.png,eb23cddab83d06c9,12,Field,Noise
train/noise/eb23cddab83d06c9_w20.png,eb23cddab83d06c9,20,Field,Noise
train/noise/eb23cddab83d06c9_w22.png,eb23cddab83d06c9,22,Field,Noise
train/noise/eb23cddab83d06c9_w24.png,eb23cddab83d06c9,24,Field,Noise
train/noise/eb23cddab83d06c9_w25.png,eb23cddab83d06c9,25,Field,Noise
train/noise/eb23cddab83d06c9_w26.png,eb23cddab83d06c9,26,Field,Noise
train/noise/eb336bf89e4fdd4c_w03.png,eb336bf89e4fdd4c,3,Field,Noise
train/noise/eb336bf89e4fdd4c_w12.png,eb336bf89e4fdd4c,12,Field,Noise
train/noise/eb336bf89e4fdd4c_w13.png,eb336bf89e4fdd4c,13,Field,Noise
train/noise/eb336bf89e4fdd4c_w19.png,eb336bf89e4fdd4c,19,Field,Noise
train/noise/eb336bf89e4fdd4c_w23.png,eb336bf89e4fdd4c,23,Field,Noise
train/noise/eb336bf89e4fdd4c_w24.png,eb336bf89e4fdd4c,24,Field,Noise
train/noise/eb336bf89e4fdd4c_w26.png,eb336bf89e4fdd4c,26,Field,Noise
train/noise/eb336bf89e4fdd4c_w27.png,eb336bf89e4fdd4c,27,Field,Noise
train/noise/eb8b71a609c5143e_w03.png,eb8b71a609c5143e,3,Lab,Noise
train/noise/eb8b71a609c5143e_w06.png,eb8b71a609c5143e,6,Lab,Noise
train/noise/eb8b71a609c5143e_w07.png,eb8b71a609c5143e,7,Lab,Noise
train/noise/eb8b71a609c5143e_w08.png,eb8b71a609c5143e,8,Lab,Noise
train/noise/eb8b71a609c5143e_w11.png,eb8b71a609c5143e,11,Lab,Noise
train/noise/eb8b71a609c5143e_w17.png,eb8b71a609c5143e,17,Lab,Noise
train/noise/eb8b71a609c5143e_w19.png,eb8b71a609c5143e,19,Lab,Noise
train/noise/eb8b71a609c5143e_w26.png,eb8b71a609c5143e,26,Lab,Noise
train/noise/ebba7c4e1add7992_w02.png,ebba7c4e1add7992,2,Field,Noise
train/noise/ebba7c4e1add7992_w07.png,ebba7c4e1add7992,7,Field,Noise
train/noise/ebba7c4e1add7992_w08.png,ebba7c4e1add7992,8,Field,Noise
train/noise/ebba7c4e1add7992_w10.png,ebba7c4e1add7992,10,Field,Noise
train/noise/ebba7c4e1add7992_w18.png,ebba7c4e1add7992,18,Field,Noise
train/noise/ebba7c4e1add7992_w22.png,ebba7c4e1add7992,22,Field,Noise
train/noise/ebba7c4e1add7992_w24.png,ebba7c4e1add7992,24,Field,Noise
train/noise/ebba7c4e1add7992_w27.png,ebba7c4e1add7992,27,Field,Noise
train/noise/ebc5faceb39b5e94_w04.png,ebc5faceb39b5e94,4,Field,Noise
train/noise/ebc5faceb39b5e94_w05.png,ebc5faceb39b5e94,5,Field,Noise
train/noise/ebc5faceb39b5e94_w06.png,ebc5faceb39b5e94,6,Field,Noise
train/noise/ebc5faceb39b5e94_w16.png,ebc5faceb39b5e94,16,Field,Noise
train/noise/ebc5faceb39b5e94_w17.png,ebc5faceb39b5e94,17,Field,Noise
train/noise/ebc5faceb39b5e94_w24.png,ebc5faceb39b5e94,24,Field,Noise
train/noise/ebc5faceb39b5e94_w25.png,ebc5faceb39b5e94,25,Field,Noise
train/noise/ebc5faceb39b5e94_w27.png,ebc5faceb39b5e94,27,Field,Noise
train/noise/ed0a1b4f01b3ce0b_w02.png,ed0a1b4f01b3ce0b,2,Field,Noise
train/noise/ed0a1b4f01b3ce0b_w06.png,ed0a1b4f01b3ce0b,6,Field,Noise
train/noise/ed0a1b4f01b3ce0b_w17.png,ed0a1b4f01b3ce0b,17,Field,Noise
train/noise/ed0a1b4f01b3ce0b_w18.png,ed0a1b4f01b3ce0b,18,Field,Noise
train/noise/ed0a1b4f01b3ce0b_w19.png,ed0a1b4f01b3ce0b,19,Field,Noise
train/noise/ed0a1b4f01b3ce0b_w23.png,ed0a1b4f01b3ce0b,23,Field,Noise
train/noise/ed0a1b4f01b3ce0b_w24.png,ed0a1b4f01b3ce0b,24,Field,Noise
train/noise/ed0a1b4f01b3ce0b_w27.png,ed0a1b4f01b3ce0b,27,Field,Noise
train/noise/ed23bd63553bb610_w05.png,ed23bd63553bb610,5,Field,Noise
train/noise/ed23bd63553bb610_w06.png,ed23bd63553bb610,6,Field,Noise
train/noise/ed23bd63553bb610_w08.png,ed23bd63553bb610,8,Field,Noise
train/noise/ed23bd63553bb610_w15.png,ed23bd63553bb610,15,Field,Noise
train/noise/ed23bd63553bb610_w18.png,ed23bd63553bb610,18,Field,Noise
train/noise/ed23bd63553bb610_w23.png,ed23bd63553bb610,23,Field,Noise
train/noise/ed23bd63553bb610_w25.png,ed23bd63553bb610,25,Field,Noise
train/noise/ed23bd63553bb610_w27.png,ed23bd63553bb610,27,Field,Noise
train/noise/ed3bb813b41b209c_w00.png,ed3bb813b41b209c,0,Field,Noise
train/noise/ed3bb813b41b209c_w09.png,ed3bb813b41b209c,9,Field,Noise
train/noise/ed3bb813b41b209c_w10.png,ed3bb813b41b209c,10,Field,Noise
train/noise/ed3bb813b41b209c_w11.png,ed3bb813b41b209c,11,Field,Noise
train/noise/ed3bb813b41b209c_w12.png,ed3bb813b41b209c,12,Field,Noise
train/noise/ed3bb813b41b209c_w20.png,ed3bb813b41b209c,20,Field,Noise
train/noise/ed3bb813b41b209c_w21.png,ed3bb813b41b209c,21,Field,Noise
train/noise/ed3bb813b41b209c_w26.png,ed3bb813b41b209c,26,Field,Noise
train/noise/ed73b562df269773_w01.png,ed73b562df269773,1,Field,Noise
train/noise/ed73b562df269773_w07.png,ed73b562df269773,7,Field,Noise
train/noise/ed73b562df269773_w12.png,ed73b562df269773,12,Field,Noise
train/noise/ed73b562df269773_w13.png,ed73b562df269773,13,Field,Noise
train/noise/ed73b562df269773_w16.png,ed73b562df269773,16,Field,Noise
train/noise/ed73b562df269773_w20.png,ed73b562df269773,20,Field,Noise
train/noise/ed73b562df269773_w21.png,ed73b562df269773,21,Field,Noise
train/noise/ed73b562df269773_w25.png,ed73b562df269773,25,Field,Noise
train/noise/ed99465fa85c4cac_w00.png,ed99465fa85c4cac,0,Field,Noise
train/noise/ed99465fa85c4cac_w04.png,ed99465fa85c4cac,4,Field,Noise
train/noise/ed99465fa85c4cac_w06.png,ed99465fa85c4cac,6,Field,Noise
train/noise/ed99465fa85c4cac_w13.png,ed99465fa85c4cac,13,Field,Noise
train/noise/ed99465fa85c4cac_w17.png,ed99465fa85c4cac,17,Field,Noise
train/noise/ed99465fa85c4cac_w20.png,ed99465fa85c4cac,20,Field,Noise
train/noise/ed99465fa85c4cac_w22.png,ed99465fa85c4cac,22,Field,Noise
train/noise/ed99465fa85c4cac_w24.png,ed99465fa85c4cac,24,Field,Noise
train/noise/ee0663a1cd6db404_w01.png,ee0663a1cd6db404,1,Lab,Noise
train/noise/ee0663a1cd6db404_w03.png,ee0663a1cd6db404,3,Lab,Noise
train/noise/ee0663a1cd6db404_w05.png,ee0663a1cd6db404,5,Lab,Noise
train/noise/ee0663a1cd6db404_w12.png,ee0663a1cd6db404,12,Lab,Noise
train/noise/ee0663a1cd6db404_w16.png,ee0663a1cd6db404,16,Lab,Noise
train/noise/ee0663a1cd6db404_w17.png,ee0663a1cd6db404,17,Lab,Noise
train/noise/ee0663a1cd6db404_w26.png,ee0663a1cd6db404,26,Lab,Noise
train/noise/ee0663a1cd6db404_w27.png,ee0663a1cd6db404,27,Lab,Noise
train/noise/ee52d7985b546dba_w04.png,ee52d7985b546dba,4,Field,Noise
train/noise/ee52d7985b546dba_w05.png,ee52d7985b546dba,5,Field,Noise
train/noise/ee52d7985b546dba_w14.png,ee52d7985b546dba,14,Field,Noise
train/noise/ee52d7985b546dba_w16.png,ee52d7985b546dba,16,Field,Noise
train/noise/ee52d7985b546dba_w19.png,ee52d7985b546dba,19,Field,Noise
train/noise/ee52d7985b546dba_w21.png,ee52d7985b546dba,21,Field,Noise
train/noise/ee52d7985b546dba_w23.png,ee52d7985b546dba,23,Field,Noise
train/noise/ee52d7985b546dba_w26.png,ee52d7985b546dba,26,Field,Noise
train/noise/ee576470e71c66a1_w03.png,ee576470e71c66a1,3,Lab,Noise
train/noise/ee576470e71c66a1_w04.png,ee576470e71c66a1,4,Lab,Noise
train/noise/ee576470e71c66a1_w07.png,ee576470e71c66a1,7,Lab,Noise
train/noise/ee576470e71c66a1_w11.png,ee576470e71c66a1,11,Lab,Noise
train/noise/ee576470e71c66a1_w14.png,ee576470e71c66a1,14,Lab,Noise
train/noise/ee576470e71c66a1_w16.png,ee576470e71c66a1,16,Lab,Noise
train/noise/ee576470e71c66a1_w23.png,ee576470e71c66a1,23,Lab,Noise
train/noise/ee576470e71c66a1_w27.png,ee576470e71c66a1,27,Lab,Noise
train/noise/ee72681f80881b12_w07.png,ee72681f80881b12,7,Field,Noise
train/noise/ee72681f80881b12_w10.png,ee72681f80881b12,10,Field,Noise
train/noise/ee72681f80881b12_w11.png,ee72681f80881b12,11,Field,Noise
train/noise/ee72681f80881b12_w15.png,ee72681f80881b12,15,Field,Noise
train/noise/ee72681f80881b12_w17.png,ee72681f80881b12,17,Field,Noise
train/noise/ee72681f80881b12_w18.png,ee72681f80881b12,18,Field,Noise
train/noise/ee72681f80881b12_w20.png,ee72681f80881b12,20,Field,Noise
train/noise/ee72681f80881b12_w25.png,ee72681f80881b12,25,Field,Noise
train/noise/eef5290c4a491099_w00.png,eef5290c4a491099,0,Field,Noise
train/noise/eef5290c4a491099_w02.png,eef5290c4a491099,2,Field,Noise
train/noise/eef5290c4a491099_w03.png,eef5290c4a491099,3,Field,Noise
train/noise/eef5290c4a491099_w05.png,eef5290c4a491099,5,Field,Noise
train/noise/eef5290c4a491099_w08.png,eef5290c4a491099,8,Field,Noise
train/noise/eef5290c4a491099_w15.png,eef5290c4a491099,15,Field,Noise
train/noise/eef5290c4a491099_w20.png,eef5290c4a491099,20,Field,Noise
train/noise/eef5290c4a491099_w25.png,eef5290c4a491099,25,Field,Noise
train/noise/ef15a0ed67c0796d_w00.png,ef15a0ed67c0796d,0,Field,Noise
train/noise/ef15a0ed67c0796d_w02.png,ef15a0ed67c0796d,2,Field,Noise
train/noise/ef15a0ed67c0796d_w04.png,ef15a0ed67c0796d,4,Field,Noise
train/noise/ef15a0ed67c0796d_w05.png,ef15a0ed67c0796d,5,Field,Noise
train/noise/ef15a0ed67c0796d_w08.png,ef15a0ed67c0796d,8,Field,Noise
train/noise/ef15a0ed67c0796d_w20.png,ef15a0ed67c0796d,20,Field,Noise
train/noise/ef15a0ed67c0796d_w23.png,ef15a0ed67c0796d,23,Field,Noise
train/noise/ef15a0ed67c0796d_w26.png,ef15a0ed67c0796d,26,Field,Noise
train/noise/ef479a0392b6b31d_w06.png,ef479a0392b6b31d,6,Lab,Noise
train/noise/ef479a0392b6b31d_w08.png,ef479a0392b6b31d,8,Lab,Noise
train/noise/ef479a0392b6b31d_w10.png,ef479a0392b6b31d,10,Lab,Noise
train/noise/ef479a0392b6b31d_w15.png,ef479a0392b6b31d,15,Lab,Noise
train/noise/ef479a0392b6b31d_w19.png,ef479a0392b6b31d,19,Lab,Noise
train/noise/ef479a0392b6b31d_w21.png,ef479a0392b6b31d,21,Lab,Noise
train/noise/ef479a0392b6b31d_w23.png,ef479a0392b6b31d,23,Lab,Noise
train/noise/ef479a0392b6b31d_w24.png,ef479a0392b6b31d,24,Lab,Noise
train/noise/ef614ba84844e49f_w01.png,ef614ba84844e49f,1,Field,Noise
train/noise/ef614ba84844e49f_w02.png,ef614ba84844e49f,2,Field,Noise
train/noise/ef614ba84844e49f_w03.png,ef614ba84844e49f,3,Field,Noise
train/noise/ef614ba84844e49f_w08.png,ef614ba84844e49f,8,Field,Noise
train/noise/ef614ba84844e49f_w11.png,ef614ba84844e49f,11,Field,Noise
train/noise/ef614ba84844e49f_w14.png,ef614ba84844e49f,14,Field,Noise
train/noise/ef614ba84844e49f_w17.png,ef614ba84844e49f,17,Field,Noise
train/noise/ef614ba84844e49f_w27.png,ef614ba84844e49f,27,Field,Noise
train/noise/ef61d196db14f51a_w03.png,ef61d196db14f51a,3,Field,Noise
train/noise/ef61d196db14f51a_w08.png,ef61d196db14f51a,8,Field,Noise
train/noise/ef61d196db14f51a_w11.png,ef61d196db14f51a,11,Field,Noise
train/noise/ef61d196db14f51a_w12.png,ef61d196db14f51a,12,Field,Noise
train/noise/ef61d196db14f51a_w22.png,ef61d196db14f51a,22,Field,Noise
train/noise/ef61d196db14f51a_w23.png,ef61d196db14f51a,23,Field,Noise
train/noise/ef61d196db14f51a_w24.png,ef61d196db14f51a,24,Field,Noise
train/noise/ef61d196db14f51a_w27.png,ef61d196db14f51a,27,Field,Noise
train/noise/efdb30a402ab6bb2_w02.png,efdb30a402ab6bb2,2,Field,Noise
train/noise/efdb30a402ab6bb2_w10.png,efdb30a402ab6bb2,10,Field,Noise
train/noise/efdb30a402ab6bb2_w12.png,efdb30a402ab6bb2,12,Field,Noise
train/noise/efdb30a402ab6bb2_w15.png,efdb30a402ab6bb2,15,Field,Noise
train/noise/efdb30a402ab6bb2_w16.png,efdb30a402ab6bb2,16,Field,Noise
train/noise/efdb30a402ab6bb2_w18.png,efdb30a402ab6bb2,18,Field,Noise
train/noise/efdb30a402ab6bb2_w19.png,efdb30a402ab6bb2,19,Field,Noise
train/noise/efdb30a402ab6bb2_w26.png,efdb30a402ab6bb2,26,Field,Noise
train/noise/efdf8835b6fad8b0_w02.png,efdf8835b6fad8b0,2,Field,Noise
train/noise/efdf8835b6fad8b0_w04.png,efdf8835b6fad8b0,4,Field,Noise
train/noise/efdf8835b6fad8b0_w06.png,efdf8835b6fad8b0,6,Field,Noise
train/noise/efdf8835b6fad8b0_w08.png,efdf8835b6fad8b0,8,Field,Noise
train/noise/efdf8835b6fad8b0_w12.png,efdf8835b6fad8b0,12,Field,Noise
train/noise/efdf8835b6fad8b0_w15.png,efdf8835b6fad8b0,15,Field,Noise
train/noise/efdf8835b6fad8b0_w17.png,efdf8835b6fad8b0,17,Field,Noise
train/noise/efdf8835b6fad8b0_w19.png,efdf8835b6fad8b0,19,Field,Noise
train/noise/f08a3b0c0bc237ec_w03.png,f08a3b0c0bc237ec,3,Lab,Noise
train/noise/f08a3b0c0bc237ec_w08.png,f08a3b0c0bc237ec,8,Lab,Noise
train/noise/f08a3b0c0bc237ec_w09.png,f08a3b0c0bc237ec,9,Lab,Noise
train/noise/f08a3b0c0bc237ec_w11.png,f08a3b0c0bc237ec,11,Lab,Noise
train/noise/f08a3b0c0bc237ec_w12.png,f08a3b0c0bc237ec,12,Lab,Noise
train/noise/f08a3b0c0bc237ec_w17.png,f08a3b0c0bc237ec,17,Lab,Noise
train/noise/f08a3b0c0bc237ec_w18.png,f08a3b0c0bc237ec,18,Lab,Noise
train/noise/f08a3b0c0bc237ec_w19.png,f08a3b0c0bc237ec,19,Lab,Noise
train/noise/f096cc9f36f23e81_w00.png,f096cc9f36f23e81,0,Field,Noise
train/noise/f096cc9f36f23e81_w01.png,f096cc9f36f23e81,1,Field,Noise
train/noise/f096cc9f36f23e81_w16.png,f096cc9f36f23e81,16,Field,Noise
train/noise/f096cc9f36f23e81_w18.png,f096cc9f36f23e81,18,Field,Noise
train/noise/f096cc9f36f23e81_w20.png,f096cc9f36f23e81,20,Field,Noise
train/noise/f096cc9f36f23e81_w22.png,f096cc9f36f23e81,22,Field,Noise
train/noise/f096cc9f36f23e81_w23.png,f096cc9f36f23e81,23,Field,Noise
train/noise/f096cc9f36f23e81_w26.png,f096cc9f36f23e81,26,Field,Noise
train/noise/f0a657cd79c6dfb3_w00.png,f0a657cd79c6dfb3,0,Field,Noise
train/noise/f0a657cd79c6dfb3_w03.png,f0a657cd79c6dfb3,3,Field,Noise
train/noise/f0a657cd79c6dfb3_w06.png,f0a657cd79c6dfb3,6,Field,Noise
train/noise/f0a657cd79c6dfb3_w11.png,f0a657cd79c6dfb3,11,Field,Noise
train/noise/f0a657cd79c6dfb3_w13.png,f0a657cd79c6dfb3,13,Field,Noise
train/noise/f0a657cd79c6dfb3_w22.png,f0a657cd79c6dfb3,22,Field,Noise
train/noise/f0a657cd79c6dfb3_w23.png,f0a657cd79c6dfb3,23,Field,Noise
train/noise/f0a657cd79c6dfb3_w26.png,f0a657cd79c6dfb3,26,Field,Noise
train/noise/f0e422d432db6acf_w05.png,f0e422d432db6acf,5,Field,Noise
train/noise/f0e422d432db6acf_w07.png,f0e422d432db6acf,7,Field,Noise
train/noise/f0e422d432db6acf_w15.png,f0e422d432db6acf,15,Field,Noise
train/noise/f0e422d432db6acf_w20.png,f0e422d432db6acf,20,Field,Noise
train/noise/f0e422d432db6acf_w21.png,f0e422d432db6acf,21,Field,Noise
train/noise/f0e422d432db6acf_w23.png,f0e422d432db6acf,23,Field,Noise
train/noise/f0e422d432db6acf_w24.png,f0e422d432db6acf,24,Field,Noise
train/noise/f0e422d432db6acf_w26.png,f0e422d432db6acf,26,Field,Noise
train/noise/f0ff90efd4670b13_w00.png,f0ff90efd4670b13,0,Field,Noise
train/noise/f0ff90efd4670b13_w04.png,f0ff90efd4670b13,4,Field,Noise
train/noise/f0ff90efd4670b13_w05.png,f0ff90efd4670b13,5,Field,Noise
train/noise/f0ff90efd4670b13_w07.png,f0ff90efd4670b13,7,Field,Noise
train/noise/f0ff90efd4670b13_w10.png,f0ff90efd4670b13,10,Field,Noise
train/noise/f0ff90efd4670b13_w11.png,f0ff90efd4670b13,11,Field,Noise
train/noise/f0ff90efd4670b13_w13.png,f0ff90efd4670b13,13,Field,Noise
train/noise/f0ff90efd4670b13_w27.png,f0ff90efd4670b13,27,Field,Noise
train/noise/f12ee67939ca3d62_w00.png,f12ee67939ca3d62,0,Field,Noise
train/noise/f12ee67939ca3d62_w03.png,f12ee67939ca3d62,3,Field,Noise
train/noise/f12ee67939ca3d62_w04.png,f12ee67939ca3d62,4,Field,Noise
train/noise/f12ee67939ca3d62_w06.png,f12ee67939ca3d62,6,Field,Noise
train/noise/f12ee67939ca3d62_w09.png,f12ee67939ca3d62,9,Field,Noise
train/noise/f12ee67939ca3d62_w12.png,f12ee67939ca3d62,12,Field,Noise
train/noise/f12ee67939ca3d62_w21.png,f12ee67939ca3d62,21,Field,Noise
train/noise/f12ee67939ca3d62_w25.png,f12ee67939ca3d62,25,Field,Noise
train/noise/f1feb7a173b2b5cd_w02.png,f1feb7a173b2b5cd,2,Lab,Noise
train/noise/f1feb7a173b2b5cd_w07.png,f1feb7a173b2b5cd,7,Lab,Noise
train/noise/f1feb7a173b2b5cd_w09.png,f1feb7a173b2b5cd,9,Lab,Noise
train/noise/f1feb7a173b2b5cd_w13.png,f1feb7a173b2b5cd,13,Lab,Noise
train/noise/f1feb7a173b2b5cd_w15.png,f1feb7a173b2b5cd,15,Lab,Noise
train/noise/f1feb7a173b2b5cd_w18.png,f1feb7a173b2b5cd,18,Lab,Noise
train/noise/f1feb7a173b2b5cd_w19.png,f1feb7a173b2b5cd,19,Lab,Noise
train/noise/f1feb7a173b2b5cd_w25.png,f1feb7a173b2b5cd,25,Lab,Noise
train/noise/f242680cae8a8ed4_w00.png,f242680cae8a8ed4,0,Field,Noise
train/noise/f242680cae8a8ed4_w04.png,f242680cae8a8ed4,4,Field,Noise
train/noise/f242680cae8a8ed4_w05.png,f242680cae8a8ed4,5,Field,Noise
train/noise/f242680cae8a8ed4_w12.png,f242680cae8a8ed4,12,Field,Noise
train/noise/f242680cae8a8ed4_w13.png,f242680cae8a8ed4,13,Field,Noise
train/noise/f242680cae8a8ed4_w16.png,f242680cae8a8ed4,16,Field,Noise
train/noise/f242680cae8a8ed4_w19.png,f242680cae8a8ed4,19,Field,Noise
train/noise/f242680cae8a8ed4_w25.png,f242680cae8a8ed4,25,Field,Noise
train/noise/f24c0ccb5d60e9e6_w01.png,f24c0ccb5d60e9e6,1,Field,Noise
train/noise/f24c0ccb5d60e9e6_w05.png,f24c0ccb5d60e9e6,5,Field,Noise
train/noise/f24c0ccb5d60e9e6_w09.png,f24c0ccb5d60e9e6,9,Field,Noise
train/noise/f24c0ccb5d60e9e6_w14.png,f24c0ccb5d60e9e6,14,Field,Noise
train/noise/f24c0ccb5d60e9e6_w15.png,f24c0ccb5d60e9e6,15,Field,Noise
train/noise/f24c0ccb5d60e9e6_w16.png,f24c0ccb5d60e9e6,16,Field,Noise
train/noise/f24c0ccb5d60e9e6_w24.png,f24c0ccb5d60e9e6,24,Field,Noise
train/noise/f24c0ccb5d60e9e6_w25.png,f24c0ccb5d60e9e6,25,Field,Noise
train/noise/f26db391606dd631_w04.png,f26db391606dd631,4,Field,Noise
train/noise/f26db391606dd631_w05.png,f26db391606dd631,5,Field,Noise
train/noise/f26db391606dd631_w10.png,f26db391606dd631,10,Field,Noise
train/noise/f26db391606dd631_w11.png,f26db391606dd631,11,Field,Noise
train/noise/f26db391606dd631_w20.png,f26db391606dd631,20,Field,Noise
train/noise/f26db391606dd631_w21.png,f26db391606dd631,21,Field,Noise
train/noise/f26db391606dd631_w23.png,f26db391606dd631,23,Field,Noise
train/noise/f26db391606dd631_w24.png,f26db391606dd631,24,Field,Noise
train/noise/f28816bfedb13d1c_w07.png,f28816bfedb13d1c,7,Field,Noise
train/noise/f28816bfedb13d1c_w09.png,f28816bfedb13d1c,9,Field,Noise
train/noise/f28816bfedb13d1c_w11.png,f28816bfedb13d1c,11,Field,Noise
train/noise/f28816bfedb13d1c_w15.png,f28816bfedb13d1c,15,Field,Noise
train/noise/f28816bfedb13d1c_w18.png,f28816bfedb13d1c,18,Field,Noise
train/noise/f28816bfedb13d1c_w19.png,f28816bfedb13d1c,19,Field,Noise
train/noise/f28816bfedb13d1c_w21.png,f28816bfedb13d1c,21,Field,Noise
train/noise/f28816bfedb13d1c_w25.png,f28816bfedb13d1c,25,Field,Noise
train/noise/f291bc9f92c19288_w00.png,f291bc9f92c19288,0,Field,Noise
train/noise/f291bc9f92c19288_w03.png,f291bc9f92c19288,3,Field,Noise
train/noise/f291bc9f92c19288_w06.png,f291bc9f92c19288,6,Field,Noise
train/noise/f291bc9f92c19288_w08.png,f291bc9f92c19288,8,Field,Noise
train/noise/f291bc9f92c19288_w09.png,f291bc9f92c19288,9,Field,Noise
train/noise/f291bc9f92c19288_w23.png,f291bc9f92c19288,23,Field,Noise
train/noise/f291bc9f92c19288_w24.png,f291bc9f92c19288,24,Field,Noise
train/noise/f291bc9f92c19288_w25.png,f291bc9f92c19288,25,Field,Noise
train/noise/f2b8bf30772a3c15_w12.png,f2b8bf30772a3c15,12,Lab,Noise
train/noise/f2b8bf30772a3c15_w13.png,f2b8bf30772a3c15,13,Lab,Noise
train/noise/f2b8bf30772a3c15_w15.png,f2b8bf30772a3c15,15,Lab,Noise
train/noise/f2b8bf30772a3c15_w17.png,f2b8bf30772a3c15,17,Lab,Noise
train/noise/f2b8bf30772a3c15_w18.png,f2b8bf30772a3c15,18,Lab,Noise
train/noise/f2b8bf30772a3c15_w21.png,f2b8bf30772a3c15,21,Lab,Noise
train/noise/f2b8bf30772a3c15_w23.png,f2b8bf30772a3c15,23,Lab,Noise
train/noise/f2b8bf30772a3c15_w27.png,f2b8bf30772a3c15,27,Lab,Noise
train/noise/f2e770f70dd3735f_w00.png,f2e770f70dd3735f,0,Field,Noise
train/noise/f2e770f70dd3735f_w05.png,f2e770f70dd3735f,5,Field,Noise
train/noise/f2e770f70dd3735f_w12.png,f2e770f70dd3735f,12,Field,Noise
train/noise/f2e770f70dd3735f_w18.png,f2e770f70dd3735f,18,Field,Noise
train/noise/f2e770f70dd3735f_w20.png,f2e770f70dd3735f,20,Field,Noise
train/noise/f2e770f70dd3735f_w23.png,f2e770f70dd3735f,23,Field,Noise
train/noise/f2e770f70dd3735f_w26.png,f2e770f70dd3735f,26,Field,Noise
train/noise/f2e770f70dd3735f_w27.png,f2e770f70dd3735f,27,Field,Noise
train/noise/f30571af8d2c13cb_w00.png,f30571af8d2c13cb,0,Field,Noise
train/noise/f30571af8d2c13cb_w03.png,f30571af8d2c13cb,3,Field,Noise
train/noise/f30571af8d2c13cb_w05.png,f30571af8d2c13cb,5,Field,Noise
train/noise/f30571af8d2c13cb_w07.png,f30571af8d2c13cb,7,Field,Noise
train/noise/f30571af8d2c13cb_w08.png,f30571af8d2c13cb,8,Field,Noise
train/noise/f30571af8d2c13cb_w18.png,f30571af8d2c13cb,18,Field,Noise
train/noise/f30571af8d2c13cb_w19.png,f30571af8d2c13cb,19,Field,Noise
train/noise/f30571af8d2c13cb_w23.png,f30571af8d2c13cb,23,Field,Noise
train/noise/f32da6ad5b9080e1_w03.png,f32da6ad5b9080e1,3,Field,Noise
train/noise/f32da6ad5b9080e1_w09.png,f32da6ad5b9080e1,9,Field,Noise
train/noise/f32da6ad5b9080e1_w10.png,f32da6ad5b9080e1,10,Field,Noise
train/noise/f32da6ad5b9080e1_w11.png,f32da6ad5b9080e1,11,Field,Noise
train/noise/f32da6ad5b9080e1_w18.png,f32da6ad5b9080e1,18,Field,Noise
train/noise/f32da6ad5b9080e1_w22.png,f32da6ad5b9080e1,22,Field,Noise
train/noise/f32da6ad5b9080e1_w25.png,f32da6ad5b9080e1,25,Field,Noise
train/noise/f32da6ad5b9080e1_w26.png,f32da6ad5b9080e1,26,Field,Noise
train/noise/f376fda8b7389c01_w04.png,f376fda8b7389c01,4,Field,Noise
train/noise/f376fda8b7389c01_w10.png,f376fda8b7389c01,10,Field,Noise
train/noise/f376fda8b7389c01_w13.png,f376fda8b7389c01,13,Field,Noise
train/noise/f376fda8b7389c01_w15.png,f376fda8b7389c01,15,Field,Noise
train/noise/f376fda8b7389c01_w20.png,f376fda8b7389c01,20,Field,Noise
train/noise/f376fda8b7389c01_w22.png,f376fda8b7389c01,22,Field,Noise
train/noise/f376fda8b7389c01_w24.png,f376fda8b7389c01,24,Field,Noise
train/noise/f376fda8b7389c01_w26.png,f376fda8b7389c01,26,Field,Noise
train/noise/f38e7840ba69f43f_w01.png,f38e7840ba69f43f,1,Field,Noise
train/noise/f38e7840ba69f43f_w13.png,f38e7840ba69f43f,13,Field,Noise
train/noise/f38e7840ba69f43f_w14.png,f38e7840ba69f43f,14,Field,Noise
train/noise/f38e7840ba69f43f_w16.png,f38e7840ba69f43f,16,Field,Noise
train/noise/f38e7840ba69f43f_w19.png,f38e7840ba69f43f,19,Field,Noise
train/noise/f38e7840ba69f43f_w21.png,f38e7840ba69f43f,21,Field,Noise
train/noise/f38e7840ba69f43f_w22.png,f38e7840ba69f43f,22,Field,Noise
train/noise/f38e7840ba69f43f_w25.png,f38e7840ba69f43f,25,Field,Noise
train/noise/f3a37a5d9d270c7e_w00.png,f3a37a5d9d270c7e,0,Field,Noise
train/noise/f3a37a5d9d270c7e_w02.png,f3a37a5d9d270c7e,2,Field,Noise
train/noise/f3a37a5d9d270c7e_w04.png,f3a37a5d9d270c7e,4,Field,Noise
train/noise/f3a37a5d9d270c7e_w09.png,f3a37a5d9d270c7e,9,Field,Noise
train/noise/f3a37a5d9d270c7e_w17.png,f3a37a5d9d270c7e,17,Field,Noise
train/noise/f3a37a5d9d270c7e_w21.png,f3a37a5d9d270c7e,21,Field,Noise
train/noise/f3a37a5d9d270c7e_w24.png,f3a37a5d9d270c7e,24,Field,Noise
train/noise/f3a37a5d9d270c7e_w27.png,f3a37a5d9d270c7e,27,Field,Noise
train/noise/f3aa491a7e84fec2_w03.png,f3aa491a7e84fec2,3,Field,Noise
train/noise/f3aa491a7e84fec2_w04.png,f3aa491a7e84fec2,4,Field,Noise
train/noise/f3aa491a7e84fec2_w08.png,f3aa491a7e84fec2,8,Field,Noise
train/noise/f3aa491a7e84fec2_w09.png,f3aa491a7e84fec2,9,Field,Noise
train/noise/f3aa491a7e84fec2_w17.png,f3aa491a7e84fec2,17,Field,Noise
train/noise/f3aa491a7e84fec2_w18.png,f3aa491a7e84fec2,18,Field,Noise
train/noise/f3aa491a7e84fec2_w19.png,f3aa491a7e84fec2,19,Field,Noise
train/noise/f3aa491a7e84fec2_w26.png,f3aa491a7e84fec2,26,Field,Noise
train/noise/f3ee241b66c51f5f_w01.png,f3ee241b66c51f5f,1,Field,Noise
train/noise/f3ee241b66c51f5f_w02.png,f3ee241b66c51f5f,2,Field,Noise
train/noise/f3ee241b66c51f5f_w06.png,f3ee241b66c51f5f,6,Field,Noise
train/noise/f3ee241b66c51f5f_w07.png,f3ee241b66c51f5f,7,Field,Noise
train/noise/f3ee241b66c51f5f_w08.png,f3ee241b66c51f5f,8,Field,Noise
train/noise/f3ee241b66c51f5f_w10.png,f3ee241b66c51f5f,10,Field,Noise
train/noise/f3ee241b66c51f5f_w16.png,f3ee241b66c51f5f,16,Field,Noise
train/noise/f3ee241b66c51f5f_w24.png,f3ee241b66c51f5f,24,Field,Noise
train/noise/f425f910aac2105b_w00.png,f425f910aac2105b,0,Field,Noise
train/noise/f425f910aac2105b_w07.png,f425f910aac2105b,7,Field,Noise
train/noise/f425f910aac2105b_w09.png,f425f910aac2105b,9,Field,Noise
train/noise/f425f910aac2105b_w12.png,f425f910aac2105b,12,Field,Noise
train/noise/f425f910aac2105b_w14.png,f425f910aac2105b,14,Field,Noise
train/noise/f425f910aac2105b_w19.png,f425f910aac2105b,19,Field,Noise
train/noise/f425f910aac2105b_w23.png,f425f910aac2105b,23,Field,Noise
train/noise/f425f910aac2105b_w24.png,f425f910aac2105b,24,Field,Noise
train/noise/f429813534832f0d_w03.png,f429813534832f0d,3,Field,Noise
train/noise/f429813534832f0d_w05.png,f429813534832f0d,5,Field,Noise
train/noise/f429813534832f0d_w09.png,f429813534832f0d,9,Field,Noise
train/noise/f429813534832f0d_w10.png,f429813534832f0d,10,Field,Noise
train/noise/f429813534832f0d_w14.png,f429813534832f0d,14,Field,Noise
train/noise/f429813534832f0d_w25.png,f429813534832f0d,25,Field,Noise
train/noise/f429813534832f0d_w26.png,f429813534832f0d,26,Field,Noise
train/noise/f429813534832f0d_w27.png,f429813534832f0d,27,Field,Noise
train/noise/f47e8daf6678a080_w01.png,f47e8daf6678a080,1,Field,Noise
train/noise/f47e8daf6678a080_w02.png,f47e8daf6678a080,2,Field,Noise
train/noise/f47e8daf6678a080_w08.png,f47e8daf6678a080,8,Field,Noise
train/noise/f47e8daf6678a080_w12.png,f47e8daf6678a080,12,Field,Noise
train/noise/f47e8daf6678a080_w13.png,f47e8daf6678a080,13,Field,Noise
train/noise/f47e8daf6678a080_w17.png,f47e8daf6678a080,17,Field,Noise
train/noise/f47e8daf6678a080_w19.png,f47e8daf6678a080,19,Field,Noise
train/noise/f47e8daf6678a080_w21.png,f47e8daf6678a080,21,Field,Noise
train/noise/f47eeecc39250abf_w04.png,f47eeecc39250abf,4,Field,Noise
train/noise/f47eeecc39250abf_w06.png,f47eeecc39250abf,6,Field,Noise
train/noise/f47eeecc39250abf_w15.png,f47eeecc39250abf,15,Field,Noise
train/noise/f47eeecc39250abf_w19.png,f47eeecc39250abf,19,Field,Noise
train/noise/f47eeecc39250abf_w20.png,f47eeecc39250abf,20,Field,Noise
train/noise/f47eeecc39250abf_w21.png,f47eeecc39250abf,21,Field,Noise
train/noise/f47eeecc39250abf_w24.png,f47eeecc39250abf,24,Field,Noise
train/noise/f47eeecc39250abf_w26.png,f47eeecc39250abf,26,Field,Noise
train/noise/f4a7c56d0afc59dc_w00.png,f4a7c56d0afc59dc,0,Field,Noise
train/noise/f4a7c56d0afc59dc_w03.png,f4a7c56d0afc59dc,3,Field,Noise
train/noise/f4a7c56d0afc59dc_w04.png,f4a7c56d0afc59dc,4,Field,Noise
train/noise/f4a7c56d0afc59dc_w07.png,f4a7c56d0afc59dc,7,Field,Noise
train/noise/f4a7c56d0afc59dc_w10.png,f4a7c56d0afc59dc,10,Field,Noise
train/noise/f4a7c56d0afc59dc_w13.png,f4a7c56d0afc59dc,13,Field,Noise
train/noise/f4a7c56d0afc59dc_w24.png,f4a7c56d0afc59dc,24,Field,Noise
train/noise/f4a7c56d0afc59dc_w27.png,f4a7c56d0afc59dc,27,Field,Noise
train/noise/f60bff5382df6785_w02.png,f60bff5382df6785,2,Field,Noise
train/noise/f60bff5382df6785_w05.png,f60bff5382df6785,5,Field,Noise
train/noise/f60bff5382df6785_w09.png,f60bff5382df6785,9,Field,Noise
train/noise/f60bff5382df6785_w14.png,f60bff5382df6785,14,Field,Noise
train/noise/f60bff5382df6785_w16.png,f60bff5382df6785,16,Field,Noise
train/noise/f60bff5382df6785_w19.png,f60bff5382df6785,19,Field,Noise
train/noise/f60bff5382df6785_w21.png,f60bff5382df6785,21,Field,Noise
train/noise/f60bff5382df6785_w27.png,f60bff5382df6785,27,Field,Noise
train/noise/f640277a4906031d_w03.png,f640277a4906031d,3,Field,Noise
train/noise/f640277a4906031d_w06.png,f640277a4906031d,6,Field,Noise
train/noise/f640277a4906031d_w11.png,f640277a4906031d,11,Field,Noise
train/noise/f640277a4906031d_w15.png,f640277a4906031d,15,Field,Noise
train/noise/f640277a4906031d_w16.png,f640277a4906031d,16,Field,Noise
train/noise/f640277a4906031d_w18.png,f640277a4906031d,18,Field,Noise
train/noise/f640277a4906031d_w25.png,f640277a4906031d,25,Field,Noise
train/noise/f640277a4906031d_w26.png,f640277a4906031d,26,Field,Noise
train/noise/f7376060044fad58_w03.png,f7376060044fad58,3,Field,Noise
train/noise/f7376060044fad58_w06.png,f7376060044fad58,6,Field,Noise
train/noise/f7376060044fad58_w09.png,f7376060044fad58,9,Field,Noise
train/noise/f7376060044fad58_w13.png,f7376060044fad58,13,Field,Noise
train/noise/f7376060044fad58_w14.png,f7376060044fad58,14,Field,Noise
train/noise/f7376060044fad58_w16.png,f7376060044fad58,16,Field,Noise
train/noise/f7376060044fad58_w19.png,f7376060044fad58,19,Field,Noise
train/noise/f7376060044fad58_w22.png,f7376060044fad58,22,Field,Noise
train/noise/f7c6ae21894a2e0c_w00.png,f7c6ae21894a2e0c,0,Field,Noise
train/noise/f7c6ae21894a2e0c_w04.png,f7c6ae21894a2e0c,4,Field,Noise
train/noise/f7c6ae21894a2e0c_w14.png,f7c6ae21894a2e0c,14,Field,Noise
train/noise/f7c6ae21894a2e0c_w19.png,f7c6ae21894a2e0c,19,Field,Noise
train/noise/f7c6ae21894a2e0c_w21.png,f7c6ae21894a2e0c,21,Field,Noise
train/noise/f7c6ae21894a2e0c_w22.png,f7c6ae21894a2e0c,22,Field,Noise
train/noise/f7c6ae21894a2e0c_w25.png,f7c6ae21894a2e0c,25,Field,Noise
train/noise/f7c6ae21894a2e0c_w27.png,f7c6ae21894a2e0c,27,Field,Noise
train/noise/f7cd115baa2d0e2c_w04.png,f7cd115baa2d0e2c,4,Field,Noise
train/noise/f7cd115baa2d0e2c_w05.png,f7cd115baa2d0e2c,5,Field,Noise
train/noise/f7cd115baa2d0e2c_w09.png,f7cd115baa2d0e2c,9,Field,Noise
train/noise/f7cd115baa2d0e2c_w10.png,f7cd115baa2d0e2c,10,Field,Noise
train/noise/f7cd115baa2d0e2c_w17.png,f7cd115baa2d0e2c,17,Field,Noise
train/noise/f7cd115baa2d0e2c_w18.png,f7cd115baa2d0e2c,18,Field,Noise
train/noise/f7cd115baa2d0e2c_w24.png,f7cd115baa2d0e2c,24,Field,Noise
train/noise/f7cd115baa2d0e2c_w25.png,f7cd115baa2d0e2c,25,Field,Noise
train/noise/f83f91737d315a8f_w03.png,f83f91737d315a8f,3,Lab,Noise
train/noise/f83f91737d315a8f_w08.png,f83f91737d315a8f,8,Lab,Noise
train/noise/f83f91737d315a8f_w10.png,f83f91737d315a8f,10,Lab,Noise
train/noise/f83f91737d315a8f_w12.png,f83f91737d315a8f,12,Lab,Noise
train/noise/f83f91737d315a8f_w20.png,f83f91737d315a8f,20,Lab,Noise
train/noise/f83f91737d315a8f_w22.png,f83f91737d315a8f,22,Lab,Noise
train/noise/f83f91737d315a8f_w23.png,f83f91737d315a8f,23,Lab,Noise
train/noise/f83f91737d315a8f_w27.png,f83f91737d315a8f,27,Lab,Noise
train/noise/f8886faf6ae5e41e_w01.png,f8886faf6ae5e41e,1,Field,Noise
train/noise/f8886faf6ae5e41e_w05.png,f8886faf6ae5e41e,5,Field,Noise
train/noise/f8886faf6ae5e41e_w09.png,f8886faf6ae5e41e,9,Field,Noise
train/noise/f8886faf6ae5e41e_w10.png,f8886faf6ae5e41e,10,Field,Noise
train/noise/f8886faf6ae5e41e_w12.png,f8886faf6ae5e41e,12,Field,Noise
train/noise/f8886faf6ae5e41e_w15.png,f8886faf6ae5e41e,15,Field,Noise
train/noise/f8886faf6ae5e41e_w19.png,f8886faf6ae5e41e,19,Field,Noise
train/noise/f8886faf6ae5e41e_w22.png,f8886faf6ae5e41e,22,Field,Noise
train/noise/f8b983aa5610165b_w01.png,f8b983aa5610165b,1,Field,Noise
train/noise/f8b983aa5610165b_w04.png,f8b983aa5610165b,4,Field,Noise
train/noise/f8b983aa5610165b_w12.png,f8b983aa5610165b,12,Field,Noise
train/noise/f8b983aa5610165b_w13.png,f8b983aa5610165b,13,Field,Noise
train/noise/f8b983aa5610165b_w15.png,f8b983aa5610165b,15,Field,Noise
train/noise/f8b983aa5610165b_w22.png,f8b983aa5610165b,22,Field,Noise
train/noise/f8b983aa5610165b_w23.png,f8b983aa5610165b,23,Field,Noise
train/noise/f8b983aa5610165b_w27.png,f8b983aa5610165b,27,Field,Noise
train/noise/f9b3cb4e1c7c339b_w00.png,f9b3cb4e1c7c339b,0,Field,Noise
train/noise/f9b3cb4e1c7c339b_w06.png,f9b3cb4e1c7c339b,6,Field,Noise
train/noise/f9b3cb4e1c7c339b_w09.png,f9b3cb4e1c7c339b,9,Field,Noise
train/noise/f9b3cb4e1c7c339b_w14.png,f9b3cb4e1c7c339b,14,Field,Noise
train/noise/f9b3cb4e1c7c339b_w21.png,f9b3cb4e1c7c339b,21,Field,Noise
train/noise/f9b3cb4e1c7c339b_w22.png,f9b3cb4e1c7c339b,22,Field,Noise
train/noise/f9b3cb4e1c7c339b_w23.png,f9b3cb4e1c7c339b,23,Field,Noise
train/noise/f9b3cb4e1c7c339b_w24.png,f9b3cb4e1c7c339b,24,Field,Noise
train/noise/f9def65566de470d_w02.png,f9def65566de470d,2,Field,Noise
train/noise/f9def65566de470d_w09.png,f9def65566de470d,9,Field,Noise
train/noise/f9def65566de470d_w10.png,f9def65566de470d,10,Field,Noise
train/noise/f9def65566de470d_w12.png,f9def65566de470d,12,Field,Noise
train/noise/f9def65566de470d_w13.png,f9def65566de470d,13,Field,Noise
train/noise/f9def65566de470d_w15.png,f9def65566de470d,15,Field,Noise
train/noise/f9def65566de470d_w17.png,f9def65566de470d,17,Field,Noise
train/noise/f9def65566de470d_w21.png,f9def65566de470d,21,Field,Noise
train/noise/fa4187ce20350b9a_w00.png,fa4187ce20350b9a,0,Field,Noise
train/noise/fa4187ce20350b9a_w04.png,fa4187ce20350b9a,4,Field,Noise
train/noise/fa4187ce20350b9a_w20.png,fa4187ce20350b9a,20,Field,Noise
train/noise/fa4187ce20350b9a_w21.png,fa4187ce20350b9a,21,Field,Noise
train/noise/fa4187ce20350b9a_w22.png,fa4187ce20350b9a,22,Field,Noise
train/noise/fa4187ce20350b9a_w23.png,fa4187ce20350b9a,23,Field,Noise
train/noise/fa4187ce20350b9a_w24.png,fa4187ce20350b9a,24,Field,Noise
train/noise/fa4187ce20350b9a_w25.png,fa4187ce20350b9a,25,Field,Noise
train/noise/fab543fdb99f6ea5_w03.png,fab543fdb99f6ea5,3,Field,Noise
train/noise/fab543fdb99f6ea5_w04.png,fab543fdb99f6ea5,4,Field,Noise
train/noise/fab543fdb99f6ea5_w06.png,fab543fdb99f6ea5,6,Field,Noise
train/noise/fab543fdb99f6ea5_w08.png,fab543fdb99f6ea5,8,Field,Noise
train/noise/fab543fdb99f6ea5_w17.png,fab543fdb99f6ea5,17,Field,Noise
train/noise/fab543fdb99f6ea5_w21.png,fab543fdb99f6ea5,21,Field,Noise
train/noise/fab543fdb99f6ea5_w23.png,fab543fdb99f6ea5,23,Field,Noise
train/noise/fab543fdb99f6ea5_w25.png,fab543fdb99f6ea5,25,Field,Noise
train/noise/fb1df535efc5f218_w01.png,fb1df535efc5f218,1,Field,Noise
train/noise/fb1df535efc5f218_w02.png,fb1df535efc5f218,2,Field,Noise
train/noise/fb1df535efc5f218_w09.png,fb1df535efc5f218,9,Field,Noise
train/noise/fb1df535efc5f218_w14.png,fb1df535efc5f218,14,Field,Noise
train/noise/fb1df535efc5f218_w16.png,fb1df535efc5f218,16,Field,Noise
train/noise/fb1df535efc5f218_w19.png,fb1df535efc5f218,19,Field,Noise
train/noise/fb1df535efc5f218_w26.png,fb1df535efc5f218,26,Field,Noise
train/noise/fb1df535efc5f218_w27.png,fb1df535efc5f218,27,Field,Noise
train/noise/fb2137fc20d5b728_w01.png,fb2137fc20d5b728,1,Field,Noise
train/noise/fb2137fc20d5b728_w02.png,fb2137fc20d5b728,2,Field,Noise
train/noise/fb2137fc20d5b728_w06.png,fb2137fc20d5b728,6,Field,Noise
train/noise/fb2137fc20d5b728_w14.png,fb2137fc20d5b728,14,Field,Noise
train/noise/fb2137fc20d5b728_w21.png,fb2137fc20d5b728,21,Field,Noise
train/noise/fb2137fc20d5b728_w23.png,fb2137fc20d5b728,23,Field,Noise
train/noise/fb2137fc20d5b728_w24.png,fb2137fc20d5b728,24,Field,Noise
train/noise/fb2137fc20d5b728_w25.png,fb2137fc20d5b728,25,Field,Noise
train/noise/fb3e6f2854a974f1_w04.png,fb3e6f2854a974f1,4,Field,Noise
train/noise/fb3e6f2854a974f1_w07.png,fb3e6f2854a974f1,7,Field,Noise
train/noise/fb3e6f2854a974f1_w11.png,fb3e6f2854a974f1,11,Field,Noise
train/noise/fb3e6f2854a974f1_w12.png,fb3e6f2854a974f1,12,Field,Noise
train/noise/fb3e6f2854a974f1_w13.png,fb3e6f2854a974f1,13,Field,Noise
train/noise/fb3e6f2854a974f1_w16.png,fb3e6f2854a974f1,16,Field,Noise
train/noise/fb3e6f2854a974f1_w25.png,fb3e6f2854a974f1,25,Field,Noise
train/noise/fb3e6f2854a974f1_w26.png,fb3e6f2854a974f1,26,Field,Noise
train/noise/fc2dbfc79eb8c82d_w00.png,fc2dbfc79eb8c82d,0,Field,Noise
train/noise/fc2dbfc79eb8c82d_w02.png,fc2dbfc79eb8c82d,2,Field,Noise
train/noise/fc2dbfc79eb8c82d_w03.png,fc2dbfc79eb8c82d,3,Field,Noise
train/noise/fc2dbfc79eb8c82d_w13.png,fc2dbfc79eb8c82d,13,Field,Noise
train/noise/fc2dbfc79eb8c82d_w15.png,fc2dbfc79eb8c82d,15,Field,Noise
train/noise/fc2dbfc79eb8c82d_w18.png,fc2dbfc79eb8c82d,18,Field,Noise
train/noise/fc2dbfc79eb8c82d_w20.png,fc2dbfc79eb8c82d,20,Field,Noise
train/noise/fc2dbfc79eb8c82d_w25.png,fc2dbfc79eb8c82d,25,Field,Noise
train/noise/fc3f48a8102c18e1_w03.png,fc3f48a8102c18e1,3,Field,Noise
train/noise/fc3f48a8102c18e1_w07.png,fc3f48a8102c18e1,7,Field,Noise
train/noise/fc3f48a8102c18e1_w09.png,fc3f48a8102c18e1,9,Field,Noise
train/noise/fc3f48a8102c18e1_w11.png,fc3f48a8102c18e1,11,Field,Noise
train/noise/fc3f48a8102c18e1_w13.png,fc3f48a8102c18e1,13,Field,Noise
train/noise/fc3f48a8102c18e1_w15.png,fc3f48a8102c18e1,15,Field,Noise
train/noise/fc3f48a8102c18e1_w19.png,fc3f48a8102c18e1,19,Field,Noise
train/noise/fc3f48a8102c18e1_w22.png,fc3f48a8102c18e1,22,Field,Noise
train/noise/fc4d392f0514ce88_w01.png,fc4d392f0514ce88,1,Field,Noise
train/noise/fc4d392f0514ce88_w03.png,fc4d392f0514ce88,3,Field,Noise
train/noise/fc4d392f0514ce88_w05.png,fc4d392f0514ce88,5,Field,Noise
train/noise/fc4d392f0514ce88_w08.png,fc4d392f0514ce88,8,Field,Noise
train/noise/fc4d392f0514ce88_w11.png,fc4d392f0514ce88,11,Field,Noise
train/noise/fc4d392f0514ce88_w12.png,fc4d392f0514ce88,12,Field,Noise
train/noise/fc4d392f0514ce88_w14.png,fc4d392f0514ce88,14,Field,Noise
train/noise/fc4d392f0514ce88_w27.png,fc4d392f0514ce88,27,Field,Noise
train/noise/fc6a776cad5bcd1d_w00.png,fc6a776cad5bcd1d,0,Field,Noise
train/noise/fc6a776cad5bcd1d_w15.png,fc6a776cad5bcd1d,15,Field,Noise
train/noise/fc6a776cad5bcd1d_w18.png,fc6a776cad5bcd1d,18,Field,Noise
train/noise/fc6a776cad5bcd1d_w20.png,fc6a776cad5bcd1d,20,Field,Noise
train/noise/fc6a776cad5bcd1d_w23.png,fc6a776cad5bcd1d,23,Field,Noise
train/noise/fc6a776cad5bcd1d_w24.png,fc6a776cad5bcd1d,24,Field,Noise
train/noise/fc6a776cad5bcd1d_w25.png,fc6a776cad5bcd1d,25,Field,Noise
train/noise/fc6a776cad5bcd1d_w26.png,fc6a776cad5bcd1d,26,Field,Noise
train/noise/fc6c104a908d5c20_w01.png,fc6c104a908d5c20,1,Field,Noise
train/noise/fc6c104a908d5c20_w07.png,fc6c104a908d5c20,7,Field,Noise
train/noise/fc6c104a908d5c20_w08.png,fc6c104a908d5c20,8,Field,Noise
train/noise/fc6c104a908d5c20_w17.png,fc6c104a908d5c20,17,Field,Noise
train/noise/fc6c104a908d5c20_w19.png,fc6c104a908d5c20,19,Field,Noise
train/noise/fc6c104a908d5c20_w21.png,fc6c104a908d5c20,21,Field,Noise
train/noise/fc6c104a908d5c20_w22.png,fc6c104a908d5c20,22,Field,Noise
train/noise/fc6c104a908d5c20_w27.png,fc6c104a908d5c20,27,Field,Noise
train/noise/fc9acf20e18bf9a7_w03.png,fc9acf20e18bf9a7,3,Field,Noise
train/noise/fc9acf20e18bf9a7_w05.png,fc9acf20e18bf9a7,5,Field,Noise
train/noise/fc9acf20e18bf9a7_w07.png,fc9acf20e18bf9a7,7,Field,Noise
train/noise/fc9acf20e18bf9a7_w10.png,fc9acf20e18bf9a7,10,Field,Noise
train/noise/fc9acf20e18bf9a7_w12.png,fc9acf20e18bf9a7,12,Field,Noise
train/noise/fc9acf20e18bf9a7_w13.png,fc9acf20e18bf9a7,13,Field,Noise
train/noise/fc9acf20e18bf9a7_w17.png,fc9acf20e18bf9a7,17,Field,Noise
train/noise/fc9acf20e18bf9a7_w26.png,fc9acf20e18bf9a7,26,Field,Noise
train/noise/fcdfea32e7a88a5b_w01.png,fcdfea32e7a88a5b,1,Field,Noise
train/noise/fcdfea32e7a88a5b_w03.png,fcdfea32e7a88a5b,3,Field,Noise
train/noise/fcdfea32e7a88a5b_w04.png,fcdfea32e7a88a5b,4,Field,Noise
train/noise/fcdfea32e7a88a5b_w05.png,fcdfea32e7a88a5b,5,Field,Noise
train/noise/fcdfea32e7a88a5b_w06.png,fcdfea32e7a88a5b,6,Field,Noise
train/noise/fcdfea32e7a88a5b_w15.png,fcdfea32e7a88a5b,15,Field,Noise
train/noise/fcdfea32e7a88a5b_w25.png,fcdfea32e7a88a5b,25,Field,Noise
train/noise/fcdfea32e7a88a5b_w27.png,fcdfea32e7a88a5b,27,Field,Noise
train/noise/fd0c20927031e645_w01.png,fd0c20927031e645,1,Field,Noise
train/noise/fd0c20927031e645_w04.png,fd0c20927031e645,4,Field,Noise
train/noise/fd0c20927031e645_w06.png,fd0c20927031e645,6,Field,Noise
train/noise/fd0c20927031e645_w11.png,fd0c20927031e645,11,Field,Noise
train/noise/fd0c20927031e645_w13.png,fd0c20927031e645,13,Field,Noise
train/noise/fd0c20927031e645_w23.png,fd0c20927031e645,23,Field,Noise
train/noise/fd0c20927031e645_w24.png,fd0c20927031e645,24,Field,Noise
train/noise/fd0c20927031e645_w25.png,fd0c20927031e645,25,Field,Noise
train/noise/fd1a74bfbfb9e3c3_w04.png,fd1a74bfbfb9e3c3,4,Field,Noise
train/noise/fd1a74bfbfb9e3c3_w10.png,fd1a74bfbfb9e3c3,10,Field,Noise
train/noise/fd1a74bfbfb9e3c3_w12.png,fd1a74bfbfb9e3c3,12,Field,Noise
train/noise/fd1a74bfbfb9e3c3_w14.png,fd1a74bfbfb9e3c3,14,Field,Noise
train/noise/fd1a74bfbfb9e3c3_w16.png,fd1a74bfbfb9e3c3,16,Field,Noise
train/noise/fd1a74bfbfb9e3c3_w20.png,fd1a74bfbfb9e3c3,20,Field,Noise
train/noise/fd1a74bfbfb9e3c3_w25.png,fd1a74bfbfb9e3c3,25,Field,Noise
train/noise/fd1a74bfbfb9e3c3_w27.png,fd1a74bfbfb9e3c3,27,Field,Noise
train/noise/fdc7cbcedbea7755_w06.png,fdc7cbcedbea7755,6,Lab,Noise
train/noise/fdc7cbcedbea7755_w07.png,fdc7cbcedbea7755,7,Lab,Noise
train/noise/fdc7cbcedbea7755_w08.png,fdc7cbcedbea7755,8,Lab,Noise
train/noise/fdc7cbcedbea7755_w10.png,fdc7cbcedbea7755,10,Lab,Noise
train/noise/fdc7cbcedbea7755_w11.png,fdc7cbcedbea7755,11,Lab,Noise
train/noise/fdc7cbcedbea7755_w12.png,fdc7cbcedbea7755,12,Lab,Noise
train/noise/fdc7cbcedbea7755_w18.png,fdc7cbcedbea7755,18,Lab,Noise
train/noise/fdc7cbcedbea7755_w21.png,fdc7cbcedbea7755,21,Lab,Noise
train/noise/fddc90ee481e96d6_w02.png,fddc90ee481e96d6,2,Field,Noise
train/noise/fddc90ee481e96d6_w03.png,fddc90ee481e96d6,3,Field,Noise
train/noise/fddc90ee481e96d6_w06.png,fddc90ee481e96d6,6,Field,Noise
train/noise/fddc90ee481e96d6_w08.png,fddc90ee481e96d6,8,Field,Noise
train/noise/fddc90ee481e96d6_w19.png,fddc90ee481e96d6,19,Field,Noise
train/noise/fddc90ee481e96d6_w24.png,fddc90ee481e96d6,24,Field,Noise
train/noise/fddc90ee481e96d6_w26.png,fddc90ee481e96d6,26,Field,Noise
train/noise/fddc90ee481e96d6_w27.png,fddc90ee481e96d6,27,Field,Noise
train/noise/fddd0f72517c3278_w00.png,fddd0f72517c3278,0,Field,Noise
train/noise/fddd0f72517c3278_w05.png,fddd0f72517c3278,5,Field,Noise
train/noise/fddd0f72517c3278_w11.png,fddd0f72517c3278,11,Field,Noise
train/noise/fddd0f72517c3278_w12.png,fddd0f72517c3278,12,Field,Noise
train/noise/fddd0f72517c3278_w13.png,fddd0f72517c3278,13,Field,Noise
train/noise/fddd0f72517c3278_w22.png,fddd0f72517c3278,22,Field,Noise
train/noise/fddd0f72517c3278_w24.png,fddd0f72517c3278,24,Field,Noise
train/noise/fddd0f72517c3278_w25.png,fddd0f72517c3278,25,Field,Noise
train/noise/fe3ef3dace813e1f_w01.png,fe3ef3dace813e1f,1,Field,Noise
train/noise/fe3ef3dace813e1f_w05.png,fe3ef3dace813e1f,5,Field,Noise
train/noise/fe3ef3dace813e1f_w10.png,fe3ef3dace813e1f,10,Field,Noise
train/noise/fe3ef3dace813e1f_w13.png,fe3ef3dace813e1f,13,Field,Noise
train/noise/fe3ef3dace813e1f_w16.png,fe3ef3dace813e1f,16,Field,Noise
train/noise/fe3ef3dace813e1f_w17.png,fe3ef3dace813e1f,17,Field,Noise
train/noise/fe3ef3dace813e1f_w20.png,fe3ef3dace813e1f,20,Field,Noise
train/noise/fe3ef3dace813e1f_w27.png,fe3ef3dace813e1f,27,Field,Noise
train/noise/fea4281785ac8036_w01.png,fea4281785ac8036,1,Field,Noise
train/noise/fea4281785ac8036_w04.png,fea4281785ac8036,4,Field,Noise
train/noise/fea4281785ac8036_w09.png,fea4281785ac8036,9,Field,Noise
train/noise/fea4281785ac8036_w14.png,fea4281785ac8036,14,Field,Noise
train/noise/fea4281785ac8036_w16.png,fea4281785ac8036,16,Field,Noise
train/noise/fea4281785ac8036_w20.png,fea4281785ac8036,20,Field,Noise
train/noise/fea4281785ac8036_w25.png,fea4281785ac8036,25,Field,Noise
train/noise/fea4281785ac8036_w27.png,fea4281785ac8036,27,Field,Noise
train/noise/feb4b96a1e408c71_w01.png,feb4b96a1e408c71,1,Field,Noise
train/noise/feb4b96a1e408c71_w02.png,feb4b96a1e408c71,2,Field,Noise
train/noise/feb4b96a1e408c71_w07.png,feb4b96a1e408c71,7,Field,Noise
train/noise/feb4b96a1e408c71_w08.png,feb4b96a1e408c71,8,Field,Noise
train/noise/feb4b96a1e408c71_w09.png,feb4b96a1e408c71,9,Field,Noise
train/noise/feb4b96a1e408c71_w14.png,feb4b96a1e408c71,14,Field,Noise
train/noise/feb4b96a1e408c71_w22.png,feb4b96a1e408c71,22,Field,Noise
train/noise/feb4b96a1e408c71_w26.png,feb4b96a1e408c71,26,Field,Noise
train/noise/feb5ffaab670ae92_w02.png,feb5ffaab670ae92,2,Lab,Noise
train/noise/feb5ffaab670ae92_w05.png,feb5ffaab670ae92,5,Lab,Noise
train/noise/feb5ffaab670ae92_w06.png,feb5ffaab670ae92,6,Lab,Noise
train/noise/feb5ffaab670ae92_w14.png,feb5ffaab670ae92,14,Lab,Noise
train/noise/feb5ffaab670ae92_w19.png,feb5ffaab670ae92,19,Lab,Noise
train/noise/feb5ffaab670ae92_w22.png,feb5ffaab670ae92,22,Lab,Noise
train/noise/feb5ffaab670ae92_w25.png,feb5ffaab670ae92,25,Lab,Noise
train/noise/feb5ffaab670ae92_w26.png,feb5ffaab670ae92,26,Lab,Noise
train/noise/ff2d33d9913e6aa4_w00.png,ff2d33d9913e6aa4,0,Field,Noise
train/noise/ff2d33d9913e6aa4_w01.png,ff2d33d9913e6aa4,1,Field,Noise
train/noise/ff2d33d9913e6aa4_w04.png,ff2d33d9913e6aa4,4,Field,Noise
train/noise/ff2d33d9913e6aa4_w08.png,ff2d33d9913e6aa4,8,Field,Noise
train/noise/ff2d33d9913e6aa4_w13.png,ff2d33d9913e6aa4,13,Field,Noise
train/noise/ff2d33d9913e6aa4_w18.png,ff2d33d9913e6aa4,18,Field,Noise
train/noise/ff2d33d9913e6aa4_w23.png,ff2d33d9913e6aa4,23,Field,Noise
train/noise/ff2d33d9913e6aa4_w27.png,ff2d33d9913e6aa4,27,Field,Noise
train/noise/ff8440744f4a3262_w02.png,ff8440744f4a3262,2,Field,Noise
train/noise/ff8440744f4a3262_w05.png,ff8440744f4a3262,5,Field,Noise
train/noise/ff8440744f4a3262_w07.png,ff8440744f4a3262,7,Field,Noise
train/noise/ff8440744f4a3262_w21.png,ff8440744f4a3262,21,Field,Noise
train/noise/ff8440744f4a3262_w22.png,ff8440744f4a3262,22,Field,Noise
train/noise/ff8440744f4a3262_w25.png,ff8440744f4a3262,25,Field,Noise
train/noise/ff8440744f4a3262_w26.png,ff8440744f4a3262,26,Field,Noise
train/noise/ff8440744f4a3262_w27.png,ff8440744f4a3262,27,Field,Noise
