image_path,sample_id,window_idx,domain,label
train/noise/001568d14bfb264d_w01.png,001568d14bfb264d,1,Field,Noise
train/noise/001568d14bfb264d_w05.png,001568d14bfb264d,5,Field,Noise
train/noise/001568d14bfb264d_w06.png,001568d14bfb264d,6,Field,Noise
train/noise/001568d14bfb264d_w07.png,001568d14bfb264d,7,Field,Noise
train/noise/001568d14bfb264d_w10.png,001568d14bfb264d,10,Field,Noise
train/noise/001568d14bfb264d_w13.png,001568d14bfb264d,13,Field,Noise
train/noise/001568d14bfb264d_w17.png,001568d14bfb264d,17,Field,Noise
train/noise/001568d14bfb264d_w19.png,001568d14bfb264d,19,Field,Noise
train/noise/002471f3fcbacb0f_w05.png,002471f3fcbacb0f,5,Field,Noise
train/noise/002471f3fcbacb0f_w11.png,002471f3fcbacb0f,11,Field,Noise
train/noise/002471f3fcbacb0f_w16.png,002471f3fcbacb0f,16,Field,Noise
train/noise/002471f3fcbacb0f_w18.png,002471f3fcbacb0f,18,Field,Noise
train/noise/002471f3fcbacb0f_w23.png,002471f3fcbacb0f,23,Field,Noise
train/noise/002471f3fcbacb0f_w25.png,002471f3fcbacb0f,25,Field,Noise
train/noise/002471f3fcbacb0f_w26.png,002471f3fcbacb0f,26,Field,Noise
train/noise/002471f3fcbacb0f_w27.png,002471f3fcbacb0f,27,Field,Noise
train/noise/00735a963743eb60_w01.png,00735a963743eb60,1,Field,Noise
train/noise/00735a963743eb60_w02.png,00735a963743eb60,2,Field,Noise
train/noise/00735a963743eb60_w03.png,00735a963743eb60,3,Field,Noise
train/noise/00735a963743eb60_w06.png,00735a963743eb60,6,Field,Noise
train/noise/00735a963743eb60_w10.png,00735a963743eb60,10,Field,Noise
train/noise/00735a963743eb60_w17.png,00735a963743eb60,17,Field,Noise
train/noise/00735a963743eb60_w18.png,00735a963743eb60,18,Field,Noise
train/noise/00735a963743eb60_w23.png,00735a963743eb60,23,Field,Noise
train/noise/00b727195f9c1b69_w00.png,00b727195f9c1b69,0,Field,Noise
train/noise/00b727195f9c1b69_w04.png,00b727195f9c1b69,4,Field,Noise
train/noise/00b727195f9c1b69_w05.png,00b727195f9c1b69,5,Field,Noise
train/noise/00b727195f9c1b69_w08.png,00b727195f9c1b69,8,Field,Noise
train/noise/00b727195f9c1b69_w12.png,00b727195f9c1b69,12,Field,Noise
train/noise/00b727195f9c1b69_w15.png,00b727195f9c1b69,15,Field,Noise
train/noise/00b727195f9c1b69_w16.png,00b727195f9c1b69,16,Field,Noise
train/noise/00b727195f9c1b69_w27.png,00b727195f9c1b69,27,Field,Noise
train/noise/00c5c9534e5b054b_w12.png,00c5c9534e5b054b,12,Field,Noise
train/noise/00c5c9534e5b054b_w14.png,00c5c9534e5b054b,14,Field,Noise
train/noise/00c5c9534e5b054b_w15.png,00c5c9534e5b054b,15,Field,Noise
train/noise/00c5c9534e5b054b_w16.png,00c5c9534e5b054b,16,Field,Noise
train/noise/00c5c9534e5b054b_w20.png,00c5c9534e5b054b,20,Field,Noise
train/noise/00c5c9534e5b054b_w21.png,00c5c9534e5b054b,21,Field,Noise
train/noise/00c5c9534e5b054b_w26.png,00c5c9534e5b054b,26,Field,Noise
train/noise/00c5c9534e5b054b_w27.png,00c5c9534e5b054b,27,Field,Noise
train/noise/00cd084c581944e4_w03.png,00cd084c581944e4,3,Field,Noise
train/noise/00cd084c581944e4_w05.png,00cd084c581944e4,5,Field,Noise
train/noise/00cd084c581944e4_w10.png,00cd084c581944e4,10,Field,Noise
train/noise/00cd084c581944e4_w12.png,00cd084c581944e4,12,Field,Noise
train/noise/00cd084c581944e4_w13.png,00cd084c581944e4,13,Field,Noise
train/noise/00cd084c581944e4_w15.png,00cd084c581944e4,15,Field,Noise
train/noise/00cd084c581944e4_w18.png,00cd084c581944e4,18,Field,Noise
train/noise/00cd084c581944e4_w27.png,00cd084c581944e4,27,Field,Noise
train/noise/00ed5017f66573dc_w07.png,00ed5017f66573dc,7,Field,Noise
train/noise/00ed5017f66573dc_w11.png,00ed5017f66573dc,11,Field,Noise
train/noise/00ed5017f66573dc_w12.png,00ed5017f66573dc,12,Field,Noise
train/noise/00ed5017f66573dc_w13.png,00ed5017f66573dc,13,Field,Noise
train/noise/00ed5017f66573dc_w17.png,00ed5017f66573dc,17,Field,Noise
train/noise/00ed5017f66573dc_w21.png,00ed5017f66573dc,21,Field,Noise
train/noise/00ed5017f66573dc_w24.png,00ed5017f66573dc,24,Field,Noise
train/noise/00ed5017f66573dc_w27.png,00ed5017f66573dc,27,Field,Noise
train/noise/0141913eaea5b3cf_w02.png,0141913eaea5b3cf,2,Lab,Noise
train/noise/0141913eaea5b3cf_w03.png,0141913eaea5b3cf,3,Lab,Noise
train/noise/0141913eaea5b3cf_w11.png,0141913eaea5b3cf,11,Lab,Noise
train/noise/0141913eaea5b3cf_w12.png,0141913eaea5b3cf,12,Lab,Noise
train/noise/0141913eaea5b3cf_w13.png,0141913eaea5b3cf,13,Lab,Noise
train/noise/0141913eaea5b3cf_w14.png,0141913eaea5b3cf,14,Lab,Noise
train/noise/0141913eaea5b3cf_w18.png,0141913eaea5b3cf,18,Lab,Noise
train/noise/0141913eaea5b3cf_w19.png,0141913eaea5b3cf,19,Lab,Noise
train/noise/01d834b201436cc2_w04.png,01d834b201436cc2,4,Field,Noise
train/noise/01d834b201436cc2_w08.png,01d834b201436cc2,8,Field,Noise
train/noise/01d834b201436cc2_w16.png,01d834b201436cc2,16,Field,Noise
train/noise/01d834b201436cc2_w17.png,01d834b201436cc2,17,Field,Noise
train/noise/01d834b201436cc2_w20.png,01d834b201436cc2,20,Field,Noise
train/noise/01d834b201436cc2_w21.png,01d834b201436cc2,21,Field,Noise
train/noise/01d834b201436cc2_w25.png,01d834b201436cc2,25,Field,Noise
train/noise/01d834b201436cc2_w27.png,01d834b201436cc2,27,Field,Noise
train/noise/02ecfd4d87feb9ed_w02.png,02ecfd4d87feb9ed,2,Field,Noise
train/noise/02ecfd4d87feb9ed_w06.png,02ecfd4d87feb9ed,6,Field,Noise
train/noise/02ecfd4d87feb9ed_w07.png,02ecfd4d87feb9ed,7,Field,Noise
train/noise/02ecfd4d87feb9ed_w15.png,02ecfd4d87feb9ed,15,Field,Noise
train/noise/02ecfd4d87feb9ed_w18.png,02ecfd4d87feb9ed,18,Field,Noise
train/noise/02ecfd4d87feb9ed_w19.png,02ecfd4d87feb9ed,19,Field,Noise
train/noise/02ecfd4d87feb9ed_w24.png,02ecfd4d87feb9ed,24,Field,Noise
train/noise/02ecfd4d87feb9ed_w26.png,02ecfd4d87feb9ed,26,Field,Noise
train/noise/02f213ee3eaae262_w03.png,02f213ee3eaae262,3,Field,Noise
train/noise/02f213ee3eaae262_w04.png,02f213ee3eaae262,4,Field,Noise
train/noise/02f213ee3eaae262_w09.png,02f213ee3eaae262,9,Field,Noise
train/noise/02f213ee3eaae262_w10.png,02f213ee3eaae262,10,Field,Noise
train/noise/02f213ee3eaae262_w17.png,02f213ee3eaae262,17,Field,Noise
train/noise/02f213ee3eaae262_w19.png,02f213ee3eaae262,19,Field,Noise
train/noise/02f213ee3eaae262_w26.png,02f213ee3eaae262,26,Field,Noise
train/noise/02f213ee3eaae262_w27.png,02f213ee3eaae262,27,Field,Noise
train/noise/02f4bb7b47ed9639_w06.png,02f4bb7b47ed9639,6,Lab,Noise
train/noise/02f4bb7b47ed9639_w07.png,02f4bb7b47ed9639,7,Lab,Noise
train/noise/02f4bb7b47ed9639_w09.png,02f4bb7b47ed9639,9,Lab,Noise
train/noise/02f4bb7b47ed9639_w14.png,02f4bb7b47ed9639,14,Lab,Noise
train/noise/02f4bb7b47ed9639_w20.png,02f4bb7b47ed9639,20,Lab,Noise
train/noise/02f4bb7b47ed9639_w23.png,02f4bb7b47ed9639,23,Lab,Noise
train/noise/02f4bb7b47ed9639_w24.png,02f4bb7b47ed9639,24,Lab,Noise
train/noise/02f4bb7b47ed9639_w25.png,02f4bb7b47ed9639,25,Lab,Noise
train/noise/033820c1cb6a2e9a_w00.png,033820c1cb6a2e9a,0,Field,Noise
train/noise/033820c1cb6a2e9a_w06.png,033820c1cb6a2e9a,6,Field,Noise
train/noise/033820c1cb6a2e9a_w14.png,033820c1cb6a2e9a,14,Field,Noise
train/noise/033820c1cb6a2e9a_w21.png,033820c1cb6a2e9a,21,Field,Noise
train/noise/033820c1cb6a2e9a_w23.png,033820c1cb6a2e9a,23,Field,Noise
train/noise/033820c1cb6a2e9a_w24.png,033820c1cb6a2e9a,24,Field,Noise
train/noise/033820c1cb6a2e9a_w25.png,033820c1cb6a2e9a,25,Field,Noise
train/noise/033820c1cb6a2e9a_w26.png,033820c1cb6a2e9a,26,Field,Noise
train/noise/034899569be3cb26_w01.png,034899569be3cb26,1,Field,Noise
train/noise/034899569be3cb26_w06.png,034899569be3cb26,6,Field,Noise
train/noise/034899569be3cb26_w08.png,034899569be3cb26,8,Field,Noise
train/noise/034899569be3cb26_w09.png,034899569be3cb26,9,Field,Noise
train/noise/034899569be3cb26_w11.png,034899569be3cb26,11,Field,Noise
train/noise/034899569be3cb26_w13.png,034899569be3cb26,13,Field,Noise
train/noise/034899569be3cb26_w20.png,034899569be3cb26,20,Field,Noise
train/noise/034899569be3cb26_w21.png,034899569be3cb26,21,Field,Noise
train/noise/03751e1c73153b1c_w06.png,03751e1c73153b1c,6,Field,Noise
train/noise/03751e1c73153b1c_w08.png,03751e1c73153b1c,8,Field,Noise
train/noise/03751e1c73153b1c_w10.png,03751e1c73153b1c,10,Field,Noise
train/noise/03751e1c73153b1c_w14.png,03751e1c73153b1c,14,Field,Noise
train/noise/03751e1c73153b1c_w17.png,03751e1c73153b1c,17,Field,Noise
train/noise/03751e1c73153b1c_w20.png,03751e1c73153b1c,20,Field,Noise
train/noise/03751e1c73153b1c_w22.png,03751e1c73153b1c,22,Field,Noise
train/noise/03751e1c73153b1c_w27.png,03751e1c73153b1c,27,Field,Noise
train/noise/039ec3feb4fd4ad2_w00.png,039ec3feb4fd4ad2,0,Field,Noise
train/noise/039ec3feb4fd4ad2_w01.png,039ec3feb4fd4ad2,1,Field,Noise
train/noise/039ec3feb4fd4ad2_w03.png,039ec3feb4fd4ad2,3,Field,Noise
train/noise/039ec3feb4fd4ad2_w10.png,039ec3feb4fd4ad2,10,Field,Noise
train/noise/039ec3feb4fd4ad2_w15.png,039ec3feb4fd4ad2,15,Field,Noise
train/noise/039ec3feb4fd4ad2_w18.png,039ec3feb4fd4ad2,18,Field,Noise
train/noise/039ec3feb4fd4ad2_w21.png,039ec3feb4fd4ad2,21,Field,Noise
train/noise/039ec3feb4fd4ad2_w23.png,039ec3feb4fd4ad2,23,Field,Noise
train/noise/0404f62d0c05083c_w04.png,0404f62d0c05083c,4,Field,Noise
train/noise/0404f62d0c05083c_w05.png,0404f62d0c05083c,5,Field,Noise
train/noise/0404f62d0c05083c_w10.png,0404f62d0c05083c,10,Field,Noise
train/noise/0404f62d0c05083c_w12.png,0404f62d0c05083c,12,Field,Noise
train/noise/0404f62d0c05083c_w13.png,0404f62d0c05083c,13,Field,Noise
train/noise/0404f62d0c05083c_w16.png,0404f62d0c05083c,16,Field,Noise
train/noise/0404f62d0c05083c_w22.png,0404f62d0c05083c,22,Field,Noise
train/noise/0404f62d0c05083c_w26.png,0404f62d0c05083c,26,Field,Noise
train/noise/041ae2cd3f93f54d_w02.png,041ae2cd3f93f54d,2,Field,Noise
train/noise/041ae2cd3f93f54d_w03.png,041ae2cd3f93f54d,3,Field,Noise
train/noise/041ae2cd3f93f54d_w07.png,041ae2cd3f93f54d,7,Field,Noise
train/noise/041ae2cd3f93f54d_w11.png,041ae2cd3f93f54d,11,Field,Noise
train/noise/041ae2cd3f93f54d_w16.png,041ae2cd3f93f54d,16,Field,Noise
train/noise/041ae2cd3f93f54d_w20.png,041ae2cd3f93f54d,20,Field,Noise
train/noise/041ae2cd3f93f54d_w21.png,041ae2cd3f93f54d,21,Field,Noise
train/noise/041ae2cd3f93f54d_w24.png,041ae2cd3f93f54d,24,Field,Noise
train/noise/04302ea872fd9c22_w02.png,04302ea872fd9c22,2,Field,Noise
train/noise/04302ea872fd9c22_w03.png,04302ea872fd9c22,3,Field,Noise
train/noise/04302ea872fd9c22_w05.png,04302ea872fd9c22,5,Field,Noise
train/noise/04302ea872fd9c22_w06.png,04302ea872fd9c22,6,Field,Noise
train/noise/04302ea872fd9c22_w09.png,04302ea872fd9c22,9,Field,Noise
train/noise/04302ea872fd9c22_w20.png,04302ea872fd9c22,20,Field,Noise
train/noise/04302ea872fd9c22_w23.png,04302ea872fd9c22,23,Field,Noise
train/noise/04302ea872fd9c22_w26.png,04302ea872fd9c22,26,Field,Noise
train/noise/0449ec6e0a42eb6c_w03.png,0449ec6e0a42eb6c,3,Field,Noise
train/noise/0449ec6e0a42eb6c_w04.png,0449ec6e0a42eb6c,4,Field,Noise
train/noise/0449ec6e0a42eb6c_w07.png,0449ec6e0a42eb6c,7,Field,Noise
train/noise/0449ec6e0a42eb6c_w08.png,0449ec6e0a42eb6c,8,Field,Noise
train/noise/0449ec6e0a42eb6c_w15.png,0449ec6e0a42eb6c,15,Field,Noise
train/noise/0449ec6e0a42eb6c_w18.png,0449ec6e0a42eb6c,18,Field,Noise
train/noise/0449ec6e0a42eb6c_w21.png,0449ec6e0a42eb6c,21,Field,Noise
train/noise/0449ec6e0a42eb6c_w24.png,0449ec6e0a42eb6c,24,Field,Noise
train/noise/0485a2a024f8d2fc_w00.png,0485a2a024f8d2fc,0,Field,Noise
train/noise/0485a2a024f8d2fc_w03.png,0485a2a024f8d2fc,3,Field,Noise
train/noise/0485a2a024f8d2fc_w06.png,0485a2a024f8d2fc,6,Field,Noise
train/noise/0485a2a024f8d2fc_w09.png,0485a2a024f8d2fc,9,Field,Noise
train/noise/0485a2a024f8d2fc_w16.png,0485a2a024f8d2fc,16,Field,Noise
train/noise/0485a2a024f8d2fc_w17.png,0485a2a024f8d2fc,17,Field,Noise
train/noise/0485a2a024f8d2fc_w21.png,0485a2a024f8d2fc,21,Field,Noise
train/noise/0485a2a024f8d2fc_w22.png,0485a2a024f8d2fc,22,Field,Noise
train/noise/0490210ca168eb67_w00.png,0490210ca168eb67,0,Field,Noise
train/noise/0490210ca168eb67_w02.png,0490210ca168eb67,2,Field,Noise
train/noise/0490210ca168eb67_w10.png,0490210ca168eb67,10,Field,Noise
train/noise/0490210ca168eb67_w11.png,0490210ca168eb67,11,Field,Noise
train/noise/0490210ca168eb67_w14.png,0490210ca168eb67,14,Field,Noise
train/noise/0490210ca168eb67_w15.png,0490210ca168eb67,15,Field,Noise
train/noise/0490210ca168eb67_w16.png,0490210ca168eb67,16,Field,Noise
train/noise/0490210ca168eb67_w18.png,0490210ca168eb67,18,Field,Noise
train/noise/04a3d2a4210f462a_w05.png,04a3d2a4210f462a,5,Field,Noise
train/noise/04a3d2a4210f462a_w07.png,04a3d2a4210f462a,7,Field,Noise
train/noise/04a3d2a4210f462a_w08.png,04a3d2a4210f462a,8,Field,Noise
train/noise/04a3d2a4210f462a_w15.png,04a3d2a4210f462a,15,Field,Noise
train/noise/04a3d2a4210f462a_w16.png,04a3d2a4210f462a,16,Field,Noise
train/noise/04a3d2a4210f462a_w19.png,04a3d2a4210f462a,19,Field,Noise
train/noise/04a3d2a4210f462a_w23.png,04a3d2a4210f462a,23,Field,Noise
train/noise/04a3d2a4210f462a_w24.png,04a3d2a4210f462a,24,Field,Noise
train/noise/04d989413ae82a35_w02.png,04d989413ae82a35,2,Field,Noise
train/noise/04d989413ae82a35_w04.png,04d989413ae82a35,4,Field,Noise
train/noise/04d989413ae82a35_w07.png,04d989413ae82a35,7,Field,Noise
train/noise/04d989413ae82a35_w09.png,04d989413ae82a35,9,Field,Noise
train/noise/04d989413ae82a35_w12.png,04d989413ae82a35,12,Field,Noise
train/noise/04d989413ae82a35_w16.png,04d989413ae82a35,16,Field,Noise
train/noise/04d989413ae82a35_w23.png,04d989413ae82a35,23,Field,Noise
train/noise/04d989413ae82a35_w26.png,04d989413ae82a35,26,Field,Noise
train/noise/050f0fc4f5999a1b_w01.png,050f0fc4f5999a1b,1,Lab,Noise
train/noise/050f0fc4f5999a1b_w05.png,050f0fc4f5999a1b,5,Lab,Noise
train/noise/050f0fc4f5999a1b_w09.png,050f0fc4f5999a1b,9,Lab,Noise
train/noise/050f0fc4f5999a1b_w10.png,050f0fc4f5999a1b,10,Lab,Noise
train/noise/050f0fc4f5999a1b_w11.png,050f0fc4f5999a1b,11,Lab,Noise
train/noise/050f0fc4f5999a1b_w12.png,050f0fc4f5999a1b,12,Lab,Noise
train/noise/050f0fc4f5999a1b_w13.png,050f0fc4f5999a1b,13,Lab,Noise
train/noise/050f0fc4f5999a1b_w20.png,050f0fc4f5999a1b,20,Lab,Noise
train/noise/051c6e9fdc436442_w02.png,051c6e9fdc436442,2,Lab,Noise
train/noise/051c6e9fdc436442_w06.png,051c6e9fdc436442,6,Lab,Noise
train/noise/051c6e9fdc436442_w07.png,051c6e9fdc436442,7,Lab,Noise
train/noise/051c6e9fdc436442_w11.png,051c6e9fdc436442,11,Lab,Noise
train/noise/051c6e9fdc436442_w13.png,051c6e9fdc436442,13,Lab,Noise
train/noise/051c6e9fdc436442_w16.png,051c6e9fdc436442,16,Lab,Noise
train/noise/051c6e9fdc436442_w19.png,051c6e9fdc436442,19,Lab,Noise
train/noise/051c6e9fdc436442_w22.png,051c6e9fdc436442,22,Lab,Noise
train/noise/05454ec1ded87bd2_w02.png,05454ec1ded87bd2,2,Lab,Noise
train/noise/05454ec1ded87bd2_w04.png,05454ec1ded87bd2,4,Lab,Noise
train/noise/05454ec1ded87bd2_w05.png,05454ec1ded87bd2,5,Lab,Noise
train/noise/05454ec1ded87bd2_w08.png,05454ec1ded87bd2,8,Lab,Noise
train/noise/05454ec1ded87bd2_w13.png,05454ec1ded87bd2,13,Lab,Noise
train/noise/05454ec1ded87bd2_w17.png,05454ec1ded87bd2,17,Lab,Noise
train/noise/05454ec1ded87bd2_w22.png,05454ec1ded87bd2,22,Lab,Noise
train/noise/05454ec1ded87bd2_w26.png,05454ec1ded87bd2,26,Lab,Noise
train/noise/05a1bb143abc9243_w00.png,05a1bb143abc9243,0,Field,Noise
train/noise/05a1bb143abc9243_w02.png,05a1bb143abc9243,2,Field,Noise
train/noise/05a1bb143abc9243_w03.png,05a1bb143abc9243,3,Field,Noise
train/noise/05a1bb143abc9243_w16.png,05a1bb143abc9243,16,Field,Noise
train/noise/05a1bb143abc9243_w20.png,05a1bb143abc9243,20,Field,Noise
train/noise/05a1bb143abc9243_w21.png,05a1bb143abc9243,21,Field,Noise
train/noise/05a1bb143abc9243_w24.png,05a1bb143abc9243,24,Field,Noise
train/noise/05a1bb143abc9243_w26.png,05a1bb143abc9243,26,Field,Noise
train/noise/06175ecd890fb7af_w00.png,06175ecd890fb7af,0,Field,Noise
train/noise/06175ecd890fb7af_w01.png,06175ecd890fb7af,1,Field,Noise
train/noise/06175ecd890fb7af_w04.png,06175ecd890fb7af,4,Field,Noise
train/noise/06175ecd890fb7af_w08.png,06175ecd890fb7af,8,Field,Noise
train/noise/06175ecd890fb7af_w10.png,06175ecd890fb7af,10,Field,Noise
train/noise/06175ecd890fb7af_w16.png,06175ecd890fb7af,16,Field,Noise
train/noise/06175ecd890fb7af_w20.png,06175ecd890fb7af,20,Field,Noise
train/noise/06175ecd890fb7af_w21.png,06175ecd890fb7af,21,Field,Noise
train/noise/062d9a217b2c70ae_w06.png,062d9a217b2c70ae,6,Field,Noise
train/noise/062d9a217b2c70ae_w07.png,062d9a217b2c70ae,7,Field,Noise
train/noise/062d9a217b2c70ae_w10.png,062d9a217b2c70ae,10,Field,Noise
train/noise/062d9a217b2c70ae_w11.png,062d9a217b2c70ae,11,Field,Noise
train/noise/062d9a217b2c70ae_w14.png,062d9a217b2c70ae,14,Field,Noise
train/noise/062d9a217b2c70ae_w18.png,062d9a217b2c70ae,18,Field,Noise
train/noise/062d9a217b2c70ae_w21.png,062d9a217b2c70ae,21,Field,Noise
train/noise/062d9a217b2c70ae_w22.png,062d9a217b2c70ae,22,Field,Noise
train/noise/067a7f0a8354e2b1_w00.png,067a7f0a8354e2b1,0,Field,Noise
train/noise/067a7f0a8354e2b1_w04.png,067a7f0a8354e2b1,4,Field,Noise
train/noise/067a7f0a8354e2b1_w14.png,067a7f0a8354e2b1,14,Field,Noise
train/noise/067a7f0a8354e2b1_w15.png,067a7f0a8354e2b1,15,Field,Noise
train/noise/067a7f0a8354e2b1_w16.png,067a7f0a8354e2b1,16,Field,Noise
train/noise/067a7f0a8354e2b1_w18.png,067a7f0a8354e2b1,18,Field,Noise
train/noise/067a7f0a8354e2b1_w20.png,067a7f0a8354e2b1,20,Field,Noise
train/noise/067a7f0a8354e2b1_w27.png,067a7f0a8354e2b1,27,Field,Noise
train/noise/06da8eeede77219d_w01.png,06da8eeede77219d,1,Field,Noise
train/noise/06da8eeede77219d_w05.png,06da8eeede77219d,5,Field,Noise
train/noise/06da8eeede77219d_w06.png,06da8eeede77219d,6,Field,Noise
train/noise/06da8eeede77219d_w13.png,06da8eeede77219d,13,Field,Noise
train/noise/06da8eeede77219d_w15.png,06da8eeede77219d,15,Field,Noise
train/noise/06da8eeede77219d_w17.png,06da8eeede77219d,17,Field,Noise
train/noise/06da8eeede77219d_w20.png,06da8eeede77219d,20,Field,Noise
train/noise/06da8eeede77219d_w25.png,06da8eeede77219d,25,Field,Noise
train/noise/08b1439c42371a4b_w02.png,08b1439c42371a4b,2,Field,Noise
train/noise/08b1439c42371a4b_w08.png,08b1439c42371a4b,8,Field,Noise
train/noise/08b1439c42371a4b_w10.png,08b1439c42371a4b,10,Field,Noise
train/noise/08b1439c42371a4b_w12.png,08b1439c42371a4b,12,Field,Noise
train/noise/08b1439c42371a4b_w16.png,08b1439c42371a4b,16,Field,Noise
train/noise/08b1439c42371a4b_w20.png,08b1439c42371a4b,20,Field,Noise
train/noise/08b1439c42371a4b_w22.png,08b1439c42371a4b,22,Field,Noise
train/noise/08b1439c42371a4b_w26.png,08b1439c42371a4b,26,Field,Noise
train/noise/08c970fab0a8a778_w03.png,08c970fab0a8a778,3,Lab,Noise
train/noise/08c970fab0a8a778_w05.png,08c970fab0a8a778,5,Lab,Noise
train/noise/08c970fab0a8a778_w08.png,08c970fab0a8a778,8,Lab,Noise
train/noise/08c970fab0a8a778_w09.png,08c970fab0a8a778,9,Lab,Noise
train/noise/08c970fab0a8a778_w15.png,08c970fab0a8a778,15,Lab,Noise
train/noise/08c970fab0a8a778_w24.png,08c970fab0a8a778,24,Lab,Noise
train/noise/08c970fab0a8a778_w25.png,08c970fab0a8a778,25,Lab,Noise
train/noise/08c970fab0a8a778_w27.png,08c970fab0a8a778,27,Lab,Noise
train/noise/09786fa8d6e7a506_w07.png,09786fa8d6e7a506,7,Field,Noise
train/noise/09786fa8d6e7a506_w10.png,09786fa8d6e7a506,10,Field,Noise
train/noise/09786fa8d6e7a506_w14.png,09786fa8d6e7a506,14,Field,Noise
train/noise/09786fa8d6e7a506_w15.png,09786fa8d6e7a506,15,Field,Noise
train/noise/09786fa8d6e7a506_w17.png,09786fa8d6e7a506,17,Field,Noise
train/noise/09786fa8d6e7a506_w18.png,09786fa8d6e7a506,18,Field,Noise
train/noise/09786fa8d6e7a506_w23.png,09786fa8d6e7a506,23,Field,Noise
train/noise/09786fa8d6e7a506_w26.png,09786fa8d6e7a506,26,Field,Noise
train/noise/09ae387a65b7509c_w03.png,09ae387a65b7509c,3,Field,Noise
train/noise/09ae387a65b7509c_w05.png,09ae387a65b7509c,5,Field,Noise
train/noise/09ae387a65b7509c_w15.png,09ae387a65b7509c,15,Field,Noise
train/noise/09ae387a65b7509c_w20.png,09ae387a65b7509c,20,Field,Noise
train/noise/09ae387a65b7509c_w21.png,09ae387a65b7509c,21,Field,Noise
train/noise/09ae387a65b7509c_w24.png,09ae387a65b7509c,24,Field,Noise
train/noise/09ae387a65b7509c_w26.png,09ae387a65b7509c,26,Field,Noise
train/noise/09ae387a65b7509c_w27.png,09ae387a65b7509c,27,Field,Noise
train/noise/0a1d17053e6b17f6_w03.png,0a1d17053e6b17f6,3,Lab,Noise
train/noise/0a1d17053e6b17f6_w05.png,0a1d17053e6b17f6,5,Lab,Noise
train/noise/0a1d17053e6b17f6_w07.png,0a1d17053e6b17f6,7,Lab,Noise
train/noise/0a1d17053e6b17f6_w16.png,0a1d17053e6b17f6,16,Lab,Noise
train/noise/0a1d17053e6b17f6_w18.png,0a1d17053e6b17f6,18,Lab,Noise
train/noise/0a1d17053e6b17f6_w21.png,0a1d17053e6b17f6,21,Lab,Noise
train/noise/0a1d17053e6b17f6_w24.png,0a1d17053e6b17f6,24,Lab,Noise
train/noise/0a1d17053e6b17f6_w26.png,0a1d17053e6b17f6,26,Lab,Noise
train/noise/0acd3e3d58b4f272_w04.png,0acd3e3d58b4f272,4,Field,Noise
train/noise/0acd3e3d58b4f272_w05.png,0acd3e3d58b4f272,5,Field,Noise
train/noise/0acd3e3d58b4f272_w08.png,0acd3e3d58b4f272,8,Field,Noise
train/noise/0acd3e3d58b4f272_w09.png,0acd3e3d58b4f272,9,Field,Noise
train/noise/0acd3e3d58b4f272_w13.png,0acd3e3d58b4f272,13,Field,Noise
train/noise/0acd3e3d58b4f272_w19.png,0acd3e3d58b4f272,19,Field,Noise
train/noise/0acd3e3d58b4f272_w20.png,0acd3e3d58b4f272,20,Field,Noise
train/noise/0acd3e3d58b4f272_w21.png,0acd3e3d58b4f272,21,Field,Noise
train/noise/0b0d2c02d539bd29_w04.png,0b0d2c02d539bd29,4,Field,Noise
train/noise/0b0d2c02d539bd29_w06.png,0b0d2c02d539bd29,6,Field,Noise
train/noise/0b0d2c02d539bd29_w07.png,0b0d2c02d539bd29,7,Field,Noise
train/noise/0b0d2c02d539bd29_w08.png,0b0d2c02d539bd29,8,Field,Noise
train/noise/0b0d2c02d539bd29_w09.png,0b0d2c02d539bd29,9,Field,Noise
train/noise/0b0d2c02d539bd29_w13.png,0b0d2c02d539bd29,13,Field,Noise
train/noise/0b0d2c02d539bd29_w24.png,0b0d2c02d539bd29,24,Field,Noise
train/noise/0b0d2c02d539bd29_w25.png,0b0d2c02d539bd29,25,Field,Noise
train/noise/0b0e5bf1047ada9a_w04.png,0b0e5bf1047ada9a,4,Field,Noise
train/noise/0b0e5bf1047ada9a_w08.png,0b0e5bf1047ada9a,8,Field,Noise
train/noise/0b0e5bf1047ada9a_w13.png,0b0e5bf1047ada9a,13,Field,Noise
train/noise/0b0e5bf1047ada9a_w14.png,0b0e5bf1047ada9a,14,Field,Noise
train/noise/0b0e5bf1047ada9a_w15.png,0b0e5bf1047ada9a,15,Field,Noise
train/noise/0b0e5bf1047ada9a_w20.png,0b0e5bf1047ada9a,20,Field,Noise
train/noise/0b0e5bf1047ada9a_w24.png,0b0e5bf1047ada9a,24,Field,Noise
train/noise/0b0e5bf1047ada9a_w25.png,0b0e5bf1047ada9a,25,Field,Noise
train/noise/0b9cf4ddff8bea51_w08.png,0b9cf4ddff8bea51,8,Field,Noise
train/noise/0b9cf4ddff8bea51_w12.png,0b9cf4ddff8bea51,12,Field,Noise
train/noise/0b9cf4ddff8bea51_w16.png,0b9cf4ddff8bea51,16,Field,Noise
train/noise/0b9cf4ddff8bea51_w17.png,0b9cf4ddff8bea51,17,Field,Noise
train/noise/0b9cf4ddff8bea51_w20.png,0b9cf4ddff8bea51,20,Field,Noise
train/noise/0b9cf4ddff8bea51_w22.png,0b9cf4ddff8bea51,22,Field,Noise
train/noise/0b9cf4ddff8bea51_w23.png,0b9cf4ddff8bea51,23,Field,Noise
train/noise/0b9cf4ddff8bea51_w24.png,0b9cf4ddff8bea51,24,Field,Noise
train/noise/0c065fddb0199136_w03.png,0c065fddb0199136,3,Field,Noise
train/noise/0c065fddb0199136_w07.png,0c065fddb0199136,7,Field,Noise
train/noise/0c065fddb0199136_w08.png,0c065fddb0199136,8,Field,Noise
train/noise/0c065fddb0199136_w16.png,0c065fddb0199136,16,Field,Noise
train/noise/0c065fddb0199136_w18.png,0c065fddb0199136,18,Field,Noise
train/noise/0c065fddb0199136_w19.png,0c065fddb0199136,19,Field,Noise
train/noise/0c065fddb0199136_w25.png,0c065fddb0199136,25,Field,Noise
train/noise/0c065fddb0199136_w26.png,0c065fddb0199136,26,Field,Noise
train/noise/0c7ecfbd750a6a56_w04.png,0c7ecfbd750a6a56,4,Field,Noise
train/noise/0c7ecfbd750a6a56_w06.png,0c7ecfbd750a6a56,6,Field,Noise
train/noise/0c7ecfbd750a6a56_w07.png,0c7ecfbd750a6a56,7,Field,Noise
train/noise/0c7ecfbd750a6a56_w11.png,0c7ecfbd750a6a56,11,Field,Noise
train/noise/0c7ecfbd750a6a56_w15.png,0c7ecfbd750a6a56,15,Field,Noise
train/noise/0c7ecfbd750a6a56_w20.png,0c7ecfbd750a6a56,20,Field,Noise
train/noise/0c7ecfbd750a6a56_w25.png,0c7ecfbd750a6a56,25,Field,Noise
train/noise/0c7ecfbd750a6a56_w26.png,0c7ecfbd750a6a56,26,Field,Noise
train/noise/0c81c23296c3b960_w05.png,0c81c23296c3b960,5,Field,Noise
train/noise/0c81c23296c3b960_w06.png,0c81c23296c3b960,6,Field,Noise
train/noise/0c81c23296c3b960_w07.png,0c81c23296c3b960,7,Field,Noise
train/noise/0c81c23296c3b960_w11.png,0c81c23296c3b960,11,Field,Noise
train/noise/0c81c23296c3b960_w17.png,0c81c23296c3b960,17,Field,Noise
train/noise/0c81c23296c3b960_w22.png,0c81c23296c3b960,22,Field,Noise
train/noise/0c81c23296c3b960_w23.png,0c81c23296c3b960,23,Field,Noise
train/noise/0c81c23296c3b960_w27.png,0c81c23296c3b960,27,Field,Noise
train/noise/0c9902bd009944d0_w00.png,0c9902bd009944d0,0,Field,Noise
train/noise/0c9902bd009944d0_w02.png,0c9902bd009944d0,2,Field,Noise
train/noise/0c9902bd009944d0_w11.png,0c9902bd009944d0,11,Field,Noise
train/noise/0c9902bd009944d0_w12.png,0c9902bd009944d0,12,Field,Noise
train/noise/0c9902bd009944d0_w13.png,0c9902bd009944d0,13,Field,Noise
train/noise/0c9902bd009944d0_w16.png,0c9902bd009944d0,16,Field,Noise
train/noise/0c9902bd009944d0_w20.png,0c9902bd009944d0,20,Field,Noise
train/noise/0c9902bd009944d0_w23.png,0c9902bd009944d0,23,Field,Noise
train/noise/0cc891c5a2c22d17_w01.png,0cc891c5a2c22d17,1,Field,Noise
train/noise/0cc891c5a2c22d17_w03.png,0cc891c5a2c22d17,3,Field,Noise
train/noise/0cc891c5a2c22d17_w08.png,0cc891c5a2c22d17,8,Field,Noise
train/noise/0cc891c5a2c22d17_w09.png,0cc891c5a2c22d17,9,Field,Noise
train/noise/0cc891c5a2c22d17_w17.png,0cc891c5a2c22d17,17,Field,Noise
train/noise/0cc891c5a2c22d17_w21.png,0cc891c5a2c22d17,21,Field,Noise
train/noise/0cc891c5a2c22d17_w24.png,0cc891c5a2c22d17,24,Field,Noise
train/noise/0cc891c5a2c22d17_w27.png,0cc891c5a2c22d17,27,Field,Noise
train/noise/0d6d4fcc0fad030b_w01.png,0d6d4fcc0fad030b,1,Field,Noise
train/noise/0d6d4fcc0fad030b_w08.png,0d6d4fcc0fad030b,8,Field,Noise
train/noise/0d6d4fcc0fad030b_w13.png,0d6d4fcc0fad030b,13,Field,Noise
train/noise/0d6d4fcc0fad030b_w14.png,0d6d4fcc0fad030b,14,Field,Noise
train/noise/0d6d4fcc0fad030b_w17.png,0d6d4fcc0fad030b,17,Field,Noise
train/noise/0d6d4fcc0fad030b_w21.png,0d6d4fcc0fad030b,21,Field,Noise
train/noise/0d6d4fcc0fad030b_w22.png,0d6d4fcc0fad030b,22,Field,Noise
train/noise/0d6d4fcc0fad030b_w27.png,0d6d4fcc0fad030b,27,Field,Noise
train/noise/0d95b3bc32e7ae09_w00.png,0d95b3bc32e7ae09,0,Field,Noise
train/noise/0d95b3bc32e7ae09_w02.png,0d95b3bc32e7ae09,2,Field,Noise
train/noise/0d95b3bc32e7ae09_w07.png,0d95b3bc32e7ae09,7,Field,Noise
train/noise/0d95b3bc32e7ae09_w10.png,0d95b3bc32e7ae09,10,Field,Noise
train/noise/0d95b3bc32e7ae09_w13.png,0d95b3bc32e7ae09,13,Field,Noise
train/noise/0d95b3bc32e7ae09_w15.png,0d95b3bc32e7ae09,15,Field,Noise
train/noise/0d95b3bc32e7ae09_w22.png,0d95b3bc32e7ae09,22,Field,Noise
train/noise/0d95b3bc32e7ae09_w23.png,0d95b3bc32e7ae09,23,Field,Noise
train/noise/0d9df5189589ccb7_w00.png,0d9df5189589ccb7,0,Field,Noise
train/noise/0d9df5189589ccb7_w01.png,0d9df5189589ccb7,1,Field,Noise
train/noise/0d9df5189589ccb7_w08.png,0d9df5189589ccb7,8,Field,Noise
train/noise/0d9df5189589ccb7_w09.png,0d9df5189589ccb7,9,Field,Noise
train/noise/0d9df5189589ccb7_w18.png,0d9df5189589ccb7,18,Field,Noise
train/noise/0d9df5189589ccb7_w21.png,0d9df5189589ccb7,21,Field,Noise
train/noise/0d9df5189589ccb7_w22.png,0d9df5189589ccb7,22,Field,Noise
train/noise/0d9df5189589ccb7_w23.png,0d9df5189589ccb7,23,Field,Noise
train/noise/0de0d12bd5a85f15_w00.png,0de0d12bd5a85f15,0,Field,Noise
train/noise/0de0d12bd5a85f15_w06.png,0de0d12bd5a85f15,6,Field,Noise
train/noise/0de0d12bd5a85f15_w09.png,0de0d12bd5a85f15,9,Field,Noise
train/noise/0de0d12bd5a85f15_w16.png,0de0d12bd5a85f15,16,Field,Noise
train/noise/0de0d12bd5a85f15_w21.png,0de0d12bd5a85f15,21,Field,Noise
train/noise/0de0d12bd5a85f15_w22.png,0de0d12bd5a85f15,22,Field,Noise
train/noise/0de0d12bd5a85f15_w24.png,0de0d12bd5a85f15,24,Field,Noise
train/noise/0de0d12bd5a85f15_w25.png,0de0d12bd5a85f15,25,Field,Noise
train/noise/0e3ef95345288e4f_w00.png,0e3ef95345288e4f,0,Lab,Noise
train/noise/0e3ef95345288e4f_w03.png,0e3ef95345288e4f,3,Lab,Noise
train/noise/0e3ef95345288e4f_w05.png,0e3ef95345288e4f,5,Lab,Noise
train/noise/0e3ef95345288e4f_w15.png,0e3ef95345288e4f,15,Lab,Noise
train/noise/0e3ef95345288e4f_w17.png,0e3ef95345288e4f,17,Lab,Noise
train/noise/0e3ef95345288e4f_w18.png,0e3ef95345288e4f,18,Lab,Noise
train/noise/0e3ef95345288e4f_w21.png,0e3ef95345288e4f,21,Lab,Noise
train/noise/0e3ef95345288e4f_w26.png,0e3ef95345288e4f,26,Lab,Noise
train/noise/0e9ab03b2c92c716_w01.png,0e9ab03b2c92c716,1,Field,Noise
train/noise/0e9ab03b2c92c716_w03.png,0e9ab03b2c92c716,3,Field,Noise
train/noise/0e9ab03b2c92c716_w04.png,0e9ab03b2c92c716,4,Field,Noise
train/noise/0e9ab03b2c92c716_w06.png,0e9ab03b2c92c716,6,Field,Noise
train/noise/0e9ab03b2c92c716_w08.png,0e9ab03b2c92c716,8,Field,Noise
train/noise/0e9ab03b2c92c716_w12.png,0e9ab03b2c92c716,12,Field,Noise
train/noise/0e9ab03b2c92c716_w14.png,0e9ab03b2c92c716,14,Field,Noise
train/noise/0e9ab03b2c92c716_w24.png,0e9ab03b2c92c716,24,Field,Noise
train/noise/0e9bbf7650e344be_w04.png,0e9bbf7650e344be,4,Field,Noise
train/noise/0e9bbf7650e344be_w05.png,0e9bbf7650e344be,5,Field,Noise
train/noise/0e9bbf7650e344be_w06.png,0e9bbf7650e344be,6,Field,Noise
train/noise/0e9bbf7650e344be_w11.png,0e9bbf7650e344be,11,Field,Noise
train/noise/0e9bbf7650e344be_w14.png,0e9bbf7650e344be,14,Field,Noise
train/noise/0e9bbf7650e344be_w15.png,0e9bbf7650e344be,15,Field,Noise
train/noise/0e9bbf7650e344be_w23.png,0e9bbf7650e344be,23,Field,Noise
train/noise/0e9bbf7650e344be_w26.png,0e9bbf7650e344be,26,Field,Noise
train/noise/0ea907e0b449e1c4_w05.png,0ea907e0b449e1c4,5,Lab,Noise
train/noise/0ea907e0b449e1c4_w07.png,0ea907e0b449e1c4,7,Lab,Noise
train/noise/0ea907e0b449e1c4_w10.png,0ea907e0b449e1c4,10,Lab,Noise
train/noise/0ea907e0b449e1c4_w14.png,0ea907e0b449e1c4,14,Lab,Noise
train/noise/0ea907e0b449e1c4_w19.png,0ea907e0b449e1c4,19,Lab,Noise
train/noise/0ea907e0b449e1c4_w21.png,0ea907e0b449e1c4,21,Lab,Noise
train/noise/0ea907e0b449e1c4_w25.png,0ea907e0b449e1c4,25,Lab,Noise
train/noise/0ea907e0b449e1c4_w26.png,0ea907e0b449e1c4,26,Lab,Noise
train/noise/0eace51d7c833d4b_w00.png,0eace51d7c833d4b,0,Field,Noise
train/noise/0eace51d7c833d4b_w04.png,0eace51d7c833d4b,4,Field,Noise
train/noise/0eace51d7c833d4b_w06.png,0eace51d7c833d4b,6,Field,Noise
train/noise/0eace51d7c833d4b_w08.png,0eace51d7c833d4b,8,Field,Noise
train/noise/0eace51d7c833d4b_w13.png,0eace51d7c833d4b,13,Field,Noise
train/noise/0eace51d7c833d4b_w17.png,0eace51d7c833d4b,17,Field,Noise
train/noise/0eace51d7c833d4b_w21.png,0eace51d7c833d4b,21,Field,Noise
train/noise/0eace51d7c833d4b_w25.png,0eace51d7c833d4b,25,Field,Noise
train/noise/0eba3a92bc21f301_w01.png,0eba3a92bc21f301,1,Field,Noise
train/noise/0eba3a92bc21f301_w02.png,0eba3a92bc21f301,2,Field,Noise
train/noise/0eba3a92bc21f301_w03.png,0eba3a92bc21f301,3,Field,Noise
train/noise/0eba3a92bc21f301_w04.png,0eba3a92bc21f301,4,Field,Noise
train/noise/0eba3a92bc21f301_w09.png,0eba3a92bc21f301,9,Field,Noise
train/noise/0eba3a92bc21f301_w17.png,0eba3a92bc21f301,17,Field,Noise
train/noise/0eba3a92bc21f301_w22.png,0eba3a92bc21f301,22,Field,Noise
train/noise/0eba3a92bc21f301_w26.png,0eba3a92bc21f301,26,Field,Noise
train/noise/0ebf148bc7f8ce0c_w00.png,0ebf148bc7f8ce0c,0,Field,Noise
train/noise/0ebf148bc7f8ce0c_w01.png,0ebf148bc7f8ce0c,1,Field,Noise
train/noise/0ebf148bc7f8ce0c_w07.png,0ebf148bc7f8ce0c,7,Field,Noise
train/noise/0ebf148bc7f8ce0c_w15.png,0ebf148bc7f8ce0c,15,Field,Noise
train/noise/0ebf148bc7f8ce0c_w17.png,0ebf148bc7f8ce0c,17,Field,Noise
train/noise/0ebf148bc7f8ce0c_w21.png,0ebf148bc7f8ce0c,21,Field,Noise
train/noise/0ebf148bc7f8ce0c_w23.png,0ebf148bc7f8ce0c,23,Field,Noise
train/noise/0ebf148bc7f8ce0c_w24.png,0ebf148bc7f8ce0c,24,Field,Noise
train/noise/0ed0546f71d3eb27_w01.png,0ed0546f71d3eb27,1,Field,Noise
train/noise/0ed0546f71d3eb27_w09.png,0ed0546f71d3eb27,9,Field,Noise
train/noise/0ed0546f71d3eb27_w10.png,0ed0546f71d3eb27,10,Field,Noise
train/noise/0ed0546f71d3eb27_w12.png,0ed0546f71d3eb27,12,Field,Noise
train/noise/0ed0546f71d3eb27_w17.png,0ed0546f71d3eb27,17,Field,Noise
train/noise/0ed0546f71d3eb27_w21.png,0ed0546f71d3eb27,21,Field,Noise
train/noise/0ed0546f71d3eb27_w22.png,0ed0546f71d3eb27,22,Field,Noise
train/noise/0ed0546f71d3eb27_w25.png,0ed0546f71d3eb27,25,Field,Noise
train/noise/0f57e638177c91d6_w02.png,0f57e638177c91d6,2,Field,Noise
train/noise/0f57e638177c91d6_w04.png,0f57e638177c91d6,4,Field,Noise
train/noise/0f57e638177c91d6_w08.png,0f57e638177c91d6,8,Field,Noise
train/noise/0f57e638177c91d6_w16.png,0f57e638177c91d6,16,Field,Noise
train/noise/0f57e638177c91d6_w17.png,0f57e638177c91d6,17,Field,Noise
train/noise/0f57e638177c91d6_w21.png,0f57e638177c91d6,21,Field,Noise
train/noise/0f57e638177c91d6_w24.png,0f57e638177c91d6,24,Field,Noise
train/noise/0f57e638177c91d6_w25.png,0f57e638177c91d6,25,Field,Noise
train/noise/0fde3333e66e97da_w01.png,0fde3333e66e97da,1,Field,Noise
train/noise/0fde3333e66e97da_w04.png,0fde3333e66e97da,4,Field,Noise
train/noise/0fde3333e66e97da_w07.png,0fde3333e66e97da,7,Field,Noise
train/noise/0fde3333e66e97da_w14.png,0fde3333e66e97da,14,Field,Noise
train/noise/0fde3333e66e97da_w19.png,0fde3333e66e97da,19,Field,Noise
train/noise/0fde3333e66e97da_w22.png,0fde3333e66e97da,22,Field,Noise
train/noise/0fde3333e66e97da_w23.png,0fde3333e66e97da,23,Field,Noise
train/noise/0fde3333e66e97da_w25.png,0fde3333e66e97da,25,Field,Noise
train/noise/0fe1cb5fab7d135e_w01.png,0fe1cb5fab7d135e,1,Field,Noise
train/noise/0fe1cb5fab7d135e_w08.png,0fe1cb5fab7d135e,8,Field,Noise
train/noise/0fe1cb5fab7d135e_w09.png,0fe1cb5fab7d135e,9,Field,Noise
train/noise/0fe1cb5fab7d135e_w18.png,0fe1cb5fab7d135e,18,Field,Noise
train/noise/0fe1cb5fab7d135e_w22.png,0fe1cb5fab7d135e,22,Field,Noise
train/noise/0fe1cb5fab7d135e_w23.png,0fe1cb5fab7d135e,23,Field,Noise
train/noise/0fe1cb5fab7d135e_w24.png,0fe1cb5fab7d135e,24,Field,Noise
train/noise/0fe1cb5fab7d135e_w27.png,0fe1cb5fab7d135e,27,Field,Noise
train/noise/1049fce6cc040bec_w00.png,1049fce6cc040bec,0,Field,Noise
train/noise/1049fce6cc040bec_w05.png,1049fce6cc040bec,5,Field,Noise
train/noise/1049fce6cc040bec_w11.png,1049fce6cc040bec,11,Field,Noise
train/noise/1049fce6cc040bec_w12.png,1049fce6cc040bec,12,Field,Noise
train/noise/1049fce6cc040bec_w17.png,1049fce6cc040bec,17,Field,Noise
train/noise/1049fce6cc040bec_w21.png,1049fce6cc040bec,21,Field,Noise
train/noise/1049fce6cc040bec_w22.png,1049fce6cc040bec,22,Field,Noise
train/noise/1049fce6cc040bec_w25.png,1049fce6cc040bec,25,Field,Noise
train/noise/10587e228fb47ec2_w00.png,10587e228fb47ec2,0,Field,Noise
train/noise/10587e228fb47ec2_w01.png,10587e228fb47ec2,1,Field,Noise
train/noise/10587e228fb47ec2_w03.png,10587e228fb47ec2,3,Field,Noise
train/noise/10587e228fb47ec2_w04.png,10587e228fb47ec2,4,Field,Noise
train/noise/10587e228fb47ec2_w21.png,10587e228fb47ec2,21,Field,Noise
train/noise/10587e228fb47ec2_w22.png,10587e228fb47ec2,22,Field,Noise
train/noise/10587e228fb47ec2_w24.png,10587e228fb47ec2,24,Field,Noise
train/noise/10587e228fb47ec2_w27.png,10587e228fb47ec2,27,Field,Noise
train/noise/10d8fbeb6f34644d_w00.png,10d8fbeb6f34644d,0,Field,Noise
train/noise/10d8fbeb6f34644d_w01.png,10d8fbeb6f34644d,1,Field,Noise
train/noise/10d8fbeb6f34644d_w04.png,10d8fbeb6f34644d,4,Field,Noise
train/noise/10d8fbeb6f34644d_w12.png,10d8fbeb6f34644d,12,Field,Noise
train/noise/10d8fbeb6f34644d_w17.png,10d8fbeb6f34644d,17,Field,Noise
train/noise/10d8fbeb6f34644d_w18.png,10d8fbeb6f34644d,18,Field,Noise
train/noise/10d8fbeb6f34644d_w24.png,10d8fbeb6f34644d,24,Field,Noise
train/noise/10d8fbeb6f34644d_w27.png,10d8fbeb6f34644d,27,Field,Noise
train/noise/11030131c79bb7a4_w02.png,11030131c79bb7a4,2,Field,Noise
train/noise/11030131c79bb7a4_w04.png,11030131c79bb7a4,4,Field,Noise
train/noise/11030131c79bb7a4_w08.png,11030131c79bb7a4,8,Field,Noise
train/noise/11030131c79bb7a4_w09.png,11030131c79bb7a4,9,Field,Noise
train/noise/11030131c79bb7a4_w13.png,11030131c79bb7a4,13,Field,Noise
train/noise/11030131c79bb7a4_w16.png,11030131c79bb7a4,16,Field,Noise
train/noise/11030131c79bb7a4_w20.png,11030131c79bb7a4,20,Field,Noise
train/noise/11030131c79bb7a4_w26.png,11030131c79bb7a4,26,Field,Noise
train/noise/111d78ffcfb72804_w01.png,111d78ffcfb72804,1,Field,Noise
train/noise/111d78ffcfb72804_w03.png,111d78ffcfb72804,3,Field,Noise
train/noise/111d78ffcfb72804_w04.png,111d78ffcfb72804,4,Field,Noise
train/noise/111d78ffcfb72804_w12.png,111d78ffcfb72804,12,Field,Noise
train/noise/111d78ffcfb72804_w15.png,111d78ffcfb72804,15,Field,Noise
train/noise/111d78ffcfb72804_w16.png,111d78ffcfb72804,16,Field,Noise
train/noise/111d78ffcfb72804_w23.png,111d78ffcfb72804,23,Field,Noise
train/noise/111d78ffcfb72804_w27.png,111d78ffcfb72804,27,Field,Noise
train/noise/112ecd97e76f9389_w01.png,112ecd97e76f9389,1,Field,Noise
train/noise/112ecd97e76f9389_w04.png,112ecd97e76f9389,4,Field,Noise
train/noise/112ecd97e76f9389_w06.png,112ecd97e76f9389,6,Field,Noise
train/noise/112ecd97e76f9389_w08.png,112ecd97e76f9389,8,Field,Noise
train/noise/112ecd97e76f9389_w12.png,112ecd97e76f9389,12,Field,Noise
train/noise/112ecd97e76f9389_w19.png,112ecd97e76f9389,19,Field,Noise
train/noise/112ecd97e76f9389_w20.png,112ecd97e76f9389,20,Field,Noise
train/noise/112ecd97e76f9389_w23.png,112ecd97e76f9389,23,Field,Noise
train/noise/11a26a24856d3fae_w00.png,11a26a24856d3fae,0,Field,Noise
train/noise/11a26a24856d3fae_w06.png,11a26a24856d3fae,6,Field,Noise
train/noise/11a26a24856d3fae_w08.png,11a26a24856d3fae,8,Field,Noise
train/noise/11a26a24856d3fae_w09.png,11a26a24856d3fae,9,Field,Noise
train/noise/11a26a24856d3fae_w12.png,11a26a24856d3fae,12,Field,Noise
train/noise/11a26a24856d3fae_w15.png,11a26a24856d3fae,15,Field,Noise
train/noise/11a26a24856d3fae_w21.png,11a26a24856d3fae,21,Field,Noise
train/noise/11a26a24856d3fae_w26.png,11a26a24856d3fae,26,Field,Noise
train/noise/11cf8ed215ebd899_w00.png,11cf8ed215ebd899,0,Field,Noise
train/noise/11cf8ed215ebd899_w01.png,11cf8ed215ebd899,1,Field,Noise
train/noise/11cf8ed215ebd899_w03.png,11cf8ed215ebd899,3,Field,Noise
train/noise/11cf8ed215ebd899_w07.png,11cf8ed215ebd899,7,Field,Noise
train/noise/11cf8ed215ebd899_w10.png,11cf8ed215ebd899,10,Field,Noise
train/noise/11cf8ed215ebd899_w12.png,11cf8ed215ebd899,12,Field,Noise
train/noise/11cf8ed215ebd899_w22.png,11cf8ed215ebd899,22,Field,Noise
train/noise/11cf8ed215ebd899_w23.png,11cf8ed215ebd899,23,Field,Noise
train/noise/120ec420643dfe9a_w04.png,120ec420643dfe9a,4,Lab,Noise
train/noise/120ec420643dfe9a_w05.png,120ec420643dfe9a,5,Lab,Noise
train/noise/120ec420643dfe9a_w06.png,120ec420643dfe9a,6,Lab,Noise
train/noise/120ec420643dfe9a_w12.png,120ec420643dfe9a,12,Lab,Noise
train/noise/120ec420643dfe9a_w17.png,120ec420643dfe9a,17,Lab,Noise
train/noise/120ec420643dfe9a_w23.png,120ec420643dfe9a,23,Lab,Noise
train/noise/120ec420643dfe9a_w24.png,120ec420643dfe9a,24,Lab,Noise
train/noise/120ec420643dfe9a_w26.png,120ec420643dfe9a,26,Lab,Noise
train/noise/1238951467278080_w00.png,1238951467278080,0,Field,Noise
train/noise/1238951467278080_w02.png,1238951467278080,2,Field,Noise
train/noise/1238951467278080_w05.png,1238951467278080,5,Field,Noise
train/noise/1238951467278080_w09.png,1238951467278080,9,Field,Noise
train/noise/1238951467278080_w14.png,1238951467278080,14,Field,Noise
train/noise/1238951467278080_w17.png,1238951467278080,17,Field,Noise
train/noise/1238951467278080_w22.png,1238951467278080,22,Field,Noise
train/noise/1238951467278080_w24.png,1238951467278080,24,Field,Noise
train/noise/124b9d7ff52f3661_w03.png,124b9d7ff52f3661,3,Field,Noise
train/noise/124b9d7ff52f3661_w04.png,124b9d7ff52f3661,4,Field,Noise
train/noise/124b9d7ff52f3661_w11.png,124b9d7ff52f3661,11,Field,Noise
train/noise/124b9d7ff52f3661_w14.png,124b9d7ff52f3661,14,Field,Noise
train/noise/124b9d7ff52f3661_w17.png,124b9d7ff52f3661,17,Field,Noise
train/noise/124b9d7ff52f3661_w22.png,124b9d7ff52f3661,22,Field,Noise
train/noise/124b9d7ff52f3661_w26.png,124b9d7ff52f3661,26,Field,Noise
train/noise/124b9d7ff52f3661_w27.png,124b9d7ff52f3661,27,Field,Noise
train/noise/1284e77e210e2a38_w04.png,1284e77e210e2a38,4,Field,Noise
train/noise/1284e77e210e2a38_w11.png,1284e77e210e2a38,11,Field,Noise
train/noise/1284e77e210e2a38_w12.png,1284e77e210e2a38,12,Field,Noise
train/noise/1284e77e210e2a38_w19.png,1284e77e210e2a38,19,Field,Noise
train/noise/1284e77e210e2a38_w21.png,1284e77e210e2a38,21,Field,Noise
train/noise/1284e77e210e2a38_w23.png,1284e77e210e2a38,23,Field,Noise
train/noise/1284e77e210e2a38_w24.png,1284e77e210e2a38,24,Field,Noise
train/noise/1284e77e210e2a38_w25.png,1284e77e210e2a38,25,Field,Noise
train/noise/128c643476610080_w00.png,128c643476610080,0,Field,Noise
train/noise/128c643476610080_w01.png,128c643476610080,1,Field,Noise
train/noise/128c643476610080_w05.png,128c643476610080,5,Field,Noise
train/noise/128c643476610080_w10.png,128c643476610080,10,Field,Noise
train/noise/128c643476610080_w11.png,128c643476610080,11,Field,Noise
train/noise/128c643476610080_w12.png,128c643476610080,12,Field,Noise
train/noise/128c643476610080_w21.png,128c643476610080,21,Field,Noise
train/noise/128c643476610080_w22.png,128c643476610080,22,Field,Noise
train/noise/12cbf0c7ac33bd19_w01.png,12cbf0c7ac33bd19,1,Field,Noise
train/noise/12cbf0c7ac33bd19_w06.png,12cbf0c7ac33bd19,6,Field,Noise
train/noise/12cbf0c7ac33bd19_w07.png,12cbf0c7ac33bd19,7,Field,Noise
train/noise/12cbf0c7ac33bd19_w08.png,12cbf0c7ac33bd19,8,Field,Noise
train/noise/12cbf0c7ac33bd19_w10.png,12cbf0c7ac33bd19,10,Field,Noise
train/noise/12cbf0c7ac33bd19_w19.png,12cbf0c7ac33bd19,19,Field,Noise
train/noise/12cbf0c7ac33bd19_w20.png,12cbf0c7ac33bd19,20,Field,Noise
train/noise/12cbf0c7ac33bd19_w24.png,12cbf0c7ac33bd19,24,Field,Noise
train/noise/12d2902d9fbf99d7_w04.png,12d2902d9fbf99d7,4,Field,Noise
train/noise/12d2902d9fbf99d7_w06.png,12d2902d9fbf99d7,6,Field,Noise
train/noise/12d2902d9fbf99d7_w10.png,12d2902d9fbf99d7,10,Field,Noise
train/noise/12d2902d9fbf99d7_w12.png,12d2902d9fbf99d7,12,Field,Noise
train/noise/12d2902d9fbf99d7_w15.png,12d2902d9fbf99d7,15,Field,Noise
train/noise/12d2902d9fbf99d7_w16.png,12d2902d9fbf99d7,16,Field,Noise
train/noise/12d2902d9fbf99d7_w20.png,12d2902d9fbf99d7,20,Field,Noise
train/noise/12d2902d9fbf99d7_w22.png,12d2902d9fbf99d7,22,Field,Noise
train/noise/12dd322e7e08776a_w01.png,12dd322e7e08776a,1,Field,Noise
train/noise/12dd322e7e08776a_w02.png,12dd322e7e08776a,2,Field,Noise
train/noise/12dd322e7e08776a_w06.png,12dd322e7e08776a,6,Field,Noise
train/noise/12dd322e7e08776a_w13.png,12dd322e7e08776a,13,Field,Noise
train/noise/12dd322e7e08776a_w14.png,12dd322e7e08776a,14,Field,Noise
train/noise/12dd322e7e08776a_w18.png,12dd322e7e08776a,18,Field,Noise
train/noise/12dd322e7e08776a_w23.png,12dd322e7e08776a,23,Field,Noise
train/noise/12dd322e7e08776a_w25.png,12dd322e7e08776a,25,Field,Noise
train/noise/12e31a2ea78d1713_w01.png,12e31a2ea78d1713,1,Lab,Noise
train/noise/12e31a2ea78d1713_w02.png,12e31a2ea78d1713,2,Lab,Noise
train/noise/12e31a2ea78d1713_w04.png,12e31a2ea78d1713,4,Lab,Noise
train/noise/12e31a2ea78d1713_w06.png,12e31a2ea78d1713,6,Lab,Noise
train/noise/12e31a2ea78d1713_w12.png,12e31a2ea78d1713,12,Lab,Noise
train/noise/12e31a2ea78d1713_w17.png,12e31a2ea78d1713,17,Lab,Noise
train/noise/12e31a2ea78d1713_w20.png,12e31a2ea78d1713,20,Lab,Noise
train/noise/12e31a2ea78d1713_w21.png,12e31a2ea78d1713,21,Lab,Noise
train/noise/132e9448ab1a8077_w00.png,132e9448ab1a8077,0,Field,Noise
train/noise/132e9448ab1a8077_w01.png,132e9448ab1a8077,1,Field,Noise
train/noise/132e9448ab1a8077_w02.png,132e9448ab1a8077,2,Field,Noise
train/noise/132e9448ab1a8077_w07.png,132e9448ab1a8077,7,Field,Noise
train/noise/132e9448ab1a8077_w14.png,132e9448ab1a8077,14,Field,Noise
train/noise/132e9448ab1a8077_w17.png,132e9448ab1a8077,17,Field,Noise
train/noise/132e9448ab1a8077_w18.png,132e9448ab1a8077,18,Field,Noise
train/noise/132e9448ab1a8077_w22.png,132e9448ab1a8077,22,Field,Noise
train/noise/136ce83b4d77955d_w04.png,136ce83b4d77955d,4,Field,Noise
train/noise/136ce83b4d77955d_w09.png,136ce83b4d77955d,9,Field,Noise
train/noise/136ce83b4d77955d_w10.png,136ce83b4d77955d,10,Field,Noise
train/noise/136ce83b4d77955d_w11.png,136ce83b4d77955d,11,Field,Noise
train/noise/136ce83b4d77955d_w15.png,136ce83b4d77955d,15,Field,Noise
train/noise/136ce83b4d77955d_w20.png,136ce83b4d77955d,20,Field,Noise
train/noise/136ce83b4d77955d_w21.png,136ce83b4d77955d,21,Field,Noise
train/noise/136ce83b4d77955d_w27.png,136ce83b4d77955d,27,Field,Noise
train/noise/138a90ea1e8c51d8_w00.png,138a90ea1e8c51d8,0,Field,Noise
train/noise/138a90ea1e8c51d8_w02.png,138a90ea1e8c51d8,2,Field,Noise
train/noise/138a90ea1e8c51d8_w04.png,138a90ea1e8c51d8,4,Field,Noise
train/noise/138a90ea1e8c51d8_w11.png,138a90ea1e8c51d8,11,Field,Noise
train/noise/138a90ea1e8c51d8_w12.png,138a90ea1e8c51d8,12,Field,Noise
train/noise/138a90ea1e8c51d8_w17.png,138a90ea1e8c51d8,17,Field,Noise
train/noise/138a90ea1e8c51d8_w19.png,138a90ea1e8c51d8,19,Field,Noise
train/noise/138a90ea1e8c51d8_w25.png,138a90ea1e8c51d8,25,Field,Noise
train/noise/13acd94ccc9bdd5e_w00.png,13acd94ccc9bdd5e,0,Field,Noise
train/noise/13acd94ccc9bdd5e_w02.png,13acd94ccc9bdd5e,2,Field,Noise
train/noise/13acd94ccc9bdd5e_w03.png,13acd94ccc9bdd5e,3,Field,Noise
train/noise/13acd94ccc9bdd5e_w13.png,13acd94ccc9bdd5e,13,Field,Noise
train/noise/13acd94ccc9bdd5e_w18.png,13acd94ccc9bdd5e,18,Field,Noise
train/noise/13acd94ccc9bdd5e_w19.png,13acd94ccc9bdd5e,19,Field,Noise
train/noise/13acd94ccc9bdd5e_w23.png,13acd94ccc9bdd5e,23,Field,Noise
train/noise/13acd94ccc9bdd5e_w25.png,13acd94ccc9bdd5e,25,Field,Noise
train/noise/13add92bdd56b5ba_w02.png,13add92bdd56b5ba,2,Field,Noise
train/noise/13add92bdd56b5ba_w03.png,13add92bdd56b5ba,3,Field,Noise
train/noise/13add92bdd56b5ba_w05.png,13add92bdd56b5ba,5,Field,Noise
train/noise/13add92bdd56b5ba_w06.png,13add92bdd56b5ba,6,Field,Noise
train/noise/13add92bdd56b5ba_w09.png,13add92bdd56b5ba,9,Field,Noise
train/noise/13add92bdd56b5ba_w16.png,13add92bdd56b5ba,16,Field,Noise
train/noise/13add92bdd56b5ba_w17.png,13add92bdd56b5ba,17,Field,Noise
train/noise/13add92bdd56b5ba_w26.png,13add92bdd56b5ba,26,Field,Noise
train/noise/141a9fb419c3d9ce_w00.png,141a9fb419c3d9ce,0,Field,Noise
train/noise/141a9fb419c3d9ce_w02.png,141a9fb419c3d9ce,2,Field,Noise
train/noise/141a9fb419c3d9ce_w03.png,141a9fb419c3d9ce,3,Field,Noise
train/noise/141a9fb419c3d9ce_w13.png,141a9fb419c3d9ce,13,Field,Noise
train/noise/141a9fb419c3d9ce_w15.png,141a9fb419c3d9ce,15,Field,Noise
train/noise/141a9fb419c3d9ce_w19.png,141a9fb419c3d9ce,19,Field,Noise
train/noise/141a9fb419c3d9ce_w21.png,141a9fb419c3d9ce,21,Field,Noise
train/noise/141a9fb419c3d9ce_w26.png,141a9fb419c3d9ce,26,Field,Noise
train/noise/1542aa49a21a9998_w05.png,1542aa49a21a9998,5,Field,Noise
train/noise/1542aa49a21a9998_w07.png,1542aa49a21a9998,7,Field,Noise
train/noise/1542aa49a21a9998_w09.png,1542aa49a21a9998,9,Field,Noise
train/noise/1542aa49a21a9998_w10.png,1542aa49a21a9998,10,Field,Noise
train/noise/1542aa49a21a9998_w12.png,1542aa49a21a9998,12,Field,Noise
train/noise/1542aa49a21a9998_w15.png,1542aa49a21a9998,15,Field,Noise
train/noise/1542aa49a21a9998_w16.png,1542aa49a21a9998,16,Field,Noise
train/noise/1542aa49a21a9998_w23.png,1542aa49a21a9998,23,Field,Noise
train/noise/1562d0b85170809e_w10.png,1562d0b85170809e,10,Field,Noise
train/noise/1562d0b85170809e_w13.png,1562d0b85170809e,13,Field,Noise
train/noise/1562d0b85170809e_w15.png,1562d0b85170809e,15,Field,Noise
train/noise/1562d0b85170809e_w19.png,1562d0b85170809e,19,Field,Noise
train/noise/1562d0b85170809e_w20.png,1562d0b85170809e,20,Field,Noise
train/noise/1562d0b85170809e_w21.png,1562d0b85170809e,21,Field,Noise
train/noise/1562d0b85170809e_w25.png,1562d0b85170809e,25,Field,Noise
train/noise/1562d0b85170809e_w27.png,1562d0b85170809e,27,Field,Noise
train/noise/15819c9c849cda84_w05.png,15819c9c849cda84,5,Field,Noise
train/noise/15819c9c849cda84_w06.png,15819c9c849cda84,6,Field,Noise
train/noise/15819c9c849cda84_w12.png,15819c9c849cda84,12,Field,Noise
train/noise/15819c9c849cda84_w15.png,15819c9c849cda84,15,Field,Noise
train/noise/15819c9c849cda84_w17.png,15819c9c849cda84,17,Field,Noise
train/noise/15819c9c849cda84_w19.png,15819c9c849cda84,19,Field,Noise
train/noise/15819c9c849cda84_w20.png,15819c9c849cda84,20,Field,Noise
train/noise/15819c9c849cda84_w26.png,15819c9c849cda84,26,Field,Noise
train/noise/15b1ac55947638ab_w01.png,15b1ac55947638ab,1,Field,Noise
train/noise/15b1ac55947638ab_w06.png,15b1ac55947638ab,6,Field,Noise
train/noise/15b1ac55947638ab_w07.png,15b1ac55947638ab,7,Field,Noise
train/noise/15b1ac55947638ab_w08.png,15b1ac55947638ab,8,Field,Noise
train/noise/15b1ac55947638ab_w10.png,15b1ac55947638ab,10,Field,Noise
train/noise/15b1ac55947638ab_w13.png,15b1ac55947638ab,13,Field,Noise
train/noise/15b1ac55947638ab_w18.png,15b1ac55947638ab,18,Field,Noise
train/noise/15b1ac55947638ab_w20.png,15b1ac55947638ab,20,Field,Noise
train/noise/16b319f214511877_w01.png,16b319f214511877,1,Field,Noise
train/noise/16b319f214511877_w04.png,16b319f214511877,4,Field,Noise
train/noise/16b319f214511877_w06.png,16b319f214511877,6,Field,Noise
train/noise/16b319f214511877_w07.png,16b319f214511877,7,Field,Noise
train/noise/16b319f214511877_w12.png,16b319f214511877,12,Field,Noise
train/noise/16b319f214511877_w13.png,16b319f214511877,13,Field,Noise
train/noise/16b319f214511877_w17.png,16b319f214511877,17,Field,Noise
train/noise/16b319f214511877_w18.png,16b319f214511877,18,Field,Noise
train/noise/16bf2a4b9afeb694_w02.png,16bf2a4b9afeb694,2,Field,Noise
train/noise/16bf2a4b9afeb694_w05.png,16bf2a4b9afeb694,5,Field,Noise
train/noise/16bf2a4b9afeb694_w12.png,16bf2a4b9afeb694,12,Field,Noise
train/noise/16bf2a4b9afeb694_w14.png,16bf2a4b9afeb694,14,Field,Noise
train/noise/16bf2a4b9afeb694_w18.png,16bf2a4b9afeb694,18,Field,Noise
train/noise/16bf2a4b9afeb694_w20.png,16bf2a4b9afeb694,20,Field,Noise
train/noise/16bf2a4b9afeb694_w22.png,16bf2a4b9afeb694,22,Field,Noise
train/noise/16bf2a4b9afeb694_w26.png,16bf2a4b9afeb694,26,Field,Noise
train/noise/16dcf50546719158_w01.png,16dcf50546719158,1,Field,Noise
train/noise/16dcf50546719158_w03.png,16dcf50546719158,3,Field,Noise
train/noise/16dcf50546719158_w04.png,16dcf50546719158,4,Field,Noise
train/noise/16dcf50546719158_w07.png,16dcf50546719158,7,Field,Noise
train/noise/16dcf50546719158_w14.png,16dcf50546719158,14,Field,Noise
train/noise/16dcf50546719158_w16.png,16dcf50546719158,16,Field,Noise
train/noise/16dcf50546719158_w17.png,16dcf50546719158,17,Field,Noise
train/noise/16dcf50546719158_w20.png,16dcf50546719158,20,Field,Noise
train/noise/16ff9056774275dc_w00.png,16ff9056774275dc,0,Field,Noise
train/noise/16ff9056774275dc_w01.png,16ff9056774275dc,1,Field,Noise
train/noise/16ff9056774275dc_w02.png,16ff9056774275dc,2,Field,Noise
train/noise/16ff9056774275dc_w04.png,16ff9056774275dc,4,Field,Noise
train/noise/16ff9056774275dc_w12.png,16ff9056774275dc,12,Field,Noise
train/noise/16ff9056774275dc_w13.png,16ff9056774275dc,13,Field,Noise
train/noise/16ff9056774275dc_w18.png,16ff9056774275dc,18,Field,Noise
train/noise/16ff9056774275dc_w19.png,16ff9056774275dc,19,Field,Noise
train/noise/17371ce5ab246c9d_w01.png,17371ce5ab246c9d,1,Lab,Noise
train/noise/17371ce5ab246c9d_w02.png,17371ce5ab246c9d,2,Lab,Noise
train/noise/17371ce5ab246c9d_w08.png,17371ce5ab246c9d,8,Lab,Noise
train/noise/17371ce5ab246c9d_w09.png,17371ce5ab246c9d,9,Lab,Noise
train/noise/17371ce5ab246c9d_w11.png,17371ce5ab246c9d,11,Lab,Noise
train/noise/17371ce5ab246c9d_w18.png,17371ce5ab246c9d,18,Lab,Noise
train/noise/17371ce5ab246c9d_w19.png,17371ce5ab246c9d,19,Lab,Noise
train/noise/17371ce5ab246c9d_w25.png,17371ce5ab246c9d,25,Lab,Noise
train/noise/1737576a3887f2ab_w00.png,1737576a3887f2ab,0,Field,Noise
train/noise/1737576a3887f2ab_w12.png,1737576a3887f2ab,12,Field,Noise
train/noise/1737576a3887f2ab_w17.png,1737576a3887f2ab,17,Field,Noise
train/noise/1737576a3887f2ab_w18.png,1737576a3887f2ab,18,Field,Noise
train/noise/1737576a3887f2ab_w21.png,1737576a3887f2ab,21,Field,Noise
train/noise/1737576a3887f2ab_w25.png,1737576a3887f2ab,25,Field,Noise
train/noise/1737576a3887f2ab_w26.png,1737576a3887f2ab,26,Field,Noise
train/noise/1737576a3887f2ab_w27.png,1737576a3887f2ab,27,Field,Noise
train/noise/17b1991261da06f1_w01.png,17b1991261da06f1,1,Field,Noise
train/noise/17b1991261da06f1_w09.png,17b1991261da06f1,9,Field,Noise
train/noise/17b1991261da06f1_w11.png,17b1991261da06f1,11,Field,Noise
train/noise/17b1991261da06f1_w20.png,17b1991261da06f1,20,Field,Noise
train/noise/17b1991261da06f1_w24.png,17b1991261da06f1,24,Field,Noise
train/noise/17b1991261da06f1_w25.png,17b1991261da06f1,25,Field,Noise
train/noise/17b1991261da06f1_w26.png,17b1991261da06f1,26,Field,Noise
train/noise/17b1991261da06f1_w27.png,17b1991261da06f1,27,Field,Noise
train/noise/17c73f78609ee931_w02.png,17c73f78609ee931,2,Field,Noise
train/noise/17c73f78609ee931_w03.png,17c73f78609ee931,3,Field,Noise
train/noise/17c73f78609ee931_w04.png,17c73f78609ee931,4,Field,Noise
train/noise/17c73f78609ee931_w10.png,17c73f78609ee931,10,Field,Noise
train/noise/17c73f78609ee931_w11.png,17c73f78609ee931,11,Field,Noise
train/noise/17c73f78609ee931_w12.png,17c73f78609ee931,12,Field,Noise
train/noise/17c73f78609ee931_w14.png,17c73f78609ee931,14,Field,Noise
train/noise/17c73f78609ee931_w16.png,17c73f78609ee931,16,Field,Noise
train/noise/17ec6355a168f8b0_w01.png,17ec6355a168f8b0,1,Field,Noise
train/noise/17ec6355a168f8b0_w03.png,17ec6355a168f8b0,3,Field,Noise
train/noise/17ec6355a168f8b0_w07.png,17ec6355a168f8b0,7,Field,Noise
train/noise/17ec6355a168f8b0_w08.png,17ec6355a168f8b0,8,Field,Noise
train/noise/17ec6355a168f8b0_w16.png,17ec6355a168f8b0,16,Field,Noise
train/noise/17ec6355a168f8b0_w17.png,17ec6355a168f8b0,17,Field,Noise
train/noise/17ec6355a168f8b0_w19.png,17ec6355a168f8b0,19,Field,Noise
train/noise/17ec6355a168f8b0_w23.png,17ec6355a168f8b0,23,Field,Noise
train/noise/1854f6a194d4d93f_w04.png,1854f6a194d4d93f,4,Lab,Noise
train/noise/1854f6a194d4d93f_w08.png,1854f6a194d4d93f,8,Lab,Noise
train/noise/1854f6a194d4d93f_w09.png,1854f6a194d4d93f,9,Lab,Noise
train/noise/1854f6a194d4d93f_w13.png,1854f6a194d4d93f,13,Lab,Noise
train/noise/1854f6a194d4d93f_w14.png,1854f6a194d4d93f,14,Lab,Noise
train/noise/1854f6a194d4d93f_w19.png,1854f6a194d4d93f,19,Lab,Noise
train/noise/1854f6a194d4d93f_w23.png,1854f6a194d4d93f,23,Lab,Noise
train/noise/1854f6a194d4d93f_w25.png,1854f6a194d4d93f,25,Lab,Noise
train/noise/18f72d19b6d090c9_w04.png,18f72d19b6d090c9,4,Field,Noise
train/noise/18f72d19b6d090c9_w06.png,18f72d19b6d090c9,6,Field,Noise
train/noise/18f72d19b6d090c9_w07.png,18f72d19b6d090c9,7,Field,Noise
train/noise/18f72d19b6d090c9_w11.png,18f72d19b6d090c9,11,Field,Noise
train/noise/18f72d19b6d090c9_w12.png,18f72d19b6d090c9,12,Field,Noise
train/noise/18f72d19b6d090c9_w15.png,18f72d19b6d090c9,15,Field,Noise
train/noise/18f72d19b6d090c9_w21.png,18f72d19b6d090c9,21,Field,Noise
train/noise/18f72d19b6d090c9_w25.png,18f72d19b6d090c9,25,Field,Noise
train/noise/196afbe139852268_w03.png,196afbe139852268,3,Field,Noise
train/noise/196afbe139852268_w05.png,196afbe139852268,5,Field,Noise
train/noise/196afbe139852268_w11.png,196afbe139852268,11,Field,Noise
train/noise/196afbe139852268_w13.png,196afbe139852268,13,Field,Noise
train/noise/196afbe139852268_w15.png,196afbe139852268,15,Field,Noise
train/noise/196afbe139852268_w17.png,196afbe139852268,17,Field,Noise
train/noise/196afbe139852268_w21.png,196afbe139852268,21,Field,Noise
train/noise/196afbe139852268_w22.png,196afbe139852268,22,Field,Noise
train/noise/197aef53671adfab_w01.png,197aef53671adfab,1,Lab,Noise
train/noise/197aef53671adfab_w11.png,197aef53671adfab,11,Lab,Noise
train/noise/197aef53671adfab_w13.png,197aef53671adfab,13,Lab,Noise
train/noise/197aef53671adfab_w16.png,197aef53671adfab,16,Lab,Noise
train/noise/197aef53671adfab_w21.png,197aef53671adfab,21,Lab,Noise
train/noise/197aef53671adfab_w22.png,197aef53671adfab,22,Lab,Noise
train/noise/197aef53671adfab_w24.png,197aef53671adfab,24,Lab,Noise
train/noise/197aef53671adfab_w25.png,197aef53671adfab,25,Lab,Noise
train/noise/19ba0de9aecdd5d2_w00.png,19ba0de9aecdd5d2,0,Field,Noise
train/noise/19ba0de9aecdd5d2_w02.png,19ba0de9aecdd5d2,2,Field,Noise
train/noise/19ba0de9aecdd5d2_w03.png,19ba0de9aecdd5d2,3,Field,Noise
train/noise/19ba0de9aecdd5d2_w08.png,19ba0de9aecdd5d2,8,Field,Noise
train/noise/19ba0de9aecdd5d2_w11.png,19ba0de9aecdd5d2,11,Field,Noise
train/noise/19ba0de9aecdd5d2_w14.png,19ba0de9aecdd5d2,14,Field,Noise
train/noise/19ba0de9aecdd5d2_w23.png,19ba0de9aecdd5d2,23,Field,Noise
train/noise/19ba0de9aecdd5d2_w27.png,19ba0de9aecdd5d2,27,Field,Noise
train/noise/19f0f99e4a34238d_w01.png,19f0f99e4a34238d,1,Field,Noise
train/noise/19f0f99e4a34238d_w04.png,19f0f99e4a34238d,4,Field,Noise
train/noise/19f0f99e4a34238d_w08.png,19f0f99e4a34238d,8,Field,Noise
train/noise/19f0f99e4a34238d_w10.png,19f0f99e4a34238d,10,Field,Noise
train/noise/19f0f99e4a34238d_w18.png,19f0f99e4a34238d,18,Field,Noise
train/noise/19f0f99e4a34238d_w20.png,19f0f99e4a34238d,20,Field,Noise
train/noise/19f0f99e4a34238d_w22.png,19f0f99e4a34238d,22,Field,Noise
train/noise/19f0f99e4a34238d_w25.png,19f0f99e4a34238d,25,Field,Noise
train/noise/19f53ac754a1c154_w05.png,19f53ac754a1c154,5,Field,Noise
train/noise/19f53ac754a1c154_w09.png,19f53ac754a1c154,9,Field,Noise
train/noise/19f53ac754a1c154_w10.png,19f53ac754a1c154,10,Field,Noise
train/noise/19f53ac754a1c154_w12.png,19f53ac754a1c154,12,Field,Noise
train/noise/19f53ac754a1c154_w13.png,19f53ac754a1c154,13,Field,Noise
train/noise/19f53ac754a1c154_w22.png,19f53ac754a1c154,22,Field,Noise
train/noise/19f53ac754a1c154_w26.png,19f53ac754a1c154,26,Field,Noise
train/noise/19f53ac754a1c154_w27.png,19f53ac754a1c154,27,Field,Noise
train/noise/1a3010cbbd8b08e5_w00.png,1a3010cbbd8b08e5,0,Field,Noise
train/noise/1a3010cbbd8b08e5_w02.png,1a3010cbbd8b08e5,2,Field,Noise
train/noise/1a3010cbbd8b08e5_w03.png,1a3010cbbd8b08e5,3,Field,Noise
train/noise/1a3010cbbd8b08e5_w09.png,1a3010cbbd8b08e5,9,Field,Noise
train/noise/1a3010cbbd8b08e5_w15.png,1a3010cbbd8b08e5,15,Field,Noise
train/noise/1a3010cbbd8b08e5_w18.png,1a3010cbbd8b08e5,18,Field,Noise
train/noise/1a3010cbbd8b08e5_w25.png,1a3010cbbd8b08e5,25,Field,Noise
train/noise/1a3010cbbd8b08e5_w26.png,1a3010cbbd8b08e5,26,Field,Noise
train/noise/1a654485452c6615_w00.png,1a654485452c6615,0,Lab,Noise
train/noise/1a654485452c6615_w01.png,1a654485452c6615,1,Lab,Noise
train/noise/1a654485452c6615_w05.png,1a654485452c6615,5,Lab,Noise
train/noise/1a654485452c6615_w09.png,1a654485452c6615,9,Lab,Noise
train/noise/1a654485452c6615_w11.png,1a654485452c6615,11,Lab,Noise
train/noise/1a654485452c6615_w13.png,1a654485452c6615,13,Lab,Noise
train/noise/1a654485452c6615_w17.png,1a654485452c6615,17,Lab,Noise
train/noise/1a654485452c6615_w19.png,1a654485452c6615,19,Lab,Noise
train/noise/1a727cef2dd68398_w03.png,1a727cef2dd68398,3,Field,Noise
train/noise/1a727cef2dd68398_w12.png,1a727cef2dd68398,12,Field,Noise
train/noise/1a727cef2dd68398_w15.png,1a727cef2dd68398,15,Field,Noise
train/noise/1a727cef2dd68398_w17.png,1a727cef2dd68398,17,Field,Noise
train/noise/1a727cef2dd68398_w22.png,1a727cef2dd68398,22,Field,Noise
train/noise/1a727cef2dd68398_w24.png,1a727cef2dd68398,24,Field,Noise
train/noise/1a727cef2dd68398_w26.png,1a727cef2dd68398,26,Field,Noise
train/noise/1a727cef2dd68398_w27.png,1a727cef2dd68398,27,Field,Noise
train/noise/1ac847778ebc5784_w06.png,1ac847778ebc5784,6,Lab,Noise
train/noise/1ac847778ebc5784_w08.png,1ac847778ebc5784,8,Lab,Noise
train/noise/1ac847778ebc5784_w13.png,1ac847778ebc5784,13,Lab,Noise
train/noise/1ac847778ebc5784_w14.png,1ac847778ebc5784,14,Lab,Noise
train/noise/1ac847778ebc5784_w20.png,1ac847778ebc5784,20,Lab,Noise
train/noise/1ac847778ebc5784_w21.png,1ac847778ebc5784,21,Lab,Noise
train/noise/1ac847778ebc5784_w23.png,1ac847778ebc5784,23,Lab,Noise
train/noise/1ac847778ebc5784_w24.png,1ac847778ebc5784,24,Lab,Noise
train/noise/1b473a87c8311ced_w06.png,1b473a87c8311ced,6,Field,Noise
train/noise/1b473a87c8311ced_w07.png,1b473a87c8311ced,7,Field,Noise
train/noise/1b473a87c8311ced_w11.png,1b473a87c8311ced,11,Field,Noise
train/noise/1b473a87c8311ced_w18.png,1b473a87c8311ced,18,Field,Noise
train/noise/1b473a87c8311ced_w19.png,1b473a87c8311ced,19,Field,Noise
train/noise/1b473a87c8311ced_w20.png,1b473a87c8311ced,20,Field,Noise
train/noise/1b473a87c8311ced_w23.png,1b473a87c8311ced,23,Field,Noise
train/noise/1b473a87c8311ced_w25.png,1b473a87c8311ced,25,Field,Noise
train/noise/1b4efbc1f443330c_w02.png,1b4efbc1f443330c,2,Field,Noise
train/noise/1b4efbc1f443330c_w04.png,1b4efbc1f443330c,4,Field,Noise
train/noise/1b4efbc1f443330c_w13.png,1b4efbc1f443330c,13,Field,Noise
train/noise/1b4efbc1f443330c_w14.png,1b4efbc1f443330c,14,Field,Noise
train/noise/1b4efbc1f443330c_w17.png,1b4efbc1f443330c,17,Field,Noise
train/noise/1b4efbc1f443330c_w18.png,1b4efbc1f443330c,18,Field,Noise
train/noise/1b4efbc1f443330c_w20.png,1b4efbc1f443330c,20,Field,Noise
train/noise/1b4efbc1f443330c_w24.png,1b4efbc1f443330c,24,Field,Noise
train/noise/1b73a42096e9bcee_w04.png,1b73a42096e9bcee,4,Field,Noise
train/noise/1b73a42096e9bcee_w07.png,1b73a42096e9bcee,7,Field,Noise
train/noise/1b73a42096e9bcee_w09.png,1b73a42096e9bcee,9,Field,Noise
train/noise/1b73a42096e9bcee_w14.png,1b73a42096e9bcee,14,Field,Noise
train/noise/1b73a42096e9bcee_w16.png,1b73a42096e9bcee,16,Field,Noise
train/noise/1b73a42096e9bcee_w18.png,1b73a42096e9bcee,18,Field,Noise
train/noise/1b73a42096e9bcee_w19.png,1b73a42096e9bcee,19,Field,Noise
train/noise/1b73a42096e9bcee_w21.png,1b73a42096e9bcee,21,Field,Noise
train/noise/1b9b18b0dd3cc129_w00.png,1b9b18b0dd3cc129,0,Field,Noise
train/noise/1b9b18b0dd3cc129_w02.png,1b9b18b0dd3cc129,2,Field,Noise
train/noise/1b9b18b0dd3cc129_w04.png,1b9b18b0dd3cc129,4,Field,Noise
train/noise/1b9b18b0dd3cc129_w05.png,1b9b18b0dd3cc129,5,Field,Noise
train/noise/1b9b18b0dd3cc129_w11.png,1b9b18b0dd3cc129,11,Field,Noise
train/noise/1b9b18b0dd3cc129_w15.png,1b9b18b0dd3cc129,15,Field,Noise
train/noise/1b9b18b0dd3cc129_w16.png,1b9b18b0dd3cc129,16,Field,Noise
train/noise/1b9b18b0dd3cc129_w19.png,1b9b18b0dd3cc129,19,Field,Noise
train/noise/1c3ea257bad89bc0_w00.png,1c3ea257bad89bc0,0,Field,Noise
train/noise/1c3ea257bad89bc0_w05.png,1c3ea257bad89bc0,5,Field,Noise
train/noise/1c3ea257bad89bc0_w08.png,1c3ea257bad89bc0,8,Field,Noise
train/noise/1c3ea257bad89bc0_w11.png,1c3ea257bad89bc0,11,Field,Noise
train/noise/1c3ea257bad89bc0_w12.png,1c3ea257bad89bc0,12,Field,Noise
train/noise/1c3ea257bad89bc0_w13.png,1c3ea257bad89bc0,13,Field,Noise
train/noise/1c3ea257bad89bc0_w20.png,1c3ea257bad89bc0,20,Field,Noise
train/noise/1c3ea257bad89bc0_w21.png,1c3ea257bad89bc0,21,Field,Noise
train/noise/1cd1b5f8cbdf1eb7_w01.png,1cd1b5f8cbdf1eb7,1,Field,Noise
train/noise/1cd1b5f8cbdf1eb7_w02.png,1cd1b5f8cbdf1eb7,2,Field,Noise
train/noise/1cd1b5f8cbdf1eb7_w06.png,1cd1b5f8cbdf1eb7,6,Field,Noise
train/noise/1cd1b5f8cbdf1eb7_w07.png,1cd1b5f8cbdf1eb7,7,Field,Noise
train/noise/1cd1b5f8cbdf1eb7_w09.png,1cd1b5f8cbdf1eb7,9,Field,Noise
train/noise/1cd1b5f8cbdf1eb7_w10.png,1cd1b5f8cbdf1eb7,10,Field,Noise
train/noise/1cd1b5f8cbdf1eb7_w15.png,1cd1b5f8cbdf1eb7,15,Field,Noise
train/noise/1cd1b5f8cbdf1eb7_w18.png,1cd1b5f8cbdf1eb7,18,Field,Noise
train/noise/1d21e820df124af0_w00.png,1d21e820df124af0,0,Field,Noise
train/noise/1d21e820df124af0_w06.png,1d21e820df124af0,6,Field,Noise
train/noise/1d21e820df124af0_w08.png,1d21e820df124af0,8,Field,Noise
train/noise/1d21e820df124af0_w09.png,1d21e820df124af0,9,Field,Noise
train/noise/1d21e820df124af0_w10.png,1d21e820df124af0,10,Field,Noise
train/noise/1d21e820df124af0_w19.png,1d21e820df124af0,19,Field,Noise
train/noise/1d21e820df124af0_w26.png,1d21e820df124af0,26,Field,Noise
train/noise/1d21e820df124af0_w27.png,1d21e820df124af0,27,Field,Noise
train/noise/1d8b7dc535ed83ac_w01.png,1d8b7dc535ed83ac,1,Field,Noise
train/noise/1d8b7dc535ed83ac_w05.png,1d8b7dc535ed83ac,5,Field,Noise
train/noise/1d8b7dc535ed83ac_w09.png,1d8b7dc535ed83ac,9,Field,Noise
train/noise/1d8b7dc535ed83ac_w13.png,1d8b7dc535ed83ac,13,Field,Noise
train/noise/1d8b7dc535ed83ac_w15.png,1d8b7dc535ed83ac,15,Field,Noise
train/noise/1d8b7dc535ed83ac_w16.png,1d8b7dc535ed83ac,16,Field,Noise
train/noise/1d8b7dc535ed83ac_w20.png,1d8b7dc535ed83ac,20,Field,Noise
train/noise/1d8b7dc535ed83ac_w22.png,1d8b7dc535ed83ac,22,Field,Noise
train/noise/1da17e91acbf15fd_w03.png,1da17e91acbf15fd,3,Field,Noise
train/noise/1da17e91acbf15fd_w05.png,1da17e91acbf15fd,5,Field,Noise
train/noise/1da17e91acbf15fd_w12.png,1da17e91acbf15fd,12,Field,Noise
train/noise/1da17e91acbf15fd_w16.png,1da17e91acbf15fd,16,Field,Noise
train/noise/1da17e91acbf15fd_w18.png,1da17e91acbf15fd,18,Field,Noise
train/noise/1da17e91acbf15fd_w21.png,1da17e91acbf15fd,21,Field,Noise
train/noise/1da17e91acbf15fd_w23.png,1da17e91acbf15fd,23,Field,Noise
train/noise/1da17e91acbf15fd_w26.png,1da17e91acbf15fd,26,Field,Noise
train/noise/1dbd19e2ae04ba2b_w03.png,1dbd19e2ae04ba2b,3,Field,Noise
train/noise/1dbd19e2ae04ba2b_w04.png,1dbd19e2ae04ba2b,4,Field,Noise
train/noise/1dbd19e2ae04ba2b_w05.png,1dbd19e2ae04ba2b,5,Field,Noise
train/noise/1dbd19e2ae04ba2b_w16.png,1dbd19e2ae04ba2b,16,Field,Noise
train/noise/1dbd19e2ae04ba2b_w19.png,1dbd19e2ae04ba2b,19,Field,Noise
train/noise/1dbd19e2ae04ba2b_w20.png,1dbd19e2ae04ba2b,20,Field,Noise
train/noise/1dbd19e2ae04ba2b_w22.png,1dbd19e2ae04ba2b,22,Field,Noise
train/noise/1dbd19e2ae04ba2b_w26.png,1dbd19e2ae04ba2b,26,Field,Noise
train/noise/1dcc1b1dda42fcde_w04.png,1dcc1b1dda42fcde,4,Field,Noise
train/noise/1dcc1b1dda42fcde_w07.png,1dcc1b1dda42fcde,7,Field,Noise
train/noise/1dcc1b1dda42fcde_w10.png,1dcc1b1dda42fcde,10,Field,Noise
train/noise/1dcc1b1dda42fcde_w13.png,1dcc1b1dda42fcde,13,Field,Noise
train/noise/1dcc1b1dda42fcde_w16.png,1dcc1b1dda42fcde,16,Field,Noise
train/noise/1dcc1b1dda42fcde_w19.png,1dcc1b1dda42fcde,19,Field,Noise
train/noise/1dcc1b1dda42fcde_w21.png,1dcc1b1dda42fcde,21,Field,Noise
train/noise/1dcc1b1dda42fcde_w25.png,1dcc1b1dda42fcde,25,Field,Noise
train/noise/1deb9bbf56251391_w03.png,1deb9bbf56251391,3,Field,Noise
train/noise/1deb9bbf56251391_w04.png,1deb9bbf56251391,4,Field,Noise
train/noise/1deb9bbf56251391_w06.png,1deb9bbf56251391,6,Field,Noise
train/noise/1deb9bbf56251391_w09.png,1deb9bbf56251391,9,Field,Noise
train/noise/1deb9bbf56251391_w17.png,1deb9bbf56251391,17,Field,Noise
train/noise/1deb9bbf56251391_w18.png,1deb9bbf56251391,18,Field,Noise
train/noise/1deb9bbf56251391_w20.png,1deb9bbf56251391,20,Field,Noise
train/noise/1deb9bbf56251391_w23.png,1deb9bbf56251391,23,Field,Noise
train/noise/1e1ae31740519907_w02.png,1e1ae31740519907,2,Field,Noise
train/noise/1e1ae31740519907_w04.png,1e1ae31740519907,4,Field,Noise
train/noise/1e1ae31740519907_w06.png,1e1ae31740519907,6,Field,Noise
train/noise/1e1ae31740519907_w09.png,1e1ae31740519907,9,Field,Noise
train/noise/1e1ae31740519907_w10.png,1e1ae31740519907,10,Field,Noise
train/noise/1e1ae31740519907_w22.png,1e1ae31740519907,22,Field,Noise
train/noise/1e1ae31740519907_w24.png,1e1ae31740519907,24,Field,Noise
train/noise/1e1ae31740519907_w26.png,1e1ae31740519907,26,Field,Noise
train/noise/1e5179d67ab37dd8_w03.png,1e5179d67ab37dd8,3,Field,Noise
train/noise/1e5179d67ab37dd8_w05.png,1e5179d67ab37dd8,5,Field,Noise
train/noise/1e5179d67ab37dd8_w07.png,1e5179d67ab37dd8,7,Field,Noise
train/noise/1e5179d67ab37dd8_w13.png,1e5179d67ab37dd8,13,Field,Noise
train/noise/1e5179d67ab37dd8_w15.png,1e5179d67ab37dd8,15,Field,Noise
train/noise/1e5179d67ab37dd8_w17.png,1e5179d67ab37dd8,17,Field,Noise
train/noise/1e5179d67ab37dd8_w18.png,1e5179d67ab37dd8,18,Field,Noise
train/noise/1e5179d67ab37dd8_w20.png,1e5179d67ab37dd8,20,Field,Noise
train/noise/1e7cf68658ad92ea_w00.png,1e7cf68658ad92ea,0,Field,Noise
train/noise/1e7cf68658ad92ea_w01.png,1e7cf68658ad92ea,1,Field,Noise
train/noise/1e7cf68658ad92ea_w04.png,1e7cf68658ad92ea,4,Field,Noise
train/noise/1e7cf68658ad92ea_w07.png,1e7cf68658ad92ea,7,Field,Noise
train/noise/1e7cf68658ad92ea_w11.png,1e7cf68658ad92ea,11,Field,Noise
train/noise/1e7cf68658ad92ea_w13.png,1e7cf68658ad92ea,13,Field,Noise
train/noise/1e7cf68658ad92ea_w18.png,1e7cf68658ad92ea,18,Field,Noise
train/noise/1e7cf68658ad92ea_w25.png,1e7cf68658ad92ea,25,Field,Noise
train/noise/1ebbc8c9d0c253c5_w03.png,1ebbc8c9d0c253c5,3,Field,Noise
train/noise/1ebbc8c9d0c253c5_w05.png,1ebbc8c9d0c253c5,5,Field,Noise
train/noise/1ebbc8c9d0c253c5_w08.png,1ebbc8c9d0c253c5,8,Field,Noise
train/noise/1ebbc8c9d0c253c5_w13.png,1ebbc8c9d0c253c5,13,Field,Noise
train/noise/1ebbc8c9d0c253c5_w14.png,1ebbc8c9d0c253c5,14,Field,Noise
train/noise/1ebbc8c9d0c253c5_w18.png,1ebbc8c9d0c253c5,18,Field,Noise
train/noise/1ebbc8c9d0c253c5_w22.png,1ebbc8c9d0c253c5,22,Field,Noise
train/noise/1ebbc8c9d0c253c5_w24.png,1ebbc8c9d0c253c5,24,Field,Noise
train/noise/1ec586e62c5675b8_w01.png,1ec586e62c5675b8,1,Field,Noise
train/noise/1ec586e62c5675b8_w03.png,1ec586e62c5675b8,3,Field,Noise
train/noise/1ec586e62c5675b8_w05.png,1ec586e62c5675b8,5,Field,Noise
train/noise/1ec586e62c5675b8_w09.png,1ec586e62c5675b8,9,Field,Noise
train/noise/1ec586e62c5675b8_w10.png,1ec586e62c5675b8,10,Field,Noise
train/noise/1ec586e62c5675b8_w17.png,1ec586e62c5675b8,17,Field,Noise
train/noise/1ec586e62c5675b8_w22.png,1ec586e62c5675b8,22,Field,Noise
train/noise/1ec586e62c5675b8_w27.png,1ec586e62c5675b8,27,Field,Noise
train/noise/1ecef12ee420216f_w00.png,1ecef12ee420216f,0,Field,Noise
train/noise/1ecef12ee420216f_w03.png,1ecef12ee420216f,3,Field,Noise
train/noise/1ecef12ee420216f_w06.png,1ecef12ee420216f,6,Field,Noise
train/noise/1ecef12ee420216f_w09.png,1ecef12ee420216f,9,Field,Noise
train/noise/1ecef12ee420216f_w10.png,1ecef12ee420216f,10,Field,Noise
train/noise/1ecef12ee420216f_w18.png,1ecef12ee420216f,18,Field,Noise
train/noise/1ecef12ee420216f_w24.png,1ecef12ee420216f,24,Field,Noise
train/noise/1ecef12ee420216f_w25.png,1ecef12ee420216f,25,Field,Noise
train/noise/1fd0d595cabbdf49_w00.png,1fd0d595cabbdf49,0,Field,Noise
train/noise/1fd0d595cabbdf49_w01.png,1fd0d595cabbdf49,1,Field,Noise
train/noise/1fd0d595cabbdf49_w03.png,1fd0d595cabbdf49,3,Field,Noise
train/noise/1fd0d595cabbdf49_w07.png,1fd0d595cabbdf49,7,Field,Noise
train/noise/1fd0d595cabbdf49_w11.png,1fd0d595cabbdf49,11,Field,Noise
train/noise/1fd0d595cabbdf49_w17.png,1fd0d595cabbdf49,17,Field,Noise
train/noise/1fd0d595cabbdf49_w19.png,1fd0d595cabbdf49,19,Field,Noise
train/noise/1fd0d595cabbdf49_w24.png,1fd0d595cabbdf49,24,Field,Noise
train/noise/1fee6bce7734cb35_w02.png,1fee6bce7734cb35,2,Field,Noise
train/noise/1fee6bce7734cb35_w03.png,1fee6bce7734cb35,3,Field,Noise
train/noise/1fee6bce7734cb35_w04.png,1fee6bce7734cb35,4,Field,Noise
train/noise/1fee6bce7734cb35_w08.png,1fee6bce7734cb35,8,Field,Noise
train/noise/1fee6bce7734cb35_w09.png,1fee6bce7734cb35,9,Field,Noise
train/noise/1fee6bce7734cb35_w11.png,1fee6bce7734cb35,11,Field,Noise
train/noise/1fee6bce7734cb35_w12.png,1fee6bce7734cb35,12,Field,Noise
train/noise/1fee6bce7734cb35_w21.png,1fee6bce7734cb35,21,Field,Noise
train/noise/20bfe200070f00f7_w01.png,20bfe200070f00f7,1,Field,Noise
train/noise/20bfe200070f00f7_w04.png,20bfe200070f00f7,4,Field,Noise
train/noise/20bfe200070f00f7_w06.png,20bfe200070f00f7,6,Field,Noise
train/noise/20bfe200070f00f7_w16.png,20bfe200070f00f7,16,Field,Noise
train/noise/20bfe200070f00f7_w19.png,20bfe200070f00f7,19,Field,Noise
train/noise/20bfe200070f00f7_w23.png,20bfe200070f00f7,23,Field,Noise
train/noise/20bfe200070f00f7_w25.png,20bfe200070f00f7,25,Field,Noise
train/noise/20bfe200070f00f7_w27.png,20bfe200070f00f7,27,Field,Noise
train/noise/20ceaecd9694eecb_w01.png,20ceaecd9694eecb,1,Lab,Noise
train/noise/20ceaecd9694eecb_w05.png,20ceaecd9694eecb,5,Lab,Noise
train/noise/20ceaecd9694eecb_w08.png,20ceaecd9694eecb,8,Lab,Noise
train/noise/20ceaecd9694eecb_w18.png,20ceaecd9694eecb,18,Lab,Noise
train/noise/20ceaecd9694eecb_w20.png,20ceaecd9694eecb,20,Lab,Noise
train/noise/20ceaecd9694eecb_w22.png,20ceaecd9694eecb,22,Lab,Noise
train/noise/20ceaecd9694eecb_w23.png,20ceaecd9694eecb,23,Lab,Noise
train/noise/20ceaecd9694eecb_w25.png,20ceaecd9694eecb,25,Lab,Noise
train/noise/229708181ced27d8_w00.png,229708181ced27d8,0,Field,Noise
train/noise/229708181ced27d8_w01.png,229708181ced27d8,1,Field,Noise
train/noise/229708181ced27d8_w03.png,229708181ced27d8,3,Field,Noise
train/noise/229708181ced27d8_w09.png,229708181ced27d8,9,Field,Noise
train/noise/229708181ced27d8_w12.png,229708181ced27d8,12,Field,Noise
train/noise/229708181ced27d8_w14.png,229708181ced27d8,14,Field,Noise
train/noise/229708181ced27d8_w21.png,229708181ced27d8,21,Field,Noise
train/noise/229708181ced27d8_w27.png,229708181ced27d8,27,Field,Noise
train/noise/22a31d2665f2d725_w02.png,22a31d2665f2d725,2,Field,Noise
train/noise/22a31d2665f2d725_w04.png,22a31d2665f2d725,4,Field,Noise
train/noise/22a31d2665f2d725_w11.png,22a31d2665f2d725,11,Field,Noise
train/noise/22a31d2665f2d725_w14.png,22a31d2665f2d725,14,Field,Noise
train/noise/22a31d2665f2d725_w15.png,22a31d2665f2d725,15,Field,Noise
train/noise/22a31d2665f2d725_w16.png,22a31d2665f2d725,16,Field,Noise
train/noise/22a31d2665f2d725_w19.png,22a31d2665f2d725,19,Field,Noise
train/noise/22a31d2665f2d725_w22.png,22a31d2665f2d725,22,Field,Noise
train/noise/22fff19114f0cf4a_w00.png,22fff19114f0cf4a,0,Field,Noise
train/noise/22fff19114f0cf4a_w03.png,22fff19114f0cf4a,3,Field,Noise
train/noise/22fff19114f0cf4a_w07.png,22fff19114f0cf4a,7,Field,Noise
train/noise/22fff19114f0cf4a_w08.png,22fff19114f0cf4a,8,Field,Noise
train/noise/22fff19114f0cf4a_w11.png,22fff19114f0cf4a,11,Field,Noise
train/noise/22fff19114f0cf4a_w22.png,22fff19114f0cf4a,22,Field,Noise
train/noise/22fff19114f0cf4a_w26.png,22fff19114f0cf4a,26,Field,Noise
train/noise/22fff19114f0cf4a_w27.png,22fff19114f0cf4a,27,Field,Noise
train/noise/239e01b7d50314d5_w01.png,239e01b7d50314d5,1,Field,Noise
train/noise/239e01b7d50314d5_w02.png,239e01b7d50314d5,2,Field,Noise
train/noise/239e01b7d50314d5_w09.png,239e01b7d50314d5,9,Field,Noise
train/noise/239e01b7d50314d5_w10.png,239e01b7d50314d5,10,Field,Noise
train/noise/239e01b7d50314d5_w13.png,239e01b7d50314d5,13,Field,Noise
train/noise/239e01b7d50314d5_w15.png,239e01b7d50314d5,15,Field,Noise
train/noise/239e01b7d50314d5_w22.png,239e01b7d50314d5,22,Field,Noise
train/noise/239e01b7d50314d5_w25.png,239e01b7d50314d5,25,Field,Noise
train/noise/23c2d13b8fdfc4a1_w00.png,23c2d13b8fdfc4a1,0,Field,Noise
train/noise/23c2d13b8fdfc4a1_w08.png,23c2d13b8fdfc4a1,8,Field,Noise
train/noise/23c2d13b8fdfc4a1_w10.png,23c2d13b8fdfc4a1,10,Field,Noise
train/noise/23c2d13b8fdfc4a1_w11.png,23c2d13b8fdfc4a1,11,Field,Noise
train/noise/23c2d13b8fdfc4a1_w12.png,23c2d13b8fdfc4a1,12,Field,Noise
train/noise/23c2d13b8fdfc4a1_w16.png,23c2d13b8fdfc4a1,16,Field,Noise
train/noise/23c2d13b8fdfc4a1_w19.png,23c2d13b8fdfc4a1,19,Field,Noise
train/noise/23c2d13b8fdfc4a1_w23.png,23c2d13b8fdfc4a1,23,Field,Noise
train/noise/23ec8b14745fa51f_w02.png,23ec8b14745fa51f,2,Field,Noise
train/noise/23ec8b14745fa51f_w05.png,23ec8b14745fa51f,5,Field,Noise
train/noise/23ec8b14745fa51f_w13.png,23ec8b14745fa51f,13,Field,Noise
train/noise/23ec8b14745fa51f_w15.png,23ec8b14745fa51f,15,Field,Noise
train/noise/23ec8b14745fa51f_w16.png,23ec8b14745fa51f,16,Field,Noise
train/noise/23ec8b14745fa51f_w21.png,23ec8b14745fa51f,21,Field,Noise
train/noise/23ec8b14745fa51f_w23.png,23ec8b14745fa51f,23,Field,Noise
train/noise/23ec8b14745fa51f_w24.png,23ec8b14745fa51f,24,Field,Noise
train/noise/2408071a43a7de94_w04.png,2408071a43a7de94,4,Field,Noise
train/noise/2408071a43a7de94_w05.png,2408071a43a7de94,5,Field,Noise
train/noise/2408071a43a7de94_w09.png,2408071a43a7de94,9,Field,Noise
train/noise/2408071a43a7de94_w12.png,2408071a43a7de94,12,Field,Noise
train/noise/2408071a43a7de94_w13.png,2408071a43a7de94,13,Field,Noise
train/noise/2408071a43a7de94_w18.png,2408071a43a7de94,18,Field,Noise
train/noise/2408071a43a7de94_w24.png,2408071a43a7de94,24,Field,Noise
train/noise/2408071a43a7de94_w25.png,2408071a43a7de94,25,Field,Noise
train/noise/2411bf1a03947c7d_w01.png,2411bf1a03947c7d,1,Field,Noise
train/noise/2411bf1a03947c7d_w04.png,2411bf1a03947c7d,4,Field,Noise
train/noise/2411bf1a03947c7d_w08.png,2411bf1a03947c7d,8,Field,Noise
train/noise/2411bf1a03947c7d_w09.png,2411bf1a03947c7d,9,Field,Noise
train/noise/2411bf1a03947c7d_w10.png,2411bf1a03947c7d,10,Field,Noise
train/noise/2411bf1a03947c7d_w11.png,2411bf1a03947c7d,11,Field,Noise
train/noise/2411bf1a03947c7d_w12.png,2411bf1a03947c7d,12,Field,Noise
train/noise/2411bf1a03947c7d_w24.png,2411bf1a03947c7d,24,Field,Noise
train/noise/243a4f8060dd8257_w00.png,243a4f8060dd8257,0,Field,Noise
train/noise/243a4f8060dd8257_w01.png,243a4f8060dd8257,1,Field,Noise
train/noise/243a4f8060dd8257_w03.png,243a4f8060dd8257,3,Field,Noise
train/noise/243a4f8060dd8257_w06.png,243a4f8060dd8257,6,Field,Noise
train/noise/243a4f8060dd8257_w07.png,243a4f8060dd8257,7,Field,Noise
train/noise/243a4f8060dd8257_w18.png,243a4f8060dd8257,18,Field,Noise
train/noise/243a4f8060dd8257_w25.png,243a4f8060dd8257,25,Field,Noise
train/noise/243a4f8060dd8257_w27.png,243a4f8060dd8257,27,Field,Noise
train/noise/2459660804e42d19_w06.png,2459660804e42d19,6,Field,Noise
train/noise/2459660804e42d19_w08.png,2459660804e42d19,8,Field,Noise
train/noise/2459660804e42d19_w13.png,2459660804e42d19,13,Field,Noise
train/noise/2459660804e42d19_w17.png,2459660804e42d19,17,Field,Noise
train/noise/2459660804e42d19_w18.png,2459660804e42d19,18,Field,Noise
train/noise/2459660804e42d19_w21.png,2459660804e42d19,21,Field,Noise
train/noise/2459660804e42d19_w22.png,2459660804e42d19,22,Field,Noise
train/noise/2459660804e42d19_w27.png,2459660804e42d19,27,Field,Noise
train/noise/25e23d2292847dde_w00.png,25e23d2292847dde,0,Lab,Noise
train/noise/25e23d2292847dde_w05.png,25e23d2292847dde,5,Lab,Noise
train/noise/25e23d2292847dde_w12.png,25e23d2292847dde,12,Lab,Noise
train/noise/25e23d2292847dde_w13.png,25e23d2292847dde,13,Lab,Noise
train/noise/25e23d2292847dde_w17.png,25e23d2292847dde,17,Lab,Noise
train/noise/25e23d2292847dde_w18.png,25e23d2292847dde,18,Lab,Noise
train/noise/25e23d2292847dde_w23.png,25e23d2292847dde,23,Lab,Noise
train/noise/25e23d2292847dde_w26.png,25e23d2292847dde,26,Lab,Noise
train/noise/260df4f2a1a28528_w00.png,260df4f2a1a28528,0,Lab,Noise
train/noise/260df4f2a1a28528_w11.png,260df4f2a1a28528,11,Lab,Noise
train/noise/260df4f2a1a28528_w15.png,260df4f2a1a28528,15,Lab,Noise
train/noise/260df4f2a1a28528_w17.png,260df4f2a1a28528,17,Lab,Noise
train/noise/260df4f2a1a28528_w22.png,260df4f2a1a28528,22,Lab,Noise
train/noise/260df4f2a1a28528_w24.png,260df4f2a1a28528,24,Lab,Noise
train/noise/260df4f2a1a28528_w25.png,260df4f2a1a28528,25,Lab,Noise
train/noise/260df4f2a1a28528_w26.png,260df4f2a1a28528,26,Lab,Noise
train/noise/2655e4c2f6507a88_w01.png,2655e4c2f6507a88,1,Field,Noise
train/noise/2655e4c2f6507a88_w03.png,2655e4c2f6507a88,3,Field,Noise
train/noise/2655e4c2f6507a88_w08.png,2655e4c2f6507a88,8,Field,Noise
train/noise/2655e4c2f6507a88_w12.png,2655e4c2f6507a88,12,Field,Noise
train/noise/2655e4c2f6507a88_w13.png,2655e4c2f6507a88,13,Field,Noise
train/noise/2655e4c2f6507a88_w14.png,2655e4c2f6507a88,14,Field,Noise
train/noise/2655e4c2f6507a88_w16.png,2655e4c2f6507a88,16,Field,Noise
train/noise/2655e4c2f6507a88_w18.png,2655e4c2f6507a88,18,Field,Noise
train/noise/26b6619b874271d6_w03.png,26b6619b874271d6,3,Field,Noise
train/noise/26b6619b874271d6_w09.png,26b6619b874271d6,9,Field,Noise
train/noise/26b6619b874271d6_w15.png,26b6619b874271d6,15,Field,Noise
train/noise/26b6619b874271d6_w17.png,26b6619b874271d6,17,Field,Noise
train/noise/26b6619b874271d6_w19.png,26b6619b874271d6,19,Field,Noise
train/noise/26b6619b874271d6_w22.png,26b6619b874271d6,22,Field,Noise
train/noise/26b6619b874271d6_w25.png,26b6619b874271d6,25,Field,Noise
train/noise/26b6619b874271d6_w27.png,26b6619b874271d6,27,Field,Noise
train/noise/26c2f3fe3f4c8419_w03.png,26c2f3fe3f4c8419,3,Field,Noise
train/noise/26c2f3fe3f4c8419_w04.png,26c2f3fe3f4c8419,4,Field,Noise
train/noise/26c2f3fe3f4c8419_w07.png,26c2f3fe3f4c8419,7,Field,Noise
train/noise/26c2f3fe3f4c8419_w10.png,26c2f3fe3f4c8419,10,Field,Noise
train/noise/26c2f3fe3f4c8419_w14.png,26c2f3fe3f4c8419,14,Field,Noise
train/noise/26c2f3fe3f4c8419_w18.png,26c2f3fe3f4c8419,18,Field,Noise
train/noise/26c2f3fe3f4c8419_w19.png,26c2f3fe3f4c8419,19,Field,Noise
train/noise/26c2f3fe3f4c8419_w26.png,26c2f3fe3f4c8419,26,Field,Noise
train/noise/26e72bb7a0adbf02_w02.png,26e72bb7a0adbf02,2,Lab,Noise
train/noise/26e72bb7a0adbf02_w04.png,26e72bb7a0adbf02,4,Lab,Noise
train/noise/26e72bb7a0adbf02_w09.png,26e72bb7a0adbf02,9,Lab,Noise
train/noise/26e72bb7a0adbf02_w18.png,26e72bb7a0adbf02,18,Lab,Noise
train/noise/26e72bb7a0adbf02_w19.png,26e72bb7a0adbf02,19,Lab,Noise
train/noise/26e72bb7a0adbf02_w24.png,26e72bb7a0adbf02,24,Lab,Noise
train/noise/26e72bb7a0adbf02_w26.png,26e72bb7a0adbf02,26,Lab,Noise
train/noise/26e72bb7a0adbf02_w27.png,26e72bb7a0adbf02,27,Lab,Noise
train/noise/26f3f1fd32995b55_w01.png,26f3f1fd32995b55,1,Field,Noise
train/noise/26f3f1fd32995b55_w02.png,26f3f1fd32995b55,2,Field,Noise
train/noise/26f3f1fd32995b55_w09.png,26f3f1fd32995b55,9,Field,Noise
train/noise/26f3f1fd32995b55_w10.png,26f3f1fd32995b55,10,Field,Noise
train/noise/26f3f1fd32995b55_w21.png,26f3f1fd32995b55,21,Field,Noise
train/noise/26f3f1fd32995b55_w23.png,26f3f1fd32995b55,23,Field,Noise
train/noise/26f3f1fd32995b55_w24.png,26f3f1fd32995b55,24,Field,Noise
train/noise/26f3f1fd32995b55_w25.png,26f3f1fd32995b55,25,Field,Noise
train/noise/273ae74be4843435_w03.png,273ae74be4843435,3,Field,Noise
train/noise/273ae74be4843435_w05.png,273ae74be4843435,5,Field,Noise
train/noise/273ae74be4843435_w07.png,273ae74be4843435,7,Field,Noise
train/noise/273ae74be4843435_w12.png,273ae74be4843435,12,Field,Noise
train/noise/273ae74be4843435_w13.png,273ae74be4843435,13,Field,Noise
train/noise/273ae74be4843435_w17.png,273ae74be4843435,17,Field,Noise
train/noise/273ae74be4843435_w18.png,273ae74be4843435,18,Field,Noise
train/noise/273ae74be4843435_w25.png,273ae74be4843435,25,Field,Noise
train/noise/276190d7e773e3e4_w03.png,276190d7e773e3e4,3,Field,Noise
train/noise/276190d7e773e3e4_w04.png,276190d7e773e3e4,4,Field,Noise
train/noise/276190d7e773e3e4_w08.png,276190d7e773e3e4,8,Field,Noise
train/noise/276190d7e773e3e4_w10.png,276190d7e773e3e4,10,Field,Noise
train/noise/276190d7e773e3e4_w14.png,276190d7e773e3e4,14,Field,Noise
train/noise/276190d7e773e3e4_w17.png,276190d7e773e3e4,17,Field,Noise
train/noise/276190d7e773e3e4_w23.png,276190d7e773e3e4,23,Field,Noise
train/noise/276190d7e773e3e4_w24.png,276190d7e773e3e4,24,Field,Noise
train/noise/27ec8071ea7506bd_w01.png,27ec8071ea7506bd,1,Field,Noise
train/noise/27ec8071ea7506bd_w04.png,27ec8071ea7506bd,4,Field,Noise
train/noise/27ec8071ea7506bd_w05.png,27ec8071ea7506bd,5,Field,Noise
train/noise/27ec8071ea7506bd_w07.png,27ec8071ea7506bd,7,Field,Noise
train/noise/27ec8071ea7506bd_w08.png,27ec8071ea7506bd,8,Field,Noise
train/noise/27ec8071ea7506bd_w15.png,27ec8071ea7506bd,15,Field,Noise
train/noise/27ec8071ea7506bd_w17.png,27ec8071ea7506bd,17,Field,Noise
train/noise/27ec8071ea7506bd_w21.png,27ec8071ea7506bd,21,Field,Noise
train/noise/29113acdf8fb777b_w02.png,29113acdf8fb777b,2,Field,Noise
train/noise/29113acdf8fb777b_w04.png,29113acdf8fb777b,4,Field,Noise
train/noise/29113acdf8fb777b_w06.png,29113acdf8fb777b,6,Field,Noise
train/noise/29113acdf8fb777b_w14.png,29113acdf8fb777b,14,Field,Noise
train/noise/29113acdf8fb777b_w19.png,29113acdf8fb777b,19,Field,Noise
train/noise/29113acdf8fb777b_w20.png,29113acdf8fb777b,20,Field,Noise
train/noise/29113acdf8fb777b_w22.png,29113acdf8fb777b,22,Field,Noise
train/noise/29113acdf8fb777b_w26.png,29113acdf8fb777b,26,Field,Noise
train/noise/2992ac2c2353e73d_w01.png,2992ac2c2353e73d,1,Lab,Noise
train/noise/2992ac2c2353e73d_w02.png,2992ac2c2353e73d,2,Lab,Noise
train/noise/2992ac2c2353e73d_w03.png,2992ac2c2353e73d,3,Lab,Noise
train/noise/2992ac2c2353e73d_w05.png,2992ac2c2353e73d,5,Lab,Noise
train/noise/2992ac2c2353e73d_w10.png,2992ac2c2353e73d,10,Lab,Noise
train/noise/2992ac2c2353e73d_w12.png,2992ac2c2353e73d,12,Lab,Noise
train/noise/2992ac2c2353e73d_w18.png,2992ac2c2353e73d,18,Lab,Noise
train/noise/2992ac2c2353e73d_w26.png,2992ac2c2353e73d,26,Lab,Noise
train/noise/299f60d58530a2e3_w01.png,299f60d58530a2e3,1,Lab,Noise
train/noise/299f60d58530a2e3_w04.png,299f60d58530a2e3,4,Lab,Noise
train/noise/299f60d58530a2e3_w05.png,299f60d58530a2e3,5,Lab,Noise
train/noise/299f60d58530a2e3_w10.png,299f60d58530a2e3,10,Lab,Noise
train/noise/299f60d58530a2e3_w13.png,299f60d58530a2e3,13,Lab,Noise
train/noise/299f60d58530a2e3_w18.png,299f60d58530a2e3,18,Lab,Noise
train/noise/299f60d58530a2e3_w24.png,299f60d58530a2e3,24,Lab,Noise
train/noise/299f60d58530a2e3_w25.png,299f60d58530a2e3,25,Lab,Noise
train/noise/29af74cbc5f0cf05_w00.png,29af74cbc5f0cf05,0,Lab,Noise
train/noise/29af74cbc5f0cf05_w06.png,29af74cbc5f0cf05,6,Lab,Noise
train/noise/29af74cbc5f0cf05_w10.png,29af74cbc5f0cf05,10,Lab,Noise
train/noise/29af74cbc5f0cf05_w15.png,29af74cbc5f0cf05,15,Lab,Noise
train/noise/29af74cbc5f0cf05_w19.png,29af74cbc5f0cf05,19,Lab,Noise
train/noise/29af74cbc5f0cf05_w20.png,29af74cbc5f0cf05,20,Lab,Noise
train/noise/29af74cbc5f0cf05_w22.png,29af74cbc5f0cf05,22,Lab,Noise
train/noise/29af74cbc5f0cf05_w24.png,29af74cbc5f0cf05,24,Lab,Noise
train/noise/29d33cbc85ce18ed_w05.png,29d33cbc85ce18ed,5,Field,Noise
train/noise/29d33cbc85ce18ed_w07.png,29d33cbc85ce18ed,7,Field,Noise
train/noise/29d33cbc85ce18ed_w08.png,29d33cbc85ce18ed,8,Field,Noise
train/noise/29d33cbc85ce18ed_w10.png,29d33cbc85ce18ed,10,Field,Noise
train/noise/29d33cbc85ce18ed_w13.png,29d33cbc85ce18ed,13,Field,Noise
train/noise/29d33cbc85ce18ed_w16.png,29d33cbc85ce18ed,16,Field,Noise
train/noise/29d33cbc85ce18ed_w18.png,29d33cbc85ce18ed,18,Field,Noise
train/noise/29d33cbc85ce18ed_w25.png,29d33cbc85ce18ed,25,Field,Noise
train/noise/2a188a04afe0efbd_w03.png,2a188a04afe0efbd,3,Field,Noise
train/noise/2a188a04afe0efbd_w10.png,2a188a04afe0efbd,10,Field,Noise
train/noise/2a188a04afe0efbd_w13.png,2a188a04afe0efbd,13,Field,Noise
train/noise/2a188a04afe0efbd_w16.png,2a188a04afe0efbd,16,Field,Noise
train/noise/2a188a04afe0efbd_w17.png,2a188a04afe0efbd,17,Field,Noise
train/noise/2a188a04afe0efbd_w21.png,2a188a04afe0efbd,21,Field,Noise
train/noise/2a188a04afe0efbd_w24.png,2a188a04afe0efbd,24,Field,Noise
train/noise/2a188a04afe0efbd_w25.png,2a188a04afe0efbd,25,Field,Noise
train/noise/2a3c657bfe0bd66e_w01.png,2a3c657bfe0bd66e,1,Field,Noise
train/noise/2a3c657bfe0bd66e_w04.png,2a3c657bfe0bd66e,4,Field,Noise
train/noise/2a3c657bfe0bd66e_w10.png,2a3c657bfe0bd66e,10,Field,Noise
train/noise/2a3c657bfe0bd66e_w16.png,2a3c657bfe0bd66e,16,Field,Noise
train/noise/2a3c657bfe0bd66e_w18.png,2a3c657bfe0bd66e,18,Field,Noise
train/noise/2a3c657bfe0bd66e_w20.png,2a3c657bfe0bd66e,20,Field,Noise
train/noise/2a3c657bfe0bd66e_w24.png,2a3c657bfe0bd66e,24,Field,Noise
train/noise/2a3c657bfe0bd66e_w25.png,2a3c657bfe0bd66e,25,Field,Noise
train/noise/2ab249945173f166_w05.png,2ab249945173f166,5,Field,Noise
train/noise/2ab249945173f166_w08.png,2ab249945173f166,8,Field,Noise
train/noise/2ab249945173f166_w10.png,2ab249945173f166,10,Field,Noise
train/noise/2ab249945173f166_w15.png,2ab249945173f166,15,Field,Noise
train/noise/2ab249945173f166_w16.png,2ab249945173f166,16,Field,Noise
train/noise/2ab249945173f166_w19.png,2ab249945173f166,19,Field,Noise
train/noise/2ab249945173f166_w20.png,2ab249945173f166,20,Field,Noise
train/noise/2ab249945173f166_w25.png,2ab249945173f166,25,Field,Noise
train/noise/2ab67b97ae3c9194_w02.png,2ab67b97ae3c9194,2,Field,Noise
train/noise/2ab67b97ae3c9194_w04.png,2ab67b97ae3c9194,4,Field,Noise
train/noise/2ab67b97ae3c9194_w06.png,2ab67b97ae3c9194,6,Field,Noise
train/noise/2ab67b97ae3c9194_w09.png,2ab67b97ae3c9194,9,Field,Noise
train/noise/2ab67b97ae3c9194_w10.png,2ab67b97ae3c9194,10,Field,Noise
train/noise/2ab67b97ae3c9194_w20.png,2ab67b97ae3c9194,20,Field,Noise
train/noise/2ab67b97ae3c9194_w21.png,2ab67b97ae3c9194,21,Field,Noise
train/noise/2ab67b97ae3c9194_w23.png,2ab67b97ae3c9194,23,Field,Noise
train/noise/2abe13208635f716_w03.png,2abe13208635f716,3,Field,Noise
train/noise/2abe13208635f716_w09.png,2abe13208635f716,9,Field,Noise
train/noise/2abe13208635f716_w11.png,2abe13208635f716,11,Field,Noise
train/noise/2abe13208635f716_w15.png,2abe13208635f716,15,Field,Noise
train/noise/2abe13208635f716_w18.png,2abe13208635f716,18,Field,Noise
train/noise/2abe13208635f716_w20.png,2abe13208635f716,20,Field,Noise
train/noise/2abe13208635f716_w24.png,2abe13208635f716,24,Field,Noise
train/noise/2abe13208635f716_w25.png,2abe13208635f716,25,Field,Noise
train/noise/2b19f574cc511718_w01.png,2b19f574cc511718,1,Field,Noise
train/noise/2b19f574cc511718_w07.png,2b19f574cc511718,7,Field,Noise
train/noise/2b19f574cc511718_w09.png,2b19f574cc511718,9,Field,Noise
train/noise/2b19f574cc511718_w15.png,2b19f574cc511718,15,Field,Noise
train/noise/2b19f574cc511718_w19.png,2b19f574cc511718,19,Field,Noise
train/noise/2b19f574cc511718_w20.png,2b19f574cc511718,20,Field,Noise
train/noise/2b19f574cc511718_w22.png,2b19f574cc511718,22,Field,Noise
train/noise/2b19f574cc511718_w23.png,2b19f574cc511718,23,Field,Noise
train/noise/2b5a918896211e1e_w00.png,2b5a918896211e1e,0,Lab,Noise
train/noise/2b5a918896211e1e_w01.png,2b5a918896211e1e,1,Lab,Noise
train/noise/2b5a918896211e1e_w04.png,2b5a918896211e1e,4,Lab,Noise
train/noise/2b5a918896211e1e_w07.png,2b5a918896211e1e,7,Lab,Noise
train/noise/2b5a918896211e1e_w09.png,2b5a918896211e1e,9,Lab,Noise
train/noise/2b5a918896211e1e_w12.png,2b5a918896211e1e,12,Lab,Noise
train/noise/2b5a918896211e1e_w14.png,2b5a918896211e1e,14,Lab,Noise
train/noise/2b5a918896211e1e_w18.png,2b5a918896211e1e,18,Lab,Noise
train/noise/2b7c9ed556aa2ab6_w08.png,2b7c9ed556aa2ab6,8,Field,Noise
train/noise/2b7c9ed556aa2ab6_w12.png,2b7c9ed556aa2ab6,12,Field,Noise
train/noise/2b7c9ed556aa2ab6_w13.png,2b7c9ed556aa2ab6,13,Field,Noise
train/noise/2b7c9ed556aa2ab6_w15.png,2b7c9ed556aa2ab6,15,Field,Noise
train/noise/2b7c9ed556aa2ab6_w16.png,2b7c9ed556aa2ab6,16,Field,Noise
train/noise/2b7c9ed556aa2ab6_w18.png,2b7c9ed556aa2ab6,18,Field,Noise
train/noise/2b7c9ed556aa2ab6_w19.png,2b7c9ed556aa2ab6,19,Field,Noise
train/noise/2b7c9ed556aa2ab6_w27.png,2b7c9ed556aa2ab6,27,Field,Noise
train/noise/2bca2655eea906ba_w01.png,2bca2655eea906ba,1,Field,Noise
train/noise/2bca2655eea906ba_w04.png,2bca2655eea906ba,4,Field,Noise
train/noise/2bca2655eea906ba_w09.png,2bca2655eea906ba,9,Field,Noise
train/noise/2bca2655eea906ba_w13.png,2bca2655eea906ba,13,Field,Noise
train/noise/2bca2655eea906ba_w14.png,2bca2655eea906ba,14,Field,Noise
train/noise/2bca2655eea906ba_w16.png,2bca2655eea906ba,16,Field,Noise
train/noise/2bca2655eea906ba_w18.png,2bca2655eea906ba,18,Field,Noise
train/noise/2bca2655eea906ba_w24.png,2bca2655eea906ba,24,Field,Noise
train/noise/2bf4a85686a25f93_w05.png,2bf4a85686a25f93,5,Field,Noise
train/noise/2bf4a85686a25f93_w08.png,2bf4a85686a25f93,8,Field,Noise
train/noise/2bf4a85686a25f93_w09.png,2bf4a85686a25f93,9,Field,Noise
train/noise/2bf4a85686a25f93_w12.png,2bf4a85686a25f93,12,Field,Noise
train/noise/2bf4a85686a25f93_w14.png,2bf4a85686a25f93,14,Field,Noise
train/noise/2bf4a85686a25f93_w16.png,2bf4a85686a25f93,16,Field,Noise
train/noise/2bf4a85686a25f93_w23.png,2bf4a85686a25f93,23,Field,Noise
train/noise/2bf4a85686a25f93_w24.png,2bf4a85686a25f93,24,Field,Noise
train/noise/2c05afd3b43b4b2a_w00.png,2c05afd3b43b4b2a,0,Field,Noise
train/noise/2c05afd3b43b4b2a_w02.png,2c05afd3b43b4b2a,2,Field,Noise
train/noise/2c05afd3b43b4b2a_w07.png,2c05afd3b43b4b2a,7,Field,Noise
train/noise/2c05afd3b43b4b2a_w16.png,2c05afd3b43b4b2a,16,Field,Noise
train/noise/2c05afd3b43b4b2a_w18.png,2c05afd3b43b4b2a,18,Field,Noise
train/noise/2c05afd3b43b4b2a_w21.png,2c05afd3b43b4b2a,21,Field,Noise
train/noise/2c05afd3b43b4b2a_w22.png,2c05afd3b43b4b2a,22,Field,Noise
train/noise/2c05afd3b43b4b2a_w26.png,2c05afd3b43b4b2a,26,Field,Noise
train/noise/2c5547cb797f4a06_w01.png,2c5547cb797f4a06,1,Lab,Noise
train/noise/2c5547cb797f4a06_w02.png,2c5547cb797f4a06,2,Lab,Noise
train/noise/2c5547cb797f4a06_w04.png,2c5547cb797f4a06,4,Lab,Noise
train/noise/2c5547cb797f4a06_w09.png,2c5547cb797f4a06,9,Lab,Noise
train/noise/2c5547cb797f4a06_w13.png,2c5547cb797f4a06,13,Lab,Noise
train/noise/2c5547cb797f4a06_w20.png,2c5547cb797f4a06,20,Lab,Noise
train/noise/2c5547cb797f4a06_w25.png,2c5547cb797f4a06,25,Lab,Noise
train/noise/2c5547cb797f4a06_w27.png,2c5547cb797f4a06,27,Lab,Noise
train/noise/2c97bc48f525424f_w03.png,2c97bc48f525424f,3,Field,Noise
train/noise/2c97bc48f525424f_w05.png,2c97bc48f525424f,5,Field,Noise
train/noise/2c97bc48f525424f_w06.png,2c97bc48f525424f,6,Field,Noise
train/noise/2c97bc48f525424f_w13.png,2c97bc48f525424f,13,Field,Noise
train/noise/2c97bc48f525424f_w17.png,2c97bc48f525424f,17,Field,Noise
train/noise/2c97bc48f525424f_w19.png,2c97bc48f525424f,19,Field,Noise
train/noise/2c97bc48f525424f_w20.png,2c97bc48f525424f,20,Field,Noise
train/noise/2c97bc48f525424f_w27.png,2c97bc48f525424f,27,Field,Noise
train/noise/2cd4557b66bbf7a4_w04.png,2cd4557b66bbf7a4,4,Field,Noise
train/noise/2cd4557b66bbf7a4_w09.png,2cd4557b66bbf7a4,9,Field,Noise
train/noise/2cd4557b66bbf7a4_w12.png,2cd4557b66bbf7a4,12,Field,Noise
train/noise/2cd4557b66bbf7a4_w15.png,2cd4557b66bbf7a4,15,Field,Noise
train/noise/2cd4557b66bbf7a4_w17.png,2cd4557b66bbf7a4,17,Field,Noise
train/noise/2cd4557b66bbf7a4_w21.png,2cd4557b66bbf7a4,21,Field,Noise
train/noise/2cd4557b66bbf7a4_w23.png,2cd4557b66bbf7a4,23,Field,Noise
train/noise/2cd4557b66bbf7a4_w25.png,2cd4557b66bbf7a4,25,Field,Noise
train/noise/2d0634e251e1fa5d_w01.png,2d0634e251e1fa5d,1,Field,Noise
train/noise/2d0634e251e1fa5d_w04.png,2d0634e251e1fa5d,4,Field,Noise
train/noise/2d0634e251e1fa5d_w10.png,2d0634e251e1fa5d,10,Field,Noise
train/noise/2d0634e251e1fa5d_w15.png,2d0634e251e1fa5d,15,Field,Noise
train/noise/2d0634e251e1fa5d_w16.png,2d0634e251e1fa5d,16,Field,Noise
train/noise/2d0634e251e1fa5d_w20.png,2d0634e251e1fa5d,20,Field,Noise
train/noise/2d0634e251e1fa5d_w21.png,2d0634e251e1fa5d,21,Field,Noise
train/noise/2d0634e251e1fa5d_w24.png,2d0634e251e1fa5d,24,Field,Noise
train/noise/2d292f3c6cbccb49_w00.png,2d292f3c6cbccb49,0,Field,Noise
train/noise/2d292f3c6cbccb49_w02.png,2d292f3c6cbccb49,2,Field,Noise
train/noise/2d292f3c6cbccb49_w04.png,2d292f3c6cbccb49,4,Field,Noise
train/noise/2d292f3c6cbccb49_w11.png,2d292f3c6cbccb49,11,Field,Noise
train/noise/2d292f3c6cbccb49_w13.png,2d292f3c6cbccb49,13,Field,Noise
train/noise/2d292f3c6cbccb49_w14.png,2d292f3c6cbccb49,14,Field,Noise
train/noise/2d292f3c6cbccb49_w16.png,2d292f3c6cbccb49,16,Field,Noise
train/noise/2d292f3c6cbccb49_w25.png,2d292f3c6cbccb49,25,Field,Noise
train/noise/2d8c184320168e8f_w04.png,2d8c184320168e8f,4,Field,Noise
train/noise/2d8c184320168e8f_w05.png,2d8c184320168e8f,5,Field,Noise
train/noise/2d8c184320168e8f_w10.png,2d8c184320168e8f,10,Field,Noise
train/noise/2d8c184320168e8f_w11.png,2d8c184320168e8f,11,Field,Noise
train/noise/2d8c184320168e8f_w13.png,2d8c184320168e8f,13,Field,Noise
train/noise/2d8c184320168e8f_w19.png,2d8c184320168e8f,19,Field,Noise
train/noise/2d8c184320168e8f_w23.png,2d8c184320168e8f,23,Field,Noise
train/noise/2d8c184320168e8f_w25.png,2d8c184320168e8f,25,Field,Noise
train/noise/2e3755ed6a421caf_w02.png,2e3755ed6a421caf,2,Field,Noise
train/noise/2e3755ed6a421caf_w04.png,2e3755ed6a421caf,4,Field,Noise
train/noise/2e3755ed6a421caf_w06.png,2e3755ed6a421caf,6,Field,Noise
train/noise/2e3755ed6a421caf_w09.png,2e3755ed6a421caf,9,Field,Noise
train/noise/2e3755ed6a421caf_w11.png,2e3755ed6a421caf,11,Field,Noise
train/noise/2e3755ed6a421caf_w22.png,2e3755ed6a421caf,22,Field,Noise
train/noise/2e3755ed6a421caf_w25.png,2e3755ed6a421caf,25,Field,Noise
train/noise/2e3755ed6a421caf_w27.png,2e3755ed6a421caf,27,Field,Noise
train/noise/2e4007a425ba404f_w00.png,2e4007a425ba404f,0,Field,Noise
train/noise/2e4007a425ba404f_w07.png,2e4007a425ba404f,7,Field,Noise
train/noise/2e4007a425ba404f_w10.png,2e4007a425ba404f,10,Field,Noise
train/noise/2e4007a425ba404f_w13.png,2e4007a425ba404f,13,Field,Noise
train/noise/2e4007a425ba404f_w15.png,2e4007a425ba404f,15,Field,Noise
train/noise/2e4007a425ba404f_w19.png,2e4007a425ba404f,19,Field,Noise
train/noise/2e4007a425ba404f_w22.png,2e4007a425ba404f,22,Field,Noise
train/noise/2e4007a425ba404f_w23.png,2e4007a425ba404f,23,Field,Noise
train/noise/2ebf5b72e7d6c386_w01.png,2ebf5b72e7d6c386,1,Field,Noise
train/noise/2ebf5b72e7d6c386_w04.png,2ebf5b72e7d6c386,4,Field,Noise
train/noise/2ebf5b72e7d6c386_w06.png,2ebf5b72e7d6c386,6,Field,Noise
train/noise/2ebf5b72e7d6c386_w17.png,2ebf5b72e7d6c386,17,Field,Noise
train/noise/2ebf5b72e7d6c386_w18.png,2ebf5b72e7d6c386,18,Field,Noise
train/noise/2ebf5b72e7d6c386_w21.png,2ebf5b72e7d6c386,21,Field,Noise
train/noise/2ebf5b72e7d6c386_w23.png,2ebf5b72e7d6c386,23,Field,Noise
train/noise/2ebf5b72e7d6c386_w27.png,2ebf5b72e7d6c386,27,Field,Noise
train/noise/2f4c91db73a43248_w00.png,2f4c91db73a43248,0,Field,Noise
train/noise/2f4c91db73a43248_w03.png,2f4c91db73a43248,3,Field,Noise
train/noise/2f4c91db73a43248_w08.png,2f4c91db73a43248,8,Field,Noise
train/noise/2f4c91db73a43248_w11.png,2f4c91db73a43248,11,Field,Noise
train/noise/2f4c91db73a43248_w13.png,2f4c91db73a43248,13,Field,Noise
train/noise/2f4c91db73a43248_w14.png,2f4c91db73a43248,14,Field,Noise
train/noise/2f4c91db73a43248_w19.png,2f4c91db73a43248,19,Field,Noise
train/noise/2f4c91db73a43248_w25.png,2f4c91db73a43248,25,Field,Noise
train/noise/2f7fae980b539ebf_w00.png,2f7fae980b539ebf,0,Field,Noise
train/noise/2f7fae980b539ebf_w08.png,2f7fae980b539ebf,8,Field,Noise
train/noise/2f7fae980b539ebf_w14.png,2f7fae980b539ebf,14,Field,Noise
train/noise/2f7fae980b539ebf_w17.png,2f7fae980b539ebf,17,Field,Noise
train/noise/2f7fae980b539ebf_w19.png,2f7fae980b539ebf,19,Field,Noise
train/noise/2f7fae980b539ebf_w21.png,2f7fae980b539ebf,21,Field,Noise
train/noise/2f7fae980b539ebf_w23.png,2f7fae980b539ebf,23,Field,Noise
train/noise/2f7fae980b539ebf_w27.png,2f7fae980b539ebf,27,Field,Noise
train/noise/2f8663c4bddafeeb_w03.png,2f8663c4bddafeeb,3,Field,Noise
train/noise/2f8663c4bddafeeb_w04.png,2f8663c4bddafeeb,4,Field,Noise
train/noise/2f8663c4bddafeeb_w10.png,2f8663c4bddafeeb,10,Field,Noise
train/noise/2f8663c4bddafeeb_w13.png,2f8663c4bddafeeb,13,Field,Noise
train/noise/2f8663c4bddafeeb_w14.png,2f8663c4bddafeeb,14,Field,Noise
train/noise/2f8663c4bddafeeb_w16.png,2f8663c4bddafeeb,16,Field,Noise
train/noise/2f8663c4bddafeeb_w20.png,2f8663c4bddafeeb,20,Field,Noise
train/noise/2f8663c4bddafeeb_w23.png,2f8663c4bddafeeb,23,Field,Noise
train/noise/2fa5359e6c12a96d_w03.png,2fa5359e6c12a96d,3,Field,Noise
train/noise/2fa5359e6c12a96d_w04.png,2fa5359e6c12a96d,4,Field,Noise
train/noise/2fa5359e6c12a96d_w05.png,2fa5359e6c12a96d,5,Field,Noise
train/noise/2fa5359e6c12a96d_w11.png,2fa5359e6c12a96d,11,Field,Noise
train/noise/2fa5359e6c12a96d_w14.png,2fa5359e6c12a96d,14,Field,Noise
train/noise/2fa5359e6c12a96d_w23.png,2fa5359e6c12a96d,23,Field,Noise
train/noise/2fa5359e6c12a96d_w24.png,2fa5359e6c12a96d,24,Field,Noise
train/noise/2fa5359e6c12a96d_w26.png,2fa5359e6c12a96d,26,Field,Noise
train/noise/2fb21772cf8eea5a_w01.png,2fb21772cf8eea5a,1,Field,Noise
train/noise/2fb21772cf8eea5a_w02.png,2fb21772cf8eea5a,2,Field,Noise
train/noise/2fb21772cf8eea5a_w04.png,2fb21772cf8eea5a,4,Field,Noise
train/noise/2fb21772cf8eea5a_w19.png,2fb21772cf8eea5a,19,Field,Noise
train/noise/2fb21772cf8eea5a_w20.png,2fb21772cf8eea5a,20,Field,Noise
train/noise/2fb21772cf8eea5a_w22.png,2fb21772cf8eea5a,22,Field,Noise
train/noise/2fb21772cf8eea5a_w24.png,2fb21772cf8eea5a,24,Field,Noise
train/noise/2fb21772cf8eea5a_w25.png,2fb21772cf8eea5a,25,Field,Noise
train/noise/300439d8af426e67_w04.png,300439d8af426e67,4,Field,Noise
train/noise/300439d8af426e67_w08.png,300439d8af426e67,8,Field,Noise
train/noise/300439d8af426e67_w10.png,300439d8af426e67,10,Field,Noise
train/noise/300439d8af426e67_w11.png,300439d8af426e67,11,Field,Noise
train/noise/300439d8af426e67_w15.png,300439d8af426e67,15,Field,Noise
train/noise/300439d8af426e67_w24.png,300439d8af426e67,24,Field,Noise
train/noise/300439d8af426e67_w26.png,300439d8af426e67,26,Field,Noise
train/noise/300439d8af426e67_w27.png,300439d8af426e67,27,Field,Noise
train/noise/30638bde95d0136b_w03.png,30638bde95d0136b,3,Field,Noise
train/noise/30638bde95d0136b_w06.png,30638bde95d0136b,6,Field,Noise
train/noise/30638bde95d0136b_w07.png,30638bde95d0136b,7,Field,Noise
train/noise/30638bde95d0136b_w13.png,30638bde95d0136b,13,Field,Noise
train/noise/30638bde95d0136b_w23.png,30638bde95d0136b,23,Field,Noise
train/noise/30638bde95d0136b_w25.png,30638bde95d0136b,25,Field,Noise
train/noise/30638bde95d0136b_w26.png,30638bde95d0136b,26,Field,Noise
train/noise/30638bde95d0136b_w27.png,30638bde95d0136b,27,Field,Noise
train/noise/30ce99acf67ca5b0_w01.png,30ce99acf67ca5b0,1,Lab,Noise
train/noise/30ce99acf67ca5b0_w04.png,30ce99acf67ca5b0,4,Lab,Noise
train/noise/30ce99acf67ca5b0_w07.png,30ce99acf67ca5b0,7,Lab,Noise
train/noise/30ce99acf67ca5b0_w08.png,30ce99acf67ca5b0,8,Lab,Noise
train/noise/30ce99acf67ca5b0_w10.png,30ce99acf67ca5b0,10,Lab,Noise
train/noise/30ce99acf67ca5b0_w19.png,30ce99acf67ca5b0,19,Lab,Noise
train/noise/30ce99acf67ca5b0_w25.png,30ce99acf67ca5b0,25,Lab,Noise
train/noise/30ce99acf67ca5b0_w27.png,30ce99acf67ca5b0,27,Lab,Noise
train/noise/30e59175922d1359_w02.png,30e59175922d1359,2,Field,Noise
train/noise/30e59175922d1359_w05.png,30e59175922d1359,5,Field,Noise
train/noise/30e59175922d1359_w08.png,30e59175922d1359,8,Field,Noise
train/noise/30e59175922d1359_w10.png,30e59175922d1359,10,Field,Noise
train/noise/30e59175922d1359_w13.png,30e59175922d1359,13,Field,Noise
train/noise/30e59175922d1359_w19.png,30e59175922d1359,19,Field,Noise
train/noise/30e59175922d1359_w23.png,30e59175922d1359,23,Field,Noise
train/noise/30e59175922d1359_w24.png,30e59175922d1359,24,Field,Noise
train/noise/30ebdde0f13e7858_w05.png,30ebdde0f13e7858,5,Lab,Noise
train/noise/30ebdde0f13e7858_w06.png,30ebdde0f13e7858,6,Lab,Noise
train/noise/30ebdde0f13e7858_w09.png,30ebdde0f13e7858,9,Lab,Noise
train/noise/30ebdde0f13e7858_w16.png,30ebdde0f13e7858,16,Lab,Noise
train/noise/30ebdde0f13e7858_w17.png,30ebdde0f13e7858,17,Lab,Noise
train/noise/30ebdde0f13e7858_w18.png,30ebdde0f13e7858,18,Lab,Noise
train/noise/30ebdde0f13e7858_w19.png,30ebdde0f13e7858,19,Lab,Noise
train/noise/30ebdde0f13e7858_w26.png,30ebdde0f13e7858,26,Lab,Noise
train/noise/31406f1e5c84d8d5_w09.png,31406f1e5c84d8d5,9,Field,Noise
train/noise/31406f1e5c84d8d5_w10.png,31406f1e5c84d8d5,10,Field,Noise
train/noise/31406f1e5c84d8d5_w11.png,31406f1e5c84d8d5,11,Field,Noise
train/noise/31406f1e5c84d8d5_w13.png,31406f1e5c84d8d5,13,Field,Noise
train/noise/31406f1e5c84d8d5_w14.png,31406f1e5c84d8d5,14,Field,Noise
train/noise/31406f1e5c84d8d5_w16.png,31406f1e5c84d8d5,16,Field,Noise
train/noise/31406f1e5c84d8d5_w25.png,31406f1e5c84d8d5,25,Field,Noise
train/noise/31406f1e5c84d8d5_w27.png,31406f1e5c84d8d5,27,Field,Noise
train/noise/3159feac5c2f8438_w08.png,3159feac5c2f8438,8,Field,Noise
train/noise/3159feac5c2f8438_w10.png,3159feac5c2f8438,10,Field,Noise
train/noise/3159feac5c2f8438_w13.png,3159feac5c2f8438,13,Field,Noise
train/noise/3159feac5c2f8438_w17.png,3159feac5c2f8438,17,Field,Noise
train/noise/3159feac5c2f8438_w18.png,3159feac5c2f8438,18,Field,Noise
train/noise/3159feac5c2f8438_w21.png,3159feac5c2f8438,21,Field,Noise
train/noise/3159feac5c2f8438_w22.png,3159feac5c2f8438,22,Field,Noise
train/noise/3159feac5c2f8438_w27.png,3159feac5c2f8438,27,Field,Noise
train/noise/31675d55aae1681a_w04.png,31675d55aae1681a,4,Field,Noise
train/noise/31675d55aae1681a_w08.png,31675d55aae1681a,8,Field,Noise
train/noise/31675d55aae1681a_w10.png,31675d55aae1681a,10,Field,Noise
train/noise/31675d55aae1681a_w15.png,31675d55aae1681a,15,Field,Noise
train/noise/31675d55aae1681a_w19.png,31675d55aae1681a,19,Field,Noise
train/noise/31675d55aae1681a_w20.png,31675d55aae1681a,20,Field,Noise
train/noise/31675d55aae1681a_w26.png,31675d55aae1681a,26,Field,Noise
train/noise/31675d55aae1681a_w27.png,31675d55aae1681a,27,Field,Noise
train/noise/318ee13a0a8cb474_w06.png,318ee13a0a8cb474,6,Field,Noise
train/noise/318ee13a0a8cb474_w09.png,318ee13a0a8cb474,9,Field,Noise
train/noise/318ee13a0a8cb474_w10.png,318ee13a0a8cb474,10,Field,Noise
train/noise/318ee13a0a8cb474_w11.png,318ee13a0a8cb474,11,Field,Noise
train/noise/318ee13a0a8cb474_w12.png,318ee13a0a8cb474,12,Field,Noise
train/noise/318ee13a0a8cb474_w14.png,318ee13a0a8cb474,14,Field,Noise
train/noise/318ee13a0a8cb474_w22.png,318ee13a0a8cb474,22,Field,Noise
train/noise/318ee13a0a8cb474_w27.png,318ee13a0a8cb474,27,Field,Noise
train/noise/31c3b7ba4d1e736c_w03.png,31c3b7ba4d1e736c,3,Field,Noise
train/noise/31c3b7ba4d1e736c_w04.png,31c3b7ba4d1e736c,4,Field,Noise
train/noise/31c3b7ba4d1e736c_w05.png,31c3b7ba4d1e736c,5,Field,Noise
train/noise/31c3b7ba4d1e736c_w06.png,31c3b7ba4d1e736c,6,Field,Noise
train/noise/31c3b7ba4d1e736c_w08.png,31c3b7ba4d1e736c,8,Field,Noise
train/noise/31c3b7ba4d1e736c_w11.png,31c3b7ba4d1e736c,11,Field,Noise
train/noise/31c3b7ba4d1e736c_w25.png,31c3b7ba4d1e736c,25,Field,Noise
train/noise/31c3b7ba4d1e736c_w26.png,31c3b7ba4d1e736c,26,Field,Noise
train/noise/31e87ab1b7c96b15_w10.png,31e87ab1b7c96b15,10,Lab,Noise
train/noise/31e87ab1b7c96b15_w12.png,31e87ab1b7c96b15,12,Lab,Noise
train/noise/31e87ab1b7c96b15_w13.png,31e87ab1b7c96b15,13,Lab,Noise
train/noise/31e87ab1b7c96b15_w14.png,31e87ab1b7c96b15,14,Lab,Noise
train/noise/31e87ab1b7c96b15_w15.png,31e87ab1b7c96b15,15,Lab,Noise
train/noise/31e87ab1b7c96b15_w17.png,31e87ab1b7c96b15,17,Lab,Noise
train/noise/31e87ab1b7c96b15_w20.png,31e87ab1b7c96b15,20,Lab,Noise
train/noise/31e87ab1b7c96b15_w27.png,31e87ab1b7c96b15,27,Lab,Noise
train/noise/321c5dea1c696187_w02.png,321c5dea1c696187,2,Field,Noise
train/noise/321c5dea1c696187_w06.png,321c5dea1c696187,6,Field,Noise
train/noise/321c5dea1c696187_w09.png,321c5dea1c696187,9,Field,Noise
train/noise/321c5dea1c696187_w12.png,321c5dea1c696187,12,Field,Noise
train/noise/321c5dea1c696187_w13.png,321c5dea1c696187,13,Field,Noise
train/noise/321c5dea1c696187_w22.png,321c5dea1c696187,22,Field,Noise
train/noise/321c5dea1c696187_w23.png,321c5dea1c696187,23,Field,Noise
train/noise/321c5dea1c696187_w27.png,321c5dea1c696187,27,Field,Noise
train/noise/32305c6a8c4cb526_w00.png,32305c6a8c4cb526,0,Field,Noise
train/noise/32305c6a8c4cb526_w06.png,32305c6a8c4cb526,6,Field,Noise
train/noise/32305c6a8c4cb526_w09.png,32305c6a8c4cb526,9,Field,Noise
train/noise/32305c6a8c4cb526_w11.png,32305c6a8c4cb526,11,Field,Noise
train/noise/32305c6a8c4cb526_w12.png,32305c6a8c4cb526,12,Field,Noise
train/noise/32305c6a8c4cb526_w18.png,32305c6a8c4cb526,18,Field,Noise
train/noise/32305c6a8c4cb526_w21.png,32305c6a8c4cb526,21,Field,Noise
train/noise/32305c6a8c4cb526_w25.png,32305c6a8c4cb526,25,Field,Noise
train/noise/324bc796d7f1c4c5_w00.png,324bc796d7f1c4c5,0,Lab,Noise
train/noise/324bc796d7f1c4c5_w06.png,324bc796d7f1c4c5,6,Lab,Noise
train/noise/324bc796d7f1c4c5_w09.png,324bc796d7f1c4c5,9,Lab,Noise
train/noise/324bc796d7f1c4c5_w11.png,324bc796d7f1c4c5,11,Lab,Noise
train/noise/324bc796d7f1c4c5_w16.png,324bc796d7f1c4c5,16,Lab,Noise
train/noise/324bc796d7f1c4c5_w17.png,324bc796d7f1c4c5,17,Lab,Noise
train/noise/324bc796d7f1c4c5_w23.png,324bc796d7f1c4c5,23,Lab,Noise
train/noise/324bc796d7f1c4c5_w26.png,324bc796d7f1c4c5,26,Lab,Noise
train/noise/3285840e0b398946_w00.png,3285840e0b398946,0,Field,Noise
train/noise/3285840e0b398946_w01.png,3285840e0b398946,1,Field,Noise
train/noise/3285840e0b398946_w02.png,3285840e0b398946,2,Field,Noise
train/noise/3285840e0b398946_w04.png,3285840e0b398946,4,Field,Noise
train/noise/3285840e0b398946_w15.png,3285840e0b398946,15,Field,Noise
train/noise/3285840e0b398946_w21.png,3285840e0b398946,21,Field,Noise
train/noise/3285840e0b398946_w22.png,3285840e0b398946,22,Field,Noise
train/noise/3285840e0b398946_w23.png,3285840e0b398946,23,Field,Noise
train/noise/32e0502ecd628796_w02.png,32e0502ecd628796,2,Field,Noise
train/noise/32e0502ecd628796_w04.png,32e0502ecd628796,4,Field,Noise
train/noise/32e0502ecd628796_w06.png,32e0502ecd628796,6,Field,Noise
train/noise/32e0502ecd628796_w08.png,32e0502ecd628796,8,Field,Noise
train/noise/32e0502ecd628796_w16.png,32e0502ecd628796,16,Field,Noise
train/noise/32e0502ecd628796_w20.png,32e0502ecd628796,20,Field,Noise
train/noise/32e0502ecd628796_w24.png,32e0502ecd628796,24,Field,Noise
train/noise/32e0502ecd628796_w25.png,32e0502ecd628796,25,Field,Noise
train/noise/33585cd1f7467ca9_w05.png,33585cd1f7467ca9,5,Field,Noise
train/noise/33585cd1f7467ca9_w11.png,33585cd1f7467ca9,11,Field,Noise
train/noise/33585cd1f7467ca9_w13.png,33585cd1f7467ca9,13,Field,Noise
train/noise/33585cd1f7467ca9_w14.png,33585cd1f7467ca9,14,Field,Noise
train/noise/33585cd1f7467ca9_w15.png,33585cd1f7467ca9,15,Field,Noise
train/noise/33585cd1f7467ca9_w18.png,33585cd1f7467ca9,18,Field,Noise
train/noise/33585cd1f7467ca9_w20.png,33585cd1f7467ca9,20,Field,Noise
train/noise/33585cd1f7467ca9_w24.png,33585cd1f7467ca9,24,Field,Noise
train/noise/3367e774de7482b2_w01.png,3367e774de7482b2,1,Field,Noise
train/noise/3367e774de7482b2_w04.png,3367e774de7482b2,4,Field,Noise
train/noise/3367e774de7482b2_w06.png,3367e774de7482b2,6,Field,Noise
train/noise/3367e774de7482b2_w07.png,3367e774de7482b2,7,Field,Noise
train/noise/3367e774de7482b2_w12.png,3367e774de7482b2,12,Field,Noise
train/noise/3367e774de7482b2_w18.png,3367e774de7482b2,18,Field,Noise
train/noise/3367e774de7482b2_w20.png,3367e774de7482b2,20,Field,Noise
train/noise/3367e774de7482b2_w26.png,3367e774de7482b2,26,Field,Noise
train/noise/33737b1263ab1319_w06.png,33737b1263ab1319,6,Field,Noise
train/noise/33737b1263ab1319_w08.png,33737b1263ab1319,8,Field,Noise
train/noise/33737b1263ab1319_w09.png,33737b1263ab1319,9,Field,Noise
train/noise/33737b1263ab1319_w11.png,33737b1263ab1319,11,Field,Noise
train/noise/33737b1263ab1319_w13.png,33737b1263ab1319,13,Field,Noise
train/noise/33737b1263ab1319_w16.png,33737b1263ab1319,16,Field,Noise
train/noise/33737b1263ab1319_w20.png,33737b1263ab1319,20,Field,Noise
train/noise/33737b1263ab1319_w21.png,33737b1263ab1319,21,Field,Noise
train/noise/341cb1129761fbc7_w00.png,341cb1129761fbc7,0,Field,Noise
train/noise/341cb1129761fbc7_w07.png,341cb1129761fbc7,7,Field,Noise
train/noise/341cb1129761fbc7_w09.png,341cb1129761fbc7,9,Field,Noise
train/noise/341cb1129761fbc7_w11.png,341cb1129761fbc7,11,Field,Noise
train/noise/341cb1129761fbc7_w13.png,341cb1129761fbc7,13,Field,Noise
train/noise/341cb1129761fbc7_w20.png,341cb1129761fbc7,20,Field,Noise
train/noise/341cb1129761fbc7_w25.png,341cb1129761fbc7,25,Field,Noise
train/noise/341cb1129761fbc7_w26.png,341cb1129761fbc7,26,Field,Noise
train/noise/34acada8a4d93f5c_w00.png,34acada8a4d93f5c,0,Field,Noise
train/noise/34acada8a4d93f5c_w05.png,34acada8a4d93f5c,5,Field,Noise
train/noise/34acada8a4d93f5c_w17.png,34acada8a4d93f5c,17,Field,Noise
train/noise/34acada8a4d93f5c_w20.png,34acada8a4d93f5c,20,Field,Noise
train/noise/34acada8a4d93f5c_w22.png,34acada8a4d93f5c,22,Field,Noise
train/noise/34acada8a4d93f5c_w23.png,34acada8a4d93f5c,23,Field,Noise
train/noise/34acada8a4d93f5c_w24.png,34acada8a4d93f5c,24,Field,Noise
train/noise/34acada8a4d93f5c_w26.png,34acada8a4d93f5c,26,Field,Noise
train/noise/34e3d09785a517cf_w02.png,34e3d09785a517cf,2,Field,Noise
train/noise/34e3d09785a517cf_w03.png,34e3d09785a517cf,3,Field,Noise
train/noise/34e3d09785a517cf_w04.png,34e3d09785a517cf,4,Field,Noise
train/noise/34e3d09785a517cf_w05.png,34e3d09785a517cf,5,Field,Noise
train/noise/34e3d09785a517cf_w11.png,34e3d09785a517cf,11,Field,Noise
train/noise/34e3d09785a517cf_w13.png,34e3d09785a517cf,13,Field,Noise
train/noise/34e3d09785a517cf_w15.png,34e3d09785a517cf,15,Field,Noise
train/noise/34e3d09785a517cf_w19.png,34e3d09785a517cf,19,Field,Noise
train/noise/34e7a26ebc907405_w01.png,34e7a26ebc907405,1,Field,Noise
train/noise/34e7a26ebc907405_w03.png,34e7a26ebc907405,3,Field,Noise
train/noise/34e7a26ebc907405_w05.png,34e7a26ebc907405,5,Field,Noise
train/noise/34e7a26ebc907405_w10.png,34e7a26ebc907405,10,Field,Noise
train/noise/34e7a26ebc907405_w18.png,34e7a26ebc907405,18,Field,Noise
train/noise/34e7a26ebc907405_w22.png,34e7a26ebc907405,22,Field,Noise
train/noise/34e7a26ebc907405_w23.png,34e7a26ebc907405,23,Field,Noise
train/noise/34e7a26ebc907405_w26.png,34e7a26ebc907405,26,Field,Noise
train/noise/34ea31b91530917f_w01.png,34ea31b91530917f,1,Field,Noise
train/noise/34ea31b91530917f_w03.png,34ea31b91530917f,3,Field,Noise
train/noise/34ea31b91530917f_w07.png,34ea31b91530917f,7,Field,Noise
train/noise/34ea31b91530917f_w08.png,34ea31b91530917f,8,Field,Noise
train/noise/34ea31b91530917f_w10.png,34ea31b91530917f,10,Field,Noise
train/noise/34ea31b91530917f_w22.png,34ea31b91530917f,22,Field,Noise
train/noise/34ea31b91530917f_w23.png,34ea31b91530917f,23,Field,Noise
train/noise/34ea31b91530917f_w26.png,34ea31b91530917f,26,Field,Noise
train/noise/354617c7ecb438e1_w04.png,354617c7ecb438e1,4,Field,Noise
train/noise/354617c7ecb438e1_w12.png,354617c7ecb438e1,12,Field,Noise
train/noise/354617c7ecb438e1_w13.png,354617c7ecb438e1,13,Field,Noise
train/noise/354617c7ecb438e1_w18.png,354617c7ecb438e1,18,Field,Noise
train/noise/354617c7ecb438e1_w21.png,354617c7ecb438e1,21,Field,Noise
train/noise/354617c7ecb438e1_w23.png,354617c7ecb438e1,23,Field,Noise
train/noise/354617c7ecb438e1_w26.png,354617c7ecb438e1,26,Field,Noise
train/noise/354617c7ecb438e1_w27.png,354617c7ecb438e1,27,Field,Noise
train/noise/356b3df2b31151e5_w00.png,356b3df2b31151e5,0,Field,Noise
train/noise/356b3df2b31151e5_w09.png,356b3df2b31151e5,9,Field,Noise
train/noise/356b3df2b31151e5_w13.png,356b3df2b31151e5,13,Field,Noise
train/noise/356b3df2b31151e5_w14.png,356b3df2b31151e5,14,Field,Noise
train/noise/356b3df2b31151e5_w18.png,356b3df2b31151e5,18,Field,Noise
train/noise/356b3df2b31151e5_w20.png,356b3df2b31151e5,20,Field,Noise
train/noise/356b3df2b31151e5_w26.png,356b3df2b31151e5,26,Field,Noise
train/noise/356b3df2b31151e5_w27.png,356b3df2b31151e5,27,Field,Noise
train/noise/3654037937fb9248_w00.png,3654037937fb9248,0,Field,Noise
train/noise/3654037937fb9248_w02.png,3654037937fb9248,2,Field,Noise
train/noise/3654037937fb9248_w05.png,3654037937fb9248,5,Field,Noise
train/noise/3654037937fb9248_w06.png,3654037937fb9248,6,Field,Noise
train/noise/3654037937fb9248_w07.png,3654037937fb9248,7,Field,Noise
train/noise/3654037937fb9248_w11.png,3654037937fb9248,11,Field,Noise
train/noise/3654037937fb9248_w15.png,3654037937fb9248,15,Field,Noise
train/noise/3654037937fb9248_w21.png,3654037937fb9248,21,Field,Noise
train/noise/3677e883898b03df_w03.png,3677e883898b03df,3,Field,Noise
train/noise/3677e883898b03df_w04.png,3677e883898b03df,4,Field,Noise
train/noise/3677e883898b03df_w05.png,3677e883898b03df,5,Field,Noise
train/noise/3677e883898b03df_w08.png,3677e883898b03df,8,Field,Noise
train/noise/3677e883898b03df_w10.png,3677e883898b03df,10,Field,Noise
train/noise/3677e883898b03df_w17.png,3677e883898b03df,17,Field,Noise
train/noise/3677e883898b03df_w20.png,3677e883898b03df,20,Field,Noise
train/noise/3677e883898b03df_w24.png,3677e883898b03df,24,Field,Noise
train/noise/36dd3127e56a4916_w04.png,36dd3127e56a4916,4,Field,Noise
train/noise/36dd3127e56a4916_w05.png,36dd3127e56a4916,5,Field,Noise
train/noise/36dd3127e56a4916_w14.png,36dd3127e56a4916,14,Field,Noise
train/noise/36dd3127e56a4916_w17.png,36dd3127e56a4916,17,Field,Noise
train/noise/36dd3127e56a4916_w20.png,36dd3127e56a4916,20,Field,Noise
train/noise/36dd3127e56a4916_w22.png,36dd3127e56a4916,22,Field,Noise
train/noise/36dd3127e56a4916_w23.png,36dd3127e56a4916,23,Field,Noise
train/noise/36dd3127e56a4916_w24.png,36dd3127e56a4916,24,Field,Noise
train/noise/36e5a40f2ae72e35_w02.png,36e5a40f2ae72e35,2,Lab,Noise
train/noise/36e5a40f2ae72e35_w04.png,36e5a40f2ae72e35,4,Lab,Noise
train/noise/36e5a40f2ae72e35_w07.png,36e5a40f2ae72e35,7,Lab,Noise
train/noise/36e5a40f2ae72e35_w13.png,36e5a40f2ae72e35,13,Lab,Noise
train/noise/36e5a40f2ae72e35_w15.png,36e5a40f2ae72e35,15,Lab,Noise
train/noise/36e5a40f2ae72e35_w18.png,36e5a40f2ae72e35,18,Lab,Noise
train/noise/36e5a40f2ae72e35_w19.png,36e5a40f2ae72e35,19,Lab,Noise
train/noise/36e5a40f2ae72e35_w27.png,36e5a40f2ae72e35,27,Lab,Noise
train/noise/36f3ec12f2c6e55b_w00.png,36f3ec12f2c6e55b,0,Field,Noise
train/noise/36f3ec12f2c6e55b_w02.png,36f3ec12f2c6e55b,2,Field,Noise
train/noise/36f3ec12f2c6e55b_w06.png,36f3ec12f2c6e55b,6,Field,Noise
train/noise/36f3ec12f2c6e55b_w14.png,36f3ec12f2c6e55b,14,Field,Noise
train/noise/36f3ec12f2c6e55b_w16.png,36f3ec12f2c6e55b,16,Field,Noise
train/noise/36f3ec12f2c6e55b_w21.png,36f3ec12f2c6e55b,21,Field,Noise
train/noise/36f3ec12f2c6e55b_w23.png,36f3ec12f2c6e55b,23,Field,Noise
train/noise/36f3ec12f2c6e55b_w26.png,36f3ec12f2c6e55b,26,Field,Noise
train/noise/376aefbf43228067_w00.png,376aefbf43228067,0,Field,Noise
train/noise/376aefbf43228067_w01.png,376aefbf43228067,1,Field,Noise
train/noise/376aefbf43228067_w05.png,376aefbf43228067,5,Field,Noise
train/noise/376aefbf43228067_w07.png,376aefbf43228067,7,Field,Noise
train/noise/376aefbf43228067_w11.png,376aefbf43228067,11,Field,Noise
train/noise/376aefbf43228067_w13.png,376aefbf43228067,13,Field,Noise
train/noise/376aefbf43228067_w25.png,376aefbf43228067,25,Field,Noise
train/noise/376aefbf43228067_w27.png,376aefbf43228067,27,Field,Noise
train/noise/37fbdc87b2024b6a_w03.png,37fbdc87b2024b6a,3,Field,Noise
train/noise/37fbdc87b2024b6a_w04.png,37fbdc87b2024b6a,4,Field,Noise
train/noise/37fbdc87b2024b6a_w05.png,37fbdc87b2024b6a,5,Field,Noise
train/noise/37fbdc87b2024b6a_w14.png,37fbdc87b2024b6a,14,Field,Noise
train/noise/37fbdc87b2024b6a_w18.png,37fbdc87b2024b6a,18,Field,Noise
train/noise/37fbdc87b2024b6a_w19.png,37fbdc87b2024b6a,19,Field,Noise
train/noise/37fbdc87b2024b6a_w21.png,37fbdc87b2024b6a,21,Field,Noise
train/noise/37fbdc87b2024b6a_w23.png,37fbdc87b2024b6a,23,Field,Noise
train/noise/380612b50af4c39b_w02.png,380612b50af4c39b,2,Lab,Noise
train/noise/380612b50af4c39b_w03.png,380612b50af4c39b,3,Lab,Noise
train/noise/380612b50af4c39b_w08.png,380612b50af4c39b,8,Lab,Noise
train/noise/380612b50af4c39b_w14.png,380612b50af4c39b,14,Lab,Noise
train/noise/380612b50af4c39b_w15.png,380612b50af4c39b,15,Lab,Noise
train/noise/380612b50af4c39b_w19.png,380612b50af4c39b,19,Lab,Noise
train/noise/380612b50af4c39b_w24.png,380612b50af4c39b,24,Lab,Noise
train/noise/380612b50af4c39b_w26.png,380612b50af4c39b,26,Lab,Noise
train/noise/3837a362dcef6e5f_w01.png,3837a362dcef6e5f,1,Field,Noise
train/noise/3837a362dcef6e5f_w04.png,3837a362dcef6e5f,4,Field,Noise
train/noise/3837a362dcef6e5f_w05.png,3837a362dcef6e5f,5,Field,Noise
train/noise/3837a362dcef6e5f_w11.png,3837a362dcef6e5f,11,Field,Noise
train/noise/3837a362dcef6e5f_w15.png,3837a362dcef6e5f,15,Field,Noise
train/noise/3837a362dcef6e5f_w24.png,3837a362dcef6e5f,24,Field,Noise
train/noise/3837a362dcef6e5f_w25.png,3837a362dcef6e5f,25,Field,Noise
train/noise/3837a362dcef6e5f_w26.png,3837a362dcef6e5f,26,Field,Noise
train/noise/3847fbdcc65bdd57_w01.png,3847fbdcc65bdd57,1,Field,Noise
train/noise/3847fbdcc65bdd57_w02.png,3847fbdcc65bdd57,2,Field,Noise
train/noise/3847fbdcc65bdd57_w07.png,3847fbdcc65bdd57,7,Field,Noise
train/noise/3847fbdcc65bdd57_w11.png,3847fbdcc65bdd57,11,Field,Noise
train/noise/3847fbdcc65bdd57_w16.png,3847fbdcc65bdd57,16,Field,Noise
train/noise/3847fbdcc65bdd57_w19.png,3847fbdcc65bdd57,19,Field,Noise
train/noise/3847fbdcc65bdd57_w22.png,3847fbdcc65bdd57,22,Field,Noise
train/noise/3847fbdcc65bdd57_w25.png,3847fbdcc65bdd57,25,Field,Noise
train/noise/387d56c59ea0b5bb_w05.png,387d56c59ea0b5bb,5,Lab,Noise
train/noise/387d56c59ea0b5bb_w12.png,387d56c59ea0b5bb,12,Lab,Noise
train/noise/387d56c59ea0b5bb_w15.png,387d56c59ea0b5bb,15,Lab,Noise
train/noise/387d56c59ea0b5bb_w16.png,387d56c59ea0b5bb,16,Lab,Noise
train/noise/387d56c59ea0b5bb_w17.png,387d56c59ea0b5bb,17,Lab,Noise
train/noise/387d56c59ea0b5bb_w21.png,387d56c59ea0b5bb,21,Lab,Noise
train/noise/387d56c59ea0b5bb_w24.png,387d56c59ea0b5bb,24,Lab,Noise
train/noise/387d56c59ea0b5bb_w25.png,387d56c59ea0b5bb,25,Lab,Noise
train/noise/38870896ea92fb7c_w00.png,38870896ea92fb7c,0,Field,Noise
train/noise/38870896ea92fb7c_w06.png,38870896ea92fb7c,6,Field,Noise
train/noise/38870896ea92fb7c_w07.png,38870896ea92fb7c,7,Field,Noise
train/noise/38870896ea92fb7c_w12.png,38870896ea92fb7c,12,Field,Noise
train/noise/38870896ea92fb7c_w19.png,38870896ea92fb7c,19,Field,Noise
train/noise/38870896ea92fb7c_w21.png,38870896ea92fb7c,21,Field,Noise
train/noise/38870896ea92fb7c_w22.png,38870896ea92fb7c,22,Field,Noise
train/noise/38870896ea92fb7c_w27.png,38870896ea92fb7c,27,Field,Noise
train/noise/3912ba7fa7fbb8bf_w00.png,3912ba7fa7fbb8bf,0,Field,Noise
train/noise/3912ba7fa7fbb8bf_w12.png,3912ba7fa7fbb8bf,12,Field,Noise
train/noise/3912ba7fa7fbb8bf_w13.png,3912ba7fa7fbb8bf,13,Field,Noise
train/noise/3912ba7fa7fbb8bf_w15.png,3912ba7fa7fbb8bf,15,Field,Noise
train/noise/3912ba7fa7fbb8bf_w18.png,3912ba7fa7fbb8bf,18,Field,Noise
train/noise/3912ba7fa7fbb8bf_w25.png,3912ba7fa7fbb8bf,25,Field,Noise
train/noise/3912ba7fa7fbb8bf_w26.png,3912ba7fa7fbb8bf,26,Field,Noise
train/noise/3912ba7fa7fbb8bf_w27.png,3912ba7fa7fbb8bf,27,Field,Noise
train/noise/3abcd41504b589d6_w01.png,3abcd41504b589d6,1,Field,Noise
train/noise/3abcd41504b589d6_w03.png,3abcd41504b589d6,3,Field,Noise
train/noise/3abcd41504b589d6_w06.png,3abcd41504b589d6,6,Field,Noise
train/noise/3abcd41504b589d6_w07.png,3abcd41504b589d6,7,Field,Noise
train/noise/3abcd41504b589d6_w12.png,3abcd41504b589d6,12,Field,Noise
train/noise/3abcd41504b589d6_w15.png,3abcd41504b589d6,15,Field,Noise
train/noise/3abcd41504b589d6_w18.png,3abcd41504b589d6,18,Field,Noise
train/noise/3abcd41504b589d6_w24.png,3abcd41504b589d6,24,Field,Noise
train/noise/3aeb18d02416c241_w06.png,3aeb18d02416c241,6,Field,Noise
train/noise/3aeb18d02416c241_w10.png,3aeb18d02416c241,10,Field,Noise
train/noise/3aeb18d02416c241_w11.png,3aeb18d02416c241,11,Field,Noise
train/noise/3aeb18d02416c241_w16.png,3aeb18d02416c241,16,Field,Noise
train/noise/3aeb18d02416c241_w21.png,3aeb18d02416c241,21,Field,Noise
train/noise/3aeb18d02416c241_w23.png,3aeb18d02416c241,23,Field,Noise
train/noise/3aeb18d02416c241_w26.png,3aeb18d02416c241,26,Field,Noise
train/noise/3aeb18d02416c241_w27.png,3aeb18d02416c241,27,Field,Noise
train/noise/3b0d975a3c13d774_w03.png,3b0d975a3c13d774,3,Field,Noise
train/noise/3b0d975a3c13d774_w10.png,3b0d975a3c13d774,10,Field,Noise
train/noise/3b0d975a3c13d774_w14.png,3b0d975a3c13d774,14,Field,Noise
train/noise/3b0d975a3c13d774_w15.png,3b0d975a3c13d774,15,Field,Noise
train/noise/3b0d975a3c13d774_w18.png,3b0d975a3c13d774,18,Field,Noise
train/noise/3b0d975a3c13d774_w19.png,3b0d975a3c13d774,19,Field,Noise
train/noise/3b0d975a3c13d774_w21.png,3b0d975a3c13d774,21,Field,Noise
train/noise/3b0d975a3c13d774_w27.png,3b0d975a3c13d774,27,Field,Noise
train/noise/3b23658d12644ac4_w00.png,3b23658d12644ac4,0,Field,Noise
train/noise/3b23658d12644ac4_w04.png,3b23658d12644ac4,4,Field,Noise
train/noise/3b23658d12644ac4_w10.png,3b23658d12644ac4,10,Field,Noise
train/noise/3b23658d12644ac4_w13.png,3b23658d12644ac4,13,Field,Noise
train/noise/3b23658d12644ac4_w17.png,3b23658d12644ac4,17,Field,Noise
train/noise/3b23658d12644ac4_w18.png,3b23658d12644ac4,18,Field,Noise
train/noise/3b23658d12644ac4_w22.png,3b23658d12644ac4,22,Field,Noise
train/noise/3b23658d12644ac4_w26.png,3b23658d12644ac4,26,Field,Noise
train/noise/3b2df06d87c9570b_w00.png,3b2df06d87c9570b,0,Field,Noise
train/noise/3b2df06d87c9570b_w13.png,3b2df06d87c9570b,13,Field,Noise
train/noise/3b2df06d87c9570b_w14.png,3b2df06d87c9570b,14,Field,Noise
train/noise/3b2df06d87c9570b_w15.png,3b2df06d87c9570b,15,Field,Noise
train/noise/3b2df06d87c9570b_w20.png,3b2df06d87c9570b,20,Field,Noise
train/noise/3b2df06d87c9570b_w21.png,3b2df06d87c9570b,21,Field,Noise
train/noise/3b2df06d87c9570b_w22.png,3b2df06d87c9570b,22,Field,Noise
train/noise/3b2df06d87c9570b_w25.png,3b2df06d87c9570b,25,Field,Noise
train/noise/3b57306c67cb8ed2_w00.png,3b57306c67cb8ed2,0,Field,Noise
train/noise/3b57306c67cb8ed2_w05.png,3b57306c67cb8ed2,5,Field,Noise
train/noise/3b57306c67cb8ed2_w06.png,3b57306c67cb8ed2,6,Field,Noise
train/noise/3b57306c67cb8ed2_w10.png,3b57306c67cb8ed2,10,Field,Noise
train/noise/3b57306c67cb8ed2_w15.png,3b57306c67cb8ed2,15,Field,Noise
train/noise/3b57306c67cb8ed2_w20.png,3b57306c67cb8ed2,20,Field,Noise
train/noise/3b57306c67cb8ed2_w24.png,3b57306c67cb8ed2,24,Field,Noise
train/noise/3b57306c67cb8ed2_w26.png,3b57306c67cb8ed2,26,Field,Noise
train/noise/3bbc3fbb2a1b3779_w06.png,3bbc3fbb2a1b3779,6,Field,Noise
train/noise/3bbc3fbb2a1b3779_w08.png,3bbc3fbb2a1b3779,8,Field,Noise
train/noise/3bbc3fbb2a1b3779_w10.png,3bbc3fbb2a1b3779,10,Field,Noise
train/noise/3bbc3fbb2a1b3779_w13.png,3bbc3fbb2a1b3779,13,Field,Noise
train/noise/3bbc3fbb2a1b3779_w20.png,3bbc3fbb2a1b3779,20,Field,Noise
train/noise/3bbc3fbb2a1b3779_w21.png,3bbc3fbb2a1b3779,21,Field,Noise
train/noise/3bbc3fbb2a1b3779_w25.png,3bbc3fbb2a1b3779,25,Field,Noise
train/noise/3bbc3fbb2a1b3779_w27.png,3bbc3fbb2a1b3779,27,Field,Noise
train/noise/3c3f9174ce7f44ec_w02.png,3c3f9174ce7f44ec,2,Field,Noise
train/noise/3c3f9174ce7f44ec_w04.png,3c3f9174ce7f44ec,4,Field,Noise
train/noise/3c3f9174ce7f44ec_w08.png,3c3f9174ce7f44ec,8,Field,Noise
train/noise/3c3f9174ce7f44ec_w10.png,3c3f9174ce7f44ec,10,Field,Noise
train/noise/3c3f9174ce7f44ec_w12.png,3c3f9174ce7f44ec,12,Field,Noise
train/noise/3c3f9174ce7f44ec_w14.png,3c3f9174ce7f44ec,14,Field,Noise
train/noise/3c3f9174ce7f44ec_w20.png,3c3f9174ce7f44ec,20,Field,Noise
train/noise/3c3f9174ce7f44ec_w25.png,3c3f9174ce7f44ec,25,Field,Noise
train/noise/3d1f30c9fe35ba8b_w01.png,3d1f30c9fe35ba8b,1,Field,Noise
train/noise/3d1f30c9fe35ba8b_w04.png,3d1f30c9fe35ba8b,4,Field,Noise
train/noise/3d1f30c9fe35ba8b_w12.png,3d1f30c9fe35ba8b,12,Field,Noise
train/noise/3d1f30c9fe35ba8b_w13.png,3d1f30c9fe35ba8b,13,Field,Noise
train/noise/3d1f30c9fe35ba8b_w16.png,3d1f30c9fe35ba8b,16,Field,Noise
train/noise/3d1f30c9fe35ba8b_w18.png,3d1f30c9fe35ba8b,18,Field,Noise
train/noise/3d1f30c9fe35ba8b_w22.png,3d1f30c9fe35ba8b,22,Field,Noise
train/noise/3d1f30c9fe35ba8b_w26.png,3d1f30c9fe35ba8b,26,Field,Noise
train/noise/3d5f47a3ac17f5af_w02.png,3d5f47a3ac17f5af,2,Field,Noise
train/noise/3d5f47a3ac17f5af_w09.png,3d5f47a3ac17f5af,9,Field,Noise
train/noise/3d5f47a3ac17f5af_w12.png,3d5f47a3ac17f5af,12,Field,Noise
train/noise/3d5f47a3ac17f5af_w14.png,3d5f47a3ac17f5af,14,Field,Noise
train/noise/3d5f47a3ac17f5af_w17.png,3d5f47a3ac17f5af,17,Field,Noise
train/noise/3d5f47a3ac17f5af_w19.png,3d5f47a3ac17f5af,19,Field,Noise
train/noise/3d5f47a3ac17f5af_w20.png,3d5f47a3ac17f5af,20,Field,Noise
train/noise/3d5f47a3ac17f5af_w27.png,3d5f47a3ac17f5af,27,Field,Noise
train/noise/3d67cfed7e43221a_w01.png,3d67cfed7e43221a,1,Field,Noise
train/noise/3d67cfed7e43221a_w02.png,3d67cfed7e43221a,2,Field,Noise
train/noise/3d67cfed7e43221a_w08.png,3d67cfed7e43221a,8,Field,Noise
train/noise/3d67cfed7e43221a_w09.png,3d67cfed7e43221a,9,Field,Noise
train/noise/3d67cfed7e43221a_w11.png,3d67cfed7e43221a,11,Field,Noise
train/noise/3d67cfed7e43221a_w18.png,3d67cfed7e43221a,18,Field,Noise
train/noise/3d67cfed7e43221a_w19.png,3d67cfed7e43221a,19,Field,Noise
train/noise/3d67cfed7e43221a_w26.png,3d67cfed7e43221a,26,Field,Noise
train/noise/3db17ff1a23419da_w00.png,3db17ff1a23419da,0,Field,Noise
train/noise/3db17ff1a23419da_w01.png,3db17ff1a23419da,1,Field,Noise
train/noise/3db17ff1a23419da_w07.png,3db17ff1a23419da,7,Field,Noise
train/noise/3db17ff1a23419da_w16.png,3db17ff1a23419da,16,Field,Noise
train/noise/3db17ff1a23419da_w19.png,3db17ff1a23419da,19,Field,Noise
train/noise/3db17ff1a23419da_w22.png,3db17ff1a23419da,22,Field,Noise
train/noise/3db17ff1a23419da_w24.png,3db17ff1a23419da,24,Field,Noise
train/noise/3db17ff1a23419da_w27.png,3db17ff1a23419da,27,Field,Noise
train/noise/3db62a70ab4fe750_w07.png,3db62a70ab4fe750,7,Field,Noise
train/noise/3db62a70ab4fe750_w09.png,3db62a70ab4fe750,9,Field,Noise
train/noise/3db62a70ab4fe750_w10.png,3db62a70ab4fe750,10,Field,Noise
train/noise/3db62a70ab4fe750_w11.png,3db62a70ab4fe750,11,Field,Noise
train/noise/3db62a70ab4fe750_w12.png,3db62a70ab4fe750,12,Field,Noise
train/noise/3db62a70ab4fe750_w14.png,3db62a70ab4fe750,14,Field,Noise
train/noise/3db62a70ab4fe750_w16.png,3db62a70ab4fe750,16,Field,Noise
train/noise/3db62a70ab4fe750_w22.png,3db62a70ab4fe750,22,Field,Noise
train/noise/3e280808650311ff_w08.png,3e280808650311ff,8,Field,Noise
train/noise/3e280808650311ff_w09.png,3e280808650311ff,9,Field,Noise
train/noise/3e280808650311ff_w10.png,3e280808650311ff,10,Field,Noise
train/noise/3e280808650311ff_w12.png,3e280808650311ff,12,Field,Noise
train/noise/3e280808650311ff_w16.png,3e280808650311ff,16,Field,Noise
train/noise/3e280808650311ff_w18.png,3e280808650311ff,18,Field,Noise
train/noise/3e280808650311ff_w19.png,3e280808650311ff,19,Field,Noise
train/noise/3e280808650311ff_w22.png,3e280808650311ff,22,Field,Noise
train/noise/3e2c972051c79442_w00.png,3e2c972051c79442,0,Field,Noise
train/noise/3e2c972051c79442_w02.png,3e2c972051c79442,2,Field,Noise
train/noise/3e2c972051c79442_w12.png,3e2c972051c79442,12,Field,Noise
train/noise/3e2c972051c79442_w13.png,3e2c972051c79442,13,Field,Noise
train/noise/3e2c972051c79442_w20.png,3e2c972051c79442,20,Field,Noise
train/noise/3e2c972051c79442_w23.png,3e2c972051c79442,23,Field,Noise
train/noise/3e2c972051c79442_w25.png,3e2c972051c79442,25,Field,Noise
train/noise/3e2c972051c79442_w27.png,3e2c972051c79442,27,Field,Noise
train/noise/3e5bdf9c70a98327_w01.png,3e5bdf9c70a98327,1,Lab,Noise
train/noise/3e5bdf9c70a98327_w04.png,3e5bdf9c70a98327,4,Lab,Noise
train/noise/3e5bdf9c70a98327_w05.png,3e5bdf9c70a98327,5,Lab,Noise
train/noise/3e5bdf9c70a98327_w12.png,3e5bdf9c70a98327,12,Lab,Noise
train/noise/3e5bdf9c70a98327_w14.png,3e5bdf9c70a98327,14,Lab,Noise
train/noise/3e5bdf9c70a98327_w15.png,3e5bdf9c70a98327,15,Lab,Noise
train/noise/3e5bdf9c70a98327_w22.png,3e5bdf9c70a98327,22,Lab,Noise
train/noise/3e5bdf9c70a98327_w23.png,3e5bdf9c70a98327,23,Lab,Noise
train/noise/3e6cb60e5e4dc3fa_w00.png,3e6cb60e5e4dc3fa,0,Lab,Noise
train/noise/3e6cb60e5e4dc3fa_w04.png,3e6cb60e5e4dc3fa,4,Lab,Noise
train/noise/3e6cb60e5e4dc3fa_w10.png,3e6cb60e5e4dc3fa,10,Lab,Noise
train/noise/3e6cb60e5e4dc3fa_w14.png,3e6cb60e5e4dc3fa,14,Lab,Noise
train/noise/3e6cb60e5e4dc3fa_w15.png,3e6cb60e5e4dc3fa,15,Lab,Noise
train/noise/3e6cb60e5e4dc3fa_w19.png,3e6cb60e5e4dc3fa,19,Lab,Noise
train/noise/3e6cb60e5e4dc3fa_w21.png,3e6cb60e5e4dc3fa,21,Lab,Noise
train/noise/3e6cb60e5e4dc3fa_w26.png,3e6cb60e5e4dc3fa,26,Lab,Noise
train/noise/3f091f1fb4f4b145_w00.png,3f091f1fb4f4b145,0,Field,Noise
train/noise/3f091f1fb4f4b145_w03.png,3f091f1fb4f4b145,3,Field,Noise
train/noise/3f091f1fb4f4b145_w04.png,3f091f1fb4f4b145,4,Field,Noise
train/noise/3f091f1fb4f4b145_w05.png,3f091f1fb4f4b145,5,Field,Noise
train/noise/3f091f1fb4f4b145_w15.png,3f091f1fb4f4b145,15,Field,Noise
train/noise/3f091f1fb4f4b145_w18.png,3f091f1fb4f4b145,18,Field,Noise
train/noise/3f091f1fb4f4b145_w20.png,3f091f1fb4f4b145,20,Field,Noise
train/noise/3f091f1fb4f4b145_w26.png,3f091f1fb4f4b145,26,Field,Noise
train/noise/3f77ba36bef33927_w00.png,3f77ba36bef33927,0,Field,Noise
train/noise/3f77ba36bef33927_w02.png,3f77ba36bef33927,2,Field,Noise
train/noise/3f77ba36bef33927_w09.png,3f77ba36bef33927,9,Field,Noise
train/noise/3f77ba36bef33927_w10.png,3f77ba36bef33927,10,Field,Noise
train/noise/3f77ba36bef33927_w11.png,3f77ba36bef33927,11,Field,Noise
train/noise/3f77ba36bef33927_w14.png,3f77ba36bef33927,14,Field,Noise
train/noise/3f77ba36bef33927_w23.png,3f77ba36bef33927,23,Field,Noise
train/noise/3f77ba36bef33927_w26.png,3f77ba36bef33927,26,Field,Noise
train/noise/3f79956c1f02b6a6_w00.png,3f79956c1f02b6a6,0,Field,Noise
train/noise/3f79956c1f02b6a6_w03.png,3f79956c1f02b6a6,3,Field,Noise
train/noise/3f79956c1f02b6a6_w04.png,3f79956c1f02b6a6,4,Field,Noise
train/noise/3f79956c1f02b6a6_w08.png,3f79956c1f02b6a6,8,Field,Noise
train/noise/3f79956c1f02b6a6_w10.png,3f79956c1f02b6a6,10,Field,Noise
train/noise/3f79956c1f02b6a6_w16.png,3f79956c1f02b6a6,16,Field,Noise
train/noise/3f79956c1f02b6a6_w20.png,3f79956c1f02b6a6,20,Field,Noise
train/noise/3f79956c1f02b6a6_w27.png,3f79956c1f02b6a6,27,Field,Noise
train/noise/401c8ff1639a9efe_w01.png,401c8ff1639a9efe,1,Lab,Noise
train/noise/401c8ff1639a9efe_w03.png,401c8ff1639a9efe,3,Lab,Noise
train/noise/401c8ff1639a9efe_w09.png,401c8ff1639a9efe,9,Lab,Noise
train/noise/401c8ff1639a9efe_w14.png,401c8ff1639a9efe,14,Lab,Noise
train/noise/401c8ff1639a9efe_w16.png,401c8ff1639a9efe,16,Lab,Noise
train/noise/401c8ff1639a9efe_w19.png,401c8ff1639a9efe,19,Lab,Noise
train/noise/401c8ff1639a9efe_w20.png,401c8ff1639a9efe,20,Lab,Noise
train/noise/401c8ff1639a9efe_w26.png,401c8ff1639a9efe,26,Lab,Noise
train/noise/406c872e5f3b8e72_w01.png,406c872e5f3b8e72,1,Field,Noise
train/noise/406c872e5f3b8e72_w02.png,406c872e5f3b8e72,2,Field,Noise
train/noise/406c872e5f3b8e72_w03.png,406c872e5f3b8e72,3,Field,Noise
train/noise/406c872e5f3b8e72_w04.png,406c872e5f3b8e72,4,Field,Noise
train/noise/406c872e5f3b8e72_w06.png,406c872e5f3b8e72,6,Field,Noise
train/noise/406c872e5f3b8e72_w07.png,406c872e5f3b8e72,7,Field,Noise
train/noise/406c872e5f3b8e72_w16.png,406c872e5f3b8e72,16,Field,Noise
train/noise/406c872e5f3b8e72_w22.png,406c872e5f3b8e72,22,Field,Noise
train/noise/407fd8c5eae48590_w02.png,407fd8c5eae48590,2,Lab,Noise
train/noise/407fd8c5eae48590_w07.png,407fd8c5eae48590,7,Lab,Noise
train/noise/407fd8c5eae48590_w08.png,407fd8c5eae48590,8,Lab,Noise
train/noise/407fd8c5eae48590_w10.png,407fd8c5eae48590,10,Lab,Noise
train/noise/407fd8c5eae48590_w17.png,407fd8c5eae48590,17,Lab,Noise
train/noise/407fd8c5eae48590_w19.png,407fd8c5eae48590,19,Lab,Noise
train/noise/407fd8c5eae48590_w20.png,407fd8c5eae48590,20,Lab,Noise
train/noise/407fd8c5eae48590_w26.png,407fd8c5eae48590,26,Lab,Noise
train/noise/418a614edb1e48f5_w03.png,418a614edb1e48f5,3,Field,Noise
train/noise/418a614edb1e48f5_w04.png,418a614edb1e48f5,4,Field,Noise
train/noise/418a614edb1e48f5_w06.png,418a614edb1e48f5,6,Field,Noise
train/noise/418a614edb1e48f5_w13.png,418a614edb1e48f5,13,Field,Noise
train/noise/418a614edb1e48f5_w17.png,418a614edb1e48f5,17,Field,Noise
train/noise/418a614edb1e48f5_w19.png,418a614edb1e48f5,19,Field,Noise
train/noise/418a614edb1e48f5_w20.png,418a614edb1e48f5,20,Field,Noise
train/noise/418a614edb1e48f5_w23.png,418a614edb1e48f5,23,Field,Noise
train/noise/4193266b280c5859_w00.png,4193266b280c5859,0,Field,Noise
train/noise/4193266b280c5859_w06.png,4193266b280c5859,6,Field,Noise
train/noise/4193266b280c5859_w08.png,4193266b280c5859,8,Field,Noise
train/noise/4193266b280c5859_w10.png,4193266b280c5859,10,Field,Noise
train/noise/4193266b280c5859_w14.png,4193266b280c5859,14,Field,Noise
train/noise/4193266b280c5859_w18.png,4193266b280c5859,18,Field,Noise
train/noise/4193266b280c5859_w20.png,4193266b280c5859,20,Field,Noise
train/noise/4193266b280c5859_w26.png,4193266b280c5859,26,Field,Noise
train/noise/41978eca3e9e094e_w01.png,41978eca3e9e094e,1,Lab,Noise
train/noise/41978eca3e9e094e_w12.png,41978eca3e9e094e,12,Lab,Noise
train/noise/41978eca3e9e094e_w15.png,41978eca3e9e094e,15,Lab,Noise
train/noise/41978eca3e9e094e_w18.png,41978eca3e9e094e,18,Lab,Noise
train/noise/41978eca3e9e094e_w20.png,41978eca3e9e094e,20,Lab,Noise
train/noise/41978eca3e9e094e_w21.png,41978eca3e9e094e,21,Lab,Noise
train/noise/41978eca3e9e094e_w23.png,41978eca3e9e094e,23,Lab,Noise
train/noise/41978eca3e9e094e_w26.png,41978eca3e9e094e,26,Lab,Noise
train/noise/41c16b447aa93389_w05.png,41c16b447aa93389,5,Field,Noise
train/noise/41c16b447aa93389_w14.png,41c16b447aa93389,14,Field,Noise
train/noise/41c16b447aa93389_w17.png,41c16b447aa93389,17,Field,Noise
train/noise/41c16b447aa93389_w18.png,41c16b447aa93389,18,Field,Noise
train/noise/41c16b447aa93389_w19.png,41c16b447aa93389,19,Field,Noise
train/noise/41c16b447aa93389_w21.png,41c16b447aa93389,21,Field,Noise
train/noise/41c16b447aa93389_w23.png,41c16b447aa93389,23,Field,Noise
train/noise/41c16b447aa93389_w27.png,41c16b447aa93389,27,Field,Noise
train/noise/41c5379fbf1637f3_w01.png,41c5379fbf1637f3,1,Field,Noise
train/noise/41c5379fbf1637f3_w03.png,41c5379fbf1637f3,3,Field,Noise
train/noise/41c5379fbf1637f3_w04.png,41c5379fbf1637f3,4,Field,Noise
train/noise/41c5379fbf1637f3_w09.png,41c5379fbf1637f3,9,Field,Noise
train/noise/41c5379fbf1637f3_w12.png,41c5379fbf1637f3,12,Field,Noise
train/noise/41c5379fbf1637f3_w17.png,41c5379fbf1637f3,17,Field,Noise
train/noise/41c5379fbf1637f3_w19.png,41c5379fbf1637f3,19,Field,Noise
train/noise/41c5379fbf1637f3_w25.png,41c5379fbf1637f3,25,Field,Noise
train/noise/41d70a4f528730ee_w00.png,41d70a4f528730ee,0,Field,Noise
train/noise/41d70a4f528730ee_w01.png,41d70a4f528730ee,1,Field,Noise
train/noise/41d70a4f528730ee_w04.png,41d70a4f528730ee,4,Field,Noise
train/noise/41d70a4f528730ee_w10.png,41d70a4f528730ee,10,Field,Noise
train/noise/41d70a4f528730ee_w12.png,41d70a4f528730ee,12,Field,Noise
train/noise/41d70a4f528730ee_w14.png,41d70a4f528730ee,14,Field,Noise
train/noise/41d70a4f528730ee_w15.png,41d70a4f528730ee,15,Field,Noise
train/noise/41d70a4f528730ee_w22.png,41d70a4f528730ee,22,Field,Noise
train/noise/41f18a8daaa3c16b_w00.png,41f18a8daaa3c16b,0,Lab,Noise
train/noise/41f18a8daaa3c16b_w01.png,41f18a8daaa3c16b,1,Lab,Noise
train/noise/41f18a8daaa3c16b_w09.png,41f18a8daaa3c16b,9,Lab,Noise
train/noise/41f18a8daaa3c16b_w10.png,41f18a8daaa3c16b,10,Lab,Noise
train/noise/41f18a8daaa3c16b_w14.png,41f18a8daaa3c16b,14,Lab,Noise
train/noise/41f18a8daaa3c16b_w20.png,41f18a8daaa3c16b,20,Lab,Noise
train/noise/41f18a8daaa3c16b_w22.png,41f18a8daaa3c16b,22,Lab,Noise
train/noise/41f18a8daaa3c16b_w25.png,41f18a8daaa3c16b,25,Lab,Noise
train/noise/426d948307f0693b_w00.png,426d948307f0693b,0,Lab,Noise
train/noise/426d948307f0693b_w01.png,426d948307f0693b,1,Lab,Noise
train/noise/426d948307f0693b_w02.png,426d948307f0693b,2,Lab,Noise
train/noise/426d948307f0693b_w06.png,426d948307f0693b,6,Lab,Noise
train/noise/426d948307f0693b_w11.png,426d948307f0693b,11,Lab,Noise
train/noise/426d948307f0693b_w18.png,426d948307f0693b,18,Lab,Noise
train/noise/426d948307f0693b_w23.png,426d948307f0693b,23,Lab,Noise
train/noise/426d948307f0693b_w27.png,426d948307f0693b,27,Lab,Noise
train/noise/427d071e1f9f653b_w03.png,427d071e1f9f653b,3,Field,Noise
train/noise/427d071e1f9f653b_w05.png,427d071e1f9f653b,5,Field,Noise
train/noise/427d071e1f9f653b_w09.png,427d071e1f9f653b,9,Field,Noise
train/noise/427d071e1f9f653b_w12.png,427d071e1f9f653b,12,Field,Noise
train/noise/427d071e1f9f653b_w17.png,427d071e1f9f653b,17,Field,Noise
train/noise/427d071e1f9f653b_w18.png,427d071e1f9f653b,18,Field,Noise
train/noise/427d071e1f9f653b_w19.png,427d071e1f9f653b,19,Field,Noise
train/noise/427d071e1f9f653b_w23.png,427d071e1f9f653b,23,Field,Noise
train/noise/427ef8fdce41e582_w06.png,427ef8fdce41e582,6,Field,Noise
train/noise/427ef8fdce41e582_w07.png,427ef8fdce41e582,7,Field,Noise
train/noise/427ef8fdce41e582_w09.png,427ef8fdce41e582,9,Field,Noise
train/noise/427ef8fdce41e582_w13.png,427ef8fdce41e582,13,Field,Noise
train/noise/427ef8fdce41e582_w14.png,427ef8fdce41e582,14,Field,Noise
train/noise/427ef8fdce41e582_w15.png,427ef8fdce41e582,15,Field,Noise
train/noise/427ef8fdce41e582_w16.png,427ef8fdce41e582,16,Field,Noise
train/noise/427ef8fdce41e582_w27.png,427ef8fdce41e582,27,Field,Noise
train/noise/42c0db3d61bf128d_w00.png,42c0db3d61bf128d,0,Field,Noise
train/noise/42c0db3d61bf128d_w03.png,42c0db3d61bf128d,3,Field,Noise
train/noise/42c0db3d61bf128d_w14.png,42c0db3d61bf128d,14,Field,Noise
train/noise/42c0db3d61bf128d_w15.png,42c0db3d61bf128d,15,Field,Noise
train/noise/42c0db3d61bf128d_w16.png,42c0db3d61bf128d,16,Field,Noise
train/noise/42c0db3d61bf128d_w17.png,42c0db3d61bf128d,17,Field,Noise
train/noise/42c0db3d61bf128d_w21.png,42c0db3d61bf128d,21,Field,Noise
train/noise/42c0db3d61bf128d_w22.png,42c0db3d61bf128d,22,Field,Noise
train/noise/430436c9c4fee6eb_w02.png,430436c9c4fee6eb,2,Field,Noise
train/noise/430436c9c4fee6eb_w03.png,430436c9c4fee6eb,3,Field,Noise
train/noise/430436c9c4fee6eb_w11.png,430436c9c4fee6eb,11,Field,Noise
train/noise/430436c9c4fee6eb_w15.png,430436c9c4fee6eb,15,Field,Noise
train/noise/430436c9c4fee6eb_w22.png,430436c9c4fee6eb,22,Field,Noise
train/noise/430436c9c4fee6eb_w25.png,430436c9c4fee6eb,25,Field,Noise
train/noise/430436c9c4fee6eb_w26.png,430436c9c4fee6eb,26,Field,Noise
train/noise/430436c9c4fee6eb_w27.png,430436c9c4fee6eb,27,Field,Noise
train/noise/43721aa19c54008f_w00.png,43721aa19c54008f,0,Field,Noise
train/noise/43721aa19c54008f_w01.png,43721aa19c54008f,1,Field,Noise
train/noise/43721aa19c54008f_w04.png,43721aa19c54008f,4,Field,Noise
train/noise/43721aa19c54008f_w06.png,43721aa19c54008f,6,Field,Noise
train/noise/43721aa19c54008f_w09.png,43721aa19c54008f,9,Field,Noise
train/noise/43721aa19c54008f_w15.png,43721aa19c54008f,15,Field,Noise
train/noise/43721aa19c54008f_w22.png,43721aa19c54008f,22,Field,Noise
train/noise/43721aa19c54008f_w26.png,43721aa19c54008f,26,Field,Noise
train/noise/43aad6ad9da47ac8_w00.png,43aad6ad9da47ac8,0,Field,Noise
train/noise/43aad6ad9da47ac8_w01.png,43aad6ad9da47ac8,1,Field,Noise
train/noise/43aad6ad9da47ac8_w03.png,43aad6ad9da47ac8,3,Field,Noise
train/noise/43aad6ad9da47ac8_w11.png,43aad6ad9da47ac8,11,Field,Noise
train/noise/43aad6ad9da47ac8_w13.png,43aad6ad9da47ac8,13,Field,Noise
train/noise/43aad6ad9da47ac8_w14.png,43aad6ad9da47ac8,14,Field,Noise
train/noise/43aad6ad9da47ac8_w15.png,43aad6ad9da47ac8,15,Field,Noise
train/noise/43aad6ad9da47ac8_w26.png,43aad6ad9da47ac8,26,Field,Noise
train/noise/4416a3dfecab87d7_w05.png,4416a3dfecab87d7,5,Lab,Noise
train/noise/4416a3dfecab87d7_w06.png,4416a3dfecab87d7,6,Lab,Noise
train/noise/4416a3dfecab87d7_w18.png,4416a3dfecab87d7,18,Lab,Noise
train/noise/4416a3dfecab87d7_w19.png,4416a3dfecab87d7,19,Lab,Noise
train/noise/4416a3dfecab87d7_w20.png,4416a3dfecab87d7,20,Lab,Noise
train/noise/4416a3dfecab87d7_w24.png,4416a3dfecab87d7,24,Lab,Noise
train/noise/4416a3dfecab87d7_w26.png,4416a3dfecab87d7,26,Lab,Noise
train/noise/4416a3dfecab87d7_w27.png,4416a3dfecab87d7,27,Lab,Noise
train/noise/44289907ac58e52b_w07.png,44289907ac58e52b,7,Field,Noise
train/noise/44289907ac58e52b_w08.png,44289907ac58e52b,8,Field,Noise
train/noise/44289907ac58e52b_w10.png,44289907ac58e52b,10,Field,Noise
train/noise/44289907ac58e52b_w14.png,44289907ac58e52b,14,Field,Noise
train/noise/44289907ac58e52b_w18.png,44289907ac58e52b,18,Field,Noise
train/noise/44289907ac58e52b_w21.png,44289907ac58e52b,21,Field,Noise
train/noise/44289907ac58e52b_w22.png,44289907ac58e52b,22,Field,Noise
train/noise/44289907ac58e52b_w27.png,44289907ac58e52b,27,Field,Noise
train/noise/44b5b210483ff825_w00.png,44b5b210483ff825,0,Field,Noise
train/noise/44b5b210483ff825_w01.png,44b5b210483ff825,1,Field,Noise
train/noise/44b5b210483ff825_w03.png,44b5b210483ff825,3,Field,Noise
train/noise/44b5b210483ff825_w05.png,44b5b210483ff825,5,Field,Noise
train/noise/44b5b210483ff825_w06.png,44b5b210483ff825,6,Field,Noise
train/noise/44b5b210483ff825_w07.png,44b5b210483ff825,7,Field,Noise
train/noise/44b5b210483ff825_w08.png,44b5b210483ff825,8,Field,Noise
train/noise/44b5b210483ff825_w18.png,44b5b210483ff825,18,Field,Noise
train/noise/44b78d0ec4559599_w01.png,44b78d0ec4559599,1,Field,Noise
train/noise/44b78d0ec4559599_w07.png,44b78d0ec4559599,7,Field,Noise
train/noise/44b78d0ec4559599_w14.png,44b78d0ec4559599,14,Field,Noise
train/noise/44b78d0ec4559599_w17.png,44b78d0ec4559599,17,Field,Noise
train/noise/44b78d0ec4559599_w19.png,44b78d0ec4559599,19,Field,Noise
train/noise/44b78d0ec4559599_w20.png,44b78d0ec4559599,20,Field,Noise
train/noise/44b78d0ec4559599_w25.png,44b78d0ec4559599,25,Field,Noise
train/noise/44b78d0ec4559599_w26.png,44b78d0ec4559599,26,Field,Noise
train/noise/456ad83851f8e1e6_w00.png,456ad83851f8e1e6,0,Lab,Noise
train/noise/456ad83851f8e1e6_w01.png,456ad83851f8e1e6,1,Lab,Noise
train/noise/456ad83851f8e1e6_w02.png,456ad83851f8e1e6,2,Lab,Noise
train/noise/456ad83851f8e1e6_w04.png,456ad83851f8e1e6,4,Lab,Noise
train/noise/456ad83851f8e1e6_w15.png,456ad83851f8e1e6,15,Lab,Noise
train/noise/456ad83851f8e1e6_w17.png,456ad83851f8e1e6,17,Lab,Noise
train/noise/456ad83851f8e1e6_w20.png,456ad83851f8e1e6,20,Lab,Noise
train/noise/456ad83851f8e1e6_w26.png,456ad83851f8e1e6,26,Lab,Noise
train/noise/457ef32e7552ff13_w00.png,457ef32e7552ff13,0,Field,Noise
train/noise/457ef32e7552ff13_w05.png,457ef32e7552ff13,5,Field,Noise
train/noise/457ef32e7552ff13_w09.png,457ef32e7552ff13,9,Field,Noise
train/noise/457ef32e7552ff13_w12.png,457ef32e7552ff13,12,Field,Noise
train/noise/457ef32e7552ff13_w15.png,457ef32e7552ff13,15,Field,Noise
train/noise/457ef32e7552ff13_w21.png,457ef32e7552ff13,21,Field,Noise
train/noise/457ef32e7552ff13_w23.png,457ef32e7552ff13,23,Field,Noise
train/noise/457ef32e7552ff13_w25.png,457ef32e7552ff13,25,Field,Noise
train/noise/45a191169f4029df_w01.png,45a191169f4029df,1,Field,Noise
train/noise/45a191169f4029df_w04.png,45a191169f4029df,4,Field,Noise
train/noise/45a191169f4029df_w07.png,45a191169f4029df,7,Field,Noise
train/noise/45a191169f4029df_w08.png,45a191169f4029df,8,Field,Noise
train/noise/45a191169f4029df_w09.png,45a191169f4029df,9,Field,Noise
train/noise/45a191169f4029df_w11.png,45a191169f4029df,11,Field,Noise
train/noise/45a191169f4029df_w12.png,45a191169f4029df,12,Field,Noise
train/noise/45a191169f4029df_w27.png,45a191169f4029df,27,Field,Noise
train/noise/45b35eabb8db3f03_w00.png,45b35eabb8db3f03,0,Field,Noise
train/noise/45b35eabb8db3f03_w02.png,45b35eabb8db3f03,2,Field,Noise
train/noise/45b35eabb8db3f03_w05.png,45b35eabb8db3f03,5,Field,Noise
train/noise/45b35eabb8db3f03_w11.png,45b35eabb8db3f03,11,Field,Noise
train/noise/45b35eabb8db3f03_w13.png,45b35eabb8db3f03,13,Field,Noise
train/noise/45b35eabb8db3f03_w15.png,45b35eabb8db3f03,15,Field,Noise
train/noise/45b35eabb8db3f03_w20.png,45b35eabb8db3f03,20,Field,Noise
train/noise/45b35eabb8db3f03_w21.png,45b35eabb8db3f03,21,Field,Noise
train/noise/45cbec58025bb0ff_w05.png,45cbec58025bb0ff,5,Lab,Noise
train/noise/45cbec58025bb0ff_w06.png,45cbec58025bb0ff,6,Lab,Noise
train/noise/45cbec58025bb0ff_w10.png,45cbec58025bb0ff,10,Lab,Noise
train/noise/45cbec58025bb0ff_w15.png,45cbec58025bb0ff,15,Lab,Noise
train/noise/45cbec58025bb0ff_w16.png,45cbec58025bb0ff,16,Lab,Noise
train/noise/45cbec58025bb0ff_w19.png,45cbec58025bb0ff,19,Lab,Noise
train/noise/45cbec58025bb0ff_w21.png,45cbec58025bb0ff,21,Lab,Noise
train/noise/45cbec58025bb0ff_w23.png,45cbec58025bb0ff,23,Lab,Noise
train/noise/45d466f91a8692bc_w00.png,45d466f91a8692bc,0,Field,Noise
train/noise/45d466f91a8692bc_w01.png,45d466f91a8692bc,1,Field,Noise
train/noise/45d466f91a8692bc_w04.png,45d466f91a8692bc,4,Field,Noise
train/noise/45d466f91a8692bc_w06.png,45d466f91a8692bc,6,Field,Noise
train/noise/45d466f91a8692bc_w13.png,45d466f91a8692bc,13,Field,Noise
train/noise/45d466f91a8692bc_w14.png,45d466f91a8692bc,14,Field,Noise
train/noise/45d466f91a8692bc_w20.png,45d466f91a8692bc,20,Field,Noise
train/noise/45d466f91a8692bc_w26.png,45d466f91a8692bc,26,Field,Noise
train/noise/45dc1035d278aef2_w02.png,45dc1035d278aef2,2,Field,Noise
train/noise/45dc1035d278aef2_w09.png,45dc1035d278aef2,9,Field,Noise
train/noise/45dc1035d278aef2_w10.png,45dc1035d278aef2,10,Field,Noise
train/noise/45dc1035d278aef2_w17.png,45dc1035d278aef2,17,Field,Noise
train/noise/45dc1035d278aef2_w18.png,45dc1035d278aef2,18,Field,Noise
train/noise/45dc1035d278aef2_w19.png,45dc1035d278aef2,19,Field,Noise
train/noise/45dc1035d278aef2_w20.png,45dc1035d278aef2,20,Field,Noise
train/noise/45dc1035d278aef2_w25.png,45dc1035d278aef2,25,Field,Noise
train/noise/45ff9440e95bbf97_w00.png,45ff9440e95bbf97,0,Field,Noise
train/noise/45ff9440e95bbf97_w03.png,45ff9440e95bbf97,3,Field,Noise
train/noise/45ff9440e95bbf97_w04.png,45ff9440e95bbf97,4,Field,Noise
train/noise/45ff9440e95bbf97_w14.png,45ff9440e95bbf97,14,Field,Noise
train/noise/45ff9440e95bbf97_w15.png,45ff9440e95bbf97,15,Field,Noise
train/noise/45ff9440e95bbf97_w18.png,45ff9440e95bbf97,18,Field,Noise
train/noise/45ff9440e95bbf97_w20.png,45ff9440e95bbf97,20,Field,Noise
train/noise/45ff9440e95bbf97_w21.png,45ff9440e95bbf97,21,Field,Noise
train/noise/467da51d44d017ca_w01.png,467da51d44d017ca,1,Field,Noise
train/noise/467da51d44d017ca_w02.png,467da51d44d017ca,2,Field,Noise
train/noise/467da51d44d017ca_w05.png,467da51d44d017ca,5,Field,Noise
train/noise/467da51d44d017ca_w07.png,467da51d44d017ca,7,Field,Noise
train/noise/467da51d44d017ca_w10.png,467da51d44d017ca,10,Field,Noise
train/noise/467da51d44d017ca_w13.png,467da51d44d017ca,13,Field,Noise
train/noise/467da51d44d017ca_w20.png,467da51d44d017ca,20,Field,Noise
train/noise/467da51d44d017ca_w24.png,467da51d44d017ca,24,Field,Noise
train/noise/47d7c8e31249ca2a_w05.png,47d7c8e31249ca2a,5,Field,Noise
train/noise/47d7c8e31249ca2a_w07.png,47d7c8e31249ca2a,7,Field,Noise
train/noise/47d7c8e31249ca2a_w08.png,47d7c8e31249ca2a,8,Field,Noise
train/noise/47d7c8e31249ca2a_w10.png,47d7c8e31249ca2a,10,Field,Noise
train/noise/47d7c8e31249ca2a_w12.png,47d7c8e31249ca2a,12,Field,Noise
train/noise/47d7c8e31249ca2a_w15.png,47d7c8e31249ca2a,15,Field,Noise
train/noise/47d7c8e31249ca2a_w19.png,47d7c8e31249ca2a,19,Field,Noise
train/noise/47d7c8e31249ca2a_w26.png,47d7c8e31249ca2a,26,Field,Noise
train/noise/483457bcd9177d04_w05.png,483457bcd9177d04,5,Field,Noise
train/noise/483457bcd9177d04_w12.png,483457bcd9177d04,12,Field,Noise
train/noise/483457bcd9177d04_w14.png,483457bcd9177d04,14,Field,Noise
train/noise/483457bcd9177d04_w16.png,483457bcd9177d04,16,Field,Noise
train/noise/483457bcd9177d04_w21.png,483457bcd9177d04,21,Field,Noise
train/noise/483457bcd9177d04_w23.png,483457bcd9177d04,23,Field,Noise
train/noise/483457bcd9177d04_w24.png,483457bcd9177d04,24,Field,Noise
train/noise/483457bcd9177d04_w27.png,483457bcd9177d04,27,Field,Noise
train/noise/485790c4cf8aed4a_w05.png,485790c4cf8aed4a,5,Lab,Noise
train/noise/485790c4cf8aed4a_w10.png,485790c4cf8aed4a,10,Lab,Noise
train/noise/485790c4cf8aed4a_w11.png,485790c4cf8aed4a,11,Lab,Noise
train/noise/485790c4cf8aed4a_w12.png,485790c4cf8aed4a,12,Lab,Noise
train/noise/485790c4cf8aed4a_w13.png,485790c4cf8aed4a,13,Lab,Noise
train/noise/485790c4cf8aed4a_w15.png,485790c4cf8aed4a,15,Lab,Noise
train/noise/485790c4cf8aed4a_w18.png,485790c4cf8aed4a,18,Lab,Noise
train/noise/485790c4cf8aed4a_w20.png,485790c4cf8aed4a,20,Lab,Noise
train/noise/4870b5977100b5da_w05.png,4870b5977100b5da,5,Lab,Noise
train/noise/4870b5977100b5da_w13.png,4870b5977100b5da,13,Lab,Noise
train/noise/4870b5977100b5da_w14.png,4870b5977100b5da,14,Lab,Noise
train/noise/4870b5977100b5da_w16.png,4870b5977100b5da,16,Lab,Noise
train/noise/4870b5977100b5da_w17.png,4870b5977100b5da,17,Lab,Noise
train/noise/4870b5977100b5da_w19.png,4870b5977100b5da,19,Lab,Noise
train/noise/4870b5977100b5da_w21.png,4870b5977100b5da,21,Lab,Noise
train/noise/4870b5977100b5da_w23.png,4870b5977100b5da,23,Lab,Noise
train/noise/48ba1a719c261369_w02.png,48ba1a719c261369,2,Field,Noise
train/noise/48ba1a719c261369_w04.png,48ba1a719c261369,4,Field,Noise
train/noise/48ba1a719c261369_w07.png,48ba1a719c261369,7,Field,Noise
train/noise/48ba1a719c261369_w09.png,48ba1a719c261369,9,Field,Noise
train/noise/48ba1a719c261369_w20.png,48ba1a719c261369,20,Field,Noise
train/noise/48ba1a719c261369_w23.png,48ba1a719c261369,23,Field,Noise
train/noise/48ba1a719c261369_w25.png,48ba1a719c261369,25,Field,Noise
train/noise/48ba1a719c261369_w27.png,48ba1a719c261369,27,Field,Noise
train/noise/4970d32e19899a11_w00.png,4970d32e19899a11,0,Field,Noise
train/noise/4970d32e19899a11_w02.png,4970d32e19899a11,2,Field,Noise
train/noise/4970d32e19899a11_w04.png,4970d32e19899a11,4,Field,Noise
train/noise/4970d32e19899a11_w13.png,4970d32e19899a11,13,Field,Noise
train/noise/4970d32e19899a11_w19.png,4970d32e19899a11,19,Field,Noise
train/noise/4970d32e19899a11_w21.png,4970d32e19899a11,21,Field,Noise
train/noise/4970d32e19899a11_w24.png,4970d32e19899a11,24,Field,Noise
train/noise/4970d32e19899a11_w27.png,4970d32e19899a11,27,Field,Noise
train/noise/49862578cd12cd8e_w01.png,49862578cd12cd8e,1,Field,Noise
train/noise/49862578cd12cd8e_w03.png,49862578cd12cd8e,3,Field,Noise
train/noise/49862578cd12cd8e_w05.png,49862578cd12cd8e,5,Field,Noise
train/noise/49862578cd12cd8e_w06.png,49862578cd12cd8e,6,Field,Noise
train/noise/49862578cd12cd8e_w13.png,49862578cd12cd8e,13,Field,Noise
train/noise/49862578cd12cd8e_w16.png,49862578cd12cd8e,16,Field,Noise
train/noise/49862578cd12cd8e_w18.png,49862578cd12cd8e,18,Field,Noise
train/noise/49862578cd12cd8e_w26.png,49862578cd12cd8e,26,Field,Noise
train/noise/4a010cc0e373359f_w03.png,4a010cc0e373359f,3,Field,Noise
train/noise/4a010cc0e373359f_w06.png,4a010cc0e373359f,6,Field,Noise
train/noise/4a010cc0e373359f_w07.png,4a010cc0e373359f,7,Field,Noise
train/noise/4a010cc0e373359f_w12.png,4a010cc0e373359f,12,Field,Noise
train/noise/4a010cc0e373359f_w15.png,4a010cc0e373359f,15,Field,Noise
train/noise/4a010cc0e373359f_w16.png,4a010cc0e373359f,16,Field,Noise
train/noise/4a010cc0e373359f_w19.png,4a010cc0e373359f,19,Field,Noise
train/noise/4a010cc0e373359f_w25.png,4a010cc0e373359f,25,Field,Noise
train/noise/4aef81b14bf3c3f1_w00.png,4aef81b14bf3c3f1,0,Field,Noise
train/noise/4aef81b14bf3c3f1_w03.png,4aef81b14bf3c3f1,3,Field,Noise
train/noise/4aef81b14bf3c3f1_w09.png,4aef81b14bf3c3f1,9,Field,Noise
train/noise/4aef81b14bf3c3f1_w11.png,4aef81b14bf3c3f1,11,Field,Noise
train/noise/4aef81b14bf3c3f1_w13.png,4aef81b14bf3c3f1,13,Field,Noise
train/noise/4aef81b14bf3c3f1_w19.png,4aef81b14bf3c3f1,19,Field,Noise
train/noise/4aef81b14bf3c3f1_w24.png,4aef81b14bf3c3f1,24,Field,Noise
train/noise/4aef81b14bf3c3f1_w26.png,4aef81b14bf3c3f1,26,Field,Noise
train/noise/4b44ab1897e5def8_w02.png,4b44ab1897e5def8,2,Field,Noise
train/noise/4b44ab1897e5def8_w09.png,4b44ab1897e5def8,9,Field,Noise
train/noise/4b44ab1897e5def8_w14.png,4b44ab1897e5def8,14,Field,Noise
train/noise/4b44ab1897e5def8_w15.png,4b44ab1897e5def8,15,Field,Noise
train/noise/4b44ab1897e5def8_w17.png,4b44ab1897e5def8,17,Field,Noise
train/noise/4b44ab1897e5def8_w18.png,4b44ab1897e5def8,18,Field,Noise
train/noise/4b44ab1897e5def8_w20.png,4b44ab1897e5def8,20,Field,Noise
train/noise/4b44ab1897e5def8_w26.png,4b44ab1897e5def8,26,Field,Noise
train/noise/4b6ef1c174e4ef5a_w01.png,4b6ef1c174e4ef5a,1,Field,Noise
train/noise/4b6ef1c174e4ef5a_w08.png,4b6ef1c174e4ef5a,8,Field,Noise
train/noise/4b6ef1c174e4ef5a_w11.png,4b6ef1c174e4ef5a,11,Field,Noise
train/noise/4b6ef1c174e4ef5a_w17.png,4b6ef1c174e4ef5a,17,Field,Noise
train/noise/4b6ef1c174e4ef5a_w18.png,4b6ef1c174e4ef5a,18,Field,Noise
train/noise/4b6ef1c174e4ef5a_w23.png,4b6ef1c174e4ef5a,23,Field,Noise
train/noise/4b6ef1c174e4ef5a_w25.png,4b6ef1c174e4ef5a,25,Field,Noise
train/noise/4b6ef1c174e4ef5a_w26.png,4b6ef1c174e4ef5a,26,Field,Noise
train/noise/4b706d374032f65e_w04.png,4b706d374032f65e,4,Field,Noise
train/noise/4b706d374032f65e_w08.png,4b706d374032f65e,8,Field,Noise
train/noise/4b706d374032f65e_w12.png,4b706d374032f65e,12,Field,Noise
train/noise/4b706d374032f65e_w13.png,4b706d374032f65e,13,Field,Noise
train/noise/4b706d374032f65e_w17.png,4b706d374032f65e,17,Field,Noise
train/noise/4b706d374032f65e_w19.png,4b706d374032f65e,19,Field,Noise
train/noise/4b706d374032f65e_w22.png,4b706d374032f65e,22,Field,Noise
train/noise/4b706d374032f65e_w23.png,4b706d374032f65e,23,Field,Noise
train/noise/4c69e9047c3687bb_w02.png,4c69e9047c3687bb,2,Field,Noise
train/noise/4c69e9047c3687bb_w10.png,4c69e9047c3687bb,10,Field,Noise
train/noise/4c69e9047c3687bb_w13.png,4c69e9047c3687bb,13,Field,Noise
train/noise/4c69e9047c3687bb_w15.png,4c69e9047c3687bb,15,Field,Noise
train/noise/4c69e9047c3687bb_w20.png,4c69e9047c3687bb,20,Field,Noise
train/noise/4c69e9047c3687bb_w22.png,4c69e9047c3687bb,22,Field,Noise
train/noise/4c69e9047c3687bb_w26.png,4c69e9047c3687bb,26,Field,Noise
train/noise/4c69e9047c3687bb_w27.png,4c69e9047c3687bb,27,Field,Noise
train/noise/4c8bf85c2176acc1_w01.png,4c8bf85c2176acc1,1,Lab,Noise
train/noise/4c8bf85c2176acc1_w04.png,4c8bf85c2176acc1,4,Lab,Noise
train/noise/4c8bf85c2176acc1_w07.png,4c8bf85c2176acc1,7,Lab,Noise
train/noise/4c8bf85c2176acc1_w08.png,4c8bf85c2176acc1,8,Lab,Noise
train/noise/4c8bf85c2176acc1_w14.png,4c8bf85c2176acc1,14,Lab,Noise
train/noise/4c8bf85c2176acc1_w16.png,4c8bf85c2176acc1,16,Lab,Noise
train/noise/4c8bf85c2176acc1_w17.png,4c8bf85c2176acc1,17,Lab,Noise
train/noise/4c8bf85c2176acc1_w18.png,4c8bf85c2176acc1,18,Lab,Noise
train/noise/4d0b2457e702b1de_w02.png,4d0b2457e702b1de,2,Field,Noise
train/noise/4d0b2457e702b1de_w05.png,4d0b2457e702b1de,5,Field,Noise
train/noise/4d0b2457e702b1de_w08.png,4d0b2457e702b1de,8,Field,Noise
train/noise/4d0b2457e702b1de_w11.png,4d0b2457e702b1de,11,Field,Noise
train/noise/4d0b2457e702b1de_w14.png,4d0b2457e702b1de,14,Field,Noise
train/noise/4d0b2457e702b1de_w20.png,4d0b2457e702b1de,20,Field,Noise
train/noise/4d0b2457e702b1de_w25.png,4d0b2457e702b1de,25,Field,Noise
train/noise/4d0b2457e702b1de_w26.png,4d0b2457e702b1de,26,Field,Noise
train/noise/4d5697153bc54ece_w08.png,4d5697153bc54ece,8,Field,Noise
train/noise/4d5697153bc54ece_w09.png,4d5697153bc54ece,9,Field,Noise
train/noise/4d5697153bc54ece_w10.png,4d5697153bc54ece,10,Field,Noise
train/noise/4d5697153bc54ece_w14.png,4d5697153bc54ece,14,Field,Noise
train/noise/4d5697153bc54ece_w19.png,4d5697153bc54ece,19,Field,Noise
train/noise/4d5697153bc54ece_w24.png,4d5697153bc54ece,24,Field,Noise
train/noise/4d5697153bc54ece_w26.png,4d5697153bc54ece,26,Field,Noise
train/noise/4d5697153bc54ece_w27.png,4d5697153bc54ece,27,Field,Noise
train/noise/4d58a2f667099cac_w07.png,4d58a2f667099cac,7,Lab,Noise
train/noise/4d58a2f667099cac_w09.png,4d58a2f667099cac,9,Lab,Noise
train/noise/4d58a2f667099cac_w10.png,4d58a2f667099cac,10,Lab,Noise
train/noise/4d58a2f667099cac_w13.png,4d58a2f667099cac,13,Lab,Noise
train/noise/4d58a2f667099cac_w15.png,4d58a2f667099cac,15,Lab,Noise
train/noise/4d58a2f667099cac_w18.png,4d58a2f667099cac,18,Lab,Noise
train/noise/4d58a2f667099cac_w20.png,4d58a2f667099cac,20,Lab,Noise
train/noise/4d58a2f667099cac_w25.png,4d58a2f667099cac,25,Lab,Noise
train/noise/4e090f96f4732c33_w00.png,4e090f96f4732c33,0,Field,Noise
train/noise/4e090f96f4732c33_w01.png,4e090f96f4732c33,1,Field,Noise
train/noise/4e090f96f4732c33_w07.png,4e090f96f4732c33,7,Field,Noise
train/noise/4e090f96f4732c33_w10.png,4e090f96f4732c33,10,Field,Noise
train/noise/4e090f96f4732c33_w20.png,4e090f96f4732c33,20,Field,Noise
train/noise/4e090f96f4732c33_w21.png,4e090f96f4732c33,21,Field,Noise
train/noise/4e090f96f4732c33_w22.png,4e090f96f4732c33,22,Field,Noise
train/noise/4e090f96f4732c33_w25.png,4e090f96f4732c33,25,Field,Noise
train/noise/4ec63814ddd8c1aa_w02.png,4ec63814ddd8c1aa,2,Field,Noise
train/noise/4ec63814ddd8c1aa_w05.png,4ec63814ddd8c1aa,5,Field,Noise
train/noise/4ec63814ddd8c1aa_w08.png,4ec63814ddd8c1aa,8,Field,Noise
train/noise/4ec63814ddd8c1aa_w12.png,4ec63814ddd8c1aa,12,Field,Noise
train/noise/4ec63814ddd8c1aa_w13.png,4ec63814ddd8c1aa,13,Field,Noise
train/noise/4ec63814ddd8c1aa_w14.png,4ec63814ddd8c1aa,14,Field,Noise
train/noise/4ec63814ddd8c1aa_w15.png,4ec63814ddd8c1aa,15,Field,Noise
train/noise/4ec63814ddd8c1aa_w21.png,4ec63814ddd8c1aa,21,Field,Noise
train/noise/4ef5f2ccd7691678_w03.png,4ef5f2ccd7691678,3,Field,Noise
train/noise/4ef5f2ccd7691678_w07.png,4ef5f2ccd7691678,7,Field,Noise
train/noise/4ef5f2ccd7691678_w08.png,4ef5f2ccd7691678,8,Field,Noise
train/noise/4ef5f2ccd7691678_w11.png,4ef5f2ccd7691678,11,Field,Noise
train/noise/4ef5f2ccd7691678_w12.png,4ef5f2ccd7691678,12,Field,Noise
train/noise/4ef5f2ccd7691678_w20.png,4ef5f2ccd7691678,20,Field,Noise
train/noise/4ef5f2ccd7691678_w21.png,4ef5f2ccd7691678,21,Field,Noise
train/noise/4ef5f2ccd7691678_w23.png,4ef5f2ccd7691678,23,Field,Noise
train/noise/4effa76de18a6f65_w01.png,4effa76de18a6f65,1,Field,Noise
train/noise/4effa76de18a6f65_w04.png,4effa76de18a6f65,4,Field,Noise
train/noise/4effa76de18a6f65_w08.png,4effa76de18a6f65,8,Field,Noise
train/noise/4effa76de18a6f65_w09.png,4effa76de18a6f65,9,Field,Noise
train/noise/4effa76de18a6f65_w12.png,4effa76de18a6f65,12,Field,Noise
train/noise/4effa76de18a6f65_w14.png,4effa76de18a6f65,14,Field,Noise
train/noise/4effa76de18a6f65_w21.png,4effa76de18a6f65,21,Field,Noise
train/noise/4effa76de18a6f65_w22.png,4effa76de18a6f65,22,Field,Noise
train/noise/4f8d3954a14b7218_w05.png,4f8d3954a14b7218,5,Field,Noise
train/noise/4f8d3954a14b7218_w09.png,4f8d3954a14b7218,9,Field,Noise
train/noise/4f8d3954a14b7218_w13.png,4f8d3954a14b7218,13,Field,Noise
train/noise/4f8d3954a14b7218_w18.png,4f8d3954a14b7218,18,Field,Noise
train/noise/4f8d3954a14b7218_w19.png,4f8d3954a14b7218,19,Field,Noise
train/noise/4f8d3954a14b7218_w21.png,4f8d3954a14b7218,21,Field,Noise
train/noise/4f8d3954a14b7218_w23.png,4f8d3954a14b7218,23,Field,Noise
train/noise/4f8d3954a14b7218_w24.png,4f8d3954a14b7218,24,Field,Noise
train/noise/4feb2a7e2c6c93e5_w04.png,4feb2a7e2c6c93e5,4,Field,Noise
train/noise/4feb2a7e2c6c93e5_w06.png,4feb2a7e2c6c93e5,6,Field,Noise
train/noise/4feb2a7e2c6c93e5_w09.png,4feb2a7e2c6c93e5,9,Field,Noise
train/noise/4feb2a7e2c6c93e5_w12.png,4feb2a7e2c6c93e5,12,Field,Noise
train/noise/4feb2a7e2c6c93e5_w13.png,4feb2a7e2c6c93e5,13,Field,Noise
train/noise/4feb2a7e2c6c93e5_w15.png,4feb2a7e2c6c93e5,15,Field,Noise
train/noise/4feb2a7e2c6c93e5_w20.png,4feb2a7e2c6c93e5,20,Field,Noise
train/noise/4feb2a7e2c6c93e5_w27.png,4feb2a7e2c6c93e5,27,Field,Noise
train/noise/4ff97921af2ad7f7_w00.png,4ff97921af2ad7f7,0,Field,Noise
train/noise/4ff97921af2ad7f7_w03.png,4ff97921af2ad7f7,3,Field,Noise
train/noise/4ff97921af2ad7f7_w05.png,4ff97921af2ad7f7,5,Field,Noise
train/noise/4ff97921af2ad7f7_w11.png,4ff97921af2ad7f7,11,Field,Noise
train/noise/4ff97921af2ad7f7_w12.png,4ff97921af2ad7f7,12,Field,Noise
train/noise/4ff97921af2ad7f7_w13.png,4ff97921af2ad7f7,13,Field,Noise
train/noise/4ff97921af2ad7f7_w14.png,4ff97921af2ad7f7,14,Field,Noise
train/noise/4ff97921af2ad7f7_w24.png,4ff97921af2ad7f7,24,Field,Noise
train/noise/502440fc6f6e13e1_w00.png,502440fc6f6e13e1,0,Field,Noise
train/noise/502440fc6f6e13e1_w02.png,502440fc6f6e13e1,2,Field,Noise
train/noise/502440fc6f6e13e1_w03.png,502440fc6f6e13e1,3,Field,Noise
train/noise/502440fc6f6e13e1_w07.png,502440fc6f6e13e1,7,Field,Noise
train/noise/502440fc6f6e13e1_w08.png,502440fc6f6e13e1,8,Field,Noise
train/noise/502440fc6f6e13e1_w11.png,502440fc6f6e13e1,11,Field,Noise
train/noise/502440fc6f6e13e1_w13.png,502440fc6f6e13e1,13,Field,Noise
train/noise/502440fc6f6e13e1_w17.png,502440fc6f6e13e1,17,Field,Noise
train/noise/504ef493a2a9cea0_w00.png,504ef493a2a9cea0,0,Lab,Noise
train/noise/504ef493a2a9cea0_w07.png,504ef493a2a9cea0,7,Lab,Noise
train/noise/504ef493a2a9cea0_w08.png,504ef493a2a9cea0,8,Lab,Noise
train/noise/504ef493a2a9cea0_w12.png,504ef493a2a9cea0,12,Lab,Noise
train/noise/504ef493a2a9cea0_w16.png,504ef493a2a9cea0,16,Lab,Noise
train/noise/504ef493a2a9cea0_w18.png,504ef493a2a9cea0,18,Lab,Noise
train/noise/504ef493a2a9cea0_w22.png,504ef493a2a9cea0,22,Lab,Noise
train/noise/504ef493a2a9cea0_w23.png,504ef493a2a9cea0,23,Lab,Noise
train/noise/5106fa385460d6a8_w06.png,5106fa385460d6a8,6,Field,Noise
train/noise/5106fa385460d6a8_w10.png,5106fa385460d6a8,10,Field,Noise
train/noise/5106fa385460d6a8_w15.png,5106fa385460d6a8,15,Field,Noise
train/noise/5106fa385460d6a8_w18.png,5106fa385460d6a8,18,Field,Noise
train/noise/5106fa385460d6a8_w19.png,5106fa385460d6a8,19,Field,Noise
train/noise/5106fa385460d6a8_w22.png,5106fa385460d6a8,22,Field,Noise
train/noise/5106fa385460d6a8_w23.png,5106fa385460d6a8,23,Field,Noise
train/noise/5106fa385460d6a8_w24.png,5106fa385460d6a8,24,Field,Noise
train/noise/51335c650720b16c_w00.png,51335c650720b16c,0,Field,Noise
train/noise/51335c650720b16c_w01.png,51335c650720b16c,1,Field,Noise
train/noise/51335c650720b16c_w04.png,51335c650720b16c,4,Field,Noise
train/noise/51335c650720b16c_w05.png,51335c650720b16c,5,Field,Noise
train/noise/51335c650720b16c_w12.png,51335c650720b16c,12,Field,Noise
train/noise/51335c650720b16c_w17.png,51335c650720b16c,17,Field,Noise
train/noise/51335c650720b16c_w20.png,51335c650720b16c,20,Field,Noise
train/noise/51335c650720b16c_w24.png,51335c650720b16c,24,Field,Noise
train/noise/517cdc0b6eddeec0_w03.png,517cdc0b6eddeec0,3,Lab,Noise
train/noise/517cdc0b6eddeec0_w05.png,517cdc0b6eddeec0,5,Lab,Noise
train/noise/517cdc0b6eddeec0_w10.png,517cdc0b6eddeec0,10,Lab,Noise
train/noise/517cdc0b6eddeec0_w13.png,517cdc0b6eddeec0,13,Lab,Noise
train/noise/517cdc0b6eddeec0_w15.png,517cdc0b6eddeec0,15,Lab,Noise
train/noise/517cdc0b6eddeec0_w19.png,517cdc0b6eddeec0,19,Lab,Noise
train/noise/517cdc0b6eddeec0_w23.png,517cdc0b6eddeec0,23,Lab,Noise
train/noise/517cdc0b6eddeec0_w27.png,517cdc0b6eddeec0,27,Lab,Noise
train/noise/518bd8801cf80e99_w03.png,518bd8801cf80e99,3,Lab,Noise
train/noise/518bd8801cf80e99_w04.png,518bd8801cf80e99,4,Lab,Noise
train/noise/518bd8801cf80e99_w09.png,518bd8801cf80e99,9,Lab,Noise
train/noise/518bd8801cf80e99_w11.png,518bd8801cf80e99,11,Lab,Noise
train/noise/518bd8801cf80e99_w15.png,518bd8801cf80e99,15,Lab,Noise
train/noise/518bd8801cf80e99_w20.png,518bd8801cf80e99,20,Lab,Noise
train/noise/518bd8801cf80e99_w24.png,518bd8801cf80e99,24,Lab,Noise
train/noise/518bd8801cf80e99_w25.png,518bd8801cf80e99,25,Lab,Noise
train/noise/52614fca70e46b16_w05.png,52614fca70e46b16,5,Field,Noise
train/noise/52614fca70e46b16_w07.png,52614fca70e46b16,7,Field,Noise
train/noise/52614fca70e46b16_w08.png,52614fca70e46b16,8,Field,Noise
train/noise/52614fca70e46b16_w09.png,52614fca70e46b16,9,Field,Noise
train/noise/52614fca70e46b16_w15.png,52614fca70e46b16,15,Field,Noise
train/noise/52614fca70e46b16_w17.png,52614fca70e46b16,17,Field,Noise
train/noise/52614fca70e46b16_w22.png,52614fca70e46b16,22,Field,Noise
train/noise/52614fca70e46b16_w25.png,52614fca70e46b16,25,Field,Noise
train/noise/527e95e659f0ed42_w01.png,527e95e659f0ed42,1,Field,Noise
train/noise/527e95e659f0ed42_w07.png,527e95e659f0ed42,7,Field,Noise
train/noise/527e95e659f0ed42_w08.png,527e95e659f0ed42,8,Field,Noise
train/noise/527e95e659f0ed42_w12.png,527e95e659f0ed42,12,Field,Noise
train/noise/527e95e659f0ed42_w20.png,527e95e659f0ed42,20,Field,Noise
train/noise/527e95e659f0ed42_w23.png,527e95e659f0ed42,23,Field,Noise
train/noise/527e95e659f0ed42_w24.png,527e95e659f0ed42,24,Field,Noise
train/noise/527e95e659f0ed42_w26.png,527e95e659f0ed42,26,Field,Noise
train/noise/52b1780c949aec89_w03.png,52b1780c949aec89,3,Field,Noise
train/noise/52b1780c949aec89_w05.png,52b1780c949aec89,5,Field,Noise
train/noise/52b1780c949aec89_w08.png,52b1780c949aec89,8,Field,Noise
train/noise/52b1780c949aec89_w17.png,52b1780c949aec89,17,Field,Noise
train/noise/52b1780c949aec89_w19.png,52b1780c949aec89,19,Field,Noise
train/noise/52b1780c949aec89_w20.png,52b1780c949aec89,20,Field,Noise
train/noise/52b1780c949aec89_w23.png,52b1780c949aec89,23,Field,Noise
train/noise/52b1780c949aec89_w26.png,52b1780c949aec89,26,Field,Noise
train/noise/52d0358702f35703_w00.png,52d0358702f35703,0,Field,Noise
train/noise/52d0358702f35703_w01.png,52d0358702f35703,1,Field,Noise
train/noise/52d0358702f35703_w02.png,52d0358702f35703,2,Field,Noise
train/noise/52d0358702f35703_w13.png,52d0358702f35703,13,Field,Noise
train/noise/52d0358702f35703_w14.png,52d0358702f35703,14,Field,Noise
train/noise/52d0358702f35703_w20.png,52d0358702f35703,20,Field,Noise
train/noise/52d0358702f35703_w21.png,52d0358702f35703,21,Field,Noise
train/noise/52d0358702f35703_w27.png,52d0358702f35703,27,Field,Noise
train/noise/52fb3e3f5116fe61_w01.png,52fb3e3f5116fe61,1,Field,Noise
train/noise/52fb3e3f5116fe61_w11.png,52fb3e3f5116fe61,11,Field,Noise
train/noise/52fb3e3f5116fe61_w12.png,52fb3e3f5116fe61,12,Field,Noise
train/noise/52fb3e3f5116fe61_w15.png,52fb3e3f5116fe61,15,Field,Noise
train/noise/52fb3e3f5116fe61_w16.png,52fb3e3f5116fe61,16,Field,Noise
train/noise/52fb3e3f5116fe61_w22.png,52fb3e3f5116fe61,22,Field,Noise
train/noise/52fb3e3f5116fe61_w24.png,52fb3e3f5116fe61,24,Field,Noise
train/noise/52fb3e3f5116fe61_w27.png,52fb3e3f5116fe61,27,Field,Noise
train/noise/5379fe519f5566a6_w04.png,5379fe519f5566a6,4,Field,Noise
train/noise/5379fe519f5566a6_w05.png,5379fe519f5566a6,5,Field,Noise
train/noise/5379fe519f5566a6_w07.png,5379fe519f5566a6,7,Field,Noise
train/noise/5379fe519f5566a6_w15.png,5379fe519f5566a6,15,Field,Noise
train/noise/5379fe519f5566a6_w18.png,5379fe519f5566a6,18,Field,Noise
train/noise/5379fe519f5566a6_w21.png,5379fe519f5566a6,21,Field,Noise
train/noise/5379fe519f5566a6_w24.png,5379fe519f5566a6,24,Field,Noise
train/noise/5379fe519f5566a6_w26.png,5379fe519f5566a6,26,Field,Noise
train/noise/53d000ca9cb0a845_w02.png,53d000ca9cb0a845,2,Field,Noise
train/noise/53d000ca9cb0a845_w06.png,53d000ca9cb0a845,6,Field,Noise
train/noise/53d000ca9cb0a845_w07.png,53d000ca9cb0a845,7,Field,Noise
train/noise/53d000ca9cb0a845_w11.png,53d000ca9cb0a845,11,Field,Noise
train/noise/53d000ca9cb0a845_w17.png,53d000ca9cb0a845,17,Field,Noise
train/noise/53d000ca9cb0a845_w21.png,53d000ca9cb0a845,21,Field,Noise
train/noise/53d000ca9cb0a845_w22.png,53d000ca9cb0a845,22,Field,Noise
train/noise/53d000ca9cb0a845_w26.png,53d000ca9cb0a845,26,Field,Noise
train/noise/53e9a933e800ae38_w00.png,53e9a933e800ae38,0,Field,Noise
train/noise/53e9a933e800ae38_w05.png,53e9a933e800ae38,5,Field,Noise
train/noise/53e9a933e800ae38_w08.png,53e9a933e800ae38,8,Field,Noise
train/noise/53e9a933e800ae38_w10.png,53e9a933e800ae38,10,Field,Noise
train/noise/53e9a933e800ae38_w17.png,53e9a933e800ae38,17,Field,Noise
train/noise/53e9a933e800ae38_w21.png,53e9a933e800ae38,21,Field,Noise
train/noise/53e9a933e800ae38_w23.png,53e9a933e800ae38,23,Field,Noise
train/noise/53e9a933e800ae38_w27.png,53e9a933e800ae38,27,Field,Noise
train/noise/53fc588126d74ff8_w06.png,53fc588126d74ff8,6,Field,Noise
train/noise/53fc588126d74ff8_w10.png,53fc588126d74ff8,10,Field,Noise
train/noise/53fc588126d74ff8_w11.png,53fc588126d74ff8,11,Field,Noise
train/noise/53fc588126d74ff8_w13.png,53fc588126d74ff8,13,Field,Noise
train/noise/53fc588126d74ff8_w15.png,53fc588126d74ff8,15,Field,Noise
train/noise/53fc588126d74ff8_w19.png,53fc588126d74ff8,19,Field,Noise
train/noise/53fc588126d74ff8_w21.png,53fc588126d74ff8,21,Field,Noise
train/noise/53fc588126d74ff8_w26.png,53fc588126d74ff8,26,Field,Noise
train/noise/53fec3b22ea6f82c_w00.png,53fec3b22ea6f82c,0,Field,Noise
train/noise/53fec3b22ea6f82c_w01.png,53fec3b22ea6f82c,1,Field,Noise
train/noise/53fec3b22ea6f82c_w02.png,53fec3b22ea6f82c,2,Field,Noise
train/noise/53fec3b22ea6f82c_w04.png,53fec3b22ea6f82c,4,Field,Noise
train/noise/53fec3b22ea6f82c_w05.png,53fec3b22ea6f82c,5,Field,Noise
train/noise/53fec3b22ea6f82c_w09.png,53fec3b22ea6f82c,9,Field,Noise
train/noise/53fec3b22ea6f82c_w20.png,53fec3b22ea6f82c,20,Field,Noise
train/noise/53fec3b22ea6f82c_w24.png,53fec3b22ea6f82c,24,Field,Noise
train/noise/54cf5e90662e7f9f_w03.png,54cf5e90662e7f9f,3,Field,Noise
train/noise/54cf5e90662e7f9f_w12.png,54cf5e90662e7f9f,12,Field,Noise
train/noise/54cf5e90662e7f9f_w13.png,54cf5e90662e7f9f,13,Field,Noise
train/noise/54cf5e90662e7f9f_w14.png,54cf5e90662e7f9f,14,Field,Noise
train/noise/54cf5e90662e7f9f_w15.png,54cf5e90662e7f9f,15,Field,Noise
train/noise/54cf5e90662e7f9f_w18.png,54cf5e90662e7f9f,18,Field,Noise
train/noise/54cf5e90662e7f9f_w23.png,54cf5e90662e7f9f,23,Field,Noise
train/noise/54cf5e90662e7f9f_w26.png,54cf5e90662e7f9f,26,Field,Noise
train/noise/550931f67aa1cc36_w00.png,550931f67aa1cc36,0,Field,Noise
train/noise/550931f67aa1cc36_w09.png,550931f67aa1cc36,9,Field,Noise
train/noise/550931f67aa1cc36_w15.png,550931f67aa1cc36,15,Field,Noise
train/noise/550931f67aa1cc36_w16.png,550931f67aa1cc36,16,Field,Noise
train/noise/550931f67aa1cc36_w22.png,550931f67aa1cc36,22,Field,Noise
train/noise/550931f67aa1cc36_w24.png,550931f67aa1cc36,24,Field,Noise
train/noise/550931f67aa1cc36_w25.png,550931f67aa1cc36,25,Field,Noise
train/noise/550931f67aa1cc36_w27.png,550931f67aa1cc36,27,Field,Noise
train/noise/553173dc3bcff53a_w01.png,553173dc3bcff53a,1,Field,Noise
train/noise/553173dc3bcff53a_w02.png,553173dc3bcff53a,2,Field,Noise
train/noise/553173dc3bcff53a_w03.png,553173dc3bcff53a,3,Field,Noise
train/noise/553173dc3bcff53a_w09.png,553173dc3bcff53a,9,Field,Noise
train/noise/553173dc3bcff53a_w14.png,553173dc3bcff53a,14,Field,Noise
train/noise/553173dc3bcff53a_w15.png,553173dc3bcff53a,15,Field,Noise
train/noise/553173dc3bcff53a_w16.png,553173dc3bcff53a,16,Field,Noise
train/noise/553173dc3bcff53a_w20.png,553173dc3bcff53a,20,Field,Noise
train/noise/55c98f0698db3112_w00.png,55c98f0698db3112,0,Field,Noise
train/noise/55c98f0698db3112_w08.png,55c98f0698db3112,8,Field,Noise
train/noise/55c98f0698db3112_w11.png,55c98f0698db3112,11,Field,Noise
train/noise/55c98f0698db3112_w15.png,55c98f0698db3112,15,Field,Noise
train/noise/55c98f0698db3112_w19.png,55c98f0698db3112,19,Field,Noise
train/noise/55c98f0698db3112_w21.png,55c98f0698db3112,21,Field,Noise
train/noise/55c98f0698db3112_w23.png,55c98f0698db3112,23,Field,Noise
train/noise/55c98f0698db3112_w24.png,55c98f0698db3112,24,Field,Noise
train/noise/578bce00a845b7b7_w02.png,578bce00a845b7b7,2,Field,Noise
train/noise/578bce00a845b7b7_w04.png,578bce00a845b7b7,4,Field,Noise
train/noise/578bce00a845b7b7_w11.png,578bce00a845b7b7,11,Field,Noise
train/noise/578bce00a845b7b7_w13.png,578bce00a845b7b7,13,Field,Noise
train/noise/578bce00a845b7b7_w14.png,578bce00a845b7b7,14,Field,Noise
train/noise/578bce00a845b7b7_w20.png,578bce00a845b7b7,20,Field,Noise
train/noise/578bce00a845b7b7_w22.png,578bce00a845b7b7,22,Field,Noise
train/noise/578bce00a845b7b7_w23.png,578bce00a845b7b7,23,Field,Noise
train/noise/579d52e9877751d7_w01.png,579d52e9877751d7,1,Lab,Noise
train/noise/579d52e9877751d7_w02.png,579d52e9877751d7,2,Lab,Noise
train/noise/579d52e9877751d7_w03.png,579d52e9877751d7,3,Lab,Noise
train/noise/579d52e9877751d7_w05.png,579d52e9877751d7,5,Lab,Noise
train/noise/579d52e9877751d7_w12.png,579d52e9877751d7,12,Lab,Noise
train/noise/579d52e9877751d7_w14.png,579d52e9877751d7,14,Lab,Noise
train/noise/579d52e9877751d7_w15.png,579d52e9877751d7,15,Lab,Noise
train/noise/579d52e9877751d7_w19.png,579d52e9877751d7,19,Lab,Noise
train/noise/57fe1e31594d86c3_w04.png,57fe1e31594d86c3,4,Field,Noise
train/noise/57fe1e31594d86c3_w10.png,57fe1e31594d86c3,10,Field,Noise
train/noise/57fe1e31594d86c3_w12.png,57fe1e31594d86c3,12,Field,Noise
train/noise/57fe1e31594d86c3_w16.png,57fe1e31594d86c3,16,Field,Noise
train/noise/57fe1e31594d86c3_w19.png,57fe1e31594d86c3,19,Field,Noise
train/noise/57fe1e31594d86c3_w21.png,57fe1e31594d86c3,21,Field,Noise
train/noise/57fe1e31594d86c3_w25.png,57fe1e31594d86c3,25,Field,Noise
train/noise/57fe1e31594d86c3_w27.png,57fe1e31594d86c3,27,Field,Noise
train/noise/5818f6d9444c39d9_w04.png,5818f6d9444c39d9,4,Field,Noise
train/noise/5818f6d9444c39d9_w08.png,5818f6d9444c39d9,8,Field,Noise
train/noise/5818f6d9444c39d9_w13.png,5818f6d9444c39d9,13,Field,Noise
train/noise/5818f6d9444c39d9_w14.png,5818f6d9444c39d9,14,Field,Noise
train/noise/5818f6d9444c39d9_w16.png,5818f6d9444c39d9,16,Field,Noise
train/noise/5818f6d9444c39d9_w22.png,5818f6d9444c39d9,22,Field,Noise
train/noise/5818f6d9444c39d9_w25.png,5818f6d9444c39d9,25,Field,Noise
train/noise/5818f6d9444c39d9_w27.png,5818f6d9444c39d9,27,Field,Noise
train/noise/582e32f187e8ea80_w01.png,582e32f187e8ea80,1,Lab,Noise
train/noise/582e32f187e8ea80_w05.png,582e32f187e8ea80,5,Lab,Noise
train/noise/582e32f187e8ea80_w09.png,582e32f187e8ea80,9,Lab,Noise
train/noise/582e32f187e8ea80_w11.png,582e32f187e8ea80,11,Lab,Noise
train/noise/582e32f187e8ea80_w13.png,582e32f187e8ea80,13,Lab,Noise
train/noise/582e32f187e8ea80_w14.png,582e32f187e8ea80,14,Lab,Noise
train/noise/582e32f187e8ea80_w22.png,582e32f187e8ea80,22,Lab,Noise
train/noise/582e32f187e8ea80_w25.png,582e32f187e8ea80,25,Lab,Noise
train/noise/58649f46cf28596a_w01.png,58649f46cf28596a,1,Field,Noise
train/noise/58649f46cf28596a_w07.png,58649f46cf28596a,7,Field,Noise
train/noise/58649f46cf28596a_w11.png,58649f46cf28596a,11,Field,Noise
train/noise/58649f46cf28596a_w12.png,58649f46cf28596a,12,Field,Noise
train/noise/58649f46cf28596a_w16.png,58649f46cf28596a,16,Field,Noise
train/noise/58649f46cf28596a_w18.png,58649f46cf28596a,18,Field,Noise
train/noise/58649f46cf28596a_w23.png,58649f46cf28596a,23,Field,Noise
train/noise/58649f46cf28596a_w25.png,58649f46cf28596a,25,Field,Noise
train/noise/589dc6a3ee0f4ec7_w00.png,589dc6a3ee0f4ec7,0,Field,Noise
train/noise/589dc6a3ee0f4ec7_w07.png,589dc6a3ee0f4ec7,7,Field,Noise
train/noise/589dc6a3ee0f4ec7_w12.png,589dc6a3ee0f4ec7,12,Field,Noise
train/noise/589dc6a3ee0f4ec7_w14.png,589dc6a3ee0f4ec7,14,Field,Noise
train/noise/589dc6a3ee0f4ec7_w16.png,589dc6a3ee0f4ec7,16,Field,Noise
train/noise/589dc6a3ee0f4ec7_w17.png,589dc6a3ee0f4ec7,17,Field,Noise
train/noise/589dc6a3ee0f4ec7_w18.png,589dc6a3ee0f4ec7,18,Field,Noise
train/noise/589dc6a3ee0f4ec7_w23.png,589dc6a3ee0f4ec7,23,Field,Noise
train/noise/5a5ecc8b16d1dddc_w02.png,5a5ecc8b16d1dddc,2,Field,Noise
train/noise/5a5ecc8b16d1dddc_w06.png,5a5ecc8b16d1dddc,6,Field,Noise
train/noise/5a5ecc8b16d1dddc_w09.png,5a5ecc8b16d1dddc,9,Field,Noise
train/noise/5a5ecc8b16d1dddc_w11.png,5a5ecc8b16d1dddc,11,Field,Noise
train/noise/5a5ecc8b16d1dddc_w14.png,5a5ecc8b16d1dddc,14,Field,Noise
train/noise/5a5ecc8b16d1dddc_w19.png,5a5ecc8b16d1dddc,19,Field,Noise
train/noise/5a5ecc8b16d1dddc_w20.png,5a5ecc8b16d1dddc,20,Field,Noise
train/noise/5a5ecc8b16d1dddc_w26.png,5a5ecc8b16d1dddc,26,Field,Noise
train/noise/5a7b66a335d24b6f_w07.png,5a7b66a335d24b6f,7,Field,Noise
train/noise/5a7b66a335d24b6f_w08.png,5a7b66a335d24b6f,8,Field,Noise
train/noise/5a7b66a335d24b6f_w09.png,5a7b66a335d24b6f,9,Field,Noise
train/noise/5a7b66a335d24b6f_w12.png,5a7b66a335d24b6f,12,Field,Noise
train/noise/5a7b66a335d24b6f_w19.png,5a7b66a335d24b6f,19,Field,Noise
train/noise/5a7b66a335d24b6f_w21.png,5a7b66a335d24b6f,21,Field,Noise
train/noise/5a7b66a335d24b6f_w23.png,5a7b66a335d24b6f,23,Field,Noise
train/noise/5a7b66a335d24b6f_w26.png,5a7b66a335d24b6f,26,Field,Noise
train/noise/5a9651b018abaaed_w01.png,5a9651b018abaaed,1,Lab,Noise
train/noise/5a9651b018abaaed_w03.png,5a9651b018abaaed,3,Lab,Noise
train/noise/5a9651b018abaaed_w07.png,5a9651b018abaaed,7,Lab,Noise
train/noise/5a9651b018abaaed_w15.png,5a9651b018abaaed,15,Lab,Noise
train/noise/5a9651b018abaaed_w16.png,5a9651b018abaaed,16,Lab,Noise
train/noise/5a9651b018abaaed_w18.png,5a9651b018abaaed,18,Lab,Noise
train/noise/5a9651b018abaaed_w19.png,5a9651b018abaaed,19,Lab,Noise
train/noise/5a9651b018abaaed_w24.png,5a9651b018abaaed,24,Lab,Noise
train/noise/5ac930c22962359d_w04.png,5ac930c22962359d,4,Field,Noise
train/noise/5ac930c22962359d_w05.png,5ac930c22962359d,5,Field,Noise
train/noise/5ac930c22962359d_w12.png,5ac930c22962359d,12,Field,Noise
train/noise/5ac930c22962359d_w13.png,5ac930c22962359d,13,Field,Noise
train/noise/5ac930c22962359d_w14.png,5ac930c22962359d,14,Field,Noise
train/noise/5ac930c22962359d_w15.png,5ac930c22962359d,15,Field,Noise
train/noise/5ac930c22962359d_w18.png,5ac930c22962359d,18,Field,Noise
train/noise/5ac930c22962359d_w26.png,5ac930c22962359d,26,Field,Noise
train/noise/5b59e6bc903d2d77_w05.png,5b59e6bc903d2d77,5,Field,Noise
train/noise/5b59e6bc903d2d77_w06.png,5b59e6bc903d2d77,6,Field,Noise
train/noise/5b59e6bc903d2d77_w10.png,5b59e6bc903d2d77,10,Field,Noise
train/noise/5b59e6bc903d2d77_w12.png,5b59e6bc903d2d77,12,Field,Noise
train/noise/5b59e6bc903d2d77_w15.png,5b59e6bc903d2d77,15,Field,Noise
train/noise/5b59e6bc903d2d77_w20.png,5b59e6bc903d2d77,20,Field,Noise
train/noise/5b59e6bc903d2d77_w21.png,5b59e6bc903d2d77,21,Field,Noise
train/noise/5b59e6bc903d2d77_w22.png,5b59e6bc903d2d77,22,Field,Noise
train/noise/5c5b7ae64225334f_w08.png,5c5b7ae64225334f,8,Field,Noise
train/noise/5c5b7ae64225334f_w13.png,5c5b7ae64225334f,13,Field,Noise
train/noise/5c5b7ae64225334f_w14.png,5c5b7ae64225334f,14,Field,Noise
train/noise/5c5b7ae64225334f_w18.png,5c5b7ae64225334f,18,Field,Noise
train/noise/5c5b7ae64225334f_w21.png,5c5b7ae64225334f,21,Field,Noise
train/noise/5c5b7ae64225334f_w22.png,5c5b7ae64225334f,22,Field,Noise
train/noise/5c5b7ae64225334f_w24.png,5c5b7ae64225334f,24,Field,Noise
train/noise/5c5b7ae64225334f_w26.png,5c5b7ae64225334f,26,Field,Noise
train/noise/5c5cd74b54ea1e4d_w06.png,5c5cd74b54ea1e4d,6,Field,Noise
train/noise/5c5cd74b54ea1e4d_w14.png,5c5cd74b54ea1e4d,14,Field,Noise
train/noise/5c5cd74b54ea1e4d_w16.png,5c5cd74b54ea1e4d,16,Field,Noise
train/noise/5c5cd74b54ea1e4d_w18.png,5c5cd74b54ea1e4d,18,Field,Noise
train/noise/5c5cd74b54ea1e4d_w21.png,5c5cd74b54ea1e4d,21,Field,Noise
train/noise/5c5cd74b54ea1e4d_w24.png,5c5cd74b54ea1e4d,24,Field,Noise
train/noise/5c5cd74b54ea1e4d_w25.png,5c5cd74b54ea1e4d,25,Field,Noise
train/noise/5c5cd74b54ea1e4d_w27.png,5c5cd74b54ea1e4d,27,Field,Noise
train/noise/5d770ba1f029d31f_w03.png,5d770ba1f029d31f,3,Field,Noise
train/noise/5d770ba1f029d31f_w06.png,5d770ba1f029d31f,6,Field,Noise
train/noise/5d770ba1f029d31f_w10.png,5d770ba1f029d31f,10,Field,Noise
train/noise/5d770ba1f029d31f_w12.png,5d770ba1f029d31f,12,Field,Noise
train/noise/5d770ba1f029d31f_w13.png,5d770ba1f029d31f,13,Field,Noise
train/noise/5d770ba1f029d31f_w18.png,5d770ba1f029d31f,18,Field,Noise
train/noise/5d770ba1f029d31f_w24.png,5d770ba1f029d31f,24,Field,Noise
train/noise/5d770ba1f029d31f_w26.png,5d770ba1f029d31f,26,Field,Noise
train/noise/5d7bd0ae8f20713b_w03.png,5d7bd0ae8f20713b,3,Field,Noise
train/noise/5d7bd0ae8f20713b_w07.png,5d7bd0ae8f20713b,7,Field,Noise
train/noise/5d7bd0ae8f20713b_w09.png,5d7bd0ae8f20713b,9,Field,Noise
train/noise/5d7bd0ae8f20713b_w11.png,5d7bd0ae8f20713b,11,Field,Noise
train/noise/5d7bd0ae8f20713b_w12.png,5d7bd0ae8f20713b,12,Field,Noise
train/noise/5d7bd0ae8f20713b_w15.png,5d7bd0ae8f20713b,15,Field,Noise
train/noise/5d7bd0ae8f20713b_w19.png,5d7bd0ae8f20713b,19,Field,Noise
train/noise/5d7bd0ae8f20713b_w26.png,5d7bd0ae8f20713b,26,Field,Noise
train/noise/5d98fc8f3f16ce49_w01.png,5d98fc8f3f16ce49,1,Field,Noise
train/noise/5d98fc8f3f16ce49_w08.png,5d98fc8f3f16ce49,8,Field,Noise
train/noise/5d98fc8f3f16ce49_w10.png,5d98fc8f3f16ce49,10,Field,Noise
train/noise/5d98fc8f3f16ce49_w14.png,5d98fc8f3f16ce49,14,Field,Noise
train/noise/5d98fc8f3f16ce49_w16.png,5d98fc8f3f16ce49,16,Field,Noise
train/noise/5d98fc8f3f16ce49_w24.png,5d98fc8f3f16ce49,24,Field,Noise
train/noise/5d98fc8f3f16ce49_w26.png,5d98fc8f3f16ce49,26,Field,Noise
train/noise/5d98fc8f3f16ce49_w27.png,5d98fc8f3f16ce49,27,Field,Noise
train/noise/5dd7054c6dd9bbe2_w03.png,5dd7054c6dd9bbe2,3,Lab,Noise
train/noise/5dd7054c6dd9bbe2_w12.png,5dd7054c6dd9bbe2,12,Lab,Noise
train/noise/5dd7054c6dd9bbe2_w16.png,5dd7054c6dd9bbe2,16,Lab,Noise
train/noise/5dd7054c6dd9bbe2_w19.png,5dd7054c6dd9bbe2,19,Lab,Noise
train/noise/5dd7054c6dd9bbe2_w21.png,5dd7054c6dd9bbe2,21,Lab,Noise
train/noise/5dd7054c6dd9bbe2_w22.png,5dd7054c6dd9bbe2,22,Lab,Noise
train/noise/5dd7054c6dd9bbe2_w23.png,5dd7054c6dd9bbe2,23,Lab,Noise
train/noise/5dd7054c6dd9bbe2_w25.png,5dd7054c6dd9bbe2,25,Lab,Noise
train/noise/5df2e3a8275b15dc_w08.png,5df2e3a8275b15dc,8,Field,Noise
train/noise/5df2e3a8275b15dc_w13.png,5df2e3a8275b15dc,13,Field,Noise
train/noise/5df2e3a8275b15dc_w19.png,5df2e3a8275b15dc,19,Field,Noise
train/noise/5df2e3a8275b15dc_w21.png,5df2e3a8275b15dc,21,Field,Noise
train/noise/5df2e3a8275b15dc_w24.png,5df2e3a8275b15dc,24,Field,Noise
train/noise/5df2e3a8275b15dc_w25.png,5df2e3a8275b15dc,25,Field,Noise
train/noise/5df2e3a8275b15dc_w26.png,5df2e3a8275b15dc,26,Field,Noise
train/noise/5df2e3a8275b15dc_w27.png,5df2e3a8275b15dc,27,Field,Noise
train/noise/5e6793bc6df530e4_w00.png,5e6793bc6df530e4,0,Field,Noise
train/noise/5e6793bc6df530e4_w04.png,5e6793bc6df530e4,4,Field,Noise
train/noise/5e6793bc6df530e4_w05.png,5e6793bc6df530e4,5,Field,Noise
train/noise/5e6793bc6df530e4_w08.png,5e6793bc6df530e4,8,Field,Noise
train/noise/5e6793bc6df530e4_w12.png,5e6793bc6df530e4,12,Field,Noise
train/noise/5e6793bc6df530e4_w22.png,5e6793bc6df530e4,22,Field,Noise
train/noise/5e6793bc6df530e4_w23.png,5e6793bc6df530e4,23,Field,Noise
train/noise/5e6793bc6df530e4_w27.png,5e6793bc6df530e4,27,Field,Noise
train/noise/5e74904db41de1fb_w01.png,5e74904db41de1fb,1,Lab,Noise
train/noise/5e74904db41de1fb_w04.png,5e74904db41de1fb,4,Lab,Noise
train/noise/5e74904db41de1fb_w07.png,5e74904db41de1fb,7,Lab,Noise
train/noise/5e74904db41de1fb_w10.png,5e74904db41de1fb,10,Lab,Noise
train/noise/5e74904db41de1fb_w11.png,5e74904db41de1fb,11,Lab,Noise
train/noise/5e74904db41de1fb_w12.png,5e74904db41de1fb,12,Lab,Noise
train/noise/5e74904db41de1fb_w13.png,5e74904db41de1fb,13,Lab,Noise
train/noise/5e74904db41de1fb_w24.png,5e74904db41de1fb,24,Lab,Noise
train/noise/5ea75b3b28665b27_w02.png,5ea75b3b28665b27,2,Field,Noise
train/noise/5ea75b3b28665b27_w03.png,5ea75b3b28665b27,3,Field,Noise
train/noise/5ea75b3b28665b27_w11.png,5ea75b3b28665b27,11,Field,Noise
train/noise/5ea75b3b28665b27_w12.png,5ea75b3b28665b27,12,Field,Noise
train/noise/5ea75b3b28665b27_w17.png,5ea75b3b28665b27,17,Field,Noise
train/noise/5ea75b3b28665b27_w18.png,5ea75b3b28665b27,18,Field,Noise
train/noise/5ea75b3b28665b27_w21.png,5ea75b3b28665b27,21,Field,Noise
train/noise/5ea75b3b28665b27_w23.png,5ea75b3b28665b27,23,Field,Noise
train/noise/5fc0b92b59a9ffb1_w01.png,5fc0b92b59a9ffb1,1,Field,Noise
train/noise/5fc0b92b59a9ffb1_w02.png,5fc0b92b59a9ffb1,2,Field,Noise
train/noise/5fc0b92b59a9ffb1_w05.png,5fc0b92b59a9ffb1,5,Field,Noise
train/noise/5fc0b92b59a9ffb1_w06.png,5fc0b92b59a9ffb1,6,Field,Noise
train/noise/5fc0b92b59a9ffb1_w07.png,5fc0b92b59a9ffb1,7,Field,Noise
train/noise/5fc0b92b59a9ffb1_w12.png,5fc0b92b59a9ffb1,12,Field,Noise
train/noise/5fc0b92b59a9ffb1_w22.png,5fc0b92b59a9ffb1,22,Field,Noise
train/noise/5fc0b92b59a9ffb1_w26.png,5fc0b92b59a9ffb1,26,Field,Noise
train/noise/60b44ebb50e3123c_w02.png,60b44ebb50e3123c,2,Lab,Noise
train/noise/60b44ebb50e3123c_w03.png,60b44ebb50e3123c,3,Lab,Noise
train/noise/60b44ebb50e3123c_w05.png,60b44ebb50e3123c,5,Lab,Noise
train/noise/60b44ebb50e3123c_w11.png,60b44ebb50e3123c,11,Lab,Noise
train/noise/60b44ebb50e3123c_w15.png,60b44ebb50e3123c,15,Lab,Noise
train/noise/60b44ebb50e3123c_w16.png,60b44ebb50e3123c,16,Lab,Noise
train/noise/60b44ebb50e3123c_w21.png,60b44ebb50e3123c,21,Lab,Noise
train/noise/60b44ebb50e3123c_w25.png,60b44ebb50e3123c,25,Lab,Noise
train/noise/60c6a607c5d1e7b9_w00.png,60c6a607c5d1e7b9,0,Lab,Noise
train/noise/60c6a607c5d1e7b9_w02.png,60c6a607c5d1e7b9,2,Lab,Noise
train/noise/60c6a607c5d1e7b9_w04.png,60c6a607c5d1e7b9,4,Lab,Noise
train/noise/60c6a607c5d1e7b9_w10.png,60c6a607c5d1e7b9,10,Lab,Noise
train/noise/60c6a607c5d1e7b9_w15.png,60c6a607c5d1e7b9,15,Lab,Noise
train/noise/60c6a607c5d1e7b9_w17.png,60c6a607c5d1e7b9,17,Lab,Noise
train/noise/60c6a607c5d1e7b9_w18.png,60c6a607c5d1e7b9,18,Lab,Noise
train/noise/60c6a607c5d1e7b9_w27.png,60c6a607c5d1e7b9,27,Lab,Noise
train/noise/60f059cddcf516df_w02.png,60f059cddcf516df,2,Field,Noise
train/noise/60f059cddcf516df_w07.png,60f059cddcf516df,7,Field,Noise
train/noise/60f059cddcf516df_w10.png,60f059cddcf516df,10,Field,Noise
train/noise/60f059cddcf516df_w13.png,60f059cddcf516df,13,Field,Noise
train/noise/60f059cddcf516df_w16.png,60f059cddcf516df,16,Field,Noise
train/noise/60f059cddcf516df_w19.png,60f059cddcf516df,19,Field,Noise
train/noise/60f059cddcf516df_w21.png,60f059cddcf516df,21,Field,Noise
train/noise/60f059cddcf516df_w26.png,60f059cddcf516df,26,Field,Noise
train/noise/612efabdd9384cdf_w01.png,612efabdd9384cdf,1,Field,Noise
train/noise/612efabdd9384cdf_w06.png,612efabdd9384cdf,6,Field,Noise
train/noise/612efabdd9384cdf_w12.png,612efabdd9384cdf,12,Field,Noise
train/noise/612efabdd9384cdf_w15.png,612efabdd9384cdf,15,Field,Noise
train/noise/612efabdd9384cdf_w16.png,612efabdd9384cdf,16,Field,Noise
train/noise/612efabdd9384cdf_w17.png,612efabdd9384cdf,17,Field,Noise
train/noise/612efabdd9384cdf_w20.png,612efabdd9384cdf,20,Field,Noise
train/noise/612efabdd9384cdf_w22.png,612efabdd9384cdf,22,Field,Noise
train/noise/618585de0558a2a1_w00.png,618585de0558a2a1,0,Field,Noise
train/noise/618585de0558a2a1_w07.png,618585de0558a2a1,7,Field,Noise
train/noise/618585de0558a2a1_w08.png,618585de0558a2a1,8,Field,Noise
train/noise/618585de0558a2a1_w16.png,618585de0558a2a1,16,Field,Noise
train/noise/618585de0558a2a1_w19.png,618585de0558a2a1,19,Field,Noise
train/noise/618585de0558a2a1_w20.png,618585de0558a2a1,20,Field,Noise
train/noise/618585de0558a2a1_w24.png,618585de0558a2a1,24,Field,Noise
train/noise/618585de0558a2a1_w26.png,618585de0558a2a1,26,Field,Noise
train/noise/618b82c2c3e5d7e0_w09.png,618b82c2c3e5d7e0,9,Field,Noise
train/noise/618b82c2c3e5d7e0_w11.png,618b82c2c3e5d7e0,11,Field,Noise
train/noise/618b82c2c3e5d7e0_w14.png,618b82c2c3e5d7e0,14,Field,Noise
train/noise/618b82c2c3e5d7e0_w17.png,618b82c2c3e5d7e0,17,Field,Noise
train/noise/618b82c2c3e5d7e0_w20.png,618b82c2c3e5d7e0,20,Field,Noise
train/noise/618b82c2c3e5d7e0_w21.png,618b82c2c3e5d7e0,21,Field,Noise
train/noise/618b82c2c3e5d7e0_w26.png,618b82c2c3e5d7e0,26,Field,Noise
train/noise/618b82c2c3e5d7e0_w27.png,618b82c2c3e5d7e0,27,Field,Noise
train/noise/6244e8c850185dce_w03.png,6244e8c850185dce,3,Field,Noise
train/noise/6244e8c850185dce_w05.png,6244e8c850185dce,5,Field,Noise
train/noise/6244e8c850185dce_w09.png,6244e8c850185dce,9,Field,Noise
train/noise/6244e8c850185dce_w16.png,6244e8c850185dce,16,Field,Noise
train/noise/6244e8c850185dce_w17.png,6244e8c850185dce,17,Field,Noise
train/noise/6244e8c850185dce_w20.png,6244e8c850185dce,20,Field,Noise
train/noise/6244e8c850185dce_w22.png,6244e8c850185dce,22,Field,Noise
train/noise/6244e8c850185dce_w23.png,6244e8c850185dce,23,Field,Noise
train/noise/6247747551c39f55_w00.png,6247747551c39f55,0,Field,Noise
train/noise/6247747551c39f55_w01.png,6247747551c39f55,1,Field,Noise
train/noise/6247747551c39f55_w05.png,6247747551c39f55,5,Field,Noise
train/noise/6247747551c39f55_w07.png,6247747551c39f55,7,Field,Noise
train/noise/6247747551c39f55_w09.png,6247747551c39f55,9,Field,Noise
train/noise/6247747551c39f55_w11.png,6247747551c39f55,11,Field,Noise
train/noise/6247747551c39f55_w24.png,6247747551c39f55,24,Field,Noise
train/noise/6247747551c39f55_w26.png,6247747551c39f55,26,Field,Noise
train/noise/62595cb8a0ac149f_w03.png,62595cb8a0ac149f,3,Field,Noise
train/noise/62595cb8a0ac149f_w05.png,62595cb8a0ac149f,5,Field,Noise
train/noise/62595cb8a0ac149f_w07.png,62595cb8a0ac149f,7,Field,Noise
train/noise/62595cb8a0ac149f_w08.png,62595cb8a0ac149f,8,Field,Noise
train/noise/62595cb8a0ac149f_w11.png,62595cb8a0ac149f,11,Field,Noise
train/noise/62595cb8a0ac149f_w16.png,62595cb8a0ac149f,16,Field,Noise
train/noise/62595cb8a0ac149f_w21.png,62595cb8a0ac149f,21,Field,Noise
train/noise/62595cb8a0ac149f_w24.png,62595cb8a0ac149f,24,Field,Noise
train/noise/628c14e417528b81_w04.png,628c14e417528b81,4,Lab,Noise
train/noise/628c14e417528b81_w09.png,628c14e417528b81,9,Lab,Noise
train/noise/628c14e417528b81_w14.png,628c14e417528b81,14,Lab,Noise
train/noise/628c14e417528b81_w18.png,628c14e417528b81,18,Lab,Noise
train/noise/628c14e417528b81_w20.png,628c14e417528b81,20,Lab,Noise
train/noise/628c14e417528b81_w21.png,628c14e417528b81,21,Lab,Noise
train/noise/628c14e417528b81_w23.png,628c14e417528b81,23,Lab,Noise
train/noise/628c14e417528b81_w25.png,628c14e417528b81,25,Lab,Noise
train/noise/636c69db932e8f13_w03.png,636c69db932e8f13,3,Lab,Noise
train/noise/636c69db932e8f13_w09.png,636c69db932e8f13,9,Lab,Noise
train/noise/636c69db932e8f13_w14.png,636c69db932e8f13,14,Lab,Noise
train/noise/636c69db932e8f13_w16.png,636c69db932e8f13,16,Lab,Noise
train/noise/636c69db932e8f13_w21.png,636c69db932e8f13,21,Lab,Noise
train/noise/636c69db932e8f13_w22.png,636c69db932e8f13,22,Lab,Noise
train/noise/636c69db932e8f13_w23.png,636c69db932e8f13,23,Lab,Noise
train/noise/636c69db932e8f13_w25.png,636c69db932e8f13,25,Lab,Noise
train/noise/63bad5b1cb902a11_w00.png,63bad5b1cb902a11,0,Field,Noise
train/noise/63bad5b1cb902a11_w03.png,63bad5b1cb902a11,3,Field,Noise
train/noise/63bad5b1cb902a11_w10.png,63bad5b1cb902a11,10,Field,Noise
train/noise/63bad5b1cb902a11_w13.png,63bad5b1cb902a11,13,Field,Noise
train/noise/63bad5b1cb902a11_w17.png,63bad5b1cb902a11,17,Field,Noise
train/noise/63bad5b1cb902a11_w18.png,63bad5b1cb902a11,18,Field,Noise
train/noise/63bad5b1cb902a11_w19.png,63bad5b1cb902a11,19,Field,Noise
train/noise/63bad5b1cb902a11_w20.png,63bad5b1cb902a11,20,Field,Noise
train/noise/63e5c178bbf211c6_w01.png,63e5c178bbf211c6,1,Lab,Noise
train/noise/63e5c178bbf211c6_w02.png,63e5c178bbf211c6,2,Lab,Noise
train/noise/63e5c178bbf211c6_w10.png,63e5c178bbf211c6,10,Lab,Noise
train/noise/63e5c178bbf211c6_w14.png,63e5c178bbf211c6,14,Lab,Noise
train/noise/63e5c178bbf211c6_w16.png,63e5c178bbf211c6,16,Lab,Noise
train/noise/63e5c178bbf211c6_w19.png,63e5c178bbf211c6,19,Lab,Noise
train/noise/63e5c178bbf211c6_w23.png,63e5c178bbf211c6,23,Lab,Noise
train/noise/63e5c178bbf211c6_w26.png,63e5c178bbf211c6,26,Lab,Noise
train/noise/6402dfcb6a289a0e_w00.png,6402dfcb6a289a0e,0,Lab,Noise
train/noise/6402dfcb6a289a0e_w01.png,6402dfcb6a289a0e,1,Lab,Noise
train/noise/6402dfcb6a289a0e_w02.png,6402dfcb6a289a0e,2,Lab,Noise
train/noise/6402dfcb6a289a0e_w05.png,6402dfcb6a289a0e,5,Lab,Noise
train/noise/6402dfcb6a289a0e_w11.png,6402dfcb6a289a0e,11,Lab,Noise
train/noise/6402dfcb6a289a0e_w12.png,6402dfcb6a289a0e,12,Lab,Noise
train/noise/6402dfcb6a289a0e_w15.png,6402dfcb6a289a0e,15,Lab,Noise
train/noise/6402dfcb6a289a0e_w19.png,6402dfcb6a289a0e,19,Lab,Noise
train/noise/640a959eba53bb39_w03.png,640a959eba53bb39,3,Lab,Noise
train/noise/640a959eba53bb39_w04.png,640a959eba53bb39,4,Lab,Noise
train/noise/640a959eba53bb39_w05.png,640a959eba53bb39,5,Lab,Noise
train/noise/640a959eba53bb39_w08.png,640a959eba53bb39,8,Lab,Noise
train/noise/640a959eba53bb39_w11.png,640a959eba53bb39,11,Lab,Noise
train/noise/640a959eba53bb39_w12.png,640a959eba53bb39,12,Lab,Noise
train/noise/640a959eba53bb39_w16.png,640a959eba53bb39,16,Lab,Noise
train/noise/640a959eba53bb39_w26.png,640a959eba53bb39,26,Lab,Noise
train/noise/6471616b75aa56ce_w03.png,6471616b75aa56ce,3,Lab,Noise
train/noise/6471616b75aa56ce_w05.png,6471616b75aa56ce,5,Lab,Noise
train/noise/6471616b75aa56ce_w06.png,6471616b75aa56ce,6,Lab,Noise
train/noise/6471616b75aa56ce_w08.png,6471616b75aa56ce,8,Lab,Noise
train/noise/6471616b75aa56ce_w09.png,6471616b75aa56ce,9,Lab,Noise
train/noise/6471616b75aa56ce_w20.png,6471616b75aa56ce,20,Lab,Noise
train/noise/6471616b75aa56ce_w21.png,6471616b75aa56ce,21,Lab,Noise
train/noise/6471616b75aa56ce_w22.png,6471616b75aa56ce,22,Lab,Noise
train/noise/65d9febb5beda411_w07.png,65d9febb5beda411,7,Lab,Noise
train/noise/65d9febb5beda411_w14.png,65d9febb5beda411,14,Lab,Noise
train/noise/65d9febb5beda411_w15.png,65d9febb5beda411,15,Lab,Noise
train/noise/65d9febb5beda411_w18.png,65d9febb5beda411,18,Lab,Noise
train/noise/65d9febb5beda411_w19.png,65d9febb5beda411,19,Lab,Noise
train/noise/65d9febb5beda411_w24.png,65d9febb5beda411,24,Lab,Noise
train/noise/65d9febb5beda411_w25.png,65d9febb5beda411,25,Lab,Noise
train/noise/65d9febb5beda411_w26.png,65d9febb5beda411,26,Lab,Noise
train/noise/6620733e9f4e1218_w03.png,6620733e9f4e1218,3,Field,Noise
train/noise/6620733e9f4e1218_w06.png,6620733e9f4e1218,6,Field,Noise
train/noise/6620733e9f4e1218_w12.png,6620733e9f4e1218,12,Field,Noise
train/noise/6620733e9f4e1218_w20.png,6620733e9f4e1218,20,Field,Noise
train/noise/6620733e9f4e1218_w21.png,6620733e9f4e1218,21,Field,Noise
train/noise/6620733e9f4e1218_w24.png,6620733e9f4e1218,24,Field,Noise
train/noise/6620733e9f4e1218_w25.png,6620733e9f4e1218,25,Field,Noise
train/noise/6620733e9f4e1218_w26.png,6620733e9f4e1218,26,Field,Noise
train/noise/66bd2d7f1f580aee_w02.png,66bd2d7f1f580aee,2,Field,Noise
train/noise/66bd2d7f1f580aee_w05.png,66bd2d7f1f580aee,5,Field,Noise
train/noise/66bd2d7f1f580aee_w06.png,66bd2d7f1f580aee,6,Field,Noise
train/noise/66bd2d7f1f580aee_w09.png,66bd2d7f1f580aee,9,Field,Noise
train/noise/66bd2d7f1f580aee_w11.png,66bd2d7f1f580aee,11,Field,Noise
train/noise/66bd2d7f1f580aee_w15.png,66bd2d7f1f580aee,15,Field,Noise
train/noise/66bd2d7f1f580aee_w20.png,66bd2d7f1f580aee,20,Field,Noise
train/noise/66bd2d7f1f580aee_w25.png,66bd2d7f1f580aee,25,Field,Noise
train/noise/67067f414328e7cc_w05.png,67067f414328e7cc,5,Lab,Noise
train/noise/67067f414328e7cc_w08.png,67067f414328e7cc,8,Lab,Noise
train/noise/67067f414328e7cc_w09.png,67067f414328e7cc,9,Lab,Noise
train/noise/67067f414328e7cc_w11.png,67067f414328e7cc,11,Lab,Noise
train/noise/67067f414328e7cc_w18.png,67067f414328e7cc,18,Lab,Noise
train/noise/67067f414328e7cc_w22.png,67067f414328e7cc,22,Lab,Noise
train/noise/67067f414328e7cc_w25.png,67067f414328e7cc,25,Lab,Noise
train/noise/67067f414328e7cc_w26.png,67067f414328e7cc,26,Lab,Noise
train/noise/6713c0afc11a5702_w02.png,6713c0afc11a5702,2,Field,Noise
train/noise/6713c0afc11a5702_w04.png,6713c0afc11a5702,4,Field,Noise
train/noise/6713c0afc11a5702_w05.png,6713c0afc11a5702,5,Field,Noise
train/noise/6713c0afc11a5702_w08.png,6713c0afc11a5702,8,Field,Noise
train/noise/6713c0afc11a5702_w09.png,6713c0afc11a5702,9,Field,Noise
train/noise/6713c0afc11a5702_w16.png,6713c0afc11a5702,16,Field,Noise
train/noise/6713c0afc11a5702_w23.png,6713c0afc11a5702,23,Field,Noise
train/noise/6713c0afc11a5702_w24.png,6713c0afc11a5702,24,Field,Noise
train/noise/6719ef54e9f49de2_w01.png,6719ef54e9f49de2,1,Field,Noise
train/noise/6719ef54e9f49de2_w02.png,6719ef54e9f49de2,2,Field,Noise
train/noise/6719ef54e9f49de2_w05.png,6719ef54e9f49de2,5,Field,Noise
train/noise/6719ef54e9f49de2_w12.png,6719ef54e9f49de2,12,Field,Noise
train/noise/6719ef54e9f49de2_w16.png,6719ef54e9f49de2,16,Field,Noise
train/noise/6719ef54e9f49de2_w18.png,6719ef54e9f49de2,18,Field,Noise
train/noise/6719ef54e9f49de2_w20.png,6719ef54e9f49de2,20,Field,Noise
train/noise/6719ef54e9f49de2_w26.png,6719ef54e9f49de2,26,Field,Noise
train/noise/67837ef55ae53444_w02.png,67837ef55ae53444,2,Field,Noise
train/noise/67837ef55ae53444_w04.png,67837ef55ae53444,4,Field,Noise
train/noise/67837ef55ae53444_w08.png,67837ef55ae53444,8,Field,Noise
train/noise/67837ef55ae53444_w15.png,67837ef55ae53444,15,Field,Noise
train/noise/67837ef55ae53444_w16.png,67837ef55ae53444,16,Field,Noise
train/noise/67837ef55ae53444_w18.png,67837ef55ae53444,18,Field,Noise
train/noise/67837ef55ae53444_w25.png,67837ef55ae53444,25,Field,Noise
train/noise/67837ef55ae53444_w27.png,67837ef55ae53444,27,Field,Noise
train/noise/67f65e4d6313b23f_w00.png,67f65e4d6313b23f,0,Field,Noise
train/noise/67f65e4d6313b23f_w02.png,67f65e4d6313b23f,2,Field,Noise
train/noise/67f65e4d6313b23f_w07.png,67f65e4d6313b23f,7,Field,Noise
train/noise/67f65e4d6313b23f_w09.png,67f65e4d6313b23f,9,Field,Noise
train/noise/67f65e4d6313b23f_w10.png,67f65e4d6313b23f,10,Field,Noise
train/noise/67f65e4d6313b23f_w11.png,67f65e4d6313b23f,11,Field,Noise
train/noise/67f65e4d6313b23f_w19.png,67f65e4d6313b23f,19,Field,Noise
train/noise/67f65e4d6313b23f_w23.png,67f65e4d6313b23f,23,Field,Noise
train/noise/68dd44c9a2309526_w05.png,68dd44c9a2309526,5,Field,Noise
train/noise/68dd44c9a2309526_w10.png,68dd44c9a2309526,10,Field,Noise
train/noise/68dd44c9a2309526_w11.png,68dd44c9a2309526,11,Field,Noise
train/noise/68dd44c9a2309526_w19.png,68dd44c9a2309526,19,Field,Noise
train/noise/68dd44c9a2309526_w22.png,68dd44c9a2309526,22,Field,Noise
train/noise/68dd44c9a2309526_w24.png,68dd44c9a2309526,24,Field,Noise
train/noise/68dd44c9a2309526_w25.png,68dd44c9a2309526,25,Field,Noise
train/noise/68dd44c9a2309526_w26.png,68dd44c9a2309526,26,Field,Noise
train/noise/697105f3ce6f1df4_w01.png,697105f3ce6f1df4,1,Field,Noise
train/noise/697105f3ce6f1df4_w02.png,697105f3ce6f1df4,2,Field,Noise
train/noise/697105f3ce6f1df4_w10.png,697105f3ce6f1df4,10,Field,Noise
train/noise/697105f3ce6f1df4_w12.png,697105f3ce6f1df4,12,Field,Noise
train/noise/697105f3ce6f1df4_w14.png,697105f3ce6f1df4,14,Field,Noise
train/noise/697105f3ce6f1df4_w15.png,697105f3ce6f1df4,15,Field,Noise
train/noise/697105f3ce6f1df4_w16.png,697105f3ce6f1df4,16,Field,Noise
train/noise/697105f3ce6f1df4_w22.png,697105f3ce6f1df4,22,Field,Noise
train/noise/6998dba9f4e52f57_w03.png,6998dba9f4e52f57,3,Field,Noise
train/noise/6998dba9f4e52f57_w04.png,6998dba9f4e52f57,4,Field,Noise
train/noise/6998dba9f4e52f57_w05.png,6998dba9f4e52f57,5,Field,Noise
train/noise/6998dba9f4e52f57_w08.png,6998dba9f4e52f57,8,Field,Noise
train/noise/6998dba9f4e52f57_w13.png,6998dba9f4e52f57,13,Field,Noise
train/noise/6998dba9f4e52f57_w21.png,6998dba9f4e52f57,21,Field,Noise
train/noise/6998dba9f4e52f57_w24.png,6998dba9f4e52f57,24,Field,Noise
train/noise/6998dba9f4e52f57_w26.png,6998dba9f4e52f57,26,Field,Noise
train/noise/6a0f9da82fc4dd4b_w03.png,6a0f9da82fc4dd4b,3,Field,Noise
train/noise/6a0f9da82fc4dd4b_w07.png,6a0f9da82fc4dd4b,7,Field,Noise
train/noise/6a0f9da82fc4dd4b_w08.png,6a0f9da82fc4dd4b,8,Field,Noise
train/noise/6a0f9da82fc4dd4b_w11.png,6a0f9da82fc4dd4b,11,Field,Noise
train/noise/6a0f9da82fc4dd4b_w14.png,6a0f9da82fc4dd4b,14,Field,Noise
train/noise/6a0f9da82fc4dd4b_w16.png,6a0f9da82fc4dd4b,16,Field,Noise
train/noise/6a0f9da82fc4dd4b_w18.png,6a0f9da82fc4dd4b,18,Field,Noise
train/noise/6a0f9da82fc4dd4b_w20.png,6a0f9da82fc4dd4b,20,Field,Noise
train/noise/6a4a3c4f95e0ef4c_w02.png,6a4a3c4f95e0ef4c,2,Field,Noise
train/noise/6a4a3c4f95e0ef4c_w03.png,6a4a3c4f95e0ef4c,3,Field,Noise
train/noise/6a4a3c4f95e0ef4c_w06.png,6a4a3c4f95e0ef4c,6,Field,Noise
train/noise/6a4a3c4f95e0ef4c_w08.png,6a4a3c4f95e0ef4c,8,Field,Noise
train/noise/6a4a3c4f95e0ef4c_w09.png,6a4a3c4f95e0ef4c,9,Field,Noise
train/noise/6a4a3c4f95e0ef4c_w15.png,6a4a3c4f95e0ef4c,15,Field,Noise
train/noise/6a4a3c4f95e0ef4c_w21.png,6a4a3c4f95e0ef4c,21,Field,Noise
train/noise/6a4a3c4f95e0ef4c_w27.png,6a4a3c4f95e0ef4c,27,Field,Noise
train/noise/6a79c92b865a8cb0_w00.png,6a79c92b865a8cb0,0,Lab,Noise
train/noise/6a79c92b865a8cb0_w04.png,6a79c92b865a8cb0,4,Lab,Noise
train/noise/6a79c92b865a8cb0_w05.png,6a79c92b865a8cb0,5,Lab,Noise
train/noise/6a79c92b865a8cb0_w09.png,6a79c92b865a8cb0,9,Lab,Noise
train/noise/6a79c92b865a8cb0_w10.png,6a79c92b865a8cb0,10,Lab,Noise
train/noise/6a79c92b865a8cb0_w11.png,6a79c92b865a8cb0,11,Lab,Noise
train/noise/6a79c92b865a8cb0_w13.png,6a79c92b865a8cb0,13,Lab,Noise
train/noise/6a79c92b865a8cb0_w23.png,6a79c92b865a8cb0,23,Lab,Noise
train/noise/6aaf771770214590_w03.png,6aaf771770214590,3,Field,Noise
train/noise/6aaf771770214590_w06.png,6aaf771770214590,6,Field,Noise
train/noise/6aaf771770214590_w10.png,6aaf771770214590,10,Field,Noise
train/noise/6aaf771770214590_w16.png,6aaf771770214590,16,Field,Noise
train/noise/6aaf771770214590_w18.png,6aaf771770214590,18,Field,Noise
train/noise/6aaf771770214590_w19.png,6aaf771770214590,19,Field,Noise
train/noise/6aaf771770214590_w20.png,6aaf771770214590,20,Field,Noise
train/noise/6aaf771770214590_w23.png,6aaf771770214590,23,Field,Noise
train/noise/6ab2c3047d552c7f_w00.png,6ab2c3047d552c7f,0,Field,Noise
train/noise/6ab2c3047d552c7f_w04.png,6ab2c3047d552c7f,4,Field,Noise
train/noise/6ab2c3047d552c7f_w05.png,6ab2c3047d552c7f,5,Field,Noise
train/noise/6ab2c3047d552c7f_w06.png,6ab2c3047d552c7f,6,Field,Noise
train/noise/6ab2c3047d552c7f_w12.png,6ab2c3047d552c7f,12,Field,Noise
train/noise/6ab2c3047d552c7f_w17.png,6ab2c3047d552c7f,17,Field,Noise
train/noise/6ab2c3047d552c7f_w21.png,6ab2c3047d552c7f,21,Field,Noise
train/noise/6ab2c3047d552c7f_w25.png,6ab2c3047d552c7f,25,Field,Noise
train/noise/6ab71d8671e0bdbf_w03.png,6ab71d8671e0bdbf,3,Field,Noise
train/noise/6ab71d8671e0bdbf_w05.png,6ab71d8671e0bdbf,5,Field,Noise
train/noise/6ab71d8671e0bdbf_w06.png,6ab71d8671e0bdbf,6,Field,Noise
train/noise/6ab71d8671e0bdbf_w07.png,6ab71d8671e0bdbf,7,Field,Noise
train/noise/6ab71d8671e0bdbf_w13.png,6ab71d8671e0bdbf,13,Field,Noise
train/noise/6ab71d8671e0bdbf_w14.png,6ab71d8671e0bdbf,14,Field,Noise
train/noise/6ab71d8671e0bdbf_w19.png,6ab71d8671e0bdbf,19,Field,Noise
train/noise/6ab71d8671e0bdbf_w27.png,6ab71d8671e0bdbf,27,Field,Noise
train/noise/6bc08c558519a56a_w00.png,6bc08c558519a56a,0,Lab,Noise
train/noise/6bc08c558519a56a_w02.png,6bc08c558519a56a,2,Lab,Noise
train/noise/6bc08c558519a56a_w08.png,6bc08c558519a56a,8,Lab,Noise
train/noise/6bc08c558519a56a_w16.png,6bc08c558519a56a,16,Lab,Noise
train/noise/6bc08c558519a56a_w18.png,6bc08c558519a56a,18,Lab,Noise
train/noise/6bc08c558519a56a_w21.png,6bc08c558519a56a,21,Lab,Noise
train/noise/6bc08c558519a56a_w22.png,6bc08c558519a56a,22,Lab,Noise
train/noise/6bc08c558519a56a_w26.png,6bc08c558519a56a,26,Lab,Noise
train/noise/6bc75ebb8d0f60ac_w01.png,6bc75ebb8d0f60ac,1,Field,Noise
train/noise/6bc75ebb8d0f60ac_w02.png,6bc75ebb8d0f60ac,2,Field,Noise
train/noise/6bc75ebb8d0f60ac_w04.png,6bc75ebb8d0f60ac,4,Field,Noise
train/noise/6bc75ebb8d0f60ac_w08.png,6bc75ebb8d0f60ac,8,Field,Noise
train/noise/6bc75ebb8d0f60ac_w17.png,6bc75ebb8d0f60ac,17,Field,Noise
train/noise/6bc75ebb8d0f60ac_w21.png,6bc75ebb8d0f60ac,21,Field,Noise
train/noise/6bc75ebb8d0f60ac_w22.png,6bc75ebb8d0f60ac,22,Field,Noise
train/noise/6bc75ebb8d0f60ac_w27.png,6bc75ebb8d0f60ac,27,Field,Noise
train/noise/6bcbd997c10fd14b_w01.png,6bcbd997c10fd14b,1,Field,Noise
train/noise/6bcbd997c10fd14b_w03.png,6bcbd997c10fd14b,3,Field,Noise
train/noise/6bcbd997c10fd14b_w10.png,6bcbd997c10fd14b,10,Field,Noise
train/noise/6bcbd997c10fd14b_w11.png,6bcbd997c10fd14b,11,Field,Noise
train/noise/6bcbd997c10fd14b_w14.png,6bcbd997c10fd14b,14,Field,Noise
train/noise/6bcbd997c10fd14b_w15.png,6bcbd997c10fd14b,15,Field,Noise
train/noise/6bcbd997c10fd14b_w16.png,6bcbd997c10fd14b,16,Field,Noise
train/noise/6bcbd997c10fd14b_w17.png,6bcbd997c10fd14b,17,Field,Noise
train/noise/6bd6cbdbd6297d34_w10.png,6bd6cbdbd6297d34,10,Field,Noise
train/noise/6bd6cbdbd6297d34_w11.png,6bd6cbdbd6297d34,11,Field,Noise
train/noise/6bd6cbdbd6297d34_w14.png,6bd6cbdbd6297d34,14,Field,Noise
train/noise/6bd6cbdbd6297d34_w15.png,6bd6cbdbd6297d34,15,Field,Noise
train/noise/6bd6cbdbd6297d34_w19.png,6bd6cbdbd6297d34,19,Field,Noise
train/noise/6bd6cbdbd6297d34_w22.png,6bd6cbdbd6297d34,22,Field,Noise
train/noise/6bd6cbdbd6297d34_w25.png,6bd6cbdbd6297d34,25,Field,Noise
train/noise/6bd6cbdbd6297d34_w26.png,6bd6cbdbd6297d34,26,Field,Noise
train/noise/6c0fc2ee6d3c2398_w01.png,6c0fc2ee6d3c2398,1,Lab,Noise
train/noise/6c0fc2ee6d3c2398_w03.png,6c0fc2ee6d3c2398,3,Lab,Noise
train/noise/6c0fc2ee6d3c2398_w08.png,6c0fc2ee6d3c2398,8,Lab,Noise
train/noise/6c0fc2ee6d3c2398_w11.png,6c0fc2ee6d3c2398,11,Lab,Noise
train/noise/6c0fc2ee6d3c2398_w17.png,6c0fc2ee6d3c2398,17,Lab,Noise
train/noise/6c0fc2ee6d3c2398_w21.png,6c0fc2ee6d3c2398,21,Lab,Noise
train/noise/6c0fc2ee6d3c2398_w22.png,6c0fc2ee6d3c2398,22,Lab,Noise
train/noise/6c0fc2ee6d3c2398_w24.png,6c0fc2ee6d3c2398,24,Lab,Noise
train/noise/6c322b4cf94a36bf_w09.png,6c322b4cf94a36bf,9,Lab,Noise
train/noise/6c322b4cf94a36bf_w10.png,6c322b4cf94a36bf,10,Lab,Noise
train/noise/6c322b4cf94a36bf_w15.png,6c322b4cf94a36bf,15,Lab,Noise
train/noise/6c322b4cf94a36bf_w20.png,6c322b4cf94a36bf,20,Lab,Noise
train/noise/6c322b4cf94a36bf_w21.png,6c322b4cf94a36bf,21,Lab,Noise
train/noise/6c322b4cf94a36bf_w23.png,6c322b4cf94a36bf,23,Lab,Noise
train/noise/6c322b4cf94a36bf_w26.png,6c322b4cf94a36bf,26,Lab,Noise
train/noise/6c322b4cf94a36bf_w27.png,6c322b4cf94a36bf,27,Lab,Noise
train/noise/6cf142a5d3dd7f45_w01.png,6cf142a5d3dd7f45,1,Field,Noise
train/noise/6cf142a5d3dd7f45_w04.png,6cf142a5d3dd7f45,4,Field,Noise
train/noise/6cf142a5d3dd7f45_w11.png,6cf142a5d3dd7f45,11,Field,Noise
train/noise/6cf142a5d3dd7f45_w13.png,6cf142a5d3dd7f45,13,Field,Noise
train/noise/6cf142a5d3dd7f45_w15.png,6cf142a5d3dd7f45,15,Field,Noise
train/noise/6cf142a5d3dd7f45_w23.png,6cf142a5d3dd7f45,23,Field,Noise
train/noise/6cf142a5d3dd7f45_w26.png,6cf142a5d3dd7f45,26,Field,Noise
train/noise/6cf142a5d3dd7f45_w27.png,6cf142a5d3dd7f45,27,Field,Noise
train/noise/6cffc6a670a3ae5f_w00.png,6cffc6a670a3ae5f,0,Field,Noise
train/noise/6cffc6a670a3ae5f_w06.png,6cffc6a670a3ae5f,6,Field,Noise
train/noise/6cffc6a670a3ae5f_w11.png,6cffc6a670a3ae5f,11,Field,Noise
train/noise/6cffc6a670a3ae5f_w14.png,6cffc6a670a3ae5f,14,Field,Noise
train/noise/6cffc6a670a3ae5f_w20.png,6cffc6a670a3ae5f,20,Field,Noise
train/noise/6cffc6a670a3ae5f_w21.png,6cffc6a670a3ae5f,21,Field,Noise
train/noise/6cffc6a670a3ae5f_w22.png,6cffc6a670a3ae5f,22,Field,Noise
train/noise/6cffc6a670a3ae5f_w26.png,6cffc6a670a3ae5f,26,Field,Noise
train/noise/6d4c373eb4b519a4_w00.png,6d4c373eb4b519a4,0,Field,Noise
train/noise/6d4c373eb4b519a4_w01.png,6d4c373eb4b519a4,1,Field,Noise
train/noise/6d4c373eb4b519a4_w09.png,6d4c373eb4b519a4,9,Field,Noise
train/noise/6d4c373eb4b519a4_w11.png,6d4c373eb4b519a4,11,Field,Noise
train/noise/6d4c373eb4b519a4_w12.png,6d4c373eb4b519a4,12,Field,Noise
train/noise/6d4c373eb4b519a4_w15.png,6d4c373eb4b519a4,15,Field,Noise
train/noise/6d4c373eb4b519a4_w16.png,6d4c373eb4b519a4,16,Field,Noise
train/noise/6d4c373eb4b519a4_w20.png,6d4c373eb4b519a4,20,Field,Noise
train/noise/6d55b24e4d7a0169_w00.png,6d55b24e4d7a0169,0,Field,Noise
train/noise/6d55b24e4d7a0169_w01.png,6d55b24e4d7a0169,1,Field,Noise
train/noise/6d55b24e4d7a0169_w03.png,6d55b24e4d7a0169,3,Field,Noise
train/noise/6d55b24e4d7a0169_w06.png,6d55b24e4d7a0169,6,Field,Noise
train/noise/6d55b24e4d7a0169_w09.png,6d55b24e4d7a0169,9,Field,Noise
train/noise/6d55b24e4d7a0169_w21.png,6d55b24e4d7a0169,21,Field,Noise
train/noise/6d55b24e4d7a0169_w24.png,6d55b24e4d7a0169,24,Field,Noise
train/noise/6d55b24e4d7a0169_w25.png,6d55b24e4d7a0169,25,Field,Noise
train/noise/6d578bbe2094383d_w00.png,6d578bbe2094383d,0,Field,Noise
train/noise/6d578bbe2094383d_w01.png,6d578bbe2094383d,1,Field,Noise
train/noise/6d578bbe2094383d_w06.png,6d578bbe2094383d,6,Field,Noise
train/noise/6d578bbe2094383d_w07.png,6d578bbe2094383d,7,Field,Noise
train/noise/6d578bbe2094383d_w18.png,6d578bbe2094383d,18,Field,Noise
train/noise/6d578bbe2094383d_w20.png,6d578bbe2094383d,20,Field,Noise
train/noise/6d578bbe2094383d_w24.png,6d578bbe2094383d,24,Field,Noise
train/noise/6d578bbe2094383d_w25.png,6d578bbe2094383d,25,Field,Noise
train/noise/6f4bfcbb28b76419_w02.png,6f4bfcbb28b76419,2,Lab,Noise
train/noise/6f4bfcbb28b76419_w03.png,6f4bfcbb28b76419,3,Lab,Noise
train/noise/6f4bfcbb28b76419_w05.png,6f4bfcbb28b76419,5,Lab,Noise
train/noise/6f4bfcbb28b76419_w14.png,6f4bfcbb28b76419,14,Lab,Noise
train/noise/6f4bfcbb28b76419_w17.png,6f4bfcbb28b76419,17,Lab,Noise
train/noise/6f4bfcbb28b76419_w18.png,6f4bfcbb28b76419,18,Lab,Noise
train/noise/6f4bfcbb28b76419_w19.png,6f4bfcbb28b76419,19,Lab,Noise
train/noise/6f4bfcbb28b76419_w21.png,6f4bfcbb28b76419,21,Lab,Noise
train/noise/6f7803400890ba71_w01.png,6f7803400890ba71,1,Field,Noise
train/noise/6f7803400890ba71_w02.png,6f7803400890ba71,2,Field,Noise
train/noise/6f7803400890ba71_w03.png,6f7803400890ba71,3,Field,Noise
train/noise/6f7803400890ba71_w05.png,6f7803400890ba71,5,Field,Noise
train/noise/6f7803400890ba71_w06.png,6f7803400890ba71,6,Field,Noise
train/noise/6f7803400890ba71_w09.png,6f7803400890ba71,9,Field,Noise
train/noise/6f7803400890ba71_w21.png,6f7803400890ba71,21,Field,Noise
train/noise/6f7803400890ba71_w26.png,6f7803400890ba71,26,Field,Noise
train/noise/7003ef7e1211c51e_w02.png,7003ef7e1211c51e,2,Field,Noise
train/noise/7003ef7e1211c51e_w06.png,7003ef7e1211c51e,6,Field,Noise
train/noise/7003ef7e1211c51e_w12.png,7003ef7e1211c51e,12,Field,Noise
train/noise/7003ef7e1211c51e_w13.png,7003ef7e1211c51e,13,Field,Noise
train/noise/7003ef7e1211c51e_w18.png,7003ef7e1211c51e,18,Field,Noise
train/noise/7003ef7e1211c51e_w20.png,7003ef7e1211c51e,20,Field,Noise
train/noise/7003ef7e1211c51e_w24.png,7003ef7e1211c51e,24,Field,Noise
train/noise/7003ef7e1211c51e_w27.png,7003ef7e1211c51e,27,Field,Noise
train/noise/701b6ff50a4a088a_w00.png,701b6ff50a4a088a,0,Field,Noise
train/noise/701b6ff50a4a088a_w01.png,701b6ff50a4a088a,1,Field,Noise
train/noise/701b6ff50a4a088a_w02.png,701b6ff50a4a088a,2,Field,Noise
train/noise/701b6ff50a4a088a_w10.png,701b6ff50a4a088a,10,Field,Noise
train/noise/701b6ff50a4a088a_w17.png,701b6ff50a4a088a,17,Field,Noise
train/noise/701b6ff50a4a088a_w18.png,701b6ff50a4a088a,18,Field,Noise
train/noise/701b6ff50a4a088a_w19.png,701b6ff50a4a088a,19,Field,Noise
train/noise/701b6ff50a4a088a_w25.png,701b6ff50a4a088a,25,Field,Noise
train/noise/702c3d23d46c9195_w04.png,702c3d23d46c9195,4,Lab,Noise
train/noise/702c3d23d46c9195_w09.png,702c3d23d46c9195,9,Lab,Noise
train/noise/702c3d23d46c9195_w11.png,702c3d23d46c9195,11,Lab,Noise
train/noise/702c3d23d46c9195_w16.png,702c3d23d46c9195,16,Lab,Noise
train/noise/702c3d23d46c9195_w18.png,702c3d23d46c9195,18,Lab,Noise
train/noise/702c3d23d46c9195_w19.png,702c3d23d46c9195,19,Lab,Noise
train/noise/702c3d23d46c9195_w20.png,702c3d23d46c9195,20,Lab,Noise
train/noise/702c3d23d46c9195_w23.png,702c3d23d46c9195,23,Lab,Noise
train/noise/704acfda0269041f_w02.png,704acfda0269041f,2,Field,Noise
train/noise/704acfda0269041f_w06.png,704acfda0269041f,6,Field,Noise
train/noise/704acfda0269041f_w08.png,704acfda0269041f,8,Field,Noise
train/noise/704acfda0269041f_w09.png,704acfda0269041f,9,Field,Noise
train/noise/704acfda0269041f_w13.png,704acfda0269041f,13,Field,Noise
train/noise/704acfda0269041f_w15.png,704acfda0269041f,15,Field,Noise
train/noise/704acfda0269041f_w19.png,704acfda0269041f,19,Field,Noise
train/noise/704acfda0269041f_w23.png,704acfda0269041f,23,Field,Noise
train/noise/70a2f9f8df4fd3ea_w01.png,70a2f9f8df4fd3ea,1,Lab,Noise
train/noise/70a2f9f8df4fd3ea_w03.png,70a2f9f8df4fd3ea,3,Lab,Noise
train/noise/70a2f9f8df4fd3ea_w09.png,70a2f9f8df4fd3ea,9,Lab,Noise
train/noise/70a2f9f8df4fd3ea_w12.png,70a2f9f8df4fd3ea,12,Lab,Noise
train/noise/70a2f9f8df4fd3ea_w13.png,70a2f9f8df4fd3ea,13,Lab,Noise
train/noise/70a2f9f8df4fd3ea_w15.png,70a2f9f8df4fd3ea,15,Lab,Noise
train/noise/70a2f9f8df4fd3ea_w20.png,70a2f9f8df4fd3ea,20,Lab,Noise
train/noise/70a2f9f8df4fd3ea_w27.png,70a2f9f8df4fd3ea,27,Lab,Noise
train/noise/7196a14b3ff9920c_w01.png,7196a14b3ff9920c,1,Field,Noise
train/noise/7196a14b3ff9920c_w03.png,7196a14b3ff9920c,3,Field,Noise
train/noise/7196a14b3ff9920c_w07.png,7196a14b3ff9920c,7,Field,Noise
train/noise/7196a14b3ff9920c_w15.png,7196a14b3ff9920c,15,Field,Noise
train/noise/7196a14b3ff9920c_w18.png,7196a14b3ff9920c,18,Field,Noise
train/noise/7196a14b3ff9920c_w21.png,7196a14b3ff9920c,21,Field,Noise
train/noise/7196a14b3ff9920c_w22.png,7196a14b3ff9920c,22,Field,Noise
train/noise/7196a14b3ff9920c_w23.png,7196a14b3ff9920c,23,Field,Noise
train/noise/7208db96ff6d8722_w00.png,7208db96ff6d8722,0,Lab,Noise
train/noise/7208db96ff6d8722_w01.png,7208db96ff6d8722,1,Lab,Noise
train/noise/7208db96ff6d8722_w03.png,7208db96ff6d8722,3,Lab,Noise
train/noise/7208db96ff6d8722_w08.png,7208db96ff6d8722,8,Lab,Noise
train/noise/7208db96ff6d8722_w09.png,7208db96ff6d8722,9,Lab,Noise
train/noise/7208db96ff6d8722_w14.png,7208db96ff6d8722,14,Lab,Noise
train/noise/7208db96ff6d8722_w19.png,7208db96ff6d8722,19,Lab,Noise
train/noise/7208db96ff6d8722_w24.png,7208db96ff6d8722,24,Lab,Noise
train/noise/720e9c678f087317_w00.png,720e9c678f087317,0,Lab,Noise
train/noise/720e9c678f087317_w05.png,720e9c678f087317,5,Lab,Noise
train/noise/720e9c678f087317_w07.png,720e9c678f087317,7,Lab,Noise
train/noise/720e9c678f087317_w10.png,720e9c678f087317,10,Lab,Noise
train/noise/720e9c678f087317_w16.png,720e9c678f087317,16,Lab,Noise
train/noise/720e9c678f087317_w17.png,720e9c678f087317,17,Lab,Noise
train/noise/720e9c678f087317_w18.png,720e9c678f087317,18,Lab,Noise
train/noise/720e9c678f087317_w24.png,720e9c678f087317,24,Lab,Noise
train/noise/723420f566a92783_w01.png,723420f566a92783,1,Field,Noise
train/noise/723420f566a92783_w06.png,723420f566a92783,6,Field,Noise
train/noise/723420f566a92783_w11.png,723420f566a92783,11,Field,Noise
train/noise/723420f566a92783_w12.png,723420f566a92783,12,Field,Noise
train/noise/723420f566a92783_w13.png,723420f566a92783,13,Field,Noise
train/noise/723420f566a92783_w16.png,723420f566a92783,16,Field,Noise
train/noise/723420f566a92783_w18.png,723420f566a92783,18,Field,Noise
train/noise/723420f566a92783_w19.png,723420f566a92783,19,Field,Noise
train/noise/732fff371ee9d84b_w06.png,732fff371ee9d84b,6,Field,Noise
train/noise/732fff371ee9d84b_w07.png,732fff371ee9d84b,7,Field,Noise
train/noise/732fff371ee9d84b_w11.png,732fff371ee9d84b,11,Field,Noise
train/noise/732fff371ee9d84b_w12.png,732fff371ee9d84b,12,Field,Noise
train/noise/732fff371ee9d84b_w18.png,732fff371ee9d84b,18,Field,Noise
train/noise/732fff371ee9d84b_w19.png,732fff371ee9d84b,19,Field,Noise
train/noise/732fff371ee9d84b_w23.png,732fff371ee9d84b,23,Field,Noise
train/noise/732fff371ee9d84b_w25.png,732fff371ee9d84b,25,Field,Noise
train/noise/73454e7bfc085f31_w04.png,73454e7bfc085f31,4,Field,Noise
train/noise/73454e7bfc085f31_w09.png,73454e7bfc085f31,9,Field,Noise
train/noise/73454e7bfc085f31_w16.png,73454e7bfc085f31,16,Field,Noise
train/noise/73454e7bfc085f31_w19.png,73454e7bfc085f31,19,Field,Noise
train/noise/73454e7bfc085f31_w20.png,73454e7bfc085f31,20,Field,Noise
train/noise/73454e7bfc085f31_w24.png,73454e7bfc085f31,24,Field,Noise
train/noise/73454e7bfc085f31_w26.png,73454e7bfc085f31,26,Field,Noise
train/noise/73454e7bfc085f31_w27.png,73454e7bfc085f31,27,Field,Noise
train/noise/7376db02d8e6e30e_w03.png,7376db02d8e6e30e,3,Field,Noise
train/noise/7376db02d8e6e30e_w05.png,7376db02d8e6e30e,5,Field,Noise
train/noise/7376db02d8e6e30e_w09.png,7376db02d8e6e30e,9,Field,Noise
train/noise/7376db02d8e6e30e_w12.png,7376db02d8e6e30e,12,Field,Noise
train/noise/7376db02d8e6e30e_w13.png,7376db02d8e6e30e,13,Field,Noise
train/noise/7376db02d8e6e30e_w20.png,7376db02d8e6e30e,20,Field,Noise
train/noise/7376db02d8e6e30e_w22.png,7376db02d8e6e30e,22,Field,Noise
train/noise/7376db02d8e6e30e_w25.png,7376db02d8e6e30e,25,Field,Noise
train/noise/73d286ae964d689d_w03.png,73d286ae964d689d,3,Lab,Noise
train/noise/73d286ae964d689d_w09.png,73d286ae964d689d,9,Lab,Noise
train/noise/73d286ae964d689d_w11.png,73d286ae964d689d,11,Lab,Noise
train/noise/73d286ae964d689d_w12.png,73d286ae964d689d,12,Lab,Noise
train/noise/73d286ae964d689d_w15.png,73d286ae964d689d,15,Lab,Noise
train/noise/73d286ae964d689d_w17.png,73d286ae964d689d,17,Lab,Noise
train/noise/73d286ae964d689d_w20.png,73d286ae964d689d,20,Lab,Noise
train/noise/73d286ae964d689d_w24.png,73d286ae964d689d,24,Lab,Noise
train/noise/7423c25947e11b92_w01.png,7423c25947e11b92,1,Field,Noise
train/noise/7423c25947e11b92_w07.png,7423c25947e11b92,7,Field,Noise
train/noise/7423c25947e11b92_w08.png,7423c25947e11b92,8,Field,Noise
train/noise/7423c25947e11b92_w13.png,7423c25947e11b92,13,Field,Noise
train/noise/7423c25947e11b92_w14.png,7423c25947e11b92,14,Field,Noise
train/noise/7423c25947e11b92_w17.png,7423c25947e11b92,17,Field,Noise
train/noise/7423c25947e11b92_w19.png,7423c25947e11b92,19,Field,Noise
train/noise/7423c25947e11b92_w24.png,7423c25947e11b92,24,Field,Noise
train/noise/7478fc32572d8ebb_w00.png,7478fc32572d8ebb,0,Field,Noise
train/noise/7478fc32572d8ebb_w01.png,7478fc32572d8ebb,1,Field,Noise
train/noise/7478fc32572d8ebb_w03.png,7478fc32572d8ebb,3,Field,Noise
train/noise/7478fc32572d8ebb_w05.png,7478fc32572d8ebb,5,Field,Noise
train/noise/7478fc32572d8ebb_w14.png,7478fc32572d8ebb,14,Field,Noise
train/noise/7478fc32572d8ebb_w19.png,7478fc32572d8ebb,19,Field,Noise
train/noise/7478fc32572d8ebb_w21.png,7478fc32572d8ebb,21,Field,Noise
train/noise/7478fc32572d8ebb_w23.png,7478fc32572d8ebb,23,Field,Noise
train/noise/749e0426d8119595_w01.png,749e0426d8119595,1,Field,Noise
train/noise/749e0426d8119595_w04.png,749e0426d8119595,4,Field,Noise
train/noise/749e0426d8119595_w09.png,749e0426d8119595,9,Field,Noise
train/noise/749e0426d8119595_w12.png,749e0426d8119595,12,Field,Noise
train/noise/749e0426d8119595_w14.png,749e0426d8119595,14,Field,Noise
train/noise/749e0426d8119595_w15.png,749e0426d8119595,15,Field,Noise
train/noise/749e0426d8119595_w24.png,749e0426d8119595,24,Field,Noise
train/noise/749e0426d8119595_w27.png,749e0426d8119595,27,Field,Noise
train/noise/74d3f7042a96df5b_w04.png,74d3f7042a96df5b,4,Field,Noise
train/noise/74d3f7042a96df5b_w08.png,74d3f7042a96df5b,8,Field,Noise
train/noise/74d3f7042a96df5b_w09.png,74d3f7042a96df5b,9,Field,Noise
train/noise/74d3f7042a96df5b_w12.png,74d3f7042a96df5b,12,Field,Noise
train/noise/74d3f7042a96df5b_w14.png,74d3f7042a96df5b,14,Field,Noise
train/noise/74d3f7042a96df5b_w19.png,74d3f7042a96df5b,19,Field,Noise
train/noise/74d3f7042a96df5b_w24.png,74d3f7042a96df5b,24,Field,Noise
train/noise/74d3f7042a96df5b_w26.png,74d3f7042a96df5b,26,Field,Noise
train/noise/74fa5bf776ecc7b5_w03.png,74fa5bf776ecc7b5,3,Field,Noise
train/noise/74fa5bf776ecc7b5_w04.png,74fa5bf776ecc7b5,4,Field,Noise
train/noise/74fa5bf776ecc7b5_w06.png,74fa5bf776ecc7b5,6,Field,Noise
train/noise/74fa5bf776ecc7b5_w09.png,74fa5bf776ecc7b5,9,Field,Noise
train/noise/74fa5bf776ecc7b5_w18.png,74fa5bf776ecc7b5,18,Field,Noise
train/noise/74fa5bf776ecc7b5_w19.png,74fa5bf776ecc7b5,19,Field,Noise
train/noise/74fa5bf776ecc7b5_w22.png,74fa5bf776ecc7b5,22,Field,Noise
train/noise/74fa5bf776ecc7b5_w25.png,74fa5bf776ecc7b5,25,Field,Noise
train/noise/751c822b2ddff60e_w04.png,751c822b2ddff60e,4,Field,Noise
train/noise/751c822b2ddff60e_w05.png,751c822b2ddff60e,5,Field,Noise
train/noise/751c822b2ddff60e_w08.png,751c822b2ddff60e,8,Field,Noise
train/noise/751c822b2ddff60e_w09.png,751c822b2ddff60e,9,Field,Noise
train/noise/751c822b2ddff60e_w10.png,751c822b2ddff60e,10,Field,Noise
train/noise/751c822b2ddff60e_w13.png,751c822b2ddff60e,13,Field,Noise
train/noise/751c822b2ddff60e_w22.png,751c822b2ddff60e,22,Field,Noise
train/noise/751c822b2ddff60e_w23.png,751c822b2ddff60e,23,Field,Noise
train/noise/753d4ba35e5bbe8a_w07.png,753d4ba35e5bbe8a,7,Field,Noise
train/noise/753d4ba35e5bbe8a_w09.png,753d4ba35e5bbe8a,9,Field,Noise
train/noise/753d4ba35e5bbe8a_w15.png,753d4ba35e5bbe8a,15,Field,Noise
train/noise/753d4ba35e5bbe8a_w19.png,753d4ba35e5bbe8a,19,Field,Noise
train/noise/753d4ba35e5bbe8a_w21.png,753d4ba35e5bbe8a,21,Field,Noise
train/noise/753d4ba35e5bbe8a_w23.png,753d4ba35e5bbe8a,23,Field,Noise
train/noise/753d4ba35e5bbe8a_w25.png,753d4ba35e5bbe8a,25,Field,Noise
train/noise/753d4ba35e5bbe8a_w26.png,753d4ba35e5bbe8a,26,Field,Noise
train/noise/75a27143f4e1002f_w02.png,75a27143f4e1002f,2,Field,Noise
train/noise/75a27143f4e1002f_w04.png,75a27143f4e1002f,4,Field,Noise
train/noise/75a27143f4e1002f_w07.png,75a27143f4e1002f,7,Field,Noise
train/noise/75a27143f4e1002f_w16.png,75a27143f4e1002f,16,Field,Noise
train/noise/75a27143f4e1002f_w19.png,75a27143f4e1002f,19,Field,Noise
train/noise/75a27143f4e1002f_w23.png,75a27143f4e1002f,23,Field,Noise
train/noise/75a27143f4e1002f_w24.png,75a27143f4e1002f,24,Field,Noise
train/noise/75a27143f4e1002f_w26.png,75a27143f4e1002f,26,Field,Noise
train/noise/75f193b06b9dc69a_w02.png,75f193b06b9dc69a,2,Lab,Noise
train/noise/75f193b06b9dc69a_w03.png,75f193b06b9dc69a,3,Lab,Noise
train/noise/75f193b06b9dc69a_w15.png,75f193b06b9dc69a,15,Lab,Noise
train/noise/75f193b06b9dc69a_w19.png,75f193b06b9dc69a,19,Lab,Noise
train/noise/75f193b06b9dc69a_w22.png,75f193b06b9dc69a,22,Lab,Noise
train/noise/75f193b06b9dc69a_w23.png,75f193b06b9dc69a,23,Lab,Noise
train/noise/75f193b06b9dc69a_w26.png,75f193b06b9dc69a,26,Lab,Noise
train/noise/75f193b06b9dc69a_w27.png,75f193b06b9dc69a,27,Lab,Noise
train/noise/75fbd5dcd934674f_w00.png,75fbd5dcd934674f,0,Field,Noise
train/noise/75fbd5dcd934674f_w03.png,75fbd5dcd934674f,3,Field,Noise
train/noise/75fbd5dcd934674f_w07.png,75fbd5dcd934674f,7,Field,Noise
train/noise/75fbd5dcd934674f_w14.png,75fbd5dcd934674f,14,Field,Noise
train/noise/75fbd5dcd934674f_w16.png,75fbd5dcd934674f,16,Field,Noise
train/noise/75fbd5dcd934674f_w17.png,75fbd5dcd934674f,17,Field,Noise
train/noise/75fbd5dcd934674f_w20.png,75fbd5dcd934674f,20,Field,Noise
train/noise/75fbd5dcd934674f_w25.png,75fbd5dcd934674f,25,Field,Noise
train/noise/762a6d46f474f139_w00.png,762a6d46f474f139,0,Lab,Noise
train/noise/762a6d46f474f139_w04.png,762a6d46f474f139,4,Lab,Noise
train/noise/762a6d46f474f139_w07.png,762a6d46f474f139,7,Lab,Noise
train/noise/762a6d46f474f139_w08.png,762a6d46f474f139,8,Lab,Noise
train/noise/762a6d46f474f139_w10.png,762a6d46f474f139,10,Lab,Noise
train/noise/762a6d46f474f139_w12.png,762a6d46f474f139,12,Lab,Noise
train/noise/762a6d46f474f139_w13.png,762a6d46f474f139,13,Lab,Noise
train/noise/762a6d46f474f139_w14.png,762a6d46f474f139,14,Lab,Noise
train/noise/7692f19b2866e0d6_w00.png,7692f19b2866e0d6,0,Field,Noise
train/noise/7692f19b2866e0d6_w01.png,7692f19b2866e0d6,1,Field,Noise
train/noise/7692f19b2866e0d6_w03.png,7692f19b2866e0d6,3,Field,Noise
train/noise/7692f19b2866e0d6_w13.png,7692f19b2866e0d6,13,Field,Noise
train/noise/7692f19b2866e0d6_w15.png,7692f19b2866e0d6,15,Field,Noise
train/noise/7692f19b2866e0d6_w16.png,7692f19b2866e0d6,16,Field,Noise
train/noise/7692f19b2866e0d6_w22.png,7692f19b2866e0d6,22,Field,Noise
train/noise/7692f19b2866e0d6_w26.png,7692f19b2866e0d6,26,Field,Noise
train/noise/76e2d339b097d8f8_w00.png,76e2d339b097d8f8,0,Field,Noise
train/noise/76e2d339b097d8f8_w01.png,76e2d339b097d8f8,1,Field,Noise
train/noise/76e2d339b097d8f8_w10.png,76e2d339b097d8f8,10,Field,Noise
train/noise/76e2d339b097d8f8_w13.png,76e2d339b097d8f8,13,Field,Noise
train/noise/76e2d339b097d8f8_w15.png,76e2d339b097d8f8,15,Field,Noise
train/noise/76e2d339b097d8f8_w21.png,76e2d339b097d8f8,21,Field,Noise
train/noise/76e2d339b097d8f8_w23.png,76e2d339b097d8f8,23,Field,Noise
train/noise/76e2d339b097d8f8_w26.png,76e2d339b097d8f8,26,Field,Noise
train/noise/7702527f5a1f3bfc_w00.png,7702527f5a1f3bfc,0,Field,Noise
train/noise/7702527f5a1f3bfc_w03.png,7702527f5a1f3bfc,3,Field,Noise
train/noise/7702527f5a1f3bfc_w04.png,7702527f5a1f3bfc,4,Field,Noise
train/noise/7702527f5a1f3bfc_w05.png,7702527f5a1f3bfc,5,Field,Noise
train/noise/7702527f5a1f3bfc_w14.png,7702527f5a1f3bfc,14,Field,Noise
train/noise/7702527f5a1f3bfc_w16.png,7702527f5a1f3bfc,16,Field,Noise
train/noise/7702527f5a1f3bfc_w17.png,7702527f5a1f3bfc,17,Field,Noise
train/noise/7702527f5a1f3bfc_w19.png,7702527f5a1f3bfc,19,Field,Noise
train/noise/779387ab287e2737_w03.png,779387ab287e2737,3,Field,Noise
train/noise/779387ab287e2737_w04.png,779387ab287e2737,4,Field,Noise
train/noise/779387ab287e2737_w05.png,779387ab287e2737,5,Field,Noise
train/noise/779387ab287e2737_w08.png,779387ab287e2737,8,Field,Noise
train/noise/779387ab287e2737_w09.png,779387ab287e2737,9,Field,Noise
train/noise/779387ab287e2737_w12.png,779387ab287e2737,12,Field,Noise
train/noise/779387ab287e2737_w13.png,779387ab287e2737,13,Field,Noise
train/noise/779387ab287e2737_w27.png,779387ab287e2737,27,Field,Noise
train/noise/77ac3c3a87270c04_w02.png,77ac3c3a87270c04,2,Lab,Noise
train/noise/77ac3c3a87270c04_w04.png,77ac3c3a87270c04,4,Lab,Noise
train/noise/77ac3c3a87270c04_w06.png,77ac3c3a87270c04,6,Lab,Noise
train/noise/77ac3c3a87270c04_w07.png,77ac3c3a87270c04,7,Lab,Noise
train/noise/77ac3c3a87270c04_w09.png,77ac3c3a87270c04,9,Lab,Noise
train/noise/77ac3c3a87270c04_w13.png,77ac3c3a87270c04,13,Lab,Noise
train/noise/77ac3c3a87270c04_w19.png,77ac3c3a87270c04,19,Lab,Noise
train/noise/77ac3c3a87270c04_w20.png,77ac3c3a87270c04,20,Lab,Noise
train/noise/77f296c12d31b600_w01.png,77f296c12d31b600,1,Field,Noise
train/noise/77f296c12d31b600_w02.png,77f296c12d31b600,2,Field,Noise
train/noise/77f296c12d31b600_w03.png,77f296c12d31b600,3,Field,Noise
train/noise/77f296c12d31b600_w05.png,77f296c12d31b600,5,Field,Noise
train/noise/77f296c12d31b600_w06.png,77f296c12d31b600,6,Field,Noise
train/noise/77f296c12d31b600_w11.png,77f296c12d31b600,11,Field,Noise
train/noise/77f296c12d31b600_w26.png,77f296c12d31b600,26,Field,Noise
train/noise/77f296c12d31b600_w27.png,77f296c12d31b600,27,Field,Noise
train/noise/787a91851ed98ea5_w00.png,787a91851ed98ea5,0,Field,Noise
train/noise/787a91851ed98ea5_w04.png,787a91851ed98ea5,4,Field,Noise
train/noise/787a91851ed98ea5_w07.png,787a91851ed98ea5,7,Field,Noise
train/noise/787a91851ed98ea5_w08.png,787a91851ed98ea5,8,Field,Noise
train/noise/787a91851ed98ea5_w15.png,787a91851ed98ea5,15,Field,Noise
train/noise/787a91851ed98ea5_w17.png,787a91851ed98ea5,17,Field,Noise
train/noise/787a91851ed98ea5_w20.png,787a91851ed98ea5,20,Field,Noise
train/noise/787a91851ed98ea5_w26.png,787a91851ed98ea5,26,Field,Noise
train/noise/7887ff990a857023_w00.png,7887ff990a857023,0,Field,Noise
train/noise/7887ff990a857023_w02.png,7887ff990a857023,2,Field,Noise
train/noise/7887ff990a857023_w04.png,7887ff990a857023,4,Field,Noise
train/noise/7887ff990a857023_w13.png,7887ff990a857023,13,Field,Noise
train/noise/7887ff990a857023_w18.png,7887ff990a857023,18,Field,Noise
train/noise/7887ff990a857023_w19.png,7887ff990a857023,19,Field,Noise
train/noise/7887ff990a857023_w21.png,7887ff990a857023,21,Field,Noise
train/noise/7887ff990a857023_w23.png,7887ff990a857023,23,Field,Noise
train/noise/794a2ad451a34528_w00.png,794a2ad451a34528,0,Field,Noise
train/noise/794a2ad451a34528_w02.png,794a2ad451a34528,2,Field,Noise
train/noise/794a2ad451a34528_w03.png,794a2ad451a34528,3,Field,Noise
train/noise/794a2ad451a34528_w04.png,794a2ad451a34528,4,Field,Noise
train/noise/794a2ad451a34528_w07.png,794a2ad451a34528,7,Field,Noise
train/noise/794a2ad451a34528_w13.png,794a2ad451a34528,13,Field,Noise
train/noise/794a2ad451a34528_w14.png,794a2ad451a34528,14,Field,Noise
train/noise/794a2ad451a34528_w21.png,794a2ad451a34528,21,Field,Noise
train/noise/79c7d75f4902c991_w03.png,79c7d75f4902c991,3,Field,Noise
train/noise/79c7d75f4902c991_w04.png,79c7d75f4902c991,4,Field,Noise
train/noise/79c7d75f4902c991_w07.png,79c7d75f4902c991,7,Field,Noise
train/noise/79c7d75f4902c991_w16.png,79c7d75f4902c991,16,Field,Noise
train/noise/79c7d75f4902c991_w19.png,79c7d75f4902c991,19,Field,Noise
train/noise/79c7d75f4902c991_w20.png,79c7d75f4902c991,20,Field,Noise
train/noise/79c7d75f4902c991_w21.png,79c7d75f4902c991,21,Field,Noise
train/noise/79c7d75f4902c991_w26.png,79c7d75f4902c991,26,Field,Noise
train/noise/79d4de435823c25f_w05.png,79d4de435823c25f,5,Field,Noise
train/noise/79d4de435823c25f_w09.png,79d4de435823c25f,9,Field,Noise
train/noise/79d4de435823c25f_w11.png,79d4de435823c25f,11,Field,Noise
train/noise/79d4de435823c25f_w18.png,79d4de435823c25f,18,Field,Noise
train/noise/79d4de435823c25f_w21.png,79d4de435823c25f,21,Field,Noise
train/noise/79d4de435823c25f_w24.png,79d4de435823c25f,24,Field,Noise
train/noise/79d4de435823c25f_w26.png,79d4de435823c25f,26,Field,Noise
train/noise/79d4de435823c25f_w27.png,79d4de435823c25f,27,Field,Noise
train/noise/7a4ca097159465b1_w00.png,7a4ca097159465b1,0,Lab,Noise
train/noise/7a4ca097159465b1_w03.png,7a4ca097159465b1,3,Lab,Noise
train/noise/7a4ca097159465b1_w06.png,7a4ca097159465b1,6,Lab,Noise
train/noise/7a4ca097159465b1_w12.png,7a4ca097159465b1,12,Lab,Noise
train/noise/7a4ca097159465b1_w14.png,7a4ca097159465b1,14,Lab,Noise
train/noise/7a4ca097159465b1_w17.png,7a4ca097159465b1,17,Lab,Noise
train/noise/7a4ca097159465b1_w20.png,7a4ca097159465b1,20,Lab,Noise
train/noise/7a4ca097159465b1_w21.png,7a4ca097159465b1,21,Lab,Noise
train/noise/7a6490177b5a4f35_w00.png,7a6490177b5a4f35,0,Field,Noise
train/noise/7a6490177b5a4f35_w02.png,7a6490177b5a4f35,2,Field,Noise
train/noise/7a6490177b5a4f35_w03.png,7a6490177b5a4f35,3,Field,Noise
train/noise/7a6490177b5a4f35_w17.png,7a6490177b5a4f35,17,Field,Noise
train/noise/7a6490177b5a4f35_w20.png,7a6490177b5a4f35,20,Field,Noise
train/noise/7a6490177b5a4f35_w21.png,7a6490177b5a4f35,21,Field,Noise
train/noise/7a6490177b5a4f35_w26.png,7a6490177b5a4f35,26,Field,Noise
train/noise/7a6490177b5a4f35_w27.png,7a6490177b5a4f35,27,Field,Noise
train/noise/7abc8f550bbb7f7f_w00.png,7abc8f550bbb7f7f,0,Field,Noise
train/noise/7abc8f550bbb7f7f_w02.png,7abc8f550bbb7f7f,2,Field,Noise
train/noise/7abc8f550bbb7f7f_w10.png,7abc8f550bbb7f7f,10,Field,Noise
train/noise/7abc8f550bbb7f7f_w12.png,7abc8f550bbb7f7f,12,Field,Noise
train/noise/7abc8f550bbb7f7f_w18.png,7abc8f550bbb7f7f,18,Field,Noise
train/noise/7abc8f550bbb7f7f_w22.png,7abc8f550bbb7f7f,22,Field,Noise
train/noise/7abc8f550bbb7f7f_w24.png,7abc8f550bbb7f7f,24,Field,Noise
train/noise/7abc8f550bbb7f7f_w26.png,7abc8f550bbb7f7f,26,Field,Noise
train/noise/7b68eab2330dc4b2_w00.png,7b68eab2330dc4b2,0,Field,Noise
train/noise/7b68eab2330dc4b2_w04.png,7b68eab2330dc4b2,4,Field,Noise
train/noise/7b68eab2330dc4b2_w07.png,7b68eab2330dc4b2,7,Field,Noise
train/noise/7b68eab2330dc4b2_w09.png,7b68eab2330dc4b2,9,Field,Noise
train/noise/7b68eab2330dc4b2_w19.png,7b68eab2330dc4b2,19,Field,Noise
train/noise/7b68eab2330dc4b2_w21.png,7b68eab2330dc4b2,21,Field,Noise
train/noise/7b68eab2330dc4b2_w22.png,7b68eab2330dc4b2,22,Field,Noise
train/noise/7b68eab2330dc4b2_w23.png,7b68eab2330dc4b2,23,Field,Noise
train/noise/7b6e9cd5d776d92a_w00.png,7b6e9cd5d776d92a,0,Field,Noise
train/noise/7b6e9cd5d776d92a_w05.png,7b6e9cd5d776d92a,5,Field,Noise
train/noise/7b6e9cd5d776d92a_w07.png,7b6e9cd5d776d92a,7,Field,Noise
train/noise/7b6e9cd5d776d92a_w09.png,7b6e9cd5d776d92a,9,Field,Noise
train/noise/7b6e9cd5d776d92a_w11.png,7b6e9cd5d776d92a,11,Field,Noise
train/noise/7b6e9cd5d776d92a_w21.png,7b6e9cd5d776d92a,21,Field,Noise
train/noise/7b6e9cd5d776d92a_w22.png,7b6e9cd5d776d92a,22,Field,Noise
train/noise/7b6e9cd5d776d92a_w24.png,7b6e9cd5d776d92a,24,Field,Noise
train/noise/7b9ef13c0f0628be_w00.png,7b9ef13c0f0628be,0,Field,Noise
train/noise/7b9ef13c0f0628be_w04.png,7b9ef13c0f0628be,4,Field,Noise
train/noise/7b9ef13c0f0628be_w07.png,7b9ef13c0f0628be,7,Field,Noise
train/noise/7b9ef13c0f0628be_w12.png,7b9ef13c0f0628be,12,Field,Noise
train/noise/7b9ef13c0f0628be_w14.png,7b9ef13c0f0628be,14,Field,Noise
train/noise/7b9ef13c0f0628be_w15.png,7b9ef13c0f0628be,15,Field,Noise
train/noise/7b9ef13c0f0628be_w24.png,7b9ef13c0f0628be,24,Field,Noise
train/noise/7b9ef13c0f0628be_w27.png,7b9ef13c0f0628be,27,Field,Noise
train/noise/7bc14c77fb79be93_w01.png,7bc14c77fb79be93,1,Field,Noise
train/noise/7bc14c77fb79be93_w04.png,7bc14c77fb79be93,4,Field,Noise
train/noise/7bc14c77fb79be93_w05.png,7bc14c77fb79be93,5,Field,Noise
train/noise/7bc14c77fb79be93_w10.png,7bc14c77fb79be93,10,Field,Noise
train/noise/7bc14c77fb79be93_w11.png,7bc14c77fb79be93,11,Field,Noise
train/noise/7bc14c77fb79be93_w16.png,7bc14c77fb79be93,16,Field,Noise
train/noise/7bc14c77fb79be93_w19.png,7bc14c77fb79be93,19,Field,Noise
train/noise/7bc14c77fb79be93_w23.png,7bc14c77fb79be93,23,Field,Noise
train/noise/7c456f270e9d6e66_w04.png,7c456f270e9d6e66,4,Field,Noise
train/noise/7c456f270e9d6e66_w07.png,7c456f270e9d6e66,7,Field,Noise
train/noise/7c456f270e9d6e66_w09.png,7c456f270e9d6e66,9,Field,Noise
train/noise/7c456f270e9d6e66_w11.png,7c456f270e9d6e66,11,Field,Noise
train/noise/7c456f270e9d6e66_w15.png,7c456f270e9d6e66,15,Field,Noise
train/noise/7c456f270e9d6e66_w16.png,7c456f270e9d6e66,16,Field,Noise
train/noise/7c456f270e9d6e66_w23.png,7c456f270e9d6e66,23,Field,Noise
train/noise/7c456f270e9d6e66_w24.png,7c456f270e9d6e66,24,Field,Noise
train/noise/7c768ff6b8555516_w05.png,7c768ff6b8555516,5,Field,Noise
train/noise/7c768ff6b8555516_w07.png,7c768ff6b8555516,7,Field,Noise
train/noise/7c768ff6b8555516_w08.png,7c768ff6b8555516,8,Field,Noise
train/noise/7c768ff6b8555516_w09.png,7c768ff6b8555516,9,Field,Noise
train/noise/7c768ff6b8555516_w13.png,7c768ff6b8555516,13,Field,Noise
train/noise/7c768ff6b8555516_w17.png,7c768ff6b8555516,17,Field,Noise
train/noise/7c768ff6b8555516_w23.png,7c768ff6b8555516,23,Field,Noise
train/noise/7c768ff6b8555516_w26.png,7c768ff6b8555516,26,Field,Noise
train/noise/7ce787c8c375d462_w08.png,7ce787c8c375d462,8,Field,Noise
train/noise/7ce787c8c375d462_w09.png,7ce787c8c375d462,9,Field,Noise
train/noise/7ce787c8c375d462_w12.png,7ce787c8c375d462,12,Field,Noise
train/noise/7ce787c8c375d462_w16.png,7ce787c8c375d462,16,Field,Noise
train/noise/7ce787c8c375d462_w18.png,7ce787c8c375d462,18,Field,Noise
train/noise/7ce787c8c375d462_w19.png,7ce787c8c375d462,19,Field,Noise
train/noise/7ce787c8c375d462_w25.png,7ce787c8c375d462,25,Field,Noise
train/noise/7ce787c8c375d462_w27.png,7ce787c8c375d462,27,Field,Noise
train/noise/7d1be0597a86451e_w02.png,7d1be0597a86451e,2,Field,Noise
train/noise/7d1be0597a86451e_w05.png,7d1be0597a86451e,5,Field,Noise
train/noise/7d1be0597a86451e_w07.png,7d1be0597a86451e,7,Field,Noise
train/noise/7d1be0597a86451e_w09.png,7d1be0597a86451e,9,Field,Noise
train/noise/7d1be0597a86451e_w12.png,7d1be0597a86451e,12,Field,Noise
train/noise/7d1be0597a86451e_w17.png,7d1be0597a86451e,17,Field,Noise
train/noise/7d1be0597a86451e_w21.png,7d1be0597a86451e,21,Field,Noise
train/noise/7d1be0597a86451e_w22.png,7d1be0597a86451e,22,Field,Noise
train/noise/7d8c440c52d222fe_w04.png,7d8c440c52d222fe,4,Lab,Noise
train/noise/7d8c440c52d222fe_w05.png,7d8c440c52d222fe,5,Lab,Noise
train/noise/7d8c440c52d222fe_w07.png,7d8c440c52d222fe,7,Lab,Noise
train/noise/7d8c440c52d222fe_w11.png,7d8c440c52d222fe,11,Lab,Noise
train/noise/7d8c440c52d222fe_w13.png,7d8c440c52d222fe,13,Lab,Noise
train/noise/7d8c440c52d222fe_w16.png,7d8c440c52d222fe,16,Lab,Noise
train/noise/7d8c440c52d222fe_w19.png,7d8c440c52d222fe,19,Lab,Noise
train/noise/7d8c440c52d222fe_w26.png,7d8c440c52d222fe,26,Lab,Noise
train/noise/7da44ed9e33ea63d_w03.png,7da44ed9e33ea63d,3,Field,Noise
train/noise/7da44ed9e33ea63d_w07.png,7da44ed9e33ea63d,7,Field,Noise
train/noise/7da44ed9e33ea63d_w15.png,7da44ed9e33ea63d,15,Field,Noise
train/noise/7da44ed9e33ea63d_w18.png,7da44ed9e33ea63d,18,Field,Noise
train/noise/7da44ed9e33ea63d_w19.png,7da44ed9e33ea63d,19,Field,Noise
train/noise/7da44ed9e33ea63d_w20.png,7da44ed9e33ea63d,20,Field,Noise
train/noise/7da44ed9e33ea63d_w23.png,7da44ed9e33ea63d,23,Field,Noise
train/noise/7da44ed9e33ea63d_w26.png,7da44ed9e33ea63d,26,Field,Noise
train/noise/7ea138b725618702_w00.png,7ea138b725618702,0,Field,Noise
train/noise/7ea138b725618702_w04.png,7ea138b725618702,4,Field,Noise
train/noise/7ea138b725618702_w09.png,7ea138b725618702,9,Field,Noise
train/noise/7ea138b725618702_w11.png,7ea138b725618702,11,Field,Noise
train/noise/7ea138b725618702_w14.png,7ea138b725618702,14,Field,Noise
train/noise/7ea138b725618702_w18.png,7ea138b725618702,18,Field,Noise
train/noise/7ea138b725618702_w20.png,7ea138b725618702,20,Field,Noise
train/noise/7ea138b725618702_w25.png,7ea138b725618702,25,Field,Noise
train/noise/7eeead391f63a387_w00.png,7eeead391f63a387,0,Field,Noise
train/noise/7eeead391f63a387_w01.png,7eeead391f63a387,1,Field,Noise
train/noise/7eeead391f63a387_w04.png,7eeead391f63a387,4,Field,Noise
train/noise/7eeead391f63a387_w09.png,7eeead391f63a387,9,Field,Noise
train/noise/7eeead391f63a387_w13.png,7eeead391f63a387,13,Field,Noise
train/noise/7eeead391f63a387_w18.png,7eeead391f63a387,18,Field,Noise
train/noise/7eeead391f63a387_w23.png,7eeead391f63a387,23,Field,Noise
train/noise/7eeead391f63a387_w27.png,7eeead391f63a387,27,Field,Noise
train/noise/7efdd9f0fd2717f2_w00.png,7efdd9f0fd2717f2,0,Field,Noise
train/noise/7efdd9f0fd2717f2_w05.png,7efdd9f0fd2717f2,5,Field,Noise
train/noise/7efdd9f0fd2717f2_w08.png,7efdd9f0fd2717f2,8,Field,Noise
train/noise/7efdd9f0fd2717f2_w12.png,7efdd9f0fd2717f2,12,Field,Noise
train/noise/7efdd9f0fd2717f2_w17.png,7efdd9f0fd2717f2,17,Field,Noise
train/noise/7efdd9f0fd2717f2_w19.png,7efdd9f0fd2717f2,19,Field,Noise
train/noise/7efdd9f0fd2717f2_w20.png,7efdd9f0fd2717f2,20,Field,Noise
train/noise/7efdd9f0fd2717f2_w22.png,7efdd9f0fd2717f2,22,Field,Noise
train/noise/7f0927a46c0cba49_w02.png,7f0927a46c0cba49,2,Field,Noise
train/noise/7f0927a46c0cba49_w06.png,7f0927a46c0cba49,6,Field,Noise
train/noise/7f0927a46c0cba49_w08.png,7f0927a46c0cba49,8,Field,Noise
train/noise/7f0927a46c0cba49_w13.png,7f0927a46c0cba49,13,Field,Noise
train/noise/7f0927a46c0cba49_w14.png,7f0927a46c0cba49,14,Field,Noise
train/noise/7f0927a46c0cba49_w23.png,7f0927a46c0cba49,23,Field,Noise
train/noise/7f0927a46c0cba49_w26.png,7f0927a46c0cba49,26,Field,Noise
train/noise/7f0927a46c0cba49_w27.png,7f0927a46c0cba49,27,Field,Noise
train/noise/7f1b8cff2b120806_w00.png,7f1b8cff2b120806,0,Lab,Noise
train/noise/7f1b8cff2b120806_w01.png,7f1b8cff2b120806,1,Lab,Noise
train/noise/7f1b8cff2b120806_w02.png,7f1b8cff2b120806,2,Lab,Noise
train/noise/7f1b8cff2b120806_w05.png,7f1b8cff2b120806,5,Lab,Noise
train/noise/7f1b8cff2b120806_w09.png,7f1b8cff2b120806,9,Lab,Noise
train/noise/7f1b8cff2b120806_w10.png,7f1b8cff2b120806,10,Lab,Noise
train/noise/7f1b8cff2b120806_w12.png,7f1b8cff2b120806,12,Lab,Noise
train/noise/7f1b8cff2b120806_w26.png,7f1b8cff2b120806,26,Lab,Noise
train/noise/7fc7670e7fa23174_w01.png,7fc7670e7fa23174,1,Field,Noise
train/noise/7fc7670e7fa23174_w02.png,7fc7670e7fa23174,2,Field,Noise
train/noise/7fc7670e7fa23174_w04.png,7fc7670e7fa23174,4,Field,Noise
train/noise/7fc7670e7fa23174_w09.png,7fc7670e7fa23174,9,Field,Noise
train/noise/7fc7670e7fa23174_w10.png,7fc7670e7fa23174,10,Field,Noise
train/noise/7fc7670e7fa23174_w17.png,7fc7670e7fa23174,17,Field,Noise
train/noise/7fc7670e7fa23174_w23.png,7fc7670e7fa23174,23,Field,Noise
train/noise/7fc7670e7fa23174_w25.png,7fc7670e7fa23174,25,Field,Noise
train/noise/7fca66f90cf98fe7_w04.png,7fca66f90cf98fe7,4,Field,Noise
train/noise/7fca66f90cf98fe7_w06.png,7fca66f90cf98fe7,6,Field,Noise
train/noise/7fca66f90cf98fe7_w08.png,7fca66f90cf98fe7,8,Field,Noise
train/noise/7fca66f90cf98fe7_w14.png,7fca66f90cf98fe7,14,Field,Noise
train/noise/7fca66f90cf98fe7_w19.png,7fca66f90cf98fe7,19,Field,Noise
train/noise/7fca66f90cf98fe7_w22.png,7fca66f90cf98fe7,22,Field,Noise
train/noise/7fca66f90cf98fe7_w25.png,7fca66f90cf98fe7,25,Field,Noise
train/noise/7fca66f90cf98fe7_w26.png,7fca66f90cf98fe7,26,Field,Noise
train/noise/8043741ce693c2bc_w01.png,8043741ce693c2bc,1,Lab,Noise
train/noise/8043741ce693c2bc_w03.png,8043741ce693c2bc,3,Lab,Noise
train/noise/8043741ce693c2bc_w06.png,8043741ce693c2bc,6,Lab,Noise
train/noise/8043741ce693c2bc_w12.png,8043741ce693c2bc,12,Lab,Noise
train/noise/8043741ce693c2bc_w13.png,8043741ce693c2bc,13,Lab,Noise
train/noise/8043741ce693c2bc_w16.png,8043741ce693c2bc,16,Lab,Noise
train/noise/8043741ce693c2bc_w19.png,8043741ce693c2bc,19,Lab,Noise
train/noise/8043741ce693c2bc_w26.png,8043741ce693c2bc,26,Lab,Noise
train/noise/805f4289742c9a72_w00.png,805f4289742c9a72,0,Field,Noise
train/noise/805f4289742c9a72_w04.png,805f4289742c9a72,4,Field,Noise
train/noise/805f4289742c9a72_w06.png,805f4289742c9a72,6,Field,Noise
train/noise/805f4289742c9a72_w14.png,805f4289742c9a72,14,Field,Noise
train/noise/805f4289742c9a72_w15.png,805f4289742c9a72,15,Field,Noise
train/noise/805f4289742c9a72_w16.png,805f4289742c9a72,16,Field,Noise
train/noise/805f4289742c9a72_w19.png,805f4289742c9a72,19,Field,Noise
train/noise/805f4289742c9a72_w26.png,805f4289742c9a72,26,Field,Noise
train/noise/807dc653536aa228_w01.png,807dc653536aa228,1,Field,Noise
train/noise/807dc653536aa228_w05.png,807dc653536aa228,5,Field,Noise
train/noise/807dc653536aa228_w10.png,807dc653536aa228,10,Field,Noise
train/noise/807dc653536aa228_w13.png,807dc653536aa228,13,Field,Noise
train/noise/807dc653536aa228_w14.png,807dc653536aa228,14,Field,Noise
train/noise/807dc653536aa228_w15.png,807dc653536aa228,15,Field,Noise
train/noise/807dc653536aa228_w18.png,807dc653536aa228,18,Field,Noise
train/noise/807dc653536aa228_w26.png,807dc653536aa228,26,Field,Noise
train/noise/8088d9d0e91c826e_w01.png,8088d9d0e91c826e,1,Field,Noise
train/noise/8088d9d0e91c826e_w05.png,8088d9d0e91c826e,5,Field,Noise
train/noise/8088d9d0e91c826e_w06.png,8088d9d0e91c826e,6,Field,Noise
train/noise/8088d9d0e91c826e_w09.png,8088d9d0e91c826e,9,Field,Noise
train/noise/8088d9d0e91c826e_w16.png,8088d9d0e91c826e,16,Field,Noise
train/noise/8088d9d0e91c826e_w22.png,8088d9d0e91c826e,22,Field,Noise
train/noise/8088d9d0e91c826e_w24.png,8088d9d0e91c826e,24,Field,Noise
train/noise/8088d9d0e91c826e_w27.png,8088d9d0e91c826e,27,Field,Noise
train/noise/8096219367bcab79_w00.png,8096219367bcab79,0,Field,Noise
train/noise/8096219367bcab79_w03.png,8096219367bcab79,3,Field,Noise
train/noise/8096219367bcab79_w05.png,8096219367bcab79,5,Field,Noise
train/noise/8096219367bcab79_w09.png,8096219367bcab79,9,Field,Noise
train/noise/8096219367bcab79_w10.png,8096219367bcab79,10,Field,Noise
train/noise/8096219367bcab79_w11.png,8096219367bcab79,11,Field,Noise
train/noise/8096219367bcab79_w13.png,8096219367bcab79,13,Field,Noise
train/noise/8096219367bcab79_w26.png,8096219367bcab79,26,Field,Noise
train/noise/8099cff6b2174b8a_w03.png,8099cff6b2174b8a,3,Field,Noise
train/noise/8099cff6b2174b8a_w04.png,8099cff6b2174b8a,4,Field,Noise
train/noise/8099cff6b2174b8a_w08.png,8099cff6b2174b8a,8,Field,Noise
train/noise/8099cff6b2174b8a_w09.png,8099cff6b2174b8a,9,Field,Noise
train/noise/8099cff6b2174b8a_w16.png,8099cff6b2174b8a,16,Field,Noise
train/noise/8099cff6b2174b8a_w18.png,8099cff6b2174b8a,18,Field,Noise
train/noise/8099cff6b2174b8a_w21.png,8099cff6b2174b8a,21,Field,Noise
train/noise/8099cff6b2174b8a_w22.png,8099cff6b2174b8a,22,Field,Noise
train/noise/80c6c413ee217dd2_w03.png,80c6c413ee217dd2,3,Field,Noise
train/noise/80c6c413ee217dd2_w05.png,80c6c413ee217dd2,5,Field,Noise
train/noise/80c6c413ee217dd2_w06.png,80c6c413ee217dd2,6,Field,Noise
train/noise/80c6c413ee217dd2_w08.png,80c6c413ee217dd2,8,Field,Noise
train/noise/80c6c413ee217dd2_w09.png,80c6c413ee217dd2,9,Field,Noise
train/noise/80c6c413ee217dd2_w11.png,80c6c413ee217dd2,11,Field,Noise
train/noise/80c6c413ee217dd2_w16.png,80c6c413ee217dd2,16,Field,Noise
train/noise/80c6c413ee217dd2_w23.png,80c6c413ee217dd2,23,Field,Noise
train/noise/80db5dd67bd66e8c_w01.png,80db5dd67bd66e8c,1,Field,Noise
train/noise/80db5dd67bd66e8c_w04.png,80db5dd67bd66e8c,4,Field,Noise
train/noise/80db5dd67bd66e8c_w08.png,80db5dd67bd66e8c,8,Field,Noise
train/noise/80db5dd67bd66e8c_w10.png,80db5dd67bd66e8c,10,Field,Noise
train/noise/80db5dd67bd66e8c_w11.png,80db5dd67bd66e8c,11,Field,Noise
train/noise/80db5dd67bd66e8c_w18.png,80db5dd67bd66e8c,18,Field,Noise
train/noise/80db5dd67bd66e8c_w26.png,80db5dd67bd66e8c,26,Field,Noise
train/noise/80db5dd67bd66e8c_w27.png,80db5dd67bd66e8c,27,Field,Noise
train/noise/817a9e5af872e1bb_w00.png,817a9e5af872e1bb,0,Field,Noise
train/noise/817a9e5af872e1bb_w01.png,817a9e5af872e1bb,1,Field,Noise
train/noise/817a9e5af872e1bb_w03.png,817a9e5af872e1bb,3,Field,Noise
train/noise/817a9e5af872e1bb_w04.png,817a9e5af872e1bb,4,Field,Noise
train/noise/817a9e5af872e1bb_w06.png,817a9e5af872e1bb,6,Field,Noise
train/noise/817a9e5af872e1bb_w11.png,817a9e5af872e1bb,11,Field,Noise
train/noise/817a9e5af872e1bb_w14.png,817a9e5af872e1bb,14,Field,Noise
train/noise/817a9e5af872e1bb_w25.png,817a9e5af872e1bb,25,Field,Noise
train/noise/818be87b7fe463c1_w06.png,818be87b7fe463c1,6,Lab,Noise
train/noise/818be87b7fe463c1_w07.png,818be87b7fe463c1,7,Lab,Noise
train/noise/818be87b7fe463c1_w12.png,818be87b7fe463c1,12,Lab,Noise
train/noise/818be87b7fe463c1_w19.png,818be87b7fe463c1,19,Lab,Noise
train/noise/818be87b7fe463c1_w20.png,818be87b7fe463c1,20,Lab,Noise
train/noise/818be87b7fe463c1_w22.png,818be87b7fe463c1,22,Lab,Noise
train/noise/818be87b7fe463c1_w25.png,818be87b7fe463c1,25,Lab,Noise
train/noise/818be87b7fe463c1_w26.png,818be87b7fe463c1,26,Lab,Noise
train/noise/81dbbe4ca2520471_w02.png,81dbbe4ca2520471,2,Field,Noise
train/noise/81dbbe4ca2520471_w03.png,81dbbe4ca2520471,3,Field,Noise
train/noise/81dbbe4ca2520471_w05.png,81dbbe4ca2520471,5,Field,Noise
train/noise/81dbbe4ca2520471_w07.png,81dbbe4ca2520471,7,Field,Noise
train/noise/81dbbe4ca2520471_w08.png,81dbbe4ca2520471,8,Field,Noise
train/noise/81dbbe4ca2520471_w18.png,81dbbe4ca2520471,18,Field,Noise
train/noise/81dbbe4ca2520471_w19.png,81dbbe4ca2520471,19,Field,Noise
train/noise/81dbbe4ca2520471_w21.png,81dbbe4ca2520471,21,Field,Noise
train/noise/828caa686b2bc85a_w05.png,828caa686b2bc85a,5,Lab,Noise
train/noise/828caa686b2bc85a_w16.png,828caa686b2bc85a,16,Lab,Noise
train/noise/828caa686b2bc85a_w17.png,828caa686b2bc85a,17,Lab,Noise
train/noise/828caa686b2bc85a_w18.png,828caa686b2bc85a,18,Lab,Noise
train/noise/828caa686b2bc85a_w20.png,828caa686b2bc85a,20,Lab,Noise
train/noise/828caa686b2bc85a_w21.png,828caa686b2bc85a,21,Lab,Noise
train/noise/828caa686b2bc85a_w22.png,828caa686b2bc85a,22,Lab,Noise
train/noise/828caa686b2bc85a_w25.png,828caa686b2bc85a,25,Lab,Noise
train/noise/82c43b37617174e5_w00.png,82c43b37617174e5,0,Field,Noise
train/noise/82c43b37617174e5_w06.png,82c43b37617174e5,6,Field,Noise
train/noise/82c43b37617174e5_w07.png,82c43b37617174e5,7,Field,Noise
train/noise/82c43b37617174e5_w08.png,82c43b37617174e5,8,Field,Noise
train/noise/82c43b37617174e5_w13.png,82c43b37617174e5,13,Field,Noise
train/noise/82c43b37617174e5_w15.png,82c43b37617174e5,15,Field,Noise
train/noise/82c43b37617174e5_w21.png,82c43b37617174e5,21,Field,Noise
train/noise/82c43b37617174e5_w23.png,82c43b37617174e5,23,Field,Noise
train/noise/832947b6227fb364_w07.png,832947b6227fb364,7,Field,Noise
train/noise/832947b6227fb364_w09.png,832947b6227fb364,9,Field,Noise
train/noise/832947b6227fb364_w18.png,832947b6227fb364,18,Field,Noise
train/noise/832947b6227fb364_w20.png,832947b6227fb364,20,Field,Noise
train/noise/832947b6227fb364_w21.png,832947b6227fb364,21,Field,Noise
train/noise/832947b6227fb364_w22.png,832947b6227fb364,22,Field,Noise
train/noise/832947b6227fb364_w23.png,832947b6227fb364,23,Field,Noise
train/noise/832947b6227fb364_w25.png,832947b6227fb364,25,Field,Noise
train/noise/8342d9e7c9899e10_w00.png,8342d9e7c9899e10,0,Field,Noise
train/noise/8342d9e7c9899e10_w04.png,8342d9e7c9899e10,4,Field,Noise
train/noise/8342d9e7c9899e10_w07.png,8342d9e7c9899e10,7,Field,Noise
train/noise/8342d9e7c9899e10_w09.png,8342d9e7c9899e10,9,Field,Noise
train/noise/8342d9e7c9899e10_w10.png,8342d9e7c9899e10,10,Field,Noise
train/noise/8342d9e7c9899e10_w21.png,8342d9e7c9899e10,21,Field,Noise
train/noise/8342d9e7c9899e10_w22.png,8342d9e7c9899e10,22,Field,Noise
train/noise/8342d9e7c9899e10_w23.png,8342d9e7c9899e10,23,Field,Noise
train/noise/834cbd73629d5b98_w00.png,834cbd73629d5b98,0,Field,Noise
train/noise/834cbd73629d5b98_w03.png,834cbd73629d5b98,3,Field,Noise
train/noise/834cbd73629d5b98_w04.png,834cbd73629d5b98,4,Field,Noise
train/noise/834cbd73629d5b98_w07.png,834cbd73629d5b98,7,Field,Noise
train/noise/834cbd73629d5b98_w09.png,834cbd73629d5b98,9,Field,Noise
train/noise/834cbd73629d5b98_w21.png,834cbd73629d5b98,21,Field,Noise
train/noise/834cbd73629d5b98_w26.png,834cbd73629d5b98,26,Field,Noise
train/noise/834cbd73629d5b98_w27.png,834cbd73629d5b98,27,Field,Noise
train/noise/8353b30dc246a408_w02.png,8353b30dc246a408,2,Field,Noise
train/noise/8353b30dc246a408_w06.png,8353b30dc246a408,6,Field,Noise
train/noise/8353b30dc246a408_w12.png,8353b30dc246a408,12,Field,Noise
train/noise/8353b30dc246a408_w13.png,8353b30dc246a408,13,Field,Noise
train/noise/8353b30dc246a408_w15.png,8353b30dc246a408,15,Field,Noise
train/noise/8353b30dc246a408_w17.png,8353b30dc246a408,17,Field,Noise
train/noise/8353b30dc246a408_w20.png,8353b30dc246a408,20,Field,Noise
train/noise/8353b30dc246a408_w26.png,8353b30dc246a408,26,Field,Noise
train/noise/84685eaa80704a1a_w02.png,84685eaa80704a1a,2,Field,Noise
train/noise/84685eaa80704a1a_w14.png,84685eaa80704a1a,14,Field,Noise
train/noise/84685eaa80704a1a_w15.png,84685eaa80704a1a,15,Field,Noise
train/noise/84685eaa80704a1a_w17.png,84685eaa80704a1a,17,Field,Noise
train/noise/84685eaa80704a1a_w18.png,84685eaa80704a1a,18,Field,Noise
train/noise/84685eaa80704a1a_w24.png,84685eaa80704a1a,24,Field,Noise
train/noise/84685eaa80704a1a_w26.png,84685eaa80704a1a,26,Field,Noise
train/noise/84685eaa80704a1a_w27.png,84685eaa80704a1a,27,Field,Noise
train/noise/8481e77dcd58c32e_w00.png,8481e77dcd58c32e,0,Field,Noise
train/noise/8481e77dcd58c32e_w03.png,8481e77dcd58c32e,3,Field,Noise
train/noise/8481e77dcd58c32e_w06.png,8481e77dcd58c32e,6,Field,Noise
train/noise/8481e77dcd58c32e_w08.png,8481e77dcd58c32e,8,Field,Noise
train/noise/8481e77dcd58c32e_w10.png,8481e77dcd58c32e,10,Field,Noise
train/noise/8481e77dcd58c32e_w14.png,8481e77dcd58c32e,14,Field,Noise
train/noise/8481e77dcd58c32e_w18.png,8481e77dcd58c32e,18,Field,Noise
train/noise/8481e77dcd58c32e_w25.png,8481e77dcd58c32e,25,Field,Noise
train/noise/84ac305ea5f981a6_w00.png,84ac305ea5f981a6,0,Lab,Noise
train/noise/84ac305ea5f981a6_w02.png,84ac305ea5f981a6,2,Lab,Noise
train/noise/84ac305ea5f981a6_w03.png,84ac305ea5f981a6,3,Lab,Noise
train/noise/84ac305ea5f981a6_w05.png,84ac305ea5f981a6,5,Lab,Noise
train/noise/84ac305ea5f981a6_w10.png,84ac305ea5f981a6,10,Lab,Noise
train/noise/84ac305ea5f981a6_w11.png,84ac305ea5f981a6,11,Lab,Noise
train/noise/84ac305ea5f981a6_w23.png,84ac305ea5f981a6,23,Lab,Noise
train/noise/84ac305ea5f981a6_w24.png,84ac305ea5f981a6,24,Lab,Noise
train/noise/8541c5401f9d2e83_w03.png,8541c5401f9d2e83,3,Field,Noise
train/noise/8541c5401f9d2e83_w04.png,8541c5401f9d2e83,4,Field,Noise
train/noise/8541c5401f9d2e83_w12.png,8541c5401f9d2e83,12,Field,Noise
train/noise/8541c5401f9d2e83_w14.png,8541c5401f9d2e83,14,Field,Noise
train/noise/8541c5401f9d2e83_w15.png,8541c5401f9d2e83,15,Field,Noise
train/noise/8541c5401f9d2e83_w23.png,8541c5401f9d2e83,23,Field,Noise
train/noise/8541c5401f9d2e83_w24.png,8541c5401f9d2e83,24,Field,Noise
train/noise/8541c5401f9d2e83_w27.png,8541c5401f9d2e83,27,Field,Noise
train/noise/8545a012b64bfa8a_w01.png,8545a012b64bfa8a,1,Field,Noise
train/noise/8545a012b64bfa8a_w07.png,8545a012b64bfa8a,7,Field,Noise
train/noise/8545a012b64bfa8a_w08.png,8545a012b64bfa8a,8,Field,Noise
train/noise/8545a012b64bfa8a_w12.png,8545a012b64bfa8a,12,Field,Noise
train/noise/8545a012b64bfa8a_w13.png,8545a012b64bfa8a,13,Field,Noise
train/noise/8545a012b64bfa8a_w19.png,8545a012b64bfa8a,19,Field,Noise
train/noise/8545a012b64bfa8a_w20.png,8545a012b64bfa8a,20,Field,Noise
train/noise/8545a012b64bfa8a_w24.png,8545a012b64bfa8a,24,Field,Noise
train/noise/85d54bc50fbc69c7_w00.png,85d54bc50fbc69c7,0,Field,Noise
train/noise/85d54bc50fbc69c7_w01.png,85d54bc50fbc69c7,1,Field,Noise
train/noise/85d54bc50fbc69c7_w02.png,85d54bc50fbc69c7,2,Field,Noise
train/noise/85d54bc50fbc69c7_w14.png,85d54bc50fbc69c7,14,Field,Noise
train/noise/85d54bc50fbc69c7_w16.png,85d54bc50fbc69c7,16,Field,Noise
train/noise/85d54bc50fbc69c7_w18.png,85d54bc50fbc69c7,18,Field,Noise
train/noise/85d54bc50fbc69c7_w21.png,85d54bc50fbc69c7,21,Field,Noise
train/noise/85d54bc50fbc69c7_w22.png,85d54bc50fbc69c7,22,Field,Noise
train/noise/85f47db08bec6970_w01.png,85f47db08bec6970,1,Lab,Noise
train/noise/85f47db08bec6970_w06.png,85f47db08bec6970,6,Lab,Noise
train/noise/85f47db08bec6970_w07.png,85f47db08bec6970,7,Lab,Noise
train/noise/85f47db08bec6970_w10.png,85f47db08bec6970,10,Lab,Noise
train/noise/85f47db08bec6970_w15.png,85f47db08bec6970,15,Lab,Noise
train/noise/85f47db08bec6970_w22.png,85f47db08bec6970,22,Lab,Noise
train/noise/85f47db08bec6970_w24.png,85f47db08bec6970,24,Lab,Noise
train/noise/85f47db08bec6970_w27.png,85f47db08bec6970,27,Lab,Noise
train/noise/86444a3adea5fef0_w02.png,86444a3adea5fef0,2,Lab,Noise
train/noise/86444a3adea5fef0_w04.png,86444a3adea5fef0,4,Lab,Noise
train/noise/86444a3adea5fef0_w12.png,86444a3adea5fef0,12,Lab,Noise
train/noise/86444a3adea5fef0_w15.png,86444a3adea5fef0,15,Lab,Noise
train/noise/86444a3adea5fef0_w17.png,86444a3adea5fef0,17,Lab,Noise
train/noise/86444a3adea5fef0_w18.png,86444a3adea5fef0,18,Lab,Noise
train/noise/86444a3adea5fef0_w25.png,86444a3adea5fef0,25,Lab,Noise
train/noise/86444a3adea5fef0_w26.png,86444a3adea5fef0,26,Lab,Noise
train/noise/8652267f9534c4c5_w05.png,8652267f9534c4c5,5,Field,Noise
train/noise/8652267f9534c4c5_w07.png,8652267f9534c4c5,7,Field,Noise
train/noise/8652267f9534c4c5_w09.png,8652267f9534c4c5,9,Field,Noise
train/noise/8652267f9534c4c5_w12.png,8652267f9534c4c5,12,Field,Noise
train/noise/8652267f9534c4c5_w16.png,8652267f9534c4c5,16,Field,Noise
train/noise/8652267f9534c4c5_w20.png,8652267f9534c4c5,20,Field,Noise
train/noise/8652267f9534c4c5_w23.png,8652267f9534c4c5,23,Field,Noise
train/noise/8652267f9534c4c5_w25.png,8652267f9534c4c5,25,Field,Noise
train/noise/8679af098091053f_w04.png,8679af098091053f,4,Field,Noise
train/noise/8679af098091053f_w10.png,8679af098091053f,10,Field,Noise
train/noise/8679af098091053f_w12.png,8679af098091053f,12,Field,Noise
train/noise/8679af098091053f_w18.png,8679af098091053f,18,Field,Noise
train/noise/8679af098091053f_w22.png,8679af098091053f,22,Field,Noise
train/noise/8679af098091053f_w23.png,8679af098091053f,23,Field,Noise
train/noise/8679af098091053f_w25.png,8679af098091053f,25,Field,Noise
train/noise/8679af098091053f_w26.png,8679af098091053f,26,Field,Noise
train/noise/8680d3c08f92f089_w04.png,8680d3c08f92f089,4,Field,Noise
train/noise/8680d3c08f92f089_w05.png,8680d3c08f92f089,5,Field,Noise
train/noise/8680d3c08f92f089_w09.png,8680d3c08f92f089,9,Field,Noise
train/noise/8680d3c08f92f089_w15.png,8680d3c08f92f089,15,Field,Noise
train/noise/8680d3c08f92f089_w18.png,8680d3c08f92f089,18,Field,Noise
train/noise/8680d3c08f92f089_w19.png,8680d3c08f92f089,19,Field,Noise
train/noise/8680d3c08f92f089_w22.png,8680d3c08f92f089,22,Field,Noise
train/noise/8680d3c08f92f089_w23.png,8680d3c08f92f089,23,Field,Noise
train/noise/86a208a2a3f90664_w03.png,86a208a2a3f90664,3,Field,Noise
train/noise/86a208a2a3f90664_w04.png,86a208a2a3f90664,4,Field,Noise
train/noise/86a208a2a3f90664_w06.png,86a208a2a3f90664,6,Field,Noise
train/noise/86a208a2a3f90664_w14.png,86a208a2a3f90664,14,Field,Noise
train/noise/86a208a2a3f90664_w15.png,86a208a2a3f90664,15,Field,Noise
train/noise/86a208a2a3f90664_w18.png,86a208a2a3f90664,18,Field,Noise
train/noise/86a208a2a3f90664_w20.png,86a208a2a3f90664,20,Field,Noise
train/noise/86a208a2a3f90664_w24.png,86a208a2a3f90664,24,Field,Noise
train/noise/86c02a067a15fa30_w01.png,86c02a067a15fa30,1,Field,Noise
train/noise/86c02a067a15fa30_w02.png,86c02a067a15fa30,2,Field,Noise
train/noise/86c02a067a15fa30_w14.png,86c02a067a15fa30,14,Field,Noise
train/noise/86c02a067a15fa30_w19.png,86c02a067a15fa30,19,Field,Noise
train/noise/86c02a067a15fa30_w20.png,86c02a067a15fa30,20,Field,Noise
train/noise/86c02a067a15fa30_w22.png,86c02a067a15fa30,22,Field,Noise
train/noise/86c02a067a15fa30_w23.png,86c02a067a15fa30,23,Field,Noise
train/noise/86c02a067a15fa30_w25.png,86c02a067a15fa30,25,Field,Noise
train/noise/87251036db8864f4_w01.png,87251036db8864f4,1,Lab,Noise
train/noise/87251036db8864f4_w02.png,87251036db8864f4,2,Lab,Noise
train/noise/87251036db8864f4_w04.png,87251036db8864f4,4,Lab,Noise
train/noise/87251036db8864f4_w07.png,87251036db8864f4,7,Lab,Noise
train/noise/87251036db8864f4_w12.png,87251036db8864f4,12,Lab,Noise
train/noise/87251036db8864f4_w18.png,87251036db8864f4,18,Lab,Noise
train/noise/87251036db8864f4_w24.png,87251036db8864f4,24,Lab,Noise
train/noise/87251036db8864f4_w27.png,87251036db8864f4,27,Lab,Noise
train/noise/8732ee3d359509bd_w01.png,8732ee3d359509bd,1,Field,Noise
train/noise/8732ee3d359509bd_w02.png,8732ee3d359509bd,2,Field,Noise
train/noise/8732ee3d359509bd_w03.png,8732ee3d359509bd,3,Field,Noise
train/noise/8732ee3d359509bd_w10.png,8732ee3d359509bd,10,Field,Noise
train/noise/8732ee3d359509bd_w11.png,8732ee3d359509bd,11,Field,Noise
train/noise/8732ee3d359509bd_w14.png,8732ee3d359509bd,14,Field,Noise
train/noise/8732ee3d359509bd_w18.png,8732ee3d359509bd,18,Field,Noise
train/noise/8732ee3d359509bd_w27.png,8732ee3d359509bd,27,Field,Noise
train/noise/87b3e40e58a3cfd8_w00.png,87b3e40e58a3cfd8,0,Field,Noise
train/noise/87b3e40e58a3cfd8_w02.png,87b3e40e58a3cfd8,2,Field,Noise
train/noise/87b3e40e58a3cfd8_w09.png,87b3e40e58a3cfd8,9,Field,Noise
train/noise/87b3e40e58a3cfd8_w12.png,87b3e40e58a3cfd8,12,Field,Noise
train/noise/87b3e40e58a3cfd8_w16.png,87b3e40e58a3cfd8,16,Field,Noise
train/noise/87b3e40e58a3cfd8_w18.png,87b3e40e58a3cfd8,18,Field,Noise
train/noise/87b3e40e58a3cfd8_w19.png,87b3e40e58a3cfd8,19,Field,Noise
train/noise/87b3e40e58a3cfd8_w23.png,87b3e40e58a3cfd8,23,Field,Noise
train/noise/8835a88ba173f4e9_w01.png,8835a88ba173f4e9,1,Field,Noise
train/noise/8835a88ba173f4e9_w04.png,8835a88ba173f4e9,4,Field,Noise
train/noise/8835a88ba173f4e9_w06.png,8835a88ba173f4e9,6,Field,Noise
train/noise/8835a88ba173f4e9_w12.png,8835a88ba173f4e9,12,Field,Noise
train/noise/8835a88ba173f4e9_w14.png,8835a88ba173f4e9,14,Field,Noise
train/noise/8835a88ba173f4e9_w17.png,8835a88ba173f4e9,17,Field,Noise
train/noise/8835a88ba173f4e9_w19.png,8835a88ba173f4e9,19,Field,Noise
train/noise/8835a88ba173f4e9_w27.png,8835a88ba173f4e9,27,Field,Noise
train/noise/8879d487511cc368_w03.png,8879d487511cc368,3,Field,Noise
train/noise/8879d487511cc368_w04.png,8879d487511cc368,4,Field,Noise
train/noise/8879d487511cc368_w05.png,8879d487511cc368,5,Field,Noise
train/noise/8879d487511cc368_w08.png,8879d487511cc368,8,Field,Noise
train/noise/8879d487511cc368_w12.png,8879d487511cc368,12,Field,Noise
train/noise/8879d487511cc368_w17.png,8879d487511cc368,17,Field,Noise
train/noise/8879d487511cc368_w22.png,8879d487511cc368,22,Field,Noise
train/noise/8879d487511cc368_w25.png,8879d487511cc368,25,Field,Noise
train/noise/8895e8b91eab3f06_w04.png,8895e8b91eab3f06,4,Field,Noise
train/noise/8895e8b91eab3f06_w07.png,8895e8b91eab3f06,7,Field,Noise
train/noise/8895e8b91eab3f06_w09.png,8895e8b91eab3f06,9,Field,Noise
train/noise/8895e8b91eab3f06_w12.png,8895e8b91eab3f06,12,Field,Noise
train/noise/8895e8b91eab3f06_w13.png,8895e8b91eab3f06,13,Field,Noise
train/noise/8895e8b91eab3f06_w14.png,8895e8b91eab3f06,14,Field,Noise
train/noise/8895e8b91eab3f06_w15.png,8895e8b91eab3f06,15,Field,Noise
train/noise/8895e8b91eab3f06_w27.png,8895e8b91eab3f06,27,Field,Noise
train/noise/88aa720983393979_w03.png,88aa720983393979,3,Field,Noise
train/noise/88aa720983393979_w04.png,88aa720983393979,4,Field,Noise
train/noise/88aa720983393979_w07.png,88aa720983393979,7,Field,Noise
train/noise/88aa720983393979_w10.png,88aa720983393979,10,Field,Noise
train/noise/88aa720983393979_w16.png,88aa720983393979,16,Field,Noise
train/noise/88aa720983393979_w20.png,88aa720983393979,20,Field,Noise
train/noise/88aa720983393979_w24.png,88aa720983393979,24,Field,Noise
train/noise/88aa720983393979_w27.png,88aa720983393979,27,Field,Noise
train/noise/8908e4968ba2ce5e_w11.png,8908e4968ba2ce5e,11,Field,Noise
train/noise/8908e4968ba2ce5e_w12.png,8908e4968ba2ce5e,12,Field,Noise
train/noise/8908e4968ba2ce5e_w13.png,8908e4968ba2ce5e,13,Field,Noise
train/noise/8908e4968ba2ce5e_w15.png,8908e4968ba2ce5e,15,Field,Noise
train/noise/8908e4968ba2ce5e_w17.png,8908e4968ba2ce5e,17,Field,Noise
train/noise/8908e4968ba2ce5e_w21.png,8908e4968ba2ce5e,21,Field,Noise
train/noise/8908e4968ba2ce5e_w22.png,8908e4968ba2ce5e,22,Field,Noise
train/noise/8908e4968ba2ce5e_w26.png,8908e4968ba2ce5e,26,Field,Noise
train/noise/89475594ea35c1fa_w05.png,89475594ea35c1fa,5,Field,Noise
train/noise/89475594ea35c1fa_w08.png,89475594ea35c1fa,8,Field,Noise
train/noise/89475594ea35c1fa_w12.png,89475594ea35c1fa,12,Field,Noise
train/noise/89475594ea35c1fa_w13.png,89475594ea35c1fa,13,Field,Noise
train/noise/89475594ea35c1fa_w16.png,89475594ea35c1fa,16,Field,Noise
train/noise/89475594ea35c1fa_w17.png,89475594ea35c1fa,17,Field,Noise
train/noise/89475594ea35c1fa_w22.png,89475594ea35c1fa,22,Field,Noise
train/noise/89475594ea35c1fa_w23.png,89475594ea35c1fa,23,Field,Noise
train/noise/89a634b509360c2b_w01.png,89a634b509360c2b,1,Lab,Noise
train/noise/89a634b509360c2b_w04.png,89a634b509360c2b,4,Lab,Noise
train/noise/89a634b509360c2b_w08.png,89a634b509360c2b,8,Lab,Noise
train/noise/89a634b509360c2b_w10.png,89a634b509360c2b,10,Lab,Noise
train/noise/89a634b509360c2b_w15.png,89a634b509360c2b,15,Lab,Noise
train/noise/89a634b509360c2b_w19.png,89a634b509360c2b,19,Lab,Noise
train/noise/89a634b509360c2b_w22.png,89a634b509360c2b,22,Lab,Noise
train/noise/89a634b509360c2b_w24.png,89a634b509360c2b,24,Lab,Noise
train/noise/89c6e499658a1ef0_w02.png,89c6e499658a1ef0,2,Field,Noise
train/noise/89c6e499658a1ef0_w05.png,89c6e499658a1ef0,5,Field,Noise
train/noise/89c6e499658a1ef0_w06.png,89c6e499658a1ef0,6,Field,Noise
train/noise/89c6e499658a1ef0_w13.png,89c6e499658a1ef0,13,Field,Noise
train/noise/89c6e499658a1ef0_w14.png,89c6e499658a1ef0,14,Field,Noise
train/noise/89c6e499658a1ef0_w16.png,89c6e499658a1ef0,16,Field,Noise
train/noise/89c6e499658a1ef0_w17.png,89c6e499658a1ef0,17,Field,Noise
train/noise/89c6e499658a1ef0_w23.png,89c6e499658a1ef0,23,Field,Noise
train/noise/89e5e51b0cd025a2_w03.png,89e5e51b0cd025a2,3,Lab,Noise
train/noise/89e5e51b0cd025a2_w04.png,89e5e51b0cd025a2,4,Lab,Noise
train/noise/89e5e51b0cd025a2_w06.png,89e5e51b0cd025a2,6,Lab,Noise
train/noise/89e5e51b0cd025a2_w08.png,89e5e51b0cd025a2,8,Lab,Noise
train/noise/89e5e51b0cd025a2_w10.png,89e5e51b0cd025a2,10,Lab,Noise
train/noise/89e5e51b0cd025a2_w13.png,89e5e51b0cd025a2,13,Lab,Noise
train/noise/89e5e51b0cd025a2_w17.png,89e5e51b0cd025a2,17,Lab,Noise
train/noise/89e5e51b0cd025a2_w19.png,89e5e51b0cd025a2,19,Lab,Noise
train/noise/8a0346388477f2cc_w04.png,8a0346388477f2cc,4,Field,Noise
train/noise/8a0346388477f2cc_w17.png,8a0346388477f2cc,17,Field,Noise
train/noise/8a0346388477f2cc_w18.png,8a0346388477f2cc,18,Field,Noise
train/noise/8a0346388477f2cc_w21.png,8a0346388477f2cc,21,Field,Noise
train/noise/8a0346388477f2cc_w22.png,8a0346388477f2cc,22,Field,Noise
train/noise/8a0346388477f2cc_w24.png,8a0346388477f2cc,24,Field,Noise
train/noise/8a0346388477f2cc_w25.png,8a0346388477f2cc,25,Field,Noise
train/noise/8a0346388477f2cc_w26.png,8a0346388477f2cc,26,Field,Noise
train/noise/8b09a0a126c65882_w05.png,8b09a0a126c65882,5,Lab,Noise
train/noise/8b09a0a126c65882_w08.png,8b09a0a126c65882,8,Lab,Noise
train/noise/8b09a0a126c65882_w14.png,8b09a0a126c65882,14,Lab,Noise
train/noise/8b09a0a126c65882_w17.png,8b09a0a126c65882,17,Lab,Noise
train/noise/8b09a0a126c65882_w18.png,8b09a0a126c65882,18,Lab,Noise
train/noise/8b09a0a126c65882_w19.png,8b09a0a126c65882,19,Lab,Noise
train/noise/8b09a0a126c65882_w23.png,8b09a0a126c65882,23,Lab,Noise
train/noise/8b09a0a126c65882_w27.png,8b09a0a126c65882,27,Lab,Noise
train/noise/8b2bbda5bc423cb5_w00.png,8b2bbda5bc423cb5,0,Field,Noise
train/noise/8b2bbda5bc423cb5_w02.png,8b2bbda5bc423cb5,2,Field,Noise
train/noise/8b2bbda5bc423cb5_w07.png,8b2bbda5bc423cb5,7,Field,Noise
train/noise/8b2bbda5bc423cb5_w08.png,8b2bbda5bc423cb5,8,Field,Noise
train/noise/8b2bbda5bc423cb5_w09.png,8b2bbda5bc423cb5,9,Field,Noise
train/noise/8b2bbda5bc423cb5_w12.png,8b2bbda5bc423cb5,12,Field,Noise
train/noise/8b2bbda5bc423cb5_w18.png,8b2bbda5bc423cb5,18,Field,Noise
train/noise/8b2bbda5bc423cb5_w20.png,8b2bbda5bc423cb5,20,Field,Noise
train/noise/8b2db6e9e5a2492f_w11.png,8b2db6e9e5a2492f,11,Lab,Noise
train/noise/8b2db6e9e5a2492f_w14.png,8b2db6e9e5a2492f,14,Lab,Noise
train/noise/8b2db6e9e5a2492f_w15.png,8b2db6e9e5a2492f,15,Lab,Noise
train/noise/8b2db6e9e5a2492f_w17.png,8b2db6e9e5a2492f,17,Lab,Noise
train/noise/8b2db6e9e5a2492f_w18.png,8b2db6e9e5a2492f,18,Lab,Noise
train/noise/8b2db6e9e5a2492f_w20.png,8b2db6e9e5a2492f,20,Lab,Noise
train/noise/8b2db6e9e5a2492f_w24.png,8b2db6e9e5a2492f,24,Lab,Noise
train/noise/8b2db6e9e5a2492f_w25.png,8b2db6e9e5a2492f,25,Lab,Noise
train/noise/8b317a01d41b36c8_w03.png,8b317a01d41b36c8,3,Field,Noise
train/noise/8b317a01d41b36c8_w07.png,8b317a01d41b36c8,7,Field,Noise
train/noise/8b317a01d41b36c8_w13.png,8b317a01d41b36c8,13,Field,Noise
train/noise/8b317a01d41b36c8_w15.png,8b317a01d41b36c8,15,Field,Noise
train/noise/8b317a01d41b36c8_w21.png,8b317a01d41b36c8,21,Field,Noise
train/noise/8b317a01d41b36c8_w24.png,8b317a01d41b36c8,24,Field,Noise
train/noise/8b317a01d41b36c8_w26.png,8b317a01d41b36c8,26,Field,Noise
train/noise/8b317a01d41b36c8_w27.png,8b317a01d41b36c8,27,Field,Noise
train/noise/8c356b49d028bd13_w01.png,8c356b49d028bd13,1,Field,Noise
train/noise/8c356b49d028bd13_w03.png,8c356b49d028bd13,3,Field,Noise
train/noise/8c356b49d028bd13_w05.png,8c356b49d028bd13,5,Field,Noise
train/noise/8c356b49d028bd13_w07.png,8c356b49d028bd13,7,Field,Noise
train/noise/8c356b49d028bd13_w16.png,8c356b49d028bd13,16,Field,Noise
train/noise/8c356b49d028bd13_w19.png,8c356b49d028bd13,19,Field,Noise
train/noise/8c356b49d028bd13_w20.png,8c356b49d028bd13,20,Field,Noise
train/noise/8c356b49d028bd13_w21.png,8c356b49d028bd13,21,Field,Noise
train/noise/8c49588a1544bc3f_w01.png,8c49588a1544bc3f,1,Lab,Noise
train/noise/8c49588a1544bc3f_w03.png,8c49588a1544bc3f,3,Lab,Noise
train/noise/8c49588a1544bc3f_w05.png,8c49588a1544bc3f,5,Lab,Noise
train/noise/8c49588a1544bc3f_w06.png,8c49588a1544bc3f,6,Lab,Noise
train/noise/8c49588a1544bc3f_w11.png,8c49588a1544bc3f,11,Lab,Noise
train/noise/8c49588a1544bc3f_w12.png,8c49588a1544bc3f,12,Lab,Noise
train/noise/8c49588a1544bc3f_w19.png,8c49588a1544bc3f,19,Lab,Noise
train/noise/8c49588a1544bc3f_w21.png,8c49588a1544bc3f,21,Lab,Noise
train/noise/8cd084a08a280100_w01.png,8cd084a08a280100,1,Field,Noise
train/noise/8cd084a08a280100_w05.png,8cd084a08a280100,5,Field,Noise
train/noise/8cd084a08a280100_w06.png,8cd084a08a280100,6,Field,Noise
train/noise/8cd084a08a280100_w08.png,8cd084a08a280100,8,Field,Noise
train/noise/8cd084a08a280100_w11.png,8cd084a08a280100,11,Field,Noise
train/noise/8cd084a08a280100_w14.png,8cd084a08a280100,14,Field,Noise
train/noise/8cd084a08a280100_w15.png,8cd084a08a280100,15,Field,Noise
train/noise/8cd084a08a280100_w23.png,8cd084a08a280100,23,Field,Noise
train/noise/8ce700877caef928_w02.png,8ce700877caef928,2,Lab,Noise
train/noise/8ce700877caef928_w05.png,8ce700877caef928,5,Lab,Noise
train/noise/8ce700877caef928_w08.png,8ce700877caef928,8,Lab,Noise
train/noise/8ce700877caef928_w15.png,8ce700877caef928,15,Lab,Noise
train/noise/8ce700877caef928_w18.png,8ce700877caef928,18,Lab,Noise
train/noise/8ce700877caef928_w20.png,8ce700877caef928,20,Lab,Noise
train/noise/8ce700877caef928_w23.png,8ce700877caef928,23,Lab,Noise
train/noise/8ce700877caef928_w27.png,8ce700877caef928,27,Lab,Noise
train/noise/8d3f779b3e8ec6e8_w04.png,8d3f779b3e8ec6e8,4,Field,Noise
train/noise/8d3f779b3e8ec6e8_w05.png,8d3f779b3e8ec6e8,5,Field,Noise
train/noise/8d3f779b3e8ec6e8_w08.png,8d3f779b3e8ec6e8,8,Field,Noise
train/noise/8d3f779b3e8ec6e8_w10.png,8d3f779b3e8ec6e8,10,Field,Noise
train/noise/8d3f779b3e8ec6e8_w14.png,8d3f779b3e8ec6e8,14,Field,Noise
train/noise/8d3f779b3e8ec6e8_w18.png,8d3f779b3e8ec6e8,18,Field,Noise
train/noise/8d3f779b3e8ec6e8_w24.png,8d3f779b3e8ec6e8,24,Field,Noise
train/noise/8d3f779b3e8ec6e8_w27.png,8d3f779b3e8ec6e8,27,Field,Noise
train/noise/8e481657563f232b_w03.png,8e481657563f232b,3,Field,Noise
train/noise/8e481657563f232b_w06.png,8e481657563f232b,6,Field,Noise
train/noise/8e481657563f232b_w08.png,8e481657563f232b,8,Field,Noise
train/noise/8e481657563f232b_w14.png,8e481657563f232b,14,Field,Noise
train/noise/8e481657563f232b_w15.png,8e481657563f232b,15,Field,Noise
train/noise/8e481657563f232b_w16.png,8e481657563f232b,16,Field,Noise
train/noise/8e481657563f232b_w17.png,8e481657563f232b,17,Field,Noise
train/noise/8e481657563f232b_w23.png,8e481657563f232b,23,Field,Noise
train/noise/8e6c4cfe5a52c50c_w00.png,8e6c4cfe5a52c50c,0,Field,Noise
train/noise/8e6c4cfe5a52c50c_w03.png,8e6c4cfe5a52c50c,3,Field,Noise
train/noise/8e6c4cfe5a52c50c_w04.png,8e6c4cfe5a52c50c,4,Field,Noise
train/noise/8e6c4cfe5a52c50c_w07.png,8e6c4cfe5a52c50c,7,Field,Noise
train/noise/8e6c4cfe5a52c50c_w14.png,8e6c4cfe5a52c50c,14,Field,Noise
train/noise/8e6c4cfe5a52c50c_w15.png,8e6c4cfe5a52c50c,15,Field,Noise
train/noise/8e6c4cfe5a52c50c_w23.png,8e6c4cfe5a52c50c,23,Field,Noise
train/noise/8e6c4cfe5a52c50c_w27.png,8e6c4cfe5a52c50c,27,Field,Noise
train/noise/8e81433988191912_w02.png,8e81433988191912,2,Lab,Noise
train/noise/8e81433988191912_w03.png,8e81433988191912,3,Lab,Noise
train/noise/8e81433988191912_w11.png,8e81433988191912,11,Lab,Noise
train/noise/8e81433988191912_w12.png,8e81433988191912,12,Lab,Noise
train/noise/8e81433988191912_w17.png,8e81433988191912,17,Lab,Noise
train/noise/8e81433988191912_w22.png,8e81433988191912,22,Lab,Noise
train/noise/8e81433988191912_w23.png,8e81433988191912,23,Lab,Noise
train/noise/8e81433988191912_w24.png,8e81433988191912,24,Lab,Noise
train/noise/8ea7126f35d4df64_w02.png,8ea7126f35d4df64,2,Field,Noise
train/noise/8ea7126f35d4df64_w04.png,8ea7126f35d4df64,4,Field,Noise
train/noise/8ea7126f35d4df64_w05.png,8ea7126f35d4df64,5,Field,Noise
train/noise/8ea7126f35d4df64_w06.png,8ea7126f35d4df64,6,Field,Noise
train/noise/8ea7126f35d4df64_w12.png,8ea7126f35d4df64,12,Field,Noise
train/noise/8ea7126f35d4df64_w13.png,8ea7126f35d4df64,13,Field,Noise
train/noise/8ea7126f35d4df64_w14.png,8ea7126f35d4df64,14,Field,Noise
train/noise/8ea7126f35d4df64_w19.png,8ea7126f35d4df64,19,Field,Noise
train/noise/8ecdf354693a60ff_w00.png,8ecdf354693a60ff,0,Lab,Noise
train/noise/8ecdf354693a60ff_w04.png,8ecdf354693a60ff,4,Lab,Noise
train/noise/8ecdf354693a60ff_w06.png,8ecdf354693a60ff,6,Lab,Noise
train/noise/8ecdf354693a60ff_w13.png,8ecdf354693a60ff,13,Lab,Noise
train/noise/8ecdf354693a60ff_w19.png,8ecdf354693a60ff,19,Lab,Noise
train/noise/8ecdf354693a60ff_w20.png,8ecdf354693a60ff,20,Lab,Noise
train/noise/8ecdf354693a60ff_w23.png,8ecdf354693a60ff,23,Lab,Noise
train/noise/8ecdf354693a60ff_w26.png,8ecdf354693a60ff,26,Lab,Noise
train/noise/8efaad829f841383_w03.png,8efaad829f841383,3,Field,Noise
train/noise/8efaad829f841383_w04.png,8efaad829f841383,4,Field,Noise
train/noise/8efaad829f841383_w05.png,8efaad829f841383,5,Field,Noise
train/noise/8efaad829f841383_w15.png,8efaad829f841383,15,Field,Noise
train/noise/8efaad829f841383_w16.png,8efaad829f841383,16,Field,Noise
train/noise/8efaad829f841383_w22.png,8efaad829f841383,22,Field,Noise
train/noise/8efaad829f841383_w23.png,8efaad829f841383,23,Field,Noise
train/noise/8efaad829f841383_w26.png,8efaad829f841383,26,Field,Noise
train/noise/8f0d10d5e502c487_w02.png,8f0d10d5e502c487,2,Field,Noise
train/noise/8f0d10d5e502c487_w05.png,8f0d10d5e502c487,5,Field,Noise
train/noise/8f0d10d5e502c487_w07.png,8f0d10d5e502c487,7,Field,Noise
train/noise/8f0d10d5e502c487_w09.png,8f0d10d5e502c487,9,Field,Noise
train/noise/8f0d10d5e502c487_w13.png,8f0d10d5e502c487,13,Field,Noise
train/noise/8f0d10d5e502c487_w15.png,8f0d10d5e502c487,15,Field,Noise
train/noise/8f0d10d5e502c487_w16.png,8f0d10d5e502c487,16,Field,Noise
train/noise/8f0d10d5e502c487_w27.png,8f0d10d5e502c487,27,Field,Noise
train/noise/901f3b5e40c85e45_w07.png,901f3b5e40c85e45,7,Field,Noise
train/noise/901f3b5e40c85e45_w08.png,901f3b5e40c85e45,8,Field,Noise
train/noise/901f3b5e40c85e45_w10.png,901f3b5e40c85e45,10,Field,Noise
train/noise/901f3b5e40c85e45_w14.png,901f3b5e40c85e45,14,Field,Noise
train/noise/901f3b5e40c85e45_w15.png,901f3b5e40c85e45,15,Field,Noise
train/noise/901f3b5e40c85e45_w16.png,901f3b5e40c85e45,16,Field,Noise
train/noise/901f3b5e40c85e45_w18.png,901f3b5e40c85e45,18,Field,Noise
train/noise/901f3b5e40c85e45_w24.png,901f3b5e40c85e45,24,Field,Noise
train/noise/90739ec4d0212483_w01.png,90739ec4d0212483,1,Field,Noise
train/noise/90739ec4d0212483_w04.png,90739ec4d0212483,4,Field,Noise
train/noise/90739ec4d0212483_w07.png,90739ec4d0212483,7,Field,Noise
train/noise/90739ec4d0212483_w10.png,90739ec4d0212483,10,Field,Noise
train/noise/90739ec4d0212483_w15.png,90739ec4d0212483,15,Field,Noise
train/noise/90739ec4d0212483_w16.png,90739ec4d0212483,16,Field,Noise
train/noise/90739ec4d0212483_w17.png,90739ec4d0212483,17,Field,Noise
train/noise/90739ec4d0212483_w25.png,90739ec4d0212483,25,Field,Noise
train/noise/90c47885ac859630_w00.png,90c47885ac859630,0,Field,Noise
train/noise/90c47885ac859630_w08.png,90c47885ac859630,8,Field,Noise
train/noise/90c47885ac859630_w09.png,90c47885ac859630,9,Field,Noise
train/noise/90c47885ac859630_w16.png,90c47885ac859630,16,Field,Noise
train/noise/90c47885ac859630_w17.png,90c47885ac859630,17,Field,Noise
train/noise/90c47885ac859630_w19.png,90c47885ac859630,19,Field,Noise
train/noise/90c47885ac859630_w21.png,90c47885ac859630,21,Field,Noise
train/noise/90c47885ac859630_w24.png,90c47885ac859630,24,Field,Noise
train/noise/9180a423bc93abc8_w02.png,9180a423bc93abc8,2,Field,Noise
train/noise/9180a423bc93abc8_w04.png,9180a423bc93abc8,4,Field,Noise
train/noise/9180a423bc93abc8_w13.png,9180a423bc93abc8,13,Field,Noise
train/noise/9180a423bc93abc8_w16.png,9180a423bc93abc8,16,Field,Noise
train/noise/9180a423bc93abc8_w21.png,9180a423bc93abc8,21,Field,Noise
train/noise/9180a423bc93abc8_w22.png,9180a423bc93abc8,22,Field,Noise
train/noise/9180a423bc93abc8_w24.png,9180a423bc93abc8,24,Field,Noise
train/noise/9180a423bc93abc8_w25.png,9180a423bc93abc8,25,Field,Noise
train/noise/91e113d90e10a658_w00.png,91e113d90e10a658,0,Field,Noise
train/noise/91e113d90e10a658_w10.png,91e113d90e10a658,10,Field,Noise
train/noise/91e113d90e10a658_w11.png,91e113d90e10a658,11,Field,Noise
train/noise/91e113d90e10a658_w13.png,91e113d90e10a658,13,Field,Noise
train/noise/91e113d90e10a658_w14.png,91e113d90e10a658,14,Field,Noise
train/noise/91e113d90e10a658_w15.png,91e113d90e10a658,15,Field,Noise
train/noise/91e113d90e10a658_w23.png,91e113d90e10a658,23,Field,Noise
train/noise/91e113d90e10a658_w24.png,91e113d90e10a658,24,Field,Noise
train/noise/92300f2a00fa936c_w01.png,92300f2a00fa936c,1,Field,Noise
train/noise/92300f2a00fa936c_w05.png,92300f2a00fa936c,5,Field,Noise
train/noise/92300f2a00fa936c_w06.png,92300f2a00fa936c,6,Field,Noise
train/noise/92300f2a00fa936c_w07.png,92300f2a00fa936c,7,Field,Noise
train/noise/92300f2a00fa936c_w12.png,92300f2a00fa936c,12,Field,Noise
train/noise/92300f2a00fa936c_w15.png,92300f2a00fa936c,15,Field,Noise
train/noise/92300f2a00fa936c_w20.png,92300f2a00fa936c,20,Field,Noise
train/noise/92300f2a00fa936c_w25.png,92300f2a00fa936c,25,Field,Noise
train/noise/9259a612c36edf7e_w09.png,9259a612c36edf7e,9,Field,Noise
train/noise/9259a612c36edf7e_w10.png,9259a612c36edf7e,10,Field,Noise
train/noise/9259a612c36edf7e_w11.png,9259a612c36edf7e,11,Field,Noise
train/noise/9259a612c36edf7e_w13.png,9259a612c36edf7e,13,Field,Noise
train/noise/9259a612c36edf7e_w14.png,9259a612c36edf7e,14,Field,Noise
train/noise/9259a612c36edf7e_w16.png,9259a612c36edf7e,16,Field,Noise
train/noise/9259a612c36edf7e_w18.png,9259a612c36edf7e,18,Field,Noise
train/noise/9259a612c36edf7e_w23.png,9259a612c36edf7e,23,Field,Noise
train/noise/93863fe081f4668c_w00.png,93863fe081f4668c,0,Field,Noise
train/noise/93863fe081f4668c_w01.png,93863fe081f4668c,1,Field,Noise
train/noise/93863fe081f4668c_w02.png,93863fe081f4668c,2,Field,Noise
train/noise/93863fe081f4668c_w03.png,93863fe081f4668c,3,Field,Noise
train/noise/93863fe081f4668c_w04.png,93863fe081f4668c,4,Field,Noise
train/noise/93863fe081f4668c_w10.png,93863fe081f4668c,10,Field,Noise
train/noise/93863fe081f4668c_w12.png,93863fe081f4668c,12,Field,Noise
train/noise/93863fe081f4668c_w17.png,93863fe081f4668c,17,Field,Noise
train/noise/93f5e8e2b6fb6ff6_w02.png,93f5e8e2b6fb6ff6,2,Field,Noise
train/noise/93f5e8e2b6fb6ff6_w03.png,93f5e8e2b6fb6ff6,3,Field,Noise
train/noise/93f5e8e2b6fb6ff6_w05.png,93f5e8e2b6fb6ff6,5,Field,Noise
train/noise/93f5e8e2b6fb6ff6_w13.png,93f5e8e2b6fb6ff6,13,Field,Noise
train/noise/93f5e8e2b6fb6ff6_w15.png,93f5e8e2b6fb6ff6,15,Field,Noise
train/noise/93f5e8e2b6fb6ff6_w18.png,93f5e8e2b6fb6ff6,18,Field,Noise
train/noise/93f5e8e2b6fb6ff6_w25.png,93f5e8e2b6fb6ff6,25,Field,Noise
train/noise/93f5e8e2b6fb6ff6_w27.png,93f5e8e2b6fb6ff6,27,Field,Noise
train/noise/9493459278416c27_w03.png,9493459278416c27,3,Field,Noise
train/noise/9493459278416c27_w09.png,9493459278416c27,9,Field,Noise
train/noise/9493459278416c27_w13.png,9493459278416c27,13,Field,Noise
train/noise/9493459278416c27_w14.png,9493459278416c27,14,Field,Noise
train/noise/9493459278416c27_w19.png,9493459278416c27,19,Field,Noise
train/noise/9493459278416c27_w21.png,9493459278416c27,21,Field,Noise
train/noise/9493459278416c27_w25.png,9493459278416c27,25,Field,Noise
train/noise/9493459278416c27_w26.png,9493459278416c27,26,Field,Noise
train/noise/94e76d9c2546db84_w00.png,94e76d9c2546db84,0,Field,Noise
train/noise/94e76d9c2546db84_w03.png,94e76d9c2546db84,3,Field,Noise
train/noise/94e76d9c2546db84_w09.png,94e76d9c2546db84,9,Field,Noise
train/noise/94e76d9c2546db84_w13.png,94e76d9c2546db84,13,Field,Noise
train/noise/94e76d9c2546db84_w18.png,94e76d9c2546db84,18,Field,Noise
train/noise/94e76d9c2546db84_w22.png,94e76d9c2546db84,22,Field,Noise
train/noise/94e76d9c2546db84_w25.png,94e76d9c2546db84,25,Field,Noise
train/noise/94e76d9c2546db84_w26.png,94e76d9c2546db84,26,Field,Noise
train/noise/957abc00bdd79933_w02.png,957abc00bdd79933,2,Field,Noise
train/noise/957abc00bdd79933_w11.png,957abc00bdd79933,11,Field,Noise
train/noise/957abc00bdd79933_w12.png,957abc00bdd79933,12,Field,Noise
train/noise/957abc00bdd79933_w15.png,957abc00bdd79933,15,Field,Noise
train/noise/957abc00bdd79933_w21.png,957abc00bdd79933,21,Field,Noise
train/noise/957abc00bdd79933_w23.png,957abc00bdd79933,23,Field,Noise
train/noise/957abc00bdd79933_w25.png,957abc00bdd79933,25,Field,Noise
train/noise/957abc00bdd79933_w27.png,957abc00bdd79933,27,Field,Noise
train/noise/9601fcdb8c2b904b_w03.png,9601fcdb8c2b904b,3,Field,Noise
train/noise/9601fcdb8c2b904b_w04.png,9601fcdb8c2b904b,4,Field,Noise
train/noise/9601fcdb8c2b904b_w05.png,9601fcdb8c2b904b,5,Field,Noise
train/noise/9601fcdb8c2b904b_w12.png,9601fcdb8c2b904b,12,Field,Noise
train/noise/9601fcdb8c2b904b_w20.png,9601fcdb8c2b904b,20,Field,Noise
train/noise/9601fcdb8c2b904b_w22.png,9601fcdb8c2b904b,22,Field,Noise
train/noise/9601fcdb8c2b904b_w24.png,9601fcdb8c2b904b,24,Field,Noise
train/noise/9601fcdb8c2b904b_w26.png,9601fcdb8c2b904b,26,Field,Noise
train/noise/96b76c5ddc431495_w00.png,96b76c5ddc431495,0,Field,Noise
train/noise/96b76c5ddc431495_w03.png,96b76c5ddc431495,3,Field,Noise
train/noise/96b76c5ddc431495_w04.png,96b76c5ddc431495,4,Field,Noise
train/noise/96b76c5ddc431495_w07.png,96b76c5ddc431495,7,Field,Noise
train/noise/96b76c5ddc431495_w12.png,96b76c5ddc431495,12,Field,Noise
train/noise/96b76c5ddc431495_w17.png,96b76c5ddc431495,17,Field,Noise
train/noise/96b76c5ddc431495_w22.png,96b76c5ddc431495,22,Field,Noise
train/noise/96b76c5ddc431495_w26.png,96b76c5ddc431495,26,Field,Noise
train/noise/970b8468ed9cae4e_w00.png,970b8468ed9cae4e,0,Field,Noise
train/noise/970b8468ed9cae4e_w02.png,970b8468ed9cae4e,2,Field,Noise
train/noise/970b8468ed9cae4e_w03.png,970b8468ed9cae4e,3,Field,Noise
train/noise/970b8468ed9cae4e_w06.png,970b8468ed9cae4e,6,Field,Noise
train/noise/970b8468ed9cae4e_w13.png,970b8468ed9cae4e,13,Field,Noise
train/noise/970b8468ed9cae4e_w15.png,970b8468ed9cae4e,15,Field,Noise
train/noise/970b8468ed9cae4e_w18.png,970b8468ed9cae4e,18,Field,Noise
train/noise/970b8468ed9cae4e_w27.png,970b8468ed9cae4e,27,Field,Noise
train/noise/9718dffeb3ed894c_w00.png,9718dffeb3ed894c,0,Lab,Noise
train/noise/9718dffeb3ed894c_w01.png,9718dffeb3ed894c,1,Lab,Noise
train/noise/9718dffeb3ed894c_w02.png,9718dffeb3ed894c,2,Lab,Noise
train/noise/9718dffeb3ed894c_w03.png,9718dffeb3ed894c,3,Lab,Noise
train/noise/9718dffeb3ed894c_w06.png,9718dffeb3ed894c,6,Lab,Noise
train/noise/9718dffeb3ed894c_w08.png,9718dffeb3ed894c,8,Lab,Noise
train/noise/9718dffeb3ed894c_w18.png,9718dffeb3ed894c,18,Lab,Noise
train/noise/9718dffeb3ed894c_w26.png,9718dffeb3ed894c,26,Lab,Noise
train/noise/97cf9f9eab556238_w00.png,97cf9f9eab556238,0,Field,Noise
train/noise/97cf9f9eab556238_w06.png,97cf9f9eab556238,6,Field,Noise
train/noise/97cf9f9eab556238_w10.png,97cf9f9eab556238,10,Field,Noise
train/noise/97cf9f9eab556238_w12.png,97cf9f9eab556238,12,Field,Noise
train/noise/97cf9f9eab556238_w15.png,97cf9f9eab556238,15,Field,Noise
train/noise/97cf9f9eab556238_w21.png,97cf9f9eab556238,21,Field,Noise
train/noise/97cf9f9eab556238_w22.png,97cf9f9eab556238,22,Field,Noise
train/noise/97cf9f9eab556238_w26.png,97cf9f9eab556238,26,Field,Noise
train/noise/97e4ee4cd42e8796_w04.png,97e4ee4cd42e8796,4,Field,Noise
train/noise/97e4ee4cd42e8796_w14.png,97e4ee4cd42e8796,14,Field,Noise
train/noise/97e4ee4cd42e8796_w15.png,97e4ee4cd42e8796,15,Field,Noise
train/noise/97e4ee4cd42e8796_w16.png,97e4ee4cd42e8796,16,Field,Noise
train/noise/97e4ee4cd42e8796_w22.png,97e4ee4cd42e8796,22,Field,Noise
train/noise/97e4ee4cd42e8796_w23.png,97e4ee4cd42e8796,23,Field,Noise
train/noise/97e4ee4cd42e8796_w24.png,97e4ee4cd42e8796,24,Field,Noise
train/noise/97e4ee4cd42e8796_w26.png,97e4ee4cd42e8796,26,Field,Noise
train/noise/97e7bd14c71b2f43_w02.png,97e7bd14c71b2f43,2,Field,Noise
train/noise/97e7bd14c71b2f43_w03.png,97e7bd14c71b2f43,3,Field,Noise
train/noise/97e7bd14c71b2f43_w04.png,97e7bd14c71b2f43,4,Field,Noise
train/noise/97e7bd14c71b2f43_w14.png,97e7bd14c71b2f43,14,Field,Noise
train/noise/97e7bd14c71b2f43_w19.png,97e7bd14c71b2f43,19,Field,Noise
train/noise/97e7bd14c71b2f43_w21.png,97e7bd14c71b2f43,21,Field,Noise
train/noise/97e7bd14c71b2f43_w24.png,97e7bd14c71b2f43,24,Field,Noise
train/noise/97e7bd14c71b2f43_w25.png,97e7bd14c71b2f43,25,Field,Noise
train/noise/980778740f04a540_w01.png,980778740f04a540,1,Lab,Noise
train/noise/980778740f04a540_w02.png,980778740f04a540,2,Lab,Noise
train/noise/980778740f04a540_w03.png,980778740f04a540,3,Lab,Noise
train/noise/980778740f04a540_w08.png,980778740f04a540,8,Lab,Noise
train/noise/980778740f04a540_w14.png,980778740f04a540,14,Lab,Noise
train/noise/980778740f04a540_w25.png,980778740f04a540,25,Lab,Noise
train/noise/980778740f04a540_w26.png,980778740f04a540,26,Lab,Noise
train/noise/980778740f04a540_w27.png,980778740f04a540,27,Lab,Noise
train/noise/989a06a3795716d4_w02.png,989a06a3795716d4,2,Field,Noise
train/noise/989a06a3795716d4_w04.png,989a06a3795716d4,4,Field,Noise
train/noise/989a06a3795716d4_w08.png,989a06a3795716d4,8,Field,Noise
train/noise/989a06a3795716d4_w10.png,989a06a3795716d4,10,Field,Noise
train/noise/989a06a3795716d4_w17.png,989a06a3795716d4,17,Field,Noise
train/noise/989a06a3795716d4_w19.png,989a06a3795716d4,19,Field,Noise
train/noise/989a06a3795716d4_w20.png,989a06a3795716d4,20,Field,Noise
train/noise/989a06a3795716d4_w27.png,989a06a3795716d4,27,Field,Noise
train/noise/98e21d6e50b09e8b_w02.png,98e21d6e50b09e8b,2,Lab,Noise
train/noise/98e21d6e50b09e8b_w05.png,98e21d6e50b09e8b,5,Lab,Noise
train/noise/98e21d6e50b09e8b_w10.png,98e21d6e50b09e8b,10,Lab,Noise
train/noise/98e21d6e50b09e8b_w15.png,98e21d6e50b09e8b,15,Lab,Noise
train/noise/98e21d6e50b09e8b_w16.png,98e21d6e50b09e8b,16,Lab,Noise
train/noise/98e21d6e50b09e8b_w22.png,98e21d6e50b09e8b,22,Lab,Noise
train/noise/98e21d6e50b09e8b_w25.png,98e21d6e50b09e8b,25,Lab,Noise
train/noise/98e21d6e50b09e8b_w27.png,98e21d6e50b09e8b,27,Lab,Noise
train/noise/9926ef04cf06c802_w01.png,9926ef04cf06c802,1,Lab,Noise
train/noise/9926ef04cf06c802_w02.png,9926ef04cf06c802,2,Lab,Noise
train/noise/9926ef04cf06c802_w03.png,9926ef04cf06c802,3,Lab,Noise
train/noise/9926ef04cf06c802_w05.png,9926ef04cf06c802,5,Lab,Noise
train/noise/9926ef04cf06c802_w09.png,9926ef04cf06c802,9,Lab,Noise
train/noise/9926ef04cf06c802_w15.png,9926ef04cf06c802,15,Lab,Noise
train/noise/9926ef04cf06c802_w20.png,9926ef04cf06c802,20,Lab,Noise
train/noise/9926ef04cf06c802_w21.png,9926ef04cf06c802,21,Lab,Noise
train/noise/9946ac0b039f2fd3_w00.png,9946ac0b039f2fd3,0,Field,Noise
train/noise/9946ac0b039f2fd3_w01.png,9946ac0b039f2fd3,1,Field,Noise
train/noise/9946ac0b039f2fd3_w03.png,9946ac0b039f2fd3,3,Field,Noise
train/noise/9946ac0b039f2fd3_w07.png,9946ac0b039f2fd3,7,Field,Noise
train/noise/9946ac0b039f2fd3_w08.png,9946ac0b039f2fd3,8,Field,Noise
train/noise/9946ac0b039f2fd3_w16.png,9946ac0b039f2fd3,16,Field,Noise
train/noise/9946ac0b039f2fd3_w25.png,9946ac0b039f2fd3,25,Field,Noise
train/noise/9946ac0b039f2fd3_w26.png,9946ac0b039f2fd3,26,Field,Noise
train/noise/995da59129374a44_w00.png,995da59129374a44,0,Lab,Noise
train/noise/995da59129374a44_w02.png,995da59129374a44,2,Lab,Noise
train/noise/995da59129374a44_w09.png,995da59129374a44,9,Lab,Noise
train/noise/995da59129374a44_w11.png,995da59129374a44,11,Lab,Noise
train/noise/995da59129374a44_w16.png,995da59129374a44,16,Lab,Noise
train/noise/995da59129374a44_w21.png,995da59129374a44,21,Lab,Noise
train/noise/995da59129374a44_w25.png,995da59129374a44,25,Lab,Noise
train/noise/995da59129374a44_w26.png,995da59129374a44,26,Lab,Noise
train/noise/99ceb10529af1f72_w04.png,99ceb10529af1f72,4,Field,Noise
train/noise/99ceb10529af1f72_w10.png,99ceb10529af1f72,10,Field,Noise
train/noise/99ceb10529af1f72_w13.png,99ceb10529af1f72,13,Field,Noise
train/noise/99ceb10529af1f72_w16.png,99ceb10529af1f72,16,Field,Noise
train/noise/99ceb10529af1f72_w17.png,99ceb10529af1f72,17,Field,Noise
train/noise/99ceb10529af1f72_w22.png,99ceb10529af1f72,22,Field,Noise
train/noise/99ceb10529af1f72_w24.png,99ceb10529af1f72,24,Field,Noise
train/noise/99ceb10529af1f72_w27.png,99ceb10529af1f72,27,Field,Noise
train/noise/99f5b0c93f04e9fa_w01.png,99f5b0c93f04e9fa,1,Field,Noise
train/noise/99f5b0c93f04e9fa_w03.png,99f5b0c93f04e9fa,3,Field,Noise
train/noise/99f5b0c93f04e9fa_w04.png,99f5b0c93f04e9fa,4,Field,Noise
train/noise/99f5b0c93f04e9fa_w08.png,99f5b0c93f04e9fa,8,Field,Noise
train/noise/99f5b0c93f04e9fa_w11.png,99f5b0c93f04e9fa,11,Field,Noise
train/noise/99f5b0c93f04e9fa_w15.png,99f5b0c93f04e9fa,15,Field,Noise
train/noise/99f5b0c93f04e9fa_w16.png,99f5b0c93f04e9fa,16,Field,Noise
train/noise/99f5b0c93f04e9fa_w18.png,99f5b0c93f04e9fa,18,Field,Noise
train/noise/9a17f6b0858600b6_w03.png,9a17f6b0858600b6,3,Lab,Noise
train/noise/9a17f6b0858600b6_w04.png,9a17f6b0858600b6,4,Lab,Noise
train/noise/9a17f6b0858600b6_w06.png,9a17f6b0858600b6,6,Lab,Noise
train/noise/9a17f6b0858600b6_w09.png,9a17f6b0858600b6,9,Lab,Noise
train/noise/9a17f6b0858600b6_w16.png,9a17f6b0858600b6,16,Lab,Noise
train/noise/9a17f6b0858600b6_w18.png,9a17f6b0858600b6,18,Lab,Noise
train/noise/9a17f6b0858600b6_w19.png,9a17f6b0858600b6,19,Lab,Noise
train/noise/9a17f6b0858600b6_w22.png,9a17f6b0858600b6,22,Lab,Noise
train/noise/9a2873dd42cda6b6_w00.png,9a2873dd42cda6b6,0,Field,Noise
train/noise/9a2873dd42cda6b6_w09.png,9a2873dd42cda6b6,9,Field,Noise
train/noise/9a2873dd42cda6b6_w13.png,9a2873dd42cda6b6,13,Field,Noise
train/noise/9a2873dd42cda6b6_w17.png,9a2873dd42cda6b6,17,Field,Noise
train/noise/9a2873dd42cda6b6_w18.png,9a2873dd42cda6b6,18,Field,Noise
train/noise/9a2873dd42cda6b6_w20.png,9a2873dd42cda6b6,20,Field,Noise
train/noise/9a2873dd42cda6b6_w24.png,9a2873dd42cda6b6,24,Field,Noise
train/noise/9a2873dd42cda6b6_w25.png,9a2873dd42cda6b6,25,Field,Noise
train/noise/9a3cc2591a8a2e2c_w05.png,9a3cc2591a8a2e2c,5,Lab,Noise
train/noise/9a3cc2591a8a2e2c_w06.png,9a3cc2591a8a2e2c,6,Lab,Noise
train/noise/9a3cc2591a8a2e2c_w07.png,9a3cc2591a8a2e2c,7,Lab,Noise
train/noise/9a3cc2591a8a2e2c_w14.png,9a3cc2591a8a2e2c,14,Lab,Noise
train/noise/9a3cc2591a8a2e2c_w15.png,9a3cc2591a8a2e2c,15,Lab,Noise
train/noise/9a3cc2591a8a2e2c_w17.png,9a3cc2591a8a2e2c,17,Lab,Noise
train/noise/9a3cc2591a8a2e2c_w18.png,9a3cc2591a8a2e2c,18,Lab,Noise
train/noise/9a3cc2591a8a2e2c_w20.png,9a3cc2591a8a2e2c,20,Lab,Noise
train/noise/9a601316fbab5235_w01.png,9a601316fbab5235,1,Field,Noise
train/noise/9a601316fbab5235_w09.png,9a601316fbab5235,9,Field,Noise
train/noise/9a601316fbab5235_w10.png,9a601316fbab5235,10,Field,Noise
train/noise/9a601316fbab5235_w15.png,9a601316fbab5235,15,Field,Noise
train/noise/9a601316fbab5235_w17.png,9a601316fbab5235,17,Field,Noise
train/noise/9a601316fbab5235_w23.png,9a601316fbab5235,23,Field,Noise
train/noise/9a601316fbab5235_w24.png,9a601316fbab5235,24,Field,Noise
train/noise/9a601316fbab5235_w27.png,9a601316fbab5235,27,Field,Noise
train/noise/9b5fbc4dd191b6c9_w00.png,9b5fbc4dd191b6c9,0,Field,Noise
train/noise/9b5fbc4dd191b6c9_w01.png,9b5fbc4dd191b6c9,1,Field,Noise
train/noise/9b5fbc4dd191b6c9_w08.png,9b5fbc4dd191b6c9,8,Field,Noise
train/noise/9b5fbc4dd191b6c9_w09.png,9b5fbc4dd191b6c9,9,Field,Noise
train/noise/9b5fbc4dd191b6c9_w12.png,9b5fbc4dd191b6c9,12,Field,Noise
train/noise/9b5fbc4dd191b6c9_w17.png,9b5fbc4dd191b6c9,17,Field,Noise
train/noise/9b5fbc4dd191b6c9_w21.png,9b5fbc4dd191b6c9,21,Field,Noise
train/noise/9b5fbc4dd191b6c9_w24.png,9b5fbc4dd191b6c9,24,Field,Noise
train/noise/9b8e32793e4b2ece_w02.png,9b8e32793e4b2ece,2,Field,Noise
train/noise/9b8e32793e4b2ece_w03.png,9b8e32793e4b2ece,3,Field,Noise
train/noise/9b8e32793e4b2ece_w08.png,9b8e32793e4b2ece,8,Field,Noise
train/noise/9b8e32793e4b2ece_w11.png,9b8e32793e4b2ece,11,Field,Noise
train/noise/9b8e32793e4b2ece_w12.png,9b8e32793e4b2ece,12,Field,Noise
train/noise/9b8e32793e4b2ece_w14.png,9b8e32793e4b2ece,14,Field,Noise
train/noise/9b8e32793e4b2ece_w21.png,9b8e32793e4b2ece,21,Field,Noise
train/noise/9b8e32793e4b2ece_w26.png,9b8e32793e4b2ece,26,Field,Noise
train/noise/9c494da5ac56b307_w03.png,9c494da5ac56b307,3,Field,Noise
train/noise/9c494da5ac56b307_w06.png,9c494da5ac56b307,6,Field,Noise
train/noise/9c494da5ac56b307_w10.png,9c494da5ac56b307,10,Field,Noise
train/noise/9c494da5ac56b307_w12.png,9c494da5ac56b307,12,Field,Noise
train/noise/9c494da5ac56b307_w14.png,9c494da5ac56b307,14,Field,Noise
train/noise/9c494da5ac56b307_w15.png,9c494da5ac56b307,15,Field,Noise
train/noise/9c494da5ac56b307_w17.png,9c494da5ac56b307,17,Field,Noise
train/noise/9c494da5ac56b307_w25.png,9c494da5ac56b307,25,Field,Noise
train/noise/9c88972826aa69d1_w01.png,9c88972826aa69d1,1,Field,Noise
train/noise/9c88972826aa69d1_w02.png,9c88972826aa69d1,2,Field,Noise
train/noise/9c88972826aa69d1_w03.png,9c88972826aa69d1,3,Field,Noise
train/noise/9c88972826aa69d1_w11.png,9c88972826aa69d1,11,Field,Noise
train/noise/9c88972826aa69d1_w13.png,9c88972826aa69d1,13,Field,Noise
train/noise/9c88972826aa69d1_w16.png,9c88972826aa69d1,16,Field,Noise
train/noise/9c88972826aa69d1_w20.png,9c88972826aa69d1,20,Field,Noise
train/noise/9c88972826aa69d1_w22.png,9c88972826aa69d1,22,Field,Noise
train/noise/9cad205b8584541b_w02.png,9cad205b8584541b,2,Field,Noise
train/noise/9cad205b8584541b_w03.png,9cad205b8584541b,3,Field,Noise
train/noise/9cad205b8584541b_w06.png,9cad205b8584541b,6,Field,Noise
train/noise/9cad205b8584541b_w09.png,9cad205b8584541b,9,Field,Noise
train/noise/9cad205b8584541b_w11.png,9cad205b8584541b,11,Field,Noise
train/noise/9cad205b8584541b_w18.png,9cad205b8584541b,18,Field,Noise
train/noise/9cad205b8584541b_w20.png,9cad205b8584541b,20,Field,Noise
train/noise/9cad205b8584541b_w23.png,9cad205b8584541b,23,Field,Noise
train/noise/9cb600f558b86d1f_w04.png,9cb600f558b86d1f,4,Field,Noise
train/noise/9cb600f558b86d1f_w06.png,9cb600f558b86d1f,6,Field,Noise
train/noise/9cb600f558b86d1f_w09.png,9cb600f558b86d1f,9,Field,Noise
train/noise/9cb600f558b86d1f_w10.png,9cb600f558b86d1f,10,Field,Noise
train/noise/9cb600f558b86d1f_w19.png,9cb600f558b86d1f,19,Field,Noise
train/noise/9cb600f558b86d1f_w21.png,9cb600f558b86d1f,21,Field,Noise
train/noise/9cb600f558b86d1f_w22.png,9cb600f558b86d1f,22,Field,Noise
train/noise/9cb600f558b86d1f_w27.png,9cb600f558b86d1f,27,Field,Noise
train/noise/9cc4913880f5be55_w03.png,9cc4913880f5be55,3,Field,Noise
train/noise/9cc4913880f5be55_w09.png,9cc4913880f5be55,9,Field,Noise
train/noise/9cc4913880f5be55_w11.png,9cc4913880f5be55,11,Field,Noise
train/noise/9cc4913880f5be55_w17.png,9cc4913880f5be55,17,Field,Noise
train/noise/9cc4913880f5be55_w20.png,9cc4913880f5be55,20,Field,Noise
train/noise/9cc4913880f5be55_w21.png,9cc4913880f5be55,21,Field,Noise
train/noise/9cc4913880f5be55_w22.png,9cc4913880f5be55,22,Field,Noise
train/noise/9cc4913880f5be55_w26.png,9cc4913880f5be55,26,Field,Noise
train/noise/9d81cc325e1830b0_w00.png,9d81cc325e1830b0,0,Field,Noise
train/noise/9d81cc325e1830b0_w01.png,9d81cc325e1830b0,1,Field,Noise
train/noise/9d81cc325e1830b0_w02.png,9d81cc325e1830b0,2,Field,Noise
train/noise/9d81cc325e1830b0_w05.png,9d81cc325e1830b0,5,Field,Noise
train/noise/9d81cc325e1830b0_w16.png,9d81cc325e1830b0,16,Field,Noise
train/noise/9d81cc325e1830b0_w17.png,9d81cc325e1830b0,17,Field,Noise
train/noise/9d81cc325e1830b0_w18.png,9d81cc325e1830b0,18,Field,Noise
train/noise/9d81cc325e1830b0_w21.png,9d81cc325e1830b0,21,Field,Noise
train/noise/9d91098a3991e6de_w04.png,9d91098a3991e6de,4,Field,Noise
train/noise/9d91098a3991e6de_w12.png,9d91098a3991e6de,12,Field,Noise
train/noise/9d91098a3991e6de_w14.png,9d91098a3991e6de,14,Field,Noise
train/noise/9d91098a3991e6de_w18.png,9d91098a3991e6de,18,Field,Noise
train/noise/9d91098a3991e6de_w19.png,9d91098a3991e6de,19,Field,Noise
train/noise/9d91098a3991e6de_w25.png,9d91098a3991e6de,25,Field,Noise
train/noise/9d91098a3991e6de_w26.png,9d91098a3991e6de,26,Field,Noise
train/noise/9d91098a3991e6de_w27.png,9d91098a3991e6de,27,Field,Noise
train/noise/9dc0d28f5572cc52_w02.png,9dc0d28f5572cc52,2,Field,Noise
train/noise/9dc0d28f5572cc52_w04.png,9dc0d28f5572cc52,4,Field,Noise
train/noise/9dc0d28f5572cc52_w07.png,9dc0d28f5572cc52,7,Field,Noise
train/noise/9dc0d28f5572cc52_w13.png,9dc0d28f5572cc52,13,Field,Noise
train/noise/9dc0d28f5572cc52_w14.png,9dc0d28f5572cc52,14,Field,Noise
train/noise/9dc0d28f5572cc52_w16.png,9dc0d28f5572cc52,16,Field,Noise
train/noise/9dc0d28f5572cc52_w22.png,9dc0d28f5572cc52,22,Field,Noise
train/noise/9dc0d28f5572cc52_w24.png,9dc0d28f5572cc52,24,Field,Noise
train/noise/9df7c23dca312cc8_w00.png,9df7c23dca312cc8,0,Field,Noise
train/noise/9df7c23dca312cc8_w02.png,9df7c23dca312cc8,2,Field,Noise
train/noise/9df7c23dca312cc8_w07.png,9df7c23dca312cc8,7,Field,Noise
train/noise/9df7c23dca312cc8_w09.png,9df7c23dca312cc8,9,Field,Noise
train/noise/9df7c23dca312cc8_w17.png,9df7c23dca312cc8,17,Field,Noise
train/noise/9df7c23dca312cc8_w21.png,9df7c23dca312cc8,21,Field,Noise
train/noise/9df7c23dca312cc8_w23.png,9df7c23dca312cc8,23,Field,Noise
train/noise/9df7c23dca312cc8_w25.png,9df7c23dca312cc8,25,Field,Noise
train/noise/9e301b9023c3b994_w01.png,9e301b9023c3b994,1,Field,Noise
train/noise/9e301b9023c3b994_w04.png,9e301b9023c3b994,4,Field,Noise
train/noise/9e301b9023c3b994_w06.png,9e301b9023c3b994,6,Field,Noise
train/noise/9e301b9023c3b994_w07.png,9e301b9023c3b994,7,Field,Noise
train/noise/9e301b9023c3b994_w10.png,9e301b9023c3b994,10,Field,Noise
train/noise/9e301b9023c3b994_w14.png,9e301b9023c3b994,14,Field,Noise
train/noise/9e301b9023c3b994_w21.png,9e301b9023c3b994,21,Field,Noise
train/noise/9e301b9023c3b994_w24.png,9e301b9023c3b994,24,Field,Noise
train/noise/9e51a433201e1aa5_w01.png,9e51a433201e1aa5,1,Lab,Noise
train/noise/9e51a433201e1aa5_w05.png,9e51a433201e1aa5,5,Lab,Noise
train/noise/9e51a433201e1aa5_w07.png,9e51a433201e1aa5,7,Lab,Noise
train/noise/9e51a433201e1aa5_w09.png,9e51a433201e1aa5,9,Lab,Noise
train/noise/9e51a433201e1aa5_w13.png,9e51a433201e1aa5,13,Lab,Noise
train/noise/9e51a433201e1aa5_w17.png,9e51a433201e1aa5,17,Lab,Noise
train/noise/9e51a433201e1aa5_w18.png,9e51a433201e1aa5,18,Lab,Noise
train/noise/9e51a433201e1aa5_w19.png,9e51a433201e1aa5,19,Lab,Noise
train/noise/9e625908b01b31a3_w00.png,9e625908b01b31a3,0,Field,Noise
train/noise/9e625908b01b31a3_w04.png,9e625908b01b31a3,4,Field,Noise
train/noise/9e625908b01b31a3_w06.png,9e625908b01b31a3,6,Field,Noise
train/noise/9e625908b01b31a3_w07.png,9e625908b01b31a3,7,Field,Noise
train/noise/9e625908b01b31a3_w11.png,9e625908b01b31a3,11,Field,Noise
train/noise/9e625908b01b31a3_w17.png,9e625908b01b31a3,17,Field,Noise
train/noise/9e625908b01b31a3_w20.png,9e625908b01b31a3,20,Field,Noise
train/noise/9e625908b01b31a3_w22.png,9e625908b01b31a3,22,Field,Noise
train/noise/9eb4732b7c5aae40_w02.png,9eb4732b7c5aae40,2,Field,Noise
train/noise/9eb4732b7c5aae40_w04.png,9eb4732b7c5aae40,4,Field,Noise
train/noise/9eb4732b7c5aae40_w07.png,9eb4732b7c5aae40,7,Field,Noise
train/noise/9eb4732b7c5aae40_w12.png,9eb4732b7c5aae40,12,Field,Noise
train/noise/9eb4732b7c5aae40_w13.png,9eb4732b7c5aae40,13,Field,Noise
train/noise/9eb4732b7c5aae40_w16.png,9eb4732b7c5aae40,16,Field,Noise
train/noise/9eb4732b7c5aae40_w19.png,9eb4732b7c5aae40,19,Field,Noise
train/noise/9eb4732b7c5aae40_w24.png,9eb4732b7c5aae40,24,Field,Noise
train/noise/9ee1832c9f07de75_w00.png,9ee1832c9f07de75,0,Field,Noise
train/noise/9ee1832c9f07de75_w02.png,9ee1832c9f07de75,2,Field,Noise
train/noise/9ee1832c9f07de75_w06.png,9ee1832c9f07de75,6,Field,Noise
train/noise/9ee1832c9f07de75_w10.png,9ee1832c9f07de75,10,Field,Noise
train/noise/9ee1832c9f07de75_w14.png,9ee1832c9f07de75,14,Field,Noise
train/noise/9ee1832c9f07de75_w18.png,9ee1832c9f07de75,18,Field,Noise
train/noise/9ee1832c9f07de75_w19.png,9ee1832c9f07de75,19,Field,Noise
train/noise/9ee1832c9f07de75_w20.png,9ee1832c9f07de75,20,Field,Noise
train/noise/9f0451f21f1a8439_w04.png,9f0451f21f1a8439,4,Field,Noise
train/noise/9f0451f21f1a8439_w05.png,9f0451f21f1a8439,5,Field,Noise
train/noise/9f0451f21f1a8439_w14.png,9f0451f21f1a8439,14,Field,Noise
train/noise/9f0451f21f1a8439_w15.png,9f0451f21f1a8439,15,Field,Noise
train/noise/9f0451f21f1a8439_w19.png,9f0451f21f1a8439,19,Field,Noise
train/noise/9f0451f21f1a8439_w22.png,9f0451f21f1a8439,22,Field,Noise
train/noise/9f0451f21f1a8439_w25.png,9f0451f21f1a8439,25,Field,Noise
train/noise/9f0451f21f1a8439_w27.png,9f0451f21f1a8439,27,Field,Noise
train/noise/9f4c8a13dd0ce299_w04.png,9f4c8a13dd0ce299,4,Lab,Noise
train/noise/9f4c8a13dd0ce299_w06.png,9f4c8a13dd0ce299,6,Lab,Noise
train/noise/9f4c8a13dd0ce299_w08.png,9f4c8a13dd0ce299,8,Lab,Noise
train/noise/9f4c8a13dd0ce299_w13.png,9f4c8a13dd0ce299,13,Lab,Noise
train/noise/9f4c8a13dd0ce299_w14.png,9f4c8a13dd0ce299,14,Lab,Noise
train/noise/9f4c8a13dd0ce299_w15.png,9f4c8a13dd0ce299,15,Lab,Noise
train/noise/9f4c8a13dd0ce299_w18.png,9f4c8a13dd0ce299,18,Lab,Noise
train/noise/9f4c8a13dd0ce299_w24.png,9f4c8a13dd0ce299,24,Lab,Noise
train/noise/9fa70f9e5fb6706b_w08.png,9fa70f9e5fb6706b,8,Field,Noise
train/noise/9fa70f9e5fb6706b_w17.png,9fa70f9e5fb6706b,17,Field,Noise
train/noise/9fa70f9e5fb6706b_w18.png,9fa70f9e5fb6706b,18,Field,Noise
train/noise/9fa70f9e5fb6706b_w19.png,9fa70f9e5fb6706b,19,Field,Noise
train/noise/9fa70f9e5fb6706b_w21.png,9fa70f9e5fb6706b,21,Field,Noise
train/noise/9fa70f9e5fb6706b_w22.png,9fa70f9e5fb6706b,22,Field,Noise
train/noise/9fa70f9e5fb6706b_w26.png,9fa70f9e5fb6706b,26,Field,Noise
train/noise/9fa70f9e5fb6706b_w27.png,9fa70f9e5fb6706b,27,Field,Noise
train/noise/9fc25ab082f0531e_w00.png,9fc25ab082f0531e,0,Field,Noise
train/noise/9fc25ab082f0531e_w02.png,9fc25ab082f0531e,2,Field,Noise
train/noise/9fc25ab082f0531e_w03.png,9fc25ab082f0531e,3,Field,Noise
train/noise/9fc25ab082f0531e_w06.png,9fc25ab082f0531e,6,Field,Noise
train/noise/9fc25ab082f0531e_w09.png,9fc25ab082f0531e,9,Field,Noise
train/noise/9fc25ab082f0531e_w10.png,9fc25ab082f0531e,10,Field,Noise
train/noise/9fc25ab082f0531e_w12.png,9fc25ab082f0531e,12,Field,Noise
train/noise/9fc25ab082f0531e_w14.png,9fc25ab082f0531e,14,Field,Noise
train/noise/a0064deadcc46df3_w03.png,a0064deadcc46df3,3,Field,Noise
train/noise/a0064deadcc46df3_w06.png,a0064deadcc46df3,6,Field,Noise
train/noise/a0064deadcc46df3_w07.png,a0064deadcc46df3,7,Field,Noise
train/noise/a0064deadcc46df3_w11.png,a0064deadcc46df3,11,Field,Noise
train/noise/a0064deadcc46df3_w21.png,a0064deadcc46df3,21,Field,Noise
train/noise/a0064deadcc46df3_w22.png,a0064deadcc46df3,22,Field,Noise
train/noise/a0064deadcc46df3_w23.png,a0064deadcc46df3,23,Field,Noise
train/noise/a0064deadcc46df3_w26.png,a0064deadcc46df3,26,Field,Noise
train/noise/a09a9caee8e02e0f_w00.png,a09a9caee8e02e0f,0,Lab,Noise
train/noise/a09a9caee8e02e0f_w03.png,a09a9caee8e02e0f,3,Lab,Noise
train/noise/a09a9caee8e02e0f_w05.png,a09a9caee8e02e0f,5,Lab,Noise
train/noise/a09a9caee8e02e0f_w09.png,a09a9caee8e02e0f,9,Lab,Noise
train/noise/a09a9caee8e02e0f_w14.png,a09a9caee8e02e0f,14,Lab,Noise
train/noise/a09a9caee8e02e0f_w16.png,a09a9caee8e02e0f,16,Lab,Noise
train/noise/a09a9caee8e02e0f_w18.png,a09a9caee8e02e0f,18,Lab,Noise
train/noise/a09a9caee8e02e0f_w19.png,a09a9caee8e02e0f,19,Lab,Noise
train/noise/a1967c91c314aac1_w03.png,a1967c91c314aac1,3,Field,Noise
train/noise/a1967c91c314aac1_w06.png,a1967c91c314aac1,6,Field,Noise
train/noise/a1967c91c314aac1_w10.png,a1967c91c314aac1,10,Field,Noise
train/noise/a1967c91c314aac1_w11.png,a1967c91c314aac1,11,Field,Noise
train/noise/a1967c91c314aac1_w12.png,a1967c91c314aac1,12,Field,Noise
train/noise/a1967c91c314aac1_w13.png,a1967c91c314aac1,13,Field,Noise
train/noise/a1967c91c314aac1_w16.png,a1967c91c314aac1,16,Field,Noise
train/noise/a1967c91c314aac1_w25.png,a1967c91c314aac1,25,Field,Noise
train/noise/a1b56d2971b8579f_w00.png,a1b56d2971b8579f,0,Field,Noise
train/noise/a1b56d2971b8579f_w04.png,a1b56d2971b8579f,4,Field,Noise
train/noise/a1b56d2971b8579f_w07.png,a1b56d2971b8579f,7,Field,Noise
train/noise/a1b56d2971b8579f_w11.png,a1b56d2971b8579f,11,Field,Noise
train/noise/a1b56d2971b8579f_w19.png,a1b56d2971b8579f,19,Field,Noise
train/noise/a1b56d2971b8579f_w22.png,a1b56d2971b8579f,22,Field,Noise
train/noise/a1b56d2971b8579f_w25.png,a1b56d2971b8579f,25,Field,Noise
train/noise/a1b56d2971b8579f_w26.png,a1b56d2971b8579f,26,Field,Noise
train/noise/a1d69ec70bcd9b29_w00.png,a1d69ec70bcd9b29,0,Field,Noise
train/noise/a1d69ec70bcd9b29_w02.png,a1d69ec70bcd9b29,2,Field,Noise
train/noise/a1d69ec70bcd9b29_w03.png,a1d69ec70bcd9b29,3,Field,Noise
train/noise/a1d69ec70bcd9b29_w11.png,a1d69ec70bcd9b29,11,Field,Noise
train/noise/a1d69ec70bcd9b29_w14.png,a1d69ec70bcd9b29,14,Field,Noise
train/noise/a1d69ec70bcd9b29_w17.png,a1d69ec70bcd9b29,17,Field,Noise
train/noise/a1d69ec70bcd9b29_w24.png,a1d69ec70bcd9b29,24,Field,Noise
train/noise/a1d69ec70bcd9b29_w25.png,a1d69ec70bcd9b29,25,Field,Noise
train/noise/a25998cd0dbd6aaa_w01.png,a25998cd0dbd6aaa,1,Field,Noise
train/noise/a25998cd0dbd6aaa_w03.png,a25998cd0dbd6aaa,3,Field,Noise
train/noise/a25998cd0dbd6aaa_w07.png,a25998cd0dbd6aaa,7,Field,Noise
train/noise/a25998cd0dbd6aaa_w12.png,a25998cd0dbd6aaa,12,Field,Noise
train/noise/a25998cd0dbd6aaa_w14.png,a25998cd0dbd6aaa,14,Field,Noise
train/noise/a25998cd0dbd6aaa_w15.png,a25998cd0dbd6aaa,15,Field,Noise
train/noise/a25998cd0dbd6aaa_w23.png,a25998cd0dbd6aaa,23,Field,Noise
train/noise/a25998cd0dbd6aaa_w25.png,a25998cd0dbd6aaa,25,Field,Noise
train/noise/a2a723eb5a18b5ce_w06.png,a2a723eb5a18b5ce,6,Field,Noise
train/noise/a2a723eb5a18b5ce_w07.png,a2a723eb5a18b5ce,7,Field,Noise
train/noise/a2a723eb5a18b5ce_w09.png,a2a723eb5a18b5ce,9,Field,Noise
train/noise/a2a723eb5a18b5ce_w15.png,a2a723eb5a18b5ce,15,Field,Noise
train/noise/a2a723eb5a18b5ce_w18.png,a2a723eb5a18b5ce,18,Field,Noise
train/noise/a2a723eb5a18b5ce_w19.png,a2a723eb5a18b5ce,19,Field,Noise
train/noise/a2a723eb5a18b5ce_w22.png,a2a723eb5a18b5ce,22,Field,Noise
train/noise/a2a723eb5a18b5ce_w26.png,a2a723eb5a18b5ce,26,Field,Noise
train/noise/a2a8ca443d6c0b0d_w01.png,a2a8ca443d6c0b0d,1,Field,Noise
train/noise/a2a8ca443d6c0b0d_w08.png,a2a8ca443d6c0b0d,8,Field,Noise
train/noise/a2a8ca443d6c0b0d_w11.png,a2a8ca443d6c0b0d,11,Field,Noise
train/noise/a2a8ca443d6c0b0d_w16.png,a2a8ca443d6c0b0d,16,Field,Noise
train/noise/a2a8ca443d6c0b0d_w19.png,a2a8ca443d6c0b0d,19,Field,Noise
train/noise/a2a8ca443d6c0b0d_w24.png,a2a8ca443d6c0b0d,24,Field,Noise
train/noise/a2a8ca443d6c0b0d_w26.png,a2a8ca443d6c0b0d,26,Field,Noise
train/noise/a2a8ca443d6c0b0d_w27.png,a2a8ca443d6c0b0d,27,Field,Noise
train/noise/a301e3fc7b9f027c_w02.png,a301e3fc7b9f027c,2,Field,Noise
train/noise/a301e3fc7b9f027c_w03.png,a301e3fc7b9f027c,3,Field,Noise
train/noise/a301e3fc7b9f027c_w04.png,a301e3fc7b9f027c,4,Field,Noise
train/noise/a301e3fc7b9f027c_w05.png,a301e3fc7b9f027c,5,Field,Noise
train/noise/a301e3fc7b9f027c_w13.png,a301e3fc7b9f027c,13,Field,Noise
train/noise/a301e3fc7b9f027c_w15.png,a301e3fc7b9f027c,15,Field,Noise
train/noise/a301e3fc7b9f027c_w19.png,a301e3fc7b9f027c,19,Field,Noise
train/noise/a301e3fc7b9f027c_w23.png,a301e3fc7b9f027c,23,Field,Noise
train/noise/a30205fdc9fc9c30_w01.png,a30205fdc9fc9c30,1,Field,Noise
train/noise/a30205fdc9fc9c30_w13.png,a30205fdc9fc9c30,13,Field,Noise
train/noise/a30205fdc9fc9c30_w14.png,a30205fdc9fc9c30,14,Field,Noise
train/noise/a30205fdc9fc9c30_w17.png,a30205fdc9fc9c30,17,Field,Noise
train/noise/a30205fdc9fc9c30_w22.png,a30205fdc9fc9c30,22,Field,Noise
train/noise/a30205fdc9fc9c30_w24.png,a30205fdc9fc9c30,24,Field,Noise
train/noise/a30205fdc9fc9c30_w25.png,a30205fdc9fc9c30,25,Field,Noise
train/noise/a30205fdc9fc9c30_w26.png,a30205fdc9fc9c30,26,Field,Noise
train/noise/a31ee1c962302fa0_w00.png,a31ee1c962302fa0,0,Field,Noise
train/noise/a31ee1c962302fa0_w01.png,a31ee1c962302fa0,1,Field,Noise
train/noise/a31ee1c962302fa0_w04.png,a31ee1c962302fa0,4,Field,Noise
train/noise/a31ee1c962302fa0_w06.png,a31ee1c962302fa0,6,Field,Noise
train/noise/a31ee1c962302fa0_w07.png,a31ee1c962302fa0,7,Field,Noise
train/noise/a31ee1c962302fa0_w10.png,a31ee1c962302fa0,10,Field,Noise
train/noise/a31ee1c962302fa0_w19.png,a31ee1c962302fa0,19,Field,Noise
train/noise/a31ee1c962302fa0_w20.png,a31ee1c962302fa0,20,Field,Noise
train/noise/a42338527a3ea057_w00.png,a42338527a3ea057,0,Field,Noise
train/noise/a42338527a3ea057_w02.png,a42338527a3ea057,2,Field,Noise
train/noise/a42338527a3ea057_w03.png,a42338527a3ea057,3,Field,Noise
train/noise/a42338527a3ea057_w09.png,a42338527a3ea057,9,Field,Noise
train/noise/a42338527a3ea057_w12.png,a42338527a3ea057,12,Field,Noise
train/noise/a42338527a3ea057_w16.png,a42338527a3ea057,16,Field,Noise
train/noise/a42338527a3ea057_w18.png,a42338527a3ea057,18,Field,Noise
train/noise/a42338527a3ea057_w21.png,a42338527a3ea057,21,Field,Noise
train/noise/a43e57f140404a09_w04.png,a43e57f140404a09,4,Field,Noise
train/noise/a43e57f140404a09_w09.png,a43e57f140404a09,9,Field,Noise
train/noise/a43e57f140404a09_w10.png,a43e57f140404a09,10,Field,Noise
train/noise/a43e57f140404a09_w11.png,a43e57f140404a09,11,Field,Noise
train/noise/a43e57f140404a09_w15.png,a43e57f140404a09,15,Field,Noise
train/noise/a43e57f140404a09_w16.png,a43e57f140404a09,16,Field,Noise
train/noise/a43e57f140404a09_w19.png,a43e57f140404a09,19,Field,Noise
train/noise/a43e57f140404a09_w27.png,a43e57f140404a09,27,Field,Noise
train/noise/a474b6277be44090_w03.png,a474b6277be44090,3,Field,Noise
train/noise/a474b6277be44090_w04.png,a474b6277be44090,4,Field,Noise
train/noise/a474b6277be44090_w05.png,a474b6277be44090,5,Field,Noise
train/noise/a474b6277be44090_w14.png,a474b6277be44090,14,Field,Noise
train/noise/a474b6277be44090_w18.png,a474b6277be44090,18,Field,Noise
train/noise/a474b6277be44090_w22.png,a474b6277be44090,22,Field,Noise
train/noise/a474b6277be44090_w26.png,a474b6277be44090,26,Field,Noise
train/noise/a474b6277be44090_w27.png,a474b6277be44090,27,Field,Noise
train/noise/a500b1b72fc9c06a_w00.png,a500b1b72fc9c06a,0,Field,Noise
train/noise/a500b1b72fc9c06a_w04.png,a500b1b72fc9c06a,4,Field,Noise
train/noise/a500b1b72fc9c06a_w08.png,a500b1b72fc9c06a,8,Field,Noise
train/noise/a500b1b72fc9c06a_w12.png,a500b1b72fc9c06a,12,Field,Noise
train/noise/a500b1b72fc9c06a_w14.png,a500b1b72fc9c06a,14,Field,Noise
train/noise/a500b1b72fc9c06a_w17.png,a500b1b72fc9c06a,17,Field,Noise
train/noise/a500b1b72fc9c06a_w22.png,a500b1b72fc9c06a,22,Field,Noise
train/noise/a500b1b72fc9c06a_w27.png,a500b1b72fc9c06a,27,Field,Noise
train/noise/a544434e650e1055_w00.png,a544434e650e1055,0,Field,Noise
train/noise/a544434e650e1055_w03.png,a544434e650e1055,3,Field,Noise
train/noise/a544434e650e1055_w04.png,a544434e650e1055,4,Field,Noise
train/noise/a544434e650e1055_w09.png,a544434e650e1055,9,Field,Noise
train/noise/a544434e650e1055_w10.png,a544434e650e1055,10,Field,Noise
train/noise/a544434e650e1055_w12.png,a544434e650e1055,12,Field,Noise
train/noise/a544434e650e1055_w25.png,a544434e650e1055,25,Field,Noise
train/noise/a544434e650e1055_w26.png,a544434e650e1055,26,Field,Noise
train/noise/a5740bc7e1121abc_w00.png,a5740bc7e1121abc,0,Field,Noise
train/noise/a5740bc7e1121abc_w02.png,a5740bc7e1121abc,2,Field,Noise
train/noise/a5740bc7e1121abc_w03.png,a5740bc7e1121abc,3,Field,Noise
train/noise/a5740bc7e1121abc_w07.png,a5740bc7e1121abc,7,Field,Noise
train/noise/a5740bc7e1121abc_w13.png,a5740bc7e1121abc,13,Field,Noise
train/noise/a5740bc7e1121abc_w14.png,a5740bc7e1121abc,14,Field,Noise
train/noise/a5740bc7e1121abc_w17.png,a5740bc7e1121abc,17,Field,Noise
train/noise/a5740bc7e1121abc_w24.png,a5740bc7e1121abc,24,Field,Noise
train/noise/a586e512e869d022_w05.png,a586e512e869d022,5,Field,Noise
train/noise/a586e512e869d022_w06.png,a586e512e869d022,6,Field,Noise
train/noise/a586e512e869d022_w09.png,a586e512e869d022,9,Field,Noise
train/noise/a586e512e869d022_w10.png,a586e512e869d022,10,Field,Noise
train/noise/a586e512e869d022_w11.png,a586e512e869d022,11,Field,Noise
train/noise/a586e512e869d022_w16.png,a586e512e869d022,16,Field,Noise
train/noise/a586e512e869d022_w17.png,a586e512e869d022,17,Field,Noise
train/noise/a586e512e869d022_w24.png,a586e512e869d022,24,Field,Noise
train/noise/a5963026bb601f29_w00.png,a5963026bb601f29,0,Field,Noise
train/noise/a5963026bb601f29_w06.png,a5963026bb601f29,6,Field,Noise
train/noise/a5963026bb601f29_w14.png,a5963026bb601f29,14,Field,Noise
train/noise/a5963026bb601f29_w19.png,a5963026bb601f29,19,Field,Noise
train/noise/a5963026bb601f29_w20.png,a5963026bb601f29,20,Field,Noise
train/noise/a5963026bb601f29_w21.png,a5963026bb601f29,21,Field,Noise
train/noise/a5963026bb601f29_w22.png,a5963026bb601f29,22,Field,Noise
train/noise/a5963026bb601f29_w24.png,a5963026bb601f29,24,Field,Noise
train/noise/a6887fb82634a7e7_w02.png,a6887fb82634a7e7,2,Field,Noise
train/noise/a6887fb82634a7e7_w06.png,a6887fb82634a7e7,6,Field,Noise
train/noise/a6887fb82634a7e7_w07.png,a6887fb82634a7e7,7,Field,Noise
train/noise/a6887fb82634a7e7_w17.png,a6887fb82634a7e7,17,Field,Noise
train/noise/a6887fb82634a7e7_w18.png,a6887fb82634a7e7,18,Field,Noise
train/noise/a6887fb82634a7e7_w21.png,a6887fb82634a7e7,21,Field,Noise
train/noise/a6887fb82634a7e7_w24.png,a6887fb82634a7e7,24,Field,Noise
train/noise/a6887fb82634a7e7_w26.png,a6887fb82634a7e7,26,Field,Noise
train/noise/a6bc42f816a9e477_w04.png,a6bc42f816a9e477,4,Field,Noise
train/noise/a6bc42f816a9e477_w14.png,a6bc42f816a9e477,14,Field,Noise
train/noise/a6bc42f816a9e477_w18.png,a6bc42f816a9e477,18,Field,Noise
train/noise/a6bc42f816a9e477_w19.png,a6bc42f816a9e477,19,Field,Noise
train/noise/a6bc42f816a9e477_w21.png,a6bc42f816a9e477,21,Field,Noise
train/noise/a6bc42f816a9e477_w22.png,a6bc42f816a9e477,22,Field,Noise
train/noise/a6bc42f816a9e477_w23.png,a6bc42f816a9e477,23,Field,Noise
train/noise/a6bc42f816a9e477_w27.png,a6bc42f816a9e477,27,Field,Noise
train/noise/a6e8068ec81578bd_w06.png,a6e8068ec81578bd,6,Field,Noise
train/noise/a6e8068ec81578bd_w09.png,a6e8068ec81578bd,9,Field,Noise
train/noise/a6e8068ec81578bd_w11.png,a6e8068ec81578bd,11,Field,Noise
train/noise/a6e8068ec81578bd_w13.png,a6e8068ec81578bd,13,Field,Noise
train/noise/a6e8068ec81578bd_w20.png,a6e8068ec81578bd,20,Field,Noise
train/noise/a6e8068ec81578bd_w22.png,a6e8068ec81578bd,22,Field,Noise
train/noise/a6e8068ec81578bd_w24.png,a6e8068ec81578bd,24,Field,Noise
train/noise/a6e8068ec81578bd_w27.png,a6e8068ec81578bd,27,Field,Noise
train/noise/a6f32982e6f94d39_w00.png,a6f32982e6f94d39,0,Lab,Noise
train/noise/a6f32982e6f94d39_w01.png,a6f32982e6f94d39,1,Lab,Noise
train/noise/a6f32982e6f94d39_w03.png,a6f32982e6f94d39,3,Lab,Noise
train/noise/a6f32982e6f94d39_w08.png,a6f32982e6f94d39,8,Lab,Noise
train/noise/a6f32982e6f94d39_w11.png,a6f32982e6f94d39,11,Lab,Noise
train/noise/a6f32982e6f94d39_w21.png,a6f32982e6f94d39,21,Lab,Noise
train/noise/a6f32982e6f94d39_w22.png,a6f32982e6f94d39,22,Lab,Noise
train/noise/a6f32982e6f94d39_w25.png,a6f32982e6f94d39,25,Lab,Noise
train/noise/a77e747fec2ae371_w00.png,a77e747fec2ae371,0,Field,Noise
train/noise/a77e747fec2ae371_w06.png,a77e747fec2ae371,6,Field,Noise
train/noise/a77e747fec2ae371_w07.png,a77e747fec2ae371,7,Field,Noise
train/noise/a77e747fec2ae371_w09.png,a77e747fec2ae371,9,Field,Noise
train/noise/a77e747fec2ae371_w12.png,a77e747fec2ae371,12,Field,Noise
train/noise/a77e747fec2ae371_w13.png,a77e747fec2ae371,13,Field,Noise
train/noise/a77e747fec2ae371_w17.png,a77e747fec2ae371,17,Field,Noise
train/noise/a77e747fec2ae371_w24.png,a77e747fec2ae371,24,Field,Noise
train/noise/a7c5c51db99f2099_w07.png,a7c5c51db99f2099,7,Lab,Noise
train/noise/a7c5c51db99f2099_w08.png,a7c5c51db99f2099,8,Lab,Noise
train/noise/a7c5c51db99f2099_w10.png,a7c5c51db99f2099,10,Lab,Noise
train/noise/a7c5c51db99f2099_w12.png,a7c5c51db99f2099,12,Lab,Noise
train/noise/a7c5c51db99f2099_w15.png,a7c5c51db99f2099,15,Lab,Noise
train/noise/a7c5c51db99f2099_w18.png,a7c5c51db99f2099,18,Lab,Noise
train/noise/a7c5c51db99f2099_w24.png,a7c5c51db99f2099,24,Lab,Noise
train/noise/a7c5c51db99f2099_w27.png,a7c5c51db99f2099,27,Lab,Noise
train/noise/a7f91ed25267b2eb_w01.png,a7f91ed25267b2eb,1,Field,Noise
train/noise/a7f91ed25267b2eb_w05.png,a7f91ed25267b2eb,5,Field,Noise
train/noise/a7f91ed25267b2eb_w06.png,a7f91ed25267b2eb,6,Field,Noise
train/noise/a7f91ed25267b2eb_w08.png,a7f91ed25267b2eb,8,Field,Noise
train/noise/a7f91ed25267b2eb_w12.png,a7f91ed25267b2eb,12,Field,Noise
train/noise/a7f91ed25267b2eb_w13.png,a7f91ed25267b2eb,13,Field,Noise
train/noise/a7f91ed25267b2eb_w15.png,a7f91ed25267b2eb,15,Field,Noise
train/noise/a7f91ed25267b2eb_w27.png,a7f91ed25267b2eb,27,Field,Noise
train/noise/a868615849e27b9a_w00.png,a868615849e27b9a,0,Field,Noise
train/noise/a868615849e27b9a_w09.png,a868615849e27b9a,9,Field,Noise
train/noise/a868615849e27b9a_w16.png,a868615849e27b9a,16,Field,Noise
train/noise/a868615849e27b9a_w18.png,a868615849e27b9a,18,Field,Noise
train/noise/a868615849e27b9a_w19.png,a868615849e27b9a,19,Field,Noise
train/noise/a868615849e27b9a_w21.png,a868615849e27b9a,21,Field,Noise
train/noise/a868615849e27b9a_w22.png,a868615849e27b9a,22,Field,Noise
train/noise/a868615849e27b9a_w27.png,a868615849e27b9a,27,Field,Noise
train/noise/a8c11c5cc144b945_w02.png,a8c11c5cc144b945,2,Field,Noise
train/noise/a8c11c5cc144b945_w06.png,a8c11c5cc144b945,6,Field,Noise
train/noise/a8c11c5cc144b945_w13.png,a8c11c5cc144b945,13,Field,Noise
train/noise/a8c11c5cc144b945_w14.png,a8c11c5cc144b945,14,Field,Noise
train/noise/a8c11c5cc144b945_w18.png,a8c11c5cc144b945,18,Field,Noise
train/noise/a8c11c5cc144b945_w23.png,a8c11c5cc144b945,23,Field,Noise
train/noise/a8c11c5cc144b945_w25.png,a8c11c5cc144b945,25,Field,Noise
train/noise/a8c11c5cc144b945_w26.png,a8c11c5cc144b945,26,Field,Noise
train/noise/a9f341076d2c6ac6_w00.png,a9f341076d2c6ac6,0,Field,Noise
train/noise/a9f341076d2c6ac6_w01.png,a9f341076d2c6ac6,1,Field,Noise
train/noise/a9f341076d2c6ac6_w02.png,a9f341076d2c6ac6,2,Field,Noise
train/noise/a9f341076d2c6ac6_w03.png,a9f341076d2c6ac6,3,Field,Noise
train/noise/a9f341076d2c6ac6_w07.png,a9f341076d2c6ac6,7,Field,Noise
train/noise/a9f341076d2c6ac6_w13.png,a9f341076d2c6ac6,13,Field,Noise
train/noise/a9f341076d2c6ac6_w15.png,a9f341076d2c6ac6,15,Field,Noise
train/noise/a9f341076d2c6ac6_w27.png,a9f341076d2c6ac6,27,Field,Noise
train/noise/aa2901679f7d0a2e_w00.png,aa2901679f7d0a2e,0,Field,Noise
train/noise/aa2901679f7d0a2e_w03.png,aa2901679f7d0a2e,3,Field,Noise
train/noise/aa2901679f7d0a2e_w11.png,aa2901679f7d0a2e,11,Field,Noise
train/noise/aa2901679f7d0a2e_w14.png,aa2901679f7d0a2e,14,Field,Noise
train/noise/aa2901679f7d0a2e_w17.png,aa2901679f7d0a2e,17,Field,Noise
train/noise/aa2901679f7d0a2e_w20.png,aa2901679f7d0a2e,20,Field,Noise
train/noise/aa2901679f7d0a2e_w25.png,aa2901679f7d0a2e,25,Field,Noise
train/noise/aa2901679f7d0a2e_w27.png,aa2901679f7d0a2e,27,Field,Noise
train/noise/aa57b8962804342e_w00.png,aa57b8962804342e,0,Field,Noise
train/noise/aa57b8962804342e_w01.png,aa57b8962804342e,1,Field,Noise
train/noise/aa57b8962804342e_w04.png,aa57b8962804342e,4,Field,Noise
train/noise/aa57b8962804342e_w07.png,aa57b8962804342e,7,Field,Noise
train/noise/aa57b8962804342e_w08.png,aa57b8962804342e,8,Field,Noise
train/noise/aa57b8962804342e_w18.png,aa57b8962804342e,18,Field,Noise
train/noise/aa57b8962804342e_w23.png,aa57b8962804342e,23,Field,Noise
train/noise/aa57b8962804342e_w24.png,aa57b8962804342e,24,Field,Noise
train/noise/aa8a17b7ee06d915_w06.png,aa8a17b7ee06d915,6,Field,Noise
train/noise/aa8a17b7ee06d915_w07.png,aa8a17b7ee06d915,7,Field,Noise
train/noise/aa8a17b7ee06d915_w16.png,aa8a17b7ee06d915,16,Field,Noise
train/noise/aa8a17b7ee06d915_w20.png,aa8a17b7ee06d915,20,Field,Noise
train/noise/aa8a17b7ee06d915_w22.png,aa8a17b7ee06d915,22,Field,Noise
train/noise/aa8a17b7ee06d915_w25.png,aa8a17b7ee06d915,25,Field,Noise
train/noise/aa8a17b7ee06d915_w26.png,aa8a17b7ee06d915,26,Field,Noise
train/noise/aa8a17b7ee06d915_w27.png,aa8a17b7ee06d915,27,Field,Noise
train/noise/aa90f9c47727a037_w00.png,aa90f9c47727a037,0,Field,Noise
train/noise/aa90f9c47727a037_w03.png,aa90f9c47727a037,3,Field,Noise
train/noise/aa90f9c47727a037_w09.png,aa90f9c47727a037,9,Field,Noise
train/noise/aa90f9c47727a037_w11.png,aa90f9c47727a037,11,Field,Noise
train/noise/aa90f9c47727a037_w12.png,aa90f9c47727a037,12,Field,Noise
train/noise/aa90f9c47727a037_w19.png,aa90f9c47727a037,19,Field,Noise
train/noise/aa90f9c47727a037_w23.png,aa90f9c47727a037,23,Field,Noise
train/noise/aa90f9c47727a037_w27.png,aa90f9c47727a037,27,Field,Noise
train/noise/aa96d41315dd9b7d_w05.png,aa96d41315dd9b7d,5,Field,Noise
train/noise/aa96d41315dd9b7d_w10.png,aa96d41315dd9b7d,10,Field,Noise
train/noise/aa96d41315dd9b7d_w12.png,aa96d41315dd9b7d,12,Field,Noise
train/noise/aa96d41315dd9b7d_w15.png,aa96d41315dd9b7d,15,Field,Noise
train/noise/aa96d41315dd9b7d_w18.png,aa96d41315dd9b7d,18,Field,Noise
train/noise/aa96d41315dd9b7d_w19.png,aa96d41315dd9b7d,19,Field,Noise
train/noise/aa96d41315dd9b7d_w21.png,aa96d41315dd9b7d,21,Field,Noise
train/noise/aa96d41315dd9b7d_w22.png,aa96d41315dd9b7d,22,Field,Noise
train/noise/aadfcbbb4839d8a1_w01.png,aadfcbbb4839d8a1,1,Field,Noise
train/noise/aadfcbbb4839d8a1_w03.png,aadfcbbb4839d8a1,3,Field,Noise
train/noise/aadfcbbb4839d8a1_w05.png,aadfcbbb4839d8a1,5,Field,Noise
train/noise/aadfcbbb4839d8a1_w09.png,aadfcbbb4839d8a1,9,Field,Noise
train/noise/aadfcbbb4839d8a1_w14.png,aadfcbbb4839d8a1,14,Field,Noise
train/noise/aadfcbbb4839d8a1_w19.png,aadfcbbb4839d8a1,19,Field,Noise
train/noise/aadfcbbb4839d8a1_w20.png,aadfcbbb4839d8a1,20,Field,Noise
train/noise/aadfcbbb4839d8a1_w24.png,aadfcbbb4839d8a1,24,Field,Noise
train/noise/aaeeea5b3b5e492d_w00.png,aaeeea5b3b5e492d,0,Field,Noise
train/noise/aaeeea5b3b5e492d_w02.png,aaeeea5b3b5e492d,2,Field,Noise
train/noise/aaeeea5b3b5e492d_w03.png,aaeeea5b3b5e492d,3,Field,Noise
train/noise/aaeeea5b3b5e492d_w08.png,aaeeea5b3b5e492d,8,Field,Noise
train/noise/aaeeea5b3b5e492d_w12.png,aaeeea5b3b5e492d,12,Field,Noise
train/noise/aaeeea5b3b5e492d_w19.png,aaeeea5b3b5e492d,19,Field,Noise
train/noise/aaeeea5b3b5e492d_w23.png,aaeeea5b3b5e492d,23,Field,Noise
train/noise/aaeeea5b3b5e492d_w25.png,aaeeea5b3b5e492d,25,Field,Noise
train/noise/ab0aea8bf3a566b4_w00.png,ab0aea8bf3a566b4,0,Field,Noise
train/noise/ab0aea8bf3a566b4_w01.png,ab0aea8bf3a566b4,1,Field,Noise
train/noise/ab0aea8bf3a566b4_w04.png,ab0aea8bf3a566b4,4,Field,Noise
train/noise/ab0aea8bf3a566b4_w05.png,ab0aea8bf3a566b4,5,Field,Noise
train/noise/ab0aea8bf3a566b4_w07.png,ab0aea8bf3a566b4,7,Field,Noise
train/noise/ab0aea8bf3a566b4_w08.png,ab0aea8bf3a566b4,8,Field,Noise
train/noise/ab0aea8bf3a566b4_w10.png,ab0aea8bf3a566b4,10,Field,Noise
train/noise/ab0aea8bf3a566b4_w21.png,ab0aea8bf3a566b4,21,Field,Noise
train/noise/ab26fa8ec1eea766_w05.png,ab26fa8ec1eea766,5,Lab,Noise
train/noise/ab26fa8ec1eea766_w07.png,ab26fa8ec1eea766,7,Lab,Noise
train/noise/ab26fa8ec1eea766_w09.png,ab26fa8ec1eea766,9,Lab,Noise
train/noise/ab26fa8ec1eea766_w13.png,ab26fa8ec1eea766,13,Lab,Noise
train/noise/ab26fa8ec1eea766_w17.png,ab26fa8ec1eea766,17,Lab,Noise
train/noise/ab26fa8ec1eea766_w21.png,ab26fa8ec1eea766,21,Lab,Noise
train/noise/ab26fa8ec1eea766_w24.png,ab26fa8ec1eea766,24,Lab,Noise
train/noise/ab26fa8ec1eea766_w27.png,ab26fa8ec1eea766,27,Lab,Noise
train/noise/ab352e3a7a2c37c8_w01.png,ab352e3a7a2c37c8,1,Lab,Noise
train/noise/ab352e3a7a2c37c8_w07.png,ab352e3a7a2c37c8,7,Lab,Noise
train/noise/ab352e3a7a2c37c8_w09.png,ab352e3a7a2c37c8,9,Lab,Noise
train/noise/ab352e3a7a2c37c8_w15.png,ab352e3a7a2c37c8,15,Lab,Noise
train/noise/ab352e3a7a2c37c8_w17.png,ab352e3a7a2c37c8,17,Lab,Noise
train/noise/ab352e3a7a2c37c8_w20.png,ab352e3a7a2c37c8,20,Lab,Noise
train/noise/ab352e3a7a2c37c8_w24.png,ab352e3a7a2c37c8,24,Lab,Noise
train/noise/ab352e3a7a2c37c8_w26.png,ab352e3a7a2c37c8,26,Lab,Noise
train/noise/ac0f02930b8e5a1f_w01.png,ac0f02930b8e5a1f,1,Field,Noise
train/noise/ac0f02930b8e5a1f_w07.png,ac0f02930b8e5a1f,7,Field,Noise
train/noise/ac0f02930b8e5a1f_w09.png,ac0f02930b8e5a1f,9,Field,Noise
train/noise/ac0f02930b8e5a1f_w10.png,ac0f02930b8e5a1f,10,Field,Noise
train/noise/ac0f02930b8e5a1f_w11.png,ac0f02930b8e5a1f,11,Field,Noise
train/noise/ac0f02930b8e5a1f_w14.png,ac0f02930b8e5a1f,14,Field,Noise
train/noise/ac0f02930b8e5a1f_w21.png,ac0f02930b8e5a1f,21,Field,Noise
train/noise/ac0f02930b8e5a1f_w22.png,ac0f02930b8e5a1f,22,Field,Noise
train/noise/ac57572c83494398_w03.png,ac57572c83494398,3,Field,Noise
train/noise/ac57572c83494398_w10.png,ac57572c83494398,10,Field,Noise
train/noise/ac57572c83494398_w16.png,ac57572c83494398,16,Field,Noise
train/noise/ac57572c83494398_w18.png,ac57572c83494398,18,Field,Noise
train/noise/ac57572c83494398_w21.png,ac57572c83494398,21,Field,Noise
train/noise/ac57572c83494398_w22.png,ac57572c83494398,22,Field,Noise
train/noise/ac57572c83494398_w25.png,ac57572c83494398,25,Field,Noise
train/noise/ac57572c83494398_w27.png,ac57572c83494398,27,Field,Noise
train/noise/ad755f5380a294af_w03.png,ad755f5380a294af,3,Field,Noise
train/noise/ad755f5380a294af_w05.png,ad755f5380a294af,5,Field,Noise
train/noise/ad755f5380a294af_w11.png,ad755f5380a294af,11,Field,Noise
train/noise/ad755f5380a294af_w18.png,ad755f5380a294af,18,Field,Noise
train/noise/ad755f5380a294af_w20.png,ad755f5380a294af,20,Field,Noise
train/noise/ad755f5380a294af_w21.png,ad755f5380a294af,21,Field,Noise
train/noise/ad755f5380a294af_w22.png,ad755f5380a294af,22,Field,Noise
train/noise/ad755f5380a294af_w27.png,ad755f5380a294af,27,Field,Noise
train/noise/ae129c31b1c0832a_w04.png,ae129c31b1c0832a,4,Field,Noise
train/noise/ae129c31b1c0832a_w06.png,ae129c31b1c0832a,6,Field,Noise
train/noise/ae129c31b1c0832a_w07.png,ae129c31b1c0832a,7,Field,Noise
train/noise/ae129c31b1c0832a_w08.png,ae129c31b1c0832a,8,Field,Noise
train/noise/ae129c31b1c0832a_w11.png,ae129c31b1c0832a,11,Field,Noise
train/noise/ae129c31b1c0832a_w13.png,ae129c31b1c0832a,13,Field,Noise
train/noise/ae129c31b1c0832a_w14.png,ae129c31b1c0832a,14,Field,Noise
train/noise/ae129c31b1c0832a_w22.png,ae129c31b1c0832a,22,Field,Noise
train/noise/ae35ebc2b1de3648_w02.png,ae35ebc2b1de3648,2,Field,Noise
train/noise/ae35ebc2b1de3648_w04.png,ae35ebc2b1de3648,4,Field,Noise
train/noise/ae35ebc2b1de3648_w08.png,ae35ebc2b1de3648,8,Field,Noise
train/noise/ae35ebc2b1de3648_w10.png,ae35ebc2b1de3648,10,Field,Noise
train/noise/ae35ebc2b1de3648_w11.png,ae35ebc2b1de3648,11,Field,Noise
train/noise/ae35ebc2b1de3648_w16.png,ae35ebc2b1de3648,16,Field,Noise
train/noise/ae35ebc2b1de3648_w19.png,ae35ebc2b1de3648,19,Field,Noise
train/noise/ae35ebc2b1de3648_w21.png,ae35ebc2b1de3648,21,Field,Noise
train/noise/aedd2974c89027c7_w01.png,aedd2974c89027c7,1,Field,Noise
train/noise/aedd2974c89027c7_w06.png,aedd2974c89027c7,6,Field,Noise
train/noise/aedd2974c89027c7_w08.png,aedd2974c89027c7,8,Field,Noise
train/noise/aedd2974c89027c7_w12.png,aedd2974c89027c7,12,Field,Noise
train/noise/aedd2974c89027c7_w14.png,aedd2974c89027c7,14,Field,Noise
train/noise/aedd2974c89027c7_w16.png,aedd2974c89027c7,16,Field,Noise
train/noise/aedd2974c89027c7_w22.png,aedd2974c89027c7,22,Field,Noise
train/noise/aedd2974c89027c7_w27.png,aedd2974c89027c7,27,Field,Noise
train/noise/afb6ba96f98f00a0_w01.png,afb6ba96f98f00a0,1,Field,Noise
train/noise/afb6ba96f98f00a0_w07.png,afb6ba96f98f00a0,7,Field,Noise
train/noise/afb6ba96f98f00a0_w09.png,afb6ba96f98f00a0,9,Field,Noise
train/noise/afb6ba96f98f00a0_w13.png,afb6ba96f98f00a0,13,Field,Noise
train/noise/afb6ba96f98f00a0_w19.png,afb6ba96f98f00a0,19,Field,Noise
train/noise/afb6ba96f98f00a0_w22.png,afb6ba96f98f00a0,22,Field,Noise
train/noise/afb6ba96f98f00a0_w24.png,afb6ba96f98f00a0,24,Field,Noise
train/noise/afb6ba96f98f00a0_w27.png,afb6ba96f98f00a0,27,Field,Noise
train/noise/b0214e9c2c7e6f9d_w00.png,b0214e9c2c7e6f9d,0,Field,Noise
train/noise/b0214e9c2c7e6f9d_w02.png,b0214e9c2c7e6f9d,2,Field,Noise
train/noise/b0214e9c2c7e6f9d_w04.png,b0214e9c2c7e6f9d,4,Field,Noise
train/noise/b0214e9c2c7e6f9d_w11.png,b0214e9c2c7e6f9d,11,Field,Noise
train/noise/b0214e9c2c7e6f9d_w13.png,b0214e9c2c7e6f9d,13,Field,Noise
train/noise/b0214e9c2c7e6f9d_w14.png,b0214e9c2c7e6f9d,14,Field,Noise
train/noise/b0214e9c2c7e6f9d_w17.png,b0214e9c2c7e6f9d,17,Field,Noise
train/noise/b0214e9c2c7e6f9d_w25.png,b0214e9c2c7e6f9d,25,Field,Noise
train/noise/b0baeae8b18fa3dd_w00.png,b0baeae8b18fa3dd,0,Field,Noise
train/noise/b0baeae8b18fa3dd_w02.png,b0baeae8b18fa3dd,2,Field,Noise
train/noise/b0baeae8b18fa3dd_w05.png,b0baeae8b18fa3dd,5,Field,Noise
train/noise/b0baeae8b18fa3dd_w08.png,b0baeae8b18fa3dd,8,Field,Noise
train/noise/b0baeae8b18fa3dd_w15.png,b0baeae8b18fa3dd,15,Field,Noise
train/noise/b0baeae8b18fa3dd_w17.png,b0baeae8b18fa3dd,17,Field,Noise
train/noise/b0baeae8b18fa3dd_w25.png,b0baeae8b18fa3dd,25,Field,Noise
train/noise/b0baeae8b18fa3dd_w27.png,b0baeae8b18fa3dd,27,Field,Noise
train/noise/b10b407ea9527596_w07.png,b10b407ea9527596,7,Field,Noise
train/noise/b10b407ea9527596_w08.png,b10b407ea9527596,8,Field,Noise
train/noise/b10b407ea9527596_w10.png,b10b407ea9527596,10,Field,Noise
train/noise/b10b407ea9527596_w17.png,b10b407ea9527596,17,Field,Noise
train/noise/b10b407ea9527596_w18.png,b10b407ea9527596,18,Field,Noise
train/noise/b10b407ea9527596_w19.png,b10b407ea9527596,19,Field,Noise
train/noise/b10b407ea9527596_w23.png,b10b407ea9527596,23,Field,Noise
train/noise/b10b407ea9527596_w24.png,b10b407ea9527596,24,Field,Noise
train/noise/b1229d78554f91b8_w00.png,b1229d78554f91b8,0,Field,Noise
train/noise/b1229d78554f91b8_w06.png,b1229d78554f91b8,6,Field,Noise
train/noise/b1229d78554f91b8_w09.png,b1229d78554f91b8,9,Field,Noise
train/noise/b1229d78554f91b8_w11.png,b1229d78554f91b8,11,Field,Noise
train/noise/b1229d78554f91b8_w19.png,b1229d78554f91b8,19,Field,Noise
train/noise/b1229d78554f91b8_w20.png,b1229d78554f91b8,20,Field,Noise
train/noise/b1229d78554f91b8_w24.png,b1229d78554f91b8,24,Field,Noise
train/noise/b1229d78554f91b8_w27.png,b1229d78554f91b8,27,Field,Noise
train/noise/b157a296424f0a88_w07.png,b157a296424f0a88,7,Field,Noise
train/noise/b157a296424f0a88_w10.png,b157a296424f0a88,10,Field,Noise
train/noise/b157a296424f0a88_w18.png,b157a296424f0a88,18,Field,Noise
train/noise/b157a296424f0a88_w20.png,b157a296424f0a88,20,Field,Noise
train/noise/b157a296424f0a88_w21.png,b157a296424f0a88,21,Field,Noise
train/noise/b157a296424f0a88_w22.png,b157a296424f0a88,22,Field,Noise
train/noise/b157a296424f0a88_w24.png,b157a296424f0a88,24,Field,Noise
train/noise/b157a296424f0a88_w27.png,b157a296424f0a88,27,Field,Noise
train/noise/b1688031254eb7fd_w03.png,b1688031254eb7fd,3,Lab,Noise
train/noise/b1688031254eb7fd_w08.png,b1688031254eb7fd,8,Lab,Noise
train/noise/b1688031254eb7fd_w09.png,b1688031254eb7fd,9,Lab,Noise
train/noise/b1688031254eb7fd_w10.png,b1688031254eb7fd,10,Lab,Noise
train/noise/b1688031254eb7fd_w11.png,b1688031254eb7fd,11,Lab,Noise
train/noise/b1688031254eb7fd_w19.png,b1688031254eb7fd,19,Lab,Noise
train/noise/b1688031254eb7fd_w21.png,b1688031254eb7fd,21,Lab,Noise
train/noise/b1688031254eb7fd_w23.png,b1688031254eb7fd,23,Lab,Noise
train/noise/b193c7340c22430a_w03.png,b193c7340c22430a,3,Field,Noise
train/noise/b193c7340c22430a_w04.png,b193c7340c22430a,4,Field,Noise
train/noise/b193c7340c22430a_w13.png,b193c7340c22430a,13,Field,Noise
train/noise/b193c7340c22430a_w15.png,b193c7340c22430a,15,Field,Noise
train/noise/b193c7340c22430a_w16.png,b193c7340c22430a,16,Field,Noise
train/noise/b193c7340c22430a_w21.png,b193c7340c22430a,21,Field,Noise
train/noise/b193c7340c22430a_w23.png,b193c7340c22430a,23,Field,Noise
train/noise/b193c7340c22430a_w27.png,b193c7340c22430a,27,Field,Noise
train/noise/b1bd35a410e2aaa8_w00.png,b1bd35a410e2aaa8,0,Field,Noise
train/noise/b1bd35a410e2aaa8_w06.png,b1bd35a410e2aaa8,6,Field,Noise
train/noise/b1bd35a410e2aaa8_w07.png,b1bd35a410e2aaa8,7,Field,Noise
train/noise/b1bd35a410e2aaa8_w08.png,b1bd35a410e2aaa8,8,Field,Noise
train/noise/b1bd35a410e2aaa8_w09.png,b1bd35a410e2aaa8,9,Field,Noise
train/noise/b1bd35a410e2aaa8_w15.png,b1bd35a410e2aaa8,15,Field,Noise
train/noise/b1bd35a410e2aaa8_w20.png,b1bd35a410e2aaa8,20,Field,Noise
train/noise/b1bd35a410e2aaa8_w21.png,b1bd35a410e2aaa8,21,Field,Noise
train/noise/b1cc3702f6c40f72_w05.png,b1cc3702f6c40f72,5,Field,Noise
train/noise/b1cc3702f6c40f72_w09.png,b1cc3702f6c40f72,9,Field,Noise
train/noise/b1cc3702f6c40f72_w13.png,b1cc3702f6c40f72,13,Field,Noise
train/noise/b1cc3702f6c40f72_w16.png,b1cc3702f6c40f72,16,Field,Noise
train/noise/b1cc3702f6c40f72_w19.png,b1cc3702f6c40f72,19,Field,Noise
train/noise/b1cc3702f6c40f72_w21.png,b1cc3702f6c40f72,21,Field,Noise
train/noise/b1cc3702f6c40f72_w25.png,b1cc3702f6c40f72,25,Field,Noise
train/noise/b1cc3702f6c40f72_w26.png,b1cc3702f6c40f72,26,Field,Noise
train/noise/b1e4a2a7f890370a_w00.png,b1e4a2a7f890370a,0,Field,Noise
train/noise/b1e4a2a7f890370a_w03.png,b1e4a2a7f890370a,3,Field,Noise
train/noise/b1e4a2a7f890370a_w05.png,b1e4a2a7f890370a,5,Field,Noise
train/noise/b1e4a2a7f890370a_w11.png,b1e4a2a7f890370a,11,Field,Noise
train/noise/b1e4a2a7f890370a_w14.png,b1e4a2a7f890370a,14,Field,Noise
train/noise/b1e4a2a7f890370a_w17.png,b1e4a2a7f890370a,17,Field,Noise
train/noise/b1e4a2a7f890370a_w18.png,b1e4a2a7f890370a,18,Field,Noise
train/noise/b1e4a2a7f890370a_w25.png,b1e4a2a7f890370a,25,Field,Noise
train/noise/b20867fd279f8588_w06.png,b20867fd279f8588,6,Field,Noise
train/noise/b20867fd279f8588_w07.png,b20867fd279f8588,7,Field,Noise
train/noise/b20867fd279f8588_w08.png,b20867fd279f8588,8,Field,Noise
train/noise/b20867fd279f8588_w14.png,b20867fd279f8588,14,Field,Noise
train/noise/b20867fd279f8588_w23.png,b20867fd279f8588,23,Field,Noise
train/noise/b20867fd279f8588_w24.png,b20867fd279f8588,24,Field,Noise
train/noise/b20867fd279f8588_w26.png,b20867fd279f8588,26,Field,Noise
train/noise/b20867fd279f8588_w27.png,b20867fd279f8588,27,Field,Noise
train/noise/b288a998892a527a_w05.png,b288a998892a527a,5,Field,Noise
train/noise/b288a998892a527a_w10.png,b288a998892a527a,10,Field,Noise
train/noise/b288a998892a527a_w12.png,b288a998892a527a,12,Field,Noise
train/noise/b288a998892a527a_w13.png,b288a998892a527a,13,Field,Noise
train/noise/b288a998892a527a_w15.png,b288a998892a527a,15,Field,Noise
train/noise/b288a998892a527a_w18.png,b288a998892a527a,18,Field,Noise
train/noise/b288a998892a527a_w20.png,b288a998892a527a,20,Field,Noise
train/noise/b288a998892a527a_w27.png,b288a998892a527a,27,Field,Noise
train/noise/b3f90fbc6fa1646a_w15.png,b3f90fbc6fa1646a,15,Field,Noise
train/noise/b3f90fbc6fa1646a_w16.png,b3f90fbc6fa1646a,16,Field,Noise
train/noise/b3f90fbc6fa1646a_w17.png,b3f90fbc6fa1646a,17,Field,Noise
train/noise/b3f90fbc6fa1646a_w18.png,b3f90fbc6fa1646a,18,Field,Noise
train/noise/b3f90fbc6fa1646a_w19.png,b3f90fbc6fa1646a,19,Field,Noise
train/noise/b3f90fbc6fa1646a_w21.png,b3f90fbc6fa1646a,21,Field,Noise
train/noise/b3f90fbc6fa1646a_w23.png,b3f90fbc6fa1646a,23,Field,Noise
train/noise/b3f90fbc6fa1646a_w25.png,b3f90fbc6fa1646a,25,Field,Noise
train/noise/b40d0198b9756f85_w01.png,b40d0198b9756f85,1,Field,Noise
train/noise/b40d0198b9756f85_w11.png,b40d0198b9756f85,11,Field,Noise
train/noise/b40d0198b9756f85_w12.png,b40d0198b9756f85,12,Field,Noise
train/noise/b40d0198b9756f85_w19.png,b40d0198b9756f85,19,Field,Noise
train/noise/b40d0198b9756f85_w20.png,b40d0198b9756f85,20,Field,Noise
train/noise/b40d0198b9756f85_w21.png,b40d0198b9756f85,21,Field,Noise
train/noise/b40d0198b9756f85_w22.png,b40d0198b9756f85,22,Field,Noise
train/noise/b40d0198b9756f85_w26.png,b40d0198b9756f85,26,Field,Noise
train/noise/b492d8db6d9d43bb_w00.png,b492d8db6d9d43bb,0,Lab,Noise
train/noise/b492d8db6d9d43bb_w04.png,b492d8db6d9d43bb,4,Lab,Noise
train/noise/b492d8db6d9d43bb_w08.png,b492d8db6d9d43bb,8,Lab,Noise
train/noise/b492d8db6d9d43bb_w12.png,b492d8db6d9d43bb,12,Lab,Noise
train/noise/b492d8db6d9d43bb_w14.png,b492d8db6d9d43bb,14,Lab,Noise
train/noise/b492d8db6d9d43bb_w15.png,b492d8db6d9d43bb,15,Lab,Noise
train/noise/b492d8db6d9d43bb_w23.png,b492d8db6d9d43bb,23,Lab,Noise
train/noise/b492d8db6d9d43bb_w24.png,b492d8db6d9d43bb,24,Lab,Noise
train/noise/b4e1393b567db0a7_w00.png,b4e1393b567db0a7,0,Field,Noise
train/noise/b4e1393b567db0a7_w01.png,b4e1393b567db0a7,1,Field,Noise
train/noise/b4e1393b567db0a7_w07.png,b4e1393b567db0a7,7,Field,Noise
train/noise/b4e1393b567db0a7_w11.png,b4e1393b567db0a7,11,Field,Noise
train/noise/b4e1393b567db0a7_w17.png,b4e1393b567db0a7,17,Field,Noise
train/noise/b4e1393b567db0a7_w19.png,b4e1393b567db0a7,19,Field,Noise
train/noise/b4e1393b567db0a7_w21.png,b4e1393b567db0a7,21,Field,Noise
train/noise/b4e1393b567db0a7_w23.png,b4e1393b567db0a7,23,Field,Noise
train/noise/b52c1b0f4e624035_w00.png,b52c1b0f4e624035,0,Field,Noise
train/noise/b52c1b0f4e624035_w01.png,b52c1b0f4e624035,1,Field,Noise
train/noise/b52c1b0f4e624035_w02.png,b52c1b0f4e624035,2,Field,Noise
train/noise/b52c1b0f4e624035_w04.png,b52c1b0f4e624035,4,Field,Noise
train/noise/b52c1b0f4e624035_w23.png,b52c1b0f4e624035,23,Field,Noise
train/noise/b52c1b0f4e624035_w24.png,b52c1b0f4e624035,24,Field,Noise
train/noise/b52c1b0f4e624035_w25.png,b52c1b0f4e624035,25,Field,Noise
train/noise/b52c1b0f4e624035_w27.png,b52c1b0f4e624035,27,Field,Noise
train/noise/b53906ac5240656d_w03.png,b53906ac5240656d,3,Field,Noise
train/noise/b53906ac5240656d_w10.png,b53906ac5240656d,10,Field,Noise
train/noise/b53906ac5240656d_w11.png,b53906ac5240656d,11,Field,Noise
train/noise/b53906ac5240656d_w15.png,b53906ac5240656d,15,Field,Noise
train/noise/b53906ac5240656d_w19.png,b53906ac5240656d,19,Field,Noise
train/noise/b53906ac5240656d_w21.png,b53906ac5240656d,21,Field,Noise
train/noise/b53906ac5240656d_w24.png,b53906ac5240656d,24,Field,Noise
train/noise/b53906ac5240656d_w26.png,b53906ac5240656d,26,Field,Noise
train/noise/b5b6a152e8750d0b_w04.png,b5b6a152e8750d0b,4,Field,Noise
train/noise/b5b6a152e8750d0b_w06.png,b5b6a152e8750d0b,6,Field,Noise
train/noise/b5b6a152e8750d0b_w13.png,b5b6a152e8750d0b,13,Field,Noise
train/noise/b5b6a152e8750d0b_w14.png,b5b6a152e8750d0b,14,Field,Noise
train/noise/b5b6a152e8750d0b_w17.png,b5b6a152e8750d0b,17,Field,Noise
train/noise/b5b6a152e8750d0b_w25.png,b5b6a152e8750d0b,25,Field,Noise
train/noise/b5b6a152e8750d0b_w26.png,b5b6a152e8750d0b,26,Field,Noise
train/noise/b5b6a152e8750d0b_w27.png,b5b6a152e8750d0b,27,Field,Noise
train/noise/b637e52628429829_w11.png,b637e52628429829,11,Field,Noise
train/noise/b637e52628429829_w19.png,b637e52628429829,19,Field,Noise
train/noise/b637e52628429829_w20.png,b637e52628429829,20,Field,Noise
train/noise/b637e52628429829_w21.png,b637e52628429829,21,Field,Noise
train/noise/b637e52628429829_w22.png,b637e52628429829,22,Field,Noise
train/noise/b637e52628429829_w24.png,b637e52628429829,24,Field,Noise
train/noise/b637e52628429829_w25.png,b637e52628429829,25,Field,Noise
train/noise/b637e52628429829_w27.png,b637e52628429829,27,Field,Noise
train/noise/b66daec5adf91e2b_w01.png,b66daec5adf91e2b,1,Field,Noise
train/noise/b66daec5adf91e2b_w04.png,b66daec5adf91e2b,4,Field,Noise
train/noise/b66daec5adf91e2b_w05.png,b66daec5adf91e2b,5,Field,Noise
train/noise/b66daec5adf91e2b_w08.png,b66daec5adf91e2b,8,Field,Noise
train/noise/b66daec5adf91e2b_w14.png,b66daec5adf91e2b,14,Field,Noise
train/noise/b66daec5adf91e2b_w16.png,b66daec5adf91e2b,16,Field,Noise
train/noise/b66daec5adf91e2b_w17.png,b66daec5adf91e2b,17,Field,Noise
train/noise/b66daec5adf91e2b_w26.png,b66daec5adf91e2b,26,Field,Noise
train/noise/b69d3d60cfebe4ab_w01.png,b69d3d60cfebe4ab,1,Field,Noise
train/noise/b69d3d60cfebe4ab_w02.png,b69d3d60cfebe4ab,2,Field,Noise
train/noise/b69d3d60cfebe4ab_w03.png,b69d3d60cfebe4ab,3,Field,Noise
train/noise/b69d3d60cfebe4ab_w05.png,b69d3d60cfebe4ab,5,Field,Noise
train/noise/b69d3d60cfebe4ab_w06.png,b69d3d60cfebe4ab,6,Field,Noise
train/noise/b69d3d60cfebe4ab_w16.png,b69d3d60cfebe4ab,16,Field,Noise
train/noise/b69d3d60cfebe4ab_w18.png,b69d3d60cfebe4ab,18,Field,Noise
train/noise/b69d3d60cfebe4ab_w26.png,b69d3d60cfebe4ab,26,Field,Noise
train/noise/b6a81203a693a074_w12.png,b6a81203a693a074,12,Field,Noise
train/noise/b6a81203a693a074_w13.png,b6a81203a693a074,13,Field,Noise
train/noise/b6a81203a693a074_w15.png,b6a81203a693a074,15,Field,Noise
train/noise/b6a81203a693a074_w16.png,b6a81203a693a074,16,Field,Noise
train/noise/b6a81203a693a074_w17.png,b6a81203a693a074,17,Field,Noise
train/noise/b6a81203a693a074_w22.png,b6a81203a693a074,22,Field,Noise
train/noise/b6a81203a693a074_w24.png,b6a81203a693a074,24,Field,Noise
train/noise/b6a81203a693a074_w26.png,b6a81203a693a074,26,Field,Noise
train/noise/b7439748cbb8cf8a_w01.png,b7439748cbb8cf8a,1,Field,Noise
train/noise/b7439748cbb8cf8a_w07.png,b7439748cbb8cf8a,7,Field,Noise
train/noise/b7439748cbb8cf8a_w10.png,b7439748cbb8cf8a,10,Field,Noise
train/noise/b7439748cbb8cf8a_w11.png,b7439748cbb8cf8a,11,Field,Noise
train/noise/b7439748cbb8cf8a_w13.png,b7439748cbb8cf8a,13,Field,Noise
train/noise/b7439748cbb8cf8a_w19.png,b7439748cbb8cf8a,19,Field,Noise
train/noise/b7439748cbb8cf8a_w20.png,b7439748cbb8cf8a,20,Field,Noise
train/noise/b7439748cbb8cf8a_w26.png,b7439748cbb8cf8a,26,Field,Noise
train/noise/b75f4b4131619dc9_w03.png,b75f4b4131619dc9,3,Field,Noise
train/noise/b75f4b4131619dc9_w07.png,b75f4b4131619dc9,7,Field,Noise
train/noise/b75f4b4131619dc9_w08.png,b75f4b4131619dc9,8,Field,Noise
train/noise/b75f4b4131619dc9_w09.png,b75f4b4131619dc9,9,Field,Noise
train/noise/b75f4b4131619dc9_w17.png,b75f4b4131619dc9,17,Field,Noise
train/noise/b75f4b4131619dc9_w18.png,b75f4b4131619dc9,18,Field,Noise
train/noise/b75f4b4131619dc9_w20.png,b75f4b4131619dc9,20,Field,Noise
train/noise/b75f4b4131619dc9_w21.png,b75f4b4131619dc9,21,Field,Noise
train/noise/b7c4d75dd7236d29_w01.png,b7c4d75dd7236d29,1,Field,Noise
train/noise/b7c4d75dd7236d29_w06.png,b7c4d75dd7236d29,6,Field,Noise
train/noise/b7c4d75dd7236d29_w08.png,b7c4d75dd7236d29,8,Field,Noise
train/noise/b7c4d75dd7236d29_w14.png,b7c4d75dd7236d29,14,Field,Noise
train/noise/b7c4d75dd7236d29_w15.png,b7c4d75dd7236d29,15,Field,Noise
train/noise/b7c4d75dd7236d29_w18.png,b7c4d75dd7236d29,18,Field,Noise
train/noise/b7c4d75dd7236d29_w23.png,b7c4d75dd7236d29,23,Field,Noise
train/noise/b7c4d75dd7236d29_w25.png,b7c4d75dd7236d29,25,Field,Noise
train/noise/b7f63e094e899dbb_w01.png,b7f63e094e899dbb,1,Field,Noise
train/noise/b7f63e094e899dbb_w05.png,b7f63e094e899dbb,5,Field,Noise
train/noise/b7f63e094e899dbb_w07.png,b7f63e094e899dbb,7,Field,Noise
train/noise/b7f63e094e899dbb_w09.png,b7f63e094e899dbb,9,Field,Noise
train/noise/b7f63e094e899dbb_w16.png,b7f63e094e899dbb,16,Field,Noise
train/noise/b7f63e094e899dbb_w17.png,b7f63e094e899dbb,17,Field,Noise
train/noise/b7f63e094e899dbb_w18.png,b7f63e094e899dbb,18,Field,Noise
train/noise/b7f63e094e899dbb_w20.png,b7f63e094e899dbb,20,Field,Noise
train/noise/b80888c2b784a837_w04.png,b80888c2b784a837,4,Field,Noise
train/noise/b80888c2b784a837_w08.png,b80888c2b784a837,8,Field,Noise
train/noise/b80888c2b784a837_w11.png,b80888c2b784a837,11,Field,Noise
train/noise/b80888c2b784a837_w14.png,b80888c2b784a837,14,Field,Noise
train/noise/b80888c2b784a837_w17.png,b80888c2b784a837,17,Field,Noise
train/noise/b80888c2b784a837_w19.png,b80888c2b784a837,19,Field,Noise
train/noise/b80888c2b784a837_w23.png,b80888c2b784a837,23,Field,Noise
train/noise/b80888c2b784a837_w27.png,b80888c2b784a837,27,Field,Noise
train/noise/b82b2bb8e3042b16_w01.png,b82b2bb8e3042b16,1,Field,Noise
train/noise/b82b2bb8e3042b16_w03.png,b82b2bb8e3042b16,3,Field,Noise
train/noise/b82b2bb8e3042b16_w05.png,b82b2bb8e3042b16,5,Field,Noise
train/noise/b82b2bb8e3042b16_w11.png,b82b2bb8e3042b16,11,Field,Noise
train/noise/b82b2bb8e3042b16_w13.png,b82b2bb8e3042b16,13,Field,Noise
train/noise/b82b2bb8e3042b16_w21.png,b82b2bb8e3042b16,21,Field,Noise
train/noise/b82b2bb8e3042b16_w22.png,b82b2bb8e3042b16,22,Field,Noise
train/noise/b82b2bb8e3042b16_w24.png,b82b2bb8e3042b16,24,Field,Noise
train/noise/b82c8c189342136d_w00.png,b82c8c189342136d,0,Field,Noise
train/noise/b82c8c189342136d_w02.png,b82c8c189342136d,2,Field,Noise
train/noise/b82c8c189342136d_w13.png,b82c8c189342136d,13,Field,Noise
train/noise/b82c8c189342136d_w19.png,b82c8c189342136d,19,Field,Noise
train/noise/b82c8c189342136d_w22.png,b82c8c189342136d,22,Field,Noise
train/noise/b82c8c189342136d_w23.png,b82c8c189342136d,23,Field,Noise
train/noise/b82c8c189342136d_w24.png,b82c8c189342136d,24,Field,Noise
train/noise/b82c8c189342136d_w26.png,b82c8c189342136d,26,Field,Noise
train/noise/b896cc4a9206a94c_w00.png,b896cc4a9206a94c,0,Field,Noise
train/noise/b896cc4a9206a94c_w04.png,b896cc4a9206a94c,4,Field,Noise
train/noise/b896cc4a9206a94c_w05.png,b896cc4a9206a94c,5,Field,Noise
train/noise/b896cc4a9206a94c_w10.png,b896cc4a9206a94c,10,Field,Noise
train/noise/b896cc4a9206a94c_w14.png,b896cc4a9206a94c,14,Field,Noise
train/noise/b896cc4a9206a94c_w20.png,b896cc4a9206a94c,20,Field,Noise
train/noise/b896cc4a9206a94c_w21.png,b896cc4a9206a94c,21,Field,Noise
train/noise/b896cc4a9206a94c_w24.png,b896cc4a9206a94c,24,Field,Noise
train/noise/b8da0c03e6781c68_w00.png,b8da0c03e6781c68,0,Field,Noise
train/noise/b8da0c03e6781c68_w01.png,b8da0c03e6781c68,1,Field,Noise
train/noise/b8da0c03e6781c68_w02.png,b8da0c03e6781c68,2,Field,Noise
train/noise/b8da0c03e6781c68_w06.png,b8da0c03e6781c68,6,Field,Noise
train/noise/b8da0c03e6781c68_w09.png,b8da0c03e6781c68,9,Field,Noise
train/noise/b8da0c03e6781c68_w11.png,b8da0c03e6781c68,11,Field,Noise
train/noise/b8da0c03e6781c68_w20.png,b8da0c03e6781c68,20,Field,Noise
train/noise/b8da0c03e6781c68_w26.png,b8da0c03e6781c68,26,Field,Noise
train/noise/b92847c17efff3f8_w01.png,b92847c17efff3f8,1,Lab,Noise
train/noise/b92847c17efff3f8_w04.png,b92847c17efff3f8,4,Lab,Noise
train/noise/b92847c17efff3f8_w09.png,b92847c17efff3f8,9,Lab,Noise
train/noise/b92847c17efff3f8_w10.png,b92847c17efff3f8,10,Lab,Noise
train/noise/b92847c17efff3f8_w16.png,b92847c17efff3f8,16,Lab,Noise
train/noise/b92847c17efff3f8_w18.png,b92847c17efff3f8,18,Lab,Noise
train/noise/b92847c17efff3f8_w20.png,b92847c17efff3f8,20,Lab,Noise
train/noise/b92847c17efff3f8_w27.png,b92847c17efff3f8,27,Lab,Noise
train/noise/b9943804b888e683_w01.png,b9943804b888e683,1,Field,Noise
train/noise/b9943804b888e683_w02.png,b9943804b888e683,2,Field,Noise
train/noise/b9943804b888e683_w05.png,b9943804b888e683,5,Field,Noise
train/noise/b9943804b888e683_w09.png,b9943804b888e683,9,Field,Noise
train/noise/b9943804b888e683_w13.png,b9943804b888e683,13,Field,Noise
train/noise/b9943804b888e683_w16.png,b9943804b888e683,16,Field,Noise
train/noise/b9943804b888e683_w17.png,b9943804b888e683,17,Field,Noise
train/noise/b9943804b888e683_w21.png,b9943804b888e683,21,Field,Noise
train/noise/ba3d6dee00c58880_w08.png,ba3d6dee00c58880,8,Lab,Noise
train/noise/ba3d6dee00c58880_w10.png,ba3d6dee00c58880,10,Lab,Noise
train/noise/ba3d6dee00c58880_w11.png,ba3d6dee00c58880,11,Lab,Noise
train/noise/ba3d6dee00c58880_w13.png,ba3d6dee00c58880,13,Lab,Noise
train/noise/ba3d6dee00c58880_w17.png,ba3d6dee00c58880,17,Lab,Noise
train/noise/ba3d6dee00c58880_w20.png,ba3d6dee00c58880,20,Lab,Noise
train/noise/ba3d6dee00c58880_w22.png,ba3d6dee00c58880,22,Lab,Noise
train/noise/ba3d6dee00c58880_w27.png,ba3d6dee00c58880,27,Lab,Noise
train/noise/ba53ade84e7a9edf_w00.png,ba53ade84e7a9edf,0,Field,Noise
train/noise/ba53ade84e7a9edf_w02.png,ba53ade84e7a9edf,2,Field,Noise
train/noise/ba53ade84e7a9edf_w03.png,ba53ade84e7a9edf,3,Field,Noise
train/noise/ba53ade84e7a9edf_w05.png,ba53ade84e7a9edf,5,Field,Noise
train/noise/ba53ade84e7a9edf_w06.png,ba53ade84e7a9edf,6,Field,Noise
train/noise/ba53ade84e7a9edf_w07.png,ba53ade84e7a9edf,7,Field,Noise
train/noise/ba53ade84e7a9edf_w13.png,ba53ade84e7a9edf,13,Field,Noise
train/noise/ba53ade84e7a9edf_w21.png,ba53ade84e7a9edf,21,Field,Noise
train/noise/ba7007a8df0d14f1_w03.png,ba7007a8df0d14f1,3,Field,Noise
train/noise/ba7007a8df0d14f1_w04.png,ba7007a8df0d14f1,4,Field,Noise
train/noise/ba7007a8df0d14f1_w05.png,ba7007a8df0d14f1,5,Field,Noise
train/noise/ba7007a8df0d14f1_w11.png,ba7007a8df0d14f1,11,Field,Noise
train/noise/ba7007a8df0d14f1_w13.png,ba7007a8df0d14f1,13,Field,Noise
train/noise/ba7007a8df0d14f1_w16.png,ba7007a8df0d14f1,16,Field,Noise
train/noise/ba7007a8df0d14f1_w22.png,ba7007a8df0d14f1,22,Field,Noise
train/noise/ba7007a8df0d14f1_w27.png,ba7007a8df0d14f1,27,Field,Noise
train/noise/baf74f2de98713e6_w01.png,baf74f2de98713e6,1,Field,Noise
train/noise/baf74f2de98713e6_w06.png,baf74f2de98713e6,6,Field,Noise
train/noise/baf74f2de98713e6_w08.png,baf74f2de98713e6,8,Field,Noise
train/noise/baf74f2de98713e6_w12.png,baf74f2de98713e6,12,Field,Noise
train/noise/baf74f2de98713e6_w14.png,baf74f2de98713e6,14,Field,Noise
train/noise/baf74f2de98713e6_w16.png,baf74f2de98713e6,16,Field,Noise
train/noise/baf74f2de98713e6_w18.png,baf74f2de98713e6,18,Field,Noise
train/noise/baf74f2de98713e6_w19.png,baf74f2de98713e6,19,Field,Noise
train/noise/bb8b690bb0c88035_w00.png,bb8b690bb0c88035,0,Lab,Noise
train/noise/bb8b690bb0c88035_w01.png,bb8b690bb0c88035,1,Lab,Noise
train/noise/bb8b690bb0c88035_w04.png,bb8b690bb0c88035,4,Lab,Noise
train/noise/bb8b690bb0c88035_w05.png,bb8b690bb0c88035,5,Lab,Noise
train/noise/bb8b690bb0c88035_w06.png,bb8b690bb0c88035,6,Lab,Noise
train/noise/bb8b690bb0c88035_w12.png,bb8b690bb0c88035,12,Lab,Noise
train/noise/bb8b690bb0c88035_w13.png,bb8b690bb0c88035,13,Lab,Noise
train/noise/bb8b690bb0c88035_w21.png,bb8b690bb0c88035,21,Lab,Noise
train/noise/bbc3f41c6b96cbf0_w03.png,bbc3f41c6b96cbf0,3,Lab,Noise
train/noise/bbc3f41c6b96cbf0_w05.png,bbc3f41c6b96cbf0,5,Lab,Noise
train/noise/bbc3f41c6b96cbf0_w12.png,bbc3f41c6b96cbf0,12,Lab,Noise
train/noise/bbc3f41c6b96cbf0_w15.png,bbc3f41c6b96cbf0,15,Lab,Noise
train/noise/bbc3f41c6b96cbf0_w17.png,bbc3f41c6b96cbf0,17,Lab,Noise
train/noise/bbc3f41c6b96cbf0_w21.png,bbc3f41c6b96cbf0,21,Lab,Noise
train/noise/bbc3f41c6b96cbf0_w24.png,bbc3f41c6b96cbf0,24,Lab,Noise
train/noise/bbc3f41c6b96cbf0_w25.png,bbc3f41c6b96cbf0,25,Lab,Noise
train/noise/bbe1d3d7d26cca46_w03.png,bbe1d3d7d26cca46,3,Lab,Noise
train/noise/bbe1d3d7d26cca46_w07.png,bbe1d3d7d26cca46,7,Lab,Noise
train/noise/bbe1d3d7d26cca46_w09.png,bbe1d3d7d26cca46,9,Lab,Noise
train/noise/bbe1d3d7d26cca46_w11.png,bbe1d3d7d26cca46,11,Lab,Noise
train/noise/bbe1d3d7d26cca46_w15.png,bbe1d3d7d26cca46,15,Lab,Noise
train/noise/bbe1d3d7d26cca46_w17.png,bbe1d3d7d26cca46,17,Lab,Noise
train/noise/bbe1d3d7d26cca46_w21.png,bbe1d3d7d26cca46,21,Lab,Noise
train/noise/bbe1d3d7d26cca46_w25.png,bbe1d3d7d26cca46,25,Lab,Noise
train/noise/bc48602a89ce0926_w08.png,bc48602a89ce0926,8,Field,Noise
train/noise/bc48602a89ce0926_w10.png,bc48602a89ce0926,10,Field,Noise
train/noise/bc48602a89ce0926_w14.png,bc48602a89ce0926,14,Field,Noise
train/noise/bc48602a89ce0926_w16.png,bc48602a89ce0926,16,Field,Noise
train/noise/bc48602a89ce0926_w17.png,bc48602a89ce0926,17,Field,Noise
train/noise/bc48602a89ce0926_w19.png,bc48602a89ce0926,19,Field,Noise
train/noise/bc48602a89ce0926_w21.png,bc48602a89ce0926,21,Field,Noise
train/noise/bc48602a89ce0926_w22.png,bc48602a89ce0926,22,Field,Noise
train/noise/bcb57df996d1d9f0_w07.png,bcb57df996d1d9f0,7,Lab,Noise
train/noise/bcb57df996d1d9f0_w14.png,bcb57df996d1d9f0,14,Lab,Noise
train/noise/bcb57df996d1d9f0_w15.png,bcb57df996d1d9f0,15,Lab,Noise
train/noise/bcb57df996d1d9f0_w17.png,bcb57df996d1d9f0,17,Lab,Noise
train/noise/bcb57df996d1d9f0_w19.png,bcb57df996d1d9f0,19,Lab,Noise
train/noise/bcb57df996d1d9f0_w20.png,bcb57df996d1d9f0,20,Lab,Noise
train/noise/bcb57df996d1d9f0_w22.png,bcb57df996d1d9f0,22,Lab,Noise
train/noise/bcb57df996d1d9f0_w24.png,bcb57df996d1d9f0,24,Lab,Noise
train/noise/bd8c7501e20e9984_w02.png,bd8c7501e20e9984,2,Lab,Noise
train/noise/bd8c7501e20e9984_w03.png,bd8c7501e20e9984,3,Lab,Noise
train/noise/bd8c7501e20e9984_w07.png,bd8c7501e20e9984,7,Lab,Noise
train/noise/bd8c7501e20e9984_w09.png,bd8c7501e20e9984,9,Lab,Noise
train/noise/bd8c7501e20e9984_w17.png,bd8c7501e20e9984,17,Lab,Noise
train/noise/bd8c7501e20e9984_w20.png,bd8c7501e20e9984,20,Lab,Noise
train/noise/bd8c7501e20e9984_w26.png,bd8c7501e20e9984,26,Lab,Noise
train/noise/bd8c7501e20e9984_w27.png,bd8c7501e20e9984,27,Lab,Noise
train/noise/bd8e66770087f5de_w05.png,bd8e66770087f5de,5,Lab,Noise
train/noise/bd8e66770087f5de_w08.png,bd8e66770087f5de,8,Lab,Noise
train/noise/bd8e66770087f5de_w11.png,bd8e66770087f5de,11,Lab,Noise
train/noise/bd8e66770087f5de_w12.png,bd8e66770087f5de,12,Lab,Noise
train/noise/bd8e66770087f5de_w17.png,bd8e66770087f5de,17,Lab,Noise
train/noise/bd8e66770087f5de_w19.png,bd8e66770087f5de,19,Lab,Noise
train/noise/bd8e66770087f5de_w20.png,bd8e66770087f5de,20,Lab,Noise
train/noise/bd8e66770087f5de_w24.png,bd8e66770087f5de,24,Lab,Noise
train/noise/bd9346587c820775_w02.png,bd9346587c820775,2,Field,Noise
train/noise/bd9346587c820775_w03.png,bd9346587c820775,3,Field,Noise
train/noise/bd9346587c820775_w06.png,bd9346587c820775,6,Field,Noise
train/noise/bd9346587c820775_w12.png,bd9346587c820775,12,Field,Noise
train/noise/bd9346587c820775_w13.png,bd9346587c820775,13,Field,Noise
train/noise/bd9346587c820775_w20.png,bd9346587c820775,20,Field,Noise
train/noise/bd9346587c820775_w21.png,bd9346587c820775,21,Field,Noise
train/noise/bd9346587c820775_w26.png,bd9346587c820775,26,Field,Noise
train/noise/bdaae1b1a853e234_w00.png,bdaae1b1a853e234,0,Field,Noise
train/noise/bdaae1b1a853e234_w02.png,bdaae1b1a853e234,2,Field,Noise
train/noise/bdaae1b1a853e234_w09.png,bdaae1b1a853e234,9,Field,Noise
train/noise/bdaae1b1a853e234_w11.png,bdaae1b1a853e234,11,Field,Noise
train/noise/bdaae1b1a853e234_w12.png,bdaae1b1a853e234,12,Field,Noise
train/noise/bdaae1b1a853e234_w22.png,bdaae1b1a853e234,22,Field,Noise
train/noise/bdaae1b1a853e234_w25.png,bdaae1b1a853e234,25,Field,Noise
train/noise/bdaae1b1a853e234_w26.png,bdaae1b1a853e234,26,Field,Noise
train/noise/be30805c35a8d4c4_w01.png,be30805c35a8d4c4,1,Field,Noise
train/noise/be30805c35a8d4c4_w02.png,be30805c35a8d4c4,2,Field,Noise
train/noise/be30805c35a8d4c4_w07.png,be30805c35a8d4c4,7,Field,Noise
train/noise/be30805c35a8d4c4_w08.png,be30805c35a8d4c4,8,Field,Noise
train/noise/be30805c35a8d4c4_w14.png,be30805c35a8d4c4,14,Field,Noise
train/noise/be30805c35a8d4c4_w15.png,be30805c35a8d4c4,15,Field,Noise
train/noise/be30805c35a8d4c4_w17.png,be30805c35a8d4c4,17,Field,Noise
train/noise/be30805c35a8d4c4_w19.png,be30805c35a8d4c4,19,Field,Noise
train/noise/be53eaac777cc7b7_w00.png,be53eaac777cc7b7,0,Field,Noise
train/noise/be53eaac777cc7b7_w04.png,be53eaac777cc7b7,4,Field,Noise
train/noise/be53eaac777cc7b7_w05.png,be53eaac777cc7b7,5,Field,Noise
train/noise/be53eaac777cc7b7_w08.png,be53eaac777cc7b7,8,Field,Noise
train/noise/be53eaac777cc7b7_w10.png,be53eaac777cc7b7,10,Field,Noise
train/noise/be53eaac777cc7b7_w18.png,be53eaac777cc7b7,18,Field,Noise
train/noise/be53eaac777cc7b7_w19.png,be53eaac777cc7b7,19,Field,Noise
train/noise/be53eaac777cc7b7_w25.png,be53eaac777cc7b7,25,Field,Noise
train/noise/bed97cc356d0d183_w01.png,bed97cc356d0d183,1,Field,Noise
train/noise/bed97cc356d0d183_w03.png,bed97cc356d0d183,3,Field,Noise
train/noise/bed97cc356d0d183_w05.png,bed97cc356d0d183,5,Field,Noise
train/noise/bed97cc356d0d183_w12.png,bed97cc356d0d183,12,Field,Noise
train/noise/bed97cc356d0d183_w15.png,bed97cc356d0d183,15,Field,Noise
train/noise/bed97cc356d0d183_w22.png,bed97cc356d0d183,22,Field,Noise
train/noise/bed97cc356d0d183_w23.png,bed97cc356d0d183,23,Field,Noise
train/noise/bed97cc356d0d183_w27.png,bed97cc356d0d183,27,Field,Noise
train/noise/bf05a8324f82d0d2_w00.png,bf05a8324f82d0d2,0,Field,Noise
train/noise/bf05a8324f82d0d2_w05.png,bf05a8324f82d0d2,5,Field,Noise
train/noise/bf05a8324f82d0d2_w09.png,bf05a8324f82d0d2,9,Field,Noise
train/noise/bf05a8324f82d0d2_w11.png,bf05a8324f82d0d2,11,Field,Noise
train/noise/bf05a8324f82d0d2_w16.png,bf05a8324f82d0d2,16,Field,Noise
train/noise/bf05a8324f82d0d2_w18.png,bf05a8324f82d0d2,18,Field,Noise
train/noise/bf05a8324f82d0d2_w19.png,bf05a8324f82d0d2,19,Field,Noise
train/noise/bf05a8324f82d0d2_w27.png,bf05a8324f82d0d2,27,Field,Noise
train/noise/bf951361d142f163_w01.png,bf951361d142f163,1,Field,Noise
train/noise/bf951361d142f163_w10.png,bf951361d142f163,10,Field,Noise
train/noise/bf951361d142f163_w12.png,bf951361d142f163,12,Field,Noise
train/noise/bf951361d142f163_w13.png,bf951361d142f163,13,Field,Noise
train/noise/bf951361d142f163_w14.png,bf951361d142f163,14,Field,Noise
train/noise/bf951361d142f163_w15.png,bf951361d142f163,15,Field,Noise
train/noise/bf951361d142f163_w16.png,bf951361d142f163,16,Field,Noise
train/noise/bf951361d142f163_w20.png,bf951361d142f163,20,Field,Noise
train/noise/c02ecba100f80067_w05.png,c02ecba100f80067,5,Field,Noise
train/noise/c02ecba100f80067_w06.png,c02ecba100f80067,6,Field,Noise
train/noise/c02ecba100f80067_w13.png,c02ecba100f80067,13,Field,Noise
train/noise/c02ecba100f80067_w18.png,c02ecba100f80067,18,Field,Noise
train/noise/c02ecba100f80067_w21.png,c02ecba100f80067,21,Field,Noise
train/noise/c02ecba100f80067_w23.png,c02ecba100f80067,23,Field,Noise
train/noise/c02ecba100f80067_w24.png,c02ecba100f80067,24,Field,Noise
train/noise/c02ecba100f80067_w26.png,c02ecba100f80067,26,Field,Noise
train/noise/c062a553c7a41ec9_w00.png,c062a553c7a41ec9,0,Lab,Noise
train/noise/c062a553c7a41ec9_w03.png,c062a553c7a41ec9,3,Lab,Noise
train/noise/c062a553c7a41ec9_w05.png,c062a553c7a41ec9,5,Lab,Noise
train/noise/c062a553c7a41ec9_w09.png,c062a553c7a41ec9,9,Lab,Noise
train/noise/c062a553c7a41ec9_w12.png,c062a553c7a41ec9,12,Lab,Noise
train/noise/c062a553c7a41ec9_w16.png,c062a553c7a41ec9,16,Lab,Noise
train/noise/c062a553c7a41ec9_w24.png,c062a553c7a41ec9,24,Lab,Noise
train/noise/c062a553c7a41ec9_w25.png,c062a553c7a41ec9,25,Lab,Noise
train/noise/c0745a8460604d24_w03.png,c0745a8460604d24,3,Field,Noise
train/noise/c0745a8460604d24_w09.png,c0745a8460604d24,9,Field,Noise
train/noise/c0745a8460604d24_w10.png,c0745a8460604d24,10,Field,Noise
train/noise/c0745a8460604d24_w15.png,c0745a8460604d24,15,Field,Noise
train/noise/c0745a8460604d24_w16.png,c0745a8460604d24,16,Field,Noise
train/noise/c0745a8460604d24_w23.png,c0745a8460604d24,23,Field,Noise
train/noise/c0745a8460604d24_w24.png,c0745a8460604d24,24,Field,Noise
train/noise/c0745a8460604d24_w27.png,c0745a8460604d24,27,Field,Noise
train/noise/c0789301eb57e23e_w03.png,c0789301eb57e23e,3,Field,Noise
train/noise/c0789301eb57e23e_w05.png,c0789301eb57e23e,5,Field,Noise
train/noise/c0789301eb57e23e_w14.png,c0789301eb57e23e,14,Field,Noise
train/noise/c0789301eb57e23e_w17.png,c0789301eb57e23e,17,Field,Noise
train/noise/c0789301eb57e23e_w20.png,c0789301eb57e23e,20,Field,Noise
train/noise/c0789301eb57e23e_w22.png,c0789301eb57e23e,22,Field,Noise
train/noise/c0789301eb57e23e_w24.png,c0789301eb57e23e,24,Field,Noise
train/noise/c0789301eb57e23e_w25.png,c0789301eb57e23e,25,Field,Noise
train/noise/c1287f085daeae0b_w02.png,c1287f085daeae0b,2,Lab,Noise
train/noise/c1287f085daeae0b_w03.png,c1287f085daeae0b,3,Lab,Noise
train/noise/c1287f085daeae0b_w07.png,c1287f085daeae0b,7,Lab,Noise
train/noise/c1287f085daeae0b_w08.png,c1287f085daeae0b,8,Lab,Noise
train/noise/c1287f085daeae0b_w13.png,c1287f085daeae0b,13,Lab,Noise
train/noise/c1287f085daeae0b_w15.png,c1287f085daeae0b,15,Lab,Noise
train/noise/c1287f085daeae0b_w19.png,c1287f085daeae0b,19,Lab,Noise
train/noise/c1287f085daeae0b_w22.png,c1287f085daeae0b,22,Lab,Noise
train/noise/c1603704398c8e46_w00.png,c1603704398c8e46,0,Field,Noise
train/noise/c1603704398c8e46_w01.png,c1603704398c8e46,1,Field,Noise
train/noise/c1603704398c8e46_w02.png,c1603704398c8e46,2,Field,Noise
train/noise/c1603704398c8e46_w06.png,c1603704398c8e46,6,Field,Noise
train/noise/c1603704398c8e46_w20.png,c1603704398c8e46,20,Field,Noise
train/noise/c1603704398c8e46_w23.png,c1603704398c8e46,23,Field,Noise
train/noise/c1603704398c8e46_w26.png,c1603704398c8e46,26,Field,Noise
train/noise/c1603704398c8e46_w27.png,c1603704398c8e46,27,Field,Noise
train/noise/c17d07f6247fc1f7_w05.png,c17d07f6247fc1f7,5,Lab,Noise
train/noise/c17d07f6247fc1f7_w08.png,c17d07f6247fc1f7,8,Lab,Noise
train/noise/c17d07f6247fc1f7_w16.png,c17d07f6247fc1f7,16,Lab,Noise
train/noise/c17d07f6247fc1f7_w20.png,c17d07f6247fc1f7,20,Lab,Noise
train/noise/c17d07f6247fc1f7_w21.png,c17d07f6247fc1f7,21,Lab,Noise
train/noise/c17d07f6247fc1f7_w22.png,c17d07f6247fc1f7,22,Lab,Noise
train/noise/c17d07f6247fc1f7_w24.png,c17d07f6247fc1f7,24,Lab,Noise
train/noise/c17d07f6247fc1f7_w26.png,c17d07f6247fc1f7,26,Lab,Noise
train/noise/c228b4d23b16f637_w00.png,c228b4d23b16f637,0,Field,Noise
train/noise/c228b4d23b16f637_w09.png,c228b4d23b16f637,9,Field,Noise
train/noise/c228b4d23b16f637_w10.png,c228b4d23b16f637,10,Field,Noise
train/noise/c228b4d23b16f637_w18.png,c228b4d23b16f637,18,Field,Noise
train/noise/c228b4d23b16f637_w21.png,c228b4d23b16f637,21,Field,Noise
train/noise/c228b4d23b16f637_w22.png,c228b4d23b16f637,22,Field,Noise
train/noise/c228b4d23b16f637_w24.png,c228b4d23b16f637,24,Field,Noise
train/noise/c228b4d23b16f637_w27.png,c228b4d23b16f637,27,Field,Noise
train/noise/c26aceddc9e7d8b4_w04.png,c26aceddc9e7d8b4,4,Field,Noise
train/noise/c26aceddc9e7d8b4_w08.png,c26aceddc9e7d8b4,8,Field,Noise
train/noise/c26aceddc9e7d8b4_w09.png,c26aceddc9e7d8b4,9,Field,Noise
train/noise/c26aceddc9e7d8b4_w10.png,c26aceddc9e7d8b4,10,Field,Noise
train/noise/c26aceddc9e7d8b4_w15.png,c26aceddc9e7d8b4,15,Field,Noise
train/noise/c26aceddc9e7d8b4_w17.png,c26aceddc9e7d8b4,17,Field,Noise
train/noise/c26aceddc9e7d8b4_w20.png,c26aceddc9e7d8b4,20,Field,Noise
train/noise/c26aceddc9e7d8b4_w27.png,c26aceddc9e7d8b4,27,Field,Noise
train/noise/c2dee7f91f0b6d3c_w04.png,c2dee7f91f0b6d3c,4,Field,Noise
train/noise/c2dee7f91f0b6d3c_w05.png,c2dee7f91f0b6d3c,5,Field,Noise
train/noise/c2dee7f91f0b6d3c_w06.png,c2dee7f91f0b6d3c,6,Field,Noise
train/noise/c2dee7f91f0b6d3c_w07.png,c2dee7f91f0b6d3c,7,Field,Noise
train/noise/c2dee7f91f0b6d3c_w12.png,c2dee7f91f0b6d3c,12,Field,Noise
train/noise/c2dee7f91f0b6d3c_w15.png,c2dee7f91f0b6d3c,15,Field,Noise
train/noise/c2dee7f91f0b6d3c_w20.png,c2dee7f91f0b6d3c,20,Field,Noise
train/noise/c2dee7f91f0b6d3c_w26.png,c2dee7f91f0b6d3c,26,Field,Noise
train/noise/c2f4672acdd72fb8_w03.png,c2f4672acdd72fb8,3,Field,Noise
train/noise/c2f4672acdd72fb8_w10.png,c2f4672acdd72fb8,10,Field,Noise
train/noise/c2f4672acdd72fb8_w11.png,c2f4672acdd72fb8,11,Field,Noise
train/noise/c2f4672acdd72fb8_w19.png,c2f4672acdd72fb8,19,Field,Noise
train/noise/c2f4672acdd72fb8_w22.png,c2f4672acdd72fb8,22,Field,Noise
train/noise/c2f4672acdd72fb8_w23.png,c2f4672acdd72fb8,23,Field,Noise
train/noise/c2f4672acdd72fb8_w24.png,c2f4672acdd72fb8,24,Field,Noise
train/noise/c2f4672acdd72fb8_w26.png,c2f4672acdd72fb8,26,Field,Noise
train/noise/c351cc0046c552c8_w02.png,c351cc0046c552c8,2,Field,Noise
train/noise/c351cc0046c552c8_w09.png,c351cc0046c552c8,9,Field,Noise
train/noise/c351cc0046c552c8_w11.png,c351cc0046c552c8,11,Field,Noise
train/noise/c351cc0046c552c8_w14.png,c351cc0046c552c8,14,Field,Noise
train/noise/c351cc0046c552c8_w17.png,c351cc0046c552c8,17,Field,Noise
train/noise/c351cc0046c552c8_w18.png,c351cc0046c552c8,18,Field,Noise
train/noise/c351cc0046c552c8_w19.png,c351cc0046c552c8,19,Field,Noise
train/noise/c351cc0046c552c8_w22.png,c351cc0046c552c8,22,Field,Noise
train/noise/c3843c8bab2fc7ab_w00.png,c3843c8bab2fc7ab,0,Lab,Noise
train/noise/c3843c8bab2fc7ab_w05.png,c3843c8bab2fc7ab,5,Lab,Noise
train/noise/c3843c8bab2fc7ab_w06.png,c3843c8bab2fc7ab,6,Lab,Noise
train/noise/c3843c8bab2fc7ab_w07.png,c3843c8bab2fc7ab,7,Lab,Noise
train/noise/c3843c8bab2fc7ab_w13.png,c3843c8bab2fc7ab,13,Lab,Noise
train/noise/c3843c8bab2fc7ab_w14.png,c3843c8bab2fc7ab,14,Lab,Noise
train/noise/c3843c8bab2fc7ab_w15.png,c3843c8bab2fc7ab,15,Lab,Noise
train/noise/c3843c8bab2fc7ab_w24.png,c3843c8bab2fc7ab,24,Lab,Noise
train/noise/c3bc3683ad11d1c5_w01.png,c3bc3683ad11d1c5,1,Field,Noise
train/noise/c3bc3683ad11d1c5_w02.png,c3bc3683ad11d1c5,2,Field,Noise
train/noise/c3bc3683ad11d1c5_w04.png,c3bc3683ad11d1c5,4,Field,Noise
train/noise/c3bc3683ad11d1c5_w12.png,c3bc3683ad11d1c5,12,Field,Noise
train/noise/c3bc3683ad11d1c5_w16.png,c3bc3683ad11d1c5,16,Field,Noise
train/noise/c3bc3683ad11d1c5_w17.png,c3bc3683ad11d1c5,17,Field,Noise
train/noise/c3bc3683ad11d1c5_w19.png,c3bc3683ad11d1c5,19,Field,Noise
train/noise/c3bc3683ad11d1c5_w20.png,c3bc3683ad11d1c5,20,Field,Noise
train/noise/c40d832afe67e5f2_w00.png,c40d832afe67e5f2,0,Field,Noise
train/noise/c40d832afe67e5f2_w02.png,c40d832afe67e5f2,2,Field,Noise
train/noise/c40d832afe67e5f2_w05.png,c40d832afe67e5f2,5,Field,Noise
train/noise/c40d832afe67e5f2_w06.png,c40d832afe67e5f2,6,Field,Noise
train/noise/c40d832afe67e5f2_w08.png,c40d832afe67e5f2,8,Field,Noise
train/noise/c40d832afe67e5f2_w09.png,c40d832afe67e5f2,9,Field,Noise
train/noise/c40d832afe67e5f2_w22.png,c40d832afe67e5f2,22,Field,Noise
train/noise/c40d832afe67e5f2_w27.png,c40d832afe67e5f2,27,Field,Noise
train/noise/c434023e4935750e_w03.png,c434023e4935750e,3,Field,Noise
train/noise/c434023e4935750e_w04.png,c434023e4935750e,4,Field,Noise
train/noise/c434023e4935750e_w08.png,c434023e4935750e,8,Field,Noise
train/noise/c434023e4935750e_w11.png,c434023e4935750e,11,Field,Noise
train/noise/c434023e4935750e_w18.png,c434023e4935750e,18,Field,Noise
train/noise/c434023e4935750e_w19.png,c434023e4935750e,19,Field,Noise
train/noise/c434023e4935750e_w26.png,c434023e4935750e,26,Field,Noise
train/noise/c434023e4935750e_w27.png,c434023e4935750e,27,Field,Noise
train/noise/c4aecafa996a3723_w05.png,c4aecafa996a3723,5,Field,Noise
train/noise/c4aecafa996a3723_w13.png,c4aecafa996a3723,13,Field,Noise
train/noise/c4aecafa996a3723_w14.png,c4aecafa996a3723,14,Field,Noise
train/noise/c4aecafa996a3723_w15.png,c4aecafa996a3723,15,Field,Noise
train/noise/c4aecafa996a3723_w20.png,c4aecafa996a3723,20,Field,Noise
train/noise/c4aecafa996a3723_w22.png,c4aecafa996a3723,22,Field,Noise
train/noise/c4aecafa996a3723_w24.png,c4aecafa996a3723,24,Field,Noise
train/noise/c4aecafa996a3723_w26.png,c4aecafa996a3723,26,Field,Noise
train/noise/c4c5422115a79551_w05.png,c4c5422115a79551,5,Field,Noise
train/noise/c4c5422115a79551_w09.png,c4c5422115a79551,9,Field,Noise
train/noise/c4c5422115a79551_w10.png,c4c5422115a79551,10,Field,Noise
train/noise/c4c5422115a79551_w11.png,c4c5422115a79551,11,Field,Noise
train/noise/c4c5422115a79551_w13.png,c4c5422115a79551,13,Field,Noise
train/noise/c4c5422115a79551_w17.png,c4c5422115a79551,17,Field,Noise
train/noise/c4c5422115a79551_w22.png,c4c5422115a79551,22,Field,Noise
train/noise/c4c5422115a79551_w27.png,c4c5422115a79551,27,Field,Noise
train/noise/c4e8a17705c9471f_w00.png,c4e8a17705c9471f,0,Field,Noise
train/noise/c4e8a17705c9471f_w06.png,c4e8a17705c9471f,6,Field,Noise
train/noise/c4e8a17705c9471f_w11.png,c4e8a17705c9471f,11,Field,Noise
train/noise/c4e8a17705c9471f_w12.png,c4e8a17705c9471f,12,Field,Noise
train/noise/c4e8a17705c9471f_w14.png,c4e8a17705c9471f,14,Field,Noise
train/noise/c4e8a17705c9471f_w22.png,c4e8a17705c9471f,22,Field,Noise
train/noise/c4e8a17705c9471f_w23.png,c4e8a17705c9471f,23,Field,Noise
train/noise/c4e8a17705c9471f_w25.png,c4e8a17705c9471f,25,Field,Noise
train/noise/c4ee488bfb6dbd8b_w00.png,c4ee488bfb6dbd8b,0,Field,Noise
train/noise/c4ee488bfb6dbd8b_w02.png,c4ee488bfb6dbd8b,2,Field,Noise
train/noise/c4ee488bfb6dbd8b_w09.png,c4ee488bfb6dbd8b,9,Field,Noise
train/noise/c4ee488bfb6dbd8b_w10.png,c4ee488bfb6dbd8b,10,Field,Noise
train/noise/c4ee488bfb6dbd8b_w11.png,c4ee488bfb6dbd8b,11,Field,Noise
train/noise/c4ee488bfb6dbd8b_w14.png,c4ee488bfb6dbd8b,14,Field,Noise
train/noise/c4ee488bfb6dbd8b_w20.png,c4ee488bfb6dbd8b,20,Field,Noise
train/noise/c4ee488bfb6dbd8b_w21.png,c4ee488bfb6dbd8b,21,Field,Noise
train/noise/c554f7bfa1fcd844_w02.png,c554f7bfa1fcd844,2,Lab,Noise
train/noise/c554f7bfa1fcd844_w06.png,c554f7bfa1fcd844,6,Lab,Noise
train/noise/c554f7bfa1fcd844_w07.png,c554f7bfa1fcd844,7,Lab,Noise
train/noise/c554f7bfa1fcd844_w09.png,c554f7bfa1fcd844,9,Lab,Noise
train/noise/c554f7bfa1fcd844_w10.png,c554f7bfa1fcd844,10,Lab,Noise
train/noise/c554f7bfa1fcd844_w15.png,c554f7bfa1fcd844,15,Lab,Noise
train/noise/c554f7bfa1fcd844_w22.png,c554f7bfa1fcd844,22,Lab,Noise
train/noise/c554f7bfa1fcd844_w25.png,c554f7bfa1fcd844,25,Lab,Noise
train/noise/c5a62b787341064a_w00.png,c5a62b787341064a,0,Field,Noise
train/noise/c5a62b787341064a_w02.png,c5a62b787341064a,2,Field,Noise
train/noise/c5a62b787341064a_w03.png,c5a62b787341064a,3,Field,Noise
train/noise/c5a62b787341064a_w04.png,c5a62b787341064a,4,Field,Noise
train/noise/c5a62b787341064a_w20.png,c5a62b787341064a,20,Field,Noise
train/noise/c5a62b787341064a_w24.png,c5a62b787341064a,24,Field,Noise
train/noise/c5a62b787341064a_w25.png,c5a62b787341064a,25,Field,Noise
train/noise/c5a62b787341064a_w27.png,c5a62b787341064a,27,Field,Noise
train/noise/c5f3e74ae4ea2d39_w02.png,c5f3e74ae4ea2d39,2,Field,Noise
train/noise/c5f3e74ae4ea2d39_w08.png,c5f3e74ae4ea2d39,8,Field,Noise
train/noise/c5f3e74ae4ea2d39_w10.png,c5f3e74ae4ea2d39,10,Field,Noise
train/noise/c5f3e74ae4ea2d39_w12.png,c5f3e74ae4ea2d39,12,Field,Noise
train/noise/c5f3e74ae4ea2d39_w16.png,c5f3e74ae4ea2d39,16,Field,Noise
train/noise/c5f3e74ae4ea2d39_w18.png,c5f3e74ae4ea2d39,18,Field,Noise
train/noise/c5f3e74ae4ea2d39_w22.png,c5f3e74ae4ea2d39,22,Field,Noise
train/noise/c5f3e74ae4ea2d39_w23.png,c5f3e74ae4ea2d39,23,Field,Noise
train/noise/c63047cfd8e5672f_w01.png,c63047cfd8e5672f,1,Lab,Noise
train/noise/c63047cfd8e5672f_w08.png,c63047cfd8e5672f,8,Lab,Noise
train/noise/c63047cfd8e5672f_w10.png,c63047cfd8e5672f,10,Lab,Noise
train/noise/c63047cfd8e5672f_w11.png,c63047cfd8e5672f,11,Lab,Noise
train/noise/c63047cfd8e5672f_w20.png,c63047cfd8e5672f,20,Lab,Noise
train/noise/c63047cfd8e5672f_w21.png,c63047cfd8e5672f,21,Lab,Noise
train/noise/c63047cfd8e5672f_w25.png,c63047cfd8e5672f,25,Lab,Noise
train/noise/c63047cfd8e5672f_w26.png,c63047cfd8e5672f,26,Lab,Noise
train/noise/c699d61525b57d35_w03.png,c699d61525b57d35,3,Field,Noise
train/noise/c699d61525b57d35_w04.png,c699d61525b57d35,4,Field,Noise
train/noise/c699d61525b57d35_w07.png,c699d61525b57d35,7,Field,Noise
train/noise/c699d61525b57d35_w09.png,c699d61525b57d35,9,Field,Noise
train/noise/c699d61525b57d35_w14.png,c699d61525b57d35,14,Field,Noise
train/noise/c699d61525b57d35_w16.png,c699d61525b57d35,16,Field,Noise
train/noise/c699d61525b57d35_w26.png,c699d61525b57d35,26,Field,Noise
train/noise/c699d61525b57d35_w27.png,c699d61525b57d35,27,Field,Noise
train/noise/c6f4ec7eac6c22c9_w03.png,c6f4ec7eac6c22c9,3,Field,Noise
train/noise/c6f4ec7eac6c22c9_w04.png,c6f4ec7eac6c22c9,4,Field,Noise
train/noise/c6f4ec7eac6c22c9_w14.png,c6f4ec7eac6c22c9,14,Field,Noise
train/noise/c6f4ec7eac6c22c9_w21.png,c6f4ec7eac6c22c9,21,Field,Noise
train/noise/c6f4ec7eac6c22c9_w22.png,c6f4ec7eac6c22c9,22,Field,Noise
train/noise/c6f4ec7eac6c22c9_w23.png,c6f4ec7eac6c22c9,23,Field,Noise
train/noise/c6f4ec7eac6c22c9_w25.png,c6f4ec7eac6c22c9,25,Field,Noise
train/noise/c6f4ec7eac6c22c9_w26.png,c6f4ec7eac6c22c9,26,Field,Noise
train/noise/c7017f02b24e74bb_w04.png,c7017f02b24e74bb,4,Field,Noise
train/noise/c7017f02b24e74bb_w06.png,c7017f02b24e74bb,6,Field,Noise
train/noise/c7017f02b24e74bb_w10.png,c7017f02b24e74bb,10,Field,Noise
train/noise/c7017f02b24e74bb_w11.png,c7017f02b24e74bb,11,Field,Noise
train/noise/c7017f02b24e74bb_w13.png,c7017f02b24e74bb,13,Field,Noise
train/noise/c7017f02b24e74bb_w19.png,c7017f02b24e74bb,19,Field,Noise
train/noise/c7017f02b24e74bb_w24.png,c7017f02b24e74bb,24,Field,Noise
train/noise/c7017f02b24e74bb_w27.png,c7017f02b24e74bb,27,Field,Noise
train/noise/c72f14f720220524_w01.png,c72f14f720220524,1,Lab,Noise
train/noise/c72f14f720220524_w02.png,c72f14f720220524,2,Lab,Noise
train/noise/c72f14f720220524_w08.png,c72f14f720220524,8,Lab,Noise
train/noise/c72f14f720220524_w12.png,c72f14f720220524,12,Lab,Noise
train/noise/c72f14f720220524_w21.png,c72f14f720220524,21,Lab,Noise
train/noise/c72f14f720220524_w23.png,c72f14f720220524,23,Lab,Noise
train/noise/c72f14f720220524_w26.png,c72f14f720220524,26,Lab,Noise
train/noise/c72f14f720220524_w27.png,c72f14f720220524,27,Lab,Noise
train/noise/c7b61b5a6341a8b4_w00.png,c7b61b5a6341a8b4,0,Field,Noise
train/noise/c7b61b5a6341a8b4_w02.png,c7b61b5a6341a8b4,2,Field,Noise
train/noise/c7b61b5a6341a8b4_w06.png,c7b61b5a6341a8b4,6,Field,Noise
train/noise/c7b61b5a6341a8b4_w07.png,c7b61b5a6341a8b4,7,Field,Noise
train/noise/c7b61b5a6341a8b4_w15.png,c7b61b5a6341a8b4,15,Field,Noise
train/noise/c7b61b5a6341a8b4_w20.png,c7b61b5a6341a8b4,20,Field,Noise
train/noise/c7b61b5a6341a8b4_w25.png,c7b61b5a6341a8b4,25,Field,Noise
train/noise/c7b61b5a6341a8b4_w26.png,c7b61b5a6341a8b4,26,Field,Noise
train/noise/c7d3b8159fede0d2_w00.png,c7d3b8159fede0d2,0,Field,Noise
train/noise/c7d3b8159fede0d2_w01.png,c7d3b8159fede0d2,1,Field,Noise
train/noise/c7d3b8159fede0d2_w02.png,c7d3b8159fede0d2,2,Field,Noise
train/noise/c7d3b8159fede0d2_w08.png,c7d3b8159fede0d2,8,Field,Noise
train/noise/c7d3b8159fede0d2_w12.png,c7d3b8159fede0d2,12,Field,Noise
train/noise/c7d3b8159fede0d2_w17.png,c7d3b8159fede0d2,17,Field,Noise
train/noise/c7d3b8159fede0d2_w18.png,c7d3b8159fede0d2,18,Field,Noise
train/noise/c7d3b8159fede0d2_w24.png,c7d3b8159fede0d2,24,Field,Noise
train/noise/c7f9b38aac538fb7_w07.png,c7f9b38aac538fb7,7,Field,Noise
train/noise/c7f9b38aac538fb7_w11.png,c7f9b38aac538fb7,11,Field,Noise
train/noise/c7f9b38aac538fb7_w12.png,c7f9b38aac538fb7,12,Field,Noise
train/noise/c7f9b38aac538fb7_w15.png,c7f9b38aac538fb7,15,Field,Noise
train/noise/c7f9b38aac538fb7_w16.png,c7f9b38aac538fb7,16,Field,Noise
train/noise/c7f9b38aac538fb7_w17.png,c7f9b38aac538fb7,17,Field,Noise
train/noise/c7f9b38aac538fb7_w18.png,c7f9b38aac538fb7,18,Field,Noise
train/noise/c7f9b38aac538fb7_w25.png,c7f9b38aac538fb7,25,Field,Noise
train/noise/c86c99ce6335adbe_w06.png,c86c99ce6335adbe,6,Field,Noise
train/noise/c86c99ce6335adbe_w07.png,c86c99ce6335adbe,7,Field,Noise
train/noise/c86c99ce6335adbe_w08.png,c86c99ce6335adbe,8,Field,Noise
train/noise/c86c99ce6335adbe_w11.png,c86c99ce6335adbe,11,Field,Noise
train/noise/c86c99ce6335adbe_w13.png,c86c99ce6335adbe,13,Field,Noise
train/noise/c86c99ce6335adbe_w15.png,c86c99ce6335adbe,15,Field,Noise
train/noise/c86c99ce6335adbe_w18.png,c86c99ce6335adbe,18,Field,Noise
train/noise/c86c99ce6335adbe_w19.png,c86c99ce6335adbe,19,Field,Noise
train/noise/c898a378426390b3_w01.png,c898a378426390b3,1,Field,Noise
train/noise/c898a378426390b3_w03.png,c898a378426390b3,3,Field,Noise
train/noise/c898a378426390b3_w11.png,c898a378426390b3,11,Field,Noise
train/noise/c898a378426390b3_w12.png,c898a378426390b3,12,Field,Noise
train/noise/c898a378426390b3_w17.png,c898a378426390b3,17,Field,Noise
train/noise/c898a378426390b3_w19.png,c898a378426390b3,19,Field,Noise
train/noise/c898a378426390b3_w20.png,c898a378426390b3,20,Field,Noise
train/noise/c898a378426390b3_w24.png,c898a378426390b3,24,Field,Noise
train/noise/c8a722bb2fe81a46_w00.png,c8a722bb2fe81a46,0,Field,Noise
train/noise/c8a722bb2fe81a46_w02.png,c8a722bb2fe81a46,2,Field,Noise
train/noise/c8a722bb2fe81a46_w03.png,c8a722bb2fe81a46,3,Field,Noise
train/noise/c8a722bb2fe81a46_w04.png,c8a722bb2fe81a46,4,Field,Noise
train/noise/c8a722bb2fe81a46_w06.png,c8a722bb2fe81a46,6,Field,Noise
train/noise/c8a722bb2fe81a46_w11.png,c8a722bb2fe81a46,11,Field,Noise
train/noise/c8a722bb2fe81a46_w16.png,c8a722bb2fe81a46,16,Field,Noise
train/noise/c8a722bb2fe81a46_w17.png,c8a722bb2fe81a46,17,Field,Noise
train/noise/c9271d329bca3f9e_w08.png,c9271d329bca3f9e,8,Lab,Noise
train/noise/c9271d329bca3f9e_w10.png,c9271d329bca3f9e,10,Lab,Noise
train/noise/c9271d329bca3f9e_w15.png,c9271d329bca3f9e,15,Lab,Noise
train/noise/c9271d329bca3f9e_w18.png,c9271d329bca3f9e,18,Lab,Noise
train/noise/c9271d329bca3f9e_w19.png,c9271d329bca3f9e,19,Lab,Noise
train/noise/c9271d329bca3f9e_w24.png,c9271d329bca3f9e,24,Lab,Noise
train/noise/c9271d329bca3f9e_w25.png,c9271d329bca3f9e,25,Lab,Noise
train/noise/c9271d329bca3f9e_w26.png,c9271d329bca3f9e,26,Lab,Noise
train/noise/c92df620ee92dd3a_w03.png,c92df620ee92dd3a,3,Field,Noise
train/noise/c92df620ee92dd3a_w07.png,c92df620ee92dd3a,7,Field,Noise
train/noise/c92df620ee92dd3a_w09.png,c92df620ee92dd3a,9,Field,Noise
train/noise/c92df620ee92dd3a_w11.png,c92df620ee92dd3a,11,Field,Noise
train/noise/c92df620ee92dd3a_w16.png,c92df620ee92dd3a,16,Field,Noise
train/noise/c92df620ee92dd3a_w21.png,c92df620ee92dd3a,21,Field,Noise
train/noise/c92df620ee92dd3a_w23.png,c92df620ee92dd3a,23,Field,Noise
train/noise/c92df620ee92dd3a_w24.png,c92df620ee92dd3a,24,Field,Noise
train/noise/ca3264d1c2283b0f_w01.png,ca3264d1c2283b0f,1,Field,Noise
train/noise/ca3264d1c2283b0f_w05.png,ca3264d1c2283b0f,5,Field,Noise
train/noise/ca3264d1c2283b0f_w10.png,ca3264d1c2283b0f,10,Field,Noise
train/noise/ca3264d1c2283b0f_w13.png,ca3264d1c2283b0f,13,Field,Noise
train/noise/ca3264d1c2283b0f_w15.png,ca3264d1c2283b0f,15,Field,Noise
train/noise/ca3264d1c2283b0f_w19.png,ca3264d1c2283b0f,19,Field,Noise
train/noise/ca3264d1c2283b0f_w26.png,ca3264d1c2283b0f,26,Field,Noise
train/noise/ca3264d1c2283b0f_w27.png,ca3264d1c2283b0f,27,Field,Noise
train/noise/cbd4a33f11ebcd16_w02.png,cbd4a33f11ebcd16,2,Field,Noise
train/noise/cbd4a33f11ebcd16_w04.png,cbd4a33f11ebcd16,4,Field,Noise
train/noise/cbd4a33f11ebcd16_w10.png,cbd4a33f11ebcd16,10,Field,Noise
train/noise/cbd4a33f11ebcd16_w13.png,cbd4a33f11ebcd16,13,Field,Noise
train/noise/cbd4a33f11ebcd16_w15.png,cbd4a33f11ebcd16,15,Field,Noise
train/noise/cbd4a33f11ebcd16_w16.png,cbd4a33f11ebcd16,16,Field,Noise
train/noise/cbd4a33f11ebcd16_w23.png,cbd4a33f11ebcd16,23,Field,Noise
train/noise/cbd4a33f11ebcd16_w27.png,cbd4a33f11ebcd16,27,Field,Noise
train/noise/cc03878bd5813ca8_w01.png,cc03878bd5813ca8,1,Field,Noise
train/noise/cc03878bd5813ca8_w05.png,cc03878bd5813ca8,5,Field,Noise
train/noise/cc03878bd5813ca8_w09.png,cc03878bd5813ca8,9,Field,Noise
train/noise/cc03878bd5813ca8_w12.png,cc03878bd5813ca8,12,Field,Noise
train/noise/cc03878bd5813ca8_w16.png,cc03878bd5813ca8,16,Field,Noise
train/noise/cc03878bd5813ca8_w17.png,cc03878bd5813ca8,17,Field,Noise
train/noise/cc03878bd5813ca8_w25.png,cc03878bd5813ca8,25,Field,Noise
train/noise/cc03878bd5813ca8_w26.png,cc03878bd5813ca8,26,Field,Noise
train/noise/cc04e6a98a9e7069_w01.png,cc04e6a98a9e7069,1,Field,Noise
train/noise/cc04e6a98a9e7069_w06.png,cc04e6a98a9e7069,6,Field,Noise
train/noise/cc04e6a98a9e7069_w09.png,cc04e6a98a9e7069,9,Field,Noise
train/noise/cc04e6a98a9e7069_w12.png,cc04e6a98a9e7069,12,Field,Noise
train/noise/cc04e6a98a9e7069_w15.png,cc04e6a98a9e7069,15,Field,Noise
train/noise/cc04e6a98a9e7069_w16.png,cc04e6a98a9e7069,16,Field,Noise
train/noise/cc04e6a98a9e7069_w19.png,cc04e6a98a9e7069,19,Field,Noise
train/noise/cc04e6a98a9e7069_w27.png,cc04e6a98a9e7069,27,Field,Noise
train/noise/ccc78ff9885e1c9e_w04.png,ccc78ff9885e1c9e,4,Field,Noise
train/noise/ccc78ff9885e1c9e_w05.png,ccc78ff9885e1c9e,5,Field,Noise
train/noise/ccc78ff9885e1c9e_w06.png,ccc78ff9885e1c9e,6,Field,Noise
train/noise/ccc78ff9885e1c9e_w09.png,ccc78ff9885e1c9e,9,Field,Noise
train/noise/ccc78ff9885e1c9e_w14.png,ccc78ff9885e1c9e,14,Field,Noise
train/noise/ccc78ff9885e1c9e_w18.png,ccc78ff9885e1c9e,18,Field,Noise
train/noise/ccc78ff9885e1c9e_w20.png,ccc78ff9885e1c9e,20,Field,Noise
train/noise/ccc78ff9885e1c9e_w22.png,ccc78ff9885e1c9e,22,Field,Noise
train/noise/cd6e88a4bef5d029_w12.png,cd6e88a4bef5d029,12,Lab,Noise
train/noise/cd6e88a4bef5d029_w15.png,cd6e88a4bef5d029,15,Lab,Noise
train/noise/cd6e88a4bef5d029_w19.png,cd6e88a4bef5d029,19,Lab,Noise
train/noise/cd6e88a4bef5d029_w20.png,cd6e88a4bef5d029,20,Lab,Noise
train/noise/cd6e88a4bef5d029_w21.png,cd6e88a4bef5d029,21,Lab,Noise
train/noise/cd6e88a4bef5d029_w22.png,cd6e88a4bef5d029,22,Lab,Noise
train/noise/cd6e88a4bef5d029_w25.png,cd6e88a4bef5d029,25,Lab,Noise
train/noise/cd6e88a4bef5d029_w27.png,cd6e88a4bef5d029,27,Lab,Noise
train/noise/cd7f164dd1240a8f_w00.png,cd7f164dd1240a8f,0,Field,Noise
train/noise/cd7f164dd1240a8f_w03.png,cd7f164dd1240a8f,3,Field,Noise
train/noise/cd7f164dd1240a8f_w07.png,cd7f164dd1240a8f,7,Field,Noise
train/noise/cd7f164dd1240a8f_w08.png,cd7f164dd1240a8f,8,Field,Noise
train/noise/cd7f164dd1240a8f_w10.png,cd7f164dd1240a8f,10,Field,Noise
train/noise/cd7f164dd1240a8f_w14.png,cd7f164dd1240a8f,14,Field,Noise
train/noise/cd7f164dd1240a8f_w17.png,cd7f164dd1240a8f,17,Field,Noise
train/noise/cd7f164dd1240a8f_w26.png,cd7f164dd1240a8f,26,Field,Noise
train/noise/cdcb4286d24807ea_w01.png,cdcb4286d24807ea,1,Field,Noise
train/noise/cdcb4286d24807ea_w03.png,cdcb4286d24807ea,3,Field,Noise
train/noise/cdcb4286d24807ea_w06.png,cdcb4286d24807ea,6,Field,Noise
train/noise/cdcb4286d24807ea_w09.png,cdcb4286d24807ea,9,Field,Noise
train/noise/cdcb4286d24807ea_w10.png,cdcb4286d24807ea,10,Field,Noise
train/noise/cdcb4286d24807ea_w20.png,cdcb4286d24807ea,20,Field,Noise
train/noise/cdcb4286d24807ea_w22.png,cdcb4286d24807ea,22,Field,Noise
train/noise/cdcb4286d24807ea_w27.png,cdcb4286d24807ea,27,Field,Noise
train/noise/cde946d16b862060_w01.png,cde946d16b862060,1,Field,Noise
train/noise/cde946d16b862060_w11.png,cde946d16b862060,11,Field,Noise
train/noise/cde946d16b862060_w14.png,cde946d16b862060,14,Field,Noise
train/noise/cde946d16b862060_w16.png,cde946d16b862060,16,Field,Noise
train/noise/cde946d16b862060_w17.png,cde946d16b862060,17,Field,Noise
train/noise/cde946d16b862060_w21.png,cde946d16b862060,21,Field,Noise
train/noise/cde946d16b862060_w24.png,cde946d16b862060,24,Field,Noise
train/noise/cde946d16b862060_w26.png,cde946d16b862060,26,Field,Noise
train/noise/cdf4db05026c32af_w03.png,cdf4db05026c32af,3,Field,Noise
train/noise/cdf4db05026c32af_w05.png,cdf4db05026c32af,5,Field,Noise
train/noise/cdf4db05026c32af_w16.png,cdf4db05026c32af,16,Field,Noise
train/noise/cdf4db05026c32af_w17.png,cdf4db05026c32af,17,Field,Noise
train/noise/cdf4db05026c32af_w18.png,cdf4db05026c32af,18,Field,Noise
train/noise/cdf4db05026c32af_w20.png,cdf4db05026c32af,20,Field,Noise
train/noise/cdf4db05026c32af_w22.png,cdf4db05026c32af,22,Field,Noise
train/noise/cdf4db05026c32af_w24.png,cdf4db05026c32af,24,Field,Noise
train/noise/ce7137142a2a1d3c_w03.png,ce7137142a2a1d3c,3,Field,Noise
train/noise/ce7137142a2a1d3c_w06.png,ce7137142a2a1d3c,6,Field,Noise
train/noise/ce7137142a2a1d3c_w13.png,ce7137142a2a1d3c,13,Field,Noise
train/noise/ce7137142a2a1d3c_w17.png,ce7137142a2a1d3c,17,Field,Noise
train/noise/ce7137142a2a1d3c_w19.png,ce7137142a2a1d3c,19,Field,Noise
train/noise/ce7137142a2a1d3c_w23.png,ce7137142a2a1d3c,23,Field,Noise
train/noise/ce7137142a2a1d3c_w25.png,ce7137142a2a1d3c,25,Field,Noise
train/noise/ce7137142a2a1d3c_w27.png,ce7137142a2a1d3c,27,Field,Noise
train/noise/ce77f39b82d3fc31_w01.png,ce77f39b82d3fc31,1,Field,Noise
train/noise/ce77f39b82d3fc31_w09.png,ce77f39b82d3fc31,9,Field,Noise
train/noise/ce77f39b82d3fc31_w10.png,ce77f39b82d3fc31,10,Field,Noise
train/noise/ce77f39b82d3fc31_w11.png,ce77f39b82d3fc31,11,Field,Noise
train/noise/ce77f39b82d3fc31_w16.png,ce77f39b82d3fc31,16,Field,Noise
train/noise/ce77f39b82d3fc31_w18.png,ce77f39b82d3fc31,18,Field,Noise
train/noise/ce77f39b82d3fc31_w22.png,ce77f39b82d3fc31,22,Field,Noise
train/noise/ce77f39b82d3fc31_w26.png,ce77f39b82d3fc31,26,Field,Noise
train/noise/ce983dee28d888fd_w02.png,ce983dee28d888fd,2,Field,Noise
train/noise/ce983dee28d888fd_w08.png,ce983dee28d888fd,8,Field,Noise
train/noise/ce983dee28d888fd_w09.png,ce983dee28d888fd,9,Field,Noise
train/noise/ce983dee28d888fd_w13.png,ce983dee28d888fd,13,Field,Noise
train/noise/ce983dee28d888fd_w14.png,ce983dee28d888fd,14,Field,Noise
train/noise/ce983dee28d888fd_w16.png,ce983dee28d888fd,16,Field,Noise
train/noise/ce983dee28d888fd_w18.png,ce983dee28d888fd,18,Field,Noise
train/noise/ce983dee28d888fd_w19.png,ce983dee28d888fd,19,Field,Noise
train/noise/cef70fcafdfb19e2_w02.png,cef70fcafdfb19e2,2,Field,Noise
train/noise/cef70fcafdfb19e2_w05.png,cef70fcafdfb19e2,5,Field,Noise
train/noise/cef70fcafdfb19e2_w10.png,cef70fcafdfb19e2,10,Field,Noise
train/noise/cef70fcafdfb19e2_w12.png,cef70fcafdfb19e2,12,Field,Noise
train/noise/cef70fcafdfb19e2_w19.png,cef70fcafdfb19e2,19,Field,Noise
train/noise/cef70fcafdfb19e2_w25.png,cef70fcafdfb19e2,25,Field,Noise
train/noise/cef70fcafdfb19e2_w26.png,cef70fcafdfb19e2,26,Field,Noise
train/noise/cef70fcafdfb19e2_w27.png,cef70fcafdfb19e2,27,Field,Noise
train/noise/cfa6e5f469ca5758_w06.png,cfa6e5f469ca5758,6,Field,Noise
train/noise/cfa6e5f469ca5758_w13.png,cfa6e5f469ca5758,13,Field,Noise
train/noise/cfa6e5f469ca5758_w14.png,cfa6e5f469ca5758,14,Field,Noise
train/noise/cfa6e5f469ca5758_w16.png,cfa6e5f469ca5758,16,Field,Noise
train/noise/cfa6e5f469ca5758_w17.png,cfa6e5f469ca5758,17,Field,Noise
train/noise/cfa6e5f469ca5758_w18.png,cfa6e5f469ca5758,18,Field,Noise
train/noise/cfa6e5f469ca5758_w22.png,cfa6e5f469ca5758,22,Field,Noise
train/noise/cfa6e5f469ca5758_w24.png,cfa6e5f469ca5758,24,Field,Noise
train/noise/cfd86d4c1fd911b9_w01.png,cfd86d4c1fd911b9,1,Lab,Noise
train/noise/cfd86d4c1fd911b9_w04.png,cfd86d4c1fd911b9,4,Lab,Noise
train/noise/cfd86d4c1fd911b9_w06.png,cfd86d4c1fd911b9,6,Lab,Noise
train/noise/cfd86d4c1fd911b9_w07.png,cfd86d4c1fd911b9,7,Lab,Noise
train/noise/cfd86d4c1fd911b9_w15.png,cfd86d4c1fd911b9,15,Lab,Noise
train/noise/cfd86d4c1fd911b9_w18.png,cfd86d4c1fd911b9,18,Lab,Noise
train/noise/cfd86d4c1fd911b9_w20.png,cfd86d4c1fd911b9,20,Lab,Noise
train/noise/cfd86d4c1fd911b9_w27.png,cfd86d4c1fd911b9,27,Lab,Noise
train/noise/cfe23a48a6bdee5b_w00.png,cfe23a48a6bdee5b,0,Lab,Noise
train/noise/cfe23a48a6bdee5b_w01.png,cfe23a48a6bdee5b,1,Lab,Noise
train/noise/cfe23a48a6bdee5b_w03.png,cfe23a48a6bdee5b,3,Lab,Noise
train/noise/cfe23a48a6bdee5b_w09.png,cfe23a48a6bdee5b,9,Lab,Noise
train/noise/cfe23a48a6bdee5b_w11.png,cfe23a48a6bdee5b,11,Lab,Noise
train/noise/cfe23a48a6bdee5b_w13.png,cfe23a48a6bdee5b,13,Lab,Noise
train/noise/cfe23a48a6bdee5b_w14.png,cfe23a48a6bdee5b,14,Lab,Noise
train/noise/cfe23a48a6bdee5b_w22.png,cfe23a48a6bdee5b,22,Lab,Noise
train/noise/d04875ba95e79c15_w03.png,d04875ba95e79c15,3,Field,Noise
train/noise/d04875ba95e79c15_w04.png,d04875ba95e79c15,4,Field,Noise
train/noise/d04875ba95e79c15_w07.png,d04875ba95e79c15,7,Field,Noise
train/noise/d04875ba95e79c15_w11.png,d04875ba95e79c15,11,Field,Noise
train/noise/d04875ba95e79c15_w14.png,d04875ba95e79c15,14,Field,Noise
train/noise/d04875ba95e79c15_w17.png,d04875ba95e79c15,17,Field,Noise
train/noise/d04875ba95e79c15_w21.png,d04875ba95e79c15,21,Field,Noise
train/noise/d04875ba95e79c15_w26.png,d04875ba95e79c15,26,Field,Noise
train/noise/d0526b4a8db969bc_w03.png,d0526b4a8db969bc,3,Lab,Noise
train/noise/d0526b4a8db969bc_w11.png,d0526b4a8db969bc,11,Lab,Noise
train/noise/d0526b4a8db969bc_w12.png,d0526b4a8db969bc,12,Lab,Noise
train/noise/d0526b4a8db969bc_w18.png,d0526b4a8db969bc,18,Lab,Noise
train/noise/d0526b4a8db969bc_w19.png,d0526b4a8db969bc,19,Lab,Noise
train/noise/d0526b4a8db969bc_w21.png,d0526b4a8db969bc,21,Lab,Noise
train/noise/d0526b4a8db969bc_w22.png,d0526b4a8db969bc,22,Lab,Noise
train/noise/d0526b4a8db969bc_w27.png,d0526b4a8db969bc,27,Lab,Noise
train/noise/d05ddc01ae8a9ae5_w01.png,d05ddc01ae8a9ae5,1,Field,Noise
train/noise/d05ddc01ae8a9ae5_w03.png,d05ddc01ae8a9ae5,3,Field,Noise
train/noise/d05ddc01ae8a9ae5_w11.png,d05ddc01ae8a9ae5,11,Field,Noise
train/noise/d05ddc01ae8a9ae5_w12.png,d05ddc01ae8a9ae5,12,Field,Noise
train/noise/d05ddc01ae8a9ae5_w13.png,d05ddc01ae8a9ae5,13,Field,Noise
train/noise/d05ddc01ae8a9ae5_w14.png,d05ddc01ae8a9ae5,14,Field,Noise
train/noise/d05ddc01ae8a9ae5_w24.png,d05ddc01ae8a9ae5,24,Field,Noise
train/noise/d05ddc01ae8a9ae5_w27.png,d05ddc01ae8a9ae5,27,Field,Noise
train/noise/d0bf2ce0f9ae854b_w02.png,d0bf2ce0f9ae854b,2,Field,Noise
train/noise/d0bf2ce0f9ae854b_w05.png,d0bf2ce0f9ae854b,5,Field,Noise
train/noise/d0bf2ce0f9ae854b_w07.png,d0bf2ce0f9ae854b,7,Field,Noise
train/noise/d0bf2ce0f9ae854b_w09.png,d0bf2ce0f9ae854b,9,Field,Noise
train/noise/d0bf2ce0f9ae854b_w12.png,d0bf2ce0f9ae854b,12,Field,Noise
train/noise/d0bf2ce0f9ae854b_w22.png,d0bf2ce0f9ae854b,22,Field,Noise
train/noise/d0bf2ce0f9ae854b_w23.png,d0bf2ce0f9ae854b,23,Field,Noise
train/noise/d0bf2ce0f9ae854b_w27.png,d0bf2ce0f9ae854b,27,Field,Noise
train/noise/d0f954d39a795067_w00.png,d0f954d39a795067,0,Field,Noise
train/noise/d0f954d39a795067_w02.png,d0f954d39a795067,2,Field,Noise
train/noise/d0f954d39a795067_w04.png,d0f954d39a795067,4,Field,Noise
train/noise/d0f954d39a795067_w05.png,d0f954d39a795067,5,Field,Noise
train/noise/d0f954d39a795067_w09.png,d0f954d39a795067,9,Field,Noise
train/noise/d0f954d39a795067_w22.png,d0f954d39a795067,22,Field,Noise
train/noise/d0f954d39a795067_w25.png,d0f954d39a795067,25,Field,Noise
train/noise/d0f954d39a795067_w26.png,d0f954d39a795067,26,Field,Noise
train/noise/d124caf9fce177a5_w02.png,d124caf9fce177a5,2,Field,Noise
train/noise/d124caf9fce177a5_w07.png,d124caf9fce177a5,7,Field,Noise
train/noise/d124caf9fce177a5_w09.png,d124caf9fce177a5,9,Field,Noise
train/noise/d124caf9fce177a5_w14.png,d124caf9fce177a5,14,Field,Noise
train/noise/d124caf9fce177a5_w16.png,d124caf9fce177a5,16,Field,Noise
train/noise/d124caf9fce177a5_w22.png,d124caf9fce177a5,22,Field,Noise
train/noise/d124caf9fce177a5_w23.png,d124caf9fce177a5,23,Field,Noise
train/noise/d124caf9fce177a5_w27.png,d124caf9fce177a5,27,Field,Noise
train/noise/d12e485cfb251148_w03.png,d12e485cfb251148,3,Lab,Noise
train/noise/d12e485cfb251148_w04.png,d12e485cfb251148,4,Lab,Noise
train/noise/d12e485cfb251148_w08.png,d12e485cfb251148,8,Lab,Noise
train/noise/d12e485cfb251148_w11.png,d12e485cfb251148,11,Lab,Noise
train/noise/d12e485cfb251148_w12.png,d12e485cfb251148,12,Lab,Noise
train/noise/d12e485cfb251148_w14.png,d12e485cfb251148,14,Lab,Noise
train/noise/d12e485cfb251148_w16.png,d12e485cfb251148,16,Lab,Noise
train/noise/d12e485cfb251148_w17.png,d12e485cfb251148,17,Lab,Noise
train/noise/d13697b9a095c20e_w05.png,d13697b9a095c20e,5,Field,Noise
train/noise/d13697b9a095c20e_w10.png,d13697b9a095c20e,10,Field,Noise
train/noise/d13697b9a095c20e_w14.png,d13697b9a095c20e,14,Field,Noise
train/noise/d13697b9a095c20e_w15.png,d13697b9a095c20e,15,Field,Noise
train/noise/d13697b9a095c20e_w17.png,d13697b9a095c20e,17,Field,Noise
train/noise/d13697b9a095c20e_w23.png,d13697b9a095c20e,23,Field,Noise
train/noise/d13697b9a095c20e_w24.png,d13697b9a095c20e,24,Field,Noise
train/noise/d13697b9a095c20e_w25.png,d13697b9a095c20e,25,Field,Noise
train/noise/d1846f9b91dcf1a7_w02.png,d1846f9b91dcf1a7,2,Field,Noise
train/noise/d1846f9b91dcf1a7_w06.png,d1846f9b91dcf1a7,6,Field,Noise
train/noise/d1846f9b91dcf1a7_w07.png,d1846f9b91dcf1a7,7,Field,Noise
train/noise/d1846f9b91dcf1a7_w11.png,d1846f9b91dcf1a7,11,Field,Noise
train/noise/d1846f9b91dcf1a7_w14.png,d1846f9b91dcf1a7,14,Field,Noise
train/noise/d1846f9b91dcf1a7_w20.png,d1846f9b91dcf1a7,20,Field,Noise
train/noise/d1846f9b91dcf1a7_w23.png,d1846f9b91dcf1a7,23,Field,Noise
train/noise/d1846f9b91dcf1a7_w25.png,d1846f9b91dcf1a7,25,Field,Noise
train/noise/d19c46417301ea09_w00.png,d19c46417301ea09,0,Field,Noise
train/noise/d19c46417301ea09_w04.png,d19c46417301ea09,4,Field,Noise
train/noise/d19c46417301ea09_w06.png,d19c46417301ea09,6,Field,Noise
train/noise/d19c46417301ea09_w07.png,d19c46417301ea09,7,Field,Noise
train/noise/d19c46417301ea09_w13.png,d19c46417301ea09,13,Field,Noise
train/noise/d19c46417301ea09_w14.png,d19c46417301ea09,14,Field,Noise
train/noise/d19c46417301ea09_w18.png,d19c46417301ea09,18,Field,Noise
train/noise/d19c46417301ea09_w27.png,d19c46417301ea09,27,Field,Noise
train/noise/d1c5b28642f6835b_w02.png,d1c5b28642f6835b,2,Field,Noise
train/noise/d1c5b28642f6835b_w08.png,d1c5b28642f6835b,8,Field,Noise
train/noise/d1c5b28642f6835b_w10.png,d1c5b28642f6835b,10,Field,Noise
train/noise/d1c5b28642f6835b_w13.png,d1c5b28642f6835b,13,Field,Noise
train/noise/d1c5b28642f6835b_w17.png,d1c5b28642f6835b,17,Field,Noise
train/noise/d1c5b28642f6835b_w22.png,d1c5b28642f6835b,22,Field,Noise
train/noise/d1c5b28642f6835b_w24.png,d1c5b28642f6835b,24,Field,Noise
train/noise/d1c5b28642f6835b_w26.png,d1c5b28642f6835b,26,Field,Noise
train/noise/d1e29a019d226193_w00.png,d1e29a019d226193,0,Field,Noise
train/noise/d1e29a019d226193_w05.png,d1e29a019d226193,5,Field,Noise
train/noise/d1e29a019d226193_w07.png,d1e29a019d226193,7,Field,Noise
train/noise/d1e29a019d226193_w08.png,d1e29a019d226193,8,Field,Noise
train/noise/d1e29a019d226193_w09.png,d1e29a019d226193,9,Field,Noise
train/noise/d1e29a019d226193_w10.png,d1e29a019d226193,10,Field,Noise
train/noise/d1e29a019d226193_w16.png,d1e29a019d226193,16,Field,Noise
train/noise/d1e29a019d226193_w22.png,d1e29a019d226193,22,Field,Noise
train/noise/d2624f487e0e96f2_w02.png,d2624f487e0e96f2,2,Field,Noise
train/noise/d2624f487e0e96f2_w03.png,d2624f487e0e96f2,3,Field,Noise
train/noise/d2624f487e0e96f2_w05.png,d2624f487e0e96f2,5,Field,Noise
train/noise/d2624f487e0e96f2_w14.png,d2624f487e0e96f2,14,Field,Noise
train/noise/d2624f487e0e96f2_w17.png,d2624f487e0e96f2,17,Field,Noise
train/noise/d2624f487e0e96f2_w18.png,d2624f487e0e96f2,18,Field,Noise
train/noise/d2624f487e0e96f2_w19.png,d2624f487e0e96f2,19,Field,Noise
train/noise/d2624f487e0e96f2_w20.png,d2624f487e0e96f2,20,Field,Noise
train/noise/d2e6ecac930b8aa0_w06.png,d2e6ecac930b8aa0,6,Field,Noise
train/noise/d2e6ecac930b8aa0_w09.png,d2e6ecac930b8aa0,9,Field,Noise
train/noise/d2e6ecac930b8aa0_w16.png,d2e6ecac930b8aa0,16,Field,Noise
train/noise/d2e6ecac930b8aa0_w17.png,d2e6ecac930b8aa0,17,Field,Noise
train/noise/d2e6ecac930b8aa0_w18.png,d2e6ecac930b8aa0,18,Field,Noise
train/noise/d2e6ecac930b8aa0_w19.png,d2e6ecac930b8aa0,19,Field,Noise
train/noise/d2e6ecac930b8aa0_w24.png,d2e6ecac930b8aa0,24,Field,Noise
train/noise/d2e6ecac930b8aa0_w25.png,d2e6ecac930b8aa0,25,Field,Noise
train/noise/d3349fccd2ba0462_w04.png,d3349fccd2ba0462,4,Field,Noise
train/noise/d3349fccd2ba0462_w07.png,d3349fccd2ba0462,7,Field,Noise
train/noise/d3349fccd2ba0462_w08.png,d3349fccd2ba0462,8,Field,Noise
train/noise/d3349fccd2ba0462_w13.png,d3349fccd2ba0462,13,Field,Noise
train/noise/d3349fccd2ba0462_w15.png,d3349fccd2ba0462,15,Field,Noise
train/noise/d3349fccd2ba0462_w20.png,d3349fccd2ba0462,20,Field,Noise
train/noise/d3349fccd2ba0462_w22.png,d3349fccd2ba0462,22,Field,Noise
train/noise/d3349fccd2ba0462_w23.png,d3349fccd2ba0462,23,Field,Noise
train/noise/d3396fa0c0c28cde_w01.png,d3396fa0c0c28cde,1,Field,Noise
train/noise/d3396fa0c0c28cde_w05.png,d3396fa0c0c28cde,5,Field,Noise
train/noise/d3396fa0c0c28cde_w09.png,d3396fa0c0c28cde,9,Field,Noise
train/noise/d3396fa0c0c28cde_w12.png,d3396fa0c0c28cde,12,Field,Noise
train/noise/d3396fa0c0c28cde_w14.png,d3396fa0c0c28cde,14,Field,Noise
train/noise/d3396fa0c0c28cde_w18.png,d3396fa0c0c28cde,18,Field,Noise
train/noise/d3396fa0c0c28cde_w19.png,d3396fa0c0c28cde,19,Field,Noise
train/noise/d3396fa0c0c28cde_w26.png,d3396fa0c0c28cde,26,Field,Noise
train/noise/d35ca4701da6bb13_w00.png,d35ca4701da6bb13,0,Lab,Noise
train/noise/d35ca4701da6bb13_w03.png,d35ca4701da6bb13,3,Lab,Noise
train/noise/d35ca4701da6bb13_w14.png,d35ca4701da6bb13,14,Lab,Noise
train/noise/d35ca4701da6bb13_w16.png,d35ca4701da6bb13,16,Lab,Noise
train/noise/d35ca4701da6bb13_w20.png,d35ca4701da6bb13,20,Lab,Noise
train/noise/d35ca4701da6bb13_w21.png,d35ca4701da6bb13,21,Lab,Noise
train/noise/d35ca4701da6bb13_w22.png,d35ca4701da6bb13,22,Lab,Noise
train/noise/d35ca4701da6bb13_w25.png,d35ca4701da6bb13,25,Lab,Noise
train/noise/d3badf0fb898f3b1_w00.png,d3badf0fb898f3b1,0,Field,Noise
train/noise/d3badf0fb898f3b1_w01.png,d3badf0fb898f3b1,1,Field,Noise
train/noise/d3badf0fb898f3b1_w03.png,d3badf0fb898f3b1,3,Field,Noise
train/noise/d3badf0fb898f3b1_w07.png,d3badf0fb898f3b1,7,Field,Noise
train/noise/d3badf0fb898f3b1_w10.png,d3badf0fb898f3b1,10,Field,Noise
train/noise/d3badf0fb898f3b1_w12.png,d3badf0fb898f3b1,12,Field,Noise
train/noise/d3badf0fb898f3b1_w18.png,d3badf0fb898f3b1,18,Field,Noise
train/noise/d3badf0fb898f3b1_w20.png,d3badf0fb898f3b1,20,Field,Noise
train/noise/d41dd7ff2ba57cf5_w10.png,d41dd7ff2ba57cf5,10,Field,Noise
train/noise/d41dd7ff2ba57cf5_w13.png,d41dd7ff2ba57cf5,13,Field,Noise
train/noise/d41dd7ff2ba57cf5_w14.png,d41dd7ff2ba57cf5,14,Field,Noise
train/noise/d41dd7ff2ba57cf5_w15.png,d41dd7ff2ba57cf5,15,Field,Noise
train/noise/d41dd7ff2ba57cf5_w18.png,d41dd7ff2ba57cf5,18,Field,Noise
train/noise/d41dd7ff2ba57cf5_w22.png,d41dd7ff2ba57cf5,22,Field,Noise
train/noise/d41dd7ff2ba57cf5_w23.png,d41dd7ff2ba57cf5,23,Field,Noise
train/noise/d41dd7ff2ba57cf5_w27.png,d41dd7ff2ba57cf5,27,Field,Noise
train/noise/d43e9782307e3668_w00.png,d43e9782307e3668,0,Field,Noise
train/noise/d43e9782307e3668_w10.png,d43e9782307e3668,10,Field,Noise
train/noise/d43e9782307e3668_w11.png,d43e9782307e3668,11,Field,Noise
train/noise/d43e9782307e3668_w12.png,d43e9782307e3668,12,Field,Noise
train/noise/d43e9782307e3668_w15.png,d43e9782307e3668,15,Field,Noise
train/noise/d43e9782307e3668_w17.png,d43e9782307e3668,17,Field,Noise
train/noise/d43e9782307e3668_w19.png,d43e9782307e3668,19,Field,Noise
train/noise/d43e9782307e3668_w20.png,d43e9782307e3668,20,Field,Noise
train/noise/d468ab1bb6d3a904_w08.png,d468ab1bb6d3a904,8,Field,Noise
train/noise/d468ab1bb6d3a904_w09.png,d468ab1bb6d3a904,9,Field,Noise
train/noise/d468ab1bb6d3a904_w10.png,d468ab1bb6d3a904,10,Field,Noise
train/noise/d468ab1bb6d3a904_w15.png,d468ab1bb6d3a904,15,Field,Noise
train/noise/d468ab1bb6d3a904_w16.png,d468ab1bb6d3a904,16,Field,Noise
train/noise/d468ab1bb6d3a904_w22.png,d468ab1bb6d3a904,22,Field,Noise
train/noise/d468ab1bb6d3a904_w23.png,d468ab1bb6d3a904,23,Field,Noise
train/noise/d468ab1bb6d3a904_w24.png,d468ab1bb6d3a904,24,Field,Noise
train/noise/d46ea693bfab4038_w03.png,d46ea693bfab4038,3,Field,Noise
train/noise/d46ea693bfab4038_w05.png,d46ea693bfab4038,5,Field,Noise
train/noise/d46ea693bfab4038_w09.png,d46ea693bfab4038,9,Field,Noise
train/noise/d46ea693bfab4038_w11.png,d46ea693bfab4038,11,Field,Noise
train/noise/d46ea693bfab4038_w13.png,d46ea693bfab4038,13,Field,Noise
train/noise/d46ea693bfab4038_w16.png,d46ea693bfab4038,16,Field,Noise
train/noise/d46ea693bfab4038_w18.png,d46ea693bfab4038,18,Field,Noise
train/noise/d46ea693bfab4038_w27.png,d46ea693bfab4038,27,Field,Noise
train/noise/d4a6fb04652979a8_w01.png,d4a6fb04652979a8,1,Field,Noise
train/noise/d4a6fb04652979a8_w10.png,d4a6fb04652979a8,10,Field,Noise
train/noise/d4a6fb04652979a8_w11.png,d4a6fb04652979a8,11,Field,Noise
train/noise/d4a6fb04652979a8_w14.png,d4a6fb04652979a8,14,Field,Noise
train/noise/d4a6fb04652979a8_w16.png,d4a6fb04652979a8,16,Field,Noise
train/noise/d4a6fb04652979a8_w17.png,d4a6fb04652979a8,17,Field,Noise
train/noise/d4a6fb04652979a8_w23.png,d4a6fb04652979a8,23,Field,Noise
train/noise/d4a6fb04652979a8_w26.png,d4a6fb04652979a8,26,Field,Noise
train/noise/d517ed9f54bd4404_w00.png,d517ed9f54bd4404,0,Field,Noise
train/noise/d517ed9f54bd4404_w01.png,d517ed9f54bd4404,1,Field,Noise
train/noise/d517ed9f54bd4404_w10.png,d517ed9f54bd4404,10,Field,Noise
train/noise/d517ed9f54bd4404_w11.png,d517ed9f54bd4404,11,Field,Noise
train/noise/d517ed9f54bd4404_w12.png,d517ed9f54bd4404,12,Field,Noise
train/noise/d517ed9f54bd4404_w13.png,d517ed9f54bd4404,13,Field,Noise
train/noise/d517ed9f54bd4404_w18.png,d517ed9f54bd4404,18,Field,Noise
train/noise/d517ed9f54bd4404_w22.png,d517ed9f54bd4404,22,Field,Noise
train/noise/d536ab2dc6690e4b_w01.png,d536ab2dc6690e4b,1,Field,Noise
train/noise/d536ab2dc6690e4b_w03.png,d536ab2dc6690e4b,3,Field,Noise
train/noise/d536ab2dc6690e4b_w04.png,d536ab2dc6690e4b,4,Field,Noise
train/noise/d536ab2dc6690e4b_w08.png,d536ab2dc6690e4b,8,Field,Noise
train/noise/d536ab2dc6690e4b_w09.png,d536ab2dc6690e4b,9,Field,Noise
train/noise/d536ab2dc6690e4b_w14.png,d536ab2dc6690e4b,14,Field,Noise
train/noise/d536ab2dc6690e4b_w18.png,d536ab2dc6690e4b,18,Field,Noise
train/noise/d536ab2dc6690e4b_w26.png,d536ab2dc6690e4b,26,Field,Noise
train/noise/d63abc7e475b9e12_w04.png,d63abc7e475b9e12,4,Field,Noise
train/noise/d63abc7e475b9e12_w07.png,d63abc7e475b9e12,7,Field,Noise
train/noise/d63abc7e475b9e12_w08.png,d63abc7e475b9e12,8,Field,Noise
train/noise/d63abc7e475b9e12_w11.png,d63abc7e475b9e12,11,Field,Noise
train/noise/d63abc7e475b9e12_w18.png,d63abc7e475b9e12,18,Field,Noise
train/noise/d63abc7e475b9e12_w21.png,d63abc7e475b9e12,21,Field,Noise
train/noise/d63abc7e475b9e12_w22.png,d63abc7e475b9e12,22,Field,Noise
train/noise/d63abc7e475b9e12_w26.png,d63abc7e475b9e12,26,Field,Noise
train/noise/d69655deb402d719_w04.png,d69655deb402d719,4,Field,Noise
train/noise/d69655deb402d719_w05.png,d69655deb402d719,5,Field,Noise
train/noise/d69655deb402d719_w07.png,d69655deb402d719,7,Field,Noise
train/noise/d69655deb402d719_w09.png,d69655deb402d719,9,Field,Noise
train/noise/d69655deb402d719_w12.png,d69655deb402d719,12,Field,Noise
train/noise/d69655deb402d719_w19.png,d69655deb402d719,19,Field,Noise
train/noise/d69655deb402d719_w23.png,d69655deb402d719,23,Field,Noise
train/noise/d69655deb402d719_w27.png,d69655deb402d719,27,Field,Noise
train/noise/d6e2855b51e3e238_w02.png,d6e2855b51e3e238,2,Field,Noise
train/noise/d6e2855b51e3e238_w03.png,d6e2855b51e3e238,3,Field,Noise
train/noise/d6e2855b51e3e238_w05.png,d6e2855b51e3e238,5,Field,Noise
train/noise/d6e2855b51e3e238_w11.png,d6e2855b51e3e238,11,Field,Noise
train/noise/d6e2855b51e3e238_w12.png,d6e2855b51e3e238,12,Field,Noise
train/noise/d6e2855b51e3e238_w16.png,d6e2855b51e3e238,16,Field,Noise
train/noise/d6e2855b51e3e238_w23.png,d6e2855b51e3e238,23,Field,Noise
train/noise/d6e2855b51e3e238_w27.png,d6e2855b51e3e238,27,Field,Noise
train/noise/d7b68437e6bf0c45_w01.png,d7b68437e6bf0c45,1,Field,Noise
train/noise/d7b68437e6bf0c45_w02.png,d7b68437e6bf0c45,2,Field,Noise
train/noise/d7b68437e6bf0c45_w03.png,d7b68437e6bf0c45,3,Field,Noise
train/noise/d7b68437e6bf0c45_w04.png,d7b68437e6bf0c45,4,Field,Noise
train/noise/d7b68437e6bf0c45_w10.png,d7b68437e6bf0c45,10,Field,Noise
train/noise/d7b68437e6bf0c45_w13.png,d7b68437e6bf0c45,13,Field,Noise
train/noise/d7b68437e6bf0c45_w14.png,d7b68437e6bf0c45,14,Field,Noise
train/noise/d7b68437e6bf0c45_w21.png,d7b68437e6bf0c45,21,Field,Noise
train/noise/d7e0926e8223d6db_w12.png,d7e0926e8223d6db,12,Field,Noise
train/noise/d7e0926e8223d6db_w13.png,d7e0926e8223d6db,13,Field,Noise
train/noise/d7e0926e8223d6db_w18.png,d7e0926e8223d6db,18,Field,Noise
train/noise/d7e0926e8223d6db_w19.png,d7e0926e8223d6db,19,Field,Noise
train/noise/d7e0926e8223d6db_w20.png,d7e0926e8223d6db,20,Field,Noise
train/noise/d7e0926e8223d6db_w21.png,d7e0926e8223d6db,21,Field,Noise
train/noise/d7e0926e8223d6db_w22.png,d7e0926e8223d6db,22,Field,Noise
train/noise/d7e0926e8223d6db_w23.png,d7e0926e8223d6db,23,Field,Noise
train/noise/d855671e7906e4ec_w02.png,d855671e7906e4ec,2,Field,Noise
train/noise/d855671e7906e4ec_w08.png,d855671e7906e4ec,8,Field,Noise
train/noise/d855671e7906e4ec_w10.png,d855671e7906e4ec,10,Field,Noise
train/noise/d855671e7906e4ec_w11.png,d855671e7906e4ec,11,Field,Noise
train/noise/d855671e7906e4ec_w15.png,d855671e7906e4ec,15,Field,Noise
train/noise/d855671e7906e4ec_w18.png,d855671e7906e4ec,18,Field,Noise
train/noise/d855671e7906e4ec_w19.png,d855671e7906e4ec,19,Field,Noise
train/noise/d855671e7906e4ec_w21.png,d855671e7906e4ec,21,Field,Noise
train/noise/d8ab5dfd7872649a_w00.png,d8ab5dfd7872649a,0,Field,Noise
train/noise/d8ab5dfd7872649a_w01.png,d8ab5dfd7872649a,1,Field,Noise
train/noise/d8ab5dfd7872649a_w05.png,d8ab5dfd7872649a,5,Field,Noise
train/noise/d8ab5dfd7872649a_w07.png,d8ab5dfd7872649a,7,Field,Noise
train/noise/d8ab5dfd7872649a_w09.png,d8ab5dfd7872649a,9,Field,Noise
train/noise/d8ab5dfd7872649a_w13.png,d8ab5dfd7872649a,13,Field,Noise
train/noise/d8ab5dfd7872649a_w15.png,d8ab5dfd7872649a,15,Field,Noise
train/noise/d8ab5dfd7872649a_w17.png,d8ab5dfd7872649a,17,Field,Noise
train/noise/d8ba1045b2fa0d94_w04.png,d8ba1045b2fa0d94,4,Field,Noise
train/noise/d8ba1045b2fa0d94_w13.png,d8ba1045b2fa0d94,13,Field,Noise
train/noise/d8ba1045b2fa0d94_w14.png,d8ba1045b2fa0d94,14,Field,Noise
train/noise/d8ba1045b2fa0d94_w15.png,d8ba1045b2fa0d94,15,Field,Noise
train/noise/d8ba1045b2fa0d94_w17.png,d8ba1045b2fa0d94,17,Field,Noise
train/noise/d8ba1045b2fa0d94_w18.png,d8ba1045b2fa0d94,18,Field,Noise
train/noise/d8ba1045b2fa0d94_w20.png,d8ba1045b2fa0d94,20,Field,Noise
train/noise/d8ba1045b2fa0d94_w26.png,d8ba1045b2fa0d94,26,Field,Noise
train/noise/d8fa6c79aa0f3459_w01.png,d8fa6c79aa0f3459,1,Field,Noise
train/noise/d8fa6c79aa0f3459_w03.png,d8fa6c79aa0f3459,3,Field,Noise
train/noise/d8fa6c79aa0f3459_w05.png,d8fa6c79aa0f3459,5,Field,Noise
train/noise/d8fa6c79aa0f3459_w08.png,d8fa6c79aa0f3459,8,Field,Noise
train/noise/d8fa6c79aa0f3459_w12.png,d8fa6c79aa0f3459,12,Field,Noise
train/noise/d8fa6c79aa0f3459_w17.png,d8fa6c79aa0f3459,17,Field,Noise
train/noise/d8fa6c79aa0f3459_w21.png,d8fa6c79aa0f3459,21,Field,Noise
train/noise/d8fa6c79aa0f3459_w27.png,d8fa6c79aa0f3459,27,Field,Noise
train/noise/d8fd43fe61d32f2a_w03.png,d8fd43fe61d32f2a,3,Field,Noise
train/noise/d8fd43fe61d32f2a_w04.png,d8fd43fe61d32f2a,4,Field,Noise
train/noise/d8fd43fe61d32f2a_w06.png,d8fd43fe61d32f2a,6,Field,Noise
train/noise/d8fd43fe61d32f2a_w08.png,d8fd43fe61d32f2a,8,Field,Noise
train/noise/d8fd43fe61d32f2a_w09.png,d8fd43fe61d32f2a,9,Field,Noise
train/noise/d8fd43fe61d32f2a_w10.png,d8fd43fe61d32f2a,10,Field,Noise
train/noise/d8fd43fe61d32f2a_w12.png,d8fd43fe61d32f2a,12,Field,Noise
train/noise/d8fd43fe61d32f2a_w27.png,d8fd43fe61d32f2a,27,Field,Noise
train/noise/d953af76941e9126_w04.png,d953af76941e9126,4,Lab,Noise
train/noise/d953af76941e9126_w05.png,d953af76941e9126,5,Lab,Noise
train/noise/d953af76941e9126_w07.png,d953af76941e9126,7,Lab,Noise
train/noise/d953af76941e9126_w13.png,d953af76941e9126,13,Lab,Noise
train/noise/d953af76941e9126_w14.png,d953af76941e9126,14,Lab,Noise
train/noise/d953af76941e9126_w16.png,d953af76941e9126,16,Lab,Noise
train/noise/d953af76941e9126_w17.png,d953af76941e9126,17,Lab,Noise
train/noise/d953af76941e9126_w20.png,d953af76941e9126,20,Lab,Noise
train/noise/d98339ad1fbf8711_w00.png,d98339ad1fbf8711,0,Lab,Noise
train/noise/d98339ad1fbf8711_w02.png,d98339ad1fbf8711,2,Lab,Noise
train/noise/d98339ad1fbf8711_w05.png,d98339ad1fbf8711,5,Lab,Noise
train/noise/d98339ad1fbf8711_w06.png,d98339ad1fbf8711,6,Lab,Noise
train/noise/d98339ad1fbf8711_w16.png,d98339ad1fbf8711,16,Lab,Noise
train/noise/d98339ad1fbf8711_w18.png,d98339ad1fbf8711,18,Lab,Noise
train/noise/d98339ad1fbf8711_w19.png,d98339ad1fbf8711,19,Lab,Noise
train/noise/d98339ad1fbf8711_w22.png,d98339ad1fbf8711,22,Lab,Noise
train/noise/d9b887d74b399845_w00.png,d9b887d74b399845,0,Field,Noise
train/noise/d9b887d74b399845_w01.png,d9b887d74b399845,1,Field,Noise
train/noise/d9b887d74b399845_w07.png,d9b887d74b399845,7,Field,Noise
train/noise/d9b887d74b399845_w08.png,d9b887d74b399845,8,Field,Noise
train/noise/d9b887d74b399845_w16.png,d9b887d74b399845,16,Field,Noise
train/noise/d9b887d74b399845_w19.png,d9b887d74b399845,19,Field,Noise
train/noise/d9b887d74b399845_w24.png,d9b887d74b399845,24,Field,Noise
train/noise/d9b887d74b399845_w26.png,d9b887d74b399845,26,Field,Noise
train/noise/da44a4b11d378adf_w00.png,da44a4b11d378adf,0,Field,Noise
train/noise/da44a4b11d378adf_w01.png,da44a4b11d378adf,1,Field,Noise
train/noise/da44a4b11d378adf_w02.png,da44a4b11d378adf,2,Field,Noise
train/noise/da44a4b11d378adf_w03.png,da44a4b11d378adf,3,Field,Noise
train/noise/da44a4b11d378adf_w09.png,da44a4b11d378adf,9,Field,Noise
train/noise/da44a4b11d378adf_w16.png,da44a4b11d378adf,16,Field,Noise
train/noise/da44a4b11d378adf_w21.png,da44a4b11d378adf,21,Field,Noise
train/noise/da44a4b11d378adf_w22.png,da44a4b11d378adf,22,Field,Noise
train/noise/daa1c673cfacbbab_w02.png,daa1c673cfacbbab,2,Field,Noise
train/noise/daa1c673cfacbbab_w07.png,daa1c673cfacbbab,7,Field,Noise
train/noise/daa1c673cfacbbab_w11.png,daa1c673cfacbbab,11,Field,Noise
train/noise/daa1c673cfacbbab_w13.png,daa1c673cfacbbab,13,Field,Noise
train/noise/daa1c673cfacbbab_w14.png,daa1c673cfacbbab,14,Field,Noise
train/noise/daa1c673cfacbbab_w15.png,daa1c673cfacbbab,15,Field,Noise
train/noise/daa1c673cfacbbab_w19.png,daa1c673cfacbbab,19,Field,Noise
train/noise/daa1c673cfacbbab_w22.png,daa1c673cfacbbab,22,Field,Noise
train/noise/dafb3dd8852aa26a_w00.png,dafb3dd8852aa26a,0,Field,Noise
train/noise/dafb3dd8852aa26a_w06.png,dafb3dd8852aa26a,6,Field,Noise
train/noise/dafb3dd8852aa26a_w11.png,dafb3dd8852aa26a,11,Field,Noise
train/noise/dafb3dd8852aa26a_w12.png,dafb3dd8852aa26a,12,Field,Noise
train/noise/dafb3dd8852aa26a_w19.png,dafb3dd8852aa26a,19,Field,Noise
train/noise/dafb3dd8852aa26a_w20.png,dafb3dd8852aa26a,20,Field,Noise
train/noise/dafb3dd8852aa26a_w24.png,dafb3dd8852aa26a,24,Field,Noise
train/noise/dafb3dd8852aa26a_w25.png,dafb3dd8852aa26a,25,Field,Noise
train/noise/db07554a279e215c_w03.png,db07554a279e215c,3,Field,Noise
train/noise/db07554a279e215c_w06.png,db07554a279e215c,6,Field,Noise
train/noise/db07554a279e215c_w15.png,db07554a279e215c,15,Field,Noise
train/noise/db07554a279e215c_w16.png,db07554a279e215c,16,Field,Noise
train/noise/db07554a279e215c_w19.png,db07554a279e215c,19,Field,Noise
train/noise/db07554a279e215c_w22.png,db07554a279e215c,22,Field,Noise
train/noise/db07554a279e215c_w23.png,db07554a279e215c,23,Field,Noise
train/noise/db07554a279e215c_w24.png,db07554a279e215c,24,Field,Noise
train/noise/db5e7e8e748f4289_w03.png,db5e7e8e748f4289,3,Field,Noise
train/noise/db5e7e8e748f4289_w04.png,db5e7e8e748f4289,4,Field,Noise
train/noise/db5e7e8e748f4289_w06.png,db5e7e8e748f4289,6,Field,Noise
train/noise/db5e7e8e748f4289_w08.png,db5e7e8e748f4289,8,Field,Noise
train/noise/db5e7e8e748f4289_w10.png,db5e7e8e748f4289,10,Field,Noise
train/noise/db5e7e8e748f4289_w22.png,db5e7e8e748f4289,22,Field,Noise
train/noise/db5e7e8e748f4289_w24.png,db5e7e8e748f4289,24,Field,Noise
train/noise/db5e7e8e748f4289_w27.png,db5e7e8e748f4289,27,Field,Noise
train/noise/dbc866bfbb1e1cfa_w00.png,dbc866bfbb1e1cfa,0,Field,Noise
train/noise/dbc866bfbb1e1cfa_w01.png,dbc866bfbb1e1cfa,1,Field,Noise
train/noise/dbc866bfbb1e1cfa_w02.png,dbc866bfbb1e1cfa,2,Field,Noise
train/noise/dbc866bfbb1e1cfa_w04.png,dbc866bfbb1e1cfa,4,Field,Noise
train/noise/dbc866bfbb1e1cfa_w13.png,dbc866bfbb1e1cfa,13,Field,Noise
train/noise/dbc866bfbb1e1cfa_w15.png,dbc866bfbb1e1cfa,15,Field,Noise
train/noise/dbc866bfbb1e1cfa_w23.png,dbc866bfbb1e1cfa,23,Field,Noise
train/noise/dbc866bfbb1e1cfa_w26.png,dbc866bfbb1e1cfa,26,Field,Noise
train/noise/dbc8d6994ff3c947_w01.png,dbc8d6994ff3c947,1,Field,Noise
train/noise/dbc8d6994ff3c947_w05.png,dbc8d6994ff3c947,5,Field,Noise
train/noise/dbc8d6994ff3c947_w09.png,dbc8d6994ff3c947,9,Field,Noise
train/noise/dbc8d6994ff3c947_w11.png,dbc8d6994ff3c947,11,Field,Noise
train/noise/dbc8d6994ff3c947_w12.png,dbc8d6994ff3c947,12,Field,Noise
train/noise/dbc8d6994ff3c947_w14.png,dbc8d6994ff3c947,14,Field,Noise
train/noise/dbc8d6994ff3c947_w20.png,dbc8d6994ff3c947,20,Field,Noise
train/noise/dbc8d6994ff3c947_w27.png,dbc8d6994ff3c947,27,Field,Noise
train/noise/dc0d83ca3589c9a0_w01.png,dc0d83ca3589c9a0,1,Field,Noise
train/noise/dc0d83ca3589c9a0_w03.png,dc0d83ca3589c9a0,3,Field,Noise
train/noise/dc0d83ca3589c9a0_w05.png,dc0d83ca3589c9a0,5,Field,Noise
train/noise/dc0d83ca3589c9a0_w15.png,dc0d83ca3589c9a0,15,Field,Noise
train/noise/dc0d83ca3589c9a0_w23.png,dc0d83ca3589c9a0,23,Field,Noise
train/noise/dc0d83ca3589c9a0_w24.png,dc0d83ca3589c9a0,24,Field,Noise
train/noise/dc0d83ca3589c9a0_w25.png,dc0d83ca3589c9a0,25,Field,Noise
train/noise/dc0d83ca3589c9a0_w26.png,dc0d83ca3589c9a0,26,Field,Noise
train/noise/dc585838dcea7a8d_w01.png,dc585838dcea7a8d,1,Field,Noise
train/noise/dc585838dcea7a8d_w07.png,dc585838dcea7a8d,7,Field,Noise
train/noise/dc585838dcea7a8d_w08.png,dc585838dcea7a8d,8,Field,Noise
train/noise/dc585838dcea7a8d_w20.png,dc585838dcea7a8d,20,Field,Noise
train/noise/dc585838dcea7a8d_w22.png,dc585838dcea7a8d,22,Field,Noise
train/noise/dc585838dcea7a8d_w23.png,dc585838dcea7a8d,23,Field,Noise
train/noise/dc585838dcea7a8d_w25.png,dc585838dcea7a8d,25,Field,Noise
train/noise/dc585838dcea7a8d_w27.png,dc585838dcea7a8d,27,Field,Noise
train/noise/dc64571fe1f155ff_w05.png,dc64571fe1f155ff,5,Field,Noise
train/noise/dc64571fe1f155ff_w06.png,dc64571fe1f155ff,6,Field,Noise
train/noise/dc64571fe1f155ff_w07.png,dc64571fe1f155ff,7,Field,Noise
train/noise/dc64571fe1f155ff_w11.png,dc64571fe1f155ff,11,Field,Noise
train/noise/dc64571fe1f155ff_w13.png,dc64571fe1f155ff,13,Field,Noise
train/noise/dc64571fe1f155ff_w15.png,dc64571fe1f155ff,15,Field,Noise
train/noise/dc64571fe1f155ff_w19.png,dc64571fe1f155ff,19,Field,Noise
train/noise/dc64571fe1f155ff_w27.png,dc64571fe1f155ff,27,Field,Noise
train/noise/dce7b1a5bf98c616_w00.png,dce7b1a5bf98c616,0,Field,Noise
train/noise/dce7b1a5bf98c616_w01.png,dce7b1a5bf98c616,1,Field,Noise
train/noise/dce7b1a5bf98c616_w02.png,dce7b1a5bf98c616,2,Field,Noise
train/noise/dce7b1a5bf98c616_w03.png,dce7b1a5bf98c616,3,Field,Noise
train/noise/dce7b1a5bf98c616_w10.png,dce7b1a5bf98c616,10,Field,Noise
train/noise/dce7b1a5bf98c616_w11.png,dce7b1a5bf98c616,11,Field,Noise
train/noise/dce7b1a5bf98c616_w22.png,dce7b1a5bf98c616,22,Field,Noise
train/noise/dce7b1a5bf98c616_w26.png,dce7b1a5bf98c616,26,Field,Noise
train/noise/dd30a8bf6bccb071_w03.png,dd30a8bf6bccb071,3,Field,Noise
train/noise/dd30a8bf6bccb071_w05.png,dd30a8bf6bccb071,5,Field,Noise
train/noise/dd30a8bf6bccb071_w07.png,dd30a8bf6bccb071,7,Field,Noise
train/noise/dd30a8bf6bccb071_w09.png,dd30a8bf6bccb071,9,Field,Noise
train/noise/dd30a8bf6bccb071_w10.png,dd30a8bf6bccb071,10,Field,Noise
train/noise/dd30a8bf6bccb071_w15.png,dd30a8bf6bccb071,15,Field,Noise
train/noise/dd30a8bf6bccb071_w23.png,dd30a8bf6bccb071,23,Field,Noise
train/noise/dd30a8bf6bccb071_w25.png,dd30a8bf6bccb071,25,Field,Noise
train/noise/dd3450bb1ce7642e_w06.png,dd3450bb1ce7642e,6,Lab,Noise
train/noise/dd3450bb1ce7642e_w07.png,dd3450bb1ce7642e,7,Lab,Noise
train/noise/dd3450bb1ce7642e_w08.png,dd3450bb1ce7642e,8,Lab,Noise
train/noise/dd3450bb1ce7642e_w09.png,dd3450bb1ce7642e,9,Lab,Noise
train/noise/dd3450bb1ce7642e_w12.png,dd3450bb1ce7642e,12,Lab,Noise
train/noise/dd3450bb1ce7642e_w17.png,dd3450bb1ce7642e,17,Lab,Noise
train/noise/dd3450bb1ce7642e_w21.png,dd3450bb1ce7642e,21,Lab,Noise
train/noise/dd3450bb1ce7642e_w23.png,dd3450bb1ce7642e,23,Lab,Noise
train/noise/dd4d4707064a954d_w02.png,dd4d4707064a954d,2,Lab,Noise
train/noise/dd4d4707064a954d_w04.png,dd4d4707064a954d,4,Lab,Noise
train/noise/dd4d4707064a954d_w05.png,dd4d4707064a954d,5,Lab,Noise
train/noise/dd4d4707064a954d_w07.png,dd4d4707064a954d,7,Lab,Noise
train/noise/dd4d4707064a954d_w09.png,dd4d4707064a954d,9,Lab,Noise
train/noise/dd4d4707064a954d_w14.png,dd4d4707064a954d,14,Lab,Noise
train/noise/dd4d4707064a954d_w24.png,dd4d4707064a954d,24,Lab,Noise
train/noise/dd4d4707064a954d_w27.png,dd4d4707064a954d,27,Lab,Noise
train/noise/dd68b3bbdf4cbee0_w00.png,dd68b3bbdf4cbee0,0,Field,Noise
train/noise/dd68b3bbdf4cbee0_w03.png,dd68b3bbdf4cbee0,3,Field,Noise
train/noise/dd68b3bbdf4cbee0_w07.png,dd68b3bbdf4cbee0,7,Field,Noise
train/noise/dd68b3bbdf4cbee0_w09.png,dd68b3bbdf4cbee0,9,Field,Noise
train/noise/dd68b3bbdf4cbee0_w16.png,dd68b3bbdf4cbee0,16,Field,Noise
train/noise/dd68b3bbdf4cbee0_w17.png,dd68b3bbdf4cbee0,17,Field,Noise
train/noise/dd68b3bbdf4cbee0_w19.png,dd68b3bbdf4cbee0,19,Field,Noise
train/noise/dd68b3bbdf4cbee0_w27.png,dd68b3bbdf4cbee0,27,Field,Noise
train/noise/de847c7465e9a0ef_w01.png,de847c7465e9a0ef,1,Field,Noise
train/noise/de847c7465e9a0ef_w04.png,de847c7465e9a0ef,4,Field,Noise
train/noise/de847c7465e9a0ef_w06.png,de847c7465e9a0ef,6,Field,Noise
train/noise/de847c7465e9a0ef_w07.png,de847c7465e9a0ef,7,Field,Noise
train/noise/de847c7465e9a0ef_w08.png,de847c7465e9a0ef,8,Field,Noise
train/noise/de847c7465e9a0ef_w16.png,de847c7465e9a0ef,16,Field,Noise
train/noise/de847c7465e9a0ef_w20.png,de847c7465e9a0ef,20,Field,Noise
train/noise/de847c7465e9a0ef_w24.png,de847c7465e9a0ef,24,Field,Noise
train/noise/df411709bb0136fd_w00.png,df411709bb0136fd,0,Lab,Noise
train/noise/df411709bb0136fd_w02.png,df411709bb0136fd,2,Lab,Noise
train/noise/df411709bb0136fd_w05.png,df411709bb0136fd,5,Lab,Noise
train/noise/df411709bb0136fd_w06.png,df411709bb0136fd,6,Lab,Noise
train/noise/df411709bb0136fd_w08.png,df411709bb0136fd,8,Lab,Noise
train/noise/df411709bb0136fd_w09.png,df411709bb0136fd,9,Lab,Noise
train/noise/df411709bb0136fd_w13.png,df411709bb0136fd,13,Lab,Noise
train/noise/df411709bb0136fd_w15.png,df411709bb0136fd,15,Lab,Noise
train/noise/df6f195c31df9beb_w02.png,df6f195c31df9beb,2,Field,Noise
train/noise/df6f195c31df9beb_w04.png,df6f195c31df9beb,4,Field,Noise
train/noise/df6f195c31df9beb_w07.png,df6f195c31df9beb,7,Field,Noise
train/noise/df6f195c31df9beb_w14.png,df6f195c31df9beb,14,Field,Noise
train/noise/df6f195c31df9beb_w20.png,df6f195c31df9beb,20,Field,Noise
train/noise/df6f195c31df9beb_w25.png,df6f195c31df9beb,25,Field,Noise
train/noise/df6f195c31df9beb_w26.png,df6f195c31df9beb,26,Field,Noise
train/noise/df6f195c31df9beb_w27.png,df6f195c31df9beb,27,Field,Noise
train/noise/df74519ef9873433_w00.png,df74519ef9873433,0,Field,Noise
train/noise/df74519ef9873433_w13.png,df74519ef9873433,13,Field,Noise
train/noise/df74519ef9873433_w14.png,df74519ef9873433,14,Field,Noise
train/noise/df74519ef9873433_w15.png,df74519ef9873433,15,Field,Noise
train/noise/df74519ef9873433_w17.png,df74519ef9873433,17,Field,Noise
train/noise/df74519ef9873433_w19.png,df74519ef9873433,19,Field,Noise
train/noise/df74519ef9873433_w23.png,df74519ef9873433,23,Field,Noise
train/noise/df74519ef9873433_w25.png,df74519ef9873433,25,Field,Noise
train/noise/df85f85f348595d4_w01.png,df85f85f348595d4,1,Lab,Noise
train/noise/df85f85f348595d4_w02.png,df85f85f348595d4,2,Lab,Noise
train/noise/df85f85f348595d4_w10.png,df85f85f348595d4,10,Lab,Noise
train/noise/df85f85f348595d4_w11.png,df85f85f348595d4,11,Lab,Noise
train/noise/df85f85f348595d4_w12.png,df85f85f348595d4,12,Lab,Noise
train/noise/df85f85f348595d4_w13.png,df85f85f348595d4,13,Lab,Noise
train/noise/df85f85f348595d4_w18.png,df85f85f348595d4,18,Lab,Noise
train/noise/df85f85f348595d4_w23.png,df85f85f348595d4,23,Lab,Noise
train/noise/dfe66124782487e5_w00.png,dfe66124782487e5,0,Field,Noise
train/noise/dfe66124782487e5_w02.png,dfe66124782487e5,2,Field,Noise
train/noise/dfe66124782487e5_w08.png,dfe66124782487e5,8,Field,Noise
train/noise/dfe66124782487e5_w12.png,dfe66124782487e5,12,Field,Noise
train/noise/dfe66124782487e5_w13.png,dfe66124782487e5,13,Field,Noise
train/noise/dfe66124782487e5_w14.png,dfe66124782487e5,14,Field,Noise
train/noise/dfe66124782487e5_w20.png,dfe66124782487e5,20,Field,Noise
train/noise/dfe66124782487e5_w23.png,dfe66124782487e5,23,Field,Noise
train/noise/e007afa520d12ffb_w00.png,e007afa520d12ffb,0,Field,Noise
train/noise/e007afa520d12ffb_w01.png,e007afa520d12ffb,1,Field,Noise
train/noise/e007afa520d12ffb_w04.png,e007afa520d12ffb,4,Field,Noise
train/noise/e007afa520d12ffb_w17.png,e007afa520d12ffb,17,Field,Noise
train/noise/e007afa520d12ffb_w18.png,e007afa520d12ffb,18,Field,Noise
train/noise/e007afa520d12ffb_w20.png,e007afa520d12ffb,20,Field,Noise
train/noise/e007afa520d12ffb_w21.png,e007afa520d12ffb,21,Field,Noise
train/noise/e007afa520d12ffb_w22.png,e007afa520d12ffb,22,Field,Noise
train/noise/e10f89724681ea62_w00.png,e10f89724681ea62,0,Field,Noise
train/noise/e10f89724681ea62_w03.png,e10f89724681ea62,3,Field,Noise
train/noise/e10f89724681ea62_w04.png,e10f89724681ea62,4,Field,Noise
train/noise/e10f89724681ea62_w10.png,e10f89724681ea62,10,Field,Noise
train/noise/e10f89724681ea62_w11.png,e10f89724681ea62,11,Field,Noise
train/noise/e10f89724681ea62_w18.png,e10f89724681ea62,18,Field,Noise
train/noise/e10f89724681ea62_w23.png,e10f89724681ea62,23,Field,Noise
train/noise/e10f89724681ea62_w27.png,e10f89724681ea62,27,Field,Noise
train/noise/e1115fb9eab08571_w06.png,e1115fb9eab08571,6,Lab,Noise
train/noise/e1115fb9eab08571_w07.png,e1115fb9eab08571,7,Lab,Noise
train/noise/e1115fb9eab08571_w11.png,e1115fb9eab08571,11,Lab,Noise
train/noise/e1115fb9eab08571_w12.png,e1115fb9eab08571,12,Lab,Noise
train/noise/e1115fb9eab08571_w17.png,e1115fb9eab08571,17,Lab,Noise
train/noise/e1115fb9eab08571_w23.png,e1115fb9eab08571,23,Lab,Noise
train/noise/e1115fb9eab08571_w25.png,e1115fb9eab08571,25,Lab,Noise
train/noise/e1115fb9eab08571_w26.png,e1115fb9eab08571,26,Lab,Noise
train/noise/e11dc347f1b40f37_w01.png,e11dc347f1b40f37,1,Field,Noise
train/noise/e11dc347f1b40f37_w02.png,e11dc347f1b40f37,2,Field,Noise
train/noise/e11dc347f1b40f37_w07.png,e11dc347f1b40f37,7,Field,Noise
train/noise/e11dc347f1b40f37_w08.png,e11dc347f1b40f37,8,Field,Noise
train/noise/e11dc347f1b40f37_w17.png,e11dc347f1b40f37,17,Field,Noise
train/noise/e11dc347f1b40f37_w19.png,e11dc347f1b40f37,19,Field,Noise
train/noise/e11dc347f1b40f37_w20.png,e11dc347f1b40f37,20,Field,Noise
train/noise/e11dc347f1b40f37_w22.png,e11dc347f1b40f37,22,Field,Noise
train/noise/e169f4afbbfcb90d_w00.png,e169f4afbbfcb90d,0,Field,Noise
train/noise/e169f4afbbfcb90d_w07.png,e169f4afbbfcb90d,7,Field,Noise
train/noise/e169f4afbbfcb90d_w09.png,e169f4afbbfcb90d,9,Field,Noise
train/noise/e169f4afbbfcb90d_w17.png,e169f4afbbfcb90d,17,Field,Noise
train/noise/e169f4afbbfcb90d_w18.png,e169f4afbbfcb90d,18,Field,Noise
train/noise/e169f4afbbfcb90d_w20.png,e169f4afbbfcb90d,20,Field,Noise
train/noise/e169f4afbbfcb90d_w26.png,e169f4afbbfcb90d,26,Field,Noise
train/noise/e169f4afbbfcb90d_w27.png,e169f4afbbfcb90d,27,Field,Noise
train/noise/e16a7067f8485857_w00.png,e16a7067f8485857,0,Field,Noise
train/noise/e16a7067f8485857_w03.png,e16a7067f8485857,3,Field,Noise
train/noise/e16a7067f8485857_w04.png,e16a7067f8485857,4,Field,Noise
train/noise/e16a7067f8485857_w09.png,e16a7067f8485857,9,Field,Noise
train/noise/e16a7067f8485857_w10.png,e16a7067f8485857,10,Field,Noise
train/noise/e16a7067f8485857_w19.png,e16a7067f8485857,19,Field,Noise
train/noise/e16a7067f8485857_w21.png,e16a7067f8485857,21,Field,Noise
train/noise/e16a7067f8485857_w25.png,e16a7067f8485857,25,Field,Noise
train/noise/e1f24769e7a0fcf4_w00.png,e1f24769e7a0fcf4,0,Field,Noise
train/noise/e1f24769e7a0fcf4_w01.png,e1f24769e7a0fcf4,1,Field,Noise
train/noise/e1f24769e7a0fcf4_w07.png,e1f24769e7a0fcf4,7,Field,Noise
train/noise/e1f24769e7a0fcf4_w09.png,e1f24769e7a0fcf4,9,Field,Noise
train/noise/e1f24769e7a0fcf4_w10.png,e1f24769e7a0fcf4,10,Field,Noise
train/noise/e1f24769e7a0fcf4_w11.png,e1f24769e7a0fcf4,11,Field,Noise
train/noise/e1f24769e7a0fcf4_w16.png,e1f24769e7a0fcf4,16,Field,Noise
train/noise/e1f24769e7a0fcf4_w27.png,e1f24769e7a0fcf4,27,Field,Noise
train/noise/e20fb91448c6d2ea_w05.png,e20fb91448c6d2ea,5,Field,Noise
train/noise/e20fb91448c6d2ea_w13.png,e20fb91448c6d2ea,13,Field,Noise
train/noise/e20fb91448c6d2ea_w14.png,e20fb91448c6d2ea,14,Field,Noise
train/noise/e20fb91448c6d2ea_w16.png,e20fb91448c6d2ea,16,Field,Noise
train/noise/e20fb91448c6d2ea_w17.png,e20fb91448c6d2ea,17,Field,Noise
train/noise/e20fb91448c6d2ea_w18.png,e20fb91448c6d2ea,18,Field,Noise
train/noise/e20fb91448c6d2ea_w20.png,e20fb91448c6d2ea,20,Field,Noise
train/noise/e20fb91448c6d2ea_w26.png,e20fb91448c6d2ea,26,Field,Noise
train/noise/e222d69e096d3f9c_w01.png,e222d69e096d3f9c,1,Lab,Noise
train/noise/e222d69e096d3f9c_w05.png,e222d69e096d3f9c,5,Lab,Noise
train/noise/e222d69e096d3f9c_w06.png,e222d69e096d3f9c,6,Lab,Noise
train/noise/e222d69e096d3f9c_w15.png,e222d69e096d3f9c,15,Lab,Noise
train/noise/e222d69e096d3f9c_w16.png,e222d69e096d3f9c,16,Lab,Noise
train/noise/e222d69e096d3f9c_w18.png,e222d69e096d3f9c,18,Lab,Noise
train/noise/e222d69e096d3f9c_w19.png,e222d69e096d3f9c,19,Lab,Noise
train/noise/e222d69e096d3f9c_w20.png,e222d69e096d3f9c,20,Lab,Noise
train/noise/e25aa59d6d310702_w01.png,e25aa59d6d310702,1,Field,Noise
train/noise/e25aa59d6d310702_w02.png,e25aa59d6d310702,2,Field,Noise
train/noise/e25aa59d6d310702_w06.png,e25aa59d6d310702,6,Field,Noise
train/noise/e25aa59d6d310702_w12.png,e25aa59d6d310702,12,Field,Noise
train/noise/e25aa59d6d310702_w20.png,e25aa59d6d310702,20,Field,Noise
train/noise/e25aa59d6d310702_w22.png,e25aa59d6d310702,22,Field,Noise
train/noise/e25aa59d6d310702_w23.png,e25aa59d6d310702,23,Field,Noise
train/noise/e25aa59d6d310702_w26.png,e25aa59d6d310702,26,Field,Noise
train/noise/e27bb97e10dbb17c_w02.png,e27bb97e10dbb17c,2,Field,Noise
train/noise/e27bb97e10dbb17c_w06.png,e27bb97e10dbb17c,6,Field,Noise
train/noise/e27bb97e10dbb17c_w09.png,e27bb97e10dbb17c,9,Field,Noise
train/noise/e27bb97e10dbb17c_w11.png,e27bb97e10dbb17c,11,Field,Noise
train/noise/e27bb97e10dbb17c_w18.png,e27bb97e10dbb17c,18,Field,Noise
train/noise/e27bb97e10dbb17c_w20.png,e27bb97e10dbb17c,20,Field,Noise
train/noise/e27bb97e10dbb17c_w21.png,e27bb97e10dbb17c,21,Field,Noise
train/noise/e27bb97e10dbb17c_w27.png,e27bb97e10dbb17c,27,Field,Noise
train/noise/e2b4eab8ea8e0ee4_w02.png,e2b4eab8ea8e0ee4,2,Lab,Noise
train/noise/e2b4eab8ea8e0ee4_w09.png,e2b4eab8ea8e0ee4,9,Lab,Noise
train/noise/e2b4eab8ea8e0ee4_w10.png,e2b4eab8ea8e0ee4,10,Lab,Noise
train/noise/e2b4eab8ea8e0ee4_w15.png,e2b4eab8ea8e0ee4,15,Lab,Noise
train/noise/e2b4eab8ea8e0ee4_w17.png,e2b4eab8ea8e0ee4,17,Lab,Noise
train/noise/e2b4eab8ea8e0ee4_w18.png,e2b4eab8ea8e0ee4,18,Lab,Noise
train/noise/e2b4eab8ea8e0ee4_w19.png,e2b4eab8ea8e0ee4,19,Lab,Noise
train/noise/e2b4eab8ea8e0ee4_w23.png,e2b4eab8ea8e0ee4,23,Lab,Noise
train/noise/e2ea45470858d2b4_w01.png,e2ea45470858d2b4,1,Field,Noise
train/noise/e2ea45470858d2b4_w03.png,e2ea45470858d2b4,3,Field,Noise
train/noise/e2ea45470858d2b4_w05.png,e2ea45470858d2b4,5,Field,Noise
train/noise/e2ea45470858d2b4_w08.png,e2ea45470858d2b4,8,Field,Noise
train/noise/e2ea45470858d2b4_w12.png,e2ea45470858d2b4,12,Field,Noise
train/noise/e2ea45470858d2b4_w19.png,e2ea45470858d2b4,19,Field,Noise
train/noise/e2ea45470858d2b4_w24.png,e2ea45470858d2b4,24,Field,Noise
train/noise/e2ea45470858d2b4_w27.png,e2ea45470858d2b4,27,Field,Noise
train/noise/e2ea9b277c965b09_w05.png,e2ea9b277c965b09,5,Lab,Noise
train/noise/e2ea9b277c965b09_w11.png,e2ea9b277c965b09,11,Lab,Noise
train/noise/e2ea9b277c965b09_w12.png,e2ea9b277c965b09,12,Lab,Noise
train/noise/e2ea9b277c965b09_w14.png,e2ea9b277c965b09,14,Lab,Noise
train/noise/e2ea9b277c965b09_w15.png,e2ea9b277c965b09,15,Lab,Noise
train/noise/e2ea9b277c965b09_w19.png,e2ea9b277c965b09,19,Lab,Noise
train/noise/e2ea9b277c965b09_w22.png,e2ea9b277c965b09,22,Lab,Noise
train/noise/e2ea9b277c965b09_w23.png,e2ea9b277c965b09,23,Lab,Noise
train/noise/e43a70192ca95647_w01.png,e43a70192ca95647,1,Field,Noise
train/noise/e43a70192ca95647_w02.png,e43a70192ca95647,2,Field,Noise
train/noise/e43a70192ca95647_w05.png,e43a70192ca95647,5,Field,Noise
train/noise/e43a70192ca95647_w11.png,e43a70192ca95647,11,Field,Noise
train/noise/e43a70192ca95647_w15.png,e43a70192ca95647,15,Field,Noise
train/noise/e43a70192ca95647_w20.png,e43a70192ca95647,20,Field,Noise
train/noise/e43a70192ca95647_w22.png,e43a70192ca95647,22,Field,Noise
train/noise/e43a70192ca95647_w25.png,e43a70192ca95647,25,Field,Noise
train/noise/e43e4896fbb34396_w00.png,e43e4896fbb34396,0,Lab,Noise
train/noise/e43e4896fbb34396_w04.png,e43e4896fbb34396,4,Lab,Noise
train/noise/e43e4896fbb34396_w08.png,e43e4896fbb34396,8,Lab,Noise
train/noise/e43e4896fbb34396_w10.png,e43e4896fbb34396,10,Lab,Noise
train/noise/e43e4896fbb34396_w19.png,e43e4896fbb34396,19,Lab,Noise
train/noise/e43e4896fbb34396_w21.png,e43e4896fbb34396,21,Lab,Noise
train/noise/e43e4896fbb34396_w24.png,e43e4896fbb34396,24,Lab,Noise
train/noise/e43e4896fbb34396_w25.png,e43e4896fbb34396,25,Lab,Noise
train/noise/e4db889c65327b60_w02.png,e4db889c65327b60,2,Field,Noise
train/noise/e4db889c65327b60_w03.png,e4db889c65327b60,3,Field,Noise
train/noise/e4db889c65327b60_w10.png,e4db889c65327b60,10,Field,Noise
train/noise/e4db889c65327b60_w13.png,e4db889c65327b60,13,Field,Noise
train/noise/e4db889c65327b60_w15.png,e4db889c65327b60,15,Field,Noise
train/noise/e4db889c65327b60_w21.png,e4db889c65327b60,21,Field,Noise
train/noise/e4db889c65327b60_w24.png,e4db889c65327b60,24,Field,Noise
train/noise/e4db889c65327b60_w25.png,e4db889c65327b60,25,Field,Noise
train/noise/e4fa510c6c38e45c_w01.png,e4fa510c6c38e45c,1,Field,Noise
train/noise/e4fa510c6c38e45c_w02.png,e4fa510c6c38e45c,2,Field,Noise
train/noise/e4fa510c6c38e45c_w03.png,e4fa510c6c38e45c,3,Field,Noise
train/noise/e4fa510c6c38e45c_w04.png,e4fa510c6c38e45c,4,Field,Noise
train/noise/e4fa510c6c38e45c_w09.png,e4fa510c6c38e45c,9,Field,Noise
train/noise/e4fa510c6c38e45c_w18.png,e4fa510c6c38e45c,18,Field,Noise
train/noise/e4fa510c6c38e45c_w22.png,e4fa510c6c38e45c,22,Field,Noise
train/noise/e4fa510c6c38e45c_w27.png,e4fa510c6c38e45c,27,Field,Noise
train/noise/e52260ab71df968b_w09.png,e52260ab71df968b,9,Field,Noise
train/noise/e52260ab71df968b_w11.png,e52260ab71df968b,11,Field,Noise
train/noise/e52260ab71df968b_w14.png,e52260ab71df968b,14,Field,Noise
train/noise/e52260ab71df968b_w16.png,e52260ab71df968b,16,Field,Noise
train/noise/e52260ab71df968b_w20.png,e52260ab71df968b,20,Field,Noise
train/noise/e52260ab71df968b_w23.png,e52260ab71df968b,23,Field,Noise
train/noise/e52260ab71df968b_w24.png,e52260ab71df968b,24,Field,Noise
train/noise/e52260ab71df968b_w26.png,e52260ab71df968b,26,Field,Noise
train/noise/e52bbbcfeae9949f_w00.png,e52bbbcfeae9949f,0,Field,Noise
train/noise/e52bbbcfeae9949f_w05.png,e52bbbcfeae9949f,5,Field,Noise
train/noise/e52bbbcfeae9949f_w07.png,e52bbbcfeae9949f,7,Field,Noise
train/noise/e52bbbcfeae9949f_w11.png,e52bbbcfeae9949f,11,Field,Noise
train/noise/e52bbbcfeae9949f_w18.png,e52bbbcfeae9949f,18,Field,Noise
train/noise/e52bbbcfeae9949f_w20.png,e52bbbcfeae9949f,20,Field,Noise
train/noise/e52bbbcfeae9949f_w21.png,e52bbbcfeae9949f,21,Field,Noise
train/noise/e52bbbcfeae9949f_w22.png,e52bbbcfeae9949f,22,Field,Noise
train/noise/e54bd953d449fd16_w04.png,e54bd953d449fd16,4,Field,Noise
train/noise/e54bd953d449fd16_w07.png,e54bd953d449fd16,7,Field,Noise
train/noise/e54bd953d449fd16_w09.png,e54bd953d449fd16,9,Field,Noise
train/noise/e54bd953d449fd16_w11.png,e54bd953d449fd16,11,Field,Noise
train/noise/e54bd953d449fd16_w19.png,e54bd953d449fd16,19,Field,Noise
train/noise/e54bd953d449fd16_w21.png,e54bd953d449fd16,21,Field,Noise
train/noise/e54bd953d449fd16_w24.png,e54bd953d449fd16,24,Field,Noise
train/noise/e54bd953d449fd16_w25.png,e54bd953d449fd16,25,Field,Noise
train/noise/e5c198adc8ace590_w06.png,e5c198adc8ace590,6,Field,Noise
train/noise/e5c198adc8ace590_w08.png,e5c198adc8ace590,8,Field,Noise
train/noise/e5c198adc8ace590_w12.png,e5c198adc8ace590,12,Field,Noise
train/noise/e5c198adc8ace590_w14.png,e5c198adc8ace590,14,Field,Noise
train/noise/e5c198adc8ace590_w19.png,e5c198adc8ace590,19,Field,Noise
train/noise/e5c198adc8ace590_w23.png,e5c198adc8ace590,23,Field,Noise
train/noise/e5c198adc8ace590_w24.png,e5c198adc8ace590,24,Field,Noise
train/noise/e5c198adc8ace590_w27.png,e5c198adc8ace590,27,Field,Noise
train/noise/e637bf57f47d5a42_w08.png,e637bf57f47d5a42,8,Field,Noise
train/noise/e637bf57f47d5a42_w09.png,e637bf57f47d5a42,9,Field,Noise
train/noise/e637bf57f47d5a42_w10.png,e637bf57f47d5a42,10,Field,Noise
train/noise/e637bf57f47d5a42_w17.png,e637bf57f47d5a42,17,Field,Noise
train/noise/e637bf57f47d5a42_w22.png,e637bf57f47d5a42,22,Field,Noise
train/noise/e637bf57f47d5a42_w23.png,e637bf57f47d5a42,23,Field,Noise
train/noise/e637bf57f47d5a42_w26.png,e637bf57f47d5a42,26,Field,Noise
train/noise/e637bf57f47d5a42_w27.png,e637bf57f47d5a42,27,Field,Noise
train/noise/e65675cc39959be2_w02.png,e65675cc39959be2,2,Field,Noise
train/noise/e65675cc39959be2_w03.png,e65675cc39959be2,3,Field,Noise
train/noise/e65675cc39959be2_w08.png,e65675cc39959be2,8,Field,Noise
train/noise/e65675cc39959be2_w12.png,e65675cc39959be2,12,Field,Noise
train/noise/e65675cc39959be2_w15.png,e65675cc39959be2,15,Field,Noise
train/noise/e65675cc39959be2_w18.png,e65675cc39959be2,18,Field,Noise
train/noise/e65675cc39959be2_w20.png,e65675cc39959be2,20,Field,Noise
train/noise/e65675cc39959be2_w23.png,e65675cc39959be2,23,Field,Noise
train/noise/e6f4b9f433c6eb66_w00.png,e6f4b9f433c6eb66,0,Field,Noise
train/noise/e6f4b9f433c6eb66_w08.png,e6f4b9f433c6eb66,8,Field,Noise
train/noise/e6f4b9f433c6eb66_w11.png,e6f4b9f433c6eb66,11,Field,Noise
train/noise/e6f4b9f433c6eb66_w13.png,e6f4b9f433c6eb66,13,Field,Noise
train/noise/e6f4b9f433c6eb66_w15.png,e6f4b9f433c6eb66,15,Field,Noise
train/noise/e6f4b9f433c6eb66_w19.png,e6f4b9f433c6eb66,19,Field,Noise
train/noise/e6f4b9f433c6eb66_w22.png,e6f4b9f433c6eb66,22,Field,Noise
train/noise/e6f4b9f433c6eb66_w26.png,e6f4b9f433c6eb66,26,Field,Noise
train/noise/e76deb044cb2588c_w03.png,e76deb044cb2588c,3,Field,Noise
train/noise/e76deb044cb2588c_w05.png,e76deb044cb2588c,5,Field,Noise
train/noise/e76deb044cb2588c_w09.png,e76deb044cb2588c,9,Field,Noise
train/noise/e76deb044cb2588c_w12.png,e76deb044cb2588c,12,Field,Noise
train/noise/e76deb044cb2588c_w15.png,e76deb044cb2588c,15,Field,Noise
train/noise/e76deb044cb2588c_w17.png,e76deb044cb2588c,17,Field,Noise
train/noise/e76deb044cb2588c_w22.png,e76deb044cb2588c,22,Field,Noise
train/noise/e76deb044cb2588c_w24.png,e76deb044cb2588c,24,Field,Noise
train/noise/e77726fb18811c39_w05.png,e77726fb18811c39,5,Field,Noise
train/noise/e77726fb18811c39_w06.png,e77726fb18811c39,6,Field,Noise
train/noise/e77726fb18811c39_w09.png,e77726fb18811c39,9,Field,Noise
train/noise/e77726fb18811c39_w13.png,e77726fb18811c39,13,Field,Noise
train/noise/e77726fb18811c39_w16.png,e77726fb18811c39,16,Field,Noise
train/noise/e77726fb18811c39_w17.png,e77726fb18811c39,17,Field,Noise
train/noise/e77726fb18811c39_w21.png,e77726fb18811c39,21,Field,Noise
train/noise/e77726fb18811c39_w24.png,e77726fb18811c39,24,Field,Noise
train/noise/e8718f4f074f6e32_w00.png,e8718f4f074f6e32,0,Lab,Noise
train/noise/e8718f4f074f6e32_w01.png,e8718f4f074f6e32,1,Lab,Noise
train/noise/e8718f4f074f6e32_w04.png,e8718f4f074f6e32,4,Lab,Noise
train/noise/e8718f4f074f6e32_w17.png,e8718f4f074f6e32,17,Lab,Noise
train/noise/e8718f4f074f6e32_w19.png,e8718f4f074f6e32,19,Lab,Noise
train/noise/e8718f4f074f6e32_w22.png,e8718f4f074f6e32,22,Lab,Noise
train/noise/e8718f4f074f6e32_w24.png,e8718f4f074f6e32,24,Lab,Noise
train/noise/e8718f4f074f6e32_w25.png,e8718f4f074f6e32,25,Lab,Noise
train/noise/e878c612be5920dc_w00.png,e878c612be5920dc,0,Lab,Noise
train/noise/e878c612be5920dc_w03.png,e878c612be5920dc,3,Lab,Noise
train/noise/e878c612be5920dc_w08.png,e878c612be5920dc,8,Lab,Noise
train/noise/e878c612be5920dc_w10.png,e878c612be5920dc,10,Lab,Noise
train/noise/e878c612be5920dc_w14.png,e878c612be5920dc,14,Lab,Noise
train/noise/e878c612be5920dc_w15.png,e878c612be5920dc,15,Lab,Noise
train/noise/e878c612be5920dc_w19.png,e878c612be5920dc,19,Lab,Noise
train/noise/e878c612be5920dc_w25.png,e878c612be5920dc,25,Lab,Noise
train/noise/e8bd420f627ad700_w00.png,e8bd420f627ad700,0,Field,Noise
train/noise/e8bd420f627ad700_w03.png,e8bd420f627ad700,3,Field,Noise
train/noise/e8bd420f627ad700_w06.png,e8bd420f627ad700,6,Field,Noise
train/noise/e8bd420f627ad700_w07.png,e8bd420f627ad700,7,Field,Noise
train/noise/e8bd420f627ad700_w10.png,e8bd420f627ad700,10,Field,Noise
train/noise/e8bd420f627ad700_w15.png,e8bd420f627ad700,15,Field,Noise
train/noise/e8bd420f627ad700_w19.png,e8bd420f627ad700,19,Field,Noise
train/noise/e8bd420f627ad700_w25.png,e8bd420f627ad700,25,Field,Noise
train/noise/e8ce4c9e92730004_w01.png,e8ce4c9e92730004,1,Field,Noise
train/noise/e8ce4c9e92730004_w08.png,e8ce4c9e92730004,8,Field,Noise
train/noise/e8ce4c9e92730004_w11.png,e8ce4c9e92730004,11,Field,Noise
train/noise/e8ce4c9e92730004_w15.png,e8ce4c9e92730004,15,Field,Noise
train/noise/e8ce4c9e92730004_w21.png,e8ce4c9e92730004,21,Field,Noise
train/noise/e8ce4c9e92730004_w24.png,e8ce4c9e92730004,24,Field,Noise
train/noise/e8ce4c9e92730004_w26.png,e8ce4c9e92730004,26,Field,Noise
train/noise/e8ce4c9e92730004_w27.png,e8ce4c9e92730004,27,Field,Noise
train/noise/e8e24af181506862_w03.png,e8e24af181506862,3,Field,Noise
train/noise/e8e24af181506862_w05.png,e8e24af181506862,5,Field,Noise
train/noise/e8e24af181506862_w07.png,e8e24af181506862,7,Field,Noise
train/noise/e8e24af181506862_w12.png,e8e24af181506862,12,Field,Noise
train/noise/e8e24af181506862_w16.png,e8e24af181506862,16,Field,Noise
train/noise/e8e24af181506862_w17.png,e8e24af181506862,17,Field,Noise
train/noise/e8e24af181506862_w20.png,e8e24af181506862,20,Field,Noise
train/noise/e8e24af181506862_w26.png,e8e24af181506862,26,Field,Noise
train/noise/e95be5940c69f07c_w05.png,e95be5940c69f07c,5,Field,Noise
train/noise/e95be5940c69f07c_w06.png,e95be5940c69f07c,6,Field,Noise
train/noise/e95be5940c69f07c_w08.png,e95be5940c69f07c,8,Field,Noise
train/noise/e95be5940c69f07c_w09.png,e95be5940c69f07c,9,Field,Noise
train/noise/e95be5940c69f07c_w13.png,e95be5940c69f07c,13,Field,Noise
train/noise/e95be5940c69f07c_w20.png,e95be5940c69f07c,20,Field,Noise
train/noise/e95be5940c69f07c_w21.png,e95be5940c69f07c,21,Field,Noise
train/noise/e95be5940c69f07c_w27.png,e95be5940c69f07c,27,Field,Noise
train/noise/e9682a4b67985762_w05.png,e9682a4b67985762,5,Field,Noise
train/noise/e9682a4b67985762_w08.png,e9682a4b67985762,8,Field,Noise
train/noise/e9682a4b67985762_w11.png,e9682a4b67985762,11,Field,Noise
train/noise/e9682a4b67985762_w14.png,e9682a4b67985762,14,Field,Noise
train/noise/e9682a4b67985762_w15.png,e9682a4b67985762,15,Field,Noise
train/noise/e9682a4b67985762_w16.png,e9682a4b67985762,16,Field,Noise
train/noise/e9682a4b67985762_w19.png,e9682a4b67985762,19,Field,Noise
train/noise/e9682a4b67985762_w23.png,e9682a4b67985762,23,Field,Noise
train/noise/ea151e32c1d28eab_w00.png,ea151e32c1d28eab,0,Field,Noise
train/noise/ea151e32c1d28eab_w04.png,ea151e32c1d28eab,4,Field,Noise
train/noise/ea151e32c1d28eab_w07.png,ea151e32c1d28eab,7,Field,Noise
train/noise/ea151e32c1d28eab_w08.png,ea151e32c1d28eab,8,Field,Noise
train/noise/ea151e32c1d28eab_w09.png,ea151e32c1d28eab,9,Field,Noise
train/noise/ea151e32c1d28eab_w17.png,ea151e32c1d28eab,17,Field,Noise
train/noise/ea151e32c1d28eab_w21.png,ea151e32c1d28eab,21,Field,Noise
train/noise/ea151e32c1d28eab_w24.png,ea151e32c1d28eab,24,Field,Noise
train/noise/ea62377c4309d1d0_w00.png,ea62377c4309d1d0,0,Field,Noise
train/noise/ea62377c4309d1d0_w08.png,ea62377c4309d1d0,8,Field,Noise
train/noise/ea62377c4309d1d0_w10.png,ea62377c4309d1d0,10,Field,Noise
train/noise/ea62377c4309d1d0_w14.png,ea62377c4309d1d0,14,Field,Noise
train/noise/ea62377c4309d1d0_w21.png,ea62377c4309d1d0,21,Field,Noise
train/noise/ea62377c4309d1d0_w22.png,ea62377c4309d1d0,22,Field,Noise
train/noise/ea62377c4309d1d0_w23.png,ea62377c4309d1d0,23,Field,Noise
train/noise/ea62377c4309d1d0_w27.png,ea62377c4309d1d0,27,Field,Noise
train/noise/ea65bdcc659add2a_w02.png,ea65bdcc659add2a,2,Field,Noise
train/noise/ea65bdcc659add2a_w04.png,ea65bdcc659add2a,4,Field,Noise
train/noise/ea65bdcc659add2a_w09.png,ea65bdcc659add2a,9,Field,Noise
train/noise/ea65bdcc659add2a_w10.png,ea65bdcc659add2a,10,Field,Noise
train/noise/ea65bdcc659add2a_w12.png,ea65bdcc659add2a,12,Field,Noise
train/noise/ea65bdcc659add2a_w13.png,ea65bdcc659add2a,13,Field,Noise
train/noise/ea65bdcc659add2a_w14.png,ea65bdcc659add2a,14,Field,Noise
train/noise/ea65bdcc659add2a_w27.png,ea65bdcc659add2a,27,Field,Noise
train/noise/eae986bd18b8b1ab_w01.png,eae986bd18b8b1ab,1,Field,Noise
train/noise/eae986bd18b8b1ab_w04.png,eae986bd18b8b1ab,4,Field,Noise
train/noise/eae986bd18b8b1ab_w07.png,eae986bd18b8b1ab,7,Field,Noise
train/noise/eae986bd18b8b1ab_w08.png,eae986bd18b8b1ab,8,Field,Noise
train/noise/eae986bd18b8b1ab_w09.png,eae986bd18b8b1ab,9,Field,Noise
train/noise/eae986bd18b8b1ab_w14.png,eae986bd18b8b1ab,14,Field,Noise
train/noise/eae986bd18b8b1ab_w21.png,eae986bd18b8b1ab,21,Field,Noise
train/noise/eae986bd18b8b1ab_w26.png,eae986bd18b8b1ab,26,Field,Noise
train/noise/eaf4ae916a5f4eb9_w01.png,eaf4ae916a5f4eb9,1,Field,Noise
train/noise/eaf4ae916a5f4eb9_w03.png,eaf4ae916a5f4eb9,3,Field,Noise
train/noise/eaf4ae916a5f4eb9_w12.png,eaf4ae916a5f4eb9,12,Field,Noise
train/noise/eaf4ae916a5f4eb9_w13.png,eaf4ae916a5f4eb9,13,Field,Noise
train/noise/eaf4ae916a5f4eb9_w16.png,eaf4ae916a5f4eb9,16,Field,Noise
train/noise/eaf4ae916a5f4eb9_w23.png,eaf4ae916a5f4eb9,23,Field,Noise
train/noise/eaf4ae916a5f4eb9_w24.png,eaf4ae916a5f4eb9,24,Field,Noise
train/noise/eaf4ae916a5f4eb9_w25.png,eaf4ae916a5f4eb9,25,Field,Noise
train/noise/eb23cddab83d06c9_w07.png,eb23cddab83d06c9,7,Field,Noise
train/noise/eb23cddab83d06c9_w08.png,eb23cddab83d06c9,8,Field,Noise
train/noise/eb23cddab83d06c9_w10.png,eb23cddab83d06c9,10,Field,Noise
train/noise/eb23cddab83d06c9_w14.png,eb23cddab83d06c9,14,Field,Noise
train/noise/eb23cddab83d06c9_w16.png,eb23cddab83d06c9,16,Field,Noise
train/noise/eb23cddab83d06c9_w18.png,eb23cddab83d06c9,18,Field,Noise
train/noise/eb23cddab83d06c9_w20.png,eb23cddab83d06c9,20,Field,Noise
train/noise/eb23cddab83d06c9_w25.png,eb23cddab83d06c9,25,Field,Noise
train/noise/eb336bf89e4fdd4c_w02.png,eb336bf89e4fdd4c,2,Field,Noise
train/noise/eb336bf89e4fdd4c_w04.png,eb336bf89e4fdd4c,4,Field,Noise
train/noise/eb336bf89e4fdd4c_w06.png,eb336bf89e4fdd4c,6,Field,Noise
train/noise/eb336bf89e4fdd4c_w12.png,eb336bf89e4fdd4c,12,Field,Noise
train/noise/eb336bf89e4fdd4c_w17.png,eb336bf89e4fdd4c,17,Field,Noise
train/noise/eb336bf89e4fdd4c_w19.png,eb336bf89e4fdd4c,19,Field,Noise
train/noise/eb336bf89e4fdd4c_w20.png,eb336bf89e4fdd4c,20,Field,Noise
train/noise/eb336bf89e4fdd4c_w23.png,eb336bf89e4fdd4c,23,Field,Noise
train/noise/eb8b71a609c5143e_w04.png,eb8b71a609c5143e,4,Lab,Noise
train/noise/eb8b71a609c5143e_w06.png,eb8b71a609c5143e,6,Lab,Noise
train/noise/eb8b71a609c5143e_w08.png,eb8b71a609c5143e,8,Lab,Noise
train/noise/eb8b71a609c5143e_w10.png,eb8b71a609c5143e,10,Lab,Noise
train/noise/eb8b71a609c5143e_w12.png,eb8b71a609c5143e,12,Lab,Noise
train/noise/eb8b71a609c5143e_w13.png,eb8b71a609c5143e,13,Lab,Noise
train/noise/eb8b71a609c5143e_w18.png,eb8b71a609c5143e,18,Lab,Noise
train/noise/eb8b71a609c5143e_w25.png,eb8b71a609c5143e,25,Lab,Noise
train/noise/ebba7c4e1add7992_w00.png,ebba7c4e1add7992,0,Field,Noise
train/noise/ebba7c4e1add7992_w04.png,ebba7c4e1add7992,4,Field,Noise
train/noise/ebba7c4e1add7992_w07.png,ebba7c4e1add7992,7,Field,Noise
train/noise/ebba7c4e1add7992_w09.png,ebba7c4e1add7992,9,Field,Noise
train/noise/ebba7c4e1add7992_w11.png,ebba7c4e1add7992,11,Field,Noise
train/noise/ebba7c4e1add7992_w16.png,ebba7c4e1add7992,16,Field,Noise
train/noise/ebba7c4e1add7992_w24.png,ebba7c4e1add7992,24,Field,Noise
train/noise/ebba7c4e1add7992_w25.png,ebba7c4e1add7992,25,Field,Noise
train/noise/ebc5faceb39b5e94_w00.png,ebc5faceb39b5e94,0,Field,Noise
train/noise/ebc5faceb39b5e94_w08.png,ebc5faceb39b5e94,8,Field,Noise
train/noise/ebc5faceb39b5e94_w09.png,ebc5faceb39b5e94,9,Field,Noise
train/noise/ebc5faceb39b5e94_w11.png,ebc5faceb39b5e94,11,Field,Noise
train/noise/ebc5faceb39b5e94_w13.png,ebc5faceb39b5e94,13,Field,Noise
train/noise/ebc5faceb39b5e94_w20.png,ebc5faceb39b5e94,20,Field,Noise
train/noise/ebc5faceb39b5e94_w21.png,ebc5faceb39b5e94,21,Field,Noise
train/noise/ebc5faceb39b5e94_w23.png,ebc5faceb39b5e94,23,Field,Noise
train/noise/ed0a1b4f01b3ce0b_w10.png,ed0a1b4f01b3ce0b,10,Field,Noise
train/noise/ed0a1b4f01b3ce0b_w15.png,ed0a1b4f01b3ce0b,15,Field,Noise
train/noise/ed0a1b4f01b3ce0b_w17.png,ed0a1b4f01b3ce0b,17,Field,Noise
train/noise/ed0a1b4f01b3ce0b_w19.png,ed0a1b4f01b3ce0b,19,Field,Noise
train/noise/ed0a1b4f01b3ce0b_w20.png,ed0a1b4f01b3ce0b,20,Field,Noise
train/noise/ed0a1b4f01b3ce0b_w21.png,ed0a1b4f01b3ce0b,21,Field,Noise
train/noise/ed0a1b4f01b3ce0b_w23.png,ed0a1b4f01b3ce0b,23,Field,Noise
train/noise/ed0a1b4f01b3ce0b_w24.png,ed0a1b4f01b3ce0b,24,Field,Noise
train/noise/ed23bd63553bb610_w00.png,ed23bd63553bb610,0,Field,Noise
train/noise/ed23bd63553bb610_w06.png,ed23bd63553bb610,6,Field,Noise
train/noise/ed23bd63553bb610_w08.png,ed23bd63553bb610,8,Field,Noise
train/noise/ed23bd63553bb610_w09.png,ed23bd63553bb610,9,Field,Noise
train/noise/ed23bd63553bb610_w10.png,ed23bd63553bb610,10,Field,Noise
train/noise/ed23bd63553bb610_w17.png,ed23bd63553bb610,17,Field,Noise
train/noise/ed23bd63553bb610_w22.png,ed23bd63553bb610,22,Field,Noise
train/noise/ed23bd63553bb610_w25.png,ed23bd63553bb610,25,Field,Noise
train/noise/ed3bb813b41b209c_w00.png,ed3bb813b41b209c,0,Field,Noise
train/noise/ed3bb813b41b209c_w03.png,ed3bb813b41b209c,3,Field,Noise
train/noise/ed3bb813b41b209c_w06.png,ed3bb813b41b209c,6,Field,Noise
train/noise/ed3bb813b41b209c_w16.png,ed3bb813b41b209c,16,Field,Noise
train/noise/ed3bb813b41b209c_w17.png,ed3bb813b41b209c,17,Field,Noise
train/noise/ed3bb813b41b209c_w19.png,ed3bb813b41b209c,19,Field,Noise
train/noise/ed3bb813b41b209c_w21.png,ed3bb813b41b209c,21,Field,Noise
train/noise/ed3bb813b41b209c_w26.png,ed3bb813b41b209c,26,Field,Noise
train/noise/ed73b562df269773_w01.png,ed73b562df269773,1,Field,Noise
train/noise/ed73b562df269773_w04.png,ed73b562df269773,4,Field,Noise
train/noise/ed73b562df269773_w05.png,ed73b562df269773,5,Field,Noise
train/noise/ed73b562df269773_w10.png,ed73b562df269773,10,Field,Noise
train/noise/ed73b562df269773_w11.png,ed73b562df269773,11,Field,Noise
train/noise/ed73b562df269773_w16.png,ed73b562df269773,16,Field,Noise
train/noise/ed73b562df269773_w24.png,ed73b562df269773,24,Field,Noise
train/noise/ed73b562df269773_w27.png,ed73b562df269773,27,Field,Noise
train/noise/ed99465fa85c4cac_w00.png,ed99465fa85c4cac,0,Field,Noise
train/noise/ed99465fa85c4cac_w07.png,ed99465fa85c4cac,7,Field,Noise
train/noise/ed99465fa85c4cac_w10.png,ed99465fa85c4cac,10,Field,Noise
train/noise/ed99465fa85c4cac_w20.png,ed99465fa85c4cac,20,Field,Noise
train/noise/ed99465fa85c4cac_w21.png,ed99465fa85c4cac,21,Field,Noise
train/noise/ed99465fa85c4cac_w24.png,ed99465fa85c4cac,24,Field,Noise
train/noise/ed99465fa85c4cac_w26.png,ed99465fa85c4cac,26,Field,Noise
train/noise/ed99465fa85c4cac_w27.png,ed99465fa85c4cac,27,Field,Noise
train/noise/ee0663a1cd6db404_w03.png,ee0663a1cd6db404,3,Lab,Noise
train/noise/ee0663a1cd6db404_w06.png,ee0663a1cd6db404,6,Lab,Noise
train/noise/ee0663a1cd6db404_w11.png,ee0663a1cd6db404,11,Lab,Noise
train/noise/ee0663a1cd6db404_w12.png,ee0663a1cd6db404,12,Lab,Noise
train/noise/ee0663a1cd6db404_w14.png,ee0663a1cd6db404,14,Lab,Noise
train/noise/ee0663a1cd6db404_w15.png,ee0663a1cd6db404,15,Lab,Noise
train/noise/ee0663a1cd6db404_w21.png,ee0663a1cd6db404,21,Lab,Noise
train/noise/ee0663a1cd6db404_w27.png,ee0663a1cd6db404,27,Lab,Noise
train/noise/ee52d7985b546dba_w01.png,ee52d7985b546dba,1,Field,Noise
train/noise/ee52d7985b546dba_w02.png,ee52d7985b546dba,2,Field,Noise
train/noise/ee52d7985b546dba_w04.png,ee52d7985b546dba,4,Field,Noise
train/noise/ee52d7985b546dba_w06.png,ee52d7985b546dba,6,Field,Noise
train/noise/ee52d7985b546dba_w09.png,ee52d7985b546dba,9,Field,Noise
train/noise/ee52d7985b546dba_w17.png,ee52d7985b546dba,17,Field,Noise
train/noise/ee52d7985b546dba_w23.png,ee52d7985b546dba,23,Field,Noise
train/noise/ee52d7985b546dba_w27.png,ee52d7985b546dba,27,Field,Noise
train/noise/ee576470e71c66a1_w04.png,ee576470e71c66a1,4,Lab,Noise
train/noise/ee576470e71c66a1_w05.png,ee576470e71c66a1,5,Lab,Noise
train/noise/ee576470e71c66a1_w06.png,ee576470e71c66a1,6,Lab,Noise
train/noise/ee576470e71c66a1_w07.png,ee576470e71c66a1,7,Lab,Noise
train/noise/ee576470e71c66a1_w10.png,ee576470e71c66a1,10,Lab,Noise
train/noise/ee576470e71c66a1_w23.png,ee576470e71c66a1,23,Lab,Noise
train/noise/ee576470e71c66a1_w25.png,ee576470e71c66a1,25,Lab,Noise
train/noise/ee576470e71c66a1_w26.png,ee576470e71c66a1,26,Lab,Noise
train/noise/ee72681f80881b12_w02.png,ee72681f80881b12,2,Field,Noise
train/noise/ee72681f80881b12_w05.png,ee72681f80881b12,5,Field,Noise
train/noise/ee72681f80881b12_w08.png,ee72681f80881b12,8,Field,Noise
train/noise/ee72681f80881b12_w09.png,ee72681f80881b12,9,Field,Noise
train/noise/ee72681f80881b12_w17.png,ee72681f80881b12,17,Field,Noise
train/noise/ee72681f80881b12_w18.png,ee72681f80881b12,18,Field,Noise
train/noise/ee72681f80881b12_w20.png,ee72681f80881b12,20,Field,Noise
train/noise/ee72681f80881b12_w25.png,ee72681f80881b12,25,Field,Noise
train/noise/eef5290c4a491099_w01.png,eef5290c4a491099,1,Field,Noise
train/noise/eef5290c4a491099_w03.png,eef5290c4a491099,3,Field,Noise
train/noise/eef5290c4a491099_w04.png,eef5290c4a491099,4,Field,Noise
train/noise/eef5290c4a491099_w07.png,eef5290c4a491099,7,Field,Noise
train/noise/eef5290c4a491099_w09.png,eef5290c4a491099,9,Field,Noise
train/noise/eef5290c4a491099_w10.png,eef5290c4a491099,10,Field,Noise
train/noise/eef5290c4a491099_w14.png,eef5290c4a491099,14,Field,Noise
train/noise/eef5290c4a491099_w19.png,eef5290c4a491099,19,Field,Noise
train/noise/ef15a0ed67c0796d_w04.png,ef15a0ed67c0796d,4,Field,Noise
train/noise/ef15a0ed67c0796d_w05.png,ef15a0ed67c0796d,5,Field,Noise
train/noise/ef15a0ed67c0796d_w12.png,ef15a0ed67c0796d,12,Field,Noise
train/noise/ef15a0ed67c0796d_w14.png,ef15a0ed67c0796d,14,Field,Noise
train/noise/ef15a0ed67c0796d_w15.png,ef15a0ed67c0796d,15,Field,Noise
train/noise/ef15a0ed67c0796d_w17.png,ef15a0ed67c0796d,17,Field,Noise
train/noise/ef15a0ed67c0796d_w22.png,ef15a0ed67c0796d,22,Field,Noise
train/noise/ef15a0ed67c0796d_w24.png,ef15a0ed67c0796d,24,Field,Noise
train/noise/ef479a0392b6b31d_w01.png,ef479a0392b6b31d,1,Lab,Noise
train/noise/ef479a0392b6b31d_w06.png,ef479a0392b6b31d,6,Lab,Noise
train/noise/ef479a0392b6b31d_w09.png,ef479a0392b6b31d,9,Lab,Noise
train/noise/ef479a0392b6b31d_w12.png,ef479a0392b6b31d,12,Lab,Noise
train/noise/ef479a0392b6b31d_w13.png,ef479a0392b6b31d,13,Lab,Noise
train/noise/ef479a0392b6b31d_w16.png,ef479a0392b6b31d,16,Lab,Noise
train/noise/ef479a0392b6b31d_w17.png,ef479a0392b6b31d,17,Lab,Noise
train/noise/ef479a0392b6b31d_w24.png,ef479a0392b6b31d,24,Lab,Noise
train/noise/ef614ba84844e49f_w05.png,ef614ba84844e49f,5,Field,Noise
train/noise/ef614ba84844e49f_w10.png,ef614ba84844e49f,10,Field,Noise
train/noise/ef614ba84844e49f_w11.png,ef614ba84844e49f,11,Field,Noise
train/noise/ef614ba84844e49f_w16.png,ef614ba84844e49f,16,Field,Noise
train/noise/ef614ba84844e49f_w17.png,ef614ba84844e49f,17,Field,Noise
train/noise/ef614ba84844e49f_w18.png,ef614ba84844e49f,18,Field,Noise
train/noise/ef614ba84844e49f_w19.png,ef614ba84844e49f,19,Field,Noise
train/noise/ef614ba84844e49f_w25.png,ef614ba84844e49f,25,Field,Noise
train/noise/ef61d196db14f51a_w01.png,ef61d196db14f51a,1,Field,Noise
train/noise/ef61d196db14f51a_w06.png,ef61d196db14f51a,6,Field,Noise
train/noise/ef61d196db14f51a_w10.png,ef61d196db14f51a,10,Field,Noise
train/noise/ef61d196db14f51a_w13.png,ef61d196db14f51a,13,Field,Noise
train/noise/ef61d196db14f51a_w14.png,ef61d196db14f51a,14,Field,Noise
train/noise/ef61d196db14f51a_w17.png,ef61d196db14f51a,17,Field,Noise
train/noise/ef61d196db14f51a_w18.png,ef61d196db14f51a,18,Field,Noise
train/noise/ef61d196db14f51a_w20.png,ef61d196db14f51a,20,Field,Noise
train/noise/efdb30a402ab6bb2_w01.png,efdb30a402ab6bb2,1,Field,Noise
train/noise/efdb30a402ab6bb2_w03.png,efdb30a402ab6bb2,3,Field,Noise
train/noise/efdb30a402ab6bb2_w06.png,efdb30a402ab6bb2,6,Field,Noise
train/noise/efdb30a402ab6bb2_w10.png,efdb30a402ab6bb2,10,Field,Noise
train/noise/efdb30a402ab6bb2_w12.png,efdb30a402ab6bb2,12,Field,Noise
train/noise/efdb30a402ab6bb2_w15.png,efdb30a402ab6bb2,15,Field,Noise
train/noise/efdb30a402ab6bb2_w19.png,efdb30a402ab6bb2,19,Field,Noise
train/noise/efdb30a402ab6bb2_w20.png,efdb30a402ab6bb2,20,Field,Noise
train/noise/efdf8835b6fad8b0_w00.png,efdf8835b6fad8b0,0,Field,Noise
train/noise/efdf8835b6fad8b0_w03.png,efdf8835b6fad8b0,3,Field,Noise
train/noise/efdf8835b6fad8b0_w05.png,efdf8835b6fad8b0,5,Field,Noise
train/noise/efdf8835b6fad8b0_w07.png,efdf8835b6fad8b0,7,Field,Noise
train/noise/efdf8835b6fad8b0_w14.png,efdf8835b6fad8b0,14,Field,Noise
train/noise/efdf8835b6fad8b0_w17.png,efdf8835b6fad8b0,17,Field,Noise
train/noise/efdf8835b6fad8b0_w22.png,efdf8835b6fad8b0,22,Field,Noise
train/noise/efdf8835b6fad8b0_w23.png,efdf8835b6fad8b0,23,Field,Noise
train/noise/f08a3b0c0bc237ec_w02.png,f08a3b0c0bc237ec,2,Lab,Noise
train/noise/f08a3b0c0bc237ec_w07.png,f08a3b0c0bc237ec,7,Lab,Noise
train/noise/f08a3b0c0bc237ec_w08.png,f08a3b0c0bc237ec,8,Lab,Noise
train/noise/f08a3b0c0bc237ec_w09.png,f08a3b0c0bc237ec,9,Lab,Noise
train/noise/f08a3b0c0bc237ec_w13.png,f08a3b0c0bc237ec,13,Lab,Noise
train/noise/f08a3b0c0bc237ec_w20.png,f08a3b0c0bc237ec,20,Lab,Noise
train/noise/f08a3b0c0bc237ec_w21.png,f08a3b0c0bc237ec,21,Lab,Noise
train/noise/f08a3b0c0bc237ec_w26.png,f08a3b0c0bc237ec,26,Lab,Noise
train/noise/f096cc9f36f23e81_w00.png,f096cc9f36f23e81,0,Field,Noise
train/noise/f096cc9f36f23e81_w01.png,f096cc9f36f23e81,1,Field,Noise
train/noise/f096cc9f36f23e81_w04.png,f096cc9f36f23e81,4,Field,Noise
train/noise/f096cc9f36f23e81_w09.png,f096cc9f36f23e81,9,Field,Noise
train/noise/f096cc9f36f23e81_w12.png,f096cc9f36f23e81,12,Field,Noise
train/noise/f096cc9f36f23e81_w13.png,f096cc9f36f23e81,13,Field,Noise
train/noise/f096cc9f36f23e81_w19.png,f096cc9f36f23e81,19,Field,Noise
train/noise/f096cc9f36f23e81_w20.png,f096cc9f36f23e81,20,Field,Noise
train/noise/f0a657cd79c6dfb3_w00.png,f0a657cd79c6dfb3,0,Field,Noise
train/noise/f0a657cd79c6dfb3_w01.png,f0a657cd79c6dfb3,1,Field,Noise
train/noise/f0a657cd79c6dfb3_w02.png,f0a657cd79c6dfb3,2,Field,Noise
train/noise/f0a657cd79c6dfb3_w04.png,f0a657cd79c6dfb3,4,Field,Noise
train/noise/f0a657cd79c6dfb3_w07.png,f0a657cd79c6dfb3,7,Field,Noise
train/noise/f0a657cd79c6dfb3_w14.png,f0a657cd79c6dfb3,14,Field,Noise
train/noise/f0a657cd79c6dfb3_w16.png,f0a657cd79c6dfb3,16,Field,Noise
train/noise/f0a657cd79c6dfb3_w17.png,f0a657cd79c6dfb3,17,Field,Noise
train/noise/f0e422d432db6acf_w04.png,f0e422d432db6acf,4,Field,Noise
train/noise/f0e422d432db6acf_w05.png,f0e422d432db6acf,5,Field,Noise
train/noise/f0e422d432db6acf_w07.png,f0e422d432db6acf,7,Field,Noise
train/noise/f0e422d432db6acf_w08.png,f0e422d432db6acf,8,Field,Noise
train/noise/f0e422d432db6acf_w12.png,f0e422d432db6acf,12,Field,Noise
train/noise/f0e422d432db6acf_w13.png,f0e422d432db6acf,13,Field,Noise
train/noise/f0e422d432db6acf_w18.png,f0e422d432db6acf,18,Field,Noise
train/noise/f0e422d432db6acf_w27.png,f0e422d432db6acf,27,Field,Noise
train/noise/f0ff90efd4670b13_w00.png,f0ff90efd4670b13,0,Field,Noise
train/noise/f0ff90efd4670b13_w01.png,f0ff90efd4670b13,1,Field,Noise
train/noise/f0ff90efd4670b13_w07.png,f0ff90efd4670b13,7,Field,Noise
train/noise/f0ff90efd4670b13_w11.png,f0ff90efd4670b13,11,Field,Noise
train/noise/f0ff90efd4670b13_w12.png,f0ff90efd4670b13,12,Field,Noise
train/noise/f0ff90efd4670b13_w14.png,f0ff90efd4670b13,14,Field,Noise
train/noise/f0ff90efd4670b13_w15.png,f0ff90efd4670b13,15,Field,Noise
train/noise/f0ff90efd4670b13_w17.png,f0ff90efd4670b13,17,Field,Noise
train/noise/f12ee67939ca3d62_w00.png,f12ee67939ca3d62,0,Field,Noise
train/noise/f12ee67939ca3d62_w05.png,f12ee67939ca3d62,5,Field,Noise
train/noise/f12ee67939ca3d62_w11.png,f12ee67939ca3d62,11,Field,Noise
train/noise/f12ee67939ca3d62_w16.png,f12ee67939ca3d62,16,Field,Noise
train/noise/f12ee67939ca3d62_w18.png,f12ee67939ca3d62,18,Field,Noise
train/noise/f12ee67939ca3d62_w19.png,f12ee67939ca3d62,19,Field,Noise
train/noise/f12ee67939ca3d62_w21.png,f12ee67939ca3d62,21,Field,Noise
train/noise/f12ee67939ca3d62_w25.png,f12ee67939ca3d62,25,Field,Noise
train/noise/f1feb7a173b2b5cd_w06.png,f1feb7a173b2b5cd,6,Lab,Noise
train/noise/f1feb7a173b2b5cd_w07.png,f1feb7a173b2b5cd,7,Lab,Noise
train/noise/f1feb7a173b2b5cd_w16.png,f1feb7a173b2b5cd,16,Lab,Noise
train/noise/f1feb7a173b2b5cd_w18.png,f1feb7a173b2b5cd,18,Lab,Noise
train/noise/f1feb7a173b2b5cd_w19.png,f1feb7a173b2b5cd,19,Lab,Noise
train/noise/f1feb7a173b2b5cd_w23.png,f1feb7a173b2b5cd,23,Lab,Noise
train/noise/f1feb7a173b2b5cd_w25.png,f1feb7a173b2b5cd,25,Lab,Noise
train/noise/f1feb7a173b2b5cd_w27.png,f1feb7a173b2b5cd,27,Lab,Noise
train/noise/f242680cae8a8ed4_w04.png,f242680cae8a8ed4,4,Field,Noise
train/noise/f242680cae8a8ed4_w14.png,f242680cae8a8ed4,14,Field,Noise
train/noise/f242680cae8a8ed4_w15.png,f242680cae8a8ed4,15,Field,Noise
train/noise/f242680cae8a8ed4_w18.png,f242680cae8a8ed4,18,Field,Noise
train/noise/f242680cae8a8ed4_w19.png,f242680cae8a8ed4,19,Field,Noise
train/noise/f242680cae8a8ed4_w21.png,f242680cae8a8ed4,21,Field,Noise
train/noise/f242680cae8a8ed4_w22.png,f242680cae8a8ed4,22,Field,Noise
train/noise/f242680cae8a8ed4_w26.png,f242680cae8a8ed4,26,Field,Noise
train/noise/f24c0ccb5d60e9e6_w03.png,f24c0ccb5d60e9e6,3,Field,Noise
train/noise/f24c0ccb5d60e9e6_w06.png,f24c0ccb5d60e9e6,6,Field,Noise
train/noise/f24c0ccb5d60e9e6_w11.png,f24c0ccb5d60e9e6,11,Field,Noise
train/noise/f24c0ccb5d60e9e6_w13.png,f24c0ccb5d60e9e6,13,Field,Noise
train/noise/f24c0ccb5d60e9e6_w15.png,f24c0ccb5d60e9e6,15,Field,Noise
train/noise/f24c0ccb5d60e9e6_w23.png,f24c0ccb5d60e9e6,23,Field,Noise
train/noise/f24c0ccb5d60e9e6_w25.png,f24c0ccb5d60e9e6,25,Field,Noise
train/noise/f24c0ccb5d60e9e6_w26.png,f24c0ccb5d60e9e6,26,Field,Noise
train/noise/f26db391606dd631_w01.png,f26db391606dd631,1,Field,Noise
train/noise/f26db391606dd631_w07.png,f26db391606dd631,7,Field,Noise
train/noise/f26db391606dd631_w08.png,f26db391606dd631,8,Field,Noise
train/noise/f26db391606dd631_w09.png,f26db391606dd631,9,Field,Noise
train/noise/f26db391606dd631_w17.png,f26db391606dd631,17,Field,Noise
train/noise/f26db391606dd631_w19.png,f26db391606dd631,19,Field,Noise
train/noise/f26db391606dd631_w25.png,f26db391606dd631,25,Field,Noise
train/noise/f26db391606dd631_w27.png,f26db391606dd631,27,Field,Noise
train/noise/f28816bfedb13d1c_w10.png,f28816bfedb13d1c,10,Field,Noise
train/noise/f28816bfedb13d1c_w11.png,f28816bfedb13d1c,11,Field,Noise
train/noise/f28816bfedb13d1c_w12.png,f28816bfedb13d1c,12,Field,Noise
train/noise/f28816bfedb13d1c_w15.png,f28816bfedb13d1c,15,Field,Noise
train/noise/f28816bfedb13d1c_w17.png,f28816bfedb13d1c,17,Field,Noise
train/noise/f28816bfedb13d1c_w18.png,f28816bfedb13d1c,18,Field,Noise
train/noise/f28816bfedb13d1c_w20.png,f28816bfedb13d1c,20,Field,Noise
train/noise/f28816bfedb13d1c_w27.png,f28816bfedb13d1c,27,Field,Noise
train/noise/f291bc9f92c19288_w07.png,f291bc9f92c19288,7,Field,Noise
train/noise/f291bc9f92c19288_w12.png,f291bc9f92c19288,12,Field,Noise
train/noise/f291bc9f92c19288_w15.png,f291bc9f92c19288,15,Field,Noise
train/noise/f291bc9f92c19288_w18.png,f291bc9f92c19288,18,Field,Noise
train/noise/f291bc9f92c19288_w19.png,f291bc9f92c19288,19,Field,Noise
train/noise/f291bc9f92c19288_w20.png,f291bc9f92c19288,20,Field,Noise
train/noise/f291bc9f92c19288_w21.png,f291bc9f92c19288,21,Field,Noise
train/noise/f291bc9f92c19288_w26.png,f291bc9f92c19288,26,Field,Noise
train/noise/f2b8bf30772a3c15_w07.png,f2b8bf30772a3c15,7,Lab,Noise
train/noise/f2b8bf30772a3c15_w08.png,f2b8bf30772a3c15,8,Lab,Noise
train/noise/f2b8bf30772a3c15_w10.png,f2b8bf30772a3c15,10,Lab,Noise
train/noise/f2b8bf30772a3c15_w14.png,f2b8bf30772a3c15,14,Lab,Noise
train/noise/f2b8bf30772a3c15_w17.png,f2b8bf30772a3c15,17,Lab,Noise
train/noise/f2b8bf30772a3c15_w22.png,f2b8bf30772a3c15,22,Lab,Noise
train/noise/f2b8bf30772a3c15_w25.png,f2b8bf30772a3c15,25,Lab,Noise
train/noise/f2b8bf30772a3c15_w27.png,f2b8bf30772a3c15,27,Lab,Noise
train/noise/f2e770f70dd3735f_w10.png,f2e770f70dd3735f,10,Field,Noise
train/noise/f2e770f70dd3735f_w11.png,f2e770f70dd3735f,11,Field,Noise
train/noise/f2e770f70dd3735f_w15.png,f2e770f70dd3735f,15,Field,Noise
train/noise/f2e770f70dd3735f_w16.png,f2e770f70dd3735f,16,Field,Noise
train/noise/f2e770f70dd3735f_w18.png,f2e770f70dd3735f,18,Field,Noise
train/noise/f2e770f70dd3735f_w20.png,f2e770f70dd3735f,20,Field,Noise
train/noise/f2e770f70dd3735f_w21.png,f2e770f70dd3735f,21,Field,Noise
train/noise/f2e770f70dd3735f_w22.png,f2e770f70dd3735f,22,Field,Noise
train/noise/f30571af8d2c13cb_w02.png,f30571af8d2c13cb,2,Field,Noise
train/noise/f30571af8d2c13cb_w03.png,f30571af8d2c13cb,3,Field,Noise
train/noise/f30571af8d2c13cb_w15.png,f30571af8d2c13cb,15,Field,Noise
train/noise/f30571af8d2c13cb_w17.png,f30571af8d2c13cb,17,Field,Noise
train/noise/f30571af8d2c13cb_w18.png,f30571af8d2c13cb,18,Field,Noise
train/noise/f30571af8d2c13cb_w20.png,f30571af8d2c13cb,20,Field,Noise
train/noise/f30571af8d2c13cb_w21.png,f30571af8d2c13cb,21,Field,Noise
train/noise/f30571af8d2c13cb_w27.png,f30571af8d2c13cb,27,Field,Noise
train/noise/f32da6ad5b9080e1_w02.png,f32da6ad5b9080e1,2,Field,Noise
train/noise/f32da6ad5b9080e1_w06.png,f32da6ad5b9080e1,6,Field,Noise
train/noise/f32da6ad5b9080e1_w11.png,f32da6ad5b9080e1,11,Field,Noise
train/noise/f32da6ad5b9080e1_w12.png,f32da6ad5b9080e1,12,Field,Noise
train/noise/f32da6ad5b9080e1_w13.png,f32da6ad5b9080e1,13,Field,Noise
train/noise/f32da6ad5b9080e1_w14.png,f32da6ad5b9080e1,14,Field,Noise
train/noise/f32da6ad5b9080e1_w19.png,f32da6ad5b9080e1,19,Field,Noise
train/noise/f32da6ad5b9080e1_w20.png,f32da6ad5b9080e1,20,Field,Noise
train/noise/f376fda8b7389c01_w02.png,f376fda8b7389c01,2,Field,Noise
train/noise/f376fda8b7389c01_w11.png,f376fda8b7389c01,11,Field,Noise
train/noise/f376fda8b7389c01_w13.png,f376fda8b7389c01,13,Field,Noise
train/noise/f376fda8b7389c01_w16.png,f376fda8b7389c01,16,Field,Noise
train/noise/f376fda8b7389c01_w17.png,f376fda8b7389c01,17,Field,Noise
train/noise/f376fda8b7389c01_w18.png,f376fda8b7389c01,18,Field,Noise
train/noise/f376fda8b7389c01_w21.png,f376fda8b7389c01,21,Field,Noise
train/noise/f376fda8b7389c01_w25.png,f376fda8b7389c01,25,Field,Noise
train/noise/f38e7840ba69f43f_w08.png,f38e7840ba69f43f,8,Field,Noise
train/noise/f38e7840ba69f43f_w09.png,f38e7840ba69f43f,9,Field,Noise
train/noise/f38e7840ba69f43f_w11.png,f38e7840ba69f43f,11,Field,Noise
train/noise/f38e7840ba69f43f_w13.png,f38e7840ba69f43f,13,Field,Noise
train/noise/f38e7840ba69f43f_w18.png,f38e7840ba69f43f,18,Field,Noise
train/noise/f38e7840ba69f43f_w21.png,f38e7840ba69f43f,21,Field,Noise
train/noise/f38e7840ba69f43f_w22.png,f38e7840ba69f43f,22,Field,Noise
train/noise/f38e7840ba69f43f_w24.png,f38e7840ba69f43f,24,Field,Noise
train/noise/f3a37a5d9d270c7e_w02.png,f3a37a5d9d270c7e,2,Field,Noise
train/noise/f3a37a5d9d270c7e_w04.png,f3a37a5d9d270c7e,4,Field,Noise
train/noise/f3a37a5d9d270c7e_w10.png,f3a37a5d9d270c7e,10,Field,Noise
train/noise/f3a37a5d9d270c7e_w11.png,f3a37a5d9d270c7e,11,Field,Noise
train/noise/f3a37a5d9d270c7e_w18.png,f3a37a5d9d270c7e,18,Field,Noise
train/noise/f3a37a5d9d270c7e_w20.png,f3a37a5d9d270c7e,20,Field,Noise
train/noise/f3a37a5d9d270c7e_w24.png,f3a37a5d9d270c7e,24,Field,Noise
train/noise/f3a37a5d9d270c7e_w26.png,f3a37a5d9d270c7e,26,Field,Noise
train/noise/f3aa491a7e84fec2_w00.png,f3aa491a7e84fec2,0,Field,Noise
train/noise/f3aa491a7e84fec2_w03.png,f3aa491a7e84fec2,3,Field,Noise
train/noise/f3aa491a7e84fec2_w07.png,f3aa491a7e84fec2,7,Field,Noise
train/noise/f3aa491a7e84fec2_w09.png,f3aa491a7e84fec2,9,Field,Noise
train/noise/f3aa491a7e84fec2_w15.png,f3aa491a7e84fec2,15,Field,Noise
train/noise/f3aa491a7e84fec2_w17.png,f3aa491a7e84fec2,17,Field,Noise
train/noise/f3aa491a7e84fec2_w18.png,f3aa491a7e84fec2,18,Field,Noise
train/noise/f3aa491a7e84fec2_w25.png,f3aa491a7e84fec2,25,Field,Noise
train/noise/f3ee241b66c51f5f_w04.png,f3ee241b66c51f5f,4,Field,Noise
train/noise/f3ee241b66c51f5f_w11.png,f3ee241b66c51f5f,11,Field,Noise
train/noise/f3ee241b66c51f5f_w12.png,f3ee241b66c51f5f,12,Field,Noise
train/noise/f3ee241b66c51f5f_w16.png,f3ee241b66c51f5f,16,Field,Noise
train/noise/f3ee241b66c51f5f_w21.png,f3ee241b66c51f5f,21,Field,Noise
train/noise/f3ee241b66c51f5f_w23.png,f3ee241b66c51f5f,23,Field,Noise
train/noise/f3ee241b66c51f5f_w24.png,f3ee241b66c51f5f,24,Field,Noise
train/noise/f3ee241b66c51f5f_w25.png,f3ee241b66c51f5f,25,Field,Noise
train/noise/f425f910aac2105b_w02.png,f425f910aac2105b,2,Field,Noise
train/noise/f425f910aac2105b_w03.png,f425f910aac2105b,3,Field,Noise
train/noise/f425f910aac2105b_w08.png,f425f910aac2105b,8,Field,Noise
train/noise/f425f910aac2105b_w10.png,f425f910aac2105b,10,Field,Noise
train/noise/f425f910aac2105b_w11.png,f425f910aac2105b,11,Field,Noise
train/noise/f425f910aac2105b_w13.png,f425f910aac2105b,13,Field,Noise
train/noise/f425f910aac2105b_w14.png,f425f910aac2105b,14,Field,Noise
train/noise/f425f910aac2105b_w20.png,f425f910aac2105b,20,Field,Noise
train/noise/f429813534832f0d_w00.png,f429813534832f0d,0,Field,Noise
train/noise/f429813534832f0d_w02.png,f429813534832f0d,2,Field,Noise
train/noise/f429813534832f0d_w03.png,f429813534832f0d,3,Field,Noise
train/noise/f429813534832f0d_w10.png,f429813534832f0d,10,Field,Noise
train/noise/f429813534832f0d_w12.png,f429813534832f0d,12,Field,Noise
train/noise/f429813534832f0d_w13.png,f429813534832f0d,13,Field,Noise
train/noise/f429813534832f0d_w18.png,f429813534832f0d,18,Field,Noise
train/noise/f429813534832f0d_w22.png,f429813534832f0d,22,Field,Noise
train/noise/f47e8daf6678a080_w01.png,f47e8daf6678a080,1,Field,Noise
train/noise/f47e8daf6678a080_w04.png,f47e8daf6678a080,4,Field,Noise
train/noise/f47e8daf6678a080_w05.png,f47e8daf6678a080,5,Field,Noise
train/noise/f47e8daf6678a080_w09.png,f47e8daf6678a080,9,Field,Noise
train/noise/f47e8daf6678a080_w10.png,f47e8daf6678a080,10,Field,Noise
train/noise/f47e8daf6678a080_w15.png,f47e8daf6678a080,15,Field,Noise
train/noise/f47e8daf6678a080_w17.png,f47e8daf6678a080,17,Field,Noise
train/noise/f47e8daf6678a080_w19.png,f47e8daf6678a080,19,Field,Noise
train/noise/f47eeecc39250abf_w00.png,f47eeecc39250abf,0,Field,Noise
train/noise/f47eeecc39250abf_w02.png,f47eeecc39250abf,2,Field,Noise
train/noise/f47eeecc39250abf_w04.png,f47eeecc39250abf,4,Field,Noise
train/noise/f47eeecc39250abf_w05.png,f47eeecc39250abf,5,Field,Noise
train/noise/f47eeecc39250abf_w09.png,f47eeecc39250abf,9,Field,Noise
train/noise/f47eeecc39250abf_w17.png,f47eeecc39250abf,17,Field,Noise
train/noise/f47eeecc39250abf_w22.png,f47eeecc39250abf,22,Field,Noise
train/noise/f47eeecc39250abf_w25.png,f47eeecc39250abf,25,Field,Noise
train/noise/f4a7c56d0afc59dc_w07.png,f4a7c56d0afc59dc,7,Field,Noise
train/noise/f4a7c56d0afc59dc_w09.png,f4a7c56d0afc59dc,9,Field,Noise
train/noise/f4a7c56d0afc59dc_w11.png,f4a7c56d0afc59dc,11,Field,Noise
train/noise/f4a7c56d0afc59dc_w13.png,f4a7c56d0afc59dc,13,Field,Noise
train/noise/f4a7c56d0afc59dc_w17.png,f4a7c56d0afc59dc,17,Field,Noise
train/noise/f4a7c56d0afc59dc_w23.png,f4a7c56d0afc59dc,23,Field,Noise
train/noise/f4a7c56d0afc59dc_w24.png,f4a7c56d0afc59dc,24,Field,Noise
train/noise/f4a7c56d0afc59dc_w25.png,f4a7c56d0afc59dc,25,Field,Noise
train/noise/f60bff5382df6785_w08.png,f60bff5382df6785,8,Field,Noise
train/noise/f60bff5382df6785_w09.png,f60bff5382df6785,9,Field,Noise
train/noise/f60bff5382df6785_w11.png,f60bff5382df6785,11,Field,Noise
train/noise/f60bff5382df6785_w13.png,f60bff5382df6785,13,Field,Noise
train/noise/f60bff5382df6785_w16.png,f60bff5382df6785,16,Field,Noise
train/noise/f60bff5382df6785_w21.png,f60bff5382df6785,21,Field,Noise
train/noise/f60bff5382df6785_w24.png,f60bff5382df6785,24,Field,Noise
train/noise/f60bff5382df6785_w26.png,f60bff5382df6785,26,Field,Noise
train/noise/f640277a4906031d_w07.png,f640277a4906031d,7,Field,Noise
train/noise/f640277a4906031d_w08.png,f640277a4906031d,8,Field,Noise
train/noise/f640277a4906031d_w10.png,f640277a4906031d,10,Field,Noise
train/noise/f640277a4906031d_w12.png,f640277a4906031d,12,Field,Noise
train/noise/f640277a4906031d_w13.png,f640277a4906031d,13,Field,Noise
train/noise/f640277a4906031d_w17.png,f640277a4906031d,17,Field,Noise
train/noise/f640277a4906031d_w19.png,f640277a4906031d,19,Field,Noise
train/noise/f640277a4906031d_w24.png,f640277a4906031d,24,Field,Noise
train/noise/f7376060044fad58_w00.png,f7376060044fad58,0,Field,Noise
train/noise/f7376060044fad58_w01.png,f7376060044fad58,1,Field,Noise
train/noise/f7376060044fad58_w04.png,f7376060044fad58,4,Field,Noise
train/noise/f7376060044fad58_w10.png,f7376060044fad58,10,Field,Noise
train/noise/f7376060044fad58_w11.png,f7376060044fad58,11,Field,Noise
train/noise/f7376060044fad58_w13.png,f7376060044fad58,13,Field,Noise
train/noise/f7376060044fad58_w14.png,f7376060044fad58,14,Field,Noise
train/noise/f7376060044fad58_w26.png,f7376060044fad58,26,Field,Noise
train/noise/f7c6ae21894a2e0c_w03.png,f7c6ae21894a2e0c,3,Field,Noise
train/noise/f7c6ae21894a2e0c_w04.png,f7c6ae21894a2e0c,4,Field,Noise
train/noise/f7c6ae21894a2e0c_w08.png,f7c6ae21894a2e0c,8,Field,Noise
train/noise/f7c6ae21894a2e0c_w11.png,f7c6ae21894a2e0c,11,Field,Noise
train/noise/f7c6ae21894a2e0c_w12.png,f7c6ae21894a2e0c,12,Field,Noise
train/noise/f7c6ae21894a2e0c_w15.png,f7c6ae21894a2e0c,15,Field,Noise
train/noise/f7c6ae21894a2e0c_w23.png,f7c6ae21894a2e0c,23,Field,Noise
train/noise/f7c6ae21894a2e0c_w26.png,f7c6ae21894a2e0c,26,Field,Noise
train/noise/f7cd115baa2d0e2c_w00.png,f7cd115baa2d0e2c,0,Field,Noise
train/noise/f7cd115baa2d0e2c_w05.png,f7cd115baa2d0e2c,5,Field,Noise
train/noise/f7cd115baa2d0e2c_w07.png,f7cd115baa2d0e2c,7,Field,Noise
train/noise/f7cd115baa2d0e2c_w08.png,f7cd115baa2d0e2c,8,Field,Noise
train/noise/f7cd115baa2d0e2c_w09.png,f7cd115baa2d0e2c,9,Field,Noise
train/noise/f7cd115baa2d0e2c_w13.png,f7cd115baa2d0e2c,13,Field,Noise
train/noise/f7cd115baa2d0e2c_w15.png,f7cd115baa2d0e2c,15,Field,Noise
train/noise/f7cd115baa2d0e2c_w22.png,f7cd115baa2d0e2c,22,Field,Noise
train/noise/f83f91737d315a8f_w02.png,f83f91737d315a8f,2,Lab,Noise
train/noise/f83f91737d315a8f_w05.png,f83f91737d315a8f,5,Lab,Noise
train/noise/f83f91737d315a8f_w08.png,f83f91737d315a8f,8,Lab,Noise
train/noise/f83f91737d315a8f_w11.png,f83f91737d315a8f,11,Lab,Noise
train/noise/f83f91737d315a8f_w14.png,f83f91737d315a8f,14,Lab,Noise
train/noise/f83f91737d315a8f_w18.png,f83f91737d315a8f,18,Lab,Noise
train/noise/f83f91737d315a8f_w22.png,f83f91737d315a8f,22,Lab,Noise
train/noise/f83f91737d315a8f_w25.png,f83f91737d315a8f,25,Lab,Noise
train/noise/f8886faf6ae5e41e_w07.png,f8886faf6ae5e41e,7,Field,Noise
train/noise/f8886faf6ae5e41e_w09.png,f8886faf6ae5e41e,9,Field,Noise
train/noise/f8886faf6ae5e41e_w10.png,f8886faf6ae5e41e,10,Field,Noise
train/noise/f8886faf6ae5e41e_w15.png,f8886faf6ae5e41e,15,Field,Noise
train/noise/f8886faf6ae5e41e_w17.png,f8886faf6ae5e41e,17,Field,Noise
train/noise/f8886faf6ae5e41e_w18.png,f8886faf6ae5e41e,18,Field,Noise
train/noise/f8886faf6ae5e41e_w24.png,f8886faf6ae5e41e,24,Field,Noise
train/noise/f8886faf6ae5e41e_w25.png,f8886faf6ae5e41e,25,Field,Noise
train/noise/f8b983aa5610165b_w06.png,f8b983aa5610165b,6,Field,Noise
train/noise/f8b983aa5610165b_w08.png,f8b983aa5610165b,8,Field,Noise
train/noise/f8b983aa5610165b_w12.png,f8b983aa5610165b,12,Field,Noise
train/noise/f8b983aa5610165b_w14.png,f8b983aa5610165b,14,Field,Noise
train/noise/f8b983aa5610165b_w16.png,f8b983aa5610165b,16,Field,Noise
train/noise/f8b983aa5610165b_w23.png,f8b983aa5610165b,23,Field,Noise
train/noise/f8b983aa5610165b_w24.png,f8b983aa5610165b,24,Field,Noise
train/noise/f8b983aa5610165b_w27.png,f8b983aa5610165b,27,Field,Noise
train/noise/f9b3cb4e1c7c339b_w02.png,f9b3cb4e1c7c339b,2,Field,Noise
train/noise/f9b3cb4e1c7c339b_w03.png,f9b3cb4e1c7c339b,3,Field,Noise
train/noise/f9b3cb4e1c7c339b_w10.png,f9b3cb4e1c7c339b,10,Field,Noise
train/noise/f9b3cb4e1c7c339b_w20.png,f9b3cb4e1c7c339b,20,Field,Noise
train/noise/f9b3cb4e1c7c339b_w22.png,f9b3cb4e1c7c339b,22,Field,Noise
train/noise/f9b3cb4e1c7c339b_w23.png,f9b3cb4e1c7c339b,23,Field,Noise
train/noise/f9b3cb4e1c7c339b_w24.png,f9b3cb4e1c7c339b,24,Field,Noise
train/noise/f9b3cb4e1c7c339b_w25.png,f9b3cb4e1c7c339b,25,Field,Noise
train/noise/f9def65566de470d_w03.png,f9def65566de470d,3,Field,Noise
train/noise/f9def65566de470d_w04.png,f9def65566de470d,4,Field,Noise
train/noise/f9def65566de470d_w06.png,f9def65566de470d,6,Field,Noise
train/noise/f9def65566de470d_w10.png,f9def65566de470d,10,Field,Noise
train/noise/f9def65566de470d_w11.png,f9def65566de470d,11,Field,Noise
train/noise/f9def65566de470d_w12.png,f9def65566de470d,12,Field,Noise
train/noise/f9def65566de470d_w14.png,f9def65566de470d,14,Field,Noise
train/noise/f9def65566de470d_w20.png,f9def65566de470d,20,Field,Noise
train/noise/fa4187ce20350b9a_w00.png,fa4187ce20350b9a,0,Field,Noise
train/noise/fa4187ce20350b9a_w01.png,fa4187ce20350b9a,1,Field,Noise
train/noise/fa4187ce20350b9a_w04.png,fa4187ce20350b9a,4,Field,Noise
train/noise/fa4187ce20350b9a_w07.png,fa4187ce20350b9a,7,Field,Noise
train/noise/fa4187ce20350b9a_w14.png,fa4187ce20350b9a,14,Field,Noise
train/noise/fa4187ce20350b9a_w20.png,fa4187ce20350b9a,20,Field,Noise
train/noise/fa4187ce20350b9a_w23.png,fa4187ce20350b9a,23,Field,Noise
train/noise/fa4187ce20350b9a_w24.png,fa4187ce20350b9a,24,Field,Noise
train/noise/fab543fdb99f6ea5_w00.png,fab543fdb99f6ea5,0,Field,Noise
train/noise/fab543fdb99f6ea5_w08.png,fab543fdb99f6ea5,8,Field,Noise
train/noise/fab543fdb99f6ea5_w10.png,fab543fdb99f6ea5,10,Field,Noise
train/noise/fab543fdb99f6ea5_w12.png,fab543fdb99f6ea5,12,Field,Noise
train/noise/fab543fdb99f6ea5_w15.png,fab543fdb99f6ea5,15,Field,Noise
train/noise/fab543fdb99f6ea5_w17.png,fab543fdb99f6ea5,17,Field,Noise
train/noise/fab543fdb99f6ea5_w18.png,fab543fdb99f6ea5,18,Field,Noise
train/noise/fab543fdb99f6ea5_w20.png,fab543fdb99f6ea5,20,Field,Noise
train/noise/fb1df535efc5f218_w00.png,fb1df535efc5f218,0,Field,Noise
train/noise/fb1df535efc5f218_w06.png,fb1df535efc5f218,6,Field,Noise
train/noise/fb1df535efc5f218_w07.png,fb1df535efc5f218,7,Field,Noise
train/noise/fb1df535efc5f218_w14.png,fb1df535efc5f218,14,Field,Noise
train/noise/fb1df535efc5f218_w17.png,fb1df535efc5f218,17,Field,Noise
train/noise/fb1df535efc5f218_w21.png,fb1df535efc5f218,21,Field,Noise
train/noise/fb1df535efc5f218_w24.png,fb1df535efc5f218,24,Field,Noise
train/noise/fb1df535efc5f218_w25.png,fb1df535efc5f218,25,Field,Noise
train/noise/fb2137fc20d5b728_w05.png,fb2137fc20d5b728,5,Field,Noise
train/noise/fb2137fc20d5b728_w11.png,fb2137fc20d5b728,11,Field,Noise
train/noise/fb2137fc20d5b728_w13.png,fb2137fc20d5b728,13,Field,Noise
train/noise/fb2137fc20d5b728_w15.png,fb2137fc20d5b728,15,Field,Noise
train/noise/fb2137fc20d5b728_w16.png,fb2137fc20d5b728,16,Field,Noise
train/noise/fb2137fc20d5b728_w17.png,fb2137fc20d5b728,17,Field,Noise
train/noise/fb2137fc20d5b728_w21.png,fb2137fc20d5b728,21,Field,Noise
train/noise/fb2137fc20d5b728_w27.png,fb2137fc20d5b728,27,Field,Noise
train/noise/fb3e6f2854a974f1_w00.png,fb3e6f2854a974f1,0,Field,Noise
train/noise/fb3e6f2854a974f1_w01.png,fb3e6f2854a974f1,1,Field,Noise
train/noise/fb3e6f2854a974f1_w06.png,fb3e6f2854a974f1,6,Field,Noise
train/noise/fb3e6f2854a974f1_w07.png,fb3e6f2854a974f1,7,Field,Noise
train/noise/fb3e6f2854a974f1_w11.png,fb3e6f2854a974f1,11,Field,Noise
train/noise/fb3e6f2854a974f1_w15.png,fb3e6f2854a974f1,15,Field,Noise
train/noise/fb3e6f2854a974f1_w16.png,fb3e6f2854a974f1,16,Field,Noise
train/noise/fb3e6f2854a974f1_w17.png,fb3e6f2854a974f1,17,Field,Noise
train/noise/fc2dbfc79eb8c82d_w02.png,fc2dbfc79eb8c82d,2,Field,Noise
train/noise/fc2dbfc79eb8c82d_w07.png,fc2dbfc79eb8c82d,7,Field,Noise
train/noise/fc2dbfc79eb8c82d_w09.png,fc2dbfc79eb8c82d,9,Field,Noise
train/noise/fc2dbfc79eb8c82d_w10.png,fc2dbfc79eb8c82d,10,Field,Noise
train/noise/fc2dbfc79eb8c82d_w12.png,fc2dbfc79eb8c82d,12,Field,Noise
train/noise/fc2dbfc79eb8c82d_w14.png,fc2dbfc79eb8c82d,14,Field,Noise
train/noise/fc2dbfc79eb8c82d_w21.png,fc2dbfc79eb8c82d,21,Field,Noise
train/noise/fc2dbfc79eb8c82d_w26.png,fc2dbfc79eb8c82d,26,Field,Noise
train/noise/fc3f48a8102c18e1_w02.png,fc3f48a8102c18e1,2,Field,Noise
train/noise/fc3f48a8102c18e1_w07.png,fc3f48a8102c18e1,7,Field,Noise
train/noise/fc3f48a8102c18e1_w09.png,fc3f48a8102c18e1,9,Field,Noise
train/noise/fc3f48a8102c18e1_w10.png,fc3f48a8102c18e1,10,Field,Noise
train/noise/fc3f48a8102c18e1_w13.png,fc3f48a8102c18e1,13,Field,Noise
train/noise/fc3f48a8102c18e1_w19.png,fc3f48a8102c18e1,19,Field,Noise
train/noise/fc3f48a8102c18e1_w22.png,fc3f48a8102c18e1,22,Field,Noise
train/noise/fc3f48a8102c18e1_w24.png,fc3f48a8102c18e1,24,Field,Noise
train/noise/fc4d392f0514ce88_w03.png,fc4d392f0514ce88,3,Field,Noise
train/noise/fc4d392f0514ce88_w10.png,fc4d392f0514ce88,10,Field,Noise
train/noise/fc4d392f0514ce88_w11.png,fc4d392f0514ce88,11,Field,Noise
train/noise/fc4d392f0514ce88_w13.png,fc4d392f0514ce88,13,Field,Noise
train/noise/fc4d392f0514ce88_w16.png,fc4d392f0514ce88,16,Field,Noise
train/noise/fc4d392f0514ce88_w21.png,fc4d392f0514ce88,21,Field,Noise
train/noise/fc4d392f0514ce88_w23.png,fc4d392f0514ce88,23,Field,Noise
train/noise/fc4d392f0514ce88_w27.png,fc4d392f0514ce88,27,Field,Noise
train/noise/fc6a776cad5bcd1d_w00.png,fc6a776cad5bcd1d,0,Field,Noise
train/noise/fc6a776cad5bcd1d_w04.png,fc6a776cad5bcd1d,4,Field,Noise
train/noise/fc6a776cad5bcd1d_w07.png,fc6a776cad5bcd1d,7,Field,Noise
train/noise/fc6a776cad5bcd1d_w11.png,fc6a776cad5bcd1d,11,Field,Noise
train/noise/fc6a776cad5bcd1d_w12.png,fc6a776cad5bcd1d,12,Field,Noise
train/noise/fc6a776cad5bcd1d_w13.png,fc6a776cad5bcd1d,13,Field,Noise
train/noise/fc6a776cad5bcd1d_w14.png,fc6a776cad5bcd1d,14,Field,Noise
train/noise/fc6a776cad5bcd1d_w22.png,fc6a776cad5bcd1d,22,Field,Noise
train/noise/fc6c104a908d5c20_w05.png,fc6c104a908d5c20,5,Field,Noise
train/noise/fc6c104a908d5c20_w12.png,fc6c104a908d5c20,12,Field,Noise
train/noise/fc6c104a908d5c20_w16.png,fc6c104a908d5c20,16,Field,Noise
train/noise/fc6c104a908d5c20_w19.png,fc6c104a908d5c20,19,Field,Noise
train/noise/fc6c104a908d5c20_w20.png,fc6c104a908d5c20,20,Field,Noise
train/noise/fc6c104a908d5c20_w22.png,fc6c104a908d5c20,22,Field,Noise
train/noise/fc6c104a908d5c20_w24.png,fc6c104a908d5c20,24,Field,Noise
train/noise/fc6c104a908d5c20_w26.png,fc6c104a908d5c20,26,Field,Noise
train/noise/fc9acf20e18bf9a7_w02.png,fc9acf20e18bf9a7,2,Field,Noise
train/noise/fc9acf20e18bf9a7_w04.png,fc9acf20e18bf9a7,4,Field,Noise
train/noise/fc9acf20e18bf9a7_w10.png,fc9acf20e18bf9a7,10,Field,Noise
train/noise/fc9acf20e18bf9a7_w14.png,fc9acf20e18bf9a7,14,Field,Noise
train/noise/fc9acf20e18bf9a7_w15.png,fc9acf20e18bf9a7,15,Field,Noise
train/noise/fc9acf20e18bf9a7_w17.png,fc9acf20e18bf9a7,17,Field,Noise
train/noise/fc9acf20e18bf9a7_w20.png,fc9acf20e18bf9a7,20,Field,Noise
train/noise/fc9acf20e18bf9a7_w25.png,fc9acf20e18bf9a7,25,Field,Noise
train/noise/fcdfea32e7a88a5b_w01.png,fcdfea32e7a88a5b,1,Field,Noise
train/noise/fcdfea32e7a88a5b_w03.png,fcdfea32e7a88a5b,3,Field,Noise
train/noise/fcdfea32e7a88a5b_w07.png,fcdfea32e7a88a5b,7,Field,Noise
train/noise/fcdfea32e7a88a5b_w08.png,fcdfea32e7a88a5b,8,Field,Noise
train/noise/fcdfea32e7a88a5b_w15.png,fcdfea32e7a88a5b,15,Field,Noise
train/noise/fcdfea32e7a88a5b_w16.png,fcdfea32e7a88a5b,16,Field,Noise
train/noise/fcdfea32e7a88a5b_w20.png,fcdfea32e7a88a5b,20,Field,Noise
train/noise/fcdfea32e7a88a5b_w23.png,fcdfea32e7a88a5b,23,Field,Noise
train/noise/fd0c20927031e645_w05.png,fd0c20927031e645,5,Field,Noise
train/noise/fd0c20927031e645_w08.png,fd0c20927031e645,8,Field,Noise
train/noise/fd0c20927031e645_w10.png,fd0c20927031e645,10,Field,Noise
train/noise/fd0c20927031e645_w14.png,fd0c20927031e645,14,Field,Noise
train/noise/fd0c20927031e645_w15.png,fd0c20927031e645,15,Field,Noise
train/noise/fd0c20927031e645_w17.png,fd0c20927031e645,17,Field,Noise
train/noise/fd0c20927031e645_w18.png,fd0c20927031e645,18,Field,Noise
train/noise/fd0c20927031e645_w21.png,fd0c20927031e645,21,Field,Noise
train/noise/fd1a74bfbfb9e3c3_w06.png,fd1a74bfbfb9e3c3,6,Field,Noise
train/noise/fd1a74bfbfb9e3c3_w07.png,fd1a74bfbfb9e3c3,7,Field,Noise
train/noise/fd1a74bfbfb9e3c3_w11.png,fd1a74bfbfb9e3c3,11,Field,Noise
train/noise/fd1a74bfbfb9e3c3_w12.png,fd1a74bfbfb9e3c3,12,Field,Noise
train/noise/fd1a74bfbfb9e3c3_w17.png,fd1a74bfbfb9e3c3,17,Field,Noise
train/noise/fd1a74bfbfb9e3c3_w21.png,fd1a74bfbfb9e3c3,21,Field,Noise
train/noise/fd1a74bfbfb9e3c3_w24.png,fd1a74bfbfb9e3c3,24,Field,Noise
train/noise/fd1a74bfbfb9e3c3_w27.png,fd1a74bfbfb9e3c3,27,Field,Noise
train/noise/fdc7cbcedbea7755_w04.png,fdc7cbcedbea7755,4,Lab,Noise
train/noise/fdc7cbcedbea7755_w07.png,fdc7cbcedbea7755,7,Lab,Noise
train/noise/fdc7cbcedbea7755_w10.png,fdc7cbcedbea7755,10,Lab,Noise
train/noise/fdc7cbcedbea7755_w18.png,fdc7cbcedbea7755,18,Lab,Noise
train/noise/fdc7cbcedbea7755_w19.png,fdc7cbcedbea7755,19,Lab,Noise
train/noise/fdc7cbcedbea7755_w24.png,fdc7cbcedbea7755,24,Lab,Noise
train/noise/fdc7cbcedbea7755_w25.png,fdc7cbcedbea7755,25,Lab,Noise
train/noise/fdc7cbcedbea7755_w27.png,fdc7cbcedbea7755,27,Lab,Noise
train/noise/fddc90ee481e96d6_w00.png,fddc90ee481e96d6,0,Field,Noise
train/noise/fddc90ee481e96d6_w03.png,fddc90ee481e96d6,3,Field,Noise
train/noise/fddc90ee481e96d6_w05.png,fddc90ee481e96d6,5,Field,Noise
train/noise/fddc90ee481e96d6_w06.png,fddc90ee481e96d6,6,Field,Noise
train/noise/fddc90ee481e96d6_w20.png,fddc90ee481e96d6,20,Field,Noise
train/noise/fddc90ee481e96d6_w24.png,fddc90ee481e96d6,24,Field,Noise
train/noise/fddc90ee481e96d6_w25.png,fddc90ee481e96d6,25,Field,Noise
train/noise/fddc90ee481e96d6_w26.png,fddc90ee481e96d6,26,Field,Noise
train/noise/fddd0f72517c3278_w02.png,fddd0f72517c3278,2,Field,Noise
train/noise/fddd0f72517c3278_w03.png,fddd0f72517c3278,3,Field,Noise
train/noise/fddd0f72517c3278_w04.png,fddd0f72517c3278,4,Field,Noise
train/noise/fddd0f72517c3278_w13.png,fddd0f72517c3278,13,Field,Noise
train/noise/fddd0f72517c3278_w16.png,fddd0f72517c3278,16,Field,Noise
train/noise/fddd0f72517c3278_w18.png,fddd0f72517c3278,18,Field,Noise
train/noise/fddd0f72517c3278_w24.png,fddd0f72517c3278,24,Field,Noise
train/noise/fddd0f72517c3278_w25.png,fddd0f72517c3278,25,Field,Noise
train/noise/fe3ef3dace813e1f_w03.png,fe3ef3dace813e1f,3,Field,Noise
train/noise/fe3ef3dace813e1f_w04.png,fe3ef3dace813e1f,4,Field,Noise
train/noise/fe3ef3dace813e1f_w08.png,fe3ef3dace813e1f,8,Field,Noise
train/noise/fe3ef3dace813e1f_w10.png,fe3ef3dace813e1f,10,Field,Noise
train/noise/fe3ef3dace813e1f_w18.png,fe3ef3dace813e1f,18,Field,Noise
train/noise/fe3ef3dace813e1f_w19.png,fe3ef3dace813e1f,19,Field,Noise
train/noise/fe3ef3dace813e1f_w24.png,fe3ef3dace813e1f,24,Field,Noise
train/noise/fe3ef3dace813e1f_w27.png,fe3ef3dace813e1f,27,Field,Noise
train/noise/fea4281785ac8036_w01.png,fea4281785ac8036,1,Field,Noise
train/noise/fea4281785ac8036_w06.png,fea4281785ac8036,6,Field,Noise
train/noise/fea4281785ac8036_w13.png,fea4281785ac8036,13,Field,Noise
train/noise/fea4281785ac8036_w15.png,fea4281785ac8036,15,Field,Noise
train/noise/fea4281785ac8036_w16.png,fea4281785ac8036,16,Field,Noise
train/noise/fea4281785ac8036_w20.png,fea4281785ac8036,20,Field,Noise
train/noise/fea4281785ac8036_w21.png,fea4281785ac8036,21,Field,Noise
train/noise/fea4281785ac8036_w25.png,fea4281785ac8036,25,Field,Noise
train/noise/feb4b96a1e408c71_w00.png,feb4b96a1e408c71,0,Field,Noise
train/noise/feb4b96a1e408c71_w06.png,feb4b96a1e408c71,6,Field,Noise
train/noise/feb4b96a1e408c71_w09.png,feb4b96a1e408c71,9,Field,Noise
train/noise/feb4b96a1e408c71_w11.png,feb4b96a1e408c71,11,Field,Noise
train/noise/feb4b96a1e408c71_w15.png,feb4b96a1e408c71,15,Field,Noise
train/noise/feb4b96a1e408c71_w18.png,feb4b96a1e408c71,18,Field,Noise
train/noise/feb4b96a1e408c71_w22.png,feb4b96a1e408c71,22,Field,Noise
train/noise/feb4b96a1e408c71_w27.png,feb4b96a1e408c71,27,Field,Noise
train/noise/feb5ffaab670ae92_w00.png,feb5ffaab670ae92,0,Lab,Noise
train/noise/feb5ffaab670ae92_w03.png,feb5ffaab670ae92,3,Lab,Noise
train/noise/feb5ffaab670ae92_w08.png,feb5ffaab670ae92,8,Lab,Noise
train/noise/feb5ffaab670ae92_w11.png,feb5ffaab670ae92,11,Lab,Noise
train/noise/feb5ffaab670ae92_w13.png,feb5ffaab670ae92,13,Lab,Noise
train/noise/feb5ffaab670ae92_w14.png,feb5ffaab670ae92,14,Lab,Noise
train/noise/feb5ffaab670ae92_w16.png,feb5ffaab670ae92,16,Lab,Noise
train/noise/feb5ffaab670ae92_w26.png,feb5ffaab670ae92,26,Lab,Noise
train/noise/ff2d33d9913e6aa4_w02.png,ff2d33d9913e6aa4,2,Field,Noise
train/noise/ff2d33d9913e6aa4_w05.png,ff2d33d9913e6aa4,5,Field,Noise
train/noise/ff2d33d9913e6aa4_w06.png,ff2d33d9913e6aa4,6,Field,Noise
train/noise/ff2d33d9913e6aa4_w17.png,ff2d33d9913e6aa4,17,Field,Noise
train/noise/ff2d33d9913e6aa4_w21.png,ff2d33d9913e6aa4,21,Field,Noise
train/noise/ff2d33d9913e6aa4_w22.png,ff2d33d9913e6aa4,22,Field,Noise
train/noise/ff2d33d9913e6aa4_w23.png,ff2d33d9913e6aa4,23,Field,Noise
train/noise/ff2d33d9913e6aa4_w25.png,ff2d33d9913e6aa4,25,Field,Noise
train/noise/ff8440744f4a3262_w00.png,ff8440744f4a3262,0,Field,Noise
train/noise/ff8440744f4a3262_w03.png,ff8440744f4a3262,3,Field,Noise
train/noise/ff8440744f4a3262_w08.png,ff8440744f4a3262,8,Field,Noise
train/noise/ff8440744f4a3262_w09.png,ff8440744f4a3262,9,Field,Noise
train/noise/ff8440744f4a3262_w12.png,ff8440744f4a3262,12,Field,Noise
train/noise/ff8440744f4a3262_w14.png,ff8440744f4a3262,14,Field,Noise
train/noise/ff8440744f4a3262_w21.png,ff8440744f4a3262,21,Field,Noise
train/noise/ff8440744f4a3262_w24.png,ff8440744f4a3262,24,Field,Noise
